15:58:56 [INFO] 🚀 FL1P VPN V123 - RUSSIA-PROOF EDITION
15:58:56 [INFO]    ⏰ 2026-02-06 18:58:56 MSK
15:58:56 [INFO]    🛡️ Приоритет: ТОЛЬКО Reality серверы
15:58:56 [INFO]    🎮 GAME: Reality + Tier 1-2 + пинг <150ms
15:58:56 [INFO]    ⚡ UNIVERSAL: Reality приоритет
15:58:56 [INFO] 📂 История: 9071 записей
15:58:56 [INFO] 🌍 GeoIP OK
15:58:56 [INFO] 
══════════════════════════════════════════════════
15:58:56 [INFO] 📥 ЭТАП 1: СБОР
15:58:56 [INFO] ══════════════════════════════════════════════════
15:58:56 [INFO] 📥 Сбор конфигов...
15:58:56 [DEBUG] Starting new HTTPS connection (1): raw.githubusercontent.com:443
15:58:56 [DEBUG] Starting new HTTPS connection (1): raw.githubusercontent.com:443
15:58:56 [DEBUG] Starting new HTTPS connection (1): raw.githubusercontent.com:443
15:58:56 [DEBUG] Starting new HTTPS connection (1): raw.githubusercontent.com:443
15:58:56 [DEBUG] Starting new HTTPS connection (1): raw.githubusercontent.com:443
15:58:56 [DEBUG] Starting new HTTPS connection (1): raw.githubusercontent.com:443
15:58:56 [DEBUG] Starting new HTTPS connection (1): raw.githubusercontent.com:443
15:58:57 [DEBUG] Starting new HTTPS connection (1): raw.githubusercontent.com:443
15:58:57 [DEBUG] Starting new HTTPS connection (1): raw.githubusercontent.com:443
15:58:57 [DEBUG] Starting new HTTPS connection (1): raw.githubusercontent.com:443
15:58:57 [DEBUG] Starting new HTTPS connection (1): raw.githubusercontent.com:443
15:58:57 [DEBUG] Starting new HTTPS connection (1): raw.githubusercontent.com:443
15:58:57 [DEBUG] Starting new HTTPS connection (1): raw.githubusercontent.com:443
15:58:57 [DEBUG] Starting new HTTPS connection (1): raw.githubusercontent.com:443
15:58:57 [DEBUG] Starting new HTTPS connection (1): raw.githubusercontent.com:443
15:58:57 [DEBUG] https://raw.githubusercontent.com:443 "GET /mfuu/v2ray/master/v2ray HTTP/1.1" 200 13458
15:58:57 [DEBUG] https://raw.githubusercontent.com:443 "GET /Epodonios/v2ray-configs/main/Splitted-By-Protocol/vless.txt HTTP/1.1" 200 294270
15:58:57 [DEBUG] https://raw.githubusercontent.com:443 "GET /mahdibland/V2RayAggregator/master/Eternity HTTP/1.1" 200 11840
15:58:57 [DEBUG] Starting new HTTPS connection (1): raw.githubusercontent.com:443
15:58:57 [DEBUG] https://raw.githubusercontent.com:443 "GET /MrMohebi/xray-proxy-grabber-telegram/master/collected-proxies/row-url/all.txt HTTP/1.1" 200 18681
15:58:57 [DEBUG] https://raw.githubusercontent.com:443 "GET /peasoft/NoMoreWalls/master/list.txt HTTP/1.1" 200 11351
15:58:57 [DEBUG] https://raw.githubusercontent.com:443 "GET /Pawdroid/Free-servers/main/sub HTTP/1.1" 200 2173
15:58:57 [DEBUG] Starting new HTTPS connection (1): raw.githubusercontent.com:443
15:58:57 [DEBUG] Starting new HTTPS connection (1): raw.githubusercontent.com:443
15:58:57 [DEBUG] Starting new HTTPS connection (1): raw.githubusercontent.com:443
15:58:57 [DEBUG] https://raw.githubusercontent.com:443 "GET /soroushmirzaei/telegram-configs-collector/main/protocols/reality HTTP/1.1" 404 14
15:58:57 [DEBUG] Starting new HTTPS connection (1): raw.githubusercontent.com:443
15:58:57 [DEBUG] https://raw.githubusercontent.com:443 "GET /barry-far/V2ray-Configs/main/Splitted-By-Protocol/vless.txt HTTP/1.1" 404 14
15:58:57 [DEBUG] https://raw.githubusercontent.com:443 "GET /yebekhe/TVC/main/subscriptions/xray/vless HTTP/1.1" 404 14
15:58:57 [DEBUG] Starting new HTTPS connection (1): t.me:443
15:58:57 [DEBUG] https://raw.githubusercontent.com:443 "GET /Epodonios/v2ray-configs/main/Splitted-By-Protocol/reality.txt HTTP/1.1" 404 14
15:58:57 [DEBUG] https://raw.githubusercontent.com:443 "GET /yebekhe/TVC/main/subscriptions/xray/reality HTTP/1.1" 404 14
15:58:57 [DEBUG] https://raw.githubusercontent.com:443 "GET /Yebekhe/TelegramV2rayCollector/main/sub/normal/reality HTTP/1.1" 404 14
15:58:57 [DEBUG] Starting new HTTPS connection (1): t.me:443
15:58:57 [DEBUG] https://raw.githubusercontent.com:443 "GET /mahdibland/V2RayAggregator/master/sub/splitted/reality.txt HTTP/1.1" 404 14
15:58:57 [DEBUG] https://raw.githubusercontent.com:443 "GET /NiREvil/vless/main/sub/vless HTTP/1.1" 404 14
15:58:57 [DEBUG] https://raw.githubusercontent.com:443 "GET /lagzian/SS-Collector/main/realitiy_api.txt HTTP/1.1" 404 14
15:58:57 [DEBUG] Starting new HTTPS connection (1): t.me:443
15:58:57 [DEBUG] Starting new HTTPS connection (1): t.me:443
15:58:57 [DEBUG] Starting new HTTPS connection (1): t.me:443
15:58:57 [DEBUG] Starting new HTTPS connection (1): t.me:443
15:58:57 [DEBUG] Starting new HTTPS connection (1): t.me:443
15:58:57 [DEBUG] Starting new HTTPS connection (1): t.me:443
15:58:57 [DEBUG] Starting new HTTPS connection (1): t.me:443
15:58:58 [DEBUG] https://raw.githubusercontent.com:443 "GET /igareck/vpn-configs-for-russia/refs/heads/main/WHITE-CIDR-RU-all.txt HTTP/1.1" 200 31428
15:58:58 [DEBUG] https://raw.githubusercontent.com:443 "GET /igareck/vpn-configs-for-russia/refs/heads/main/Vless-Reality-White-Lists-Rus-Mobile-2.txt HTTP/1.1" 200 5985
15:58:58 [DEBUG]    🚫 Заблокированный SNI: cdn.yektanet.com
15:58:58 [DEBUG]    🚫 Заблокированный SNI: www.microsoft.com
15:58:58 [DEBUG] https://t.me:443 "GET /s/reality_daily HTTP/1.1" 302 20
15:58:58 [DEBUG]    🚫 Заблокированный SNI: www.microsoft.com
15:58:58 [DEBUG] https://t.me:443 "GET /s/RealityVpnChannel HTTP/1.1" 302 20
15:58:58 [DEBUG] https://t.me:443 "GET /reality_daily HTTP/1.1" 200 3657
15:58:58 [DEBUG] Starting new HTTPS connection (1): t.me:443
15:58:58 [DEBUG] Starting new HTTPS connection (1): t.me:443
15:58:58 [DEBUG]    🚫 Заблокированный SNI: www.microsoft.com
15:58:58 [DEBUG] https://t.me:443 "GET /RealityVpnChannel HTTP/1.1" 200 3661
15:58:58 [DEBUG] https://t.me:443 "GET /s/FarahVPN HTTP/1.1" 200 9775
15:58:58 [DEBUG] https://t.me:443 "GET /s/PrivateVPNs HTTP/1.1" 200 9542
15:58:58 [DEBUG] https://raw.githubusercontent.com:443 "GET /igareck/vpn-configs-for-russia/main/Vless-Reality-White-Lists-Rus-Mobile.txt HTTP/1.1" 200 6066
15:58:58 [DEBUG] https://t.me:443 "GET /s/VlessConfig HTTP/1.1" 200 9302
15:58:58 [DEBUG] Starting new HTTPS connection (1): t.me:443
15:58:58 [DEBUG] https://raw.githubusercontent.com:443 "GET /igareck/vpn-configs-for-russia/main/configs/vless.txt HTTP/1.1" 404 14
15:58:58 [DEBUG] https://raw.githubusercontent.com:443 "GET /AvenCores/goida-vpn-configs/main/configs/vless.txt HTTP/1.1" 404 14
15:58:58 [DEBUG] Starting new HTTPS connection (1): api.github.com:443
15:58:58 [DEBUG] Starting new HTTPS connection (1): api.github.com:443
15:58:58 [DEBUG] https://t.me:443 "GET /s/v2rayng_vpn HTTP/1.1" 200 15547
15:58:58 [DEBUG] https://t.me:443 "GET /s/DirectVPN HTTP/1.1" 200 9199
15:58:58 [DEBUG] Starting new HTTPS connection (1): api.github.com:443
15:58:58 [DEBUG] https://t.me:443 "GET /s/v2ray_configs_pool HTTP/1.1" 200 9521
15:58:58 [DEBUG] https://t.me:443 "GET /s/iSegaro HTTP/1.1" 200 18622
15:58:58 [DEBUG]    🚫 Заблокированный SNI: us.asbndx.com
15:58:58 [DEBUG]    🚫 Заблокированный SNI: pl.asbndx.com
15:58:58 [DEBUG]    🚫 Заблокированный SNI: de-two.asbndx.com
15:58:58 [DEBUG]    🚫 Заблокированный SNI: de-two.asbndx.com
15:58:58 [DEBUG]    🚫 Заблокированный SNI: www.microsoft.com
15:58:58 [DEBUG]    🚫 Заблокированный SNI: www.microsoft.com
15:58:58 [DEBUG]    🚫 Заблокированный SNI: www.microsoft.com
15:58:58 [DEBUG]    🚫 Заблокированный SNI: www.microsoft.com
15:58:58 [DEBUG]    🚫 Заблокированный SNI: eset.com
15:58:58 [DEBUG]    🚫 Заблокированный SNI: learn.microsoft.com
15:58:58 [DEBUG]    🚫 Заблокированный SNI: aparat.com
15:58:58 [DEBUG]    🚫 Заблокированный SNI: tr.eu-ffast.com
15:58:58 [DEBUG]    🚫 Заблокированный SNI: www.microsoft.com
15:58:58 [DEBUG]    🚫 Заблокированный SNI: www.pinterest.com
15:58:59 [DEBUG] https://t.me:443 "GET /s/ConfigsHUB HTTP/1.1" 200 8837
15:58:59 [DEBUG] https://t.me:443 "GET /s/v2ray_alpha HTTP/1.1" 200 18983
15:58:59 [DEBUG] https://api.github.com:443 "GET /repos/yebekhe/TelegramV2rayCollector/issues?state=all&per_page=10 HTTP/1.1" 404 125
15:58:59 [DEBUG] https://api.github.com:443 "GET /repos/barry-far/V2ray-Configs/issues?state=all&per_page=10 HTTP/1.1" 403 136
15:58:59 [DEBUG] https://t.me:443 "GET /s/freev2rayssr HTTP/1.1" 200 22268
15:58:59 [DEBUG] https://api.github.com:443 "GET /repos/mahdibland/V2RayAggregator/issues?state=all&per_page=10 HTTP/1.1" 200 1949
15:58:59 [INFO] 
📊 Собрано: 2794 глобальных
15:58:59 [INFO]    🛡️ Reality: 354 (хороших: 346)
15:58:59 [INFO]    🇷🇺 Whitelist: 1438
15:58:59 [INFO] 🔍 Уникальных: 1571 (267 Reality), 133 WL
15:58:59 [INFO] 
══════════════════════════════════════════════════
15:58:59 [INFO] ⚡ ЭТАП 2: TCP
15:58:59 [INFO] ══════════════════════════════════════════════════
15:58:59 [INFO]    📊 Global: 157/1571 (10%) | ✅116 ❌41
15:59:00 [INFO]    📊 Global: 314/1571 (20%) | ✅216 ❌98
15:59:01 [INFO]    📊 Global: 471/1571 (30%) | ✅277 ❌194
15:59:01 [INFO]    📊 Global: 628/1571 (40%) | ✅383 ❌245
15:59:01 [INFO]    📊 Global: 785/1571 (50%) | ✅492 ❌293
15:59:02 [INFO]    📊 Global: 942/1571 (60%) | ✅585 ❌357
15:59:02 [INFO]    📊 Global: 1099/1571 (70%) | ✅693 ❌406
15:59:03 [INFO]    📊 Global: 1256/1571 (80%) | ✅773 ❌483
15:59:03 [INFO]    📊 Global: 1413/1571 (90%) | ✅883 ❌530
15:59:07 [INFO]    📊 Global: 1570/1571 (100%) | ✅960 ❌610
15:59:19 [INFO]    📊 Whitelist: 13/133 (10%) | ✅0 ❌13
15:59:19 [INFO]    📊 Whitelist: 26/133 (20%) | ✅4 ❌22
15:59:19 [INFO]    📊 Whitelist: 39/133 (29%) | ✅16 ❌23
15:59:19 [INFO]    📊 Whitelist: 52/133 (39%) | ✅24 ❌28
15:59:19 [INFO]    📊 Whitelist: 65/133 (49%) | ✅35 ❌30
15:59:19 [INFO]    📊 Whitelist: 78/133 (59%) | ✅47 ❌31
15:59:19 [INFO]    📊 Whitelist: 91/133 (68%) | ✅60 ❌31
15:59:20 [INFO]    📊 Whitelist: 104/133 (78%) | ✅73 ❌31
15:59:20 [INFO]    📊 Whitelist: 117/133 (88%) | ✅86 ❌31
15:59:20 [INFO]    📊 Whitelist: 130/133 (98%) | ✅97 ❌33
15:59:20 [INFO] 
✅ Живых: 960 (157 Reality), 97 WL
15:59:20 [INFO] 
📊 Топ стран:
15:59:20 [INFO]    🇽🇽 XX (XX): 732 [T5]
15:59:20 [INFO]    🇳🇱 NL (Нидерланды): 49 [T3]
15:59:20 [INFO]    🇩🇪 DE (Германия): 38 [T3]
15:59:20 [INFO]    🇫🇮 FI (Финляндия): 19 [T1]
15:59:20 [INFO]    🇫🇷 FR (Франция): 15 [T4]
15:59:20 [INFO]    🇬🇧 GB (Британия): 11 [T4]
15:59:20 [INFO]    🇸🇪 SE (Швеция): 10 [T2]
15:59:20 [INFO]    🇲🇩 MD (Молдова): 9 [T5]
15:59:20 [INFO] 
══════════════════════════════════════════════════
15:59:20 [INFO] 🧪 ЭТАП 3: ГЛУБОКАЯ ПРОВЕРКА
15:59:20 [INFO] ══════════════════════════════════════════════════
15:59:20 [INFO]    К проверке: 400 (157 Reality), 80 WL
15:59:21 [DEBUG] Starting new HTTPS connection (1): www.google.com:443
15:59:21 [DEBUG] Starting new HTTPS connection (1): www.google.com:443
15:59:21 [DEBUG] Starting new HTTPS connection (1): www.google.com:443
15:59:21 [DEBUG] Starting new HTTPS connection (1): www.google.com:443
15:59:21 [DEBUG] Starting new HTTPS connection (1): www.google.com:443
15:59:21 [DEBUG] Starting new HTTPS connection (1): www.google.com:443
15:59:21 [DEBUG] Starting new HTTPS connection (1): www.google.com:443
15:59:21 [DEBUG] Starting new HTTPS connection (1): www.google.com:443
15:59:21 [DEBUG] Starting new HTTPS connection (1): www.google.com:443
15:59:22 [DEBUG] Starting new HTTPS connection (1): www.google.com:443
15:59:22 [DEBUG] Starting new HTTPS connection (1): cp.cloudflare.com:443
15:59:22 [DEBUG] https://www.google.com:443 "GET /generate_204 HTTP/1.1" 204 0
15:59:22 [DEBUG] Starting new HTTPS connection (1): cp.cloudflare.com:443
15:59:22 [DEBUG] Starting new HTTPS connection (1): www.gstatic.com:443
15:59:22 [DEBUG] https://cp.cloudflare.com:443 "GET / HTTP/1.1" 204 0
15:59:22 [DEBUG] Starting new HTTPS connection (1): www.gstatic.com:443
15:59:22 [DEBUG] https://www.google.com:443 "GET /generate_204 HTTP/1.1" 204 0
15:59:22 [DEBUG] Starting new HTTPS connection (1): cp.cloudflare.com:443
15:59:22 [DEBUG] https://www.gstatic.com:443 "GET /generate_204 HTTP/1.1" 204 0
15:59:22 [DEBUG] https://www.google.com:443 "GET /generate_204 HTTP/1.1" 204 0
15:59:22 [DEBUG] Starting new HTTPS connection (1): cp.cloudflare.com:443
15:59:22 [DEBUG] Starting new HTTPS connection (1): dl.google.com:443
15:59:22 [DEBUG] https://www.google.com:443 "GET /generate_204 HTTP/1.1" 204 0
15:59:22 [DEBUG] Starting new HTTPS connection (1): cp.cloudflare.com:443
15:59:22 [DEBUG] https://dl.google.com:443 "GET /dl/android/studio/install/3.4.1.0/android-studio-ide-183.5522156-windows.exe HTTP/1.1" 200 1017327996
15:59:22 [DEBUG] https://cp.cloudflare.com:443 "GET / HTTP/1.1" 204 0
15:59:22 [DEBUG] Starting new HTTPS connection (1): www.gstatic.com:443
15:59:22 [INFO]    🎯 144.31.94.99 (Швейцария) - 71.4Mbps, 61ms UDP✅ Reality [google.com]
15:59:22 [DEBUG] https://www.gstatic.com:443 "GET /generate_204 HTTP/1.1" 204 0
15:59:22 [DEBUG] https://www.google.com:443 "GET /generate_204 HTTP/1.1" 204 0
15:59:22 [DEBUG] Starting new HTTPS connection (1): cp.cloudflare.com:443
15:59:22 [DEBUG] https://cp.cloudflare.com:443 "GET / HTTP/1.1" 204 0
15:59:22 [DEBUG] Starting new HTTPS connection (1): www.gstatic.com:443
15:59:22 [DEBUG] Starting new HTTPS connection (1): dl.google.com:443
15:59:22 [DEBUG] https://cp.cloudflare.com:443 "GET / HTTP/1.1" 204 0
15:59:22 [DEBUG] Starting new HTTPS connection (1): www.gstatic.com:443
15:59:22 [DEBUG] https://dl.google.com:443 "GET /dl/android/studio/install/3.4.1.0/android-studio-ide-183.5522156-windows.exe HTTP/1.1" 200 1017327996
15:59:22 [DEBUG] https://www.gstatic.com:443 "GET /generate_204 HTTP/1.1" 204 0
15:59:22 [DEBUG] https://www.gstatic.com:443 "GET /generate_204 HTTP/1.1" 204 0
15:59:22 [DEBUG] https://cp.cloudflare.com:443 "GET / HTTP/1.1" 204 0
15:59:22 [DEBUG] Starting new HTTPS connection (1): www.gstatic.com:443
15:59:22 [INFO]    🎯 144.31.2.86 (Польша) - 35.3Mbps, 174ms UDP✅ Reality [google.com]
15:59:22 [DEBUG] Starting new HTTPS connection (1): dl.google.com:443
15:59:23 [DEBUG] Starting new HTTPS connection (1): dl.google.com:443
15:59:23 [DEBUG] https://dl.google.com:443 "GET /dl/android/studio/install/3.4.1.0/android-studio-ide-183.5522156-windows.exe HTTP/1.1" 404 1449
15:59:23 [INFO]    🎯 46.62.128.207 (Финляндия) - 0.0Mbps, 281ms UDP✅ Reality [www.cloudflare.com]
15:59:23 [DEBUG] Starting new HTTPS connection (1): www.google.com:443
15:59:23 [DEBUG] https://www.gstatic.com:443 "GET /generate_204 HTTP/1.1" 204 0
15:59:23 [DEBUG] Starting new HTTPS connection (1): www.google.com:443
15:59:23 [DEBUG] Starting new HTTPS connection (1): cp.cloudflare.com:443
15:59:23 [DEBUG] Starting new HTTPS connection (1): www.gstatic.com:443
15:59:23 [DEBUG] https://dl.google.com:443 "GET /dl/android/studio/install/3.4.1.0/android-studio-ide-183.5522156-windows.exe HTTP/1.1" 200 1017327996
15:59:23 [DEBUG] Starting new HTTPS connection (1): dl.google.com:443
15:59:24 [INFO]    🎯 45.43.79.73 (Латвия) - 13.9Mbps, 296ms UDP✅ Reality [google.com]
15:59:24 [DEBUG] Starting new HTTPS connection (1): www.google.com:443
15:59:24 [DEBUG] Starting new HTTPS connection (1): cp.cloudflare.com:443
15:59:24 [DEBUG] Starting new HTTPS connection (1): www.google.com:443
15:59:24 [DEBUG] https://dl.google.com:443 "GET /dl/android/studio/install/3.4.1.0/android-studio-ide-183.5522156-windows.exe HTTP/1.1" 404 1449
15:59:24 [INFO]    🎯 2.56.125.209 (Польша) - 0.0Mbps, 483ms UDP✅ Reality [yahoo.com]
15:59:24 [DEBUG] Starting new HTTPS connection (1): cp.cloudflare.com:443
15:59:25 [DEBUG] Starting new HTTPS connection (1): www.google.com:443
15:59:25 [DEBUG] Starting new HTTPS connection (1): cp.cloudflare.com:443
15:59:25 [DEBUG] Starting new HTTPS connection (1): www.google.com:443
15:59:25 [DEBUG] https://www.google.com:443 "GET /generate_204 HTTP/1.1" 204 0
15:59:25 [DEBUG] Starting new HTTPS connection (1): cp.cloudflare.com:443
15:59:25 [DEBUG] Starting new HTTPS connection (1): www.gstatic.com:443
15:59:25 [DEBUG] Starting new HTTPS connection (1): www.gstatic.com:443
15:59:25 [DEBUG] Starting new HTTPS connection (1): www.google.com:443
15:59:25 [DEBUG] https://www.google.com:443 "GET /generate_204 HTTP/1.1" 204 0
15:59:25 [DEBUG] Starting new HTTPS connection (1): cp.cloudflare.com:443
15:59:25 [DEBUG] https://cp.cloudflare.com:443 "GET / HTTP/1.1" 204 0
15:59:25 [DEBUG] Starting new HTTPS connection (1): www.gstatic.com:443
15:59:26 [DEBUG] https://www.gstatic.com:443 "GET /generate_204 HTTP/1.1" 204 0
15:59:26 [DEBUG] https://cp.cloudflare.com:443 "GET / HTTP/1.1" 204 0
15:59:26 [DEBUG] Starting new HTTPS connection (1): www.gstatic.com:443
15:59:26 [DEBUG] Starting new HTTPS connection (1): dl.google.com:443
15:59:26 [DEBUG] https://dl.google.com:443 "GET /dl/android/studio/install/3.4.1.0/android-studio-ide-183.5522156-windows.exe HTTP/1.1" 200 1017327996
15:59:26 [INFO]    🎯 91.84.109.124 (Нидерланды) - 40.8Mbps, 153ms UDP✅ Reality [apple.com]
15:59:26 [DEBUG] https://www.gstatic.com:443 "GET /generate_204 HTTP/1.1" 204 0
15:59:26 [DEBUG] Starting new HTTPS connection (1): dl.google.com:443
15:59:26 [DEBUG] Starting new HTTPS connection (1): www.gstatic.com:443
15:59:26 [DEBUG] Starting new HTTPS connection (1): cp.cloudflare.com:443
15:59:27 [DEBUG] https://dl.google.com:443 "GET /dl/android/studio/install/3.4.1.0/android-studio-ide-183.5522156-windows.exe HTTP/1.1" 200 1017327996
15:59:27 [DEBUG] Starting new HTTPS connection (1): cp.cloudflare.com:443
15:59:27 [DEBUG] Starting new HTTPS connection (1): www.google.com:443
15:59:27 [DEBUG] Starting new HTTPS connection (1): cp.cloudflare.com:443
15:59:27 [DEBUG] https://www.google.com:443 "GET /generate_204 HTTP/1.1" 204 0
15:59:27 [DEBUG] Starting new HTTPS connection (1): cp.cloudflare.com:443
15:59:27 [DEBUG] Starting new HTTPS connection (1): cp.cloudflare.com:443
15:59:27 [DEBUG] https://cp.cloudflare.com:443 "GET / HTTP/1.1" 204 0
15:59:27 [DEBUG] Starting new HTTPS connection (1): www.gstatic.com:443
15:59:27 [DEBUG] Starting new HTTPS connection (1): www.google.com:443
15:59:27 [INFO]    🎯 94.228.215.11 (Нидерланды) - 17.5Mbps, 778ms UDP✅ Reality [hls-svod.itunes.appl]
15:59:27 [DEBUG] https://www.gstatic.com:443 "GET /generate_204 HTTP/1.1" 204 0
15:59:27 [DEBUG] https://www.google.com:443 "GET /generate_204 HTTP/1.1" 204 0
15:59:27 [DEBUG] Starting new HTTPS connection (1): cp.cloudflare.com:443
15:59:27 [DEBUG] Starting new HTTPS connection (1): www.google.com:443
15:59:27 [DEBUG] Starting new HTTPS connection (1): dl.google.com:443
15:59:27 [DEBUG] https://cp.cloudflare.com:443 "GET / HTTP/1.1" 204 0
15:59:27 [DEBUG] Starting new HTTPS connection (1): www.gstatic.com:443
15:59:27 [DEBUG] https://dl.google.com:443 "GET /dl/android/studio/install/3.4.1.0/android-studio-ide-183.5522156-windows.exe HTTP/1.1" 200 1017327996
15:59:27 [DEBUG] https://www.gstatic.com:443 "GET /generate_204 HTTP/1.1" 204 0
15:59:28 [DEBUG] Starting new HTTPS connection (1): dl.google.com:443
15:59:28 [INFO]    🎯 91.84.109.130 (Нидерланды) - 35.8Mbps, 177ms UDP✅ Reality [apple.com]
15:59:28 [DEBUG] Starting new HTTPS connection (1): cp.cloudflare.com:443
15:59:28 [DEBUG] https://dl.google.com:443 "GET /dl/android/studio/install/3.4.1.0/android-studio-ide-183.5522156-windows.exe HTTP/1.1" 200 1017327996
15:59:28 [DEBUG] Starting new HTTPS connection (1): www.google.com:443
15:59:28 [INFO]    🎯 89.110.80.96 (Нидерланды) - 18.9Mbps, 165ms UDP✅ Reality [github.com]
15:59:29 [DEBUG] Starting new HTTPS connection (1): www.gstatic.com:443
15:59:29 [DEBUG] Starting new HTTPS connection (1): www.google.com:443
15:59:29 [DEBUG] https://www.google.com:443 "GET /generate_204 HTTP/1.1" 204 0
15:59:29 [DEBUG] Starting new HTTPS connection (1): cp.cloudflare.com:443
15:59:29 [DEBUG] Starting new HTTPS connection (1): www.gstatic.com:443
15:59:29 [DEBUG] https://cp.cloudflare.com:443 "GET / HTTP/1.1" 204 0
15:59:29 [DEBUG] Starting new HTTPS connection (1): www.gstatic.com:443
15:59:29 [DEBUG] Starting new HTTPS connection (1): www.google.com:443
15:59:30 [DEBUG] Starting new HTTPS connection (1): www.google.com:443
15:59:30 [DEBUG] https://www.google.com:443 "GET /generate_204 HTTP/1.1" 204 0
15:59:30 [DEBUG] Starting new HTTPS connection (1): cp.cloudflare.com:443
15:59:31 [DEBUG] https://www.gstatic.com:443 "GET /generate_204 HTTP/1.1" 204 0
15:59:31 [DEBUG] Starting new HTTPS connection (1): www.gstatic.com:443
15:59:32 [DEBUG] Starting new HTTPS connection (1): www.gstatic.com:443
15:59:32 [DEBUG] Starting new HTTPS connection (1): cp.cloudflare.com:443
15:59:32 [DEBUG] https://cp.cloudflare.com:443 "GET / HTTP/1.1" 204 0
15:59:32 [DEBUG] Starting new HTTPS connection (1): www.gstatic.com:443
15:59:32 [DEBUG] Starting new HTTPS connection (1): www.google.com:443
15:59:32 [DEBUG] Starting new HTTPS connection (1): cp.cloudflare.com:443
15:59:33 [DEBUG] Starting new HTTPS connection (1): www.google.com:443
15:59:33 [DEBUG] https://www.google.com:443 "GET /generate_204 HTTP/1.1" 204 0
15:59:33 [DEBUG] Starting new HTTPS connection (1): cp.cloudflare.com:443
15:59:33 [DEBUG] https://www.gstatic.com:443 "GET /generate_204 HTTP/1.1" 204 0
15:59:33 [DEBUG] Starting new HTTPS connection (1): dl.google.com:443
15:59:33 [DEBUG] https://dl.google.com:443 "GET /dl/android/studio/install/3.4.1.0/android-studio-ide-183.5522156-windows.exe HTTP/1.1" 200 1017327996
15:59:33 [INFO]    🎯 144.31.94.36 (Британия) - 69.6Mbps, 1419ms UDP✅ Reality [google.com]
15:59:33 [DEBUG] https://www.google.com:443 "GET /generate_204 HTTP/1.1" 204 0
15:59:33 [DEBUG] Starting new HTTPS connection (1): cp.cloudflare.com:443
15:59:34 [DEBUG] https://cp.cloudflare.com:443 "GET / HTTP/1.1" 204 0
15:59:34 [DEBUG] Starting new HTTPS connection (1): www.gstatic.com:443
15:59:34 [DEBUG] Starting new HTTPS connection (1): www.gstatic.com:443
15:59:34 [DEBUG] https://cp.cloudflare.com:443 "GET / HTTP/1.1" 204 0
15:59:34 [DEBUG] Starting new HTTPS connection (1): www.gstatic.com:443
15:59:34 [DEBUG] Starting new HTTPS connection (1): cp.cloudflare.com:443
15:59:34 [DEBUG] Starting new HTTPS connection (1): www.google.com:443
15:59:34 [DEBUG] https://www.gstatic.com:443 "GET /generate_204 HTTP/1.1" 204 0
15:59:35 [DEBUG] Starting new HTTPS connection (1): dl.google.com:443
15:59:35 [DEBUG] https://dl.google.com:443 "GET /dl/android/studio/install/3.4.1.0/android-studio-ide-183.5522156-windows.exe HTTP/1.1" 404 1449
15:59:35 [INFO]    🎯 45.12.143.191 (Турция) - 0.0Mbps, 614ms UDP✅ Reality [yahoo.com]
15:59:36 [DEBUG] https://www.gstatic.com:443 "GET /generate_204 HTTP/1.1" 204 0
15:59:36 [DEBUG] https://cp.cloudflare.com:443 "GET / HTTP/1.1" 204 0
15:59:36 [DEBUG] Starting new HTTPS connection (1): www.gstatic.com:443
15:59:37 [DEBUG] Starting new HTTPS connection (1): www.google.com:443
15:59:37 [DEBUG] Starting new HTTPS connection (1): www.gstatic.com:443
15:59:37 [DEBUG] Starting new HTTPS connection (1): www.gstatic.com:443
15:59:37 [DEBUG] Starting new HTTPS connection (1): www.google.com:443
15:59:37 [DEBUG] Starting new HTTPS connection (1): cp.cloudflare.com:443
15:59:37 [DEBUG] Starting new HTTPS connection (1): www.gstatic.com:443
15:59:38 [DEBUG] Starting new HTTPS connection (1): www.google.com:443
15:59:38 [DEBUG] Starting new HTTPS connection (1): www.google.com:443
15:59:38 [DEBUG] Starting new HTTPS connection (1): cp.cloudflare.com:443
15:59:38 [DEBUG] Starting new HTTPS connection (1): www.google.com:443
15:59:38 [DEBUG] Starting new HTTPS connection (1): cp.cloudflare.com:443
15:59:38 [DEBUG] Starting new HTTPS connection (1): www.gstatic.com:443
15:59:38 [DEBUG] Starting new HTTPS connection (1): www.gstatic.com:443
15:59:38 [DEBUG] Starting new HTTPS connection (1): cp.cloudflare.com:443
15:59:39 [DEBUG] Starting new HTTPS connection (1): www.google.com:443
15:59:39 [DEBUG] Starting new HTTPS connection (1): www.gstatic.com:443
15:59:39 [DEBUG] https://www.google.com:443 "GET /generate_204 HTTP/1.1" 204 0
15:59:39 [DEBUG] Starting new HTTPS connection (1): cp.cloudflare.com:443
15:59:39 [DEBUG] https://www.gstatic.com:443 "GET /generate_204 HTTP/1.1" 204 0
15:59:39 [DEBUG] Starting new HTTPS connection (1): dl.google.com:443
15:59:39 [DEBUG] https://cp.cloudflare.com:443 "GET / HTTP/1.1" 204 0
15:59:39 [DEBUG] Starting new HTTPS connection (1): www.gstatic.com:443
15:59:39 [DEBUG] https://www.gstatic.com:443 "GET /generate_204 HTTP/1.1" 204 0
15:59:39 [DEBUG] Starting new HTTPS connection (1): dl.google.com:443
15:59:39 [DEBUG] Starting new HTTPS connection (1): cp.cloudflare.com:443
15:59:40 [DEBUG] https://dl.google.com:443 "GET /dl/android/studio/install/3.4.1.0/android-studio-ide-183.5522156-windows.exe HTTP/1.1" 200 1017327996
15:59:40 [DEBUG] Starting new HTTPS connection (1): www.google.com:443
15:59:40 [DEBUG] Starting new HTTPS connection (1): www.google.com:443
15:59:40 [DEBUG] Starting new HTTPS connection (1): cp.cloudflare.com:443
15:59:40 [DEBUG] Starting new HTTPS connection (1): www.gstatic.com:443
15:59:40 [INFO]    🎯 nl04-vlr01.tcp-reset-club.net (XX) - 21.9Mbps, 206ms UDP✅ Reality [hls-svod.itunes.appl]
15:59:40 [DEBUG] Starting new HTTPS connection (1): cp.cloudflare.com:443
15:59:40 [DEBUG] Starting new HTTPS connection (1): www.gstatic.com:443
15:59:40 [DEBUG] Starting new HTTPS connection (1): www.google.com:443
15:59:40 [DEBUG] Starting new HTTPS connection (1): www.google.com:443
15:59:41 [DEBUG] Starting new HTTPS connection (1): dl.google.com:443
15:59:41 [DEBUG] Starting new HTTPS connection (1): www.google.com:443
15:59:41 [DEBUG] Starting new HTTPS connection (1): www.google.com:443
15:59:41 [DEBUG] Starting new HTTPS connection (1): cp.cloudflare.com:443
15:59:41 [DEBUG] https://www.google.com:443 "GET /generate_204 HTTP/1.1" 204 0
15:59:41 [DEBUG] Starting new HTTPS connection (1): cp.cloudflare.com:443
15:59:41 [DEBUG] Starting new HTTPS connection (1): cp.cloudflare.com:443
15:59:42 [DEBUG] Starting new HTTPS connection (1): www.gstatic.com:443
15:59:42 [DEBUG] https://cp.cloudflare.com:443 "GET / HTTP/1.1" 204 0
15:59:42 [DEBUG] Starting new HTTPS connection (1): www.gstatic.com:443
15:59:42 [DEBUG] Starting new HTTPS connection (1): www.google.com:443
15:59:42 [DEBUG] https://www.gstatic.com:443 "GET /generate_204 HTTP/1.1" 204 0
15:59:42 [DEBUG] Starting new HTTPS connection (1): dl.google.com:443
15:59:43 [DEBUG] https://dl.google.com:443 "GET /dl/android/studio/install/3.4.1.0/android-studio-ide-183.5522156-windows.exe HTTP/1.1" 200 1017327996
15:59:43 [INFO]    🎯 nl01-gmn02-vlr01.tcp-reset-club.net (XX) - 17.9Mbps, 599ms UDP✅ Reality [hls-svod.itunes.appl]
15:59:43 [DEBUG] Starting new HTTPS connection (1): www.google.com:443
15:59:43 [DEBUG] https://www.google.com:443 "GET /generate_204 HTTP/1.1" 204 0
15:59:43 [DEBUG] Starting new HTTPS connection (1): cp.cloudflare.com:443
15:59:43 [DEBUG] https://dl.google.com:443 "GET /dl/android/studio/install/3.4.1.0/android-studio-ide-183.5522156-windows.exe HTTP/1.1" 200 1017327996
15:59:43 [DEBUG] Starting new HTTPS connection (1): cp.cloudflare.com:443
15:59:43 [DEBUG] Starting new HTTPS connection (1): www.google.com:443
15:59:43 [DEBUG] Starting new HTTPS connection (1): cp.cloudflare.com:443
15:59:44 [DEBUG] Starting new HTTPS connection (1): www.gstatic.com:443
15:59:44 [DEBUG] Starting new HTTPS connection (1): cp.cloudflare.com:443
15:59:44 [DEBUG] Starting new HTTPS connection (1): www.google.com:443
15:59:44 [DEBUG] Starting new HTTPS connection (1): www.gstatic.com:443
15:59:44 [DEBUG] Starting new HTTPS connection (1): www.gstatic.com:443
15:59:44 [DEBUG] https://dl.google.com:443 "GET /dl/android/studio/install/3.4.1.0/android-studio-ide-183.5522156-windows.exe HTTP/1.1" 404 1449
15:59:44 [INFO]    🎯 140.238.100.35 (Британия) - 0.0Mbps, 3016ms UDP✅ Reality [yahoo.com]
15:59:45 [DEBUG] Starting new HTTPS connection (1): www.google.com:443
15:59:45 [DEBUG] https://www.google.com:443 "GET /generate_204 HTTP/1.1" 204 0
15:59:45 [DEBUG] Starting new HTTPS connection (1): cp.cloudflare.com:443
15:59:45 [DEBUG] Starting new HTTPS connection (1): cp.cloudflare.com:443
15:59:45 [DEBUG] Starting new HTTPS connection (1): www.gstatic.com:443
15:59:46 [DEBUG] Starting new HTTPS connection (1): www.gstatic.com:443
15:59:46 [DEBUG] Starting new HTTPS connection (1): www.google.com:443
15:59:46 [DEBUG] https://cp.cloudflare.com:443 "GET / HTTP/1.1" 204 0
15:59:46 [DEBUG] Starting new HTTPS connection (1): www.gstatic.com:443
15:59:46 [DEBUG] Starting new HTTPS connection (1): www.gstatic.com:443
15:59:46 [DEBUG] Starting new HTTPS connection (1): www.google.com:443
15:59:47 [DEBUG] https://www.gstatic.com:443 "GET /generate_204 HTTP/1.1" 204 0
15:59:47 [DEBUG] Starting new HTTPS connection (1): cp.cloudflare.com:443
15:59:47 [DEBUG] Starting new HTTPS connection (1): cp.cloudflare.com:443
15:59:47 [DEBUG] Starting new HTTPS connection (1): www.gstatic.com:443
15:59:47 [DEBUG] Starting new HTTPS connection (1): dl.google.com:443
15:59:47 [DEBUG] https://cp.cloudflare.com:443 "GET / HTTP/1.1" 204 0
15:59:47 [DEBUG] Starting new HTTPS connection (1): www.gstatic.com:443
15:59:48 [DEBUG] https://dl.google.com:443 "GET /dl/android/studio/install/3.4.1.0/android-studio-ide-183.5522156-windows.exe HTTP/1.1" 200 1017327996
15:59:48 [DEBUG] Starting new HTTPS connection (1): www.google.com:443
15:59:49 [INFO]    🎯 fl-2.bot-iphone.ru (XX) - 7.8Mbps, 788ms UDP✅ Reality [www.samsung.com]
15:59:49 [DEBUG] Starting new HTTPS connection (1): www.google.com:443
15:59:49 [DEBUG] https://www.gstatic.com:443 "GET /generate_204 HTTP/1.1" 204 0
15:59:49 [INFO]    📊 Global: 40/400 (10%) | ✅15 ❌25
15:59:50 [DEBUG] Starting new HTTPS connection (1): www.google.com:443
15:59:50 [DEBUG] Starting new HTTPS connection (1): cp.cloudflare.com:443
15:59:50 [DEBUG] Starting new HTTPS connection (1): www.google.com:443
15:59:51 [DEBUG] https://www.google.com:443 "GET /generate_204 HTTP/1.1" 204 0
15:59:51 [DEBUG] Starting new HTTPS connection (1): cp.cloudflare.com:443
15:59:51 [DEBUG] Starting new HTTPS connection (1): www.google.com:443
15:59:51 [DEBUG] Starting new HTTPS connection (1): cp.cloudflare.com:443
15:59:51 [DEBUG] Starting new HTTPS connection (1): www.google.com:443
15:59:51 [DEBUG] https://cp.cloudflare.com:443 "GET / HTTP/1.1" 204 0
15:59:51 [DEBUG] Starting new HTTPS connection (1): www.gstatic.com:443
15:59:51 [DEBUG] Starting new HTTPS connection (1): cp.cloudflare.com:443
15:59:52 [DEBUG] https://www.gstatic.com:443 "GET /generate_204 HTTP/1.1" 204 0
15:59:52 [DEBUG] Starting new HTTPS connection (1): www.gstatic.com:443
15:59:52 [DEBUG] Starting new HTTPS connection (1): dl.google.com:443
15:59:52 [DEBUG] https://cp.cloudflare.com:443 "GET / HTTP/1.1" 204 0
15:59:52 [DEBUG] Starting new HTTPS connection (1): www.gstatic.com:443
15:59:52 [DEBUG] https://dl.google.com:443 "GET /dl/android/studio/install/3.4.1.0/android-studio-ide-183.5522156-windows.exe HTTP/1.1" 200 1017327996
15:59:52 [DEBUG] Starting new HTTPS connection (1): dl.google.com:443
15:59:52 [INFO]    🎯 swe01-vlr01.tcp-reset-club.net (XX) - 20.4Mbps, 347ms UDP✅ Reality [hls-svod.itunes.appl]
15:59:53 [DEBUG] Starting new HTTPS connection (1): www.gstatic.com:443
15:59:53 [DEBUG] Starting new HTTPS connection (1): cp.cloudflare.com:443
15:59:53 [DEBUG] https://dl.google.com:443 "GET /dl/android/studio/install/3.4.1.0/android-studio-ide-183.5522156-windows.exe HTTP/1.1" 200 1017327996
15:59:53 [INFO]    🎯 ak2.vpnfreedom.tech (XX) - 15.7Mbps, 2962ms UDP❌ Reality [google.com]
15:59:53 [DEBUG] Starting new HTTPS connection (1): www.google.com:443
15:59:53 [DEBUG] Starting new HTTPS connection (1): www.google.com:443
15:59:54 [DEBUG] Starting new HTTPS connection (1): cp.cloudflare.com:443
15:59:54 [DEBUG] Starting new HTTPS connection (1): cp.cloudflare.com:443
15:59:54 [DEBUG] Starting new HTTPS connection (1): www.google.com:443
15:59:54 [DEBUG] Starting new HTTPS connection (1): cp.cloudflare.com:443
15:59:55 [DEBUG] https://cp.cloudflare.com:443 "GET / HTTP/1.1" 204 0
15:59:55 [DEBUG] Starting new HTTPS connection (1): www.gstatic.com:443
15:59:55 [INFO]    🎯 91.84.102.30 (Нидерланды) - 0.8Mbps, 2595ms UDP❌ Reality [apple.com]
15:59:56 [DEBUG] https://www.google.com:443 "GET /generate_204 HTTP/1.1" 204 0
15:59:56 [DEBUG] Starting new HTTPS connection (1): cp.cloudflare.com:443
15:59:56 [DEBUG] Starting new HTTPS connection (1): www.gstatic.com:443
15:59:56 [DEBUG] Starting new HTTPS connection (1): www.google.com:443
15:59:56 [DEBUG] Starting new HTTPS connection (1): cp.cloudflare.com:443
15:59:56 [DEBUG] https://cp.cloudflare.com:443 "GET / HTTP/1.1" 204 0
15:59:56 [DEBUG] Starting new HTTPS connection (1): www.gstatic.com:443
15:59:56 [DEBUG] Starting new HTTPS connection (1): www.google.com:443
15:59:57 [DEBUG] https://cp.cloudflare.com:443 "GET / HTTP/1.1" 204 0
15:59:57 [DEBUG] Starting new HTTPS connection (1): www.gstatic.com:443
15:59:58 [DEBUG] Starting new HTTPS connection (1): www.gstatic.com:443
15:59:58 [DEBUG] https://www.gstatic.com:443 "GET /generate_204 HTTP/1.1" 204 0
15:59:58 [DEBUG] Starting new HTTPS connection (1): www.google.com:443
15:59:58 [DEBUG] https://www.google.com:443 "GET /generate_204 HTTP/1.1" 204 0
15:59:58 [DEBUG] Starting new HTTPS connection (1): cp.cloudflare.com:443
15:59:58 [DEBUG] Starting new HTTPS connection (1): dl.google.com:443
15:59:59 [DEBUG] https://www.google.com:443 "GET /generate_204 HTTP/1.1" 204 0
15:59:59 [DEBUG] Starting new HTTPS connection (1): cp.cloudflare.com:443
15:59:59 [DEBUG] https://www.gstatic.com:443 "GET /generate_204 HTTP/1.1" 204 0
15:59:59 [DEBUG] Starting new HTTPS connection (1): www.gstatic.com:443
15:59:59 [DEBUG] https://www.google.com:443 "GET /generate_204 HTTP/1.1" 204 0
15:59:59 [DEBUG] Starting new HTTPS connection (1): cp.cloudflare.com:443
15:59:59 [DEBUG] Starting new HTTPS connection (1): www.gstatic.com:443
15:59:59 [DEBUG] https://cp.cloudflare.com:443 "GET / HTTP/1.1" 204 0
15:59:59 [DEBUG] Starting new HTTPS connection (1): www.gstatic.com:443
15:59:59 [DEBUG] https://cp.cloudflare.com:443 "GET / HTTP/1.1" 204 0
15:59:59 [DEBUG] Starting new HTTPS connection (1): www.gstatic.com:443
16:00:00 [DEBUG] https://cp.cloudflare.com:443 "GET / HTTP/1.1" 204 0
16:00:00 [DEBUG] Starting new HTTPS connection (1): www.gstatic.com:443
16:00:00 [DEBUG] https://dl.google.com:443 "GET /dl/android/studio/install/3.4.1.0/android-studio-ide-183.5522156-windows.exe HTTP/1.1" 404 1449
16:00:00 [INFO]    🎯 83.222.23.81 (KZ) - 0.0Mbps, 1138ms UDP✅ Reality [yahoo.com]
16:00:00 [DEBUG] Starting new HTTPS connection (1): dl.google.com:443
16:00:00 [DEBUG] https://www.gstatic.com:443 "GET /generate_204 HTTP/1.1" 204 0
16:00:00 [DEBUG] https://dl.google.com:443 "GET /dl/android/studio/install/3.4.1.0/android-studio-ide-183.5522156-windows.exe HTTP/1.1" 200 1017327996
16:00:00 [DEBUG] Starting new HTTPS connection (1): www.google.com:443
16:00:00 [INFO]    🎯 ten5.astralweb.tech (XX) - 37.4Mbps, 3957ms UDP✅ Reality [apple.com]
16:00:00 [DEBUG] Starting new HTTPS connection (1): www.google.com:443
16:00:00 [DEBUG] https://www.gstatic.com:443 "GET /generate_204 HTTP/1.1" 204 0
16:00:01 [DEBUG] https://www.gstatic.com:443 "GET /generate_204 HTTP/1.1" 204 0
16:00:01 [DEBUG] https://www.gstatic.com:443 "GET /generate_204 HTTP/1.1" 204 0
16:00:01 [DEBUG] Starting new HTTPS connection (1): dl.google.com:443
16:00:01 [DEBUG] Starting new HTTPS connection (1): dl.google.com:443
16:00:01 [DEBUG] Starting new HTTPS connection (1): www.google.com:443
16:00:01 [DEBUG] Starting new HTTPS connection (1): www.google.com:443
16:00:02 [DEBUG] Starting new HTTPS connection (1): dl.google.com:443
16:00:02 [DEBUG] Starting new HTTPS connection (1): cp.cloudflare.com:443
16:00:02 [DEBUG] https://dl.google.com:443 "GET /dl/android/studio/install/3.4.1.0/android-studio-ide-183.5522156-windows.exe HTTP/1.1" 404 1449
16:00:02 [INFO]    🎯 us-2.bot-iphone.ru (XX) - 0.0Mbps, 1367ms UDP✅ Reality [samsung.com]
16:00:02 [DEBUG] Starting new HTTPS connection (1): www.google.com:443
16:00:02 [DEBUG] Starting new HTTPS connection (1): www.gstatic.com:443
16:00:03 [DEBUG] https://dl.google.com:443 "GET /dl/android/studio/install/3.4.1.0/android-studio-ide-183.5522156-windows.exe HTTP/1.1" 200 1017327996
16:00:03 [DEBUG] Starting new HTTPS connection (1): www.google.com:443
16:00:03 [DEBUG] Starting new HTTPS connection (1): www.google.com:443
16:00:04 [DEBUG] Starting new HTTPS connection (1): dl.google.com:443
16:00:04 [INFO]    🎯 109.248.170.119 (KZ) - 5.5Mbps, 1398ms UDP✅ Reality [yahoo.com]
16:00:04 [DEBUG] Starting new HTTPS connection (1): www.google.com:443
16:00:04 [DEBUG] Starting new HTTPS connection (1): cp.cloudflare.com:443
16:00:05 [DEBUG] https://www.google.com:443 "GET /generate_204 HTTP/1.1" 204 0
16:00:05 [DEBUG] Starting new HTTPS connection (1): cp.cloudflare.com:443
16:00:05 [DEBUG] Starting new HTTPS connection (1): www.gstatic.com:443
16:00:05 [DEBUG] https://dl.google.com:443 "GET /dl/android/studio/install/3.4.1.0/android-studio-ide-183.5522156-windows.exe HTTP/1.1" 404 1449
16:00:05 [INFO]    🎯 176.120.72.63 (KZ) - 0.0Mbps, 909ms UDP❌ Reality [dl.google.com]
16:00:05 [DEBUG] https://www.google.com:443 "GET /generate_204 HTTP/1.1" 204 0
16:00:05 [DEBUG] Starting new HTTPS connection (1): cp.cloudflare.com:443
16:00:05 [DEBUG] Starting new HTTPS connection (1): www.google.com:443
16:00:05 [DEBUG] Starting new HTTPS connection (1): cp.cloudflare.com:443
16:00:06 [DEBUG] https://cp.cloudflare.com:443 "GET / HTTP/1.1" 204 0
16:00:06 [DEBUG] Starting new HTTPS connection (1): www.gstatic.com:443
16:00:06 [DEBUG] Starting new HTTPS connection (1): www.google.com:443
16:00:06 [DEBUG] Starting new HTTPS connection (1): cp.cloudflare.com:443
16:00:07 [DEBUG] Starting new HTTPS connection (1): www.google.com:443
16:00:07 [INFO]    🎯 94.131.8.19 (Молдова) - 0.0Mbps, 3042ms UDP✅ Reality [yahoo.com]
16:00:07 [DEBUG] Starting new HTTPS connection (1): cp.cloudflare.com:443
16:00:07 [DEBUG] https://cp.cloudflare.com:443 "GET / HTTP/1.1" 204 0
16:00:07 [DEBUG] Starting new HTTPS connection (1): www.gstatic.com:443
16:00:07 [DEBUG] https://www.google.com:443 "GET /generate_204 HTTP/1.1" 204 0
16:00:07 [DEBUG] Starting new HTTPS connection (1): cp.cloudflare.com:443
16:00:08 [DEBUG] https://www.gstatic.com:443 "GET /generate_204 HTTP/1.1" 204 0
16:00:08 [DEBUG] https://cp.cloudflare.com:443 "GET / HTTP/1.1" 204 0
16:00:08 [DEBUG] Starting new HTTPS connection (1): www.gstatic.com:443
16:00:08 [DEBUG] https://www.google.com:443 "GET /generate_204 HTTP/1.1" 204 0
16:00:08 [DEBUG] Starting new HTTPS connection (1): cp.cloudflare.com:443
16:00:08 [DEBUG] Starting new HTTPS connection (1): www.google.com:443
16:00:08 [DEBUG] https://www.gstatic.com:443 "GET /generate_204 HTTP/1.1" 204 0
16:00:09 [DEBUG] https://www.google.com:443 "GET /generate_204 HTTP/1.1" 204 0
16:00:09 [DEBUG] Starting new HTTPS connection (1): cp.cloudflare.com:443
16:00:09 [DEBUG] Starting new HTTPS connection (1): dl.google.com:443
16:00:09 [DEBUG] Starting new HTTPS connection (1): dl.google.com:443
16:00:09 [DEBUG] Starting new HTTPS connection (1): cp.cloudflare.com:443
16:00:09 [DEBUG] https://dl.google.com:443 "GET /dl/android/studio/install/3.4.1.0/android-studio-ide-183.5522156-windows.exe HTTP/1.1" 200 1017327996
16:00:09 [DEBUG] https://cp.cloudflare.com:443 "GET / HTTP/1.1" 204 0
16:00:09 [DEBUG] Starting new HTTPS connection (1): www.gstatic.com:443
16:00:09 [DEBUG] Starting new HTTPS connection (1): www.gstatic.com:443
16:00:09 [DEBUG] https://www.gstatic.com:443 "GET /generate_204 HTTP/1.1" 204 0
16:00:09 [DEBUG] https://www.gstatic.com:443 "GET /generate_204 HTTP/1.1" 204 0
16:00:09 [DEBUG] Starting new HTTPS connection (1): dl.google.com:443
16:00:10 [DEBUG] https://dl.google.com:443 "GET /dl/android/studio/install/3.4.1.0/android-studio-ide-183.5522156-windows.exe HTTP/1.1" 200 1017327996
16:00:10 [DEBUG] https://cp.cloudflare.com:443 "GET / HTTP/1.1" 204 0
16:00:10 [DEBUG] Starting new HTTPS connection (1): www.gstatic.com:443
16:00:10 [DEBUG] Starting new HTTPS connection (1): www.gstatic.com:443
16:00:11 [DEBUG] https://cp.cloudflare.com:443 "GET / HTTP/1.1" 204 0
16:00:11 [DEBUG] Starting new HTTPS connection (1): www.gstatic.com:443
16:00:11 [DEBUG] https://www.google.com:443 "GET /generate_204 HTTP/1.1" 204 0
16:00:11 [DEBUG] Starting new HTTPS connection (1): cp.cloudflare.com:443
16:00:11 [DEBUG] Starting new HTTPS connection (1): dl.google.com:443
16:00:12 [INFO]    🎯 kr01-vlr01.tcp-reset-club.net (XX) - 4.2Mbps, 1455ms UDP✅ Reality [hls-svod.itunes.appl]
16:00:12 [DEBUG] Starting new HTTPS connection (1): www.google.com:443
16:00:13 [DEBUG] Starting new HTTPS connection (1): www.google.com:443
16:00:13 [DEBUG] Starting new HTTPS connection (1): cp.cloudflare.com:443
16:00:13 [DEBUG] https://dl.google.com:443 "GET /dl/android/studio/install/3.4.1.0/android-studio-ide-183.5522156-windows.exe HTTP/1.1" 200 1017327996
16:00:13 [DEBUG] Starting new HTTPS connection (1): www.gstatic.com:443
16:00:14 [DEBUG] Starting new HTTPS connection (1): www.gstatic.com:443
16:00:14 [DEBUG] Starting new HTTPS connection (1): www.google.com:443
16:00:15 [DEBUG] Starting new HTTPS connection (1): cp.cloudflare.com:443
16:00:15 [DEBUG] Starting new HTTPS connection (1): www.gstatic.com:443
16:00:15 [DEBUG] https://www.gstatic.com:443 "GET /generate_204 HTTP/1.1" 204 0
16:00:15 [DEBUG] https://dl.google.com:443 "GET /dl/android/studio/install/3.4.1.0/android-studio-ide-183.5522156-windows.exe HTTP/1.1" 200 1017327996
16:00:16 [DEBUG] Starting new HTTPS connection (1): www.google.com:443
16:00:16 [DEBUG] Starting new HTTPS connection (1): cp.cloudflare.com:443
16:00:16 [DEBUG] Starting new HTTPS connection (1): www.gstatic.com:443
16:00:17 [DEBUG] Starting new HTTPS connection (1): www.google.com:443
16:00:17 [DEBUG] Starting new HTTPS connection (1): dl.google.com:443
16:00:17 [DEBUG] https://www.google.com:443 "GET /generate_204 HTTP/1.1" 204 0
16:00:17 [DEBUG] Starting new HTTPS connection (1): cp.cloudflare.com:443
16:00:17 [DEBUG] Starting new HTTPS connection (1): www.google.com:443
16:00:17 [DEBUG] Starting new HTTPS connection (1): cp.cloudflare.com:443
16:00:17 [DEBUG] Starting new HTTPS connection (1): www.gstatic.com:443
16:00:17 [DEBUG] https://cp.cloudflare.com:443 "GET / HTTP/1.1" 204 0
16:00:17 [DEBUG] Starting new HTTPS connection (1): www.gstatic.com:443
16:00:17 [DEBUG] Starting new HTTPS connection (1): www.google.com:443
16:00:17 [DEBUG] Starting new HTTPS connection (1): cp.cloudflare.com:443
16:00:17 [DEBUG] https://www.google.com:443 "GET /generate_204 HTTP/1.1" 204 0
16:00:17 [DEBUG] Starting new HTTPS connection (1): cp.cloudflare.com:443
16:00:17 [DEBUG] https://cp.cloudflare.com:443 "GET / HTTP/1.1" 204 0
16:00:17 [DEBUG] Starting new HTTPS connection (1): www.gstatic.com:443
16:00:17 [DEBUG] https://www.gstatic.com:443 "GET /generate_204 HTTP/1.1" 204 0
16:00:18 [DEBUG] Starting new HTTPS connection (1): dl.google.com:443
16:00:18 [DEBUG] https://dl.google.com:443 "GET /dl/android/studio/install/3.4.1.0/android-studio-ide-183.5522156-windows.exe HTTP/1.1" 200 1017327996
16:00:18 [INFO]    🎯 57.129.53.182 (Германия) - 63.6Mbps, 33ms UDP✅ Reality [fuck.rkn]
16:00:18 [DEBUG] Starting new HTTPS connection (1): www.google.com:443
16:00:19 [DEBUG] https://www.google.com:443 "GET /generate_204 HTTP/1.1" 204 0
16:00:19 [DEBUG] Starting new HTTPS connection (1): cp.cloudflare.com:443
16:00:19 [DEBUG] https://cp.cloudflare.com:443 "GET / HTTP/1.1" 204 0
16:00:19 [DEBUG] Starting new HTTPS connection (1): www.gstatic.com:443
16:00:19 [DEBUG] Starting new HTTPS connection (1): www.google.com:443
16:00:19 [DEBUG] https://www.gstatic.com:443 "GET /generate_204 HTTP/1.1" 204 0
16:00:19 [DEBUG] Starting new HTTPS connection (1): dl.google.com:443
16:00:19 [DEBUG] https://dl.google.com:443 "GET /dl/android/studio/install/3.4.1.0/android-studio-ide-183.5522156-windows.exe HTTP/1.1" 200 1017327996
16:00:19 [INFO]    🎯 57.129.53.181 (Германия) - 84.5Mbps, 268ms UDP✅ Reality [fuck.rkn]
16:00:20 [DEBUG] https://dl.google.com:443 "GET /dl/android/studio/install/3.4.1.0/android-studio-ide-183.5522156-windows.exe HTTP/1.1" 200 1017327996
16:00:20 [DEBUG] Starting new HTTPS connection (1): www.google.com:443
16:00:21 [DEBUG] Starting new HTTPS connection (1): www.google.com:443
16:00:21 [DEBUG] Starting new HTTPS connection (1): cp.cloudflare.com:443
16:00:22 [DEBUG] Starting new HTTPS connection (1): www.gstatic.com:443
16:00:22 [DEBUG] Starting new HTTPS connection (1): cp.cloudflare.com:443
16:00:22 [DEBUG] Starting new HTTPS connection (1): www.gstatic.com:443
16:00:23 [DEBUG] Starting new HTTPS connection (1): cp.cloudflare.com:443
16:00:23 [DEBUG] Starting new HTTPS connection (1): www.gstatic.com:443
16:00:24 [DEBUG] https://www.gstatic.com:443 "GET /generate_204 HTTP/1.1" 204 0
16:00:24 [DEBUG] Starting new HTTPS connection (1): dl.google.com:443
16:00:24 [DEBUG] https://dl.google.com:443 "GET /dl/android/studio/install/3.4.1.0/android-studio-ide-183.5522156-windows.exe HTTP/1.1" 404 1449
16:00:24 [INFO]    🎯 65.108.108.151 (Финляндия) - 0.0Mbps, 1120ms UDP✅ Reality [fit.jojack.ru]
16:00:24 [DEBUG] Starting new HTTPS connection (1): www.gstatic.com:443
16:00:25 [DEBUG] Starting new HTTPS connection (1): www.gstatic.com:443
16:00:25 [DEBUG] Starting new HTTPS connection (1): dl.google.com:443
16:00:25 [DEBUG] Starting new HTTPS connection (1): www.google.com:443
16:00:26 [INFO]    🎯 212.34.153.15 (Нидерланды) - 0.8Mbps, 560ms UDP✅ Reality [apple.com]
16:00:26 [DEBUG] Starting new HTTPS connection (1): www.google.com:443
16:00:27 [DEBUG] https://www.google.com:443 "GET /generate_204 HTTP/1.1" 204 0
16:00:27 [DEBUG] Starting new HTTPS connection (1): cp.cloudflare.com:443
16:00:27 [DEBUG] https://cp.cloudflare.com:443 "GET / HTTP/1.1" 204 0
16:00:27 [DEBUG] Starting new HTTPS connection (1): www.gstatic.com:443
16:00:27 [DEBUG] https://www.gstatic.com:443 "GET /generate_204 HTTP/1.1" 204 0
16:00:27 [DEBUG] Starting new HTTPS connection (1): dl.google.com:443
16:00:27 [INFO]    🎯 ten6.astralweb.tech (XX) - 0.8Mbps, 2999ms UDP✅ Reality [apple.com]
16:00:27 [DEBUG] https://dl.google.com:443 "GET /dl/android/studio/install/3.4.1.0/android-studio-ide-183.5522156-windows.exe HTTP/1.1" 200 1017327996
16:00:27 [DEBUG] Starting new HTTPS connection (1): www.google.com:443
16:00:27 [INFO]    🎯 51.158.206.98 (Нидерланды) - 63.0Mbps, 72ms UDP✅ Reality [fuck.rkn]
16:00:27 [DEBUG] https://www.google.com:443 "GET /generate_204 HTTP/1.1" 204 0
16:00:27 [DEBUG] Starting new HTTPS connection (1): cp.cloudflare.com:443
16:00:27 [DEBUG] https://cp.cloudflare.com:443 "GET / HTTP/1.1" 204 0
16:00:27 [DEBUG] Starting new HTTPS connection (1): www.gstatic.com:443
16:00:27 [DEBUG] https://www.gstatic.com:443 "GET /generate_204 HTTP/1.1" 204 0
16:00:27 [DEBUG] Starting new HTTPS connection (1): dl.google.com:443
16:00:27 [DEBUG] https://dl.google.com:443 "GET /dl/android/studio/install/3.4.1.0/android-studio-ide-183.5522156-windows.exe HTTP/1.1" 200 1017327996
16:00:27 [INFO]    🎯 51.158.206.103 (Нидерланды) - 54.5Mbps, 84ms UDP✅ Reality [fuck.rkn]
16:00:27 [INFO]    📊 Global: 80/400 (20%) | ✅32 ❌48
16:00:27 [DEBUG] Starting new HTTPS connection (1): cp.cloudflare.com:443
16:00:28 [DEBUG] Starting new HTTPS connection (1): www.google.com:443
16:00:28 [DEBUG] Starting new HTTPS connection (1): www.google.com:443
16:00:28 [DEBUG] Starting new HTTPS connection (1): www.google.com:443
16:00:28 [DEBUG] https://www.google.com:443 "GET /generate_204 HTTP/1.1" 204 0
16:00:28 [DEBUG] Starting new HTTPS connection (1): cp.cloudflare.com:443
16:00:28 [DEBUG] Starting new HTTPS connection (1): www.google.com:443
16:00:28 [DEBUG] https://cp.cloudflare.com:443 "GET / HTTP/1.1" 204 0
16:00:28 [DEBUG] Starting new HTTPS connection (1): www.gstatic.com:443
16:00:28 [DEBUG] https://www.gstatic.com:443 "GET /generate_204 HTTP/1.1" 204 0
16:00:28 [DEBUG] Starting new HTTPS connection (1): dl.google.com:443
16:00:28 [DEBUG] https://dl.google.com:443 "GET /dl/android/studio/install/3.4.1.0/android-studio-ide-183.5522156-windows.exe HTTP/1.1" 200 1017327996
16:00:29 [INFO]    🎯 51.158.206.80 (Нидерланды) - 71.1Mbps, 266ms UDP✅ Reality [fuck.rkn]
16:00:29 [DEBUG] Starting new HTTPS connection (1): www.google.com:443
16:00:29 [DEBUG] Starting new HTTPS connection (1): www.google.com:443
16:00:29 [DEBUG] https://www.google.com:443 "GET /generate_204 HTTP/1.1" 204 0
16:00:29 [DEBUG] Starting new HTTPS connection (1): cp.cloudflare.com:443
16:00:29 [DEBUG] https://cp.cloudflare.com:443 "GET / HTTP/1.1" 204 0
16:00:29 [DEBUG] Starting new HTTPS connection (1): www.gstatic.com:443
16:00:29 [DEBUG] https://www.google.com:443 "GET /generate_204 HTTP/1.1" 204 0
16:00:29 [DEBUG] Starting new HTTPS connection (1): cp.cloudflare.com:443
16:00:29 [DEBUG] https://www.gstatic.com:443 "GET /generate_204 HTTP/1.1" 204 0
16:00:29 [DEBUG] Starting new HTTPS connection (1): dl.google.com:443
16:00:29 [DEBUG] https://cp.cloudflare.com:443 "GET / HTTP/1.1" 204 0
16:00:29 [DEBUG] Starting new HTTPS connection (1): www.gstatic.com:443
16:00:29 [DEBUG] https://dl.google.com:443 "GET /dl/android/studio/install/3.4.1.0/android-studio-ide-183.5522156-windows.exe HTTP/1.1" 200 1017327996
16:00:29 [DEBUG] https://www.gstatic.com:443 "GET /generate_204 HTTP/1.1" 204 0
16:00:29 [INFO]    🎯 51.158.206.93 (Нидерланды) - 71.8Mbps, 320ms UDP✅ Reality [fuck.rkn]
16:00:29 [DEBUG] Starting new HTTPS connection (1): dl.google.com:443
16:00:29 [DEBUG] https://dl.google.com:443 "GET /dl/android/studio/install/3.4.1.0/android-studio-ide-183.5522156-windows.exe HTTP/1.1" 200 1017327996
16:00:29 [INFO]    🎯 152.53.51.199 (Австрия) - 41.1Mbps, 132ms UDP✅ Reality [au.denditop.site]
16:00:29 [DEBUG] Starting new HTTPS connection (1): www.gstatic.com:443
16:00:30 [DEBUG] Starting new HTTPS connection (1): www.google.com:443
16:00:30 [DEBUG] Starting new HTTPS connection (1): www.google.com:443
16:00:31 [DEBUG] Starting new HTTPS connection (1): www.google.com:443
16:00:31 [INFO]    🎯 91.84.113.114 (Нидерланды) - 0.0Mbps, 6062ms UDP❌ Reality [apple.com]
16:00:32 [DEBUG] https://www.google.com:443 "GET /generate_204 HTTP/1.1" 204 0
16:00:32 [DEBUG] Starting new HTTPS connection (1): cp.cloudflare.com:443
16:00:32 [DEBUG] https://cp.cloudflare.com:443 "GET / HTTP/1.1" 204 0
16:00:32 [DEBUG] Starting new HTTPS connection (1): www.gstatic.com:443
16:00:32 [DEBUG] https://www.gstatic.com:443 "GET /generate_204 HTTP/1.1" 204 0
16:00:32 [DEBUG] Starting new HTTPS connection (1): dl.google.com:443
16:00:33 [DEBUG] Starting new HTTPS connection (1): www.google.com:443
16:00:33 [DEBUG] https://dl.google.com:443 "GET /dl/android/studio/install/3.4.1.0/android-studio-ide-183.5522156-windows.exe HTTP/1.1" 200 1017327996
16:00:33 [DEBUG] https://www.google.com:443 "GET /generate_204 HTTP/1.1" 204 0
16:00:33 [DEBUG] Starting new HTTPS connection (1): www.google.com:443
16:00:33 [DEBUG] Starting new HTTPS connection (1): cp.cloudflare.com:443
16:00:33 [DEBUG] https://www.google.com:443 "GET /generate_204 HTTP/1.1" 204 0
16:00:33 [DEBUG] Starting new HTTPS connection (1): cp.cloudflare.com:443
16:00:33 [DEBUG] Starting new HTTPS connection (1): cp.cloudflare.com:443
16:00:33 [DEBUG] https://cp.cloudflare.com:443 "GET / HTTP/1.1" 204 0
16:00:33 [DEBUG] Starting new HTTPS connection (1): www.gstatic.com:443
16:00:33 [DEBUG] Starting new HTTPS connection (1): cp.cloudflare.com:443
16:00:33 [DEBUG] https://www.gstatic.com:443 "GET /generate_204 HTTP/1.1" 204 0
16:00:33 [DEBUG] Starting new HTTPS connection (1): dl.google.com:443
16:00:33 [DEBUG] https://dl.google.com:443 "GET /dl/android/studio/install/3.4.1.0/android-studio-ide-183.5522156-windows.exe HTTP/1.1" 200 1017327996
16:00:34 [INFO]    🎯 195.26.224.112 (Нидерланды) - 32.7Mbps, 164ms UDP✅ Reality [vk.com]
16:00:34 [DEBUG] Starting new HTTPS connection (1): cp.cloudflare.com:443
16:00:34 [DEBUG] https://cp.cloudflare.com:443 "GET / HTTP/1.1" 204 0
16:00:34 [DEBUG] Starting new HTTPS connection (1): www.gstatic.com:443
16:00:34 [DEBUG] https://www.gstatic.com:443 "GET /generate_204 HTTP/1.1" 204 0
16:00:34 [DEBUG] Starting new HTTPS connection (1): dl.google.com:443
16:00:34 [DEBUG] https://dl.google.com:443 "GET /dl/android/studio/install/3.4.1.0/android-studio-ide-183.5522156-windows.exe HTTP/1.1" 200 1017327996
16:00:34 [INFO]    🎯 195.26.224.102 (Нидерланды) - 37.2Mbps, 468ms UDP✅ Reality [vk.com]
16:00:35 [DEBUG] Starting new HTTPS connection (1): www.google.com:443
16:00:35 [DEBUG] https://www.google.com:443 "GET /generate_204 HTTP/1.1" 204 0
16:00:35 [DEBUG] Starting new HTTPS connection (1): cp.cloudflare.com:443
16:00:35 [DEBUG] Starting new HTTPS connection (1): cp.cloudflare.com:443
16:00:36 [DEBUG] Starting new HTTPS connection (1): www.google.com:443
16:00:36 [DEBUG] Starting new HTTPS connection (1): cp.cloudflare.com:443
16:00:36 [DEBUG] Starting new HTTPS connection (1): cp.cloudflare.com:443
16:00:36 [DEBUG] https://cp.cloudflare.com:443 "GET / HTTP/1.1" 204 0
16:00:36 [DEBUG] Starting new HTTPS connection (1): www.gstatic.com:443
16:00:36 [DEBUG] Starting new HTTPS connection (1): www.gstatic.com:443
16:00:36 [DEBUG] https://cp.cloudflare.com:443 "GET / HTTP/1.1" 204 0
16:00:36 [DEBUG] Starting new HTTPS connection (1): www.gstatic.com:443
16:00:36 [INFO]    🎯 152.53.51.29 (Австрия) - 3.5Mbps, 833ms UDP✅ Reality [one-piece.com]
16:00:36 [DEBUG] https://www.gstatic.com:443 "GET /generate_204 HTTP/1.1" 204 0
16:00:37 [DEBUG] Starting new HTTPS connection (1): www.google.com:443
16:00:37 [DEBUG] Starting new HTTPS connection (1): www.google.com:443
16:00:37 [DEBUG] Starting new HTTPS connection (1): cp.cloudflare.com:443
16:00:37 [DEBUG] Starting new HTTPS connection (1): www.gstatic.com:443
16:00:37 [DEBUG] https://www.google.com:443 "GET /generate_204 HTTP/1.1" 204 0
16:00:37 [DEBUG] Starting new HTTPS connection (1): cp.cloudflare.com:443
16:00:38 [DEBUG] https://cp.cloudflare.com:443 "GET / HTTP/1.1" 204 0
16:00:38 [DEBUG] Starting new HTTPS connection (1): www.gstatic.com:443
16:00:38 [DEBUG] https://www.gstatic.com:443 "GET /generate_204 HTTP/1.1" 204 0
16:00:38 [DEBUG] Starting new HTTPS connection (1): www.gstatic.com:443
16:00:38 [DEBUG] Starting new HTTPS connection (1): www.gstatic.com:443
16:00:38 [DEBUG] Starting new HTTPS connection (1): www.gstatic.com:443
16:00:39 [DEBUG] Starting new HTTPS connection (1): www.google.com:443
16:00:39 [DEBUG] Starting new HTTPS connection (1): dl.google.com:443
16:00:39 [DEBUG] https://www.google.com:443 "GET /generate_204 HTTP/1.1" 204 0
16:00:39 [DEBUG] Starting new HTTPS connection (1): cp.cloudflare.com:443
16:00:40 [DEBUG] https://dl.google.com:443 "GET /dl/android/studio/install/3.4.1.0/android-studio-ide-183.5522156-windows.exe HTTP/1.1" 200 1017327996
16:00:40 [DEBUG] https://cp.cloudflare.com:443 "GET / HTTP/1.1" 204 0
16:00:40 [DEBUG] Starting new HTTPS connection (1): www.gstatic.com:443
16:00:40 [INFO]    🎯 144.31.198.228 (Германия) - 16.1Mbps, 459ms UDP❌ Reality [canva.com]
16:00:40 [DEBUG] Starting new HTTPS connection (1): www.gstatic.com:443
16:00:41 [INFO]    🎯 185.21.14.122 (Нидерланды) - 0.4Mbps, 344ms UDP✅ Reality [apple.com]
16:00:41 [DEBUG] https://www.gstatic.com:443 "GET /generate_204 HTTP/1.1" 204 0
16:00:41 [DEBUG] Starting new HTTPS connection (1): dl.google.com:443
16:00:41 [DEBUG] Starting new HTTPS connection (1): dl.google.com:443
16:00:41 [DEBUG] Starting new HTTPS connection (1): www.google.com:443
16:00:41 [DEBUG] Starting new HTTPS connection (1): www.google.com:443
16:00:41 [DEBUG] Starting new HTTPS connection (1): cp.cloudflare.com:443
16:00:41 [DEBUG] Starting new HTTPS connection (1): www.gstatic.com:443
16:00:41 [DEBUG] https://www.google.com:443 "GET /generate_204 HTTP/1.1" 204 0
16:00:41 [DEBUG] Starting new HTTPS connection (1): cp.cloudflare.com:443
16:00:42 [DEBUG] https://cp.cloudflare.com:443 "GET / HTTP/1.1" 204 0
16:00:42 [DEBUG] Starting new HTTPS connection (1): www.gstatic.com:443
16:00:42 [DEBUG] https://dl.google.com:443 "GET /dl/android/studio/install/3.4.1.0/android-studio-ide-183.5522156-windows.exe HTTP/1.1" 200 1017327996
16:00:42 [DEBUG] Starting new HTTPS connection (1): www.google.com:443
16:00:42 [DEBUG] https://www.gstatic.com:443 "GET /generate_204 HTTP/1.1" 204 0
16:00:42 [DEBUG] Starting new HTTPS connection (1): dl.google.com:443
16:00:42 [DEBUG] Starting new HTTPS connection (1): www.google.com:443
16:00:42 [DEBUG] https://dl.google.com:443 "GET /dl/android/studio/install/3.4.1.0/android-studio-ide-183.5522156-windows.exe HTTP/1.1" 200 1017327996
16:00:43 [DEBUG] Starting new HTTPS connection (1): www.google.com:443
16:00:43 [DEBUG] Starting new HTTPS connection (1): cp.cloudflare.com:443
16:00:43 [DEBUG] Starting new HTTPS connection (1): www.gstatic.com:443
16:00:44 [INFO]    🎯 de4.socialup.live (XX) - 6.9Mbps, 184ms UDP✅ Reality [web.max.ru]
16:00:44 [DEBUG] Starting new HTTPS connection (1): cp.cloudflare.com:443
16:00:44 [DEBUG] Starting new HTTPS connection (1): cp.cloudflare.com:443
16:00:44 [DEBUG] Starting new HTTPS connection (1): www.google.com:443
16:00:44 [DEBUG] Starting new HTTPS connection (1): www.google.com:443
16:00:44 [DEBUG] https://www.google.com:443 "GET /generate_204 HTTP/1.1" 204 0
16:00:44 [DEBUG] Starting new HTTPS connection (1): cp.cloudflare.com:443
16:00:44 [DEBUG] https://cp.cloudflare.com:443 "GET / HTTP/1.1" 204 0
16:00:44 [DEBUG] Starting new HTTPS connection (1): www.gstatic.com:443
16:00:45 [DEBUG] https://www.gstatic.com:443 "GET /generate_204 HTTP/1.1" 204 0
16:00:45 [DEBUG] Starting new HTTPS connection (1): dl.google.com:443
16:00:45 [INFO]    🎯 91.107.121.223 (Британия) - 3.5Mbps, 691ms UDP✅ Reality [sun6-21.userapi.com]
16:00:45 [DEBUG] https://dl.google.com:443 "GET /dl/android/studio/install/3.4.1.0/android-studio-ide-183.5522156-windows.exe HTTP/1.1" 404 1449
16:00:45 [INFO]    🎯 partners.dissertationhelpspecialist.com (XX) - 0.0Mbps, 97ms UDP✅ Reality [tgju.org]
16:00:45 [DEBUG] Starting new HTTPS connection (1): cp.cloudflare.com:443
16:00:45 [DEBUG] Starting new HTTPS connection (1): www.google.com:443
16:00:45 [DEBUG] Starting new HTTPS connection (1): www.google.com:443
16:00:45 [DEBUG] Starting new HTTPS connection (1): cp.cloudflare.com:443
16:00:45 [DEBUG] Starting new HTTPS connection (1): www.gstatic.com:443
16:00:45 [DEBUG] Starting new HTTPS connection (1): www.gstatic.com:443
16:00:46 [DEBUG] Starting new HTTPS connection (1): cp.cloudflare.com:443
16:00:46 [DEBUG] Starting new HTTPS connection (1): www.google.com:443
16:00:46 [DEBUG] Starting new HTTPS connection (1): www.google.com:443
16:00:46 [DEBUG] Starting new HTTPS connection (1): www.gstatic.com:443
16:00:46 [DEBUG] Starting new HTTPS connection (1): cp.cloudflare.com:443
16:00:46 [DEBUG] Starting new HTTPS connection (1): www.gstatic.com:443
16:00:46 [DEBUG] Starting new HTTPS connection (1): www.gstatic.com:443
16:00:46 [DEBUG] Starting new HTTPS connection (1): www.gstatic.com:443
16:00:47 [DEBUG] Starting new HTTPS connection (1): www.google.com:443
16:00:47 [DEBUG] Starting new HTTPS connection (1): www.google.com:443
16:00:47 [DEBUG] Starting new HTTPS connection (1): www.google.com:443
16:00:47 [INFO]    🎯 217.13.104.149 (Венгрия) - 0.0Mbps, 240ms UDP❌ Reality [travel.yandex.ru]
16:00:47 [DEBUG] Starting new HTTPS connection (1): www.google.com:443
16:00:47 [DEBUG] Starting new HTTPS connection (1): www.google.com:443
16:00:48 [DEBUG] Starting new HTTPS connection (1): www.google.com:443
16:00:50 [DEBUG] Starting new HTTPS connection (1): www.google.com:443
16:00:50 [DEBUG] Starting new HTTPS connection (1): cp.cloudflare.com:443
16:00:50 [DEBUG] Starting new HTTPS connection (1): www.gstatic.com:443
16:00:50 [DEBUG] Starting new HTTPS connection (1): www.google.com:443
16:00:50 [DEBUG] https://www.google.com:443 "GET /generate_204 HTTP/1.1" 204 0
16:00:50 [DEBUG] Starting new HTTPS connection (1): cp.cloudflare.com:443
16:00:51 [DEBUG] Starting new HTTPS connection (1): cp.cloudflare.com:443
16:00:51 [DEBUG] Starting new HTTPS connection (1): cp.cloudflare.com:443
16:00:51 [DEBUG] Starting new HTTPS connection (1): www.google.com:443
16:00:51 [DEBUG] Starting new HTTPS connection (1): cp.cloudflare.com:443
16:00:51 [DEBUG] Starting new HTTPS connection (1): www.gstatic.com:443
16:00:52 [DEBUG] Starting new HTTPS connection (1): cp.cloudflare.com:443
16:00:52 [DEBUG] Starting new HTTPS connection (1): www.gstatic.com:443
16:00:52 [DEBUG] Starting new HTTPS connection (1): cp.cloudflare.com:443
16:00:52 [DEBUG] Starting new HTTPS connection (1): cp.cloudflare.com:443
16:00:52 [DEBUG] https://cp.cloudflare.com:443 "GET / HTTP/1.1" 204 0
16:00:52 [DEBUG] Starting new HTTPS connection (1): www.gstatic.com:443
16:00:52 [DEBUG] Starting new HTTPS connection (1): www.gstatic.com:443
16:00:52 [DEBUG] Starting new HTTPS connection (1): cp.cloudflare.com:443
16:00:53 [DEBUG] Starting new HTTPS connection (1): www.google.com:443
16:00:53 [DEBUG] Starting new HTTPS connection (1): www.gstatic.com:443
16:00:53 [DEBUG] Starting new HTTPS connection (1): cp.cloudflare.com:443
16:00:54 [DEBUG] Starting new HTTPS connection (1): www.google.com:443
16:00:54 [DEBUG] Starting new HTTPS connection (1): cp.cloudflare.com:443
16:00:54 [DEBUG] Starting new HTTPS connection (1): www.gstatic.com:443
16:00:54 [DEBUG] Starting new HTTPS connection (1): www.google.com:443
16:00:54 [DEBUG] Starting new HTTPS connection (1): www.gstatic.com:443
16:00:54 [DEBUG] https://www.gstatic.com:443 "GET /generate_204 HTTP/1.1" 204 0
16:00:55 [DEBUG] Starting new HTTPS connection (1): www.google.com:443
16:00:56 [DEBUG] Starting new HTTPS connection (1): www.google.com:443
16:00:57 [DEBUG] Starting new HTTPS connection (1): cp.cloudflare.com:443
16:00:57 [DEBUG] Starting new HTTPS connection (1): www.gstatic.com:443
16:00:57 [DEBUG] https://www.google.com:443 "GET /generate_204 HTTP/1.1" 204 0
16:00:57 [DEBUG] Starting new HTTPS connection (1): cp.cloudflare.com:443
16:00:57 [DEBUG] Starting new HTTPS connection (1): dl.google.com:443
16:00:57 [DEBUG] https://cp.cloudflare.com:443 "GET / HTTP/1.1" 204 0
16:00:57 [DEBUG] Starting new HTTPS connection (1): www.gstatic.com:443
16:00:57 [DEBUG] Starting new HTTPS connection (1): www.gstatic.com:443
16:00:58 [DEBUG] https://cp.cloudflare.com:443 "GET / HTTP/1.1" 204 0
16:00:58 [DEBUG] Starting new HTTPS connection (1): www.gstatic.com:443
16:00:58 [DEBUG] Starting new HTTPS connection (1): cp.cloudflare.com:443
16:00:59 [DEBUG] Starting new HTTPS connection (1): www.google.com:443
16:00:59 [DEBUG] Starting new HTTPS connection (1): www.google.com:443
16:00:59 [DEBUG] https://www.gstatic.com:443 "GET /generate_204 HTTP/1.1" 204 0
16:01:00 [DEBUG] https://cp.cloudflare.com:443 "GET / HTTP/1.1" 204 0
16:01:00 [DEBUG] Starting new HTTPS connection (1): www.gstatic.com:443
16:01:00 [DEBUG] https://www.gstatic.com:443 "GET /generate_204 HTTP/1.1" 204 0
16:01:00 [DEBUG] Starting new HTTPS connection (1): www.gstatic.com:443
16:01:00 [DEBUG] Starting new HTTPS connection (1): cp.cloudflare.com:443
16:01:01 [DEBUG] https://dl.google.com:443 "GET /dl/android/studio/install/3.4.1.0/android-studio-ide-183.5522156-windows.exe HTTP/1.1" 200 1017327996
16:01:01 [DEBUG] https://cp.cloudflare.com:443 "GET / HTTP/1.1" 204 0
16:01:01 [DEBUG] Starting new HTTPS connection (1): www.gstatic.com:443
16:01:01 [DEBUG] Starting new HTTPS connection (1): cp.cloudflare.com:443
16:01:02 [DEBUG] Starting new HTTPS connection (1): dl.google.com:443
16:01:02 [DEBUG] Starting new HTTPS connection (1): www.gstatic.com:443
16:01:03 [INFO]    📊 Global: 120/400 (30%) | ✅45 ❌75
16:01:03 [DEBUG] Starting new HTTPS connection (1): www.google.com:443
16:01:03 [DEBUG] Starting new HTTPS connection (1): dl.google.com:443
16:01:03 [DEBUG] https://dl.google.com:443 "GET /dl/android/studio/install/3.4.1.0/android-studio-ide-183.5522156-windows.exe HTTP/1.1" 200 1017327996
16:01:03 [DEBUG] https://www.google.com:443 "GET /generate_204 HTTP/1.1" 204 0
16:01:03 [DEBUG] Starting new HTTPS connection (1): cp.cloudflare.com:443
16:01:04 [DEBUG] https://www.google.com:443 "GET /generate_204 HTTP/1.1" 204 0
16:01:04 [DEBUG] Starting new HTTPS connection (1): cp.cloudflare.com:443
16:01:04 [DEBUG] https://cp.cloudflare.com:443 "GET / HTTP/1.1" 204 0
16:01:04 [DEBUG] Starting new HTTPS connection (1): www.gstatic.com:443
16:01:04 [DEBUG] Starting new HTTPS connection (1): www.google.com:443
16:01:04 [DEBUG] Starting new HTTPS connection (1): www.google.com:443
16:01:04 [DEBUG] https://www.gstatic.com:443 "GET /generate_204 HTTP/1.1" 204 0
16:01:04 [DEBUG] https://www.google.com:443 "GET /generate_204 HTTP/1.1" 204 0
16:01:04 [DEBUG] Starting new HTTPS connection (1): cp.cloudflare.com:443
16:01:04 [DEBUG] https://www.gstatic.com:443 "GET /generate_204 HTTP/1.1" 204 0
16:01:04 [DEBUG] Starting new HTTPS connection (1): dl.google.com:443
16:01:04 [DEBUG] Starting new HTTPS connection (1): cp.cloudflare.com:443
16:01:05 [DEBUG] https://cp.cloudflare.com:443 "GET / HTTP/1.1" 204 0
16:01:05 [DEBUG] Starting new HTTPS connection (1): www.gstatic.com:443
16:01:05 [INFO]    🎯 ilta-wzxrxkdhbjpnprhkkpplsjwawhssvollvxzdhqshiqckwdgrdm.orbnet.xyz (XX) - 4.6Mbps, 1089ms UDP✅ Reality [i2pd.website]
16:01:05 [DEBUG] https://www.gstatic.com:443 "GET /generate_204 HTTP/1.1" 204 0
16:01:05 [DEBUG] https://dl.google.com:443 "GET /dl/android/studio/install/3.4.1.0/android-studio-ide-183.5522156-windows.exe HTTP/1.1" 200 1017327996
16:01:05 [DEBUG] Starting new HTTPS connection (1): www.gstatic.com:443
16:01:05 [DEBUG] Starting new HTTPS connection (1): dl.google.com:443
16:01:06 [INFO]    🎯 77.238.231.156 (Нидерланды) - 0.0Mbps, 2869ms UDP✅ Reality [apple.com]
16:01:06 [INFO]    🎯 94.131.101.203 (Молдова) - 10.1Mbps, 367ms UDP✅ Reality [tradingview.com]
16:01:06 [DEBUG] https://dl.google.com:443 "GET /dl/android/studio/install/3.4.1.0/android-studio-ide-183.5522156-windows.exe HTTP/1.1" 200 1017327996
16:01:06 [DEBUG] Starting new HTTPS connection (1): www.google.com:443
16:01:06 [DEBUG] https://www.google.com:443 "GET /generate_204 HTTP/1.1" 204 0
16:01:06 [DEBUG] Starting new HTTPS connection (1): cp.cloudflare.com:443
16:01:07 [DEBUG] https://cp.cloudflare.com:443 "GET / HTTP/1.1" 204 0
16:01:07 [DEBUG] Starting new HTTPS connection (1): www.gstatic.com:443
16:01:07 [DEBUG] Starting new HTTPS connection (1): dl.google.com:443
16:01:07 [DEBUG] Starting new HTTPS connection (1): www.google.com:443
16:01:07 [DEBUG] Starting new HTTPS connection (1): www.google.com:443
16:01:07 [DEBUG] Starting new HTTPS connection (1): www.google.com:443
16:01:07 [DEBUG] https://www.gstatic.com:443 "GET /generate_204 HTTP/1.1" 204 0
16:01:07 [INFO]    🎯 103.113.70.30 (Молдова) - 6.7Mbps, 360ms UDP✅ Reality [tradingview.com]
16:01:07 [DEBUG] Starting new HTTPS connection (1): dl.google.com:443
16:01:07 [DEBUG] Starting new HTTPS connection (1): cp.cloudflare.com:443
16:01:08 [DEBUG] Starting new HTTPS connection (1): www.google.com:443
16:01:08 [DEBUG] https://dl.google.com:443 "GET /dl/android/studio/install/3.4.1.0/android-studio-ide-183.5522156-windows.exe HTTP/1.1" 200 1017327996
16:01:08 [DEBUG] Starting new HTTPS connection (1): cp.cloudflare.com:443
16:01:08 [DEBUG] Starting new HTTPS connection (1): www.gstatic.com:443
16:01:08 [DEBUG] Starting new HTTPS connection (1): www.gstatic.com:443
16:01:08 [DEBUG] Starting new HTTPS connection (1): www.google.com:443
16:01:09 [DEBUG] Starting new HTTPS connection (1): www.gstatic.com:443
16:01:09 [DEBUG] https://dl.google.com:443 "GET /dl/android/studio/install/3.4.1.0/android-studio-ide-183.5522156-windows.exe HTTP/1.1" 200 1017327996
16:01:10 [DEBUG] Starting new HTTPS connection (1): www.google.com:443
16:01:10 [INFO]    🎯 45.83.140.34 (CY) - 4.6Mbps, 359ms UDP✅ Reality [tradingview.com]
16:01:10 [DEBUG] Starting new HTTPS connection (1): www.google.com:443
16:01:10 [DEBUG] Starting new HTTPS connection (1): cp.cloudflare.com:443
16:01:10 [DEBUG] https://www.gstatic.com:443 "GET /generate_204 HTTP/1.1" 204 0
16:01:11 [DEBUG] https://www.google.com:443 "GET /generate_204 HTTP/1.1" 204 0
16:01:11 [DEBUG] Starting new HTTPS connection (1): cp.cloudflare.com:443
16:01:11 [DEBUG] https://www.google.com:443 "GET /generate_204 HTTP/1.1" 204 0
16:01:11 [DEBUG] Starting new HTTPS connection (1): cp.cloudflare.com:443
16:01:11 [DEBUG] Starting new HTTPS connection (1): www.google.com:443
16:01:12 [DEBUG] Starting new HTTPS connection (1): www.gstatic.com:443
16:01:12 [DEBUG] Starting new HTTPS connection (1): cp.cloudflare.com:443
16:01:12 [DEBUG] https://www.google.com:443 "GET /generate_204 HTTP/1.1" 204 0
16:01:12 [DEBUG] Starting new HTTPS connection (1): cp.cloudflare.com:443
16:01:12 [INFO]    🎯 v622430.hosted-by-vdsina.com (XX) - 1.4Mbps, 3475ms UDP❌ Reality [sun6-21.userapi.com]
16:01:12 [DEBUG] https://cp.cloudflare.com:443 "GET / HTTP/1.1" 204 0
16:01:12 [DEBUG] Starting new HTTPS connection (1): www.gstatic.com:443
16:01:13 [INFO]    🎯 92.60.78.221 (SI) - 0.0Mbps, 3271ms UDP✅ Reality [www.tradingview.com]
16:01:13 [DEBUG] Starting new HTTPS connection (1): www.google.com:443
16:01:13 [DEBUG] Starting new HTTPS connection (1): dl.google.com:443
16:01:13 [DEBUG] https://cp.cloudflare.com:443 "GET / HTTP/1.1" 204 0
16:01:13 [DEBUG] Starting new HTTPS connection (1): www.gstatic.com:443
16:01:13 [DEBUG] https://www.gstatic.com:443 "GET /generate_204 HTTP/1.1" 204 0
16:01:13 [DEBUG] Starting new HTTPS connection (1): www.google.com:443
16:01:14 [DEBUG] Starting new HTTPS connection (1): www.google.com:443
16:01:16 [DEBUG] Starting new HTTPS connection (1): cp.cloudflare.com:443
16:01:16 [DEBUG] https://www.gstatic.com:443 "GET /generate_204 HTTP/1.1" 204 0
16:01:16 [DEBUG] Starting new HTTPS connection (1): www.gstatic.com:443
16:01:16 [DEBUG] Starting new HTTPS connection (1): cp.cloudflare.com:443
16:01:16 [DEBUG] Starting new HTTPS connection (1): dl.google.com:443
16:01:17 [DEBUG] Starting new HTTPS connection (1): www.gstatic.com:443
16:01:17 [DEBUG] https://dl.google.com:443 "GET /dl/android/studio/install/3.4.1.0/android-studio-ide-183.5522156-windows.exe HTTP/1.1" 200 1017327996
16:01:17 [DEBUG] https://www.gstatic.com:443 "GET /generate_204 HTTP/1.1" 204 0
16:01:17 [DEBUG] Starting new HTTPS connection (1): dl.google.com:443
16:01:18 [DEBUG] https://dl.google.com:443 "GET /dl/android/studio/install/3.4.1.0/android-studio-ide-183.5522156-windows.exe HTTP/1.1" 200 1017327996
16:01:18 [DEBUG] Starting new HTTPS connection (1): cp.cloudflare.com:443
16:01:18 [DEBUG] Starting new HTTPS connection (1): www.gstatic.com:443
16:01:18 [DEBUG] https://www.google.com:443 "GET /generate_204 HTTP/1.1" 204 0
16:01:18 [DEBUG] Starting new HTTPS connection (1): cp.cloudflare.com:443
16:01:20 [DEBUG] Starting new HTTPS connection (1): www.gstatic.com:443
16:01:20 [DEBUG] Starting new HTTPS connection (1): dl.google.com:443
16:01:21 [DEBUG] https://dl.google.com:443 "GET /dl/android/studio/install/3.4.1.0/android-studio-ide-183.5522156-windows.exe HTTP/1.1" 200 1017327996
16:01:22 [DEBUG] Starting new HTTPS connection (1): www.google.com:443
16:01:22 [DEBUG] https://dl.google.com:443 "GET /dl/android/studio/install/3.4.1.0/android-studio-ide-183.5522156-windows.exe HTTP/1.1" 200 1017327996
16:01:22 [DEBUG] https://www.google.com:443 "GET /generate_204 HTTP/1.1" 204 0
16:01:22 [DEBUG] Starting new HTTPS connection (1): cp.cloudflare.com:443
16:01:22 [DEBUG] https://cp.cloudflare.com:443 "GET / HTTP/1.1" 204 0
16:01:22 [DEBUG] Starting new HTTPS connection (1): www.gstatic.com:443
16:01:22 [DEBUG] https://www.gstatic.com:443 "GET /generate_204 HTTP/1.1" 204 0
16:01:23 [DEBUG] Starting new HTTPS connection (1): dl.google.com:443
16:01:23 [DEBUG] https://dl.google.com:443 "GET /dl/android/studio/install/3.4.1.0/android-studio-ide-183.5522156-windows.exe HTTP/1.1" 200 1017327996
16:01:23 [INFO]    🎯 217.154.254.198 (Германия) - 25.7Mbps, 145ms UDP✅ Reality [azure.com]
16:01:23 [DEBUG] Starting new HTTPS connection (1): www.google.com:443
16:01:23 [DEBUG] Starting new HTTPS connection (1): www.gstatic.com:443
16:01:23 [DEBUG] Starting new HTTPS connection (1): www.gstatic.com:443
16:01:24 [INFO]    🎯 212.111.84.187 (KZ) - 1.7Mbps, 1135ms UDP❌ Reality [m.vk.ru]
16:01:24 [DEBUG] Starting new HTTPS connection (1): www.google.com:443
16:01:24 [DEBUG] Starting new HTTPS connection (1): cp.cloudflare.com:443
16:01:25 [DEBUG] Starting new HTTPS connection (1): www.gstatic.com:443
16:01:25 [INFO]    🎯 gr.nodesecure.ru (XX) - 2.8Mbps, 2776ms UDP❌ Reality [eh.vk.com]
16:01:25 [DEBUG] Starting new HTTPS connection (1): www.google.com:443
16:01:26 [DEBUG] Starting new HTTPS connection (1): www.google.com:443
16:01:26 [DEBUG] Starting new HTTPS connection (1): www.google.com:443
16:01:26 [DEBUG] Starting new HTTPS connection (1): cp.cloudflare.com:443
16:01:26 [DEBUG] Starting new HTTPS connection (1): www.gstatic.com:443
16:01:26 [DEBUG] Starting new HTTPS connection (1): www.google.com:443
16:01:27 [DEBUG] Starting new HTTPS connection (1): www.google.com:443
16:01:28 [DEBUG] https://www.google.com:443 "GET /generate_204 HTTP/1.1" 204 0
16:01:28 [DEBUG] Starting new HTTPS connection (1): cp.cloudflare.com:443
16:01:28 [DEBUG] Starting new HTTPS connection (1): cp.cloudflare.com:443
16:01:29 [DEBUG] Starting new HTTPS connection (1): cp.cloudflare.com:443
16:01:29 [DEBUG] https://cp.cloudflare.com:443 "GET / HTTP/1.1" 204 0
16:01:29 [DEBUG] Starting new HTTPS connection (1): www.gstatic.com:443
16:01:29 [DEBUG] https://www.google.com:443 "GET /generate_204 HTTP/1.1" 204 0
16:01:29 [DEBUG] Starting new HTTPS connection (1): cp.cloudflare.com:443
16:01:29 [DEBUG] https://www.gstatic.com:443 "GET /generate_204 HTTP/1.1" 204 0
16:01:29 [DEBUG] https://cp.cloudflare.com:443 "GET / HTTP/1.1" 204 0
16:01:29 [DEBUG] Starting new HTTPS connection (1): www.gstatic.com:443
16:01:29 [DEBUG] Starting new HTTPS connection (1): www.google.com:443
16:01:29 [DEBUG] https://www.gstatic.com:443 "GET /generate_204 HTTP/1.1" 204 0
16:01:30 [DEBUG] Starting new HTTPS connection (1): dl.google.com:443
16:01:30 [DEBUG] Starting new HTTPS connection (1): www.google.com:443
16:01:30 [DEBUG] https://dl.google.com:443 "GET /dl/android/studio/install/3.4.1.0/android-studio-ide-183.5522156-windows.exe HTTP/1.1" 200 1017327996
16:01:31 [DEBUG] https://www.google.com:443 "GET /generate_204 HTTP/1.1" 204 0
16:01:31 [DEBUG] Starting new HTTPS connection (1): cp.cloudflare.com:443
16:01:31 [DEBUG] Starting new HTTPS connection (1): www.gstatic.com:443
16:01:32 [DEBUG] Starting new HTTPS connection (1): cp.cloudflare.com:443
16:01:32 [INFO]    🎯 srv4.outlinekeys.com (XX) - 6.2Mbps, 626ms UDP✅ Reality [sun1-90.userapi.com]
16:01:32 [DEBUG] Starting new HTTPS connection (1): dl.google.com:443
16:01:33 [DEBUG] Starting new HTTPS connection (1): www.google.com:443
16:01:33 [DEBUG] Starting new HTTPS connection (1): www.gstatic.com:443
16:01:33 [DEBUG] Starting new HTTPS connection (1): cp.cloudflare.com:443
16:01:34 [DEBUG] Starting new HTTPS connection (1): www.gstatic.com:443
16:01:34 [DEBUG] Starting new HTTPS connection (1): www.gstatic.com:443
16:01:34 [DEBUG] Starting new HTTPS connection (1): www.google.com:443
16:01:35 [DEBUG] https://dl.google.com:443 "GET /dl/android/studio/install/3.4.1.0/android-studio-ide-183.5522156-windows.exe HTTP/1.1" 200 1017327996
16:01:35 [DEBUG] Starting new HTTPS connection (1): cp.cloudflare.com:443
16:01:35 [DEBUG] Starting new HTTPS connection (1): cp.cloudflare.com:443
16:01:35 [INFO]    🎯 95.141.36.10 (Италия) - 5.7Mbps, 1424ms UDP❌ Reality [aws.com]
16:01:35 [DEBUG] Starting new HTTPS connection (1): www.gstatic.com:443
16:01:35 [DEBUG] Starting new HTTPS connection (1): www.google.com:443
16:01:36 [DEBUG] Starting new HTTPS connection (1): www.gstatic.com:443
16:01:36 [DEBUG] Starting new HTTPS connection (1): www.gstatic.com:443
16:01:36 [DEBUG] Starting new HTTPS connection (1): www.google.com:443
16:01:36 [DEBUG] Starting new HTTPS connection (1): cp.cloudflare.com:443
16:01:37 [DEBUG] Starting new HTTPS connection (1): cp.cloudflare.com:443
16:01:37 [DEBUG] Starting new HTTPS connection (1): www.google.com:443
16:01:37 [DEBUG] https://www.google.com:443 "GET /generate_204 HTTP/1.1" 204 0
16:01:37 [DEBUG] Starting new HTTPS connection (1): cp.cloudflare.com:443
16:01:37 [DEBUG] Starting new HTTPS connection (1): www.gstatic.com:443
16:01:37 [DEBUG] Starting new HTTPS connection (1): www.google.com:443
16:01:37 [DEBUG] https://cp.cloudflare.com:443 "GET / HTTP/1.1" 204 0
16:01:37 [DEBUG] Starting new HTTPS connection (1): www.gstatic.com:443
16:01:37 [DEBUG] Starting new HTTPS connection (1): www.gstatic.com:443
16:01:38 [DEBUG] Starting new HTTPS connection (1): www.google.com:443
16:01:38 [DEBUG] Starting new HTTPS connection (1): cp.cloudflare.com:443
16:01:38 [DEBUG] Starting new HTTPS connection (1): www.gstatic.com:443
16:01:39 [DEBUG] Starting new HTTPS connection (1): www.google.com:443
16:01:39 [DEBUG] Starting new HTTPS connection (1): cp.cloudflare.com:443
16:01:39 [DEBUG] Starting new HTTPS connection (1): www.gstatic.com:443
16:01:39 [DEBUG] Starting new HTTPS connection (1): cp.cloudflare.com:443
16:01:39 [DEBUG] Starting new HTTPS connection (1): www.google.com:443
16:01:39 [DEBUG] Starting new HTTPS connection (1): www.google.com:443
16:01:39 [DEBUG] Starting new HTTPS connection (1): cp.cloudflare.com:443
16:01:39 [INFO]    🎯 panelsaf.netvip1.ru (XX) - 0.3Mbps, 2553ms UDP✅ Reality [refersion.com]
16:01:39 [DEBUG] Starting new HTTPS connection (1): cp.cloudflare.com:443
16:01:39 [DEBUG] Starting new HTTPS connection (1): www.gstatic.com:443
16:01:39 [DEBUG] Starting new HTTPS connection (1): www.gstatic.com:443
16:01:40 [DEBUG] Starting new HTTPS connection (1): www.google.com:443
16:01:41 [DEBUG] Starting new HTTPS connection (1): www.google.com:443
16:01:41 [DEBUG] Starting new HTTPS connection (1): cp.cloudflare.com:443
16:01:41 [DEBUG] Starting new HTTPS connection (1): www.google.com:443
16:01:41 [DEBUG] Starting new HTTPS connection (1): www.gstatic.com:443
16:01:41 [DEBUG] Starting new HTTPS connection (1): cp.cloudflare.com:443
16:01:41 [DEBUG] Starting new HTTPS connection (1): www.google.com:443
16:01:41 [DEBUG] Starting new HTTPS connection (1): www.gstatic.com:443
16:01:41 [DEBUG] Starting new HTTPS connection (1): cp.cloudflare.com:443
16:01:41 [DEBUG] Starting new HTTPS connection (1): www.gstatic.com:443
16:01:41 [INFO]    📊 Global: 160/400 (40%) | ✅58 ❌102
16:01:41 [DEBUG] Starting new HTTPS connection (1): www.gstatic.com:443
16:01:42 [DEBUG] Starting new HTTPS connection (1): www.google.com:443
16:01:42 [DEBUG] Starting new HTTPS connection (1): www.google.com:443
16:01:42 [DEBUG] Starting new HTTPS connection (1): cp.cloudflare.com:443
16:01:42 [DEBUG] Starting new HTTPS connection (1): cp.cloudflare.com:443
16:01:42 [DEBUG] Starting new HTTPS connection (1): www.gstatic.com:443
16:01:42 [DEBUG] Starting new HTTPS connection (1): www.google.com:443
16:01:42 [DEBUG] Starting new HTTPS connection (1): www.gstatic.com:443
16:01:42 [DEBUG] Starting new HTTPS connection (1): cp.cloudflare.com:443
16:01:42 [DEBUG] Starting new HTTPS connection (1): www.google.com:443
16:01:42 [DEBUG] Starting new HTTPS connection (1): cp.cloudflare.com:443
16:01:42 [DEBUG] Starting new HTTPS connection (1): www.gstatic.com:443
16:01:43 [DEBUG] Starting new HTTPS connection (1): dl.google.com:443
16:01:43 [DEBUG] https://dl.google.com:443 "GET /dl/android/studio/install/3.4.1.0/android-studio-ide-183.5522156-windows.exe HTTP/1.1" 200 1017327996
16:01:43 [INFO]    🎯 94.103.1.230 (Нидерланды) - 23.7Mbps, 266ms UDP✅ Reality [sun6-21.userapi.com]
16:01:43 [DEBUG] Starting new HTTPS connection (1): www.google.com:443
16:01:43 [DEBUG] Starting new HTTPS connection (1): www.google.com:443
16:01:43 [DEBUG] Starting new HTTPS connection (1): cp.cloudflare.com:443
16:01:43 [DEBUG] Starting new HTTPS connection (1): cp.cloudflare.com:443
16:01:44 [DEBUG] Starting new HTTPS connection (1): www.gstatic.com:443
16:01:44 [DEBUG] Starting new HTTPS connection (1): www.google.com:443
16:01:44 [DEBUG] Starting new HTTPS connection (1): www.gstatic.com:443
16:01:44 [INFO]    🎯 78.159.131.76 (AL) - 0.4Mbps, 2983ms UDP❌ Reality [al.cdn.stun.su]
16:01:44 [DEBUG] Starting new HTTPS connection (1): www.google.com:443
16:01:44 [DEBUG] Starting new HTTPS connection (1): cp.cloudflare.com:443
16:01:44 [DEBUG] Starting new HTTPS connection (1): www.gstatic.com:443
16:01:44 [DEBUG] Starting new HTTPS connection (1): www.google.com:443
16:01:45 [DEBUG] Starting new HTTPS connection (1): www.google.com:443
16:01:45 [DEBUG] Starting new HTTPS connection (1): cp.cloudflare.com:443
16:01:45 [DEBUG] Starting new HTTPS connection (1): www.gstatic.com:443
16:01:45 [DEBUG] Starting new HTTPS connection (1): www.google.com:443
16:01:45 [DEBUG] Starting new HTTPS connection (1): cp.cloudflare.com:443
16:01:45 [DEBUG] Starting new HTTPS connection (1): www.gstatic.com:443
16:01:45 [DEBUG] Starting new HTTPS connection (1): www.google.com:443
16:01:45 [DEBUG] Starting new HTTPS connection (1): cp.cloudflare.com:443
16:01:45 [DEBUG] Starting new HTTPS connection (1): www.gstatic.com:443
16:01:45 [DEBUG] Starting new HTTPS connection (1): www.google.com:443
16:01:45 [DEBUG] Starting new HTTPS connection (1): cp.cloudflare.com:443
16:01:45 [DEBUG] Starting new HTTPS connection (1): www.gstatic.com:443
16:01:45 [DEBUG] Starting new HTTPS connection (1): cp.cloudflare.com:443
16:01:46 [DEBUG] Starting new HTTPS connection (1): cp.cloudflare.com:443
16:01:46 [DEBUG] Starting new HTTPS connection (1): www.google.com:443
16:01:46 [DEBUG] Starting new HTTPS connection (1): cp.cloudflare.com:443
16:01:46 [DEBUG] Starting new HTTPS connection (1): www.gstatic.com:443
16:01:46 [DEBUG] Starting new HTTPS connection (1): www.google.com:443
16:01:46 [DEBUG] Starting new HTTPS connection (1): www.google.com:443
16:01:46 [DEBUG] Starting new HTTPS connection (1): cp.cloudflare.com:443
16:01:46 [DEBUG] Starting new HTTPS connection (1): www.gstatic.com:443
16:01:46 [DEBUG] Starting new HTTPS connection (1): cp.cloudflare.com:443
16:01:46 [DEBUG] Starting new HTTPS connection (1): www.google.com:443
16:01:46 [DEBUG] Starting new HTTPS connection (1): www.google.com:443
16:01:46 [DEBUG] Starting new HTTPS connection (1): cp.cloudflare.com:443
16:01:46 [DEBUG] Starting new HTTPS connection (1): www.gstatic.com:443
16:01:46 [DEBUG] Starting new HTTPS connection (1): www.gstatic.com:443
16:01:46 [DEBUG] Starting new HTTPS connection (1): cp.cloudflare.com:443
16:01:47 [DEBUG] Starting new HTTPS connection (1): cp.cloudflare.com:443
16:01:47 [DEBUG] Starting new HTTPS connection (1): www.gstatic.com:443
16:01:47 [DEBUG] Starting new HTTPS connection (1): www.google.com:443
16:01:47 [DEBUG] Starting new HTTPS connection (1): cp.cloudflare.com:443
16:01:47 [DEBUG] Starting new HTTPS connection (1): www.gstatic.com:443
16:01:47 [DEBUG] Starting new HTTPS connection (1): www.google.com:443
16:01:47 [DEBUG] Starting new HTTPS connection (1): cp.cloudflare.com:443
16:01:47 [DEBUG] Starting new HTTPS connection (1): www.gstatic.com:443
16:01:47 [DEBUG] Starting new HTTPS connection (1): www.google.com:443
16:01:47 [DEBUG] Starting new HTTPS connection (1): cp.cloudflare.com:443
16:01:47 [DEBUG] Starting new HTTPS connection (1): www.gstatic.com:443
16:01:47 [DEBUG] Starting new HTTPS connection (1): www.google.com:443
16:01:48 [DEBUG] Starting new HTTPS connection (1): www.gstatic.com:443
16:01:48 [DEBUG] Starting new HTTPS connection (1): www.gstatic.com:443
16:01:48 [DEBUG] Starting new HTTPS connection (1): www.google.com:443
16:01:48 [DEBUG] Starting new HTTPS connection (1): www.gstatic.com:443
16:01:48 [DEBUG] Starting new HTTPS connection (1): cp.cloudflare.com:443
16:01:48 [DEBUG] Starting new HTTPS connection (1): www.gstatic.com:443
16:01:48 [DEBUG] Starting new HTTPS connection (1): www.google.com:443
16:01:49 [DEBUG] Starting new HTTPS connection (1): www.google.com:443
16:01:49 [DEBUG] Starting new HTTPS connection (1): cp.cloudflare.com:443
16:01:49 [DEBUG] Starting new HTTPS connection (1): www.gstatic.com:443
16:01:49 [DEBUG] Starting new HTTPS connection (1): www.google.com:443
16:01:50 [DEBUG] Starting new HTTPS connection (1): www.google.com:443
16:01:50 [DEBUG] Starting new HTTPS connection (1): www.google.com:443
16:01:50 [DEBUG] Starting new HTTPS connection (1): cp.cloudflare.com:443
16:01:50 [DEBUG] Starting new HTTPS connection (1): www.gstatic.com:443
16:01:50 [DEBUG] Starting new HTTPS connection (1): www.gstatic.com:443
16:01:51 [DEBUG] Starting new HTTPS connection (1): cp.cloudflare.com:443
16:01:51 [DEBUG] Starting new HTTPS connection (1): www.google.com:443
16:01:51 [DEBUG] Starting new HTTPS connection (1): cp.cloudflare.com:443
16:01:51 [DEBUG] Starting new HTTPS connection (1): www.gstatic.com:443
16:01:51 [DEBUG] Starting new HTTPS connection (1): www.google.com:443
16:01:51 [DEBUG] Starting new HTTPS connection (1): cp.cloudflare.com:443
16:01:51 [DEBUG] Starting new HTTPS connection (1): www.gstatic.com:443
16:01:51 [DEBUG] Starting new HTTPS connection (1): www.google.com:443
16:01:52 [DEBUG] Starting new HTTPS connection (1): cp.cloudflare.com:443
16:01:52 [DEBUG] Starting new HTTPS connection (1): www.google.com:443
16:01:52 [DEBUG] https://www.google.com:443 "GET /generate_204 HTTP/1.1" 204 0
16:01:52 [DEBUG] Starting new HTTPS connection (1): cp.cloudflare.com:443
16:01:52 [DEBUG] Starting new HTTPS connection (1): www.google.com:443
16:01:52 [DEBUG] Starting new HTTPS connection (1): www.google.com:443
16:01:52 [DEBUG] Starting new HTTPS connection (1): cp.cloudflare.com:443
16:01:53 [DEBUG] Starting new HTTPS connection (1): www.gstatic.com:443
16:01:54 [DEBUG] Starting new HTTPS connection (1): www.gstatic.com:443
16:01:54 [DEBUG] Starting new HTTPS connection (1): www.gstatic.com:443
16:01:54 [DEBUG] https://www.google.com:443 "GET /generate_204 HTTP/1.1" 204 0
16:01:54 [DEBUG] Starting new HTTPS connection (1): cp.cloudflare.com:443
16:01:55 [DEBUG] Starting new HTTPS connection (1): cp.cloudflare.com:443
16:01:56 [DEBUG] Starting new HTTPS connection (1): www.google.com:443
16:01:56 [DEBUG] https://www.google.com:443 "GET /generate_204 HTTP/1.1" 204 0
16:01:56 [DEBUG] Starting new HTTPS connection (1): cp.cloudflare.com:443
16:01:56 [DEBUG] Starting new HTTPS connection (1): cp.cloudflare.com:443
16:01:56 [DEBUG] Starting new HTTPS connection (1): cp.cloudflare.com:443
16:01:57 [DEBUG] Starting new HTTPS connection (1): www.google.com:443
16:01:57 [DEBUG] Starting new HTTPS connection (1): cp.cloudflare.com:443
16:01:57 [DEBUG] Starting new HTTPS connection (1): www.gstatic.com:443
16:01:57 [DEBUG] Starting new HTTPS connection (1): www.gstatic.com:443
16:01:57 [DEBUG] https://www.gstatic.com:443 "GET /generate_204 HTTP/1.1" 204 0
16:01:57 [DEBUG] Starting new HTTPS connection (1): www.google.com:443
16:01:57 [DEBUG] Starting new HTTPS connection (1): cp.cloudflare.com:443
16:01:57 [DEBUG] Starting new HTTPS connection (1): www.gstatic.com:443
16:01:57 [DEBUG] Starting new HTTPS connection (1): dl.google.com:443
16:01:57 [DEBUG] https://dl.google.com:443 "GET /dl/android/studio/install/3.4.1.0/android-studio-ide-183.5522156-windows.exe HTTP/1.1" 200 1017327996
16:01:58 [DEBUG] Starting new HTTPS connection (1): www.google.com:443
16:01:58 [DEBUG] Starting new HTTPS connection (1): www.google.com:443
16:01:59 [DEBUG] Starting new HTTPS connection (1): www.gstatic.com:443
16:02:00 [DEBUG] Starting new HTTPS connection (1): www.gstatic.com:443
16:02:00 [DEBUG] Starting new HTTPS connection (1): www.google.com:443
16:02:00 [DEBUG] https://www.google.com:443 "GET /generate_204 HTTP/1.1" 204 0
16:02:00 [DEBUG] Starting new HTTPS connection (1): cp.cloudflare.com:443
16:02:00 [DEBUG] https://www.gstatic.com:443 "GET /generate_204 HTTP/1.1" 204 0
16:02:00 [DEBUG] Starting new HTTPS connection (1): cp.cloudflare.com:443
16:02:01 [DEBUG] https://www.gstatic.com:443 "GET /generate_204 HTTP/1.1" 204 0
16:02:01 [DEBUG] Starting new HTTPS connection (1): dl.google.com:443
16:02:01 [DEBUG] Starting new HTTPS connection (1): www.gstatic.com:443
16:02:01 [DEBUG] Starting new HTTPS connection (1): www.gstatic.com:443
16:02:01 [DEBUG] https://www.gstatic.com:443 "GET /generate_204 HTTP/1.1" 204 0
16:02:01 [DEBUG] https://dl.google.com:443 "GET /dl/android/studio/install/3.4.1.0/android-studio-ide-183.5522156-windows.exe HTTP/1.1" 200 1017327996
16:02:01 [DEBUG] Starting new HTTPS connection (1): www.gstatic.com:443
16:02:01 [DEBUG] Starting new HTTPS connection (1): dl.google.com:443
16:02:01 [DEBUG] https://dl.google.com:443 "GET /dl/android/studio/install/3.4.1.0/android-studio-ide-183.5522156-windows.exe HTTP/1.1" 200 1017327996
16:02:01 [INFO]    🎯 185.193.158.71 (Нидерланды) - 56.4Mbps, 109ms UDP✅  []
16:02:01 [DEBUG] Starting new HTTPS connection (1): www.google.com:443
16:02:01 [DEBUG] Starting new HTTPS connection (1): cp.cloudflare.com:443
16:02:02 [DEBUG] Starting new HTTPS connection (1): www.gstatic.com:443
16:02:02 [INFO]    📊 Global: 200/400 (50%) | ✅61 ❌139
16:02:02 [INFO]    🎯 147.45.43.58 (Нидерланды) - 15.7Mbps, 1825ms UDP✅  []
16:02:03 [DEBUG] Starting new HTTPS connection (1): www.gstatic.com:443
16:02:03 [DEBUG] Starting new HTTPS connection (1): www.google.com:443
16:02:03 [DEBUG] Starting new HTTPS connection (1): cp.cloudflare.com:443
16:02:03 [DEBUG] Starting new HTTPS connection (1): www.gstatic.com:443
16:02:03 [DEBUG] Starting new HTTPS connection (1): www.google.com:443
16:02:03 [DEBUG] Starting new HTTPS connection (1): cp.cloudflare.com:443
16:02:03 [DEBUG] Starting new HTTPS connection (1): www.google.com:443
16:02:04 [DEBUG] Starting new HTTPS connection (1): www.google.com:443
16:02:04 [INFO]    🎯 51.158.146.213 (Нидерланды) - 1.9Mbps, 127ms UDP✅  []
16:02:05 [DEBUG] Starting new HTTPS connection (1): cp.cloudflare.com:443
16:02:05 [DEBUG] Starting new HTTPS connection (1): www.gstatic.com:443
16:02:05 [DEBUG] https://www.gstatic.com:443 "GET /generate_204 HTTP/1.1" 204 0
16:02:05 [DEBUG] Starting new HTTPS connection (1): www.google.com:443
16:02:05 [DEBUG] Starting new HTTPS connection (1): cp.cloudflare.com:443
16:02:05 [DEBUG] Starting new HTTPS connection (1): www.gstatic.com:443
16:02:05 [DEBUG] Starting new HTTPS connection (1): dl.google.com:443
16:02:05 [DEBUG] https://dl.google.com:443 "GET /dl/android/studio/install/3.4.1.0/android-studio-ide-183.5522156-windows.exe HTTP/1.1" 200 1017327996
16:02:06 [DEBUG] Starting new HTTPS connection (1): www.google.com:443
16:02:06 [DEBUG] Starting new HTTPS connection (1): cp.cloudflare.com:443
16:02:06 [DEBUG] Starting new HTTPS connection (1): www.gstatic.com:443
16:02:06 [DEBUG] Starting new HTTPS connection (1): www.google.com:443
16:02:07 [DEBUG] Starting new HTTPS connection (1): www.gstatic.com:443
16:02:07 [DEBUG] Starting new HTTPS connection (1): www.google.com:443
16:02:07 [DEBUG] Starting new HTTPS connection (1): cp.cloudflare.com:443
16:02:07 [DEBUG] Starting new HTTPS connection (1): www.gstatic.com:443
16:02:07 [DEBUG] Starting new HTTPS connection (1): www.google.com:443
16:02:07 [DEBUG] https://www.google.com:443 "GET /generate_204 HTTP/1.1" 204 0
16:02:07 [DEBUG] Starting new HTTPS connection (1): cp.cloudflare.com:443
16:02:08 [DEBUG] https://cp.cloudflare.com:443 "GET / HTTP/1.1" 204 0
16:02:08 [DEBUG] Starting new HTTPS connection (1): www.gstatic.com:443
16:02:08 [DEBUG] https://www.gstatic.com:443 "GET /generate_204 HTTP/1.1" 204 0
16:02:08 [DEBUG] Starting new HTTPS connection (1): dl.google.com:443
16:02:08 [DEBUG] Starting new HTTPS connection (1): www.gstatic.com:443
16:02:08 [DEBUG] https://dl.google.com:443 "GET /dl/android/studio/install/3.4.1.0/android-studio-ide-183.5522156-windows.exe HTTP/1.1" 200 1017327996
16:02:08 [DEBUG] Starting new HTTPS connection (1): cp.cloudflare.com:443
16:02:08 [DEBUG] Starting new HTTPS connection (1): cp.cloudflare.com:443
16:02:08 [DEBUG] Starting new HTTPS connection (1): www.google.com:443
16:02:09 [DEBUG] Starting new HTTPS connection (1): cp.cloudflare.com:443
16:02:10 [DEBUG] Starting new HTTPS connection (1): www.google.com:443
16:02:10 [DEBUG] Starting new HTTPS connection (1): www.gstatic.com:443
16:02:10 [DEBUG] Starting new HTTPS connection (1): cp.cloudflare.com:443
16:02:10 [DEBUG] Starting new HTTPS connection (1): www.gstatic.com:443
16:02:11 [DEBUG] Starting new HTTPS connection (1): www.google.com:443
16:02:12 [DEBUG] Starting new HTTPS connection (1): www.google.com:443
16:02:12 [DEBUG] https://www.google.com:443 "GET /generate_204 HTTP/1.1" 204 0
16:02:12 [DEBUG] Starting new HTTPS connection (1): cp.cloudflare.com:443
16:02:13 [DEBUG] Starting new HTTPS connection (1): www.gstatic.com:443
16:02:13 [DEBUG] Starting new HTTPS connection (1): cp.cloudflare.com:443
16:02:14 [DEBUG] Starting new HTTPS connection (1): www.google.com:443
16:02:14 [DEBUG] https://www.google.com:443 "GET /generate_204 HTTP/1.1" 204 0
16:02:14 [DEBUG] Starting new HTTPS connection (1): cp.cloudflare.com:443
16:02:14 [DEBUG] Starting new HTTPS connection (1): www.gstatic.com:443
16:02:14 [DEBUG] Starting new HTTPS connection (1): www.google.com:443
16:02:16 [INFO]    🎯 188.166.39.239 (Нидерланды) - 1.2Mbps, 145ms UDP✅  []
16:02:16 [DEBUG] Starting new HTTPS connection (1): cp.cloudflare.com:443
16:02:17 [DEBUG] Starting new HTTPS connection (1): www.gstatic.com:443
16:02:17 [DEBUG] Starting new HTTPS connection (1): www.google.com:443
16:02:17 [DEBUG] Starting new HTTPS connection (1): cp.cloudflare.com:443
16:02:17 [DEBUG] Starting new HTTPS connection (1): www.gstatic.com:443
16:02:17 [DEBUG] https://www.gstatic.com:443 "GET /generate_204 HTTP/1.1" 204 0
16:02:17 [DEBUG] Starting new HTTPS connection (1): dl.google.com:443
16:02:17 [DEBUG] https://dl.google.com:443 "GET /dl/android/studio/install/3.4.1.0/android-studio-ide-183.5522156-windows.exe HTTP/1.1" 200 1017327996
16:02:17 [INFO]    🎯 91.84.111.44 (Нидерланды) - 31.0Mbps, 198ms UDP✅  []
16:02:18 [DEBUG] Starting new HTTPS connection (1): www.google.com:443
16:02:18 [DEBUG] Starting new HTTPS connection (1): cp.cloudflare.com:443
16:02:18 [DEBUG] Starting new HTTPS connection (1): www.gstatic.com:443
16:02:18 [DEBUG] Starting new HTTPS connection (1): www.gstatic.com:443
16:02:19 [DEBUG] Starting new HTTPS connection (1): www.google.com:443
16:02:19 [DEBUG] Starting new HTTPS connection (1): cp.cloudflare.com:443
16:02:19 [DEBUG] Starting new HTTPS connection (1): www.gstatic.com:443
16:02:19 [DEBUG] Starting new HTTPS connection (1): www.gstatic.com:443
16:02:19 [DEBUG] Starting new HTTPS connection (1): cp.cloudflare.com:443
16:02:19 [DEBUG] https://www.gstatic.com:443 "GET /generate_204 HTTP/1.1" 204 0
16:02:19 [DEBUG] Starting new HTTPS connection (1): www.google.com:443
16:02:19 [DEBUG] Starting new HTTPS connection (1): cp.cloudflare.com:443
16:02:19 [DEBUG] Starting new HTTPS connection (1): dl.google.com:443
16:02:19 [DEBUG] Starting new HTTPS connection (1): www.gstatic.com:443
16:02:19 [INFO]    🎯 5.255.114.61 (Нидерланды) - 1.1Mbps, 124ms UDP✅  []
16:02:19 [DEBUG] https://dl.google.com:443 "GET /dl/android/studio/install/3.4.1.0/android-studio-ide-183.5522156-windows.exe HTTP/1.1" 200 1017327996
16:02:20 [DEBUG] Starting new HTTPS connection (1): www.google.com:443
16:02:20 [INFO]    🎯 91.84.103.205 (Нидерланды) - 19.2Mbps, 236ms UDP✅  []
16:02:20 [DEBUG] https://www.google.com:443 "GET /generate_204 HTTP/1.1" 204 0
16:02:20 [DEBUG] Starting new HTTPS connection (1): cp.cloudflare.com:443
16:02:20 [DEBUG] Starting new HTTPS connection (1): www.google.com:443
16:02:20 [DEBUG] Starting new HTTPS connection (1): www.google.com:443
16:02:20 [DEBUG] Starting new HTTPS connection (1): cp.cloudflare.com:443
16:02:20 [DEBUG] Starting new HTTPS connection (1): www.gstatic.com:443
16:02:21 [DEBUG] Starting new HTTPS connection (1): www.google.com:443
16:02:21 [DEBUG] Starting new HTTPS connection (1): www.google.com:443
16:02:21 [DEBUG] Starting new HTTPS connection (1): cp.cloudflare.com:443
16:02:21 [DEBUG] https://www.google.com:443 "GET /generate_204 HTTP/1.1" 204 0
16:02:21 [DEBUG] Starting new HTTPS connection (1): cp.cloudflare.com:443
16:02:21 [DEBUG] Starting new HTTPS connection (1): www.google.com:443
16:02:21 [DEBUG] Starting new HTTPS connection (1): www.gstatic.com:443
16:02:21 [DEBUG] Starting new HTTPS connection (1): www.gstatic.com:443
16:02:21 [DEBUG] Starting new HTTPS connection (1): www.google.com:443
16:02:23 [DEBUG] Starting new HTTPS connection (1): cp.cloudflare.com:443
16:02:23 [DEBUG] Starting new HTTPS connection (1): www.google.com:443
16:02:23 [DEBUG] https://cp.cloudflare.com:443 "GET / HTTP/1.1" 204 0
16:02:23 [DEBUG] Starting new HTTPS connection (1): www.gstatic.com:443
16:02:23 [DEBUG] Starting new HTTPS connection (1): cp.cloudflare.com:443
16:02:23 [DEBUG] Starting new HTTPS connection (1): cp.cloudflare.com:443
16:02:24 [DEBUG] Starting new HTTPS connection (1): www.gstatic.com:443
16:02:24 [DEBUG] https://www.gstatic.com:443 "GET /generate_204 HTTP/1.1" 204 0
16:02:25 [DEBUG] Starting new HTTPS connection (1): dl.google.com:443
16:02:25 [DEBUG] Starting new HTTPS connection (1): www.google.com:443
16:02:25 [DEBUG] https://www.google.com:443 "GET /generate_204 HTTP/1.1" 204 0
16:02:25 [DEBUG] Starting new HTTPS connection (1): cp.cloudflare.com:443
16:02:25 [DEBUG] Starting new HTTPS connection (1): www.gstatic.com:443
16:02:25 [DEBUG] https://cp.cloudflare.com:443 "GET / HTTP/1.1" 204 0
16:02:25 [DEBUG] Starting new HTTPS connection (1): www.gstatic.com:443
16:02:25 [DEBUG] Starting new HTTPS connection (1): cp.cloudflare.com:443
16:02:25 [DEBUG] Starting new HTTPS connection (1): www.gstatic.com:443
16:02:25 [DEBUG] https://www.gstatic.com:443 "GET /generate_204 HTTP/1.1" 204 0
16:02:25 [DEBUG] Starting new HTTPS connection (1): dl.google.com:443
16:02:25 [DEBUG] https://dl.google.com:443 "GET /dl/android/studio/install/3.4.1.0/android-studio-ide-183.5522156-windows.exe HTTP/1.1" 404 1449
16:02:25 [INFO]    🎯 45.148.31.0 (Дания) - 0.0Mbps, 1375ms UDP✅  []
16:02:25 [DEBUG] Starting new HTTPS connection (1): www.gstatic.com:443
16:02:25 [DEBUG] Starting new HTTPS connection (1): www.gstatic.com:443
16:02:26 [DEBUG] https://dl.google.com:443 "GET /dl/android/studio/install/3.4.1.0/android-studio-ide-183.5522156-windows.exe HTTP/1.1" 200 1017327996
16:02:26 [DEBUG] https://www.gstatic.com:443 "GET /generate_204 HTTP/1.1" 204 0
16:02:26 [DEBUG] Starting new HTTPS connection (1): dl.google.com:443
16:02:26 [INFO]    🎯 91.84.105.40 (Нидерланды) - 32.6Mbps, 196ms UDP✅  []
16:02:26 [DEBUG] https://dl.google.com:443 "GET /dl/android/studio/install/3.4.1.0/android-studio-ide-183.5522156-windows.exe HTTP/1.1" 404 1449
16:02:26 [INFO]    🎯 162.19.228.119 (Франция) - 0.0Mbps, 312ms UDP✅  []
16:02:27 [DEBUG] Starting new HTTPS connection (1): www.google.com:443
16:02:27 [DEBUG] Starting new HTTPS connection (1): cp.cloudflare.com:443
16:02:27 [DEBUG] Starting new HTTPS connection (1): www.gstatic.com:443
16:02:27 [DEBUG] Starting new HTTPS connection (1): www.gstatic.com:443
16:02:27 [DEBUG] Starting new HTTPS connection (1): www.google.com:443
16:02:27 [DEBUG] Starting new HTTPS connection (1): cp.cloudflare.com:443
16:02:27 [DEBUG] Starting new HTTPS connection (1): www.gstatic.com:443
16:02:27 [DEBUG] Starting new HTTPS connection (1): www.google.com:443
16:02:27 [INFO]    🎯 fn.takovpn.ru (XX) - 0.2Mbps, 2486ms UDP✅ Reality [www.vk.com]
16:02:28 [DEBUG] Starting new HTTPS connection (1): www.google.com:443
16:02:28 [DEBUG] Starting new HTTPS connection (1): www.google.com:443
16:02:28 [DEBUG] Starting new HTTPS connection (1): www.google.com:443
16:02:28 [DEBUG] Starting new HTTPS connection (1): www.google.com:443
16:02:29 [DEBUG] Starting new HTTPS connection (1): www.google.com:443
16:02:29 [DEBUG] Starting new HTTPS connection (1): www.google.com:443
16:02:29 [DEBUG] Starting new HTTPS connection (1): www.google.com:443
16:02:29 [DEBUG] Starting new HTTPS connection (1): cp.cloudflare.com:443
16:02:30 [DEBUG] Starting new HTTPS connection (1): cp.cloudflare.com:443
16:02:30 [DEBUG] Starting new HTTPS connection (1): cp.cloudflare.com:443
16:02:30 [DEBUG] Starting new HTTPS connection (1): cp.cloudflare.com:443
16:02:30 [DEBUG] Starting new HTTPS connection (1): www.google.com:443
16:02:30 [DEBUG] Starting new HTTPS connection (1): cp.cloudflare.com:443
16:02:30 [DEBUG] Starting new HTTPS connection (1): www.gstatic.com:443
16:02:30 [DEBUG] Starting new HTTPS connection (1): cp.cloudflare.com:443
16:02:30 [DEBUG] Starting new HTTPS connection (1): www.google.com:443
16:02:30 [DEBUG] Starting new HTTPS connection (1): cp.cloudflare.com:443
16:02:30 [DEBUG] Starting new HTTPS connection (1): www.gstatic.com:443
16:02:30 [INFO]    📊 Global: 240/400 (60%) | ✅71 ❌169
16:02:31 [DEBUG] Starting new HTTPS connection (1): cp.cloudflare.com:443
16:02:31 [DEBUG] Starting new HTTPS connection (1): cp.cloudflare.com:443
16:02:31 [DEBUG] Starting new HTTPS connection (1): www.gstatic.com:443
16:02:31 [DEBUG] Starting new HTTPS connection (1): www.google.com:443
16:02:31 [DEBUG] Starting new HTTPS connection (1): cp.cloudflare.com:443
16:02:31 [DEBUG] Starting new HTTPS connection (1): www.gstatic.com:443
16:02:32 [DEBUG] Starting new HTTPS connection (1): www.google.com:443
16:02:32 [DEBUG] Starting new HTTPS connection (1): www.gstatic.com:443
16:02:32 [DEBUG] Starting new HTTPS connection (1): www.gstatic.com:443
16:02:32 [DEBUG] Starting new HTTPS connection (1): www.gstatic.com:443
16:02:32 [DEBUG] Starting new HTTPS connection (1): www.gstatic.com:443
16:02:33 [DEBUG] Starting new HTTPS connection (1): www.google.com:443
16:02:33 [DEBUG] Starting new HTTPS connection (1): www.gstatic.com:443
16:02:33 [DEBUG] Starting new HTTPS connection (1): www.gstatic.com:443
16:02:33 [DEBUG] https://www.google.com:443 "GET /generate_204 HTTP/1.1" 204 0
16:02:33 [DEBUG] Starting new HTTPS connection (1): cp.cloudflare.com:443
16:02:34 [DEBUG] Starting new HTTPS connection (1): cp.cloudflare.com:443
16:02:34 [DEBUG] https://cp.cloudflare.com:443 "GET / HTTP/1.1" 204 0
16:02:34 [DEBUG] Starting new HTTPS connection (1): www.gstatic.com:443
16:02:34 [DEBUG] https://www.gstatic.com:443 "GET /generate_204 HTTP/1.1" 204 0
16:02:34 [DEBUG] Starting new HTTPS connection (1): www.google.com:443
16:02:35 [DEBUG] https://www.google.com:443 "GET /generate_204 HTTP/1.1" 204 0
16:02:35 [DEBUG] Starting new HTTPS connection (1): cp.cloudflare.com:443
16:02:35 [DEBUG] Starting new HTTPS connection (1): dl.google.com:443
16:02:35 [DEBUG] https://cp.cloudflare.com:443 "GET / HTTP/1.1" 204 0
16:02:35 [DEBUG] Starting new HTTPS connection (1): www.gstatic.com:443
16:02:35 [DEBUG] Starting new HTTPS connection (1): www.google.com:443
16:02:35 [DEBUG] https://dl.google.com:443 "GET /dl/android/studio/install/3.4.1.0/android-studio-ide-183.5522156-windows.exe HTTP/1.1" 404 1449
16:02:35 [INFO]    🎯 46.226.167.138 (Франция) - 0.0Mbps, 570ms UDP✅  []
16:02:35 [DEBUG] Starting new HTTPS connection (1): cp.cloudflare.com:443
16:02:35 [DEBUG] Starting new HTTPS connection (1): www.google.com:443
16:02:35 [DEBUG] Starting new HTTPS connection (1): www.gstatic.com:443
16:02:35 [DEBUG] Starting new HTTPS connection (1): cp.cloudflare.com:443
16:02:35 [DEBUG] Starting new HTTPS connection (1): www.gstatic.com:443
16:02:35 [DEBUG] Starting new HTTPS connection (1): www.google.com:443
16:02:35 [DEBUG] Starting new HTTPS connection (1): cp.cloudflare.com:443
16:02:35 [DEBUG] Starting new HTTPS connection (1): www.gstatic.com:443
16:02:35 [DEBUG] Starting new HTTPS connection (1): www.google.com:443
16:02:36 [DEBUG] Starting new HTTPS connection (1): www.google.com:443
16:02:36 [DEBUG] Starting new HTTPS connection (1): www.google.com:443
16:02:36 [DEBUG] Starting new HTTPS connection (1): www.google.com:443
16:02:36 [DEBUG] Starting new HTTPS connection (1): www.google.com:443
16:02:37 [DEBUG] Starting new HTTPS connection (1): cp.cloudflare.com:443
16:02:37 [DEBUG] Starting new HTTPS connection (1): www.google.com:443
16:02:37 [DEBUG] Starting new HTTPS connection (1): www.google.com:443
16:02:37 [DEBUG] https://www.google.com:443 "GET /generate_204 HTTP/1.1" 204 0
16:02:37 [DEBUG] Starting new HTTPS connection (1): cp.cloudflare.com:443
16:02:37 [DEBUG] https://www.gstatic.com:443 "GET /generate_204 HTTP/1.1" 204 0
16:02:37 [DEBUG] https://cp.cloudflare.com:443 "GET / HTTP/1.1" 204 0
16:02:37 [DEBUG] Starting new HTTPS connection (1): www.gstatic.com:443
16:02:37 [DEBUG] Starting new HTTPS connection (1): cp.cloudflare.com:443
16:02:37 [DEBUG] https://www.gstatic.com:443 "GET /generate_204 HTTP/1.1" 204 0
16:02:38 [DEBUG] Starting new HTTPS connection (1): dl.google.com:443
16:02:38 [DEBUG] https://dl.google.com:443 "GET /dl/android/studio/install/3.4.1.0/android-studio-ide-183.5522156-windows.exe HTTP/1.1" 404 1449
16:02:38 [INFO]    🎯 104.18.32.47 (XX) - 0.0Mbps, 260ms UDP✅  []
16:02:38 [DEBUG] Starting new HTTPS connection (1): cp.cloudflare.com:443
16:02:38 [DEBUG] Starting new HTTPS connection (1): cp.cloudflare.com:443
16:02:38 [DEBUG] Starting new HTTPS connection (1): cp.cloudflare.com:443
16:02:39 [DEBUG] Starting new HTTPS connection (1): cp.cloudflare.com:443
16:02:39 [DEBUG] Starting new HTTPS connection (1): cp.cloudflare.com:443
16:02:39 [DEBUG] Starting new HTTPS connection (1): www.gstatic.com:443
16:02:39 [DEBUG] Starting new HTTPS connection (1): www.google.com:443
16:02:39 [DEBUG] Starting new HTTPS connection (1): cp.cloudflare.com:443
16:02:39 [DEBUG] Starting new HTTPS connection (1): www.gstatic.com:443
16:02:39 [DEBUG] Starting new HTTPS connection (1): www.gstatic.com:443
16:02:40 [DEBUG] Starting new HTTPS connection (1): dl.google.com:443
16:02:40 [DEBUG] Starting new HTTPS connection (1): www.gstatic.com:443
16:02:40 [DEBUG] Starting new HTTPS connection (1): www.gstatic.com:443
16:02:41 [DEBUG] Starting new HTTPS connection (1): www.google.com:443
16:02:41 [DEBUG] Starting new HTTPS connection (1): www.gstatic.com:443
16:02:41 [DEBUG] Starting new HTTPS connection (1): www.gstatic.com:443
16:02:41 [DEBUG] Starting new HTTPS connection (1): www.gstatic.com:443
16:02:41 [DEBUG] https://dl.google.com:443 "GET /dl/android/studio/install/3.4.1.0/android-studio-ide-183.5522156-windows.exe HTTP/1.1" 200 1017327996
16:02:42 [DEBUG] Starting new HTTPS connection (1): www.gstatic.com:443
16:02:43 [DEBUG] Starting new HTTPS connection (1): cp.cloudflare.com:443
16:02:43 [DEBUG] Starting new HTTPS connection (1): www.google.com:443
16:02:43 [DEBUG] https://www.google.com:443 "GET /generate_204 HTTP/1.1" 204 0
16:02:43 [DEBUG] Starting new HTTPS connection (1): cp.cloudflare.com:443
16:02:44 [DEBUG] Starting new HTTPS connection (1): www.google.com:443
16:02:44 [DEBUG] Starting new HTTPS connection (1): cp.cloudflare.com:443
16:02:44 [DEBUG] Starting new HTTPS connection (1): www.gstatic.com:443
16:02:44 [DEBUG] Starting new HTTPS connection (1): www.google.com:443
16:02:44 [DEBUG] Starting new HTTPS connection (1): cp.cloudflare.com:443
16:02:44 [DEBUG] Starting new HTTPS connection (1): www.google.com:443
16:02:44 [DEBUG] Starting new HTTPS connection (1): www.gstatic.com:443
16:02:44 [DEBUG] Starting new HTTPS connection (1): www.google.com:443
16:02:44 [DEBUG] Starting new HTTPS connection (1): www.google.com:443
16:02:45 [DEBUG] Starting new HTTPS connection (1): www.gstatic.com:443
16:02:45 [DEBUG] Starting new HTTPS connection (1): www.google.com:443
16:02:45 [DEBUG] Starting new HTTPS connection (1): www.google.com:443
16:02:45 [DEBUG] Starting new HTTPS connection (1): www.google.com:443
16:02:46 [DEBUG] Starting new HTTPS connection (1): cp.cloudflare.com:443
16:02:46 [DEBUG] Starting new HTTPS connection (1): cp.cloudflare.com:443
16:02:46 [DEBUG] Starting new HTTPS connection (1): cp.cloudflare.com:443
16:02:47 [DEBUG] Starting new HTTPS connection (1): cp.cloudflare.com:443
16:02:47 [DEBUG] Starting new HTTPS connection (1): cp.cloudflare.com:443
16:02:47 [DEBUG] Starting new HTTPS connection (1): cp.cloudflare.com:443
16:02:48 [DEBUG] Starting new HTTPS connection (1): www.google.com:443
16:02:48 [DEBUG] Starting new HTTPS connection (1): www.google.com:443
16:02:48 [DEBUG] Starting new HTTPS connection (1): www.gstatic.com:443
16:02:48 [DEBUG] https://www.gstatic.com:443 "GET /generate_204 HTTP/1.1" 204 0
16:02:48 [DEBUG] Starting new HTTPS connection (1): dl.google.com:443
16:02:48 [DEBUG] https://dl.google.com:443 "GET /dl/android/studio/install/3.4.1.0/android-studio-ide-183.5522156-windows.exe HTTP/1.1" 200 1017327996
16:02:48 [DEBUG] Starting new HTTPS connection (1): www.gstatic.com:443
16:02:48 [DEBUG] Starting new HTTPS connection (1): www.gstatic.com:443
16:02:48 [INFO]    🎯 94.140.0.1 (AE) - 35.4Mbps, 91ms UDP✅  []
16:02:48 [DEBUG] Starting new HTTPS connection (1): www.gstatic.com:443
16:02:49 [DEBUG] Starting new HTTPS connection (1): www.gstatic.com:443
16:02:49 [DEBUG] Starting new HTTPS connection (1): www.gstatic.com:443
16:02:49 [DEBUG] Starting new HTTPS connection (1): www.gstatic.com:443
16:02:49 [DEBUG] Starting new HTTPS connection (1): www.google.com:443
16:02:50 [DEBUG] Starting new HTTPS connection (1): cp.cloudflare.com:443
16:02:50 [DEBUG] Starting new HTTPS connection (1): cp.cloudflare.com:443
16:02:51 [DEBUG] Starting new HTTPS connection (1): www.google.com:443
16:02:51 [DEBUG] Starting new HTTPS connection (1): www.google.com:443
16:02:52 [DEBUG] Starting new HTTPS connection (1): www.google.com:443
16:02:52 [DEBUG] Starting new HTTPS connection (1): www.gstatic.com:443
16:02:52 [DEBUG] Starting new HTTPS connection (1): cp.cloudflare.com:443
16:02:52 [DEBUG] Starting new HTTPS connection (1): www.gstatic.com:443
16:02:52 [DEBUG] Starting new HTTPS connection (1): www.google.com:443
16:02:52 [DEBUG] Starting new HTTPS connection (1): cp.cloudflare.com:443
16:02:52 [DEBUG] Starting new HTTPS connection (1): www.google.com:443
16:02:52 [DEBUG] Starting new HTTPS connection (1): www.gstatic.com:443
16:02:53 [DEBUG] Starting new HTTPS connection (1): www.google.com:443
16:02:54 [DEBUG] Starting new HTTPS connection (1): cp.cloudflare.com:443
16:02:54 [DEBUG] Starting new HTTPS connection (1): www.google.com:443
16:02:54 [DEBUG] Starting new HTTPS connection (1): cp.cloudflare.com:443
16:02:54 [DEBUG] Starting new HTTPS connection (1): www.gstatic.com:443
16:02:54 [DEBUG] Starting new HTTPS connection (1): cp.cloudflare.com:443
16:02:54 [DEBUG] Starting new HTTPS connection (1): www.gstatic.com:443
16:02:55 [DEBUG] Starting new HTTPS connection (1): cp.cloudflare.com:443
16:02:55 [DEBUG] Starting new HTTPS connection (1): cp.cloudflare.com:443
16:02:55 [DEBUG] Starting new HTTPS connection (1): www.google.com:443
16:02:55 [DEBUG] Starting new HTTPS connection (1): www.google.com:443
16:02:55 [DEBUG] Starting new HTTPS connection (1): www.google.com:443
16:02:56 [DEBUG] Starting new HTTPS connection (1): www.gstatic.com:443
16:02:56 [DEBUG] Starting new HTTPS connection (1): www.gstatic.com:443
16:02:56 [DEBUG] Starting new HTTPS connection (1): cp.cloudflare.com:443
16:02:57 [DEBUG] Starting new HTTPS connection (1): www.gstatic.com:443
16:02:57 [DEBUG] Starting new HTTPS connection (1): www.gstatic.com:443
16:02:57 [DEBUG] Starting new HTTPS connection (1): cp.cloudflare.com:443
16:02:57 [DEBUG] Starting new HTTPS connection (1): cp.cloudflare.com:443
16:02:58 [DEBUG] Starting new HTTPS connection (1): www.google.com:443
16:02:58 [DEBUG] Starting new HTTPS connection (1): cp.cloudflare.com:443
16:02:58 [DEBUG] Starting new HTTPS connection (1): www.gstatic.com:443
16:02:58 [DEBUG] Starting new HTTPS connection (1): cp.cloudflare.com:443
16:02:58 [INFO]    📊 Global: 280/400 (70%) | ✅74 ❌206
16:02:59 [DEBUG] Starting new HTTPS connection (1): www.google.com:443
16:02:59 [DEBUG] Starting new HTTPS connection (1): www.gstatic.com:443
16:02:59 [DEBUG] Starting new HTTPS connection (1): www.gstatic.com:443
16:02:59 [DEBUG] Starting new HTTPS connection (1): www.google.com:443
16:02:59 [DEBUG] Starting new HTTPS connection (1): www.google.com:443
16:02:59 [DEBUG] Starting new HTTPS connection (1): cp.cloudflare.com:443
16:02:59 [DEBUG] Starting new HTTPS connection (1): www.gstatic.com:443
16:03:00 [DEBUG] Starting new HTTPS connection (1): www.google.com:443
16:03:00 [DEBUG] Starting new HTTPS connection (1): www.google.com:443
16:03:00 [DEBUG] Starting new HTTPS connection (1): cp.cloudflare.com:443
16:03:00 [DEBUG] Starting new HTTPS connection (1): www.gstatic.com:443
16:03:00 [DEBUG] Starting new HTTPS connection (1): www.gstatic.com:443
16:03:01 [DEBUG] Starting new HTTPS connection (1): www.google.com:443
16:03:01 [DEBUG] Starting new HTTPS connection (1): cp.cloudflare.com:443
16:03:01 [DEBUG] Starting new HTTPS connection (1): www.gstatic.com:443
16:03:01 [DEBUG] Starting new HTTPS connection (1): www.google.com:443
16:03:01 [DEBUG] Starting new HTTPS connection (1): www.gstatic.com:443
16:03:01 [DEBUG] Starting new HTTPS connection (1): cp.cloudflare.com:443
16:03:02 [INFO]    🎯 57.129.137.56 (Британия) - 0.6Mbps, 906ms UDP❌  []
16:03:02 [DEBUG] https://www.google.com:443 "GET /generate_204 HTTP/1.1" 204 0
16:03:02 [DEBUG] Starting new HTTPS connection (1): cp.cloudflare.com:443
16:03:02 [DEBUG] Starting new HTTPS connection (1): www.google.com:443
16:03:02 [DEBUG] Starting new HTTPS connection (1): cp.cloudflare.com:443
16:03:02 [DEBUG] Starting new HTTPS connection (1): cp.cloudflare.com:443
16:03:03 [DEBUG] Starting new HTTPS connection (1): www.google.com:443
16:03:03 [DEBUG] Starting new HTTPS connection (1): www.google.com:443
16:03:03 [DEBUG] Starting new HTTPS connection (1): cp.cloudflare.com:443
16:03:03 [DEBUG] Starting new HTTPS connection (1): www.gstatic.com:443
16:03:03 [DEBUG] Starting new HTTPS connection (1): www.google.com:443
16:03:04 [DEBUG] Starting new HTTPS connection (1): www.gstatic.com:443
16:03:04 [DEBUG] Starting new HTTPS connection (1): www.google.com:443
16:03:04 [DEBUG] Starting new HTTPS connection (1): www.google.com:443
16:03:04 [DEBUG] Starting new HTTPS connection (1): cp.cloudflare.com:443
16:03:05 [DEBUG] Starting new HTTPS connection (1): www.gstatic.com:443
16:03:05 [DEBUG] Starting new HTTPS connection (1): cp.cloudflare.com:443
16:03:05 [DEBUG] Starting new HTTPS connection (1): www.gstatic.com:443
16:03:05 [DEBUG] Starting new HTTPS connection (1): cp.cloudflare.com:443
16:03:06 [DEBUG] Starting new HTTPS connection (1): cp.cloudflare.com:443
16:03:06 [DEBUG] Starting new HTTPS connection (1): cp.cloudflare.com:443
16:03:06 [DEBUG] Starting new HTTPS connection (1): www.gstatic.com:443
16:03:07 [DEBUG] Starting new HTTPS connection (1): www.gstatic.com:443
16:03:07 [DEBUG] Starting new HTTPS connection (1): www.gstatic.com:443
16:03:07 [DEBUG] https://www.gstatic.com:443 "GET /generate_204 HTTP/1.1" 204 0
16:03:07 [DEBUG] Starting new HTTPS connection (1): dl.google.com:443
16:03:07 [DEBUG] Starting new HTTPS connection (1): www.gstatic.com:443
16:03:07 [DEBUG] https://dl.google.com:443 "GET /dl/android/studio/install/3.4.1.0/android-studio-ide-183.5522156-windows.exe HTTP/1.1" 200 1017327996
16:03:08 [INFO]    🎯 162.159.12.151 (XX) - 25.0Mbps, 294ms UDP✅  []
16:03:08 [DEBUG] Starting new HTTPS connection (1): www.google.com:443
16:03:08 [DEBUG] Starting new HTTPS connection (1): www.google.com:443
16:03:08 [DEBUG] https://www.google.com:443 "GET /generate_204 HTTP/1.1" 204 0
16:03:08 [DEBUG] Starting new HTTPS connection (1): cp.cloudflare.com:443
16:03:08 [DEBUG] https://cp.cloudflare.com:443 "GET / HTTP/1.1" 204 0
16:03:08 [DEBUG] Starting new HTTPS connection (1): www.gstatic.com:443
16:03:08 [DEBUG] Starting new HTTPS connection (1): www.google.com:443
16:03:08 [DEBUG] https://www.gstatic.com:443 "GET /generate_204 HTTP/1.1" 204 0
16:03:08 [DEBUG] Starting new HTTPS connection (1): dl.google.com:443
16:03:08 [DEBUG] https://dl.google.com:443 "GET /dl/android/studio/install/3.4.1.0/android-studio-ide-183.5522156-windows.exe HTTP/1.1" 200 1017327996
16:03:08 [INFO]    🎯 162.159.152.4 (XX) - 45.7Mbps, 151ms UDP✅  []
16:03:08 [DEBUG] Starting new HTTPS connection (1): www.gstatic.com:443
16:03:09 [DEBUG] Starting new HTTPS connection (1): www.google.com:443
16:03:09 [DEBUG] Starting new HTTPS connection (1): www.gstatic.com:443
16:03:09 [DEBUG] Starting new HTTPS connection (1): www.google.com:443
16:03:10 [DEBUG] Starting new HTTPS connection (1): www.google.com:443
16:03:10 [DEBUG] Starting new HTTPS connection (1): www.google.com:443
16:03:10 [DEBUG] Starting new HTTPS connection (1): cp.cloudflare.com:443
16:03:10 [DEBUG] Starting new HTTPS connection (1): www.gstatic.com:443
16:03:10 [DEBUG] Starting new HTTPS connection (1): cp.cloudflare.com:443
16:03:10 [DEBUG] Starting new HTTPS connection (1): www.google.com:443
16:03:10 [DEBUG] Starting new HTTPS connection (1): cp.cloudflare.com:443
16:03:10 [DEBUG] Starting new HTTPS connection (1): www.gstatic.com:443
16:03:10 [DEBUG] Starting new HTTPS connection (1): cp.cloudflare.com:443
16:03:11 [DEBUG] Starting new HTTPS connection (1): www.google.com:443
16:03:11 [DEBUG] Starting new HTTPS connection (1): cp.cloudflare.com:443
16:03:11 [DEBUG] Starting new HTTPS connection (1): www.gstatic.com:443
16:03:11 [DEBUG] Starting new HTTPS connection (1): cp.cloudflare.com:443
16:03:11 [DEBUG] Starting new HTTPS connection (1): www.google.com:443
16:03:11 [DEBUG] Starting new HTTPS connection (1): cp.cloudflare.com:443
16:03:11 [DEBUG] Starting new HTTPS connection (1): www.gstatic.com:443
16:03:12 [DEBUG] Starting new HTTPS connection (1): www.google.com:443
16:03:12 [DEBUG] Starting new HTTPS connection (1): cp.cloudflare.com:443
16:03:12 [DEBUG] Starting new HTTPS connection (1): www.gstatic.com:443
16:03:12 [DEBUG] Starting new HTTPS connection (1): www.google.com:443
16:03:12 [DEBUG] Starting new HTTPS connection (1): www.google.com:443
16:03:12 [DEBUG] Starting new HTTPS connection (1): cp.cloudflare.com:443
16:03:12 [DEBUG] Starting new HTTPS connection (1): www.gstatic.com:443
16:03:12 [DEBUG] Starting new HTTPS connection (1): www.google.com:443
16:03:12 [DEBUG] Starting new HTTPS connection (1): www.gstatic.com:443
16:03:12 [DEBUG] Starting new HTTPS connection (1): www.google.com:443
16:03:12 [DEBUG] Starting new HTTPS connection (1): cp.cloudflare.com:443
16:03:12 [DEBUG] Starting new HTTPS connection (1): www.gstatic.com:443
16:03:13 [DEBUG] Starting new HTTPS connection (1): cp.cloudflare.com:443
16:03:13 [DEBUG] Starting new HTTPS connection (1): cp.cloudflare.com:443
16:03:13 [DEBUG] Starting new HTTPS connection (1): www.google.com:443
16:03:13 [DEBUG] Starting new HTTPS connection (1): www.google.com:443
16:03:13 [DEBUG] Starting new HTTPS connection (1): www.gstatic.com:443
16:03:13 [DEBUG] https://www.google.com:443 "GET /generate_204 HTTP/1.1" 204 0
16:03:13 [DEBUG] Starting new HTTPS connection (1): cp.cloudflare.com:443
16:03:14 [DEBUG] Starting new HTTPS connection (1): www.gstatic.com:443
16:03:14 [DEBUG] Starting new HTTPS connection (1): www.google.com:443
16:03:14 [DEBUG] https://cp.cloudflare.com:443 "GET / HTTP/1.1" 204 0
16:03:14 [DEBUG] Starting new HTTPS connection (1): www.gstatic.com:443
16:03:14 [DEBUG] Starting new HTTPS connection (1): cp.cloudflare.com:443
16:03:14 [DEBUG] https://www.gstatic.com:443 "GET /generate_204 HTTP/1.1" 204 0
16:03:15 [DEBUG] Starting new HTTPS connection (1): cp.cloudflare.com:443
16:03:15 [DEBUG] Starting new HTTPS connection (1): www.gstatic.com:443
16:03:15 [DEBUG] Starting new HTTPS connection (1): www.gstatic.com:443
16:03:15 [DEBUG] Starting new HTTPS connection (1): cp.cloudflare.com:443
16:03:16 [DEBUG] Starting new HTTPS connection (1): www.google.com:443
16:03:16 [DEBUG] Starting new HTTPS connection (1): www.gstatic.com:443
16:03:17 [DEBUG] Starting new HTTPS connection (1): dl.google.com:443
16:03:17 [DEBUG] Starting new HTTPS connection (1): www.google.com:443
16:03:17 [DEBUG] Starting new HTTPS connection (1): www.google.com:443
16:03:17 [DEBUG] https://dl.google.com:443 "GET /dl/android/studio/install/3.4.1.0/android-studio-ide-183.5522156-windows.exe HTTP/1.1" 200 1017327996
16:03:17 [DEBUG] Starting new HTTPS connection (1): www.gstatic.com:443
16:03:17 [INFO]    🎯 104.17.73.206 (XX) - 37.8Mbps, 228ms UDP❌  []
16:03:17 [DEBUG] Starting new HTTPS connection (1): www.gstatic.com:443
16:03:18 [DEBUG] Starting new HTTPS connection (1): cp.cloudflare.com:443
16:03:18 [DEBUG] Starting new HTTPS connection (1): www.google.com:443
16:03:19 [DEBUG] Starting new HTTPS connection (1): www.google.com:443
16:03:19 [DEBUG] Starting new HTTPS connection (1): cp.cloudflare.com:443
16:03:19 [DEBUG] Starting new HTTPS connection (1): www.google.com:443
16:03:19 [DEBUG] Starting new HTTPS connection (1): www.google.com:443
16:03:19 [DEBUG] Starting new HTTPS connection (1): cp.cloudflare.com:443
16:03:19 [DEBUG] Starting new HTTPS connection (1): www.gstatic.com:443
16:03:19 [DEBUG] Starting new HTTPS connection (1): cp.cloudflare.com:443
16:03:20 [DEBUG] Starting new HTTPS connection (1): www.gstatic.com:443
16:03:20 [DEBUG] Starting new HTTPS connection (1): cp.cloudflare.com:443
16:03:20 [DEBUG] Starting new HTTPS connection (1): cp.cloudflare.com:443
16:03:20 [DEBUG] Starting new HTTPS connection (1): www.gstatic.com:443
16:03:21 [DEBUG] Starting new HTTPS connection (1): cp.cloudflare.com:443
16:03:21 [DEBUG] Starting new HTTPS connection (1): www.google.com:443
16:03:21 [DEBUG] Starting new HTTPS connection (1): cp.cloudflare.com:443
16:03:21 [DEBUG] Starting new HTTPS connection (1): www.google.com:443
16:03:21 [DEBUG] Starting new HTTPS connection (1): www.gstatic.com:443
16:03:21 [DEBUG] Starting new HTTPS connection (1): www.google.com:443
16:03:21 [DEBUG] Starting new HTTPS connection (1): cp.cloudflare.com:443
16:03:21 [DEBUG] Starting new HTTPS connection (1): cp.cloudflare.com:443
16:03:21 [DEBUG] Starting new HTTPS connection (1): www.gstatic.com:443
16:03:21 [INFO]    📊 Global: 320/400 (80%) | ✅78 ❌242
16:03:21 [DEBUG] Starting new HTTPS connection (1): www.google.com:443
16:03:22 [DEBUG] Starting new HTTPS connection (1): www.gstatic.com:443
16:03:22 [DEBUG] Starting new HTTPS connection (1): www.google.com:443
16:03:22 [DEBUG] Starting new HTTPS connection (1): www.google.com:443
16:03:22 [DEBUG] Starting new HTTPS connection (1): www.gstatic.com:443
16:03:23 [DEBUG] Starting new HTTPS connection (1): www.gstatic.com:443
16:03:23 [DEBUG] Starting new HTTPS connection (1): cp.cloudflare.com:443
16:03:23 [DEBUG] Starting new HTTPS connection (1): www.gstatic.com:443
16:03:23 [DEBUG] Starting new HTTPS connection (1): www.google.com:443
16:03:23 [DEBUG] https://cp.cloudflare.com:443 "GET / HTTP/1.1" 204 0
16:03:23 [DEBUG] Starting new HTTPS connection (1): www.gstatic.com:443
16:03:24 [DEBUG] Starting new HTTPS connection (1): cp.cloudflare.com:443
16:03:24 [DEBUG] Starting new HTTPS connection (1): cp.cloudflare.com:443
16:03:24 [DEBUG] Starting new HTTPS connection (1): cp.cloudflare.com:443
16:03:25 [DEBUG] Starting new HTTPS connection (1): www.gstatic.com:443
16:03:25 [DEBUG] Starting new HTTPS connection (1): www.google.com:443
16:03:25 [DEBUG] Starting new HTTPS connection (1): cp.cloudflare.com:443
16:03:25 [DEBUG] Starting new HTTPS connection (1): www.gstatic.com:443
16:03:26 [DEBUG] Starting new HTTPS connection (1): www.gstatic.com:443
16:03:26 [DEBUG] Starting new HTTPS connection (1): www.google.com:443
16:03:26 [DEBUG] Starting new HTTPS connection (1): cp.cloudflare.com:443
16:03:26 [DEBUG] Starting new HTTPS connection (1): www.gstatic.com:443
16:03:26 [DEBUG] Starting new HTTPS connection (1): www.google.com:443
16:03:26 [DEBUG] https://www.google.com:443 "GET /generate_204 HTTP/1.1" 204 0
16:03:26 [DEBUG] Starting new HTTPS connection (1): cp.cloudflare.com:443
16:03:26 [DEBUG] https://cp.cloudflare.com:443 "GET / HTTP/1.1" 204 0
16:03:26 [DEBUG] Starting new HTTPS connection (1): www.gstatic.com:443
16:03:26 [DEBUG] Starting new HTTPS connection (1): www.google.com:443
16:03:26 [DEBUG] Starting new HTTPS connection (1): www.gstatic.com:443
16:03:26 [DEBUG] Starting new HTTPS connection (1): www.gstatic.com:443
16:03:27 [DEBUG] Starting new HTTPS connection (1): www.google.com:443
16:03:27 [DEBUG] https://www.gstatic.com:443 "GET /generate_204 HTTP/1.1" 204 0
16:03:27 [DEBUG] Starting new HTTPS connection (1): dl.google.com:443
16:03:27 [DEBUG] https://dl.google.com:443 "GET /dl/android/studio/install/3.4.1.0/android-studio-ide-183.5522156-windows.exe HTTP/1.1" 200 1017327996
16:03:27 [DEBUG] Starting new HTTPS connection (1): www.google.com:443
16:03:27 [INFO]    🎯 172.64.152.23 (XX) - 33.1Mbps, 223ms UDP✅  []
16:03:28 [DEBUG] Starting new HTTPS connection (1): cp.cloudflare.com:443
16:03:28 [DEBUG] Starting new HTTPS connection (1): www.google.com:443
16:03:28 [DEBUG] Starting new HTTPS connection (1): cp.cloudflare.com:443
16:03:28 [DEBUG] Starting new HTTPS connection (1): www.google.com:443
16:03:29 [DEBUG] Starting new HTTPS connection (1): cp.cloudflare.com:443
16:03:29 [DEBUG] Starting new HTTPS connection (1): www.google.com:443
16:03:29 [DEBUG] https://www.google.com:443 "GET /generate_204 HTTP/1.1" 204 0
16:03:29 [DEBUG] Starting new HTTPS connection (1): cp.cloudflare.com:443
16:03:29 [DEBUG] https://www.google.com:443 "GET /generate_204 HTTP/1.1" 204 0
16:03:29 [DEBUG] Starting new HTTPS connection (1): cp.cloudflare.com:443
16:03:29 [DEBUG] Starting new HTTPS connection (1): cp.cloudflare.com:443
16:03:29 [DEBUG] https://cp.cloudflare.com:443 "GET / HTTP/1.1" 204 0
16:03:29 [DEBUG] Starting new HTTPS connection (1): www.gstatic.com:443
16:03:29 [DEBUG] Starting new HTTPS connection (1): www.google.com:443
16:03:30 [DEBUG] Starting new HTTPS connection (1): www.google.com:443
16:03:30 [DEBUG] Starting new HTTPS connection (1): www.google.com:443
16:03:30 [DEBUG] https://cp.cloudflare.com:443 "GET / HTTP/1.1" 204 0
16:03:30 [DEBUG] Starting new HTTPS connection (1): www.gstatic.com:443
16:03:30 [DEBUG] https://www.gstatic.com:443 "GET /generate_204 HTTP/1.1" 204 0
16:03:30 [DEBUG] Starting new HTTPS connection (1): dl.google.com:443
16:03:30 [INFO]    🎯 172.64.144.74 (XX) - 0.0Mbps, 446ms UDP✅  []
16:03:30 [DEBUG] Starting new HTTPS connection (1): dl.google.com:443
16:03:30 [DEBUG] Starting new HTTPS connection (1): cp.cloudflare.com:443
16:03:30 [DEBUG] Starting new HTTPS connection (1): www.gstatic.com:443
16:03:31 [DEBUG] Starting new HTTPS connection (1): www.gstatic.com:443
16:03:31 [DEBUG] https://www.google.com:443 "GET /generate_204 HTTP/1.1" 204 0
16:03:31 [DEBUG] Starting new HTTPS connection (1): cp.cloudflare.com:443
16:03:31 [DEBUG] https://cp.cloudflare.com:443 "GET / HTTP/1.1" 204 0
16:03:31 [DEBUG] Starting new HTTPS connection (1): www.gstatic.com:443
16:03:31 [DEBUG] Starting new HTTPS connection (1): www.gstatic.com:443
16:03:31 [DEBUG] Starting new HTTPS connection (1): www.google.com:443
16:03:32 [DEBUG] Starting new HTTPS connection (1): cp.cloudflare.com:443
16:03:32 [DEBUG] https://dl.google.com:443 "GET /dl/android/studio/install/3.4.1.0/android-studio-ide-183.5522156-windows.exe HTTP/1.1" 404 1449
16:03:32 [INFO]    🎯 104.18.32.47 (XX) - 0.0Mbps, 476ms UDP✅  []
16:03:32 [DEBUG] https://www.gstatic.com:443 "GET /generate_204 HTTP/1.1" 204 0
16:03:32 [DEBUG] Starting new HTTPS connection (1): dl.google.com:443
16:03:32 [DEBUG] Starting new HTTPS connection (1): www.gstatic.com:443
16:03:33 [DEBUG] https://dl.google.com:443 "GET /dl/android/studio/install/3.4.1.0/android-studio-ide-183.5522156-windows.exe HTTP/1.1" 404 1449
16:03:33 [INFO]    🎯 104.21.3.219 (XX) - 0.0Mbps, 794ms UDP✅  []
16:03:33 [DEBUG] Starting new HTTPS connection (1): www.google.com:443
16:03:33 [DEBUG] Starting new HTTPS connection (1): cp.cloudflare.com:443
16:03:33 [DEBUG] Starting new HTTPS connection (1): cp.cloudflare.com:443
16:03:33 [DEBUG] Starting new HTTPS connection (1): www.gstatic.com:443
16:03:33 [DEBUG] Starting new HTTPS connection (1): www.gstatic.com:443
16:03:33 [DEBUG] Starting new HTTPS connection (1): cp.cloudflare.com:443
16:03:34 [DEBUG] Starting new HTTPS connection (1): www.gstatic.com:443
16:03:34 [DEBUG] Starting new HTTPS connection (1): www.google.com:443
16:03:34 [DEBUG] Starting new HTTPS connection (1): cp.cloudflare.com:443
16:03:34 [DEBUG] Starting new HTTPS connection (1): www.google.com:443
16:03:34 [DEBUG] Starting new HTTPS connection (1): www.gstatic.com:443
16:03:34 [DEBUG] Starting new HTTPS connection (1): www.google.com:443
16:03:34 [DEBUG] Starting new HTTPS connection (1): www.google.com:443
16:03:34 [DEBUG] Starting new HTTPS connection (1): cp.cloudflare.com:443
16:03:34 [DEBUG] Starting new HTTPS connection (1): www.gstatic.com:443
16:03:35 [DEBUG] https://www.gstatic.com:443 "GET /generate_204 HTTP/1.1" 204 0
16:03:35 [DEBUG] Starting new HTTPS connection (1): www.google.com:443
16:03:35 [DEBUG] Starting new HTTPS connection (1): cp.cloudflare.com:443
16:03:35 [DEBUG] Starting new HTTPS connection (1): www.gstatic.com:443
16:03:35 [DEBUG] Starting new HTTPS connection (1): www.gstatic.com:443
16:03:35 [DEBUG] Starting new HTTPS connection (1): www.google.com:443
16:03:35 [DEBUG] Starting new HTTPS connection (1): cp.cloudflare.com:443
16:03:35 [DEBUG] Starting new HTTPS connection (1): www.gstatic.com:443
16:03:36 [DEBUG] Starting new HTTPS connection (1): www.google.com:443
16:03:36 [DEBUG] Starting new HTTPS connection (1): www.google.com:443
16:03:36 [DEBUG] Starting new HTTPS connection (1): cp.cloudflare.com:443
16:03:36 [DEBUG] Starting new HTTPS connection (1): www.gstatic.com:443
16:03:36 [DEBUG] Starting new HTTPS connection (1): www.gstatic.com:443
16:03:36 [DEBUG] Starting new HTTPS connection (1): www.google.com:443
16:03:36 [DEBUG] Starting new HTTPS connection (1): cp.cloudflare.com:443
16:03:36 [DEBUG] Starting new HTTPS connection (1): www.gstatic.com:443
16:03:36 [DEBUG] Starting new HTTPS connection (1): www.google.com:443
16:03:36 [DEBUG] Starting new HTTPS connection (1): cp.cloudflare.com:443
16:03:36 [DEBUG] Starting new HTTPS connection (1): cp.cloudflare.com:443
16:03:37 [DEBUG] Starting new HTTPS connection (1): www.google.com:443
16:03:37 [DEBUG] Starting new HTTPS connection (1): www.google.com:443
16:03:37 [DEBUG] Starting new HTTPS connection (1): cp.cloudflare.com:443
16:03:37 [DEBUG] Starting new HTTPS connection (1): www.gstatic.com:443
16:03:37 [DEBUG] Starting new HTTPS connection (1): www.google.com:443
16:03:37 [DEBUG] Starting new HTTPS connection (1): cp.cloudflare.com:443
16:03:37 [DEBUG] Starting new HTTPS connection (1): www.gstatic.com:443
16:03:37 [DEBUG] Starting new HTTPS connection (1): www.google.com:443
16:03:38 [DEBUG] Starting new HTTPS connection (1): cp.cloudflare.com:443
16:03:38 [DEBUG] Starting new HTTPS connection (1): www.gstatic.com:443
16:03:38 [DEBUG] Starting new HTTPS connection (1): www.google.com:443
16:03:38 [DEBUG] Starting new HTTPS connection (1): www.google.com:443
16:03:38 [DEBUG] Starting new HTTPS connection (1): www.gstatic.com:443
16:03:38 [DEBUG] Starting new HTTPS connection (1): cp.cloudflare.com:443
16:03:39 [DEBUG] Starting new HTTPS connection (1): www.google.com:443
16:03:39 [DEBUG] Starting new HTTPS connection (1): cp.cloudflare.com:443
16:03:39 [DEBUG] Starting new HTTPS connection (1): www.google.com:443
16:03:39 [DEBUG] Starting new HTTPS connection (1): cp.cloudflare.com:443
16:03:40 [DEBUG] Starting new HTTPS connection (1): www.gstatic.com:443
16:03:40 [DEBUG] Starting new HTTPS connection (1): cp.cloudflare.com:443
16:03:41 [DEBUG] Starting new HTTPS connection (1): cp.cloudflare.com:443
16:03:41 [DEBUG] Starting new HTTPS connection (1): www.gstatic.com:443
16:03:41 [DEBUG] Starting new HTTPS connection (1): cp.cloudflare.com:443
16:03:41 [DEBUG] Starting new HTTPS connection (1): cp.cloudflare.com:443
16:03:41 [DEBUG] Starting new HTTPS connection (1): www.google.com:443
16:03:41 [DEBUG] Starting new HTTPS connection (1): www.gstatic.com:443
16:03:42 [DEBUG] Starting new HTTPS connection (1): www.google.com:443
16:03:42 [DEBUG] Starting new HTTPS connection (1): www.gstatic.com:443
16:03:42 [DEBUG] Starting new HTTPS connection (1): www.gstatic.com:443
16:03:43 [DEBUG] Starting new HTTPS connection (1): www.gstatic.com:443
16:03:43 [DEBUG] Starting new HTTPS connection (1): www.gstatic.com:443
16:03:43 [DEBUG] Starting new HTTPS connection (1): www.google.com:443
16:03:43 [DEBUG] Starting new HTTPS connection (1): cp.cloudflare.com:443
16:03:43 [DEBUG] Starting new HTTPS connection (1): www.gstatic.com:443
16:03:44 [DEBUG] Starting new HTTPS connection (1): www.gstatic.com:443
16:03:44 [DEBUG] Starting new HTTPS connection (1): cp.cloudflare.com:443
16:03:44 [INFO]    📊 Global: 360/400 (90%) | ✅82 ❌278
16:03:44 [DEBUG] Starting new HTTPS connection (1): cp.cloudflare.com:443
16:03:45 [DEBUG] Starting new HTTPS connection (1): www.google.com:443
16:03:45 [DEBUG] Starting new HTTPS connection (1): www.google.com:443
16:03:45 [DEBUG] Starting new HTTPS connection (1): cp.cloudflare.com:443
16:03:45 [DEBUG] Starting new HTTPS connection (1): www.gstatic.com:443
16:03:45 [DEBUG] Starting new HTTPS connection (1): cp.cloudflare.com:443
16:03:45 [DEBUG] Starting new HTTPS connection (1): www.google.com:443
16:03:45 [DEBUG] Starting new HTTPS connection (1): cp.cloudflare.com:443
16:03:45 [DEBUG] Starting new HTTPS connection (1): www.gstatic.com:443
16:03:45 [DEBUG] Starting new HTTPS connection (1): www.gstatic.com:443
16:03:45 [DEBUG] Starting new HTTPS connection (1): www.google.com:443
16:03:45 [DEBUG] Starting new HTTPS connection (1): cp.cloudflare.com:443
16:03:45 [DEBUG] Starting new HTTPS connection (1): www.gstatic.com:443
16:03:46 [DEBUG] Starting new HTTPS connection (1): www.gstatic.com:443
16:03:46 [DEBUG] Starting new HTTPS connection (1): www.google.com:443
16:03:46 [DEBUG] Starting new HTTPS connection (1): cp.cloudflare.com:443
16:03:46 [DEBUG] Starting new HTTPS connection (1): www.google.com:443
16:03:46 [DEBUG] Starting new HTTPS connection (1): www.gstatic.com:443
16:03:46 [DEBUG] Starting new HTTPS connection (1): www.google.com:443
16:03:46 [DEBUG] Starting new HTTPS connection (1): www.google.com:443
16:03:46 [DEBUG] Starting new HTTPS connection (1): www.google.com:443
16:03:46 [DEBUG] Starting new HTTPS connection (1): www.google.com:443
16:03:47 [DEBUG] Starting new HTTPS connection (1): www.google.com:443
16:03:47 [DEBUG] Starting new HTTPS connection (1): www.gstatic.com:443
16:03:47 [DEBUG] Starting new HTTPS connection (1): www.google.com:443
16:03:47 [DEBUG] Starting new HTTPS connection (1): www.google.com:443
16:03:47 [DEBUG] Starting new HTTPS connection (1): cp.cloudflare.com:443
16:03:47 [DEBUG] Starting new HTTPS connection (1): www.gstatic.com:443
16:03:48 [DEBUG] Starting new HTTPS connection (1): cp.cloudflare.com:443
16:03:48 [DEBUG] Starting new HTTPS connection (1): cp.cloudflare.com:443
16:03:48 [DEBUG] Starting new HTTPS connection (1): cp.cloudflare.com:443
16:03:48 [DEBUG] Starting new HTTPS connection (1): cp.cloudflare.com:443
16:03:49 [DEBUG] Starting new HTTPS connection (1): www.google.com:443
16:03:49 [DEBUG] Starting new HTTPS connection (1): cp.cloudflare.com:443
16:03:49 [DEBUG] Starting new HTTPS connection (1): cp.cloudflare.com:443
16:03:49 [DEBUG] Starting new HTTPS connection (1): cp.cloudflare.com:443
16:03:49 [DEBUG] Starting new HTTPS connection (1): www.google.com:443
16:03:49 [DEBUG] Starting new HTTPS connection (1): cp.cloudflare.com:443
16:03:49 [DEBUG] Starting new HTTPS connection (1): www.gstatic.com:443
16:03:50 [DEBUG] Starting new HTTPS connection (1): www.google.com:443
16:03:50 [DEBUG] Starting new HTTPS connection (1): cp.cloudflare.com:443
16:03:50 [DEBUG] Starting new HTTPS connection (1): www.gstatic.com:443
16:03:50 [DEBUG] Starting new HTTPS connection (1): www.gstatic.com:443
16:03:50 [DEBUG] Starting new HTTPS connection (1): www.google.com:443
16:03:50 [DEBUG] Starting new HTTPS connection (1): cp.cloudflare.com:443
16:03:50 [DEBUG] Starting new HTTPS connection (1): www.gstatic.com:443
16:03:50 [DEBUG] Starting new HTTPS connection (1): www.gstatic.com:443
16:03:51 [DEBUG] Starting new HTTPS connection (1): www.gstatic.com:443
16:03:51 [DEBUG] Starting new HTTPS connection (1): cp.cloudflare.com:443
16:03:51 [DEBUG] Starting new HTTPS connection (1): www.gstatic.com:443
16:03:51 [DEBUG] Starting new HTTPS connection (1): www.gstatic.com:443
16:03:51 [DEBUG] Starting new HTTPS connection (1): www.gstatic.com:443
16:03:51 [DEBUG] Starting new HTTPS connection (1): www.gstatic.com:443
16:03:52 [DEBUG] Starting new HTTPS connection (1): www.google.com:443
16:03:52 [DEBUG] Starting new HTTPS connection (1): www.google.com:443
16:03:52 [DEBUG] Starting new HTTPS connection (1): cp.cloudflare.com:443
16:03:52 [DEBUG] Starting new HTTPS connection (1): www.gstatic.com:443
16:03:53 [DEBUG] Starting new HTTPS connection (1): www.gstatic.com:443
16:03:53 [DEBUG] Starting new HTTPS connection (1): www.google.com:443
16:03:54 [DEBUG] Starting new HTTPS connection (1): www.google.com:443
16:03:54 [DEBUG] Starting new HTTPS connection (1): cp.cloudflare.com:443
16:03:54 [DEBUG] Starting new HTTPS connection (1): www.gstatic.com:443
16:03:54 [DEBUG] Starting new HTTPS connection (1): www.google.com:443
16:03:54 [DEBUG] Starting new HTTPS connection (1): cp.cloudflare.com:443
16:03:54 [DEBUG] Starting new HTTPS connection (1): cp.cloudflare.com:443
16:03:54 [DEBUG] Starting new HTTPS connection (1): www.gstatic.com:443
16:03:54 [DEBUG] Starting new HTTPS connection (1): www.google.com:443
16:03:54 [DEBUG] https://www.google.com:443 "GET /generate_204 HTTP/1.1" 204 0
16:03:54 [DEBUG] Starting new HTTPS connection (1): cp.cloudflare.com:443
16:03:54 [DEBUG] Starting new HTTPS connection (1): www.google.com:443
16:03:54 [DEBUG] Starting new HTTPS connection (1): cp.cloudflare.com:443
16:03:54 [DEBUG] Starting new HTTPS connection (1): www.gstatic.com:443
16:03:54 [DEBUG] Starting new HTTPS connection (1): www.google.com:443
16:03:55 [DEBUG] https://cp.cloudflare.com:443 "GET / HTTP/1.1" 204 0
16:03:55 [DEBUG] Starting new HTTPS connection (1): www.gstatic.com:443
16:03:55 [DEBUG] https://www.gstatic.com:443 "GET /generate_204 HTTP/1.1" 204 0
16:03:55 [DEBUG] Starting new HTTPS connection (1): dl.google.com:443
16:03:55 [DEBUG] Starting new HTTPS connection (1): www.google.com:443
16:03:55 [DEBUG] https://dl.google.com:443 "GET /dl/android/studio/install/3.4.1.0/android-studio-ide-183.5522156-windows.exe HTTP/1.1" 404 1449
16:03:55 [INFO]    🎯 104.21.227.134 (XX) - 0.0Mbps, 291ms UDP✅  []
16:03:55 [DEBUG] Starting new HTTPS connection (1): www.google.com:443
16:03:55 [DEBUG] Starting new HTTPS connection (1): www.google.com:443
16:03:55 [DEBUG] Starting new HTTPS connection (1): cp.cloudflare.com:443
16:03:55 [DEBUG] Starting new HTTPS connection (1): cp.cloudflare.com:443
16:03:55 [DEBUG] Starting new HTTPS connection (1): www.google.com:443
16:03:55 [DEBUG] Starting new HTTPS connection (1): www.gstatic.com:443
16:03:55 [DEBUG] Starting new HTTPS connection (1): www.google.com:443
16:03:56 [DEBUG] Starting new HTTPS connection (1): www.gstatic.com:443
16:03:56 [DEBUG] Starting new HTTPS connection (1): www.google.com:443
16:03:56 [DEBUG] Starting new HTTPS connection (1): www.google.com:443
16:03:56 [DEBUG] Starting new HTTPS connection (1): cp.cloudflare.com:443
16:03:57 [DEBUG] Starting new HTTPS connection (1): www.google.com:443
16:03:57 [DEBUG] Starting new HTTPS connection (1): cp.cloudflare.com:443
16:03:57 [DEBUG] Starting new HTTPS connection (1): www.gstatic.com:443
16:03:57 [DEBUG] Starting new HTTPS connection (1): cp.cloudflare.com:443
16:03:57 [DEBUG] Starting new HTTPS connection (1): www.gstatic.com:443
16:03:57 [DEBUG] Starting new HTTPS connection (1): cp.cloudflare.com:443
16:03:58 [DEBUG] Starting new HTTPS connection (1): cp.cloudflare.com:443
16:03:58 [DEBUG] Starting new HTTPS connection (1): cp.cloudflare.com:443
16:03:58 [DEBUG] Starting new HTTPS connection (1): cp.cloudflare.com:443
16:03:58 [DEBUG] Starting new HTTPS connection (1): cp.cloudflare.com:443
16:03:59 [DEBUG] Starting new HTTPS connection (1): www.gstatic.com:443
16:03:59 [DEBUG] Starting new HTTPS connection (1): www.gstatic.com:443
16:04:00 [DEBUG] Starting new HTTPS connection (1): www.gstatic.com:443
16:04:00 [DEBUG] Starting new HTTPS connection (1): www.gstatic.com:443
16:04:00 [DEBUG] Starting new HTTPS connection (1): www.gstatic.com:443
16:04:01 [DEBUG] Starting new HTTPS connection (1): www.gstatic.com:443
16:04:01 [DEBUG] Starting new HTTPS connection (1): www.gstatic.com:443
16:04:03 [INFO]    📊 Global: 400/400 (100%) | ✅83 ❌317
16:04:05 [DEBUG] Starting new HTTPS connection (1): www.google.com:443
16:04:05 [DEBUG] Starting new HTTPS connection (1): www.google.com:443
16:04:05 [DEBUG] Starting new HTTPS connection (1): www.google.com:443
16:04:05 [DEBUG] Starting new HTTPS connection (1): www.google.com:443
16:04:05 [DEBUG] Starting new HTTPS connection (1): www.google.com:443
16:04:05 [DEBUG] Starting new HTTPS connection (1): www.google.com:443
16:04:05 [DEBUG] Starting new HTTPS connection (1): www.google.com:443
16:04:05 [DEBUG] Starting new HTTPS connection (1): www.google.com:443
16:04:05 [DEBUG] Starting new HTTPS connection (1): www.google.com:443
16:04:05 [DEBUG] Starting new HTTPS connection (1): www.google.com:443
16:04:05 [DEBUG] https://www.google.com:443 "GET /generate_204 HTTP/1.1" 204 0
16:04:05 [DEBUG] Starting new HTTPS connection (1): cp.cloudflare.com:443
16:04:05 [DEBUG] https://www.google.com:443 "GET /generate_204 HTTP/1.1" 204 0
16:04:05 [DEBUG] Starting new HTTPS connection (1): cp.cloudflare.com:443
16:04:05 [DEBUG] https://www.google.com:443 "GET /generate_204 HTTP/1.1" 204 0
16:04:05 [DEBUG] Starting new HTTPS connection (1): cp.cloudflare.com:443
16:04:05 [DEBUG] https://www.google.com:443 "GET /generate_204 HTTP/1.1" 204 0
16:04:05 [DEBUG] Starting new HTTPS connection (1): cp.cloudflare.com:443
16:04:05 [DEBUG] https://cp.cloudflare.com:443 "GET / HTTP/1.1" 204 0
16:04:05 [DEBUG] Starting new HTTPS connection (1): www.gstatic.com:443
16:04:06 [DEBUG] https://www.google.com:443 "GET /generate_204 HTTP/1.1" 204 0
16:04:06 [DEBUG] Starting new HTTPS connection (1): cp.cloudflare.com:443
16:04:06 [DEBUG] https://cp.cloudflare.com:443 "GET / HTTP/1.1" 204 0
16:04:06 [DEBUG] Starting new HTTPS connection (1): www.gstatic.com:443
16:04:06 [DEBUG] https://www.gstatic.com:443 "GET /generate_204 HTTP/1.1" 204 0
16:04:06 [DEBUG] https://www.gstatic.com:443 "GET /generate_204 HTTP/1.1" 204 0
16:04:06 [DEBUG] Starting new HTTPS connection (1): dl.google.com:443
16:04:06 [DEBUG] Starting new HTTPS connection (1): dl.google.com:443
16:04:07 [DEBUG] https://cp.cloudflare.com:443 "GET / HTTP/1.1" 204 0
16:04:07 [DEBUG] Starting new HTTPS connection (1): www.gstatic.com:443
16:04:07 [DEBUG] https://dl.google.com:443 "GET /dl/android/studio/install/3.4.1.0/android-studio-ide-183.5522156-windows.exe HTTP/1.1" 200 1017327996
16:04:07 [DEBUG] https://dl.google.com:443 "GET /dl/android/studio/install/3.4.1.0/android-studio-ide-183.5522156-windows.exe HTTP/1.1" 200 1017327996
16:04:07 [INFO]    🎯 178.154.224.33 (Россия) - 16.5Mbps, 441ms UDP✅ Reality [ads.x5.ru]
16:04:07 [DEBUG] https://www.gstatic.com:443 "GET /generate_204 HTTP/1.1" 204 0
16:04:07 [INFO]    🎯 109.120.191.40 (Россия) - 17.1Mbps, 478ms UDP✅ Reality [sun6-22.userapi.com]
16:04:07 [DEBUG] https://www.google.com:443 "GET /generate_204 HTTP/1.1" 204 0
16:04:07 [DEBUG] Starting new HTTPS connection (1): cp.cloudflare.com:443
16:04:07 [DEBUG] Starting new HTTPS connection (1): dl.google.com:443
16:04:07 [DEBUG] https://cp.cloudflare.com:443 "GET / HTTP/1.1" 204 0
16:04:07 [DEBUG] Starting new HTTPS connection (1): www.gstatic.com:443
16:04:08 [DEBUG] https://dl.google.com:443 "GET /dl/android/studio/install/3.4.1.0/android-studio-ide-183.5522156-windows.exe HTTP/1.1" 200 1017327996
16:04:08 [DEBUG] https://cp.cloudflare.com:443 "GET / HTTP/1.1" 204 0
16:04:08 [DEBUG] Starting new HTTPS connection (1): www.gstatic.com:443
16:04:08 [INFO]    🎯 5.188.143.178 (Россия) - 17.3Mbps, 815ms UDP✅ Reality [yandex.ru]
16:04:08 [DEBUG] Starting new HTTPS connection (1): www.google.com:443
16:04:08 [DEBUG] Starting new HTTPS connection (1): www.google.com:443
16:04:08 [DEBUG] https://www.google.com:443 "GET /generate_204 HTTP/1.1" 204 0
16:04:08 [DEBUG] Starting new HTTPS connection (1): cp.cloudflare.com:443
16:04:08 [DEBUG] https://www.google.com:443 "GET /generate_204 HTTP/1.1" 204 0
16:04:08 [DEBUG] Starting new HTTPS connection (1): cp.cloudflare.com:443
16:04:09 [DEBUG] https://cp.cloudflare.com:443 "GET / HTTP/1.1" 204 0
16:04:09 [DEBUG] Starting new HTTPS connection (1): www.gstatic.com:443
16:04:09 [DEBUG] https://www.gstatic.com:443 "GET /generate_204 HTTP/1.1" 204 0
16:04:09 [DEBUG] https://cp.cloudflare.com:443 "GET / HTTP/1.1" 204 0
16:04:09 [DEBUG] Starting new HTTPS connection (1): www.gstatic.com:443
16:04:09 [DEBUG] https://www.gstatic.com:443 "GET /generate_204 HTTP/1.1" 204 0
16:04:09 [DEBUG] Starting new HTTPS connection (1): dl.google.com:443
16:04:09 [DEBUG] Starting new HTTPS connection (1): www.google.com:443
16:04:09 [DEBUG] https://www.gstatic.com:443 "GET /generate_204 HTTP/1.1" 204 0
16:04:10 [DEBUG] Starting new HTTPS connection (1): cp.cloudflare.com:443
16:04:10 [DEBUG] Starting new HTTPS connection (1): cp.cloudflare.com:443
16:04:10 [DEBUG] Starting new HTTPS connection (1): cp.cloudflare.com:443
16:04:10 [DEBUG] https://www.google.com:443 "GET /generate_204 HTTP/1.1" 204 0
16:04:10 [DEBUG] Starting new HTTPS connection (1): cp.cloudflare.com:443
16:04:10 [DEBUG] https://dl.google.com:443 "GET /dl/android/studio/install/3.4.1.0/android-studio-ide-183.5522156-windows.exe HTTP/1.1" 200 1017327996
16:04:10 [DEBUG] https://www.gstatic.com:443 "GET /generate_204 HTTP/1.1" 204 0
16:04:10 [DEBUG] https://cp.cloudflare.com:443 "GET / HTTP/1.1" 204 0
16:04:10 [DEBUG] Starting new HTTPS connection (1): www.gstatic.com:443
16:04:10 [DEBUG] https://cp.cloudflare.com:443 "GET / HTTP/1.1" 204 0
16:04:10 [DEBUG] Starting new HTTPS connection (1): www.gstatic.com:443
16:04:10 [DEBUG] Starting new HTTPS connection (1): dl.google.com:443
16:04:10 [DEBUG] Starting new HTTPS connection (1): dl.google.com:443
16:04:11 [DEBUG] https://www.gstatic.com:443 "GET /generate_204 HTTP/1.1" 204 0
16:04:11 [DEBUG] Starting new HTTPS connection (1): dl.google.com:443
16:04:11 [DEBUG] https://dl.google.com:443 "GET /dl/android/studio/install/3.4.1.0/android-studio-ide-183.5522156-windows.exe HTTP/1.1" 200 1017327996
16:04:11 [DEBUG] https://dl.google.com:443 "GET /dl/android/studio/install/3.4.1.0/android-studio-ide-183.5522156-windows.exe HTTP/1.1" 200 1017327996
16:04:12 [INFO]    🎯 51.250.12.100 (Россия) - 15.4Mbps, 440ms UDP✅ Reality [api-maps.yandex.ru]
16:04:12 [DEBUG] https://cp.cloudflare.com:443 "GET / HTTP/1.1" 204 0
16:04:12 [DEBUG] Starting new HTTPS connection (1): www.gstatic.com:443
16:04:12 [INFO]    🎯 5.188.140.55 (Россия) - 4.6Mbps, 1409ms UDP✅ Reality [ads.x5.ru]
16:04:12 [DEBUG] Starting new HTTPS connection (1): dl.google.com:443
16:04:12 [DEBUG] https://dl.google.com:443 "GET /dl/android/studio/install/3.4.1.0/android-studio-ide-183.5522156-windows.exe HTTP/1.1" 200 1017327996
16:04:13 [DEBUG] Starting new HTTPS connection (1): www.google.com:443
16:04:13 [INFO]    🎯 5.188.141.138 (Россия) - 5.0Mbps, 1593ms UDP✅ Reality [ads.x5.ru]
16:04:13 [DEBUG] https://www.google.com:443 "GET /generate_204 HTTP/1.1" 204 0
16:04:13 [DEBUG] Starting new HTTPS connection (1): cp.cloudflare.com:443
16:04:13 [DEBUG] Starting new HTTPS connection (1): www.google.com:443
16:04:13 [DEBUG] Starting new HTTPS connection (1): cp.cloudflare.com:443
16:04:13 [DEBUG] https://cp.cloudflare.com:443 "GET / HTTP/1.1" 204 0
16:04:13 [DEBUG] Starting new HTTPS connection (1): www.gstatic.com:443
16:04:14 [DEBUG] https://www.google.com:443 "GET /generate_204 HTTP/1.1" 204 0
16:04:14 [DEBUG] Starting new HTTPS connection (1): cp.cloudflare.com:443
16:04:14 [DEBUG] https://www.gstatic.com:443 "GET /generate_204 HTTP/1.1" 204 0
16:04:14 [DEBUG] Starting new HTTPS connection (1): dl.google.com:443
16:04:14 [DEBUG] https://cp.cloudflare.com:443 "GET / HTTP/1.1" 204 0
16:04:14 [DEBUG] Starting new HTTPS connection (1): www.gstatic.com:443
16:04:14 [DEBUG] Starting new HTTPS connection (1): www.google.com:443
16:04:14 [DEBUG] https://www.gstatic.com:443 "GET /generate_204 HTTP/1.1" 204 0
16:04:15 [DEBUG] Starting new HTTPS connection (1): www.gstatic.com:443
16:04:15 [DEBUG] Starting new HTTPS connection (1): dl.google.com:443
16:04:15 [DEBUG] Starting new HTTPS connection (1): www.gstatic.com:443
16:04:15 [DEBUG] https://dl.google.com:443 "GET /dl/android/studio/install/3.4.1.0/android-studio-ide-183.5522156-windows.exe HTTP/1.1" 200 1017327996
16:04:15 [INFO]    🎯 178.154.252.255 (Россия) - 19.4Mbps, 382ms UDP✅ Reality [eh.vk.com]
16:04:15 [INFO]    📊 Whitelist: 8/80 (10%) | ✅7 ❌1
16:04:16 [DEBUG] https://www.gstatic.com:443 "GET /generate_204 HTTP/1.1" 204 0
16:04:16 [DEBUG] Starting new HTTPS connection (1): www.google.com:443
16:04:16 [DEBUG] Starting new HTTPS connection (1): www.google.com:443
16:04:16 [INFO]    🎯 109.120.191.65 (Россия) - 0.0Mbps, 1840ms UDP✅ Reality [eh.vk.com]
16:04:17 [DEBUG] https://www.google.com:443 "GET /generate_204 HTTP/1.1" 204 0
16:04:17 [DEBUG] Starting new HTTPS connection (1): cp.cloudflare.com:443
16:04:17 [DEBUG] https://www.gstatic.com:443 "GET /generate_204 HTTP/1.1" 204 0
16:04:18 [DEBUG] https://cp.cloudflare.com:443 "GET / HTTP/1.1" 204 0
16:04:18 [DEBUG] Starting new HTTPS connection (1): www.gstatic.com:443
16:04:18 [DEBUG] Starting new HTTPS connection (1): www.google.com:443
16:04:18 [DEBUG] https://dl.google.com:443 "GET /dl/android/studio/install/3.4.1.0/android-studio-ide-183.5522156-windows.exe HTTP/1.1" 200 1017327996
16:04:18 [DEBUG] https://www.google.com:443 "GET /generate_204 HTTP/1.1" 204 0
16:04:18 [DEBUG] Starting new HTTPS connection (1): cp.cloudflare.com:443
16:04:18 [DEBUG] https://www.gstatic.com:443 "GET /generate_204 HTTP/1.1" 204 0
16:04:18 [DEBUG] Starting new HTTPS connection (1): www.gstatic.com:443
16:04:18 [DEBUG] Starting new HTTPS connection (1): www.google.com:443
16:04:19 [INFO]    🎯 51.250.83.255 (Россия) - 2.7Mbps, 297ms UDP✅ Reality [ads.x5.ru]
16:04:19 [DEBUG] https://www.google.com:443 "GET /generate_204 HTTP/1.1" 204 0
16:04:19 [DEBUG] Starting new HTTPS connection (1): cp.cloudflare.com:443
16:04:19 [DEBUG] Starting new HTTPS connection (1): dl.google.com:443
16:04:19 [DEBUG] https://www.gstatic.com:443 "GET /generate_204 HTTP/1.1" 204 0
16:04:19 [DEBUG] Starting new HTTPS connection (1): cp.cloudflare.com:443
16:04:19 [DEBUG] https://cp.cloudflare.com:443 "GET / HTTP/1.1" 204 0
16:04:19 [DEBUG] Starting new HTTPS connection (1): www.gstatic.com:443
16:04:19 [DEBUG] Starting new HTTPS connection (1): dl.google.com:443
16:04:20 [DEBUG] Starting new HTTPS connection (1): www.google.com:443
16:04:20 [DEBUG] https://www.google.com:443 "GET /generate_204 HTTP/1.1" 204 0
16:04:20 [DEBUG] Starting new HTTPS connection (1): cp.cloudflare.com:443
16:04:20 [DEBUG] Starting new HTTPS connection (1): www.google.com:443
16:04:20 [DEBUG] https://cp.cloudflare.com:443 "GET / HTTP/1.1" 204 0
16:04:20 [DEBUG] Starting new HTTPS connection (1): www.gstatic.com:443
16:04:21 [DEBUG] https://www.google.com:443 "GET /generate_204 HTTP/1.1" 204 0
16:04:21 [DEBUG] Starting new HTTPS connection (1): cp.cloudflare.com:443
16:04:21 [DEBUG] https://www.gstatic.com:443 "GET /generate_204 HTTP/1.1" 204 0
16:04:21 [DEBUG] https://cp.cloudflare.com:443 "GET / HTTP/1.1" 204 0
16:04:21 [DEBUG] Starting new HTTPS connection (1): www.gstatic.com:443
16:04:21 [DEBUG] Starting new HTTPS connection (1): www.gstatic.com:443
16:04:21 [DEBUG] https://www.gstatic.com:443 "GET /generate_204 HTTP/1.1" 204 0
16:04:22 [DEBUG] https://www.gstatic.com:443 "GET /generate_204 HTTP/1.1" 204 0
16:04:22 [DEBUG] Starting new HTTPS connection (1): dl.google.com:443
16:04:22 [DEBUG] https://www.gstatic.com:443 "GET /generate_204 HTTP/1.1" 204 0
16:04:22 [DEBUG] Starting new HTTPS connection (1): dl.google.com:443
16:04:22 [DEBUG] https://dl.google.com:443 "GET /dl/android/studio/install/3.4.1.0/android-studio-ide-183.5522156-windows.exe HTTP/1.1" 200 1017327996
16:04:22 [DEBUG] Starting new HTTPS connection (1): dl.google.com:443
16:04:23 [DEBUG] https://dl.google.com:443 "GET /dl/android/studio/install/3.4.1.0/android-studio-ide-183.5522156-windows.exe HTTP/1.1" 200 1017327996
16:04:23 [DEBUG] https://dl.google.com:443 "GET /dl/android/studio/install/3.4.1.0/android-studio-ide-183.5522156-windows.exe HTTP/1.1" 200 1017327996
16:04:23 [DEBUG] Starting new HTTPS connection (1): www.google.com:443
16:04:23 [INFO]    🎯 109.120.190.203 (Россия) - 3.2Mbps, 3831ms UDP✅ Reality [ads.x5.ru]
16:04:23 [INFO]    🎯 51.250.83.167 (Россия) - 9.2Mbps, 424ms UDP✅ Reality [ads.x5.ru]
16:04:23 [INFO]    📊 Whitelist: 16/80 (20%) | ✅11 ❌5
16:04:24 [DEBUG] Starting new HTTPS connection (1): www.gstatic.com:443
16:04:24 [DEBUG] https://dl.google.com:443 "GET /dl/android/studio/install/3.4.1.0/android-studio-ide-183.5522156-windows.exe HTTP/1.1" 200 1017327996
16:04:24 [INFO]    🎯 109.120.188.227 (Россия) - 6.1Mbps, 1502ms UDP✅ Reality [ads.x5.ru]
16:04:24 [DEBUG] Starting new HTTPS connection (1): www.google.com:443
16:04:24 [DEBUG] Starting new HTTPS connection (1): www.google.com:443
16:04:25 [DEBUG] Starting new HTTPS connection (1): www.google.com:443
16:04:25 [DEBUG] https://www.google.com:443 "GET /generate_204 HTTP/1.1" 204 0
16:04:25 [DEBUG] Starting new HTTPS connection (1): cp.cloudflare.com:443
16:04:25 [DEBUG] https://www.google.com:443 "GET /generate_204 HTTP/1.1" 204 0
16:04:25 [DEBUG] Starting new HTTPS connection (1): cp.cloudflare.com:443
16:04:25 [DEBUG] https://cp.cloudflare.com:443 "GET / HTTP/1.1" 204 0
16:04:25 [DEBUG] Starting new HTTPS connection (1): www.gstatic.com:443
16:04:25 [DEBUG] Starting new HTTPS connection (1): www.google.com:443
16:04:25 [DEBUG] https://cp.cloudflare.com:443 "GET / HTTP/1.1" 204 0
16:04:25 [DEBUG] Starting new HTTPS connection (1): www.gstatic.com:443
16:04:26 [DEBUG] https://dl.google.com:443 "GET /dl/android/studio/install/3.4.1.0/android-studio-ide-183.5522156-windows.exe HTTP/1.1" 200 1017327996
16:04:26 [DEBUG] https://www.gstatic.com:443 "GET /generate_204 HTTP/1.1" 204 0
16:04:26 [DEBUG] Starting new HTTPS connection (1): dl.google.com:443
16:04:26 [DEBUG] https://www.google.com:443 "GET /generate_204 HTTP/1.1" 204 0
16:04:26 [DEBUG] Starting new HTTPS connection (1): cp.cloudflare.com:443
16:04:26 [DEBUG] https://www.gstatic.com:443 "GET /generate_204 HTTP/1.1" 204 0
16:04:26 [DEBUG] https://www.google.com:443 "GET /generate_204 HTTP/1.1" 204 0
16:04:26 [DEBUG] Starting new HTTPS connection (1): cp.cloudflare.com:443
16:04:26 [INFO]    🎯 195.209.67.124 (Россия) - 2.0Mbps, 551ms UDP✅  []
16:04:26 [DEBUG] Starting new HTTPS connection (1): dl.google.com:443
16:04:26 [DEBUG] https://cp.cloudflare.com:443 "GET / HTTP/1.1" 204 0
16:04:26 [DEBUG] Starting new HTTPS connection (1): www.gstatic.com:443
16:04:26 [DEBUG] https://dl.google.com:443 "GET /dl/android/studio/install/3.4.1.0/android-studio-ide-183.5522156-windows.exe HTTP/1.1" 200 1017327996
16:04:26 [DEBUG] https://www.google.com:443 "GET /generate_204 HTTP/1.1" 204 0
16:04:26 [DEBUG] Starting new HTTPS connection (1): cp.cloudflare.com:443
16:04:26 [DEBUG] https://www.gstatic.com:443 "GET /generate_204 HTTP/1.1" 204 0
16:04:26 [DEBUG] Starting new HTTPS connection (1): dl.google.com:443
16:04:26 [INFO]    🎯 89.208.230.52 (Россия) - 16.7Mbps, 370ms UDP✅ Reality [eh.vk.com]
16:04:27 [DEBUG] https://dl.google.com:443 "GET /dl/android/studio/install/3.4.1.0/android-studio-ide-183.5522156-windows.exe HTTP/1.1" 200 1017327996
16:04:27 [DEBUG] https://dl.google.com:443 "GET /dl/android/studio/install/3.4.1.0/android-studio-ide-183.5522156-windows.exe HTTP/1.1" 200 1017327996
16:04:27 [DEBUG] https://www.gstatic.com:443 "GET /generate_204 HTTP/1.1" 204 0
16:04:27 [DEBUG] Starting new HTTPS connection (1): www.google.com:443
16:04:27 [DEBUG] Starting new HTTPS connection (1): dl.google.com:443
16:04:28 [INFO]    🎯 95.163.210.176 (Россия) - 7.8Mbps, 408ms UDP✅ Reality [api-maps.yandex.ru]
16:04:28 [DEBUG] Starting new HTTPS connection (1): www.google.com:443
16:04:28 [INFO]    🎯 87.239.111.227 (Россия) - 8.0Mbps, 277ms UDP✅ Reality [m.vk.ru]
16:04:28 [DEBUG] https://www.google.com:443 "GET /generate_204 HTTP/1.1" 204 0
16:04:28 [DEBUG] Starting new HTTPS connection (1): cp.cloudflare.com:443
16:04:28 [DEBUG] https://cp.cloudflare.com:443 "GET / HTTP/1.1" 204 0
16:04:28 [DEBUG] Starting new HTTPS connection (1): www.gstatic.com:443
16:04:28 [DEBUG] https://www.google.com:443 "GET /generate_204 HTTP/1.1" 204 0
16:04:28 [DEBUG] Starting new HTTPS connection (1): cp.cloudflare.com:443
16:04:29 [DEBUG] https://www.google.com:443 "GET /generate_204 HTTP/1.1" 204 0
16:04:29 [DEBUG] Starting new HTTPS connection (1): cp.cloudflare.com:443
16:04:29 [DEBUG] Starting new HTTPS connection (1): www.google.com:443
16:04:29 [DEBUG] Starting new HTTPS connection (1): www.google.com:443
16:04:29 [DEBUG] https://cp.cloudflare.com:443 "GET / HTTP/1.1" 204 0
16:04:29 [DEBUG] Starting new HTTPS connection (1): www.gstatic.com:443
16:04:30 [DEBUG] https://www.google.com:443 "GET /generate_204 HTTP/1.1" 204 0
16:04:30 [DEBUG] Starting new HTTPS connection (1): cp.cloudflare.com:443
16:04:30 [DEBUG] https://cp.cloudflare.com:443 "GET / HTTP/1.1" 204 0
16:04:30 [DEBUG] Starting new HTTPS connection (1): www.gstatic.com:443
16:04:30 [DEBUG] https://www.gstatic.com:443 "GET /generate_204 HTTP/1.1" 204 0
16:04:31 [DEBUG] https://www.gstatic.com:443 "GET /generate_204 HTTP/1.1" 204 0
16:04:31 [DEBUG] https://www.gstatic.com:443 "GET /generate_204 HTTP/1.1" 204 0
16:04:31 [DEBUG] Starting new HTTPS connection (1): www.gstatic.com:443
16:04:32 [DEBUG] Starting new HTTPS connection (1): dl.google.com:443
16:04:32 [DEBUG] https://dl.google.com:443 "GET /dl/android/studio/install/3.4.1.0/android-studio-ide-183.5522156-windows.exe HTTP/1.1" 200 1017327996
16:04:32 [INFO]    🎯 178.154.230.75 (Россия) - 17.2Mbps, 519ms UDP✅ Reality [max.ru]
16:04:33 [DEBUG] Starting new HTTPS connection (1): dl.google.com:443
16:04:33 [DEBUG] Starting new HTTPS connection (1): dl.google.com:443
16:04:33 [INFO]    🎯 51.250.9.25 (Россия) - 0.0Mbps, 1906ms UDP✅ Reality [ads.x5.ru]
16:04:34 [DEBUG] Starting new HTTPS connection (1): www.gstatic.com:443
16:04:34 [DEBUG] Starting new HTTPS connection (1): www.google.com:443
16:04:34 [DEBUG] Starting new HTTPS connection (1): www.gstatic.com:443
16:04:34 [DEBUG] Starting new HTTPS connection (1): cp.cloudflare.com:443
16:04:35 [DEBUG] Starting new HTTPS connection (1): www.google.com:443
16:04:35 [DEBUG] https://dl.google.com:443 "GET /dl/android/studio/install/3.4.1.0/android-studio-ide-183.5522156-windows.exe HTTP/1.1" 200 1017327996
16:04:35 [INFO]    🎯 217.16.27.216 (Россия) - 1.0Mbps, 1219ms UDP✅  []
16:04:35 [INFO]    📊 Whitelist: 24/80 (30%) | ✅19 ❌5
16:04:35 [INFO]    🎯 109.120.188.14 (Россия) - 5.0Mbps, 2567ms UDP✅ Reality [ads.x5.ru]
16:04:35 [DEBUG] https://www.gstatic.com:443 "GET /generate_204 HTTP/1.1" 204 0
16:04:36 [DEBUG] Starting new HTTPS connection (1): dl.google.com:443
16:04:36 [DEBUG] Starting new HTTPS connection (1): www.google.com:443
16:04:36 [DEBUG] Starting new HTTPS connection (1): www.google.com:443
16:04:37 [DEBUG] https://www.google.com:443 "GET /generate_204 HTTP/1.1" 204 0
16:04:37 [DEBUG] Starting new HTTPS connection (1): cp.cloudflare.com:443
16:04:37 [DEBUG] https://cp.cloudflare.com:443 "GET / HTTP/1.1" 204 0
16:04:37 [DEBUG] Starting new HTTPS connection (1): www.gstatic.com:443
16:04:37 [DEBUG] Starting new HTTPS connection (1): www.google.com:443
16:04:38 [DEBUG] https://www.gstatic.com:443 "GET /generate_204 HTTP/1.1" 204 0
16:04:38 [DEBUG] https://www.google.com:443 "GET /generate_204 HTTP/1.1" 204 0
16:04:38 [DEBUG] Starting new HTTPS connection (1): cp.cloudflare.com:443
16:04:38 [DEBUG] https://cp.cloudflare.com:443 "GET / HTTP/1.1" 204 0
16:04:38 [DEBUG] Starting new HTTPS connection (1): www.gstatic.com:443
16:04:38 [DEBUG] https://www.google.com:443 "GET /generate_204 HTTP/1.1" 204 0
16:04:38 [DEBUG] Starting new HTTPS connection (1): cp.cloudflare.com:443
16:04:39 [DEBUG] Starting new HTTPS connection (1): cp.cloudflare.com:443
16:04:39 [DEBUG] https://www.gstatic.com:443 "GET /generate_204 HTTP/1.1" 204 0
16:04:39 [DEBUG] Starting new HTTPS connection (1): www.gstatic.com:443
16:04:39 [DEBUG] Starting new HTTPS connection (1): dl.google.com:443
16:04:39 [DEBUG] https://dl.google.com:443 "GET /dl/android/studio/install/3.4.1.0/android-studio-ide-183.5522156-windows.exe HTTP/1.1" 200 1017327996
16:04:39 [INFO]    🎯 217.16.16.52 (Россия) - 0.0Mbps, 1067ms UDP❌ Reality [www.vk.com]
16:04:40 [DEBUG] Starting new HTTPS connection (1): www.google.com:443
16:04:40 [DEBUG] https://dl.google.com:443 "GET /dl/android/studio/install/3.4.1.0/android-studio-ide-183.5522156-windows.exe HTTP/1.1" 200 1017327996
16:04:40 [DEBUG] https://www.google.com:443 "GET /generate_204 HTTP/1.1" 204 0
16:04:40 [DEBUG] Starting new HTTPS connection (1): cp.cloudflare.com:443
16:04:41 [DEBUG] https://cp.cloudflare.com:443 "GET / HTTP/1.1" 204 0
16:04:41 [DEBUG] Starting new HTTPS connection (1): www.gstatic.com:443
16:04:41 [DEBUG] Starting new HTTPS connection (1): dl.google.com:443
16:04:41 [DEBUG] Starting new HTTPS connection (1): www.google.com:443
16:04:41 [DEBUG] Starting new HTTPS connection (1): www.gstatic.com:443
16:04:41 [INFO]    🎯 212.233.76.67 (Россия) - 2.6Mbps, 1339ms UDP✅ Reality [google.com]
16:04:41 [DEBUG] https://www.gstatic.com:443 "GET /generate_204 HTTP/1.1" 204 0
16:04:41 [DEBUG] https://dl.google.com:443 "GET /dl/android/studio/install/3.4.1.0/android-studio-ide-183.5522156-windows.exe HTTP/1.1" 200 1017327996
16:04:41 [INFO]    🎯 51.250.65.209 (Россия) - 0.4Mbps, 322ms UDP❌ Reality [ads.x5.ru]
16:04:41 [DEBUG] Starting new HTTPS connection (1): cp.cloudflare.com:443
16:04:41 [DEBUG] Starting new HTTPS connection (1): dl.google.com:443
16:04:42 [DEBUG] https://dl.google.com:443 "GET /dl/android/studio/install/3.4.1.0/android-studio-ide-183.5522156-windows.exe HTTP/1.1" 200 1017327996
16:04:42 [DEBUG] https://cp.cloudflare.com:443 "GET / HTTP/1.1" 204 0
16:04:42 [DEBUG] Starting new HTTPS connection (1): www.gstatic.com:443
16:04:42 [DEBUG] Starting new HTTPS connection (1): www.google.com:443
16:04:42 [INFO]    🎯 37.139.33.57 (Россия) - 13.4Mbps, 384ms UDP✅ Reality [m.vk.ru]
16:04:42 [DEBUG] Starting new HTTPS connection (1): www.google.com:443
16:04:43 [DEBUG] https://cp.cloudflare.com:443 "GET / HTTP/1.1" 204 0
16:04:43 [DEBUG] Starting new HTTPS connection (1): www.gstatic.com:443
16:04:43 [DEBUG] https://www.google.com:443 "GET /generate_204 HTTP/1.1" 204 0
16:04:43 [DEBUG] Starting new HTTPS connection (1): cp.cloudflare.com:443
16:04:43 [INFO]    📊 Whitelist: 32/80 (40%) | ✅24 ❌8
16:04:43 [DEBUG] Starting new HTTPS connection (1): www.google.com:443
16:04:44 [DEBUG] https://cp.cloudflare.com:443 "GET / HTTP/1.1" 204 0
16:04:44 [DEBUG] Starting new HTTPS connection (1): www.gstatic.com:443
16:04:44 [DEBUG] https://www.google.com:443 "GET /generate_204 HTTP/1.1" 204 0
16:04:44 [DEBUG] Starting new HTTPS connection (1): cp.cloudflare.com:443
16:04:44 [DEBUG] Starting new HTTPS connection (1): www.google.com:443
16:04:44 [DEBUG] https://www.gstatic.com:443 "GET /generate_204 HTTP/1.1" 204 0
16:04:44 [DEBUG] https://cp.cloudflare.com:443 "GET / HTTP/1.1" 204 0
16:04:44 [DEBUG] Starting new HTTPS connection (1): www.gstatic.com:443
16:04:45 [DEBUG] https://www.google.com:443 "GET /generate_204 HTTP/1.1" 204 0
16:04:45 [DEBUG] Starting new HTTPS connection (1): cp.cloudflare.com:443
16:04:45 [DEBUG] https://www.gstatic.com:443 "GET /generate_204 HTTP/1.1" 204 0
16:04:45 [DEBUG] Starting new HTTPS connection (1): dl.google.com:443
16:04:45 [DEBUG] Starting new HTTPS connection (1): www.google.com:443
16:04:45 [DEBUG] https://cp.cloudflare.com:443 "GET / HTTP/1.1" 204 0
16:04:45 [DEBUG] Starting new HTTPS connection (1): www.gstatic.com:443
16:04:45 [DEBUG] https://www.gstatic.com:443 "GET /generate_204 HTTP/1.1" 204 0
16:04:45 [DEBUG] https://dl.google.com:443 "GET /dl/android/studio/install/3.4.1.0/android-studio-ide-183.5522156-windows.exe HTTP/1.1" 200 1017327996
16:04:45 [DEBUG] https://www.google.com:443 "GET /generate_204 HTTP/1.1" 204 0
16:04:45 [DEBUG] Starting new HTTPS connection (1): cp.cloudflare.com:443
16:04:46 [DEBUG] https://www.gstatic.com:443 "GET /generate_204 HTTP/1.1" 204 0
16:04:46 [DEBUG] Starting new HTTPS connection (1): cp.cloudflare.com:443
16:04:46 [DEBUG] https://cp.cloudflare.com:443 "GET / HTTP/1.1" 204 0
16:04:46 [DEBUG] Starting new HTTPS connection (1): www.gstatic.com:443
16:04:46 [DEBUG] https://www.gstatic.com:443 "GET /generate_204 HTTP/1.1" 204 0
16:04:47 [DEBUG] Starting new HTTPS connection (1): dl.google.com:443
16:04:47 [DEBUG] Starting new HTTPS connection (1): dl.google.com:443
16:04:47 [DEBUG] Starting new HTTPS connection (1): cp.cloudflare.com:443
16:04:47 [DEBUG] https://dl.google.com:443 "GET /dl/android/studio/install/3.4.1.0/android-studio-ide-183.5522156-windows.exe HTTP/1.1" 200 1017327996
16:04:47 [DEBUG] Starting new HTTPS connection (1): dl.google.com:443
16:04:48 [INFO]    🎯 84.23.52.70 (Россия) - 5.2Mbps, 435ms UDP✅ Reality [m.vk.ru]
16:04:48 [DEBUG] https://dl.google.com:443 "GET /dl/android/studio/install/3.4.1.0/android-studio-ide-183.5522156-windows.exe HTTP/1.1" 200 1017327996
16:04:48 [INFO]    🎯 158.160.221.132 (Россия) - 12.9Mbps, 633ms UDP❌ Reality [yandex.ru]
16:04:48 [INFO]    🎯 84.23.52.70 (Россия) - 8.1Mbps, 434ms UDP✅ Reality [m.vk.ru]
16:04:49 [DEBUG] Starting new HTTPS connection (1): dl.google.com:443
16:04:49 [DEBUG] Starting new HTTPS connection (1): www.google.com:443
16:04:49 [DEBUG] Starting new HTTPS connection (1): www.google.com:443
16:04:49 [DEBUG] https://dl.google.com:443 "GET /dl/android/studio/install/3.4.1.0/android-studio-ide-183.5522156-windows.exe HTTP/1.1" 200 1017327996
16:04:49 [DEBUG] https://www.google.com:443 "GET /generate_204 HTTP/1.1" 204 0
16:04:49 [DEBUG] Starting new HTTPS connection (1): cp.cloudflare.com:443
16:04:49 [DEBUG] https://www.google.com:443 "GET /generate_204 HTTP/1.1" 204 0
16:04:49 [DEBUG] Starting new HTTPS connection (1): cp.cloudflare.com:443
16:04:49 [INFO]    🎯 90.156.217.130 (Россия) - 1.2Mbps, 412ms UDP✅ Reality [m.vk.ru]
16:04:49 [DEBUG] Starting new HTTPS connection (1): www.google.com:443
16:04:49 [DEBUG] Starting new HTTPS connection (1): www.google.com:443
16:04:50 [DEBUG] https://cp.cloudflare.com:443 "GET / HTTP/1.1" 204 0
16:04:50 [DEBUG] Starting new HTTPS connection (1): www.gstatic.com:443
16:04:50 [DEBUG] https://cp.cloudflare.com:443 "GET / HTTP/1.1" 204 0
16:04:50 [DEBUG] Starting new HTTPS connection (1): www.gstatic.com:443
16:04:50 [INFO]    🎯 212.233.73.212 (Россия) - 9.8Mbps, 440ms UDP❌ Reality [m.vk.ru]
16:04:50 [DEBUG] https://www.google.com:443 "GET /generate_204 HTTP/1.1" 204 0
16:04:50 [DEBUG] Starting new HTTPS connection (1): cp.cloudflare.com:443
16:04:50 [DEBUG] https://www.gstatic.com:443 "GET /generate_204 HTTP/1.1" 204 0
16:04:50 [DEBUG] https://www.google.com:443 "GET /generate_204 HTTP/1.1" 204 0
16:04:50 [DEBUG] Starting new HTTPS connection (1): cp.cloudflare.com:443
16:04:50 [DEBUG] https://www.gstatic.com:443 "GET /generate_204 HTTP/1.1" 204 0
16:04:50 [DEBUG] Starting new HTTPS connection (1): dl.google.com:443
16:04:50 [DEBUG] https://cp.cloudflare.com:443 "GET / HTTP/1.1" 204 0
16:04:50 [DEBUG] Starting new HTTPS connection (1): www.gstatic.com:443
16:04:51 [DEBUG] Starting new HTTPS connection (1): www.google.com:443
16:04:51 [DEBUG] https://cp.cloudflare.com:443 "GET / HTTP/1.1" 204 0
16:04:51 [DEBUG] Starting new HTTPS connection (1): www.gstatic.com:443
16:04:51 [DEBUG] Starting new HTTPS connection (1): www.gstatic.com:443
16:04:51 [DEBUG] https://dl.google.com:443 "GET /dl/android/studio/install/3.4.1.0/android-studio-ide-183.5522156-windows.exe HTTP/1.1" 200 1017327996
16:04:51 [DEBUG] https://www.google.com:443 "GET /generate_204 HTTP/1.1" 204 0
16:04:51 [DEBUG] Starting new HTTPS connection (1): cp.cloudflare.com:443
16:04:51 [DEBUG] Starting new HTTPS connection (1): www.google.com:443
16:04:51 [DEBUG] https://www.gstatic.com:443 "GET /generate_204 HTTP/1.1" 204 0
16:04:51 [INFO]    🎯 37.139.33.15 (Россия) - 12.1Mbps, 408ms UDP✅ Reality [m.vk.ru]
16:04:51 [INFO]    📊 Whitelist: 40/80 (50%) | ✅30 ❌10
16:04:51 [DEBUG] https://cp.cloudflare.com:443 "GET / HTTP/1.1" 204 0
16:04:51 [DEBUG] Starting new HTTPS connection (1): www.gstatic.com:443
16:04:51 [DEBUG] https://www.google.com:443 "GET /generate_204 HTTP/1.1" 204 0
16:04:51 [DEBUG] Starting new HTTPS connection (1): cp.cloudflare.com:443
16:04:52 [DEBUG] https://cp.cloudflare.com:443 "GET / HTTP/1.1" 204 0
16:04:52 [DEBUG] Starting new HTTPS connection (1): www.gstatic.com:443
16:04:52 [INFO]    🎯 90.156.217.130 (Россия) - 1.2Mbps, 390ms UDP❌ Reality [m.vk.ru]
16:04:52 [DEBUG] https://www.gstatic.com:443 "GET /generate_204 HTTP/1.1" 204 0
16:04:52 [DEBUG] https://cp.cloudflare.com:443 "GET / HTTP/1.1" 204 0
16:04:52 [DEBUG] Starting new HTTPS connection (1): www.gstatic.com:443
16:04:52 [DEBUG] Starting new HTTPS connection (1): dl.google.com:443
16:04:52 [DEBUG] https://www.gstatic.com:443 "GET /generate_204 HTTP/1.1" 204 0
16:04:53 [DEBUG] Starting new HTTPS connection (1): www.google.com:443
16:04:53 [DEBUG] Starting new HTTPS connection (1): dl.google.com:443
16:04:53 [DEBUG] https://dl.google.com:443 "GET /dl/android/studio/install/3.4.1.0/android-studio-ide-183.5522156-windows.exe HTTP/1.1" 200 1017327996
16:04:53 [DEBUG] Starting new HTTPS connection (1): www.google.com:443
16:04:53 [INFO]    🎯 84.201.159.179 (Россия) - 0.0Mbps, 3573ms UDP✅ Reality [eh.vk.com]
16:04:53 [DEBUG] https://www.google.com:443 "GET /generate_204 HTTP/1.1" 204 0
16:04:53 [DEBUG] Starting new HTTPS connection (1): cp.cloudflare.com:443
16:04:53 [DEBUG] https://dl.google.com:443 "GET /dl/android/studio/install/3.4.1.0/android-studio-ide-183.5522156-windows.exe HTTP/1.1" 200 1017327996
16:04:53 [DEBUG] https://www.google.com:443 "GET /generate_204 HTTP/1.1" 204 0
16:04:53 [DEBUG] Starting new HTTPS connection (1): cp.cloudflare.com:443
16:04:53 [DEBUG] Starting new HTTPS connection (1): dl.google.com:443
16:04:53 [INFO]    🎯 178.154.253.80 (Россия) - 11.5Mbps, 440ms UDP✅ Reality [yandex.ru]
16:04:53 [DEBUG] https://cp.cloudflare.com:443 "GET / HTTP/1.1" 204 0
16:04:53 [DEBUG] Starting new HTTPS connection (1): www.gstatic.com:443
16:04:54 [DEBUG] https://cp.cloudflare.com:443 "GET / HTTP/1.1" 204 0
16:04:54 [DEBUG] Starting new HTTPS connection (1): www.gstatic.com:443
16:04:54 [DEBUG] https://dl.google.com:443 "GET /dl/android/studio/install/3.4.1.0/android-studio-ide-183.5522156-windows.exe HTTP/1.1" 200 1017327996
16:04:54 [DEBUG] https://www.gstatic.com:443 "GET /generate_204 HTTP/1.1" 204 0
16:04:54 [DEBUG] Starting new HTTPS connection (1): www.google.com:443
16:04:54 [DEBUG] https://www.gstatic.com:443 "GET /generate_204 HTTP/1.1" 204 0
16:04:54 [DEBUG] Starting new HTTPS connection (1): dl.google.com:443
16:04:54 [INFO]    🎯 212.233.73.212 (Россия) - 12.2Mbps, 444ms UDP❌ Reality [m.vk.ru]
16:04:54 [DEBUG] Starting new HTTPS connection (1): dl.google.com:443
16:04:54 [DEBUG] https://www.google.com:443 "GET /generate_204 HTTP/1.1" 204 0
16:04:54 [DEBUG] Starting new HTTPS connection (1): cp.cloudflare.com:443
16:04:54 [DEBUG] Starting new HTTPS connection (1): www.google.com:443
16:04:55 [DEBUG] https://dl.google.com:443 "GET /dl/android/studio/install/3.4.1.0/android-studio-ide-183.5522156-windows.exe HTTP/1.1" 200 1017327996
16:04:55 [DEBUG] https://cp.cloudflare.com:443 "GET / HTTP/1.1" 204 0
16:04:55 [DEBUG] Starting new HTTPS connection (1): www.gstatic.com:443
16:04:55 [DEBUG] https://dl.google.com:443 "GET /dl/android/studio/install/3.4.1.0/android-studio-ide-183.5522156-windows.exe HTTP/1.1" 200 1017327996
16:04:55 [DEBUG] https://www.google.com:443 "GET /generate_204 HTTP/1.1" 204 0
16:04:55 [DEBUG] Starting new HTTPS connection (1): cp.cloudflare.com:443
16:04:55 [INFO]    🎯 158.160.221.132 (Россия) - 11.8Mbps, 545ms UDP❌ Reality [yandex.ru]
16:04:55 [DEBUG] https://www.gstatic.com:443 "GET /generate_204 HTTP/1.1" 204 0
16:04:55 [DEBUG] https://cp.cloudflare.com:443 "GET / HTTP/1.1" 204 0
16:04:55 [DEBUG] Starting new HTTPS connection (1): www.gstatic.com:443
16:04:55 [INFO]    🎯 89.169.128.105 (Россия) - 11.6Mbps, 433ms UDP✅ Reality [yandex.ru]
16:04:55 [DEBUG] Starting new HTTPS connection (1): www.google.com:443
16:04:56 [DEBUG] Starting new HTTPS connection (1): dl.google.com:443
16:04:56 [DEBUG] https://www.gstatic.com:443 "GET /generate_204 HTTP/1.1" 204 0
16:04:56 [DEBUG] https://www.google.com:443 "GET /generate_204 HTTP/1.1" 204 0
16:04:56 [DEBUG] Starting new HTTPS connection (1): cp.cloudflare.com:443
16:04:56 [DEBUG] https://dl.google.com:443 "GET /dl/android/studio/install/3.4.1.0/android-studio-ide-183.5522156-windows.exe HTTP/1.1" 200 1017327996
16:04:56 [DEBUG] Starting new HTTPS connection (1): dl.google.com:443
16:04:56 [DEBUG] Starting new HTTPS connection (1): www.google.com:443
16:04:56 [DEBUG] https://cp.cloudflare.com:443 "GET / HTTP/1.1" 204 0
16:04:56 [DEBUG] Starting new HTTPS connection (1): www.gstatic.com:443
16:04:57 [INFO]    📊 Whitelist: 48/80 (60%) | ✅36 ❌12
16:04:57 [DEBUG] https://dl.google.com:443 "GET /dl/android/studio/install/3.4.1.0/android-studio-ide-183.5522156-windows.exe HTTP/1.1" 200 1017327996
16:04:57 [DEBUG] Starting new HTTPS connection (1): www.google.com:443
16:04:57 [INFO]    🎯 89.169.128.105 (Россия) - 12.0Mbps, 434ms UDP✅ Reality [yandex.ru]
16:04:57 [DEBUG] https://www.google.com:443 "GET /generate_204 HTTP/1.1" 204 0
16:04:57 [DEBUG] Starting new HTTPS connection (1): cp.cloudflare.com:443
16:04:57 [DEBUG] Starting new HTTPS connection (1): dl.google.com:443
16:04:57 [DEBUG] https://www.gstatic.com:443 "GET /generate_204 HTTP/1.1" 204 0
16:04:57 [DEBUG] Starting new HTTPS connection (1): www.google.com:443
16:04:57 [DEBUG] https://www.google.com:443 "GET /generate_204 HTTP/1.1" 204 0
16:04:57 [DEBUG] Starting new HTTPS connection (1): cp.cloudflare.com:443
16:04:57 [DEBUG] https://cp.cloudflare.com:443 "GET / HTTP/1.1" 204 0
16:04:57 [DEBUG] Starting new HTTPS connection (1): www.gstatic.com:443
16:04:57 [DEBUG] https://dl.google.com:443 "GET /dl/android/studio/install/3.4.1.0/android-studio-ide-183.5522156-windows.exe HTTP/1.1" 200 1017327996
16:04:57 [DEBUG] https://www.google.com:443 "GET /generate_204 HTTP/1.1" 204 0
16:04:57 [DEBUG] Starting new HTTPS connection (1): cp.cloudflare.com:443
16:04:58 [DEBUG] https://cp.cloudflare.com:443 "GET / HTTP/1.1" 204 0
16:04:58 [DEBUG] Starting new HTTPS connection (1): www.gstatic.com:443
16:04:58 [DEBUG] https://www.gstatic.com:443 "GET /generate_204 HTTP/1.1" 204 0
16:04:58 [DEBUG] Starting new HTTPS connection (1): www.google.com:443
16:04:58 [DEBUG] https://cp.cloudflare.com:443 "GET / HTTP/1.1" 204 0
16:04:58 [DEBUG] Starting new HTTPS connection (1): www.gstatic.com:443
16:04:58 [DEBUG] Starting new HTTPS connection (1): www.google.com:443
16:04:58 [INFO]    🎯 37.139.33.15 (Россия) - 11.8Mbps, 450ms UDP❌ Reality [m.vk.ru]
16:04:58 [DEBUG] https://www.gstatic.com:443 "GET /generate_204 HTTP/1.1" 204 0
16:04:58 [DEBUG] Starting new HTTPS connection (1): dl.google.com:443
16:04:58 [DEBUG] https://www.google.com:443 "GET /generate_204 HTTP/1.1" 204 0
16:04:58 [DEBUG] Starting new HTTPS connection (1): cp.cloudflare.com:443
16:04:58 [DEBUG] Starting new HTTPS connection (1): dl.google.com:443
16:04:58 [DEBUG] https://www.gstatic.com:443 "GET /generate_204 HTTP/1.1" 204 0
16:04:58 [DEBUG] Starting new HTTPS connection (1): dl.google.com:443
16:04:59 [DEBUG] Starting new HTTPS connection (1): dl.google.com:443
16:04:59 [DEBUG] https://cp.cloudflare.com:443 "GET / HTTP/1.1" 204 0
16:04:59 [DEBUG] Starting new HTTPS connection (1): www.gstatic.com:443
16:04:59 [DEBUG] https://dl.google.com:443 "GET /dl/android/studio/install/3.4.1.0/android-studio-ide-183.5522156-windows.exe HTTP/1.1" 200 1017327996
16:04:59 [DEBUG] https://dl.google.com:443 "GET /dl/android/studio/install/3.4.1.0/android-studio-ide-183.5522156-windows.exe HTTP/1.1" 200 1017327996
16:04:59 [DEBUG] https://dl.google.com:443 "GET /dl/android/studio/install/3.4.1.0/android-studio-ide-183.5522156-windows.exe HTTP/1.1" 200 1017327996
16:04:59 [DEBUG] https://www.gstatic.com:443 "GET /generate_204 HTTP/1.1" 204 0
16:04:59 [DEBUG] https://dl.google.com:443 "GET /dl/android/studio/install/3.4.1.0/android-studio-ide-183.5522156-windows.exe HTTP/1.1" 200 1017327996
16:04:59 [DEBUG] Starting new HTTPS connection (1): www.google.com:443
16:04:59 [INFO]    🎯 79.137.175.44 (Россия) - 9.9Mbps, 444ms UDP✅ Reality [m.vk.ru]
16:04:59 [INFO]    🎯 178.154.253.80 (Россия) - 11.7Mbps, 438ms UDP❌ Reality [yandex.ru]
16:04:59 [DEBUG] Starting new HTTPS connection (1): dl.google.com:443
16:05:00 [DEBUG] https://www.google.com:443 "GET /generate_204 HTTP/1.1" 204 0
16:05:00 [DEBUG] Starting new HTTPS connection (1): cp.cloudflare.com:443
16:05:00 [INFO]    🎯 79.137.175.44 (Россия) - 8.4Mbps, 450ms UDP✅ Reality [m.vk.ru]
16:05:00 [INFO]    🎯 176.123.164.110 (Россия) - 10.4Mbps, 467ms UDP✅ Reality [m.vk.com]
16:05:00 [DEBUG] Starting new HTTPS connection (1): dl.google.com:443
16:05:00 [DEBUG] https://dl.google.com:443 "GET /dl/android/studio/install/3.4.1.0/android-studio-ide-183.5522156-windows.exe HTTP/1.1" 200 1017327996
16:05:00 [DEBUG] https://cp.cloudflare.com:443 "GET / HTTP/1.1" 204 0
16:05:00 [DEBUG] Starting new HTTPS connection (1): www.gstatic.com:443
16:05:01 [DEBUG] Starting new HTTPS connection (1): www.google.com:443
16:05:01 [DEBUG] Starting new HTTPS connection (1): www.google.com:443
16:05:01 [DEBUG] https://dl.google.com:443 "GET /dl/android/studio/install/3.4.1.0/android-studio-ide-183.5522156-windows.exe HTTP/1.1" 200 1017327996
16:05:01 [INFO]    🎯 158.160.223.36 (Россия) - 10.2Mbps, 460ms UDP✅ Reality [yandex.ru]
16:05:01 [DEBUG] https://www.gstatic.com:443 "GET /generate_204 HTTP/1.1" 204 0
16:05:01 [DEBUG] https://www.google.com:443 "GET /generate_204 HTTP/1.1" 204 0
16:05:01 [DEBUG] Starting new HTTPS connection (1): cp.cloudflare.com:443
16:05:01 [DEBUG] Starting new HTTPS connection (1): www.google.com:443
16:05:01 [DEBUG] Starting new HTTPS connection (1): www.google.com:443
16:05:01 [DEBUG] Starting new HTTPS connection (1): dl.google.com:443
16:05:01 [INFO]    🎯 37.139.34.145 (Россия) - 9.6Mbps, 465ms UDP❌ Reality [m.vk.ru]
16:05:01 [INFO]    📊 Whitelist: 56/80 (70%) | ✅44 ❌12
16:05:02 [DEBUG] https://www.google.com:443 "GET /generate_204 HTTP/1.1" 204 0
16:05:02 [DEBUG] Starting new HTTPS connection (1): cp.cloudflare.com:443
16:05:02 [DEBUG] https://dl.google.com:443 "GET /dl/android/studio/install/3.4.1.0/android-studio-ide-183.5522156-windows.exe HTTP/1.1" 200 1017327996
16:05:02 [DEBUG] https://www.google.com:443 "GET /generate_204 HTTP/1.1" 204 0
16:05:02 [DEBUG] Starting new HTTPS connection (1): cp.cloudflare.com:443
16:05:02 [DEBUG] Starting new HTTPS connection (1): www.google.com:443
16:05:02 [DEBUG] https://cp.cloudflare.com:443 "GET / HTTP/1.1" 204 0
16:05:02 [DEBUG] Starting new HTTPS connection (1): www.gstatic.com:443
16:05:02 [DEBUG] https://cp.cloudflare.com:443 "GET / HTTP/1.1" 204 0
16:05:02 [DEBUG] Starting new HTTPS connection (1): www.gstatic.com:443
16:05:02 [INFO]    🎯 176.123.164.110 (Россия) - 11.5Mbps, 546ms UDP✅ Reality [m.vk.com]
16:05:02 [DEBUG] Starting new HTTPS connection (1): www.google.com:443
16:05:03 [DEBUG] https://www.gstatic.com:443 "GET /generate_204 HTTP/1.1" 204 0
16:05:03 [DEBUG] https://www.gstatic.com:443 "GET /generate_204 HTTP/1.1" 204 0
16:05:03 [DEBUG] https://www.google.com:443 "GET /generate_204 HTTP/1.1" 204 0
16:05:03 [DEBUG] Starting new HTTPS connection (1): cp.cloudflare.com:443
16:05:03 [DEBUG] Starting new HTTPS connection (1): dl.google.com:443
16:05:03 [DEBUG] Starting new HTTPS connection (1): www.google.com:443
16:05:04 [DEBUG] https://dl.google.com:443 "GET /dl/android/studio/install/3.4.1.0/android-studio-ide-183.5522156-windows.exe HTTP/1.1" 200 1017327996
16:05:04 [DEBUG] https://cp.cloudflare.com:443 "GET / HTTP/1.1" 204 0
16:05:04 [DEBUG] Starting new HTTPS connection (1): www.gstatic.com:443
16:05:04 [DEBUG] https://www.google.com:443 "GET /generate_204 HTTP/1.1" 204 0
16:05:04 [DEBUG] Starting new HTTPS connection (1): cp.cloudflare.com:443
16:05:05 [INFO]    🎯 146.185.240.23 (Россия) - 9.3Mbps, 606ms UDP✅ Reality [m.vk.ru]
16:05:05 [DEBUG] https://cp.cloudflare.com:443 "GET / HTTP/1.1" 204 0
16:05:05 [DEBUG] Starting new HTTPS connection (1): www.gstatic.com:443
16:05:05 [INFO]    🎯 176.109.109.58 (Россия) - 1.0Mbps, 414ms UDP✅ Reality [tradingview.com]
16:05:06 [DEBUG] Starting new HTTPS connection (1): cp.cloudflare.com:443
16:05:06 [DEBUG] Starting new HTTPS connection (1): cp.cloudflare.com:443
16:05:06 [DEBUG] Starting new HTTPS connection (1): dl.google.com:443
16:05:06 [DEBUG] Starting new HTTPS connection (1): www.google.com:443
16:05:06 [DEBUG] https://www.gstatic.com:443 "GET /generate_204 HTTP/1.1" 204 0
16:05:06 [DEBUG] Starting new HTTPS connection (1): www.gstatic.com:443
16:05:06 [DEBUG] https://www.gstatic.com:443 "GET /generate_204 HTTP/1.1" 204 0
16:05:06 [DEBUG] https://dl.google.com:443 "GET /dl/android/studio/install/3.4.1.0/android-studio-ide-183.5522156-windows.exe HTTP/1.1" 200 1017327996
16:05:07 [DEBUG] Starting new HTTPS connection (1): www.google.com:443
16:05:07 [DEBUG] https://www.google.com:443 "GET /generate_204 HTTP/1.1" 204 0
16:05:07 [DEBUG] Starting new HTTPS connection (1): cp.cloudflare.com:443
16:05:07 [INFO]    🎯 90.156.150.134 (Россия) - 9.1Mbps, 538ms UDP❌ Reality [m.vk.ru]
16:05:07 [DEBUG] https://www.google.com:443 "GET /generate_204 HTTP/1.1" 204 0
16:05:07 [DEBUG] Starting new HTTPS connection (1): cp.cloudflare.com:443
16:05:08 [INFO]    🎯 176.109.109.58 (Россия) - 1.1Mbps, 446ms UDP✅ Reality [tradingview.com]
16:05:08 [DEBUG] Starting new HTTPS connection (1): dl.google.com:443
16:05:08 [DEBUG] https://cp.cloudflare.com:443 "GET / HTTP/1.1" 204 0
16:05:08 [DEBUG] Starting new HTTPS connection (1): www.gstatic.com:443
16:05:08 [DEBUG] Starting new HTTPS connection (1): www.google.com:443
16:05:08 [DEBUG] Starting new HTTPS connection (1): dl.google.com:443
16:05:08 [DEBUG] https://dl.google.com:443 "GET /dl/android/studio/install/3.4.1.0/android-studio-ide-183.5522156-windows.exe HTTP/1.1" 200 1017327996
16:05:09 [DEBUG] Starting new HTTPS connection (1): www.google.com:443
16:05:09 [INFO]    🎯 51.250.66.104 (Россия) - 8.7Mbps, 810ms UDP✅ Reality [ads.x5.ru]
16:05:09 [DEBUG] https://cp.cloudflare.com:443 "GET / HTTP/1.1" 204 0
16:05:09 [DEBUG] Starting new HTTPS connection (1): www.gstatic.com:443
16:05:10 [DEBUG] https://www.google.com:443 "GET /generate_204 HTTP/1.1" 204 0
16:05:10 [DEBUG] Starting new HTTPS connection (1): cp.cloudflare.com:443
16:05:10 [DEBUG] https://www.gstatic.com:443 "GET /generate_204 HTTP/1.1" 204 0
16:05:10 [DEBUG] Starting new HTTPS connection (1): dl.google.com:443
16:05:10 [DEBUG] Starting new HTTPS connection (1): www.google.com:443
16:05:10 [DEBUG] https://cp.cloudflare.com:443 "GET / HTTP/1.1" 204 0
16:05:10 [DEBUG] Starting new HTTPS connection (1): www.gstatic.com:443
16:05:11 [DEBUG] Starting new HTTPS connection (1): www.gstatic.com:443
16:05:11 [DEBUG] https://www.google.com:443 "GET /generate_204 HTTP/1.1" 204 0
16:05:11 [DEBUG] Starting new HTTPS connection (1): cp.cloudflare.com:443
16:05:11 [DEBUG] https://dl.google.com:443 "GET /dl/android/studio/install/3.4.1.0/android-studio-ide-183.5522156-windows.exe HTTP/1.1" 200 1017327996
16:05:11 [DEBUG] https://dl.google.com:443 "GET /dl/android/studio/install/3.4.1.0/android-studio-ide-183.5522156-windows.exe HTTP/1.1" 200 1017327996
16:05:11 [DEBUG] https://cp.cloudflare.com:443 "GET / HTTP/1.1" 204 0
16:05:11 [DEBUG] Starting new HTTPS connection (1): www.gstatic.com:443
16:05:12 [DEBUG] https://www.gstatic.com:443 "GET /generate_204 HTTP/1.1" 204 0
16:05:12 [DEBUG] https://www.gstatic.com:443 "GET /generate_204 HTTP/1.1" 204 0
16:05:12 [DEBUG] Starting new HTTPS connection (1): dl.google.com:443
16:05:12 [DEBUG] Starting new HTTPS connection (1): www.google.com:443
16:05:13 [DEBUG] Starting new HTTPS connection (1): dl.google.com:443
16:05:13 [DEBUG] https://www.google.com:443 "GET /generate_204 HTTP/1.1" 204 0
16:05:13 [DEBUG] Starting new HTTPS connection (1): cp.cloudflare.com:443
16:05:13 [INFO]    🎯 51.250.14.123 (Россия) - 5.1Mbps, 1388ms UDP✅ Reality [ads.x5.ru]
16:05:13 [INFO]    📊 Whitelist: 64/80 (80%) | ✅51 ❌13
16:05:13 [DEBUG] https://www.gstatic.com:443 "GET /generate_204 HTTP/1.1" 204 0
16:05:13 [DEBUG] https://dl.google.com:443 "GET /dl/android/studio/install/3.4.1.0/android-studio-ide-183.5522156-windows.exe HTTP/1.1" 200 1017327996
16:05:13 [DEBUG] https://cp.cloudflare.com:443 "GET / HTTP/1.1" 204 0
16:05:13 [DEBUG] Starting new HTTPS connection (1): www.gstatic.com:443
16:05:13 [DEBUG] Starting new HTTPS connection (1): cp.cloudflare.com:443
16:05:13 [DEBUG] https://cp.cloudflare.com:443 "GET / HTTP/1.1" 204 0
16:05:13 [DEBUG] Starting new HTTPS connection (1): www.gstatic.com:443
16:05:14 [DEBUG] https://dl.google.com:443 "GET /dl/android/studio/install/3.4.1.0/android-studio-ide-183.5522156-windows.exe HTTP/1.1" 200 1017327996
16:05:14 [INFO]    🎯 217.16.26.158 (Россия) - 11.8Mbps, 2975ms UDP✅ Reality [ads.x5.ru]
16:05:14 [DEBUG] https://www.gstatic.com:443 "GET /generate_204 HTTP/1.1" 204 0
16:05:14 [DEBUG] Starting new HTTPS connection (1): www.google.com:443
16:05:14 [DEBUG] Starting new HTTPS connection (1): dl.google.com:443
16:05:15 [INFO]    🎯 84.201.129.193 (Россия) - 2.0Mbps, 1265ms UDP✅ Reality [ads.x5.ru]
16:05:15 [DEBUG] https://www.google.com:443 "GET /generate_204 HTTP/1.1" 204 0
16:05:15 [DEBUG] Starting new HTTPS connection (1): cp.cloudflare.com:443
16:05:15 [DEBUG] Starting new HTTPS connection (1): dl.google.com:443
16:05:15 [DEBUG] https://cp.cloudflare.com:443 "GET / HTTP/1.1" 204 0
16:05:15 [DEBUG] Starting new HTTPS connection (1): www.gstatic.com:443
16:05:15 [DEBUG] https://dl.google.com:443 "GET /dl/android/studio/install/3.4.1.0/android-studio-ide-183.5522156-windows.exe HTTP/1.1" 200 1017327996
16:05:15 [DEBUG] Starting new HTTPS connection (1): www.google.com:443
16:05:15 [DEBUG] https://cp.cloudflare.com:443 "GET / HTTP/1.1" 204 0
16:05:15 [DEBUG] Starting new HTTPS connection (1): www.gstatic.com:443
16:05:15 [DEBUG] Starting new HTTPS connection (1): cp.cloudflare.com:443
16:05:16 [DEBUG] https://www.google.com:443 "GET /generate_204 HTTP/1.1" 204 0
16:05:16 [DEBUG] Starting new HTTPS connection (1): cp.cloudflare.com:443
16:05:16 [INFO]    🎯 217.16.26.35 (Россия) - 3.7Mbps, 1026ms UDP✅  []
16:05:16 [INFO]    🎯 89.169.162.214 (Россия) - 8.6Mbps, 560ms UDP✅ Reality [yandex.ru]
16:05:16 [DEBUG] https://www.gstatic.com:443 "GET /generate_204 HTTP/1.1" 204 0
16:05:16 [DEBUG] Starting new HTTPS connection (1): www.google.com:443
16:05:16 [DEBUG] https://www.gstatic.com:443 "GET /generate_204 HTTP/1.1" 204 0
16:05:16 [DEBUG] https://cp.cloudflare.com:443 "GET / HTTP/1.1" 204 0
16:05:16 [DEBUG] Starting new HTTPS connection (1): www.gstatic.com:443
16:05:16 [DEBUG] Starting new HTTPS connection (1): dl.google.com:443
16:05:16 [DEBUG] Starting new HTTPS connection (1): dl.google.com:443
16:05:16 [DEBUG] https://dl.google.com:443 "GET /dl/android/studio/install/3.4.1.0/android-studio-ide-183.5522156-windows.exe HTTP/1.1" 200 1017327996
16:05:17 [DEBUG] https://www.google.com:443 "GET /generate_204 HTTP/1.1" 204 0
16:05:17 [DEBUG] Starting new HTTPS connection (1): cp.cloudflare.com:443
16:05:17 [DEBUG] Starting new HTTPS connection (1): www.google.com:443
16:05:17 [DEBUG] https://www.gstatic.com:443 "GET /generate_204 HTTP/1.1" 204 0
16:05:17 [DEBUG] Starting new HTTPS connection (1): www.google.com:443
16:05:17 [DEBUG] https://dl.google.com:443 "GET /dl/android/studio/install/3.4.1.0/android-studio-ide-183.5522156-windows.exe HTTP/1.1" 200 1017327996
16:05:17 [DEBUG] Starting new HTTPS connection (1): www.google.com:443
16:05:17 [DEBUG] https://cp.cloudflare.com:443 "GET / HTTP/1.1" 204 0
16:05:17 [DEBUG] Starting new HTTPS connection (1): www.gstatic.com:443
16:05:17 [DEBUG] Starting new HTTPS connection (1): dl.google.com:443
16:05:17 [DEBUG] https://www.gstatic.com:443 "GET /generate_204 HTTP/1.1" 204 0
16:05:17 [DEBUG] https://www.google.com:443 "GET /generate_204 HTTP/1.1" 204 0
16:05:17 [DEBUG] Starting new HTTPS connection (1): cp.cloudflare.com:443
16:05:17 [DEBUG] https://www.google.com:443 "GET /generate_204 HTTP/1.1" 204 0
16:05:17 [DEBUG] Starting new HTTPS connection (1): cp.cloudflare.com:443
16:05:18 [DEBUG] Starting new HTTPS connection (1): dl.google.com:443
16:05:18 [INFO]    🎯 146.185.240.23 (Россия) - 9.5Mbps, 591ms UDP✅ Reality [m.vk.ru]
16:05:18 [DEBUG] https://cp.cloudflare.com:443 "GET / HTTP/1.1" 204 0
16:05:18 [DEBUG] Starting new HTTPS connection (1): www.gstatic.com:443
16:05:18 [DEBUG] https://www.gstatic.com:443 "GET /generate_204 HTTP/1.1" 204 0
16:05:18 [DEBUG] https://cp.cloudflare.com:443 "GET / HTTP/1.1" 204 0
16:05:18 [DEBUG] Starting new HTTPS connection (1): www.gstatic.com:443
16:05:18 [DEBUG] https://dl.google.com:443 "GET /dl/android/studio/install/3.4.1.0/android-studio-ide-183.5522156-windows.exe HTTP/1.1" 200 1017327996
16:05:18 [DEBUG] https://www.gstatic.com:443 "GET /generate_204 HTTP/1.1" 204 0
16:05:18 [DEBUG] Starting new HTTPS connection (1): dl.google.com:443
16:05:18 [DEBUG] https://www.gstatic.com:443 "GET /generate_204 HTTP/1.1" 204 0
16:05:18 [DEBUG] Starting new HTTPS connection (1): dl.google.com:443
16:05:18 [DEBUG] Starting new HTTPS connection (1): dl.google.com:443
16:05:19 [INFO]    🎯 89.169.162.214 (Россия) - 8.0Mbps, 557ms UDP✅ Reality [yandex.ru]
16:05:19 [DEBUG] https://dl.google.com:443 "GET /dl/android/studio/install/3.4.1.0/android-studio-ide-183.5522156-windows.exe HTTP/1.1" 200 1017327996
16:05:19 [DEBUG] Starting new HTTPS connection (1): www.google.com:443
16:05:19 [DEBUG] https://dl.google.com:443 "GET /dl/android/studio/install/3.4.1.0/android-studio-ide-183.5522156-windows.exe HTTP/1.1" 200 1017327996
16:05:19 [DEBUG] https://dl.google.com:443 "GET /dl/android/studio/install/3.4.1.0/android-studio-ide-183.5522156-windows.exe HTTP/1.1" 200 1017327996
16:05:19 [INFO]    🎯 51.250.10.213 (Россия) - 3.2Mbps, 3688ms UDP✅ Reality [ads.x5.ru]
16:05:19 [INFO]    📊 Whitelist: 72/80 (90%) | ✅58 ❌14
16:05:19 [DEBUG] https://dl.google.com:443 "GET /dl/android/studio/install/3.4.1.0/android-studio-ide-183.5522156-windows.exe HTTP/1.1" 200 1017327996
16:05:19 [DEBUG] https://www.google.com:443 "GET /generate_204 HTTP/1.1" 204 0
16:05:19 [DEBUG] Starting new HTTPS connection (1): cp.cloudflare.com:443
16:05:20 [DEBUG] https://cp.cloudflare.com:443 "GET / HTTP/1.1" 204 0
16:05:20 [DEBUG] Starting new HTTPS connection (1): www.gstatic.com:443
16:05:20 [INFO]    🎯 84.252.136.245 (Россия) - 8.6Mbps, 611ms UDP✅ Reality [yandex.ru]
16:05:20 [DEBUG] https://www.gstatic.com:443 "GET /generate_204 HTTP/1.1" 204 0
16:05:20 [DEBUG] Starting new HTTPS connection (1): www.gstatic.com:443
16:05:21 [DEBUG] https://www.gstatic.com:443 "GET /generate_204 HTTP/1.1" 204 0
16:05:22 [DEBUG] https://dl.google.com:443 "GET /dl/android/studio/install/3.4.1.0/android-studio-ide-183.5522156-windows.exe HTTP/1.1" 200 1017327996
16:05:22 [DEBUG] https://www.google.com:443 "GET /generate_204 HTTP/1.1" 204 0
16:05:22 [DEBUG] Starting new HTTPS connection (1): cp.cloudflare.com:443
16:05:23 [INFO]    🎯 217.16.27.216 (Россия) - 2.0Mbps, 3113ms UDP✅ Reality [web.max.ru]
16:05:23 [DEBUG] Starting new HTTPS connection (1): dl.google.com:443
16:05:23 [DEBUG] https://dl.google.com:443 "GET /dl/android/studio/install/3.4.1.0/android-studio-ide-183.5522156-windows.exe HTTP/1.1" 200 1017327996
16:05:26 [INFO]    🎯 178.250.243.97 (Россия) - 1.6Mbps, 1962ms UDP✅ Reality [eh.vk.com]
16:05:27 [DEBUG] Starting new HTTPS connection (1): www.gstatic.com:443
16:05:28 [INFO]    🎯 90.156.217.130 (Россия) - 1.3Mbps, 378ms UDP✅ Reality [m.vk.ru]
16:05:29 [INFO]    🎯 37.139.33.57 (Россия) - 1.2Mbps, 386ms UDP✅ Reality [m.vk.ru]
16:05:35 [INFO]    🎯 37.139.33.57 (Россия) - 1.1Mbps, 384ms UDP❌ Reality [m.vk.ru]
16:05:35 [INFO]    📊 Whitelist: 80/80 (100%) | ✅64 ❌16
16:05:35 [INFO] 
✅ Прошли: 83 (61 Reality), 64 WL
16:05:35 [INFO] 
══════════════════════════════════════════════════
16:05:35 [INFO] 🏆 ЭТАП 4: ФИНАЛЬНЫЙ ОТБОР
16:05:35 [INFO] ══════════════════════════════════════════════════
16:05:35 [INFO] 
📊 Пулы после фильтрации:
16:05:35 [INFO]    🎮 GAME (Reality, <150ms): 6
16:05:35 [INFO]    ⚡ UNIVERSAL: 26
16:05:35 [INFO]    🔄 WARP (Reality score≥50): 32
16:05:35 [INFO]    ⚪ WHITELIST: 64
16:05:35 [INFO] 
🎮 Выбор GAME серверов (Reality only!)...
16:05:35 [INFO]    GAME-1: 57.129.53.182 (Германия) - 33ms, 63.6Mbps, Reality✅
16:05:35 [INFO]    GAME-2: 144.31.94.99 (Швейцария) - 61ms, 71.4Mbps, Reality✅
16:05:35 [INFO] 
⚡ Выбор UNIVERSAL серверов (приоритет Reality)...
16:05:35 [INFO]    UNIVERSAL-1: 91.84.109.124 (Нидерланды) - 40.8Mbps Reality✅
16:05:35 [INFO]    UNIVERSAL-2: 91.84.109.130 (Нидерланды) - 35.8Mbps Reality✅
16:05:35 [INFO]    UNIVERSAL-3: 144.31.2.86 (Польша) - 35.3Mbps Reality✅
16:05:35 [INFO] 
🔄 Выбор WARP серверов (Reality с высоким score)...
16:05:35 [INFO]    WARP-1: 144.31.94.36 (Британия) - score=100
16:05:35 [INFO]    WARP-2: ten5.astralweb.tech (XX) - score=100
16:05:35 [INFO] 
⚪ Выбор WHITELIST серверов...
16:05:35 [INFO]    WHITELIST-1: 178.154.252.255 - 19.4Mbps
16:05:35 [INFO]    WHITELIST-2: 5.188.143.178 - 17.3Mbps
16:05:35 [INFO] 
✅ Итого: 9 серверов
16:05:35 [INFO] 📦 Резерв: 30 серверов
16:05:35 [INFO] 🛡️ Reality в финале: 9/9
16:05:35 [INFO] 🏆 THE FINAL 9 (Russia-Proof):
16:05:35 [INFO] 💾 Подписка: FL1PVPN (9 серверов)
16:05:35 [INFO] ✅ ГОТОВО за 398.3 сек
16:05:35 [INFO] 🛡️ Reality в финале: 9/9
