15:45:56 [INFO] 🚀 FL1P VPN V123 - RUSSIA-PROOF EDITION
15:45:56 [INFO]    ⏰ 2026-02-06 18:45:56 MSK
15:45:56 [INFO]    🛡️ Приоритет: ТОЛЬКО Reality серверы
15:45:56 [INFO]    🎮 GAME: Reality + Tier 1-2 + пинг <150ms
15:45:56 [INFO]    ⚡ UNIVERSAL: Reality приоритет
15:45:56 [INFO] 📂 История: 8802 записей
15:45:56 [INFO] 🌍 GeoIP OK
15:45:56 [INFO] 
══════════════════════════════════════════════════
15:45:56 [INFO] 📥 ЭТАП 1: СБОР
15:45:56 [INFO] ══════════════════════════════════════════════════
15:45:56 [INFO] 📥 Сбор конфигов...
15:45:56 [DEBUG] Starting new HTTPS connection (1): raw.githubusercontent.com:443
15:45:56 [DEBUG] Starting new HTTPS connection (1): raw.githubusercontent.com:443
15:45:56 [DEBUG] Starting new HTTPS connection (1): raw.githubusercontent.com:443
15:45:56 [DEBUG] Starting new HTTPS connection (1): raw.githubusercontent.com:443
15:45:56 [DEBUG] Starting new HTTPS connection (1): raw.githubusercontent.com:443
15:45:56 [DEBUG] Starting new HTTPS connection (1): raw.githubusercontent.com:443
15:45:56 [DEBUG] Starting new HTTPS connection (1): raw.githubusercontent.com:443
15:45:56 [DEBUG] Starting new HTTPS connection (1): raw.githubusercontent.com:443
15:45:56 [DEBUG] Starting new HTTPS connection (1): raw.githubusercontent.com:443
15:45:56 [DEBUG] Starting new HTTPS connection (1): raw.githubusercontent.com:443
15:45:56 [DEBUG] Starting new HTTPS connection (1): raw.githubusercontent.com:443
15:45:56 [DEBUG] Starting new HTTPS connection (1): raw.githubusercontent.com:443
15:45:56 [DEBUG] Starting new HTTPS connection (1): raw.githubusercontent.com:443
15:45:56 [DEBUG] Starting new HTTPS connection (1): raw.githubusercontent.com:443
15:45:56 [DEBUG] Starting new HTTPS connection (1): raw.githubusercontent.com:443
15:45:57 [DEBUG] https://raw.githubusercontent.com:443 "GET /soroushmirzaei/telegram-configs-collector/main/protocols/reality HTTP/1.1" 404 14
15:45:57 [DEBUG] Starting new HTTPS connection (1): raw.githubusercontent.com:443
15:45:57 [DEBUG] https://raw.githubusercontent.com:443 "GET /barry-far/V2ray-Configs/main/Splitted-By-Protocol/vless.txt HTTP/1.1" 404 14
15:45:57 [DEBUG] https://raw.githubusercontent.com:443 "GET /Yebekhe/TelegramV2rayCollector/main/sub/normal/reality HTTP/1.1" 404 14
15:45:57 [DEBUG] https://raw.githubusercontent.com:443 "GET /mahdibland/V2RayAggregator/master/Eternity HTTP/1.1" 200 11840
15:45:57 [DEBUG] Starting new HTTPS connection (1): raw.githubusercontent.com:443
15:45:57 [DEBUG] https://raw.githubusercontent.com:443 "GET /yebekhe/TVC/main/subscriptions/xray/reality HTTP/1.1" 404 14
15:45:57 [DEBUG] Starting new HTTPS connection (1): raw.githubusercontent.com:443
15:45:57 [DEBUG] https://raw.githubusercontent.com:443 "GET /Epodonios/v2ray-configs/main/Splitted-By-Protocol/vless.txt HTTP/1.1" 200 294270
15:45:57 [DEBUG] https://raw.githubusercontent.com:443 "GET /MrMohebi/xray-proxy-grabber-telegram/master/collected-proxies/row-url/all.txt HTTP/1.1" 200 18681
15:45:57 [DEBUG] https://raw.githubusercontent.com:443 "GET /Pawdroid/Free-servers/main/sub HTTP/1.1" 200 2173
15:45:57 [DEBUG] https://raw.githubusercontent.com:443 "GET /lagzian/SS-Collector/main/realitiy_api.txt HTTP/1.1" 404 14
15:45:57 [DEBUG] https://raw.githubusercontent.com:443 "GET /mahdibland/V2RayAggregator/master/sub/splitted/reality.txt HTTP/1.1" 404 14
15:45:57 [DEBUG] https://raw.githubusercontent.com:443 "GET /mfuu/v2ray/master/v2ray HTTP/1.1" 200 13458
15:45:57 [DEBUG] https://raw.githubusercontent.com:443 "GET /Epodonios/v2ray-configs/main/Splitted-By-Protocol/reality.txt HTTP/1.1" 404 14
15:45:57 [DEBUG] Starting new HTTPS connection (1): t.me:443
15:45:57 [DEBUG] https://raw.githubusercontent.com:443 "GET /NiREvil/vless/main/sub/vless HTTP/1.1" 404 14
15:45:57 [DEBUG] Starting new HTTPS connection (1): t.me:443
15:45:57 [DEBUG] Starting new HTTPS connection (1): t.me:443
15:45:57 [DEBUG] Starting new HTTPS connection (1): raw.githubusercontent.com:443
15:45:57 [DEBUG] Starting new HTTPS connection (1): t.me:443
15:45:57 [DEBUG] Starting new HTTPS connection (1): raw.githubusercontent.com:443
15:45:57 [DEBUG] https://raw.githubusercontent.com:443 "GET /peasoft/NoMoreWalls/master/list.txt HTTP/1.1" 200 11351
15:45:57 [DEBUG] https://raw.githubusercontent.com:443 "GET /yebekhe/TVC/main/subscriptions/xray/vless HTTP/1.1" 404 14
15:45:57 [DEBUG] Starting new HTTPS connection (1): t.me:443
15:45:57 [DEBUG] Starting new HTTPS connection (1): t.me:443
15:45:57 [DEBUG] Starting new HTTPS connection (1): t.me:443
15:45:57 [DEBUG] Starting new HTTPS connection (1): t.me:443
15:45:57 [DEBUG] Starting new HTTPS connection (1): t.me:443
15:45:58 [DEBUG] https://raw.githubusercontent.com:443 "GET /igareck/vpn-configs-for-russia/main/Vless-Reality-White-Lists-Rus-Mobile.txt HTTP/1.1" 200 6066
15:45:58 [DEBUG] https://raw.githubusercontent.com:443 "GET /igareck/vpn-configs-for-russia/refs/heads/main/Vless-Reality-White-Lists-Rus-Mobile-2.txt HTTP/1.1" 200 5985
15:45:58 [DEBUG] https://t.me:443 "GET /s/reality_daily HTTP/1.1" 302 20
15:45:58 [DEBUG] https://t.me:443 "GET /s/RealityVpnChannel HTTP/1.1" 302 20
15:45:58 [DEBUG] https://raw.githubusercontent.com:443 "GET /igareck/vpn-configs-for-russia/refs/heads/main/WHITE-CIDR-RU-all.txt HTTP/1.1" 200 31428
15:45:58 [DEBUG] https://t.me:443 "GET /RealityVpnChannel HTTP/1.1" 200 3660
15:45:58 [DEBUG]    🚫 Заблокированный SNI: cdn.yektanet.com
15:45:58 [DEBUG]    🚫 Заблокированный SNI: www.microsoft.com
15:45:58 [DEBUG] https://t.me:443 "GET /reality_daily HTTP/1.1" 200 3655
15:45:58 [DEBUG] Starting new HTTPS connection (1): t.me:443
15:45:58 [DEBUG]    🚫 Заблокированный SNI: www.microsoft.com
15:45:58 [DEBUG] Starting new HTTPS connection (1): t.me:443
15:45:58 [DEBUG] Starting new HTTPS connection (1): api.github.com:443
15:45:58 [DEBUG] https://t.me:443 "GET /s/PrivateVPNs HTTP/1.1" 200 9543
15:45:58 [DEBUG] https://t.me:443 "GET /s/FarahVPN HTTP/1.1" 200 9768
15:45:58 [DEBUG] Starting new HTTPS connection (1): t.me:443
15:45:58 [DEBUG]    🚫 Заблокированный SNI: www.microsoft.com
15:45:58 [DEBUG] Starting new HTTPS connection (1): api.github.com:443
15:45:58 [DEBUG] https://t.me:443 "GET /s/v2rayng_vpn HTTP/1.1" 200 15539
15:45:58 [DEBUG] https://raw.githubusercontent.com:443 "GET /igareck/vpn-configs-for-russia/main/configs/vless.txt HTTP/1.1" 404 14
15:45:58 [DEBUG] https://t.me:443 "GET /s/VlessConfig HTTP/1.1" 200 9292
15:45:58 [DEBUG] https://raw.githubusercontent.com:443 "GET /AvenCores/goida-vpn-configs/main/configs/vless.txt HTTP/1.1" 404 14
15:45:58 [DEBUG] Starting new HTTPS connection (1): api.github.com:443
15:45:58 [DEBUG] https://t.me:443 "GET /s/DirectVPN HTTP/1.1" 200 9198
15:45:58 [DEBUG] https://t.me:443 "GET /s/v2ray_configs_pool HTTP/1.1" 200 11040
15:45:58 [DEBUG] https://t.me:443 "GET /s/iSegaro HTTP/1.1" 200 18614
15:45:58 [DEBUG]    🚫 Заблокированный SNI: www.microsoft.com
15:45:58 [DEBUG]    🚫 Заблокированный SNI: www.microsoft.com
15:45:58 [DEBUG]    🚫 Заблокированный SNI: www.microsoft.com
15:45:58 [DEBUG]    🚫 Заблокированный SNI: us.asbndx.com
15:45:58 [DEBUG]    🚫 Заблокированный SNI: pl.asbndx.com
15:45:58 [DEBUG]    🚫 Заблокированный SNI: de-two.asbndx.com
15:45:58 [DEBUG]    🚫 Заблокированный SNI: de-two.asbndx.com
15:45:58 [DEBUG]    🚫 Заблокированный SNI: www.microsoft.com
15:45:58 [DEBUG]    🚫 Заблокированный SNI: eset.com
15:45:58 [DEBUG]    🚫 Заблокированный SNI: learn.microsoft.com
15:45:58 [DEBUG]    🚫 Заблокированный SNI: aparat.com
15:45:58 [DEBUG]    🚫 Заблокированный SNI: tr.eu-ffast.com
15:45:58 [DEBUG]    🚫 Заблокированный SNI: www.microsoft.com
15:45:58 [DEBUG]    🚫 Заблокированный SNI: www.pinterest.com
15:45:58 [DEBUG] https://t.me:443 "GET /s/ConfigsHUB HTTP/1.1" 200 8840
15:45:59 [DEBUG] https://api.github.com:443 "GET /repos/yebekhe/TelegramV2rayCollector/issues?state=all&per_page=10 HTTP/1.1" 404 125
15:45:59 [DEBUG] https://api.github.com:443 "GET /repos/barry-far/V2ray-Configs/issues?state=all&per_page=10 HTTP/1.1" 403 136
15:45:59 [DEBUG] https://t.me:443 "GET /s/v2ray_alpha HTTP/1.1" 200 18991
15:45:59 [DEBUG] https://t.me:443 "GET /s/freev2rayssr HTTP/1.1" 200 22273
15:45:59 [DEBUG] https://api.github.com:443 "GET /repos/mahdibland/V2RayAggregator/issues?state=all&per_page=10 HTTP/1.1" 200 1949
15:45:59 [INFO] 
📊 Собрано: 2794 глобальных
15:45:59 [INFO]    🛡️ Reality: 354 (хороших: 346)
15:45:59 [INFO]    🇷🇺 Whitelist: 1438
15:45:59 [INFO] 🔍 Уникальных: 1571 (267 Reality), 133 WL
15:45:59 [INFO] 
══════════════════════════════════════════════════
15:45:59 [INFO] ⚡ ЭТАП 2: TCP
15:45:59 [INFO] ══════════════════════════════════════════════════
15:45:59 [INFO]    📊 Global: 157/1571 (10%) | ✅115 ❌42
15:46:00 [INFO]    📊 Global: 314/1571 (20%) | ✅217 ❌97
15:46:00 [INFO]    📊 Global: 471/1571 (30%) | ✅281 ❌190
15:46:01 [INFO]    📊 Global: 628/1571 (40%) | ✅387 ❌241
15:46:01 [INFO]    📊 Global: 785/1571 (50%) | ✅495 ❌290
15:46:01 [INFO]    📊 Global: 942/1571 (60%) | ✅597 ❌345
15:46:02 [INFO]    📊 Global: 1099/1571 (70%) | ✅699 ❌400
15:46:02 [INFO]    📊 Global: 1256/1571 (80%) | ✅775 ❌481
15:46:03 [INFO]    📊 Global: 1413/1571 (90%) | ✅890 ❌523
15:46:06 [INFO]    📊 Global: 1570/1571 (100%) | ✅967 ❌603
15:46:19 [INFO]    📊 Whitelist: 13/133 (10%) | ✅0 ❌13
15:46:19 [INFO]    📊 Whitelist: 26/133 (20%) | ✅7 ❌19
15:46:19 [INFO]    📊 Whitelist: 39/133 (29%) | ✅16 ❌23
15:46:19 [INFO]    📊 Whitelist: 52/133 (39%) | ✅24 ❌28
15:46:19 [INFO]    📊 Whitelist: 65/133 (49%) | ✅35 ❌30
15:46:19 [INFO]    📊 Whitelist: 78/133 (59%) | ✅47 ❌31
15:46:19 [INFO]    📊 Whitelist: 91/133 (68%) | ✅60 ❌31
15:46:19 [INFO]    📊 Whitelist: 104/133 (78%) | ✅73 ❌31
15:46:19 [INFO]    📊 Whitelist: 117/133 (88%) | ✅86 ❌31
15:46:20 [INFO]    📊 Whitelist: 130/133 (98%) | ✅98 ❌32
15:46:20 [INFO] 
✅ Живых: 967 (163 Reality), 98 WL
15:46:20 [INFO] 
📊 Топ стран:
15:46:20 [INFO]    🇽🇽 XX (XX): 738 [T5]
15:46:20 [INFO]    🇳🇱 NL (Нидерланды): 47 [T3]
15:46:20 [INFO]    🇩🇪 DE (Германия): 38 [T3]
15:46:20 [INFO]    🇫🇮 FI (Финляндия): 19 [T1]
15:46:20 [INFO]    🇫🇷 FR (Франция): 15 [T4]
15:46:20 [INFO]    🇬🇧 GB (Британия): 11 [T4]
15:46:20 [INFO]    🇸🇪 SE (Швеция): 10 [T2]
15:46:20 [INFO]    🇲🇩 MD (Молдова): 9 [T5]
15:46:20 [INFO] 
══════════════════════════════════════════════════
15:46:20 [INFO] 🧪 ЭТАП 3: ГЛУБОКАЯ ПРОВЕРКА
15:46:20 [INFO] ══════════════════════════════════════════════════
15:46:20 [INFO]    К проверке: 400 (163 Reality), 80 WL
15:46:21 [DEBUG] Starting new HTTPS connection (1): www.google.com:443
15:46:21 [DEBUG] Starting new HTTPS connection (1): www.google.com:443
15:46:21 [DEBUG] Starting new HTTPS connection (1): www.google.com:443
15:46:21 [DEBUG] Starting new HTTPS connection (1): www.google.com:443
15:46:21 [DEBUG] Starting new HTTPS connection (1): www.google.com:443
15:46:21 [DEBUG] Starting new HTTPS connection (1): www.google.com:443
15:46:21 [DEBUG] Starting new HTTPS connection (1): www.google.com:443
15:46:21 [DEBUG] Starting new HTTPS connection (1): www.google.com:443
15:46:21 [DEBUG] Starting new HTTPS connection (1): www.google.com:443
15:46:21 [DEBUG] Starting new HTTPS connection (1): www.google.com:443
15:46:21 [DEBUG] https://www.google.com:443 "GET /generate_204 HTTP/1.1" 204 0
15:46:21 [DEBUG] Starting new HTTPS connection (1): cp.cloudflare.com:443
15:46:21 [DEBUG] Starting new HTTPS connection (1): cp.cloudflare.com:443
15:46:21 [DEBUG] Starting new HTTPS connection (1): www.gstatic.com:443
15:46:21 [DEBUG] https://cp.cloudflare.com:443 "GET / HTTP/1.1" 204 0
15:46:21 [DEBUG] Starting new HTTPS connection (1): www.gstatic.com:443
15:46:22 [DEBUG] https://www.google.com:443 "GET /generate_204 HTTP/1.1" 204 0
15:46:22 [DEBUG] Starting new HTTPS connection (1): cp.cloudflare.com:443
15:46:22 [DEBUG] https://www.gstatic.com:443 "GET /generate_204 HTTP/1.1" 204 0
15:46:22 [DEBUG] https://www.google.com:443 "GET /generate_204 HTTP/1.1" 204 0
15:46:22 [DEBUG] Starting new HTTPS connection (1): cp.cloudflare.com:443
15:46:22 [DEBUG] Starting new HTTPS connection (1): dl.google.com:443
15:46:22 [DEBUG] https://dl.google.com:443 "GET /dl/android/studio/install/3.4.1.0/android-studio-ide-183.5522156-windows.exe HTTP/1.1" 200 1017327996
15:46:22 [DEBUG] https://cp.cloudflare.com:443 "GET / HTTP/1.1" 204 0
15:46:22 [DEBUG] Starting new HTTPS connection (1): www.gstatic.com:443
15:46:22 [INFO]    🎯 144.31.94.99 (Швейцария) - 50.8Mbps, 73ms UDP✅ Reality [google.com]
15:46:22 [DEBUG] https://www.google.com:443 "GET /generate_204 HTTP/1.1" 204 0
15:46:22 [DEBUG] Starting new HTTPS connection (1): cp.cloudflare.com:443
15:46:22 [DEBUG] https://www.google.com:443 "GET /generate_204 HTTP/1.1" 204 0
15:46:22 [DEBUG] Starting new HTTPS connection (1): cp.cloudflare.com:443
15:46:22 [DEBUG] https://www.gstatic.com:443 "GET /generate_204 HTTP/1.1" 204 0
15:46:22 [DEBUG] https://cp.cloudflare.com:443 "GET / HTTP/1.1" 204 0
15:46:22 [DEBUG] Starting new HTTPS connection (1): www.gstatic.com:443
15:46:22 [DEBUG] Starting new HTTPS connection (1): dl.google.com:443
15:46:22 [DEBUG] https://cp.cloudflare.com:443 "GET / HTTP/1.1" 204 0
15:46:22 [DEBUG] Starting new HTTPS connection (1): www.gstatic.com:443
15:46:22 [DEBUG] https://dl.google.com:443 "GET /dl/android/studio/install/3.4.1.0/android-studio-ide-183.5522156-windows.exe HTTP/1.1" 200 1017327996
15:46:22 [DEBUG] https://cp.cloudflare.com:443 "GET / HTTP/1.1" 204 0
15:46:22 [DEBUG] Starting new HTTPS connection (1): www.gstatic.com:443
15:46:22 [DEBUG] https://www.gstatic.com:443 "GET /generate_204 HTTP/1.1" 204 0
15:46:23 [DEBUG] Starting new HTTPS connection (1): dl.google.com:443
15:46:23 [DEBUG] Starting new HTTPS connection (1): www.google.com:443
15:46:23 [DEBUG] Starting new HTTPS connection (1): cp.cloudflare.com:443
15:46:23 [DEBUG] https://dl.google.com:443 "GET /dl/android/studio/install/3.4.1.0/android-studio-ide-183.5522156-windows.exe HTTP/1.1" 404 1449
15:46:23 [INFO]    🎯 46.62.128.207 (Финляндия) - 0.0Mbps, 400ms UDP✅ Reality [www.cloudflare.com]
15:46:23 [DEBUG] Starting new HTTPS connection (1): www.gstatic.com:443
15:46:23 [DEBUG] Starting new HTTPS connection (1): www.google.com:443
15:46:23 [DEBUG] https://www.gstatic.com:443 "GET /generate_204 HTTP/1.1" 204 0
15:46:23 [INFO]    🎯 144.31.2.86 (Польша) - 12.8Mbps, 229ms UDP✅ Reality [google.com]
15:46:23 [DEBUG] https://www.gstatic.com:443 "GET /generate_204 HTTP/1.1" 204 0
15:46:24 [DEBUG] Starting new HTTPS connection (1): dl.google.com:443
15:46:24 [DEBUG] Starting new HTTPS connection (1): cp.cloudflare.com:443
15:46:24 [DEBUG] Starting new HTTPS connection (1): dl.google.com:443
15:46:24 [DEBUG] Starting new HTTPS connection (1): www.google.com:443
15:46:24 [DEBUG] Starting new HTTPS connection (1): www.google.com:443
15:46:24 [DEBUG] https://dl.google.com:443 "GET /dl/android/studio/install/3.4.1.0/android-studio-ide-183.5522156-windows.exe HTTP/1.1" 404 1449
15:46:24 [INFO]    🎯 2.56.125.209 (Польша) - 0.0Mbps, 573ms UDP✅ Reality [yahoo.com]
15:46:24 [DEBUG] https://dl.google.com:443 "GET /dl/android/studio/install/3.4.1.0/android-studio-ide-183.5522156-windows.exe HTTP/1.1" 200 1017327996
15:46:24 [DEBUG] https://www.google.com:443 "GET /generate_204 HTTP/1.1" 204 0
15:46:24 [DEBUG] Starting new HTTPS connection (1): www.google.com:443
15:46:24 [DEBUG] Starting new HTTPS connection (1): cp.cloudflare.com:443
15:46:25 [DEBUG] https://cp.cloudflare.com:443 "GET / HTTP/1.1" 204 0
15:46:25 [DEBUG] Starting new HTTPS connection (1): www.gstatic.com:443
15:46:25 [DEBUG] Starting new HTTPS connection (1): cp.cloudflare.com:443
15:46:25 [INFO]    🎯 45.43.79.73 (Латвия) - 16.2Mbps, 715ms UDP✅ Reality [google.com]
15:46:25 [DEBUG] Starting new HTTPS connection (1): www.google.com:443
15:46:26 [DEBUG] Starting new HTTPS connection (1): www.google.com:443
15:46:26 [DEBUG] Starting new HTTPS connection (1): cp.cloudflare.com:443
15:46:26 [DEBUG] Starting new HTTPS connection (1): www.gstatic.com:443
15:46:26 [DEBUG] https://www.google.com:443 "GET /generate_204 HTTP/1.1" 204 0
15:46:26 [DEBUG] Starting new HTTPS connection (1): cp.cloudflare.com:443
15:46:26 [DEBUG] Starting new HTTPS connection (1): cp.cloudflare.com:443
15:46:26 [DEBUG] Starting new HTTPS connection (1): www.gstatic.com:443
15:46:26 [DEBUG] Starting new HTTPS connection (1): cp.cloudflare.com:443
15:46:26 [DEBUG] https://cp.cloudflare.com:443 "GET / HTTP/1.1" 204 0
15:46:26 [DEBUG] Starting new HTTPS connection (1): www.gstatic.com:443
15:46:26 [DEBUG] https://cp.cloudflare.com:443 "GET / HTTP/1.1" 204 0
15:46:26 [DEBUG] Starting new HTTPS connection (1): www.gstatic.com:443
15:46:27 [DEBUG] Starting new HTTPS connection (1): www.gstatic.com:443
15:46:27 [DEBUG] https://www.google.com:443 "GET /generate_204 HTTP/1.1" 204 0
15:46:27 [DEBUG] Starting new HTTPS connection (1): cp.cloudflare.com:443
15:46:27 [DEBUG] https://www.gstatic.com:443 "GET /generate_204 HTTP/1.1" 204 0
15:46:27 [DEBUG] https://cp.cloudflare.com:443 "GET / HTTP/1.1" 204 0
15:46:27 [DEBUG] Starting new HTTPS connection (1): www.gstatic.com:443
15:46:27 [DEBUG] Starting new HTTPS connection (1): dl.google.com:443
15:46:27 [DEBUG] https://www.gstatic.com:443 "GET /generate_204 HTTP/1.1" 204 0
15:46:27 [DEBUG] Starting new HTTPS connection (1): dl.google.com:443
15:46:27 [DEBUG] https://dl.google.com:443 "GET /dl/android/studio/install/3.4.1.0/android-studio-ide-183.5522156-windows.exe HTTP/1.1" 200 1017327996
15:46:28 [DEBUG] https://dl.google.com:443 "GET /dl/android/studio/install/3.4.1.0/android-studio-ide-183.5522156-windows.exe HTTP/1.1" 200 1017327996
15:46:28 [DEBUG] Starting new HTTPS connection (1): www.google.com:443
15:46:28 [DEBUG] https://www.google.com:443 "GET /generate_204 HTTP/1.1" 204 0
15:46:28 [DEBUG] Starting new HTTPS connection (1): cp.cloudflare.com:443
15:46:28 [INFO]    🎯 94.228.215.11 (Нидерланды) - 20.9Mbps, 645ms UDP✅ Reality [hls-svod.itunes.appl]
15:46:28 [DEBUG] https://cp.cloudflare.com:443 "GET / HTTP/1.1" 204 0
15:46:28 [DEBUG] Starting new HTTPS connection (1): www.gstatic.com:443
15:46:28 [INFO]    🎯 38.244.137.198 (Финляндия) - 15.0Mbps, 378ms UDP✅ Reality [google.com]
15:46:28 [DEBUG] https://www.gstatic.com:443 "GET /generate_204 HTTP/1.1" 204 0
15:46:28 [DEBUG] Starting new HTTPS connection (1): dl.google.com:443
15:46:29 [DEBUG] https://dl.google.com:443 "GET /dl/android/studio/install/3.4.1.0/android-studio-ide-183.5522156-windows.exe HTTP/1.1" 200 1017327996
15:46:29 [INFO]    🎯 91.84.109.130 (Нидерланды) - 35.2Mbps, 189ms UDP✅ Reality [apple.com]
15:46:29 [DEBUG] https://www.gstatic.com:443 "GET /generate_204 HTTP/1.1" 204 0
15:46:29 [DEBUG] Starting new HTTPS connection (1): dl.google.com:443
15:46:29 [DEBUG] Starting new HTTPS connection (1): cp.cloudflare.com:443
15:46:29 [DEBUG] https://dl.google.com:443 "GET /dl/android/studio/install/3.4.1.0/android-studio-ide-183.5522156-windows.exe HTTP/1.1" 200 1017327996
15:46:29 [DEBUG] Starting new HTTPS connection (1): www.google.com:443
15:46:29 [DEBUG] Starting new HTTPS connection (1): www.google.com:443
15:46:29 [DEBUG] Starting new HTTPS connection (1): cp.cloudflare.com:443
15:46:29 [INFO]    🎯 91.84.109.124 (Нидерланды) - 36.0Mbps, 957ms UDP✅ Reality [apple.com]
15:46:30 [DEBUG] Starting new HTTPS connection (1): www.google.com:443
15:46:30 [DEBUG] Starting new HTTPS connection (1): www.google.com:443
15:46:30 [DEBUG] https://www.google.com:443 "GET /generate_204 HTTP/1.1" 204 0
15:46:30 [DEBUG] Starting new HTTPS connection (1): cp.cloudflare.com:443
15:46:30 [DEBUG] Starting new HTTPS connection (1): www.google.com:443
15:46:30 [DEBUG] https://cp.cloudflare.com:443 "GET / HTTP/1.1" 204 0
15:46:30 [DEBUG] Starting new HTTPS connection (1): www.gstatic.com:443
15:46:30 [DEBUG] https://www.gstatic.com:443 "GET /generate_204 HTTP/1.1" 204 0
15:46:30 [DEBUG] https://www.google.com:443 "GET /generate_204 HTTP/1.1" 204 0
15:46:30 [DEBUG] Starting new HTTPS connection (1): cp.cloudflare.com:443
15:46:31 [DEBUG] Starting new HTTPS connection (1): www.google.com:443
15:46:31 [DEBUG] Starting new HTTPS connection (1): dl.google.com:443
15:46:31 [DEBUG] Starting new HTTPS connection (1): www.gstatic.com:443
15:46:31 [DEBUG] https://cp.cloudflare.com:443 "GET / HTTP/1.1" 204 0
15:46:31 [DEBUG] Starting new HTTPS connection (1): www.gstatic.com:443
15:46:32 [DEBUG] https://www.gstatic.com:443 "GET /generate_204 HTTP/1.1" 204 0
15:46:32 [DEBUG] Starting new HTTPS connection (1): dl.google.com:443
15:46:32 [DEBUG] https://dl.google.com:443 "GET /dl/android/studio/install/3.4.1.0/android-studio-ide-183.5522156-windows.exe HTTP/1.1" 200 1017327996
15:46:32 [INFO]    🎯 144.31.94.36 (Британия) - 10.6Mbps, 86ms UDP✅ Reality [google.com]
15:46:33 [DEBUG] Starting new HTTPS connection (1): dl.google.com:443
15:46:33 [DEBUG] Starting new HTTPS connection (1): cp.cloudflare.com:443
15:46:33 [DEBUG] https://dl.google.com:443 "GET /dl/android/studio/install/3.4.1.0/android-studio-ide-183.5522156-windows.exe HTTP/1.1" 200 1017327996
15:46:33 [DEBUG] Starting new HTTPS connection (1): cp.cloudflare.com:443
15:46:34 [DEBUG] Starting new HTTPS connection (1): www.google.com:443
15:46:34 [DEBUG] https://www.google.com:443 "GET /generate_204 HTTP/1.1" 204 0
15:46:34 [DEBUG] Starting new HTTPS connection (1): cp.cloudflare.com:443
15:46:34 [DEBUG] Starting new HTTPS connection (1): www.gstatic.com:443
15:46:34 [DEBUG] Starting new HTTPS connection (1): cp.cloudflare.com:443
15:46:34 [DEBUG] Starting new HTTPS connection (1): www.gstatic.com:443
15:46:35 [DEBUG] Starting new HTTPS connection (1): www.google.com:443
15:46:35 [DEBUG] Starting new HTTPS connection (1): www.gstatic.com:443
15:46:35 [INFO]    🎯 91.84.102.30 (Нидерланды) - 3.9Mbps, 691ms UDP✅ Reality [apple.com]
15:46:35 [DEBUG] https://dl.google.com:443 "GET /dl/android/studio/install/3.4.1.0/android-studio-ide-183.5522156-windows.exe HTTP/1.1" 200 1017327996
15:46:36 [INFO]    🎯 93.186.201.45 (Германия) - 4.2Mbps, 336ms UDP❌ Reality [google.com]
15:46:36 [DEBUG] Starting new HTTPS connection (1): www.gstatic.com:443
15:46:36 [DEBUG] Starting new HTTPS connection (1): www.google.com:443
15:46:37 [DEBUG] Starting new HTTPS connection (1): www.google.com:443
15:46:37 [DEBUG] Starting new HTTPS connection (1): cp.cloudflare.com:443
15:46:37 [DEBUG] https://www.google.com:443 "GET /generate_204 HTTP/1.1" 204 0
15:46:37 [DEBUG] Starting new HTTPS connection (1): cp.cloudflare.com:443
15:46:37 [DEBUG] https://cp.cloudflare.com:443 "GET / HTTP/1.1" 204 0
15:46:37 [DEBUG] Starting new HTTPS connection (1): www.gstatic.com:443
15:46:38 [DEBUG] https://cp.cloudflare.com:443 "GET / HTTP/1.1" 204 0
15:46:38 [DEBUG] Starting new HTTPS connection (1): www.gstatic.com:443
15:46:38 [DEBUG] https://www.google.com:443 "GET /generate_204 HTTP/1.1" 204 0
15:46:38 [DEBUG] Starting new HTTPS connection (1): cp.cloudflare.com:443
15:46:38 [DEBUG] https://www.gstatic.com:443 "GET /generate_204 HTTP/1.1" 204 0
15:46:39 [DEBUG] Starting new HTTPS connection (1): www.google.com:443
15:46:39 [DEBUG] https://www.gstatic.com:443 "GET /generate_204 HTTP/1.1" 204 0
15:46:39 [DEBUG] Starting new HTTPS connection (1): cp.cloudflare.com:443
15:46:39 [DEBUG] Starting new HTTPS connection (1): dl.google.com:443
15:46:39 [DEBUG] Starting new HTTPS connection (1): www.gstatic.com:443
15:46:39 [DEBUG] Starting new HTTPS connection (1): www.gstatic.com:443
15:46:39 [DEBUG] Starting new HTTPS connection (1): dl.google.com:443
15:46:39 [DEBUG] Starting new HTTPS connection (1): www.gstatic.com:443
15:46:40 [DEBUG] https://dl.google.com:443 "GET /dl/android/studio/install/3.4.1.0/android-studio-ide-183.5522156-windows.exe HTTP/1.1" 404 1449
15:46:40 [INFO]    🎯 45.12.143.191 (Турция) - 0.0Mbps, 615ms UDP✅ Reality [yahoo.com]
15:46:40 [DEBUG] https://dl.google.com:443 "GET /dl/android/studio/install/3.4.1.0/android-studio-ide-183.5522156-windows.exe HTTP/1.1" 200 1017327996
15:46:40 [DEBUG] Starting new HTTPS connection (1): www.google.com:443
15:46:41 [INFO]    🎯 91.84.113.57 (Нидерланды) - 10.7Mbps, 3115ms UDP✅ Reality [apple.com]
15:46:41 [DEBUG] Starting new HTTPS connection (1): www.google.com:443
15:46:41 [DEBUG] Starting new HTTPS connection (1): www.google.com:443
15:46:41 [DEBUG] Starting new HTTPS connection (1): cp.cloudflare.com:443
15:46:41 [DEBUG] Starting new HTTPS connection (1): cp.cloudflare.com:443
15:46:41 [DEBUG] Starting new HTTPS connection (1): www.gstatic.com:443
15:46:41 [DEBUG] Starting new HTTPS connection (1): www.google.com:443
15:46:41 [DEBUG] Starting new HTTPS connection (1): www.google.com:443
15:46:41 [DEBUG] Starting new HTTPS connection (1): www.gstatic.com:443
15:46:41 [DEBUG] Starting new HTTPS connection (1): cp.cloudflare.com:443
15:46:41 [DEBUG] Starting new HTTPS connection (1): cp.cloudflare.com:443
15:46:41 [DEBUG] Starting new HTTPS connection (1): www.gstatic.com:443
15:46:41 [DEBUG] Starting new HTTPS connection (1): www.gstatic.com:443
15:46:42 [DEBUG] Starting new HTTPS connection (1): www.google.com:443
15:46:42 [DEBUG] Starting new HTTPS connection (1): cp.cloudflare.com:443
15:46:42 [DEBUG] Starting new HTTPS connection (1): www.gstatic.com:443
15:46:42 [DEBUG] Starting new HTTPS connection (1): www.google.com:443
15:46:42 [DEBUG] Starting new HTTPS connection (1): cp.cloudflare.com:443
15:46:42 [DEBUG] https://cp.cloudflare.com:443 "GET / HTTP/1.1" 204 0
15:46:42 [DEBUG] Starting new HTTPS connection (1): www.gstatic.com:443
15:46:43 [DEBUG] Starting new HTTPS connection (1): www.google.com:443
15:46:43 [DEBUG] Starting new HTTPS connection (1): www.google.com:443
15:46:43 [DEBUG] Starting new HTTPS connection (1): www.google.com:443
15:46:43 [DEBUG] Starting new HTTPS connection (1): cp.cloudflare.com:443
15:46:43 [DEBUG] Starting new HTTPS connection (1): www.google.com:443
15:46:43 [DEBUG] Starting new HTTPS connection (1): cp.cloudflare.com:443
15:46:43 [DEBUG] https://www.google.com:443 "GET /generate_204 HTTP/1.1" 204 0
15:46:43 [DEBUG] Starting new HTTPS connection (1): cp.cloudflare.com:443
15:46:43 [DEBUG] Starting new HTTPS connection (1): www.google.com:443
15:46:43 [DEBUG] Starting new HTTPS connection (1): cp.cloudflare.com:443
15:46:43 [DEBUG] https://www.google.com:443 "GET /generate_204 HTTP/1.1" 204 0
15:46:43 [DEBUG] Starting new HTTPS connection (1): cp.cloudflare.com:443
15:46:44 [DEBUG] Starting new HTTPS connection (1): www.gstatic.com:443
15:46:44 [DEBUG] https://cp.cloudflare.com:443 "GET / HTTP/1.1" 204 0
15:46:44 [DEBUG] Starting new HTTPS connection (1): www.gstatic.com:443
15:46:44 [DEBUG] Starting new HTTPS connection (1): www.gstatic.com:443
15:46:44 [DEBUG] https://cp.cloudflare.com:443 "GET / HTTP/1.1" 204 0
15:46:44 [DEBUG] Starting new HTTPS connection (1): www.gstatic.com:443
15:46:44 [DEBUG] https://www.gstatic.com:443 "GET /generate_204 HTTP/1.1" 204 0
15:46:45 [DEBUG] Starting new HTTPS connection (1): dl.google.com:443
15:46:45 [DEBUG] https://dl.google.com:443 "GET /dl/android/studio/install/3.4.1.0/android-studio-ide-183.5522156-windows.exe HTTP/1.1" 200 1017327996
15:46:45 [INFO]    🎯 swe01-vlr01.tcp-reset-club.net (XX) - 38.8Mbps, 456ms UDP✅ Reality [hls-svod.itunes.appl]
15:46:45 [DEBUG] Starting new HTTPS connection (1): www.gstatic.com:443
15:46:45 [DEBUG] Starting new HTTPS connection (1): www.google.com:443
15:46:45 [DEBUG] Starting new HTTPS connection (1): cp.cloudflare.com:443
15:46:45 [DEBUG] Starting new HTTPS connection (1): www.gstatic.com:443
15:46:45 [DEBUG] Starting new HTTPS connection (1): www.google.com:443
15:46:46 [DEBUG] https://www.google.com:443 "GET /generate_204 HTTP/1.1" 204 0
15:46:46 [DEBUG] Starting new HTTPS connection (1): cp.cloudflare.com:443
15:46:46 [DEBUG] https://www.google.com:443 "GET /generate_204 HTTP/1.1" 204 0
15:46:46 [DEBUG] Starting new HTTPS connection (1): cp.cloudflare.com:443
15:46:46 [DEBUG] Starting new HTTPS connection (1): www.google.com:443
15:46:47 [DEBUG] https://www.gstatic.com:443 "GET /generate_204 HTTP/1.1" 204 0
15:46:47 [DEBUG] Starting new HTTPS connection (1): www.google.com:443
15:46:47 [DEBUG] Starting new HTTPS connection (1): cp.cloudflare.com:443
15:46:47 [DEBUG] Starting new HTTPS connection (1): www.gstatic.com:443
15:46:47 [DEBUG] Starting new HTTPS connection (1): www.gstatic.com:443
15:46:49 [DEBUG] Starting new HTTPS connection (1): www.google.com:443
15:46:49 [DEBUG] Starting new HTTPS connection (1): www.google.com:443
15:46:49 [DEBUG] https://www.google.com:443 "GET /generate_204 HTTP/1.1" 204 0
15:46:49 [DEBUG] Starting new HTTPS connection (1): cp.cloudflare.com:443
15:46:49 [DEBUG] https://www.google.com:443 "GET /generate_204 HTTP/1.1" 204 0
15:46:49 [DEBUG] Starting new HTTPS connection (1): cp.cloudflare.com:443
15:46:49 [DEBUG] https://cp.cloudflare.com:443 "GET / HTTP/1.1" 204 0
15:46:49 [DEBUG] Starting new HTTPS connection (1): www.gstatic.com:443
15:46:49 [DEBUG] https://www.gstatic.com:443 "GET /generate_204 HTTP/1.1" 204 0
15:46:49 [DEBUG] Starting new HTTPS connection (1): dl.google.com:443
15:46:49 [DEBUG] https://cp.cloudflare.com:443 "GET / HTTP/1.1" 204 0
15:46:49 [DEBUG] Starting new HTTPS connection (1): www.gstatic.com:443
15:46:49 [DEBUG] https://dl.google.com:443 "GET /dl/android/studio/install/3.4.1.0/android-studio-ide-183.5522156-windows.exe HTTP/1.1" 200 1017327996
15:46:50 [DEBUG] Starting new HTTPS connection (1): dl.google.com:443
15:46:50 [INFO]    🎯 nl04-vlr01.tcp-reset-club.net (XX) - 22.5Mbps, 149ms UDP✅ Reality [hls-svod.itunes.appl]
15:46:50 [DEBUG] Starting new HTTPS connection (1): dl.google.com:443
15:46:50 [DEBUG] Starting new HTTPS connection (1): www.google.com:443
15:46:50 [DEBUG] Starting new HTTPS connection (1): cp.cloudflare.com:443
15:46:51 [DEBUG] Starting new HTTPS connection (1): www.google.com:443
15:46:51 [DEBUG] Starting new HTTPS connection (1): www.gstatic.com:443
15:46:51 [DEBUG] https://www.gstatic.com:443 "GET /generate_204 HTTP/1.1" 204 0
15:46:52 [DEBUG] https://dl.google.com:443 "GET /dl/android/studio/install/3.4.1.0/android-studio-ide-183.5522156-windows.exe HTTP/1.1" 200 1017327996
15:46:52 [INFO]    📊 Global: 40/400 (10%) | ✅16 ❌24
15:46:52 [DEBUG] https://cp.cloudflare.com:443 "GET / HTTP/1.1" 204 0
15:46:52 [DEBUG] Starting new HTTPS connection (1): www.gstatic.com:443
15:46:53 [DEBUG] Starting new HTTPS connection (1): www.gstatic.com:443
15:46:53 [DEBUG] Starting new HTTPS connection (1): www.google.com:443
15:46:53 [DEBUG] Starting new HTTPS connection (1): cp.cloudflare.com:443
15:46:53 [DEBUG] Starting new HTTPS connection (1): www.gstatic.com:443
15:46:53 [DEBUG] Starting new HTTPS connection (1): cp.cloudflare.com:443
15:46:54 [DEBUG] Starting new HTTPS connection (1): cp.cloudflare.com:443
15:46:54 [DEBUG] Starting new HTTPS connection (1): dl.google.com:443
15:46:55 [DEBUG] Starting new HTTPS connection (1): www.google.com:443
15:46:55 [DEBUG] Starting new HTTPS connection (1): cp.cloudflare.com:443
15:46:55 [DEBUG] Starting new HTTPS connection (1): cp.cloudflare.com:443
15:46:55 [DEBUG] Starting new HTTPS connection (1): www.gstatic.com:443
15:46:56 [DEBUG] https://cp.cloudflare.com:443 "GET / HTTP/1.1" 204 0
15:46:56 [DEBUG] Starting new HTTPS connection (1): www.gstatic.com:443
15:46:56 [DEBUG] Starting new HTTPS connection (1): www.gstatic.com:443
15:46:56 [DEBUG] https://www.gstatic.com:443 "GET /generate_204 HTTP/1.1" 204 0
15:46:56 [INFO]    🎯 ten5.astralweb.tech (XX) - 1.9Mbps, 359ms UDP✅ Reality [apple.com]
15:46:57 [DEBUG] https://dl.google.com:443 "GET /dl/android/studio/install/3.4.1.0/android-studio-ide-183.5522156-windows.exe HTTP/1.1" 404 1449
15:46:57 [INFO]    🎯 140.238.100.35 (Британия) - 0.0Mbps, 4354ms UDP❌ Reality [yahoo.com]
15:46:57 [DEBUG] Starting new HTTPS connection (1): dl.google.com:443
15:46:57 [DEBUG] https://dl.google.com:443 "GET /dl/android/studio/install/3.4.1.0/android-studio-ide-183.5522156-windows.exe HTTP/1.1" 200 1017327996
15:46:57 [DEBUG] Starting new HTTPS connection (1): www.google.com:443
15:46:57 [DEBUG] https://dl.google.com:443 "GET /dl/android/studio/install/3.4.1.0/android-studio-ide-183.5522156-windows.exe HTTP/1.1" 200 1017327996
15:46:57 [INFO]    🎯 ak2.vpnfreedom.tech (XX) - 4.6Mbps, 2150ms UDP❌ Reality [google.com]
15:46:57 [DEBUG] Starting new HTTPS connection (1): dl.google.com:443
15:46:57 [INFO]    🎯 nl01-gmn02-vlr01.tcp-reset-club.net (XX) - 15.2Mbps, 1247ms UDP✅ Reality [hls-svod.itunes.appl]
15:46:58 [DEBUG] Starting new HTTPS connection (1): www.google.com:443
15:46:58 [DEBUG] Starting new HTTPS connection (1): www.google.com:443
15:46:58 [DEBUG] Starting new HTTPS connection (1): www.google.com:443
15:46:59 [DEBUG] Starting new HTTPS connection (1): www.google.com:443
15:46:59 [DEBUG] Starting new HTTPS connection (1): cp.cloudflare.com:443
15:46:59 [DEBUG] https://www.google.com:443 "GET /generate_204 HTTP/1.1" 204 0
15:46:59 [DEBUG] Starting new HTTPS connection (1): cp.cloudflare.com:443
15:46:59 [DEBUG] Starting new HTTPS connection (1): www.gstatic.com:443
15:47:00 [DEBUG] Starting new HTTPS connection (1): www.google.com:443
15:47:00 [DEBUG] https://www.google.com:443 "GET /generate_204 HTTP/1.1" 204 0
15:47:00 [DEBUG] Starting new HTTPS connection (1): cp.cloudflare.com:443
15:47:00 [DEBUG] https://cp.cloudflare.com:443 "GET / HTTP/1.1" 204 0
15:47:00 [DEBUG] Starting new HTTPS connection (1): www.gstatic.com:443
15:47:00 [DEBUG] Starting new HTTPS connection (1): www.gstatic.com:443
15:47:00 [DEBUG] Starting new HTTPS connection (1): dl.google.com:443
15:47:00 [DEBUG] Starting new HTTPS connection (1): cp.cloudflare.com:443
15:47:01 [DEBUG] https://www.gstatic.com:443 "GET /generate_204 HTTP/1.1" 204 0
15:47:01 [DEBUG] Starting new HTTPS connection (1): www.google.com:443
15:47:01 [DEBUG] https://www.google.com:443 "GET /generate_204 HTTP/1.1" 204 0
15:47:01 [DEBUG] Starting new HTTPS connection (1): cp.cloudflare.com:443
15:47:02 [DEBUG] Starting new HTTPS connection (1): www.google.com:443
15:47:02 [DEBUG] Starting new HTTPS connection (1): www.google.com:443
15:47:02 [DEBUG] Starting new HTTPS connection (1): cp.cloudflare.com:443
15:47:03 [DEBUG] Starting new HTTPS connection (1): www.gstatic.com:443
15:47:03 [INFO]    🎯 nl01-vlr01.tcp-reset-club.net (XX) - 0.0Mbps, 3240ms UDP❌ Reality [hls-svod.itunes.appl]
15:47:04 [DEBUG] Starting new HTTPS connection (1): cp.cloudflare.com:443
15:47:04 [DEBUG] Starting new HTTPS connection (1): cp.cloudflare.com:443
15:47:04 [DEBUG] Starting new HTTPS connection (1): www.gstatic.com:443
15:47:04 [DEBUG] Starting new HTTPS connection (1): www.gstatic.com:443
15:47:04 [DEBUG] https://dl.google.com:443 "GET /dl/android/studio/install/3.4.1.0/android-studio-ide-183.5522156-windows.exe HTTP/1.1" 200 1017327996
15:47:04 [DEBUG] https://www.gstatic.com:443 "GET /generate_204 HTTP/1.1" 204 0
15:47:04 [DEBUG] Starting new HTTPS connection (1): www.google.com:443
15:47:05 [DEBUG] Starting new HTTPS connection (1): www.google.com:443
15:47:05 [DEBUG] https://cp.cloudflare.com:443 "GET / HTTP/1.1" 204 0
15:47:05 [DEBUG] Starting new HTTPS connection (1): www.gstatic.com:443
15:47:06 [DEBUG] https://www.gstatic.com:443 "GET /generate_204 HTTP/1.1" 204 0
15:47:06 [DEBUG] Starting new HTTPS connection (1): www.gstatic.com:443
15:47:06 [DEBUG] https://www.google.com:443 "GET /generate_204 HTTP/1.1" 204 0
15:47:06 [DEBUG] Starting new HTTPS connection (1): cp.cloudflare.com:443
15:47:06 [DEBUG] Starting new HTTPS connection (1): dl.google.com:443
15:47:07 [DEBUG] Starting new HTTPS connection (1): www.gstatic.com:443
15:47:07 [DEBUG] https://dl.google.com:443 "GET /dl/android/studio/install/3.4.1.0/android-studio-ide-183.5522156-windows.exe HTTP/1.1" 200 1017327996
15:47:07 [DEBUG] Starting new HTTPS connection (1): cp.cloudflare.com:443
15:47:07 [DEBUG] https://cp.cloudflare.com:443 "GET / HTTP/1.1" 204 0
15:47:07 [DEBUG] Starting new HTTPS connection (1): www.gstatic.com:443
15:47:07 [DEBUG] https://www.gstatic.com:443 "GET /generate_204 HTTP/1.1" 204 0
15:47:08 [DEBUG] https://www.gstatic.com:443 "GET /generate_204 HTTP/1.1" 204 0
15:47:08 [DEBUG] Starting new HTTPS connection (1): dl.google.com:443
15:47:09 [DEBUG] Starting new HTTPS connection (1): www.google.com:443
15:47:09 [DEBUG] Starting new HTTPS connection (1): dl.google.com:443
15:47:09 [DEBUG] Starting new HTTPS connection (1): dl.google.com:443
15:47:09 [DEBUG] https://www.gstatic.com:443 "GET /generate_204 HTTP/1.1" 204 0
15:47:10 [DEBUG] https://dl.google.com:443 "GET /dl/android/studio/install/3.4.1.0/android-studio-ide-183.5522156-windows.exe HTTP/1.1" 200 1017327996
15:47:10 [DEBUG] Starting new HTTPS connection (1): cp.cloudflare.com:443
15:47:10 [DEBUG] https://dl.google.com:443 "GET /dl/android/studio/install/3.4.1.0/android-studio-ide-183.5522156-windows.exe HTTP/1.1" 404 1449
15:47:10 [INFO]    🎯 us-2.bot-iphone.ru (XX) - 0.0Mbps, 1211ms UDP✅ Reality [samsung.com]
15:47:10 [INFO]    🎯 109.248.170.119 (KZ) - 5.5Mbps, 1358ms UDP✅ Reality [yahoo.com]
15:47:11 [DEBUG] Starting new HTTPS connection (1): www.google.com:443
15:47:11 [DEBUG] Starting new HTTPS connection (1): dl.google.com:443
15:47:11 [DEBUG] Starting new HTTPS connection (1): cp.cloudflare.com:443
15:47:11 [DEBUG] Starting new HTTPS connection (1): www.google.com:443
15:47:12 [DEBUG] Starting new HTTPS connection (1): www.gstatic.com:443
15:47:12 [DEBUG] Starting new HTTPS connection (1): www.google.com:443
15:47:12 [DEBUG] Starting new HTTPS connection (1): www.gstatic.com:443
15:47:12 [DEBUG] Starting new HTTPS connection (1): www.gstatic.com:443
15:47:12 [INFO]    🎯 fl-2.bot-iphone.ru (XX) - 1.1Mbps, 3455ms UDP❌ Reality [www.samsung.com]
15:47:13 [DEBUG] https://www.google.com:443 "GET /generate_204 HTTP/1.1" 204 0
15:47:13 [DEBUG] Starting new HTTPS connection (1): cp.cloudflare.com:443
15:47:14 [DEBUG] Starting new HTTPS connection (1): cp.cloudflare.com:443
15:47:14 [DEBUG] Starting new HTTPS connection (1): www.google.com:443
15:47:14 [DEBUG] Starting new HTTPS connection (1): www.google.com:443
15:47:14 [DEBUG] https://cp.cloudflare.com:443 "GET / HTTP/1.1" 204 0
15:47:14 [DEBUG] Starting new HTTPS connection (1): www.gstatic.com:443
15:47:14 [DEBUG] https://www.google.com:443 "GET /generate_204 HTTP/1.1" 204 0
15:47:14 [DEBUG] Starting new HTTPS connection (1): cp.cloudflare.com:443
15:47:14 [DEBUG] https://www.google.com:443 "GET /generate_204 HTTP/1.1" 204 0
15:47:14 [DEBUG] Starting new HTTPS connection (1): cp.cloudflare.com:443
15:47:15 [DEBUG] https://cp.cloudflare.com:443 "GET / HTTP/1.1" 204 0
15:47:15 [DEBUG] Starting new HTTPS connection (1): www.gstatic.com:443
15:47:15 [DEBUG] https://cp.cloudflare.com:443 "GET / HTTP/1.1" 204 0
15:47:15 [DEBUG] Starting new HTTPS connection (1): www.gstatic.com:443
15:47:15 [DEBUG] Starting new HTTPS connection (1): www.google.com:443
15:47:15 [DEBUG] https://www.gstatic.com:443 "GET /generate_204 HTTP/1.1" 204 0
15:47:15 [INFO]    🎯 176.120.72.63 (KZ) - 0.0Mbps, 1113ms UDP❌ Reality [dl.google.com]
15:47:15 [DEBUG] Starting new HTTPS connection (1): dl.google.com:443
15:47:15 [DEBUG] https://dl.google.com:443 "GET /dl/android/studio/install/3.4.1.0/android-studio-ide-183.5522156-windows.exe HTTP/1.1" 200 1017327996
15:47:15 [DEBUG] https://www.google.com:443 "GET /generate_204 HTTP/1.1" 204 0
15:47:15 [DEBUG] Starting new HTTPS connection (1): cp.cloudflare.com:443
15:47:15 [DEBUG] https://www.gstatic.com:443 "GET /generate_204 HTTP/1.1" 204 0
15:47:16 [DEBUG] Starting new HTTPS connection (1): dl.google.com:443
15:47:16 [DEBUG] https://www.gstatic.com:443 "GET /generate_204 HTTP/1.1" 204 0
15:47:16 [DEBUG] https://cp.cloudflare.com:443 "GET / HTTP/1.1" 204 0
15:47:16 [DEBUG] Starting new HTTPS connection (1): www.gstatic.com:443
15:47:16 [DEBUG] Starting new HTTPS connection (1): www.google.com:443
15:47:17 [DEBUG] https://www.gstatic.com:443 "GET /generate_204 HTTP/1.1" 204 0
15:47:17 [DEBUG] https://dl.google.com:443 "GET /dl/android/studio/install/3.4.1.0/android-studio-ide-183.5522156-windows.exe HTTP/1.1" 200 1017327996
15:47:17 [DEBUG] Starting new HTTPS connection (1): dl.google.com:443
15:47:17 [DEBUG] Starting new HTTPS connection (1): dl.google.com:443
15:47:17 [DEBUG] https://www.google.com:443 "GET /generate_204 HTTP/1.1" 204 0
15:47:17 [DEBUG] Starting new HTTPS connection (1): cp.cloudflare.com:443
15:47:17 [INFO]    🎯 83.222.23.81 (KZ) - 0.0Mbps, 3128ms UDP✅ Reality [yahoo.com]
15:47:17 [DEBUG] https://dl.google.com:443 "GET /dl/android/studio/install/3.4.1.0/android-studio-ide-183.5522156-windows.exe HTTP/1.1" 200 1017327996
15:47:18 [DEBUG] Starting new HTTPS connection (1): www.google.com:443
15:47:18 [DEBUG] https://dl.google.com:443 "GET /dl/android/studio/install/3.4.1.0/android-studio-ide-183.5522156-windows.exe HTTP/1.1" 200 1017327996
15:47:18 [DEBUG] Starting new HTTPS connection (1): www.google.com:443
15:47:19 [DEBUG] Starting new HTTPS connection (1): www.gstatic.com:443
15:47:19 [DEBUG] https://www.google.com:443 "GET /generate_204 HTTP/1.1" 204 0
15:47:19 [DEBUG] Starting new HTTPS connection (1): cp.cloudflare.com:443
15:47:20 [INFO]    🎯 kr01-vlr01.tcp-reset-club.net (XX) - 4.3Mbps, 1426ms UDP✅ Reality [hls-svod.itunes.appl]
15:47:20 [DEBUG] https://cp.cloudflare.com:443 "GET / HTTP/1.1" 204 0
15:47:20 [DEBUG] Starting new HTTPS connection (1): www.gstatic.com:443
15:47:21 [DEBUG] Starting new HTTPS connection (1): www.google.com:443
15:47:21 [DEBUG] Starting new HTTPS connection (1): cp.cloudflare.com:443
15:47:21 [DEBUG] Starting new HTTPS connection (1): www.gstatic.com:443
15:47:22 [DEBUG] https://cp.cloudflare.com:443 "GET / HTTP/1.1" 204 0
15:47:22 [DEBUG] Starting new HTTPS connection (1): www.gstatic.com:443
15:47:22 [DEBUG] Starting new HTTPS connection (1): www.google.com:443
15:47:23 [DEBUG] Starting new HTTPS connection (1): cp.cloudflare.com:443
15:47:23 [DEBUG] Starting new HTTPS connection (1): www.gstatic.com:443
15:47:23 [DEBUG] Starting new HTTPS connection (1): cp.cloudflare.com:443
15:47:23 [INFO]    🎯 ten6.astralweb.tech (XX) - 0.8Mbps, 2209ms UDP✅ Reality [apple.com]
15:47:23 [DEBUG] Starting new HTTPS connection (1): cp.cloudflare.com:443
15:47:23 [INFO]    🎯 185.21.14.122 (Нидерланды) - 1.5Mbps, 435ms UDP✅ Reality [apple.com]
15:47:24 [DEBUG] https://www.gstatic.com:443 "GET /generate_204 HTTP/1.1" 204 0
15:47:24 [DEBUG] Starting new HTTPS connection (1): www.google.com:443
15:47:24 [DEBUG] Starting new HTTPS connection (1): cp.cloudflare.com:443
15:47:24 [DEBUG] Starting new HTTPS connection (1): www.gstatic.com:443
15:47:24 [DEBUG] Starting new HTTPS connection (1): www.google.com:443
15:47:24 [DEBUG] Starting new HTTPS connection (1): dl.google.com:443
15:47:25 [DEBUG] Starting new HTTPS connection (1): www.google.com:443
15:47:25 [DEBUG] Starting new HTTPS connection (1): cp.cloudflare.com:443
15:47:25 [DEBUG] Starting new HTTPS connection (1): www.google.com:443
15:47:25 [DEBUG] https://www.google.com:443 "GET /generate_204 HTTP/1.1" 204 0
15:47:25 [DEBUG] Starting new HTTPS connection (1): cp.cloudflare.com:443
15:47:25 [DEBUG] https://cp.cloudflare.com:443 "GET / HTTP/1.1" 204 0
15:47:25 [DEBUG] Starting new HTTPS connection (1): www.gstatic.com:443
15:47:25 [DEBUG] Starting new HTTPS connection (1): www.gstatic.com:443
15:47:25 [DEBUG] https://www.gstatic.com:443 "GET /generate_204 HTTP/1.1" 204 0
15:47:25 [DEBUG] Starting new HTTPS connection (1): dl.google.com:443
15:47:25 [DEBUG] https://dl.google.com:443 "GET /dl/android/studio/install/3.4.1.0/android-studio-ide-183.5522156-windows.exe HTTP/1.1" 200 1017327996
15:47:25 [DEBUG] https://www.gstatic.com:443 "GET /generate_204 HTTP/1.1" 204 0
15:47:25 [INFO]    🎯 57.129.53.182 (Германия) - 75.4Mbps, 32ms UDP✅ Reality [fuck.rkn]
15:47:26 [DEBUG] Starting new HTTPS connection (1): www.google.com:443
15:47:26 [DEBUG] https://dl.google.com:443 "GET /dl/android/studio/install/3.4.1.0/android-studio-ide-183.5522156-windows.exe HTTP/1.1" 200 1017327996
15:47:26 [DEBUG] https://www.google.com:443 "GET /generate_204 HTTP/1.1" 204 0
15:47:26 [DEBUG] Starting new HTTPS connection (1): cp.cloudflare.com:443
15:47:26 [DEBUG] https://cp.cloudflare.com:443 "GET / HTTP/1.1" 204 0
15:47:26 [DEBUG] Starting new HTTPS connection (1): www.gstatic.com:443
15:47:26 [DEBUG] https://www.gstatic.com:443 "GET /generate_204 HTTP/1.1" 204 0
15:47:26 [DEBUG] Starting new HTTPS connection (1): dl.google.com:443
15:47:26 [DEBUG] https://dl.google.com:443 "GET /dl/android/studio/install/3.4.1.0/android-studio-ide-183.5522156-windows.exe HTTP/1.1" 404 1449
15:47:26 [INFO]    🎯 57.129.49.1 (Германия) - 0.0Mbps, 81ms UDP✅ Reality [fuck.rkn]
15:47:26 [DEBUG] Starting new HTTPS connection (1): www.google.com:443
15:47:26 [DEBUG] https://www.google.com:443 "GET /generate_204 HTTP/1.1" 204 0
15:47:26 [DEBUG] Starting new HTTPS connection (1): cp.cloudflare.com:443
15:47:26 [DEBUG] Starting new HTTPS connection (1): www.google.com:443
15:47:26 [DEBUG] https://cp.cloudflare.com:443 "GET / HTTP/1.1" 204 0
15:47:26 [DEBUG] Starting new HTTPS connection (1): www.gstatic.com:443
15:47:26 [DEBUG] https://www.gstatic.com:443 "GET /generate_204 HTTP/1.1" 204 0
15:47:26 [DEBUG] Starting new HTTPS connection (1): dl.google.com:443
15:47:26 [DEBUG] https://dl.google.com:443 "GET /dl/android/studio/install/3.4.1.0/android-studio-ide-183.5522156-windows.exe HTTP/1.1" 200 1017327996
15:47:27 [INFO]    🎯 57.129.53.181 (Германия) - 85.1Mbps, 51ms UDP✅ Reality [fuck.rkn]
15:47:27 [DEBUG] https://www.google.com:443 "GET /generate_204 HTTP/1.1" 204 0
15:47:27 [DEBUG] Starting new HTTPS connection (1): cp.cloudflare.com:443
15:47:27 [DEBUG] Starting new HTTPS connection (1): www.google.com:443
15:47:27 [DEBUG] https://cp.cloudflare.com:443 "GET / HTTP/1.1" 204 0
15:47:27 [DEBUG] Starting new HTTPS connection (1): www.gstatic.com:443
15:47:28 [DEBUG] https://www.gstatic.com:443 "GET /generate_204 HTTP/1.1" 204 0
15:47:28 [DEBUG] Starting new HTTPS connection (1): dl.google.com:443
15:47:28 [DEBUG] Starting new HTTPS connection (1): www.google.com:443
15:47:28 [DEBUG] Starting new HTTPS connection (1): dl.google.com:443
15:47:28 [DEBUG] Starting new HTTPS connection (1): www.gstatic.com:443
15:47:28 [DEBUG] Starting new HTTPS connection (1): www.gstatic.com:443
15:47:28 [DEBUG] Starting new HTTPS connection (1): cp.cloudflare.com:443
15:47:28 [INFO]    🎯 212.34.153.15 (Нидерланды) - 1.0Mbps, 446ms UDP✅ Reality [apple.com]
15:47:29 [DEBUG] https://dl.google.com:443 "GET /dl/android/studio/install/3.4.1.0/android-studio-ide-183.5522156-windows.exe HTTP/1.1" 404 1449
15:47:29 [INFO]    🎯 65.108.108.151 (Финляндия) - 0.0Mbps, 1051ms UDP✅ Reality [fit.jojack.ru]
15:47:29 [DEBUG] https://www.gstatic.com:443 "GET /generate_204 HTTP/1.1" 204 0
15:47:29 [DEBUG] Starting new HTTPS connection (1): cp.cloudflare.com:443
15:47:30 [DEBUG] Starting new HTTPS connection (1): www.google.com:443
15:47:30 [DEBUG] Starting new HTTPS connection (1): www.google.com:443
15:47:30 [DEBUG] Starting new HTTPS connection (1): cp.cloudflare.com:443
15:47:30 [DEBUG] Starting new HTTPS connection (1): www.google.com:443
15:47:30 [DEBUG] https://www.google.com:443 "GET /generate_204 HTTP/1.1" 204 0
15:47:30 [DEBUG] Starting new HTTPS connection (1): cp.cloudflare.com:443
15:47:30 [DEBUG] https://www.google.com:443 "GET /generate_204 HTTP/1.1" 204 0
15:47:30 [DEBUG] Starting new HTTPS connection (1): cp.cloudflare.com:443
15:47:30 [DEBUG] https://cp.cloudflare.com:443 "GET / HTTP/1.1" 204 0
15:47:30 [DEBUG] Starting new HTTPS connection (1): www.gstatic.com:443
15:47:30 [DEBUG] https://cp.cloudflare.com:443 "GET / HTTP/1.1" 204 0
15:47:30 [DEBUG] Starting new HTTPS connection (1): www.gstatic.com:443
15:47:30 [DEBUG] https://www.gstatic.com:443 "GET /generate_204 HTTP/1.1" 204 0
15:47:30 [DEBUG] Starting new HTTPS connection (1): dl.google.com:443
15:47:30 [DEBUG] https://dl.google.com:443 "GET /dl/android/studio/install/3.4.1.0/android-studio-ide-183.5522156-windows.exe HTTP/1.1" 200 1017327996
15:47:31 [DEBUG] Starting new HTTPS connection (1): www.gstatic.com:443
15:47:31 [DEBUG] https://www.gstatic.com:443 "GET /generate_204 HTTP/1.1" 204 0
15:47:31 [INFO]    🎯 51.158.206.98 (Нидерланды) - 40.1Mbps, 137ms UDP✅ Reality [fuck.rkn]
15:47:31 [DEBUG] Starting new HTTPS connection (1): dl.google.com:443
15:47:31 [DEBUG] Starting new HTTPS connection (1): www.gstatic.com:443
15:47:31 [DEBUG] https://dl.google.com:443 "GET /dl/android/studio/install/3.4.1.0/android-studio-ide-183.5522156-windows.exe HTTP/1.1" 200 1017327996
15:47:32 [INFO]    🎯 51.158.206.103 (Нидерланды) - 48.0Mbps, 253ms UDP✅ Reality [fuck.rkn]
15:47:32 [DEBUG] Starting new HTTPS connection (1): www.google.com:443
15:47:32 [DEBUG] Starting new HTTPS connection (1): www.gstatic.com:443
15:47:32 [DEBUG] Starting new HTTPS connection (1): cp.cloudflare.com:443
15:47:32 [DEBUG] https://www.google.com:443 "GET /generate_204 HTTP/1.1" 204 0
15:47:32 [DEBUG] Starting new HTTPS connection (1): cp.cloudflare.com:443
15:47:32 [DEBUG] https://cp.cloudflare.com:443 "GET / HTTP/1.1" 204 0
15:47:32 [DEBUG] Starting new HTTPS connection (1): www.gstatic.com:443
15:47:32 [DEBUG] https://www.gstatic.com:443 "GET /generate_204 HTTP/1.1" 204 0
15:47:32 [DEBUG] Starting new HTTPS connection (1): dl.google.com:443
15:47:32 [DEBUG] https://dl.google.com:443 "GET /dl/android/studio/install/3.4.1.0/android-studio-ide-183.5522156-windows.exe HTTP/1.1" 200 1017327996
15:47:32 [INFO]    🎯 51.158.206.80 (Нидерланды) - 44.8Mbps, 98ms UDP✅ Reality [fuck.rkn]
15:47:33 [INFO]    📊 Global: 80/400 (20%) | ✅37 ❌43
15:47:33 [DEBUG] Starting new HTTPS connection (1): www.google.com:443
15:47:33 [DEBUG] https://www.google.com:443 "GET /generate_204 HTTP/1.1" 204 0
15:47:33 [DEBUG] Starting new HTTPS connection (1): cp.cloudflare.com:443
15:47:33 [DEBUG] https://cp.cloudflare.com:443 "GET / HTTP/1.1" 204 0
15:47:33 [DEBUG] Starting new HTTPS connection (1): www.gstatic.com:443
15:47:33 [DEBUG] https://www.gstatic.com:443 "GET /generate_204 HTTP/1.1" 204 0
15:47:33 [DEBUG] Starting new HTTPS connection (1): dl.google.com:443
15:47:34 [DEBUG] https://dl.google.com:443 "GET /dl/android/studio/install/3.4.1.0/android-studio-ide-183.5522156-windows.exe HTTP/1.1" 200 1017327996
15:47:34 [DEBUG] Starting new HTTPS connection (1): www.google.com:443
15:47:34 [INFO]    🎯 38.60.212.251 (JP) - 0.0Mbps, 4435ms UDP✅ Reality [mensura.cdn-apple.co]
15:47:34 [DEBUG] https://www.google.com:443 "GET /generate_204 HTTP/1.1" 204 0
15:47:34 [DEBUG] Starting new HTTPS connection (1): cp.cloudflare.com:443
15:47:34 [DEBUG] Starting new HTTPS connection (1): www.gstatic.com:443
15:47:34 [INFO]    🎯 51.158.206.93 (Нидерланды) - 29.3Mbps, 165ms UDP✅ Reality [fuck.rkn]
15:47:34 [DEBUG] Starting new HTTPS connection (1): www.google.com:443
15:47:34 [DEBUG] https://cp.cloudflare.com:443 "GET / HTTP/1.1" 204 0
15:47:34 [DEBUG] Starting new HTTPS connection (1): www.gstatic.com:443
15:47:34 [DEBUG] https://www.gstatic.com:443 "GET /generate_204 HTTP/1.1" 204 0
15:47:34 [INFO]    🎯 91.84.113.114 (Нидерланды) - 0.8Mbps, 580ms UDP✅ Reality [apple.com]
15:47:34 [DEBUG] Starting new HTTPS connection (1): dl.google.com:443
15:47:34 [DEBUG] https://dl.google.com:443 "GET /dl/android/studio/install/3.4.1.0/android-studio-ide-183.5522156-windows.exe HTTP/1.1" 200 1017327996
15:47:35 [DEBUG] Starting new HTTPS connection (1): www.google.com:443
15:47:35 [INFO]    🎯 144.31.198.228 (Германия) - 52.6Mbps, 138ms UDP✅ Reality [canva.com]
15:47:35 [DEBUG] Starting new HTTPS connection (1): www.google.com:443
15:47:35 [DEBUG] https://www.google.com:443 "GET /generate_204 HTTP/1.1" 204 0
15:47:35 [DEBUG] Starting new HTTPS connection (1): cp.cloudflare.com:443
15:47:35 [DEBUG] https://cp.cloudflare.com:443 "GET / HTTP/1.1" 204 0
15:47:35 [DEBUG] Starting new HTTPS connection (1): www.gstatic.com:443
15:47:35 [DEBUG] https://www.gstatic.com:443 "GET /generate_204 HTTP/1.1" 204 0
15:47:35 [DEBUG] Starting new HTTPS connection (1): dl.google.com:443
15:47:35 [DEBUG] Starting new HTTPS connection (1): www.google.com:443
15:47:35 [DEBUG] Starting new HTTPS connection (1): www.google.com:443
15:47:35 [DEBUG] Starting new HTTPS connection (1): www.google.com:443
15:47:35 [DEBUG] https://dl.google.com:443 "GET /dl/android/studio/install/3.4.1.0/android-studio-ide-183.5522156-windows.exe HTTP/1.1" 200 1017327996
15:47:35 [INFO]    🎯 152.53.51.199 (Австрия) - 42.2Mbps, 120ms UDP✅ Reality [au.denditop.site]
15:47:35 [DEBUG] Starting new HTTPS connection (1): www.google.com:443
15:47:35 [DEBUG] https://www.google.com:443 "GET /generate_204 HTTP/1.1" 204 0
15:47:35 [DEBUG] Starting new HTTPS connection (1): cp.cloudflare.com:443
15:47:35 [DEBUG] https://www.google.com:443 "GET /generate_204 HTTP/1.1" 204 0
15:47:35 [DEBUG] Starting new HTTPS connection (1): cp.cloudflare.com:443
15:47:35 [DEBUG] https://www.google.com:443 "GET /generate_204 HTTP/1.1" 204 0
15:47:35 [DEBUG] Starting new HTTPS connection (1): cp.cloudflare.com:443
15:47:35 [DEBUG] https://cp.cloudflare.com:443 "GET / HTTP/1.1" 204 0
15:47:35 [DEBUG] Starting new HTTPS connection (1): www.gstatic.com:443
15:47:35 [DEBUG] https://www.google.com:443 "GET /generate_204 HTTP/1.1" 204 0
15:47:35 [DEBUG] Starting new HTTPS connection (1): cp.cloudflare.com:443
15:47:35 [DEBUG] https://cp.cloudflare.com:443 "GET / HTTP/1.1" 204 0
15:47:35 [DEBUG] Starting new HTTPS connection (1): www.gstatic.com:443
15:47:36 [DEBUG] https://cp.cloudflare.com:443 "GET / HTTP/1.1" 204 0
15:47:36 [DEBUG] Starting new HTTPS connection (1): www.gstatic.com:443
15:47:36 [DEBUG] https://www.gstatic.com:443 "GET /generate_204 HTTP/1.1" 204 0
15:47:36 [DEBUG] https://cp.cloudflare.com:443 "GET / HTTP/1.1" 204 0
15:47:36 [DEBUG] Starting new HTTPS connection (1): www.gstatic.com:443
15:47:36 [DEBUG] Starting new HTTPS connection (1): dl.google.com:443
15:47:36 [DEBUG] https://www.gstatic.com:443 "GET /generate_204 HTTP/1.1" 204 0
15:47:36 [DEBUG] https://www.google.com:443 "GET /generate_204 HTTP/1.1" 204 0
15:47:36 [DEBUG] Starting new HTTPS connection (1): cp.cloudflare.com:443
15:47:36 [DEBUG] https://www.gstatic.com:443 "GET /generate_204 HTTP/1.1" 204 0
15:47:36 [DEBUG] https://www.gstatic.com:443 "GET /generate_204 HTTP/1.1" 204 0
15:47:36 [DEBUG] Starting new HTTPS connection (1): dl.google.com:443
15:47:36 [DEBUG] Starting new HTTPS connection (1): www.google.com:443
15:47:36 [DEBUG] Starting new HTTPS connection (1): dl.google.com:443
15:47:36 [DEBUG] Starting new HTTPS connection (1): dl.google.com:443
15:47:36 [DEBUG] https://dl.google.com:443 "GET /dl/android/studio/install/3.4.1.0/android-studio-ide-183.5522156-windows.exe HTTP/1.1" 200 1017327996
15:47:36 [DEBUG] https://dl.google.com:443 "GET /dl/android/studio/install/3.4.1.0/android-studio-ide-183.5522156-windows.exe HTTP/1.1" 200 1017327996
15:47:36 [INFO]    🎯 195.26.224.112 (Нидерланды) - 29.0Mbps, 202ms UDP✅ Reality [vk.com]
15:47:36 [DEBUG] https://dl.google.com:443 "GET /dl/android/studio/install/3.4.1.0/android-studio-ide-183.5522156-windows.exe HTTP/1.1" 200 1017327996
15:47:36 [DEBUG] https://dl.google.com:443 "GET /dl/android/studio/install/3.4.1.0/android-studio-ide-183.5522156-windows.exe HTTP/1.1" 200 1017327996
15:47:36 [INFO]    🎯 195.26.224.102 (Нидерланды) - 20.6Mbps, 228ms UDP✅ Reality [vk.com]
15:47:36 [DEBUG] Starting new HTTPS connection (1): www.google.com:443
15:47:37 [INFO]    🎯 151.236.15.72 (Германия) - 17.9Mbps, 155ms UDP✅ Reality [opensuse.org]
15:47:37 [DEBUG] Starting new HTTPS connection (1): cp.cloudflare.com:443
15:47:37 [DEBUG] Starting new HTTPS connection (1): www.gstatic.com:443
15:47:37 [DEBUG] Starting new HTTPS connection (1): www.google.com:443
15:47:37 [DEBUG] Starting new HTTPS connection (1): www.google.com:443
15:47:37 [DEBUG] Starting new HTTPS connection (1): cp.cloudflare.com:443
15:47:37 [DEBUG] Starting new HTTPS connection (1): www.gstatic.com:443
15:47:38 [DEBUG] Starting new HTTPS connection (1): www.google.com:443
15:47:38 [DEBUG] Starting new HTTPS connection (1): www.google.com:443
15:47:38 [DEBUG] https://cp.cloudflare.com:443 "GET / HTTP/1.1" 204 0
15:47:38 [DEBUG] Starting new HTTPS connection (1): www.gstatic.com:443
15:47:38 [DEBUG] https://www.google.com:443 "GET /generate_204 HTTP/1.1" 204 0
15:47:38 [DEBUG] Starting new HTTPS connection (1): cp.cloudflare.com:443
15:47:38 [DEBUG] Starting new HTTPS connection (1): www.google.com:443
15:47:38 [DEBUG] https://www.google.com:443 "GET /generate_204 HTTP/1.1" 204 0
15:47:38 [DEBUG] Starting new HTTPS connection (1): cp.cloudflare.com:443
15:47:38 [DEBUG] Starting new HTTPS connection (1): cp.cloudflare.com:443
15:47:39 [DEBUG] https://cp.cloudflare.com:443 "GET / HTTP/1.1" 204 0
15:47:39 [DEBUG] Starting new HTTPS connection (1): www.gstatic.com:443
15:47:39 [DEBUG] https://cp.cloudflare.com:443 "GET / HTTP/1.1" 204 0
15:47:39 [DEBUG] Starting new HTTPS connection (1): www.gstatic.com:443
15:47:39 [DEBUG] https://www.gstatic.com:443 "GET /generate_204 HTTP/1.1" 204 0
15:47:39 [DEBUG] Starting new HTTPS connection (1): www.google.com:443
15:47:39 [DEBUG] Starting new HTTPS connection (1): cp.cloudflare.com:443
15:47:39 [DEBUG] Starting new HTTPS connection (1): dl.google.com:443
15:47:39 [DEBUG] https://www.gstatic.com:443 "GET /generate_204 HTTP/1.1" 204 0
15:47:39 [DEBUG] https://www.gstatic.com:443 "GET /generate_204 HTTP/1.1" 204 0
15:47:39 [DEBUG] Starting new HTTPS connection (1): dl.google.com:443
15:47:39 [DEBUG] https://dl.google.com:443 "GET /dl/android/studio/install/3.4.1.0/android-studio-ide-183.5522156-windows.exe HTTP/1.1" 200 1017327996
15:47:39 [DEBUG] https://dl.google.com:443 "GET /dl/android/studio/install/3.4.1.0/android-studio-ide-183.5522156-windows.exe HTTP/1.1" 200 1017327996
15:47:39 [INFO]    🎯 37.218.247.35 (Нидерланды) - 52.4Mbps, 1439ms UDP✅ Reality [sun6-21.userapi.com]
15:47:39 [INFO]    🎯 de4.socialup.live (XX) - 38.1Mbps, 186ms UDP✅ Reality [web.max.ru]
15:47:40 [DEBUG] Starting new HTTPS connection (1): dl.google.com:443
15:47:40 [DEBUG] Starting new HTTPS connection (1): cp.cloudflare.com:443
15:47:40 [DEBUG] https://dl.google.com:443 "GET /dl/android/studio/install/3.4.1.0/android-studio-ide-183.5522156-windows.exe HTTP/1.1" 200 1017327996
15:47:40 [DEBUG] Starting new HTTPS connection (1): www.google.com:443
15:47:40 [DEBUG] Starting new HTTPS connection (1): www.google.com:443
15:47:41 [DEBUG] https://www.google.com:443 "GET /generate_204 HTTP/1.1" 204 0
15:47:41 [DEBUG] Starting new HTTPS connection (1): cp.cloudflare.com:443
15:47:41 [DEBUG] https://cp.cloudflare.com:443 "GET / HTTP/1.1" 204 0
15:47:41 [DEBUG] Starting new HTTPS connection (1): www.gstatic.com:443
15:47:41 [DEBUG] https://www.gstatic.com:443 "GET /generate_204 HTTP/1.1" 204 0
15:47:41 [INFO]    🎯 152.53.51.29 (Австрия) - 2.6Mbps, 268ms UDP✅ Reality [one-piece.com]
15:47:41 [DEBUG] https://www.google.com:443 "GET /generate_204 HTTP/1.1" 204 0
15:47:41 [DEBUG] Starting new HTTPS connection (1): cp.cloudflare.com:443
15:47:41 [DEBUG] Starting new HTTPS connection (1): dl.google.com:443
15:47:41 [DEBUG] Starting new HTTPS connection (1): www.gstatic.com:443
15:47:41 [DEBUG] https://cp.cloudflare.com:443 "GET / HTTP/1.1" 204 0
15:47:41 [DEBUG] Starting new HTTPS connection (1): www.gstatic.com:443
15:47:41 [DEBUG] https://dl.google.com:443 "GET /dl/android/studio/install/3.4.1.0/android-studio-ide-183.5522156-windows.exe HTTP/1.1" 200 1017327996
15:47:41 [DEBUG] https://www.gstatic.com:443 "GET /generate_204 HTTP/1.1" 204 0
15:47:41 [DEBUG] Starting new HTTPS connection (1): dl.google.com:443
15:47:41 [DEBUG] Starting new HTTPS connection (1): cp.cloudflare.com:443
15:47:41 [INFO]    🎯 7.zaravds.cfd (XX) - 37.3Mbps, 82ms UDP✅ Reality [refersion.com]
15:47:41 [DEBUG] https://dl.google.com:443 "GET /dl/android/studio/install/3.4.1.0/android-studio-ide-183.5522156-windows.exe HTTP/1.1" 404 1449
15:47:41 [INFO]    🎯 partners.dissertationhelpspecialist.com (XX) - 0.0Mbps, 161ms UDP✅ Reality [tgju.org]
15:47:41 [INFO]    🎯 77.238.231.156 (Нидерланды) - 0.8Mbps, 2603ms UDP✅ Reality [apple.com]
15:47:42 [INFO]    🎯 91.107.121.223 (Британия) - 6.6Mbps, 425ms UDP✅ Reality [sun6-21.userapi.com]
15:47:42 [DEBUG] Starting new HTTPS connection (1): www.gstatic.com:443
15:47:42 [DEBUG] Starting new HTTPS connection (1): www.google.com:443
15:47:42 [DEBUG] Starting new HTTPS connection (1): cp.cloudflare.com:443
15:47:42 [DEBUG] Starting new HTTPS connection (1): www.gstatic.com:443
15:47:42 [DEBUG] Starting new HTTPS connection (1): www.google.com:443
15:47:42 [DEBUG] Starting new HTTPS connection (1): www.google.com:443
15:47:43 [DEBUG] Starting new HTTPS connection (1): www.google.com:443
15:47:43 [DEBUG] Starting new HTTPS connection (1): www.google.com:443
15:47:43 [DEBUG] Starting new HTTPS connection (1): cp.cloudflare.com:443
15:47:43 [DEBUG] Starting new HTTPS connection (1): cp.cloudflare.com:443
15:47:43 [DEBUG] Starting new HTTPS connection (1): cp.cloudflare.com:443
15:47:43 [DEBUG] Starting new HTTPS connection (1): www.gstatic.com:443
15:47:43 [DEBUG] Starting new HTTPS connection (1): www.gstatic.com:443
15:47:43 [DEBUG] Starting new HTTPS connection (1): www.gstatic.com:443
15:47:44 [DEBUG] Starting new HTTPS connection (1): cp.cloudflare.com:443
15:47:44 [DEBUG] Starting new HTTPS connection (1): www.gstatic.com:443
15:47:45 [DEBUG] Starting new HTTPS connection (1): www.google.com:443
15:47:45 [DEBUG] Starting new HTTPS connection (1): cp.cloudflare.com:443
15:47:45 [DEBUG] Starting new HTTPS connection (1): www.google.com:443
15:47:45 [DEBUG] Starting new HTTPS connection (1): www.gstatic.com:443
15:47:45 [DEBUG] Starting new HTTPS connection (1): cp.cloudflare.com:443
15:47:45 [DEBUG] Starting new HTTPS connection (1): www.gstatic.com:443
15:47:45 [DEBUG] Starting new HTTPS connection (1): www.google.com:443
15:47:45 [DEBUG] https://www.google.com:443 "GET /generate_204 HTTP/1.1" 204 0
15:47:45 [DEBUG] Starting new HTTPS connection (1): cp.cloudflare.com:443
15:47:46 [DEBUG] Starting new HTTPS connection (1): www.google.com:443
15:47:46 [DEBUG] Starting new HTTPS connection (1): www.gstatic.com:443
15:47:46 [DEBUG] Starting new HTTPS connection (1): www.google.com:443
15:47:46 [DEBUG] Starting new HTTPS connection (1): www.google.com:443
15:47:47 [DEBUG] Starting new HTTPS connection (1): cp.cloudflare.com:443
15:47:47 [DEBUG] Starting new HTTPS connection (1): www.google.com:443
15:47:47 [DEBUG] https://cp.cloudflare.com:443 "GET / HTTP/1.1" 204 0
15:47:47 [DEBUG] Starting new HTTPS connection (1): www.gstatic.com:443
15:47:47 [DEBUG] Starting new HTTPS connection (1): www.gstatic.com:443
15:47:47 [DEBUG] Starting new HTTPS connection (1): www.google.com:443
15:47:47 [DEBUG] Starting new HTTPS connection (1): www.gstatic.com:443
15:47:47 [DEBUG] https://www.gstatic.com:443 "GET /generate_204 HTTP/1.1" 204 0
15:47:48 [DEBUG] Starting new HTTPS connection (1): dl.google.com:443
15:47:48 [DEBUG] Starting new HTTPS connection (1): www.google.com:443
15:47:48 [DEBUG] Starting new HTTPS connection (1): cp.cloudflare.com:443
15:47:48 [DEBUG] https://www.gstatic.com:443 "GET /generate_204 HTTP/1.1" 204 0
15:47:48 [DEBUG] Starting new HTTPS connection (1): www.google.com:443
15:47:48 [DEBUG] Starting new HTTPS connection (1): www.gstatic.com:443
15:47:48 [DEBUG] https://www.google.com:443 "GET /generate_204 HTTP/1.1" 204 0
15:47:48 [DEBUG] Starting new HTTPS connection (1): cp.cloudflare.com:443
15:47:49 [DEBUG] https://www.google.com:443 "GET /generate_204 HTTP/1.1" 204 0
15:47:49 [DEBUG] Starting new HTTPS connection (1): cp.cloudflare.com:443
15:47:49 [DEBUG] Starting new HTTPS connection (1): cp.cloudflare.com:443
15:47:49 [DEBUG] https://dl.google.com:443 "GET /dl/android/studio/install/3.4.1.0/android-studio-ide-183.5522156-windows.exe HTTP/1.1" 200 1017327996
15:47:49 [DEBUG] Starting new HTTPS connection (1): cp.cloudflare.com:443
15:47:49 [DEBUG] Starting new HTTPS connection (1): www.gstatic.com:443
15:47:49 [DEBUG] Starting new HTTPS connection (1): www.google.com:443
15:47:50 [DEBUG] Starting new HTTPS connection (1): www.google.com:443
15:47:50 [DEBUG] Starting new HTTPS connection (1): www.google.com:443
15:47:50 [DEBUG] https://www.google.com:443 "GET /generate_204 HTTP/1.1" 204 0
15:47:50 [DEBUG] Starting new HTTPS connection (1): cp.cloudflare.com:443
15:47:50 [DEBUG] Starting new HTTPS connection (1): www.google.com:443
15:47:50 [DEBUG] Starting new HTTPS connection (1): cp.cloudflare.com:443
15:47:50 [DEBUG] https://cp.cloudflare.com:443 "GET / HTTP/1.1" 204 0
15:47:50 [DEBUG] Starting new HTTPS connection (1): www.gstatic.com:443
15:47:51 [DEBUG] https://www.google.com:443 "GET /generate_204 HTTP/1.1" 204 0
15:47:51 [DEBUG] Starting new HTTPS connection (1): cp.cloudflare.com:443
15:47:51 [DEBUG] https://cp.cloudflare.com:443 "GET / HTTP/1.1" 204 0
15:47:51 [DEBUG] Starting new HTTPS connection (1): www.gstatic.com:443
15:47:51 [DEBUG] Starting new HTTPS connection (1): www.gstatic.com:443
15:47:52 [DEBUG] https://www.gstatic.com:443 "GET /generate_204 HTTP/1.1" 204 0
15:47:52 [DEBUG] https://www.google.com:443 "GET /generate_204 HTTP/1.1" 204 0
15:47:52 [DEBUG] Starting new HTTPS connection (1): cp.cloudflare.com:443
15:47:53 [DEBUG] https://cp.cloudflare.com:443 "GET / HTTP/1.1" 204 0
15:47:53 [DEBUG] Starting new HTTPS connection (1): www.gstatic.com:443
15:47:53 [DEBUG] https://www.google.com:443 "GET /generate_204 HTTP/1.1" 204 0
15:47:53 [DEBUG] Starting new HTTPS connection (1): cp.cloudflare.com:443
15:47:53 [DEBUG] Starting new HTTPS connection (1): cp.cloudflare.com:443
15:47:54 [DEBUG] Starting new HTTPS connection (1): www.gstatic.com:443
15:47:54 [DEBUG] https://www.gstatic.com:443 "GET /generate_204 HTTP/1.1" 204 0
15:47:54 [DEBUG] https://www.gstatic.com:443 "GET /generate_204 HTTP/1.1" 204 0
15:47:55 [DEBUG] Starting new HTTPS connection (1): dl.google.com:443
15:47:55 [DEBUG] Starting new HTTPS connection (1): www.google.com:443
15:47:55 [DEBUG] https://dl.google.com:443 "GET /dl/android/studio/install/3.4.1.0/android-studio-ide-183.5522156-windows.exe HTTP/1.1" 200 1017327996
15:47:55 [DEBUG] Starting new HTTPS connection (1): cp.cloudflare.com:443
15:47:55 [DEBUG] https://cp.cloudflare.com:443 "GET / HTTP/1.1" 204 0
15:47:55 [DEBUG] Starting new HTTPS connection (1): www.gstatic.com:443
15:47:55 [DEBUG] Starting new HTTPS connection (1): www.gstatic.com:443
15:47:55 [DEBUG] Starting new HTTPS connection (1): www.gstatic.com:443
15:47:56 [DEBUG] https://cp.cloudflare.com:443 "GET / HTTP/1.1" 204 0
15:47:56 [DEBUG] Starting new HTTPS connection (1): www.gstatic.com:443
15:47:56 [DEBUG] Starting new HTTPS connection (1): dl.google.com:443
15:47:56 [DEBUG] Starting new HTTPS connection (1): www.gstatic.com:443
15:47:57 [DEBUG] https://dl.google.com:443 "GET /dl/android/studio/install/3.4.1.0/android-studio-ide-183.5522156-windows.exe HTTP/1.1" 200 1017327996
15:47:57 [DEBUG] Starting new HTTPS connection (1): www.google.com:443
15:47:57 [DEBUG] Starting new HTTPS connection (1): www.google.com:443
15:47:57 [DEBUG] https://www.google.com:443 "GET /generate_204 HTTP/1.1" 204 0
15:47:57 [DEBUG] Starting new HTTPS connection (1): cp.cloudflare.com:443
15:47:57 [INFO]    🎯 dd.openaccessnode.com (XX) - 4.9Mbps, 2147ms UDP❌ Reality [nobitex.ir]
15:47:57 [DEBUG] Starting new HTTPS connection (1): dl.google.com:443
15:47:57 [DEBUG] https://cp.cloudflare.com:443 "GET / HTTP/1.1" 204 0
15:47:57 [DEBUG] Starting new HTTPS connection (1): www.gstatic.com:443
15:47:58 [DEBUG] https://www.gstatic.com:443 "GET /generate_204 HTTP/1.1" 204 0
15:47:58 [DEBUG] Starting new HTTPS connection (1): dl.google.com:443
15:47:58 [DEBUG] https://www.gstatic.com:443 "GET /generate_204 HTTP/1.1" 204 0
15:47:58 [DEBUG] Starting new HTTPS connection (1): www.google.com:443
15:47:58 [DEBUG] Starting new HTTPS connection (1): dl.google.com:443
15:47:59 [DEBUG] https://www.google.com:443 "GET /generate_204 HTTP/1.1" 204 0
15:47:59 [DEBUG] Starting new HTTPS connection (1): cp.cloudflare.com:443
15:47:59 [INFO]    📊 Global: 120/400 (30%) | ✅53 ❌67
15:47:59 [DEBUG] https://cp.cloudflare.com:443 "GET / HTTP/1.1" 204 0
15:47:59 [DEBUG] Starting new HTTPS connection (1): www.gstatic.com:443
15:47:59 [DEBUG] https://dl.google.com:443 "GET /dl/android/studio/install/3.4.1.0/android-studio-ide-183.5522156-windows.exe HTTP/1.1" 200 1017327996
15:48:00 [DEBUG] https://www.gstatic.com:443 "GET /generate_204 HTTP/1.1" 204 0
15:48:00 [DEBUG] https://www.gstatic.com:443 "GET /generate_204 HTTP/1.1" 204 0
15:48:00 [DEBUG] Starting new HTTPS connection (1): dl.google.com:443
15:48:00 [DEBUG] https://dl.google.com:443 "GET /dl/android/studio/install/3.4.1.0/android-studio-ide-183.5522156-windows.exe HTTP/1.1" 200 1017327996
15:48:00 [DEBUG] Starting new HTTPS connection (1): www.google.com:443
15:48:01 [DEBUG] https://dl.google.com:443 "GET /dl/android/studio/install/3.4.1.0/android-studio-ide-183.5522156-windows.exe HTTP/1.1" 200 1017327996
15:48:01 [DEBUG] Starting new HTTPS connection (1): dl.google.com:443
15:48:01 [INFO]    🎯 94.131.101.203 (Молдова) - 4.0Mbps, 392ms UDP✅ Reality [tradingview.com]
15:48:02 [DEBUG] Starting new HTTPS connection (1): cp.cloudflare.com:443
15:48:02 [INFO]    🎯 45.83.140.34 (CY) - 6.8Mbps, 397ms UDP✅ Reality [tradingview.com]
15:48:03 [DEBUG] Starting new HTTPS connection (1): dl.google.com:443
15:48:03 [INFO]    🎯 78.159.131.76 (AL) - 1.9Mbps, 1368ms UDP✅ Reality [al.cdn.stun.su]
15:48:03 [DEBUG] Starting new HTTPS connection (1): www.google.com:443
15:48:03 [DEBUG] https://dl.google.com:443 "GET /dl/android/studio/install/3.4.1.0/android-studio-ide-183.5522156-windows.exe HTTP/1.1" 200 1017327996
15:48:03 [DEBUG] https://www.google.com:443 "GET /generate_204 HTTP/1.1" 204 0
15:48:03 [DEBUG] Starting new HTTPS connection (1): www.google.com:443
15:48:03 [DEBUG] Starting new HTTPS connection (1): cp.cloudflare.com:443
15:48:03 [DEBUG] Starting new HTTPS connection (1): cp.cloudflare.com:443
15:48:03 [DEBUG] Starting new HTTPS connection (1): www.gstatic.com:443
15:48:03 [DEBUG] https://cp.cloudflare.com:443 "GET / HTTP/1.1" 204 0
15:48:03 [DEBUG] Starting new HTTPS connection (1): www.gstatic.com:443
15:48:04 [DEBUG] Starting new HTTPS connection (1): www.google.com:443
15:48:04 [DEBUG] https://www.gstatic.com:443 "GET /generate_204 HTTP/1.1" 204 0
15:48:04 [DEBUG] Starting new HTTPS connection (1): dl.google.com:443
15:48:04 [DEBUG] Starting new HTTPS connection (1): cp.cloudflare.com:443
15:48:05 [DEBUG] Starting new HTTPS connection (1): www.google.com:443
15:48:05 [DEBUG] Starting new HTTPS connection (1): www.gstatic.com:443
15:48:05 [DEBUG] Starting new HTTPS connection (1): cp.cloudflare.com:443
15:48:05 [DEBUG] https://dl.google.com:443 "GET /dl/android/studio/install/3.4.1.0/android-studio-ide-183.5522156-windows.exe HTTP/1.1" 200 1017327996
15:48:05 [DEBUG] Starting new HTTPS connection (1): www.gstatic.com:443
15:48:06 [DEBUG] https://dl.google.com:443 "GET /dl/android/studio/install/3.4.1.0/android-studio-ide-183.5522156-windows.exe HTTP/1.1" 200 1017327996
15:48:06 [DEBUG] Starting new HTTPS connection (1): www.google.com:443
15:48:07 [INFO]    🎯 gr.nodesecure.ru (XX) - 2.4Mbps, 2943ms UDP❌ Reality [eh.vk.com]
15:48:07 [DEBUG] Starting new HTTPS connection (1): www.google.com:443
15:48:07 [DEBUG] https://dl.google.com:443 "GET /dl/android/studio/install/3.4.1.0/android-studio-ide-183.5522156-windows.exe HTTP/1.1" 200 1017327996
15:48:07 [DEBUG] Starting new HTTPS connection (1): cp.cloudflare.com:443
15:48:08 [INFO]    🎯 103.113.70.30 (Молдова) - 3.7Mbps, 397ms UDP✅ Reality [tradingview.com]
15:48:08 [DEBUG] Starting new HTTPS connection (1): www.google.com:443
15:48:08 [DEBUG] Starting new HTTPS connection (1): www.gstatic.com:443
15:48:09 [DEBUG] Starting new HTTPS connection (1): www.google.com:443
15:48:10 [DEBUG] Starting new HTTPS connection (1): cp.cloudflare.com:443
15:48:10 [DEBUG] Starting new HTTPS connection (1): www.gstatic.com:443
15:48:10 [INFO]    🎯 ilta-wzxrxkdhbjpnprhkkpplsjwawhssvollvxzdhqshiqckwdgrdm.orbnet.xyz (XX) - 1.7Mbps, 3202ms UDP✅ Reality [i2pd.website]
15:48:11 [DEBUG] Starting new HTTPS connection (1): www.google.com:443
15:48:11 [DEBUG] Starting new HTTPS connection (1): cp.cloudflare.com:443
15:48:11 [DEBUG] https://www.google.com:443 "GET /generate_204 HTTP/1.1" 204 0
15:48:11 [DEBUG] Starting new HTTPS connection (1): cp.cloudflare.com:443
15:48:11 [DEBUG] Starting new HTTPS connection (1): www.google.com:443
15:48:12 [DEBUG] https://www.google.com:443 "GET /generate_204 HTTP/1.1" 204 0
15:48:12 [DEBUG] Starting new HTTPS connection (1): cp.cloudflare.com:443
15:48:13 [DEBUG] Starting new HTTPS connection (1): cp.cloudflare.com:443
15:48:13 [INFO]    🎯 92.60.78.221 (SI) - 0.9Mbps, 2015ms UDP✅ Reality [www.tradingview.com]
15:48:13 [DEBUG] https://cp.cloudflare.com:443 "GET / HTTP/1.1" 204 0
15:48:13 [DEBUG] Starting new HTTPS connection (1): www.gstatic.com:443
15:48:14 [DEBUG] Starting new HTTPS connection (1): cp.cloudflare.com:443
15:48:14 [DEBUG] https://cp.cloudflare.com:443 "GET / HTTP/1.1" 204 0
15:48:14 [DEBUG] Starting new HTTPS connection (1): www.gstatic.com:443
15:48:14 [DEBUG] Starting new HTTPS connection (1): www.google.com:443
15:48:15 [DEBUG] Starting new HTTPS connection (1): www.gstatic.com:443
15:48:15 [DEBUG] https://www.gstatic.com:443 "GET /generate_204 HTTP/1.1" 204 0
15:48:15 [DEBUG] Starting new HTTPS connection (1): www.gstatic.com:443
15:48:16 [DEBUG] https://www.gstatic.com:443 "GET /generate_204 HTTP/1.1" 204 0
15:48:16 [DEBUG] Starting new HTTPS connection (1): www.gstatic.com:443
15:48:16 [DEBUG] Starting new HTTPS connection (1): www.google.com:443
15:48:18 [DEBUG] Starting new HTTPS connection (1): dl.google.com:443
15:48:18 [DEBUG] Starting new HTTPS connection (1): www.gstatic.com:443
15:48:18 [DEBUG] Starting new HTTPS connection (1): dl.google.com:443
15:48:19 [DEBUG] Starting new HTTPS connection (1): cp.cloudflare.com:443
15:48:19 [DEBUG] Starting new HTTPS connection (1): www.google.com:443
15:48:19 [DEBUG] https://dl.google.com:443 "GET /dl/android/studio/install/3.4.1.0/android-studio-ide-183.5522156-windows.exe HTTP/1.1" 200 1017327996
15:48:19 [DEBUG] https://www.gstatic.com:443 "GET /generate_204 HTTP/1.1" 204 0
15:48:21 [INFO]    🎯 212.111.84.187 (KZ) - 4.7Mbps, 1349ms UDP❌ Reality [m.vk.ru]
15:48:21 [DEBUG] Starting new HTTPS connection (1): www.google.com:443
15:48:21 [DEBUG] https://dl.google.com:443 "GET /dl/android/studio/install/3.4.1.0/android-studio-ide-183.5522156-windows.exe HTTP/1.1" 200 1017327996
15:48:21 [DEBUG] Starting new HTTPS connection (1): cp.cloudflare.com:443
15:48:21 [DEBUG] Starting new HTTPS connection (1): cp.cloudflare.com:443
15:48:22 [DEBUG] Starting new HTTPS connection (1): www.google.com:443
15:48:22 [DEBUG] Starting new HTTPS connection (1): www.google.com:443
15:48:23 [DEBUG] https://www.google.com:443 "GET /generate_204 HTTP/1.1" 204 0
15:48:23 [DEBUG] Starting new HTTPS connection (1): cp.cloudflare.com:443
15:48:23 [DEBUG] https://cp.cloudflare.com:443 "GET / HTTP/1.1" 204 0
15:48:23 [DEBUG] Starting new HTTPS connection (1): www.gstatic.com:443
15:48:23 [DEBUG] https://www.gstatic.com:443 "GET /generate_204 HTTP/1.1" 204 0
15:48:23 [DEBUG] Starting new HTTPS connection (1): dl.google.com:443
15:48:23 [DEBUG] https://dl.google.com:443 "GET /dl/android/studio/install/3.4.1.0/android-studio-ide-183.5522156-windows.exe HTTP/1.1" 200 1017327996
15:48:23 [INFO]    🎯 217.154.254.198 (Германия) - 46.4Mbps, 177ms UDP✅ Reality [azure.com]
15:48:23 [DEBUG] Starting new HTTPS connection (1): www.gstatic.com:443
15:48:24 [DEBUG] Starting new HTTPS connection (1): www.gstatic.com:443
15:48:24 [INFO]    🎯 panelsaf.netvip1.ru (XX) - 0.4Mbps, 1652ms UDP✅ Reality [refersion.com]
15:48:24 [DEBUG] Starting new HTTPS connection (1): www.google.com:443
15:48:24 [DEBUG] Starting new HTTPS connection (1): www.google.com:443
15:48:25 [DEBUG] Starting new HTTPS connection (1): cp.cloudflare.com:443
15:48:25 [DEBUG] Starting new HTTPS connection (1): www.gstatic.com:443
15:48:25 [DEBUG] Starting new HTTPS connection (1): www.google.com:443
15:48:26 [DEBUG] Starting new HTTPS connection (1): cp.cloudflare.com:443
15:48:26 [DEBUG] https://www.google.com:443 "GET /generate_204 HTTP/1.1" 204 0
15:48:26 [DEBUG] Starting new HTTPS connection (1): cp.cloudflare.com:443
15:48:26 [INFO]    🎯 api-c1.wiki-mobile-two.com (XX) - 0.5Mbps, 1589ms UDP❌ Reality [pimg.mycdn.me]
15:48:26 [DEBUG] https://www.google.com:443 "GET /generate_204 HTTP/1.1" 204 0
15:48:26 [DEBUG] Starting new HTTPS connection (1): cp.cloudflare.com:443
15:48:26 [DEBUG] Starting new HTTPS connection (1): www.gstatic.com:443
15:48:26 [DEBUG] Starting new HTTPS connection (1): www.google.com:443
15:48:26 [DEBUG] https://cp.cloudflare.com:443 "GET / HTTP/1.1" 204 0
15:48:26 [DEBUG] Starting new HTTPS connection (1): www.gstatic.com:443
15:48:26 [DEBUG] https://www.gstatic.com:443 "GET /generate_204 HTTP/1.1" 204 0
15:48:27 [DEBUG] Starting new HTTPS connection (1): dl.google.com:443
15:48:27 [DEBUG] https://dl.google.com:443 "GET /dl/android/studio/install/3.4.1.0/android-studio-ide-183.5522156-windows.exe HTTP/1.1" 200 1017327996
15:48:27 [DEBUG] Starting new HTTPS connection (1): cp.cloudflare.com:443
15:48:27 [DEBUG] Starting new HTTPS connection (1): www.google.com:443
15:48:27 [INFO]    🎯 95.141.35.101 (Италия) - 20.6Mbps, 402ms UDP✅ Reality [aws.com]
15:48:27 [DEBUG] Starting new HTTPS connection (1): www.google.com:443
15:48:28 [DEBUG] Starting new HTTPS connection (1): cp.cloudflare.com:443
15:48:28 [DEBUG] Starting new HTTPS connection (1): www.google.com:443
15:48:29 [DEBUG] https://cp.cloudflare.com:443 "GET / HTTP/1.1" 204 0
15:48:29 [DEBUG] Starting new HTTPS connection (1): www.gstatic.com:443
15:48:29 [DEBUG] Starting new HTTPS connection (1): www.google.com:443
15:48:29 [DEBUG] https://cp.cloudflare.com:443 "GET / HTTP/1.1" 204 0
15:48:29 [DEBUG] Starting new HTTPS connection (1): www.gstatic.com:443
15:48:29 [DEBUG] https://www.google.com:443 "GET /generate_204 HTTP/1.1" 204 0
15:48:29 [DEBUG] Starting new HTTPS connection (1): cp.cloudflare.com:443
15:48:29 [DEBUG] https://www.google.com:443 "GET /generate_204 HTTP/1.1" 204 0
15:48:29 [DEBUG] Starting new HTTPS connection (1): cp.cloudflare.com:443
15:48:29 [DEBUG] https://www.google.com:443 "GET /generate_204 HTTP/1.1" 204 0
15:48:29 [DEBUG] Starting new HTTPS connection (1): cp.cloudflare.com:443
15:48:30 [DEBUG] https://cp.cloudflare.com:443 "GET / HTTP/1.1" 204 0
15:48:30 [DEBUG] Starting new HTTPS connection (1): www.gstatic.com:443
15:48:30 [DEBUG] https://cp.cloudflare.com:443 "GET / HTTP/1.1" 204 0
15:48:30 [DEBUG] Starting new HTTPS connection (1): www.gstatic.com:443
15:48:30 [DEBUG] https://www.gstatic.com:443 "GET /generate_204 HTTP/1.1" 204 0
15:48:30 [DEBUG] Starting new HTTPS connection (1): dl.google.com:443
15:48:30 [DEBUG] https://cp.cloudflare.com:443 "GET / HTTP/1.1" 204 0
15:48:30 [DEBUG] Starting new HTTPS connection (1): www.gstatic.com:443
15:48:30 [DEBUG] https://dl.google.com:443 "GET /dl/android/studio/install/3.4.1.0/android-studio-ide-183.5522156-windows.exe HTTP/1.1" 200 1017327996
15:48:31 [DEBUG] https://www.gstatic.com:443 "GET /generate_204 HTTP/1.1" 204 0
15:48:31 [INFO]    🎯 158.58.172.189 (Италия) - 22.8Mbps, 940ms UDP✅ Reality [aws.com]
15:48:31 [DEBUG] Starting new HTTPS connection (1): cp.cloudflare.com:443
15:48:31 [DEBUG] Starting new HTTPS connection (1): dl.google.com:443
15:48:31 [DEBUG] Starting new HTTPS connection (1): www.gstatic.com:443
15:48:31 [DEBUG] https://cp.cloudflare.com:443 "GET / HTTP/1.1" 204 0
15:48:31 [DEBUG] Starting new HTTPS connection (1): www.gstatic.com:443
15:48:31 [DEBUG] https://dl.google.com:443 "GET /dl/android/studio/install/3.4.1.0/android-studio-ide-183.5522156-windows.exe HTTP/1.1" 200 1017327996
15:48:32 [DEBUG] Starting new HTTPS connection (1): www.google.com:443
15:48:32 [DEBUG] https://www.gstatic.com:443 "GET /generate_204 HTTP/1.1" 204 0
15:48:32 [DEBUG] Starting new HTTPS connection (1): www.google.com:443
15:48:33 [DEBUG] Starting new HTTPS connection (1): www.gstatic.com:443
15:48:33 [INFO]    🎯 srv4.outlinekeys.com (XX) - 6.1Mbps, 519ms UDP✅ Reality [sun1-90.userapi.com]
15:48:33 [DEBUG] Starting new HTTPS connection (1): cp.cloudflare.com:443
15:48:33 [DEBUG] https://www.gstatic.com:443 "GET /generate_204 HTTP/1.1" 204 0
15:48:33 [DEBUG] Starting new HTTPS connection (1): www.gstatic.com:443
15:48:34 [DEBUG] Starting new HTTPS connection (1): cp.cloudflare.com:443
15:48:34 [DEBUG] Starting new HTTPS connection (1): www.google.com:443
15:48:35 [DEBUG] Starting new HTTPS connection (1): cp.cloudflare.com:443
15:48:35 [DEBUG] Starting new HTTPS connection (1): dl.google.com:443
15:48:35 [INFO]    🎯 deu196.unboundaccess.org (XX) - 0.0Mbps, 2120ms UDP❌ Reality [www.bing.com]
15:48:35 [DEBUG] Starting new HTTPS connection (1): www.gstatic.com:443
15:48:35 [DEBUG] Starting new HTTPS connection (1): www.google.com:443
15:48:35 [DEBUG] Starting new HTTPS connection (1): www.google.com:443
15:48:36 [DEBUG] Starting new HTTPS connection (1): cp.cloudflare.com:443
15:48:36 [DEBUG] Starting new HTTPS connection (1): www.google.com:443
15:48:36 [DEBUG] Starting new HTTPS connection (1): www.google.com:443
15:48:36 [DEBUG] Starting new HTTPS connection (1): www.gstatic.com:443
15:48:36 [DEBUG] Starting new HTTPS connection (1): dl.google.com:443
15:48:36 [DEBUG] https://dl.google.com:443 "GET /dl/android/studio/install/3.4.1.0/android-studio-ide-183.5522156-windows.exe HTTP/1.1" 200 1017327996
15:48:36 [DEBUG] Starting new HTTPS connection (1): www.gstatic.com:443
15:48:37 [DEBUG] Starting new HTTPS connection (1): www.google.com:443
15:48:37 [DEBUG] Starting new HTTPS connection (1): www.google.com:443
15:48:37 [DEBUG] https://www.google.com:443 "GET /generate_204 HTTP/1.1" 204 0
15:48:37 [DEBUG] Starting new HTTPS connection (1): cp.cloudflare.com:443
15:48:37 [DEBUG] https://cp.cloudflare.com:443 "GET / HTTP/1.1" 204 0
15:48:37 [DEBUG] Starting new HTTPS connection (1): www.gstatic.com:443
15:48:38 [DEBUG] Starting new HTTPS connection (1): dl.google.com:443
15:48:38 [DEBUG] https://www.gstatic.com:443 "GET /generate_204 HTTP/1.1" 204 0
15:48:38 [DEBUG] Starting new HTTPS connection (1): dl.google.com:443
15:48:38 [DEBUG] Starting new HTTPS connection (1): www.google.com:443
15:48:38 [DEBUG] Starting new HTTPS connection (1): cp.cloudflare.com:443
15:48:38 [DEBUG] https://dl.google.com:443 "GET /dl/android/studio/install/3.4.1.0/android-studio-ide-183.5522156-windows.exe HTTP/1.1" 200 1017327996
15:48:38 [DEBUG] Starting new HTTPS connection (1): www.gstatic.com:443
15:48:39 [INFO]    🎯 94.103.1.230 (Нидерланды) - 26.4Mbps, 374ms UDP✅ Reality [sun6-21.userapi.com]
15:48:39 [DEBUG] Starting new HTTPS connection (1): cp.cloudflare.com:443
15:48:40 [DEBUG] Starting new HTTPS connection (1): www.google.com:443
15:48:40 [DEBUG] Starting new HTTPS connection (1): www.google.com:443
15:48:40 [DEBUG] Starting new HTTPS connection (1): www.google.com:443
15:48:40 [DEBUG] Starting new HTTPS connection (1): cp.cloudflare.com:443
15:48:40 [DEBUG] https://dl.google.com:443 "GET /dl/android/studio/install/3.4.1.0/android-studio-ide-183.5522156-windows.exe HTTP/1.1" 200 1017327996
15:48:40 [DEBUG] Starting new HTTPS connection (1): www.gstatic.com:443
15:48:40 [DEBUG] Starting new HTTPS connection (1): cp.cloudflare.com:443
15:48:40 [DEBUG] Starting new HTTPS connection (1): www.gstatic.com:443
15:48:40 [DEBUG] Starting new HTTPS connection (1): cp.cloudflare.com:443
15:48:40 [INFO]    📊 Global: 160/400 (40%) | ✅69 ❌91
15:48:41 [INFO]    🎯 95.141.36.10 (Италия) - 4.1Mbps, 1708ms UDP❌ Reality [aws.com]
15:48:41 [DEBUG] Starting new HTTPS connection (1): www.gstatic.com:443
15:48:41 [DEBUG] Starting new HTTPS connection (1): cp.cloudflare.com:443
15:48:41 [DEBUG] Starting new HTTPS connection (1): www.google.com:443
15:48:41 [DEBUG] Starting new HTTPS connection (1): cp.cloudflare.com:443
15:48:41 [DEBUG] Starting new HTTPS connection (1): cp.cloudflare.com:443
15:48:41 [DEBUG] Starting new HTTPS connection (1): www.gstatic.com:443
15:48:41 [DEBUG] Starting new HTTPS connection (1): www.google.com:443
15:48:41 [DEBUG] Starting new HTTPS connection (1): cp.cloudflare.com:443
15:48:41 [DEBUG] Starting new HTTPS connection (1): www.gstatic.com:443
15:48:42 [DEBUG] Starting new HTTPS connection (1): www.gstatic.com:443
15:48:42 [DEBUG] Starting new HTTPS connection (1): www.google.com:443
15:48:42 [DEBUG] Starting new HTTPS connection (1): cp.cloudflare.com:443
15:48:42 [DEBUG] Starting new HTTPS connection (1): www.gstatic.com:443
15:48:43 [DEBUG] Starting new HTTPS connection (1): www.google.com:443
15:48:43 [DEBUG] Starting new HTTPS connection (1): www.gstatic.com:443
15:48:43 [DEBUG] Starting new HTTPS connection (1): www.google.com:443
15:48:43 [DEBUG] Starting new HTTPS connection (1): cp.cloudflare.com:443
15:48:43 [DEBUG] Starting new HTTPS connection (1): www.gstatic.com:443
15:48:43 [DEBUG] Starting new HTTPS connection (1): www.google.com:443
15:48:44 [DEBUG] Starting new HTTPS connection (1): cp.cloudflare.com:443
15:48:44 [DEBUG] Starting new HTTPS connection (1): www.gstatic.com:443
15:48:44 [DEBUG] Starting new HTTPS connection (1): cp.cloudflare.com:443
15:48:44 [DEBUG] Starting new HTTPS connection (1): www.gstatic.com:443
15:48:44 [DEBUG] Starting new HTTPS connection (1): www.google.com:443
15:48:44 [DEBUG] Starting new HTTPS connection (1): cp.cloudflare.com:443
15:48:44 [DEBUG] Starting new HTTPS connection (1): www.google.com:443
15:48:44 [DEBUG] Starting new HTTPS connection (1): www.gstatic.com:443
15:48:44 [DEBUG] Starting new HTTPS connection (1): cp.cloudflare.com:443
15:48:45 [DEBUG] Starting new HTTPS connection (1): www.google.com:443
15:48:45 [DEBUG] Starting new HTTPS connection (1): www.gstatic.com:443
15:48:45 [DEBUG] Starting new HTTPS connection (1): cp.cloudflare.com:443
15:48:45 [DEBUG] Starting new HTTPS connection (1): www.gstatic.com:443
15:48:45 [DEBUG] Starting new HTTPS connection (1): cp.cloudflare.com:443
15:48:45 [DEBUG] Starting new HTTPS connection (1): www.gstatic.com:443
15:48:45 [DEBUG] Starting new HTTPS connection (1): www.google.com:443
15:48:45 [DEBUG] Starting new HTTPS connection (1): www.google.com:443
15:48:45 [DEBUG] Starting new HTTPS connection (1): cp.cloudflare.com:443
15:48:45 [DEBUG] Starting new HTTPS connection (1): www.gstatic.com:443
15:48:45 [DEBUG] Starting new HTTPS connection (1): cp.cloudflare.com:443
15:48:45 [DEBUG] Starting new HTTPS connection (1): www.gstatic.com:443
15:48:46 [DEBUG] Starting new HTTPS connection (1): www.google.com:443
15:48:46 [DEBUG] Starting new HTTPS connection (1): cp.cloudflare.com:443
15:48:46 [DEBUG] Starting new HTTPS connection (1): www.gstatic.com:443
15:48:47 [DEBUG] Starting new HTTPS connection (1): www.google.com:443
15:48:47 [DEBUG] Starting new HTTPS connection (1): cp.cloudflare.com:443
15:48:47 [DEBUG] Starting new HTTPS connection (1): www.gstatic.com:443
15:48:47 [DEBUG] Starting new HTTPS connection (1): www.google.com:443
15:48:47 [DEBUG] Starting new HTTPS connection (1): www.google.com:443
15:48:47 [DEBUG] Starting new HTTPS connection (1): cp.cloudflare.com:443
15:48:47 [DEBUG] Starting new HTTPS connection (1): www.gstatic.com:443
15:48:47 [INFO]    🎯 86.54.30.51 (Нидерланды) - 1.2Mbps, 3759ms UDP❌ Reality [aws.com]
15:48:47 [DEBUG] Starting new HTTPS connection (1): www.google.com:443
15:48:47 [DEBUG] Starting new HTTPS connection (1): cp.cloudflare.com:443
15:48:47 [DEBUG] Starting new HTTPS connection (1): www.gstatic.com:443
15:48:48 [DEBUG] Starting new HTTPS connection (1): www.google.com:443
15:48:48 [DEBUG] Starting new HTTPS connection (1): www.google.com:443
15:48:48 [DEBUG] Starting new HTTPS connection (1): cp.cloudflare.com:443
15:48:48 [DEBUG] Starting new HTTPS connection (1): www.gstatic.com:443
15:48:48 [DEBUG] Starting new HTTPS connection (1): www.google.com:443
15:48:49 [DEBUG] Starting new HTTPS connection (1): cp.cloudflare.com:443
15:48:49 [DEBUG] Starting new HTTPS connection (1): www.google.com:443
15:48:49 [DEBUG] Starting new HTTPS connection (1): www.gstatic.com:443
15:48:49 [DEBUG] Starting new HTTPS connection (1): cp.cloudflare.com:443
15:48:49 [DEBUG] Starting new HTTPS connection (1): cp.cloudflare.com:443
15:48:49 [DEBUG] Starting new HTTPS connection (1): www.gstatic.com:443
15:48:49 [DEBUG] Starting new HTTPS connection (1): www.google.com:443
15:48:49 [DEBUG] Starting new HTTPS connection (1): www.google.com:443
15:48:49 [DEBUG] Starting new HTTPS connection (1): cp.cloudflare.com:443
15:48:49 [DEBUG] Starting new HTTPS connection (1): www.gstatic.com:443
15:48:49 [DEBUG] Starting new HTTPS connection (1): www.google.com:443
15:48:49 [DEBUG] Starting new HTTPS connection (1): cp.cloudflare.com:443
15:48:49 [DEBUG] Starting new HTTPS connection (1): www.gstatic.com:443
15:48:50 [DEBUG] Starting new HTTPS connection (1): www.gstatic.com:443
15:48:50 [DEBUG] Starting new HTTPS connection (1): cp.cloudflare.com:443
15:48:50 [DEBUG] Starting new HTTPS connection (1): cp.cloudflare.com:443
15:48:50 [DEBUG] Starting new HTTPS connection (1): www.google.com:443
15:48:50 [DEBUG] Starting new HTTPS connection (1): cp.cloudflare.com:443
15:48:50 [DEBUG] Starting new HTTPS connection (1): www.gstatic.com:443
15:48:50 [DEBUG] Starting new HTTPS connection (1): www.google.com:443
15:48:50 [DEBUG] Starting new HTTPS connection (1): cp.cloudflare.com:443
15:48:50 [DEBUG] Starting new HTTPS connection (1): www.gstatic.com:443
15:48:50 [DEBUG] Starting new HTTPS connection (1): www.google.com:443
15:48:50 [DEBUG] Starting new HTTPS connection (1): cp.cloudflare.com:443
15:48:51 [DEBUG] Starting new HTTPS connection (1): www.gstatic.com:443
15:48:51 [DEBUG] Starting new HTTPS connection (1): www.google.com:443
15:48:51 [DEBUG] Starting new HTTPS connection (1): cp.cloudflare.com:443
15:48:51 [DEBUG] Starting new HTTPS connection (1): www.gstatic.com:443
15:48:51 [DEBUG] Starting new HTTPS connection (1): www.gstatic.com:443
15:48:51 [DEBUG] Starting new HTTPS connection (1): www.google.com:443
15:48:51 [DEBUG] Starting new HTTPS connection (1): cp.cloudflare.com:443
15:48:51 [DEBUG] Starting new HTTPS connection (1): www.gstatic.com:443
15:48:51 [DEBUG] Starting new HTTPS connection (1): www.google.com:443
15:48:51 [DEBUG] Starting new HTTPS connection (1): www.google.com:443
15:48:52 [DEBUG] Starting new HTTPS connection (1): www.google.com:443
15:48:52 [DEBUG] Starting new HTTPS connection (1): www.google.com:443
15:48:52 [DEBUG] Starting new HTTPS connection (1): www.gstatic.com:443
15:48:52 [DEBUG] Starting new HTTPS connection (1): www.google.com:443
15:48:52 [DEBUG] Starting new HTTPS connection (1): cp.cloudflare.com:443
15:48:52 [DEBUG] Starting new HTTPS connection (1): www.gstatic.com:443
15:48:53 [DEBUG] Starting new HTTPS connection (1): www.gstatic.com:443
15:48:53 [DEBUG] Starting new HTTPS connection (1): www.google.com:443
15:48:53 [DEBUG] Starting new HTTPS connection (1): cp.cloudflare.com:443
15:48:54 [DEBUG] Starting new HTTPS connection (1): cp.cloudflare.com:443
15:48:54 [DEBUG] Starting new HTTPS connection (1): www.google.com:443
15:48:54 [DEBUG] https://www.google.com:443 "GET /generate_204 HTTP/1.1" 204 0
15:48:54 [DEBUG] Starting new HTTPS connection (1): cp.cloudflare.com:443
15:48:55 [DEBUG] Starting new HTTPS connection (1): www.google.com:443
15:48:55 [DEBUG] https://www.google.com:443 "GET /generate_204 HTTP/1.1" 204 0
15:48:55 [DEBUG] Starting new HTTPS connection (1): cp.cloudflare.com:443
15:48:55 [DEBUG] Starting new HTTPS connection (1): www.gstatic.com:443
15:48:56 [DEBUG] Starting new HTTPS connection (1): www.google.com:443
15:48:56 [DEBUG] Starting new HTTPS connection (1): www.gstatic.com:443
15:48:56 [DEBUG] Starting new HTTPS connection (1): cp.cloudflare.com:443
15:48:56 [DEBUG] Starting new HTTPS connection (1): www.google.com:443
15:48:57 [DEBUG] Starting new HTTPS connection (1): cp.cloudflare.com:443
15:48:58 [DEBUG] Starting new HTTPS connection (1): cp.cloudflare.com:443
15:48:59 [DEBUG] Starting new HTTPS connection (1): www.google.com:443
15:48:59 [DEBUG] Starting new HTTPS connection (1): www.google.com:443
15:48:59 [DEBUG] Starting new HTTPS connection (1): www.gstatic.com:443
15:48:59 [DEBUG] Starting new HTTPS connection (1): cp.cloudflare.com:443
15:48:59 [DEBUG] https://www.gstatic.com:443 "GET /generate_204 HTTP/1.1" 204 0
15:48:59 [DEBUG] Starting new HTTPS connection (1): dl.google.com:443
15:49:00 [DEBUG] https://dl.google.com:443 "GET /dl/android/studio/install/3.4.1.0/android-studio-ide-183.5522156-windows.exe HTTP/1.1" 200 1017327996
15:49:00 [INFO]    🎯 51.158.146.213 (Нидерланды) - 44.1Mbps, 131ms UDP✅  []
15:49:00 [INFO]    📊 Global: 200/400 (50%) | ✅72 ❌128
15:49:00 [DEBUG] Starting new HTTPS connection (1): www.gstatic.com:443
15:49:01 [DEBUG] https://www.gstatic.com:443 "GET /generate_204 HTTP/1.1" 204 0
15:49:01 [DEBUG] Starting new HTTPS connection (1): dl.google.com:443
15:49:01 [DEBUG] https://dl.google.com:443 "GET /dl/android/studio/install/3.4.1.0/android-studio-ide-183.5522156-windows.exe HTTP/1.1" 200 1017327996
15:49:01 [DEBUG] Starting new HTTPS connection (1): cp.cloudflare.com:443
15:49:01 [DEBUG] Starting new HTTPS connection (1): www.google.com:443
15:49:01 [DEBUG] https://www.google.com:443 "GET /generate_204 HTTP/1.1" 204 0
15:49:01 [DEBUG] Starting new HTTPS connection (1): cp.cloudflare.com:443
15:49:01 [DEBUG] Starting new HTTPS connection (1): www.gstatic.com:443
15:49:01 [DEBUG] Starting new HTTPS connection (1): cp.cloudflare.com:443
15:49:01 [INFO]    🎯 185.193.158.71 (Нидерланды) - 15.1Mbps, 145ms UDP✅  []
15:49:02 [DEBUG] Starting new HTTPS connection (1): www.gstatic.com:443
15:49:02 [DEBUG] https://cp.cloudflare.com:443 "GET / HTTP/1.1" 204 0
15:49:02 [DEBUG] Starting new HTTPS connection (1): www.gstatic.com:443
15:49:03 [DEBUG] Starting new HTTPS connection (1): www.google.com:443
15:49:03 [DEBUG] Starting new HTTPS connection (1): cp.cloudflare.com:443
15:49:03 [DEBUG] Starting new HTTPS connection (1): www.gstatic.com:443
15:49:03 [DEBUG] Starting new HTTPS connection (1): cp.cloudflare.com:443
15:49:03 [DEBUG] Starting new HTTPS connection (1): www.gstatic.com:443
15:49:04 [DEBUG] Starting new HTTPS connection (1): www.google.com:443
15:49:04 [DEBUG] Starting new HTTPS connection (1): cp.cloudflare.com:443
15:49:04 [DEBUG] Starting new HTTPS connection (1): www.gstatic.com:443
15:49:04 [DEBUG] Starting new HTTPS connection (1): www.gstatic.com:443
15:49:05 [DEBUG] Starting new HTTPS connection (1): www.gstatic.com:443
15:49:05 [DEBUG] Starting new HTTPS connection (1): www.google.com:443
15:49:05 [DEBUG] Starting new HTTPS connection (1): cp.cloudflare.com:443
15:49:05 [DEBUG] Starting new HTTPS connection (1): www.gstatic.com:443
15:49:06 [DEBUG] https://www.gstatic.com:443 "GET /generate_204 HTTP/1.1" 204 0
15:49:06 [DEBUG] Starting new HTTPS connection (1): www.gstatic.com:443
15:49:06 [DEBUG] Starting new HTTPS connection (1): www.gstatic.com:443
15:49:06 [DEBUG] Starting new HTTPS connection (1): www.google.com:443
15:49:07 [DEBUG] https://www.gstatic.com:443 "GET /generate_204 HTTP/1.1" 204 0
15:49:07 [DEBUG] Starting new HTTPS connection (1): dl.google.com:443
15:49:07 [DEBUG] Starting new HTTPS connection (1): www.google.com:443
15:49:07 [DEBUG] Starting new HTTPS connection (1): cp.cloudflare.com:443
15:49:07 [DEBUG] Starting new HTTPS connection (1): www.gstatic.com:443
15:49:08 [DEBUG] Starting new HTTPS connection (1): www.google.com:443
15:49:08 [DEBUG] Starting new HTTPS connection (1): cp.cloudflare.com:443
15:49:08 [DEBUG] Starting new HTTPS connection (1): www.gstatic.com:443
15:49:08 [DEBUG] Starting new HTTPS connection (1): www.google.com:443
15:49:08 [DEBUG] Starting new HTTPS connection (1): cp.cloudflare.com:443
15:49:08 [DEBUG] Starting new HTTPS connection (1): www.gstatic.com:443
15:49:08 [DEBUG] https://dl.google.com:443 "GET /dl/android/studio/install/3.4.1.0/android-studio-ide-183.5522156-windows.exe HTTP/1.1" 200 1017327996
15:49:09 [DEBUG] Starting new HTTPS connection (1): cp.cloudflare.com:443
15:49:09 [DEBUG] Starting new HTTPS connection (1): www.google.com:443
15:49:09 [DEBUG] Starting new HTTPS connection (1): cp.cloudflare.com:443
15:49:09 [DEBUG] Starting new HTTPS connection (1): www.gstatic.com:443
15:49:09 [DEBUG] Starting new HTTPS connection (1): www.google.com:443
15:49:09 [DEBUG] Starting new HTTPS connection (1): www.google.com:443
15:49:09 [DEBUG] Starting new HTTPS connection (1): cp.cloudflare.com:443
15:49:09 [DEBUG] Starting new HTTPS connection (1): www.gstatic.com:443
15:49:09 [DEBUG] Starting new HTTPS connection (1): www.google.com:443
15:49:10 [DEBUG] Starting new HTTPS connection (1): www.google.com:443
15:49:10 [DEBUG] Starting new HTTPS connection (1): dl.google.com:443
15:49:10 [DEBUG] Starting new HTTPS connection (1): cp.cloudflare.com:443
15:49:10 [DEBUG] Starting new HTTPS connection (1): www.google.com:443
15:49:10 [INFO]    🎯 159.69.162.184 (Германия) - 3.9Mbps, 2074ms UDP✅  []
15:49:10 [DEBUG] Starting new HTTPS connection (1): www.gstatic.com:443
15:49:11 [DEBUG] Starting new HTTPS connection (1): www.google.com:443
15:49:11 [DEBUG] Starting new HTTPS connection (1): cp.cloudflare.com:443
15:49:11 [DEBUG] Starting new HTTPS connection (1): www.gstatic.com:443
15:49:11 [DEBUG] Starting new HTTPS connection (1): www.gstatic.com:443
15:49:11 [DEBUG] Starting new HTTPS connection (1): cp.cloudflare.com:443
15:49:11 [DEBUG] Starting new HTTPS connection (1): www.google.com:443
15:49:12 [DEBUG] Starting new HTTPS connection (1): www.google.com:443
15:49:12 [DEBUG] https://dl.google.com:443 "GET /dl/android/studio/install/3.4.1.0/android-studio-ide-183.5522156-windows.exe HTTP/1.1" 200 1017327996
15:49:12 [DEBUG] Starting new HTTPS connection (1): www.google.com:443
15:49:12 [DEBUG] Starting new HTTPS connection (1): cp.cloudflare.com:443
15:49:12 [DEBUG] Starting new HTTPS connection (1): www.gstatic.com:443
15:49:12 [INFO]    🎯 147.45.43.58 (Нидерланды) - 5.6Mbps, 1531ms UDP❌  []
15:49:12 [DEBUG] Starting new HTTPS connection (1): www.google.com:443
15:49:12 [DEBUG] Starting new HTTPS connection (1): cp.cloudflare.com:443
15:49:12 [DEBUG] https://www.google.com:443 "GET /generate_204 HTTP/1.1" 204 0
15:49:12 [DEBUG] Starting new HTTPS connection (1): cp.cloudflare.com:443
15:49:12 [DEBUG] https://www.google.com:443 "GET /generate_204 HTTP/1.1" 204 0
15:49:12 [DEBUG] Starting new HTTPS connection (1): cp.cloudflare.com:443
15:49:13 [DEBUG] Starting new HTTPS connection (1): www.google.com:443
15:49:13 [DEBUG] Starting new HTTPS connection (1): www.google.com:443
15:49:13 [DEBUG] Starting new HTTPS connection (1): www.gstatic.com:443
15:49:13 [DEBUG] https://www.google.com:443 "GET /generate_204 HTTP/1.1" 204 0
15:49:13 [DEBUG] Starting new HTTPS connection (1): cp.cloudflare.com:443
15:49:14 [DEBUG] Starting new HTTPS connection (1): www.google.com:443
15:49:14 [DEBUG] Starting new HTTPS connection (1): cp.cloudflare.com:443
15:49:14 [DEBUG] Starting new HTTPS connection (1): www.gstatic.com:443
15:49:14 [DEBUG] Starting new HTTPS connection (1): www.gstatic.com:443
15:49:15 [DEBUG] Starting new HTTPS connection (1): cp.cloudflare.com:443
15:49:15 [DEBUG] Starting new HTTPS connection (1): www.google.com:443
15:49:15 [DEBUG] Starting new HTTPS connection (1): cp.cloudflare.com:443
15:49:16 [DEBUG] Starting new HTTPS connection (1): www.gstatic.com:443
15:49:16 [DEBUG] Starting new HTTPS connection (1): cp.cloudflare.com:443
15:49:16 [DEBUG] Starting new HTTPS connection (1): cp.cloudflare.com:443
15:49:17 [DEBUG] Starting new HTTPS connection (1): www.google.com:443
15:49:17 [DEBUG] Starting new HTTPS connection (1): cp.cloudflare.com:443
15:49:17 [DEBUG] Starting new HTTPS connection (1): www.google.com:443
15:49:17 [DEBUG] Starting new HTTPS connection (1): www.gstatic.com:443
15:49:17 [DEBUG] Starting new HTTPS connection (1): cp.cloudflare.com:443
15:49:17 [DEBUG] Starting new HTTPS connection (1): www.gstatic.com:443
15:49:17 [DEBUG] Starting new HTTPS connection (1): www.gstatic.com:443
15:49:17 [DEBUG] Starting new HTTPS connection (1): www.gstatic.com:443
15:49:17 [DEBUG] https://www.gstatic.com:443 "GET /generate_204 HTTP/1.1" 204 0
15:49:17 [DEBUG] https://www.gstatic.com:443 "GET /generate_204 HTTP/1.1" 204 0
15:49:17 [DEBUG] Starting new HTTPS connection (1): dl.google.com:443
15:49:18 [DEBUG] Starting new HTTPS connection (1): dl.google.com:443
15:49:18 [DEBUG] Starting new HTTPS connection (1): www.google.com:443
15:49:18 [DEBUG] https://dl.google.com:443 "GET /dl/android/studio/install/3.4.1.0/android-studio-ide-183.5522156-windows.exe HTTP/1.1" 200 1017327996
15:49:18 [DEBUG] https://dl.google.com:443 "GET /dl/android/studio/install/3.4.1.0/android-studio-ide-183.5522156-windows.exe HTTP/1.1" 200 1017327996
15:49:18 [INFO]    🎯 91.84.105.40 (Нидерланды) - 29.9Mbps, 208ms UDP✅  []
15:49:18 [INFO]    🎯 91.84.111.44 (Нидерланды) - 22.2Mbps, 248ms UDP✅  []
15:49:18 [DEBUG] Starting new HTTPS connection (1): www.google.com:443
15:49:18 [DEBUG] https://www.google.com:443 "GET /generate_204 HTTP/1.1" 204 0
15:49:18 [DEBUG] Starting new HTTPS connection (1): cp.cloudflare.com:443
15:49:18 [DEBUG] https://cp.cloudflare.com:443 "GET / HTTP/1.1" 204 0
15:49:18 [DEBUG] Starting new HTTPS connection (1): www.gstatic.com:443
15:49:18 [DEBUG] Starting new HTTPS connection (1): www.google.com:443
15:49:18 [DEBUG] Starting new HTTPS connection (1): www.gstatic.com:443
15:49:19 [DEBUG] https://www.gstatic.com:443 "GET /generate_204 HTTP/1.1" 204 0
15:49:19 [DEBUG] https://www.gstatic.com:443 "GET /generate_204 HTTP/1.1" 204 0
15:49:19 [DEBUG] Starting new HTTPS connection (1): dl.google.com:443
15:49:19 [DEBUG] Starting new HTTPS connection (1): dl.google.com:443
15:49:19 [DEBUG] https://dl.google.com:443 "GET /dl/android/studio/install/3.4.1.0/android-studio-ide-183.5522156-windows.exe HTTP/1.1" 200 1017327996
15:49:19 [DEBUG] https://dl.google.com:443 "GET /dl/android/studio/install/3.4.1.0/android-studio-ide-183.5522156-windows.exe HTTP/1.1" 200 1017327996
15:49:19 [DEBUG] Starting new HTTPS connection (1): www.google.com:443
15:49:19 [DEBUG] Starting new HTTPS connection (1): www.google.com:443
15:49:19 [DEBUG] Starting new HTTPS connection (1): cp.cloudflare.com:443
15:49:19 [INFO]    🎯 91.84.103.205 (Нидерланды) - 24.8Mbps, 219ms UDP✅  []
15:49:19 [DEBUG] Starting new HTTPS connection (1): www.gstatic.com:443
15:49:20 [DEBUG] Starting new HTTPS connection (1): www.gstatic.com:443
15:49:20 [INFO]    🎯 5.255.114.61 (Нидерланды) - 7.2Mbps, 132ms UDP✅  []
15:49:20 [DEBUG] Starting new HTTPS connection (1): www.google.com:443
15:49:20 [DEBUG] Starting new HTTPS connection (1): www.google.com:443
15:49:21 [DEBUG] Starting new HTTPS connection (1): cp.cloudflare.com:443
15:49:21 [DEBUG] Starting new HTTPS connection (1): cp.cloudflare.com:443
15:49:21 [DEBUG] Starting new HTTPS connection (1): www.gstatic.com:443
15:49:21 [DEBUG] Starting new HTTPS connection (1): www.gstatic.com:443
15:49:22 [DEBUG] Starting new HTTPS connection (1): www.google.com:443
15:49:22 [DEBUG] Starting new HTTPS connection (1): cp.cloudflare.com:443
15:49:23 [DEBUG] Starting new HTTPS connection (1): cp.cloudflare.com:443
15:49:23 [DEBUG] Starting new HTTPS connection (1): www.gstatic.com:443
15:49:23 [DEBUG] Starting new HTTPS connection (1): cp.cloudflare.com:443
15:49:23 [DEBUG] Starting new HTTPS connection (1): www.google.com:443
15:49:23 [DEBUG] Starting new HTTPS connection (1): www.gstatic.com:443
15:49:24 [DEBUG] Starting new HTTPS connection (1): cp.cloudflare.com:443
15:49:24 [DEBUG] Starting new HTTPS connection (1): www.gstatic.com:443
15:49:25 [DEBUG] Starting new HTTPS connection (1): www.gstatic.com:443
15:49:25 [DEBUG] Starting new HTTPS connection (1): www.gstatic.com:443
15:49:25 [DEBUG] Starting new HTTPS connection (1): cp.cloudflare.com:443
15:49:26 [DEBUG] Starting new HTTPS connection (1): www.gstatic.com:443
15:49:26 [DEBUG] Starting new HTTPS connection (1): www.google.com:443
15:49:26 [DEBUG] Starting new HTTPS connection (1): www.google.com:443
15:49:26 [DEBUG] Starting new HTTPS connection (1): www.google.com:443
15:49:26 [DEBUG] Starting new HTTPS connection (1): cp.cloudflare.com:443
15:49:26 [DEBUG] Starting new HTTPS connection (1): www.gstatic.com:443
15:49:27 [INFO]    📊 Global: 240/400 (60%) | ✅79 ❌161
15:49:27 [DEBUG] Starting new HTTPS connection (1): www.gstatic.com:443
15:49:27 [DEBUG] https://www.gstatic.com:443 "GET /generate_204 HTTP/1.1" 204 0
15:49:27 [DEBUG] https://www.google.com:443 "GET /generate_204 HTTP/1.1" 204 0
15:49:27 [DEBUG] Starting new HTTPS connection (1): cp.cloudflare.com:443
15:49:27 [DEBUG] https://cp.cloudflare.com:443 "GET / HTTP/1.1" 204 0
15:49:27 [DEBUG] Starting new HTTPS connection (1): www.gstatic.com:443
15:49:27 [DEBUG] https://www.gstatic.com:443 "GET /generate_204 HTTP/1.1" 204 0
15:49:27 [DEBUG] Starting new HTTPS connection (1): dl.google.com:443
15:49:28 [DEBUG] https://dl.google.com:443 "GET /dl/android/studio/install/3.4.1.0/android-studio-ide-183.5522156-windows.exe HTTP/1.1" 404 1449
15:49:28 [INFO]    🎯 162.19.228.119 (Франция) - 0.0Mbps, 554ms UDP✅  []
15:49:28 [DEBUG] Starting new HTTPS connection (1): www.google.com:443
15:49:28 [DEBUG] Starting new HTTPS connection (1): www.google.com:443
15:49:28 [DEBUG] Starting new HTTPS connection (1): www.google.com:443
15:49:28 [DEBUG] Starting new HTTPS connection (1): www.google.com:443
15:49:28 [DEBUG] Starting new HTTPS connection (1): cp.cloudflare.com:443
15:49:28 [DEBUG] Starting new HTTPS connection (1): www.google.com:443
15:49:29 [DEBUG] Starting new HTTPS connection (1): www.google.com:443
15:49:29 [DEBUG] Starting new HTTPS connection (1): www.google.com:443
15:49:29 [DEBUG] Starting new HTTPS connection (1): cp.cloudflare.com:443
15:49:29 [DEBUG] Starting new HTTPS connection (1): www.gstatic.com:443
15:49:30 [DEBUG] Starting new HTTPS connection (1): cp.cloudflare.com:443
15:49:30 [DEBUG] Starting new HTTPS connection (1): cp.cloudflare.com:443
15:49:30 [DEBUG] Starting new HTTPS connection (1): cp.cloudflare.com:443
15:49:30 [DEBUG] Starting new HTTPS connection (1): www.gstatic.com:443
15:49:30 [DEBUG] Starting new HTTPS connection (1): www.google.com:443
15:49:30 [DEBUG] Starting new HTTPS connection (1): www.google.com:443
15:49:30 [DEBUG] Starting new HTTPS connection (1): cp.cloudflare.com:443
15:49:30 [DEBUG] Starting new HTTPS connection (1): www.gstatic.com:443
15:49:31 [DEBUG] Starting new HTTPS connection (1): cp.cloudflare.com:443
15:49:31 [DEBUG] https://www.google.com:443 "GET /generate_204 HTTP/1.1" 204 0
15:49:31 [DEBUG] Starting new HTTPS connection (1): cp.cloudflare.com:443
15:49:32 [DEBUG] Starting new HTTPS connection (1): www.google.com:443
15:49:32 [DEBUG] Starting new HTTPS connection (1): cp.cloudflare.com:443
15:49:32 [DEBUG] Starting new HTTPS connection (1): www.gstatic.com:443
15:49:32 [DEBUG] Starting new HTTPS connection (1): www.gstatic.com:443
15:49:32 [DEBUG] Starting new HTTPS connection (1): www.gstatic.com:443
15:49:32 [DEBUG] Starting new HTTPS connection (1): www.gstatic.com:443
15:49:32 [DEBUG] https://cp.cloudflare.com:443 "GET / HTTP/1.1" 204 0
15:49:32 [DEBUG] Starting new HTTPS connection (1): www.gstatic.com:443
15:49:33 [DEBUG] Starting new HTTPS connection (1): www.gstatic.com:443
15:49:33 [DEBUG] Starting new HTTPS connection (1): www.google.com:443
15:49:33 [DEBUG] https://www.gstatic.com:443 "GET /generate_204 HTTP/1.1" 204 0
15:49:33 [DEBUG] Starting new HTTPS connection (1): cp.cloudflare.com:443
15:49:33 [DEBUG] https://www.google.com:443 "GET /generate_204 HTTP/1.1" 204 0
15:49:33 [DEBUG] Starting new HTTPS connection (1): cp.cloudflare.com:443
15:49:33 [DEBUG] Starting new HTTPS connection (1): www.google.com:443
15:49:33 [DEBUG] Starting new HTTPS connection (1): cp.cloudflare.com:443
15:49:33 [DEBUG] Starting new HTTPS connection (1): www.gstatic.com:443
15:49:34 [DEBUG] Starting new HTTPS connection (1): cp.cloudflare.com:443
15:49:34 [DEBUG] Starting new HTTPS connection (1): dl.google.com:443
15:49:35 [DEBUG] Starting new HTTPS connection (1): www.google.com:443
15:49:35 [DEBUG] Starting new HTTPS connection (1): cp.cloudflare.com:443
15:49:35 [DEBUG] Starting new HTTPS connection (1): www.gstatic.com:443
15:49:35 [DEBUG] Starting new HTTPS connection (1): www.google.com:443
15:49:35 [DEBUG] Starting new HTTPS connection (1): cp.cloudflare.com:443
15:49:35 [DEBUG] Starting new HTTPS connection (1): www.gstatic.com:443
15:49:35 [DEBUG] Starting new HTTPS connection (1): www.google.com:443
15:49:35 [DEBUG] https://dl.google.com:443 "GET /dl/android/studio/install/3.4.1.0/android-studio-ide-183.5522156-windows.exe HTTP/1.1" 404 1449
15:49:35 [INFO]    🎯 46.226.167.138 (Франция) - 0.0Mbps, 901ms UDP✅  []
15:49:36 [DEBUG] Starting new HTTPS connection (1): www.google.com:443
15:49:36 [DEBUG] https://www.google.com:443 "GET /generate_204 HTTP/1.1" 204 0
15:49:36 [DEBUG] Starting new HTTPS connection (1): cp.cloudflare.com:443
15:49:36 [DEBUG] Starting new HTTPS connection (1): www.google.com:443
15:49:36 [DEBUG] https://cp.cloudflare.com:443 "GET / HTTP/1.1" 204 0
15:49:36 [DEBUG] Starting new HTTPS connection (1): www.gstatic.com:443
15:49:36 [DEBUG] https://www.gstatic.com:443 "GET /generate_204 HTTP/1.1" 204 0
15:49:36 [DEBUG] Starting new HTTPS connection (1): www.google.com:443
15:49:36 [DEBUG] Starting new HTTPS connection (1): www.google.com:443
15:49:37 [DEBUG] Starting new HTTPS connection (1): www.gstatic.com:443
15:49:37 [DEBUG] Starting new HTTPS connection (1): www.google.com:443
15:49:38 [DEBUG] Starting new HTTPS connection (1): cp.cloudflare.com:443
15:49:38 [DEBUG] Starting new HTTPS connection (1): cp.cloudflare.com:443
15:49:38 [DEBUG] Starting new HTTPS connection (1): www.gstatic.com:443
15:49:38 [DEBUG] Starting new HTTPS connection (1): cp.cloudflare.com:443
15:49:38 [DEBUG] https://www.gstatic.com:443 "GET /generate_204 HTTP/1.1" 204 0
15:49:39 [DEBUG] Starting new HTTPS connection (1): cp.cloudflare.com:443
15:49:39 [DEBUG] Starting new HTTPS connection (1): cp.cloudflare.com:443
15:49:39 [DEBUG] Starting new HTTPS connection (1): www.gstatic.com:443
15:49:39 [DEBUG] Starting new HTTPS connection (1): dl.google.com:443
15:49:39 [DEBUG] https://dl.google.com:443 "GET /dl/android/studio/install/3.4.1.0/android-studio-ide-183.5522156-windows.exe HTTP/1.1" 200 1017327996
15:49:39 [INFO]    🎯 104.17.73.206 (XX) - 59.7Mbps, 206ms UDP❌  []
15:49:40 [DEBUG] Starting new HTTPS connection (1): www.gstatic.com:443
15:49:40 [DEBUG] Starting new HTTPS connection (1): www.gstatic.com:443
15:49:40 [DEBUG] Starting new HTTPS connection (1): www.google.com:443
15:49:40 [DEBUG] Starting new HTTPS connection (1): www.gstatic.com:443
15:49:40 [DEBUG] Starting new HTTPS connection (1): www.google.com:443
15:49:41 [DEBUG] Starting new HTTPS connection (1): www.gstatic.com:443
15:49:41 [DEBUG] Starting new HTTPS connection (1): www.gstatic.com:443
15:49:41 [DEBUG] Starting new HTTPS connection (1): dl.google.com:443
15:49:42 [DEBUG] https://dl.google.com:443 "GET /dl/android/studio/install/3.4.1.0/android-studio-ide-183.5522156-windows.exe HTTP/1.1" 200 1017327996
15:49:42 [DEBUG] Starting new HTTPS connection (1): cp.cloudflare.com:443
15:49:42 [DEBUG] Starting new HTTPS connection (1): cp.cloudflare.com:443
15:49:43 [DEBUG] Starting new HTTPS connection (1): www.google.com:443
15:49:43 [DEBUG] Starting new HTTPS connection (1): www.google.com:443
15:49:43 [DEBUG] https://www.gstatic.com:443 "GET /generate_204 HTTP/1.1" 204 0
15:49:43 [DEBUG] Starting new HTTPS connection (1): www.google.com:443
15:49:44 [DEBUG] Starting new HTTPS connection (1): cp.cloudflare.com:443
15:49:44 [DEBUG] Starting new HTTPS connection (1): www.google.com:443
15:49:44 [DEBUG] Starting new HTTPS connection (1): cp.cloudflare.com:443
15:49:44 [DEBUG] Starting new HTTPS connection (1): www.gstatic.com:443
15:49:45 [DEBUG] Starting new HTTPS connection (1): www.gstatic.com:443
15:49:45 [DEBUG] Starting new HTTPS connection (1): www.google.com:443
15:49:45 [DEBUG] Starting new HTTPS connection (1): cp.cloudflare.com:443
15:49:45 [DEBUG] Starting new HTTPS connection (1): www.google.com:443
15:49:45 [DEBUG] Starting new HTTPS connection (1): www.gstatic.com:443
15:49:45 [DEBUG] Starting new HTTPS connection (1): cp.cloudflare.com:443
15:49:45 [DEBUG] Starting new HTTPS connection (1): cp.cloudflare.com:443
15:49:45 [DEBUG] Starting new HTTPS connection (1): www.gstatic.com:443
15:49:45 [DEBUG] Starting new HTTPS connection (1): cp.cloudflare.com:443
15:49:46 [DEBUG] Starting new HTTPS connection (1): www.google.com:443
15:49:46 [DEBUG] Starting new HTTPS connection (1): cp.cloudflare.com:443
15:49:46 [DEBUG] Starting new HTTPS connection (1): www.gstatic.com:443
15:49:47 [DEBUG] Starting new HTTPS connection (1): www.gstatic.com:443
15:49:48 [DEBUG] Starting new HTTPS connection (1): www.google.com:443
15:49:48 [DEBUG] Starting new HTTPS connection (1): www.gstatic.com:443
15:49:48 [DEBUG] Starting new HTTPS connection (1): www.google.com:443
15:49:48 [DEBUG] Starting new HTTPS connection (1): www.google.com:443
15:49:49 [DEBUG] Starting new HTTPS connection (1): www.gstatic.com:443
15:49:49 [DEBUG] Starting new HTTPS connection (1): www.gstatic.com:443
15:49:50 [DEBUG] Starting new HTTPS connection (1): cp.cloudflare.com:443
15:49:50 [DEBUG] Starting new HTTPS connection (1): cp.cloudflare.com:443
15:49:50 [DEBUG] Starting new HTTPS connection (1): cp.cloudflare.com:443
15:49:50 [DEBUG] Starting new HTTPS connection (1): www.google.com:443
15:49:50 [DEBUG] Starting new HTTPS connection (1): www.google.com:443
15:49:50 [DEBUG] Starting new HTTPS connection (1): www.google.com:443
15:49:50 [DEBUG] Starting new HTTPS connection (1): cp.cloudflare.com:443
15:49:50 [DEBUG] Starting new HTTPS connection (1): www.gstatic.com:443
15:49:51 [DEBUG] Starting new HTTPS connection (1): www.google.com:443
15:49:51 [DEBUG] Starting new HTTPS connection (1): www.google.com:443
15:49:51 [DEBUG] https://www.google.com:443 "GET /generate_204 HTTP/1.1" 204 0
15:49:51 [DEBUG] Starting new HTTPS connection (1): cp.cloudflare.com:443
15:49:51 [DEBUG] https://cp.cloudflare.com:443 "GET / HTTP/1.1" 204 0
15:49:51 [DEBUG] Starting new HTTPS connection (1): www.gstatic.com:443
15:49:51 [DEBUG] https://www.google.com:443 "GET /generate_204 HTTP/1.1" 204 0
15:49:51 [DEBUG] Starting new HTTPS connection (1): cp.cloudflare.com:443
15:49:51 [DEBUG] https://www.gstatic.com:443 "GET /generate_204 HTTP/1.1" 204 0
15:49:51 [DEBUG] Starting new HTTPS connection (1): dl.google.com:443
15:49:51 [DEBUG] https://dl.google.com:443 "GET /dl/android/studio/install/3.4.1.0/android-studio-ide-183.5522156-windows.exe HTTP/1.1" 404 1449
15:49:51 [INFO]    🎯 104.21.40.34 (XX) - 0.0Mbps, 87ms UDP✅  []
15:49:52 [DEBUG] Starting new HTTPS connection (1): www.gstatic.com:443
15:49:52 [DEBUG] Starting new HTTPS connection (1): www.google.com:443
15:49:52 [DEBUG] https://www.google.com:443 "GET /generate_204 HTTP/1.1" 204 0
15:49:52 [DEBUG] Starting new HTTPS connection (1): cp.cloudflare.com:443
15:49:52 [DEBUG] https://www.gstatic.com:443 "GET /generate_204 HTTP/1.1" 204 0
15:49:52 [DEBUG] Starting new HTTPS connection (1): www.gstatic.com:443
15:49:52 [DEBUG] Starting new HTTPS connection (1): dl.google.com:443
15:49:52 [DEBUG] Starting new HTTPS connection (1): www.gstatic.com:443
15:49:52 [DEBUG] https://dl.google.com:443 "GET /dl/android/studio/install/3.4.1.0/android-studio-ide-183.5522156-windows.exe HTTP/1.1" 200 1017327996
15:49:52 [DEBUG] Starting new HTTPS connection (1): www.gstatic.com:443
15:49:52 [INFO]    🎯 172.64.144.74 (XX) - 51.8Mbps, 121ms UDP✅  []
15:49:53 [DEBUG] Starting new HTTPS connection (1): cp.cloudflare.com:443
15:49:53 [DEBUG] Starting new HTTPS connection (1): www.google.com:443
15:49:53 [DEBUG] Starting new HTTPS connection (1): www.google.com:443
15:49:54 [DEBUG] Starting new HTTPS connection (1): cp.cloudflare.com:443
15:49:55 [DEBUG] Starting new HTTPS connection (1): www.gstatic.com:443
15:49:55 [DEBUG] Starting new HTTPS connection (1): www.google.com:443
15:49:55 [DEBUG] Starting new HTTPS connection (1): www.google.com:443
15:49:55 [DEBUG] Starting new HTTPS connection (1): www.google.com:443
15:49:56 [DEBUG] Starting new HTTPS connection (1): cp.cloudflare.com:443
15:49:56 [DEBUG] Starting new HTTPS connection (1): www.gstatic.com:443
15:49:56 [DEBUG] https://www.google.com:443 "GET /generate_204 HTTP/1.1" 204 0
15:49:56 [DEBUG] Starting new HTTPS connection (1): cp.cloudflare.com:443
15:49:57 [DEBUG] https://cp.cloudflare.com:443 "GET / HTTP/1.1" 204 0
15:49:57 [DEBUG] Starting new HTTPS connection (1): www.gstatic.com:443
15:49:57 [DEBUG] Starting new HTTPS connection (1): www.gstatic.com:443
15:49:57 [INFO]    📊 Global: 280/400 (70%) | ✅84 ❌196
15:49:57 [DEBUG] Starting new HTTPS connection (1): cp.cloudflare.com:443
15:49:57 [DEBUG] Starting new HTTPS connection (1): cp.cloudflare.com:443
15:49:58 [DEBUG] https://www.gstatic.com:443 "GET /generate_204 HTTP/1.1" 204 0
15:49:58 [DEBUG] Starting new HTTPS connection (1): cp.cloudflare.com:443
15:49:58 [DEBUG] Starting new HTTPS connection (1): www.gstatic.com:443
15:49:58 [DEBUG] Starting new HTTPS connection (1): dl.google.com:443
15:49:58 [DEBUG] Starting new HTTPS connection (1): www.google.com:443
15:49:58 [DEBUG] Starting new HTTPS connection (1): cp.cloudflare.com:443
15:49:58 [DEBUG] Starting new HTTPS connection (1): www.gstatic.com:443
15:49:59 [DEBUG] Starting new HTTPS connection (1): www.google.com:443
15:49:59 [DEBUG] Starting new HTTPS connection (1): cp.cloudflare.com:443
15:49:59 [DEBUG] Starting new HTTPS connection (1): www.gstatic.com:443
15:49:59 [DEBUG] https://dl.google.com:443 "GET /dl/android/studio/install/3.4.1.0/android-studio-ide-183.5522156-windows.exe HTTP/1.1" 404 1449
15:49:59 [INFO]    🎯 104.21.3.219 (XX) - 0.0Mbps, 835ms UDP✅  []
15:49:59 [DEBUG] Starting new HTTPS connection (1): www.google.com:443
15:49:59 [DEBUG] Starting new HTTPS connection (1): www.gstatic.com:443
15:50:00 [DEBUG] Starting new HTTPS connection (1): www.gstatic.com:443
15:50:00 [DEBUG] https://www.gstatic.com:443 "GET /generate_204 HTTP/1.1" 204 0
15:50:00 [DEBUG] Starting new HTTPS connection (1): www.google.com:443
15:50:01 [DEBUG] Starting new HTTPS connection (1): cp.cloudflare.com:443
15:50:01 [DEBUG] Starting new HTTPS connection (1): www.gstatic.com:443
15:50:01 [DEBUG] Starting new HTTPS connection (1): www.google.com:443
15:50:01 [DEBUG] Starting new HTTPS connection (1): www.google.com:443
15:50:02 [DEBUG] Starting new HTTPS connection (1): cp.cloudflare.com:443
15:50:02 [DEBUG] Starting new HTTPS connection (1): www.google.com:443
15:50:02 [INFO]    🎯 57.129.137.56 (Британия) - 0.6Mbps, 215ms UDP❌  []
15:50:03 [DEBUG] Starting new HTTPS connection (1): cp.cloudflare.com:443
15:50:03 [DEBUG] Starting new HTTPS connection (1): www.gstatic.com:443
15:50:03 [DEBUG] Starting new HTTPS connection (1): www.google.com:443
15:50:03 [DEBUG] Starting new HTTPS connection (1): cp.cloudflare.com:443
15:50:03 [DEBUG] Starting new HTTPS connection (1): www.gstatic.com:443
15:50:03 [DEBUG] Starting new HTTPS connection (1): www.google.com:443
15:50:03 [DEBUG] https://www.google.com:443 "GET /generate_204 HTTP/1.1" 204 0
15:50:03 [DEBUG] Starting new HTTPS connection (1): cp.cloudflare.com:443
15:50:03 [DEBUG] Starting new HTTPS connection (1): www.google.com:443
15:50:03 [DEBUG] https://cp.cloudflare.com:443 "GET / HTTP/1.1" 204 0
15:50:03 [DEBUG] Starting new HTTPS connection (1): www.gstatic.com:443
15:50:03 [DEBUG] Starting new HTTPS connection (1): dl.google.com:443
15:50:03 [DEBUG] Starting new HTTPS connection (1): cp.cloudflare.com:443
15:50:03 [DEBUG] https://www.gstatic.com:443 "GET /generate_204 HTTP/1.1" 204 0
15:50:03 [INFO]    🎯 fn.takovpn.ru (XX) - 0.1Mbps, 2360ms UDP✅ Reality [www.vk.com]
15:50:03 [DEBUG] Starting new HTTPS connection (1): dl.google.com:443
15:50:04 [DEBUG] https://dl.google.com:443 "GET /dl/android/studio/install/3.4.1.0/android-studio-ide-183.5522156-windows.exe HTTP/1.1" 200 1017327996
15:50:04 [INFO]    🎯 104.21.13.210 (XX) - 61.0Mbps, 124ms UDP✅  []
15:50:04 [DEBUG] Starting new HTTPS connection (1): www.gstatic.com:443
15:50:04 [DEBUG] Starting new HTTPS connection (1): www.google.com:443
15:50:04 [DEBUG] Starting new HTTPS connection (1): cp.cloudflare.com:443
15:50:04 [DEBUG] Starting new HTTPS connection (1): www.gstatic.com:443
15:50:04 [DEBUG] Starting new HTTPS connection (1): cp.cloudflare.com:443
15:50:05 [DEBUG] https://dl.google.com:443 "GET /dl/android/studio/install/3.4.1.0/android-studio-ide-183.5522156-windows.exe HTTP/1.1" 404 1449
15:50:05 [INFO]    🎯 104.20.1.252 (XX) - 0.0Mbps, 2636ms UDP❌  []
15:50:05 [DEBUG] Starting new HTTPS connection (1): www.google.com:443
15:50:05 [DEBUG] Starting new HTTPS connection (1): cp.cloudflare.com:443
15:50:05 [DEBUG] Starting new HTTPS connection (1): www.gstatic.com:443
15:50:05 [DEBUG] Starting new HTTPS connection (1): www.gstatic.com:443
15:50:05 [DEBUG] Starting new HTTPS connection (1): www.google.com:443
15:50:05 [DEBUG] Starting new HTTPS connection (1): www.google.com:443
15:50:05 [DEBUG] Starting new HTTPS connection (1): cp.cloudflare.com:443
15:50:05 [DEBUG] Starting new HTTPS connection (1): www.gstatic.com:443
15:50:05 [DEBUG] Starting new HTTPS connection (1): www.gstatic.com:443
15:50:06 [DEBUG] Starting new HTTPS connection (1): cp.cloudflare.com:443
15:50:06 [DEBUG] Starting new HTTPS connection (1): www.google.com:443
15:50:06 [DEBUG] Starting new HTTPS connection (1): www.google.com:443
15:50:06 [DEBUG] Starting new HTTPS connection (1): cp.cloudflare.com:443
15:50:06 [DEBUG] Starting new HTTPS connection (1): www.gstatic.com:443
15:50:06 [DEBUG] Starting new HTTPS connection (1): www.gstatic.com:443
15:50:06 [DEBUG] Starting new HTTPS connection (1): www.google.com:443
15:50:06 [DEBUG] Starting new HTTPS connection (1): cp.cloudflare.com:443
15:50:06 [DEBUG] Starting new HTTPS connection (1): www.gstatic.com:443
15:50:07 [DEBUG] Starting new HTTPS connection (1): www.google.com:443
15:50:07 [DEBUG] Starting new HTTPS connection (1): www.google.com:443
15:50:07 [DEBUG] Starting new HTTPS connection (1): cp.cloudflare.com:443
15:50:08 [DEBUG] Starting new HTTPS connection (1): www.google.com:443
15:50:08 [DEBUG] Starting new HTTPS connection (1): www.gstatic.com:443
15:50:08 [DEBUG] Starting new HTTPS connection (1): cp.cloudflare.com:443
15:50:08 [DEBUG] Starting new HTTPS connection (1): www.google.com:443
15:50:09 [DEBUG] Starting new HTTPS connection (1): www.google.com:443
15:50:09 [DEBUG] Starting new HTTPS connection (1): www.google.com:443
15:50:09 [DEBUG] Starting new HTTPS connection (1): cp.cloudflare.com:443
15:50:10 [DEBUG] Starting new HTTPS connection (1): www.google.com:443
15:50:10 [DEBUG] Starting new HTTPS connection (1): www.gstatic.com:443
15:50:10 [DEBUG] Starting new HTTPS connection (1): cp.cloudflare.com:443
15:50:10 [DEBUG] Starting new HTTPS connection (1): www.gstatic.com:443
15:50:10 [DEBUG] Starting new HTTPS connection (1): cp.cloudflare.com:443
15:50:10 [DEBUG] Starting new HTTPS connection (1): cp.cloudflare.com:443
15:50:11 [DEBUG] Starting new HTTPS connection (1): cp.cloudflare.com:443
15:50:11 [DEBUG] Starting new HTTPS connection (1): cp.cloudflare.com:443
15:50:11 [DEBUG] Starting new HTTPS connection (1): www.google.com:443
15:50:12 [DEBUG] Starting new HTTPS connection (1): www.gstatic.com:443
15:50:12 [DEBUG] Starting new HTTPS connection (1): cp.cloudflare.com:443
15:50:12 [DEBUG] Starting new HTTPS connection (1): www.gstatic.com:443
15:50:12 [DEBUG] Starting new HTTPS connection (1): www.gstatic.com:443
15:50:13 [DEBUG] Starting new HTTPS connection (1): www.gstatic.com:443
15:50:13 [DEBUG] Starting new HTTPS connection (1): www.gstatic.com:443
15:50:13 [DEBUG] Starting new HTTPS connection (1): www.gstatic.com:443
15:50:13 [DEBUG] Starting new HTTPS connection (1): www.google.com:443
15:50:13 [DEBUG] Starting new HTTPS connection (1): cp.cloudflare.com:443
15:50:14 [DEBUG] Starting new HTTPS connection (1): www.gstatic.com:443
15:50:14 [DEBUG] Starting new HTTPS connection (1): www.google.com:443
15:50:15 [DEBUG] Starting new HTTPS connection (1): www.google.com:443
15:50:15 [DEBUG] Starting new HTTPS connection (1): www.google.com:443
15:50:15 [DEBUG] Starting new HTTPS connection (1): www.gstatic.com:443
15:50:16 [DEBUG] Starting new HTTPS connection (1): www.google.com:443
15:50:16 [DEBUG] Starting new HTTPS connection (1): cp.cloudflare.com:443
15:50:16 [DEBUG] Starting new HTTPS connection (1): cp.cloudflare.com:443
15:50:16 [DEBUG] Starting new HTTPS connection (1): www.google.com:443
15:50:16 [DEBUG] Starting new HTTPS connection (1): www.google.com:443
15:50:17 [DEBUG] https://www.google.com:443 "GET /generate_204 HTTP/1.1" 204 0
15:50:17 [DEBUG] Starting new HTTPS connection (1): cp.cloudflare.com:443
15:50:17 [DEBUG] Starting new HTTPS connection (1): www.google.com:443
15:50:17 [DEBUG] Starting new HTTPS connection (1): www.google.com:443
15:50:17 [DEBUG] Starting new HTTPS connection (1): cp.cloudflare.com:443
15:50:17 [DEBUG] Starting new HTTPS connection (1): www.gstatic.com:443
15:50:17 [DEBUG] Starting new HTTPS connection (1): cp.cloudflare.com:443
15:50:18 [DEBUG] Starting new HTTPS connection (1): www.gstatic.com:443
15:50:18 [DEBUG] Starting new HTTPS connection (1): www.gstatic.com:443
15:50:18 [DEBUG] Starting new HTTPS connection (1): cp.cloudflare.com:443
15:50:18 [DEBUG] Starting new HTTPS connection (1): www.google.com:443
15:50:19 [DEBUG] Starting new HTTPS connection (1): www.google.com:443
15:50:19 [DEBUG] Starting new HTTPS connection (1): cp.cloudflare.com:443
15:50:19 [DEBUG] Starting new HTTPS connection (1): www.gstatic.com:443
15:50:19 [DEBUG] Starting new HTTPS connection (1): cp.cloudflare.com:443
15:50:19 [DEBUG] https://www.google.com:443 "GET /generate_204 HTTP/1.1" 204 0
15:50:19 [DEBUG] Starting new HTTPS connection (1): cp.cloudflare.com:443
15:50:19 [DEBUG] https://www.google.com:443 "GET /generate_204 HTTP/1.1" 204 0
15:50:19 [DEBUG] Starting new HTTPS connection (1): cp.cloudflare.com:443
15:50:20 [DEBUG] Starting new HTTPS connection (1): www.gstatic.com:443
15:50:20 [DEBUG] Starting new HTTPS connection (1): www.google.com:443
15:50:20 [DEBUG] Starting new HTTPS connection (1): cp.cloudflare.com:443
15:50:20 [DEBUG] Starting new HTTPS connection (1): www.gstatic.com:443
15:50:21 [DEBUG] Starting new HTTPS connection (1): www.gstatic.com:443
15:50:22 [DEBUG] Starting new HTTPS connection (1): www.gstatic.com:443
15:50:22 [DEBUG] Starting new HTTPS connection (1): www.google.com:443
15:50:22 [DEBUG] Starting new HTTPS connection (1): cp.cloudflare.com:443
15:50:22 [DEBUG] Starting new HTTPS connection (1): www.google.com:443
15:50:22 [DEBUG] Starting new HTTPS connection (1): www.gstatic.com:443
15:50:22 [DEBUG] Starting new HTTPS connection (1): cp.cloudflare.com:443
15:50:22 [DEBUG] Starting new HTTPS connection (1): www.gstatic.com:443
15:50:22 [INFO]    📊 Global: 320/400 (80%) | ✅89 ❌231
15:50:22 [DEBUG] Starting new HTTPS connection (1): cp.cloudflare.com:443
15:50:22 [DEBUG] Starting new HTTPS connection (1): www.gstatic.com:443
15:50:23 [DEBUG] Starting new HTTPS connection (1): www.google.com:443
15:50:23 [DEBUG] Starting new HTTPS connection (1): www.google.com:443
15:50:23 [DEBUG] Starting new HTTPS connection (1): cp.cloudflare.com:443
15:50:23 [DEBUG] Starting new HTTPS connection (1): www.google.com:443
15:50:23 [DEBUG] Starting new HTTPS connection (1): www.gstatic.com:443
15:50:24 [DEBUG] Starting new HTTPS connection (1): www.google.com:443
15:50:24 [DEBUG] Starting new HTTPS connection (1): cp.cloudflare.com:443
15:50:24 [DEBUG] Starting new HTTPS connection (1): www.gstatic.com:443
15:50:24 [DEBUG] Starting new HTTPS connection (1): www.google.com:443
15:50:24 [DEBUG] Starting new HTTPS connection (1): cp.cloudflare.com:443
15:50:24 [DEBUG] Starting new HTTPS connection (1): www.gstatic.com:443
15:50:24 [DEBUG] Starting new HTTPS connection (1): www.google.com:443
15:50:24 [DEBUG] https://cp.cloudflare.com:443 "GET / HTTP/1.1" 204 0
15:50:24 [DEBUG] Starting new HTTPS connection (1): www.gstatic.com:443
15:50:24 [DEBUG] Starting new HTTPS connection (1): www.gstatic.com:443
15:50:24 [DEBUG] Starting new HTTPS connection (1): cp.cloudflare.com:443
15:50:24 [DEBUG] Starting new HTTPS connection (1): www.gstatic.com:443
15:50:25 [DEBUG] https://cp.cloudflare.com:443 "GET / HTTP/1.1" 204 0
15:50:25 [DEBUG] Starting new HTTPS connection (1): www.gstatic.com:443
15:50:25 [DEBUG] Starting new HTTPS connection (1): cp.cloudflare.com:443
15:50:25 [DEBUG] Starting new HTTPS connection (1): www.google.com:443
15:50:25 [DEBUG] Starting new HTTPS connection (1): cp.cloudflare.com:443
15:50:25 [DEBUG] Starting new HTTPS connection (1): www.gstatic.com:443
15:50:25 [DEBUG] Starting new HTTPS connection (1): cp.cloudflare.com:443
15:50:26 [DEBUG] Starting new HTTPS connection (1): www.google.com:443
15:50:26 [DEBUG] Starting new HTTPS connection (1): cp.cloudflare.com:443
15:50:26 [DEBUG] Starting new HTTPS connection (1): www.gstatic.com:443
15:50:26 [DEBUG] Starting new HTTPS connection (1): www.google.com:443
15:50:26 [DEBUG] Starting new HTTPS connection (1): cp.cloudflare.com:443
15:50:26 [DEBUG] Starting new HTTPS connection (1): www.gstatic.com:443
15:50:26 [DEBUG] Starting new HTTPS connection (1): www.google.com:443
15:50:26 [DEBUG] Starting new HTTPS connection (1): www.google.com:443
15:50:27 [DEBUG] https://www.gstatic.com:443 "GET /generate_204 HTTP/1.1" 204 0
15:50:27 [DEBUG] Starting new HTTPS connection (1): www.google.com:443
15:50:27 [DEBUG] Starting new HTTPS connection (1): www.google.com:443
15:50:27 [DEBUG] Starting new HTTPS connection (1): www.gstatic.com:443
15:50:27 [DEBUG] https://www.gstatic.com:443 "GET /generate_204 HTTP/1.1" 204 0
15:50:27 [DEBUG] Starting new HTTPS connection (1): www.gstatic.com:443
15:50:28 [DEBUG] Starting new HTTPS connection (1): www.google.com:443
15:50:28 [DEBUG] Starting new HTTPS connection (1): www.google.com:443
15:50:28 [DEBUG] Starting new HTTPS connection (1): cp.cloudflare.com:443
15:50:28 [DEBUG] Starting new HTTPS connection (1): dl.google.com:443
15:50:28 [DEBUG] https://www.google.com:443 "GET /generate_204 HTTP/1.1" 204 0
15:50:28 [DEBUG] Starting new HTTPS connection (1): cp.cloudflare.com:443
15:50:28 [DEBUG] Starting new HTTPS connection (1): dl.google.com:443
15:50:28 [DEBUG] https://cp.cloudflare.com:443 "GET / HTTP/1.1" 204 0
15:50:28 [DEBUG] Starting new HTTPS connection (1): www.gstatic.com:443
15:50:29 [DEBUG] https://www.gstatic.com:443 "GET /generate_204 HTTP/1.1" 204 0
15:50:29 [DEBUG] Starting new HTTPS connection (1): dl.google.com:443
15:50:29 [DEBUG] https://www.google.com:443 "GET /generate_204 HTTP/1.1" 204 0
15:50:29 [DEBUG] Starting new HTTPS connection (1): cp.cloudflare.com:443
15:50:29 [DEBUG] Starting new HTTPS connection (1): cp.cloudflare.com:443
15:50:29 [DEBUG] Starting new HTTPS connection (1): cp.cloudflare.com:443
15:50:29 [DEBUG] https://cp.cloudflare.com:443 "GET / HTTP/1.1" 204 0
15:50:29 [DEBUG] Starting new HTTPS connection (1): www.gstatic.com:443
15:50:29 [DEBUG] https://dl.google.com:443 "GET /dl/android/studio/install/3.4.1.0/android-studio-ide-183.5522156-windows.exe HTTP/1.1" 404 1449
15:50:29 [INFO]    🎯 104.17.165.123 (XX) - 0.0Mbps, 3721ms UDP✅  []
15:50:30 [DEBUG] Starting new HTTPS connection (1): www.gstatic.com:443
15:50:30 [DEBUG] https://www.google.com:443 "GET /generate_204 HTTP/1.1" 204 0
15:50:30 [DEBUG] Starting new HTTPS connection (1): cp.cloudflare.com:443
15:50:30 [DEBUG] https://dl.google.com:443 "GET /dl/android/studio/install/3.4.1.0/android-studio-ide-183.5522156-windows.exe HTTP/1.1" 404 1449
15:50:30 [INFO]    🎯 104.18.32.47 (XX) - 0.0Mbps, 254ms UDP✅  []
15:50:30 [DEBUG] https://www.gstatic.com:443 "GET /generate_204 HTTP/1.1" 204 0
15:50:30 [DEBUG] https://dl.google.com:443 "GET /dl/android/studio/install/3.4.1.0/android-studio-ide-183.5522156-windows.exe HTTP/1.1" 404 1449
15:50:30 [INFO]    🎯 104.26.6.35 (XX) - 0.0Mbps, 3687ms UDP✅  []
15:50:30 [DEBUG] Starting new HTTPS connection (1): dl.google.com:443
15:50:31 [DEBUG] Starting new HTTPS connection (1): www.google.com:443
15:50:31 [DEBUG] Starting new HTTPS connection (1): cp.cloudflare.com:443
15:50:31 [DEBUG] Starting new HTTPS connection (1): www.gstatic.com:443
15:50:31 [DEBUG] Starting new HTTPS connection (1): www.google.com:443
15:50:31 [DEBUG] Starting new HTTPS connection (1): www.google.com:443
15:50:31 [DEBUG] Starting new HTTPS connection (1): www.gstatic.com:443
15:50:31 [DEBUG] Starting new HTTPS connection (1): www.gstatic.com:443
15:50:31 [DEBUG] Starting new HTTPS connection (1): cp.cloudflare.com:443
15:50:31 [DEBUG] Starting new HTTPS connection (1): www.gstatic.com:443
15:50:31 [DEBUG] Starting new HTTPS connection (1): www.google.com:443
15:50:31 [DEBUG] Starting new HTTPS connection (1): cp.cloudflare.com:443
15:50:31 [DEBUG] Starting new HTTPS connection (1): www.gstatic.com:443
15:50:31 [DEBUG] Starting new HTTPS connection (1): www.google.com:443
15:50:31 [DEBUG] Starting new HTTPS connection (1): cp.cloudflare.com:443
15:50:32 [DEBUG] Starting new HTTPS connection (1): www.gstatic.com:443
15:50:32 [DEBUG] https://cp.cloudflare.com:443 "GET / HTTP/1.1" 204 0
15:50:32 [DEBUG] Starting new HTTPS connection (1): www.gstatic.com:443
15:50:32 [DEBUG] https://dl.google.com:443 "GET /dl/android/studio/install/3.4.1.0/android-studio-ide-183.5522156-windows.exe HTTP/1.1" 200 1017327996
15:50:32 [DEBUG] Starting new HTTPS connection (1): www.google.com:443
15:50:33 [DEBUG] Starting new HTTPS connection (1): www.google.com:443
15:50:33 [DEBUG] Starting new HTTPS connection (1): www.google.com:443
15:50:33 [DEBUG] https://www.google.com:443 "GET /generate_204 HTTP/1.1" 204 0
15:50:33 [DEBUG] Starting new HTTPS connection (1): cp.cloudflare.com:443
15:50:33 [DEBUG] https://cp.cloudflare.com:443 "GET / HTTP/1.1" 204 0
15:50:33 [DEBUG] Starting new HTTPS connection (1): www.gstatic.com:443
15:50:33 [DEBUG] https://www.gstatic.com:443 "GET /generate_204 HTTP/1.1" 204 0
15:50:33 [DEBUG] Starting new HTTPS connection (1): www.google.com:443
15:50:33 [DEBUG] Starting new HTTPS connection (1): dl.google.com:443
15:50:33 [DEBUG] https://www.gstatic.com:443 "GET /generate_204 HTTP/1.1" 204 0
15:50:33 [DEBUG] https://dl.google.com:443 "GET /dl/android/studio/install/3.4.1.0/android-studio-ide-183.5522156-windows.exe HTTP/1.1" 404 1449
15:50:33 [INFO]    🎯 188.114.98.0 (XX) - 0.0Mbps, 78ms UDP✅  []
15:50:33 [DEBUG] Starting new HTTPS connection (1): cp.cloudflare.com:443
15:50:33 [DEBUG] https://www.google.com:443 "GET /generate_204 HTTP/1.1" 204 0
15:50:33 [DEBUG] Starting new HTTPS connection (1): cp.cloudflare.com:443
15:50:33 [INFO]    🎯 162.159.152.4 (XX) - 4.5Mbps, 817ms UDP✅  []
15:50:34 [DEBUG] Starting new HTTPS connection (1): www.google.com:443
15:50:34 [DEBUG] Starting new HTTPS connection (1): www.google.com:443
15:50:34 [DEBUG] https://www.google.com:443 "GET /generate_204 HTTP/1.1" 204 0
15:50:34 [DEBUG] Starting new HTTPS connection (1): cp.cloudflare.com:443
15:50:34 [DEBUG] Starting new HTTPS connection (1): www.google.com:443
15:50:34 [DEBUG] Starting new HTTPS connection (1): www.google.com:443
15:50:35 [DEBUG] Starting new HTTPS connection (1): cp.cloudflare.com:443
15:50:35 [DEBUG] https://www.google.com:443 "GET /generate_204 HTTP/1.1" 204 0
15:50:35 [DEBUG] Starting new HTTPS connection (1): cp.cloudflare.com:443
15:50:35 [DEBUG] https://cp.cloudflare.com:443 "GET / HTTP/1.1" 204 0
15:50:35 [DEBUG] Starting new HTTPS connection (1): www.gstatic.com:443
15:50:35 [DEBUG] https://www.gstatic.com:443 "GET /generate_204 HTTP/1.1" 204 0
15:50:35 [DEBUG] Starting new HTTPS connection (1): cp.cloudflare.com:443
15:50:35 [DEBUG] https://cp.cloudflare.com:443 "GET / HTTP/1.1" 204 0
15:50:35 [DEBUG] Starting new HTTPS connection (1): www.gstatic.com:443
15:50:35 [DEBUG] Starting new HTTPS connection (1): dl.google.com:443
15:50:35 [DEBUG] https://www.google.com:443 "GET /generate_204 HTTP/1.1" 204 0
15:50:35 [DEBUG] Starting new HTTPS connection (1): cp.cloudflare.com:443
15:50:35 [DEBUG] https://dl.google.com:443 "GET /dl/android/studio/install/3.4.1.0/android-studio-ide-183.5522156-windows.exe HTTP/1.1" 404 1449
15:50:35 [INFO]    🎯 104.21.224.5 (XX) - 0.0Mbps, 168ms UDP✅  []
15:50:35 [DEBUG] https://cp.cloudflare.com:443 "GET / HTTP/1.1" 204 0
15:50:35 [DEBUG] Starting new HTTPS connection (1): www.gstatic.com:443
15:50:35 [DEBUG] Starting new HTTPS connection (1): www.google.com:443
15:50:35 [DEBUG] Starting new HTTPS connection (1): cp.cloudflare.com:443
15:50:35 [DEBUG] https://cp.cloudflare.com:443 "GET / HTTP/1.1" 204 0
15:50:35 [DEBUG] Starting new HTTPS connection (1): www.gstatic.com:443
15:50:35 [DEBUG] Starting new HTTPS connection (1): www.gstatic.com:443
15:50:36 [DEBUG] Starting new HTTPS connection (1): www.gstatic.com:443
15:50:36 [DEBUG] Starting new HTTPS connection (1): dl.google.com:443
15:50:36 [DEBUG] Starting new HTTPS connection (1): www.google.com:443
15:50:36 [DEBUG] https://www.gstatic.com:443 "GET /generate_204 HTTP/1.1" 204 0
15:50:36 [DEBUG] Starting new HTTPS connection (1): cp.cloudflare.com:443
15:50:36 [DEBUG] https://www.gstatic.com:443 "GET /generate_204 HTTP/1.1" 204 0
15:50:36 [DEBUG] Starting new HTTPS connection (1): www.gstatic.com:443
15:50:36 [DEBUG] https://www.gstatic.com:443 "GET /generate_204 HTTP/1.1" 204 0
15:50:36 [DEBUG] Starting new HTTPS connection (1): dl.google.com:443
15:50:37 [DEBUG] Starting new HTTPS connection (1): cp.cloudflare.com:443
15:50:37 [DEBUG] Starting new HTTPS connection (1): dl.google.com:443
15:50:37 [DEBUG] Starting new HTTPS connection (1): www.gstatic.com:443
15:50:37 [DEBUG] Starting new HTTPS connection (1): www.google.com:443
15:50:37 [DEBUG] Starting new HTTPS connection (1): www.gstatic.com:443
15:50:37 [DEBUG] https://dl.google.com:443 "GET /dl/android/studio/install/3.4.1.0/android-studio-ide-183.5522156-windows.exe HTTP/1.1" 404 1449
15:50:37 [INFO]    🎯 172.66.128.70 (XX) - 0.0Mbps, 2254ms UDP❌  []
15:50:37 [DEBUG] https://dl.google.com:443 "GET /dl/android/studio/install/3.4.1.0/android-studio-ide-183.5522156-windows.exe HTTP/1.1" 200 1017327996
15:50:38 [DEBUG] Starting new HTTPS connection (1): www.google.com:443
15:50:38 [DEBUG] https://dl.google.com:443 "GET /dl/android/studio/install/3.4.1.0/android-studio-ide-183.5522156-windows.exe HTTP/1.1" 404 1449
15:50:38 [INFO]    🎯 v1.dabache.top (XX) - 0.0Mbps, 657ms UDP✅  []
15:50:38 [DEBUG] Starting new HTTPS connection (1): www.google.com:443
15:50:38 [INFO]    🎯 172.67.153.156 (XX) - 7.0Mbps, 814ms UDP✅  []
15:50:39 [DEBUG] Starting new HTTPS connection (1): www.gstatic.com:443
15:50:39 [DEBUG] Starting new HTTPS connection (1): cp.cloudflare.com:443
15:50:39 [DEBUG] Starting new HTTPS connection (1): www.google.com:443
15:50:39 [DEBUG] Starting new HTTPS connection (1): cp.cloudflare.com:443
15:50:39 [DEBUG] Starting new HTTPS connection (1): www.google.com:443
15:50:39 [DEBUG] Starting new HTTPS connection (1): cp.cloudflare.com:443
15:50:39 [DEBUG] Starting new HTTPS connection (1): www.gstatic.com:443
15:50:39 [DEBUG] Starting new HTTPS connection (1): www.gstatic.com:443
15:50:39 [DEBUG] Starting new HTTPS connection (1): dl.google.com:443
15:50:40 [DEBUG] Starting new HTTPS connection (1): www.google.com:443
15:50:40 [DEBUG] Starting new HTTPS connection (1): cp.cloudflare.com:443
15:50:40 [DEBUG] Starting new HTTPS connection (1): www.google.com:443
15:50:40 [DEBUG] Starting new HTTPS connection (1): www.google.com:443
15:50:40 [DEBUG] Starting new HTTPS connection (1): cp.cloudflare.com:443
15:50:40 [DEBUG] Starting new HTTPS connection (1): www.gstatic.com:443
15:50:40 [DEBUG] Starting new HTTPS connection (1): www.google.com:443
15:50:40 [DEBUG] Starting new HTTPS connection (1): www.google.com:443
15:50:41 [DEBUG] Starting new HTTPS connection (1): cp.cloudflare.com:443
15:50:41 [INFO]    🎯 172.66.128.70 (XX) - 0.0Mbps, 1115ms UDP❌  []
15:50:41 [INFO]    📊 Global: 360/400 (90%) | ✅99 ❌261
15:50:41 [DEBUG] Starting new HTTPS connection (1): www.gstatic.com:443
15:50:41 [DEBUG] Starting new HTTPS connection (1): www.google.com:443
15:50:41 [DEBUG] Starting new HTTPS connection (1): cp.cloudflare.com:443
15:50:41 [DEBUG] Starting new HTTPS connection (1): www.gstatic.com:443
15:50:42 [DEBUG] Starting new HTTPS connection (1): cp.cloudflare.com:443
15:50:42 [DEBUG] Starting new HTTPS connection (1): www.google.com:443
15:50:42 [DEBUG] Starting new HTTPS connection (1): www.google.com:443
15:50:42 [DEBUG] Starting new HTTPS connection (1): cp.cloudflare.com:443
15:50:42 [DEBUG] Starting new HTTPS connection (1): www.gstatic.com:443
15:50:42 [DEBUG] Starting new HTTPS connection (1): www.gstatic.com:443
15:50:42 [DEBUG] Starting new HTTPS connection (1): cp.cloudflare.com:443
15:50:43 [DEBUG] Starting new HTTPS connection (1): cp.cloudflare.com:443
15:50:43 [DEBUG] Starting new HTTPS connection (1): www.google.com:443
15:50:43 [DEBUG] Starting new HTTPS connection (1): cp.cloudflare.com:443
15:50:43 [DEBUG] Starting new HTTPS connection (1): www.gstatic.com:443
15:50:43 [DEBUG] Starting new HTTPS connection (1): cp.cloudflare.com:443
15:50:43 [DEBUG] Starting new HTTPS connection (1): www.gstatic.com:443
15:50:43 [DEBUG] Starting new HTTPS connection (1): www.google.com:443
15:50:44 [DEBUG] Starting new HTTPS connection (1): www.gstatic.com:443
15:50:44 [DEBUG] Starting new HTTPS connection (1): www.google.com:443
15:50:44 [DEBUG] Starting new HTTPS connection (1): cp.cloudflare.com:443
15:50:44 [DEBUG] Starting new HTTPS connection (1): www.gstatic.com:443
15:50:45 [DEBUG] Starting new HTTPS connection (1): www.google.com:443
15:50:45 [DEBUG] Starting new HTTPS connection (1): www.gstatic.com:443
15:50:45 [DEBUG] Starting new HTTPS connection (1): www.gstatic.com:443
15:50:45 [DEBUG] Starting new HTTPS connection (1): cp.cloudflare.com:443
15:50:45 [DEBUG] Starting new HTTPS connection (1): www.google.com:443
15:50:46 [DEBUG] Starting new HTTPS connection (1): cp.cloudflare.com:443
15:50:46 [DEBUG] Starting new HTTPS connection (1): www.google.com:443
15:50:46 [DEBUG] Starting new HTTPS connection (1): www.gstatic.com:443
15:50:47 [DEBUG] Starting new HTTPS connection (1): cp.cloudflare.com:443
15:50:47 [DEBUG] Starting new HTTPS connection (1): www.google.com:443
15:50:48 [DEBUG] Starting new HTTPS connection (1): www.gstatic.com:443
15:50:48 [DEBUG] Starting new HTTPS connection (1): www.google.com:443
15:50:48 [DEBUG] Starting new HTTPS connection (1): cp.cloudflare.com:443
15:50:48 [DEBUG] Starting new HTTPS connection (1): www.gstatic.com:443
15:50:49 [DEBUG] Starting new HTTPS connection (1): cp.cloudflare.com:443
15:50:49 [DEBUG] Starting new HTTPS connection (1): www.google.com:443
15:50:49 [DEBUG] Starting new HTTPS connection (1): www.google.com:443
15:50:49 [DEBUG] Starting new HTTPS connection (1): www.gstatic.com:443
15:50:49 [DEBUG] Starting new HTTPS connection (1): cp.cloudflare.com:443
15:50:50 [DEBUG] Starting new HTTPS connection (1): www.google.com:443
15:50:50 [DEBUG] Starting new HTTPS connection (1): cp.cloudflare.com:443
15:50:50 [DEBUG] Starting new HTTPS connection (1): www.gstatic.com:443
15:50:50 [DEBUG] Starting new HTTPS connection (1): cp.cloudflare.com:443
15:50:50 [DEBUG] Starting new HTTPS connection (1): www.gstatic.com:443
15:50:51 [DEBUG] Starting new HTTPS connection (1): www.google.com:443
15:50:51 [DEBUG] Starting new HTTPS connection (1): cp.cloudflare.com:443
15:50:51 [DEBUG] Starting new HTTPS connection (1): www.gstatic.com:443
15:50:51 [DEBUG] Starting new HTTPS connection (1): cp.cloudflare.com:443
15:50:51 [DEBUG] Starting new HTTPS connection (1): www.gstatic.com:443
15:50:51 [DEBUG] Starting new HTTPS connection (1): www.google.com:443
15:50:51 [DEBUG] Starting new HTTPS connection (1): cp.cloudflare.com:443
15:50:51 [DEBUG] Starting new HTTPS connection (1): www.gstatic.com:443
15:50:51 [DEBUG] Starting new HTTPS connection (1): cp.cloudflare.com:443
15:50:52 [DEBUG] Starting new HTTPS connection (1): www.gstatic.com:443
15:50:52 [DEBUG] Starting new HTTPS connection (1): www.google.com:443
15:50:52 [DEBUG] Starting new HTTPS connection (1): cp.cloudflare.com:443
15:50:52 [DEBUG] Starting new HTTPS connection (1): www.gstatic.com:443
15:50:52 [DEBUG] Starting new HTTPS connection (1): www.gstatic.com:443
15:50:52 [DEBUG] Starting new HTTPS connection (1): www.google.com:443
15:50:52 [DEBUG] Starting new HTTPS connection (1): cp.cloudflare.com:443
15:50:52 [DEBUG] Starting new HTTPS connection (1): www.gstatic.com:443
15:50:52 [DEBUG] Starting new HTTPS connection (1): www.google.com:443
15:50:52 [DEBUG] Starting new HTTPS connection (1): cp.cloudflare.com:443
15:50:52 [DEBUG] Starting new HTTPS connection (1): www.google.com:443
15:50:52 [DEBUG] Starting new HTTPS connection (1): www.gstatic.com:443
15:50:53 [DEBUG] Starting new HTTPS connection (1): www.google.com:443
15:50:53 [DEBUG] Starting new HTTPS connection (1): www.gstatic.com:443
15:50:53 [DEBUG] Starting new HTTPS connection (1): www.google.com:443
15:50:53 [DEBUG] Starting new HTTPS connection (1): www.gstatic.com:443
15:50:53 [DEBUG] Starting new HTTPS connection (1): cp.cloudflare.com:443
15:50:53 [DEBUG] Starting new HTTPS connection (1): www.gstatic.com:443
15:50:54 [DEBUG] Starting new HTTPS connection (1): www.google.com:443
15:50:54 [DEBUG] Starting new HTTPS connection (1): www.google.com:443
15:50:54 [DEBUG] Starting new HTTPS connection (1): www.google.com:443
15:50:55 [DEBUG] Starting new HTTPS connection (1): www.google.com:443
15:50:55 [DEBUG] Starting new HTTPS connection (1): www.google.com:443
15:50:55 [DEBUG] Starting new HTTPS connection (1): cp.cloudflare.com:443
15:50:55 [DEBUG] Starting new HTTPS connection (1): cp.cloudflare.com:443
15:50:55 [DEBUG] Starting new HTTPS connection (1): www.google.com:443
15:50:56 [DEBUG] Starting new HTTPS connection (1): cp.cloudflare.com:443
15:50:56 [DEBUG] Starting new HTTPS connection (1): cp.cloudflare.com:443
15:50:57 [DEBUG] Starting new HTTPS connection (1): cp.cloudflare.com:443
15:50:57 [DEBUG] Starting new HTTPS connection (1): www.google.com:443
15:50:57 [DEBUG] Starting new HTTPS connection (1): cp.cloudflare.com:443
15:50:57 [DEBUG] Starting new HTTPS connection (1): www.google.com:443
15:50:57 [DEBUG] Starting new HTTPS connection (1): cp.cloudflare.com:443
15:50:57 [DEBUG] Starting new HTTPS connection (1): www.gstatic.com:443
15:50:57 [DEBUG] Starting new HTTPS connection (1): www.gstatic.com:443
15:50:58 [DEBUG] Starting new HTTPS connection (1): cp.cloudflare.com:443
15:50:58 [DEBUG] Starting new HTTPS connection (1): www.gstatic.com:443
15:50:58 [DEBUG] Starting new HTTPS connection (1): www.gstatic.com:443
15:50:59 [DEBUG] Starting new HTTPS connection (1): www.gstatic.com:443
15:50:59 [DEBUG] Starting new HTTPS connection (1): cp.cloudflare.com:443
15:50:59 [DEBUG] Starting new HTTPS connection (1): www.gstatic.com:443
15:50:59 [DEBUG] Starting new HTTPS connection (1): cp.cloudflare.com:443
15:50:59 [DEBUG] Starting new HTTPS connection (1): www.gstatic.com:443
15:51:00 [DEBUG] Starting new HTTPS connection (1): www.gstatic.com:443
15:51:01 [DEBUG] Starting new HTTPS connection (1): www.gstatic.com:443
15:51:01 [DEBUG] Starting new HTTPS connection (1): www.google.com:443
15:51:01 [DEBUG] Starting new HTTPS connection (1): www.gstatic.com:443
15:51:01 [DEBUG] Starting new HTTPS connection (1): www.google.com:443
15:51:03 [DEBUG] Starting new HTTPS connection (1): cp.cloudflare.com:443
15:51:03 [DEBUG] Starting new HTTPS connection (1): cp.cloudflare.com:443
15:51:05 [DEBUG] Starting new HTTPS connection (1): www.gstatic.com:443
15:51:05 [DEBUG] Starting new HTTPS connection (1): www.gstatic.com:443
15:51:08 [INFO]    📊 Global: 400/400 (100%) | ✅99 ❌301
15:51:09 [DEBUG] Starting new HTTPS connection (1): www.google.com:443
15:51:09 [DEBUG] Starting new HTTPS connection (1): www.google.com:443
15:51:09 [DEBUG] Starting new HTTPS connection (1): www.google.com:443
15:51:09 [DEBUG] Starting new HTTPS connection (1): www.google.com:443
15:51:09 [DEBUG] Starting new HTTPS connection (1): www.google.com:443
15:51:09 [DEBUG] Starting new HTTPS connection (1): www.google.com:443
15:51:09 [DEBUG] Starting new HTTPS connection (1): www.google.com:443
15:51:09 [DEBUG] Starting new HTTPS connection (1): www.google.com:443
15:51:09 [DEBUG] Starting new HTTPS connection (1): www.google.com:443
15:51:09 [DEBUG] Starting new HTTPS connection (1): www.google.com:443
15:51:09 [DEBUG] https://www.google.com:443 "GET /generate_204 HTTP/1.1" 204 0
15:51:09 [DEBUG] Starting new HTTPS connection (1): cp.cloudflare.com:443
15:51:09 [DEBUG] https://www.google.com:443 "GET /generate_204 HTTP/1.1" 204 0
15:51:09 [DEBUG] Starting new HTTPS connection (1): cp.cloudflare.com:443
15:51:09 [DEBUG] https://www.google.com:443 "GET /generate_204 HTTP/1.1" 204 0
15:51:09 [DEBUG] Starting new HTTPS connection (1): cp.cloudflare.com:443
15:51:09 [DEBUG] https://www.google.com:443 "GET /generate_204 HTTP/1.1" 204 0
15:51:09 [DEBUG] Starting new HTTPS connection (1): cp.cloudflare.com:443
15:51:09 [DEBUG] https://www.google.com:443 "GET /generate_204 HTTP/1.1" 204 0
15:51:09 [DEBUG] Starting new HTTPS connection (1): cp.cloudflare.com:443
15:51:09 [DEBUG] https://cp.cloudflare.com:443 "GET / HTTP/1.1" 204 0
15:51:09 [DEBUG] Starting new HTTPS connection (1): www.gstatic.com:443
15:51:10 [DEBUG] https://cp.cloudflare.com:443 "GET / HTTP/1.1" 204 0
15:51:10 [DEBUG] Starting new HTTPS connection (1): www.gstatic.com:443
15:51:10 [DEBUG] https://cp.cloudflare.com:443 "GET / HTTP/1.1" 204 0
15:51:10 [DEBUG] https://cp.cloudflare.com:443 "GET / HTTP/1.1" 204 0
15:51:10 [DEBUG] Starting new HTTPS connection (1): www.gstatic.com:443
15:51:10 [DEBUG] Starting new HTTPS connection (1): www.gstatic.com:443
15:51:10 [DEBUG] https://cp.cloudflare.com:443 "GET / HTTP/1.1" 204 0
15:51:10 [DEBUG] Starting new HTTPS connection (1): www.gstatic.com:443
15:51:10 [DEBUG] https://www.gstatic.com:443 "GET /generate_204 HTTP/1.1" 204 0
15:51:10 [DEBUG] https://www.google.com:443 "GET /generate_204 HTTP/1.1" 204 0
15:51:10 [DEBUG] Starting new HTTPS connection (1): cp.cloudflare.com:443
15:51:10 [DEBUG] https://www.gstatic.com:443 "GET /generate_204 HTTP/1.1" 204 0
15:51:10 [DEBUG] Starting new HTTPS connection (1): dl.google.com:443
15:51:10 [DEBUG] https://www.gstatic.com:443 "GET /generate_204 HTTP/1.1" 204 0
15:51:10 [DEBUG] https://www.gstatic.com:443 "GET /generate_204 HTTP/1.1" 204 0
15:51:10 [DEBUG] https://www.gstatic.com:443 "GET /generate_204 HTTP/1.1" 204 0
15:51:10 [DEBUG] https://www.google.com:443 "GET /generate_204 HTTP/1.1" 204 0
15:51:10 [DEBUG] Starting new HTTPS connection (1): cp.cloudflare.com:443
15:51:10 [DEBUG] Starting new HTTPS connection (1): dl.google.com:443
15:51:10 [DEBUG] Starting new HTTPS connection (1): dl.google.com:443
15:51:10 [DEBUG] Starting new HTTPS connection (1): dl.google.com:443
15:51:10 [DEBUG] Starting new HTTPS connection (1): dl.google.com:443
15:51:10 [DEBUG] https://dl.google.com:443 "GET /dl/android/studio/install/3.4.1.0/android-studio-ide-183.5522156-windows.exe HTTP/1.1" 200 1017327996
15:51:11 [DEBUG] https://dl.google.com:443 "GET /dl/android/studio/install/3.4.1.0/android-studio-ide-183.5522156-windows.exe HTTP/1.1" 200 1017327996
15:51:11 [DEBUG] https://dl.google.com:443 "GET /dl/android/studio/install/3.4.1.0/android-studio-ide-183.5522156-windows.exe HTTP/1.1" 200 1017327996
15:51:11 [DEBUG] https://www.google.com:443 "GET /generate_204 HTTP/1.1" 204 0
15:51:11 [DEBUG] Starting new HTTPS connection (1): cp.cloudflare.com:443
15:51:11 [DEBUG] https://dl.google.com:443 "GET /dl/android/studio/install/3.4.1.0/android-studio-ide-183.5522156-windows.exe HTTP/1.1" 200 1017327996
15:51:11 [DEBUG] https://dl.google.com:443 "GET /dl/android/studio/install/3.4.1.0/android-studio-ide-183.5522156-windows.exe HTTP/1.1" 200 1017327996
15:51:11 [INFO]    🎯 178.154.224.33 (Россия) - 17.9Mbps, 427ms UDP✅ Reality [ads.x5.ru]
15:51:11 [INFO]    🎯 109.120.191.40 (Россия) - 16.9Mbps, 461ms UDP✅ Reality [sun6-22.userapi.com]
15:51:11 [INFO]    🎯 5.188.143.178 (Россия) - 16.0Mbps, 463ms UDP✅ Reality [yandex.ru]
15:51:11 [INFO]    🎯 109.120.188.206 (Россия) - 14.9Mbps, 463ms UDP✅ Reality [api-maps.yandex.ru]
15:51:11 [DEBUG] https://www.google.com:443 "GET /generate_204 HTTP/1.1" 204 0
15:51:11 [DEBUG] Starting new HTTPS connection (1): cp.cloudflare.com:443
15:51:12 [DEBUG] https://cp.cloudflare.com:443 "GET / HTTP/1.1" 204 0
15:51:12 [DEBUG] Starting new HTTPS connection (1): www.gstatic.com:443
15:51:12 [DEBUG] Starting new HTTPS connection (1): www.google.com:443
15:51:12 [DEBUG] Starting new HTTPS connection (1): www.google.com:443
15:51:12 [DEBUG] Starting new HTTPS connection (1): www.google.com:443
15:51:13 [DEBUG] Starting new HTTPS connection (1): www.google.com:443
15:51:13 [DEBUG] https://www.google.com:443 "GET /generate_204 HTTP/1.1" 204 0
15:51:13 [DEBUG] Starting new HTTPS connection (1): cp.cloudflare.com:443
15:51:13 [DEBUG] https://cp.cloudflare.com:443 "GET / HTTP/1.1" 204 0
15:51:13 [DEBUG] Starting new HTTPS connection (1): www.gstatic.com:443
15:51:13 [DEBUG] https://cp.cloudflare.com:443 "GET / HTTP/1.1" 204 0
15:51:13 [DEBUG] Starting new HTTPS connection (1): www.gstatic.com:443
15:51:14 [DEBUG] https://cp.cloudflare.com:443 "GET / HTTP/1.1" 204 0
15:51:14 [DEBUG] Starting new HTTPS connection (1): www.gstatic.com:443
15:51:14 [DEBUG] https://www.google.com:443 "GET /generate_204 HTTP/1.1" 204 0
15:51:14 [DEBUG] Starting new HTTPS connection (1): cp.cloudflare.com:443
15:51:14 [DEBUG] Starting new HTTPS connection (1): cp.cloudflare.com:443
15:51:14 [DEBUG] https://www.google.com:443 "GET /generate_204 HTTP/1.1" 204 0
15:51:14 [DEBUG] Starting new HTTPS connection (1): cp.cloudflare.com:443
15:51:14 [DEBUG] https://www.gstatic.com:443 "GET /generate_204 HTTP/1.1" 204 0
15:51:14 [DEBUG] https://www.gstatic.com:443 "GET /generate_204 HTTP/1.1" 204 0
15:51:15 [DEBUG] Starting new HTTPS connection (1): dl.google.com:443
15:51:15 [DEBUG] https://cp.cloudflare.com:443 "GET / HTTP/1.1" 204 0
15:51:15 [DEBUG] Starting new HTTPS connection (1): www.gstatic.com:443
15:51:15 [DEBUG] https://www.gstatic.com:443 "GET /generate_204 HTTP/1.1" 204 0
15:51:15 [DEBUG] Starting new HTTPS connection (1): www.gstatic.com:443
15:51:15 [DEBUG] https://cp.cloudflare.com:443 "GET / HTTP/1.1" 204 0
15:51:15 [DEBUG] Starting new HTTPS connection (1): www.gstatic.com:443
15:51:15 [DEBUG] https://dl.google.com:443 "GET /dl/android/studio/install/3.4.1.0/android-studio-ide-183.5522156-windows.exe HTTP/1.1" 200 1017327996
15:51:15 [DEBUG] https://www.gstatic.com:443 "GET /generate_204 HTTP/1.1" 204 0
15:51:15 [DEBUG] https://www.gstatic.com:443 "GET /generate_204 HTTP/1.1" 204 0
15:51:15 [INFO]    🎯 109.120.188.14 (Россия) - 15.9Mbps, 546ms UDP✅ Reality [ads.x5.ru]
15:51:16 [DEBUG] Starting new HTTPS connection (1): dl.google.com:443
15:51:16 [DEBUG] https://www.gstatic.com:443 "GET /generate_204 HTTP/1.1" 204 0
15:51:16 [DEBUG] Starting new HTTPS connection (1): dl.google.com:443
15:51:16 [DEBUG] https://www.gstatic.com:443 "GET /generate_204 HTTP/1.1" 204 0
15:51:16 [DEBUG] https://cp.cloudflare.com:443 "GET / HTTP/1.1" 204 0
15:51:16 [DEBUG] Starting new HTTPS connection (1): www.gstatic.com:443
15:51:17 [DEBUG] Starting new HTTPS connection (1): www.google.com:443
15:51:17 [DEBUG] Starting new HTTPS connection (1): dl.google.com:443
15:51:17 [DEBUG] Starting new HTTPS connection (1): dl.google.com:443
15:51:17 [DEBUG] https://www.google.com:443 "GET /generate_204 HTTP/1.1" 204 0
15:51:17 [DEBUG] Starting new HTTPS connection (1): cp.cloudflare.com:443
15:51:17 [DEBUG] https://dl.google.com:443 "GET /dl/android/studio/install/3.4.1.0/android-studio-ide-183.5522156-windows.exe HTTP/1.1" 200 1017327996
15:51:17 [DEBUG] https://cp.cloudflare.com:443 "GET / HTTP/1.1" 204 0
15:51:17 [DEBUG] Starting new HTTPS connection (1): www.gstatic.com:443
15:51:17 [DEBUG] Starting new HTTPS connection (1): cp.cloudflare.com:443
15:51:18 [DEBUG] Starting new HTTPS connection (1): dl.google.com:443
15:51:18 [DEBUG] https://www.gstatic.com:443 "GET /generate_204 HTTP/1.1" 204 0
15:51:18 [DEBUG] https://dl.google.com:443 "GET /dl/android/studio/install/3.4.1.0/android-studio-ide-183.5522156-windows.exe HTTP/1.1" 200 1017327996
15:51:18 [INFO]    🎯 109.120.188.227 (Россия) - 9.4Mbps, 1186ms UDP✅ Reality [ads.x5.ru]
15:51:18 [DEBUG] Starting new HTTPS connection (1): dl.google.com:443
15:51:19 [DEBUG] Starting new HTTPS connection (1): www.gstatic.com:443
15:51:19 [DEBUG] Starting new HTTPS connection (1): www.google.com:443
15:51:19 [DEBUG] https://dl.google.com:443 "GET /dl/android/studio/install/3.4.1.0/android-studio-ide-183.5522156-windows.exe HTTP/1.1" 200 1017327996
15:51:20 [DEBUG] https://dl.google.com:443 "GET /dl/android/studio/install/3.4.1.0/android-studio-ide-183.5522156-windows.exe HTTP/1.1" 200 1017327996
15:51:20 [INFO]    🎯 5.188.141.69 (Россия) - 4.2Mbps, 1823ms UDP✅ Reality [ads.x5.ru]
15:51:20 [INFO]    🎯 178.154.252.255 (Россия) - 1.3Mbps, 359ms UDP✅ Reality [eh.vk.com]
15:51:20 [INFO]    📊 Whitelist: 8/80 (10%) | ✅8 ❌0
15:51:20 [INFO]    🎯 5.188.140.115 (Россия) - 4.7Mbps, 2213ms UDP✅ Reality [ads.x5.ru]
15:51:20 [DEBUG] https://www.gstatic.com:443 "GET /generate_204 HTTP/1.1" 204 0
15:51:21 [DEBUG] Starting new HTTPS connection (1): dl.google.com:443
15:51:21 [DEBUG] Starting new HTTPS connection (1): www.google.com:443
15:51:21 [DEBUG] https://dl.google.com:443 "GET /dl/android/studio/install/3.4.1.0/android-studio-ide-183.5522156-windows.exe HTTP/1.1" 200 1017327996
15:51:21 [DEBUG] Starting new HTTPS connection (1): www.google.com:443
15:51:21 [INFO]    🎯 109.120.188.166 (Россия) - 20.5Mbps, 326ms UDP❌ Reality [ads.x5.ru]
15:51:21 [DEBUG] https://www.google.com:443 "GET /generate_204 HTTP/1.1" 204 0
15:51:21 [DEBUG] Starting new HTTPS connection (1): cp.cloudflare.com:443
15:51:21 [DEBUG] https://www.google.com:443 "GET /generate_204 HTTP/1.1" 204 0
15:51:21 [DEBUG] Starting new HTTPS connection (1): cp.cloudflare.com:443
15:51:22 [DEBUG] Starting new HTTPS connection (1): www.google.com:443
15:51:22 [INFO]    🎯 195.209.67.124 (Россия) - 0.0Mbps, 2065ms UDP✅  []
15:51:22 [DEBUG] https://cp.cloudflare.com:443 "GET / HTTP/1.1" 204 0
15:51:22 [DEBUG] Starting new HTTPS connection (1): www.gstatic.com:443
15:51:22 [DEBUG] Starting new HTTPS connection (1): dl.google.com:443
15:51:22 [DEBUG] https://www.google.com:443 "GET /generate_204 HTTP/1.1" 204 0
15:51:22 [DEBUG] Starting new HTTPS connection (1): cp.cloudflare.com:443
15:51:22 [DEBUG] https://www.gstatic.com:443 "GET /generate_204 HTTP/1.1" 204 0
15:51:22 [DEBUG] Starting new HTTPS connection (1): www.google.com:443
15:51:23 [DEBUG] Starting new HTTPS connection (1): dl.google.com:443
15:51:23 [DEBUG] https://www.google.com:443 "GET /generate_204 HTTP/1.1" 204 0
15:51:23 [DEBUG] Starting new HTTPS connection (1): cp.cloudflare.com:443
15:51:23 [DEBUG] Starting new HTTPS connection (1): www.google.com:443
15:51:23 [DEBUG] https://dl.google.com:443 "GET /dl/android/studio/install/3.4.1.0/android-studio-ide-183.5522156-windows.exe HTTP/1.1" 200 1017327996
15:51:23 [DEBUG] https://cp.cloudflare.com:443 "GET / HTTP/1.1" 204 0
15:51:23 [DEBUG] Starting new HTTPS connection (1): www.gstatic.com:443
15:51:23 [DEBUG] https://cp.cloudflare.com:443 "GET / HTTP/1.1" 204 0
15:51:23 [DEBUG] Starting new HTTPS connection (1): www.gstatic.com:443
15:51:23 [DEBUG] https://dl.google.com:443 "GET /dl/android/studio/install/3.4.1.0/android-studio-ide-183.5522156-windows.exe HTTP/1.1" 200 1017327996
15:51:23 [DEBUG] https://www.gstatic.com:443 "GET /generate_204 HTTP/1.1" 204 0
15:51:24 [DEBUG] https://cp.cloudflare.com:443 "GET / HTTP/1.1" 204 0
15:51:24 [DEBUG] Starting new HTTPS connection (1): www.gstatic.com:443
15:51:24 [DEBUG] Starting new HTTPS connection (1): dl.google.com:443
15:51:24 [INFO]    🎯 51.250.83.167 (Россия) - 9.0Mbps, 446ms UDP✅ Reality [ads.x5.ru]
15:51:24 [DEBUG] https://www.gstatic.com:443 "GET /generate_204 HTTP/1.1" 204 0
15:51:24 [DEBUG] https://dl.google.com:443 "GET /dl/android/studio/install/3.4.1.0/android-studio-ide-183.5522156-windows.exe HTTP/1.1" 200 1017327996
15:51:24 [DEBUG] https://www.gstatic.com:443 "GET /generate_204 HTTP/1.1" 204 0
15:51:24 [DEBUG] https://www.google.com:443 "GET /generate_204 HTTP/1.1" 204 0
15:51:24 [DEBUG] Starting new HTTPS connection (1): cp.cloudflare.com:443
15:51:24 [INFO]    🎯 109.120.191.63 (Россия) - 0.0Mbps, 771ms UDP❌ Reality [eh.vk.com]
15:51:24 [DEBUG] Starting new HTTPS connection (1): cp.cloudflare.com:443
15:51:24 [INFO]    🎯 89.208.230.52 (Россия) - 16.3Mbps, 360ms UDP✅ Reality [eh.vk.com]
15:51:24 [DEBUG] Starting new HTTPS connection (1): dl.google.com:443
15:51:25 [DEBUG] https://www.gstatic.com:443 "GET /generate_204 HTTP/1.1" 204 0
15:51:25 [DEBUG] Starting new HTTPS connection (1): www.google.com:443
15:51:25 [DEBUG] Starting new HTTPS connection (1): www.google.com:443
15:51:25 [DEBUG] https://cp.cloudflare.com:443 "GET / HTTP/1.1" 204 0
15:51:25 [DEBUG] Starting new HTTPS connection (1): www.gstatic.com:443
15:51:26 [DEBUG] Starting new HTTPS connection (1): www.google.com:443
15:51:26 [DEBUG] https://www.google.com:443 "GET /generate_204 HTTP/1.1" 204 0
15:51:26 [DEBUG] Starting new HTTPS connection (1): cp.cloudflare.com:443
15:51:26 [DEBUG] https://dl.google.com:443 "GET /dl/android/studio/install/3.4.1.0/android-studio-ide-183.5522156-windows.exe HTTP/1.1" 200 1017327996
15:51:26 [DEBUG] https://www.google.com:443 "GET /generate_204 HTTP/1.1" 204 0
15:51:26 [DEBUG] Starting new HTTPS connection (1): cp.cloudflare.com:443
15:51:26 [DEBUG] Starting new HTTPS connection (1): www.google.com:443
15:51:26 [DEBUG] https://cp.cloudflare.com:443 "GET / HTTP/1.1" 204 0
15:51:26 [DEBUG] Starting new HTTPS connection (1): www.gstatic.com:443
15:51:26 [DEBUG] https://cp.cloudflare.com:443 "GET / HTTP/1.1" 204 0
15:51:26 [DEBUG] Starting new HTTPS connection (1): www.gstatic.com:443
15:51:26 [DEBUG] https://www.gstatic.com:443 "GET /generate_204 HTTP/1.1" 204 0
15:51:26 [DEBUG] Starting new HTTPS connection (1): dl.google.com:443
15:51:26 [DEBUG] https://www.google.com:443 "GET /generate_204 HTTP/1.1" 204 0
15:51:26 [DEBUG] Starting new HTTPS connection (1): cp.cloudflare.com:443
15:51:26 [DEBUG] https://www.gstatic.com:443 "GET /generate_204 HTTP/1.1" 204 0
15:51:26 [INFO]    🎯 178.250.243.98 (Россия) - 7.1Mbps, 926ms UDP✅ Reality [eh.vk.com]
15:51:26 [INFO]    📊 Whitelist: 16/80 (20%) | ✅15 ❌1
15:51:26 [DEBUG] Starting new HTTPS connection (1): dl.google.com:443
15:51:27 [DEBUG] https://www.gstatic.com:443 "GET /generate_204 HTTP/1.1" 204 0
15:51:27 [DEBUG] https://dl.google.com:443 "GET /dl/android/studio/install/3.4.1.0/android-studio-ide-183.5522156-windows.exe HTTP/1.1" 200 1017327996
15:51:27 [DEBUG] Starting new HTTPS connection (1): dl.google.com:443
15:51:27 [DEBUG] https://www.google.com:443 "GET /generate_204 HTTP/1.1" 204 0
15:51:27 [DEBUG] Starting new HTTPS connection (1): cp.cloudflare.com:443
15:51:27 [DEBUG] Starting new HTTPS connection (1): dl.google.com:443
15:51:27 [DEBUG] https://cp.cloudflare.com:443 "GET / HTTP/1.1" 204 0
15:51:27 [DEBUG] https://dl.google.com:443 "GET /dl/android/studio/install/3.4.1.0/android-studio-ide-183.5522156-windows.exe HTTP/1.1" 200 1017327996
15:51:27 [DEBUG] Starting new HTTPS connection (1): www.gstatic.com:443
15:51:27 [DEBUG] https://dl.google.com:443 "GET /dl/android/studio/install/3.4.1.0/android-studio-ide-183.5522156-windows.exe HTTP/1.1" 200 1017327996
15:51:27 [DEBUG] Starting new HTTPS connection (1): www.google.com:443
15:51:28 [DEBUG] https://www.gstatic.com:443 "GET /generate_204 HTTP/1.1" 204 0
15:51:28 [DEBUG] Starting new HTTPS connection (1): dl.google.com:443
15:51:28 [INFO]    🎯 87.239.111.227 (Россия) - 8.4Mbps, 288ms UDP✅ Reality [m.vk.ru]
15:51:28 [INFO]    🎯 178.250.243.102 (Россия) - 14.7Mbps, 1294ms UDP✅ Reality [eh.vk.com]
15:51:28 [DEBUG] https://www.google.com:443 "GET /generate_204 HTTP/1.1" 204 0
15:51:28 [DEBUG] Starting new HTTPS connection (1): cp.cloudflare.com:443
15:51:28 [DEBUG] https://dl.google.com:443 "GET /dl/android/studio/install/3.4.1.0/android-studio-ide-183.5522156-windows.exe HTTP/1.1" 200 1017327996
15:51:28 [INFO]    🎯 5.188.141.138 (Россия) - 2.0Mbps, 3388ms UDP✅ Reality [ads.x5.ru]
15:51:28 [INFO]    🎯 95.163.210.176 (Россия) - 6.6Mbps, 350ms UDP✅ Reality [api-maps.yandex.ru]
15:51:29 [INFO]    🎯 217.16.27.216 (Россия) - 1.0Mbps, 1127ms UDP✅  []
15:51:29 [DEBUG] Starting new HTTPS connection (1): www.google.com:443
15:51:29 [DEBUG] Starting new HTTPS connection (1): www.google.com:443
15:51:29 [DEBUG] https://cp.cloudflare.com:443 "GET / HTTP/1.1" 204 0
15:51:29 [DEBUG] Starting new HTTPS connection (1): www.gstatic.com:443
15:51:29 [DEBUG] Starting new HTTPS connection (1): www.gstatic.com:443
15:51:29 [DEBUG] Starting new HTTPS connection (1): www.google.com:443
15:51:30 [DEBUG] Starting new HTTPS connection (1): www.google.com:443
15:51:30 [DEBUG] https://www.gstatic.com:443 "GET /generate_204 HTTP/1.1" 204 0
15:51:30 [DEBUG] Starting new HTTPS connection (1): www.google.com:443
15:51:30 [DEBUG] https://www.google.com:443 "GET /generate_204 HTTP/1.1" 204 0
15:51:30 [DEBUG] Starting new HTTPS connection (1): cp.cloudflare.com:443
15:51:30 [DEBUG] Starting new HTTPS connection (1): dl.google.com:443
15:51:30 [DEBUG] https://dl.google.com:443 "GET /dl/android/studio/install/3.4.1.0/android-studio-ide-183.5522156-windows.exe HTTP/1.1" 200 1017327996
15:51:30 [DEBUG] https://cp.cloudflare.com:443 "GET / HTTP/1.1" 204 0
15:51:30 [DEBUG] Starting new HTTPS connection (1): www.gstatic.com:443
15:51:30 [DEBUG] https://www.google.com:443 "GET /generate_204 HTTP/1.1" 204 0
15:51:30 [DEBUG] Starting new HTTPS connection (1): cp.cloudflare.com:443
15:51:31 [DEBUG] https://dl.google.com:443 "GET /dl/android/studio/install/3.4.1.0/android-studio-ide-183.5522156-windows.exe HTTP/1.1" 200 1017327996
15:51:31 [DEBUG] https://www.gstatic.com:443 "GET /generate_204 HTTP/1.1" 204 0
15:51:31 [INFO]    🎯 217.16.16.52 (Россия) - 3.5Mbps, 1236ms UDP✅ Reality [www.vk.com]
15:51:31 [INFO]    🎯 84.201.159.179 (Россия) - 14.8Mbps, 786ms UDP✅ Reality [eh.vk.com]
15:51:31 [DEBUG] Starting new HTTPS connection (1): dl.google.com:443
15:51:31 [DEBUG] Starting new HTTPS connection (1): www.gstatic.com:443
15:51:31 [DEBUG] https://dl.google.com:443 "GET /dl/android/studio/install/3.4.1.0/android-studio-ide-183.5522156-windows.exe HTTP/1.1" 200 1017327996
15:51:32 [DEBUG] https://www.gstatic.com:443 "GET /generate_204 HTTP/1.1" 204 0
15:51:32 [DEBUG] https://cp.cloudflare.com:443 "GET / HTTP/1.1" 204 0
15:51:32 [DEBUG] Starting new HTTPS connection (1): www.gstatic.com:443
15:51:32 [DEBUG] Starting new HTTPS connection (1): www.google.com:443
15:51:32 [DEBUG] Starting new HTTPS connection (1): www.google.com:443
15:51:32 [DEBUG] https://www.google.com:443 "GET /generate_204 HTTP/1.1" 204 0
15:51:32 [DEBUG] Starting new HTTPS connection (1): cp.cloudflare.com:443
15:51:33 [DEBUG] https://www.gstatic.com:443 "GET /generate_204 HTTP/1.1" 204 0
15:51:34 [DEBUG] https://www.google.com:443 "GET /generate_204 HTTP/1.1" 204 0
15:51:34 [DEBUG] Starting new HTTPS connection (1): cp.cloudflare.com:443
15:51:34 [DEBUG] Starting new HTTPS connection (1): cp.cloudflare.com:443
15:51:34 [DEBUG] Starting new HTTPS connection (1): dl.google.com:443
15:51:34 [DEBUG] Starting new HTTPS connection (1): cp.cloudflare.com:443
15:51:34 [DEBUG] https://cp.cloudflare.com:443 "GET / HTTP/1.1" 204 0
15:51:34 [DEBUG] Starting new HTTPS connection (1): www.gstatic.com:443
15:51:34 [DEBUG] https://cp.cloudflare.com:443 "GET / HTTP/1.1" 204 0
15:51:34 [DEBUG] Starting new HTTPS connection (1): www.gstatic.com:443
15:51:34 [INFO]    📊 Whitelist: 24/80 (30%) | ✅22 ❌2
15:51:35 [DEBUG] https://cp.cloudflare.com:443 "GET / HTTP/1.1" 204 0
15:51:35 [DEBUG] Starting new HTTPS connection (1): www.gstatic.com:443
15:51:35 [DEBUG] Starting new HTTPS connection (1): dl.google.com:443
15:51:35 [DEBUG] https://www.gstatic.com:443 "GET /generate_204 HTTP/1.1" 204 0
15:51:35 [INFO]    🎯 178.154.223.188 (Россия) - 1.8Mbps, 662ms UDP✅ Reality [sso.passport.yandex.]
15:51:35 [DEBUG] https://www.gstatic.com:443 "GET /generate_204 HTTP/1.1" 204 0
15:51:35 [DEBUG] Starting new HTTPS connection (1): dl.google.com:443
15:51:35 [DEBUG] https://cp.cloudflare.com:443 "GET / HTTP/1.1" 204 0
15:51:35 [DEBUG] Starting new HTTPS connection (1): www.gstatic.com:443
15:51:35 [DEBUG] Starting new HTTPS connection (1): dl.google.com:443
15:51:35 [DEBUG] https://dl.google.com:443 "GET /dl/android/studio/install/3.4.1.0/android-studio-ide-183.5522156-windows.exe HTTP/1.1" 200 1017327996
15:51:35 [DEBUG] https://www.gstatic.com:443 "GET /generate_204 HTTP/1.1" 204 0
15:51:35 [INFO]    🎯 178.154.230.75 (Россия) - 8.9Mbps, 975ms UDP✅ Reality [max.ru]
15:51:36 [DEBUG] Starting new HTTPS connection (1): www.google.com:443
15:51:36 [DEBUG] https://dl.google.com:443 "GET /dl/android/studio/install/3.4.1.0/android-studio-ide-183.5522156-windows.exe HTTP/1.1" 200 1017327996
15:51:36 [DEBUG] Starting new HTTPS connection (1): dl.google.com:443
15:51:36 [DEBUG] https://dl.google.com:443 "GET /dl/android/studio/install/3.4.1.0/android-studio-ide-183.5522156-windows.exe HTTP/1.1" 200 1017327996
15:51:36 [DEBUG] Starting new HTTPS connection (1): www.google.com:443
15:51:36 [INFO]    🎯 84.201.165.58 (Россия) - 12.7Mbps, 877ms UDP✅ Reality [io.ozone.ru]
15:51:36 [DEBUG] https://www.google.com:443 "GET /generate_204 HTTP/1.1" 204 0
15:51:36 [DEBUG] Starting new HTTPS connection (1): cp.cloudflare.com:443
15:51:37 [INFO]    🎯 51.250.65.209 (Россия) - 7.8Mbps, 320ms UDP✅ Reality [ads.x5.ru]
15:51:37 [DEBUG] Starting new HTTPS connection (1): www.google.com:443
15:51:37 [DEBUG] https://cp.cloudflare.com:443 "GET / HTTP/1.1" 204 0
15:51:37 [DEBUG] Starting new HTTPS connection (1): www.gstatic.com:443
15:51:37 [DEBUG] https://dl.google.com:443 "GET /dl/android/studio/install/3.4.1.0/android-studio-ide-183.5522156-windows.exe HTTP/1.1" 200 1017327996
15:51:37 [DEBUG] https://www.gstatic.com:443 "GET /generate_204 HTTP/1.1" 204 0
15:51:37 [DEBUG] https://www.google.com:443 "GET /generate_204 HTTP/1.1" 204 0
15:51:37 [DEBUG] Starting new HTTPS connection (1): cp.cloudflare.com:443
15:51:37 [DEBUG] Starting new HTTPS connection (1): cp.cloudflare.com:443
15:51:37 [DEBUG] https://www.gstatic.com:443 "GET /generate_204 HTTP/1.1" 204 0
15:51:37 [DEBUG] Starting new HTTPS connection (1): www.google.com:443
15:51:38 [DEBUG] https://dl.google.com:443 "GET /dl/android/studio/install/3.4.1.0/android-studio-ide-183.5522156-windows.exe HTTP/1.1" 200 1017327996
15:51:38 [DEBUG] https://cp.cloudflare.com:443 "GET / HTTP/1.1" 204 0
15:51:38 [DEBUG] Starting new HTTPS connection (1): www.gstatic.com:443
15:51:38 [DEBUG] https://www.google.com:443 "GET /generate_204 HTTP/1.1" 204 0
15:51:38 [DEBUG] Starting new HTTPS connection (1): cp.cloudflare.com:443
15:51:38 [DEBUG] Starting new HTTPS connection (1): www.google.com:443
15:51:38 [INFO]    🎯 178.154.255.96 (Россия) - 3.9Mbps, 438ms UDP❌ Reality [eh.vk.com]
15:51:38 [DEBUG] https://www.google.com:443 "GET /generate_204 HTTP/1.1" 204 0
15:51:38 [DEBUG] Starting new HTTPS connection (1): cp.cloudflare.com:443
15:51:38 [DEBUG] https://www.gstatic.com:443 "GET /generate_204 HTTP/1.1" 204 0
15:51:38 [DEBUG] https://cp.cloudflare.com:443 "GET / HTTP/1.1" 204 0
15:51:38 [DEBUG] Starting new HTTPS connection (1): www.gstatic.com:443
15:51:38 [DEBUG] https://cp.cloudflare.com:443 "GET / HTTP/1.1" 204 0
15:51:38 [DEBUG] Starting new HTTPS connection (1): www.gstatic.com:443
15:51:38 [DEBUG] https://www.gstatic.com:443 "GET /generate_204 HTTP/1.1" 204 0
15:51:39 [DEBUG] Starting new HTTPS connection (1): dl.google.com:443
15:51:39 [DEBUG] https://www.google.com:443 "GET /generate_204 HTTP/1.1" 204 0
15:51:39 [DEBUG] Starting new HTTPS connection (1): cp.cloudflare.com:443
15:51:39 [DEBUG] https://www.gstatic.com:443 "GET /generate_204 HTTP/1.1" 204 0
15:51:39 [DEBUG] Starting new HTTPS connection (1): www.google.com:443
15:51:39 [DEBUG] Starting new HTTPS connection (1): dl.google.com:443
15:51:39 [DEBUG] https://dl.google.com:443 "GET /dl/android/studio/install/3.4.1.0/android-studio-ide-183.5522156-windows.exe HTTP/1.1" 200 1017327996
15:51:39 [DEBUG] https://cp.cloudflare.com:443 "GET / HTTP/1.1" 204 0
15:51:39 [DEBUG] Starting new HTTPS connection (1): www.gstatic.com:443
15:51:40 [DEBUG] https://www.google.com:443 "GET /generate_204 HTTP/1.1" 204 0
15:51:40 [DEBUG] Starting new HTTPS connection (1): cp.cloudflare.com:443
15:51:40 [DEBUG] Starting new HTTPS connection (1): dl.google.com:443
15:51:40 [DEBUG] https://www.gstatic.com:443 "GET /generate_204 HTTP/1.1" 204 0
15:51:40 [DEBUG] https://cp.cloudflare.com:443 "GET / HTTP/1.1" 204 0
15:51:40 [DEBUG] Starting new HTTPS connection (1): www.gstatic.com:443
15:51:40 [DEBUG] Starting new HTTPS connection (1): dl.google.com:443
15:51:40 [DEBUG] https://dl.google.com:443 "GET /dl/android/studio/install/3.4.1.0/android-studio-ide-183.5522156-windows.exe HTTP/1.1" 200 1017327996
15:51:40 [DEBUG] Starting new HTTPS connection (1): dl.google.com:443
15:51:40 [DEBUG] https://www.gstatic.com:443 "GET /generate_204 HTTP/1.1" 204 0
15:51:41 [DEBUG] https://dl.google.com:443 "GET /dl/android/studio/install/3.4.1.0/android-studio-ide-183.5522156-windows.exe HTTP/1.1" 200 1017327996
15:51:41 [DEBUG] https://dl.google.com:443 "GET /dl/android/studio/install/3.4.1.0/android-studio-ide-183.5522156-windows.exe HTTP/1.1" 200 1017327996
15:51:41 [DEBUG] Starting new HTTPS connection (1): dl.google.com:443
15:51:41 [DEBUG] Starting new HTTPS connection (1): dl.google.com:443
15:51:41 [INFO]    🎯 212.233.73.212 (Россия) - 11.2Mbps, 658ms UDP✅ Reality [m.vk.ru]
15:51:41 [DEBUG] https://dl.google.com:443 "GET /dl/android/studio/install/3.4.1.0/android-studio-ide-183.5522156-windows.exe HTTP/1.1" 200 1017327996
15:51:42 [INFO]    🎯 217.16.26.35 (Россия) - 4.7Mbps, 1145ms UDP✅  []
15:51:42 [DEBUG] https://dl.google.com:443 "GET /dl/android/studio/install/3.4.1.0/android-studio-ide-183.5522156-windows.exe HTTP/1.1" 200 1017327996
15:51:42 [DEBUG] Starting new HTTPS connection (1): www.gstatic.com:443
15:51:42 [INFO]    🎯 90.156.217.130 (Россия) - 1.1Mbps, 393ms UDP✅ Reality [m.vk.ru]
15:51:42 [INFO]    📊 Whitelist: 32/80 (40%) | ✅30 ❌2
15:51:42 [DEBUG] Starting new HTTPS connection (1): www.google.com:443
15:51:43 [DEBUG] https://www.gstatic.com:443 "GET /generate_204 HTTP/1.1" 204 0
15:51:43 [INFO]    🎯 158.160.221.132 (Россия) - 7.7Mbps, 437ms UDP❌ Reality [yandex.ru]
15:51:43 [DEBUG] https://www.google.com:443 "GET /generate_204 HTTP/1.1" 204 0
15:51:43 [DEBUG] Starting new HTTPS connection (1): cp.cloudflare.com:443
15:51:43 [DEBUG] Starting new HTTPS connection (1): www.google.com:443
15:51:43 [DEBUG] https://cp.cloudflare.com:443 "GET / HTTP/1.1" 204 0
15:51:43 [DEBUG] Starting new HTTPS connection (1): www.gstatic.com:443
15:51:43 [DEBUG] https://dl.google.com:443 "GET /dl/android/studio/install/3.4.1.0/android-studio-ide-183.5522156-windows.exe HTTP/1.1" 200 1017327996
15:51:43 [INFO]    🎯 212.233.73.212 (Россия) - 5.0Mbps, 465ms UDP✅ Reality [m.vk.ru]
15:51:43 [DEBUG] Starting new HTTPS connection (1): www.google.com:443
15:51:44 [DEBUG] https://www.google.com:443 "GET /generate_204 HTTP/1.1" 204 0
15:51:44 [DEBUG] Starting new HTTPS connection (1): cp.cloudflare.com:443
15:51:44 [DEBUG] https://www.gstatic.com:443 "GET /generate_204 HTTP/1.1" 204 0
15:51:44 [DEBUG] Starting new HTTPS connection (1): www.google.com:443
15:51:44 [DEBUG] https://www.google.com:443 "GET /generate_204 HTTP/1.1" 204 0
15:51:44 [DEBUG] Starting new HTTPS connection (1): cp.cloudflare.com:443
15:51:44 [DEBUG] Starting new HTTPS connection (1): www.google.com:443
15:51:44 [DEBUG] Starting new HTTPS connection (1): dl.google.com:443
15:51:44 [DEBUG] https://cp.cloudflare.com:443 "GET / HTTP/1.1" 204 0
15:51:44 [DEBUG] Starting new HTTPS connection (1): www.gstatic.com:443
15:51:44 [DEBUG] https://cp.cloudflare.com:443 "GET / HTTP/1.1" 204 0
15:51:44 [DEBUG] Starting new HTTPS connection (1): www.gstatic.com:443
15:51:44 [DEBUG] https://www.google.com:443 "GET /generate_204 HTTP/1.1" 204 0
15:51:44 [DEBUG] Starting new HTTPS connection (1): cp.cloudflare.com:443
15:51:44 [DEBUG] https://www.google.com:443 "GET /generate_204 HTTP/1.1" 204 0
15:51:44 [DEBUG] Starting new HTTPS connection (1): cp.cloudflare.com:443
15:51:44 [DEBUG] https://dl.google.com:443 "GET /dl/android/studio/install/3.4.1.0/android-studio-ide-183.5522156-windows.exe HTTP/1.1" 200 1017327996
15:51:44 [DEBUG] https://www.gstatic.com:443 "GET /generate_204 HTTP/1.1" 204 0
15:51:45 [DEBUG] Starting new HTTPS connection (1): www.google.com:443
15:51:45 [DEBUG] https://cp.cloudflare.com:443 "GET / HTTP/1.1" 204 0
15:51:45 [DEBUG] Starting new HTTPS connection (1): www.gstatic.com:443
15:51:45 [DEBUG] https://www.gstatic.com:443 "GET /generate_204 HTTP/1.1" 204 0
15:51:45 [INFO]    🎯 5.188.140.55 (Россия) - 2.6Mbps, 2524ms UDP✅ Reality [ads.x5.ru]
15:51:45 [DEBUG] https://cp.cloudflare.com:443 "GET / HTTP/1.1" 204 0
15:51:45 [DEBUG] Starting new HTTPS connection (1): www.gstatic.com:443
15:51:45 [DEBUG] Starting new HTTPS connection (1): dl.google.com:443
15:51:45 [DEBUG] https://www.google.com:443 "GET /generate_204 HTTP/1.1" 204 0
15:51:45 [DEBUG] Starting new HTTPS connection (1): cp.cloudflare.com:443
15:51:45 [DEBUG] Starting new HTTPS connection (1): dl.google.com:443
15:51:45 [DEBUG] https://www.gstatic.com:443 "GET /generate_204 HTTP/1.1" 204 0
15:51:45 [DEBUG] https://www.gstatic.com:443 "GET /generate_204 HTTP/1.1" 204 0
15:51:45 [DEBUG] https://dl.google.com:443 "GET /dl/android/studio/install/3.4.1.0/android-studio-ide-183.5522156-windows.exe HTTP/1.1" 200 1017327996
15:51:45 [DEBUG] Starting new HTTPS connection (1): dl.google.com:443
15:51:45 [DEBUG] https://dl.google.com:443 "GET /dl/android/studio/install/3.4.1.0/android-studio-ide-183.5522156-windows.exe HTTP/1.1" 200 1017327996
15:51:46 [DEBUG] Starting new HTTPS connection (1): dl.google.com:443
15:51:46 [DEBUG] https://cp.cloudflare.com:443 "GET / HTTP/1.1" 204 0
15:51:46 [DEBUG] Starting new HTTPS connection (1): www.gstatic.com:443
15:51:46 [DEBUG] https://dl.google.com:443 "GET /dl/android/studio/install/3.4.1.0/android-studio-ide-183.5522156-windows.exe HTTP/1.1" 200 1017327996
15:51:46 [INFO]    🎯 89.169.128.105 (Россия) - 11.7Mbps, 436ms UDP✅ Reality [yandex.ru]
15:51:46 [DEBUG] Starting new HTTPS connection (1): www.google.com:443
15:51:46 [DEBUG] https://www.gstatic.com:443 "GET /generate_204 HTTP/1.1" 204 0
15:51:46 [DEBUG] https://dl.google.com:443 "GET /dl/android/studio/install/3.4.1.0/android-studio-ide-183.5522156-windows.exe HTTP/1.1" 200 1017327996
15:51:46 [INFO]    🎯 89.169.128.105 (Россия) - 11.9Mbps, 430ms UDP✅ Reality [yandex.ru]
15:51:46 [DEBUG] https://www.google.com:443 "GET /generate_204 HTTP/1.1" 204 0
15:51:46 [DEBUG] Starting new HTTPS connection (1): cp.cloudflare.com:443
15:51:47 [INFO]    🎯 178.154.253.80 (Россия) - 11.7Mbps, 430ms UDP✅ Reality [yandex.ru]
15:51:47 [INFO]    🎯 37.139.34.145 (Россия) - 10.9Mbps, 448ms UDP✅ Reality [m.vk.ru]
15:51:47 [INFO]    📊 Whitelist: 40/80 (50%) | ✅37 ❌3
15:51:47 [DEBUG] https://cp.cloudflare.com:443 "GET / HTTP/1.1" 204 0
15:51:47 [DEBUG] Starting new HTTPS connection (1): www.gstatic.com:443
15:51:47 [DEBUG] Starting new HTTPS connection (1): www.google.com:443
15:51:47 [DEBUG] https://www.gstatic.com:443 "GET /generate_204 HTTP/1.1" 204 0
15:51:47 [DEBUG] Starting new HTTPS connection (1): www.google.com:443
15:51:48 [DEBUG] https://www.google.com:443 "GET /generate_204 HTTP/1.1" 204 0
15:51:48 [DEBUG] Starting new HTTPS connection (1): cp.cloudflare.com:443
15:51:48 [DEBUG] https://www.google.com:443 "GET /generate_204 HTTP/1.1" 204 0
15:51:48 [DEBUG] Starting new HTTPS connection (1): cp.cloudflare.com:443
15:51:48 [DEBUG] Starting new HTTPS connection (1): www.google.com:443
15:51:48 [DEBUG] Starting new HTTPS connection (1): www.google.com:443
15:51:48 [DEBUG] https://cp.cloudflare.com:443 "GET / HTTP/1.1" 204 0
15:51:48 [DEBUG] Starting new HTTPS connection (1): www.gstatic.com:443
15:51:48 [DEBUG] https://www.google.com:443 "GET /generate_204 HTTP/1.1" 204 0
15:51:48 [DEBUG] Starting new HTTPS connection (1): cp.cloudflare.com:443
15:51:48 [DEBUG] https://cp.cloudflare.com:443 "GET / HTTP/1.1" 204 0
15:51:48 [DEBUG] Starting new HTTPS connection (1): www.gstatic.com:443
15:51:48 [DEBUG] https://www.gstatic.com:443 "GET /generate_204 HTTP/1.1" 204 0
15:51:49 [DEBUG] https://www.gstatic.com:443 "GET /generate_204 HTTP/1.1" 204 0
15:51:49 [DEBUG] https://cp.cloudflare.com:443 "GET / HTTP/1.1" 204 0
15:51:49 [DEBUG] Starting new HTTPS connection (1): www.gstatic.com:443
15:51:49 [DEBUG] https://www.google.com:443 "GET /generate_204 HTTP/1.1" 204 0
15:51:49 [DEBUG] Starting new HTTPS connection (1): cp.cloudflare.com:443
15:51:49 [DEBUG] Starting new HTTPS connection (1): dl.google.com:443
15:51:49 [DEBUG] Starting new HTTPS connection (1): dl.google.com:443
15:51:49 [DEBUG] Starting new HTTPS connection (1): dl.google.com:443
15:51:49 [INFO]    🎯 51.250.12.100 (Россия) - 2.5Mbps, 430ms UDP✅ Reality [api-maps.yandex.ru]
15:51:49 [DEBUG] https://www.gstatic.com:443 "GET /generate_204 HTTP/1.1" 204 0
15:51:49 [DEBUG] https://cp.cloudflare.com:443 "GET / HTTP/1.1" 204 0
15:51:49 [DEBUG] Starting new HTTPS connection (1): www.gstatic.com:443
15:51:49 [DEBUG] https://dl.google.com:443 "GET /dl/android/studio/install/3.4.1.0/android-studio-ide-183.5522156-windows.exe HTTP/1.1" 200 1017327996
15:51:49 [DEBUG] https://dl.google.com:443 "GET /dl/android/studio/install/3.4.1.0/android-studio-ide-183.5522156-windows.exe HTTP/1.1" 200 1017327996
15:51:49 [DEBUG] Starting new HTTPS connection (1): dl.google.com:443
15:51:49 [DEBUG] https://dl.google.com:443 "GET /dl/android/studio/install/3.4.1.0/android-studio-ide-183.5522156-windows.exe HTTP/1.1" 200 1017327996
15:51:50 [DEBUG] https://www.gstatic.com:443 "GET /generate_204 HTTP/1.1" 204 0
15:51:50 [INFO]    🎯 51.250.83.255 (Россия) - 0.9Mbps, 787ms UDP✅ Reality [ads.x5.ru]
15:51:50 [DEBUG] https://dl.google.com:443 "GET /dl/android/studio/install/3.4.1.0/android-studio-ide-183.5522156-windows.exe HTTP/1.1" 200 1017327996
15:51:50 [INFO]    🎯 178.154.253.80 (Россия) - 11.5Mbps, 447ms UDP✅ Reality [yandex.ru]
15:51:50 [DEBUG] Starting new HTTPS connection (1): dl.google.com:443
15:51:50 [INFO]    🎯 158.160.221.132 (Россия) - 12.8Mbps, 477ms UDP❌ Reality [yandex.ru]
15:51:50 [DEBUG] Starting new HTTPS connection (1): www.google.com:443
15:51:50 [DEBUG] Starting new HTTPS connection (1): dl.google.com:443
15:51:50 [INFO]    🎯 37.139.33.15 (Россия) - 12.1Mbps, 433ms UDP✅ Reality [m.vk.ru]
15:51:51 [DEBUG] https://www.google.com:443 "GET /generate_204 HTTP/1.1" 204 0
15:51:51 [DEBUG] Starting new HTTPS connection (1): cp.cloudflare.com:443
15:51:51 [DEBUG] https://dl.google.com:443 "GET /dl/android/studio/install/3.4.1.0/android-studio-ide-183.5522156-windows.exe HTTP/1.1" 200 1017327996
15:51:51 [DEBUG] https://dl.google.com:443 "GET /dl/android/studio/install/3.4.1.0/android-studio-ide-183.5522156-windows.exe HTTP/1.1" 200 1017327996
15:51:51 [DEBUG] Starting new HTTPS connection (1): www.google.com:443
15:51:51 [DEBUG] https://cp.cloudflare.com:443 "GET / HTTP/1.1" 204 0
15:51:51 [DEBUG] Starting new HTTPS connection (1): www.gstatic.com:443
15:51:51 [DEBUG] Starting new HTTPS connection (1): www.google.com:443
15:51:51 [DEBUG] Starting new HTTPS connection (1): www.google.com:443
15:51:51 [INFO]    🎯 90.156.217.130 (Россия) - 1.0Mbps, 388ms UDP✅ Reality [m.vk.ru]
15:51:51 [DEBUG] https://www.google.com:443 "GET /generate_204 HTTP/1.1" 204 0
15:51:51 [DEBUG] Starting new HTTPS connection (1): cp.cloudflare.com:443
15:51:51 [DEBUG] https://www.gstatic.com:443 "GET /generate_204 HTTP/1.1" 204 0
15:51:52 [DEBUG] https://www.google.com:443 "GET /generate_204 HTTP/1.1" 204 0
15:51:52 [DEBUG] Starting new HTTPS connection (1): cp.cloudflare.com:443
15:51:52 [DEBUG] Starting new HTTPS connection (1): www.google.com:443
15:51:52 [DEBUG] https://www.google.com:443 "GET /generate_204 HTTP/1.1" 204 0
15:51:52 [DEBUG] Starting new HTTPS connection (1): cp.cloudflare.com:443
15:51:52 [DEBUG] Starting new HTTPS connection (1): dl.google.com:443
15:51:52 [DEBUG] https://cp.cloudflare.com:443 "GET / HTTP/1.1" 204 0
15:51:52 [DEBUG] Starting new HTTPS connection (1): www.gstatic.com:443
15:51:52 [DEBUG] https://www.google.com:443 "GET /generate_204 HTTP/1.1" 204 0
15:51:52 [DEBUG] Starting new HTTPS connection (1): cp.cloudflare.com:443
15:51:52 [INFO]    🎯 79.137.175.44 (Россия) - 6.9Mbps, 445ms UDP❌ Reality [m.vk.ru]
15:51:52 [DEBUG] https://cp.cloudflare.com:443 "GET / HTTP/1.1" 204 0
15:51:52 [DEBUG] Starting new HTTPS connection (1): www.gstatic.com:443
15:51:52 [INFO]    🎯 79.137.175.44 (Россия) - 5.8Mbps, 583ms UDP✅ Reality [m.vk.ru]
15:51:52 [INFO]    📊 Whitelist: 48/80 (60%) | ✅45 ❌3
15:51:52 [DEBUG] https://cp.cloudflare.com:443 "GET / HTTP/1.1" 204 0
15:51:52 [DEBUG] Starting new HTTPS connection (1): www.gstatic.com:443
15:51:52 [DEBUG] https://dl.google.com:443 "GET /dl/android/studio/install/3.4.1.0/android-studio-ide-183.5522156-windows.exe HTTP/1.1" 200 1017327996
15:51:53 [DEBUG] Starting new HTTPS connection (1): www.google.com:443
15:51:53 [DEBUG] https://www.gstatic.com:443 "GET /generate_204 HTTP/1.1" 204 0
15:51:53 [DEBUG] https://cp.cloudflare.com:443 "GET / HTTP/1.1" 204 0
15:51:53 [DEBUG] Starting new HTTPS connection (1): www.gstatic.com:443
15:51:53 [DEBUG] https://www.gstatic.com:443 "GET /generate_204 HTTP/1.1" 204 0
15:51:53 [DEBUG] https://www.gstatic.com:443 "GET /generate_204 HTTP/1.1" 204 0
15:51:53 [INFO]    🎯 37.139.33.15 (Россия) - 12.1Mbps, 423ms UDP✅ Reality [m.vk.ru]
15:51:53 [INFO]    🎯 37.139.33.57 (Россия) - 1.0Mbps, 385ms UDP❌ Reality [m.vk.ru]
15:51:53 [DEBUG] Starting new HTTPS connection (1): dl.google.com:443
15:51:53 [DEBUG] https://www.google.com:443 "GET /generate_204 HTTP/1.1" 204 0
15:51:53 [DEBUG] Starting new HTTPS connection (1): cp.cloudflare.com:443
15:51:53 [DEBUG] Starting new HTTPS connection (1): dl.google.com:443
15:51:53 [DEBUG] https://www.gstatic.com:443 "GET /generate_204 HTTP/1.1" 204 0
15:51:53 [DEBUG] Starting new HTTPS connection (1): www.google.com:443
15:51:53 [DEBUG] Starting new HTTPS connection (1): www.google.com:443
15:51:53 [DEBUG] https://dl.google.com:443 "GET /dl/android/studio/install/3.4.1.0/android-studio-ide-183.5522156-windows.exe HTTP/1.1" 200 1017327996
15:51:53 [DEBUG] Starting new HTTPS connection (1): dl.google.com:443
15:51:53 [DEBUG] https://cp.cloudflare.com:443 "GET / HTTP/1.1" 204 0
15:51:53 [DEBUG] Starting new HTTPS connection (1): www.gstatic.com:443
15:51:54 [DEBUG] https://dl.google.com:443 "GET /dl/android/studio/install/3.4.1.0/android-studio-ide-183.5522156-windows.exe HTTP/1.1" 200 1017327996
15:51:54 [DEBUG] https://www.gstatic.com:443 "GET /generate_204 HTTP/1.1" 204 0
15:51:54 [DEBUG] Starting new HTTPS connection (1): www.google.com:443
15:51:54 [DEBUG] Starting new HTTPS connection (1): www.google.com:443
15:51:54 [DEBUG] Starting new HTTPS connection (1): dl.google.com:443
15:51:54 [DEBUG] https://dl.google.com:443 "GET /dl/android/studio/install/3.4.1.0/android-studio-ide-183.5522156-windows.exe HTTP/1.1" 200 1017327996
15:51:55 [DEBUG] https://www.google.com:443 "GET /generate_204 HTTP/1.1" 204 0
15:51:55 [DEBUG] Starting new HTTPS connection (1): cp.cloudflare.com:443
15:51:55 [DEBUG] https://dl.google.com:443 "GET /dl/android/studio/install/3.4.1.0/android-studio-ide-183.5522156-windows.exe HTTP/1.1" 200 1017327996
15:51:55 [INFO]    🎯 158.160.223.36 (Россия) - 8.5Mbps, 493ms UDP✅ Reality [yandex.ru]
15:51:55 [DEBUG] https://cp.cloudflare.com:443 "GET / HTTP/1.1" 204 0
15:51:55 [DEBUG] Starting new HTTPS connection (1): www.gstatic.com:443
15:51:55 [DEBUG] https://www.google.com:443 "GET /generate_204 HTTP/1.1" 204 0
15:51:55 [DEBUG] Starting new HTTPS connection (1): cp.cloudflare.com:443
15:51:55 [INFO]    🎯 176.123.164.110 (Россия) - 10.5Mbps, 460ms UDP✅ Reality [m.vk.com]
15:51:56 [INFO]    🎯 84.23.52.70 (Россия) - 5.2Mbps, 502ms UDP✅ Reality [m.vk.ru]
15:51:56 [DEBUG] Starting new HTTPS connection (1): dl.google.com:443
15:51:56 [DEBUG] https://www.gstatic.com:443 "GET /generate_204 HTTP/1.1" 204 0
15:51:56 [DEBUG] Starting new HTTPS connection (1): dl.google.com:443
15:51:56 [DEBUG] https://dl.google.com:443 "GET /dl/android/studio/install/3.4.1.0/android-studio-ide-183.5522156-windows.exe HTTP/1.1" 200 1017327996
15:51:56 [DEBUG] Starting new HTTPS connection (1): www.google.com:443
15:51:56 [DEBUG] https://dl.google.com:443 "GET /dl/android/studio/install/3.4.1.0/android-studio-ide-183.5522156-windows.exe HTTP/1.1" 200 1017327996
15:51:57 [DEBUG] Starting new HTTPS connection (1): www.google.com:443
15:51:57 [INFO]    🎯 84.23.52.70 (Россия) - 11.3Mbps, 499ms UDP❌ Reality [m.vk.ru]
15:51:57 [DEBUG] Starting new HTTPS connection (1): www.google.com:443
15:51:57 [DEBUG] https://www.google.com:443 "GET /generate_204 HTTP/1.1" 204 0
15:51:57 [DEBUG] Starting new HTTPS connection (1): cp.cloudflare.com:443
15:51:57 [INFO]    🎯 176.123.164.110 (Россия) - 11.7Mbps, 513ms UDP✅ Reality [m.vk.com]
15:51:57 [DEBUG] https://www.google.com:443 "GET /generate_204 HTTP/1.1" 204 0
15:51:57 [DEBUG] Starting new HTTPS connection (1): cp.cloudflare.com:443
15:51:57 [DEBUG] https://cp.cloudflare.com:443 "GET / HTTP/1.1" 204 0
15:51:57 [DEBUG] Starting new HTTPS connection (1): www.gstatic.com:443
15:51:58 [DEBUG] https://www.gstatic.com:443 "GET /generate_204 HTTP/1.1" 204 0
15:51:58 [DEBUG] Starting new HTTPS connection (1): www.google.com:443
15:51:58 [DEBUG] Starting new HTTPS connection (1): dl.google.com:443
15:51:58 [DEBUG] Starting new HTTPS connection (1): www.google.com:443
15:51:58 [DEBUG] Starting new HTTPS connection (1): cp.cloudflare.com:443
15:51:59 [DEBUG] https://www.google.com:443 "GET /generate_204 HTTP/1.1" 204 0
15:51:59 [DEBUG] Starting new HTTPS connection (1): cp.cloudflare.com:443
15:51:59 [DEBUG] https://www.google.com:443 "GET /generate_204 HTTP/1.1" 204 0
15:51:59 [DEBUG] Starting new HTTPS connection (1): cp.cloudflare.com:443
15:51:59 [DEBUG] https://dl.google.com:443 "GET /dl/android/studio/install/3.4.1.0/android-studio-ide-183.5522156-windows.exe HTTP/1.1" 200 1017327996
15:51:59 [DEBUG] https://cp.cloudflare.com:443 "GET / HTTP/1.1" 204 0
15:51:59 [DEBUG] Starting new HTTPS connection (1): www.gstatic.com:443
15:51:59 [DEBUG] https://cp.cloudflare.com:443 "GET / HTTP/1.1" 204 0
15:51:59 [DEBUG] Starting new HTTPS connection (1): www.gstatic.com:443
15:51:59 [DEBUG] Starting new HTTPS connection (1): cp.cloudflare.com:443
15:52:00 [INFO]    🎯 89.169.162.214 (Россия) - 9.5Mbps, 560ms UDP✅ Reality [yandex.ru]
15:52:00 [INFO]    📊 Whitelist: 56/80 (70%) | ✅53 ❌3
15:52:00 [DEBUG] https://www.gstatic.com:443 "GET /generate_204 HTTP/1.1" 204 0
15:52:00 [DEBUG] https://www.gstatic.com:443 "GET /generate_204 HTTP/1.1" 204 0
15:52:00 [DEBUG] https://cp.cloudflare.com:443 "GET / HTTP/1.1" 204 0
15:52:00 [DEBUG] Starting new HTTPS connection (1): www.gstatic.com:443
15:52:00 [DEBUG] Starting new HTTPS connection (1): dl.google.com:443
15:52:00 [DEBUG] Starting new HTTPS connection (1): www.gstatic.com:443
15:52:00 [DEBUG] Starting new HTTPS connection (1): dl.google.com:443
15:52:00 [DEBUG] https://cp.cloudflare.com:443 "GET / HTTP/1.1" 204 0
15:52:00 [DEBUG] Starting new HTTPS connection (1): www.gstatic.com:443
15:52:01 [DEBUG] https://www.gstatic.com:443 "GET /generate_204 HTTP/1.1" 204 0
15:52:01 [DEBUG] https://www.gstatic.com:443 "GET /generate_204 HTTP/1.1" 204 0
15:52:01 [DEBUG] https://dl.google.com:443 "GET /dl/android/studio/install/3.4.1.0/android-studio-ide-183.5522156-windows.exe HTTP/1.1" 200 1017327996
15:52:01 [DEBUG] Starting new HTTPS connection (1): www.google.com:443
15:52:01 [DEBUG] Starting new HTTPS connection (1): dl.google.com:443
15:52:01 [DEBUG] https://dl.google.com:443 "GET /dl/android/studio/install/3.4.1.0/android-studio-ide-183.5522156-windows.exe HTTP/1.1" 200 1017327996
15:52:01 [DEBUG] https://dl.google.com:443 "GET /dl/android/studio/install/3.4.1.0/android-studio-ide-183.5522156-windows.exe HTTP/1.1" 200 1017327996
15:52:01 [DEBUG] https://www.google.com:443 "GET /generate_204 HTTP/1.1" 204 0
15:52:01 [DEBUG] Starting new HTTPS connection (1): cp.cloudflare.com:443
15:52:01 [INFO]    🎯 109.120.188.154 (Россия) - 21.6Mbps, 806ms UDP✅ Reality [sun6-21.userapi.com]
15:52:02 [DEBUG] Starting new HTTPS connection (1): cp.cloudflare.com:443
15:52:02 [INFO]    🎯 89.169.162.214 (Россия) - 9.0Mbps, 564ms UDP✅ Reality [yandex.ru]
15:52:02 [INFO]    🎯 146.185.240.23 (Россия) - 7.2Mbps, 598ms UDP✅ Reality [m.vk.ru]
15:52:02 [DEBUG] https://cp.cloudflare.com:443 "GET / HTTP/1.1" 204 0
15:52:02 [DEBUG] Starting new HTTPS connection (1): www.gstatic.com:443
15:52:03 [DEBUG] Starting new HTTPS connection (1): www.google.com:443
15:52:03 [DEBUG] https://www.gstatic.com:443 "GET /generate_204 HTTP/1.1" 204 0
15:52:03 [DEBUG] https://cp.cloudflare.com:443 "GET / HTTP/1.1" 204 0
15:52:03 [DEBUG] Starting new HTTPS connection (1): www.gstatic.com:443
15:52:03 [DEBUG] Starting new HTTPS connection (1): www.google.com:443
15:52:03 [DEBUG] Starting new HTTPS connection (1): dl.google.com:443
15:52:03 [DEBUG] Starting new HTTPS connection (1): www.google.com:443
15:52:03 [INFO]    🎯 176.109.109.58 (Россия) - 0.9Mbps, 430ms UDP✅ Reality [tradingview.com]
15:52:03 [DEBUG] Starting new HTTPS connection (1): www.gstatic.com:443
15:52:03 [DEBUG] https://www.gstatic.com:443 "GET /generate_204 HTTP/1.1" 204 0
15:52:04 [DEBUG] https://www.google.com:443 "GET /generate_204 HTTP/1.1" 204 0
15:52:04 [DEBUG] Starting new HTTPS connection (1): cp.cloudflare.com:443
15:52:04 [DEBUG] https://www.google.com:443 "GET /generate_204 HTTP/1.1" 204 0
15:52:04 [DEBUG] Starting new HTTPS connection (1): cp.cloudflare.com:443
15:52:04 [DEBUG] https://www.google.com:443 "GET /generate_204 HTTP/1.1" 204 0
15:52:04 [DEBUG] Starting new HTTPS connection (1): cp.cloudflare.com:443
15:52:04 [DEBUG] Starting new HTTPS connection (1): dl.google.com:443
15:52:04 [DEBUG] https://dl.google.com:443 "GET /dl/android/studio/install/3.4.1.0/android-studio-ide-183.5522156-windows.exe HTTP/1.1" 200 1017327996
15:52:04 [DEBUG] https://cp.cloudflare.com:443 "GET / HTTP/1.1" 204 0
15:52:04 [DEBUG] Starting new HTTPS connection (1): www.gstatic.com:443
15:52:04 [DEBUG] https://cp.cloudflare.com:443 "GET / HTTP/1.1" 204 0
15:52:04 [DEBUG] Starting new HTTPS connection (1): www.gstatic.com:443
15:52:04 [DEBUG] https://cp.cloudflare.com:443 "GET / HTTP/1.1" 204 0
15:52:04 [DEBUG] Starting new HTTPS connection (1): www.gstatic.com:443
15:52:04 [INFO]    🎯 176.109.109.58 (Россия) - 1.1Mbps, 558ms UDP✅ Reality [tradingview.com]
15:52:05 [DEBUG] Starting new HTTPS connection (1): www.google.com:443
15:52:05 [INFO]    🎯 84.252.136.245 (Россия) - 8.8Mbps, 634ms UDP✅ Reality [yandex.ru]
15:52:05 [DEBUG] https://dl.google.com:443 "GET /dl/android/studio/install/3.4.1.0/android-studio-ide-183.5522156-windows.exe HTTP/1.1" 200 1017327996
15:52:05 [DEBUG] https://www.gstatic.com:443 "GET /generate_204 HTTP/1.1" 204 0
15:52:05 [INFO]    🎯 5.188.140.18 (Россия) - 9.9Mbps, 578ms UDP❌ Reality [ads.x5.ru]
15:52:05 [DEBUG] https://www.gstatic.com:443 "GET /generate_204 HTTP/1.1" 204 0
15:52:05 [DEBUG] Starting new HTTPS connection (1): dl.google.com:443
15:52:06 [DEBUG] Starting new HTTPS connection (1): www.google.com:443
15:52:06 [DEBUG] Starting new HTTPS connection (1): www.google.com:443
15:52:06 [DEBUG] https://dl.google.com:443 "GET /dl/android/studio/install/3.4.1.0/android-studio-ide-183.5522156-windows.exe HTTP/1.1" 200 1017327996
15:52:06 [DEBUG] Starting new HTTPS connection (1): www.google.com:443
15:52:06 [DEBUG] https://www.gstatic.com:443 "GET /generate_204 HTTP/1.1" 204 0
15:52:06 [DEBUG] Starting new HTTPS connection (1): dl.google.com:443
15:52:07 [INFO]    🎯 84.201.129.193 (Россия) - 8.9Mbps, 668ms UDP✅ Reality [ads.x5.ru]
15:52:07 [INFO]    📊 Whitelist: 64/80 (80%) | ✅61 ❌3
15:52:07 [DEBUG] Starting new HTTPS connection (1): dl.google.com:443
15:52:08 [DEBUG] Starting new HTTPS connection (1): dl.google.com:443
15:52:08 [DEBUG] Starting new HTTPS connection (1): www.google.com:443
15:52:08 [DEBUG] https://dl.google.com:443 "GET /dl/android/studio/install/3.4.1.0/android-studio-ide-183.5522156-windows.exe HTTP/1.1" 200 1017327996
15:52:08 [DEBUG] https://www.google.com:443 "GET /generate_204 HTTP/1.1" 204 0
15:52:08 [DEBUG] Starting new HTTPS connection (1): cp.cloudflare.com:443
15:52:08 [DEBUG] https://www.google.com:443 "GET /generate_204 HTTP/1.1" 204 0
15:52:08 [DEBUG] Starting new HTTPS connection (1): cp.cloudflare.com:443
15:52:09 [DEBUG] https://dl.google.com:443 "GET /dl/android/studio/install/3.4.1.0/android-studio-ide-183.5522156-windows.exe HTTP/1.1" 200 1017327996
15:52:09 [DEBUG] https://cp.cloudflare.com:443 "GET / HTTP/1.1" 204 0
15:52:09 [DEBUG] Starting new HTTPS connection (1): www.gstatic.com:443
15:52:09 [DEBUG] Starting new HTTPS connection (1): www.google.com:443
15:52:09 [DEBUG] https://www.gstatic.com:443 "GET /generate_204 HTTP/1.1" 204 0
15:52:09 [DEBUG] https://www.google.com:443 "GET /generate_204 HTTP/1.1" 204 0
15:52:09 [DEBUG] Starting new HTTPS connection (1): cp.cloudflare.com:443
15:52:09 [INFO]    🎯 84.252.136.245 (Россия) - 8.6Mbps, 629ms UDP❌ Reality [yandex.ru]
15:52:10 [DEBUG] Starting new HTTPS connection (1): dl.google.com:443
15:52:10 [DEBUG] Starting new HTTPS connection (1): www.google.com:443
15:52:10 [DEBUG] https://www.google.com:443 "GET /generate_204 HTTP/1.1" 204 0
15:52:10 [DEBUG] Starting new HTTPS connection (1): cp.cloudflare.com:443
15:52:10 [INFO]    🎯 51.250.68.39 (Россия) - 4.9Mbps, 1173ms UDP✅ Reality [ads.x5.ru]
15:52:11 [DEBUG] Starting new HTTPS connection (1): www.google.com:443
15:52:11 [DEBUG] Starting new HTTPS connection (1): cp.cloudflare.com:443
15:52:11 [DEBUG] https://cp.cloudflare.com:443 "GET / HTTP/1.1" 204 0
15:52:11 [DEBUG] Starting new HTTPS connection (1): www.gstatic.com:443
15:52:11 [DEBUG] Starting new HTTPS connection (1): www.google.com:443
15:52:11 [DEBUG] https://cp.cloudflare.com:443 "GET / HTTP/1.1" 204 0
15:52:11 [DEBUG] Starting new HTTPS connection (1): www.gstatic.com:443
15:52:11 [DEBUG] https://www.google.com:443 "GET /generate_204 HTTP/1.1" 204 0
15:52:11 [DEBUG] Starting new HTTPS connection (1): cp.cloudflare.com:443
15:52:12 [DEBUG] https://www.google.com:443 "GET /generate_204 HTTP/1.1" 204 0
15:52:12 [DEBUG] Starting new HTTPS connection (1): cp.cloudflare.com:443
15:52:12 [DEBUG] https://www.gstatic.com:443 "GET /generate_204 HTTP/1.1" 204 0
15:52:12 [DEBUG] Starting new HTTPS connection (1): dl.google.com:443
15:52:12 [DEBUG] https://cp.cloudflare.com:443 "GET / HTTP/1.1" 204 0
15:52:12 [DEBUG] Starting new HTTPS connection (1): www.gstatic.com:443
15:52:13 [INFO]    🎯 109.120.191.248 (Россия) - 0.0Mbps, 3342ms UDP❌ Reality [io.ozone.ru]
15:52:13 [DEBUG] https://cp.cloudflare.com:443 "GET / HTTP/1.1" 204 0
15:52:13 [DEBUG] Starting new HTTPS connection (1): www.gstatic.com:443
15:52:13 [DEBUG] https://dl.google.com:443 "GET /dl/android/studio/install/3.4.1.0/android-studio-ide-183.5522156-windows.exe HTTP/1.1" 200 1017327996
15:52:13 [DEBUG] https://www.gstatic.com:443 "GET /generate_204 HTTP/1.1" 204 0
15:52:13 [INFO]    🎯 178.250.243.101 (Россия) - 15.6Mbps, 1341ms UDP✅ Reality [eh.vk.com]
15:52:14 [DEBUG] https://www.gstatic.com:443 "GET /generate_204 HTTP/1.1" 204 0
15:52:14 [DEBUG] https://cp.cloudflare.com:443 "GET / HTTP/1.1" 204 0
15:52:14 [DEBUG] Starting new HTTPS connection (1): www.gstatic.com:443
15:52:14 [DEBUG] https://www.google.com:443 "GET /generate_204 HTTP/1.1" 204 0
15:52:14 [DEBUG] Starting new HTTPS connection (1): cp.cloudflare.com:443
15:52:14 [DEBUG] Starting new HTTPS connection (1): www.google.com:443
15:52:14 [DEBUG] https://cp.cloudflare.com:443 "GET / HTTP/1.1" 204 0
15:52:14 [DEBUG] Starting new HTTPS connection (1): www.gstatic.com:443
15:52:14 [DEBUG] Starting new HTTPS connection (1): www.google.com:443
15:52:15 [DEBUG] Starting new HTTPS connection (1): cp.cloudflare.com:443
15:52:15 [DEBUG] https://www.google.com:443 "GET /generate_204 HTTP/1.1" 204 0
15:52:15 [DEBUG] Starting new HTTPS connection (1): cp.cloudflare.com:443
15:52:15 [DEBUG] https://www.gstatic.com:443 "GET /generate_204 HTTP/1.1" 204 0
15:52:15 [DEBUG] https://www.gstatic.com:443 "GET /generate_204 HTTP/1.1" 204 0
15:52:15 [DEBUG] https://cp.cloudflare.com:443 "GET / HTTP/1.1" 204 0
15:52:15 [DEBUG] Starting new HTTPS connection (1): www.gstatic.com:443
15:52:15 [DEBUG] Starting new HTTPS connection (1): dl.google.com:443
15:52:15 [DEBUG] Starting new HTTPS connection (1): dl.google.com:443
15:52:16 [DEBUG] https://dl.google.com:443 "GET /dl/android/studio/install/3.4.1.0/android-studio-ide-183.5522156-windows.exe HTTP/1.1" 200 1017327996
15:52:16 [DEBUG] Starting new HTTPS connection (1): www.gstatic.com:443
15:52:16 [DEBUG] https://dl.google.com:443 "GET /dl/android/studio/install/3.4.1.0/android-studio-ide-183.5522156-windows.exe HTTP/1.1" 200 1017327996
15:52:16 [DEBUG] Starting new HTTPS connection (1): dl.google.com:443
15:52:16 [DEBUG] https://www.gstatic.com:443 "GET /generate_204 HTTP/1.1" 204 0
15:52:16 [DEBUG] https://dl.google.com:443 "GET /dl/android/studio/install/3.4.1.0/android-studio-ide-183.5522156-windows.exe HTTP/1.1" 200 1017327996
15:52:17 [INFO]    🎯 178.250.243.97 (Россия) - 9.7Mbps, 1196ms UDP✅ Reality [eh.vk.com]
15:52:17 [DEBUG] Starting new HTTPS connection (1): dl.google.com:443
15:52:17 [INFO]    🎯 51.250.14.123 (Россия) - 1.7Mbps, 1009ms UDP✅ Reality [ads.x5.ru]
15:52:17 [INFO]    📊 Whitelist: 72/80 (90%) | ✅67 ❌5
15:52:17 [DEBUG] Starting new HTTPS connection (1): dl.google.com:443
15:52:17 [DEBUG] https://dl.google.com:443 "GET /dl/android/studio/install/3.4.1.0/android-studio-ide-183.5522156-windows.exe HTTP/1.1" 200 1017327996
15:52:17 [DEBUG] https://dl.google.com:443 "GET /dl/android/studio/install/3.4.1.0/android-studio-ide-183.5522156-windows.exe HTTP/1.1" 200 1017327996
15:52:18 [DEBUG] https://dl.google.com:443 "GET /dl/android/studio/install/3.4.1.0/android-studio-ide-183.5522156-windows.exe HTTP/1.1" 200 1017327996
15:52:18 [INFO]    🎯 84.201.128.76 (Россия) - 4.8Mbps, 3054ms UDP✅ Reality [smartcaptcha.yandexc]
15:52:18 [DEBUG] https://www.gstatic.com:443 "GET /generate_204 HTTP/1.1" 204 0
15:52:19 [INFO]    🎯 51.250.10.213 (Россия) - 5.8Mbps, 769ms UDP✅ Reality [ads.x5.ru]
15:52:19 [DEBUG] Starting new HTTPS connection (1): dl.google.com:443
15:52:19 [DEBUG] Starting new HTTPS connection (1): cp.cloudflare.com:443
15:52:20 [DEBUG] Starting new HTTPS connection (1): www.gstatic.com:443
15:52:20 [DEBUG] https://dl.google.com:443 "GET /dl/android/studio/install/3.4.1.0/android-studio-ide-183.5522156-windows.exe HTTP/1.1" 200 1017327996
15:52:20 [DEBUG] https://cp.cloudflare.com:443 "GET / HTTP/1.1" 204 0
15:52:20 [DEBUG] Starting new HTTPS connection (1): www.gstatic.com:443
15:52:21 [INFO]    🎯 217.16.27.216 (Россия) - 7.7Mbps, 2526ms UDP✅ Reality [web.max.ru]
15:52:22 [DEBUG] https://www.gstatic.com:443 "GET /generate_204 HTTP/1.1" 204 0
15:52:22 [INFO]    🎯 51.250.71.230 (Россия) - 2.3Mbps, 1497ms UDP✅ Reality [ads.x5.ru]
15:52:25 [DEBUG] Starting new HTTPS connection (1): dl.google.com:443
15:52:31 [INFO]    🎯 185.40.153.243 (Россия) - 0.0Mbps, 1501ms UDP❌ Reality [yandex.ru]
15:52:45 [INFO]    🎯 51.250.66.104 (Россия) - 0.4Mbps, 2355ms UDP❌ Reality [ads.x5.ru]
15:52:45 [INFO]    📊 Whitelist: 80/80 (100%) | ✅73 ❌7
15:52:45 [INFO] 
✅ Прошли: 99 (72 Reality), 73 WL
15:52:45 [INFO] 
══════════════════════════════════════════════════
15:52:45 [INFO] 🏆 ЭТАП 4: ФИНАЛЬНЫЙ ОТБОР
15:52:45 [INFO] ══════════════════════════════════════════════════
15:52:45 [INFO] 
📊 Пулы после фильтрации:
15:52:45 [INFO]    🎮 GAME (Reality, <150ms): 7
15:52:45 [INFO]    ⚡ UNIVERSAL: 28
15:52:45 [INFO]    🔄 WARP (Reality score≥50): 34
15:52:45 [INFO]    ⚪ WHITELIST: 73
15:52:45 [INFO] 
🎮 Выбор GAME серверов (Reality only!)...
15:52:45 [INFO]    GAME-1: 57.129.53.182 (Германия) - 32ms, 75.4Mbps, Reality✅
15:52:45 [INFO]    GAME-2: 57.129.53.181 (Германия) - 51ms, 85.1Mbps, Reality✅
15:52:45 [INFO] 
⚡ Выбор UNIVERSAL серверов (приоритет Reality)...
15:52:45 [INFO]    UNIVERSAL-1: 144.31.94.99 (Швейцария) - 50.8Mbps Reality✅
15:52:45 [INFO]    UNIVERSAL-2: 91.84.109.130 (Нидерланды) - 35.2Mbps Reality✅
15:52:45 [INFO]    UNIVERSAL-3: nl04-vlr01.tcp-reset-club.net (XX) - 22.5Mbps Reality✅
15:52:45 [INFO] 
🔄 Выбор WARP серверов (Reality с высоким score)...
15:52:45 [INFO]    WARP-1: swe01-vlr01.tcp-reset-club.net (XX) - score=100
15:52:45 [INFO]    WARP-2: 91.84.109.124 (Нидерланды) - score=100
15:52:45 [INFO] 
⚪ Выбор WHITELIST серверов...
15:52:45 [INFO]    WHITELIST-1: 109.120.188.154 - 21.6Mbps
15:52:45 [INFO]    WHITELIST-2: 109.120.188.166 - 20.5Mbps
15:52:45 [INFO] 
✅ Итого: 9 серверов
15:52:45 [INFO] 📦 Резерв: 30 серверов
15:52:45 [INFO] 🛡️ Reality в финале: 9/9
15:52:45 [INFO] 🏆 THE FINAL 9 (Russia-Proof):
15:52:45 [INFO] 💾 Подписка: FL1PVPN (9 серверов)
15:52:45 [INFO] ✅ ГОТОВО за 409.2 сек
15:52:45 [INFO] 🛡️ Reality в финале: 9/9
