21:26:34 [INFO] 🚀 FL1P VPN SCANNER V108 - ULTIMATE SOURCES
21:26:34 [INFO]    🌐 Источников: 28
21:26:34 [INFO]    📱 Telegram каналов: 31
21:26:34 [INFO]    🐙 GitHub Issues: 5
21:26:34 [INFO]    🚫 Черный список: CN, IR, KP, US
21:26:34 [INFO] 📂 Загружена история: 8457 записей
21:26:34 [INFO] ✅ Xray найден: ./xray
21:26:34 [DEBUG] 📁 GeoIP база найдена: Country.mmdb
21:26:34 [INFO] 🌍 GeoIP инициализирован
21:26:34 [INFO] 
════════════════════════════════════════
21:26:34 [INFO] 📥 ЭТАП 1: СБОР КОНФИГОВ
21:26:34 [INFO] ════════════════════════════════════════
21:26:34 [INFO] 📥 Загрузка из всех источников...
21:26:34 [DEBUG] Starting new HTTPS connection (1): raw.githubusercontent.com:443
21:26:34 [DEBUG] Starting new HTTPS connection (1): raw.githubusercontent.com:443
21:26:34 [DEBUG] Starting new HTTPS connection (1): raw.githubusercontent.com:443
21:26:34 [DEBUG] Starting new HTTPS connection (1): raw.githubusercontent.com:443
21:26:34 [DEBUG] Starting new HTTPS connection (1): raw.githubusercontent.com:443
21:26:34 [DEBUG] Starting new HTTPS connection (1): raw.githubusercontent.com:443
21:26:34 [DEBUG] Starting new HTTPS connection (1): raw.githubusercontent.com:443
21:26:34 [DEBUG] Starting new HTTPS connection (1): raw.githubusercontent.com:443
21:26:34 [DEBUG] Starting new HTTPS connection (1): raw.githubusercontent.com:443
21:26:34 [DEBUG] Starting new HTTPS connection (1): raw.githubusercontent.com:443
21:26:34 [DEBUG] Starting new HTTPS connection (1): raw.githubusercontent.com:443
21:26:34 [DEBUG] Starting new HTTPS connection (1): raw.githubusercontent.com:443
21:26:34 [DEBUG] Starting new HTTPS connection (1): raw.githubusercontent.com:443
21:26:34 [DEBUG] Starting new HTTPS connection (1): raw.githubusercontent.com:443
21:26:34 [DEBUG] Starting new HTTPS connection (1): raw.githubusercontent.com:443
21:26:34 [DEBUG] Starting new HTTPS connection (1): raw.githubusercontent.com:443
21:26:34 [DEBUG] Starting new HTTPS connection (1): raw.githubusercontent.com:443
21:26:34 [DEBUG] Starting new HTTPS connection (1): raw.githubusercontent.com:443
21:26:34 [DEBUG] Starting new HTTPS connection (1): raw.githubusercontent.com:443
21:26:34 [DEBUG] Starting new HTTPS connection (1): raw.githubusercontent.com:443
21:26:35 [DEBUG] https://raw.githubusercontent.com:443 "GET /mahdibland/V2RayAggregator/master/Eternity HTTP/1.1" 200 11419
21:26:35 [DEBUG] https://raw.githubusercontent.com:443 "GET /Epodonios/v2ray-configs/main/Splitted-By-Protocol/vless.txt HTTP/1.1" 200 286994
21:26:35 [DEBUG] https://raw.githubusercontent.com:443 "GET /w1770946466/Auto_proxy/main/Long_term_subscription_num HTTP/1.1" 200 48700
21:26:35 [DEBUG] https://raw.githubusercontent.com:443 "GET /ebrasha/free-v2ray-public-list/refs/heads/main/all_extracted_configs.txt HTTP/1.1" 200 986469
21:26:35 [DEBUG] Starting new HTTPS connection (1): raw.githubusercontent.com:443
21:26:35 [DEBUG] https://raw.githubusercontent.com:443 "GET /MrMohebi/xray-proxy-grabber-telegram/master/collected-proxies/row-url/all.txt HTTP/1.1" 200 8742
21:26:35 [DEBUG] https://raw.githubusercontent.com:443 "GET /igareck/vpn-configs-for-russia/refs/heads/main/WHITE-CIDR-RU-all.txt HTTP/1.1" 200 34505
21:26:35 [DEBUG] https://raw.githubusercontent.com:443 "GET /mfuu/v2ray/master/v2ray HTTP/1.1" 200 15722
21:26:35 [DEBUG] https://raw.githubusercontent.com:443 "GET /Pawdroid/Free-servers/main/sub HTTP/1.1" 200 1824
21:26:35 [DEBUG]    ✅ all.txt: 95 конфигов
21:26:35 [DEBUG] Starting new HTTPS connection (1): raw.githubusercontent.com:443
21:26:35 [DEBUG] Starting new HTTPS connection (1): raw.githubusercontent.com:443
21:26:35 [DEBUG] https://raw.githubusercontent.com:443 "GET /barry-far/V2ray-Configs/main/Splitted-By-Protocol/vless.txt HTTP/1.1" 404 14
21:26:35 [DEBUG]    ⚠️ vless.txt: HTTP 404
21:26:35 [DEBUG] https://raw.githubusercontent.com:443 "GET /yebekhe/TVC/main/subscriptions/xray/hysteria2 HTTP/1.1" 404 14
21:26:35 [DEBUG]    ⚠️ hysteria2: HTTP 404
21:26:35 [DEBUG] Starting new HTTPS connection (1): raw.githubusercontent.com:443
21:26:35 [DEBUG] Starting new HTTPS connection (1): raw.githubusercontent.com:443
21:26:35 [DEBUG] https://raw.githubusercontent.com:443 "GET /Yebekhe/TelegramV2rayCollector/main/sub/normal/reality HTTP/1.1" 404 14
21:26:35 [DEBUG]    ⚠️ reality: HTTP 404
21:26:35 [DEBUG] https://raw.githubusercontent.com:443 "GET /soroushmirzaei/telegram-configs-collector/main/protocols/reality HTTP/1.1" 404 14
21:26:35 [DEBUG]    ⚠️ reality: HTTP 404
21:26:35 [DEBUG] https://raw.githubusercontent.com:443 "GET /yebekhe/TVC/main/subscriptions/xray/vless HTTP/1.1" 404 14
21:26:35 [DEBUG]    ⚠️ vless: HTTP 404
21:26:35 [DEBUG] https://raw.githubusercontent.com:443 "GET /V2RayRoot/V2RayConfig/main/Config/vless.txt HTTP/1.1" 200 36918
21:26:35 [DEBUG] https://raw.githubusercontent.com:443 "GET /lagzian/SS-Collector/main/realitiy_api.txt HTTP/1.1" 404 14
21:26:35 [DEBUG]    ⚠️ realitiy_api.txt: HTTP 404
21:26:35 [DEBUG] https://raw.githubusercontent.com:443 "GET /yebekhe/TVC/main/subscriptions/xray/reality HTTP/1.1" 404 14
21:26:35 [DEBUG]    ⚠️ reality: HTTP 404
21:26:35 [DEBUG] Starting new HTTPS connection (1): t.me:443
21:26:35 [DEBUG] Starting new HTTPS connection (1): raw.githubusercontent.com:443
21:26:35 [DEBUG] Starting new HTTPS connection (1): raw.githubusercontent.com:443
21:26:35 [DEBUG] Starting new HTTPS connection (1): t.me:443
21:26:35 [DEBUG] Starting new HTTPS connection (1): raw.githubusercontent.com:443
21:26:35 [DEBUG] https://raw.githubusercontent.com:443 "GET /igareck/vpn-configs-for-russia/main/configs/vless.txt HTTP/1.1" 404 14
21:26:35 [DEBUG]    ⚠️ vless.txt: HTTP 404
21:26:35 [DEBUG] Starting new HTTPS connection (1): t.me:443
21:26:35 [DEBUG] https://raw.githubusercontent.com:443 "GET /igareck/vpn-configs-for-russia/main/Vless-Reality-White-Lists-Rus-Mobile.txt HTTP/1.1" 200 6382
21:26:35 [DEBUG] https://raw.githubusercontent.com:443 "GET /igareck/vpn-configs-for-russia/main/BLACK_VLESS_RUS.txt HTTP/1.1" 200 20908
21:26:35 [DEBUG] https://raw.githubusercontent.com:443 "GET /AvenCores/goida-vpn-configs/main/configs/vless.txt HTTP/1.1" 404 14
21:26:35 [DEBUG]    ⚠️ vless.txt: HTTP 404
21:26:35 [DEBUG] Starting new HTTPS connection (1): t.me:443
21:26:35 [DEBUG]    ✅ Vless-Reality-White-Lists-Rus-: 125 конфигов
21:26:35 [DEBUG] Starting new HTTPS connection (1): t.me:443
21:26:35 [DEBUG] Starting new HTTPS connection (1): t.me:443
21:26:36 [DEBUG]    ✅ Long_term_subscription_num: 125 конфигов
21:26:36 [DEBUG] Starting new HTTPS connection (1): t.me:443
21:26:36 [DEBUG]    ✅ vless.txt: 540 конфигов
21:26:36 [DEBUG]    ✅ BLACK_VLESS_RUS.txt: 490 конфигов
21:26:36 [DEBUG] https://raw.githubusercontent.com:443 "GET /peasoft/NoMoreWalls/master/list.txt HTTP/1.1" 200 11006
21:26:36 [DEBUG] https://raw.githubusercontent.com:443 "GET /aiboboxx/v2rayfree/main/v2 HTTP/1.1" 404 14
21:26:36 [DEBUG] https://raw.githubusercontent.com:443 "GET /freefq/free/master/v2 HTTP/1.1" 200 3099
21:26:36 [DEBUG] Starting new HTTPS connection (1): t.me:443
21:26:36 [DEBUG]    ✅ list.txt: 88 конфигов
21:26:36 [DEBUG]    ⚠️ v2: HTTP 404
21:26:36 [DEBUG] Starting new HTTPS connection (1): t.me:443
21:26:36 [DEBUG] Starting new HTTPS connection (1): t.me:443
21:26:36 [DEBUG] Starting new HTTPS connection (1): t.me:443
21:26:36 [DEBUG] https://raw.githubusercontent.com:443 "GET /ermaozi/get_subscribe/main/subscribe/v2ray.txt HTTP/1.1" 200 1679
21:26:36 [DEBUG] Starting new HTTPS connection (1): t.me:443
21:26:36 [DEBUG] https://raw.githubusercontent.com:443 "GET /a2470982985/getNode/main/v2ray.txt HTTP/1.1" 200 None
21:26:36 [DEBUG]    ✅ v2ray.txt: 23 конфигов
21:26:36 [DEBUG] Starting new HTTPS connection (1): t.me:443
21:26:36 [DEBUG] Starting new HTTPS connection (1): t.me:443
21:26:36 [DEBUG] https://raw.githubusercontent.com:443 "GET /ripaojiedian/freenode/main/sub HTTP/1.1" 200 1230
21:26:36 [DEBUG] https://raw.githubusercontent.com:443 "GET /Leon406/SubCrawler/master/sub/share/vless HTTP/1.1" 200 2687023
21:26:36 [DEBUG] https://t.me:443 "GET /s/FarahVPN HTTP/1.1" 200 9888
21:26:36 [DEBUG]    📱 FarahVPN: 10 конфигов
21:26:36 [DEBUG] https://t.me:443 "GET /s/v2ray_outlineir HTTP/1.1" 200 10136
21:26:36 [DEBUG]    📱 v2ray_outlineir: 11 конфигов
21:26:36 [DEBUG] https://t.me:443 "GET /s/v2ray_configs_pool HTTP/1.1" 200 12276
21:26:36 [DEBUG] https://t.me:443 "GET /s/v2rayng_vpn HTTP/1.1" 200 15539
21:26:36 [DEBUG] Starting new HTTPS connection (1): t.me:443
21:26:36 [DEBUG] https://raw.githubusercontent.com:443 "GET /vveg26/get_proxy/main/sub/vless.txt HTTP/1.1" 404 14
21:26:36 [DEBUG] Starting new HTTPS connection (1): t.me:443
21:26:36 [DEBUG]    ⚠️ vless.txt: HTTP 404
21:26:36 [DEBUG] Starting new HTTPS connection (1): t.me:443
21:26:36 [DEBUG] Starting new HTTPS connection (1): t.me:443
21:26:36 [DEBUG] Starting new HTTPS connection (1): t.me:443
21:26:36 [DEBUG] Starting new HTTPS connection (1): t.me:443
21:26:36 [DEBUG] https://t.me:443 "GET /s/VlessConfig HTTP/1.1" 200 11449
21:26:37 [DEBUG]    ✅ WHITE-CIDR-RU-all.txt: 1290 конфигов
21:26:37 [DEBUG] Starting new HTTPS connection (1): t.me:443
21:26:37 [DEBUG] https://t.me:443 "GET /s/v2ray1_ng HTTP/1.1" 200 16664
21:26:37 [DEBUG]    📱 VlessConfig: 14 конфигов
21:26:37 [DEBUG]    📱 v2ray1_ng: 8 конфигов
21:26:37 [DEBUG] Starting new HTTPS connection (1): t.me:443
21:26:37 [DEBUG] https://t.me:443 "GET /s/proxy_mtm HTTP/1.1" 302 20
21:26:37 [DEBUG] https://t.me:443 "GET /s/PrivateVPNs HTTP/1.1" 200 11689
21:26:37 [DEBUG] https://t.me:443 "GET /s/ConfigsHUB HTTP/1.1" 200 11815
21:26:37 [DEBUG] Starting new HTTPS connection (1): t.me:443
21:26:37 [DEBUG] https://t.me:443 "GET /s/v2rayNG_Matsuri HTTP/1.1" 302 20
21:26:37 [DEBUG] https://t.me:443 "GET /proxy_mtm HTTP/1.1" 200 3649
21:26:37 [DEBUG] https://t.me:443 "GET /v2rayNG_Matsuri HTTP/1.1" 200 4225
21:26:37 [DEBUG] Starting new HTTPS connection (1): t.me:443
21:26:37 [DEBUG] Starting new HTTPS connection (1): t.me:443
21:26:37 [DEBUG] https://t.me:443 "GET /s/V2pedia HTTP/1.1" 200 17578
21:26:37 [DEBUG] Starting new HTTPS connection (1): t.me:443
21:26:37 [DEBUG] https://t.me:443 "GET /s/customv2ray HTTP/1.1" 200 14690
21:26:37 [DEBUG] https://t.me:443 "GET /s/freev2rayssr HTTP/1.1" 200 22265
21:26:37 [DEBUG] https://t.me:443 "GET /s/DarkVPNpro HTTP/1.1" 200 None
21:26:37 [DEBUG]    📱 DarkVPNpro: 7 конфигов
21:26:37 [DEBUG] https://t.me:443 "GET /s/OutlineVpnOfficial HTTP/1.1" 200 9875
21:26:37 [DEBUG] https://t.me:443 "GET /s/ShadowProxy66 HTTP/1.1" 200 16569
21:26:37 [DEBUG] https://t.me:443 "GET /s/DirectVPN HTTP/1.1" 200 11385
21:26:37 [DEBUG] https://t.me:443 "GET /s/iSegaro HTTP/1.1" 200 18615
21:26:37 [DEBUG] https://t.me:443 "GET /s/vmaborz HTTP/1.1" 302 20
21:26:37 [DEBUG] Starting new HTTPS connection (1): t.me:443
21:26:37 [DEBUG]    📱 customv2ray: 9 конфигов
21:26:37 [DEBUG] Starting new HTTPS connection (1): t.me:443
21:26:37 [DEBUG] Starting new HTTPS connection (1): t.me:443
21:26:37 [DEBUG]    📱 freev2rayssr: 70 конфигов
21:26:37 [DEBUG] Starting new HTTPS connection (1): api.github.com:443
21:26:37 [DEBUG] https://t.me:443 "GET /vmaborz HTTP/1.1" 200 None
21:26:37 [DEBUG] Starting new HTTPS connection (1): t.me:443
21:26:38 [DEBUG] Starting new HTTPS connection (1): api.github.com:443
21:26:37 [DEBUG]    ✅ vless.txt: 2294 конфигов
21:26:38 [DEBUG] Starting new HTTPS connection (1): api.github.com:443
21:26:38 [DEBUG] Starting new HTTPS connection (1): t.me:443
21:26:38 [DEBUG] Starting new HTTPS connection (1): api.github.com:443
21:26:37 [DEBUG] https://t.me:443 "GET /s/v2ray_alpha HTTP/1.1" 200 18913
21:26:38 [DEBUG] Starting new HTTPS connection (1): api.github.com:443
21:26:38 [DEBUG]    📱 v2ray_alpha: 56 конфигов
21:26:38 [DEBUG] https://t.me:443 "GET /s/proaborz HTTP/1.1" 302 20
21:26:38 [DEBUG] https://t.me:443 "GET /s/Proxy_PJ HTTP/1.1" 200 6972
21:26:38 [DEBUG] https://t.me:443 "GET /proaborz HTTP/1.1" 200 3647
21:26:38 [DEBUG] https://t.me:443 "GET /s/VmessProtocol HTTP/1.1" 200 13269
21:26:38 [DEBUG] https://t.me:443 "GET /s/vpaborz HTTP/1.1" 302 20
21:26:38 [DEBUG] https://t.me:443 "GET /s/MehradLeVPN HTTP/1.1" 302 20
21:26:38 [DEBUG] https://t.me:443 "GET /vpaborz HTTP/1.1" 200 3651
21:26:38 [DEBUG] https://t.me:443 "GET /MehradLeVPN HTTP/1.1" 200 3655
21:26:38 [DEBUG] https://t.me:443 "GET /s/SafeNet_Server HTTP/1.1" 200 10758
21:26:38 [DEBUG] https://t.me:443 "GET /s/VpnProSec HTTP/1.1" 200 None
21:26:38 [DEBUG] https://t.me:443 "GET /s/Awlix_ir HTTP/1.1" 200 11537
21:26:38 [DEBUG]    📱 Awlix_ir: 1 конфигов
21:26:38 [DEBUG] https://t.me:443 "GET /s/ServerNett HTTP/1.1" 200 11357
21:26:38 [DEBUG] https://t.me:443 "GET /s/V2RayTz HTTP/1.1" 200 6122
21:26:39 [DEBUG] https://api.github.com:443 "GET /repos/yebekhe/TelegramV2rayCollector/issues?state=all&per_page=10 HTTP/1.1" 404 125
21:26:39 [DEBUG]    ⚠️ yebekhe/TelegramV2rayCollector: HTTP 404
21:26:39 [DEBUG] https://t.me:443 "GET /s/Parsashonam HTTP/1.1" 200 13282
21:26:39 [DEBUG] https://api.github.com:443 "GET /repos/barry-far/V2ray-Configs/issues?state=all&per_page=10 HTTP/1.1" 403 136
21:26:39 [DEBUG]    ⚠️ barry-far/V2ray-Configs: Rate limit exceeded
21:26:39 [DEBUG] https://api.github.com:443 "GET /repos/mahdibland/V2RayAggregator/issues?state=all&per_page=10 HTTP/1.1" 200 1949
21:26:39 [DEBUG] https://api.github.com:443 "GET /repos/Pawdroid/Free-servers/issues?state=all&per_page=10 HTTP/1.1" 200 1632
21:26:39 [DEBUG] https://api.github.com:443 "GET /repos/mfuu/v2ray/issues?state=all&per_page=10 HTTP/1.1" 200 None
21:26:40 [DEBUG]    ✅ all_extracted_configs.txt: 11006 конфигов
21:26:41 [DEBUG]    ✅ vless: 20827 конфигов
21:26:41 [INFO] 
📊 Статистика источников:
21:26:41 [INFO]    🥇 Premium:      2959
21:26:41 [INFO]    📦 General:      11591
21:26:41 [INFO]    🇷🇺 Whitelist:    1415
21:26:41 [INFO]    🔄 Subscription: 20938
21:26:41 [INFO]    📱 Telegram:     186
21:26:41 [INFO]    🐙 GitHub Issues: 0
21:26:41 [INFO]    ═══════════════════════
21:26:41 [INFO]    📈 ВСЕГО:        37089
21:26:41 [INFO] 
🔍 Уникальных серверов: 18011
21:26:41 [INFO] 
════════════════════════════════════════
21:26:41 [INFO] ⚡ ЭТАП 2: TCP ПРОВЕРКА
21:26:41 [INFO] ════════════════════════════════════════
21:26:44 [INFO]    📊 TCP-пинг: 1801/18011 (10%) | ✅1244 ❌557
21:26:48 [INFO]    📊 TCP-пинг: 3602/18011 (20%) | ✅2051 ❌1551
21:26:52 [INFO]    📊 TCP-пинг: 5403/18011 (30%) | ✅2766 ❌2637
21:26:56 [INFO]    📊 TCP-пинг: 7204/18011 (40%) | ✅3717 ❌3487
21:26:56 [INFO]    📊 TCP-пинг: 9005/18011 (50%) | ✅5491 ❌3514
21:27:00 [INFO]    📊 TCP-пинг: 10806/18011 (60%) | ✅6937 ❌3869
21:27:09 [INFO]    📊 TCP-пинг: 12607/18011 (70%) | ✅7856 ❌4751
21:27:25 [INFO]    📊 TCP-пинг: 14408/18011 (80%) | ✅9066 ❌5342
21:27:44 [INFO]    📊 TCP-пинг: 16209/18011 (90%) | ✅9696 ❌6513
21:28:16 [INFO]    📊 TCP-пинг: 18010/18011 (100%) | ✅10060 ❌7950
21:28:18 [INFO] 
✅ Живых TCP: 10060
21:28:18 [INFO] 📊 Топ стран:
21:28:18 [INFO]    🏳️ None (None): 5314
21:28:18 [INFO]    🇽🇽 XX (XX): 1996
21:28:18 [INFO]    🇩🇪 DE (Германия): 439
21:28:18 [INFO]    🇷🇺 RU (Россия): 422
21:28:18 [INFO]    🇳🇱 NL (Нидерланды): 312
21:28:18 [INFO]    🇬🇧 GB (Великобритания): 175
21:28:18 [INFO]    🇫🇷 FR (Франция): 130
21:28:18 [INFO]    🇰🇿 KZ (Казахстан): 108
21:28:18 [INFO]    🇸🇬 SG (Сингапур): 107
21:28:18 [INFO]    🇸🇪 SE (Швеция): 83
21:28:18 [INFO] 
════════════════════════════════════════
21:28:18 [INFO] 🧪 ЭТАП 3: ГЛУБОКАЯ ПРОВЕРКА (1922 серверов)
21:28:18 [INFO] ════════════════════════════════════════
21:28:19 [DEBUG] Starting new HTTPS connection (1): www.google.com:443
21:28:19 [DEBUG] Starting new HTTPS connection (1): www.google.com:443
21:28:19 [DEBUG] Starting new HTTPS connection (1): www.google.com:443
21:28:19 [DEBUG] Starting new HTTPS connection (1): www.google.com:443
21:28:19 [DEBUG] Starting new HTTPS connection (1): www.google.com:443
21:28:19 [DEBUG] Starting new HTTPS connection (1): www.google.com:443
21:28:19 [DEBUG] Starting new HTTPS connection (1): www.google.com:443
21:28:19 [DEBUG] Starting new HTTPS connection (1): www.google.com:443
21:28:19 [DEBUG] Starting new HTTPS connection (1): www.google.com:443
21:28:19 [DEBUG] Starting new HTTPS connection (1): www.google.com:443
21:28:19 [DEBUG] Starting new HTTPS connection (1): www.google.com:443
21:28:19 [DEBUG] Starting new HTTPS connection (1): www.google.com:443
21:28:19 [DEBUG] Starting new HTTPS connection (1): www.google.com:443
21:28:19 [DEBUG] Starting new HTTPS connection (1): www.google.com:443
21:28:19 [DEBUG] Starting new HTTPS connection (1): www.google.com:443
21:28:19 [DEBUG] https://www.google.com:443 "GET /generate_204 HTTP/1.1" 204 0
21:28:19 [DEBUG] Starting new HTTPS connection (1): dl.google.com:443
21:28:19 [DEBUG] https://www.google.com:443 "GET /generate_204 HTTP/1.1" 204 0
21:28:19 [DEBUG] Starting new HTTPS connection (1): dl.google.com:443
21:28:19 [DEBUG] https://dl.google.com:443 "GET /dl/android/studio/install/3.4.1.0/android-studio-ide-183.5522156-windows.exe HTTP/1.1" 200 1017327996
21:28:19 [DEBUG] https://dl.google.com:443 "GET /dl/android/studio/install/3.4.1.0/android-studio-ide-183.5522156-windows.exe HTTP/1.1" 200 1017327996
21:28:19 [INFO]    🎯 89.116.180.138 (Литва) - 64.7 Mbps, 417ms, UDP✅
21:28:20 [INFO]    🎯 89.116.250.138 (Литва) - 38.3 Mbps, 376ms, UDP✅
21:28:20 [DEBUG] Starting new HTTPS connection (1): www.google.com:443
21:28:20 [DEBUG] Starting new HTTPS connection (1): www.google.com:443
21:28:20 [DEBUG] Starting new HTTPS connection (1): www.google.com:443
21:28:20 [DEBUG] Starting new HTTPS connection (1): www.google.com:443
21:28:20 [DEBUG] Starting new HTTPS connection (1): www.google.com:443
21:28:20 [DEBUG] Starting new HTTPS connection (1): www.google.com:443
21:28:20 [DEBUG] Starting new HTTPS connection (1): www.google.com:443
21:28:20 [DEBUG] Starting new HTTPS connection (1): www.google.com:443
21:28:20 [DEBUG] Starting new HTTPS connection (1): www.google.com:443
21:28:20 [DEBUG] Starting new HTTPS connection (1): www.google.com:443
21:28:21 [DEBUG] Starting new HTTPS connection (1): www.google.com:443
21:28:21 [DEBUG] Starting new HTTPS connection (1): www.google.com:443
21:28:21 [DEBUG] Starting new HTTPS connection (1): www.google.com:443
21:28:22 [DEBUG] Starting new HTTPS connection (1): www.google.com:443
21:28:22 [DEBUG] Starting new HTTPS connection (1): www.google.com:443
21:28:22 [DEBUG] Starting new HTTPS connection (1): www.google.com:443
21:28:22 [DEBUG] Starting new HTTPS connection (1): www.google.com:443
21:28:23 [DEBUG] Starting new HTTPS connection (1): www.google.com:443
21:28:23 [DEBUG] Starting new HTTPS connection (1): www.google.com:443
21:28:23 [DEBUG] Starting new HTTPS connection (1): www.google.com:443
21:28:23 [DEBUG] Starting new HTTPS connection (1): www.google.com:443
21:28:23 [DEBUG] Starting new HTTPS connection (1): www.google.com:443
21:28:24 [DEBUG] Starting new HTTPS connection (1): www.google.com:443
21:28:24 [DEBUG] Starting new HTTPS connection (1): www.google.com:443
21:28:24 [DEBUG] Starting new HTTPS connection (1): www.google.com:443
21:28:24 [DEBUG] Starting new HTTPS connection (1): www.google.com:443
21:28:25 [DEBUG] Starting new HTTPS connection (1): www.google.com:443
21:28:25 [DEBUG] Starting new HTTPS connection (1): www.google.com:443
21:28:25 [DEBUG] Starting new HTTPS connection (1): www.google.com:443
21:28:25 [DEBUG] Starting new HTTPS connection (1): www.google.com:443
21:28:26 [DEBUG] Starting new HTTPS connection (1): www.google.com:443
21:28:26 [DEBUG] Starting new HTTPS connection (1): www.google.com:443
21:28:26 [DEBUG] Starting new HTTPS connection (1): www.google.com:443
21:28:26 [DEBUG] Starting new HTTPS connection (1): www.google.com:443
21:28:27 [DEBUG] Starting new HTTPS connection (1): www.google.com:443
21:28:27 [DEBUG] Starting new HTTPS connection (1): www.google.com:443
21:28:27 [DEBUG] Starting new HTTPS connection (1): www.google.com:443
21:28:27 [DEBUG] Starting new HTTPS connection (1): www.google.com:443
21:28:27 [DEBUG] Starting new HTTPS connection (1): www.google.com:443
21:28:27 [DEBUG] Starting new HTTPS connection (1): www.google.com:443
21:28:28 [DEBUG] Starting new HTTPS connection (1): www.google.com:443
21:28:28 [DEBUG] Starting new HTTPS connection (1): www.google.com:443
21:28:28 [DEBUG] Starting new HTTPS connection (1): www.google.com:443
21:28:29 [DEBUG] Starting new HTTPS connection (1): www.google.com:443
21:28:30 [DEBUG] Starting new HTTPS connection (1): www.google.com:443
21:28:30 [DEBUG] Starting new HTTPS connection (1): www.google.com:443
21:28:31 [DEBUG] Starting new HTTPS connection (1): www.google.com:443
21:28:31 [DEBUG] Starting new HTTPS connection (1): www.google.com:443
21:28:31 [DEBUG] Starting new HTTPS connection (1): www.google.com:443
21:28:33 [DEBUG] Starting new HTTPS connection (1): www.google.com:443
21:28:37 [DEBUG] Starting new HTTPS connection (1): www.google.com:443
21:28:37 [DEBUG] Starting new HTTPS connection (1): www.google.com:443
21:28:38 [DEBUG] Error connecting to SOCKS5 proxy 127.0.0.1:39204 due to: timed out
21:28:38 [DEBUG] Starting new HTTPS connection (1): www.google.com:443
21:28:38 [DEBUG] Starting new HTTPS connection (1): www.google.com:443
21:28:38 [DEBUG] Starting new HTTPS connection (1): www.google.com:443
21:28:38 [DEBUG] Error connecting to SOCKS5 proxy 127.0.0.1:59044 due to: timed out
21:28:38 [DEBUG] Starting new HTTPS connection (1): www.google.com:443
21:28:38 [DEBUG] Starting new HTTPS connection (1): www.google.com:443
21:28:39 [DEBUG] Starting new HTTPS connection (1): www.google.com:443
21:28:39 [DEBUG] Starting new HTTPS connection (1): www.google.com:443
21:28:40 [DEBUG] Error connecting to SOCKS5 proxy 127.0.0.1:28854 due to: timed out
21:28:41 [DEBUG] Error connecting to SOCKS5 proxy 127.0.0.1:46788 due to: timed out
21:28:41 [DEBUG] Error connecting to SOCKS5 proxy 127.0.0.1:18703 due to: timed out
21:28:41 [DEBUG] Starting new HTTPS connection (1): www.google.com:443
21:28:42 [DEBUG] Starting new HTTPS connection (1): www.google.com:443
21:28:42 [DEBUG] Starting new HTTPS connection (1): www.google.com:443
21:28:42 [DEBUG] https://www.google.com:443 "GET /generate_204 HTTP/1.1" 204 0
21:28:42 [DEBUG] Starting new HTTPS connection (1): www.google.com:443
21:28:42 [DEBUG] Starting new HTTPS connection (1): www.google.com:443
21:28:42 [DEBUG] Starting new HTTPS connection (1): www.google.com:443
21:28:43 [DEBUG] Error connecting to SOCKS5 proxy 127.0.0.1:55457 due to: timed out
21:28:43 [DEBUG] https://www.google.com:443 "GET /generate_204 HTTP/1.1" 204 0
21:28:43 [DEBUG] Starting new HTTPS connection (1): dl.google.com:443
21:28:43 [DEBUG] Starting new HTTPS connection (1): dl.google.com:443
21:28:44 [DEBUG] https://dl.google.com:443 "GET /dl/android/studio/install/3.4.1.0/android-studio-ide-183.5522156-windows.exe HTTP/1.1" 200 1017327996
21:28:44 [DEBUG] Starting new HTTPS connection (1): www.google.com:443
21:28:44 [DEBUG] Starting new HTTPS connection (1): www.google.com:443
21:28:44 [DEBUG] https://www.google.com:443 "GET /generate_204 HTTP/1.1" 204 0
21:28:44 [DEBUG] Starting new HTTPS connection (1): dl.google.com:443
21:28:44 [DEBUG] https://www.google.com:443 "GET /generate_204 HTTP/1.1" 204 0
21:28:44 [DEBUG] Starting new HTTPS connection (1): dl.google.com:443
21:28:44 [INFO]    🎯 46.62.128.207 (Финляндия) - 18.6 Mbps, 1338ms, UDP✅
21:28:44 [DEBUG] https://dl.google.com:443 "GET /dl/android/studio/install/3.4.1.0/android-studio-ide-183.5522156-windows.exe HTTP/1.1" 200 1017327996
21:28:44 [DEBUG] https://dl.google.com:443 "GET /dl/android/studio/install/3.4.1.0/android-studio-ide-183.5522156-windows.exe HTTP/1.1" 200 1017327996
21:28:45 [INFO]    🎯 185.73.125.42 (Эстония) - 33.9 Mbps, 6185ms, UDP✅
21:28:45 [DEBUG] https://dl.google.com:443 "GET /dl/android/studio/install/3.4.1.0/android-studio-ide-183.5522156-windows.exe HTTP/1.1" 200 1017327996
21:28:45 [INFO]    🎯 92.61.71.170 (Эстония) - 28.9 Mbps, 7244ms, UDP✅
21:28:45 [DEBUG] Starting new HTTPS connection (1): www.google.com:443
21:28:45 [DEBUG] Starting new HTTPS connection (1): www.google.com:443
21:28:45 [DEBUG] Starting new HTTPS connection (1): www.google.com:443
21:28:45 [INFO]    🎯 83.147.216.182 (Финляндия) - 8.6 Mbps, 270ms, UDP✅
21:28:46 [DEBUG] https://www.google.com:443 "GET /generate_204 HTTP/1.1" 204 0
21:28:46 [DEBUG] Starting new HTTPS connection (1): www.google.com:443
21:28:46 [DEBUG] Starting new HTTPS connection (1): www.google.com:443
21:28:46 [DEBUG] Starting new HTTPS connection (1): www.google.com:443
21:28:46 [DEBUG] Starting new HTTPS connection (1): www.google.com:443
21:28:46 [DEBUG] Starting new HTTPS connection (1): www.google.com:443
21:28:46 [DEBUG] Starting new HTTPS connection (1): www.google.com:443
21:28:46 [DEBUG] Starting new HTTPS connection (1): www.google.com:443
21:28:47 [DEBUG] Starting new HTTPS connection (1): www.google.com:443
21:28:47 [DEBUG] Starting new HTTPS connection (1): www.google.com:443
21:28:47 [DEBUG] https://www.google.com:443 "GET /generate_204 HTTP/1.1" 204 0
21:28:47 [DEBUG] Starting new HTTPS connection (1): dl.google.com:443
21:28:47 [DEBUG] Starting new HTTPS connection (1): www.google.com:443
21:28:48 [DEBUG] Starting new HTTPS connection (1): www.google.com:443
21:28:48 [DEBUG] Starting new HTTPS connection (1): www.google.com:443
21:28:48 [DEBUG] Starting new HTTPS connection (1): www.google.com:443
21:28:48 [DEBUG] Starting new HTTPS connection (1): www.google.com:443
21:28:49 [DEBUG] Starting new HTTPS connection (1): dl.google.com:443
21:28:49 [DEBUG] https://dl.google.com:443 "GET /dl/android/studio/install/3.4.1.0/android-studio-ide-183.5522156-windows.exe HTTP/1.1" 404 1449
21:28:49 [INFO]    🎯 65.108.108.151 (Финляндия) - 0.0 Mbps, 4898ms, UDP✅
21:28:49 [DEBUG] Starting new HTTPS connection (1): www.google.com:443
21:28:49 [DEBUG] https://dl.google.com:443 "GET /dl/android/studio/install/3.4.1.0/android-studio-ide-183.5522156-windows.exe HTTP/1.1" 200 1017327996
21:28:49 [DEBUG] Starting new HTTPS connection (1): www.google.com:443
21:28:49 [DEBUG] Starting new HTTPS connection (1): www.google.com:443
21:28:49 [DEBUG] Starting new HTTPS connection (1): www.google.com:443
21:28:50 [DEBUG] Starting new HTTPS connection (1): www.google.com:443
21:28:50 [DEBUG] Starting new HTTPS connection (1): www.google.com:443
21:28:50 [DEBUG] Starting new HTTPS connection (1): www.google.com:443
21:28:50 [DEBUG] https://www.google.com:443 "GET /generate_204 HTTP/1.1" 204 0
21:28:50 [DEBUG] Starting new HTTPS connection (1): www.google.com:443
21:28:50 [DEBUG] Starting new HTTPS connection (1): www.google.com:443
21:28:50 [DEBUG] Starting new HTTPS connection (1): dl.google.com:443
21:28:50 [DEBUG] https://dl.google.com:443 "GET /dl/android/studio/install/3.4.1.0/android-studio-ide-183.5522156-windows.exe HTTP/1.1" 200 1017327996
21:28:50 [DEBUG] Starting new HTTPS connection (1): www.google.com:443
21:28:51 [DEBUG] Starting new HTTPS connection (1): www.google.com:443
21:28:51 [INFO]    🎯 45.144.53.98 (Финляндия) - 39.6 Mbps, 164ms, UDP✅
21:28:51 [INFO]    🎯 81.27.99.137 (Финляндия) - 8.2 Mbps, 477ms, UDP❌
21:28:51 [DEBUG] Starting new HTTPS connection (1): www.google.com:443
21:28:51 [DEBUG] Starting new HTTPS connection (1): www.google.com:443
21:28:51 [DEBUG] Starting new HTTPS connection (1): www.google.com:443
21:28:51 [DEBUG] https://www.google.com:443 "GET /generate_204 HTTP/1.1" 204 0
21:28:52 [DEBUG] Starting new HTTPS connection (1): www.google.com:443
21:28:52 [DEBUG] https://www.google.com:443 "GET /generate_204 HTTP/1.1" 204 0
21:28:52 [DEBUG] Starting new HTTPS connection (1): www.google.com:443
21:28:52 [DEBUG] Starting new HTTPS connection (1): dl.google.com:443
21:28:52 [DEBUG] Starting new HTTPS connection (1): www.google.com:443
21:28:52 [DEBUG] Starting new HTTPS connection (1): www.google.com:443
21:28:52 [DEBUG] https://dl.google.com:443 "GET /dl/android/studio/install/3.4.1.0/android-studio-ide-183.5522156-windows.exe HTTP/1.1" 200 1017327996
21:28:52 [DEBUG] Starting new HTTPS connection (1): www.google.com:443
21:28:52 [INFO]    🎯 185.215.186.115 (Эстония) - 40.1 Mbps, 1516ms, UDP✅
21:28:52 [DEBUG] https://www.google.com:443 "GET /generate_204 HTTP/1.1" 204 0
21:28:52 [DEBUG] Starting new HTTPS connection (1): www.google.com:443
21:28:52 [DEBUG] Starting new HTTPS connection (1): www.google.com:443
21:28:52 [DEBUG] Starting new HTTPS connection (1): www.google.com:443
21:28:52 [DEBUG] Starting new HTTPS connection (1): www.google.com:443
21:28:53 [DEBUG] Starting new HTTPS connection (1): dl.google.com:443
21:28:53 [DEBUG] Starting new HTTPS connection (1): www.google.com:443
21:28:53 [DEBUG] https://dl.google.com:443 "GET /dl/android/studio/install/3.4.1.0/android-studio-ide-183.5522156-windows.exe HTTP/1.1" 200 1017327996
21:28:53 [DEBUG] Starting new HTTPS connection (1): www.google.com:443
21:28:53 [DEBUG] https://www.google.com:443 "GET /generate_204 HTTP/1.1" 204 0
21:28:53 [DEBUG] Starting new HTTPS connection (1): www.google.com:443
21:28:53 [INFO]    🎯 185.215.186.116 (Эстония) - 33.4 Mbps, 1328ms, UDP✅
21:28:53 [DEBUG] Starting new HTTPS connection (1): www.google.com:443
21:28:53 [DEBUG] Starting new HTTPS connection (1): dl.google.com:443
21:28:53 [DEBUG] Starting new HTTPS connection (1): www.google.com:443
21:28:53 [DEBUG] Starting new HTTPS connection (1): www.google.com:443
21:28:53 [DEBUG] https://www.google.com:443 "GET /generate_204 HTTP/1.1" 204 0
21:28:53 [DEBUG] https://dl.google.com:443 "GET /dl/android/studio/install/3.4.1.0/android-studio-ide-183.5522156-windows.exe HTTP/1.1" 200 1017327996
21:28:53 [DEBUG] Starting new HTTPS connection (1): www.google.com:443
21:28:54 [DEBUG] Starting new HTTPS connection (1): dl.google.com:443
21:28:54 [DEBUG] Starting new HTTPS connection (1): www.google.com:443
21:28:54 [DEBUG] Starting new HTTPS connection (1): www.google.com:443
21:28:54 [DEBUG] Starting new HTTPS connection (1): www.google.com:443
21:28:54 [DEBUG] Starting new HTTPS connection (1): www.google.com:443
21:28:54 [DEBUG] Starting new HTTPS connection (1): www.google.com:443
21:28:54 [DEBUG] Starting new HTTPS connection (1): www.google.com:443
21:28:55 [DEBUG] Starting new HTTPS connection (1): www.google.com:443
21:28:55 [DEBUG] Starting new HTTPS connection (1): www.google.com:443
21:28:55 [DEBUG] Starting new HTTPS connection (1): dl.google.com:443
21:28:55 [DEBUG] Starting new HTTPS connection (1): www.google.com:443
21:28:56 [DEBUG] Starting new HTTPS connection (1): www.google.com:443
21:28:56 [DEBUG] Starting new HTTPS connection (1): www.google.com:443
21:28:56 [DEBUG] Starting new HTTPS connection (1): www.google.com:443
21:28:57 [DEBUG] Starting new HTTPS connection (1): www.google.com:443
21:28:57 [DEBUG] Starting new HTTPS connection (1): www.google.com:443
21:28:57 [DEBUG] https://www.google.com:443 "GET /generate_204 HTTP/1.1" 204 0
21:28:57 [DEBUG] Starting new HTTPS connection (1): dl.google.com:443
21:28:57 [DEBUG] https://www.google.com:443 "GET /generate_204 HTTP/1.1" 204 0
21:28:58 [DEBUG] Starting new HTTPS connection (1): www.google.com:443
21:28:58 [DEBUG] Starting new HTTPS connection (1): www.google.com:443
21:28:58 [DEBUG] Starting new HTTPS connection (1): www.google.com:443
21:28:58 [DEBUG] https://dl.google.com:443 "GET /dl/android/studio/install/3.4.1.0/android-studio-ide-183.5522156-windows.exe HTTP/1.1" 200 1017327996
21:28:58 [INFO]    🎯 185.155.96.153 (Эстония) - 20.9 Mbps, 4597ms, UDP✅
21:28:58 [DEBUG] https://www.google.com:443 "GET /generate_204 HTTP/1.1" 204 0
21:28:58 [DEBUG] Starting new HTTPS connection (1): dl.google.com:443
21:28:58 [INFO]    🎯 45.144.53.68 (Финляндия) - 0.0 Mbps, 4746ms, UDP❌
21:28:59 [DEBUG] Starting new HTTPS connection (1): dl.google.com:443
21:28:59 [DEBUG] https://dl.google.com:443 "GET /dl/android/studio/install/3.4.1.0/android-studio-ide-183.5522156-windows.exe HTTP/1.1" 200 1017327996
21:28:59 [DEBUG] Starting new HTTPS connection (1): www.google.com:443
21:28:59 [INFO]    🎯 185.215.186.250 (Эстония) - 3.2 Mbps, 3426ms, UDP✅
21:28:59 [DEBUG] Starting new HTTPS connection (1): www.google.com:443
21:28:59 [DEBUG] https://dl.google.com:443 "GET /dl/android/studio/install/3.4.1.0/android-studio-ide-183.5522156-windows.exe HTTP/1.1" 200 1017327996
21:28:59 [DEBUG] Starting new HTTPS connection (1): www.google.com:443
21:28:59 [INFO]    🎯 188.253.22.180 (Латвия) - 19.3 Mbps, 427ms, UDP✅
21:28:59 [DEBUG] Starting new HTTPS connection (1): www.google.com:443
21:29:00 [DEBUG] Starting new HTTPS connection (1): www.google.com:443
21:29:00 [DEBUG] Starting new HTTPS connection (1): www.google.com:443
21:29:00 [DEBUG] Starting new HTTPS connection (1): www.google.com:443
21:29:00 [DEBUG] Starting new HTTPS connection (1): www.google.com:443
21:29:00 [DEBUG] Starting new HTTPS connection (1): www.google.com:443
21:29:00 [DEBUG] Starting new HTTPS connection (1): www.google.com:443
21:29:01 [DEBUG] Starting new HTTPS connection (1): www.google.com:443
21:29:01 [DEBUG] Starting new HTTPS connection (1): www.google.com:443
21:29:01 [DEBUG] Starting new HTTPS connection (1): www.google.com:443
21:29:01 [DEBUG] Starting new HTTPS connection (1): www.google.com:443
21:29:01 [DEBUG] Starting new HTTPS connection (1): www.google.com:443
21:29:01 [DEBUG] Starting new HTTPS connection (1): www.google.com:443
21:29:01 [DEBUG] Starting new HTTPS connection (1): www.google.com:443
21:29:01 [DEBUG] https://www.google.com:443 "GET /generate_204 HTTP/1.1" 204 0
21:29:02 [DEBUG] Starting new HTTPS connection (1): dl.google.com:443
21:29:02 [DEBUG] https://www.google.com:443 "GET /generate_204 HTTP/1.1" 204 0
21:29:02 [DEBUG] Starting new HTTPS connection (1): dl.google.com:443
21:29:02 [DEBUG] https://dl.google.com:443 "GET /dl/android/studio/install/3.4.1.0/android-studio-ide-183.5522156-windows.exe HTTP/1.1" 200 1017327996
21:29:02 [DEBUG] Starting new HTTPS connection (1): www.google.com:443
21:29:02 [DEBUG] https://dl.google.com:443 "GET /dl/android/studio/install/3.4.1.0/android-studio-ide-183.5522156-windows.exe HTTP/1.1" 200 1017327996
21:29:02 [DEBUG] https://www.google.com:443 "GET /generate_204 HTTP/1.1" 204 0
21:29:02 [INFO]    🎯 5.10.214.238 (Германия) - 44.1 Mbps, 145ms, UDP✅
21:29:02 [INFO]    🎯 45.131.5.238 (Нидерланды) - 31.7 Mbps, 118ms, UDP✅
21:29:02 [DEBUG] Starting new HTTPS connection (1): www.google.com:443
21:29:02 [DEBUG] Starting new HTTPS connection (1): www.google.com:443
21:29:03 [DEBUG] Starting new HTTPS connection (1): www.google.com:443
21:29:03 [DEBUG] https://dl.google.com:443 "GET /dl/android/studio/install/3.4.1.0/android-studio-ide-183.5522156-windows.exe HTTP/1.1" 200 1017327996
21:29:03 [DEBUG] Starting new HTTPS connection (1): www.google.com:443
21:29:03 [DEBUG] Starting new HTTPS connection (1): www.google.com:443
21:29:03 [DEBUG] Starting new HTTPS connection (1): dl.google.com:443
21:29:03 [DEBUG] Starting new HTTPS connection (1): www.google.com:443
21:29:03 [INFO]    🎯 185.155.96.152 (Эстония) - 3.5 Mbps, 5002ms, UDP✅
21:29:03 [DEBUG] Starting new HTTPS connection (1): www.google.com:443
21:29:03 [DEBUG] Starting new HTTPS connection (1): www.google.com:443
21:29:03 [DEBUG] https://dl.google.com:443 "GET /dl/android/studio/install/3.4.1.0/android-studio-ide-183.5522156-windows.exe HTTP/1.1" 200 1017327996
21:29:04 [DEBUG] Starting new HTTPS connection (1): www.google.com:443
21:29:04 [DEBUG] Starting new HTTPS connection (1): www.google.com:443
21:29:04 [DEBUG] Starting new HTTPS connection (1): www.google.com:443
21:29:04 [INFO]    🎯 38.244.137.198 (Финляндия) - 1.6 Mbps, 273ms, UDP✅
21:29:04 [DEBUG] Starting new HTTPS connection (1): www.google.com:443
21:29:04 [DEBUG] Starting new HTTPS connection (1): www.google.com:443
21:29:04 [DEBUG] Starting new HTTPS connection (1): www.google.com:443
21:29:04 [DEBUG] Starting new HTTPS connection (1): www.google.com:443
21:29:04 [INFO]    🎯 104.128.134.181 (Финляндия) - 12.9 Mbps, 1990ms, UDP✅
21:29:04 [DEBUG] Starting new HTTPS connection (1): www.google.com:443
21:29:05 [DEBUG] Starting new HTTPS connection (1): www.google.com:443
21:29:05 [DEBUG] Starting new HTTPS connection (1): www.google.com:443
21:29:05 [DEBUG] Starting new HTTPS connection (1): www.google.com:443
21:29:05 [DEBUG] Starting new HTTPS connection (1): www.google.com:443
21:29:05 [DEBUG] Starting new HTTPS connection (1): www.google.com:443
21:29:05 [DEBUG] Starting new HTTPS connection (1): www.google.com:443
21:29:05 [DEBUG] Starting new HTTPS connection (1): www.google.com:443
21:29:05 [DEBUG] Starting new HTTPS connection (1): www.google.com:443
21:29:05 [DEBUG] Starting new HTTPS connection (1): www.google.com:443
21:29:06 [DEBUG] Starting new HTTPS connection (1): www.google.com:443
21:29:06 [DEBUG] Starting new HTTPS connection (1): www.google.com:443
21:29:06 [DEBUG] Starting new HTTPS connection (1): www.google.com:443
21:29:06 [DEBUG] Starting new HTTPS connection (1): www.google.com:443
21:29:06 [DEBUG] Starting new HTTPS connection (1): www.google.com:443
21:29:06 [DEBUG] Starting new HTTPS connection (1): www.google.com:443
21:29:06 [DEBUG] Starting new HTTPS connection (1): www.google.com:443
21:29:06 [DEBUG] Starting new HTTPS connection (1): www.google.com:443
21:29:06 [INFO]    📊 Глубокая проверка: 192/1922 (10%) | ✅20 ❌172
21:29:06 [DEBUG] Starting new HTTPS connection (1): www.google.com:443
21:29:07 [DEBUG] Starting new HTTPS connection (1): www.google.com:443
21:29:07 [DEBUG] Starting new HTTPS connection (1): www.google.com:443
21:29:07 [DEBUG] Starting new HTTPS connection (1): www.google.com:443
21:29:07 [DEBUG] Starting new HTTPS connection (1): www.google.com:443
21:29:07 [DEBUG] Starting new HTTPS connection (1): www.google.com:443
21:29:07 [DEBUG] Starting new HTTPS connection (1): www.google.com:443
21:29:07 [DEBUG] Starting new HTTPS connection (1): www.google.com:443
21:29:07 [DEBUG] Starting new HTTPS connection (1): www.google.com:443
21:29:07 [DEBUG] Starting new HTTPS connection (1): www.google.com:443
21:29:08 [DEBUG] Starting new HTTPS connection (1): www.google.com:443
21:29:08 [DEBUG] Starting new HTTPS connection (1): www.google.com:443
21:29:08 [DEBUG] Starting new HTTPS connection (1): www.google.com:443
21:29:08 [DEBUG] Starting new HTTPS connection (1): www.google.com:443
21:29:08 [DEBUG] Starting new HTTPS connection (1): www.google.com:443
21:29:08 [DEBUG] Starting new HTTPS connection (1): www.google.com:443
21:29:09 [DEBUG] Starting new HTTPS connection (1): www.google.com:443
21:29:09 [DEBUG] Starting new HTTPS connection (1): www.google.com:443
21:29:09 [DEBUG] Starting new HTTPS connection (1): www.google.com:443
21:29:09 [DEBUG] Starting new HTTPS connection (1): www.google.com:443
21:29:09 [DEBUG] Starting new HTTPS connection (1): www.google.com:443
21:29:09 [DEBUG] Starting new HTTPS connection (1): www.google.com:443
21:29:09 [DEBUG] Starting new HTTPS connection (1): www.google.com:443
21:29:09 [DEBUG] Starting new HTTPS connection (1): www.google.com:443
21:29:09 [DEBUG] Starting new HTTPS connection (1): www.google.com:443
21:29:09 [DEBUG] Starting new HTTPS connection (1): www.google.com:443
21:29:10 [DEBUG] Starting new HTTPS connection (1): www.google.com:443
21:29:10 [DEBUG] Starting new HTTPS connection (1): www.google.com:443
21:29:10 [DEBUG] Starting new HTTPS connection (1): www.google.com:443
21:29:10 [DEBUG] Starting new HTTPS connection (1): www.google.com:443
21:29:10 [DEBUG] Starting new HTTPS connection (1): www.google.com:443
21:29:10 [DEBUG] Starting new HTTPS connection (1): www.google.com:443
21:29:10 [DEBUG] Starting new HTTPS connection (1): www.google.com:443
21:29:10 [DEBUG] Starting new HTTPS connection (1): www.google.com:443
21:29:10 [DEBUG] Starting new HTTPS connection (1): www.google.com:443
21:29:10 [DEBUG] Starting new HTTPS connection (1): www.google.com:443
21:29:10 [DEBUG] Starting new HTTPS connection (1): www.google.com:443
21:29:10 [DEBUG] Starting new HTTPS connection (1): www.google.com:443
21:29:10 [DEBUG] Starting new HTTPS connection (1): www.google.com:443
21:29:10 [DEBUG] Starting new HTTPS connection (1): www.google.com:443
21:29:11 [DEBUG] Starting new HTTPS connection (1): www.google.com:443
21:29:11 [DEBUG] Starting new HTTPS connection (1): www.google.com:443
21:29:11 [DEBUG] Starting new HTTPS connection (1): www.google.com:443
21:29:11 [DEBUG] Starting new HTTPS connection (1): www.google.com:443
21:29:11 [DEBUG] Starting new HTTPS connection (1): www.google.com:443
21:29:11 [DEBUG] Starting new HTTPS connection (1): www.google.com:443
21:29:11 [DEBUG] Starting new HTTPS connection (1): www.google.com:443
21:29:11 [DEBUG] Starting new HTTPS connection (1): www.google.com:443
21:29:11 [DEBUG] Starting new HTTPS connection (1): www.google.com:443
21:29:11 [DEBUG] Starting new HTTPS connection (1): www.google.com:443
21:29:11 [DEBUG] Starting new HTTPS connection (1): www.google.com:443
21:29:11 [DEBUG] Starting new HTTPS connection (1): www.google.com:443
21:29:11 [DEBUG] Starting new HTTPS connection (1): www.google.com:443
21:29:11 [DEBUG] Starting new HTTPS connection (1): www.google.com:443
21:29:11 [DEBUG] Starting new HTTPS connection (1): www.google.com:443
21:29:12 [DEBUG] Starting new HTTPS connection (1): www.google.com:443
21:29:12 [DEBUG] Starting new HTTPS connection (1): www.google.com:443
21:29:12 [DEBUG] Starting new HTTPS connection (1): www.google.com:443
21:29:12 [DEBUG] Starting new HTTPS connection (1): www.google.com:443
21:29:12 [DEBUG] Starting new HTTPS connection (1): www.google.com:443
21:29:12 [DEBUG] Starting new HTTPS connection (1): www.google.com:443
21:29:12 [DEBUG] Starting new HTTPS connection (1): www.google.com:443
21:29:12 [DEBUG] Starting new HTTPS connection (1): www.google.com:443
21:29:12 [DEBUG] Starting new HTTPS connection (1): www.google.com:443
21:29:12 [DEBUG] Starting new HTTPS connection (1): www.google.com:443
21:29:12 [DEBUG] Starting new HTTPS connection (1): www.google.com:443
21:29:12 [DEBUG] Starting new HTTPS connection (1): www.google.com:443
21:29:12 [DEBUG] Starting new HTTPS connection (1): www.google.com:443
21:29:12 [DEBUG] Starting new HTTPS connection (1): www.google.com:443
21:29:13 [DEBUG] Starting new HTTPS connection (1): www.google.com:443
21:29:13 [DEBUG] Starting new HTTPS connection (1): www.google.com:443
21:29:13 [DEBUG] Starting new HTTPS connection (1): www.google.com:443
21:29:13 [DEBUG] Starting new HTTPS connection (1): www.google.com:443
21:29:13 [DEBUG] Starting new HTTPS connection (1): www.google.com:443
21:29:13 [DEBUG] Starting new HTTPS connection (1): www.google.com:443
21:29:14 [DEBUG] Starting new HTTPS connection (1): www.google.com:443
21:29:15 [DEBUG] Starting new HTTPS connection (1): www.google.com:443
21:29:15 [DEBUG] Starting new HTTPS connection (1): www.google.com:443
21:29:15 [DEBUG] Starting new HTTPS connection (1): www.google.com:443
21:29:15 [DEBUG] Starting new HTTPS connection (1): www.google.com:443
21:29:15 [DEBUG] Starting new HTTPS connection (1): www.google.com:443
21:29:15 [DEBUG] Starting new HTTPS connection (1): www.google.com:443
21:29:15 [DEBUG] Starting new HTTPS connection (1): www.google.com:443
21:29:16 [DEBUG] Starting new HTTPS connection (1): www.google.com:443
21:29:16 [DEBUG] Starting new HTTPS connection (1): www.google.com:443
21:29:16 [DEBUG] Starting new HTTPS connection (1): www.google.com:443
21:29:16 [DEBUG] Starting new HTTPS connection (1): www.google.com:443
21:29:16 [DEBUG] Starting new HTTPS connection (1): www.google.com:443
21:29:16 [DEBUG] Starting new HTTPS connection (1): www.google.com:443
21:29:16 [DEBUG] Starting new HTTPS connection (1): www.google.com:443
21:29:16 [DEBUG] Starting new HTTPS connection (1): www.google.com:443
21:29:16 [DEBUG] Starting new HTTPS connection (1): www.google.com:443
21:29:16 [DEBUG] Starting new HTTPS connection (1): www.google.com:443
21:29:17 [DEBUG] Starting new HTTPS connection (1): www.google.com:443
21:29:17 [DEBUG] Starting new HTTPS connection (1): www.google.com:443
21:29:17 [DEBUG] Starting new HTTPS connection (1): www.google.com:443
21:29:17 [DEBUG] Starting new HTTPS connection (1): www.google.com:443
21:29:17 [DEBUG] Starting new HTTPS connection (1): www.google.com:443
21:29:17 [DEBUG] Starting new HTTPS connection (1): www.google.com:443
21:29:18 [DEBUG] Starting new HTTPS connection (1): www.google.com:443
21:29:18 [DEBUG] Starting new HTTPS connection (1): www.google.com:443
21:29:18 [DEBUG] Starting new HTTPS connection (1): www.google.com:443
21:29:18 [DEBUG] Starting new HTTPS connection (1): www.google.com:443
21:29:19 [DEBUG] Starting new HTTPS connection (1): www.google.com:443
21:29:19 [DEBUG] Starting new HTTPS connection (1): www.google.com:443
21:29:19 [DEBUG] Starting new HTTPS connection (1): www.google.com:443
21:29:20 [DEBUG] Starting new HTTPS connection (1): www.google.com:443
21:29:20 [DEBUG] Starting new HTTPS connection (1): www.google.com:443
21:29:20 [DEBUG] Starting new HTTPS connection (1): www.google.com:443
21:29:20 [DEBUG] Starting new HTTPS connection (1): www.google.com:443
21:29:20 [DEBUG] Starting new HTTPS connection (1): www.google.com:443
21:29:21 [DEBUG] Starting new HTTPS connection (1): www.google.com:443
21:29:21 [DEBUG] Starting new HTTPS connection (1): www.google.com:443
21:29:21 [DEBUG] Starting new HTTPS connection (1): www.google.com:443
21:29:21 [DEBUG] Starting new HTTPS connection (1): www.google.com:443
21:29:21 [DEBUG] Starting new HTTPS connection (1): www.google.com:443
21:29:21 [DEBUG] Starting new HTTPS connection (1): www.google.com:443
21:29:21 [DEBUG] Starting new HTTPS connection (1): www.google.com:443
21:29:21 [DEBUG] Starting new HTTPS connection (1): www.google.com:443
21:29:22 [DEBUG] Starting new HTTPS connection (1): www.google.com:443
21:29:22 [DEBUG] Starting new HTTPS connection (1): www.google.com:443
21:29:22 [DEBUG] Starting new HTTPS connection (1): www.google.com:443
21:29:22 [DEBUG] Starting new HTTPS connection (1): www.google.com:443
21:29:22 [DEBUG] Starting new HTTPS connection (1): www.google.com:443
21:29:22 [DEBUG] Starting new HTTPS connection (1): www.google.com:443
21:29:23 [DEBUG] Starting new HTTPS connection (1): www.google.com:443
21:29:23 [DEBUG] Starting new HTTPS connection (1): www.google.com:443
21:29:24 [DEBUG] Starting new HTTPS connection (1): www.google.com:443
21:29:24 [DEBUG] Starting new HTTPS connection (1): www.google.com:443
21:29:24 [DEBUG] Starting new HTTPS connection (1): www.google.com:443
21:29:25 [DEBUG] Starting new HTTPS connection (1): www.google.com:443
21:29:25 [DEBUG] Starting new HTTPS connection (1): www.google.com:443
21:29:25 [DEBUG] Starting new HTTPS connection (1): www.google.com:443
21:29:25 [DEBUG] Starting new HTTPS connection (1): www.google.com:443
21:29:25 [DEBUG] Starting new HTTPS connection (1): www.google.com:443
21:29:25 [DEBUG] Starting new HTTPS connection (1): www.google.com:443
21:29:25 [DEBUG] Starting new HTTPS connection (1): www.google.com:443
21:29:26 [DEBUG] Starting new HTTPS connection (1): www.google.com:443
21:29:27 [DEBUG] Starting new HTTPS connection (1): www.google.com:443
21:29:27 [DEBUG] Starting new HTTPS connection (1): www.google.com:443
21:29:28 [DEBUG] Starting new HTTPS connection (1): www.google.com:443
21:29:28 [DEBUG] Starting new HTTPS connection (1): www.google.com:443
21:29:28 [DEBUG] Starting new HTTPS connection (1): www.google.com:443
21:29:28 [DEBUG] Starting new HTTPS connection (1): www.google.com:443
21:29:28 [DEBUG] Starting new HTTPS connection (1): www.google.com:443
21:29:28 [DEBUG] Starting new HTTPS connection (1): www.google.com:443
21:29:29 [DEBUG] Starting new HTTPS connection (1): www.google.com:443
21:29:29 [DEBUG] Starting new HTTPS connection (1): www.google.com:443
21:29:30 [DEBUG] Starting new HTTPS connection (1): www.google.com:443
21:29:31 [DEBUG] Starting new HTTPS connection (1): www.google.com:443
21:29:31 [DEBUG] Starting new HTTPS connection (1): www.google.com:443
21:29:31 [DEBUG] Starting new HTTPS connection (1): www.google.com:443
21:29:31 [DEBUG] Starting new HTTPS connection (1): www.google.com:443
21:29:31 [DEBUG] Starting new HTTPS connection (1): www.google.com:443
21:29:32 [DEBUG] Starting new HTTPS connection (1): www.google.com:443
21:29:32 [DEBUG] Starting new HTTPS connection (1): www.google.com:443
21:29:32 [DEBUG] Starting new HTTPS connection (1): www.google.com:443
21:29:32 [DEBUG] Starting new HTTPS connection (1): www.google.com:443
21:29:32 [DEBUG] Starting new HTTPS connection (1): www.google.com:443
21:29:33 [DEBUG] Starting new HTTPS connection (1): www.google.com:443
21:29:33 [DEBUG] Starting new HTTPS connection (1): www.google.com:443
21:29:33 [DEBUG] Starting new HTTPS connection (1): www.google.com:443
21:29:34 [DEBUG] Starting new HTTPS connection (1): www.google.com:443
21:29:34 [DEBUG] Starting new HTTPS connection (1): www.google.com:443
21:29:34 [DEBUG] Starting new HTTPS connection (1): www.google.com:443
21:29:34 [DEBUG] Starting new HTTPS connection (1): www.google.com:443
21:29:34 [DEBUG] Starting new HTTPS connection (1): www.google.com:443
21:29:34 [DEBUG] Starting new HTTPS connection (1): www.google.com:443
21:29:35 [DEBUG] Starting new HTTPS connection (1): www.google.com:443
21:29:35 [DEBUG] Starting new HTTPS connection (1): www.google.com:443
21:29:35 [DEBUG] Starting new HTTPS connection (1): www.google.com:443
21:29:35 [DEBUG] Starting new HTTPS connection (1): www.google.com:443
21:29:35 [DEBUG] Starting new HTTPS connection (1): www.google.com:443
21:29:35 [DEBUG] Starting new HTTPS connection (1): www.google.com:443
21:29:35 [DEBUG] Starting new HTTPS connection (1): www.google.com:443
21:29:35 [DEBUG] Starting new HTTPS connection (1): www.google.com:443
21:29:36 [DEBUG] Starting new HTTPS connection (1): www.google.com:443
21:29:36 [DEBUG] Starting new HTTPS connection (1): www.google.com:443
21:29:36 [DEBUG] Starting new HTTPS connection (1): www.google.com:443
21:29:36 [DEBUG] Starting new HTTPS connection (1): www.google.com:443
21:29:36 [DEBUG] Starting new HTTPS connection (1): www.google.com:443
21:29:36 [DEBUG] Starting new HTTPS connection (1): www.google.com:443
21:29:36 [DEBUG] Starting new HTTPS connection (1): www.google.com:443
21:29:36 [DEBUG] Starting new HTTPS connection (1): www.google.com:443
21:29:37 [DEBUG] Starting new HTTPS connection (1): www.google.com:443
21:29:37 [DEBUG] Starting new HTTPS connection (1): www.google.com:443
21:29:37 [DEBUG] Starting new HTTPS connection (1): www.google.com:443
21:29:37 [DEBUG] Starting new HTTPS connection (1): www.google.com:443
21:29:37 [DEBUG] Starting new HTTPS connection (1): www.google.com:443
21:29:38 [DEBUG] Starting new HTTPS connection (1): www.google.com:443
21:29:38 [DEBUG] Starting new HTTPS connection (1): www.google.com:443
21:29:39 [DEBUG] Starting new HTTPS connection (1): www.google.com:443
21:29:39 [DEBUG] Starting new HTTPS connection (1): www.google.com:443
21:29:39 [DEBUG] Starting new HTTPS connection (1): www.google.com:443
21:29:40 [DEBUG] Starting new HTTPS connection (1): www.google.com:443
21:29:40 [DEBUG] Starting new HTTPS connection (1): www.google.com:443
21:29:40 [DEBUG] Starting new HTTPS connection (1): www.google.com:443
21:29:41 [INFO]    📊 Глубокая проверка: 384/1922 (20%) | ✅20 ❌364
21:29:41 [DEBUG] Starting new HTTPS connection (1): www.google.com:443
21:29:41 [DEBUG] Starting new HTTPS connection (1): www.google.com:443
21:29:42 [DEBUG] Starting new HTTPS connection (1): www.google.com:443
21:29:42 [DEBUG] Starting new HTTPS connection (1): www.google.com:443
21:29:42 [DEBUG] Starting new HTTPS connection (1): www.google.com:443
21:29:42 [DEBUG] Starting new HTTPS connection (1): www.google.com:443
21:29:42 [DEBUG] https://www.google.com:443 "GET /generate_204 HTTP/1.1" 204 0
21:29:42 [DEBUG] https://www.google.com:443 "GET /generate_204 HTTP/1.1" 204 0
21:29:42 [DEBUG] Starting new HTTPS connection (1): dl.google.com:443
21:29:42 [DEBUG] https://www.google.com:443 "GET /generate_204 HTTP/1.1" 204 0
21:29:42 [DEBUG] Starting new HTTPS connection (1): dl.google.com:443
21:29:42 [DEBUG] Starting new HTTPS connection (1): dl.google.com:443
21:29:42 [DEBUG] https://dl.google.com:443 "GET /dl/android/studio/install/3.4.1.0/android-studio-ide-183.5522156-windows.exe HTTP/1.1" 200 1017327996
21:29:42 [INFO]    🎯 5.175.141.238 (Германия) - 67.2 Mbps, 135ms, UDP✅
21:29:42 [DEBUG] https://dl.google.com:443 "GET /dl/android/studio/install/3.4.1.0/android-studio-ide-183.5522156-windows.exe HTTP/1.1" 200 1017327996
21:29:42 [INFO]    🎯 45.135.194.50 (Германия) - 64.3 Mbps, 99ms, UDP✅
21:29:42 [DEBUG] Starting new HTTPS connection (1): www.google.com:443
21:29:42 [DEBUG] https://www.google.com:443 "GET /generate_204 HTTP/1.1" 204 0
21:29:42 [DEBUG] Starting new HTTPS connection (1): dl.google.com:443
21:29:42 [DEBUG] Starting new HTTPS connection (1): www.google.com:443
21:29:42 [DEBUG] https://dl.google.com:443 "GET /dl/android/studio/install/3.4.1.0/android-studio-ide-183.5522156-windows.exe HTTP/1.1" 200 1017327996
21:29:43 [DEBUG] https://www.google.com:443 "GET /generate_204 HTTP/1.1" 204 0
21:29:43 [INFO]    🎯 87.120.84.221 (Германия) - 110.3 Mbps, 47ms, UDP✅
21:29:43 [DEBUG] Starting new HTTPS connection (1): dl.google.com:443
21:29:43 [DEBUG] Starting new HTTPS connection (1): www.google.com:443
21:29:43 [DEBUG] https://dl.google.com:443 "GET /dl/android/studio/install/3.4.1.0/android-studio-ide-183.5522156-windows.exe HTTP/1.1" 200 1017327996
21:29:43 [DEBUG] Starting new HTTPS connection (1): www.google.com:443
21:29:43 [INFO]    🎯 80.253.249.174 (Германия) - 39.3 Mbps, 83ms, UDP✅
21:29:43 [DEBUG] Starting new HTTPS connection (1): www.google.com:443
21:29:43 [DEBUG] https://www.google.com:443 "GET /generate_204 HTTP/1.1" 204 0
21:29:43 [DEBUG] Starting new HTTPS connection (1): dl.google.com:443
21:29:43 [DEBUG] Starting new HTTPS connection (1): www.google.com:443
21:29:43 [DEBUG] Starting new HTTPS connection (1): www.google.com:443
21:29:43 [DEBUG] https://www.google.com:443 "GET /generate_204 HTTP/1.1" 204 0
21:29:43 [DEBUG] Starting new HTTPS connection (1): dl.google.com:443
21:29:43 [DEBUG] Starting new HTTPS connection (1): www.google.com:443
21:29:43 [DEBUG] https://dl.google.com:443 "GET /dl/android/studio/install/3.4.1.0/android-studio-ide-183.5522156-windows.exe HTTP/1.1" 200 1017327996
21:29:43 [DEBUG] https://dl.google.com:443 "GET /dl/android/studio/install/3.4.1.0/android-studio-ide-183.5522156-windows.exe HTTP/1.1" 200 1017327996
21:29:44 [DEBUG] Starting new HTTPS connection (1): www.google.com:443
21:29:44 [INFO]    🎯 57.129.53.182 (Германия) - 59.1 Mbps, 31ms, UDP✅
21:29:44 [INFO]    🎯 193.23.219.163 (Германия) - 45.4 Mbps, 53ms, UDP✅
21:29:44 [DEBUG] https://dl.google.com:443 "GET /dl/android/studio/install/3.4.1.0/android-studio-ide-183.5522156-windows.exe HTTP/1.1" 200 1017327996
21:29:44 [INFO]    🎯 57.129.53.181 (Германия) - 9.1 Mbps, 248ms, UDP✅
21:29:44 [DEBUG] Starting new HTTPS connection (1): www.google.com:443
21:29:44 [DEBUG] Starting new HTTPS connection (1): www.google.com:443
21:29:45 [DEBUG] Starting new HTTPS connection (1): www.google.com:443
21:29:45 [DEBUG] Starting new HTTPS connection (1): www.google.com:443
21:29:45 [DEBUG] Starting new HTTPS connection (1): www.google.com:443
21:29:45 [DEBUG] Starting new HTTPS connection (1): www.google.com:443
21:29:45 [DEBUG] Starting new HTTPS connection (1): www.google.com:443
21:29:46 [DEBUG] Starting new HTTPS connection (1): www.google.com:443
21:29:46 [DEBUG] Starting new HTTPS connection (1): www.google.com:443
21:29:46 [DEBUG] Starting new HTTPS connection (1): www.google.com:443
21:29:46 [DEBUG] Starting new HTTPS connection (1): www.google.com:443
21:29:46 [DEBUG] Starting new HTTPS connection (1): www.google.com:443
21:29:47 [DEBUG] Starting new HTTPS connection (1): www.google.com:443
21:29:47 [DEBUG] Starting new HTTPS connection (1): www.google.com:443
21:29:47 [DEBUG] Starting new HTTPS connection (1): www.google.com:443
21:29:47 [DEBUG] Starting new HTTPS connection (1): www.google.com:443
21:29:47 [DEBUG] Starting new HTTPS connection (1): www.google.com:443
21:29:47 [DEBUG] Starting new HTTPS connection (1): www.google.com:443
21:29:47 [DEBUG] Starting new HTTPS connection (1): www.google.com:443
21:29:47 [DEBUG] Starting new HTTPS connection (1): www.google.com:443
21:29:47 [DEBUG] Starting new HTTPS connection (1): www.google.com:443
21:29:48 [DEBUG] Starting new HTTPS connection (1): www.google.com:443
21:29:48 [DEBUG] Starting new HTTPS connection (1): www.google.com:443
21:29:48 [DEBUG] Starting new HTTPS connection (1): www.google.com:443
21:29:48 [DEBUG] Starting new HTTPS connection (1): www.google.com:443
21:29:48 [DEBUG] Starting new HTTPS connection (1): www.google.com:443
21:29:48 [DEBUG] Starting new HTTPS connection (1): www.google.com:443
21:29:48 [DEBUG] Starting new HTTPS connection (1): www.google.com:443
21:29:48 [DEBUG] Starting new HTTPS connection (1): www.google.com:443
21:29:48 [DEBUG] Starting new HTTPS connection (1): www.google.com:443
21:29:48 [DEBUG] Starting new HTTPS connection (1): www.google.com:443
21:29:48 [DEBUG] Starting new HTTPS connection (1): www.google.com:443
21:29:49 [DEBUG] Starting new HTTPS connection (1): www.google.com:443
21:29:49 [DEBUG] Starting new HTTPS connection (1): www.google.com:443
21:29:49 [DEBUG] Starting new HTTPS connection (1): www.google.com:443
21:29:49 [DEBUG] Starting new HTTPS connection (1): www.google.com:443
21:29:49 [DEBUG] Starting new HTTPS connection (1): www.google.com:443
21:29:49 [DEBUG] Starting new HTTPS connection (1): www.google.com:443
21:29:49 [DEBUG] Starting new HTTPS connection (1): www.google.com:443
21:29:49 [DEBUG] Starting new HTTPS connection (1): www.google.com:443
21:29:49 [DEBUG] Starting new HTTPS connection (1): www.google.com:443
21:29:50 [DEBUG] Starting new HTTPS connection (1): www.google.com:443
21:29:50 [DEBUG] https://www.google.com:443 "GET /generate_204 HTTP/1.1" 204 0
21:29:50 [DEBUG] Starting new HTTPS connection (1): www.google.com:443
21:29:50 [DEBUG] Starting new HTTPS connection (1): www.google.com:443
21:29:50 [DEBUG] Starting new HTTPS connection (1): www.google.com:443
21:29:50 [DEBUG] Starting new HTTPS connection (1): www.google.com:443
21:29:50 [DEBUG] Starting new HTTPS connection (1): www.google.com:443
21:29:50 [DEBUG] Starting new HTTPS connection (1): www.google.com:443
21:29:50 [DEBUG] Starting new HTTPS connection (1): www.google.com:443
21:29:50 [DEBUG] Starting new HTTPS connection (1): dl.google.com:443
21:29:50 [DEBUG] Starting new HTTPS connection (1): www.google.com:443
21:29:51 [DEBUG] Starting new HTTPS connection (1): www.google.com:443
21:29:51 [DEBUG] Starting new HTTPS connection (1): www.google.com:443
21:29:51 [DEBUG] Starting new HTTPS connection (1): www.google.com:443
21:29:51 [DEBUG] Starting new HTTPS connection (1): www.google.com:443
21:29:51 [DEBUG] Starting new HTTPS connection (1): www.google.com:443
21:29:51 [DEBUG] Starting new HTTPS connection (1): www.google.com:443
21:29:51 [DEBUG] https://dl.google.com:443 "GET /dl/android/studio/install/3.4.1.0/android-studio-ide-183.5522156-windows.exe HTTP/1.1" 200 1017327996
21:29:51 [DEBUG] Starting new HTTPS connection (1): www.google.com:443
21:29:51 [DEBUG] Starting new HTTPS connection (1): www.google.com:443
21:29:51 [DEBUG] Starting new HTTPS connection (1): www.google.com:443
21:29:51 [DEBUG] Starting new HTTPS connection (1): www.google.com:443
21:29:51 [DEBUG] Starting new HTTPS connection (1): www.google.com:443
21:29:51 [DEBUG] Starting new HTTPS connection (1): www.google.com:443
21:29:51 [DEBUG] Starting new HTTPS connection (1): www.google.com:443
21:29:51 [DEBUG] Starting new HTTPS connection (1): www.google.com:443
21:29:52 [DEBUG] Starting new HTTPS connection (1): www.google.com:443
21:29:52 [DEBUG] Starting new HTTPS connection (1): www.google.com:443
21:29:52 [DEBUG] Starting new HTTPS connection (1): www.google.com:443
21:29:52 [DEBUG] Starting new HTTPS connection (1): www.google.com:443
21:29:52 [INFO]    🎯 185.236.26.58 (Германия) - 10.9 Mbps, 7131ms, UDP✅
21:29:52 [DEBUG] Starting new HTTPS connection (1): www.google.com:443
21:29:52 [DEBUG] Starting new HTTPS connection (1): www.google.com:443
21:29:52 [DEBUG] Starting new HTTPS connection (1): www.google.com:443
21:29:52 [DEBUG] Starting new HTTPS connection (1): www.google.com:443
21:29:52 [DEBUG] Starting new HTTPS connection (1): www.google.com:443
21:29:52 [DEBUG] Starting new HTTPS connection (1): www.google.com:443
21:29:52 [DEBUG] Starting new HTTPS connection (1): www.google.com:443
21:29:52 [DEBUG] https://www.google.com:443 "GET /generate_204 HTTP/1.1" 204 0
21:29:52 [DEBUG] Starting new HTTPS connection (1): dl.google.com:443
21:29:52 [DEBUG] Starting new HTTPS connection (1): www.google.com:443
21:29:52 [DEBUG] https://dl.google.com:443 "GET /dl/android/studio/install/3.4.1.0/android-studio-ide-183.5522156-windows.exe HTTP/1.1" 200 1017327996
21:29:52 [DEBUG] Starting new HTTPS connection (1): www.google.com:443
21:29:52 [INFO]    🎯 57.129.53.180 (Германия) - 67.9 Mbps, 48ms, UDP✅
21:29:53 [DEBUG] Starting new HTTPS connection (1): www.google.com:443
21:29:53 [DEBUG] Starting new HTTPS connection (1): www.google.com:443
21:29:53 [DEBUG] Starting new HTTPS connection (1): www.google.com:443
21:29:53 [DEBUG] Starting new HTTPS connection (1): www.google.com:443
21:29:54 [DEBUG] Starting new HTTPS connection (1): www.google.com:443
21:29:55 [DEBUG] Starting new HTTPS connection (1): www.google.com:443
21:29:55 [DEBUG] Starting new HTTPS connection (1): www.google.com:443
21:29:55 [DEBUG] Starting new HTTPS connection (1): www.google.com:443
21:29:55 [DEBUG] Starting new HTTPS connection (1): www.google.com:443
21:29:55 [DEBUG] Starting new HTTPS connection (1): www.google.com:443
21:29:55 [DEBUG] Starting new HTTPS connection (1): www.google.com:443
21:29:55 [DEBUG] Starting new HTTPS connection (1): www.google.com:443
21:29:55 [DEBUG] Starting new HTTPS connection (1): www.google.com:443
21:29:55 [DEBUG] Starting new HTTPS connection (1): www.google.com:443
21:29:56 [DEBUG] Starting new HTTPS connection (1): www.google.com:443
21:29:56 [DEBUG] Starting new HTTPS connection (1): www.google.com:443
21:29:56 [DEBUG] Starting new HTTPS connection (1): www.google.com:443
21:29:56 [DEBUG] Starting new HTTPS connection (1): www.google.com:443
21:29:56 [DEBUG] Starting new HTTPS connection (1): www.google.com:443
21:29:56 [DEBUG] Starting new HTTPS connection (1): www.google.com:443
21:29:57 [DEBUG] Starting new HTTPS connection (1): www.google.com:443
21:29:57 [DEBUG] Starting new HTTPS connection (1): www.google.com:443
21:29:57 [DEBUG] Starting new HTTPS connection (1): www.google.com:443
21:29:57 [DEBUG] Starting new HTTPS connection (1): www.google.com:443
21:29:57 [DEBUG] Starting new HTTPS connection (1): www.google.com:443
21:29:58 [DEBUG] Starting new HTTPS connection (1): www.google.com:443
21:29:58 [DEBUG] Starting new HTTPS connection (1): www.google.com:443
21:29:58 [DEBUG] Starting new HTTPS connection (1): www.google.com:443
21:29:58 [DEBUG] Starting new HTTPS connection (1): www.google.com:443
21:29:58 [DEBUG] Starting new HTTPS connection (1): www.google.com:443
21:29:59 [DEBUG] Starting new HTTPS connection (1): www.google.com:443
21:29:59 [DEBUG] Starting new HTTPS connection (1): www.google.com:443
21:29:59 [DEBUG] Starting new HTTPS connection (1): www.google.com:443
21:29:59 [DEBUG] Starting new HTTPS connection (1): www.google.com:443
21:30:00 [DEBUG] Starting new HTTPS connection (1): www.google.com:443
21:30:00 [DEBUG] Starting new HTTPS connection (1): www.google.com:443
21:30:00 [DEBUG] Starting new HTTPS connection (1): www.google.com:443
21:30:00 [DEBUG] Starting new HTTPS connection (1): www.google.com:443
21:30:00 [DEBUG] Starting new HTTPS connection (1): www.google.com:443
21:30:00 [DEBUG] Starting new HTTPS connection (1): www.google.com:443
21:30:01 [DEBUG] Starting new HTTPS connection (1): www.google.com:443
21:30:01 [DEBUG] Starting new HTTPS connection (1): www.google.com:443
21:30:01 [DEBUG] Starting new HTTPS connection (1): www.google.com:443
21:30:01 [DEBUG] Starting new HTTPS connection (1): www.google.com:443
21:30:01 [DEBUG] Starting new HTTPS connection (1): www.google.com:443
21:30:01 [DEBUG] Starting new HTTPS connection (1): www.google.com:443
21:30:02 [DEBUG] Starting new HTTPS connection (1): www.google.com:443
21:30:02 [DEBUG] Starting new HTTPS connection (1): www.google.com:443
21:30:02 [DEBUG] Starting new HTTPS connection (1): www.google.com:443
21:30:02 [DEBUG] Starting new HTTPS connection (1): www.google.com:443
21:30:03 [DEBUG] Starting new HTTPS connection (1): www.google.com:443
21:30:03 [DEBUG] Starting new HTTPS connection (1): www.google.com:443
21:30:03 [DEBUG] Starting new HTTPS connection (1): www.google.com:443
21:30:03 [DEBUG] Starting new HTTPS connection (1): www.google.com:443
21:30:04 [DEBUG] Starting new HTTPS connection (1): www.google.com:443
21:30:04 [DEBUG] Starting new HTTPS connection (1): www.google.com:443
21:30:05 [DEBUG] Starting new HTTPS connection (1): www.google.com:443
21:30:05 [DEBUG] Starting new HTTPS connection (1): www.google.com:443
21:30:06 [DEBUG] Starting new HTTPS connection (1): www.google.com:443
21:30:06 [DEBUG] Starting new HTTPS connection (1): www.google.com:443
21:30:06 [DEBUG] Starting new HTTPS connection (1): www.google.com:443
21:30:06 [DEBUG] Starting new HTTPS connection (1): www.google.com:443
21:30:07 [DEBUG] Starting new HTTPS connection (1): www.google.com:443
21:30:07 [DEBUG] Starting new HTTPS connection (1): www.google.com:443
21:30:09 [DEBUG] Starting new HTTPS connection (1): www.google.com:443
21:30:09 [DEBUG] Starting new HTTPS connection (1): www.google.com:443
21:30:09 [DEBUG] Starting new HTTPS connection (1): www.google.com:443
21:30:10 [DEBUG] Starting new HTTPS connection (1): www.google.com:443
21:30:10 [DEBUG] Starting new HTTPS connection (1): www.google.com:443
21:30:10 [DEBUG] Starting new HTTPS connection (1): www.google.com:443
21:30:10 [DEBUG] Starting new HTTPS connection (1): www.google.com:443
21:30:11 [DEBUG] Starting new HTTPS connection (1): www.google.com:443
21:30:12 [DEBUG] Starting new HTTPS connection (1): www.google.com:443
21:30:12 [DEBUG] Starting new HTTPS connection (1): www.google.com:443
21:30:12 [DEBUG] Starting new HTTPS connection (1): www.google.com:443
21:30:12 [DEBUG] Starting new HTTPS connection (1): www.google.com:443
21:30:12 [DEBUG] Starting new HTTPS connection (1): www.google.com:443
21:30:12 [DEBUG] Starting new HTTPS connection (1): www.google.com:443
21:30:12 [DEBUG] Starting new HTTPS connection (1): www.google.com:443
21:30:12 [DEBUG] Starting new HTTPS connection (1): www.google.com:443
21:30:12 [DEBUG] Starting new HTTPS connection (1): www.google.com:443
21:30:12 [DEBUG] https://www.google.com:443 "GET /generate_204 HTTP/1.1" 204 0
21:30:12 [DEBUG] https://www.google.com:443 "GET /generate_204 HTTP/1.1" 204 0
21:30:13 [DEBUG] Starting new HTTPS connection (1): dl.google.com:443
21:30:13 [DEBUG] Starting new HTTPS connection (1): www.google.com:443
21:30:13 [DEBUG] https://dl.google.com:443 "GET /dl/android/studio/install/3.4.1.0/android-studio-ide-183.5522156-windows.exe HTTP/1.1" 200 1017327996
21:30:13 [INFO]    🎯 51.75.75.109 (Германия) - 74.0 Mbps, 106ms, UDP✅
21:30:13 [DEBUG] Starting new HTTPS connection (1): dl.google.com:443
21:30:13 [DEBUG] Starting new HTTPS connection (1): www.google.com:443
21:30:13 [DEBUG] Starting new HTTPS connection (1): www.google.com:443
21:30:13 [DEBUG] https://www.google.com:443 "GET /generate_204 HTTP/1.1" 204 0
21:30:13 [DEBUG] Starting new HTTPS connection (1): dl.google.com:443
21:30:13 [DEBUG] https://dl.google.com:443 "GET /dl/android/studio/install/3.4.1.0/android-studio-ide-183.5522156-windows.exe HTTP/1.1" 200 1017327996
21:30:13 [INFO]    🎯 57.129.63.152 (Германия) - 61.8 Mbps, 105ms, UDP✅
21:30:13 [DEBUG] Starting new HTTPS connection (1): www.google.com:443
21:30:13 [DEBUG] https://dl.google.com:443 "GET /dl/android/studio/install/3.4.1.0/android-studio-ide-183.5522156-windows.exe HTTP/1.1" 200 1017327996
21:30:13 [DEBUG] Starting new HTTPS connection (1): www.google.com:443
21:30:13 [INFO]    🎯 139.59.152.149 (Германия) - 48.6 Mbps, 136ms, UDP✅
21:30:13 [DEBUG] Starting new HTTPS connection (1): www.google.com:443
21:30:14 [DEBUG] Starting new HTTPS connection (1): www.google.com:443
21:30:14 [DEBUG] Starting new HTTPS connection (1): www.google.com:443
21:30:14 [DEBUG] Starting new HTTPS connection (1): www.google.com:443
21:30:14 [DEBUG] Starting new HTTPS connection (1): www.google.com:443
21:30:14 [DEBUG] Starting new HTTPS connection (1): www.google.com:443
21:30:14 [DEBUG] Starting new HTTPS connection (1): www.google.com:443
21:30:14 [DEBUG] Starting new HTTPS connection (1): www.google.com:443
21:30:14 [DEBUG] Starting new HTTPS connection (1): www.google.com:443
21:30:15 [DEBUG] Starting new HTTPS connection (1): www.google.com:443
21:30:15 [DEBUG] Starting new HTTPS connection (1): www.google.com:443
21:30:15 [INFO]    📊 Глубокая проверка: 576/1922 (30%) | ✅32 ❌544
21:30:15 [DEBUG] Starting new HTTPS connection (1): www.google.com:443
21:30:15 [DEBUG] Starting new HTTPS connection (1): www.google.com:443
21:30:15 [DEBUG] Starting new HTTPS connection (1): www.google.com:443
21:30:15 [DEBUG] Starting new HTTPS connection (1): www.google.com:443
21:30:15 [DEBUG] Starting new HTTPS connection (1): www.google.com:443
21:30:15 [DEBUG] Starting new HTTPS connection (1): www.google.com:443
21:30:16 [DEBUG] Starting new HTTPS connection (1): www.google.com:443
21:30:16 [DEBUG] Starting new HTTPS connection (1): www.google.com:443
21:30:16 [DEBUG] Starting new HTTPS connection (1): www.google.com:443
21:30:16 [DEBUG] Starting new HTTPS connection (1): www.google.com:443
21:30:16 [DEBUG] Starting new HTTPS connection (1): www.google.com:443
21:30:16 [DEBUG] Starting new HTTPS connection (1): www.google.com:443
21:30:16 [DEBUG] Starting new HTTPS connection (1): www.google.com:443
21:30:17 [DEBUG] Starting new HTTPS connection (1): www.google.com:443
21:30:17 [DEBUG] Starting new HTTPS connection (1): www.google.com:443
21:30:17 [DEBUG] Starting new HTTPS connection (1): www.google.com:443
21:30:17 [DEBUG] Starting new HTTPS connection (1): www.google.com:443
21:30:17 [DEBUG] Starting new HTTPS connection (1): www.google.com:443
21:30:17 [DEBUG] Starting new HTTPS connection (1): www.google.com:443
21:30:17 [DEBUG] Starting new HTTPS connection (1): www.google.com:443
21:30:17 [DEBUG] Starting new HTTPS connection (1): www.google.com:443
21:30:18 [DEBUG] Starting new HTTPS connection (1): www.google.com:443
21:30:18 [DEBUG] Starting new HTTPS connection (1): www.google.com:443
21:30:19 [DEBUG] Starting new HTTPS connection (1): www.google.com:443
21:30:19 [DEBUG] Starting new HTTPS connection (1): www.google.com:443
21:30:19 [DEBUG] https://www.google.com:443 "GET /generate_204 HTTP/1.1" 204 0
21:30:19 [DEBUG] Starting new HTTPS connection (1): www.google.com:443
21:30:19 [DEBUG] Starting new HTTPS connection (1): www.google.com:443
21:30:19 [DEBUG] Starting new HTTPS connection (1): www.google.com:443
21:30:19 [DEBUG] https://www.google.com:443 "GET /generate_204 HTTP/1.1" 204 0
21:30:19 [DEBUG] Starting new HTTPS connection (1): dl.google.com:443
21:30:20 [DEBUG] Starting new HTTPS connection (1): dl.google.com:443
21:30:20 [DEBUG] https://dl.google.com:443 "GET /dl/android/studio/install/3.4.1.0/android-studio-ide-183.5522156-windows.exe HTTP/1.1" 200 1017327996
21:30:20 [DEBUG] Starting new HTTPS connection (1): www.google.com:443
21:30:20 [INFO]    🎯 176.96.138.17 (Германия) - 64.9 Mbps, 142ms, UDP✅
21:30:20 [DEBUG] https://www.google.com:443 "GET /generate_204 HTTP/1.1" 204 0
21:30:20 [DEBUG] Starting new HTTPS connection (1): www.google.com:443
21:30:20 [DEBUG] Starting new HTTPS connection (1): www.google.com:443
21:30:20 [DEBUG] Starting new HTTPS connection (1): www.google.com:443
21:30:20 [DEBUG] Starting new HTTPS connection (1): dl.google.com:443
21:30:20 [DEBUG] https://dl.google.com:443 "GET /dl/android/studio/install/3.4.1.0/android-studio-ide-183.5522156-windows.exe HTTP/1.1" 200 1017327996
21:30:20 [DEBUG] Starting new HTTPS connection (1): www.google.com:443
21:30:20 [DEBUG] Starting new HTTPS connection (1): www.google.com:443
21:30:20 [DEBUG] Starting new HTTPS connection (1): www.google.com:443
21:30:20 [INFO]    🎯 80.66.87.77 (Германия) - 57.2 Mbps, 1145ms, UDP✅
21:30:20 [DEBUG] Starting new HTTPS connection (1): www.google.com:443
21:30:21 [DEBUG] https://dl.google.com:443 "GET /dl/android/studio/install/3.4.1.0/android-studio-ide-183.5522156-windows.exe HTTP/1.1" 200 1017327996
21:30:21 [DEBUG] Starting new HTTPS connection (1): www.google.com:443
21:30:21 [DEBUG] Starting new HTTPS connection (1): www.google.com:443
21:30:21 [DEBUG] Starting new HTTPS connection (1): www.google.com:443
21:30:21 [DEBUG] Starting new HTTPS connection (1): www.google.com:443
21:30:21 [DEBUG] Starting new HTTPS connection (1): www.google.com:443
21:30:21 [DEBUG] Starting new HTTPS connection (1): www.google.com:443
21:30:21 [DEBUG] Starting new HTTPS connection (1): www.google.com:443
21:30:21 [DEBUG] Starting new HTTPS connection (1): www.google.com:443
21:30:21 [DEBUG] Starting new HTTPS connection (1): www.google.com:443
21:30:23 [INFO]    🎯 193.23.219.163 (Германия) - 4.5 Mbps, 165ms, UDP✅
21:30:23 [DEBUG] Starting new HTTPS connection (1): www.google.com:443
21:30:24 [DEBUG] Starting new HTTPS connection (1): www.google.com:443
21:30:24 [DEBUG] Starting new HTTPS connection (1): www.google.com:443
21:30:24 [DEBUG] Starting new HTTPS connection (1): www.google.com:443
21:30:24 [DEBUG] Starting new HTTPS connection (1): www.google.com:443
21:30:24 [DEBUG] Starting new HTTPS connection (1): www.google.com:443
21:30:25 [DEBUG] Starting new HTTPS connection (1): www.google.com:443
21:30:25 [DEBUG] Starting new HTTPS connection (1): www.google.com:443
21:30:25 [DEBUG] Starting new HTTPS connection (1): www.google.com:443
21:30:27 [DEBUG] Starting new HTTPS connection (1): www.google.com:443
21:30:27 [DEBUG] Starting new HTTPS connection (1): www.google.com:443
21:30:27 [DEBUG] Starting new HTTPS connection (1): www.google.com:443
21:30:27 [DEBUG] https://www.google.com:443 "GET /generate_204 HTTP/1.1" 204 0
21:30:27 [DEBUG] Starting new HTTPS connection (1): dl.google.com:443
21:30:27 [DEBUG] https://dl.google.com:443 "GET /dl/android/studio/install/3.4.1.0/android-studio-ide-183.5522156-windows.exe HTTP/1.1" 200 1017327996
21:30:28 [DEBUG] Starting new HTTPS connection (1): www.google.com:443
21:30:28 [DEBUG] Starting new HTTPS connection (1): www.google.com:443
21:30:28 [DEBUG] https://www.google.com:443 "GET /generate_204 HTTP/1.1" 204 0
21:30:28 [DEBUG] Starting new HTTPS connection (1): dl.google.com:443
21:30:28 [DEBUG] Starting new HTTPS connection (1): www.google.com:443
21:30:28 [DEBUG] Starting new HTTPS connection (1): www.google.com:443
21:30:28 [DEBUG] Starting new HTTPS connection (1): www.google.com:443
21:30:28 [DEBUG] https://dl.google.com:443 "GET /dl/android/studio/install/3.4.1.0/android-studio-ide-183.5522156-windows.exe HTTP/1.1" 200 1017327996
21:30:28 [DEBUG] Starting new HTTPS connection (1): www.google.com:443
21:30:28 [DEBUG] Starting new HTTPS connection (1): www.google.com:443
21:30:28 [INFO]    🎯 5.10.247.238 (Нидерланды) - 47.7 Mbps, 90ms, UDP✅
21:30:28 [DEBUG] Starting new HTTPS connection (1): www.google.com:443
21:30:28 [DEBUG] https://www.google.com:443 "GET /generate_204 HTTP/1.1" 204 0
21:30:28 [DEBUG] Starting new HTTPS connection (1): dl.google.com:443
21:30:29 [DEBUG] https://dl.google.com:443 "GET /dl/android/studio/install/3.4.1.0/android-studio-ide-183.5522156-windows.exe HTTP/1.1" 200 1017327996
21:30:29 [INFO]    🎯 94.16.117.81 (Германия) - 83.6 Mbps, 118ms, UDP✅
21:30:29 [DEBUG] Starting new HTTPS connection (1): www.google.com:443
21:30:29 [DEBUG] Starting new HTTPS connection (1): www.google.com:443
21:30:29 [INFO]    🎯 87.120.166.214 (Германия) - 7.4 Mbps, 55ms, UDP✅
21:30:30 [DEBUG] Starting new HTTPS connection (1): www.google.com:443
21:30:30 [DEBUG] Starting new HTTPS connection (1): www.google.com:443
21:30:30 [DEBUG] Starting new HTTPS connection (1): www.google.com:443
21:30:30 [DEBUG] Starting new HTTPS connection (1): www.google.com:443
21:30:31 [DEBUG] Starting new HTTPS connection (1): www.google.com:443
21:30:31 [DEBUG] Starting new HTTPS connection (1): www.google.com:443
21:30:31 [DEBUG] Starting new HTTPS connection (1): www.google.com:443
21:30:31 [DEBUG] Starting new HTTPS connection (1): www.google.com:443
21:30:31 [DEBUG] Starting new HTTPS connection (1): www.google.com:443
21:30:31 [DEBUG] Starting new HTTPS connection (1): www.google.com:443
21:30:32 [DEBUG] Starting new HTTPS connection (1): www.google.com:443
21:30:32 [DEBUG] Starting new HTTPS connection (1): www.google.com:443
21:30:32 [DEBUG] Starting new HTTPS connection (1): www.google.com:443
21:30:32 [DEBUG] Starting new HTTPS connection (1): www.google.com:443
21:30:32 [DEBUG] Starting new HTTPS connection (1): www.google.com:443
21:30:32 [DEBUG] Starting new HTTPS connection (1): www.google.com:443
21:30:32 [DEBUG] Starting new HTTPS connection (1): www.google.com:443
21:30:32 [DEBUG] Starting new HTTPS connection (1): www.google.com:443
21:30:32 [DEBUG] Starting new HTTPS connection (1): www.google.com:443
21:30:32 [DEBUG] Starting new HTTPS connection (1): www.google.com:443
21:30:32 [DEBUG] Starting new HTTPS connection (1): www.google.com:443
21:30:33 [DEBUG] Starting new HTTPS connection (1): www.google.com:443
21:30:33 [DEBUG] Starting new HTTPS connection (1): www.google.com:443
21:30:33 [DEBUG] Starting new HTTPS connection (1): www.google.com:443
21:30:33 [DEBUG] Starting new HTTPS connection (1): www.google.com:443
21:30:33 [DEBUG] Starting new HTTPS connection (1): www.google.com:443
21:30:33 [DEBUG] https://www.google.com:443 "GET /generate_204 HTTP/1.1" 204 0
21:30:33 [DEBUG] Starting new HTTPS connection (1): dl.google.com:443
21:30:33 [DEBUG] Starting new HTTPS connection (1): www.google.com:443
21:30:33 [DEBUG] https://dl.google.com:443 "GET /dl/android/studio/install/3.4.1.0/android-studio-ide-183.5522156-windows.exe HTTP/1.1" 200 1017327996
21:30:33 [DEBUG] Starting new HTTPS connection (1): www.google.com:443
21:30:33 [DEBUG] Starting new HTTPS connection (1): www.google.com:443
21:30:33 [DEBUG] Starting new HTTPS connection (1): www.google.com:443
21:30:34 [DEBUG] Starting new HTTPS connection (1): www.google.com:443
21:30:34 [DEBUG] Starting new HTTPS connection (1): www.google.com:443
21:30:34 [DEBUG] Starting new HTTPS connection (1): www.google.com:443
21:30:34 [DEBUG] Starting new HTTPS connection (1): www.google.com:443
21:30:34 [DEBUG] Starting new HTTPS connection (1): www.google.com:443
21:30:34 [INFO]    🎯 37.120.184.180 (Германия) - 11.7 Mbps, 61ms, UDP✅
21:30:35 [DEBUG] Starting new HTTPS connection (1): www.google.com:443
21:30:35 [DEBUG] Starting new HTTPS connection (1): www.google.com:443
21:30:35 [DEBUG] Starting new HTTPS connection (1): www.google.com:443
21:30:35 [DEBUG] Starting new HTTPS connection (1): www.google.com:443
21:30:35 [DEBUG] Starting new HTTPS connection (1): www.google.com:443
21:30:36 [DEBUG] Starting new HTTPS connection (1): www.google.com:443
21:30:36 [DEBUG] Starting new HTTPS connection (1): www.google.com:443
21:30:36 [DEBUG] Starting new HTTPS connection (1): www.google.com:443
21:30:37 [DEBUG] Starting new HTTPS connection (1): www.google.com:443
21:30:37 [DEBUG] Starting new HTTPS connection (1): www.google.com:443
21:30:37 [DEBUG] https://www.google.com:443 "GET /generate_204 HTTP/1.1" 204 0
21:30:37 [DEBUG] Starting new HTTPS connection (1): dl.google.com:443
21:30:37 [DEBUG] https://dl.google.com:443 "GET /dl/android/studio/install/3.4.1.0/android-studio-ide-183.5522156-windows.exe HTTP/1.1" 200 1017327996
21:30:37 [INFO]    🎯 5.75.199.203 (Германия) - 66.0 Mbps, 112ms, UDP✅
21:30:38 [DEBUG] Starting new HTTPS connection (1): www.google.com:443
21:30:38 [DEBUG] Starting new HTTPS connection (1): www.google.com:443
21:30:38 [DEBUG] https://www.google.com:443 "GET /generate_204 HTTP/1.1" 204 0
21:30:38 [DEBUG] Starting new HTTPS connection (1): www.google.com:443
21:30:38 [DEBUG] https://www.google.com:443 "GET /generate_204 HTTP/1.1" 204 0
21:30:38 [DEBUG] Starting new HTTPS connection (1): dl.google.com:443
21:30:38 [DEBUG] Starting new HTTPS connection (1): dl.google.com:443
21:30:38 [DEBUG] https://dl.google.com:443 "GET /dl/android/studio/install/3.4.1.0/android-studio-ide-183.5522156-windows.exe HTTP/1.1" 200 1017327996
21:30:38 [DEBUG] https://dl.google.com:443 "GET /dl/android/studio/install/3.4.1.0/android-studio-ide-183.5522156-windows.exe HTTP/1.1" 200 1017327996
21:30:38 [INFO]    🎯 128.140.64.14 (Германия) - 57.9 Mbps, 130ms, UDP✅
21:30:38 [DEBUG] Starting new HTTPS connection (1): www.google.com:443
21:30:38 [DEBUG] Starting new HTTPS connection (1): www.google.com:443
21:30:38 [DEBUG] Starting new HTTPS connection (1): www.google.com:443
21:30:38 [DEBUG] Starting new HTTPS connection (1): www.google.com:443
21:30:39 [DEBUG] https://www.google.com:443 "GET /generate_204 HTTP/1.1" 204 0
21:30:39 [INFO]    🎯 37.120.186.33 (Германия) - 21.9 Mbps, 135ms, UDP✅
21:30:39 [DEBUG] Starting new HTTPS connection (1): dl.google.com:443
21:30:39 [DEBUG] https://www.google.com:443 "GET /generate_204 HTTP/1.1" 204 0
21:30:39 [DEBUG] Starting new HTTPS connection (1): www.google.com:443
21:30:39 [DEBUG] Starting new HTTPS connection (1): dl.google.com:443
21:30:39 [DEBUG] Starting new HTTPS connection (1): www.google.com:443
21:30:39 [DEBUG] https://dl.google.com:443 "GET /dl/android/studio/install/3.4.1.0/android-studio-ide-183.5522156-windows.exe HTTP/1.1" 200 1017327996
21:30:39 [DEBUG] Starting new HTTPS connection (1): www.google.com:443
21:30:39 [DEBUG] https://dl.google.com:443 "GET /dl/android/studio/install/3.4.1.0/android-studio-ide-183.5522156-windows.exe HTTP/1.1" 200 1017327996
21:30:39 [INFO]    🎯 194.9.6.3 (Германия) - 56.6 Mbps, 116ms, UDP✅
21:30:39 [DEBUG] Starting new HTTPS connection (1): www.google.com:443
21:30:39 [DEBUG] Starting new HTTPS connection (1): www.google.com:443
21:30:39 [DEBUG] Starting new HTTPS connection (1): www.google.com:443
21:30:39 [DEBUG] Starting new HTTPS connection (1): www.google.com:443
21:30:40 [DEBUG] Starting new HTTPS connection (1): www.google.com:443
21:30:40 [DEBUG] Starting new HTTPS connection (1): www.google.com:443
21:30:40 [DEBUG] Starting new HTTPS connection (1): www.google.com:443
21:30:40 [DEBUG] Starting new HTTPS connection (1): www.google.com:443
21:30:40 [DEBUG] https://www.google.com:443 "GET /generate_204 HTTP/1.1" 204 0
21:30:40 [DEBUG] Starting new HTTPS connection (1): www.google.com:443
21:30:40 [DEBUG] Starting new HTTPS connection (1): www.google.com:443
21:30:40 [DEBUG] Starting new HTTPS connection (1): www.google.com:443
21:30:41 [DEBUG] Starting new HTTPS connection (1): www.google.com:443
21:30:41 [DEBUG] Starting new HTTPS connection (1): www.google.com:443
21:30:41 [DEBUG] Starting new HTTPS connection (1): www.google.com:443
21:30:41 [DEBUG] Starting new HTTPS connection (1): www.google.com:443
21:30:41 [DEBUG] https://www.google.com:443 "GET /generate_204 HTTP/1.1" 204 0
21:30:41 [DEBUG] Starting new HTTPS connection (1): dl.google.com:443
21:30:41 [DEBUG] Starting new HTTPS connection (1): www.google.com:443
21:30:41 [DEBUG] https://www.google.com:443 "GET /generate_204 HTTP/1.1" 204 0
21:30:41 [DEBUG] https://dl.google.com:443 "GET /dl/android/studio/install/3.4.1.0/android-studio-ide-183.5522156-windows.exe HTTP/1.1" 200 1017327996
21:30:41 [DEBUG] Starting new HTTPS connection (1): dl.google.com:443
21:30:41 [INFO]    🎯 212.80.7.206 (Германия) - 75.0 Mbps, 87ms, UDP✅
21:30:41 [DEBUG] Starting new HTTPS connection (1): www.google.com:443
21:30:41 [DEBUG] https://dl.google.com:443 "GET /dl/android/studio/install/3.4.1.0/android-studio-ide-183.5522156-windows.exe HTTP/1.1" 200 1017327996
21:30:41 [DEBUG] https://www.google.com:443 "GET /generate_204 HTTP/1.1" 204 0
21:30:41 [DEBUG] Starting new HTTPS connection (1): www.google.com:443
21:30:41 [DEBUG] Starting new HTTPS connection (1): www.google.com:443
21:30:42 [DEBUG] Starting new HTTPS connection (1): www.google.com:443
21:30:42 [DEBUG] Starting new HTTPS connection (1): www.google.com:443
21:30:42 [DEBUG] Starting new HTTPS connection (1): www.google.com:443
21:30:42 [DEBUG] Starting new HTTPS connection (1): www.google.com:443
21:30:43 [DEBUG] Starting new HTTPS connection (1): www.google.com:443
21:30:43 [INFO]    🎯 23.165.200.241 (Германия) - 3.8 Mbps, 145ms, UDP✅
21:30:43 [DEBUG] Starting new HTTPS connection (1): dl.google.com:443
21:30:44 [DEBUG] Starting new HTTPS connection (1): www.google.com:443
21:30:44 [DEBUG] Starting new HTTPS connection (1): www.google.com:443
21:30:44 [DEBUG] Starting new HTTPS connection (1): www.google.com:443
21:30:44 [DEBUG] https://www.google.com:443 "GET /generate_204 HTTP/1.1" 204 0
21:30:44 [DEBUG] https://www.google.com:443 "GET /generate_204 HTTP/1.1" 204 0
21:30:44 [DEBUG] Starting new HTTPS connection (1): dl.google.com:443
21:30:44 [DEBUG] Starting new HTTPS connection (1): dl.google.com:443
21:30:44 [DEBUG] https://dl.google.com:443 "GET /dl/android/studio/install/3.4.1.0/android-studio-ide-183.5522156-windows.exe HTTP/1.1" 200 1017327996
21:30:44 [DEBUG] Starting new HTTPS connection (1): www.google.com:443
21:30:44 [INFO]    🎯 193.23.219.163 (Германия) - 65.8 Mbps, 54ms, UDP✅
21:30:44 [DEBUG] https://dl.google.com:443 "GET /dl/android/studio/install/3.4.1.0/android-studio-ide-183.5522156-windows.exe HTTP/1.1" 200 1017327996
21:30:44 [DEBUG] https://www.google.com:443 "GET /generate_204 HTTP/1.1" 204 0
21:30:44 [DEBUG] Starting new HTTPS connection (1): dl.google.com:443
21:30:44 [INFO]    🎯 57.129.49.1 (Германия) - 44.1 Mbps, 33ms, UDP✅
21:30:44 [DEBUG] Starting new HTTPS connection (1): dl.google.com:443
21:30:44 [DEBUG] https://dl.google.com:443 "GET /dl/android/studio/install/3.4.1.0/android-studio-ide-183.5522156-windows.exe HTTP/1.1" 200 1017327996
21:30:45 [INFO]    🎯 151.245.92.242 (Нидерланды) - 72.4 Mbps, 41ms, UDP✅
21:30:45 [DEBUG] Starting new HTTPS connection (1): www.google.com:443
21:30:45 [DEBUG] Starting new HTTPS connection (1): www.google.com:443
21:30:45 [DEBUG] https://www.google.com:443 "GET /generate_204 HTTP/1.1" 204 0
21:30:45 [DEBUG] Starting new HTTPS connection (1): dl.google.com:443
21:30:45 [DEBUG] https://dl.google.com:443 "GET /dl/android/studio/install/3.4.1.0/android-studio-ide-183.5522156-windows.exe HTTP/1.1" 200 1017327996
21:30:45 [INFO]    🎯 51.158.206.103 (Нидерланды) - 73.4 Mbps, 81ms, UDP✅
21:30:45 [DEBUG] Starting new HTTPS connection (1): www.google.com:443
21:30:45 [DEBUG] Starting new HTTPS connection (1): www.google.com:443
21:30:45 [DEBUG] Starting new HTTPS connection (1): www.google.com:443
21:30:45 [DEBUG] Starting new HTTPS connection (1): www.google.com:443
21:30:46 [DEBUG] Starting new HTTPS connection (1): www.google.com:443
21:30:46 [DEBUG] Starting new HTTPS connection (1): www.google.com:443
21:30:46 [DEBUG] https://www.google.com:443 "GET /generate_204 HTTP/1.1" 204 0
21:30:46 [DEBUG] Starting new HTTPS connection (1): www.google.com:443
21:30:46 [DEBUG] Starting new HTTPS connection (1): dl.google.com:443
21:30:46 [DEBUG] https://dl.google.com:443 "GET /dl/android/studio/install/3.4.1.0/android-studio-ide-183.5522156-windows.exe HTTP/1.1" 200 1017327996
21:30:46 [INFO]    🎯 51.158.206.80 (Нидерланды) - 101.6 Mbps, 432ms, UDP✅
21:30:46 [DEBUG] Starting new HTTPS connection (1): www.google.com:443
21:30:46 [DEBUG] Starting new HTTPS connection (1): www.google.com:443
21:30:46 [DEBUG] Starting new HTTPS connection (1): www.google.com:443
21:30:46 [DEBUG] Starting new HTTPS connection (1): www.google.com:443
21:30:46 [DEBUG] Starting new HTTPS connection (1): www.google.com:443
21:30:47 [DEBUG] Starting new HTTPS connection (1): www.google.com:443
21:30:47 [DEBUG] Starting new HTTPS connection (1): www.google.com:443
21:30:47 [DEBUG] Starting new HTTPS connection (1): www.google.com:443
21:30:47 [DEBUG] Starting new HTTPS connection (1): www.google.com:443
21:30:47 [DEBUG] Starting new HTTPS connection (1): www.google.com:443
21:30:47 [DEBUG] Starting new HTTPS connection (1): www.google.com:443
21:30:47 [DEBUG] Starting new HTTPS connection (1): www.google.com:443
21:30:48 [DEBUG] Starting new HTTPS connection (1): www.google.com:443
21:30:48 [DEBUG] Starting new HTTPS connection (1): www.google.com:443
21:30:48 [DEBUG] Starting new HTTPS connection (1): www.google.com:443
21:30:48 [DEBUG] Starting new HTTPS connection (1): www.google.com:443
21:30:48 [DEBUG] Starting new HTTPS connection (1): www.google.com:443
21:30:48 [DEBUG] Starting new HTTPS connection (1): www.google.com:443
21:30:48 [DEBUG] Starting new HTTPS connection (1): www.google.com:443
21:30:48 [INFO]    🎯 91.99.106.117 (Германия) - 0.0 Mbps, 82ms, UDP✅
21:30:49 [DEBUG] Starting new HTTPS connection (1): www.google.com:443
21:30:49 [DEBUG] Starting new HTTPS connection (1): www.google.com:443
21:30:49 [DEBUG] Starting new HTTPS connection (1): www.google.com:443
21:30:49 [DEBUG] Starting new HTTPS connection (1): www.google.com:443
21:30:49 [DEBUG] Starting new HTTPS connection (1): www.google.com:443
21:30:49 [DEBUG] Starting new HTTPS connection (1): www.google.com:443
21:30:50 [DEBUG] https://www.google.com:443 "GET /generate_204 HTTP/1.1" 204 0
21:30:50 [DEBUG] Starting new HTTPS connection (1): dl.google.com:443
21:30:50 [DEBUG] https://dl.google.com:443 "GET /dl/android/studio/install/3.4.1.0/android-studio-ide-183.5522156-windows.exe HTTP/1.1" 200 1017327996
21:30:50 [INFO]    🎯 51.158.206.20 (Нидерланды) - 71.0 Mbps, 74ms, UDP✅
21:30:50 [DEBUG] https://dl.google.com:443 "GET /dl/android/studio/install/3.4.1.0/android-studio-ide-183.5522156-windows.exe HTTP/1.1" 404 1449
21:30:50 [INFO]    🎯 91.98.43.14 (Германия) - 0.0 Mbps, 2805ms, UDP❌
21:30:50 [INFO]    🎯 64.188.104.168 (Германия) - 0.0 Mbps, 9495ms, UDP❌
21:30:50 [DEBUG] Starting new HTTPS connection (1): www.google.com:443
21:30:51 [DEBUG] https://www.google.com:443 "GET /generate_204 HTTP/1.1" 204 0
21:30:51 [DEBUG] Starting new HTTPS connection (1): www.google.com:443
21:30:51 [DEBUG] Starting new HTTPS connection (1): dl.google.com:443
21:30:51 [DEBUG] https://www.google.com:443 "GET /generate_204 HTTP/1.1" 204 0
21:30:51 [DEBUG] Starting new HTTPS connection (1): www.google.com:443
21:30:51 [DEBUG] Starting new HTTPS connection (1): dl.google.com:443
21:30:51 [DEBUG] https://dl.google.com:443 "GET /dl/android/studio/install/3.4.1.0/android-studio-ide-183.5522156-windows.exe HTTP/1.1" 200 1017327996
21:30:51 [DEBUG] https://www.google.com:443 "GET /generate_204 HTTP/1.1" 204 0
21:30:51 [DEBUG] Starting new HTTPS connection (1): dl.google.com:443
21:30:51 [INFO]    🎯 51.158.206.19 (Нидерланды) - 90.5 Mbps, 97ms, UDP✅
21:30:51 [DEBUG] Starting new HTTPS connection (1): www.google.com:443
21:30:51 [DEBUG] https://dl.google.com:443 "GET /dl/android/studio/install/3.4.1.0/android-studio-ide-183.5522156-windows.exe HTTP/1.1" 200 1017327996
21:30:51 [DEBUG] Starting new HTTPS connection (1): www.google.com:443
21:30:51 [DEBUG] Starting new HTTPS connection (1): www.google.com:443
21:30:51 [INFO]    🎯 51.158.206.34 (Нидерланды) - 65.0 Mbps, 74ms, UDP✅
21:30:51 [DEBUG] https://dl.google.com:443 "GET /dl/android/studio/install/3.4.1.0/android-studio-ide-183.5522156-windows.exe HTTP/1.1" 200 1017327996
21:30:51 [INFO]    🎯 51.158.206.97 (Нидерланды) - 60.1 Mbps, 72ms, UDP✅
21:30:51 [INFO]    📊 Глубокая проверка: 768/1922 (40%) | ✅57 ❌711
21:30:51 [DEBUG] Starting new HTTPS connection (1): www.google.com:443
21:30:51 [DEBUG] Starting new HTTPS connection (1): www.google.com:443
21:30:52 [DEBUG] https://www.google.com:443 "GET /generate_204 HTTP/1.1" 204 0
21:30:52 [DEBUG] Starting new HTTPS connection (1): www.google.com:443
21:30:52 [DEBUG] Starting new HTTPS connection (1): dl.google.com:443
21:30:52 [DEBUG] Starting new HTTPS connection (1): www.google.com:443
21:30:52 [DEBUG] Starting new HTTPS connection (1): www.google.com:443
21:30:52 [DEBUG] Starting new HTTPS connection (1): www.google.com:443
21:30:52 [DEBUG] Starting new HTTPS connection (1): www.google.com:443
21:30:52 [DEBUG] https://dl.google.com:443 "GET /dl/android/studio/install/3.4.1.0/android-studio-ide-183.5522156-windows.exe HTTP/1.1" 200 1017327996
21:30:52 [DEBUG] Starting new HTTPS connection (1): www.google.com:443
21:30:52 [DEBUG] https://www.google.com:443 "GET /generate_204 HTTP/1.1" 204 0
21:30:52 [DEBUG] https://www.google.com:443 "GET /generate_204 HTTP/1.1" 204 0
21:30:52 [DEBUG] Starting new HTTPS connection (1): dl.google.com:443
21:30:52 [INFO]    🎯 51.158.206.98 (Нидерланды) - 55.1 Mbps, 340ms, UDP✅
21:30:52 [DEBUG] Starting new HTTPS connection (1): www.google.com:443
21:30:52 [DEBUG] Starting new HTTPS connection (1): dl.google.com:443
21:30:52 [DEBUG] Starting new HTTPS connection (1): www.google.com:443
21:30:52 [DEBUG] https://www.google.com:443 "GET /generate_204 HTTP/1.1" 204 0
21:30:52 [DEBUG] https://dl.google.com:443 "GET /dl/android/studio/install/3.4.1.0/android-studio-ide-183.5522156-windows.exe HTTP/1.1" 200 1017327996
21:30:52 [DEBUG] https://www.google.com:443 "GET /generate_204 HTTP/1.1" 204 0
21:30:52 [DEBUG] Starting new HTTPS connection (1): dl.google.com:443
21:30:52 [DEBUG] https://dl.google.com:443 "GET /dl/android/studio/install/3.4.1.0/android-studio-ide-183.5522156-windows.exe HTTP/1.1" 200 1017327996
21:30:52 [DEBUG] https://www.google.com:443 "GET /generate_204 HTTP/1.1" 204 0
21:30:52 [DEBUG] Starting new HTTPS connection (1): www.google.com:443
21:30:52 [DEBUG] Starting new HTTPS connection (1): dl.google.com:443
21:30:52 [INFO]    🎯 193.178.226.248 (Нидерланды) - 58.4 Mbps, 61ms, UDP✅
21:30:52 [DEBUG] Starting new HTTPS connection (1): dl.google.com:443
21:30:52 [INFO]    🎯 5.129.214.27 (Нидерланды) - 63.0 Mbps, 115ms, UDP✅
21:30:53 [DEBUG] https://dl.google.com:443 "GET /dl/android/studio/install/3.4.1.0/android-studio-ide-183.5522156-windows.exe HTTP/1.1" 200 1017327996
21:30:53 [DEBUG] https://dl.google.com:443 "GET /dl/android/studio/install/3.4.1.0/android-studio-ide-183.5522156-windows.exe HTTP/1.1" 200 1017327996
21:30:53 [DEBUG] https://dl.google.com:443 "GET /dl/android/studio/install/3.4.1.0/android-studio-ide-183.5522156-windows.exe HTTP/1.1" 200 1017327996
21:30:53 [INFO]    🎯 94.228.213.239 (Нидерланды) - 37.0 Mbps, 185ms, UDP✅
21:30:53 [DEBUG] Starting new HTTPS connection (1): www.google.com:443
21:30:53 [DEBUG] Starting new HTTPS connection (1): www.google.com:443
21:30:53 [DEBUG] https://www.google.com:443 "GET /generate_204 HTTP/1.1" 204 0
21:30:53 [DEBUG] Starting new HTTPS connection (1): www.google.com:443
21:30:53 [DEBUG] Starting new HTTPS connection (1): www.google.com:443
21:30:53 [DEBUG] https://www.google.com:443 "GET /generate_204 HTTP/1.1" 204 0
21:30:53 [INFO]    🎯 94.228.213.240 (Нидерланды) - 24.1 Mbps, 112ms, UDP✅
21:30:53 [INFO]    🎯 94.228.213.201 (Нидерланды) - 24.4 Mbps, 199ms, UDP✅
21:30:53 [DEBUG] Starting new HTTPS connection (1): www.google.com:443
21:30:53 [DEBUG] Starting new HTTPS connection (1): dl.google.com:443
21:30:53 [DEBUG] Starting new HTTPS connection (1): dl.google.com:443
21:30:53 [DEBUG] https://www.google.com:443 "GET /generate_204 HTTP/1.1" 204 0
21:30:53 [DEBUG] https://dl.google.com:443 "GET /dl/android/studio/install/3.4.1.0/android-studio-ide-183.5522156-windows.exe HTTP/1.1" 200 1017327996
21:30:53 [DEBUG] Starting new HTTPS connection (1): dl.google.com:443
21:30:53 [INFO]    🎯 94.228.215.14 (Нидерланды) - 63.4 Mbps, 201ms, UDP✅
21:30:53 [DEBUG] Starting new HTTPS connection (1): www.google.com:443
21:30:53 [DEBUG] Starting new HTTPS connection (1): www.google.com:443
21:30:54 [DEBUG] https://www.google.com:443 "GET /generate_204 HTTP/1.1" 204 0
21:30:54 [DEBUG] https://dl.google.com:443 "GET /dl/android/studio/install/3.4.1.0/android-studio-ide-183.5522156-windows.exe HTTP/1.1" 200 1017327996
21:30:54 [DEBUG] Starting new HTTPS connection (1): dl.google.com:443
21:30:54 [DEBUG] https://www.google.com:443 "GET /generate_204 HTTP/1.1" 204 0
21:30:54 [DEBUG] Starting new HTTPS connection (1): dl.google.com:443
21:30:54 [DEBUG] Starting new HTTPS connection (1): www.google.com:443
21:30:54 [DEBUG] https://dl.google.com:443 "GET /dl/android/studio/install/3.4.1.0/android-studio-ide-183.5522156-windows.exe HTTP/1.1" 200 1017327996
21:30:54 [DEBUG] https://dl.google.com:443 "GET /dl/android/studio/install/3.4.1.0/android-studio-ide-183.5522156-windows.exe HTTP/1.1" 200 1017327996
21:30:54 [INFO]    🎯 94.228.213.197 (Нидерланды) - 27.1 Mbps, 119ms, UDP✅
21:30:54 [DEBUG] https://www.google.com:443 "GET /generate_204 HTTP/1.1" 204 0
21:30:54 [INFO]    🎯 94.228.215.17 (Нидерланды) - 64.1 Mbps, 200ms, UDP✅
21:30:54 [DEBUG] Starting new HTTPS connection (1): dl.google.com:443
21:30:54 [DEBUG] Starting new HTTPS connection (1): www.google.com:443
21:30:54 [DEBUG] Starting new HTTPS connection (1): www.google.com:443
21:30:54 [INFO]    🎯 94.228.215.16 (Нидерланды) - 29.7 Mbps, 114ms, UDP✅
21:30:54 [DEBUG] https://www.google.com:443 "GET /generate_204 HTTP/1.1" 204 0
21:30:54 [DEBUG] https://dl.google.com:443 "GET /dl/android/studio/install/3.4.1.0/android-studio-ide-183.5522156-windows.exe HTTP/1.1" 200 1017327996
21:30:54 [DEBUG] Starting new HTTPS connection (1): dl.google.com:443
21:30:54 [DEBUG] https://www.google.com:443 "GET /generate_204 HTTP/1.1" 204 0
21:30:54 [DEBUG] https://www.google.com:443 "GET /generate_204 HTTP/1.1" 204 0
21:30:54 [DEBUG] Starting new HTTPS connection (1): dl.google.com:443
21:30:54 [DEBUG] Starting new HTTPS connection (1): dl.google.com:443
21:30:54 [DEBUG] Starting new HTTPS connection (1): www.google.com:443
21:30:54 [DEBUG] https://dl.google.com:443 "GET /dl/android/studio/install/3.4.1.0/android-studio-ide-183.5522156-windows.exe HTTP/1.1" 200 1017327996
21:30:55 [DEBUG] https://www.google.com:443 "GET /generate_204 HTTP/1.1" 204 0
21:30:55 [DEBUG] Starting new HTTPS connection (1): dl.google.com:443
21:30:55 [DEBUG] https://dl.google.com:443 "GET /dl/android/studio/install/3.4.1.0/android-studio-ide-183.5522156-windows.exe HTTP/1.1" 200 1017327996
21:30:55 [INFO]    🎯 94.228.215.15 (Нидерланды) - 29.6 Mbps, 197ms, UDP✅
21:30:55 [DEBUG] https://dl.google.com:443 "GET /dl/android/studio/install/3.4.1.0/android-studio-ide-183.5522156-windows.exe HTTP/1.1" 200 1017327996
21:30:55 [INFO]    🎯 94.228.215.18 (Нидерланды) - 53.2 Mbps, 176ms, UDP✅
21:30:55 [DEBUG] Starting new HTTPS connection (1): www.google.com:443
21:30:55 [DEBUG] https://dl.google.com:443 "GET /dl/android/studio/install/3.4.1.0/android-studio-ide-183.5522156-windows.exe HTTP/1.1" 200 1017327996
21:30:55 [INFO]    🎯 94.228.215.5 (Нидерланды) - 30.0 Mbps, 113ms, UDP✅
21:30:55 [DEBUG] https://www.google.com:443 "GET /generate_204 HTTP/1.1" 204 0
21:30:55 [INFO]    🎯 94.228.215.19 (Нидерланды) - 50.1 Mbps, 115ms, UDP✅
21:30:55 [DEBUG] Starting new HTTPS connection (1): www.google.com:443
21:30:55 [DEBUG] Starting new HTTPS connection (1): dl.google.com:443
21:30:55 [DEBUG] Starting new HTTPS connection (1): www.google.com:443
21:30:55 [INFO]    🎯 94.228.213.205 (Нидерланды) - 24.9 Mbps, 1439ms, UDP✅
21:30:55 [DEBUG] https://www.google.com:443 "GET /generate_204 HTTP/1.1" 204 0
21:30:55 [DEBUG] Starting new HTTPS connection (1): www.google.com:443
21:30:55 [DEBUG] https://dl.google.com:443 "GET /dl/android/studio/install/3.4.1.0/android-studio-ide-183.5522156-windows.exe HTTP/1.1" 200 1017327996
21:30:55 [DEBUG] Starting new HTTPS connection (1): dl.google.com:443
21:30:55 [DEBUG] https://www.google.com:443 "GET /generate_204 HTTP/1.1" 204 0
21:30:55 [DEBUG] Starting new HTTPS connection (1): dl.google.com:443
21:30:55 [DEBUG] https://dl.google.com:443 "GET /dl/android/studio/install/3.4.1.0/android-studio-ide-183.5522156-windows.exe HTTP/1.1" 200 1017327996
21:30:55 [DEBUG] https://www.google.com:443 "GET /generate_204 HTTP/1.1" 204 0
21:30:55 [DEBUG] https://www.google.com:443 "GET /generate_204 HTTP/1.1" 204 0
21:30:55 [DEBUG] https://www.google.com:443 "GET /generate_204 HTTP/1.1" 204 0
21:30:56 [INFO]    🎯 94.228.215.22 (Нидерланды) - 58.9 Mbps, 183ms, UDP✅
21:30:56 [DEBUG] Starting new HTTPS connection (1): dl.google.com:443
21:30:56 [DEBUG] Starting new HTTPS connection (1): dl.google.com:443
21:30:56 [INFO]    🎯 94.228.215.20 (Нидерланды) - 29.1 Mbps, 111ms, UDP✅
21:30:56 [DEBUG] Starting new HTTPS connection (1): www.google.com:443
21:30:56 [DEBUG] https://dl.google.com:443 "GET /dl/android/studio/install/3.4.1.0/android-studio-ide-183.5522156-windows.exe HTTP/1.1" 200 1017327996
21:30:56 [DEBUG] Starting new HTTPS connection (1): www.google.com:443
21:30:56 [DEBUG] https://dl.google.com:443 "GET /dl/android/studio/install/3.4.1.0/android-studio-ide-183.5522156-windows.exe HTTP/1.1" 200 1017327996
21:30:56 [DEBUG] Starting new HTTPS connection (1): www.google.com:443
21:30:56 [DEBUG] https://www.google.com:443 "GET /generate_204 HTTP/1.1" 204 0
21:30:56 [DEBUG] https://dl.google.com:443 "GET /dl/android/studio/install/3.4.1.0/android-studio-ide-183.5522156-windows.exe HTTP/1.1" 200 1017327996
21:30:56 [DEBUG] Starting new HTTPS connection (1): dl.google.com:443
21:30:56 [DEBUG] https://www.google.com:443 "GET /generate_204 HTTP/1.1" 204 0
21:30:56 [DEBUG] Starting new HTTPS connection (1): www.google.com:443
21:30:56 [INFO]    🎯 94.228.210.67 (Нидерланды) - 41.5 Mbps, 213ms, UDP✅
21:30:56 [DEBUG] Starting new HTTPS connection (1): dl.google.com:443
21:30:56 [DEBUG] Starting new HTTPS connection (1): dl.google.com:443
21:30:56 [DEBUG] https://www.google.com:443 "GET /generate_204 HTTP/1.1" 204 0
21:30:56 [DEBUG] Starting new HTTPS connection (1): www.google.com:443
21:30:56 [INFO]    🎯 94.228.210.83 (Нидерланды) - 22.8 Mbps, 237ms, UDP✅
21:30:56 [DEBUG] https://www.google.com:443 "GET /generate_204 HTTP/1.1" 204 0
21:30:56 [DEBUG] Starting new HTTPS connection (1): dl.google.com:443
21:30:56 [DEBUG] https://www.google.com:443 "GET /generate_204 HTTP/1.1" 204 0
21:30:56 [DEBUG] Starting new HTTPS connection (1): dl.google.com:443
21:30:56 [INFO]    🎯 94.228.215.12 (Нидерланды) - 25.1 Mbps, 3093ms, UDP✅
21:30:56 [DEBUG] Starting new HTTPS connection (1): dl.google.com:443
21:30:56 [DEBUG] https://dl.google.com:443 "GET /dl/android/studio/install/3.4.1.0/android-studio-ide-183.5522156-windows.exe HTTP/1.1" 200 1017327996
21:30:57 [DEBUG] https://dl.google.com:443 "GET /dl/android/studio/install/3.4.1.0/android-studio-ide-183.5522156-windows.exe HTTP/1.1" 200 1017327996
21:30:57 [DEBUG] https://dl.google.com:443 "GET /dl/android/studio/install/3.4.1.0/android-studio-ide-183.5522156-windows.exe HTTP/1.1" 200 1017327996
21:30:57 [DEBUG] https://dl.google.com:443 "GET /dl/android/studio/install/3.4.1.0/android-studio-ide-183.5522156-windows.exe HTTP/1.1" 200 1017327996
21:30:57 [DEBUG] Starting new HTTPS connection (1): www.google.com:443
21:30:57 [DEBUG] https://dl.google.com:443 "GET /dl/android/studio/install/3.4.1.0/android-studio-ide-183.5522156-windows.exe HTTP/1.1" 200 1017327996
21:30:57 [DEBUG] Starting new HTTPS connection (1): www.google.com:443
21:30:57 [DEBUG] https://dl.google.com:443 "GET /dl/android/studio/install/3.4.1.0/android-studio-ide-183.5522156-windows.exe HTTP/1.1" 200 1017327996
21:30:57 [DEBUG] https://www.google.com:443 "GET /generate_204 HTTP/1.1" 204 0
21:30:57 [DEBUG] https://www.google.com:443 "GET /generate_204 HTTP/1.1" 204 0
21:30:57 [DEBUG] Starting new HTTPS connection (1): www.google.com:443
21:30:57 [DEBUG] Starting new HTTPS connection (1): dl.google.com:443
21:30:57 [INFO]    🎯 94.228.213.200 (Нидерланды) - 31.3 Mbps, 182ms, UDP✅
21:30:57 [DEBUG] Starting new HTTPS connection (1): dl.google.com:443
21:30:57 [DEBUG] https://www.google.com:443 "GET /generate_204 HTTP/1.1" 204 0
21:30:57 [INFO]    🎯 94.228.210.86 (Нидерланды) - 30.1 Mbps, 253ms, UDP✅
21:30:57 [DEBUG] https://www.google.com:443 "GET /generate_204 HTTP/1.1" 204 0
21:30:57 [DEBUG] Starting new HTTPS connection (1): dl.google.com:443
21:30:57 [DEBUG] Starting new HTTPS connection (1): dl.google.com:443
21:30:57 [INFO]    🎯 94.228.213.206 (Нидерланды) - 18.8 Mbps, 197ms, UDP✅
21:30:57 [INFO]    🎯 94.228.210.81 (Нидерланды) - 17.4 Mbps, 244ms, UDP✅
21:30:57 [DEBUG] Starting new HTTPS connection (1): www.google.com:443
21:30:57 [INFO]    🎯 94.228.213.204 (Нидерланды) - 24.7 Mbps, 123ms, UDP✅
21:30:57 [DEBUG] Starting new HTTPS connection (1): www.google.com:443
21:30:57 [DEBUG] https://www.google.com:443 "GET /generate_204 HTTP/1.1" 204 0
21:30:57 [DEBUG] Starting new HTTPS connection (1): www.google.com:443
21:30:57 [DEBUG] https://dl.google.com:443 "GET /dl/android/studio/install/3.4.1.0/android-studio-ide-183.5522156-windows.exe HTTP/1.1" 200 1017327996
21:30:57 [DEBUG] https://dl.google.com:443 "GET /dl/android/studio/install/3.4.1.0/android-studio-ide-183.5522156-windows.exe HTTP/1.1" 200 1017327996
21:30:57 [DEBUG] Starting new HTTPS connection (1): dl.google.com:443
21:30:57 [DEBUG] https://dl.google.com:443 "GET /dl/android/studio/install/3.4.1.0/android-studio-ide-183.5522156-windows.exe HTTP/1.1" 200 1017327996
21:30:57 [DEBUG] https://dl.google.com:443 "GET /dl/android/studio/install/3.4.1.0/android-studio-ide-183.5522156-windows.exe HTTP/1.1" 200 1017327996
21:30:57 [INFO]    🎯 94.228.215.13 (Нидерланды) - 25.4 Mbps, 3724ms, UDP✅
21:30:57 [INFO]    🎯 94.228.213.199 (Нидерланды) - 27.4 Mbps, 203ms, UDP✅
21:30:58 [INFO]    🎯 94.228.213.203 (Нидерланды) - 28.9 Mbps, 127ms, UDP✅
21:30:58 [DEBUG] https://dl.google.com:443 "GET /dl/android/studio/install/3.4.1.0/android-studio-ide-183.5522156-windows.exe HTTP/1.1" 200 1017327996
21:30:58 [DEBUG] Starting new HTTPS connection (1): www.google.com:443
21:30:58 [INFO]    🎯 94.228.213.198 (Нидерланды) - 16.8 Mbps, 121ms, UDP✅
21:30:58 [DEBUG] Starting new HTTPS connection (1): www.google.com:443
21:30:58 [DEBUG] https://www.google.com:443 "GET /generate_204 HTTP/1.1" 204 0
21:30:58 [DEBUG] Starting new HTTPS connection (1): dl.google.com:443
21:30:58 [DEBUG] Starting new HTTPS connection (1): www.google.com:443
21:30:58 [DEBUG] Starting new HTTPS connection (1): www.google.com:443
21:30:58 [DEBUG] Starting new HTTPS connection (1): www.google.com:443
21:30:58 [DEBUG] Starting new HTTPS connection (1): www.google.com:443
21:30:58 [DEBUG] https://dl.google.com:443 "GET /dl/android/studio/install/3.4.1.0/android-studio-ide-183.5522156-windows.exe HTTP/1.1" 200 1017327996
21:30:58 [INFO]    🎯 94.228.210.82 (Нидерланды) - 20.2 Mbps, 184ms, UDP✅
21:30:58 [DEBUG] https://dl.google.com:443 "GET /dl/android/studio/install/3.4.1.0/android-studio-ide-183.5522156-windows.exe HTTP/1.1" 200 1017327996
21:30:58 [DEBUG] Starting new HTTPS connection (1): www.google.com:443
21:30:58 [DEBUG] Starting new HTTPS connection (1): www.google.com:443
21:30:58 [INFO]    🎯 62.141.42.201 (Германия) - 3.3 Mbps, 1037ms, UDP✅
21:30:58 [DEBUG] Starting new HTTPS connection (1): www.google.com:443
21:30:59 [DEBUG] Starting new HTTPS connection (1): www.google.com:443
21:30:59 [INFO]    🎯 94.228.215.11 (Нидерланды) - 28.1 Mbps, 4920ms, UDP✅
21:30:59 [DEBUG] Starting new HTTPS connection (1): www.google.com:443
21:30:59 [DEBUG] Starting new HTTPS connection (1): www.google.com:443
21:30:59 [DEBUG] Starting new HTTPS connection (1): www.google.com:443
21:30:59 [DEBUG] Starting new HTTPS connection (1): www.google.com:443
21:30:59 [DEBUG] Starting new HTTPS connection (1): www.google.com:443
21:30:59 [DEBUG] Starting new HTTPS connection (1): www.google.com:443
21:30:59 [DEBUG] Starting new HTTPS connection (1): www.google.com:443
21:30:59 [DEBUG] Starting new HTTPS connection (1): www.google.com:443
21:31:00 [DEBUG] Starting new HTTPS connection (1): www.google.com:443
21:31:00 [DEBUG] https://www.google.com:443 "GET /generate_204 HTTP/1.1" 204 0
21:31:00 [DEBUG] Starting new HTTPS connection (1): dl.google.com:443
21:31:00 [DEBUG] https://dl.google.com:443 "GET /dl/android/studio/install/3.4.1.0/android-studio-ide-183.5522156-windows.exe HTTP/1.1" 200 1017327996
21:31:00 [DEBUG] Starting new HTTPS connection (1): www.google.com:443
21:31:00 [DEBUG] Starting new HTTPS connection (1): www.google.com:443
21:31:00 [INFO]    🎯 149.115.110.173 (Нидерланды) - 41.6 Mbps, 60ms, UDP✅
21:31:00 [DEBUG] Starting new HTTPS connection (1): www.google.com:443
21:31:00 [DEBUG] Starting new HTTPS connection (1): www.google.com:443
21:31:01 [INFO]    🎯 159.195.70.95 (Германия) - 3.5 Mbps, 3501ms, UDP✅
21:31:01 [DEBUG] Starting new HTTPS connection (1): www.google.com:443
21:31:01 [DEBUG] Starting new HTTPS connection (1): www.google.com:443
21:31:01 [DEBUG] https://www.google.com:443 "GET /generate_204 HTTP/1.1" 204 0
21:31:01 [DEBUG] Starting new HTTPS connection (1): www.google.com:443
21:31:01 [DEBUG] Starting new HTTPS connection (1): dl.google.com:443
21:31:01 [DEBUG] Starting new HTTPS connection (1): www.google.com:443
21:31:01 [DEBUG] https://www.google.com:443 "GET /generate_204 HTTP/1.1" 204 0
21:31:01 [DEBUG] Starting new HTTPS connection (1): www.google.com:443
21:31:01 [DEBUG] https://www.google.com:443 "GET /generate_204 HTTP/1.1" 204 0
21:31:01 [DEBUG] https://www.google.com:443 "GET /generate_204 HTTP/1.1" 204 0
21:31:01 [DEBUG] Starting new HTTPS connection (1): dl.google.com:443
21:31:01 [DEBUG] Starting new HTTPS connection (1): dl.google.com:443
21:31:01 [DEBUG] Starting new HTTPS connection (1): dl.google.com:443
21:31:01 [DEBUG] https://www.google.com:443 "GET /generate_204 HTTP/1.1" 204 0
21:31:01 [DEBUG] https://dl.google.com:443 "GET /dl/android/studio/install/3.4.1.0/android-studio-ide-183.5522156-windows.exe HTTP/1.1" 200 1017327996
21:31:02 [DEBUG] Starting new HTTPS connection (1): www.google.com:443
21:31:02 [DEBUG] https://dl.google.com:443 "GET /dl/android/studio/install/3.4.1.0/android-studio-ide-183.5522156-windows.exe HTTP/1.1" 200 1017327996
21:31:02 [DEBUG] Starting new HTTPS connection (1): dl.google.com:443
21:31:02 [DEBUG] https://dl.google.com:443 "GET /dl/android/studio/install/3.4.1.0/android-studio-ide-183.5522156-windows.exe HTTP/1.1" 200 1017327996
21:31:02 [INFO]    🎯 213.21.241.70 (Германия) - 34.7 Mbps, 149ms, UDP✅
21:31:02 [DEBUG] https://www.google.com:443 "GET /generate_204 HTTP/1.1" 204 0
21:31:02 [DEBUG] https://dl.google.com:443 "GET /dl/android/studio/install/3.4.1.0/android-studio-ide-183.5522156-windows.exe HTTP/1.1" 200 1017327996
21:31:02 [DEBUG] Starting new HTTPS connection (1): www.google.com:443
21:31:02 [DEBUG] Starting new HTTPS connection (1): www.google.com:443
21:31:02 [DEBUG] Starting new HTTPS connection (1): dl.google.com:443
21:31:02 [INFO]    🎯 5.255.114.61 (Нидерланды) - 37.8 Mbps, 163ms, UDP✅
21:31:02 [DEBUG] https://www.google.com:443 "GET /generate_204 HTTP/1.1" 204 0
21:31:02 [DEBUG] Starting new HTTPS connection (1): dl.google.com:443
21:31:02 [DEBUG] https://www.google.com:443 "GET /generate_204 HTTP/1.1" 204 0
21:31:02 [DEBUG] https://dl.google.com:443 "GET /dl/android/studio/install/3.4.1.0/android-studio-ide-183.5522156-windows.exe HTTP/1.1" 200 1017327996
21:31:02 [DEBUG] Starting new HTTPS connection (1): www.google.com:443
21:31:02 [DEBUG] Starting new HTTPS connection (1): dl.google.com:443
21:31:02 [INFO]    🎯 94.228.213.219 (Нидерланды) - 23.2 Mbps, 96ms, UDP✅
21:31:02 [INFO]    🎯 45.149.235.119 (Нидерланды) - 21.4 Mbps, 179ms, UDP✅
21:31:02 [DEBUG] https://dl.google.com:443 "GET /dl/android/studio/install/3.4.1.0/android-studio-ide-183.5522156-windows.exe HTTP/1.1" 200 1017327996
21:31:02 [DEBUG] https://www.google.com:443 "GET /generate_204 HTTP/1.1" 204 0
21:31:02 [DEBUG] https://dl.google.com:443 "GET /dl/android/studio/install/3.4.1.0/android-studio-ide-183.5522156-windows.exe HTTP/1.1" 200 1017327996
21:31:02 [INFO]    🎯 94.228.210.69 (Нидерланды) - 22.3 Mbps, 175ms, UDP✅
21:31:02 [INFO]    🎯 94.228.213.207 (Нидерланды) - 27.0 Mbps, 105ms, UDP✅
21:31:02 [DEBUG] Starting new HTTPS connection (1): dl.google.com:443
21:31:02 [DEBUG] Starting new HTTPS connection (1): www.google.com:443
21:31:02 [DEBUG] https://dl.google.com:443 "GET /dl/android/studio/install/3.4.1.0/android-studio-ide-183.5522156-windows.exe HTTP/1.1" 200 1017327996
21:31:02 [INFO]    🎯 94.228.213.202 (Нидерланды) - 26.9 Mbps, 108ms, UDP✅
21:31:03 [DEBUG] Starting new HTTPS connection (1): www.google.com:443
21:31:03 [INFO]    🎯 94.228.210.80 (Нидерланды) - 25.4 Mbps, 175ms, UDP✅
21:31:03 [DEBUG] Starting new HTTPS connection (1): www.google.com:443
21:31:03 [DEBUG] https://dl.google.com:443 "GET /dl/android/studio/install/3.4.1.0/android-studio-ide-183.5522156-windows.exe HTTP/1.1" 200 1017327996
21:31:03 [DEBUG] Starting new HTTPS connection (1): www.google.com:443
21:31:03 [DEBUG] Starting new HTTPS connection (1): www.google.com:443
21:31:03 [DEBUG] Starting new HTTPS connection (1): www.google.com:443
21:31:03 [DEBUG] Starting new HTTPS connection (1): www.google.com:443
21:31:03 [DEBUG] Starting new HTTPS connection (1): www.google.com:443
21:31:03 [DEBUG] Starting new HTTPS connection (1): www.google.com:443
21:31:03 [DEBUG] Starting new HTTPS connection (1): www.google.com:443
21:31:03 [DEBUG] https://www.google.com:443 "GET /generate_204 HTTP/1.1" 204 0
21:31:03 [DEBUG] Starting new HTTPS connection (1): www.google.com:443
21:31:03 [DEBUG] Starting new HTTPS connection (1): www.google.com:443
21:31:04 [DEBUG] Starting new HTTPS connection (1): www.google.com:443
21:31:04 [DEBUG] Starting new HTTPS connection (1): www.google.com:443
21:31:04 [DEBUG] Starting new HTTPS connection (1): www.google.com:443
21:31:04 [DEBUG] Starting new HTTPS connection (1): www.google.com:443
21:31:04 [DEBUG] Starting new HTTPS connection (1): www.google.com:443
21:31:05 [DEBUG] Starting new HTTPS connection (1): www.google.com:443
21:31:06 [DEBUG] Starting new HTTPS connection (1): www.google.com:443
21:31:06 [DEBUG] Starting new HTTPS connection (1): www.google.com:443
21:31:06 [DEBUG] Starting new HTTPS connection (1): www.google.com:443
21:31:06 [DEBUG] Starting new HTTPS connection (1): www.google.com:443
21:31:06 [DEBUG] Starting new HTTPS connection (1): www.google.com:443
21:31:06 [DEBUG] https://www.google.com:443 "GET /generate_204 HTTP/1.1" 204 0
21:31:06 [DEBUG] https://www.google.com:443 "GET /generate_204 HTTP/1.1" 204 0
21:31:06 [DEBUG] Starting new HTTPS connection (1): dl.google.com:443
21:31:06 [DEBUG] Starting new HTTPS connection (1): dl.google.com:443
21:31:06 [DEBUG] Starting new HTTPS connection (1): dl.google.com:443
21:31:06 [DEBUG] https://www.google.com:443 "GET /generate_204 HTTP/1.1" 204 0
21:31:07 [DEBUG] Starting new HTTPS connection (1): www.google.com:443
21:31:07 [DEBUG] Starting new HTTPS connection (1): www.google.com:443
21:31:07 [DEBUG] https://dl.google.com:443 "GET /dl/android/studio/install/3.4.1.0/android-studio-ide-183.5522156-windows.exe HTTP/1.1" 200 1017327996
21:31:07 [DEBUG] https://www.google.com:443 "GET /generate_204 HTTP/1.1" 204 0
21:31:07 [DEBUG] https://dl.google.com:443 "GET /dl/android/studio/install/3.4.1.0/android-studio-ide-183.5522156-windows.exe HTTP/1.1" 200 1017327996
21:31:07 [DEBUG] Starting new HTTPS connection (1): dl.google.com:443
21:31:07 [INFO]    🎯 144.31.100.120 (Нидерланды) - 47.6 Mbps, 106ms, UDP✅
21:31:07 [DEBUG] https://dl.google.com:443 "GET /dl/android/studio/install/3.4.1.0/android-studio-ide-183.5522156-windows.exe HTTP/1.1" 200 1017327996
21:31:07 [DEBUG] Starting new HTTPS connection (1): www.google.com:443
21:31:07 [DEBUG] Starting new HTTPS connection (1): www.google.com:443
21:31:07 [INFO]    🎯 185.82.73.189 (Нидерланды) - 70.5 Mbps, 119ms, UDP✅
21:31:07 [DEBUG] Starting new HTTPS connection (1): www.google.com:443
21:31:07 [DEBUG] Starting new HTTPS connection (1): www.google.com:443
21:31:07 [DEBUG] https://www.google.com:443 "GET /generate_204 HTTP/1.1" 204 0
21:31:07 [DEBUG] Starting new HTTPS connection (1): www.google.com:443
21:31:07 [DEBUG] https://www.google.com:443 "GET /generate_204 HTTP/1.1" 204 0
21:31:07 [DEBUG] Starting new HTTPS connection (1): dl.google.com:443
21:31:07 [DEBUG] https://dl.google.com:443 "GET /dl/android/studio/install/3.4.1.0/android-studio-ide-183.5522156-windows.exe HTTP/1.1" 404 1449
21:31:07 [INFO]    🎯 142.93.101.216 (Германия) - 0.0 Mbps, 48ms, UDP✅
21:31:07 [DEBUG] Starting new HTTPS connection (1): dl.google.com:443
21:31:08 [DEBUG] https://dl.google.com:443 "GET /dl/android/studio/install/3.4.1.0/android-studio-ide-183.5522156-windows.exe HTTP/1.1" 200 1017327996
21:31:08 [DEBUG] Starting new HTTPS connection (1): www.google.com:443
21:31:08 [INFO]    🎯 94.103.1.230 (Нидерланды) - 31.2 Mbps, 571ms, UDP✅
21:31:08 [INFO]    🎯 86.54.30.51 (Нидерланды) - 11.3 Mbps, 56ms, UDP✅
21:31:08 [DEBUG] Starting new HTTPS connection (1): www.google.com:443
21:31:08 [DEBUG] Starting new HTTPS connection (1): www.google.com:443
21:31:08 [DEBUG] Starting new HTTPS connection (1): www.google.com:443
21:31:08 [DEBUG] Starting new HTTPS connection (1): www.google.com:443
21:31:08 [DEBUG] Starting new HTTPS connection (1): www.google.com:443
21:31:09 [DEBUG] https://www.google.com:443 "GET /generate_204 HTTP/1.1" 204 0
21:31:09 [DEBUG] Starting new HTTPS connection (1): dl.google.com:443
21:31:09 [DEBUG] https://dl.google.com:443 "GET /dl/android/studio/install/3.4.1.0/android-studio-ide-183.5522156-windows.exe HTTP/1.1" 200 1017327996
21:31:09 [DEBUG] https://dl.google.com:443 "GET /dl/android/studio/install/3.4.1.0/android-studio-ide-183.5522156-windows.exe HTTP/1.1" 200 1017327996
21:31:09 [INFO]    🎯 77.239.104.238 (Германия) - 2.6 Mbps, 405ms, UDP✅
21:31:09 [DEBUG] Starting new HTTPS connection (1): www.google.com:443
21:31:09 [INFO]    🎯 93.186.201.45 (Германия) - 7.0 Mbps, 4251ms, UDP❌
21:31:09 [DEBUG] Starting new HTTPS connection (1): www.google.com:443
21:31:09 [INFO]    🎯 167.172.187.174 (Германия) - 43.7 Mbps, 229ms, UDP✅
21:31:09 [DEBUG] Starting new HTTPS connection (1): www.google.com:443
21:31:09 [DEBUG] https://www.google.com:443 "GET /generate_204 HTTP/1.1" 204 0
21:31:09 [DEBUG] https://www.google.com:443 "GET /generate_204 HTTP/1.1" 204 0
21:31:09 [DEBUG] Starting new HTTPS connection (1): dl.google.com:443
21:31:09 [DEBUG] https://www.google.com:443 "GET /generate_204 HTTP/1.1" 204 0
21:31:09 [DEBUG] Starting new HTTPS connection (1): dl.google.com:443
21:31:09 [DEBUG] https://dl.google.com:443 "GET /dl/android/studio/install/3.4.1.0/android-studio-ide-183.5522156-windows.exe HTTP/1.1" 200 1017327996
21:31:09 [DEBUG] Starting new HTTPS connection (1): dl.google.com:443
21:31:09 [INFO]    🎯 185.82.73.196 (Нидерланды) - 76.0 Mbps, 83ms, UDP✅
21:31:09 [DEBUG] https://dl.google.com:443 "GET /dl/android/studio/install/3.4.1.0/android-studio-ide-183.5522156-windows.exe HTTP/1.1" 200 1017327996
21:31:09 [DEBUG] Starting new HTTPS connection (1): www.google.com:443
21:31:09 [DEBUG] Starting new HTTPS connection (1): www.google.com:443
21:31:09 [DEBUG] Starting new HTTPS connection (1): dl.google.com:443
21:31:10 [DEBUG] https://dl.google.com:443 "GET /dl/android/studio/install/3.4.1.0/android-studio-ide-183.5522156-windows.exe HTTP/1.1" 200 1017327996
21:31:10 [INFO]    🎯 89.23.103.249 (Нидерланды) - 45.0 Mbps, 164ms, UDP✅
21:31:10 [INFO]    🎯 94.23.147.217 (Нидерланды) - 34.3 Mbps, 225ms, UDP✅
21:31:10 [DEBUG] Starting new HTTPS connection (1): www.google.com:443
21:31:10 [DEBUG] Starting new HTTPS connection (1): www.google.com:443
21:31:10 [DEBUG] Starting new HTTPS connection (1): www.google.com:443
21:31:10 [DEBUG] Starting new HTTPS connection (1): www.google.com:443
21:31:10 [DEBUG] Starting new HTTPS connection (1): www.google.com:443
21:31:10 [DEBUG] Starting new HTTPS connection (1): www.google.com:443
21:31:10 [DEBUG] https://www.google.com:443 "GET /generate_204 HTTP/1.1" 204 0
21:31:10 [DEBUG] Starting new HTTPS connection (1): dl.google.com:443
21:31:10 [DEBUG] Starting new HTTPS connection (1): www.google.com:443
21:31:11 [DEBUG] https://dl.google.com:443 "GET /dl/android/studio/install/3.4.1.0/android-studio-ide-183.5522156-windows.exe HTTP/1.1" 200 1017327996
21:31:11 [DEBUG] https://dl.google.com:443 "GET /dl/android/studio/install/3.4.1.0/android-studio-ide-183.5522156-windows.exe HTTP/1.1" 200 1017327996
21:31:11 [DEBUG] Starting new HTTPS connection (1): www.google.com:443
21:31:11 [INFO]    🎯 37.218.247.35 (Нидерланды) - 14.8 Mbps, 104ms, UDP❌
21:31:11 [DEBUG] https://www.google.com:443 "GET /generate_204 HTTP/1.1" 204 0
21:31:11 [DEBUG] Starting new HTTPS connection (1): www.google.com:443
21:31:11 [DEBUG] Starting new HTTPS connection (1): dl.google.com:443
21:31:11 [DEBUG] Starting new HTTPS connection (1): www.google.com:443
21:31:11 [INFO]    🎯 87.98.235.174 (Польша) - 34.6 Mbps, 183ms, UDP✅
21:31:11 [DEBUG] Starting new HTTPS connection (1): www.google.com:443
21:31:11 [DEBUG] Starting new HTTPS connection (1): www.google.com:443
21:31:11 [DEBUG] https://www.google.com:443 "GET /generate_204 HTTP/1.1" 204 0
21:31:11 [DEBUG] Starting new HTTPS connection (1): www.google.com:443
21:31:11 [DEBUG] Starting new HTTPS connection (1): dl.google.com:443
21:31:11 [DEBUG] https://www.google.com:443 "GET /generate_204 HTTP/1.1" 204 0
21:31:11 [DEBUG] Starting new HTTPS connection (1): www.google.com:443
21:31:11 [DEBUG] Starting new HTTPS connection (1): www.google.com:443
21:31:11 [DEBUG] https://dl.google.com:443 "GET /dl/android/studio/install/3.4.1.0/android-studio-ide-183.5522156-windows.exe HTTP/1.1" 200 1017327996
21:31:11 [DEBUG] https://www.google.com:443 "GET /generate_204 HTTP/1.1" 204 0
21:31:11 [DEBUG] Starting new HTTPS connection (1): www.google.com:443
21:31:11 [DEBUG] Starting new HTTPS connection (1): www.google.com:443
21:31:11 [DEBUG] Starting new HTTPS connection (1): dl.google.com:443
21:31:11 [DEBUG] Starting new HTTPS connection (1): dl.google.com:443
21:31:11 [INFO]    🎯 109.176.207.168 (Нидерланды) - 46.2 Mbps, 178ms, UDP✅
21:31:12 [DEBUG] Starting new HTTPS connection (1): www.google.com:443
21:31:12 [DEBUG] https://www.google.com:443 "GET /generate_204 HTTP/1.1" 204 0
21:31:12 [DEBUG] Starting new HTTPS connection (1): dl.google.com:443
21:31:12 [DEBUG] Starting new HTTPS connection (1): www.google.com:443
21:31:12 [DEBUG] https://dl.google.com:443 "GET /dl/android/studio/install/3.4.1.0/android-studio-ide-183.5522156-windows.exe HTTP/1.1" 200 1017327996
21:31:12 [DEBUG] https://dl.google.com:443 "GET /dl/android/studio/install/3.4.1.0/android-studio-ide-183.5522156-windows.exe HTTP/1.1" 200 1017327996
21:31:12 [DEBUG] https://dl.google.com:443 "GET /dl/android/studio/install/3.4.1.0/android-studio-ide-183.5522156-windows.exe HTTP/1.1" 200 1017327996
21:31:12 [DEBUG] Starting new HTTPS connection (1): www.google.com:443
21:31:12 [INFO]    🎯 138.124.79.4 (Нидерланды) - 36.5 Mbps, 249ms, UDP✅
21:31:12 [DEBUG] https://www.google.com:443 "GET /generate_204 HTTP/1.1" 204 0
21:31:12 [INFO]    🎯 217.154.254.198 (Германия) - 25.6 Mbps, 147ms, UDP✅
21:31:12 [DEBUG] Starting new HTTPS connection (1): dl.google.com:443
21:31:12 [DEBUG] https://dl.google.com:443 "GET /dl/android/studio/install/3.4.1.0/android-studio-ide-183.5522156-windows.exe HTTP/1.1" 200 1017327996
21:31:12 [DEBUG] Starting new HTTPS connection (1): www.google.com:443
21:31:12 [INFO]    🎯 45.139.196.195 (Германия) - 23.8 Mbps, 129ms, UDP✅
21:31:12 [DEBUG] Starting new HTTPS connection (1): www.google.com:443
21:31:12 [DEBUG] Starting new HTTPS connection (1): www.google.com:443
21:31:13 [DEBUG] https://www.google.com:443 "GET /generate_204 HTTP/1.1" 204 0
21:31:13 [DEBUG] Starting new HTTPS connection (1): dl.google.com:443
21:31:13 [DEBUG] Starting new HTTPS connection (1): www.google.com:443
21:31:13 [DEBUG] https://dl.google.com:443 "GET /dl/android/studio/install/3.4.1.0/android-studio-ide-183.5522156-windows.exe HTTP/1.1" 200 1017327996
21:31:13 [INFO]    🎯 185.82.73.195 (Нидерланды) - 78.8 Mbps, 3068ms, UDP✅
21:31:13 [DEBUG] Starting new HTTPS connection (1): www.google.com:443
21:31:13 [DEBUG] https://www.google.com:443 "GET /generate_204 HTTP/1.1" 204 0
21:31:13 [DEBUG] Starting new HTTPS connection (1): www.google.com:443
21:31:13 [DEBUG] Starting new HTTPS connection (1): dl.google.com:443
21:31:13 [DEBUG] https://dl.google.com:443 "GET /dl/android/studio/install/3.4.1.0/android-studio-ide-183.5522156-windows.exe HTTP/1.1" 200 1017327996
21:31:13 [INFO]    🎯 51.158.206.87 (Нидерланды) - 96.1 Mbps, 150ms, UDP✅
21:31:13 [DEBUG] Starting new HTTPS connection (1): www.google.com:443
21:31:13 [DEBUG] Starting new HTTPS connection (1): www.google.com:443
21:31:13 [DEBUG] https://dl.google.com:443 "GET /dl/android/studio/install/3.4.1.0/android-studio-ide-183.5522156-windows.exe HTTP/1.1" 200 1017327996
21:31:13 [INFO]    🎯 151.236.15.72 (Германия) - 6.3 Mbps, 122ms, UDP✅
21:31:14 [DEBUG] Starting new HTTPS connection (1): www.google.com:443
21:31:14 [DEBUG] Starting new HTTPS connection (1): www.google.com:443
21:31:14 [DEBUG] Starting new HTTPS connection (1): www.google.com:443
21:31:14 [DEBUG] https://www.google.com:443 "GET /generate_204 HTTP/1.1" 204 0
21:31:14 [DEBUG] https://www.google.com:443 "GET /generate_204 HTTP/1.1" 204 0
21:31:14 [DEBUG] Starting new HTTPS connection (1): dl.google.com:443
21:31:14 [DEBUG] Starting new HTTPS connection (1): www.google.com:443
21:31:14 [DEBUG] Starting new HTTPS connection (1): www.google.com:443
21:31:14 [DEBUG] Starting new HTTPS connection (1): www.google.com:443
21:31:14 [DEBUG] https://dl.google.com:443 "GET /dl/android/studio/install/3.4.1.0/android-studio-ide-183.5522156-windows.exe HTTP/1.1" 200 1017327996
21:31:14 [INFO]    🎯 45.139.196.194 (Германия) - 7.6 Mbps, 127ms, UDP✅
21:31:14 [INFO]    🎯 144.31.2.86 (Польша) - 53.0 Mbps, 150ms, UDP✅
21:31:14 [DEBUG] Starting new HTTPS connection (1): www.google.com:443
21:31:15 [DEBUG] Starting new HTTPS connection (1): www.google.com:443
21:31:15 [DEBUG] Starting new HTTPS connection (1): www.google.com:443
21:31:15 [DEBUG] Starting new HTTPS connection (1): www.google.com:443
21:31:15 [DEBUG] Starting new HTTPS connection (1): dl.google.com:443
21:31:15 [DEBUG] https://www.google.com:443 "GET /generate_204 HTTP/1.1" 204 0
21:31:15 [DEBUG] Starting new HTTPS connection (1): dl.google.com:443
21:31:15 [DEBUG] https://www.google.com:443 "GET /generate_204 HTTP/1.1" 204 0
21:31:15 [DEBUG] Starting new HTTPS connection (1): dl.google.com:443
21:31:15 [DEBUG] https://dl.google.com:443 "GET /dl/android/studio/install/3.4.1.0/android-studio-ide-183.5522156-windows.exe HTTP/1.1" 200 1017327996
21:31:15 [DEBUG] https://dl.google.com:443 "GET /dl/android/studio/install/3.4.1.0/android-studio-ide-183.5522156-windows.exe HTTP/1.1" 200 1017327996
21:31:15 [INFO]    🎯 51.158.206.93 (Нидерланды) - 89.5 Mbps, 958ms, UDP✅
21:31:15 [INFO]    🎯 144.31.0.58 (Польша) - 39.5 Mbps, 146ms, UDP✅
21:31:15 [DEBUG] Starting new HTTPS connection (1): www.google.com:443
21:31:15 [DEBUG] Starting new HTTPS connection (1): www.google.com:443
21:31:15 [DEBUG] Starting new HTTPS connection (1): www.google.com:443
21:31:15 [DEBUG] Starting new HTTPS connection (1): www.google.com:443
21:31:16 [DEBUG] https://www.google.com:443 "GET /generate_204 HTTP/1.1" 204 0
21:31:16 [DEBUG] https://www.google.com:443 "GET /generate_204 HTTP/1.1" 204 0
21:31:16 [DEBUG] Starting new HTTPS connection (1): dl.google.com:443
21:31:16 [DEBUG] Starting new HTTPS connection (1): dl.google.com:443
21:31:16 [DEBUG] Starting new HTTPS connection (1): www.google.com:443
21:31:16 [DEBUG] Starting new HTTPS connection (1): www.google.com:443
21:31:16 [DEBUG] https://www.google.com:443 "GET /generate_204 HTTP/1.1" 204 0
21:31:16 [DEBUG] https://dl.google.com:443 "GET /dl/android/studio/install/3.4.1.0/android-studio-ide-183.5522156-windows.exe HTTP/1.1" 200 1017327996
21:31:16 [DEBUG] https://dl.google.com:443 "GET /dl/android/studio/install/3.4.1.0/android-studio-ide-183.5522156-windows.exe HTTP/1.1" 200 1017327996
21:31:16 [DEBUG] https://dl.google.com:443 "GET /dl/android/studio/install/3.4.1.0/android-studio-ide-183.5522156-windows.exe HTTP/1.1" 200 1017327996
21:31:16 [INFO]    🎯 144.31.0.177 (Польша) - 47.1 Mbps, 174ms, UDP✅
21:31:16 [INFO]    🎯 144.31.0.182 (Польша) - 40.1 Mbps, 153ms, UDP✅
21:31:16 [DEBUG] Starting new HTTPS connection (1): www.google.com:443
21:31:16 [DEBUG] Starting new HTTPS connection (1): www.google.com:443
21:31:16 [INFO]    🎯 192.76.160.216 (Германия) - 10.5 Mbps, 1599ms, UDP✅
21:31:16 [DEBUG] https://www.google.com:443 "GET /generate_204 HTTP/1.1" 204 0
21:31:16 [DEBUG] Starting new HTTPS connection (1): dl.google.com:443
21:31:16 [DEBUG] Starting new HTTPS connection (1): www.google.com:443
21:31:17 [DEBUG] https://dl.google.com:443 "GET /dl/android/studio/install/3.4.1.0/android-studio-ide-183.5522156-windows.exe HTTP/1.1" 200 1017327996
21:31:17 [INFO]    🎯 144.31.1.125 (Польша) - 53.7 Mbps, 170ms, UDP✅
21:31:17 [DEBUG] Starting new HTTPS connection (1): www.google.com:443
21:31:17 [DEBUG] Starting new HTTPS connection (1): www.google.com:443
21:31:17 [DEBUG] Starting new HTTPS connection (1): www.google.com:443
21:31:17 [DEBUG] Starting new HTTPS connection (1): www.google.com:443
21:31:17 [DEBUG] Starting new HTTPS connection (1): www.google.com:443
21:31:17 [DEBUG] Starting new HTTPS connection (1): www.google.com:443
21:31:18 [DEBUG] Starting new HTTPS connection (1): www.google.com:443
21:31:18 [DEBUG] Starting new HTTPS connection (1): www.google.com:443
21:31:18 [DEBUG] https://www.google.com:443 "GET /generate_204 HTTP/1.1" 204 0
21:31:18 [DEBUG] Starting new HTTPS connection (1): www.google.com:443
21:31:18 [DEBUG] Starting new HTTPS connection (1): www.google.com:443
21:31:18 [DEBUG] Starting new HTTPS connection (1): www.google.com:443
21:31:18 [DEBUG] Starting new HTTPS connection (1): www.google.com:443
21:31:19 [DEBUG] Starting new HTTPS connection (1): www.google.com:443
21:31:19 [DEBUG] Starting new HTTPS connection (1): dl.google.com:443
21:31:19 [DEBUG] Starting new HTTPS connection (1): www.google.com:443
21:31:19 [DEBUG] Starting new HTTPS connection (1): www.google.com:443
21:31:19 [DEBUG] Starting new HTTPS connection (1): dl.google.com:443
21:31:19 [DEBUG] Starting new HTTPS connection (1): www.google.com:443
21:31:19 [DEBUG] https://www.google.com:443 "GET /generate_204 HTTP/1.1" 204 0
21:31:19 [DEBUG] Starting new HTTPS connection (1): www.google.com:443
21:31:19 [DEBUG] Starting new HTTPS connection (1): www.google.com:443
21:31:19 [DEBUG] Starting new HTTPS connection (1): dl.google.com:443
21:31:20 [DEBUG] Starting new HTTPS connection (1): www.google.com:443
21:31:20 [DEBUG] https://www.google.com:443 "GET /generate_204 HTTP/1.1" 204 0
21:31:20 [DEBUG] https://dl.google.com:443 "GET /dl/android/studio/install/3.4.1.0/android-studio-ide-183.5522156-windows.exe HTTP/1.1" 200 1017327996
21:31:20 [DEBUG] Starting new HTTPS connection (1): dl.google.com:443
21:31:20 [DEBUG] https://www.google.com:443 "GET /generate_204 HTTP/1.1" 204 0
21:31:20 [INFO]    🎯 144.31.3.167 (Польша) - 48.6 Mbps, 144ms, UDP✅
21:31:20 [DEBUG] Starting new HTTPS connection (1): www.google.com:443
21:31:20 [DEBUG] Starting new HTTPS connection (1): dl.google.com:443
21:31:20 [DEBUG] https://dl.google.com:443 "GET /dl/android/studio/install/3.4.1.0/android-studio-ide-183.5522156-windows.exe HTTP/1.1" 200 1017327996
21:31:20 [INFO]    🎯 195.3.223.143 (Польша) - 44.8 Mbps, 172ms, UDP✅
21:31:20 [DEBUG] https://dl.google.com:443 "GET /dl/android/studio/install/3.4.1.0/android-studio-ide-183.5522156-windows.exe HTTP/1.1" 200 1017327996
21:31:20 [DEBUG] Starting new HTTPS connection (1): www.google.com:443
21:31:20 [DEBUG] Starting new HTTPS connection (1): www.google.com:443
21:31:21 [INFO]    🎯 185.153.55.239 (Швеция) - 23.4 Mbps, 308ms, UDP✅
21:31:21 [DEBUG] https://www.google.com:443 "GET /generate_204 HTTP/1.1" 204 0
21:31:21 [DEBUG] https://www.google.com:443 "GET /generate_204 HTTP/1.1" 204 0
21:31:21 [DEBUG] Starting new HTTPS connection (1): www.google.com:443
21:31:21 [DEBUG] Starting new HTTPS connection (1): dl.google.com:443
21:31:21 [DEBUG] Starting new HTTPS connection (1): www.google.com:443
21:31:21 [DEBUG] Starting new HTTPS connection (1): dl.google.com:443
21:31:21 [DEBUG] Starting new HTTPS connection (1): www.google.com:443
21:31:21 [DEBUG] https://dl.google.com:443 "GET /dl/android/studio/install/3.4.1.0/android-studio-ide-183.5522156-windows.exe HTTP/1.1" 200 1017327996
21:31:21 [DEBUG] Starting new HTTPS connection (1): www.google.com:443
21:31:21 [DEBUG] Starting new HTTPS connection (1): www.google.com:443
21:31:21 [DEBUG] https://dl.google.com:443 "GET /dl/android/studio/install/3.4.1.0/android-studio-ide-183.5522156-windows.exe HTTP/1.1" 200 1017327996
21:31:21 [DEBUG] https://dl.google.com:443 "GET /dl/android/studio/install/3.4.1.0/android-studio-ide-183.5522156-windows.exe HTTP/1.1" 200 1017327996
21:31:21 [INFO]    🎯 144.31.2.154 (Польша) - 38.9 Mbps, 229ms, UDP✅
21:31:21 [DEBUG] https://www.google.com:443 "GET /generate_204 HTTP/1.1" 204 0
21:31:21 [DEBUG] https://www.google.com:443 "GET /generate_204 HTTP/1.1" 204 0
21:31:21 [DEBUG] Starting new HTTPS connection (1): dl.google.com:443
21:31:21 [DEBUG] Starting new HTTPS connection (1): dl.google.com:443
21:31:21 [INFO]    🎯 45.144.51.22 (Польша) - 28.4 Mbps, 185ms, UDP✅
21:31:21 [DEBUG] https://dl.google.com:443 "GET /dl/android/studio/install/3.4.1.0/android-studio-ide-183.5522156-windows.exe HTTP/1.1" 200 1017327996
21:31:22 [DEBUG] Starting new HTTPS connection (1): www.google.com:443
21:31:22 [DEBUG] https://dl.google.com:443 "GET /dl/android/studio/install/3.4.1.0/android-studio-ide-183.5522156-windows.exe HTTP/1.1" 200 1017327996
21:31:22 [INFO]    🎯 91.84.118.23 (Нидерланды) - 46.0 Mbps, 130ms, UDP✅
21:31:22 [INFO]    🎯 91.84.113.114 (Нидерланды) - 45.4 Mbps, 188ms, UDP✅
21:31:22 [DEBUG] https://www.google.com:443 "GET /generate_204 HTTP/1.1" 204 0
21:31:22 [DEBUG] Starting new HTTPS connection (1): dl.google.com:443
21:31:22 [DEBUG] Starting new HTTPS connection (1): www.google.com:443
21:31:22 [DEBUG] Starting new HTTPS connection (1): www.google.com:443
21:31:22 [DEBUG] https://dl.google.com:443 "GET /dl/android/studio/install/3.4.1.0/android-studio-ide-183.5522156-windows.exe HTTP/1.1" 200 1017327996
21:31:22 [DEBUG] https://www.google.com:443 "GET /generate_204 HTTP/1.1" 204 0
21:31:22 [DEBUG] Starting new HTTPS connection (1): www.google.com:443
21:31:22 [DEBUG] Starting new HTTPS connection (1): dl.google.com:443
21:31:22 [DEBUG] Starting new HTTPS connection (1): www.google.com:443
21:31:22 [DEBUG] https://www.google.com:443 "GET /generate_204 HTTP/1.1" 204 0
21:31:22 [DEBUG] https://dl.google.com:443 "GET /dl/android/studio/install/3.4.1.0/android-studio-ide-183.5522156-windows.exe HTTP/1.1" 200 1017327996
21:31:23 [INFO]    🎯 91.84.109.124 (Нидерланды) - 53.2 Mbps, 142ms, UDP✅
21:31:23 [DEBUG] Starting new HTTPS connection (1): www.google.com:443
21:31:23 [DEBUG] Starting new HTTPS connection (1): www.google.com:443
21:31:23 [DEBUG] Starting new HTTPS connection (1): dl.google.com:443
21:31:23 [DEBUG] Starting new HTTPS connection (1): www.google.com:443
21:31:23 [INFO]    🎯 77.238.231.156 (Нидерланды) - 16.1 Mbps, 204ms, UDP✅
21:31:23 [DEBUG] https://dl.google.com:443 "GET /dl/android/studio/install/3.4.1.0/android-studio-ide-183.5522156-windows.exe HTTP/1.1" 200 1017327996
21:31:24 [INFO]    🎯 2.56.125.209 (Польша) - 23.0 Mbps, 438ms, UDP✅
21:31:24 [INFO]    📊 Глубокая проверка: 960/1922 (50%) | ✅137 ❌823
21:31:24 [DEBUG] Starting new HTTPS connection (1): www.google.com:443
21:31:24 [DEBUG] Starting new HTTPS connection (1): www.google.com:443
21:31:24 [DEBUG] Starting new HTTPS connection (1): www.google.com:443
21:31:24 [DEBUG] Starting new HTTPS connection (1): www.google.com:443
21:31:24 [DEBUG] Starting new HTTPS connection (1): www.google.com:443
21:31:24 [DEBUG] https://www.google.com:443 "GET /generate_204 HTTP/1.1" 204 0
21:31:24 [DEBUG] https://www.google.com:443 "GET /generate_204 HTTP/1.1" 204 0
21:31:24 [DEBUG] https://www.google.com:443 "GET /generate_204 HTTP/1.1" 204 0
21:31:24 [DEBUG] Starting new HTTPS connection (1): dl.google.com:443
21:31:24 [DEBUG] Starting new HTTPS connection (1): www.google.com:443
21:31:24 [DEBUG] Starting new HTTPS connection (1): dl.google.com:443
21:31:24 [DEBUG] Starting new HTTPS connection (1): dl.google.com:443
21:31:24 [DEBUG] Starting new HTTPS connection (1): www.google.com:443
21:31:24 [DEBUG] https://www.google.com:443 "GET /generate_204 HTTP/1.1" 204 0
21:31:24 [DEBUG] https://dl.google.com:443 "GET /dl/android/studio/install/3.4.1.0/android-studio-ide-183.5522156-windows.exe HTTP/1.1" 200 1017327996
21:31:24 [DEBUG] https://dl.google.com:443 "GET /dl/android/studio/install/3.4.1.0/android-studio-ide-183.5522156-windows.exe HTTP/1.1" 200 1017327996
21:31:24 [DEBUG] https://www.google.com:443 "GET /generate_204 HTTP/1.1" 204 0
21:31:24 [DEBUG] https://dl.google.com:443 "GET /dl/android/studio/install/3.4.1.0/android-studio-ide-183.5522156-windows.exe HTTP/1.1" 200 1017327996
21:31:25 [DEBUG] Starting new HTTPS connection (1): dl.google.com:443
21:31:25 [DEBUG] https://dl.google.com:443 "GET /dl/android/studio/install/3.4.1.0/android-studio-ide-183.5522156-windows.exe HTTP/1.1" 200 1017327996
21:31:25 [DEBUG] Starting new HTTPS connection (1): www.google.com:443
21:31:25 [DEBUG] Starting new HTTPS connection (1): dl.google.com:443
21:31:25 [DEBUG] Starting new HTTPS connection (1): www.google.com:443
21:31:25 [INFO]    🎯 85.17.145.174 (Нидерланды) - 3.2 Mbps, 5600ms, UDP✅
21:31:25 [DEBUG] https://www.google.com:443 "GET /generate_204 HTTP/1.1" 204 0
21:31:25 [INFO]    🎯 77.238.233.188 (Нидерланды) - 29.3 Mbps, 261ms, UDP✅
21:31:25 [DEBUG] https://www.google.com:443 "GET /generate_204 HTTP/1.1" 204 0
21:31:25 [INFO]    🎯 91.84.113.47 (Нидерланды) - 25.2 Mbps, 137ms, UDP✅
21:31:25 [INFO]    🎯 185.21.14.199 (Нидерланды) - 26.5 Mbps, 200ms, UDP✅
21:31:25 [DEBUG] Starting new HTTPS connection (1): dl.google.com:443
21:31:25 [DEBUG] Starting new HTTPS connection (1): dl.google.com:443
21:31:25 [DEBUG] https://dl.google.com:443 "GET /dl/android/studio/install/3.4.1.0/android-studio-ide-183.5522156-windows.exe HTTP/1.1" 200 1017327996
21:31:25 [DEBUG] https://dl.google.com:443 "GET /dl/android/studio/install/3.4.1.0/android-studio-ide-183.5522156-windows.exe HTTP/1.1" 200 1017327996
21:31:25 [DEBUG] https://dl.google.com:443 "GET /dl/android/studio/install/3.4.1.0/android-studio-ide-183.5522156-windows.exe HTTP/1.1" 200 1017327996
21:31:25 [DEBUG] https://dl.google.com:443 "GET /dl/android/studio/install/3.4.1.0/android-studio-ide-183.5522156-windows.exe HTTP/1.1" 200 1017327996
21:31:25 [INFO]    🎯 91.84.113.36 (Нидерланды) - 19.9 Mbps, 166ms, UDP✅
21:31:25 [INFO]    🎯 5.35.44.110 (Нидерланды) - 37.6 Mbps, 340ms, UDP✅
21:31:25 [DEBUG] Starting new HTTPS connection (1): www.google.com:443
21:31:26 [INFO]    🎯 77.246.99.24 (Нидерланды) - 41.9 Mbps, 337ms, UDP✅
21:31:26 [DEBUG] Starting new HTTPS connection (1): www.google.com:443
21:31:26 [DEBUG] Starting new HTTPS connection (1): www.google.com:443
21:31:26 [DEBUG] Starting new HTTPS connection (1): www.google.com:443
21:31:26 [DEBUG] Starting new HTTPS connection (1): www.google.com:443
21:31:26 [DEBUG] https://www.google.com:443 "GET /generate_204 HTTP/1.1" 204 0
21:31:26 [DEBUG] https://www.google.com:443 "GET /generate_204 HTTP/1.1" 204 0
21:31:26 [DEBUG] Starting new HTTPS connection (1): dl.google.com:443
21:31:26 [DEBUG] Starting new HTTPS connection (1): dl.google.com:443
21:31:26 [DEBUG] Starting new HTTPS connection (1): www.google.com:443
21:31:26 [DEBUG] https://dl.google.com:443 "GET /dl/android/studio/install/3.4.1.0/android-studio-ide-183.5522156-windows.exe HTTP/1.1" 200 1017327996
21:31:26 [DEBUG] Starting new HTTPS connection (1): www.google.com:443
21:31:26 [DEBUG] https://dl.google.com:443 "GET /dl/android/studio/install/3.4.1.0/android-studio-ide-183.5522156-windows.exe HTTP/1.1" 200 1017327996
21:31:27 [DEBUG] Starting new HTTPS connection (1): www.google.com:443
21:31:27 [INFO]    🎯 212.111.88.50 (Нидерланды) - 38.8 Mbps, 206ms, UDP✅
21:31:27 [INFO]    🎯 89.110.110.126 (Нидерланды) - 43.6 Mbps, 212ms, UDP✅
21:31:27 [DEBUG] Starting new HTTPS connection (1): www.google.com:443
21:31:27 [DEBUG] Starting new HTTPS connection (1): www.google.com:443
21:31:27 [DEBUG] https://www.google.com:443 "GET /generate_204 HTTP/1.1" 204 0
21:31:27 [DEBUG] Starting new HTTPS connection (1): dl.google.com:443
21:31:27 [DEBUG] Starting new HTTPS connection (1): www.google.com:443
21:31:27 [DEBUG] https://dl.google.com:443 "GET /dl/android/studio/install/3.4.1.0/android-studio-ide-183.5522156-windows.exe HTTP/1.1" 200 1017327996
21:31:27 [DEBUG] https://www.google.com:443 "GET /generate_204 HTTP/1.1" 204 0
21:31:27 [DEBUG] https://www.google.com:443 "GET /generate_204 HTTP/1.1" 204 0
21:31:27 [DEBUG] Starting new HTTPS connection (1): dl.google.com:443
21:31:27 [DEBUG] Starting new HTTPS connection (1): www.google.com:443
21:31:27 [DEBUG] Starting new HTTPS connection (1): dl.google.com:443
21:31:27 [DEBUG] Starting new HTTPS connection (1): www.google.com:443
21:31:28 [DEBUG] https://www.google.com:443 "GET /generate_204 HTTP/1.1" 204 0
21:31:28 [DEBUG] https://dl.google.com:443 "GET /dl/android/studio/install/3.4.1.0/android-studio-ide-183.5522156-windows.exe HTTP/1.1" 200 1017327996
21:31:28 [DEBUG] https://dl.google.com:443 "GET /dl/android/studio/install/3.4.1.0/android-studio-ide-183.5522156-windows.exe HTTP/1.1" 200 1017327996
21:31:28 [DEBUG] Starting new HTTPS connection (1): www.google.com:443
21:31:28 [DEBUG] https://www.google.com:443 "GET /generate_204 HTTP/1.1" 204 0
21:31:28 [DEBUG] Starting new HTTPS connection (1): www.google.com:443
21:31:28 [DEBUG] Starting new HTTPS connection (1): www.google.com:443
21:31:28 [DEBUG] Starting new HTTPS connection (1): dl.google.com:443
21:31:28 [INFO]    🎯 150.241.115.147 (Германия) - 19.7 Mbps, 81ms, UDP✅
21:31:28 [DEBUG] Starting new HTTPS connection (1): dl.google.com:443
21:31:28 [DEBUG] https://www.google.com:443 "GET /generate_204 HTTP/1.1" 204 0
21:31:28 [DEBUG] Starting new HTTPS connection (1): www.google.com:443
21:31:28 [DEBUG] Starting new HTTPS connection (1): dl.google.com:443
21:31:28 [INFO]    🎯 91.84.102.165 (Нидерланды) - 29.7 Mbps, 323ms, UDP✅
21:31:28 [INFO]    🎯 89.110.114.23 (Нидерланды) - 33.4 Mbps, 176ms, UDP✅
21:31:28 [DEBUG] https://www.google.com:443 "GET /generate_204 HTTP/1.1" 204 0
21:31:28 [DEBUG] Starting new HTTPS connection (1): dl.google.com:443
21:31:28 [DEBUG] https://dl.google.com:443 "GET /dl/android/studio/install/3.4.1.0/android-studio-ide-183.5522156-windows.exe HTTP/1.1" 200 1017327996
21:31:28 [DEBUG] https://dl.google.com:443 "GET /dl/android/studio/install/3.4.1.0/android-studio-ide-183.5522156-windows.exe HTTP/1.1" 200 1017327996
21:31:28 [DEBUG] https://dl.google.com:443 "GET /dl/android/studio/install/3.4.1.0/android-studio-ide-183.5522156-windows.exe HTTP/1.1" 200 1017327996
21:31:28 [DEBUG] https://dl.google.com:443 "GET /dl/android/studio/install/3.4.1.0/android-studio-ide-183.5522156-windows.exe HTTP/1.1" 200 1017327996
21:31:29 [INFO]    🎯 91.84.113.57 (Нидерланды) - 19.9 Mbps, 266ms, UDP✅
21:31:29 [INFO]    🎯 62.84.101.121 (Нидерланды) - 17.5 Mbps, 150ms, UDP✅
21:31:29 [INFO]    🎯 195.26.224.102 (Нидерланды) - 32.2 Mbps, 204ms, UDP✅
21:31:29 [INFO]    🎯 91.84.109.130 (Нидерланды) - 22.4 Mbps, 189ms, UDP✅
21:31:29 [DEBUG] Starting new HTTPS connection (1): www.google.com:443
21:31:29 [DEBUG] Starting new HTTPS connection (1): www.google.com:443
21:31:29 [DEBUG] Starting new HTTPS connection (1): www.google.com:443
21:31:29 [DEBUG] Starting new HTTPS connection (1): www.google.com:443
21:31:29 [DEBUG] Starting new HTTPS connection (1): www.google.com:443
21:31:29 [DEBUG] Starting new HTTPS connection (1): www.google.com:443
21:31:29 [DEBUG] https://www.google.com:443 "GET /generate_204 HTTP/1.1" 204 0
21:31:29 [DEBUG] Starting new HTTPS connection (1): dl.google.com:443
21:31:29 [DEBUG] https://www.google.com:443 "GET /generate_204 HTTP/1.1" 204 0
21:31:29 [DEBUG] https://dl.google.com:443 "GET /dl/android/studio/install/3.4.1.0/android-studio-ide-183.5522156-windows.exe HTTP/1.1" 200 1017327996
21:31:29 [DEBUG] Starting new HTTPS connection (1): dl.google.com:443
21:31:30 [INFO]    🎯 195.26.224.112 (Нидерланды) - 43.2 Mbps, 232ms, UDP✅
21:31:30 [DEBUG] https://dl.google.com:443 "GET /dl/android/studio/install/3.4.1.0/android-studio-ide-183.5522156-windows.exe HTTP/1.1" 200 1017327996
21:31:30 [DEBUG] Starting new HTTPS connection (1): www.google.com:443
21:31:30 [DEBUG] Starting new HTTPS connection (1): www.google.com:443
21:31:30 [DEBUG] Starting new HTTPS connection (1): www.google.com:443
21:31:30 [DEBUG] Starting new HTTPS connection (1): www.google.com:443
21:31:30 [INFO]    🎯 212.34.130.185 (Нидерланды) - 41.8 Mbps, 186ms, UDP✅
21:31:30 [DEBUG] Starting new HTTPS connection (1): www.google.com:443
21:31:30 [DEBUG] Starting new HTTPS connection (1): www.google.com:443
21:31:30 [DEBUG] https://www.google.com:443 "GET /generate_204 HTTP/1.1" 204 0
21:31:30 [DEBUG] Starting new HTTPS connection (1): www.google.com:443
21:31:30 [DEBUG] Starting new HTTPS connection (1): dl.google.com:443
21:31:31 [DEBUG] Starting new HTTPS connection (1): www.google.com:443
21:31:31 [DEBUG] https://dl.google.com:443 "GET /dl/android/studio/install/3.4.1.0/android-studio-ide-183.5522156-windows.exe HTTP/1.1" 200 1017327996
21:31:31 [DEBUG] Starting new HTTPS connection (1): www.google.com:443
21:31:31 [DEBUG] Starting new HTTPS connection (1): www.google.com:443
21:31:31 [DEBUG] Starting new HTTPS connection (1): www.google.com:443
21:31:31 [INFO]    🎯 91.84.112.93 (Нидерланды) - 18.4 Mbps, 290ms, UDP✅
21:31:32 [DEBUG] Starting new HTTPS connection (1): www.google.com:443
21:31:32 [DEBUG] https://www.google.com:443 "GET /generate_204 HTTP/1.1" 204 0
21:31:32 [DEBUG] https://www.google.com:443 "GET /generate_204 HTTP/1.1" 204 0
21:31:32 [INFO]    🎯 80.85.245.242 (Нидерланды) - 2.2 Mbps, 142ms, UDP✅
21:31:32 [DEBUG] https://www.google.com:443 "GET /generate_204 HTTP/1.1" 204 0
21:31:32 [DEBUG] Starting new HTTPS connection (1): dl.google.com:443
21:31:32 [DEBUG] Starting new HTTPS connection (1): www.google.com:443
21:31:32 [DEBUG] Starting new HTTPS connection (1): dl.google.com:443
21:31:32 [DEBUG] Starting new HTTPS connection (1): dl.google.com:443
21:31:33 [DEBUG] Starting new HTTPS connection (1): www.google.com:443
21:31:33 [DEBUG] https://www.google.com:443 "GET /generate_204 HTTP/1.1" 204 0
21:31:33 [DEBUG] Starting new HTTPS connection (1): dl.google.com:443
21:31:33 [DEBUG] https://dl.google.com:443 "GET /dl/android/studio/install/3.4.1.0/android-studio-ide-183.5522156-windows.exe HTTP/1.1" 200 1017327996
21:31:33 [DEBUG] https://dl.google.com:443 "GET /dl/android/studio/install/3.4.1.0/android-studio-ide-183.5522156-windows.exe HTTP/1.1" 200 1017327996
21:31:33 [DEBUG] Starting new HTTPS connection (1): www.google.com:443
21:31:33 [INFO]    🎯 2.58.65.28 (Германия) - 53.5 Mbps, 107ms, UDP✅
21:31:33 [DEBUG] Starting new HTTPS connection (1): www.google.com:443
21:31:33 [DEBUG] https://www.google.com:443 "GET /generate_204 HTTP/1.1" 204 0
21:31:34 [DEBUG] Starting new HTTPS connection (1): www.google.com:443
21:31:34 [DEBUG] Starting new HTTPS connection (1): www.google.com:443
21:31:34 [INFO]    🎯 144.124.242.141 (Нидерланды) - 13.7 Mbps, 2002ms, UDP✅
21:31:34 [DEBUG] Starting new HTTPS connection (1): www.google.com:443
21:31:34 [DEBUG] Starting new HTTPS connection (1): www.google.com:443
21:31:34 [INFO]    🎯 138.124.79.3 (Нидерланды) - 1.1 Mbps, 1289ms, UDP❌
21:31:35 [DEBUG] Starting new HTTPS connection (1): www.google.com:443
21:31:35 [DEBUG] Starting new HTTPS connection (1): www.google.com:443
21:31:35 [DEBUG] https://www.google.com:443 "GET /generate_204 HTTP/1.1" 204 0
21:31:35 [DEBUG] https://www.google.com:443 "GET /generate_204 HTTP/1.1" 204 0
21:31:35 [DEBUG] Starting new HTTPS connection (1): dl.google.com:443
21:31:35 [DEBUG] https://dl.google.com:443 "GET /dl/android/studio/install/3.4.1.0/android-studio-ide-183.5522156-windows.exe HTTP/1.1" 200 1017327996
21:31:35 [INFO]    🎯 104.21.13.210 (None) - 40.2 Mbps, 117ms, UDP✅
21:31:35 [DEBUG] Starting new HTTPS connection (1): www.google.com:443
21:31:36 [DEBUG] https://dl.google.com:443 "GET /dl/android/studio/install/3.4.1.0/android-studio-ide-183.5522156-windows.exe HTTP/1.1" 200 1017327996
21:31:36 [DEBUG] Starting new HTTPS connection (1): dl.google.com:443
21:31:36 [DEBUG] Starting new HTTPS connection (1): dl.google.com:443
21:31:36 [DEBUG] Starting new HTTPS connection (1): www.google.com:443
21:31:37 [DEBUG] Starting new HTTPS connection (1): www.google.com:443
21:31:37 [DEBUG] Starting new HTTPS connection (1): www.google.com:443
21:31:37 [DEBUG] https://dl.google.com:443 "GET /dl/android/studio/install/3.4.1.0/android-studio-ide-183.5522156-windows.exe HTTP/1.1" 200 1017327996
21:31:37 [DEBUG] https://www.google.com:443 "GET /generate_204 HTTP/1.1" 204 0
21:31:38 [INFO]    🎯 85.158.109.149 (Польша) - 3.2 Mbps, 2940ms, UDP✅
21:31:38 [DEBUG] Starting new HTTPS connection (1): www.google.com:443
21:31:38 [DEBUG] Starting new HTTPS connection (1): dl.google.com:443
21:31:38 [DEBUG] https://dl.google.com:443 "GET /dl/android/studio/install/3.4.1.0/android-studio-ide-183.5522156-windows.exe HTTP/1.1" 200 1017327996
21:31:38 [DEBUG] Starting new HTTPS connection (1): www.google.com:443
21:31:39 [DEBUG] Starting new HTTPS connection (1): www.google.com:443
21:31:39 [DEBUG] https://www.google.com:443 "GET /generate_204 HTTP/1.1" 204 0
21:31:39 [DEBUG] Starting new HTTPS connection (1): www.google.com:443
21:31:39 [DEBUG] Starting new HTTPS connection (1): dl.google.com:443
21:31:39 [DEBUG] https://www.google.com:443 "GET /generate_204 HTTP/1.1" 204 0
21:31:39 [DEBUG] https://dl.google.com:443 "GET /dl/android/studio/install/3.4.1.0/android-studio-ide-183.5522156-windows.exe HTTP/1.1" 404 1449
21:31:39 [INFO]    🎯 104.17.162.123 (None) - 0.0 Mbps, 114ms, UDP✅
21:31:39 [DEBUG] Starting new HTTPS connection (1): dl.google.com:443
21:31:39 [DEBUG] Starting new HTTPS connection (1): www.google.com:443
21:31:40 [DEBUG] https://dl.google.com:443 "GET /dl/android/studio/install/3.4.1.0/android-studio-ide-183.5522156-windows.exe HTTP/1.1" 200 1017327996
21:31:40 [DEBUG] Starting new HTTPS connection (1): www.google.com:443
21:31:40 [DEBUG] Starting new HTTPS connection (1): www.google.com:443
21:31:40 [DEBUG] Starting new HTTPS connection (1): www.google.com:443
21:31:40 [DEBUG] https://www.google.com:443 "GET /generate_204 HTTP/1.1" 204 0
21:31:40 [INFO]    🎯 104.18.32.47 (None) - 13.5 Mbps, 423ms, UDP✅
21:31:41 [DEBUG] Starting new HTTPS connection (1): www.google.com:443
21:31:41 [DEBUG] Starting new HTTPS connection (1): www.google.com:443
21:31:42 [DEBUG] https://www.google.com:443 "GET /generate_204 HTTP/1.1" 204 0
21:31:42 [DEBUG] Starting new HTTPS connection (1): dl.google.com:443
21:31:42 [DEBUG] https://dl.google.com:443 "GET /dl/android/studio/install/3.4.1.0/android-studio-ide-183.5522156-windows.exe HTTP/1.1" 200 1017327996
21:31:42 [DEBUG] Starting new HTTPS connection (1): www.google.com:443
21:31:42 [INFO]    🎯 27.50.49.238 (Сингапур) - 74.4 Mbps, 91ms, UDP✅
21:31:42 [DEBUG] https://www.google.com:443 "GET /generate_204 HTTP/1.1" 204 0
21:31:42 [DEBUG] Starting new HTTPS connection (1): dl.google.com:443
21:31:42 [DEBUG] https://dl.google.com:443 "GET /dl/android/studio/install/3.4.1.0/android-studio-ide-183.5522156-windows.exe HTTP/1.1" 200 1017327996
21:31:42 [INFO]    🎯 45.85.119.238 (Румыния) - 64.7 Mbps, 137ms, UDP✅
21:31:42 [DEBUG] Starting new HTTPS connection (1): www.google.com:443
21:31:43 [DEBUG] Starting new HTTPS connection (1): www.google.com:443
21:31:43 [DEBUG] https://www.google.com:443 "GET /generate_204 HTTP/1.1" 204 0
21:31:43 [DEBUG] Starting new HTTPS connection (1): dl.google.com:443
21:31:43 [DEBUG] Starting new HTTPS connection (1): www.google.com:443
21:31:43 [DEBUG] Starting new HTTPS connection (1): www.google.com:443
21:31:43 [DEBUG] https://dl.google.com:443 "GET /dl/android/studio/install/3.4.1.0/android-studio-ide-183.5522156-windows.exe HTTP/1.1" 200 1017327996
21:31:43 [INFO]    🎯 25.129.198.238 (Великобритания) - 74.4 Mbps, 91ms, UDP✅
21:31:43 [DEBUG] Starting new HTTPS connection (1): www.google.com:443
21:31:43 [DEBUG] https://www.google.com:443 "GET /generate_204 HTTP/1.1" 204 0
21:31:43 [INFO]    🎯 77.221.137.39 (Швеция) - 0.0 Mbps, 9672ms, UDP❌
21:31:43 [DEBUG] Starting new HTTPS connection (1): www.google.com:443
21:31:43 [DEBUG] Starting new HTTPS connection (1): dl.google.com:443
21:31:43 [DEBUG] Starting new HTTPS connection (1): dl.google.com:443
21:31:43 [DEBUG] https://www.google.com:443 "GET /generate_204 HTTP/1.1" 204 0
21:31:43 [DEBUG] Starting new HTTPS connection (1): dl.google.com:443
21:31:44 [DEBUG] https://dl.google.com:443 "GET /dl/android/studio/install/3.4.1.0/android-studio-ide-183.5522156-windows.exe HTTP/1.1" 200 1017327996
21:31:44 [DEBUG] https://dl.google.com:443 "GET /dl/android/studio/install/3.4.1.0/android-studio-ide-183.5522156-windows.exe HTTP/1.1" 200 1017327996
21:31:44 [INFO]    🎯 154.194.0.190 (SC) - 58.4 Mbps, 85ms, UDP✅
21:31:44 [INFO]    🎯 206.238.237.211 (Сингапур) - 68.4 Mbps, 114ms, UDP✅
21:31:44 [DEBUG] Starting new HTTPS connection (1): www.google.com:443
21:31:44 [DEBUG] https://www.google.com:443 "GET /generate_204 HTTP/1.1" 204 0
21:31:44 [DEBUG] Starting new HTTPS connection (1): dl.google.com:443
21:31:44 [INFO]    🎯 87.239.252.186 (Нидерланды) - 2.1 Mbps, 1738ms, UDP✅
21:31:44 [DEBUG] https://dl.google.com:443 "GET /dl/android/studio/install/3.4.1.0/android-studio-ide-183.5522156-windows.exe HTTP/1.1" 200 1017327996
21:31:44 [DEBUG] Starting new HTTPS connection (1): www.google.com:443
21:31:44 [INFO]    🎯 185.207.196.238 (MH) - 82.5 Mbps, 74ms, UDP✅
21:31:45 [DEBUG] Starting new HTTPS connection (1): www.google.com:443
21:31:45 [DEBUG] https://www.google.com:443 "GET /generate_204 HTTP/1.1" 204 0
21:31:45 [DEBUG] https://www.google.com:443 "GET /generate_204 HTTP/1.1" 204 0
21:31:45 [DEBUG] Starting new HTTPS connection (1): www.google.com:443
21:31:45 [DEBUG] Starting new HTTPS connection (1): dl.google.com:443
21:31:45 [DEBUG] Starting new HTTPS connection (1): dl.google.com:443
21:31:45 [DEBUG] Starting new HTTPS connection (1): www.google.com:443
21:31:45 [DEBUG] https://www.google.com:443 "GET /generate_204 HTTP/1.1" 204 0
21:31:45 [DEBUG] Starting new HTTPS connection (1): dl.google.com:443
21:31:45 [DEBUG] https://www.google.com:443 "GET /generate_204 HTTP/1.1" 204 0
21:31:45 [DEBUG] Starting new HTTPS connection (1): dl.google.com:443
21:31:45 [INFO]    🎯 212.34.142.191 (Нидерланды) - 0.0 Mbps, 5049ms, UDP✅
21:31:45 [DEBUG] https://dl.google.com:443 "GET /dl/android/studio/install/3.4.1.0/android-studio-ide-183.5522156-windows.exe HTTP/1.1" 200 1017327996
21:31:45 [DEBUG] https://dl.google.com:443 "GET /dl/android/studio/install/3.4.1.0/android-studio-ide-183.5522156-windows.exe HTTP/1.1" 200 1017327996
21:31:45 [DEBUG] https://dl.google.com:443 "GET /dl/android/studio/install/3.4.1.0/android-studio-ide-183.5522156-windows.exe HTTP/1.1" 200 1017327996
21:31:45 [INFO]    🎯 185.7.240.238 (Турция) - 48.2 Mbps, 94ms, UDP✅
21:31:45 [DEBUG] Starting new HTTPS connection (1): www.google.com:443
21:31:45 [DEBUG] https://dl.google.com:443 "GET /dl/android/studio/install/3.4.1.0/android-studio-ide-183.5522156-windows.exe HTTP/1.1" 200 1017327996
21:31:45 [INFO]    🎯 156.255.123.138 (Гонконг) - 43.8 Mbps, 97ms, UDP✅
21:31:45 [INFO]    🎯 91.84.102.30 (Нидерланды) - 1.3 Mbps, 2253ms, UDP✅
21:31:45 [INFO]    🎯 77.75.199.138 (Великобритания) - 32.2 Mbps, 319ms, UDP✅
21:31:45 [INFO]    🎯 45.12.30.238 (Румыния) - 47.8 Mbps, 130ms, UDP✅
21:31:45 [DEBUG] Starting new HTTPS connection (1): www.google.com:443
21:31:45 [DEBUG] https://www.google.com:443 "GET /generate_204 HTTP/1.1" 204 0
21:31:45 [DEBUG] Starting new HTTPS connection (1): www.google.com:443
21:31:45 [DEBUG] https://www.google.com:443 "GET /generate_204 HTTP/1.1" 204 0
21:31:45 [DEBUG] Starting new HTTPS connection (1): dl.google.com:443
21:31:45 [DEBUG] Starting new HTTPS connection (1): dl.google.com:443
21:31:45 [DEBUG] Starting new HTTPS connection (1): www.google.com:443
21:31:46 [DEBUG] https://dl.google.com:443 "GET /dl/android/studio/install/3.4.1.0/android-studio-ide-183.5522156-windows.exe HTTP/1.1" 200 1017327996
21:31:46 [DEBUG] https://dl.google.com:443 "GET /dl/android/studio/install/3.4.1.0/android-studio-ide-183.5522156-windows.exe HTTP/1.1" 200 1017327996
21:31:46 [INFO]    🎯 25.129.199.238 (Великобритания) - 74.0 Mbps, 191ms, UDP✅
21:31:46 [INFO]    🎯 92.53.191.238 (SI) - 57.2 Mbps, 104ms, UDP✅
21:31:46 [DEBUG] Starting new HTTPS connection (1): www.google.com:443
21:31:46 [DEBUG] https://dl.google.com:443 "GET /dl/android/studio/install/3.4.1.0/android-studio-ide-183.5522156-windows.exe HTTP/1.1" 200 1017327996
21:31:46 [DEBUG] https://www.google.com:443 "GET /generate_204 HTTP/1.1" 204 0
21:31:46 [DEBUG] Starting new HTTPS connection (1): www.google.com:443
21:31:46 [DEBUG] Starting new HTTPS connection (1): dl.google.com:443
21:31:46 [DEBUG] Starting new HTTPS connection (1): www.google.com:443
21:31:46 [DEBUG] Starting new HTTPS connection (1): www.google.com:443
21:31:46 [DEBUG] Starting new HTTPS connection (1): www.google.com:443
21:31:46 [DEBUG] https://dl.google.com:443 "GET /dl/android/studio/install/3.4.1.0/android-studio-ide-183.5522156-windows.exe HTTP/1.1" 200 1017327996
21:31:46 [DEBUG] Starting new HTTPS connection (1): www.google.com:443
21:31:47 [DEBUG] Starting new HTTPS connection (1): www.google.com:443
21:31:47 [DEBUG] Starting new HTTPS connection (1): www.google.com:443
21:31:47 [INFO]    🎯 94.140.0.1 (AE) - 29.7 Mbps, 81ms, UDP✅
21:31:47 [DEBUG] Starting new HTTPS connection (1): www.google.com:443
21:31:47 [DEBUG] Starting new HTTPS connection (1): www.google.com:443
21:31:47 [DEBUG] Starting new HTTPS connection (1): www.google.com:443
21:31:47 [DEBUG] Starting new HTTPS connection (1): www.google.com:443
21:31:48 [DEBUG] Starting new HTTPS connection (1): www.google.com:443
21:31:48 [DEBUG] Starting new HTTPS connection (1): www.google.com:443
21:31:48 [DEBUG] Starting new HTTPS connection (1): www.google.com:443
21:31:48 [DEBUG] Starting new HTTPS connection (1): www.google.com:443
21:31:48 [DEBUG] https://www.google.com:443 "GET /generate_204 HTTP/1.1" 204 0
21:31:48 [DEBUG] Starting new HTTPS connection (1): www.google.com:443
21:31:48 [DEBUG] Starting new HTTPS connection (1): www.google.com:443
21:31:48 [DEBUG] Starting new HTTPS connection (1): www.google.com:443
21:31:48 [DEBUG] Starting new HTTPS connection (1): www.google.com:443
21:31:49 [DEBUG] https://www.google.com:443 "GET /generate_204 HTTP/1.1" 204 0
21:31:49 [DEBUG] Starting new HTTPS connection (1): www.google.com:443
21:31:49 [DEBUG] Starting new HTTPS connection (1): www.google.com:443
21:31:49 [DEBUG] Starting new HTTPS connection (1): www.google.com:443
21:31:49 [DEBUG] Starting new HTTPS connection (1): www.google.com:443
21:31:49 [DEBUG] Starting new HTTPS connection (1): www.google.com:443
21:31:49 [DEBUG] Starting new HTTPS connection (1): www.google.com:443
21:31:49 [DEBUG] Starting new HTTPS connection (1): www.google.com:443
21:31:49 [DEBUG] Starting new HTTPS connection (1): www.google.com:443
21:31:49 [DEBUG] Starting new HTTPS connection (1): www.google.com:443
21:31:50 [DEBUG] Starting new HTTPS connection (1): www.google.com:443
21:31:50 [DEBUG] Starting new HTTPS connection (1): www.google.com:443
21:31:50 [DEBUG] Starting new HTTPS connection (1): www.google.com:443
21:31:50 [DEBUG] Starting new HTTPS connection (1): www.google.com:443
21:31:50 [DEBUG] Starting new HTTPS connection (1): dl.google.com:443
21:31:50 [DEBUG] Starting new HTTPS connection (1): dl.google.com:443
21:31:50 [DEBUG] Starting new HTTPS connection (1): www.google.com:443
21:31:50 [DEBUG] Starting new HTTPS connection (1): www.google.com:443
21:31:50 [DEBUG] Starting new HTTPS connection (1): www.google.com:443
21:31:50 [DEBUG] Starting new HTTPS connection (1): www.google.com:443
21:31:50 [DEBUG] Starting new HTTPS connection (1): www.google.com:443
21:31:51 [DEBUG] Starting new HTTPS connection (1): www.google.com:443
21:31:51 [DEBUG] Starting new HTTPS connection (1): www.google.com:443
21:31:51 [DEBUG] Starting new HTTPS connection (1): www.google.com:443
21:31:51 [DEBUG] Starting new HTTPS connection (1): www.google.com:443
21:31:52 [DEBUG] Starting new HTTPS connection (1): www.google.com:443
21:31:52 [DEBUG] https://dl.google.com:443 "GET /dl/android/studio/install/3.4.1.0/android-studio-ide-183.5522156-windows.exe HTTP/1.1" 200 1017327996
21:31:52 [DEBUG] https://dl.google.com:443 "GET /dl/android/studio/install/3.4.1.0/android-studio-ide-183.5522156-windows.exe HTTP/1.1" 200 1017327996
21:31:52 [DEBUG] Starting new HTTPS connection (1): www.google.com:443
21:31:53 [DEBUG] Starting new HTTPS connection (1): www.google.com:443
21:31:53 [DEBUG] Starting new HTTPS connection (1): www.google.com:443
21:31:53 [DEBUG] Starting new HTTPS connection (1): www.google.com:443
21:31:53 [DEBUG] Starting new HTTPS connection (1): www.google.com:443
21:31:53 [DEBUG] Starting new HTTPS connection (1): www.google.com:443
21:31:53 [DEBUG] Starting new HTTPS connection (1): www.google.com:443
21:31:54 [DEBUG] Starting new HTTPS connection (1): www.google.com:443
21:31:54 [DEBUG] Starting new HTTPS connection (1): www.google.com:443
21:31:54 [DEBUG] https://www.google.com:443 "GET /generate_204 HTTP/1.1" 204 0
21:31:54 [DEBUG] Starting new HTTPS connection (1): www.google.com:443
21:31:54 [DEBUG] Starting new HTTPS connection (1): www.google.com:443
21:31:54 [DEBUG] Starting new HTTPS connection (1): www.google.com:443
21:31:54 [DEBUG] Starting new HTTPS connection (1): dl.google.com:443
21:31:55 [DEBUG] Starting new HTTPS connection (1): www.google.com:443
21:31:55 [DEBUG] Starting new HTTPS connection (1): www.google.com:443
21:31:55 [DEBUG] Starting new HTTPS connection (1): www.google.com:443
21:31:55 [DEBUG] Starting new HTTPS connection (1): www.google.com:443
21:31:55 [INFO]    🎯 104.18.32.47 (None) - 0.0 Mbps, 434ms, UDP✅
21:31:55 [INFO]    🎯 8.6.112.0 (None) - 0.0 Mbps, 5384ms, UDP✅
21:31:55 [INFO]    🎯 194.76.18.23 (Казахстан) - 0.0 Mbps, 5744ms, UDP✅
21:31:56 [DEBUG] Starting new HTTPS connection (1): www.google.com:443
21:31:56 [DEBUG] Starting new HTTPS connection (1): www.google.com:443
21:31:56 [DEBUG] Starting new HTTPS connection (1): www.google.com:443
21:31:56 [DEBUG] Starting new HTTPS connection (1): www.google.com:443
21:31:56 [DEBUG] Starting new HTTPS connection (1): www.google.com:443
21:31:56 [DEBUG] Starting new HTTPS connection (1): www.google.com:443
21:31:56 [DEBUG] Starting new HTTPS connection (1): www.google.com:443
21:31:56 [DEBUG] Starting new HTTPS connection (1): www.google.com:443
21:31:56 [DEBUG] Starting new HTTPS connection (1): www.google.com:443
21:31:56 [DEBUG] Starting new HTTPS connection (1): www.google.com:443
21:31:57 [DEBUG] Starting new HTTPS connection (1): www.google.com:443
21:31:57 [DEBUG] Starting new HTTPS connection (1): www.google.com:443
21:31:57 [DEBUG] Starting new HTTPS connection (1): www.google.com:443
21:31:58 [DEBUG] Starting new HTTPS connection (1): www.google.com:443
21:31:59 [DEBUG] Starting new HTTPS connection (1): www.google.com:443
21:31:59 [DEBUG] Starting new HTTPS connection (1): www.google.com:443
21:31:59 [DEBUG] Starting new HTTPS connection (1): www.google.com:443
21:31:59 [DEBUG] Starting new HTTPS connection (1): www.google.com:443
21:31:59 [DEBUG] Starting new HTTPS connection (1): www.google.com:443
21:31:59 [DEBUG] Starting new HTTPS connection (1): www.google.com:443
21:31:59 [DEBUG] Starting new HTTPS connection (1): www.google.com:443
21:31:59 [DEBUG] Starting new HTTPS connection (1): www.google.com:443
21:31:59 [DEBUG] Starting new HTTPS connection (1): www.google.com:443
21:32:00 [DEBUG] Starting new HTTPS connection (1): www.google.com:443
21:32:00 [DEBUG] Starting new HTTPS connection (1): www.google.com:443
21:32:00 [DEBUG] Starting new HTTPS connection (1): www.google.com:443
21:32:01 [DEBUG] Starting new HTTPS connection (1): www.google.com:443
21:32:01 [DEBUG] Starting new HTTPS connection (1): www.google.com:443
21:32:01 [DEBUG] Starting new HTTPS connection (1): www.google.com:443
21:32:02 [DEBUG] Starting new HTTPS connection (1): www.google.com:443
21:32:02 [DEBUG] Starting new HTTPS connection (1): www.google.com:443
21:32:02 [DEBUG] Starting new HTTPS connection (1): www.google.com:443
21:32:02 [DEBUG] Starting new HTTPS connection (1): www.google.com:443
21:32:02 [DEBUG] Starting new HTTPS connection (1): www.google.com:443
21:32:02 [DEBUG] Starting new HTTPS connection (1): www.google.com:443
21:32:02 [DEBUG] Starting new HTTPS connection (1): www.google.com:443
21:32:02 [DEBUG] Starting new HTTPS connection (1): www.google.com:443
21:32:02 [DEBUG] Starting new HTTPS connection (1): www.google.com:443
21:32:03 [DEBUG] Starting new HTTPS connection (1): www.google.com:443
21:32:03 [DEBUG] Starting new HTTPS connection (1): www.google.com:443
21:32:03 [DEBUG] Starting new HTTPS connection (1): www.google.com:443
21:32:04 [DEBUG] Starting new HTTPS connection (1): www.google.com:443
21:32:04 [DEBUG] Starting new HTTPS connection (1): www.google.com:443
21:32:04 [DEBUG] Starting new HTTPS connection (1): www.google.com:443
21:32:04 [DEBUG] Starting new HTTPS connection (1): www.google.com:443
21:32:04 [DEBUG] Starting new HTTPS connection (1): www.google.com:443
21:32:05 [DEBUG] Starting new HTTPS connection (1): www.google.com:443
21:32:05 [INFO]    📊 Глубокая проверка: 1152/1922 (60%) | ✅184 ❌968
21:32:05 [DEBUG] Starting new HTTPS connection (1): www.google.com:443
21:32:05 [DEBUG] Starting new HTTPS connection (1): www.google.com:443
21:32:05 [DEBUG] Starting new HTTPS connection (1): www.google.com:443
21:32:05 [DEBUG] Starting new HTTPS connection (1): www.google.com:443
21:32:05 [DEBUG] Starting new HTTPS connection (1): www.google.com:443
21:32:06 [DEBUG] Starting new HTTPS connection (1): www.google.com:443
21:32:06 [DEBUG] Starting new HTTPS connection (1): www.google.com:443
21:32:06 [DEBUG] Starting new HTTPS connection (1): www.google.com:443
21:32:06 [DEBUG] Starting new HTTPS connection (1): www.google.com:443
21:32:06 [DEBUG] Starting new HTTPS connection (1): www.google.com:443
21:32:07 [DEBUG] Starting new HTTPS connection (1): www.google.com:443
21:32:07 [DEBUG] Starting new HTTPS connection (1): www.google.com:443
21:32:07 [DEBUG] Starting new HTTPS connection (1): www.google.com:443
21:32:07 [DEBUG] Starting new HTTPS connection (1): www.google.com:443
21:32:07 [DEBUG] Starting new HTTPS connection (1): www.google.com:443
21:32:07 [DEBUG] Starting new HTTPS connection (1): www.google.com:443
21:32:08 [DEBUG] Starting new HTTPS connection (1): www.google.com:443
21:32:08 [DEBUG] Starting new HTTPS connection (1): www.google.com:443
21:32:08 [DEBUG] Starting new HTTPS connection (1): www.google.com:443
21:32:08 [DEBUG] Starting new HTTPS connection (1): www.google.com:443
21:32:09 [DEBUG] Starting new HTTPS connection (1): www.google.com:443
21:32:09 [DEBUG] Starting new HTTPS connection (1): www.google.com:443
21:32:09 [DEBUG] https://www.google.com:443 "GET /generate_204 HTTP/1.1" 204 0
21:32:09 [DEBUG] Starting new HTTPS connection (1): www.google.com:443
21:32:09 [DEBUG] https://www.google.com:443 "GET /generate_204 HTTP/1.1" 204 0
21:32:09 [DEBUG] Starting new HTTPS connection (1): dl.google.com:443
21:32:09 [DEBUG] Starting new HTTPS connection (1): dl.google.com:443
21:32:09 [DEBUG] Starting new HTTPS connection (1): www.google.com:443
21:32:09 [DEBUG] Starting new HTTPS connection (1): www.google.com:443
21:32:09 [DEBUG] Starting new HTTPS connection (1): www.google.com:443
21:32:09 [DEBUG] https://dl.google.com:443 "GET /dl/android/studio/install/3.4.1.0/android-studio-ide-183.5522156-windows.exe HTTP/1.1" 404 1449
21:32:09 [INFO]    🎯 104.16.9.20 (None) - 0.0 Mbps, 308ms, UDP✅
21:32:10 [DEBUG] https://dl.google.com:443 "GET /dl/android/studio/install/3.4.1.0/android-studio-ide-183.5522156-windows.exe HTTP/1.1" 404 1449
21:32:10 [INFO]    🎯 172.67.249.36 (None) - 0.0 Mbps, 264ms, UDP✅
21:32:10 [DEBUG] Starting new HTTPS connection (1): www.google.com:443
21:32:10 [DEBUG] Starting new HTTPS connection (1): www.google.com:443
21:32:10 [DEBUG] Starting new HTTPS connection (1): www.google.com:443
21:32:10 [DEBUG] Starting new HTTPS connection (1): www.google.com:443
21:32:11 [DEBUG] Starting new HTTPS connection (1): www.google.com:443
21:32:11 [DEBUG] Starting new HTTPS connection (1): www.google.com:443
21:32:11 [DEBUG] Starting new HTTPS connection (1): www.google.com:443
21:32:11 [DEBUG] Starting new HTTPS connection (1): www.google.com:443
21:32:11 [DEBUG] Starting new HTTPS connection (1): www.google.com:443
21:32:11 [DEBUG] Starting new HTTPS connection (1): www.google.com:443
21:32:11 [DEBUG] Starting new HTTPS connection (1): www.google.com:443
21:32:12 [DEBUG] Starting new HTTPS connection (1): www.google.com:443
21:32:12 [DEBUG] Starting new HTTPS connection (1): www.google.com:443
21:32:12 [DEBUG] Starting new HTTPS connection (1): www.google.com:443
21:32:12 [DEBUG] Starting new HTTPS connection (1): www.google.com:443
21:32:12 [DEBUG] Starting new HTTPS connection (1): www.google.com:443
21:32:12 [DEBUG] Starting new HTTPS connection (1): www.google.com:443
21:32:12 [DEBUG] Starting new HTTPS connection (1): www.google.com:443
21:32:12 [DEBUG] Starting new HTTPS connection (1): www.google.com:443
21:32:12 [DEBUG] Starting new HTTPS connection (1): www.google.com:443
21:32:12 [DEBUG] Starting new HTTPS connection (1): www.google.com:443
21:32:13 [DEBUG] Starting new HTTPS connection (1): www.google.com:443
21:32:13 [DEBUG] Starting new HTTPS connection (1): www.google.com:443
21:32:13 [DEBUG] Starting new HTTPS connection (1): www.google.com:443
21:32:13 [DEBUG] Starting new HTTPS connection (1): www.google.com:443
21:32:13 [DEBUG] Starting new HTTPS connection (1): www.google.com:443
21:32:13 [DEBUG] Starting new HTTPS connection (1): www.google.com:443
21:32:13 [DEBUG] https://www.google.com:443 "GET /generate_204 HTTP/1.1" 204 0
21:32:13 [DEBUG] Starting new HTTPS connection (1): www.google.com:443
21:32:13 [DEBUG] Starting new HTTPS connection (1): www.google.com:443
21:32:13 [DEBUG] Starting new HTTPS connection (1): www.google.com:443
21:32:13 [DEBUG] Starting new HTTPS connection (1): www.google.com:443
21:32:13 [DEBUG] Starting new HTTPS connection (1): www.google.com:443
21:32:14 [DEBUG] Starting new HTTPS connection (1): www.google.com:443
21:32:14 [DEBUG] Starting new HTTPS connection (1): www.google.com:443
21:32:14 [DEBUG] Starting new HTTPS connection (1): www.google.com:443
21:32:14 [DEBUG] https://www.google.com:443 "GET /generate_204 HTTP/1.1" 204 0
21:32:14 [DEBUG] Starting new HTTPS connection (1): www.google.com:443
21:32:14 [DEBUG] Starting new HTTPS connection (1): www.google.com:443
21:32:14 [DEBUG] Starting new HTTPS connection (1): dl.google.com:443
21:32:15 [DEBUG] Starting new HTTPS connection (1): www.google.com:443
21:32:15 [DEBUG] Starting new HTTPS connection (1): www.google.com:443
21:32:15 [DEBUG] Starting new HTTPS connection (1): www.google.com:443
21:32:15 [DEBUG] Starting new HTTPS connection (1): www.google.com:443
21:32:16 [DEBUG] Starting new HTTPS connection (1): www.google.com:443
21:32:16 [DEBUG] Starting new HTTPS connection (1): www.google.com:443
21:32:16 [DEBUG] Starting new HTTPS connection (1): www.google.com:443
21:32:16 [DEBUG] Starting new HTTPS connection (1): www.google.com:443
21:32:16 [DEBUG] Starting new HTTPS connection (1): www.google.com:443
21:32:16 [DEBUG] Starting new HTTPS connection (1): www.google.com:443
21:32:16 [DEBUG] Starting new HTTPS connection (1): dl.google.com:443
21:32:16 [INFO]    🎯 46.246.98.74 (Швеция) - 0.5 Mbps, 6103ms, UDP❌
21:32:16 [DEBUG] Starting new HTTPS connection (1): www.google.com:443
21:32:16 [DEBUG] Starting new HTTPS connection (1): www.google.com:443
21:32:17 [DEBUG] Starting new HTTPS connection (1): www.google.com:443
21:32:17 [DEBUG] Starting new HTTPS connection (1): www.google.com:443
21:32:17 [DEBUG] Starting new HTTPS connection (1): www.google.com:443
21:32:17 [DEBUG] Starting new HTTPS connection (1): www.google.com:443
21:32:17 [DEBUG] Starting new HTTPS connection (1): www.google.com:443
21:32:17 [DEBUG] Starting new HTTPS connection (1): www.google.com:443
21:32:17 [DEBUG] Starting new HTTPS connection (1): www.google.com:443
21:32:17 [DEBUG] Starting new HTTPS connection (1): www.google.com:443
21:32:17 [DEBUG] Starting new HTTPS connection (1): www.google.com:443
21:32:17 [DEBUG] Starting new HTTPS connection (1): www.google.com:443
21:32:18 [DEBUG] Starting new HTTPS connection (1): www.google.com:443
21:32:18 [DEBUG] Starting new HTTPS connection (1): www.google.com:443
21:32:18 [DEBUG] Starting new HTTPS connection (1): www.google.com:443
21:32:18 [DEBUG] Starting new HTTPS connection (1): www.google.com:443
21:32:19 [DEBUG] Starting new HTTPS connection (1): www.google.com:443
21:32:20 [DEBUG] Starting new HTTPS connection (1): www.google.com:443
21:32:20 [DEBUG] Starting new HTTPS connection (1): www.google.com:443
21:32:20 [DEBUG] Starting new HTTPS connection (1): www.google.com:443
21:32:20 [DEBUG] Starting new HTTPS connection (1): www.google.com:443
21:32:20 [DEBUG] Starting new HTTPS connection (1): www.google.com:443
21:32:20 [INFO]    🎯 104.17.165.123 (None) - 0.0 Mbps, 6091ms, UDP❌
21:32:20 [DEBUG] Starting new HTTPS connection (1): www.google.com:443
21:32:20 [DEBUG] Starting new HTTPS connection (1): www.google.com:443
21:32:21 [DEBUG] Starting new HTTPS connection (1): www.google.com:443
21:32:21 [DEBUG] Starting new HTTPS connection (1): www.google.com:443
21:32:21 [DEBUG] Starting new HTTPS connection (1): www.google.com:443
21:32:21 [DEBUG] Starting new HTTPS connection (1): www.google.com:443
21:32:21 [DEBUG] Starting new HTTPS connection (1): www.google.com:443
21:32:21 [DEBUG] Starting new HTTPS connection (1): www.google.com:443
21:32:21 [DEBUG] Starting new HTTPS connection (1): www.google.com:443
21:32:21 [DEBUG] Starting new HTTPS connection (1): www.google.com:443
21:32:22 [INFO]    🎯 104.21.224.5 (None) - 0.0 Mbps, 191ms, UDP✅
21:32:22 [DEBUG] Starting new HTTPS connection (1): www.google.com:443
21:32:22 [DEBUG] Starting new HTTPS connection (1): www.google.com:443
21:32:22 [DEBUG] Starting new HTTPS connection (1): www.google.com:443
21:32:22 [DEBUG] Starting new HTTPS connection (1): www.google.com:443
21:32:22 [DEBUG] Starting new HTTPS connection (1): www.google.com:443
21:32:23 [DEBUG] Starting new HTTPS connection (1): www.google.com:443
21:32:23 [DEBUG] Starting new HTTPS connection (1): www.google.com:443
21:32:23 [DEBUG] Starting new HTTPS connection (1): www.google.com:443
21:32:23 [DEBUG] Starting new HTTPS connection (1): www.google.com:443
21:32:23 [DEBUG] Starting new HTTPS connection (1): www.google.com:443
21:32:23 [DEBUG] Starting new HTTPS connection (1): www.google.com:443
21:32:23 [DEBUG] Starting new HTTPS connection (1): www.google.com:443
21:32:24 [DEBUG] Starting new HTTPS connection (1): www.google.com:443
21:32:24 [DEBUG] Starting new HTTPS connection (1): www.google.com:443
21:32:24 [DEBUG] Starting new HTTPS connection (1): www.google.com:443
21:32:24 [DEBUG] Starting new HTTPS connection (1): www.google.com:443
21:32:24 [DEBUG] Starting new HTTPS connection (1): www.google.com:443
21:32:24 [DEBUG] Starting new HTTPS connection (1): www.google.com:443
21:32:24 [DEBUG] Starting new HTTPS connection (1): www.google.com:443
21:32:25 [DEBUG] Starting new HTTPS connection (1): www.google.com:443
21:32:25 [DEBUG] Starting new HTTPS connection (1): www.google.com:443
21:32:25 [DEBUG] Starting new HTTPS connection (1): www.google.com:443
21:32:25 [DEBUG] Starting new HTTPS connection (1): www.google.com:443
21:32:25 [DEBUG] Starting new HTTPS connection (1): www.google.com:443
21:32:25 [DEBUG] Starting new HTTPS connection (1): www.google.com:443
21:32:25 [DEBUG] Starting new HTTPS connection (1): www.google.com:443
21:32:25 [DEBUG] Starting new HTTPS connection (1): www.google.com:443
21:32:25 [DEBUG] Starting new HTTPS connection (1): www.google.com:443
21:32:26 [DEBUG] Starting new HTTPS connection (1): www.google.com:443
21:32:26 [DEBUG] Starting new HTTPS connection (1): www.google.com:443
21:32:26 [DEBUG] Starting new HTTPS connection (1): www.google.com:443
21:32:26 [DEBUG] Starting new HTTPS connection (1): www.google.com:443
21:32:26 [DEBUG] Starting new HTTPS connection (1): www.google.com:443
21:32:26 [DEBUG] Starting new HTTPS connection (1): www.google.com:443
21:32:26 [DEBUG] Starting new HTTPS connection (1): www.google.com:443
21:32:26 [DEBUG] Starting new HTTPS connection (1): www.google.com:443
21:32:26 [DEBUG] Starting new HTTPS connection (1): www.google.com:443
21:32:26 [DEBUG] Starting new HTTPS connection (1): www.google.com:443
21:32:27 [DEBUG] Starting new HTTPS connection (1): www.google.com:443
21:32:27 [DEBUG] Starting new HTTPS connection (1): www.google.com:443
21:32:27 [DEBUG] Starting new HTTPS connection (1): www.google.com:443
21:32:27 [DEBUG] Starting new HTTPS connection (1): www.google.com:443
21:32:27 [DEBUG] Starting new HTTPS connection (1): www.google.com:443
21:32:27 [DEBUG] Starting new HTTPS connection (1): www.google.com:443
21:32:28 [DEBUG] Starting new HTTPS connection (1): www.google.com:443
21:32:28 [DEBUG] Starting new HTTPS connection (1): www.google.com:443
21:32:28 [DEBUG] Starting new HTTPS connection (1): www.google.com:443
21:32:28 [DEBUG] Starting new HTTPS connection (1): www.google.com:443
21:32:28 [DEBUG] Starting new HTTPS connection (1): www.google.com:443
21:32:29 [DEBUG] Starting new HTTPS connection (1): www.google.com:443
21:32:29 [DEBUG] Starting new HTTPS connection (1): www.google.com:443
21:32:29 [DEBUG] Starting new HTTPS connection (1): www.google.com:443
21:32:29 [DEBUG] Starting new HTTPS connection (1): www.google.com:443
21:32:29 [DEBUG] Starting new HTTPS connection (1): www.google.com:443
21:32:29 [DEBUG] Starting new HTTPS connection (1): www.google.com:443
21:32:29 [DEBUG] Starting new HTTPS connection (1): www.google.com:443
21:32:29 [DEBUG] Starting new HTTPS connection (1): www.google.com:443
21:32:29 [DEBUG] Starting new HTTPS connection (1): www.google.com:443
21:32:29 [DEBUG] Starting new HTTPS connection (1): www.google.com:443
21:32:30 [DEBUG] Starting new HTTPS connection (1): www.google.com:443
21:32:30 [DEBUG] Starting new HTTPS connection (1): www.google.com:443
21:32:30 [DEBUG] Starting new HTTPS connection (1): www.google.com:443
21:32:30 [DEBUG] Starting new HTTPS connection (1): www.google.com:443
21:32:30 [DEBUG] Starting new HTTPS connection (1): www.google.com:443
21:32:30 [DEBUG] Starting new HTTPS connection (1): www.google.com:443
21:32:30 [DEBUG] Starting new HTTPS connection (1): www.google.com:443
21:32:30 [DEBUG] Starting new HTTPS connection (1): www.google.com:443
21:32:30 [DEBUG] Starting new HTTPS connection (1): www.google.com:443
21:32:31 [DEBUG] Starting new HTTPS connection (1): www.google.com:443
21:32:31 [DEBUG] Starting new HTTPS connection (1): www.google.com:443
21:32:31 [DEBUG] Starting new HTTPS connection (1): www.google.com:443
21:32:31 [DEBUG] Starting new HTTPS connection (1): www.google.com:443
21:32:31 [DEBUG] Starting new HTTPS connection (1): www.google.com:443
21:32:32 [DEBUG] Starting new HTTPS connection (1): www.google.com:443
21:32:32 [DEBUG] Starting new HTTPS connection (1): www.google.com:443
21:32:32 [DEBUG] Starting new HTTPS connection (1): www.google.com:443
21:32:32 [DEBUG] Starting new HTTPS connection (1): www.google.com:443
21:32:32 [DEBUG] Starting new HTTPS connection (1): www.google.com:443
21:32:32 [DEBUG] Starting new HTTPS connection (1): www.google.com:443
21:32:33 [DEBUG] Starting new HTTPS connection (1): www.google.com:443
21:32:33 [DEBUG] Starting new HTTPS connection (1): www.google.com:443
21:32:33 [DEBUG] Starting new HTTPS connection (1): www.google.com:443
21:32:33 [DEBUG] Starting new HTTPS connection (1): www.google.com:443
21:32:33 [DEBUG] Starting new HTTPS connection (1): www.google.com:443
21:32:33 [DEBUG] Starting new HTTPS connection (1): www.google.com:443
21:32:33 [DEBUG] Starting new HTTPS connection (1): www.google.com:443
21:32:33 [DEBUG] Starting new HTTPS connection (1): www.google.com:443
21:32:34 [DEBUG] Starting new HTTPS connection (1): www.google.com:443
21:32:34 [INFO]    📊 Глубокая проверка: 1344/1922 (70%) | ✅189 ❌1155
21:32:34 [DEBUG] Starting new HTTPS connection (1): www.google.com:443
21:32:34 [DEBUG] Starting new HTTPS connection (1): www.google.com:443
21:32:34 [DEBUG] Starting new HTTPS connection (1): www.google.com:443
21:32:35 [DEBUG] Starting new HTTPS connection (1): www.google.com:443
21:32:35 [DEBUG] Starting new HTTPS connection (1): www.google.com:443
21:32:35 [DEBUG] Starting new HTTPS connection (1): www.google.com:443
21:32:35 [DEBUG] Starting new HTTPS connection (1): www.google.com:443
21:32:35 [DEBUG] Starting new HTTPS connection (1): www.google.com:443
21:32:35 [DEBUG] Starting new HTTPS connection (1): www.google.com:443
21:32:36 [DEBUG] Starting new HTTPS connection (1): www.google.com:443
21:32:36 [DEBUG] Starting new HTTPS connection (1): www.google.com:443
21:32:36 [DEBUG] Starting new HTTPS connection (1): www.google.com:443
21:32:36 [DEBUG] Starting new HTTPS connection (1): www.google.com:443
21:32:36 [DEBUG] Starting new HTTPS connection (1): www.google.com:443
21:32:36 [DEBUG] Starting new HTTPS connection (1): www.google.com:443
21:32:36 [DEBUG] Starting new HTTPS connection (1): www.google.com:443
21:32:36 [DEBUG] Starting new HTTPS connection (1): www.google.com:443
21:32:36 [DEBUG] Starting new HTTPS connection (1): www.google.com:443
21:32:37 [DEBUG] Starting new HTTPS connection (1): www.google.com:443
21:32:37 [DEBUG] Starting new HTTPS connection (1): www.google.com:443
21:32:37 [DEBUG] Starting new HTTPS connection (1): www.google.com:443
21:32:37 [DEBUG] Starting new HTTPS connection (1): www.google.com:443
21:32:38 [DEBUG] Starting new HTTPS connection (1): www.google.com:443
21:32:38 [DEBUG] Starting new HTTPS connection (1): www.google.com:443
21:32:38 [DEBUG] Starting new HTTPS connection (1): www.google.com:443
21:32:39 [DEBUG] Starting new HTTPS connection (1): www.google.com:443
21:32:39 [DEBUG] Starting new HTTPS connection (1): www.google.com:443
21:32:39 [DEBUG] Starting new HTTPS connection (1): www.google.com:443
21:32:39 [DEBUG] Starting new HTTPS connection (1): www.google.com:443
21:32:39 [DEBUG] Starting new HTTPS connection (1): www.google.com:443
21:32:39 [DEBUG] Starting new HTTPS connection (1): www.google.com:443
21:32:39 [DEBUG] Starting new HTTPS connection (1): www.google.com:443
21:32:39 [DEBUG] Starting new HTTPS connection (1): www.google.com:443
21:32:39 [DEBUG] Starting new HTTPS connection (1): www.google.com:443
21:32:40 [DEBUG] Starting new HTTPS connection (1): www.google.com:443
21:32:40 [DEBUG] Starting new HTTPS connection (1): www.google.com:443
21:32:40 [DEBUG] Starting new HTTPS connection (1): www.google.com:443
21:32:40 [DEBUG] Starting new HTTPS connection (1): www.google.com:443
21:32:41 [DEBUG] Starting new HTTPS connection (1): www.google.com:443
21:32:41 [DEBUG] Starting new HTTPS connection (1): www.google.com:443
21:32:42 [DEBUG] Starting new HTTPS connection (1): www.google.com:443
21:32:42 [DEBUG] Starting new HTTPS connection (1): www.google.com:443
21:32:42 [DEBUG] Starting new HTTPS connection (1): www.google.com:443
21:32:42 [DEBUG] Starting new HTTPS connection (1): www.google.com:443
21:32:42 [DEBUG] Starting new HTTPS connection (1): www.google.com:443
21:32:42 [DEBUG] Starting new HTTPS connection (1): www.google.com:443
21:32:42 [DEBUG] Starting new HTTPS connection (1): www.google.com:443
21:32:43 [DEBUG] Starting new HTTPS connection (1): www.google.com:443
21:32:43 [DEBUG] Starting new HTTPS connection (1): www.google.com:443
21:32:43 [DEBUG] Starting new HTTPS connection (1): www.google.com:443
21:32:43 [DEBUG] Starting new HTTPS connection (1): www.google.com:443
21:32:43 [DEBUG] Starting new HTTPS connection (1): www.google.com:443
21:32:43 [DEBUG] Starting new HTTPS connection (1): www.google.com:443
21:32:44 [DEBUG] Starting new HTTPS connection (1): www.google.com:443
21:32:44 [DEBUG] Starting new HTTPS connection (1): www.google.com:443
21:32:44 [DEBUG] Starting new HTTPS connection (1): www.google.com:443
21:32:44 [DEBUG] Starting new HTTPS connection (1): www.google.com:443
21:32:44 [DEBUG] Starting new HTTPS connection (1): www.google.com:443
21:32:44 [DEBUG] Starting new HTTPS connection (1): www.google.com:443
21:32:44 [DEBUG] Starting new HTTPS connection (1): www.google.com:443
21:32:44 [DEBUG] Starting new HTTPS connection (1): www.google.com:443
21:32:45 [DEBUG] Starting new HTTPS connection (1): www.google.com:443
21:32:45 [DEBUG] Starting new HTTPS connection (1): www.google.com:443
21:32:45 [DEBUG] Starting new HTTPS connection (1): www.google.com:443
21:32:45 [DEBUG] Starting new HTTPS connection (1): www.google.com:443
21:32:45 [DEBUG] Starting new HTTPS connection (1): www.google.com:443
21:32:45 [DEBUG] Starting new HTTPS connection (1): www.google.com:443
21:32:45 [DEBUG] Starting new HTTPS connection (1): www.google.com:443
21:32:45 [DEBUG] Starting new HTTPS connection (1): www.google.com:443
21:32:45 [DEBUG] Starting new HTTPS connection (1): www.google.com:443
21:32:46 [DEBUG] Starting new HTTPS connection (1): www.google.com:443
21:32:46 [DEBUG] Starting new HTTPS connection (1): www.google.com:443
21:32:46 [DEBUG] Starting new HTTPS connection (1): www.google.com:443
21:32:46 [DEBUG] Starting new HTTPS connection (1): www.google.com:443
21:32:46 [DEBUG] Starting new HTTPS connection (1): www.google.com:443
21:32:46 [DEBUG] Starting new HTTPS connection (1): www.google.com:443
21:32:47 [DEBUG] Starting new HTTPS connection (1): www.google.com:443
21:32:47 [DEBUG] Starting new HTTPS connection (1): www.google.com:443
21:32:47 [DEBUG] Starting new HTTPS connection (1): www.google.com:443
21:32:47 [DEBUG] Starting new HTTPS connection (1): www.google.com:443
21:32:47 [DEBUG] Starting new HTTPS connection (1): www.google.com:443
21:32:47 [DEBUG] Starting new HTTPS connection (1): www.google.com:443
21:32:47 [DEBUG] Starting new HTTPS connection (1): www.google.com:443
21:32:47 [DEBUG] Starting new HTTPS connection (1): www.google.com:443
21:32:47 [DEBUG] Starting new HTTPS connection (1): www.google.com:443
21:32:47 [DEBUG] Starting new HTTPS connection (1): www.google.com:443
21:32:48 [DEBUG] Starting new HTTPS connection (1): www.google.com:443
21:32:48 [DEBUG] Starting new HTTPS connection (1): www.google.com:443
21:32:48 [DEBUG] Starting new HTTPS connection (1): www.google.com:443
21:32:48 [DEBUG] Starting new HTTPS connection (1): www.google.com:443
21:32:48 [DEBUG] Starting new HTTPS connection (1): www.google.com:443
21:32:48 [DEBUG] Starting new HTTPS connection (1): www.google.com:443
21:32:48 [DEBUG] Starting new HTTPS connection (1): www.google.com:443
21:32:48 [DEBUG] Starting new HTTPS connection (1): www.google.com:443
21:32:48 [DEBUG] Starting new HTTPS connection (1): www.google.com:443
21:32:48 [DEBUG] Starting new HTTPS connection (1): www.google.com:443
21:32:48 [DEBUG] Starting new HTTPS connection (1): www.google.com:443
21:32:49 [DEBUG] Starting new HTTPS connection (1): www.google.com:443
21:32:49 [DEBUG] Starting new HTTPS connection (1): www.google.com:443
21:32:49 [DEBUG] Starting new HTTPS connection (1): www.google.com:443
21:32:49 [DEBUG] Starting new HTTPS connection (1): www.google.com:443
21:32:49 [DEBUG] Starting new HTTPS connection (1): www.google.com:443
21:32:49 [DEBUG] Starting new HTTPS connection (1): www.google.com:443
21:32:49 [DEBUG] Starting new HTTPS connection (1): www.google.com:443
21:32:49 [DEBUG] Starting new HTTPS connection (1): www.google.com:443
21:32:50 [DEBUG] Starting new HTTPS connection (1): www.google.com:443
21:32:50 [DEBUG] Starting new HTTPS connection (1): www.google.com:443
21:32:50 [DEBUG] Starting new HTTPS connection (1): www.google.com:443
21:32:50 [DEBUG] Starting new HTTPS connection (1): www.google.com:443
21:32:50 [DEBUG] Starting new HTTPS connection (1): www.google.com:443
21:32:50 [DEBUG] Starting new HTTPS connection (1): www.google.com:443
21:32:50 [DEBUG] Starting new HTTPS connection (1): www.google.com:443
21:32:50 [DEBUG] Starting new HTTPS connection (1): www.google.com:443
21:32:50 [DEBUG] Starting new HTTPS connection (1): www.google.com:443
21:32:51 [DEBUG] Starting new HTTPS connection (1): www.google.com:443
21:32:51 [DEBUG] Starting new HTTPS connection (1): www.google.com:443
21:32:51 [DEBUG] Starting new HTTPS connection (1): www.google.com:443
21:32:51 [DEBUG] Starting new HTTPS connection (1): www.google.com:443
21:32:51 [DEBUG] Starting new HTTPS connection (1): www.google.com:443
21:32:51 [DEBUG] Starting new HTTPS connection (1): www.google.com:443
21:32:51 [DEBUG] Starting new HTTPS connection (1): www.google.com:443
21:32:51 [DEBUG] Starting new HTTPS connection (1): www.google.com:443
21:32:51 [DEBUG] Starting new HTTPS connection (1): www.google.com:443
21:32:51 [DEBUG] Starting new HTTPS connection (1): www.google.com:443
21:32:52 [DEBUG] Starting new HTTPS connection (1): www.google.com:443
21:32:52 [DEBUG] Starting new HTTPS connection (1): www.google.com:443
21:32:52 [DEBUG] Starting new HTTPS connection (1): www.google.com:443
21:32:52 [DEBUG] Starting new HTTPS connection (1): www.google.com:443
21:32:52 [DEBUG] Starting new HTTPS connection (1): www.google.com:443
21:32:52 [DEBUG] Starting new HTTPS connection (1): www.google.com:443
21:32:52 [DEBUG] Starting new HTTPS connection (1): www.google.com:443
21:32:52 [DEBUG] Starting new HTTPS connection (1): www.google.com:443
21:32:52 [DEBUG] Starting new HTTPS connection (1): www.google.com:443
21:32:52 [DEBUG] Starting new HTTPS connection (1): www.google.com:443
21:32:52 [DEBUG] Starting new HTTPS connection (1): www.google.com:443
21:32:52 [DEBUG] Starting new HTTPS connection (1): www.google.com:443
21:32:52 [DEBUG] Starting new HTTPS connection (1): www.google.com:443
21:32:52 [DEBUG] Starting new HTTPS connection (1): www.google.com:443
21:32:52 [DEBUG] Starting new HTTPS connection (1): www.google.com:443
21:32:53 [DEBUG] Starting new HTTPS connection (1): www.google.com:443
21:32:53 [DEBUG] Starting new HTTPS connection (1): www.google.com:443
21:32:53 [DEBUG] Starting new HTTPS connection (1): www.google.com:443
21:32:53 [DEBUG] Starting new HTTPS connection (1): www.google.com:443
21:32:53 [DEBUG] Starting new HTTPS connection (1): www.google.com:443
21:32:53 [DEBUG] Starting new HTTPS connection (1): www.google.com:443
21:32:53 [DEBUG] Starting new HTTPS connection (1): www.google.com:443
21:32:53 [DEBUG] Starting new HTTPS connection (1): www.google.com:443
21:32:53 [DEBUG] Starting new HTTPS connection (1): www.google.com:443
21:32:53 [DEBUG] Starting new HTTPS connection (1): www.google.com:443
21:32:53 [DEBUG] Starting new HTTPS connection (1): www.google.com:443
21:32:53 [DEBUG] Starting new HTTPS connection (1): www.google.com:443
21:32:53 [DEBUG] Starting new HTTPS connection (1): www.google.com:443
21:32:53 [DEBUG] Starting new HTTPS connection (1): www.google.com:443
21:32:53 [DEBUG] https://www.google.com:443 "GET /generate_204 HTTP/1.1" 204 0
21:32:53 [DEBUG] Starting new HTTPS connection (1): www.google.com:443
21:32:53 [DEBUG] Starting new HTTPS connection (1): dl.google.com:443
21:32:53 [DEBUG] https://www.google.com:443 "GET /generate_204 HTTP/1.1" 204 0
21:32:54 [DEBUG] https://www.google.com:443 "GET /generate_204 HTTP/1.1" 204 0
21:32:54 [DEBUG] https://www.google.com:443 "GET /generate_204 HTTP/1.1" 204 0
21:32:54 [DEBUG] Starting new HTTPS connection (1): www.google.com:443
21:32:54 [DEBUG] https://www.google.com:443 "GET /generate_204 HTTP/1.1" 204 0
21:32:54 [DEBUG] https://dl.google.com:443 "GET /dl/android/studio/install/3.4.1.0/android-studio-ide-183.5522156-windows.exe HTTP/1.1" 200 1017327996
21:32:54 [DEBUG] Starting new HTTPS connection (1): www.google.com:443
21:32:54 [DEBUG] https://www.google.com:443 "GET /generate_204 HTTP/1.1" 204 0
21:32:54 [DEBUG] Starting new HTTPS connection (1): dl.google.com:443
21:32:54 [DEBUG] Starting new HTTPS connection (1): dl.google.com:443
21:32:54 [DEBUG] Starting new HTTPS connection (1): dl.google.com:443
21:32:54 [INFO]    🎯 5.188.141.144 (Россия) - 33.6 Mbps, 229ms, UDP✅
21:32:54 [DEBUG] Starting new HTTPS connection (1): dl.google.com:443
21:32:54 [DEBUG] https://www.google.com:443 "GET /generate_204 HTTP/1.1" 204 0
21:32:54 [DEBUG] https://www.google.com:443 "GET /generate_204 HTTP/1.1" 204 0
21:32:54 [DEBUG] Starting new HTTPS connection (1): dl.google.com:443
21:32:54 [DEBUG] https://dl.google.com:443 "GET /dl/android/studio/install/3.4.1.0/android-studio-ide-183.5522156-windows.exe HTTP/1.1" 200 1017327996
21:32:54 [DEBUG] https://dl.google.com:443 "GET /dl/android/studio/install/3.4.1.0/android-studio-ide-183.5522156-windows.exe HTTP/1.1" 200 1017327996
21:32:54 [DEBUG] https://dl.google.com:443 "GET /dl/android/studio/install/3.4.1.0/android-studio-ide-183.5522156-windows.exe HTTP/1.1" 200 1017327996
21:32:54 [DEBUG] https://dl.google.com:443 "GET /dl/android/studio/install/3.4.1.0/android-studio-ide-183.5522156-windows.exe HTTP/1.1" 200 1017327996
21:32:54 [DEBUG] Starting new HTTPS connection (1): dl.google.com:443
21:32:55 [DEBUG] https://dl.google.com:443 "GET /dl/android/studio/install/3.4.1.0/android-studio-ide-183.5522156-windows.exe HTTP/1.1" 200 1017327996
21:32:55 [INFO]    🎯 178.154.253.80 (Россия) - 15.7 Mbps, 437ms, UDP✅
21:32:55 [DEBUG] Starting new HTTPS connection (1): www.google.com:443
21:32:55 [INFO]    🎯 89.169.128.105 (Россия) - 15.2 Mbps, 430ms, UDP✅
21:32:55 [DEBUG] https://dl.google.com:443 "GET /dl/android/studio/install/3.4.1.0/android-studio-ide-183.5522156-windows.exe HTTP/1.1" 200 1017327996
21:32:55 [INFO]    🎯 212.233.73.212 (Россия) - 15.2 Mbps, 416ms, UDP✅
21:32:55 [INFO]    🎯 89.169.128.105 (Россия) - 15.1 Mbps, 443ms, UDP✅
21:32:55 [INFO]    🎯 5.188.143.178 (Россия) - 22.5 Mbps, 480ms, UDP✅
21:32:55 [DEBUG] https://www.google.com:443 "GET /generate_204 HTTP/1.1" 204 0
21:32:56 [DEBUG] Starting new HTTPS connection (1): dl.google.com:443
21:32:56 [DEBUG] Starting new HTTPS connection (1): www.google.com:443
21:32:56 [DEBUG] Starting new HTTPS connection (1): www.google.com:443
21:32:56 [DEBUG] Starting new HTTPS connection (1): www.google.com:443
21:32:56 [DEBUG] Starting new HTTPS connection (1): www.google.com:443
21:32:56 [DEBUG] Starting new HTTPS connection (1): www.google.com:443
21:32:56 [DEBUG] Starting new HTTPS connection (1): www.google.com:443
21:32:56 [DEBUG] Starting new HTTPS connection (1): www.google.com:443
21:32:56 [DEBUG] Starting new HTTPS connection (1): www.google.com:443
21:32:56 [DEBUG] Starting new HTTPS connection (1): www.google.com:443
21:32:56 [DEBUG] Starting new HTTPS connection (1): www.google.com:443
21:32:56 [DEBUG] https://www.google.com:443 "GET /generate_204 HTTP/1.1" 204 0
21:32:56 [DEBUG] https://dl.google.com:443 "GET /dl/android/studio/install/3.4.1.0/android-studio-ide-183.5522156-windows.exe HTTP/1.1" 200 1017327996
21:32:56 [DEBUG] Starting new HTTPS connection (1): www.google.com:443
21:32:56 [DEBUG] https://www.google.com:443 "GET /generate_204 HTTP/1.1" 204 0
21:32:56 [DEBUG] https://www.google.com:443 "GET /generate_204 HTTP/1.1" 204 0
21:32:56 [DEBUG] https://www.google.com:443 "GET /generate_204 HTTP/1.1" 204 0
21:32:56 [DEBUG] Starting new HTTPS connection (1): dl.google.com:443
21:32:56 [DEBUG] https://www.google.com:443 "GET /generate_204 HTTP/1.1" 204 0
21:32:56 [DEBUG] Starting new HTTPS connection (1): dl.google.com:443
21:32:57 [DEBUG] Starting new HTTPS connection (1): dl.google.com:443
21:32:57 [DEBUG] https://www.google.com:443 "GET /generate_204 HTTP/1.1" 204 0
21:32:57 [DEBUG] Starting new HTTPS connection (1): dl.google.com:443
21:32:57 [DEBUG] https://dl.google.com:443 "GET /dl/android/studio/install/3.4.1.0/android-studio-ide-183.5522156-windows.exe HTTP/1.1" 200 1017327996
21:32:57 [DEBUG] Starting new HTTPS connection (1): dl.google.com:443
21:32:57 [DEBUG] Starting new HTTPS connection (1): dl.google.com:443
21:32:57 [DEBUG] https://www.google.com:443 "GET /generate_204 HTTP/1.1" 204 0
21:32:57 [DEBUG] https://www.google.com:443 "GET /generate_204 HTTP/1.1" 204 0
21:32:57 [DEBUG] https://dl.google.com:443 "GET /dl/android/studio/install/3.4.1.0/android-studio-ide-183.5522156-windows.exe HTTP/1.1" 200 1017327996
21:32:57 [INFO]    🎯 178.154.253.80 (Россия) - 15.1 Mbps, 436ms, UDP✅
21:32:57 [DEBUG] Starting new HTTPS connection (1): dl.google.com:443
21:32:57 [DEBUG] https://www.google.com:443 "GET /generate_204 HTTP/1.1" 204 0
21:32:57 [DEBUG] Starting new HTTPS connection (1): dl.google.com:443
21:32:57 [INFO]    🎯 46.235.189.157 (Россия) - 28.5 Mbps, 333ms, UDP✅
21:32:57 [DEBUG] Starting new HTTPS connection (1): dl.google.com:443
21:32:57 [DEBUG] https://dl.google.com:443 "GET /dl/android/studio/install/3.4.1.0/android-studio-ide-183.5522156-windows.exe HTTP/1.1" 200 1017327996
21:32:57 [DEBUG] Starting new HTTPS connection (1): www.google.com:443
21:32:57 [DEBUG] https://dl.google.com:443 "GET /dl/android/studio/install/3.4.1.0/android-studio-ide-183.5522156-windows.exe HTTP/1.1" 200 1017327996
21:32:57 [DEBUG] https://dl.google.com:443 "GET /dl/android/studio/install/3.4.1.0/android-studio-ide-183.5522156-windows.exe HTTP/1.1" 200 1017327996
21:32:57 [DEBUG] Starting new HTTPS connection (1): dl.google.com:443
21:32:57 [DEBUG] https://dl.google.com:443 "GET /dl/android/studio/install/3.4.1.0/android-studio-ide-183.5522156-windows.exe HTTP/1.1" 200 1017327996
21:32:57 [DEBUG] https://dl.google.com:443 "GET /dl/android/studio/install/3.4.1.0/android-studio-ide-183.5522156-windows.exe HTTP/1.1" 200 1017327996
21:32:57 [DEBUG] https://dl.google.com:443 "GET /dl/android/studio/install/3.4.1.0/android-studio-ide-183.5522156-windows.exe HTTP/1.1" 200 1017327996
21:32:57 [INFO]    🎯 109.120.191.65 (Россия) - 22.5 Mbps, 452ms, UDP✅
21:32:58 [DEBUG] https://www.google.com:443 "GET /generate_204 HTTP/1.1" 204 0
21:32:58 [DEBUG] https://dl.google.com:443 "GET /dl/android/studio/install/3.4.1.0/android-studio-ide-183.5522156-windows.exe HTTP/1.1" 200 1017327996
21:32:58 [INFO]    🎯 109.120.188.206 (Россия) - 18.9 Mbps, 472ms, UDP✅
21:32:58 [INFO]    🎯 51.250.0.147 (Россия) - 23.9 Mbps, 614ms, UDP✅
21:32:58 [INFO]    🎯 51.250.65.209 (Россия) - 21.2 Mbps, 620ms, UDP✅
21:32:58 [DEBUG] Starting new HTTPS connection (1): dl.google.com:443
21:32:58 [DEBUG] Starting new HTTPS connection (1): www.google.com:443
21:32:58 [INFO]    🎯 37.139.33.15 (Россия) - 14.3 Mbps, 423ms, UDP✅
21:32:58 [DEBUG] https://dl.google.com:443 "GET /dl/android/studio/install/3.4.1.0/android-studio-ide-183.5522156-windows.exe HTTP/1.1" 200 1017327996
21:32:58 [INFO]    🎯 84.23.52.70 (Россия) - 13.9 Mbps, 415ms, UDP❌
21:32:58 [INFO]    🎯 84.201.165.58 (Россия) - 18.0 Mbps, 496ms, UDP✅
21:32:58 [DEBUG] Starting new HTTPS connection (1): www.google.com:443
21:32:58 [DEBUG] https://dl.google.com:443 "GET /dl/android/studio/install/3.4.1.0/android-studio-ide-183.5522156-windows.exe HTTP/1.1" 200 1017327996
21:32:58 [DEBUG] Starting new HTTPS connection (1): www.google.com:443
21:32:59 [DEBUG] Starting new HTTPS connection (1): www.google.com:443
21:32:59 [DEBUG] https://www.google.com:443 "GET /generate_204 HTTP/1.1" 204 0
21:32:59 [DEBUG] Starting new HTTPS connection (1): www.google.com:443
21:32:59 [DEBUG] Starting new HTTPS connection (1): www.google.com:443
21:32:59 [INFO]    🎯 84.201.159.179 (Россия) - 18.4 Mbps, 434ms, UDP✅
21:32:59 [DEBUG] Starting new HTTPS connection (1): dl.google.com:443
21:32:59 [INFO]    🎯 5.188.141.138 (Россия) - 11.2 Mbps, 964ms, UDP✅
21:32:59 [DEBUG] Starting new HTTPS connection (1): www.google.com:443
21:32:59 [DEBUG] https://www.google.com:443 "GET /generate_204 HTTP/1.1" 204 0
21:32:59 [DEBUG] Starting new HTTPS connection (1): www.google.com:443
21:32:59 [DEBUG] Starting new HTTPS connection (1): www.google.com:443
21:32:59 [DEBUG] https://www.google.com:443 "GET /generate_204 HTTP/1.1" 204 0
21:32:59 [INFO]    🎯 178.154.252.255 (Россия) - 3.6 Mbps, 369ms, UDP✅
21:32:59 [DEBUG] Starting new HTTPS connection (1): dl.google.com:443
21:32:59 [DEBUG] https://dl.google.com:443 "GET /dl/android/studio/install/3.4.1.0/android-studio-ide-183.5522156-windows.exe HTTP/1.1" 200 1017327996
21:32:59 [DEBUG] Starting new HTTPS connection (1): dl.google.com:443
21:32:59 [DEBUG] https://www.google.com:443 "GET /generate_204 HTTP/1.1" 204 0
21:32:59 [DEBUG] https://www.google.com:443 "GET /generate_204 HTTP/1.1" 204 0
21:32:59 [DEBUG] Starting new HTTPS connection (1): dl.google.com:443
21:32:59 [DEBUG] https://www.google.com:443 "GET /generate_204 HTTP/1.1" 204 0
21:32:59 [INFO]    🎯 51.250.16.92 (Россия) - 29.0 Mbps, 275ms, UDP✅
21:32:59 [DEBUG] Starting new HTTPS connection (1): dl.google.com:443
21:32:59 [DEBUG] https://www.google.com:443 "GET /generate_204 HTTP/1.1" 204 0
21:33:00 [DEBUG] https://www.google.com:443 "GET /generate_204 HTTP/1.1" 204 0
21:33:00 [DEBUG] https://dl.google.com:443 "GET /dl/android/studio/install/3.4.1.0/android-studio-ide-183.5522156-windows.exe HTTP/1.1" 200 1017327996
21:33:00 [DEBUG] Starting new HTTPS connection (1): dl.google.com:443
21:33:00 [DEBUG] Starting new HTTPS connection (1): dl.google.com:443
21:33:00 [DEBUG] Starting new HTTPS connection (1): www.google.com:443
21:33:00 [DEBUG] Starting new HTTPS connection (1): www.google.com:443
21:33:00 [INFO]    🎯 178.154.230.75 (Россия) - 21.5 Mbps, 255ms, UDP✅
21:33:00 [DEBUG] Starting new HTTPS connection (1): dl.google.com:443
21:33:00 [DEBUG] https://dl.google.com:443 "GET /dl/android/studio/install/3.4.1.0/android-studio-ide-183.5522156-windows.exe HTTP/1.1" 200 1017327996
21:33:00 [DEBUG] https://www.google.com:443 "GET /generate_204 HTTP/1.1" 204 0
21:33:00 [DEBUG] https://dl.google.com:443 "GET /dl/android/studio/install/3.4.1.0/android-studio-ide-183.5522156-windows.exe HTTP/1.1" 200 1017327996
21:33:00 [DEBUG] https://dl.google.com:443 "GET /dl/android/studio/install/3.4.1.0/android-studio-ide-183.5522156-windows.exe HTTP/1.1" 200 1017327996
21:33:00 [DEBUG] Starting new HTTPS connection (1): www.google.com:443
21:33:00 [DEBUG] https://dl.google.com:443 "GET /dl/android/studio/install/3.4.1.0/android-studio-ide-183.5522156-windows.exe HTTP/1.1" 200 1017327996
21:33:00 [DEBUG] Starting new HTTPS connection (1): dl.google.com:443
21:33:00 [DEBUG] https://www.google.com:443 "GET /generate_204 HTTP/1.1" 204 0
21:33:00 [DEBUG] https://dl.google.com:443 "GET /dl/android/studio/install/3.4.1.0/android-studio-ide-183.5522156-windows.exe HTTP/1.1" 200 1017327996
21:33:00 [DEBUG] https://dl.google.com:443 "GET /dl/android/studio/install/3.4.1.0/android-studio-ide-183.5522156-windows.exe HTTP/1.1" 200 1017327996
21:33:00 [DEBUG] Starting new HTTPS connection (1): www.google.com:443
21:33:01 [DEBUG] Starting new HTTPS connection (1): dl.google.com:443
21:33:01 [INFO]    🎯 178.154.223.188 (Россия) - 18.4 Mbps, 1512ms, UDP✅
21:33:01 [INFO]    🎯 185.86.144.32 (Россия) - 15.8 Mbps, 413ms, UDP✅
21:33:01 [INFO]    🎯 178.154.224.33 (Россия) - 18.0 Mbps, 259ms, UDP✅
21:33:01 [INFO]    🎯 109.120.191.231 (Россия) - 27.0 Mbps, 236ms, UDP✅
21:33:01 [DEBUG] https://dl.google.com:443 "GET /dl/android/studio/install/3.4.1.0/android-studio-ide-183.5522156-windows.exe HTTP/1.1" 200 1017327996
21:33:01 [DEBUG] Starting new HTTPS connection (1): www.google.com:443
21:33:01 [DEBUG] Starting new HTTPS connection (1): www.google.com:443
21:33:01 [DEBUG] https://dl.google.com:443 "GET /dl/android/studio/install/3.4.1.0/android-studio-ide-183.5522156-windows.exe HTTP/1.1" 200 1017327996
21:33:01 [INFO]    🎯 51.250.12.100 (Россия) - 3.6 Mbps, 271ms, UDP✅
21:33:01 [INFO]    🎯 95.163.210.176 (Россия) - 8.4 Mbps, 322ms, UDP✅
21:33:01 [DEBUG] https://www.google.com:443 "GET /generate_204 HTTP/1.1" 204 0
21:33:01 [DEBUG] Starting new HTTPS connection (1): dl.google.com:443
21:33:01 [DEBUG] https://www.google.com:443 "GET /generate_204 HTTP/1.1" 204 0
21:33:02 [INFO]    🎯 89.208.230.52 (Россия) - 17.3 Mbps, 459ms, UDP✅
21:33:02 [DEBUG] Starting new HTTPS connection (1): www.google.com:443
21:33:02 [DEBUG] https://www.google.com:443 "GET /generate_204 HTTP/1.1" 204 0
21:33:02 [DEBUG] Starting new HTTPS connection (1): www.google.com:443
21:33:02 [DEBUG] Starting new HTTPS connection (1): www.google.com:443
21:33:02 [DEBUG] https://dl.google.com:443 "GET /dl/android/studio/install/3.4.1.0/android-studio-ide-183.5522156-windows.exe HTTP/1.1" 200 1017327996
21:33:02 [DEBUG] Starting new HTTPS connection (1): www.google.com:443
21:33:02 [DEBUG] Starting new HTTPS connection (1): dl.google.com:443
21:33:02 [DEBUG] https://www.google.com:443 "GET /generate_204 HTTP/1.1" 204 0
21:33:02 [DEBUG] Starting new HTTPS connection (1): www.google.com:443
21:33:02 [DEBUG] https://www.google.com:443 "GET /generate_204 HTTP/1.1" 204 0
21:33:02 [DEBUG] https://www.google.com:443 "GET /generate_204 HTTP/1.1" 204 0
21:33:02 [INFO]    🎯 46.235.186.203 (Россия) - 34.6 Mbps, 411ms, UDP✅
21:33:02 [DEBUG] https://dl.google.com:443 "GET /dl/android/studio/install/3.4.1.0/android-studio-ide-183.5522156-windows.exe HTTP/1.1" 200 1017327996
21:33:02 [DEBUG] https://www.google.com:443 "GET /generate_204 HTTP/1.1" 204 0
21:33:02 [DEBUG] Starting new HTTPS connection (1): dl.google.com:443
21:33:02 [DEBUG] Starting new HTTPS connection (1): www.google.com:443
21:33:02 [DEBUG] Starting new HTTPS connection (1): www.google.com:443
21:33:02 [DEBUG] Starting new HTTPS connection (1): dl.google.com:443
21:33:02 [INFO]    🎯 109.120.188.154 (Россия) - 32.5 Mbps, 8599ms, UDP✅
21:33:02 [DEBUG] Starting new HTTPS connection (1): dl.google.com:443
21:33:02 [DEBUG] Starting new HTTPS connection (1): dl.google.com:443
21:33:02 [DEBUG] https://dl.google.com:443 "GET /dl/android/studio/install/3.4.1.0/android-studio-ide-183.5522156-windows.exe HTTP/1.1" 200 1017327996
21:33:02 [DEBUG] https://dl.google.com:443 "GET /dl/android/studio/install/3.4.1.0/android-studio-ide-183.5522156-windows.exe HTTP/1.1" 200 1017327996
21:33:03 [DEBUG] Starting new HTTPS connection (1): www.google.com:443
21:33:03 [INFO]    🎯 212.193.157.118 (Россия) - 34.7 Mbps, 418ms, UDP✅
21:33:03 [DEBUG] https://www.google.com:443 "GET /generate_204 HTTP/1.1" 204 0
21:33:03 [DEBUG] https://dl.google.com:443 "GET /dl/android/studio/install/3.4.1.0/android-studio-ide-183.5522156-windows.exe HTTP/1.1" 200 1017327996
21:33:03 [DEBUG] https://dl.google.com:443 "GET /dl/android/studio/install/3.4.1.0/android-studio-ide-183.5522156-windows.exe HTTP/1.1" 200 1017327996
21:33:03 [INFO]    🎯 178.250.243.101 (Россия) - 22.8 Mbps, 277ms, UDP✅
21:33:03 [DEBUG] Starting new HTTPS connection (1): www.google.com:443
21:33:03 [DEBUG] https://www.google.com:443 "GET /generate_204 HTTP/1.1" 204 0
21:33:03 [INFO]    🎯 84.201.128.76 (Россия) - 22.7 Mbps, 268ms, UDP✅
21:33:03 [INFO]    🎯 178.250.243.102 (Россия) - 21.3 Mbps, 265ms, UDP✅
21:33:03 [INFO]    📊 Глубокая проверка: 1536/1922 (80%) | ✅222 ❌1314
21:33:03 [DEBUG] Starting new HTTPS connection (1): dl.google.com:443
21:33:03 [DEBUG] https://www.google.com:443 "GET /generate_204 HTTP/1.1" 204 0
21:33:03 [DEBUG] Starting new HTTPS connection (1): www.google.com:443
21:33:03 [DEBUG] https://www.google.com:443 "GET /generate_204 HTTP/1.1" 204 0
21:33:04 [DEBUG] https://www.google.com:443 "GET /generate_204 HTTP/1.1" 204 0
21:33:04 [DEBUG] Starting new HTTPS connection (1): www.google.com:443
21:33:04 [DEBUG] Starting new HTTPS connection (1): dl.google.com:443
21:33:04 [DEBUG] https://www.google.com:443 "GET /generate_204 HTTP/1.1" 204 0
21:33:04 [DEBUG] Starting new HTTPS connection (1): www.google.com:443
21:33:04 [DEBUG] Starting new HTTPS connection (1): dl.google.com:443
21:33:04 [DEBUG] https://dl.google.com:443 "GET /dl/android/studio/install/3.4.1.0/android-studio-ide-183.5522156-windows.exe HTTP/1.1" 200 1017327996
21:33:04 [DEBUG] Starting new HTTPS connection (1): dl.google.com:443
21:33:04 [DEBUG] Starting new HTTPS connection (1): www.google.com:443
21:33:04 [DEBUG] Starting new HTTPS connection (1): www.google.com:443
21:33:04 [DEBUG] https://www.google.com:443 "GET /generate_204 HTTP/1.1" 204 0
21:33:04 [DEBUG] Starting new HTTPS connection (1): dl.google.com:443
21:33:04 [INFO]    🎯 185.40.153.234 (Россия) - 15.8 Mbps, 612ms, UDP✅
21:33:04 [DEBUG] Starting new HTTPS connection (1): dl.google.com:443
21:33:04 [DEBUG] https://www.google.com:443 "GET /generate_204 HTTP/1.1" 204 0
21:33:04 [DEBUG] Starting new HTTPS connection (1): dl.google.com:443
21:33:05 [DEBUG] https://www.google.com:443 "GET /generate_204 HTTP/1.1" 204 0
21:33:05 [DEBUG] Starting new HTTPS connection (1): dl.google.com:443
21:33:05 [DEBUG] https://www.google.com:443 "GET /generate_204 HTTP/1.1" 204 0
21:33:05 [DEBUG] https://dl.google.com:443 "GET /dl/android/studio/install/3.4.1.0/android-studio-ide-183.5522156-windows.exe HTTP/1.1" 200 1017327996
21:33:05 [DEBUG] Starting new HTTPS connection (1): dl.google.com:443
21:33:05 [DEBUG] https://dl.google.com:443 "GET /dl/android/studio/install/3.4.1.0/android-studio-ide-183.5522156-windows.exe HTTP/1.1" 200 1017327996
21:33:05 [DEBUG] Starting new HTTPS connection (1): dl.google.com:443
21:33:05 [DEBUG] https://dl.google.com:443 "GET /dl/android/studio/install/3.4.1.0/android-studio-ide-183.5522156-windows.exe HTTP/1.1" 200 1017327996
21:33:05 [DEBUG] https://dl.google.com:443 "GET /dl/android/studio/install/3.4.1.0/android-studio-ide-183.5522156-windows.exe HTTP/1.1" 200 1017327996
21:33:05 [DEBUG] Starting new HTTPS connection (1): dl.google.com:443
21:33:05 [DEBUG] https://dl.google.com:443 "GET /dl/android/studio/install/3.4.1.0/android-studio-ide-183.5522156-windows.exe HTTP/1.1" 200 1017327996
21:33:05 [INFO]    🎯 217.16.20.134 (Россия) - 3.1 Mbps, 614ms, UDP✅
21:33:05 [DEBUG] Starting new HTTPS connection (1): www.google.com:443
21:33:05 [INFO]    🎯 146.185.241.237 (Россия) - 27.1 Mbps, 349ms, UDP✅
21:33:05 [DEBUG] https://dl.google.com:443 "GET /dl/android/studio/install/3.4.1.0/android-studio-ide-183.5522156-windows.exe HTTP/1.1" 200 1017327996
21:33:06 [DEBUG] https://dl.google.com:443 "GET /dl/android/studio/install/3.4.1.0/android-studio-ide-183.5522156-windows.exe HTTP/1.1" 200 1017327996
21:33:06 [INFO]    🎯 158.160.221.132 (Россия) - 16.0 Mbps, 405ms, UDP❌
21:33:06 [DEBUG] https://dl.google.com:443 "GET /dl/android/studio/install/3.4.1.0/android-studio-ide-183.5522156-windows.exe HTTP/1.1" 200 1017327996
21:33:06 [INFO]    🎯 84.252.136.245 (Россия) - 10.2 Mbps, 609ms, UDP✅
21:33:06 [DEBUG] https://dl.google.com:443 "GET /dl/android/studio/install/3.4.1.0/android-studio-ide-183.5522156-windows.exe HTTP/1.1" 200 1017327996
21:33:06 [DEBUG] https://www.google.com:443 "GET /generate_204 HTTP/1.1" 204 0
21:33:06 [INFO]    🎯 90.156.150.134 (Россия) - 9.5 Mbps, 544ms, UDP✅
21:33:06 [DEBUG] Starting new HTTPS connection (1): dl.google.com:443
21:33:06 [INFO]    🎯 146.185.240.23 (Россия) - 11.5 Mbps, 562ms, UDP✅
21:33:06 [DEBUG] Starting new HTTPS connection (1): www.google.com:443
21:33:06 [INFO]    🎯 158.160.223.36 (Россия) - 13.0 Mbps, 465ms, UDP✅
21:33:06 [DEBUG] Starting new HTTPS connection (1): www.google.com:443
21:33:06 [INFO]    🎯 185.40.153.226 (Россия) - 6.3 Mbps, 1343ms, UDP✅
21:33:07 [DEBUG] Starting new HTTPS connection (1): www.google.com:443
21:33:07 [DEBUG] Starting new HTTPS connection (1): www.google.com:443
21:33:07 [DEBUG] https://dl.google.com:443 "GET /dl/android/studio/install/3.4.1.0/android-studio-ide-183.5522156-windows.exe HTTP/1.1" 200 1017327996
21:33:07 [INFO]    🎯 89.208.230.173 (Россия) - 6.0 Mbps, 778ms, UDP✅
21:33:07 [DEBUG] https://www.google.com:443 "GET /generate_204 HTTP/1.1" 204 0
21:33:07 [DEBUG] https://www.google.com:443 "GET /generate_204 HTTP/1.1" 204 0
21:33:07 [DEBUG] Starting new HTTPS connection (1): www.google.com:443
21:33:07 [DEBUG] Starting new HTTPS connection (1): www.google.com:443
21:33:07 [DEBUG] https://www.google.com:443 "GET /generate_204 HTTP/1.1" 204 0
21:33:07 [DEBUG] Starting new HTTPS connection (1): dl.google.com:443
21:33:07 [DEBUG] https://www.google.com:443 "GET /generate_204 HTTP/1.1" 204 0
21:33:07 [DEBUG] Starting new HTTPS connection (1): dl.google.com:443
21:33:07 [DEBUG] Starting new HTTPS connection (1): www.google.com:443
21:33:07 [DEBUG] Starting new HTTPS connection (1): www.google.com:443
21:33:07 [INFO]    🎯 37.139.34.145 (Россия) - 13.8 Mbps, 459ms, UDP✅
21:33:07 [DEBUG] Starting new HTTPS connection (1): dl.google.com:443
21:33:07 [DEBUG] Starting new HTTPS connection (1): dl.google.com:443
21:33:07 [DEBUG] Starting new HTTPS connection (1): www.google.com:443
21:33:08 [DEBUG] https://www.google.com:443 "GET /generate_204 HTTP/1.1" 204 0
21:33:08 [DEBUG] https://dl.google.com:443 "GET /dl/android/studio/install/3.4.1.0/android-studio-ide-183.5522156-windows.exe HTTP/1.1" 200 1017327996
21:33:08 [DEBUG] https://www.google.com:443 "GET /generate_204 HTTP/1.1" 204 0
21:33:08 [DEBUG] https://www.google.com:443 "GET /generate_204 HTTP/1.1" 204 0
21:33:08 [DEBUG] Starting new HTTPS connection (1): www.google.com:443
21:33:08 [DEBUG] https://dl.google.com:443 "GET /dl/android/studio/install/3.4.1.0/android-studio-ide-183.5522156-windows.exe HTTP/1.1" 200 1017327996
21:33:08 [DEBUG] https://www.google.com:443 "GET /generate_204 HTTP/1.1" 204 0
21:33:08 [DEBUG] https://dl.google.com:443 "GET /dl/android/studio/install/3.4.1.0/android-studio-ide-183.5522156-windows.exe HTTP/1.1" 200 1017327996
21:33:08 [DEBUG] Starting new HTTPS connection (1): dl.google.com:443
21:33:08 [DEBUG] https://dl.google.com:443 "GET /dl/android/studio/install/3.4.1.0/android-studio-ide-183.5522156-windows.exe HTTP/1.1" 200 1017327996
21:33:08 [DEBUG] Starting new HTTPS connection (1): dl.google.com:443
21:33:08 [DEBUG] https://www.google.com:443 "GET /generate_204 HTTP/1.1" 204 0
21:33:08 [INFO]    🎯 87.239.106.153 (Россия) - 15.2 Mbps, 458ms, UDP✅
21:33:08 [DEBUG] Starting new HTTPS connection (1): dl.google.com:443
21:33:08 [DEBUG] Starting new HTTPS connection (1): dl.google.com:443
21:33:08 [DEBUG] Starting new HTTPS connection (1): www.google.com:443
21:33:08 [INFO]    🎯 87.239.110.251 (Россия) - 4.4 Mbps, 572ms, UDP✅
21:33:09 [DEBUG] https://dl.google.com:443 "GET /dl/android/studio/install/3.4.1.0/android-studio-ide-183.5522156-windows.exe HTTP/1.1" 200 1017327996
21:33:09 [DEBUG] https://dl.google.com:443 "GET /dl/android/studio/install/3.4.1.0/android-studio-ide-183.5522156-windows.exe HTTP/1.1" 200 1017327996
21:33:09 [INFO]    🎯 84.252.143.25 (Россия) - 12.8 Mbps, 520ms, UDP✅
21:33:09 [INFO]    🎯 79.137.175.44 (Россия) - 14.0 Mbps, 481ms, UDP✅
21:33:09 [DEBUG] https://www.google.com:443 "GET /generate_204 HTTP/1.1" 204 0
21:33:09 [DEBUG] https://dl.google.com:443 "GET /dl/android/studio/install/3.4.1.0/android-studio-ide-183.5522156-windows.exe HTTP/1.1" 200 1017327996
21:33:09 [DEBUG] https://dl.google.com:443 "GET /dl/android/studio/install/3.4.1.0/android-studio-ide-183.5522156-windows.exe HTTP/1.1" 200 1017327996
21:33:09 [INFO]    🎯 84.252.143.25 (Россия) - 12.5 Mbps, 508ms, UDP✅
21:33:09 [DEBUG] Starting new HTTPS connection (1): www.google.com:443
21:33:09 [DEBUG] Starting new HTTPS connection (1): dl.google.com:443
21:33:09 [DEBUG] https://www.google.com:443 "GET /generate_204 HTTP/1.1" 204 0
21:33:09 [DEBUG] Starting new HTTPS connection (1): www.google.com:443
21:33:09 [INFO]    🎯 79.137.175.44 (Россия) - 14.4 Mbps, 437ms, UDP✅
21:33:09 [DEBUG] https://dl.google.com:443 "GET /dl/android/studio/install/3.4.1.0/android-studio-ide-183.5522156-windows.exe HTTP/1.1" 200 1017327996
21:33:09 [DEBUG] https://www.google.com:443 "GET /generate_204 HTTP/1.1" 204 0
21:33:09 [INFO]    🎯 158.160.105.121 (Россия) - 14.9 Mbps, 429ms, UDP✅
21:33:09 [DEBUG] Starting new HTTPS connection (1): www.google.com:443
21:33:10 [DEBUG] Starting new HTTPS connection (1): www.google.com:443
21:33:10 [INFO]    🎯 146.185.240.2 (Россия) - 25.6 Mbps, 341ms, UDP✅
21:33:10 [DEBUG] Starting new HTTPS connection (1): dl.google.com:443
21:33:10 [DEBUG] https://www.google.com:443 "GET /generate_204 HTTP/1.1" 204 0
21:33:10 [DEBUG] Starting new HTTPS connection (1): www.google.com:443
21:33:10 [DEBUG] Starting new HTTPS connection (1): dl.google.com:443
21:33:10 [DEBUG] Starting new HTTPS connection (1): www.google.com:443
21:33:10 [DEBUG] https://www.google.com:443 "GET /generate_204 HTTP/1.1" 204 0
21:33:10 [DEBUG] https://www.google.com:443 "GET /generate_204 HTTP/1.1" 204 0
21:33:10 [DEBUG] https://www.google.com:443 "GET /generate_204 HTTP/1.1" 204 0
21:33:10 [DEBUG] https://www.google.com:443 "GET /generate_204 HTTP/1.1" 204 0
21:33:10 [DEBUG] Starting new HTTPS connection (1): dl.google.com:443
21:33:10 [DEBUG] https://dl.google.com:443 "GET /dl/android/studio/install/3.4.1.0/android-studio-ide-183.5522156-windows.exe HTTP/1.1" 200 1017327996
21:33:10 [DEBUG] Starting new HTTPS connection (1): www.google.com:443
21:33:10 [DEBUG] Starting new HTTPS connection (1): dl.google.com:443
21:33:10 [DEBUG] Starting new HTTPS connection (1): dl.google.com:443
21:33:10 [DEBUG] Starting new HTTPS connection (1): www.google.com:443
21:33:10 [DEBUG] https://dl.google.com:443 "GET /dl/android/studio/install/3.4.1.0/android-studio-ide-183.5522156-windows.exe HTTP/1.1" 200 1017327996
21:33:10 [DEBUG] Starting new HTTPS connection (1): dl.google.com:443
21:33:11 [DEBUG] Starting new HTTPS connection (1): dl.google.com:443
21:33:11 [DEBUG] Starting new HTTPS connection (1): www.google.com:443
21:33:11 [DEBUG] https://www.google.com:443 "GET /generate_204 HTTP/1.1" 204 0
21:33:11 [DEBUG] https://dl.google.com:443 "GET /dl/android/studio/install/3.4.1.0/android-studio-ide-183.5522156-windows.exe HTTP/1.1" 200 1017327996
21:33:11 [DEBUG] https://dl.google.com:443 "GET /dl/android/studio/install/3.4.1.0/android-studio-ide-183.5522156-windows.exe HTTP/1.1" 200 1017327996
21:33:11 [DEBUG] https://dl.google.com:443 "GET /dl/android/studio/install/3.4.1.0/android-studio-ide-183.5522156-windows.exe HTTP/1.1" 200 1017327996
21:33:11 [DEBUG] https://www.google.com:443 "GET /generate_204 HTTP/1.1" 204 0
21:33:11 [DEBUG] https://dl.google.com:443 "GET /dl/android/studio/install/3.4.1.0/android-studio-ide-183.5522156-windows.exe HTTP/1.1" 200 1017327996
21:33:11 [INFO]    🎯 158.160.105.121 (Россия) - 13.6 Mbps, 474ms, UDP✅
21:33:11 [DEBUG] Starting new HTTPS connection (1): dl.google.com:443
21:33:11 [DEBUG] https://dl.google.com:443 "GET /dl/android/studio/install/3.4.1.0/android-studio-ide-183.5522156-windows.exe HTTP/1.1" 200 1017327996
21:33:11 [DEBUG] https://www.google.com:443 "GET /generate_204 HTTP/1.1" 204 0
21:33:11 [DEBUG] Starting new HTTPS connection (1): dl.google.com:443
21:33:11 [DEBUG] Starting new HTTPS connection (1): dl.google.com:443
21:33:11 [INFO]    🎯 130.193.59.133 (Россия) - 15.4 Mbps, 414ms, UDP✅
21:33:11 [DEBUG] https://dl.google.com:443 "GET /dl/android/studio/install/3.4.1.0/android-studio-ide-183.5522156-windows.exe HTTP/1.1" 200 1017327996
21:33:11 [INFO]    🎯 130.193.59.133 (Россия) - 16.4 Mbps, 405ms, UDP✅
21:33:11 [INFO]    🎯 90.156.217.130 (Россия) - 16.2 Mbps, 384ms, UDP✅
21:33:11 [INFO]    🎯 95.163.210.225 (Россия) - 0.0 Mbps, 1285ms, UDP✅
21:33:11 [DEBUG] https://dl.google.com:443 "GET /dl/android/studio/install/3.4.1.0/android-studio-ide-183.5522156-windows.exe HTTP/1.1" 200 1017327996
21:33:12 [INFO]    🎯 90.156.217.130 (Россия) - 15.9 Mbps, 388ms, UDP✅
21:33:12 [INFO]    🎯 158.160.221.132 (Россия) - 15.7 Mbps, 455ms, UDP❌
21:33:12 [DEBUG] https://dl.google.com:443 "GET /dl/android/studio/install/3.4.1.0/android-studio-ide-183.5522156-windows.exe HTTP/1.1" 200 1017327996
21:33:12 [DEBUG] Starting new HTTPS connection (1): www.google.com:443
21:33:12 [INFO]    🎯 95.163.182.181 (Россия) - 4.3 Mbps, 636ms, UDP✅
21:33:12 [INFO]    🎯 37.139.33.57 (Россия) - 16.5 Mbps, 377ms, UDP✅
21:33:12 [INFO]    🎯 37.139.33.57 (Россия) - 17.0 Mbps, 402ms, UDP✅
21:33:12 [DEBUG] Starting new HTTPS connection (1): www.google.com:443
21:33:12 [DEBUG] Starting new HTTPS connection (1): www.google.com:443
21:33:12 [DEBUG] https://www.google.com:443 "GET /generate_204 HTTP/1.1" 204 0
21:33:12 [INFO]    🎯 37.139.33.57 (Россия) - 14.9 Mbps, 385ms, UDP✅
21:33:12 [DEBUG] Starting new HTTPS connection (1): www.google.com:443
21:33:12 [DEBUG] Starting new HTTPS connection (1): www.google.com:443
21:33:13 [DEBUG] Starting new HTTPS connection (1): www.google.com:443
21:33:13 [DEBUG] Starting new HTTPS connection (1): www.google.com:443
21:33:13 [DEBUG] https://www.google.com:443 "GET /generate_204 HTTP/1.1" 204 0
21:33:13 [DEBUG] Starting new HTTPS connection (1): dl.google.com:443
21:33:13 [DEBUG] Starting new HTTPS connection (1): dl.google.com:443
21:33:13 [DEBUG] https://www.google.com:443 "GET /generate_204 HTTP/1.1" 204 0
21:33:13 [DEBUG] https://www.google.com:443 "GET /generate_204 HTTP/1.1" 204 0
21:33:13 [DEBUG] Starting new HTTPS connection (1): dl.google.com:443
21:33:13 [DEBUG] Starting new HTTPS connection (1): www.google.com:443
21:33:13 [DEBUG] Starting new HTTPS connection (1): dl.google.com:443
21:33:13 [DEBUG] Starting new HTTPS connection (1): www.google.com:443
21:33:13 [DEBUG] Starting new HTTPS connection (1): dl.google.com:443
21:33:13 [DEBUG] Starting new HTTPS connection (1): www.google.com:443
21:33:13 [DEBUG] https://dl.google.com:443 "GET /dl/android/studio/install/3.4.1.0/android-studio-ide-183.5522156-windows.exe HTTP/1.1" 200 1017327996
21:33:13 [DEBUG] https://dl.google.com:443 "GET /dl/android/studio/install/3.4.1.0/android-studio-ide-183.5522156-windows.exe HTTP/1.1" 200 1017327996
21:33:13 [DEBUG] https://dl.google.com:443 "GET /dl/android/studio/install/3.4.1.0/android-studio-ide-183.5522156-windows.exe HTTP/1.1" 200 1017327996
21:33:13 [DEBUG] https://dl.google.com:443 "GET /dl/android/studio/install/3.4.1.0/android-studio-ide-183.5522156-windows.exe HTTP/1.1" 200 1017327996
21:33:13 [DEBUG] https://dl.google.com:443 "GET /dl/android/studio/install/3.4.1.0/android-studio-ide-183.5522156-windows.exe HTTP/1.1" 200 1017327996
21:33:13 [DEBUG] Starting new HTTPS connection (1): www.google.com:443
21:33:13 [INFO]    🎯 109.120.191.40 (Россия) - 22.0 Mbps, 456ms, UDP✅
21:33:14 [INFO]    🎯 89.208.228.167 (Россия) - 28.2 Mbps, 233ms, UDP✅
21:33:14 [INFO]    🎯 155.212.164.103 (Россия) - 27.1 Mbps, 328ms, UDP✅
21:33:14 [DEBUG] Starting new HTTPS connection (1): www.google.com:443
21:33:14 [DEBUG] https://www.google.com:443 "GET /generate_204 HTTP/1.1" 204 0
21:33:14 [INFO]    🎯 37.139.34.145 (Россия) - 13.8 Mbps, 463ms, UDP❌
21:33:14 [DEBUG] Starting new HTTPS connection (1): dl.google.com:443
21:33:14 [INFO]    🎯 109.172.101.234 (Россия) - 14.9 Mbps, 338ms, UDP✅
21:33:14 [DEBUG] Starting new HTTPS connection (1): www.google.com:443
21:33:14 [DEBUG] Starting new HTTPS connection (1): www.google.com:443
21:33:14 [DEBUG] Starting new HTTPS connection (1): www.google.com:443
21:33:15 [DEBUG] Starting new HTTPS connection (1): www.google.com:443
21:33:15 [DEBUG] Starting new HTTPS connection (1): www.google.com:443
21:33:15 [DEBUG] Starting new HTTPS connection (1): www.google.com:443
21:33:15 [DEBUG] Starting new HTTPS connection (1): www.google.com:443
21:33:15 [DEBUG] https://www.google.com:443 "GET /generate_204 HTTP/1.1" 204 0
21:33:15 [DEBUG] Starting new HTTPS connection (1): dl.google.com:443
21:33:15 [DEBUG] Starting new HTTPS connection (1): www.google.com:443
21:33:15 [DEBUG] https://dl.google.com:443 "GET /dl/android/studio/install/3.4.1.0/android-studio-ide-183.5522156-windows.exe HTTP/1.1" 200 1017327996
21:33:15 [DEBUG] Starting new HTTPS connection (1): www.google.com:443
21:33:15 [DEBUG] Starting new HTTPS connection (1): www.google.com:443
21:33:15 [INFO]    🎯 193.233.21.138 (Россия) - 70.2 Mbps, 87ms, UDP✅
21:33:15 [DEBUG] https://dl.google.com:443 "GET /dl/android/studio/install/3.4.1.0/android-studio-ide-183.5522156-windows.exe HTTP/1.1" 200 1017327996
21:33:16 [DEBUG] https://www.google.com:443 "GET /generate_204 HTTP/1.1" 204 0
21:33:16 [DEBUG] https://www.google.com:443 "GET /generate_204 HTTP/1.1" 204 0
21:33:16 [DEBUG] Starting new HTTPS connection (1): www.google.com:443
21:33:16 [INFO]    🎯 95.163.182.206 (Россия) - 2.9 Mbps, 1865ms, UDP✅
21:33:16 [INFO]    🎯 217.16.26.158 (Россия) - 10.5 Mbps, 1333ms, UDP✅
21:33:16 [DEBUG] https://www.google.com:443 "GET /generate_204 HTTP/1.1" 204 0
21:33:16 [DEBUG] Starting new HTTPS connection (1): www.google.com:443
21:33:16 [DEBUG] Starting new HTTPS connection (1): dl.google.com:443
21:33:16 [DEBUG] Starting new HTTPS connection (1): dl.google.com:443
21:33:16 [DEBUG] https://dl.google.com:443 "GET /dl/android/studio/install/3.4.1.0/android-studio-ide-183.5522156-windows.exe HTTP/1.1" 200 1017327996
21:33:16 [DEBUG] https://www.google.com:443 "GET /generate_204 HTTP/1.1" 204 0
21:33:16 [DEBUG] https://www.google.com:443 "GET /generate_204 HTTP/1.1" 204 0
21:33:16 [DEBUG] Starting new HTTPS connection (1): dl.google.com:443
21:33:16 [DEBUG] Starting new HTTPS connection (1): www.google.com:443
21:33:16 [DEBUG] https://dl.google.com:443 "GET /dl/android/studio/install/3.4.1.0/android-studio-ide-183.5522156-windows.exe HTTP/1.1" 200 1017327996
21:33:16 [DEBUG] Starting new HTTPS connection (1): www.google.com:443
21:33:16 [DEBUG] Starting new HTTPS connection (1): dl.google.com:443
21:33:17 [DEBUG] Starting new HTTPS connection (1): www.google.com:443
21:33:17 [INFO]    🎯 213.176.19.149 (Россия) - 25.0 Mbps, 460ms, UDP✅
21:33:17 [DEBUG] Starting new HTTPS connection (1): www.google.com:443
21:33:17 [DEBUG] Starting new HTTPS connection (1): www.google.com:443
21:33:17 [INFO]    🎯 84.201.178.31 (Россия) - 1.0 Mbps, 688ms, UDP✅
21:33:17 [DEBUG] https://www.google.com:443 "GET /generate_204 HTTP/1.1" 204 0
21:33:17 [DEBUG] https://www.google.com:443 "GET /generate_204 HTTP/1.1" 204 0
21:33:17 [DEBUG] https://dl.google.com:443 "GET /dl/android/studio/install/3.4.1.0/android-studio-ide-183.5522156-windows.exe HTTP/1.1" 200 1017327996
21:33:17 [DEBUG] https://www.google.com:443 "GET /generate_204 HTTP/1.1" 204 0
21:33:17 [DEBUG] Starting new HTTPS connection (1): dl.google.com:443
21:33:17 [INFO]    🎯 51.250.9.25 (Россия) - 1.9 Mbps, 352ms, UDP✅
21:33:17 [DEBUG] Starting new HTTPS connection (1): dl.google.com:443
21:33:17 [DEBUG] https://www.google.com:443 "GET /generate_204 HTTP/1.1" 204 0
21:33:17 [DEBUG] Starting new HTTPS connection (1): www.google.com:443
21:33:18 [DEBUG] https://dl.google.com:443 "GET /dl/android/studio/install/3.4.1.0/android-studio-ide-183.5522156-windows.exe HTTP/1.1" 200 1017327996
21:33:18 [DEBUG] https://dl.google.com:443 "GET /dl/android/studio/install/3.4.1.0/android-studio-ide-183.5522156-windows.exe HTTP/1.1" 200 1017327996
21:33:18 [DEBUG] Starting new HTTPS connection (1): www.google.com:443
21:33:18 [DEBUG] Starting new HTTPS connection (1): dl.google.com:443
21:33:18 [INFO]    🎯 185.234.59.176 (Россия) - 27.8 Mbps, 350ms, UDP✅
21:33:18 [DEBUG] https://www.google.com:443 "GET /generate_204 HTTP/1.1" 204 0
21:33:18 [DEBUG] Starting new HTTPS connection (1): www.google.com:443
21:33:18 [INFO]    🎯 185.234.59.175 (Россия) - 26.8 Mbps, 360ms, UDP✅
21:33:18 [DEBUG] https://www.google.com:443 "GET /generate_204 HTTP/1.1" 204 0
21:33:18 [DEBUG] Starting new HTTPS connection (1): dl.google.com:443
21:33:18 [DEBUG] https://dl.google.com:443 "GET /dl/android/studio/install/3.4.1.0/android-studio-ide-183.5522156-windows.exe HTTP/1.1" 200 1017327996
21:33:18 [DEBUG] https://www.google.com:443 "GET /generate_204 HTTP/1.1" 204 0
21:33:18 [DEBUG] Starting new HTTPS connection (1): dl.google.com:443
21:33:18 [DEBUG] Starting new HTTPS connection (1): www.google.com:443
21:33:18 [DEBUG] https://dl.google.com:443 "GET /dl/android/studio/install/3.4.1.0/android-studio-ide-183.5522156-windows.exe HTTP/1.1" 200 1017327996
21:33:18 [DEBUG] Starting new HTTPS connection (1): dl.google.com:443
21:33:18 [INFO]    🎯 185.234.59.89 (Россия) - 7.7 Mbps, 450ms, UDP✅
21:33:19 [DEBUG] https://www.google.com:443 "GET /generate_204 HTTP/1.1" 204 0
21:33:19 [DEBUG] https://dl.google.com:443 "GET /dl/android/studio/install/3.4.1.0/android-studio-ide-183.5522156-windows.exe HTTP/1.1" 200 1017327996
21:33:19 [DEBUG] Starting new HTTPS connection (1): dl.google.com:443
21:33:19 [INFO]    🎯 185.234.59.174 (Россия) - 27.4 Mbps, 343ms, UDP✅
21:33:19 [DEBUG] Starting new HTTPS connection (1): dl.google.com:443
21:33:19 [DEBUG] https://dl.google.com:443 "GET /dl/android/studio/install/3.4.1.0/android-studio-ide-183.5522156-windows.exe HTTP/1.1" 200 1017327996
21:33:19 [DEBUG] https://dl.google.com:443 "GET /dl/android/studio/install/3.4.1.0/android-studio-ide-183.5522156-windows.exe HTTP/1.1" 200 1017327996
21:33:19 [DEBUG] Starting new HTTPS connection (1): www.google.com:443
21:33:19 [INFO]    🎯 185.234.59.171 (Россия) - 26.7 Mbps, 347ms, UDP✅
21:33:19 [DEBUG] Starting new HTTPS connection (1): www.google.com:443
21:33:19 [DEBUG] Starting new HTTPS connection (1): www.google.com:443
21:33:19 [INFO]    🎯 185.234.59.58 (Россия) - 26.8 Mbps, 327ms, UDP✅
21:33:19 [DEBUG] https://www.google.com:443 "GET /generate_204 HTTP/1.1" 204 0
21:33:19 [DEBUG] https://dl.google.com:443 "GET /dl/android/studio/install/3.4.1.0/android-studio-ide-183.5522156-windows.exe HTTP/1.1" 200 1017327996
21:33:19 [DEBUG] Starting new HTTPS connection (1): dl.google.com:443
21:33:19 [DEBUG] Starting new HTTPS connection (1): dl.google.com:443
21:33:19 [INFO]    🎯 185.234.59.59 (Россия) - 26.4 Mbps, 355ms, UDP✅
21:33:19 [DEBUG] Starting new HTTPS connection (1): www.google.com:443
21:33:20 [DEBUG] Starting new HTTPS connection (1): www.google.com:443
21:33:20 [DEBUG] https://dl.google.com:443 "GET /dl/android/studio/install/3.4.1.0/android-studio-ide-183.5522156-windows.exe HTTP/1.1" 200 1017327996
21:33:20 [INFO]    🎯 217.114.15.157 (Россия) - 4.2 Mbps, 612ms, UDP✅
21:33:20 [DEBUG] Starting new HTTPS connection (1): www.google.com:443
21:33:20 [DEBUG] https://www.google.com:443 "GET /generate_204 HTTP/1.1" 204 0
21:33:20 [INFO]    🎯 185.234.59.55 (Россия) - 26.1 Mbps, 331ms, UDP✅
21:33:20 [DEBUG] Starting new HTTPS connection (1): www.google.com:443
21:33:20 [DEBUG] https://www.google.com:443 "GET /generate_204 HTTP/1.1" 204 0
21:33:20 [DEBUG] https://www.google.com:443 "GET /generate_204 HTTP/1.1" 204 0
21:33:20 [DEBUG] Starting new HTTPS connection (1): dl.google.com:443
21:33:20 [INFO]    🎯 213.165.60.36 (Россия) - 7.0 Mbps, 817ms, UDP✅
21:33:20 [DEBUG] https://dl.google.com:443 "GET /dl/android/studio/install/3.4.1.0/android-studio-ide-183.5522156-windows.exe HTTP/1.1" 200 1017327996
21:33:20 [DEBUG] Starting new HTTPS connection (1): dl.google.com:443
21:33:20 [DEBUG] Starting new HTTPS connection (1): dl.google.com:443
21:33:20 [DEBUG] Starting new HTTPS connection (1): www.google.com:443
21:33:20 [DEBUG] https://dl.google.com:443 "GET /dl/android/studio/install/3.4.1.0/android-studio-ide-183.5522156-windows.exe HTTP/1.1" 200 1017327996
21:33:21 [DEBUG] https://www.google.com:443 "GET /generate_204 HTTP/1.1" 204 0
21:33:21 [DEBUG] https://dl.google.com:443 "GET /dl/android/studio/install/3.4.1.0/android-studio-ide-183.5522156-windows.exe HTTP/1.1" 200 1017327996
21:33:21 [INFO]    🎯 45.67.215.233 (Россия) - 8.4 Mbps, 4176ms, UDP✅
21:33:21 [INFO]    🎯 185.234.59.51 (Россия) - 26.2 Mbps, 359ms, UDP✅
21:33:21 [DEBUG] Starting new HTTPS connection (1): www.google.com:443
21:33:21 [DEBUG] https://dl.google.com:443 "GET /dl/android/studio/install/3.4.1.0/android-studio-ide-183.5522156-windows.exe HTTP/1.1" 200 1017327996
21:33:21 [DEBUG] https://www.google.com:443 "GET /generate_204 HTTP/1.1" 204 0
21:33:21 [INFO]    🎯 212.113.123.230 (Россия) - 24.5 Mbps, 240ms, UDP✅
21:33:21 [DEBUG] Starting new HTTPS connection (1): www.google.com:443
21:33:21 [DEBUG] https://www.google.com:443 "GET /generate_204 HTTP/1.1" 204 0
21:33:21 [INFO]    🎯 194.55.235.208 (Россия) - 21.7 Mbps, 414ms, UDP✅
21:33:21 [DEBUG] Starting new HTTPS connection (1): dl.google.com:443
21:33:21 [DEBUG] Starting new HTTPS connection (1): www.google.com:443
21:33:21 [DEBUG] Starting new HTTPS connection (1): dl.google.com:443
21:33:21 [DEBUG] Starting new HTTPS connection (1): www.google.com:443
21:33:21 [DEBUG] https://www.google.com:443 "GET /generate_204 HTTP/1.1" 204 0
21:33:22 [DEBUG] https://dl.google.com:443 "GET /dl/android/studio/install/3.4.1.0/android-studio-ide-183.5522156-windows.exe HTTP/1.1" 200 1017327996
21:33:22 [DEBUG] Starting new HTTPS connection (1): www.google.com:443
21:33:22 [DEBUG] Starting new HTTPS connection (1): www.google.com:443
21:33:22 [DEBUG] Starting new HTTPS connection (1): www.google.com:443
21:33:22 [DEBUG] https://www.google.com:443 "GET /generate_204 HTTP/1.1" 204 0
21:33:22 [DEBUG] https://dl.google.com:443 "GET /dl/android/studio/install/3.4.1.0/android-studio-ide-183.5522156-windows.exe HTTP/1.1" 200 1017327996
21:33:22 [DEBUG] https://dl.google.com:443 "GET /dl/android/studio/install/3.4.1.0/android-studio-ide-183.5522156-windows.exe HTTP/1.1" 200 1017327996
21:33:22 [DEBUG] Starting new HTTPS connection (1): www.google.com:443
21:33:22 [DEBUG] https://www.google.com:443 "GET /generate_204 HTTP/1.1" 204 0
21:33:22 [DEBUG] Starting new HTTPS connection (1): dl.google.com:443
21:33:22 [DEBUG] https://www.google.com:443 "GET /generate_204 HTTP/1.1" 204 0
21:33:22 [DEBUG] https://www.google.com:443 "GET /generate_204 HTTP/1.1" 204 0
21:33:22 [DEBUG] https://www.google.com:443 "GET /generate_204 HTTP/1.1" 204 0
21:33:23 [DEBUG] Starting new HTTPS connection (1): dl.google.com:443
21:33:23 [INFO]    🎯 5.188.140.55 (Россия) - 12.2 Mbps, 834ms, UDP✅
21:33:23 [DEBUG] Starting new HTTPS connection (1): dl.google.com:443
21:33:23 [DEBUG] Starting new HTTPS connection (1): dl.google.com:443
21:33:23 [DEBUG] Starting new HTTPS connection (1): dl.google.com:443
21:33:23 [DEBUG] Starting new HTTPS connection (1): dl.google.com:443
21:33:23 [DEBUG] https://dl.google.com:443 "GET /dl/android/studio/install/3.4.1.0/android-studio-ide-183.5522156-windows.exe HTTP/1.1" 200 1017327996
21:33:23 [INFO]    🎯 37.139.42.234 (Россия) - 4.5 Mbps, 3798ms, UDP❌
21:33:23 [DEBUG] https://dl.google.com:443 "GET /dl/android/studio/install/3.4.1.0/android-studio-ide-183.5522156-windows.exe HTTP/1.1" 200 1017327996
21:33:23 [DEBUG] https://dl.google.com:443 "GET /dl/android/studio/install/3.4.1.0/android-studio-ide-183.5522156-windows.exe HTTP/1.1" 200 1017327996
21:33:23 [DEBUG] https://dl.google.com:443 "GET /dl/android/studio/install/3.4.1.0/android-studio-ide-183.5522156-windows.exe HTTP/1.1" 200 1017327996
21:33:23 [INFO]    🎯 5.188.141.69 (Россия) - 25.0 Mbps, 438ms, UDP✅
21:33:23 [INFO]    🎯 84.23.53.221 (Россия) - 23.5 Mbps, 389ms, UDP✅
21:33:23 [INFO]    🎯 146.185.242.0 (Россия) - 26.4 Mbps, 348ms, UDP✅
21:33:23 [INFO]    🎯 5.188.140.115 (Россия) - 14.3 Mbps, 829ms, UDP✅
21:33:24 [DEBUG] Starting new HTTPS connection (1): www.google.com:443
21:33:24 [DEBUG] Starting new HTTPS connection (1): dl.google.com:443
21:33:24 [DEBUG] https://dl.google.com:443 "GET /dl/android/studio/install/3.4.1.0/android-studio-ide-183.5522156-windows.exe HTTP/1.1" 200 1017327996
21:33:24 [DEBUG] https://dl.google.com:443 "GET /dl/android/studio/install/3.4.1.0/android-studio-ide-183.5522156-windows.exe HTTP/1.1" 200 1017327996
21:33:24 [INFO]    🎯 95.163.208.110 (Россия) - 7.1 Mbps, 303ms, UDP✅
21:33:24 [INFO]    🎯 109.120.188.227 (Россия) - 17.0 Mbps, 750ms, UDP✅
21:33:24 [DEBUG] Starting new HTTPS connection (1): www.google.com:443
21:33:24 [DEBUG] https://www.google.com:443 "GET /generate_204 HTTP/1.1" 204 0
21:33:24 [DEBUG] Starting new HTTPS connection (1): www.google.com:443
21:33:24 [DEBUG] Starting new HTTPS connection (1): www.google.com:443
21:33:24 [DEBUG] Starting new HTTPS connection (1): www.google.com:443
21:33:24 [DEBUG] Starting new HTTPS connection (1): www.google.com:443
21:33:24 [DEBUG] Starting new HTTPS connection (1): dl.google.com:443
21:33:25 [DEBUG] https://www.google.com:443 "GET /generate_204 HTTP/1.1" 204 0
21:33:25 [DEBUG] Starting new HTTPS connection (1): www.google.com:443
21:33:25 [DEBUG] https://dl.google.com:443 "GET /dl/android/studio/install/3.4.1.0/android-studio-ide-183.5522156-windows.exe HTTP/1.1" 200 1017327996
21:33:25 [DEBUG] Starting new HTTPS connection (1): dl.google.com:443
21:33:25 [DEBUG] https://www.google.com:443 "GET /generate_204 HTTP/1.1" 204 0
21:33:25 [DEBUG] https://www.google.com:443 "GET /generate_204 HTTP/1.1" 204 0
21:33:25 [DEBUG] https://www.google.com:443 "GET /generate_204 HTTP/1.1" 204 0
21:33:25 [DEBUG] Starting new HTTPS connection (1): www.google.com:443
21:33:25 [INFO]    🎯 5.188.141.176 (Россия) - 27.9 Mbps, 297ms, UDP✅
21:33:25 [DEBUG] Starting new HTTPS connection (1): dl.google.com:443
21:33:25 [DEBUG] Starting new HTTPS connection (1): dl.google.com:443
21:33:25 [DEBUG] Starting new HTTPS connection (1): www.google.com:443
21:33:25 [DEBUG] https://www.google.com:443 "GET /generate_204 HTTP/1.1" 204 0
21:33:25 [DEBUG] Starting new HTTPS connection (1): dl.google.com:443
21:33:26 [DEBUG] https://dl.google.com:443 "GET /dl/android/studio/install/3.4.1.0/android-studio-ide-183.5522156-windows.exe HTTP/1.1" 200 1017327996
21:33:26 [DEBUG] https://dl.google.com:443 "GET /dl/android/studio/install/3.4.1.0/android-studio-ide-183.5522156-windows.exe HTTP/1.1" 200 1017327996
21:33:26 [DEBUG] Starting new HTTPS connection (1): www.google.com:443
21:33:26 [DEBUG] Starting new HTTPS connection (1): www.google.com:443
21:33:26 [DEBUG] https://www.google.com:443 "GET /generate_204 HTTP/1.1" 204 0
21:33:26 [DEBUG] https://dl.google.com:443 "GET /dl/android/studio/install/3.4.1.0/android-studio-ide-183.5522156-windows.exe HTTP/1.1" 200 1017327996
21:33:26 [DEBUG] Starting new HTTPS connection (1): dl.google.com:443
21:33:26 [DEBUG] Starting new HTTPS connection (1): www.google.com:443
21:33:26 [INFO]    🎯 109.120.188.14 (Россия) - 24.6 Mbps, 343ms, UDP✅
21:33:26 [DEBUG] https://www.google.com:443 "GET /generate_204 HTTP/1.1" 204 0
21:33:26 [INFO]    🎯 37.139.33.15 (Россия) - 15.6 Mbps, 417ms, UDP✅
21:33:26 [INFO]    🎯 212.233.73.212 (Россия) - 15.6 Mbps, 450ms, UDP✅
21:33:26 [DEBUG] https://www.google.com:443 "GET /generate_204 HTTP/1.1" 204 0
21:33:26 [DEBUG] Starting new HTTPS connection (1): dl.google.com:443
21:33:26 [DEBUG] Starting new HTTPS connection (1): dl.google.com:443
21:33:27 [DEBUG] https://www.google.com:443 "GET /generate_204 HTTP/1.1" 204 0
21:33:27 [DEBUG] https://dl.google.com:443 "GET /dl/android/studio/install/3.4.1.0/android-studio-ide-183.5522156-windows.exe HTTP/1.1" 200 1017327996
21:33:27 [DEBUG] https://dl.google.com:443 "GET /dl/android/studio/install/3.4.1.0/android-studio-ide-183.5522156-windows.exe HTTP/1.1" 200 1017327996
21:33:27 [INFO]    🎯 185.40.153.243 (Россия) - 3.8 Mbps, 798ms, UDP✅
21:33:27 [DEBUG] Starting new HTTPS connection (1): www.google.com:443
21:33:27 [DEBUG] https://dl.google.com:443 "GET /dl/android/studio/install/3.4.1.0/android-studio-ide-183.5522156-windows.exe HTTP/1.1" 200 1017327996
21:33:27 [DEBUG] Starting new HTTPS connection (1): www.google.com:443
21:33:27 [INFO]    🎯 51.250.16.92 (Россия) - 24.0 Mbps, 395ms, UDP✅
21:33:27 [DEBUG] Starting new HTTPS connection (1): www.google.com:443
21:33:27 [DEBUG] Starting new HTTPS connection (1): www.google.com:443
21:33:27 [INFO]    🎯 5.188.140.3 (Россия) - 21.3 Mbps, 335ms, UDP✅
21:33:27 [INFO]    🎯 95.163.208.90 (Россия) - 6.8 Mbps, 3311ms, UDP✅
21:33:27 [DEBUG] Starting new HTTPS connection (1): dl.google.com:443
21:33:27 [DEBUG] https://www.google.com:443 "GET /generate_204 HTTP/1.1" 204 0
21:33:27 [DEBUG] https://www.google.com:443 "GET /generate_204 HTTP/1.1" 204 0
21:33:28 [DEBUG] Starting new HTTPS connection (1): dl.google.com:443
21:33:28 [DEBUG] https://dl.google.com:443 "GET /dl/android/studio/install/3.4.1.0/android-studio-ide-183.5522156-windows.exe HTTP/1.1" 200 1017327996
21:33:28 [DEBUG] https://www.google.com:443 "GET /generate_204 HTTP/1.1" 204 0
21:33:28 [DEBUG] https://www.google.com:443 "GET /generate_204 HTTP/1.1" 204 0
21:33:28 [DEBUG] Starting new HTTPS connection (1): dl.google.com:443
21:33:28 [DEBUG] https://dl.google.com:443 "GET /dl/android/studio/install/3.4.1.0/android-studio-ide-183.5522156-windows.exe HTTP/1.1" 200 1017327996
21:33:28 [DEBUG] Starting new HTTPS connection (1): dl.google.com:443
21:33:28 [DEBUG] Starting new HTTPS connection (1): www.google.com:443
21:33:28 [DEBUG] Starting new HTTPS connection (1): dl.google.com:443
21:33:28 [INFO]    🎯 217.16.16.52 (Россия) - 31.9 Mbps, 357ms, UDP✅
21:33:28 [DEBUG] Starting new HTTPS connection (1): www.google.com:443
21:33:28 [DEBUG] https://dl.google.com:443 "GET /dl/android/studio/install/3.4.1.0/android-studio-ide-183.5522156-windows.exe HTTP/1.1" 200 1017327996
21:33:28 [DEBUG] https://dl.google.com:443 "GET /dl/android/studio/install/3.4.1.0/android-studio-ide-183.5522156-windows.exe HTTP/1.1" 200 1017327996
21:33:28 [DEBUG] Starting new HTTPS connection (1): dl.google.com:443
21:33:28 [DEBUG] Starting new HTTPS connection (1): www.google.com:443
21:33:28 [DEBUG] Starting new HTTPS connection (1): www.google.com:443
21:33:29 [DEBUG] https://dl.google.com:443 "GET /dl/android/studio/install/3.4.1.0/android-studio-ide-183.5522156-windows.exe HTTP/1.1" 200 1017327996
21:33:29 [INFO]    🎯 109.120.190.203 (Россия) - 13.9 Mbps, 913ms, UDP✅
21:33:29 [DEBUG] https://dl.google.com:443 "GET /dl/android/studio/install/3.4.1.0/android-studio-ide-183.5522156-windows.exe HTTP/1.1" 200 1017327996
21:33:29 [DEBUG] https://www.google.com:443 "GET /generate_204 HTTP/1.1" 204 0
21:33:29 [DEBUG] https://www.google.com:443 "GET /generate_204 HTTP/1.1" 204 0
21:33:29 [INFO]    🎯 90.156.217.130 (Россия) - 16.2 Mbps, 380ms, UDP❌
21:33:29 [DEBUG] https://www.google.com:443 "GET /generate_204 HTTP/1.1" 204 0
21:33:29 [DEBUG] Starting new HTTPS connection (1): dl.google.com:443
21:33:29 [INFO]    🎯 5.188.142.230 (Россия) - 5.7 Mbps, 598ms, UDP✅
21:33:29 [DEBUG] Starting new HTTPS connection (1): dl.google.com:443
21:33:29 [DEBUG] Starting new HTTPS connection (1): dl.google.com:443
21:33:29 [DEBUG] Starting new HTTPS connection (1): www.google.com:443
21:33:29 [INFO]    🎯 87.239.106.153 (Россия) - 14.1 Mbps, 464ms, UDP✅
21:33:29 [INFO]    🎯 158.160.223.36 (Россия) - 13.0 Mbps, 494ms, UDP✅
21:33:29 [DEBUG] https://www.google.com:443 "GET /generate_204 HTTP/1.1" 204 0
21:33:29 [DEBUG] https://dl.google.com:443 "GET /dl/android/studio/install/3.4.1.0/android-studio-ide-183.5522156-windows.exe HTTP/1.1" 200 1017327996
21:33:30 [DEBUG] https://www.google.com:443 "GET /generate_204 HTTP/1.1" 204 0
21:33:30 [DEBUG] Starting new HTTPS connection (1): www.google.com:443
21:33:30 [DEBUG] Starting new HTTPS connection (1): dl.google.com:443
21:33:30 [DEBUG] https://dl.google.com:443 "GET /dl/android/studio/install/3.4.1.0/android-studio-ide-183.5522156-windows.exe HTTP/1.1" 200 1017327996
21:33:30 [DEBUG] Starting new HTTPS connection (1): www.google.com:443
21:33:30 [DEBUG] https://dl.google.com:443 "GET /dl/android/studio/install/3.4.1.0/android-studio-ide-183.5522156-windows.exe HTTP/1.1" 200 1017327996
21:33:30 [INFO]    🎯 46.243.232.142 (Россия) - 21.0 Mbps, 442ms, UDP✅
21:33:30 [DEBUG] Starting new HTTPS connection (1): www.google.com:443
21:33:30 [DEBUG] https://www.google.com:443 "GET /generate_204 HTTP/1.1" 204 0
21:33:30 [INFO]    🎯 46.243.233.12 (Россия) - 30.2 Mbps, 338ms, UDP✅
21:33:30 [DEBUG] https://dl.google.com:443 "GET /dl/android/studio/install/3.4.1.0/android-studio-ide-183.5522156-windows.exe HTTP/1.1" 200 1017327996
21:33:30 [DEBUG] Starting new HTTPS connection (1): www.google.com:443
21:33:30 [DEBUG] Starting new HTTPS connection (1): www.google.com:443
21:33:30 [DEBUG] https://www.google.com:443 "GET /generate_204 HTTP/1.1" 204 0
21:33:31 [DEBUG] https://www.google.com:443 "GET /generate_204 HTTP/1.1" 204 0
21:33:31 [DEBUG] Starting new HTTPS connection (1): dl.google.com:443
21:33:31 [DEBUG] https://dl.google.com:443 "GET /dl/android/studio/install/3.4.1.0/android-studio-ide-183.5522156-windows.exe HTTP/1.1" 200 1017327996
21:33:31 [DEBUG] https://dl.google.com:443 "GET /dl/android/studio/install/3.4.1.0/android-studio-ide-183.5522156-windows.exe HTTP/1.1" 200 1017327996
21:33:31 [DEBUG] Starting new HTTPS connection (1): dl.google.com:443
21:33:31 [DEBUG] https://www.google.com:443 "GET /generate_204 HTTP/1.1" 204 0
21:33:31 [DEBUG] Starting new HTTPS connection (1): dl.google.com:443
21:33:31 [DEBUG] Starting new HTTPS connection (1): www.google.com:443
21:33:31 [INFO]    🎯 89.208.87.253 (Россия) - 9.3 Mbps, 594ms, UDP✅
21:33:31 [DEBUG] Starting new HTTPS connection (1): dl.google.com:443
21:33:31 [DEBUG] https://www.google.com:443 "GET /generate_204 HTTP/1.1" 204 0
21:33:31 [INFO]    🎯 178.250.243.97 (Россия) - 6.1 Mbps, 268ms, UDP✅
21:33:31 [INFO]    🎯 91.142.72.101 (Россия) - 2.3 Mbps, 1699ms, UDP❌
21:33:31 [DEBUG] https://dl.google.com:443 "GET /dl/android/studio/install/3.4.1.0/android-studio-ide-183.5522156-windows.exe HTTP/1.1" 200 1017327996
21:33:31 [DEBUG] Starting new HTTPS connection (1): www.google.com:443
21:33:31 [DEBUG] Starting new HTTPS connection (1): dl.google.com:443
21:33:31 [DEBUG] Starting new HTTPS connection (1): dl.google.com:443
21:33:31 [DEBUG] https://www.google.com:443 "GET /generate_204 HTTP/1.1" 204 0
21:33:32 [DEBUG] https://dl.google.com:443 "GET /dl/android/studio/install/3.4.1.0/android-studio-ide-183.5522156-windows.exe HTTP/1.1" 200 1017327996
21:33:32 [DEBUG] https://dl.google.com:443 "GET /dl/android/studio/install/3.4.1.0/android-studio-ide-183.5522156-windows.exe HTTP/1.1" 200 1017327996
21:33:32 [DEBUG] https://dl.google.com:443 "GET /dl/android/studio/install/3.4.1.0/android-studio-ide-183.5522156-windows.exe HTTP/1.1" 200 1017327996
21:33:32 [DEBUG] Starting new HTTPS connection (1): dl.google.com:443
21:33:32 [DEBUG] Starting new HTTPS connection (1): www.google.com:443
21:33:32 [INFO]    🎯 146.185.240.23 (Россия) - 11.8 Mbps, 586ms, UDP✅
21:33:32 [DEBUG] Starting new HTTPS connection (1): www.google.com:443
21:33:32 [DEBUG] Starting new HTTPS connection (1): www.google.com:443
21:33:32 [DEBUG] https://dl.google.com:443 "GET /dl/android/studio/install/3.4.1.0/android-studio-ide-183.5522156-windows.exe HTTP/1.1" 200 1017327996
21:33:32 [DEBUG] Starting new HTTPS connection (1): www.google.com:443
21:33:32 [DEBUG] https://dl.google.com:443 "GET /dl/android/studio/install/3.4.1.0/android-studio-ide-183.5522156-windows.exe HTTP/1.1" 200 1017327996
21:33:33 [DEBUG] https://dl.google.com:443 "GET /dl/android/studio/install/3.4.1.0/android-studio-ide-183.5522156-windows.exe HTTP/1.1" 200 1017327996
21:33:33 [INFO]    🎯 90.156.150.134 (Россия) - 8.1 Mbps, 554ms, UDP✅
21:33:33 [INFO]    🎯 185.130.115.55 (Россия) - 4.2 Mbps, 659ms, UDP✅
21:33:33 [DEBUG] Starting new HTTPS connection (1): www.google.com:443
21:33:33 [INFO]    🎯 89.169.162.214 (Россия) - 7.3 Mbps, 555ms, UDP✅
21:33:33 [INFO]    🎯 178.250.243.98 (Россия) - 6.7 Mbps, 1398ms, UDP✅
21:33:33 [DEBUG] Starting new HTTPS connection (1): www.google.com:443
21:33:33 [INFO]    🎯 89.169.162.214 (Россия) - 7.6 Mbps, 557ms, UDP✅
21:33:34 [INFO]    🎯 84.252.136.245 (Россия) - 8.3 Mbps, 673ms, UDP✅
21:33:34 [DEBUG] Starting new HTTPS connection (1): www.google.com:443
21:33:34 [DEBUG] Starting new HTTPS connection (1): www.google.com:443
21:33:34 [INFO]    🎯 87.239.110.251 (Россия) - 7.5 Mbps, 582ms, UDP✅
21:33:34 [DEBUG] Starting new HTTPS connection (1): www.google.com:443
21:33:34 [DEBUG] https://www.google.com:443 "GET /generate_204 HTTP/1.1" 204 0
21:33:34 [DEBUG] Starting new HTTPS connection (1): www.google.com:443
21:33:34 [DEBUG] Starting new HTTPS connection (1): www.google.com:443
21:33:34 [DEBUG] https://www.google.com:443 "GET /generate_204 HTTP/1.1" 204 0
21:33:35 [DEBUG] Starting new HTTPS connection (1): www.google.com:443
21:33:35 [DEBUG] Starting new HTTPS connection (1): dl.google.com:443
21:33:35 [DEBUG] Starting new HTTPS connection (1): www.google.com:443
21:33:35 [DEBUG] https://www.google.com:443 "GET /generate_204 HTTP/1.1" 204 0
21:33:35 [DEBUG] https://www.google.com:443 "GET /generate_204 HTTP/1.1" 204 0
21:33:35 [DEBUG] Starting new HTTPS connection (1): www.google.com:443
21:33:35 [DEBUG] Starting new HTTPS connection (1): dl.google.com:443
21:33:35 [DEBUG] https://dl.google.com:443 "GET /dl/android/studio/install/3.4.1.0/android-studio-ide-183.5522156-windows.exe HTTP/1.1" 200 1017327996
21:33:35 [DEBUG] Starting new HTTPS connection (1): www.google.com:443
21:33:35 [DEBUG] Starting new HTTPS connection (1): www.google.com:443
21:33:35 [DEBUG] Starting new HTTPS connection (1): dl.google.com:443
21:33:35 [DEBUG] https://dl.google.com:443 "GET /dl/android/studio/install/3.4.1.0/android-studio-ide-183.5522156-windows.exe HTTP/1.1" 200 1017327996
21:33:35 [DEBUG] Starting new HTTPS connection (1): www.google.com:443
21:33:35 [DEBUG] Starting new HTTPS connection (1): www.google.com:443
21:33:36 [DEBUG] Starting new HTTPS connection (1): www.google.com:443
21:33:36 [INFO]    🎯 80.92.205.51 (Россия) - 17.2 Mbps, 358ms, UDP✅
21:33:36 [DEBUG] Starting new HTTPS connection (1): dl.google.com:443
21:33:36 [DEBUG] https://dl.google.com:443 "GET /dl/android/studio/install/3.4.1.0/android-studio-ide-183.5522156-windows.exe HTTP/1.1" 200 1017327996
21:33:36 [DEBUG] Starting new HTTPS connection (1): www.google.com:443
21:33:36 [DEBUG] Starting new HTTPS connection (1): www.google.com:443
21:33:36 [DEBUG] Starting new HTTPS connection (1): www.google.com:443
21:33:36 [DEBUG] https://www.google.com:443 "GET /generate_204 HTTP/1.1" 204 0
21:33:36 [DEBUG] Starting new HTTPS connection (1): www.google.com:443
21:33:36 [DEBUG] Starting new HTTPS connection (1): www.google.com:443
21:33:36 [DEBUG] Starting new HTTPS connection (1): www.google.com:443
21:33:37 [DEBUG] Starting new HTTPS connection (1): www.google.com:443
21:33:37 [DEBUG] Starting new HTTPS connection (1): www.google.com:443
21:33:37 [INFO]    🎯 37.139.42.234 (Россия) - 11.0 Mbps, 429ms, UDP✅
21:33:37 [DEBUG] Starting new HTTPS connection (1): www.google.com:443
21:33:37 [DEBUG] Starting new HTTPS connection (1): www.google.com:443
21:33:37 [DEBUG] Starting new HTTPS connection (1): www.google.com:443
21:33:37 [INFO]    🎯 185.247.185.6 (Россия) - 8.2 Mbps, 465ms, UDP✅
21:33:37 [DEBUG] Starting new HTTPS connection (1): www.google.com:443
21:33:38 [DEBUG] Starting new HTTPS connection (1): www.google.com:443
21:33:38 [DEBUG] https://dl.google.com:443 "GET /dl/android/studio/install/3.4.1.0/android-studio-ide-183.5522156-windows.exe HTTP/1.1" 200 1017327996
21:33:38 [DEBUG] Starting new HTTPS connection (1): www.google.com:443
21:33:38 [DEBUG] Starting new HTTPS connection (1): www.google.com:443
21:33:39 [DEBUG] Starting new HTTPS connection (1): www.google.com:443
21:33:39 [DEBUG] Starting new HTTPS connection (1): www.google.com:443
21:33:39 [DEBUG] https://www.google.com:443 "GET /generate_204 HTTP/1.1" 204 0
21:33:39 [DEBUG] Starting new HTTPS connection (1): www.google.com:443
21:33:39 [DEBUG] Starting new HTTPS connection (1): dl.google.com:443
21:33:39 [DEBUG] Starting new HTTPS connection (1): www.google.com:443
21:33:39 [DEBUG] Starting new HTTPS connection (1): www.google.com:443
21:33:40 [DEBUG] Starting new HTTPS connection (1): www.google.com:443
21:33:40 [DEBUG] Starting new HTTPS connection (1): www.google.com:443
21:33:40 [DEBUG] Starting new HTTPS connection (1): www.google.com:443
21:33:40 [DEBUG] Starting new HTTPS connection (1): www.google.com:443
21:33:40 [DEBUG] Starting new HTTPS connection (1): www.google.com:443
21:33:40 [DEBUG] Starting new HTTPS connection (1): www.google.com:443
21:33:40 [DEBUG] Starting new HTTPS connection (1): www.google.com:443
21:33:40 [DEBUG] Starting new HTTPS connection (1): www.google.com:443
21:33:40 [DEBUG] Starting new HTTPS connection (1): www.google.com:443
21:33:40 [DEBUG] Starting new HTTPS connection (1): www.google.com:443
21:33:41 [DEBUG] Starting new HTTPS connection (1): www.google.com:443
21:33:41 [DEBUG] Starting new HTTPS connection (1): www.google.com:443
21:33:41 [DEBUG] Starting new HTTPS connection (1): www.google.com:443
21:33:42 [DEBUG] Starting new HTTPS connection (1): www.google.com:443
21:33:42 [DEBUG] Starting new HTTPS connection (1): dl.google.com:443
21:33:42 [DEBUG] Starting new HTTPS connection (1): www.google.com:443
21:33:43 [DEBUG] Starting new HTTPS connection (1): www.google.com:443
21:33:43 [DEBUG] Starting new HTTPS connection (1): www.google.com:443
21:33:43 [DEBUG] Starting new HTTPS connection (1): www.google.com:443
21:33:43 [DEBUG] https://dl.google.com:443 "GET /dl/android/studio/install/3.4.1.0/android-studio-ide-183.5522156-windows.exe HTTP/1.1" 200 1017327996
21:33:44 [DEBUG] Starting new HTTPS connection (1): www.google.com:443
21:33:44 [INFO]    🎯 109.120.191.248 (Россия) - 3.9 Mbps, 3123ms, UDP❌
21:33:44 [DEBUG] Starting new HTTPS connection (1): www.google.com:443
21:33:44 [DEBUG] Starting new HTTPS connection (1): www.google.com:443
21:33:44 [DEBUG] Starting new HTTPS connection (1): www.google.com:443
21:33:44 [DEBUG] Starting new HTTPS connection (1): www.google.com:443
21:33:44 [DEBUG] Starting new HTTPS connection (1): www.google.com:443
21:33:44 [DEBUG] Starting new HTTPS connection (1): www.google.com:443
21:33:44 [DEBUG] Starting new HTTPS connection (1): www.google.com:443
21:33:45 [DEBUG] Starting new HTTPS connection (1): www.google.com:443
21:33:45 [DEBUG] Starting new HTTPS connection (1): www.google.com:443
21:33:45 [DEBUG] Starting new HTTPS connection (1): www.google.com:443
21:33:45 [DEBUG] Starting new HTTPS connection (1): www.google.com:443
21:33:45 [DEBUG] Starting new HTTPS connection (1): www.google.com:443
21:33:45 [DEBUG] Starting new HTTPS connection (1): www.google.com:443
21:33:45 [DEBUG] Starting new HTTPS connection (1): www.google.com:443
21:33:45 [DEBUG] Starting new HTTPS connection (1): www.google.com:443
21:33:45 [DEBUG] Starting new HTTPS connection (1): www.google.com:443
21:33:45 [DEBUG] Starting new HTTPS connection (1): www.google.com:443
21:33:45 [DEBUG] Starting new HTTPS connection (1): www.google.com:443
21:33:46 [DEBUG] Starting new HTTPS connection (1): www.google.com:443
21:33:46 [DEBUG] Starting new HTTPS connection (1): www.google.com:443
21:33:46 [DEBUG] Starting new HTTPS connection (1): www.google.com:443
21:33:46 [DEBUG] Starting new HTTPS connection (1): www.google.com:443
21:33:46 [DEBUG] Starting new HTTPS connection (1): www.google.com:443
21:33:46 [INFO]    📊 Глубокая проверка: 1728/1922 (90%) | ✅316 ❌1412
21:33:46 [DEBUG] Starting new HTTPS connection (1): www.google.com:443
21:33:46 [DEBUG] Starting new HTTPS connection (1): www.google.com:443
21:33:46 [DEBUG] Starting new HTTPS connection (1): www.google.com:443
21:33:46 [DEBUG] Starting new HTTPS connection (1): www.google.com:443
21:33:46 [DEBUG] Starting new HTTPS connection (1): www.google.com:443
21:33:47 [DEBUG] Starting new HTTPS connection (1): www.google.com:443
21:33:47 [DEBUG] Starting new HTTPS connection (1): www.google.com:443
21:33:47 [DEBUG] Starting new HTTPS connection (1): www.google.com:443
21:33:47 [DEBUG] Starting new HTTPS connection (1): www.google.com:443
21:33:47 [DEBUG] Starting new HTTPS connection (1): www.google.com:443
21:33:47 [DEBUG] Starting new HTTPS connection (1): www.google.com:443
21:33:47 [DEBUG] Starting new HTTPS connection (1): www.google.com:443
21:33:47 [DEBUG] Starting new HTTPS connection (1): www.google.com:443
21:33:47 [DEBUG] Starting new HTTPS connection (1): www.google.com:443
21:33:47 [DEBUG] https://dl.google.com:443 "GET /dl/android/studio/install/3.4.1.0/android-studio-ide-183.5522156-windows.exe HTTP/1.1" 200 1017327996
21:33:47 [DEBUG] Starting new HTTPS connection (1): www.google.com:443
21:33:47 [DEBUG] Starting new HTTPS connection (1): www.google.com:443
21:33:47 [INFO]    🎯 178.250.246.80 (Россия) - 3.1 Mbps, 4248ms, UDP❌
21:33:48 [DEBUG] Starting new HTTPS connection (1): www.google.com:443
21:33:48 [DEBUG] Starting new HTTPS connection (1): www.google.com:443
21:33:48 [DEBUG] Starting new HTTPS connection (1): www.google.com:443
21:33:48 [DEBUG] Starting new HTTPS connection (1): www.google.com:443
21:33:48 [DEBUG] Starting new HTTPS connection (1): www.google.com:443
21:33:48 [DEBUG] Starting new HTTPS connection (1): www.google.com:443
21:33:48 [DEBUG] Starting new HTTPS connection (1): www.google.com:443
21:33:48 [DEBUG] Starting new HTTPS connection (1): www.google.com:443
21:33:48 [DEBUG] https://www.google.com:443 "GET /generate_204 HTTP/1.1" 204 0
21:33:48 [DEBUG] Starting new HTTPS connection (1): www.google.com:443
21:33:48 [DEBUG] https://www.google.com:443 "GET /generate_204 HTTP/1.1" 204 0
21:33:48 [DEBUG] Starting new HTTPS connection (1): dl.google.com:443
21:33:48 [DEBUG] Starting new HTTPS connection (1): dl.google.com:443
21:33:48 [DEBUG] Starting new HTTPS connection (1): www.google.com:443
21:33:48 [DEBUG] https://dl.google.com:443 "GET /dl/android/studio/install/3.4.1.0/android-studio-ide-183.5522156-windows.exe HTTP/1.1" 200 1017327996
21:33:48 [DEBUG] Starting new HTTPS connection (1): www.google.com:443
21:33:48 [DEBUG] https://dl.google.com:443 "GET /dl/android/studio/install/3.4.1.0/android-studio-ide-183.5522156-windows.exe HTTP/1.1" 200 1017327996
21:33:49 [DEBUG] Starting new HTTPS connection (1): www.google.com:443
21:33:49 [DEBUG] Starting new HTTPS connection (1): www.google.com:443
21:33:49 [INFO]    🎯 45.139.26.213 (Россия) - 32.2 Mbps, 325ms, UDP✅
21:33:49 [INFO]    🎯 188.120.234.103 (Россия) - 26.6 Mbps, 325ms, UDP✅
21:33:49 [DEBUG] Starting new HTTPS connection (1): www.google.com:443
21:33:49 [DEBUG] Starting new HTTPS connection (1): www.google.com:443
21:33:49 [DEBUG] Starting new HTTPS connection (1): www.google.com:443
21:33:50 [DEBUG] Starting new HTTPS connection (1): www.google.com:443
21:33:50 [DEBUG] Starting new HTTPS connection (1): www.google.com:443
21:33:50 [DEBUG] Starting new HTTPS connection (1): www.google.com:443
21:33:50 [DEBUG] Starting new HTTPS connection (1): www.google.com:443
21:33:50 [DEBUG] Starting new HTTPS connection (1): www.google.com:443
21:33:50 [DEBUG] Starting new HTTPS connection (1): www.google.com:443
21:33:50 [DEBUG] Starting new HTTPS connection (1): www.google.com:443
21:33:50 [DEBUG] Starting new HTTPS connection (1): www.google.com:443
21:33:50 [DEBUG] Starting new HTTPS connection (1): www.google.com:443
21:33:51 [DEBUG] Starting new HTTPS connection (1): www.google.com:443
21:33:51 [DEBUG] Starting new HTTPS connection (1): www.google.com:443
21:33:51 [DEBUG] Starting new HTTPS connection (1): www.google.com:443
21:33:51 [DEBUG] Starting new HTTPS connection (1): www.google.com:443
21:33:51 [DEBUG] Starting new HTTPS connection (1): www.google.com:443
21:33:51 [DEBUG] Starting new HTTPS connection (1): www.google.com:443
21:33:51 [DEBUG] Starting new HTTPS connection (1): www.google.com:443
21:33:52 [DEBUG] Starting new HTTPS connection (1): www.google.com:443
21:33:52 [DEBUG] Starting new HTTPS connection (1): www.google.com:443
21:33:52 [DEBUG] Starting new HTTPS connection (1): www.google.com:443
21:33:52 [DEBUG] Starting new HTTPS connection (1): www.google.com:443
21:33:52 [DEBUG] Starting new HTTPS connection (1): www.google.com:443
21:33:53 [DEBUG] Starting new HTTPS connection (1): www.google.com:443
21:33:53 [DEBUG] Starting new HTTPS connection (1): www.google.com:443
21:33:53 [DEBUG] Starting new HTTPS connection (1): www.google.com:443
21:33:53 [DEBUG] Starting new HTTPS connection (1): www.google.com:443
21:33:54 [DEBUG] Starting new HTTPS connection (1): www.google.com:443
21:33:54 [DEBUG] Starting new HTTPS connection (1): www.google.com:443
21:33:54 [DEBUG] Starting new HTTPS connection (1): www.google.com:443
21:33:55 [DEBUG] Starting new HTTPS connection (1): www.google.com:443
21:33:55 [DEBUG] Starting new HTTPS connection (1): www.google.com:443
21:33:55 [DEBUG] Starting new HTTPS connection (1): www.google.com:443
21:33:55 [DEBUG] Starting new HTTPS connection (1): www.google.com:443
21:33:56 [DEBUG] Starting new HTTPS connection (1): www.google.com:443
21:33:56 [DEBUG] Starting new HTTPS connection (1): www.google.com:443
21:33:57 [DEBUG] Starting new HTTPS connection (1): www.google.com:443
21:33:57 [DEBUG] Starting new HTTPS connection (1): www.google.com:443
21:33:57 [DEBUG] Starting new HTTPS connection (1): www.google.com:443
21:33:57 [DEBUG] Starting new HTTPS connection (1): www.google.com:443
21:33:58 [DEBUG] Starting new HTTPS connection (1): www.google.com:443
21:33:58 [DEBUG] Starting new HTTPS connection (1): www.google.com:443
21:33:58 [DEBUG] Starting new HTTPS connection (1): www.google.com:443
21:33:58 [DEBUG] Starting new HTTPS connection (1): www.google.com:443
21:33:58 [DEBUG] Starting new HTTPS connection (1): www.google.com:443
21:33:58 [DEBUG] Starting new HTTPS connection (1): www.google.com:443
21:33:58 [DEBUG] Starting new HTTPS connection (1): www.google.com:443
21:33:58 [DEBUG] Starting new HTTPS connection (1): www.google.com:443
21:33:59 [DEBUG] Starting new HTTPS connection (1): www.google.com:443
21:33:59 [DEBUG] Starting new HTTPS connection (1): www.google.com:443
21:33:59 [DEBUG] Starting new HTTPS connection (1): www.google.com:443
21:33:59 [DEBUG] Starting new HTTPS connection (1): www.google.com:443
21:34:00 [DEBUG] Starting new HTTPS connection (1): www.google.com:443
21:34:00 [DEBUG] Starting new HTTPS connection (1): www.google.com:443
21:34:00 [DEBUG] Starting new HTTPS connection (1): www.google.com:443
21:34:00 [DEBUG] Starting new HTTPS connection (1): www.google.com:443
21:34:00 [DEBUG] Starting new HTTPS connection (1): www.google.com:443
21:34:00 [DEBUG] Starting new HTTPS connection (1): www.google.com:443
21:34:01 [DEBUG] Starting new HTTPS connection (1): www.google.com:443
21:34:01 [DEBUG] Starting new HTTPS connection (1): www.google.com:443
21:34:01 [DEBUG] Starting new HTTPS connection (1): www.google.com:443
21:34:01 [DEBUG] Starting new HTTPS connection (1): www.google.com:443
21:34:01 [DEBUG] Starting new HTTPS connection (1): www.google.com:443
21:34:01 [DEBUG] Starting new HTTPS connection (1): www.google.com:443
21:34:02 [DEBUG] Starting new HTTPS connection (1): www.google.com:443
21:34:02 [DEBUG] Starting new HTTPS connection (1): www.google.com:443
21:34:02 [DEBUG] Starting new HTTPS connection (1): www.google.com:443
21:34:02 [DEBUG] Starting new HTTPS connection (1): www.google.com:443
21:34:02 [DEBUG] Starting new HTTPS connection (1): www.google.com:443
21:34:02 [DEBUG] Starting new HTTPS connection (1): www.google.com:443
21:34:02 [DEBUG] Starting new HTTPS connection (1): www.google.com:443
21:34:03 [DEBUG] Starting new HTTPS connection (1): www.google.com:443
21:34:03 [DEBUG] Starting new HTTPS connection (1): www.google.com:443
21:34:03 [DEBUG] Starting new HTTPS connection (1): www.google.com:443
21:34:03 [DEBUG] Starting new HTTPS connection (1): www.google.com:443
21:34:03 [DEBUG] Starting new HTTPS connection (1): www.google.com:443
21:34:03 [DEBUG] Starting new HTTPS connection (1): www.google.com:443
21:34:04 [DEBUG] Starting new HTTPS connection (1): www.google.com:443
21:34:04 [DEBUG] Starting new HTTPS connection (1): www.google.com:443
21:34:04 [DEBUG] Starting new HTTPS connection (1): www.google.com:443
21:34:05 [DEBUG] Starting new HTTPS connection (1): www.google.com:443
21:34:05 [DEBUG] Starting new HTTPS connection (1): www.google.com:443
21:34:05 [DEBUG] Starting new HTTPS connection (1): www.google.com:443
21:34:05 [DEBUG] Starting new HTTPS connection (1): www.google.com:443
21:34:05 [DEBUG] Starting new HTTPS connection (1): www.google.com:443
21:34:05 [DEBUG] Starting new HTTPS connection (1): www.google.com:443
21:34:06 [DEBUG] Starting new HTTPS connection (1): www.google.com:443
21:34:06 [DEBUG] Starting new HTTPS connection (1): www.google.com:443
21:34:06 [DEBUG] Starting new HTTPS connection (1): www.google.com:443
21:34:06 [DEBUG] Starting new HTTPS connection (1): www.google.com:443
21:34:06 [DEBUG] Starting new HTTPS connection (1): www.google.com:443
21:34:07 [DEBUG] Starting new HTTPS connection (1): www.google.com:443
21:34:07 [DEBUG] Starting new HTTPS connection (1): www.google.com:443
21:34:07 [DEBUG] Starting new HTTPS connection (1): www.google.com:443
21:34:07 [DEBUG] Starting new HTTPS connection (1): www.google.com:443
21:34:07 [DEBUG] Starting new HTTPS connection (1): www.google.com:443
21:34:08 [DEBUG] Starting new HTTPS connection (1): www.google.com:443
21:34:08 [DEBUG] Starting new HTTPS connection (1): www.google.com:443
21:34:09 [DEBUG] Starting new HTTPS connection (1): www.google.com:443
21:34:09 [DEBUG] Starting new HTTPS connection (1): www.google.com:443
21:34:09 [DEBUG] Starting new HTTPS connection (1): www.google.com:443
21:34:09 [DEBUG] Starting new HTTPS connection (1): www.google.com:443
21:34:10 [DEBUG] Starting new HTTPS connection (1): www.google.com:443
21:34:10 [DEBUG] Starting new HTTPS connection (1): www.google.com:443
21:34:10 [DEBUG] Starting new HTTPS connection (1): www.google.com:443
21:34:11 [DEBUG] Starting new HTTPS connection (1): www.google.com:443
21:34:11 [DEBUG] Starting new HTTPS connection (1): www.google.com:443
21:34:11 [DEBUG] Starting new HTTPS connection (1): www.google.com:443
21:34:11 [DEBUG] Starting new HTTPS connection (1): www.google.com:443
21:34:12 [DEBUG] Starting new HTTPS connection (1): www.google.com:443
21:34:12 [DEBUG] Starting new HTTPS connection (1): www.google.com:443
21:34:12 [DEBUG] Starting new HTTPS connection (1): www.google.com:443
21:34:12 [DEBUG] Starting new HTTPS connection (1): www.google.com:443
21:34:12 [DEBUG] Starting new HTTPS connection (1): www.google.com:443
21:34:13 [DEBUG] Starting new HTTPS connection (1): www.google.com:443
21:34:13 [DEBUG] Starting new HTTPS connection (1): www.google.com:443
21:34:14 [DEBUG] Starting new HTTPS connection (1): www.google.com:443
21:34:14 [DEBUG] Starting new HTTPS connection (1): www.google.com:443
21:34:14 [DEBUG] Starting new HTTPS connection (1): www.google.com:443
21:34:14 [DEBUG] Starting new HTTPS connection (1): www.google.com:443
21:34:14 [DEBUG] Starting new HTTPS connection (1): www.google.com:443
21:34:14 [DEBUG] Starting new HTTPS connection (1): www.google.com:443
21:34:14 [DEBUG] Starting new HTTPS connection (1): www.google.com:443
21:34:14 [DEBUG] Starting new HTTPS connection (1): www.google.com:443
21:34:15 [DEBUG] Starting new HTTPS connection (1): www.google.com:443
21:34:15 [DEBUG] Starting new HTTPS connection (1): www.google.com:443
21:34:15 [DEBUG] Starting new HTTPS connection (1): www.google.com:443
21:34:15 [DEBUG] Starting new HTTPS connection (1): www.google.com:443
21:34:15 [DEBUG] Starting new HTTPS connection (1): www.google.com:443
21:34:16 [DEBUG] Starting new HTTPS connection (1): www.google.com:443
21:34:16 [DEBUG] Starting new HTTPS connection (1): www.google.com:443
21:34:16 [DEBUG] Starting new HTTPS connection (1): www.google.com:443
21:34:16 [DEBUG] Starting new HTTPS connection (1): www.google.com:443
21:34:16 [DEBUG] Starting new HTTPS connection (1): www.google.com:443
21:34:16 [DEBUG] https://www.google.com:443 "GET /generate_204 HTTP/1.1" 204 0
21:34:17 [DEBUG] Starting new HTTPS connection (1): www.google.com:443
21:34:17 [DEBUG] Starting new HTTPS connection (1): www.google.com:443
21:34:17 [DEBUG] Starting new HTTPS connection (1): www.google.com:443
21:34:17 [DEBUG] Starting new HTTPS connection (1): www.google.com:443
21:34:17 [INFO]    🎯 103.113.68.144 (Россия) - 0.3 Mbps, 562ms, UDP✅
21:34:17 [DEBUG] Starting new HTTPS connection (1): www.google.com:443
21:34:17 [DEBUG] Starting new HTTPS connection (1): www.google.com:443
21:34:17 [DEBUG] https://www.google.com:443 "GET /generate_204 HTTP/1.1" 204 0
21:34:17 [DEBUG] Starting new HTTPS connection (1): dl.google.com:443
21:34:17 [DEBUG] https://dl.google.com:443 "GET /dl/android/studio/install/3.4.1.0/android-studio-ide-183.5522156-windows.exe HTTP/1.1" 200 1017327996
21:34:18 [DEBUG] Starting new HTTPS connection (1): www.google.com:443
21:34:18 [DEBUG] Starting new HTTPS connection (1): www.google.com:443
21:34:18 [INFO]    🎯 194.4.49.85 (Россия) - 39.5 Mbps, 152ms, UDP✅
21:34:18 [DEBUG] Starting new HTTPS connection (1): www.google.com:443
21:34:18 [DEBUG] Starting new HTTPS connection (1): www.google.com:443
21:34:18 [DEBUG] Starting new HTTPS connection (1): www.google.com:443
21:34:18 [DEBUG] Starting new HTTPS connection (1): www.google.com:443
21:34:18 [DEBUG] Starting new HTTPS connection (1): www.google.com:443
21:34:19 [DEBUG] Starting new HTTPS connection (1): www.google.com:443
21:34:19 [DEBUG] Starting new HTTPS connection (1): www.google.com:443
21:34:19 [DEBUG] Starting new HTTPS connection (1): dl.google.com:443
21:34:20 [DEBUG] Starting new HTTPS connection (1): www.google.com:443
21:34:20 [DEBUG] Starting new HTTPS connection (1): www.google.com:443
21:34:20 [DEBUG] Starting new HTTPS connection (1): www.google.com:443
21:34:21 [DEBUG] Starting new HTTPS connection (1): www.google.com:443
21:34:21 [DEBUG] Starting new HTTPS connection (1): www.google.com:443
21:34:21 [DEBUG] Starting new HTTPS connection (1): www.google.com:443
21:34:21 [DEBUG] Starting new HTTPS connection (1): www.google.com:443
21:34:21 [DEBUG] Starting new HTTPS connection (1): www.google.com:443
21:34:22 [DEBUG] Starting new HTTPS connection (1): www.google.com:443
21:34:22 [DEBUG] https://dl.google.com:443 "GET /dl/android/studio/install/3.4.1.0/android-studio-ide-183.5522156-windows.exe HTTP/1.1" 200 1017327996
21:34:22 [INFO]    🎯 37.139.42.234 (Россия) - 6.3 Mbps, 1428ms, UDP❌
21:34:25 [INFO]    🎯 217.16.27.217 (Россия) - 0.3 Mbps, 2453ms, UDP✅
21:34:31 [INFO]    📊 Глубокая проверка: 1920/1922 (100%) | ✅323 ❌1597
21:34:31 [INFO] 
✅ Проверку прошли: 323
21:34:31 [INFO] 
════════════════════════════════════════
21:34:31 [INFO] 🏆 ЭТАП 4: ФИНАЛЬНЫЙ ОТБОР
21:34:31 [INFO] ════════════════════════════════════════
21:34:31 [INFO] 
📊 Статистика после проверки:
21:34:31 [INFO]    🌍 Глобальных: 189
21:34:31 [INFO]    🇷🇺 Российских: 134
21:34:31 [INFO]    1️⃣ ОСНОВНОЙ: 87.120.84.221 (Германия) - 110.3 Mbps
21:34:31 [INFO]    2️⃣ ЗАПАСНОЙ: 51.158.206.80 (Нидерланды) - 101.6 Mbps
21:34:31 [INFO]    3️⃣ РЕЗЕРВНЫЙ: 185.21.14.199 (Нидерланды) - streak: 38, 26.5 Mbps
21:34:31 [INFO]    4️⃣ WHITELIST: 193.233.21.138 (Россия) - 70.2 Mbps
21:34:31 [INFO] 🏆 THE CHOSEN FOUR:
21:34:31 [INFO] 💾 Подписка сохранена: FL1PVPN
21:34:31 [INFO] 💾 JSON сохранён: stats.json
21:34:31 [DEBUG] 💾 История сохранена: 5343 записей
21:34:31 [INFO] ✅ ГОТОВО за 477.4 секунд
21:34:31 [INFO] 📊 Найдено 37089 → Уникальных 18011 → Живых 10060 → Финал 4
