14:16:16 [INFO] 🚀 FL1P VPN SCANNER V120 - PREMIUM EDITION
14:16:16 [INFO]    ⏰ Запуск: 2026-02-06 17:16:16 MSK
14:16:16 [INFO]    📋 Структура: 2 GAME + 3 UNIVERSAL + 2 WARP + 2 WHITELIST
14:16:16 [INFO]    🌍 Приоритет: FI, EE, LV, LT (Tier 1)
14:16:16 [INFO] 📂 История: 8568 записей
14:16:16 [INFO] ✅ Xray: ./xray
14:16:16 [INFO] 🌍 GeoIP инициализирован
14:16:16 [INFO] 
══════════════════════════════════════════════════
14:16:16 [INFO] 📥 ЭТАП 1: СБОР КОНФИГОВ
14:16:16 [INFO] ══════════════════════════════════════════════════
14:16:16 [INFO] 📥 Сбор конфигов из всех источников...
14:16:16 [DEBUG] Starting new HTTPS connection (1): raw.githubusercontent.com:443
14:16:16 [DEBUG] Starting new HTTPS connection (1): raw.githubusercontent.com:443
14:16:16 [DEBUG] Starting new HTTPS connection (1): raw.githubusercontent.com:443
14:16:16 [DEBUG] Starting new HTTPS connection (1): raw.githubusercontent.com:443
14:16:16 [DEBUG] Starting new HTTPS connection (1): raw.githubusercontent.com:443
14:16:16 [DEBUG] Starting new HTTPS connection (1): raw.githubusercontent.com:443
14:16:16 [DEBUG] Starting new HTTPS connection (1): raw.githubusercontent.com:443
14:16:16 [DEBUG] Starting new HTTPS connection (1): raw.githubusercontent.com:443
14:16:16 [DEBUG] Starting new HTTPS connection (1): raw.githubusercontent.com:443
14:16:16 [DEBUG] Starting new HTTPS connection (1): raw.githubusercontent.com:443
14:16:16 [DEBUG] Starting new HTTPS connection (1): raw.githubusercontent.com:443
14:16:16 [DEBUG] Starting new HTTPS connection (1): raw.githubusercontent.com:443
14:16:16 [DEBUG] Starting new HTTPS connection (1): raw.githubusercontent.com:443
14:16:16 [DEBUG] Starting new HTTPS connection (1): raw.githubusercontent.com:443
14:16:16 [DEBUG] Starting new HTTPS connection (1): raw.githubusercontent.com:443
14:16:17 [DEBUG] https://raw.githubusercontent.com:443 "GET /barry-far/V2ray-Configs/main/Splitted-By-Protocol/vless.txt HTTP/1.1" 404 14
14:16:17 [DEBUG] https://raw.githubusercontent.com:443 "GET /w1770946466/Auto_proxy/main/Long_term_subscription_num HTTP/1.1" 200 48700
14:16:17 [DEBUG] Starting new HTTPS connection (1): raw.githubusercontent.com:443
14:16:17 [DEBUG] https://raw.githubusercontent.com:443 "GET /mahdibland/V2RayAggregator/master/Eternity HTTP/1.1" 200 11840
14:16:17 [DEBUG] https://raw.githubusercontent.com:443 "GET /Epodonios/v2ray-configs/main/Splitted-By-Protocol/vless.txt HTTP/1.1" 200 295433
14:16:17 [DEBUG] Starting new HTTPS connection (1): raw.githubusercontent.com:443
14:16:17 [DEBUG] https://raw.githubusercontent.com:443 "GET /mfuu/v2ray/master/v2ray HTTP/1.1" 200 13458
14:16:17 [DEBUG] Starting new HTTPS connection (1): raw.githubusercontent.com:443
14:16:17 [DEBUG] https://raw.githubusercontent.com:443 "GET /yebekhe/TVC/main/subscriptions/xray/reality HTTP/1.1" 404 14
14:16:17 [DEBUG] https://raw.githubusercontent.com:443 "GET /Yebekhe/TelegramV2rayCollector/main/sub/normal/reality HTTP/1.1" 404 14
14:16:17 [DEBUG] https://raw.githubusercontent.com:443 "GET /soroushmirzaei/telegram-configs-collector/main/protocols/reality HTTP/1.1" 404 14
14:16:17 [DEBUG] Starting new HTTPS connection (1): raw.githubusercontent.com:443
14:16:17 [DEBUG] Starting new HTTPS connection (1): raw.githubusercontent.com:443
14:16:17 [DEBUG] Starting new HTTPS connection (1): raw.githubusercontent.com:443
14:16:17 [DEBUG] https://raw.githubusercontent.com:443 "GET /lagzian/SS-Collector/main/realitiy_api.txt HTTP/1.1" 404 14
14:16:17 [DEBUG] Starting new HTTPS connection (1): raw.githubusercontent.com:443
14:16:17 [DEBUG] https://raw.githubusercontent.com:443 "GET /Epodonios/v2ray-configs/main/Splitted-By-Protocol/reality.txt HTTP/1.1" 404 14
14:16:17 [DEBUG] https://raw.githubusercontent.com:443 "GET /mahdibland/V2RayAggregator/master/sub/splitted/reality.txt HTTP/1.1" 404 14
14:16:17 [DEBUG] Starting new HTTPS connection (1): raw.githubusercontent.com:443
14:16:17 [DEBUG] Starting new HTTPS connection (1): raw.githubusercontent.com:443
14:16:17 [DEBUG] https://raw.githubusercontent.com:443 "GET /NiREvil/vless/main/sub/vless HTTP/1.1" 404 14
14:16:17 [DEBUG] Starting new HTTPS connection (1): raw.githubusercontent.com:443
14:16:17 [DEBUG] https://raw.githubusercontent.com:443 "GET /yebekhe/TVC/main/subscriptions/xray/vless HTTP/1.1" 404 14
14:16:17 [DEBUG] Starting new HTTPS connection (1): raw.githubusercontent.com:443
14:16:17 [DEBUG] https://raw.githubusercontent.com:443 "GET /V2RayRoot/V2RayConfig/main/Config/vless.txt HTTP/1.1" 200 30334
14:16:17 [DEBUG] https://raw.githubusercontent.com:443 "GET /yebekhe/TVC/main/subscriptions/xray/hysteria2 HTTP/1.1" 404 14
14:16:17 [DEBUG] Starting new HTTPS connection (1): raw.githubusercontent.com:443
14:16:17 [DEBUG]    ✅ Long_term_subscription_nu: 125
14:16:17 [DEBUG] Starting new HTTPS connection (1): raw.githubusercontent.com:443
14:16:17 [DEBUG]    ✅ vless.txt: 433
14:16:17 [DEBUG] Starting new HTTPS connection (1): raw.githubusercontent.com:443
14:16:17 [DEBUG] https://raw.githubusercontent.com:443 "GET /ebrasha/free-v2ray-public-list/refs/heads/main/all_extracted_configs.txt HTTP/1.1" 200 994247
14:16:17 [DEBUG] https://raw.githubusercontent.com:443 "GET /igareck/vpn-configs-for-russia/refs/heads/main/WHITE-CIDR-RU-all.txt HTTP/1.1" 200 31428
14:16:17 [DEBUG] https://raw.githubusercontent.com:443 "GET /Leon406/SubCrawler/master/sub/share/vless HTTP/1.1" 200 2724206
14:16:17 [DEBUG] https://raw.githubusercontent.com:443 "GET /freefq/free/master/v2 HTTP/1.1" 200 3099
14:16:17 [DEBUG] https://raw.githubusercontent.com:443 "GET /peasoft/NoMoreWalls/master/list.txt HTTP/1.1" 200 11353
14:16:17 [DEBUG] https://raw.githubusercontent.com:443 "GET /igareck/vpn-configs-for-russia/refs/heads/main/Vless-Reality-White-Lists-Rus-Mobile-2.txt HTTP/1.1" 200 5985
14:16:17 [DEBUG] https://raw.githubusercontent.com:443 "GET /Pawdroid/Free-servers/main/sub HTTP/1.1" 200 2435
14:16:17 [DEBUG] Starting new HTTPS connection (1): raw.githubusercontent.com:443
14:16:18 [DEBUG]    ✅ list.txt: 90
14:16:18 [DEBUG]    ✅ Vless-Reality-White-Lists: 143
14:16:18 [DEBUG] Starting new HTTPS connection (1): raw.githubusercontent.com:443
14:16:18 [DEBUG] Starting new HTTPS connection (1): raw.githubusercontent.com:443
14:16:18 [DEBUG] Starting new HTTPS connection (1): t.me:443
14:16:18 [DEBUG] https://raw.githubusercontent.com:443 "GET /igareck/vpn-configs-for-russia/main/configs/vless.txt HTTP/1.1" 404 14
14:16:18 [DEBUG] https://raw.githubusercontent.com:443 "GET /aiboboxx/v2rayfree/main/v2 HTTP/1.1" 404 14
14:16:18 [DEBUG] Starting new HTTPS connection (1): t.me:443
14:16:18 [DEBUG] Starting new HTTPS connection (1): t.me:443
14:16:18 [DEBUG] https://raw.githubusercontent.com:443 "GET /igareck/vpn-configs-for-russia/main/Vless-Reality-White-Lists-Rus-Mobile.txt HTTP/1.1" 200 6066
14:16:18 [DEBUG] https://raw.githubusercontent.com:443 "GET /MrMohebi/xray-proxy-grabber-telegram/master/collected-proxies/row-url/all.txt HTTP/1.1" 200 11743
14:16:18 [DEBUG] https://raw.githubusercontent.com:443 "GET /igareck/vpn-configs-for-russia/main/BLACK_VLESS_RUS.txt HTTP/1.1" 200 22953
14:16:18 [DEBUG]    ✅ Vless-Reality-White-Lists: 124
14:16:18 [DEBUG]    ✅ all.txt: 141
14:16:18 [DEBUG] Starting new HTTPS connection (1): t.me:443
14:16:18 [DEBUG] Starting new HTTPS connection (1): t.me:443
14:16:18 [DEBUG] https://raw.githubusercontent.com:443 "GET /AvenCores/goida-vpn-configs/main/configs/vless.txt HTTP/1.1" 404 14
14:16:18 [DEBUG] https://raw.githubusercontent.com:443 "GET /STARTER-X-0/STARTER-X-VPN/refs/heads/main/RU-WHITE-LIST HTTP/1.1" 404 14
14:16:18 [DEBUG] Starting new HTTPS connection (1): t.me:443
14:16:18 [DEBUG] Starting new HTTPS connection (1): t.me:443
14:16:18 [DEBUG]    ✅ BLACK_VLESS_RUS.txt: 656
14:16:18 [DEBUG] https://raw.githubusercontent.com:443 "GET /ircfspace/warpsub/main/export/warp HTTP/1.1" 200 363
14:16:18 [DEBUG]    ✅ warp: 5
14:16:18 [DEBUG] Starting new HTTPS connection (1): t.me:443
14:16:18 [DEBUG] Starting new HTTPS connection (1): t.me:443
14:16:18 [DEBUG] https://t.me:443 "GET /s/reality_daily HTTP/1.1" 302 20
14:16:18 [DEBUG] https://t.me:443 "GET /reality_daily HTTP/1.1" 200 3654
14:16:18 [DEBUG] https://raw.githubusercontent.com:443 "GET /yebekhe/TVC/main/subscriptions/xray/warp HTTP/1.1" 404 14
14:16:18 [DEBUG] Starting new HTTPS connection (1): t.me:443
14:16:18 [DEBUG] Starting new HTTPS connection (1): t.me:443
14:16:18 [DEBUG] https://raw.githubusercontent.com:443 "GET /NiREvil/vless/main/sub/warp HTTP/1.1" 404 14
14:16:18 [DEBUG]    ✅ WHITE-CIDR-RU-all.txt: 1174
14:16:18 [DEBUG] https://t.me:443 "GET /s/PrivateVPNs HTTP/1.1" 200 9537
14:16:18 [DEBUG]    ✅ vless.txt: 2372
14:16:19 [DEBUG] Starting new HTTPS connection (1): t.me:443
14:16:18 [DEBUG] https://t.me:443 "GET /s/RealityVpnChannel HTTP/1.1" 302 20
14:16:19 [DEBUG] https://t.me:443 "GET /s/FarahVPN HTTP/1.1" 200 9942
14:16:19 [DEBUG]    📱 FarahVPN: 7
14:16:18 [DEBUG] Starting new HTTPS connection (1): t.me:443
14:16:19 [DEBUG] https://t.me:443 "GET /s/iSegaro HTTP/1.1" 200 18627
14:16:19 [DEBUG] Starting new HTTPS connection (1): t.me:443
14:16:19 [DEBUG] https://t.me:443 "GET /RealityVpnChannel HTTP/1.1" 200 3661
14:16:19 [DEBUG] Starting new HTTPS connection (1): t.me:443
14:16:19 [DEBUG] Starting new HTTPS connection (1): t.me:443
14:16:19 [DEBUG] Starting new HTTPS connection (1): t.me:443
14:16:19 [DEBUG] Starting new HTTPS connection (1): t.me:443
14:16:19 [DEBUG] https://t.me:443 "GET /s/DirectVPN HTTP/1.1" 200 9193
14:16:19 [DEBUG] https://t.me:443 "GET /s/VlessConfig HTTP/1.1" 200 9300
14:16:19 [DEBUG]    📱 VlessConfig: 18
14:16:19 [DEBUG] https://t.me:443 "GET /s/v2ray_configs_pool HTTP/1.1" 200 9623
14:16:19 [DEBUG] https://t.me:443 "GET /s/v2ray_outlineir HTTP/1.1" 200 10144
14:16:19 [DEBUG]    📱 v2ray_outlineir: 11
14:16:19 [DEBUG] https://t.me:443 "GET /s/v2rayng_vpn HTTP/1.1" 200 15543
14:16:19 [DEBUG] Starting new HTTPS connection (1): t.me:443
14:16:19 [DEBUG] Starting new HTTPS connection (1): t.me:443
14:16:19 [DEBUG] Starting new HTTPS connection (1): t.me:443
14:16:19 [DEBUG] Starting new HTTPS connection (1): t.me:443
14:16:19 [DEBUG] Starting new HTTPS connection (1): t.me:443
14:16:19 [DEBUG] https://t.me:443 "GET /s/v2ray1_ng HTTP/1.1" 200 16738
14:16:19 [DEBUG]    📱 v2ray1_ng: 9
14:16:19 [DEBUG] Starting new HTTPS connection (1): t.me:443
14:16:20 [DEBUG] https://t.me:443 "GET /s/proxy_mtm HTTP/1.1" 302 20
14:16:20 [DEBUG] https://t.me:443 "GET /proxy_mtm HTTP/1.1" 200 3651
14:16:20 [DEBUG] https://t.me:443 "GET /s/Proxy_PJ HTTP/1.1" 200 6969
14:16:20 [DEBUG] Starting new HTTPS connection (1): api.github.com:443
14:16:20 [DEBUG] https://t.me:443 "GET /s/freev2rayssr HTTP/1.1" 200 22268
14:16:20 [DEBUG] https://t.me:443 "GET /s/customv2ray HTTP/1.1" 200 15537
14:16:20 [DEBUG] Starting new HTTPS connection (1): api.github.com:443
14:16:20 [DEBUG]    📱 customv2ray: 18
14:16:20 [DEBUG] https://t.me:443 "GET /s/ConfigsHUB HTTP/1.1" 200 11138
14:16:20 [DEBUG]    📱 freev2rayssr: 70
14:16:20 [DEBUG] https://t.me:443 "GET /s/V2RayTz HTTP/1.1" 200 6122
14:16:20 [DEBUG] https://t.me:443 "GET /s/v2ray_alpha HTTP/1.1" 200 18920
14:16:20 [DEBUG] https://t.me:443 "GET /s/SafeNet_Server HTTP/1.1" 200 10452
14:16:20 [DEBUG] https://t.me:443 "GET /s/ShadowProxy66 HTTP/1.1" 200 13910
14:16:20 [DEBUG] Starting new HTTPS connection (1): api.github.com:443
14:16:20 [DEBUG] Starting new HTTPS connection (1): api.github.com:443
14:16:20 [DEBUG] Starting new HTTPS connection (1): api.github.com:443
14:16:20 [DEBUG]    📱 v2ray_alpha: 56
14:16:20 [DEBUG] https://t.me:443 "GET /s/ServerNett HTTP/1.1" 200 11847
14:16:20 [DEBUG] https://t.me:443 "GET /s/VpnProSec HTTP/1.1" 200 6797
14:16:20 [DEBUG] https://t.me:443 "GET /s/Awlix_ir HTTP/1.1" 200 11576
14:16:20 [DEBUG] https://t.me:443 "GET /s/VmessProtocol HTTP/1.1" 200 13293
14:16:20 [DEBUG]    📱 Awlix_ir: 1
14:16:21 [DEBUG] https://api.github.com:443 "GET /repos/Pawdroid/Free-servers/issues?state=all&per_page=10 HTTP/1.1" 200 1632
14:16:21 [DEBUG] https://api.github.com:443 "GET /repos/yebekhe/TelegramV2rayCollector/issues?state=all&per_page=10 HTTP/1.1" 404 125
14:16:21 [DEBUG] https://api.github.com:443 "GET /repos/barry-far/V2ray-Configs/issues?state=all&per_page=10 HTTP/1.1" 403 136
14:16:21 [DEBUG] https://api.github.com:443 "GET /repos/mahdibland/V2RayAggregator/issues?state=all&per_page=10 HTTP/1.1" 200 1949
14:16:21 [DEBUG] https://api.github.com:443 "GET /repos/NiREvil/vless/issues?state=all&per_page=10 HTTP/1.1" 200 None
14:16:21 [DEBUG]    ✅ all_extracted_configs.txt: 11043
14:16:22 [DEBUG]    ✅ vless: 21399
14:16:22 [INFO] 
📊 Источники:
14:16:22 [INFO]    🛡️ Reality: 0 | 🥇 Premium: 2930
14:16:22 [INFO]    📦 General: 32673 | 📱 Telegram: 190
14:16:22 [INFO]    🇷🇺 Whitelist: 2097 | ☁️ WARP: 5
14:16:22 [INFO]    🐙 GitHub: 0
14:16:22 [INFO]    ═══════════════════════════
14:16:22 [INFO]    📈 Всего: 35793 глобальных (2920 Reality)
14:16:22 [INFO]    🇷🇺 Whitelist: 2097 | ☁️ WARP: 5
14:16:22 [INFO] 
🔍 Уникальных: 18220 глобальных, 607 whitelist
14:16:22 [INFO] 
══════════════════════════════════════════════════
14:16:22 [INFO] ⚡ ЭТАП 2: TCP ПРОВЕРКА
14:16:22 [INFO] ══════════════════════════════════════════════════
14:16:27 [INFO]    📊 Глобальные: 1822/18220 (10%) | ✅1085 ❌737
14:16:33 [INFO]    📊 Глобальные: 3644/18220 (20%) | ✅1820 ❌1824
14:16:40 [INFO]    📊 Глобальные: 5466/18220 (30%) | ✅2492 ❌2974
14:16:44 [INFO]    📊 Глобальные: 7288/18220 (40%) | ✅3678 ❌3610
14:16:44 [INFO]    📊 Глобальные: 9110/18220 (50%) | ✅5476 ❌3634
14:16:49 [INFO]    📊 Глобальные: 10932/18220 (60%) | ✅6937 ❌3995
14:16:57 [INFO]    📊 Глобальные: 12754/18220 (70%) | ✅7904 ❌4850
14:17:20 [INFO]    📊 Глобальные: 14576/18220 (80%) | ✅9150 ❌5426
14:17:42 [INFO]    📊 Глобальные: 16398/18220 (90%) | ✅9818 ❌6580
14:18:23 [INFO]    📊 Глобальные: 18220/18220 (100%) | ✅10247 ❌7973
14:18:23 [INFO]    📊 Whitelist: 60/607 (10%) | ✅9 ❌51
14:18:23 [INFO]    📊 Whitelist: 120/607 (20%) | ✅9 ❌111
14:18:23 [INFO]    📊 Whitelist: 180/607 (30%) | ✅9 ❌171
14:18:23 [INFO]    📊 Whitelist: 240/607 (40%) | ✅9 ❌231
14:18:23 [INFO]    📊 Whitelist: 300/607 (49%) | ✅9 ❌291
14:18:23 [INFO]    📊 Whitelist: 360/607 (59%) | ✅9 ❌351
14:18:23 [INFO]    📊 Whitelist: 420/607 (69%) | ✅9 ❌411
14:18:23 [INFO]    📊 Whitelist: 480/607 (79%) | ✅9 ❌471
14:18:23 [INFO]    📊 Whitelist: 540/607 (89%) | ✅18 ❌522
14:18:24 [INFO]    📊 Whitelist: 600/607 (99%) | ✅31 ❌569
14:18:24 [INFO] 
✅ Живых: 10247 глобальных (660 Reality), 31 whitelist
14:18:24 [INFO] 
📊 Топ стран:
14:18:24 [INFO]    🇽🇽 XX (XX): 7828 [Tier 5]
14:18:24 [INFO]    🇩🇪 DE (Германия): 419 [Tier 3]
14:18:24 [INFO]    🇳🇱 NL (Нидерланды): 291 [Tier 3]
14:18:24 [INFO]    🇬🇧 GB (Британия): 249 [Tier 4]
14:18:24 [INFO]    🇫🇷 FR (Франция): 142 [Tier 4]
14:18:24 [INFO]    🇸🇬 SG (Сингапур): 121 [Tier 5]
14:18:24 [INFO]    🇰🇿 KZ (Казахстан): 97 [Tier 5]
14:18:24 [INFO]    🇸🇪 SE (Швеция): 94 [Tier 2]
14:18:24 [INFO] 
══════════════════════════════════════════════════
14:18:24 [INFO] 🧪 ЭТАП 3: ГЛУБОКАЯ ПРОВЕРКА
14:18:24 [INFO] ══════════════════════════════════════════════════
14:18:24 [INFO]    🌍 Глобальных к проверке: 400
14:18:24 [INFO]    🇷🇺 Whitelist к проверке: 31
14:18:25 [DEBUG] Starting new HTTPS connection (1): www.google.com:443
14:18:25 [DEBUG] Starting new HTTPS connection (1): www.google.com:443
14:18:25 [DEBUG] Starting new HTTPS connection (1): www.google.com:443
14:18:25 [DEBUG] Starting new HTTPS connection (1): www.google.com:443
14:18:25 [DEBUG] Starting new HTTPS connection (1): www.google.com:443
14:18:25 [DEBUG] Starting new HTTPS connection (1): www.google.com:443
14:18:25 [DEBUG] Starting new HTTPS connection (1): www.google.com:443
14:18:25 [DEBUG] Starting new HTTPS connection (1): www.google.com:443
14:18:25 [DEBUG] Starting new HTTPS connection (1): www.google.com:443
14:18:25 [DEBUG] Starting new HTTPS connection (1): www.google.com:443
14:18:26 [DEBUG] Starting new HTTPS connection (1): cp.cloudflare.com:443
14:18:26 [DEBUG] Starting new HTTPS connection (1): www.gstatic.com:443
14:18:27 [DEBUG] Starting new HTTPS connection (1): cp.cloudflare.com:443
14:18:27 [DEBUG] Starting new HTTPS connection (1): cp.cloudflare.com:443
14:18:27 [DEBUG] Starting new HTTPS connection (1): cp.cloudflare.com:443
14:18:27 [DEBUG] Starting new HTTPS connection (1): www.gstatic.com:443
14:18:27 [DEBUG] https://www.google.com:443 "GET /generate_204 HTTP/1.1" 204 0
14:18:27 [DEBUG] Starting new HTTPS connection (1): cp.cloudflare.com:443
14:18:27 [DEBUG] Starting new HTTPS connection (1): cp.cloudflare.com:443
14:18:27 [DEBUG] Starting new HTTPS connection (1): www.gstatic.com:443
14:18:27 [DEBUG] Starting new HTTPS connection (1): www.google.com:443
14:18:27 [DEBUG] Starting new HTTPS connection (1): www.gstatic.com:443
14:18:27 [DEBUG] Starting new HTTPS connection (1): www.gstatic.com:443
14:18:27 [DEBUG] https://cp.cloudflare.com:443 "GET / HTTP/1.1" 204 0
14:18:27 [DEBUG] Starting new HTTPS connection (1): www.gstatic.com:443
14:18:27 [DEBUG] https://www.google.com:443 "GET /generate_204 HTTP/1.1" 204 0
14:18:27 [DEBUG] Starting new HTTPS connection (1): cp.cloudflare.com:443
14:18:28 [DEBUG] https://cp.cloudflare.com:443 "GET / HTTP/1.1" 204 0
14:18:28 [DEBUG] Starting new HTTPS connection (1): www.gstatic.com:443
14:18:28 [DEBUG] Starting new HTTPS connection (1): www.google.com:443
14:18:28 [DEBUG] Starting new HTTPS connection (1): cp.cloudflare.com:443
14:18:28 [DEBUG] Starting new HTTPS connection (1): www.google.com:443
14:18:28 [DEBUG] Starting new HTTPS connection (1): www.gstatic.com:443
14:18:28 [DEBUG] Starting new HTTPS connection (1): www.google.com:443
14:18:28 [DEBUG] Starting new HTTPS connection (1): cp.cloudflare.com:443
14:18:28 [DEBUG] https://www.google.com:443 "GET /generate_204 HTTP/1.1" 204 0
14:18:28 [DEBUG] Starting new HTTPS connection (1): cp.cloudflare.com:443
14:18:28 [DEBUG] Starting new HTTPS connection (1): www.google.com:443
14:18:28 [DEBUG] Starting new HTTPS connection (1): cp.cloudflare.com:443
14:18:28 [DEBUG] Starting new HTTPS connection (1): www.gstatic.com:443
14:18:28 [DEBUG] https://cp.cloudflare.com:443 "GET / HTTP/1.1" 204 0
14:18:28 [DEBUG] Starting new HTTPS connection (1): www.gstatic.com:443
14:18:29 [DEBUG] Starting new HTTPS connection (1): cp.cloudflare.com:443
14:18:29 [DEBUG] Starting new HTTPS connection (1): cp.cloudflare.com:443
14:18:29 [DEBUG] Starting new HTTPS connection (1): www.gstatic.com:443
14:18:29 [DEBUG] Starting new HTTPS connection (1): www.google.com:443
14:18:29 [DEBUG] Starting new HTTPS connection (1): cp.cloudflare.com:443
14:18:29 [DEBUG] Starting new HTTPS connection (1): www.google.com:443
14:18:29 [DEBUG] Starting new HTTPS connection (1): cp.cloudflare.com:443
14:18:29 [DEBUG] Starting new HTTPS connection (1): cp.cloudflare.com:443
14:18:30 [DEBUG] https://www.gstatic.com:443 "GET /generate_204 HTTP/1.1" 204 0
14:18:30 [DEBUG] Starting new HTTPS connection (1): www.gstatic.com:443
14:18:30 [DEBUG] Starting new HTTPS connection (1): www.google.com:443
14:18:30 [DEBUG] Starting new HTTPS connection (1): dl.google.com:443
14:18:30 [DEBUG] Starting new HTTPS connection (1): cp.cloudflare.com:443
14:18:30 [DEBUG] Starting new HTTPS connection (1): cp.cloudflare.com:443
14:18:30 [DEBUG] Starting new HTTPS connection (1): www.gstatic.com:443
14:18:30 [DEBUG] Starting new HTTPS connection (1): www.gstatic.com:443
14:18:30 [DEBUG] https://dl.google.com:443 "GET /dl/android/studio/install/3.4.1.0/android-studio-ide-183.5522156-windows.exe HTTP/1.1" 200 1017327996
14:18:31 [DEBUG] Starting new HTTPS connection (1): www.gstatic.com:443
14:18:31 [DEBUG] Starting new HTTPS connection (1): www.google.com:443
14:18:31 [DEBUG] Starting new HTTPS connection (1): www.gstatic.com:443
14:18:31 [DEBUG] Starting new HTTPS connection (1): cp.cloudflare.com:443
14:18:31 [DEBUG] https://www.gstatic.com:443 "GET /generate_204 HTTP/1.1" 204 0
14:18:31 [DEBUG] Starting new HTTPS connection (1): www.gstatic.com:443
14:18:31 [DEBUG] Starting new HTTPS connection (1): www.google.com:443
14:18:31 [DEBUG] Starting new HTTPS connection (1): dl.google.com:443
14:18:32 [DEBUG] Starting new HTTPS connection (1): cp.cloudflare.com:443
14:18:32 [DEBUG] Starting new HTTPS connection (1): www.gstatic.com:443
14:18:32 [DEBUG] Starting new HTTPS connection (1): www.google.com:443
14:18:32 [DEBUG] Starting new HTTPS connection (1): www.google.com:443
14:18:32 [DEBUG] Starting new HTTPS connection (1): cp.cloudflare.com:443
14:18:32 [DEBUG] Starting new HTTPS connection (1): www.gstatic.com:443
14:18:32 [DEBUG] Starting new HTTPS connection (1): dl.google.com:443
14:18:33 [DEBUG] Starting new HTTPS connection (1): cp.cloudflare.com:443
14:18:33 [DEBUG] Starting new HTTPS connection (1): www.google.com:443
14:18:33 [DEBUG] Starting new HTTPS connection (1): www.gstatic.com:443
14:18:33 [DEBUG] Starting new HTTPS connection (1): www.gstatic.com:443
14:18:33 [DEBUG] Starting new HTTPS connection (1): cp.cloudflare.com:443
14:18:33 [DEBUG] https://dl.google.com:443 "GET /dl/android/studio/install/3.4.1.0/android-studio-ide-183.5522156-windows.exe HTTP/1.1" 200 1017327996
14:18:33 [DEBUG] Starting new HTTPS connection (1): www.google.com:443
14:18:33 [DEBUG] Starting new HTTPS connection (1): www.gstatic.com:443
14:18:33 [INFO]    🎯 135.181.155.97 (Финляндия) - 8.0Mbps, 1965ms UDP✅ 🛡️
14:18:34 [DEBUG] Starting new HTTPS connection (1): www.google.com:443
14:18:34 [DEBUG] https://dl.google.com:443 "GET /dl/android/studio/install/3.4.1.0/android-studio-ide-183.5522156-windows.exe HTTP/1.1" 404 1449
14:18:34 [INFO]    🎯 65.108.108.151 (Финляндия) - 0.0Mbps, 228ms UDP✅ 🛡️
14:18:34 [DEBUG] Starting new HTTPS connection (1): cp.cloudflare.com:443
14:18:34 [DEBUG] Starting new HTTPS connection (1): www.google.com:443
14:18:34 [DEBUG] Starting new HTTPS connection (1): www.gstatic.com:443
14:18:34 [DEBUG] Starting new HTTPS connection (1): www.google.com:443
14:18:34 [DEBUG] Starting new HTTPS connection (1): www.gstatic.com:443
14:18:34 [DEBUG] Starting new HTTPS connection (1): cp.cloudflare.com:443
14:18:34 [DEBUG] Starting new HTTPS connection (1): www.gstatic.com:443
14:18:34 [DEBUG] Starting new HTTPS connection (1): cp.cloudflare.com:443
14:18:34 [DEBUG] Starting new HTTPS connection (1): www.google.com:443
14:18:34 [DEBUG] Starting new HTTPS connection (1): www.gstatic.com:443
14:18:34 [DEBUG] Starting new HTTPS connection (1): www.google.com:443
14:18:34 [DEBUG] Starting new HTTPS connection (1): cp.cloudflare.com:443
14:18:34 [DEBUG] Starting new HTTPS connection (1): cp.cloudflare.com:443
14:18:34 [DEBUG] Starting new HTTPS connection (1): www.gstatic.com:443
14:18:34 [DEBUG] Starting new HTTPS connection (1): www.gstatic.com:443
14:18:35 [DEBUG] Starting new HTTPS connection (1): www.google.com:443
14:18:35 [DEBUG] Starting new HTTPS connection (1): www.google.com:443
14:18:35 [DEBUG] Starting new HTTPS connection (1): cp.cloudflare.com:443
14:18:35 [DEBUG] Starting new HTTPS connection (1): www.google.com:443
14:18:35 [DEBUG] Starting new HTTPS connection (1): cp.cloudflare.com:443
14:18:35 [DEBUG] Starting new HTTPS connection (1): www.google.com:443
14:18:35 [DEBUG] Starting new HTTPS connection (1): www.google.com:443
14:18:35 [DEBUG] Starting new HTTPS connection (1): www.gstatic.com:443
14:18:35 [DEBUG] Starting new HTTPS connection (1): cp.cloudflare.com:443
14:18:35 [DEBUG] Starting new HTTPS connection (1): www.gstatic.com:443
14:18:35 [DEBUG] https://www.google.com:443 "GET /generate_204 HTTP/1.1" 204 0
14:18:35 [DEBUG] Starting new HTTPS connection (1): cp.cloudflare.com:443
14:18:35 [DEBUG] Starting new HTTPS connection (1): www.google.com:443
14:18:35 [DEBUG] Starting new HTTPS connection (1): www.google.com:443
14:18:36 [DEBUG] Starting new HTTPS connection (1): cp.cloudflare.com:443
14:18:36 [DEBUG] Starting new HTTPS connection (1): cp.cloudflare.com:443
14:18:36 [INFO]    🎯 46.62.128.207 (Финляндия) - 0.0Mbps, 1384ms UDP✅ 🛡️
14:18:36 [DEBUG] Starting new HTTPS connection (1): www.gstatic.com:443
14:18:36 [DEBUG] Starting new HTTPS connection (1): www.gstatic.com:443
14:18:36 [DEBUG] Starting new HTTPS connection (1): www.google.com:443
14:18:36 [DEBUG] Starting new HTTPS connection (1): www.google.com:443
14:18:36 [DEBUG] Starting new HTTPS connection (1): www.google.com:443
14:18:36 [DEBUG] Starting new HTTPS connection (1): cp.cloudflare.com:443
14:18:36 [DEBUG] Starting new HTTPS connection (1): cp.cloudflare.com:443
14:18:37 [DEBUG] Starting new HTTPS connection (1): www.gstatic.com:443
14:18:37 [DEBUG] Starting new HTTPS connection (1): www.gstatic.com:443
14:18:37 [DEBUG] Starting new HTTPS connection (1): www.google.com:443
14:18:37 [DEBUG] Starting new HTTPS connection (1): www.gstatic.com:443
14:18:37 [DEBUG] Starting new HTTPS connection (1): cp.cloudflare.com:443
14:18:37 [DEBUG] Starting new HTTPS connection (1): www.google.com:443
14:18:37 [DEBUG] Starting new HTTPS connection (1): www.gstatic.com:443
14:18:37 [DEBUG] Starting new HTTPS connection (1): www.google.com:443
14:18:37 [DEBUG] Starting new HTTPS connection (1): cp.cloudflare.com:443
14:18:37 [DEBUG] Starting new HTTPS connection (1): www.gstatic.com:443
14:18:38 [DEBUG] Starting new HTTPS connection (1): cp.cloudflare.com:443
14:18:38 [DEBUG] Starting new HTTPS connection (1): www.google.com:443
14:18:38 [DEBUG] Starting new HTTPS connection (1): www.google.com:443
14:18:38 [DEBUG] Starting new HTTPS connection (1): www.google.com:443
14:18:38 [DEBUG] Starting new HTTPS connection (1): cp.cloudflare.com:443
14:18:38 [DEBUG] https://www.google.com:443 "GET /generate_204 HTTP/1.1" 204 0
14:18:38 [DEBUG] Starting new HTTPS connection (1): cp.cloudflare.com:443
14:18:38 [DEBUG] Starting new HTTPS connection (1): www.gstatic.com:443
14:18:38 [DEBUG] https://cp.cloudflare.com:443 "GET / HTTP/1.1" 204 0
14:18:38 [DEBUG] Starting new HTTPS connection (1): www.gstatic.com:443
14:18:38 [DEBUG] Starting new HTTPS connection (1): www.google.com:443
14:18:38 [DEBUG] https://www.gstatic.com:443 "GET /generate_204 HTTP/1.1" 204 0
14:18:38 [DEBUG] Starting new HTTPS connection (1): cp.cloudflare.com:443
14:18:38 [DEBUG] Starting new HTTPS connection (1): www.google.com:443
14:18:38 [DEBUG] Starting new HTTPS connection (1): dl.google.com:443
14:18:38 [DEBUG] Starting new HTTPS connection (1): cp.cloudflare.com:443
14:18:39 [DEBUG] Starting new HTTPS connection (1): www.gstatic.com:443
14:18:39 [DEBUG] Starting new HTTPS connection (1): cp.cloudflare.com:443
14:18:39 [DEBUG] https://dl.google.com:443 "GET /dl/android/studio/install/3.4.1.0/android-studio-ide-183.5522156-windows.exe HTTP/1.1" 200 1017327996
14:18:39 [DEBUG] Starting new HTTPS connection (1): www.gstatic.com:443
14:18:39 [DEBUG] Starting new HTTPS connection (1): www.google.com:443
14:18:39 [DEBUG] Starting new HTTPS connection (1): cp.cloudflare.com:443
14:18:39 [DEBUG] https://www.google.com:443 "GET /generate_204 HTTP/1.1" 204 0
14:18:39 [DEBUG] Starting new HTTPS connection (1): cp.cloudflare.com:443
14:18:39 [DEBUG] https://cp.cloudflare.com:443 "GET / HTTP/1.1" 204 0
14:18:39 [DEBUG] Starting new HTTPS connection (1): www.gstatic.com:443
14:18:39 [INFO]    📊 Глобальные: 40/400 (10%) | ✅3 ❌37
14:18:39 [DEBUG] https://www.gstatic.com:443 "GET /generate_204 HTTP/1.1" 204 0
14:18:40 [DEBUG] Starting new HTTPS connection (1): www.google.com:443
14:18:40 [DEBUG] Starting new HTTPS connection (1): dl.google.com:443
14:18:40 [DEBUG] https://www.google.com:443 "GET /generate_204 HTTP/1.1" 204 0
14:18:40 [DEBUG] Starting new HTTPS connection (1): cp.cloudflare.com:443
14:18:40 [DEBUG] https://dl.google.com:443 "GET /dl/android/studio/install/3.4.1.0/android-studio-ide-183.5522156-windows.exe HTTP/1.1" 200 1017327996
14:18:40 [DEBUG] https://cp.cloudflare.com:443 "GET / HTTP/1.1" 204 0
14:18:40 [DEBUG] Starting new HTTPS connection (1): www.gstatic.com:443
14:18:40 [INFO]    🎯 144.31.0.58 (Польша) - 32.9Mbps, 153ms UDP✅ 🛡️
14:18:40 [DEBUG] https://www.gstatic.com:443 "GET /generate_204 HTTP/1.1" 204 0
14:18:40 [DEBUG] Starting new HTTPS connection (1): cp.cloudflare.com:443
14:18:40 [DEBUG] Starting new HTTPS connection (1): dl.google.com:443
14:18:40 [DEBUG] Starting new HTTPS connection (1): www.gstatic.com:443
14:18:40 [DEBUG] Starting new HTTPS connection (1): cp.cloudflare.com:443
14:18:40 [DEBUG] https://dl.google.com:443 "GET /dl/android/studio/install/3.4.1.0/android-studio-ide-183.5522156-windows.exe HTTP/1.1" 200 1017327996
14:18:40 [DEBUG] Starting new HTTPS connection (1): www.google.com:443
14:18:40 [DEBUG] Starting new HTTPS connection (1): www.gstatic.com:443
14:18:40 [DEBUG] Starting new HTTPS connection (1): cp.cloudflare.com:443
14:18:41 [DEBUG] Starting new HTTPS connection (1): www.gstatic.com:443
14:18:41 [DEBUG] https://www.gstatic.com:443 "GET /generate_204 HTTP/1.1" 204 0
14:18:41 [DEBUG] Starting new HTTPS connection (1): dl.google.com:443
14:18:41 [INFO]    🎯 144.31.2.86 (Польша) - 16.8Mbps, 154ms UDP✅ 🛡️
14:18:41 [DEBUG] Starting new HTTPS connection (1): www.gstatic.com:443
14:18:41 [DEBUG] Starting new HTTPS connection (1): www.google.com:443
14:18:41 [DEBUG] Starting new HTTPS connection (1): www.gstatic.com:443
14:18:42 [DEBUG] Starting new HTTPS connection (1): www.google.com:443
14:18:42 [DEBUG] Starting new HTTPS connection (1): www.google.com:443
14:18:42 [DEBUG] Starting new HTTPS connection (1): cp.cloudflare.com:443
14:18:42 [DEBUG] Starting new HTTPS connection (1): www.gstatic.com:443
14:18:42 [DEBUG] Starting new HTTPS connection (1): www.gstatic.com:443
14:18:43 [DEBUG] Starting new HTTPS connection (1): www.gstatic.com:443
14:18:43 [DEBUG] Starting new HTTPS connection (1): www.google.com:443
14:18:43 [DEBUG] Starting new HTTPS connection (1): cp.cloudflare.com:443
14:18:44 [DEBUG] Starting new HTTPS connection (1): cp.cloudflare.com:443
14:18:44 [DEBUG] Starting new HTTPS connection (1): www.gstatic.com:443
14:18:44 [DEBUG] Starting new HTTPS connection (1): www.google.com:443
14:18:44 [DEBUG] Starting new HTTPS connection (1): cp.cloudflare.com:443
14:18:44 [DEBUG] Starting new HTTPS connection (1): cp.cloudflare.com:443
14:18:44 [DEBUG] Starting new HTTPS connection (1): www.gstatic.com:443
14:18:44 [DEBUG] Starting new HTTPS connection (1): www.google.com:443
14:18:44 [DEBUG] Starting new HTTPS connection (1): cp.cloudflare.com:443
14:18:45 [DEBUG] Starting new HTTPS connection (1): www.gstatic.com:443
14:18:45 [DEBUG] Starting new HTTPS connection (1): www.google.com:443
14:18:45 [DEBUG] Starting new HTTPS connection (1): www.google.com:443
14:18:45 [DEBUG] Starting new HTTPS connection (1): cp.cloudflare.com:443
14:18:45 [DEBUG] Starting new HTTPS connection (1): cp.cloudflare.com:443
14:18:45 [DEBUG] Starting new HTTPS connection (1): www.gstatic.com:443
14:18:45 [DEBUG] Starting new HTTPS connection (1): www.gstatic.com:443
14:18:45 [DEBUG] Starting new HTTPS connection (1): www.google.com:443
14:18:45 [DEBUG] Starting new HTTPS connection (1): cp.cloudflare.com:443
14:18:45 [DEBUG] Starting new HTTPS connection (1): www.gstatic.com:443
14:18:46 [DEBUG] Starting new HTTPS connection (1): www.google.com:443
14:18:46 [DEBUG] Starting new HTTPS connection (1): www.google.com:443
14:18:46 [DEBUG] Starting new HTTPS connection (1): cp.cloudflare.com:443
14:18:46 [DEBUG] Starting new HTTPS connection (1): www.google.com:443
14:18:46 [INFO]    🎯 144.31.178.150 (Эстония) - 0.0Mbps, 295ms UDP✅ 🛡️
14:18:46 [DEBUG] Starting new HTTPS connection (1): www.gstatic.com:443
14:18:46 [DEBUG] Starting new HTTPS connection (1): www.google.com:443
14:18:46 [DEBUG] Starting new HTTPS connection (1): cp.cloudflare.com:443
14:18:46 [DEBUG] Starting new HTTPS connection (1): www.gstatic.com:443
14:18:46 [DEBUG] https://www.google.com:443 "GET /generate_204 HTTP/1.1" 204 0
14:18:46 [DEBUG] Starting new HTTPS connection (1): cp.cloudflare.com:443
14:18:46 [DEBUG] Starting new HTTPS connection (1): www.gstatic.com:443
14:18:46 [DEBUG] Starting new HTTPS connection (1): www.gstatic.com:443
14:18:46 [DEBUG] Starting new HTTPS connection (1): www.google.com:443
14:18:46 [DEBUG] Starting new HTTPS connection (1): www.google.com:443
14:18:46 [DEBUG] https://cp.cloudflare.com:443 "GET / HTTP/1.1" 204 0
14:18:46 [DEBUG] Starting new HTTPS connection (1): www.gstatic.com:443
14:18:47 [DEBUG] Starting new HTTPS connection (1): www.google.com:443
14:18:47 [DEBUG] Starting new HTTPS connection (1): cp.cloudflare.com:443
14:18:47 [DEBUG] Starting new HTTPS connection (1): www.google.com:443
14:18:47 [DEBUG] https://www.gstatic.com:443 "GET /generate_204 HTTP/1.1" 204 0
14:18:47 [DEBUG] Starting new HTTPS connection (1): www.gstatic.com:443
14:18:47 [DEBUG] Starting new HTTPS connection (1): www.google.com:443
14:18:47 [DEBUG] Starting new HTTPS connection (1): dl.google.com:443
14:18:48 [DEBUG] Starting new HTTPS connection (1): cp.cloudflare.com:443
14:18:48 [DEBUG] Starting new HTTPS connection (1): www.gstatic.com:443
14:18:48 [DEBUG] https://dl.google.com:443 "GET /dl/android/studio/install/3.4.1.0/android-studio-ide-183.5522156-windows.exe HTTP/1.1" 200 1017327996
14:18:48 [INFO]    🎯 2.56.125.209 (Польша) - 21.1Mbps, 463ms UDP✅ 🛡️
14:18:48 [INFO]    🎯 38.244.137.198 (Финляндия) - 1.4Mbps, 571ms UDP✅ 🛡️
14:18:48 [DEBUG] Starting new HTTPS connection (1): www.google.com:443
14:18:48 [DEBUG] Starting new HTTPS connection (1): cp.cloudflare.com:443
14:18:48 [DEBUG] Starting new HTTPS connection (1): cp.cloudflare.com:443
14:18:48 [DEBUG] Starting new HTTPS connection (1): cp.cloudflare.com:443
14:18:48 [DEBUG] Starting new HTTPS connection (1): www.gstatic.com:443
14:18:49 [DEBUG] Starting new HTTPS connection (1): www.google.com:443
14:18:49 [DEBUG] Starting new HTTPS connection (1): www.google.com:443
14:18:49 [DEBUG] Starting new HTTPS connection (1): www.google.com:443
14:18:49 [DEBUG] https://www.google.com:443 "GET /generate_204 HTTP/1.1" 204 0
14:18:49 [DEBUG] Starting new HTTPS connection (1): cp.cloudflare.com:443
14:18:49 [DEBUG] https://www.google.com:443 "GET /generate_204 HTTP/1.1" 204 0
14:18:49 [DEBUG] Starting new HTTPS connection (1): cp.cloudflare.com:443
14:18:49 [DEBUG] https://cp.cloudflare.com:443 "GET / HTTP/1.1" 204 0
14:18:49 [DEBUG] Starting new HTTPS connection (1): www.gstatic.com:443
14:18:49 [DEBUG] https://cp.cloudflare.com:443 "GET / HTTP/1.1" 204 0
14:18:49 [DEBUG] Starting new HTTPS connection (1): www.gstatic.com:443
14:18:49 [DEBUG] https://www.gstatic.com:443 "GET /generate_204 HTTP/1.1" 204 0
14:18:49 [DEBUG] Starting new HTTPS connection (1): dl.google.com:443
14:18:49 [DEBUG] https://www.gstatic.com:443 "GET /generate_204 HTTP/1.1" 204 0
14:18:49 [DEBUG] Starting new HTTPS connection (1): dl.google.com:443
14:18:49 [DEBUG] https://dl.google.com:443 "GET /dl/android/studio/install/3.4.1.0/android-studio-ide-183.5522156-windows.exe HTTP/1.1" 200 1017327996
14:18:49 [DEBUG] https://dl.google.com:443 "GET /dl/android/studio/install/3.4.1.0/android-studio-ide-183.5522156-windows.exe HTTP/1.1" 200 1017327996
14:18:49 [INFO]    🎯 57.129.53.182 (Германия) - 44.8Mbps, 38ms UDP✅ 🛡️
14:18:49 [DEBUG] Starting new HTTPS connection (1): www.google.com:443
14:18:50 [DEBUG] Starting new HTTPS connection (1): www.google.com:443
14:18:50 [DEBUG] https://www.google.com:443 "GET /generate_204 HTTP/1.1" 204 0
14:18:50 [DEBUG] Starting new HTTPS connection (1): cp.cloudflare.com:443
14:18:50 [DEBUG] https://cp.cloudflare.com:443 "GET / HTTP/1.1" 204 0
14:18:50 [DEBUG] Starting new HTTPS connection (1): www.gstatic.com:443
14:18:50 [DEBUG] Starting new HTTPS connection (1): www.google.com:443
14:18:50 [INFO]    🎯 89.169.55.246 (Германия) - 29.4Mbps, 37ms UDP✅ 🛡️
14:18:50 [DEBUG] https://www.gstatic.com:443 "GET /generate_204 HTTP/1.1" 204 0
14:18:50 [DEBUG] Starting new HTTPS connection (1): dl.google.com:443
14:18:50 [DEBUG] https://www.google.com:443 "GET /generate_204 HTTP/1.1" 204 0
14:18:50 [DEBUG] Starting new HTTPS connection (1): cp.cloudflare.com:443
14:18:50 [DEBUG] https://cp.cloudflare.com:443 "GET / HTTP/1.1" 204 0
14:18:50 [DEBUG] Starting new HTTPS connection (1): www.gstatic.com:443
14:18:50 [DEBUG] https://www.gstatic.com:443 "GET /generate_204 HTTP/1.1" 204 0
14:18:50 [DEBUG] Starting new HTTPS connection (1): dl.google.com:443
14:18:50 [DEBUG] https://dl.google.com:443 "GET /dl/android/studio/install/3.4.1.0/android-studio-ide-183.5522156-windows.exe HTTP/1.1" 200 1017327996
14:18:50 [DEBUG] https://dl.google.com:443 "GET /dl/android/studio/install/3.4.1.0/android-studio-ide-183.5522156-windows.exe HTTP/1.1" 200 1017327996
14:18:50 [INFO]    🎯 144.31.94.99 (Швейцария) - 44.9Mbps, 73ms UDP✅ 🛡️
14:18:50 [INFO]    🎯 57.129.49.1 (Германия) - 23.4Mbps, 40ms UDP✅ 🛡️
14:18:50 [DEBUG] https://www.google.com:443 "GET /generate_204 HTTP/1.1" 204 0
14:18:50 [DEBUG] Starting new HTTPS connection (1): cp.cloudflare.com:443
14:18:50 [DEBUG] Starting new HTTPS connection (1): cp.cloudflare.com:443
14:18:50 [DEBUG] Starting new HTTPS connection (1): www.gstatic.com:443
14:18:50 [DEBUG] Starting new HTTPS connection (1): www.google.com:443
14:18:50 [DEBUG] Starting new HTTPS connection (1): cp.cloudflare.com:443
14:18:51 [DEBUG] Starting new HTTPS connection (1): www.google.com:443
14:18:51 [DEBUG] https://www.google.com:443 "GET /generate_204 HTTP/1.1" 204 0
14:18:51 [DEBUG] Starting new HTTPS connection (1): cp.cloudflare.com:443
14:18:51 [DEBUG] https://cp.cloudflare.com:443 "GET / HTTP/1.1" 204 0
14:18:51 [DEBUG] Starting new HTTPS connection (1): www.gstatic.com:443
14:18:51 [DEBUG] https://www.gstatic.com:443 "GET /generate_204 HTTP/1.1" 204 0
14:18:51 [DEBUG] Starting new HTTPS connection (1): dl.google.com:443
14:18:51 [DEBUG] Starting new HTTPS connection (1): www.gstatic.com:443
14:18:51 [DEBUG] https://dl.google.com:443 "GET /dl/android/studio/install/3.4.1.0/android-studio-ide-183.5522156-windows.exe HTTP/1.1" 200 1017327996
14:18:51 [INFO]    🎯 57.129.53.180 (Германия) - 91.8Mbps, 39ms UDP✅ 🛡️
14:18:51 [DEBUG] Starting new HTTPS connection (1): www.google.com:443
14:18:51 [DEBUG] https://www.google.com:443 "GET /generate_204 HTTP/1.1" 204 0
14:18:51 [DEBUG] Starting new HTTPS connection (1): cp.cloudflare.com:443
14:18:51 [DEBUG] Starting new HTTPS connection (1): www.google.com:443
14:18:51 [DEBUG] Starting new HTTPS connection (1): cp.cloudflare.com:443
14:18:51 [DEBUG] Starting new HTTPS connection (1): www.gstatic.com:443
14:18:51 [DEBUG] https://cp.cloudflare.com:443 "GET / HTTP/1.1" 204 0
14:18:51 [DEBUG] Starting new HTTPS connection (1): www.gstatic.com:443
14:18:51 [DEBUG] https://www.gstatic.com:443 "GET /generate_204 HTTP/1.1" 204 0
14:18:51 [DEBUG] Starting new HTTPS connection (1): www.gstatic.com:443
14:18:51 [DEBUG] Starting new HTTPS connection (1): dl.google.com:443
14:18:51 [DEBUG] https://dl.google.com:443 "GET /dl/android/studio/install/3.4.1.0/android-studio-ide-183.5522156-windows.exe HTTP/1.1" 404 1449
14:18:51 [INFO]    🎯 142.93.101.216 (Германия) - 0.0Mbps, 53ms UDP✅ 🛡️
14:18:52 [DEBUG] Starting new HTTPS connection (1): cp.cloudflare.com:443
14:18:52 [DEBUG] Starting new HTTPS connection (1): www.google.com:443
14:18:52 [DEBUG] Starting new HTTPS connection (1): cp.cloudflare.com:443
14:18:52 [DEBUG] Starting new HTTPS connection (1): www.gstatic.com:443
14:18:52 [DEBUG] Starting new HTTPS connection (1): www.google.com:443
14:18:52 [DEBUG] Starting new HTTPS connection (1): cp.cloudflare.com:443
14:18:52 [DEBUG] Starting new HTTPS connection (1): www.gstatic.com:443
14:18:52 [DEBUG] Starting new HTTPS connection (1): www.google.com:443
14:18:52 [DEBUG] Starting new HTTPS connection (1): cp.cloudflare.com:443
14:18:52 [DEBUG] Starting new HTTPS connection (1): www.google.com:443
14:18:52 [DEBUG] Starting new HTTPS connection (1): cp.cloudflare.com:443
14:18:52 [DEBUG] Starting new HTTPS connection (1): www.gstatic.com:443
14:18:52 [DEBUG] Starting new HTTPS connection (1): www.gstatic.com:443
14:18:52 [DEBUG] Starting new HTTPS connection (1): cp.cloudflare.com:443
14:18:53 [DEBUG] Starting new HTTPS connection (1): www.google.com:443
14:18:53 [DEBUG] Starting new HTTPS connection (1): cp.cloudflare.com:443
14:18:53 [DEBUG] Starting new HTTPS connection (1): www.gstatic.com:443
14:18:53 [INFO]    📊 Глобальные: 80/400 (20%) | ✅14 ❌66
14:18:53 [DEBUG] Starting new HTTPS connection (1): www.google.com:443
14:18:53 [DEBUG] Starting new HTTPS connection (1): cp.cloudflare.com:443
14:18:53 [DEBUG] Starting new HTTPS connection (1): www.gstatic.com:443
14:18:53 [DEBUG] Starting new HTTPS connection (1): www.google.com:443
14:18:53 [DEBUG] Starting new HTTPS connection (1): cp.cloudflare.com:443
14:18:53 [DEBUG] Starting new HTTPS connection (1): www.google.com:443
14:18:53 [DEBUG] Starting new HTTPS connection (1): www.google.com:443
14:18:53 [DEBUG] Starting new HTTPS connection (1): www.gstatic.com:443
14:18:54 [DEBUG] https://www.google.com:443 "GET /generate_204 HTTP/1.1" 204 0
14:18:54 [DEBUG] Starting new HTTPS connection (1): cp.cloudflare.com:443
14:18:54 [DEBUG] Starting new HTTPS connection (1): www.gstatic.com:443
14:18:54 [DEBUG] Starting new HTTPS connection (1): www.google.com:443
14:18:54 [DEBUG] Starting new HTTPS connection (1): www.gstatic.com:443
14:18:54 [DEBUG] Starting new HTTPS connection (1): www.google.com:443
14:18:54 [DEBUG] Starting new HTTPS connection (1): cp.cloudflare.com:443
14:18:54 [DEBUG] Starting new HTTPS connection (1): www.gstatic.com:443
14:18:54 [DEBUG] https://cp.cloudflare.com:443 "GET / HTTP/1.1" 204 0
14:18:54 [DEBUG] Starting new HTTPS connection (1): www.gstatic.com:443
14:18:54 [DEBUG] Starting new HTTPS connection (1): www.google.com:443
14:18:54 [DEBUG] Starting new HTTPS connection (1): cp.cloudflare.com:443
14:18:54 [DEBUG] Starting new HTTPS connection (1): www.gstatic.com:443
14:18:54 [DEBUG] Starting new HTTPS connection (1): www.gstatic.com:443
14:18:54 [DEBUG] https://www.gstatic.com:443 "GET /generate_204 HTTP/1.1" 204 0
14:18:55 [DEBUG] Starting new HTTPS connection (1): www.gstatic.com:443
14:18:55 [DEBUG] Starting new HTTPS connection (1): www.google.com:443
14:18:55 [DEBUG] https://www.google.com:443 "GET /generate_204 HTTP/1.1" 204 0
14:18:55 [DEBUG] Starting new HTTPS connection (1): cp.cloudflare.com:443
14:18:55 [DEBUG] https://cp.cloudflare.com:443 "GET / HTTP/1.1" 204 0
14:18:55 [DEBUG] Starting new HTTPS connection (1): www.gstatic.com:443
14:18:55 [DEBUG] https://www.gstatic.com:443 "GET /generate_204 HTTP/1.1" 204 0
14:18:55 [DEBUG] Starting new HTTPS connection (1): dl.google.com:443
14:18:55 [DEBUG] Starting new HTTPS connection (1): dl.google.com:443
14:18:55 [DEBUG] https://dl.google.com:443 "GET /dl/android/studio/install/3.4.1.0/android-studio-ide-183.5522156-windows.exe HTTP/1.1" 200 1017327996
14:18:55 [INFO]    🎯 57.129.53.181 (Германия) - 46.0Mbps, 53ms UDP✅ 🛡️
14:18:55 [DEBUG] https://dl.google.com:443 "GET /dl/android/studio/install/3.4.1.0/android-studio-ide-183.5522156-windows.exe HTTP/1.1" 200 1017327996
14:18:55 [DEBUG] Starting new HTTPS connection (1): www.google.com:443
14:18:55 [DEBUG] Starting new HTTPS connection (1): www.google.com:443
14:18:55 [DEBUG] Starting new HTTPS connection (1): cp.cloudflare.com:443
14:18:55 [DEBUG] Starting new HTTPS connection (1): www.gstatic.com:443
14:18:55 [DEBUG] https://www.gstatic.com:443 "GET /generate_204 HTTP/1.1" 204 0
14:18:56 [INFO]    🎯 193.23.219.163 (Германия) - 15.7Mbps, 328ms UDP✅ 🛡️
14:18:56 [DEBUG] Starting new HTTPS connection (1): www.google.com:443
14:18:56 [DEBUG] Starting new HTTPS connection (1): www.google.com:443
14:18:56 [DEBUG] https://www.google.com:443 "GET /generate_204 HTTP/1.1" 204 0
14:18:56 [DEBUG] Starting new HTTPS connection (1): cp.cloudflare.com:443
14:18:56 [DEBUG] Starting new HTTPS connection (1): www.google.com:443
14:18:56 [DEBUG] Starting new HTTPS connection (1): cp.cloudflare.com:443
14:18:57 [DEBUG] Starting new HTTPS connection (1): www.google.com:443
14:18:57 [DEBUG] Starting new HTTPS connection (1): www.google.com:443
14:18:57 [DEBUG] Starting new HTTPS connection (1): cp.cloudflare.com:443
14:18:57 [DEBUG] Starting new HTTPS connection (1): cp.cloudflare.com:443
14:18:57 [DEBUG] Starting new HTTPS connection (1): www.gstatic.com:443
14:18:58 [DEBUG] Starting new HTTPS connection (1): www.google.com:443
14:18:58 [DEBUG] https://cp.cloudflare.com:443 "GET / HTTP/1.1" 204 0
14:18:58 [DEBUG] Starting new HTTPS connection (1): www.gstatic.com:443
14:18:58 [DEBUG] Starting new HTTPS connection (1): cp.cloudflare.com:443
14:18:58 [DEBUG] Starting new HTTPS connection (1): cp.cloudflare.com:443
14:18:58 [DEBUG] Starting new HTTPS connection (1): dl.google.com:443
14:18:59 [DEBUG] Starting new HTTPS connection (1): www.google.com:443
14:18:59 [DEBUG] Starting new HTTPS connection (1): cp.cloudflare.com:443
14:18:59 [DEBUG] Starting new HTTPS connection (1): www.gstatic.com:443
14:18:59 [DEBUG] Starting new HTTPS connection (1): cp.cloudflare.com:443
14:18:59 [DEBUG] Starting new HTTPS connection (1): www.gstatic.com:443
14:18:59 [DEBUG] https://www.gstatic.com:443 "GET /generate_204 HTTP/1.1" 204 0
14:18:59 [DEBUG] Starting new HTTPS connection (1): www.gstatic.com:443
14:19:00 [DEBUG] Starting new HTTPS connection (1): cp.cloudflare.com:443
14:19:00 [DEBUG] Starting new HTTPS connection (1): www.google.com:443
14:19:00 [DEBUG] Starting new HTTPS connection (1): cp.cloudflare.com:443
14:19:00 [DEBUG] Starting new HTTPS connection (1): www.gstatic.com:443
14:19:00 [DEBUG] Starting new HTTPS connection (1): cp.cloudflare.com:443
14:19:00 [DEBUG] Starting new HTTPS connection (1): www.gstatic.com:443
14:19:00 [DEBUG] Starting new HTTPS connection (1): www.gstatic.com:443
14:19:01 [DEBUG] Starting new HTTPS connection (1): www.gstatic.com:443
14:19:01 [DEBUG] Starting new HTTPS connection (1): dl.google.com:443
14:19:01 [DEBUG] Starting new HTTPS connection (1): www.google.com:443
14:19:01 [DEBUG] https://www.google.com:443 "GET /generate_204 HTTP/1.1" 204 0
14:19:01 [DEBUG] Starting new HTTPS connection (1): cp.cloudflare.com:443
14:19:01 [DEBUG] https://cp.cloudflare.com:443 "GET / HTTP/1.1" 204 0
14:19:01 [DEBUG] Starting new HTTPS connection (1): www.gstatic.com:443
14:19:01 [DEBUG] https://www.gstatic.com:443 "GET /generate_204 HTTP/1.1" 204 0
14:19:01 [DEBUG] https://cp.cloudflare.com:443 "GET / HTTP/1.1" 204 0
14:19:01 [DEBUG] Starting new HTTPS connection (1): www.gstatic.com:443
14:19:01 [DEBUG] Starting new HTTPS connection (1): dl.google.com:443
14:19:01 [DEBUG] https://dl.google.com:443 "GET /dl/android/studio/install/3.4.1.0/android-studio-ide-183.5522156-windows.exe HTTP/1.1" 200 1017327996
14:19:01 [DEBUG] https://dl.google.com:443 "GET /dl/android/studio/install/3.4.1.0/android-studio-ide-183.5522156-windows.exe HTTP/1.1" 200 1017327996
14:19:02 [DEBUG] Starting new HTTPS connection (1): www.gstatic.com:443
14:19:02 [DEBUG] https://www.gstatic.com:443 "GET /generate_204 HTTP/1.1" 204 0
14:19:02 [DEBUG] Starting new HTTPS connection (1): dl.google.com:443
14:19:02 [DEBUG] Starting new HTTPS connection (1): www.google.com:443
14:19:02 [DEBUG] Starting new HTTPS connection (1): www.google.com:443
14:19:02 [DEBUG] https://dl.google.com:443 "GET /dl/android/studio/install/3.4.1.0/android-studio-ide-183.5522156-windows.exe HTTP/1.1" 200 1017327996
14:19:02 [DEBUG] Starting new HTTPS connection (1): cp.cloudflare.com:443
14:19:02 [DEBUG] Starting new HTTPS connection (1): www.gstatic.com:443
14:19:03 [DEBUG] Starting new HTTPS connection (1): www.google.com:443
14:19:03 [INFO]    🎯 193.23.219.163 (Германия) - 8.6Mbps, 850ms UDP✅ 🛡️
14:19:03 [DEBUG] https://www.google.com:443 "GET /generate_204 HTTP/1.1" 204 0
14:19:03 [DEBUG] Starting new HTTPS connection (1): cp.cloudflare.com:443
14:19:03 [DEBUG] Starting new HTTPS connection (1): www.google.com:443
14:19:03 [DEBUG] Starting new HTTPS connection (1): www.google.com:443
14:19:04 [DEBUG] https://cp.cloudflare.com:443 "GET / HTTP/1.1" 204 0
14:19:04 [DEBUG] Starting new HTTPS connection (1): www.gstatic.com:443
14:19:04 [DEBUG] https://www.gstatic.com:443 "GET /generate_204 HTTP/1.1" 204 0
14:19:04 [DEBUG] Starting new HTTPS connection (1): dl.google.com:443
14:19:04 [DEBUG] Starting new HTTPS connection (1): www.google.com:443
14:19:04 [DEBUG] Starting new HTTPS connection (1): cp.cloudflare.com:443
14:19:04 [DEBUG] Starting new HTTPS connection (1): www.gstatic.com:443
14:19:04 [DEBUG] https://dl.google.com:443 "GET /dl/android/studio/install/3.4.1.0/android-studio-ide-183.5522156-windows.exe HTTP/1.1" 200 1017327996
14:19:04 [INFO]    🎯 51.158.206.98 (Нидерланды) - 49.8Mbps, 100ms UDP✅ 🛡️
14:19:04 [DEBUG] Starting new HTTPS connection (1): www.google.com:443
14:19:04 [DEBUG] Starting new HTTPS connection (1): cp.cloudflare.com:443
14:19:04 [DEBUG] Starting new HTTPS connection (1): www.gstatic.com:443
14:19:05 [DEBUG] Starting new HTTPS connection (1): www.google.com:443
14:19:05 [DEBUG] Starting new HTTPS connection (1): www.google.com:443
14:19:05 [DEBUG] Starting new HTTPS connection (1): cp.cloudflare.com:443
14:19:05 [DEBUG] Starting new HTTPS connection (1): cp.cloudflare.com:443
14:19:05 [DEBUG] Starting new HTTPS connection (1): www.gstatic.com:443
14:19:05 [DEBUG] Starting new HTTPS connection (1): www.gstatic.com:443
14:19:05 [DEBUG] Starting new HTTPS connection (1): www.google.com:443
14:19:05 [DEBUG] Starting new HTTPS connection (1): www.google.com:443
14:19:06 [DEBUG] Starting new HTTPS connection (1): cp.cloudflare.com:443
14:19:06 [DEBUG] Starting new HTTPS connection (1): www.google.com:443
14:19:06 [INFO]    🎯 64.188.104.168 (Германия) - 0.0Mbps, 1919ms UDP✅ 🛡️
14:19:06 [DEBUG] https://www.google.com:443 "GET /generate_204 HTTP/1.1" 204 0
14:19:06 [DEBUG] Starting new HTTPS connection (1): cp.cloudflare.com:443
14:19:06 [DEBUG] Starting new HTTPS connection (1): www.google.com:443
14:19:06 [DEBUG] https://cp.cloudflare.com:443 "GET / HTTP/1.1" 204 0
14:19:06 [DEBUG] Starting new HTTPS connection (1): www.gstatic.com:443
14:19:06 [DEBUG] https://www.google.com:443 "GET /generate_204 HTTP/1.1" 204 0
14:19:06 [DEBUG] Starting new HTTPS connection (1): cp.cloudflare.com:443
14:19:06 [DEBUG] https://www.gstatic.com:443 "GET /generate_204 HTTP/1.1" 204 0
14:19:06 [DEBUG] https://cp.cloudflare.com:443 "GET / HTTP/1.1" 204 0
14:19:06 [DEBUG] Starting new HTTPS connection (1): www.gstatic.com:443
14:19:06 [DEBUG] Starting new HTTPS connection (1): dl.google.com:443
14:19:06 [DEBUG] https://www.gstatic.com:443 "GET /generate_204 HTTP/1.1" 204 0
14:19:06 [DEBUG] Starting new HTTPS connection (1): dl.google.com:443
14:19:06 [DEBUG] https://dl.google.com:443 "GET /dl/android/studio/install/3.4.1.0/android-studio-ide-183.5522156-windows.exe HTTP/1.1" 200 1017327996
14:19:06 [DEBUG] Starting new HTTPS connection (1): cp.cloudflare.com:443
14:19:06 [DEBUG] https://dl.google.com:443 "GET /dl/android/studio/install/3.4.1.0/android-studio-ide-183.5522156-windows.exe HTTP/1.1" 200 1017327996
14:19:06 [INFO]    🎯 51.158.206.19 (Нидерланды) - 39.9Mbps, 76ms UDP✅ 🛡️
14:19:06 [INFO]    🎯 51.158.206.87 (Нидерланды) - 54.2Mbps, 72ms UDP✅ 🛡️
14:19:06 [INFO]    🎯 91.99.106.117 (Германия) - 0.0Mbps, 97ms UDP✅ 🛡️
14:19:07 [DEBUG] Starting new HTTPS connection (1): www.google.com:443
14:19:07 [DEBUG] Starting new HTTPS connection (1): cp.cloudflare.com:443
14:19:07 [DEBUG] https://www.google.com:443 "GET /generate_204 HTTP/1.1" 204 0
14:19:07 [DEBUG] Starting new HTTPS connection (1): cp.cloudflare.com:443
14:19:07 [DEBUG] https://cp.cloudflare.com:443 "GET / HTTP/1.1" 204 0
14:19:07 [DEBUG] Starting new HTTPS connection (1): www.gstatic.com:443
14:19:07 [DEBUG] https://www.gstatic.com:443 "GET /generate_204 HTTP/1.1" 204 0
14:19:07 [DEBUG] https://www.google.com:443 "GET /generate_204 HTTP/1.1" 204 0
14:19:07 [DEBUG] Starting new HTTPS connection (1): cp.cloudflare.com:443
14:19:07 [DEBUG] Starting new HTTPS connection (1): dl.google.com:443
14:19:07 [DEBUG] https://cp.cloudflare.com:443 "GET / HTTP/1.1" 204 0
14:19:07 [DEBUG] Starting new HTTPS connection (1): www.gstatic.com:443
14:19:07 [DEBUG] https://dl.google.com:443 "GET /dl/android/studio/install/3.4.1.0/android-studio-ide-183.5522156-windows.exe HTTP/1.1" 200 1017327996
14:19:07 [DEBUG] https://www.gstatic.com:443 "GET /generate_204 HTTP/1.1" 204 0
14:19:07 [INFO]    🎯 51.158.206.8 (Нидерланды) - 61.5Mbps, 78ms UDP✅ 🛡️
14:19:07 [DEBUG] Starting new HTTPS connection (1): dl.google.com:443
14:19:07 [DEBUG] Starting new HTTPS connection (1): www.google.com:443
14:19:07 [DEBUG] Starting new HTTPS connection (1): www.google.com:443
14:19:07 [DEBUG] Starting new HTTPS connection (1): cp.cloudflare.com:443
14:19:07 [DEBUG] Starting new HTTPS connection (1): www.google.com:443
14:19:07 [DEBUG] Starting new HTTPS connection (1): cp.cloudflare.com:443
14:19:08 [DEBUG] Starting new HTTPS connection (1): www.gstatic.com:443
14:19:08 [DEBUG] Starting new HTTPS connection (1): www.gstatic.com:443
14:19:08 [DEBUG] Starting new HTTPS connection (1): cp.cloudflare.com:443
14:19:08 [DEBUG] Starting new HTTPS connection (1): cp.cloudflare.com:443
14:19:08 [DEBUG] Starting new HTTPS connection (1): www.gstatic.com:443
14:19:08 [DEBUG] https://dl.google.com:443 "GET /dl/android/studio/install/3.4.1.0/android-studio-ide-183.5522156-windows.exe HTTP/1.1" 200 1017327996
14:19:08 [DEBUG] Starting new HTTPS connection (1): www.gstatic.com:443
14:19:08 [INFO]    🎯 212.80.7.206 (Германия) - 31.2Mbps, 1287ms UDP✅ 🛡️
14:19:08 [DEBUG] Starting new HTTPS connection (1): www.google.com:443
14:19:09 [DEBUG] Starting new HTTPS connection (1): www.google.com:443
14:19:09 [DEBUG] Starting new HTTPS connection (1): www.google.com:443
14:19:09 [DEBUG] Starting new HTTPS connection (1): www.google.com:443
14:19:09 [DEBUG] Starting new HTTPS connection (1): www.google.com:443
14:19:09 [DEBUG] https://www.google.com:443 "GET /generate_204 HTTP/1.1" 204 0
14:19:09 [DEBUG] Starting new HTTPS connection (1): cp.cloudflare.com:443
14:19:09 [DEBUG] Starting new HTTPS connection (1): www.gstatic.com:443
14:19:09 [DEBUG] Starting new HTTPS connection (1): www.gstatic.com:443
14:19:10 [DEBUG] https://www.google.com:443 "GET /generate_204 HTTP/1.1" 204 0
14:19:10 [DEBUG] Starting new HTTPS connection (1): cp.cloudflare.com:443
14:19:10 [DEBUG] https://cp.cloudflare.com:443 "GET / HTTP/1.1" 204 0
14:19:10 [DEBUG] Starting new HTTPS connection (1): www.gstatic.com:443
14:19:10 [DEBUG] Starting new HTTPS connection (1): www.gstatic.com:443
14:19:10 [DEBUG] https://www.gstatic.com:443 "GET /generate_204 HTTP/1.1" 204 0
14:19:10 [DEBUG] Starting new HTTPS connection (1): dl.google.com:443
14:19:10 [INFO]    🎯 46.246.98.74 (Швеция) - 1.1Mbps, 1292ms UDP❌ 🛡️
14:19:10 [DEBUG] https://dl.google.com:443 "GET /dl/android/studio/install/3.4.1.0/android-studio-ide-183.5522156-windows.exe HTTP/1.1" 200 1017327996
14:19:10 [INFO]    🎯 51.158.206.80 (Нидерланды) - 59.3Mbps, 391ms UDP✅ 🛡️
14:19:10 [DEBUG] https://cp.cloudflare.com:443 "GET / HTTP/1.1" 204 0
14:19:10 [DEBUG] Starting new HTTPS connection (1): www.gstatic.com:443
14:19:10 [DEBUG] https://www.gstatic.com:443 "GET /generate_204 HTTP/1.1" 204 0
14:19:10 [DEBUG] Starting new HTTPS connection (1): dl.google.com:443
14:19:10 [DEBUG] https://dl.google.com:443 "GET /dl/android/studio/install/3.4.1.0/android-studio-ide-183.5522156-windows.exe HTTP/1.1" 200 1017327996
14:19:11 [INFO]    🎯 51.158.206.93 (Нидерланды) - 47.8Mbps, 637ms UDP✅ 🛡️
14:19:11 [DEBUG] Starting new HTTPS connection (1): www.google.com:443
14:19:11 [DEBUG] Starting new HTTPS connection (1): www.google.com:443
14:19:11 [DEBUG] Starting new HTTPS connection (1): cp.cloudflare.com:443
14:19:11 [DEBUG] Starting new HTTPS connection (1): www.gstatic.com:443
14:19:11 [INFO]    📊 Глобальные: 120/400 (30%) | ✅27 ❌93
14:19:11 [DEBUG] Starting new HTTPS connection (1): www.google.com:443
14:19:11 [DEBUG] https://www.google.com:443 "GET /generate_204 HTTP/1.1" 204 0
14:19:11 [DEBUG] Starting new HTTPS connection (1): cp.cloudflare.com:443
14:19:11 [DEBUG] Starting new HTTPS connection (1): cp.cloudflare.com:443
14:19:11 [DEBUG] Starting new HTTPS connection (1): www.gstatic.com:443
14:19:12 [DEBUG] Starting new HTTPS connection (1): www.google.com:443
14:19:12 [DEBUG] Starting new HTTPS connection (1): www.google.com:443
14:19:12 [DEBUG] Starting new HTTPS connection (1): www.google.com:443
14:19:12 [DEBUG] Starting new HTTPS connection (1): www.google.com:443
14:19:12 [DEBUG] Starting new HTTPS connection (1): cp.cloudflare.com:443
14:19:12 [DEBUG] https://www.google.com:443 "GET /generate_204 HTTP/1.1" 204 0
14:19:12 [DEBUG] Starting new HTTPS connection (1): cp.cloudflare.com:443
14:19:12 [DEBUG] https://www.google.com:443 "GET /generate_204 HTTP/1.1" 204 0
14:19:12 [DEBUG] Starting new HTTPS connection (1): cp.cloudflare.com:443
14:19:12 [DEBUG] https://www.google.com:443 "GET /generate_204 HTTP/1.1" 204 0
14:19:12 [DEBUG] Starting new HTTPS connection (1): cp.cloudflare.com:443
14:19:12 [DEBUG] Starting new HTTPS connection (1): www.gstatic.com:443
14:19:12 [DEBUG] https://cp.cloudflare.com:443 "GET / HTTP/1.1" 204 0
14:19:12 [DEBUG] Starting new HTTPS connection (1): www.gstatic.com:443
14:19:12 [DEBUG] https://cp.cloudflare.com:443 "GET / HTTP/1.1" 204 0
14:19:12 [DEBUG] Starting new HTTPS connection (1): www.gstatic.com:443
14:19:12 [DEBUG] https://cp.cloudflare.com:443 "GET / HTTP/1.1" 204 0
14:19:12 [DEBUG] Starting new HTTPS connection (1): www.gstatic.com:443
14:19:12 [DEBUG] https://www.gstatic.com:443 "GET /generate_204 HTTP/1.1" 204 0
14:19:12 [DEBUG] https://www.gstatic.com:443 "GET /generate_204 HTTP/1.1" 204 0
14:19:12 [DEBUG] Starting new HTTPS connection (1): dl.google.com:443
14:19:12 [DEBUG] https://www.gstatic.com:443 "GET /generate_204 HTTP/1.1" 204 0
14:19:12 [DEBUG] Starting new HTTPS connection (1): dl.google.com:443
14:19:12 [DEBUG] Starting new HTTPS connection (1): dl.google.com:443
14:19:12 [DEBUG] Starting new HTTPS connection (1): www.google.com:443
14:19:12 [DEBUG] https://dl.google.com:443 "GET /dl/android/studio/install/3.4.1.0/android-studio-ide-183.5522156-windows.exe HTTP/1.1" 200 1017327996
14:19:12 [DEBUG] Starting new HTTPS connection (1): cp.cloudflare.com:443
14:19:12 [DEBUG] Starting new HTTPS connection (1): www.gstatic.com:443
14:19:12 [DEBUG] https://dl.google.com:443 "GET /dl/android/studio/install/3.4.1.0/android-studio-ide-183.5522156-windows.exe HTTP/1.1" 200 1017327996
14:19:12 [DEBUG] https://dl.google.com:443 "GET /dl/android/studio/install/3.4.1.0/android-studio-ide-183.5522156-windows.exe HTTP/1.1" 200 1017327996
14:19:13 [DEBUG] Starting new HTTPS connection (1): cp.cloudflare.com:443
14:19:13 [INFO]    🎯 51.158.206.25 (Нидерланды) - 30.2Mbps, 67ms UDP✅ 🛡️
14:19:13 [DEBUG] Starting new HTTPS connection (1): cp.cloudflare.com:443
14:19:13 [INFO]    🎯 51.158.206.12 (Нидерланды) - 25.6Mbps, 75ms UDP✅ 🛡️
14:19:13 [INFO]    🎯 208.69.78.5 (Швейцария) - 26.3Mbps, 203ms UDP✅ 🛡️
14:19:13 [DEBUG] Starting new HTTPS connection (1): www.google.com:443
14:19:13 [DEBUG] Starting new HTTPS connection (1): cp.cloudflare.com:443
14:19:13 [DEBUG] Starting new HTTPS connection (1): www.gstatic.com:443
14:19:13 [DEBUG] Starting new HTTPS connection (1): www.google.com:443
14:19:13 [DEBUG] Starting new HTTPS connection (1): cp.cloudflare.com:443
14:19:13 [DEBUG] Starting new HTTPS connection (1): www.gstatic.com:443
14:19:13 [DEBUG] Starting new HTTPS connection (1): www.google.com:443
14:19:14 [DEBUG] Starting new HTTPS connection (1): www.google.com:443
14:19:14 [DEBUG] Starting new HTTPS connection (1): cp.cloudflare.com:443
14:19:14 [DEBUG] Starting new HTTPS connection (1): www.google.com:443
14:19:14 [DEBUG] Starting new HTTPS connection (1): www.google.com:443
14:19:14 [DEBUG] Starting new HTTPS connection (1): www.gstatic.com:443
14:19:14 [DEBUG] Starting new HTTPS connection (1): www.gstatic.com:443
14:19:14 [DEBUG] Starting new HTTPS connection (1): www.google.com:443
14:19:14 [DEBUG] https://www.google.com:443 "GET /generate_204 HTTP/1.1" 204 0
14:19:14 [DEBUG] Starting new HTTPS connection (1): cp.cloudflare.com:443
14:19:14 [DEBUG] https://cp.cloudflare.com:443 "GET / HTTP/1.1" 204 0
14:19:14 [DEBUG] Starting new HTTPS connection (1): www.gstatic.com:443
14:19:14 [DEBUG] https://cp.cloudflare.com:443 "GET / HTTP/1.1" 204 0
14:19:14 [DEBUG] Starting new HTTPS connection (1): www.gstatic.com:443
14:19:14 [DEBUG] https://www.gstatic.com:443 "GET /generate_204 HTTP/1.1" 204 0
14:19:14 [DEBUG] Starting new HTTPS connection (1): dl.google.com:443
14:19:14 [DEBUG] Starting new HTTPS connection (1): www.google.com:443
14:19:14 [DEBUG] Starting new HTTPS connection (1): cp.cloudflare.com:443
14:19:14 [DEBUG] https://dl.google.com:443 "GET /dl/android/studio/install/3.4.1.0/android-studio-ide-183.5522156-windows.exe HTTP/1.1" 200 1017327996
14:19:15 [INFO]    🎯 94.228.215.11 (Нидерланды) - 49.0Mbps, 1147ms UDP✅ 🛡️
14:19:15 [DEBUG] Starting new HTTPS connection (1): www.google.com:443
14:19:15 [DEBUG] Starting new HTTPS connection (1): www.gstatic.com:443
14:19:15 [DEBUG] https://www.google.com:443 "GET /generate_204 HTTP/1.1" 204 0
14:19:15 [DEBUG] Starting new HTTPS connection (1): cp.cloudflare.com:443
14:19:15 [DEBUG] https://cp.cloudflare.com:443 "GET / HTTP/1.1" 204 0
14:19:15 [DEBUG] Starting new HTTPS connection (1): www.gstatic.com:443
14:19:15 [DEBUG] Starting new HTTPS connection (1): www.gstatic.com:443
14:19:15 [DEBUG] https://www.gstatic.com:443 "GET /generate_204 HTTP/1.1" 204 0
14:19:15 [DEBUG] Starting new HTTPS connection (1): dl.google.com:443
14:19:16 [DEBUG] Starting new HTTPS connection (1): www.google.com:443
14:19:16 [DEBUG] https://dl.google.com:443 "GET /dl/android/studio/install/3.4.1.0/android-studio-ide-183.5522156-windows.exe HTTP/1.1" 200 1017327996
14:19:16 [INFO]    🎯 144.31.198.228 (Германия) - 26.3Mbps, 165ms UDP✅ 🛡️
14:19:16 [DEBUG] Starting new HTTPS connection (1): cp.cloudflare.com:443
14:19:16 [DEBUG] Starting new HTTPS connection (1): www.google.com:443
14:19:16 [DEBUG] Starting new HTTPS connection (1): cp.cloudflare.com:443
14:19:16 [DEBUG] Starting new HTTPS connection (1): www.google.com:443
14:19:16 [DEBUG] Starting new HTTPS connection (1): www.gstatic.com:443
14:19:16 [DEBUG] Starting new HTTPS connection (1): cp.cloudflare.com:443
14:19:16 [DEBUG] Starting new HTTPS connection (1): www.gstatic.com:443
14:19:17 [DEBUG] Starting new HTTPS connection (1): cp.cloudflare.com:443
14:19:17 [DEBUG] Starting new HTTPS connection (1): cp.cloudflare.com:443
14:19:17 [DEBUG] Starting new HTTPS connection (1): www.google.com:443
14:19:17 [DEBUG] https://www.google.com:443 "GET /generate_204 HTTP/1.1" 204 0
14:19:17 [DEBUG] Starting new HTTPS connection (1): cp.cloudflare.com:443
14:19:17 [DEBUG] Starting new HTTPS connection (1): www.google.com:443
14:19:18 [DEBUG] Starting new HTTPS connection (1): www.google.com:443
14:19:18 [DEBUG] https://www.google.com:443 "GET /generate_204 HTTP/1.1" 204 0
14:19:18 [DEBUG] Starting new HTTPS connection (1): cp.cloudflare.com:443
14:19:18 [DEBUG] https://cp.cloudflare.com:443 "GET / HTTP/1.1" 204 0
14:19:18 [DEBUG] Starting new HTTPS connection (1): www.gstatic.com:443
14:19:18 [DEBUG] https://www.gstatic.com:443 "GET /generate_204 HTTP/1.1" 204 0
14:19:18 [DEBUG] Starting new HTTPS connection (1): dl.google.com:443
14:19:18 [DEBUG] https://dl.google.com:443 "GET /dl/android/studio/install/3.4.1.0/android-studio-ide-183.5522156-windows.exe HTTP/1.1" 200 1017327996
14:19:18 [INFO]    🎯 51.158.206.103 (Нидерланды) - 45.1Mbps, 76ms UDP✅ 🛡️
14:19:19 [DEBUG] https://www.google.com:443 "GET /generate_204 HTTP/1.1" 204 0
14:19:19 [DEBUG] Starting new HTTPS connection (1): cp.cloudflare.com:443
14:19:19 [DEBUG] Starting new HTTPS connection (1): www.google.com:443
14:19:19 [DEBUG] Starting new HTTPS connection (1): www.gstatic.com:443
14:19:19 [DEBUG] Starting new HTTPS connection (1): cp.cloudflare.com:443
14:19:19 [DEBUG] Starting new HTTPS connection (1): www.google.com:443
14:19:20 [DEBUG] Starting new HTTPS connection (1): cp.cloudflare.com:443
14:19:20 [DEBUG] Starting new HTTPS connection (1): www.gstatic.com:443
14:19:20 [DEBUG] Starting new HTTPS connection (1): www.gstatic.com:443
14:19:20 [DEBUG] Starting new HTTPS connection (1): www.google.com:443
14:19:20 [DEBUG] Starting new HTTPS connection (1): www.gstatic.com:443
14:19:20 [DEBUG] Starting new HTTPS connection (1): cp.cloudflare.com:443
14:19:20 [DEBUG] Starting new HTTPS connection (1): www.gstatic.com:443
14:19:21 [DEBUG] Starting new HTTPS connection (1): www.gstatic.com:443
14:19:21 [DEBUG] Starting new HTTPS connection (1): cp.cloudflare.com:443
14:19:21 [DEBUG] Starting new HTTPS connection (1): www.google.com:443
14:19:21 [DEBUG] Starting new HTTPS connection (1): www.gstatic.com:443
14:19:22 [DEBUG] https://www.google.com:443 "GET /generate_204 HTTP/1.1" 204 0
14:19:22 [DEBUG] Starting new HTTPS connection (1): cp.cloudflare.com:443
14:19:22 [DEBUG] Starting new HTTPS connection (1): cp.cloudflare.com:443
14:19:22 [DEBUG] Starting new HTTPS connection (1): www.gstatic.com:443
14:19:22 [DEBUG] Starting new HTTPS connection (1): www.google.com:443
14:19:22 [DEBUG] https://cp.cloudflare.com:443 "GET / HTTP/1.1" 204 0
14:19:22 [DEBUG] Starting new HTTPS connection (1): www.gstatic.com:443
14:19:22 [DEBUG] https://www.google.com:443 "GET /generate_204 HTTP/1.1" 204 0
14:19:22 [DEBUG] Starting new HTTPS connection (1): cp.cloudflare.com:443
14:19:22 [DEBUG] https://www.gstatic.com:443 "GET /generate_204 HTTP/1.1" 204 0
14:19:22 [DEBUG] Starting new HTTPS connection (1): dl.google.com:443
14:19:23 [DEBUG] https://dl.google.com:443 "GET /dl/android/studio/install/3.4.1.0/android-studio-ide-183.5522156-windows.exe HTTP/1.1" 200 1017327996
14:19:23 [INFO]    🎯 138.124.79.4 (Нидерланды) - 30.9Mbps, 271ms UDP✅ 🛡️
14:19:23 [DEBUG] Starting new HTTPS connection (1): www.gstatic.com:443
14:19:23 [DEBUG] Starting new HTTPS connection (1): www.google.com:443
14:19:23 [DEBUG] https://www.google.com:443 "GET /generate_204 HTTP/1.1" 204 0
14:19:23 [DEBUG] Starting new HTTPS connection (1): cp.cloudflare.com:443
14:19:24 [DEBUG] https://cp.cloudflare.com:443 "GET / HTTP/1.1" 204 0
14:19:24 [DEBUG] Starting new HTTPS connection (1): www.gstatic.com:443
14:19:24 [DEBUG] Starting new HTTPS connection (1): www.gstatic.com:443
14:19:24 [DEBUG] https://www.gstatic.com:443 "GET /generate_204 HTTP/1.1" 204 0
14:19:24 [DEBUG] Starting new HTTPS connection (1): www.google.com:443
14:19:24 [DEBUG] https://www.gstatic.com:443 "GET /generate_204 HTTP/1.1" 204 0
14:19:24 [DEBUG] Starting new HTTPS connection (1): cp.cloudflare.com:443
14:19:24 [DEBUG] Starting new HTTPS connection (1): dl.google.com:443
14:19:24 [DEBUG] Starting new HTTPS connection (1): www.gstatic.com:443
14:19:24 [DEBUG] Starting new HTTPS connection (1): dl.google.com:443
14:19:24 [DEBUG] Starting new HTTPS connection (1): www.google.com:443
14:19:24 [DEBUG] https://www.google.com:443 "GET /generate_204 HTTP/1.1" 204 0
14:19:24 [DEBUG] Starting new HTTPS connection (1): cp.cloudflare.com:443
14:19:24 [DEBUG] https://dl.google.com:443 "GET /dl/android/studio/install/3.4.1.0/android-studio-ide-183.5522156-windows.exe HTTP/1.1" 200 1017327996
14:19:24 [DEBUG] Starting new HTTPS connection (1): www.google.com:443
14:19:24 [DEBUG] Starting new HTTPS connection (1): www.google.com:443
14:19:24 [DEBUG] https://cp.cloudflare.com:443 "GET / HTTP/1.1" 204 0
14:19:24 [DEBUG] Starting new HTTPS connection (1): www.gstatic.com:443
14:19:24 [DEBUG] https://dl.google.com:443 "GET /dl/android/studio/install/3.4.1.0/android-studio-ide-183.5522156-windows.exe HTTP/1.1" 200 1017327996
14:19:24 [DEBUG] Starting new HTTPS connection (1): cp.cloudflare.com:443
14:19:24 [DEBUG] Starting new HTTPS connection (1): www.gstatic.com:443
14:19:24 [DEBUG] https://www.gstatic.com:443 "GET /generate_204 HTTP/1.1" 204 0
14:19:24 [INFO]    🎯 94.103.1.230 (Нидерланды) - 28.6Mbps, 279ms UDP✅ 🛡️
14:19:25 [DEBUG] Starting new HTTPS connection (1): www.google.com:443
14:19:25 [DEBUG] Starting new HTTPS connection (1): dl.google.com:443
14:19:25 [DEBUG] https://www.google.com:443 "GET /generate_204 HTTP/1.1" 204 0
14:19:25 [DEBUG] Starting new HTTPS connection (1): cp.cloudflare.com:443
14:19:25 [DEBUG] https://dl.google.com:443 "GET /dl/android/studio/install/3.4.1.0/android-studio-ide-183.5522156-windows.exe HTTP/1.1" 200 1017327996
14:19:25 [DEBUG] https://cp.cloudflare.com:443 "GET / HTTP/1.1" 204 0
14:19:25 [DEBUG] Starting new HTTPS connection (1): www.gstatic.com:443
14:19:25 [INFO]    🎯 152.53.51.199 (Австрия) - 37.3Mbps, 128ms UDP✅ 🛡️
14:19:25 [DEBUG] https://www.gstatic.com:443 "GET /generate_204 HTTP/1.1" 204 0
14:19:25 [DEBUG] Starting new HTTPS connection (1): www.google.com:443
14:19:25 [DEBUG] Starting new HTTPS connection (1): dl.google.com:443
14:19:25 [DEBUG] https://www.google.com:443 "GET /generate_204 HTTP/1.1" 204 0
14:19:25 [DEBUG] Starting new HTTPS connection (1): cp.cloudflare.com:443
14:19:25 [DEBUG] https://cp.cloudflare.com:443 "GET / HTTP/1.1" 204 0
14:19:25 [DEBUG] Starting new HTTPS connection (1): www.gstatic.com:443
14:19:25 [DEBUG] https://dl.google.com:443 "GET /dl/android/studio/install/3.4.1.0/android-studio-ide-183.5522156-windows.exe HTTP/1.1" 200 1017327996
14:19:25 [DEBUG] https://www.gstatic.com:443 "GET /generate_204 HTTP/1.1" 204 0
14:19:25 [INFO]    🎯 151.236.15.72 (Германия) - 45.0Mbps, 132ms UDP✅ 🛡️
14:19:25 [DEBUG] Starting new HTTPS connection (1): dl.google.com:443
14:19:25 [DEBUG] https://dl.google.com:443 "GET /dl/android/studio/install/3.4.1.0/android-studio-ide-183.5522156-windows.exe HTTP/1.1" 200 1017327996
14:19:25 [DEBUG] Starting new HTTPS connection (1): www.google.com:443
14:19:26 [DEBUG] Starting new HTTPS connection (1): www.google.com:443
14:19:26 [INFO]    🎯 5.253.59.44 (Нидерланды) - 50.0Mbps, 100ms UDP✅ 🛡️
14:19:26 [DEBUG] Starting new HTTPS connection (1): cp.cloudflare.com:443
14:19:26 [DEBUG] Starting new HTTPS connection (1): www.gstatic.com:443
14:19:26 [DEBUG] Starting new HTTPS connection (1): www.google.com:443
14:19:26 [DEBUG] Starting new HTTPS connection (1): www.gstatic.com:443
14:19:26 [DEBUG] Starting new HTTPS connection (1): cp.cloudflare.com:443
14:19:26 [DEBUG] https://www.gstatic.com:443 "GET /generate_204 HTTP/1.1" 204 0
14:19:26 [DEBUG] Starting new HTTPS connection (1): www.google.com:443
14:19:26 [DEBUG] Starting new HTTPS connection (1): www.google.com:443
14:19:26 [DEBUG] Starting new HTTPS connection (1): cp.cloudflare.com:443
14:19:26 [DEBUG] Starting new HTTPS connection (1): www.gstatic.com:443
14:19:26 [DEBUG] Starting new HTTPS connection (1): www.gstatic.com:443
14:19:26 [INFO]    📊 Глобальные: 160/400 (40%) | ✅38 ❌122
14:19:27 [DEBUG] Starting new HTTPS connection (1): www.google.com:443
14:19:27 [DEBUG] https://www.google.com:443 "GET /generate_204 HTTP/1.1" 204 0
14:19:27 [DEBUG] Starting new HTTPS connection (1): cp.cloudflare.com:443
14:19:27 [DEBUG] Starting new HTTPS connection (1): www.google.com:443
14:19:27 [DEBUG] Starting new HTTPS connection (1): www.google.com:443
14:19:27 [DEBUG] https://cp.cloudflare.com:443 "GET / HTTP/1.1" 204 0
14:19:27 [DEBUG] Starting new HTTPS connection (1): www.gstatic.com:443
14:19:27 [DEBUG] Starting new HTTPS connection (1): cp.cloudflare.com:443
14:19:27 [DEBUG] https://www.gstatic.com:443 "GET /generate_204 HTTP/1.1" 204 0
14:19:27 [DEBUG] Starting new HTTPS connection (1): dl.google.com:443
14:19:27 [DEBUG] https://dl.google.com:443 "GET /dl/android/studio/install/3.4.1.0/android-studio-ide-183.5522156-windows.exe HTTP/1.1" 200 1017327996
14:19:27 [DEBUG] Starting new HTTPS connection (1): www.google.com:443
14:19:27 [INFO]    🎯 152.53.182.235 (Австрия) - 3.6Mbps, 2114ms UDP✅ 🛡️
14:19:28 [DEBUG] Starting new HTTPS connection (1): cp.cloudflare.com:443
14:19:28 [INFO]    🎯 217.154.254.198 (Германия) - 39.4Mbps, 202ms UDP✅ 🛡️
14:19:28 [DEBUG] Starting new HTTPS connection (1): www.gstatic.com:443
14:19:28 [DEBUG] Starting new HTTPS connection (1): www.google.com:443
14:19:28 [DEBUG] https://www.google.com:443 "GET /generate_204 HTTP/1.1" 204 0
14:19:28 [DEBUG] Starting new HTTPS connection (1): cp.cloudflare.com:443
14:19:28 [DEBUG] https://cp.cloudflare.com:443 "GET / HTTP/1.1" 204 0
14:19:28 [DEBUG] Starting new HTTPS connection (1): www.gstatic.com:443
14:19:28 [DEBUG] https://www.gstatic.com:443 "GET /generate_204 HTTP/1.1" 204 0
14:19:28 [DEBUG] Starting new HTTPS connection (1): dl.google.com:443
14:19:28 [DEBUG] Starting new HTTPS connection (1): www.google.com:443
14:19:29 [DEBUG] Starting new HTTPS connection (1): www.google.com:443
14:19:29 [DEBUG] https://dl.google.com:443 "GET /dl/android/studio/install/3.4.1.0/android-studio-ide-183.5522156-windows.exe HTTP/1.1" 200 1017327996
14:19:29 [DEBUG] Starting new HTTPS connection (1): cp.cloudflare.com:443
14:19:29 [DEBUG] Starting new HTTPS connection (1): www.google.com:443
14:19:29 [DEBUG] Starting new HTTPS connection (1): cp.cloudflare.com:443
14:19:29 [DEBUG] Starting new HTTPS connection (1): www.gstatic.com:443
14:19:29 [DEBUG] Starting new HTTPS connection (1): www.gstatic.com:443
14:19:29 [INFO]    🎯 38.180.144.156 (Австрия) - 19.5Mbps, 176ms UDP✅ 🛡️
14:19:29 [DEBUG] Starting new HTTPS connection (1): dl.google.com:443
14:19:29 [DEBUG] Starting new HTTPS connection (1): cp.cloudflare.com:443
14:19:29 [DEBUG] https://dl.google.com:443 "GET /dl/android/studio/install/3.4.1.0/android-studio-ide-183.5522156-windows.exe HTTP/1.1" 200 1017327996
14:19:29 [INFO]    🎯 89.23.103.249 (Нидерланды) - 49.5Mbps, 169ms UDP❌ 🛡️
14:19:30 [DEBUG] Starting new HTTPS connection (1): cp.cloudflare.com:443
14:19:30 [DEBUG] Starting new HTTPS connection (1): www.gstatic.com:443
14:19:30 [DEBUG] Starting new HTTPS connection (1): www.google.com:443
14:19:30 [DEBUG] Starting new HTTPS connection (1): www.google.com:443
14:19:30 [DEBUG] Starting new HTTPS connection (1): cp.cloudflare.com:443
14:19:30 [DEBUG] Starting new HTTPS connection (1): www.google.com:443
14:19:30 [DEBUG] Starting new HTTPS connection (1): www.gstatic.com:443
14:19:30 [DEBUG] https://www.google.com:443 "GET /generate_204 HTTP/1.1" 204 0
14:19:30 [DEBUG] Starting new HTTPS connection (1): cp.cloudflare.com:443
14:19:30 [DEBUG] Starting new HTTPS connection (1): cp.cloudflare.com:443
14:19:30 [DEBUG] Starting new HTTPS connection (1): cp.cloudflare.com:443
14:19:30 [DEBUG] https://cp.cloudflare.com:443 "GET / HTTP/1.1" 204 0
14:19:30 [DEBUG] Starting new HTTPS connection (1): www.gstatic.com:443
14:19:30 [DEBUG] Starting new HTTPS connection (1): www.google.com:443
14:19:30 [DEBUG] https://www.gstatic.com:443 "GET /generate_204 HTTP/1.1" 204 0
14:19:31 [DEBUG] Starting new HTTPS connection (1): dl.google.com:443
14:19:31 [DEBUG] https://dl.google.com:443 "GET /dl/android/studio/install/3.4.1.0/android-studio-ide-183.5522156-windows.exe HTTP/1.1" 200 1017327996
14:19:31 [DEBUG] Starting new HTTPS connection (1): cp.cloudflare.com:443
14:19:31 [INFO]    🎯 91.84.109.124 (Нидерланды) - 35.0Mbps, 161ms UDP✅ 🛡️
14:19:31 [DEBUG] Starting new HTTPS connection (1): www.gstatic.com:443
14:19:31 [DEBUG] https://cp.cloudflare.com:443 "GET / HTTP/1.1" 204 0
14:19:31 [DEBUG] Starting new HTTPS connection (1): www.gstatic.com:443
14:19:31 [DEBUG] https://www.gstatic.com:443 "GET /generate_204 HTTP/1.1" 204 0
14:19:31 [DEBUG] Starting new HTTPS connection (1): www.google.com:443
14:19:31 [DEBUG] Starting new HTTPS connection (1): www.gstatic.com:443
14:19:32 [DEBUG] Starting new HTTPS connection (1): www.gstatic.com:443
14:19:32 [DEBUG] Starting new HTTPS connection (1): www.google.com:443
14:19:33 [DEBUG] Starting new HTTPS connection (1): www.google.com:443
14:19:33 [DEBUG] Starting new HTTPS connection (1): cp.cloudflare.com:443
14:19:33 [DEBUG] Starting new HTTPS connection (1): www.google.com:443
14:19:33 [DEBUG] Starting new HTTPS connection (1): www.gstatic.com:443
14:19:33 [DEBUG] https://www.google.com:443 "GET /generate_204 HTTP/1.1" 204 0
14:19:33 [DEBUG] Starting new HTTPS connection (1): cp.cloudflare.com:443
14:19:33 [DEBUG] Starting new HTTPS connection (1): cp.cloudflare.com:443
14:19:33 [DEBUG] Starting new HTTPS connection (1): www.gstatic.com:443
14:19:33 [DEBUG] https://cp.cloudflare.com:443 "GET / HTTP/1.1" 204 0
14:19:33 [DEBUG] Starting new HTTPS connection (1): www.gstatic.com:443
14:19:33 [DEBUG] Starting new HTTPS connection (1): www.google.com:443
14:19:33 [DEBUG] https://www.gstatic.com:443 "GET /generate_204 HTTP/1.1" 204 0
14:19:33 [DEBUG] Starting new HTTPS connection (1): dl.google.com:443
14:19:33 [DEBUG] Starting new HTTPS connection (1): cp.cloudflare.com:443
14:19:33 [DEBUG] https://dl.google.com:443 "GET /dl/android/studio/install/3.4.1.0/android-studio-ide-183.5522156-windows.exe HTTP/1.1" 200 1017327996
14:19:33 [DEBUG] https://www.google.com:443 "GET /generate_204 HTTP/1.1" 204 0
14:19:33 [DEBUG] Starting new HTTPS connection (1): cp.cloudflare.com:443
14:19:33 [DEBUG] Starting new HTTPS connection (1): www.gstatic.com:443
14:19:34 [INFO]    🎯 195.26.224.112 (Нидерланды) - 30.1Mbps, 164ms UDP✅ 🛡️
14:19:34 [DEBUG] Starting new HTTPS connection (1): www.gstatic.com:443
14:19:34 [DEBUG] Starting new HTTPS connection (1): dl.google.com:443
14:19:34 [DEBUG] Starting new HTTPS connection (1): www.google.com:443
14:19:34 [DEBUG] Starting new HTTPS connection (1): cp.cloudflare.com:443
14:19:34 [DEBUG] Starting new HTTPS connection (1): www.gstatic.com:443
14:19:34 [DEBUG] https://dl.google.com:443 "GET /dl/android/studio/install/3.4.1.0/android-studio-ide-183.5522156-windows.exe HTTP/1.1" 200 1017327996
14:19:34 [DEBUG] Starting new HTTPS connection (1): cp.cloudflare.com:443
14:19:35 [DEBUG] Starting new HTTPS connection (1): www.google.com:443
14:19:35 [DEBUG] Starting new HTTPS connection (1): www.google.com:443
14:19:35 [DEBUG] Starting new HTTPS connection (1): cp.cloudflare.com:443
14:19:35 [DEBUG] Starting new HTTPS connection (1): www.gstatic.com:443
14:19:35 [DEBUG] https://cp.cloudflare.com:443 "GET / HTTP/1.1" 204 0
14:19:35 [DEBUG] Starting new HTTPS connection (1): www.gstatic.com:443
14:19:35 [DEBUG] Starting new HTTPS connection (1): www.google.com:443
14:19:36 [DEBUG] https://www.google.com:443 "GET /generate_204 HTTP/1.1" 204 0
14:19:36 [DEBUG] Starting new HTTPS connection (1): cp.cloudflare.com:443
14:19:36 [DEBUG] https://cp.cloudflare.com:443 "GET / HTTP/1.1" 204 0
14:19:36 [DEBUG] Starting new HTTPS connection (1): www.gstatic.com:443
14:19:36 [DEBUG] https://www.gstatic.com:443 "GET /generate_204 HTTP/1.1" 204 0
14:19:36 [DEBUG] Starting new HTTPS connection (1): www.google.com:443
14:19:36 [DEBUG] Starting new HTTPS connection (1): dl.google.com:443
14:19:36 [DEBUG] Starting new HTTPS connection (1): cp.cloudflare.com:443
14:19:36 [DEBUG] Starting new HTTPS connection (1): www.google.com:443
14:19:36 [DEBUG] Starting new HTTPS connection (1): cp.cloudflare.com:443
14:19:36 [DEBUG] Starting new HTTPS connection (1): www.gstatic.com:443
14:19:36 [DEBUG] https://dl.google.com:443 "GET /dl/android/studio/install/3.4.1.0/android-studio-ide-183.5522156-windows.exe HTTP/1.1" 200 1017327996
14:19:36 [DEBUG] Starting new HTTPS connection (1): cp.cloudflare.com:443
14:19:36 [DEBUG] https://www.gstatic.com:443 "GET /generate_204 HTTP/1.1" 204 0
14:19:36 [DEBUG] Starting new HTTPS connection (1): www.gstatic.com:443
14:19:36 [DEBUG] Starting new HTTPS connection (1): www.google.com:443
14:19:37 [INFO]    🎯 80.85.245.242 (Нидерланды) - 19.7Mbps, 156ms UDP✅ 🛡️
14:19:37 [DEBUG] Starting new HTTPS connection (1): dl.google.com:443
14:19:37 [DEBUG] Starting new HTTPS connection (1): www.google.com:443
14:19:37 [DEBUG] Starting new HTTPS connection (1): www.google.com:443
14:19:38 [INFO]    🎯 152.53.51.29 (Австрия) - 3.7Mbps, 791ms UDP❌ 🛡️
14:19:38 [DEBUG] Starting new HTTPS connection (1): www.google.com:443
14:19:38 [DEBUG] https://www.google.com:443 "GET /generate_204 HTTP/1.1" 204 0
14:19:38 [DEBUG] Starting new HTTPS connection (1): cp.cloudflare.com:443
14:19:38 [DEBUG] https://www.google.com:443 "GET /generate_204 HTTP/1.1" 204 0
14:19:38 [DEBUG] Starting new HTTPS connection (1): cp.cloudflare.com:443
14:19:38 [DEBUG] https://cp.cloudflare.com:443 "GET / HTTP/1.1" 204 0
14:19:38 [DEBUG] Starting new HTTPS connection (1): www.gstatic.com:443
14:19:38 [DEBUG] https://www.google.com:443 "GET /generate_204 HTTP/1.1" 204 0
14:19:38 [DEBUG] Starting new HTTPS connection (1): cp.cloudflare.com:443
14:19:38 [DEBUG] https://cp.cloudflare.com:443 "GET / HTTP/1.1" 204 0
14:19:38 [DEBUG] Starting new HTTPS connection (1): www.gstatic.com:443
14:19:38 [DEBUG] https://www.gstatic.com:443 "GET /generate_204 HTTP/1.1" 204 0
14:19:38 [DEBUG] https://dl.google.com:443 "GET /dl/android/studio/install/3.4.1.0/android-studio-ide-183.5522156-windows.exe HTTP/1.1" 200 1017327996
14:19:38 [DEBUG] https://www.gstatic.com:443 "GET /generate_204 HTTP/1.1" 204 0
14:19:38 [DEBUG] Starting new HTTPS connection (1): dl.google.com:443
14:19:38 [DEBUG] Starting new HTTPS connection (1): dl.google.com:443
14:19:38 [DEBUG] https://dl.google.com:443 "GET /dl/android/studio/install/3.4.1.0/android-studio-ide-183.5522156-windows.exe HTTP/1.1" 200 1017327996
14:19:39 [DEBUG] https://dl.google.com:443 "GET /dl/android/studio/install/3.4.1.0/android-studio-ide-183.5522156-windows.exe HTTP/1.1" 200 1017327996
14:19:39 [DEBUG] Starting new HTTPS connection (1): www.google.com:443
14:19:39 [INFO]    🎯 89.110.80.96 (Нидерланды) - 30.1Mbps, 171ms UDP✅ 🛡️
14:19:39 [DEBUG] Starting new HTTPS connection (1): cp.cloudflare.com:443
14:19:39 [DEBUG] https://cp.cloudflare.com:443 "GET / HTTP/1.1" 204 0
14:19:39 [DEBUG] Starting new HTTPS connection (1): www.gstatic.com:443
14:19:39 [DEBUG] Starting new HTTPS connection (1): www.google.com:443
14:19:39 [INFO]    🎯 38.180.144.156 (Австрия) - 18.9Mbps, 215ms UDP✅ 🛡️
14:19:39 [DEBUG] https://cp.cloudflare.com:443 "GET / HTTP/1.1" 204 0
14:19:39 [DEBUG] Starting new HTTPS connection (1): www.gstatic.com:443
14:19:39 [DEBUG] https://www.google.com:443 "GET /generate_204 HTTP/1.1" 204 0
14:19:39 [DEBUG] Starting new HTTPS connection (1): cp.cloudflare.com:443
14:19:40 [DEBUG] Starting new HTTPS connection (1): www.google.com:443
14:19:40 [DEBUG] https://www.gstatic.com:443 "GET /generate_204 HTTP/1.1" 204 0
14:19:40 [DEBUG] https://cp.cloudflare.com:443 "GET / HTTP/1.1" 204 0
14:19:40 [DEBUG] Starting new HTTPS connection (1): www.gstatic.com:443
14:19:40 [DEBUG] Starting new HTTPS connection (1): www.google.com:443
14:19:40 [DEBUG] Starting new HTTPS connection (1): www.gstatic.com:443
14:19:40 [DEBUG] https://www.gstatic.com:443 "GET /generate_204 HTTP/1.1" 204 0
14:19:40 [DEBUG] Starting new HTTPS connection (1): dl.google.com:443
14:19:40 [DEBUG] Starting new HTTPS connection (1): cp.cloudflare.com:443
14:19:41 [DEBUG] https://dl.google.com:443 "GET /dl/android/studio/install/3.4.1.0/android-studio-ide-183.5522156-windows.exe HTTP/1.1" 200 1017327996
14:19:41 [DEBUG] https://www.gstatic.com:443 "GET /generate_204 HTTP/1.1" 204 0
14:19:43 [DEBUG] Starting new HTTPS connection (1): dl.google.com:443
14:19:43 [DEBUG] Starting new HTTPS connection (1): dl.google.com:443
14:19:43 [DEBUG] https://cp.cloudflare.com:443 "GET / HTTP/1.1" 204 0
14:19:43 [DEBUG] Starting new HTTPS connection (1): www.gstatic.com:443
14:19:43 [DEBUG] Starting new HTTPS connection (1): cp.cloudflare.com:443
14:19:43 [DEBUG] https://cp.cloudflare.com:443 "GET / HTTP/1.1" 204 0
14:19:43 [DEBUG] Starting new HTTPS connection (1): www.gstatic.com:443
14:19:44 [DEBUG] Starting new HTTPS connection (1): cp.cloudflare.com:443
14:19:44 [DEBUG] Starting new HTTPS connection (1): cp.cloudflare.com:443
14:19:44 [DEBUG] https://dl.google.com:443 "GET /dl/android/studio/install/3.4.1.0/android-studio-ide-183.5522156-windows.exe HTTP/1.1" 200 1017327996
14:19:45 [DEBUG] https://www.gstatic.com:443 "GET /generate_204 HTTP/1.1" 204 0
14:19:45 [DEBUG] Starting new HTTPS connection (1): www.google.com:443
14:19:45 [DEBUG] Starting new HTTPS connection (1): cp.cloudflare.com:443
14:19:45 [DEBUG] Starting new HTTPS connection (1): www.gstatic.com:443
14:19:46 [DEBUG] Starting new HTTPS connection (1): dl.google.com:443
14:19:46 [DEBUG] https://dl.google.com:443 "GET /dl/android/studio/install/3.4.1.0/android-studio-ide-183.5522156-windows.exe HTTP/1.1" 200 1017327996
14:19:46 [DEBUG] https://www.gstatic.com:443 "GET /generate_204 HTTP/1.1" 204 0
14:19:46 [DEBUG] Starting new HTTPS connection (1): www.google.com:443
14:19:46 [INFO]    🎯 91.84.109.130 (Нидерланды) - 3.5Mbps, 851ms UDP❌ 🛡️
14:19:47 [INFO]    🎯 91.84.113.57 (Нидерланды) - 3.2Mbps, 3405ms UDP✅ 🛡️
14:19:47 [DEBUG] Starting new HTTPS connection (1): cp.cloudflare.com:443
14:19:47 [DEBUG] Starting new HTTPS connection (1): www.gstatic.com:443
14:19:47 [DEBUG] Starting new HTTPS connection (1): www.google.com:443
14:19:48 [DEBUG] https://cp.cloudflare.com:443 "GET / HTTP/1.1" 204 0
14:19:48 [DEBUG] Starting new HTTPS connection (1): www.gstatic.com:443
14:19:48 [DEBUG] Starting new HTTPS connection (1): www.google.com:443
14:19:48 [DEBUG] Starting new HTTPS connection (1): www.gstatic.com:443
14:19:48 [DEBUG] https://dl.google.com:443 "GET /dl/android/studio/install/3.4.1.0/android-studio-ide-183.5522156-windows.exe HTTP/1.1" 200 1017327996
14:19:48 [DEBUG] Starting new HTTPS connection (1): www.gstatic.com:443
14:19:48 [DEBUG] Starting new HTTPS connection (1): www.google.com:443
14:19:48 [DEBUG] Starting new HTTPS connection (1): cp.cloudflare.com:443
14:19:48 [DEBUG] Starting new HTTPS connection (1): www.gstatic.com:443
14:19:49 [DEBUG] Starting new HTTPS connection (1): dl.google.com:443
14:19:49 [DEBUG] Starting new HTTPS connection (1): www.google.com:443
14:19:49 [DEBUG] https://www.google.com:443 "GET /generate_204 HTTP/1.1" 204 0
14:19:49 [DEBUG] Starting new HTTPS connection (1): cp.cloudflare.com:443
14:19:49 [DEBUG] https://cp.cloudflare.com:443 "GET / HTTP/1.1" 204 0
14:19:49 [DEBUG] Starting new HTTPS connection (1): www.gstatic.com:443
14:19:49 [DEBUG] https://www.gstatic.com:443 "GET /generate_204 HTTP/1.1" 204 0
14:19:49 [DEBUG] Starting new HTTPS connection (1): dl.google.com:443
14:19:49 [DEBUG] https://dl.google.com:443 "GET /dl/android/studio/install/3.4.1.0/android-studio-ide-183.5522156-windows.exe HTTP/1.1" 200 1017327996
14:19:49 [INFO]    🎯 144.31.94.36 (Британия) - 75.9Mbps, 54ms UDP✅ 🛡️
14:19:50 [DEBUG] Starting new HTTPS connection (1): www.google.com:443
14:19:50 [DEBUG] Starting new HTTPS connection (1): cp.cloudflare.com:443
14:19:51 [DEBUG] https://www.gstatic.com:443 "GET /generate_204 HTTP/1.1" 204 0
14:19:51 [DEBUG] Starting new HTTPS connection (1): cp.cloudflare.com:443
14:19:52 [DEBUG] Starting new HTTPS connection (1): www.gstatic.com:443
14:19:52 [DEBUG] Starting new HTTPS connection (1): cp.cloudflare.com:443
14:19:53 [DEBUG] Starting new HTTPS connection (1): www.google.com:443
14:19:53 [DEBUG] Starting new HTTPS connection (1): cp.cloudflare.com:443
14:19:53 [DEBUG] Starting new HTTPS connection (1): www.google.com:443
14:19:53 [DEBUG] https://dl.google.com:443 "GET /dl/android/studio/install/3.4.1.0/android-studio-ide-183.5522156-windows.exe HTTP/1.1" 200 1017327996
14:19:53 [DEBUG] Starting new HTTPS connection (1): cp.cloudflare.com:443
14:19:53 [DEBUG] Starting new HTTPS connection (1): www.gstatic.com:443
14:19:53 [DEBUG] Starting new HTTPS connection (1): www.gstatic.com:443
14:19:53 [DEBUG] Starting new HTTPS connection (1): www.google.com:443
14:19:53 [DEBUG] https://cp.cloudflare.com:443 "GET / HTTP/1.1" 204 0
14:19:53 [DEBUG] Starting new HTTPS connection (1): www.gstatic.com:443
14:19:53 [DEBUG] Starting new HTTPS connection (1): dl.google.com:443
14:19:53 [INFO]    🎯 91.84.112.93 (Нидерланды) - 1.7Mbps, 2166ms UDP✅ 🛡️
14:19:53 [INFO]    📊 Глобальные: 200/400 (50%) | ✅52 ❌148
14:19:54 [DEBUG] Starting new HTTPS connection (1): www.google.com:443
14:19:54 [DEBUG] Starting new HTTPS connection (1): www.google.com:443
14:19:54 [DEBUG] https://www.google.com:443 "GET /generate_204 HTTP/1.1" 204 0
14:19:54 [DEBUG] Starting new HTTPS connection (1): cp.cloudflare.com:443
14:19:54 [INFO]    🎯 77.238.231.156 (Нидерланды) - 0.0Mbps, 1680ms UDP✅ 🛡️
14:19:54 [DEBUG] https://cp.cloudflare.com:443 "GET / HTTP/1.1" 204 0
14:19:54 [DEBUG] Starting new HTTPS connection (1): www.gstatic.com:443
14:19:54 [DEBUG] https://www.gstatic.com:443 "GET /generate_204 HTTP/1.1" 204 0
14:19:54 [DEBUG] Starting new HTTPS connection (1): dl.google.com:443
14:19:54 [DEBUG] Starting new HTTPS connection (1): www.google.com:443
14:19:55 [DEBUG] Starting new HTTPS connection (1): cp.cloudflare.com:443
14:19:55 [DEBUG] Starting new HTTPS connection (1): www.gstatic.com:443
14:19:55 [DEBUG] https://dl.google.com:443 "GET /dl/android/studio/install/3.4.1.0/android-studio-ide-183.5522156-windows.exe HTTP/1.1" 200 1017327996
14:19:55 [INFO]    🎯 212.34.153.15 (Нидерланды) - 0.9Mbps, 493ms UDP✅ 🛡️
14:19:55 [INFO]    🎯 216.106.189.101 (Франция) - 29.6Mbps, 153ms UDP✅ 🛡️
14:19:55 [DEBUG] Starting new HTTPS connection (1): cp.cloudflare.com:443
14:19:55 [DEBUG] Starting new HTTPS connection (1): www.google.com:443
14:19:55 [DEBUG] Starting new HTTPS connection (1): cp.cloudflare.com:443
14:19:55 [DEBUG] Starting new HTTPS connection (1): www.gstatic.com:443
14:19:55 [DEBUG] Starting new HTTPS connection (1): www.gstatic.com:443
14:19:56 [DEBUG] Starting new HTTPS connection (1): www.google.com:443
14:19:56 [DEBUG] Starting new HTTPS connection (1): www.google.com:443
14:19:56 [DEBUG] https://www.google.com:443 "GET /generate_204 HTTP/1.1" 204 0
14:19:56 [DEBUG] Starting new HTTPS connection (1): cp.cloudflare.com:443
14:19:56 [DEBUG] Starting new HTTPS connection (1): www.google.com:443
14:19:56 [DEBUG] https://cp.cloudflare.com:443 "GET / HTTP/1.1" 204 0
14:19:56 [DEBUG] Starting new HTTPS connection (1): www.gstatic.com:443
14:19:56 [DEBUG] Starting new HTTPS connection (1): cp.cloudflare.com:443
14:19:56 [DEBUG] Starting new HTTPS connection (1): www.gstatic.com:443
14:19:56 [DEBUG] https://www.google.com:443 "GET /generate_204 HTTP/1.1" 204 0
14:19:56 [DEBUG] Starting new HTTPS connection (1): cp.cloudflare.com:443
14:19:56 [DEBUG] https://www.gstatic.com:443 "GET /generate_204 HTTP/1.1" 204 0
14:19:56 [DEBUG] Starting new HTTPS connection (1): dl.google.com:443
14:19:56 [DEBUG] Starting new HTTPS connection (1): cp.cloudflare.com:443
14:19:56 [DEBUG] Starting new HTTPS connection (1): www.google.com:443
14:19:56 [DEBUG] Starting new HTTPS connection (1): cp.cloudflare.com:443
14:19:56 [DEBUG] https://cp.cloudflare.com:443 "GET / HTTP/1.1" 204 0
14:19:56 [DEBUG] Starting new HTTPS connection (1): www.gstatic.com:443
14:19:56 [DEBUG] Starting new HTTPS connection (1): www.gstatic.com:443
14:19:57 [DEBUG] https://www.gstatic.com:443 "GET /generate_204 HTTP/1.1" 204 0
14:19:57 [DEBUG] Starting new HTTPS connection (1): dl.google.com:443
14:19:57 [DEBUG] https://dl.google.com:443 "GET /dl/android/studio/install/3.4.1.0/android-studio-ide-183.5522156-windows.exe HTTP/1.1" 200 1017327996
14:19:57 [DEBUG] Starting new HTTPS connection (1): www.google.com:443
14:19:57 [DEBUG] https://dl.google.com:443 "GET /dl/android/studio/install/3.4.1.0/android-studio-ide-183.5522156-windows.exe HTTP/1.1" 200 1017327996
14:19:57 [DEBUG] Starting new HTTPS connection (1): cp.cloudflare.com:443
14:19:57 [INFO]    🎯 62.210.91.2 (Франция) - 11.8Mbps, 109ms UDP✅ 🛡️
14:19:57 [DEBUG] Starting new HTTPS connection (1): www.gstatic.com:443
14:19:57 [DEBUG] https://dl.google.com:443 "GET /dl/android/studio/install/3.4.1.0/android-studio-ide-183.5522156-windows.exe HTTP/1.1" 200 1017327996
14:19:57 [DEBUG] Starting new HTTPS connection (1): www.gstatic.com:443
14:19:57 [DEBUG] Starting new HTTPS connection (1): www.google.com:443
14:19:57 [DEBUG] Starting new HTTPS connection (1): cp.cloudflare.com:443
14:19:58 [DEBUG] Starting new HTTPS connection (1): www.gstatic.com:443
14:19:58 [INFO]    🎯 62.210.91.10 (Франция) - 12.3Mbps, 360ms UDP✅ 🛡️
14:19:58 [DEBUG] Starting new HTTPS connection (1): www.google.com:443
14:19:58 [DEBUG] Starting new HTTPS connection (1): www.google.com:443
14:19:58 [DEBUG] Starting new HTTPS connection (1): www.google.com:443
14:19:58 [DEBUG] Starting new HTTPS connection (1): cp.cloudflare.com:443
14:19:58 [DEBUG] Starting new HTTPS connection (1): www.gstatic.com:443
14:19:58 [DEBUG] Starting new HTTPS connection (1): www.gstatic.com:443
14:19:59 [DEBUG] Starting new HTTPS connection (1): www.google.com:443
14:19:59 [DEBUG] Starting new HTTPS connection (1): cp.cloudflare.com:443
14:19:59 [DEBUG] Starting new HTTPS connection (1): www.gstatic.com:443
14:19:59 [DEBUG] https://www.google.com:443 "GET /generate_204 HTTP/1.1" 204 0
14:19:59 [DEBUG] Starting new HTTPS connection (1): cp.cloudflare.com:443
14:19:59 [DEBUG] Starting new HTTPS connection (1): www.google.com:443
14:19:59 [DEBUG] Starting new HTTPS connection (1): cp.cloudflare.com:443
14:19:59 [DEBUG] Starting new HTTPS connection (1): www.gstatic.com:443
14:19:59 [DEBUG] https://cp.cloudflare.com:443 "GET / HTTP/1.1" 204 0
14:19:59 [DEBUG] Starting new HTTPS connection (1): www.gstatic.com:443
14:19:59 [DEBUG] Starting new HTTPS connection (1): www.google.com:443
14:20:00 [DEBUG] https://www.gstatic.com:443 "GET /generate_204 HTTP/1.1" 204 0
14:20:00 [DEBUG] Starting new HTTPS connection (1): www.google.com:443
14:20:00 [DEBUG] Starting new HTTPS connection (1): www.google.com:443
14:20:00 [DEBUG] https://www.google.com:443 "GET /generate_204 HTTP/1.1" 204 0
14:20:00 [DEBUG] Starting new HTTPS connection (1): cp.cloudflare.com:443
14:20:00 [DEBUG] Starting new HTTPS connection (1): dl.google.com:443
14:20:00 [DEBUG] Starting new HTTPS connection (1): cp.cloudflare.com:443
14:20:00 [DEBUG] https://cp.cloudflare.com:443 "GET / HTTP/1.1" 204 0
14:20:00 [DEBUG] Starting new HTTPS connection (1): www.gstatic.com:443
14:20:00 [DEBUG] Starting new HTTPS connection (1): www.gstatic.com:443
14:20:00 [DEBUG] Starting new HTTPS connection (1): www.google.com:443
14:20:00 [DEBUG] Starting new HTTPS connection (1): www.google.com:443
14:20:01 [DEBUG] https://www.google.com:443 "GET /generate_204 HTTP/1.1" 204 0
14:20:01 [DEBUG] Starting new HTTPS connection (1): cp.cloudflare.com:443
14:20:01 [DEBUG] Starting new HTTPS connection (1): cp.cloudflare.com:443
14:20:01 [DEBUG] https://www.gstatic.com:443 "GET /generate_204 HTTP/1.1" 204 0
14:20:01 [DEBUG] https://dl.google.com:443 "GET /dl/android/studio/install/3.4.1.0/android-studio-ide-183.5522156-windows.exe HTTP/1.1" 200 1017327996
14:20:01 [DEBUG] Starting new HTTPS connection (1): www.gstatic.com:443
14:20:01 [DEBUG] https://cp.cloudflare.com:443 "GET / HTTP/1.1" 204 0
14:20:01 [DEBUG] Starting new HTTPS connection (1): www.gstatic.com:443
14:20:01 [DEBUG] Starting new HTTPS connection (1): dl.google.com:443
14:20:01 [DEBUG] https://www.gstatic.com:443 "GET /generate_204 HTTP/1.1" 204 0
14:20:01 [INFO]    🎯 188.166.159.141 (Британия) - 12.7Mbps, 503ms UDP✅ 🛡️
14:20:01 [DEBUG] Starting new HTTPS connection (1): dl.google.com:443
14:20:02 [DEBUG] Starting new HTTPS connection (1): www.google.com:443
14:20:02 [DEBUG] Starting new HTTPS connection (1): www.google.com:443
14:20:02 [DEBUG] Starting new HTTPS connection (1): cp.cloudflare.com:443
14:20:02 [DEBUG] Starting new HTTPS connection (1): www.google.com:443
14:20:02 [DEBUG] Starting new HTTPS connection (1): www.gstatic.com:443
14:20:02 [DEBUG] Starting new HTTPS connection (1): cp.cloudflare.com:443
14:20:02 [DEBUG] Starting new HTTPS connection (1): www.gstatic.com:443
14:20:02 [DEBUG] https://dl.google.com:443 "GET /dl/android/studio/install/3.4.1.0/android-studio-ide-183.5522156-windows.exe HTTP/1.1" 200 1017327996
14:20:02 [DEBUG] Starting new HTTPS connection (1): www.google.com:443
14:20:02 [DEBUG] Starting new HTTPS connection (1): cp.cloudflare.com:443
14:20:02 [DEBUG] https://dl.google.com:443 "GET /dl/android/studio/install/3.4.1.0/android-studio-ide-183.5522156-windows.exe HTTP/1.1" 200 1017327996
14:20:02 [INFO]    🎯 158.58.172.189 (Италия) - 14.8Mbps, 182ms UDP✅ 🛡️
14:20:02 [INFO]    🎯 217.13.104.149 (Венгрия) - 8.2Mbps, 267ms UDP✅ 🛡️
14:20:03 [DEBUG] Starting new HTTPS connection (1): www.google.com:443
14:20:03 [DEBUG] Starting new HTTPS connection (1): www.google.com:443
14:20:03 [DEBUG] Starting new HTTPS connection (1): cp.cloudflare.com:443
14:20:03 [DEBUG] Starting new HTTPS connection (1): www.gstatic.com:443
14:20:03 [DEBUG] Starting new HTTPS connection (1): www.google.com:443
14:20:03 [DEBUG] Starting new HTTPS connection (1): www.google.com:443
14:20:03 [DEBUG] Starting new HTTPS connection (1): cp.cloudflare.com:443
14:20:04 [DEBUG] Starting new HTTPS connection (1): www.gstatic.com:443
14:20:04 [DEBUG] https://www.google.com:443 "GET /generate_204 HTTP/1.1" 204 0
14:20:04 [DEBUG] Starting new HTTPS connection (1): cp.cloudflare.com:443
14:20:04 [DEBUG] Starting new HTTPS connection (1): cp.cloudflare.com:443
14:20:04 [INFO]    🎯 212.34.130.185 (Нидерланды) - 0.8Mbps, 3817ms UDP✅ 🛡️
14:20:04 [DEBUG] https://cp.cloudflare.com:443 "GET / HTTP/1.1" 204 0
14:20:04 [DEBUG] Starting new HTTPS connection (1): www.gstatic.com:443
14:20:04 [DEBUG] Starting new HTTPS connection (1): www.google.com:443
14:20:04 [DEBUG] https://www.gstatic.com:443 "GET /generate_204 HTTP/1.1" 204 0
14:20:05 [DEBUG] Starting new HTTPS connection (1): www.google.com:443
14:20:05 [DEBUG] Starting new HTTPS connection (1): dl.google.com:443
14:20:05 [DEBUG] Starting new HTTPS connection (1): cp.cloudflare.com:443
14:20:05 [DEBUG] Starting new HTTPS connection (1): www.gstatic.com:443
14:20:05 [DEBUG] Starting new HTTPS connection (1): www.google.com:443
14:20:05 [DEBUG] https://dl.google.com:443 "GET /dl/android/studio/install/3.4.1.0/android-studio-ide-183.5522156-windows.exe HTTP/1.1" 200 1017327996
14:20:05 [INFO]    🎯 91.107.121.223 (Британия) - 20.7Mbps, 381ms UDP✅ 🛡️
14:20:05 [DEBUG] Starting new HTTPS connection (1): cp.cloudflare.com:443
14:20:06 [DEBUG] Starting new HTTPS connection (1): cp.cloudflare.com:443
14:20:06 [DEBUG] Starting new HTTPS connection (1): www.google.com:443
14:20:06 [DEBUG] Starting new HTTPS connection (1): cp.cloudflare.com:443
14:20:06 [DEBUG] Starting new HTTPS connection (1): www.gstatic.com:443
14:20:06 [DEBUG] Starting new HTTPS connection (1): cp.cloudflare.com:443
14:20:06 [DEBUG] Starting new HTTPS connection (1): www.gstatic.com:443
14:20:06 [DEBUG] Starting new HTTPS connection (1): www.gstatic.com:443
14:20:06 [DEBUG] https://cp.cloudflare.com:443 "GET / HTTP/1.1" 204 0
14:20:06 [DEBUG] Starting new HTTPS connection (1): www.gstatic.com:443
14:20:06 [DEBUG] Starting new HTTPS connection (1): www.google.com:443
14:20:07 [DEBUG] https://cp.cloudflare.com:443 "GET / HTTP/1.1" 204 0
14:20:07 [DEBUG] Starting new HTTPS connection (1): www.gstatic.com:443
14:20:07 [DEBUG] https://www.gstatic.com:443 "GET /generate_204 HTTP/1.1" 204 0
14:20:07 [DEBUG] Starting new HTTPS connection (1): cp.cloudflare.com:443
14:20:07 [DEBUG] Starting new HTTPS connection (1): www.google.com:443
14:20:07 [DEBUG] https://www.google.com:443 "GET /generate_204 HTTP/1.1" 204 0
14:20:07 [DEBUG] Starting new HTTPS connection (1): cp.cloudflare.com:443
14:20:08 [DEBUG] https://cp.cloudflare.com:443 "GET / HTTP/1.1" 204 0
14:20:08 [DEBUG] Starting new HTTPS connection (1): www.gstatic.com:443
14:20:08 [DEBUG] Starting new HTTPS connection (1): www.gstatic.com:443
14:20:08 [DEBUG] https://www.gstatic.com:443 "GET /generate_204 HTTP/1.1" 204 0
14:20:08 [DEBUG] Starting new HTTPS connection (1): dl.google.com:443
14:20:08 [DEBUG] https://dl.google.com:443 "GET /dl/android/studio/install/3.4.1.0/android-studio-ide-183.5522156-windows.exe HTTP/1.1" 200 1017327996
14:20:08 [DEBUG] Starting new HTTPS connection (1): cp.cloudflare.com:443
14:20:08 [DEBUG] Starting new HTTPS connection (1): www.gstatic.com:443
14:20:08 [INFO]    🎯 de4.socialup.live (XX) - 33.1Mbps, 189ms UDP✅ 🛡️
14:20:09 [DEBUG] Starting new HTTPS connection (1): cp.cloudflare.com:443
14:20:09 [DEBUG] Starting new HTTPS connection (1): www.google.com:443
14:20:09 [DEBUG] Starting new HTTPS connection (1): cp.cloudflare.com:443
14:20:09 [DEBUG] Starting new HTTPS connection (1): www.gstatic.com:443
14:20:09 [DEBUG] Starting new HTTPS connection (1): www.google.com:443
14:20:10 [DEBUG] Starting new HTTPS connection (1): cp.cloudflare.com:443
14:20:10 [DEBUG] Starting new HTTPS connection (1): www.gstatic.com:443
14:20:10 [DEBUG] Starting new HTTPS connection (1): dl.google.com:443
14:20:10 [DEBUG] https://www.gstatic.com:443 "GET /generate_204 HTTP/1.1" 204 0
14:20:10 [DEBUG] Starting new HTTPS connection (1): www.google.com:443
14:20:10 [DEBUG] Starting new HTTPS connection (1): cp.cloudflare.com:443
14:20:10 [DEBUG] Starting new HTTPS connection (1): www.gstatic.com:443
14:20:10 [INFO]    📊 Глобальные: 240/400 (60%) | ✅63 ❌177
14:20:11 [DEBUG] Starting new HTTPS connection (1): www.google.com:443
14:20:11 [DEBUG] Starting new HTTPS connection (1): www.google.com:443
14:20:11 [DEBUG] Starting new HTTPS connection (1): www.google.com:443
14:20:11 [DEBUG] Starting new HTTPS connection (1): www.google.com:443
14:20:11 [DEBUG] https://www.google.com:443 "GET /generate_204 HTTP/1.1" 204 0
14:20:11 [DEBUG] Starting new HTTPS connection (1): cp.cloudflare.com:443
14:20:11 [DEBUG] Starting new HTTPS connection (1): cp.cloudflare.com:443
14:20:11 [DEBUG] Starting new HTTPS connection (1): www.gstatic.com:443
14:20:11 [DEBUG] https://cp.cloudflare.com:443 "GET / HTTP/1.1" 204 0
14:20:11 [DEBUG] Starting new HTTPS connection (1): www.gstatic.com:443
14:20:11 [DEBUG] Starting new HTTPS connection (1): www.google.com:443
14:20:11 [DEBUG] https://www.gstatic.com:443 "GET /generate_204 HTTP/1.1" 204 0
14:20:11 [DEBUG] Starting new HTTPS connection (1): dl.google.com:443
14:20:11 [DEBUG] Starting new HTTPS connection (1): www.google.com:443
14:20:12 [DEBUG] https://www.google.com:443 "GET /generate_204 HTTP/1.1" 204 0
14:20:12 [DEBUG] Starting new HTTPS connection (1): cp.cloudflare.com:443
14:20:12 [DEBUG] https://dl.google.com:443 "GET /dl/android/studio/install/3.4.1.0/android-studio-ide-183.5522156-windows.exe HTTP/1.1" 200 1017327996
14:20:12 [DEBUG] https://cp.cloudflare.com:443 "GET / HTTP/1.1" 204 0
14:20:12 [DEBUG] Starting new HTTPS connection (1): www.gstatic.com:443
14:20:12 [INFO]    🎯 45.15.162.85 (CY) - 49.6Mbps, 107ms UDP✅ 🛡️
14:20:12 [DEBUG] Starting new HTTPS connection (1): cp.cloudflare.com:443
14:20:12 [DEBUG] https://www.gstatic.com:443 "GET /generate_204 HTTP/1.1" 204 0
14:20:12 [DEBUG] Starting new HTTPS connection (1): dl.google.com:443
14:20:12 [DEBUG] https://dl.google.com:443 "GET /dl/android/studio/install/3.4.1.0/android-studio-ide-183.5522156-windows.exe HTTP/1.1" 200 1017327996
14:20:12 [DEBUG] Starting new HTTPS connection (1): www.gstatic.com:443
14:20:12 [DEBUG] https://dl.google.com:443 "GET /dl/android/studio/install/3.4.1.0/android-studio-ide-183.5522156-windows.exe HTTP/1.1" 200 1017327996
14:20:12 [DEBUG] Starting new HTTPS connection (1): www.gstatic.com:443
14:20:12 [DEBUG] Starting new HTTPS connection (1): www.google.com:443
14:20:12 [INFO]    🎯 95.141.35.101 (Италия) - 5.0Mbps, 367ms UDP❌ 🛡️
14:20:12 [INFO]    🎯 nl04-vlr01.tcp-reset-club.net (XX) - 20.9Mbps, 153ms UDP✅ 🛡️
14:20:13 [DEBUG] Starting new HTTPS connection (1): cp.cloudflare.com:443
14:20:13 [DEBUG] Starting new HTTPS connection (1): www.gstatic.com:443
14:20:13 [DEBUG] Starting new HTTPS connection (1): www.google.com:443
14:20:13 [DEBUG] Starting new HTTPS connection (1): cp.cloudflare.com:443
14:20:13 [DEBUG] Starting new HTTPS connection (1): www.gstatic.com:443
14:20:13 [DEBUG] Starting new HTTPS connection (1): cp.cloudflare.com:443
14:20:13 [DEBUG] Starting new HTTPS connection (1): www.gstatic.com:443
14:20:13 [DEBUG] Starting new HTTPS connection (1): www.google.com:443
14:20:13 [DEBUG] Starting new HTTPS connection (1): cp.cloudflare.com:443
14:20:13 [DEBUG] Starting new HTTPS connection (1): www.gstatic.com:443
14:20:13 [DEBUG] Starting new HTTPS connection (1): www.google.com:443
14:20:14 [DEBUG] Starting new HTTPS connection (1): www.google.com:443
14:20:14 [DEBUG] Starting new HTTPS connection (1): www.google.com:443
14:20:14 [DEBUG] Starting new HTTPS connection (1): cp.cloudflare.com:443
14:20:14 [DEBUG] Starting new HTTPS connection (1): www.google.com:443
14:20:14 [DEBUG] Starting new HTTPS connection (1): www.gstatic.com:443
14:20:14 [DEBUG] https://www.google.com:443 "GET /generate_204 HTTP/1.1" 204 0
14:20:14 [DEBUG] Starting new HTTPS connection (1): cp.cloudflare.com:443
14:20:14 [DEBUG] Starting new HTTPS connection (1): www.google.com:443
14:20:15 [DEBUG] https://www.gstatic.com:443 "GET /generate_204 HTTP/1.1" 204 0
14:20:15 [DEBUG] Starting new HTTPS connection (1): cp.cloudflare.com:443
14:20:15 [DEBUG] https://www.google.com:443 "GET /generate_204 HTTP/1.1" 204 0
14:20:15 [DEBUG] Starting new HTTPS connection (1): cp.cloudflare.com:443
14:20:15 [DEBUG] https://cp.cloudflare.com:443 "GET / HTTP/1.1" 204 0
14:20:15 [DEBUG] Starting new HTTPS connection (1): www.gstatic.com:443
14:20:15 [DEBUG] https://www.gstatic.com:443 "GET /generate_204 HTTP/1.1" 204 0
14:20:15 [DEBUG] Starting new HTTPS connection (1): cp.cloudflare.com:443
14:20:15 [DEBUG] Starting new HTTPS connection (1): dl.google.com:443
14:20:15 [INFO]    🎯 5.35.44.110 (Нидерланды) - 0.6Mbps, 4193ms UDP✅ 🛡️
14:20:15 [DEBUG] https://dl.google.com:443 "GET /dl/android/studio/install/3.4.1.0/android-studio-ide-183.5522156-windows.exe HTTP/1.1" 200 1017327996
14:20:15 [DEBUG] Starting new HTTPS connection (1): www.gstatic.com:443
14:20:15 [INFO]    🎯 c6.play2go.cloud (XX) - 50.6Mbps, 118ms UDP✅ 🛡️
14:20:15 [DEBUG] Starting new HTTPS connection (1): www.google.com:443
14:20:16 [DEBUG] Starting new HTTPS connection (1): www.google.com:443
14:20:16 [DEBUG] Starting new HTTPS connection (1): cp.cloudflare.com:443
14:20:16 [DEBUG] Starting new HTTPS connection (1): www.gstatic.com:443
14:20:16 [DEBUG] https://cp.cloudflare.com:443 "GET / HTTP/1.1" 204 0
14:20:16 [DEBUG] Starting new HTTPS connection (1): www.gstatic.com:443
14:20:16 [DEBUG] Starting new HTTPS connection (1): cp.cloudflare.com:443
14:20:16 [DEBUG] Starting new HTTPS connection (1): www.google.com:443
14:20:16 [DEBUG] Starting new HTTPS connection (1): cp.cloudflare.com:443
14:20:16 [DEBUG] Starting new HTTPS connection (1): www.google.com:443
14:20:16 [DEBUG] Starting new HTTPS connection (1): www.gstatic.com:443
14:20:16 [DEBUG] Starting new HTTPS connection (1): cp.cloudflare.com:443
14:20:16 [DEBUG] https://www.gstatic.com:443 "GET /generate_204 HTTP/1.1" 204 0
14:20:16 [DEBUG] Starting new HTTPS connection (1): www.gstatic.com:443
14:20:17 [DEBUG] Starting new HTTPS connection (1): dl.google.com:443
14:20:17 [DEBUG] Starting new HTTPS connection (1): www.google.com:443
14:20:17 [DEBUG] https://dl.google.com:443 "GET /dl/android/studio/install/3.4.1.0/android-studio-ide-183.5522156-windows.exe HTTP/1.1" 200 1017327996
14:20:17 [INFO]    🎯 nl01-gmn02-vlr01.tcp-reset-club.net (XX) - 20.0Mbps, 703ms UDP✅ 🛡️
14:20:17 [DEBUG] Starting new HTTPS connection (1): www.google.com:443
14:20:17 [DEBUG] Starting new HTTPS connection (1): www.google.com:443
14:20:17 [DEBUG] Starting new HTTPS connection (1): www.google.com:443
14:20:17 [DEBUG] Starting new HTTPS connection (1): cp.cloudflare.com:443
14:20:18 [DEBUG] Starting new HTTPS connection (1): cp.cloudflare.com:443
14:20:18 [DEBUG] Starting new HTTPS connection (1): cp.cloudflare.com:443
14:20:18 [DEBUG] Starting new HTTPS connection (1): www.gstatic.com:443
14:20:18 [DEBUG] Starting new HTTPS connection (1): www.gstatic.com:443
14:20:18 [DEBUG] Starting new HTTPS connection (1): www.gstatic.com:443
14:20:18 [DEBUG] Starting new HTTPS connection (1): www.google.com:443
14:20:18 [DEBUG] Starting new HTTPS connection (1): cp.cloudflare.com:443
14:20:18 [DEBUG] Starting new HTTPS connection (1): www.gstatic.com:443
14:20:18 [DEBUG] Starting new HTTPS connection (1): www.gstatic.com:443
14:20:18 [DEBUG] Starting new HTTPS connection (1): www.google.com:443
14:20:19 [DEBUG] Starting new HTTPS connection (1): cp.cloudflare.com:443
14:20:19 [DEBUG] Starting new HTTPS connection (1): www.gstatic.com:443
14:20:19 [DEBUG] Starting new HTTPS connection (1): www.google.com:443
14:20:19 [DEBUG] Starting new HTTPS connection (1): www.google.com:443
14:20:19 [DEBUG] Starting new HTTPS connection (1): cp.cloudflare.com:443
14:20:19 [DEBUG] https://www.gstatic.com:443 "GET /generate_204 HTTP/1.1" 204 0
14:20:19 [DEBUG] Starting new HTTPS connection (1): www.gstatic.com:443
14:20:19 [DEBUG] Starting new HTTPS connection (1): dl.google.com:443
14:20:20 [DEBUG] Starting new HTTPS connection (1): www.gstatic.com:443
14:20:20 [DEBUG] Starting new HTTPS connection (1): www.google.com:443
14:20:21 [DEBUG] Starting new HTTPS connection (1): cp.cloudflare.com:443
14:20:21 [DEBUG] Starting new HTTPS connection (1): www.gstatic.com:443
14:20:21 [DEBUG] Starting new HTTPS connection (1): www.gstatic.com:443
14:20:21 [DEBUG] Starting new HTTPS connection (1): cp.cloudflare.com:443
14:20:21 [DEBUG] Starting new HTTPS connection (1): www.google.com:443
14:20:22 [DEBUG] Starting new HTTPS connection (1): cp.cloudflare.com:443
14:20:22 [DEBUG] Starting new HTTPS connection (1): www.google.com:443
14:20:22 [DEBUG] Starting new HTTPS connection (1): www.gstatic.com:443
14:20:22 [DEBUG] Starting new HTTPS connection (1): cp.cloudflare.com:443
14:20:22 [DEBUG] Starting new HTTPS connection (1): www.gstatic.com:443
14:20:22 [DEBUG] Starting new HTTPS connection (1): cp.cloudflare.com:443
14:20:23 [DEBUG] Starting new HTTPS connection (1): www.google.com:443
14:20:23 [DEBUG] Starting new HTTPS connection (1): www.google.com:443
14:20:23 [DEBUG] Starting new HTTPS connection (1): www.google.com:443
14:20:23 [DEBUG] Starting new HTTPS connection (1): cp.cloudflare.com:443
14:20:23 [DEBUG] Starting new HTTPS connection (1): www.google.com:443
14:20:23 [DEBUG] Starting new HTTPS connection (1): www.gstatic.com:443
14:20:23 [DEBUG] Starting new HTTPS connection (1): cp.cloudflare.com:443
14:20:23 [DEBUG] https://www.google.com:443 "GET /generate_204 HTTP/1.1" 204 0
14:20:23 [DEBUG] Starting new HTTPS connection (1): cp.cloudflare.com:443
14:20:23 [DEBUG] Starting new HTTPS connection (1): www.gstatic.com:443
14:20:23 [DEBUG] https://cp.cloudflare.com:443 "GET / HTTP/1.1" 204 0
14:20:23 [DEBUG] Starting new HTTPS connection (1): www.gstatic.com:443
14:20:23 [DEBUG] https://www.gstatic.com:443 "GET /generate_204 HTTP/1.1" 204 0
14:20:23 [DEBUG] Starting new HTTPS connection (1): dl.google.com:443
14:20:23 [DEBUG] https://dl.google.com:443 "GET /dl/android/studio/install/3.4.1.0/android-studio-ide-183.5522156-windows.exe HTTP/1.1" 200 1017327996
14:20:23 [INFO]    🎯 uk2.miyazono-kaori.com (XX) - 58.6Mbps, 122ms UDP✅ 🛡️
14:20:24 [DEBUG] Starting new HTTPS connection (1): www.google.com:443
14:20:24 [DEBUG] Starting new HTTPS connection (1): www.google.com:443
14:20:24 [DEBUG] Starting new HTTPS connection (1): www.google.com:443
14:20:24 [DEBUG] Starting new HTTPS connection (1): cp.cloudflare.com:443
14:20:24 [DEBUG] Starting new HTTPS connection (1): cp.cloudflare.com:443
14:20:24 [DEBUG] Starting new HTTPS connection (1): www.gstatic.com:443
14:20:24 [DEBUG] Starting new HTTPS connection (1): www.google.com:443
14:20:24 [DEBUG] Starting new HTTPS connection (1): www.gstatic.com:443
14:20:24 [DEBUG] Starting new HTTPS connection (1): www.google.com:443
14:20:24 [DEBUG] Starting new HTTPS connection (1): cp.cloudflare.com:443
14:20:24 [DEBUG] Starting new HTTPS connection (1): www.gstatic.com:443
14:20:24 [DEBUG] Starting new HTTPS connection (1): cp.cloudflare.com:443
14:20:25 [INFO]    🎯 ak2.vpnfreedom.tech (XX) - 0.0Mbps, 785ms UDP✅ 🛡️
14:20:25 [DEBUG] Starting new HTTPS connection (1): cp.cloudflare.com:443
14:20:25 [DEBUG] https://cp.cloudflare.com:443 "GET / HTTP/1.1" 204 0
14:20:25 [DEBUG] Starting new HTTPS connection (1): www.gstatic.com:443
14:20:25 [DEBUG] Starting new HTTPS connection (1): www.gstatic.com:443
14:20:25 [DEBUG] Starting new HTTPS connection (1): www.gstatic.com:443
14:20:25 [DEBUG] Starting new HTTPS connection (1): cp.cloudflare.com:443
14:20:25 [DEBUG] Starting new HTTPS connection (1): www.google.com:443
14:20:25 [DEBUG] Starting new HTTPS connection (1): www.google.com:443
14:20:25 [DEBUG] Starting new HTTPS connection (1): www.google.com:443
14:20:26 [DEBUG] Starting new HTTPS connection (1): www.google.com:443
14:20:26 [DEBUG] https://www.google.com:443 "GET /generate_204 HTTP/1.1" 204 0
14:20:26 [DEBUG] Starting new HTTPS connection (1): cp.cloudflare.com:443
14:20:26 [DEBUG] Starting new HTTPS connection (1): cp.cloudflare.com:443
14:20:26 [DEBUG] Starting new HTTPS connection (1): www.gstatic.com:443
14:20:26 [DEBUG] Starting new HTTPS connection (1): cp.cloudflare.com:443
14:20:26 [DEBUG] Starting new HTTPS connection (1): cp.cloudflare.com:443
14:20:26 [DEBUG] Starting new HTTPS connection (1): www.gstatic.com:443
14:20:26 [DEBUG] Starting new HTTPS connection (1): www.gstatic.com:443
14:20:26 [INFO]    📊 Глобальные: 280/400 (70%) | ✅71 ❌209
14:20:26 [DEBUG] https://cp.cloudflare.com:443 "GET / HTTP/1.1" 204 0
14:20:26 [DEBUG] Starting new HTTPS connection (1): www.gstatic.com:443
14:20:26 [DEBUG] https://www.gstatic.com:443 "GET /generate_204 HTTP/1.1" 204 0
14:20:26 [DEBUG] https://cp.cloudflare.com:443 "GET / HTTP/1.1" 204 0
14:20:26 [DEBUG] Starting new HTTPS connection (1): www.gstatic.com:443
14:20:26 [DEBUG] Starting new HTTPS connection (1): www.google.com:443
14:20:26 [DEBUG] Starting new HTTPS connection (1): cp.cloudflare.com:443
14:20:26 [DEBUG] Starting new HTTPS connection (1): www.gstatic.com:443
14:20:26 [DEBUG] Starting new HTTPS connection (1): cp.cloudflare.com:443
14:20:27 [DEBUG] Starting new HTTPS connection (1): www.google.com:443
14:20:27 [DEBUG] Starting new HTTPS connection (1): dl.google.com:443
14:20:27 [DEBUG] Starting new HTTPS connection (1): cp.cloudflare.com:443
14:20:27 [DEBUG] Starting new HTTPS connection (1): www.gstatic.com:443
14:20:27 [DEBUG] https://dl.google.com:443 "GET /dl/android/studio/install/3.4.1.0/android-studio-ide-183.5522156-windows.exe HTTP/1.1" 200 1017327996
14:20:27 [DEBUG] Starting new HTTPS connection (1): www.google.com:443
14:20:27 [INFO]    🎯 swe01-vlr01.tcp-reset-club.net (XX) - 43.7Mbps, 268ms UDP✅ 🛡️
14:20:27 [DEBUG] Starting new HTTPS connection (1): www.google.com:443
14:20:27 [DEBUG] Starting new HTTPS connection (1): www.gstatic.com:443
14:20:28 [DEBUG] Starting new HTTPS connection (1): www.google.com:443
14:20:28 [DEBUG] Starting new HTTPS connection (1): cp.cloudflare.com:443
14:20:28 [DEBUG] Starting new HTTPS connection (1): www.google.com:443
14:20:28 [DEBUG] Starting new HTTPS connection (1): www.gstatic.com:443
14:20:28 [DEBUG] Starting new HTTPS connection (1): www.google.com:443
14:20:28 [DEBUG] Starting new HTTPS connection (1): cp.cloudflare.com:443
14:20:28 [DEBUG] Starting new HTTPS connection (1): cp.cloudflare.com:443
14:20:28 [DEBUG] Starting new HTTPS connection (1): www.gstatic.com:443
14:20:28 [DEBUG] Starting new HTTPS connection (1): www.gstatic.com:443
14:20:28 [DEBUG] Starting new HTTPS connection (1): www.google.com:443
14:20:28 [DEBUG] Starting new HTTPS connection (1): cp.cloudflare.com:443
14:20:28 [DEBUG] Starting new HTTPS connection (1): www.gstatic.com:443
14:20:29 [DEBUG] Starting new HTTPS connection (1): www.google.com:443
14:20:29 [DEBUG] Starting new HTTPS connection (1): www.gstatic.com:443
14:20:29 [DEBUG] Starting new HTTPS connection (1): www.google.com:443
14:20:29 [DEBUG] Starting new HTTPS connection (1): www.google.com:443
14:20:29 [DEBUG] Starting new HTTPS connection (1): cp.cloudflare.com:443
14:20:29 [DEBUG] Starting new HTTPS connection (1): cp.cloudflare.com:443
14:20:29 [DEBUG] Starting new HTTPS connection (1): www.gstatic.com:443
14:20:29 [DEBUG] Starting new HTTPS connection (1): cp.cloudflare.com:443
14:20:29 [DEBUG] Starting new HTTPS connection (1): www.gstatic.com:443
14:20:29 [DEBUG] Starting new HTTPS connection (1): www.google.com:443
14:20:30 [DEBUG] Starting new HTTPS connection (1): www.google.com:443
14:20:30 [DEBUG] Starting new HTTPS connection (1): cp.cloudflare.com:443
14:20:30 [DEBUG] https://www.google.com:443 "GET /generate_204 HTTP/1.1" 204 0
14:20:30 [DEBUG] Starting new HTTPS connection (1): cp.cloudflare.com:443
14:20:30 [DEBUG] Starting new HTTPS connection (1): cp.cloudflare.com:443
14:20:30 [DEBUG] https://cp.cloudflare.com:443 "GET / HTTP/1.1" 204 0
14:20:30 [DEBUG] Starting new HTTPS connection (1): www.gstatic.com:443
14:20:30 [DEBUG] https://www.gstatic.com:443 "GET /generate_204 HTTP/1.1" 204 0
14:20:30 [DEBUG] Starting new HTTPS connection (1): dl.google.com:443
14:20:30 [DEBUG] https://dl.google.com:443 "GET /dl/android/studio/install/3.4.1.0/android-studio-ide-183.5522156-windows.exe HTTP/1.1" 200 1017327996
14:20:30 [INFO]    🎯 uk1.miyazono-kaori.com (XX) - 57.8Mbps, 122ms UDP✅ 🛡️
14:20:30 [DEBUG] Starting new HTTPS connection (1): www.google.com:443
14:20:30 [DEBUG] Starting new HTTPS connection (1): www.google.com:443
14:20:30 [DEBUG] Starting new HTTPS connection (1): cp.cloudflare.com:443
14:20:30 [DEBUG] Starting new HTTPS connection (1): www.google.com:443
14:20:30 [DEBUG] Starting new HTTPS connection (1): www.gstatic.com:443
14:20:31 [DEBUG] Starting new HTTPS connection (1): cp.cloudflare.com:443
14:20:31 [DEBUG] Starting new HTTPS connection (1): www.gstatic.com:443
14:20:31 [DEBUG] Starting new HTTPS connection (1): www.gstatic.com:443
14:20:31 [DEBUG] Starting new HTTPS connection (1): www.google.com:443
14:20:31 [DEBUG] Starting new HTTPS connection (1): www.google.com:443
14:20:31 [DEBUG] Starting new HTTPS connection (1): cp.cloudflare.com:443
14:20:31 [DEBUG] Starting new HTTPS connection (1): cp.cloudflare.com:443
14:20:31 [DEBUG] https://www.google.com:443 "GET /generate_204 HTTP/1.1" 204 0
14:20:31 [DEBUG] Starting new HTTPS connection (1): cp.cloudflare.com:443
14:20:31 [DEBUG] Starting new HTTPS connection (1): www.gstatic.com:443
14:20:31 [DEBUG] Starting new HTTPS connection (1): www.gstatic.com:443
14:20:32 [DEBUG] Starting new HTTPS connection (1): www.google.com:443
14:20:32 [DEBUG] Starting new HTTPS connection (1): www.google.com:443
14:20:32 [DEBUG] Starting new HTTPS connection (1): www.google.com:443
14:20:32 [DEBUG] Starting new HTTPS connection (1): cp.cloudflare.com:443
14:20:32 [DEBUG] Starting new HTTPS connection (1): www.gstatic.com:443
14:20:32 [DEBUG] https://cp.cloudflare.com:443 "GET / HTTP/1.1" 204 0
14:20:32 [DEBUG] Starting new HTTPS connection (1): www.gstatic.com:443
14:20:32 [DEBUG] Starting new HTTPS connection (1): cp.cloudflare.com:443
14:20:32 [DEBUG] https://www.gstatic.com:443 "GET /generate_204 HTTP/1.1" 204 0
14:20:32 [DEBUG] Starting new HTTPS connection (1): www.google.com:443
14:20:33 [DEBUG] Starting new HTTPS connection (1): www.gstatic.com:443
14:20:33 [DEBUG] Starting new HTTPS connection (1): www.google.com:443
14:20:33 [DEBUG] Starting new HTTPS connection (1): www.google.com:443
14:20:33 [DEBUG] Starting new HTTPS connection (1): cp.cloudflare.com:443
14:20:33 [DEBUG] Starting new HTTPS connection (1): cp.cloudflare.com:443
14:20:33 [DEBUG] Starting new HTTPS connection (1): www.gstatic.com:443
14:20:33 [DEBUG] Starting new HTTPS connection (1): www.gstatic.com:443
14:20:33 [DEBUG] Starting new HTTPS connection (1): www.gstatic.com:443
14:20:33 [DEBUG] Starting new HTTPS connection (1): www.gstatic.com:443
14:20:33 [DEBUG] Starting new HTTPS connection (1): cp.cloudflare.com:443
14:20:33 [DEBUG] Starting new HTTPS connection (1): www.google.com:443
14:20:33 [DEBUG] Starting new HTTPS connection (1): dl.google.com:443
14:20:33 [DEBUG] Starting new HTTPS connection (1): cp.cloudflare.com:443
14:20:33 [DEBUG] Starting new HTTPS connection (1): www.gstatic.com:443
14:20:33 [DEBUG] Starting new HTTPS connection (1): www.gstatic.com:443
14:20:34 [DEBUG] https://dl.google.com:443 "GET /dl/android/studio/install/3.4.1.0/android-studio-ide-183.5522156-windows.exe HTTP/1.1" 200 1017327996
14:20:34 [DEBUG] https://www.google.com:443 "GET /generate_204 HTTP/1.1" 204 0
14:20:34 [DEBUG] Starting new HTTPS connection (1): cp.cloudflare.com:443
14:20:34 [DEBUG] Starting new HTTPS connection (1): cp.cloudflare.com:443
14:20:34 [INFO]    🎯 panelsaf.netvip1.ru (XX) - 18.1Mbps, 687ms UDP✅ 🛡️
14:20:34 [DEBUG] Starting new HTTPS connection (1): www.google.com:443
14:20:34 [DEBUG] Starting new HTTPS connection (1): www.gstatic.com:443
14:20:34 [DEBUG] Starting new HTTPS connection (1): www.google.com:443
14:20:34 [DEBUG] Starting new HTTPS connection (1): cp.cloudflare.com:443
14:20:34 [DEBUG] https://cp.cloudflare.com:443 "GET / HTTP/1.1" 204 0
14:20:34 [DEBUG] Starting new HTTPS connection (1): www.gstatic.com:443
14:20:34 [DEBUG] Starting new HTTPS connection (1): cp.cloudflare.com:443
14:20:34 [DEBUG] Starting new HTTPS connection (1): www.gstatic.com:443
14:20:34 [DEBUG] Starting new HTTPS connection (1): www.gstatic.com:443
14:20:34 [DEBUG] Starting new HTTPS connection (1): www.google.com:443
14:20:34 [DEBUG] Starting new HTTPS connection (1): www.google.com:443
14:20:35 [DEBUG] Starting new HTTPS connection (1): cp.cloudflare.com:443
14:20:35 [DEBUG] Starting new HTTPS connection (1): www.google.com:443
14:20:35 [DEBUG] Starting new HTTPS connection (1): cp.cloudflare.com:443
14:20:35 [DEBUG] Starting new HTTPS connection (1): www.gstatic.com:443
14:20:35 [DEBUG] Starting new HTTPS connection (1): www.google.com:443
14:20:35 [DEBUG] Starting new HTTPS connection (1): www.gstatic.com:443
14:20:35 [DEBUG] Starting new HTTPS connection (1): cp.cloudflare.com:443
14:20:35 [DEBUG] Starting new HTTPS connection (1): www.gstatic.com:443
14:20:35 [DEBUG] Starting new HTTPS connection (1): www.google.com:443
14:20:35 [DEBUG] Starting new HTTPS connection (1): www.google.com:443
14:20:35 [DEBUG] Starting new HTTPS connection (1): cp.cloudflare.com:443
14:20:35 [DEBUG] Starting new HTTPS connection (1): www.google.com:443
14:20:35 [DEBUG] Starting new HTTPS connection (1): www.gstatic.com:443
14:20:36 [DEBUG] Starting new HTTPS connection (1): cp.cloudflare.com:443
14:20:36 [DEBUG] Starting new HTTPS connection (1): cp.cloudflare.com:443
14:20:36 [DEBUG] Starting new HTTPS connection (1): www.gstatic.com:443
14:20:36 [DEBUG] Starting new HTTPS connection (1): www.google.com:443
14:20:36 [DEBUG] Starting new HTTPS connection (1): www.gstatic.com:443
14:20:36 [DEBUG] Starting new HTTPS connection (1): cp.cloudflare.com:443
14:20:36 [DEBUG] Starting new HTTPS connection (1): www.gstatic.com:443
14:20:36 [DEBUG] Starting new HTTPS connection (1): www.google.com:443
14:20:36 [DEBUG] Starting new HTTPS connection (1): www.google.com:443
14:20:36 [DEBUG] Starting new HTTPS connection (1): www.google.com:443
14:20:36 [DEBUG] Starting new HTTPS connection (1): www.google.com:443
14:20:37 [DEBUG] Starting new HTTPS connection (1): cp.cloudflare.com:443
14:20:37 [DEBUG] Starting new HTTPS connection (1): www.google.com:443
14:20:37 [DEBUG] Starting new HTTPS connection (1): cp.cloudflare.com:443
14:20:37 [DEBUG] Starting new HTTPS connection (1): www.gstatic.com:443
14:20:37 [DEBUG] Starting new HTTPS connection (1): cp.cloudflare.com:443
14:20:37 [DEBUG] Starting new HTTPS connection (1): www.gstatic.com:443
14:20:37 [DEBUG] https://www.google.com:443 "GET /generate_204 HTTP/1.1" 204 0
14:20:37 [DEBUG] Starting new HTTPS connection (1): cp.cloudflare.com:443
14:20:37 [DEBUG] Starting new HTTPS connection (1): www.google.com:443
14:20:37 [INFO]    📊 Глобальные: 320/400 (80%) | ✅74 ❌246
14:20:37 [DEBUG] Starting new HTTPS connection (1): www.gstatic.com:443
14:20:37 [DEBUG] Starting new HTTPS connection (1): cp.cloudflare.com:443
14:20:37 [DEBUG] Starting new HTTPS connection (1): www.gstatic.com:443
14:20:37 [DEBUG] Starting new HTTPS connection (1): www.google.com:443
14:20:37 [DEBUG] https://cp.cloudflare.com:443 "GET / HTTP/1.1" 204 0
14:20:37 [DEBUG] Starting new HTTPS connection (1): www.gstatic.com:443
14:20:37 [DEBUG] Starting new HTTPS connection (1): cp.cloudflare.com:443
14:20:38 [DEBUG] Starting new HTTPS connection (1): www.google.com:443
14:20:38 [DEBUG] Starting new HTTPS connection (1): www.gstatic.com:443
14:20:38 [DEBUG] Starting new HTTPS connection (1): cp.cloudflare.com:443
14:20:38 [DEBUG] Starting new HTTPS connection (1): www.gstatic.com:443
14:20:38 [DEBUG] Starting new HTTPS connection (1): www.google.com:443
14:20:38 [DEBUG] https://www.gstatic.com:443 "GET /generate_204 HTTP/1.1" 204 0
14:20:38 [DEBUG] Starting new HTTPS connection (1): www.google.com:443
14:20:38 [DEBUG] Starting new HTTPS connection (1): cp.cloudflare.com:443
14:20:38 [DEBUG] Starting new HTTPS connection (1): www.google.com:443
14:20:38 [DEBUG] Starting new HTTPS connection (1): www.gstatic.com:443
14:20:38 [DEBUG] Starting new HTTPS connection (1): cp.cloudflare.com:443
14:20:38 [DEBUG] Starting new HTTPS connection (1): cp.cloudflare.com:443
14:20:38 [DEBUG] Starting new HTTPS connection (1): www.google.com:443
14:20:38 [DEBUG] Starting new HTTPS connection (1): www.gstatic.com:443
14:20:38 [DEBUG] Starting new HTTPS connection (1): dl.google.com:443
14:20:38 [DEBUG] Starting new HTTPS connection (1): cp.cloudflare.com:443
14:20:38 [DEBUG] Starting new HTTPS connection (1): www.gstatic.com:443
14:20:39 [DEBUG] https://cp.cloudflare.com:443 "GET / HTTP/1.1" 204 0
14:20:39 [DEBUG] Starting new HTTPS connection (1): www.gstatic.com:443
14:20:39 [DEBUG] Starting new HTTPS connection (1): www.google.com:443
14:20:39 [DEBUG] Starting new HTTPS connection (1): cp.cloudflare.com:443
14:20:39 [DEBUG] https://dl.google.com:443 "GET /dl/android/studio/install/3.4.1.0/android-studio-ide-183.5522156-windows.exe HTTP/1.1" 200 1017327996
14:20:39 [DEBUG] Starting new HTTPS connection (1): www.gstatic.com:443
14:20:39 [DEBUG] Starting new HTTPS connection (1): www.google.com:443
14:20:39 [DEBUG] Starting new HTTPS connection (1): cp.cloudflare.com:443
14:20:39 [DEBUG] Starting new HTTPS connection (1): www.google.com:443
14:20:39 [INFO]    🎯 45.12.143.191 (Турция) - 15.2Mbps, 582ms UDP✅ 🛡️
14:20:39 [DEBUG] Starting new HTTPS connection (1): www.gstatic.com:443
14:20:39 [DEBUG] Starting new HTTPS connection (1): www.google.com:443
14:20:40 [DEBUG] Starting new HTTPS connection (1): cp.cloudflare.com:443
14:20:40 [DEBUG] Starting new HTTPS connection (1): www.gstatic.com:443
14:20:40 [DEBUG] Starting new HTTPS connection (1): www.google.com:443
14:20:40 [DEBUG] Starting new HTTPS connection (1): cp.cloudflare.com:443
14:20:40 [DEBUG] Starting new HTTPS connection (1): www.gstatic.com:443
14:20:40 [DEBUG] Starting new HTTPS connection (1): cp.cloudflare.com:443
14:20:40 [DEBUG] Starting new HTTPS connection (1): www.google.com:443
14:20:40 [DEBUG] Starting new HTTPS connection (1): www.google.com:443
14:20:41 [DEBUG] Starting new HTTPS connection (1): www.google.com:443
14:20:41 [DEBUG] Starting new HTTPS connection (1): cp.cloudflare.com:443
14:20:41 [DEBUG] Starting new HTTPS connection (1): cp.cloudflare.com:443
14:20:41 [DEBUG] https://cp.cloudflare.com:443 "GET / HTTP/1.1" 204 0
14:20:41 [DEBUG] Starting new HTTPS connection (1): www.gstatic.com:443
14:20:41 [DEBUG] Starting new HTTPS connection (1): www.google.com:443
14:20:41 [DEBUG] Starting new HTTPS connection (1): www.google.com:443
14:20:41 [DEBUG] Starting new HTTPS connection (1): dl.google.com:443
14:20:41 [DEBUG] https://www.gstatic.com:443 "GET /generate_204 HTTP/1.1" 204 0
14:20:41 [DEBUG] https://www.google.com:443 "GET /generate_204 HTTP/1.1" 204 0
14:20:41 [DEBUG] Starting new HTTPS connection (1): cp.cloudflare.com:443
14:20:41 [DEBUG] Starting new HTTPS connection (1): dl.google.com:443
14:20:41 [INFO]    🎯 yellowbluegreenred.worldwebhunter.com (XX) - 0.0Mbps, 252ms UDP✅ 🛡️
14:20:41 [DEBUG] https://cp.cloudflare.com:443 "GET / HTTP/1.1" 204 0
14:20:41 [DEBUG] Starting new HTTPS connection (1): www.gstatic.com:443
14:20:41 [DEBUG] Starting new HTTPS connection (1): cp.cloudflare.com:443
14:20:42 [DEBUG] https://www.gstatic.com:443 "GET /generate_204 HTTP/1.1" 204 0
14:20:42 [DEBUG] Starting new HTTPS connection (1): dl.google.com:443
14:20:42 [DEBUG] Starting new HTTPS connection (1): www.google.com:443
14:20:42 [DEBUG] https://dl.google.com:443 "GET /dl/android/studio/install/3.4.1.0/android-studio-ide-183.5522156-windows.exe HTTP/1.1" 200 1017327996
14:20:43 [DEBUG] Starting new HTTPS connection (1): www.gstatic.com:443
14:20:43 [INFO]    🎯 94.131.123.167 (Турция) - 11.2Mbps, 286ms UDP✅ 🛡️
14:20:43 [DEBUG] Starting new HTTPS connection (1): www.gstatic.com:443
14:20:43 [DEBUG] Starting new HTTPS connection (1): cp.cloudflare.com:443
14:20:44 [DEBUG] Starting new HTTPS connection (1): www.google.com:443
14:20:44 [DEBUG] Starting new HTTPS connection (1): www.gstatic.com:443
14:20:44 [DEBUG] Starting new HTTPS connection (1): cp.cloudflare.com:443
14:20:44 [DEBUG] Starting new HTTPS connection (1): www.gstatic.com:443
14:20:44 [DEBUG] Starting new HTTPS connection (1): www.google.com:443
14:20:44 [DEBUG] https://www.google.com:443 "GET /generate_204 HTTP/1.1" 204 0
14:20:44 [DEBUG] Starting new HTTPS connection (1): cp.cloudflare.com:443
14:20:44 [DEBUG] Starting new HTTPS connection (1): cp.cloudflare.com:443
14:20:44 [DEBUG] Starting new HTTPS connection (1): www.gstatic.com:443
14:20:44 [DEBUG] https://dl.google.com:443 "GET /dl/android/studio/install/3.4.1.0/android-studio-ide-183.5522156-windows.exe HTTP/1.1" 200 1017327996
14:20:45 [DEBUG] https://www.google.com:443 "GET /generate_204 HTTP/1.1" 204 0
14:20:45 [DEBUG] Starting new HTTPS connection (1): cp.cloudflare.com:443
14:20:45 [DEBUG] Starting new HTTPS connection (1): www.google.com:443
14:20:45 [DEBUG] Starting new HTTPS connection (1): cp.cloudflare.com:443
14:20:46 [DEBUG] Starting new HTTPS connection (1): www.google.com:443
14:20:46 [DEBUG] Starting new HTTPS connection (1): www.gstatic.com:443
14:20:46 [DEBUG] Starting new HTTPS connection (1): cp.cloudflare.com:443
14:20:46 [DEBUG] Starting new HTTPS connection (1): www.gstatic.com:443
14:20:46 [DEBUG] Starting new HTTPS connection (1): www.gstatic.com:443
14:20:46 [DEBUG] Starting new HTTPS connection (1): cp.cloudflare.com:443
14:20:46 [DEBUG] Starting new HTTPS connection (1): www.google.com:443
14:20:46 [DEBUG] Starting new HTTPS connection (1): www.google.com:443
14:20:46 [DEBUG] Starting new HTTPS connection (1): cp.cloudflare.com:443
14:20:47 [DEBUG] Starting new HTTPS connection (1): www.gstatic.com:443
14:20:47 [DEBUG] Starting new HTTPS connection (1): www.google.com:443
14:20:47 [DEBUG] https://www.google.com:443 "GET /generate_204 HTTP/1.1" 204 0
14:20:47 [DEBUG] Starting new HTTPS connection (1): cp.cloudflare.com:443
14:20:47 [DEBUG] Starting new HTTPS connection (1): www.google.com:443
14:20:47 [DEBUG] Starting new HTTPS connection (1): cp.cloudflare.com:443
14:20:47 [DEBUG] Starting new HTTPS connection (1): www.google.com:443
14:20:47 [DEBUG] Starting new HTTPS connection (1): cp.cloudflare.com:443
14:20:47 [DEBUG] Starting new HTTPS connection (1): www.gstatic.com:443
14:20:47 [DEBUG] Starting new HTTPS connection (1): www.gstatic.com:443
14:20:47 [DEBUG] Starting new HTTPS connection (1): cp.cloudflare.com:443
14:20:47 [DEBUG] Starting new HTTPS connection (1): www.gstatic.com:443
14:20:47 [DEBUG] https://cp.cloudflare.com:443 "GET / HTTP/1.1" 204 0
14:20:47 [DEBUG] Starting new HTTPS connection (1): www.gstatic.com:443
14:20:48 [DEBUG] Starting new HTTPS connection (1): www.google.com:443
14:20:48 [DEBUG] Starting new HTTPS connection (1): cp.cloudflare.com:443
14:20:48 [DEBUG] https://www.gstatic.com:443 "GET /generate_204 HTTP/1.1" 204 0
14:20:48 [DEBUG] Starting new HTTPS connection (1): www.gstatic.com:443
14:20:48 [DEBUG] Starting new HTTPS connection (1): www.gstatic.com:443
14:20:48 [DEBUG] Starting new HTTPS connection (1): www.google.com:443
14:20:48 [DEBUG] https://cp.cloudflare.com:443 "GET / HTTP/1.1" 204 0
14:20:48 [DEBUG] Starting new HTTPS connection (1): www.gstatic.com:443
14:20:48 [DEBUG] Starting new HTTPS connection (1): dl.google.com:443
14:20:48 [DEBUG] Starting new HTTPS connection (1): www.google.com:443
14:20:48 [DEBUG] Starting new HTTPS connection (1): cp.cloudflare.com:443
14:20:49 [DEBUG] Starting new HTTPS connection (1): www.google.com:443
14:20:49 [DEBUG] Starting new HTTPS connection (1): www.gstatic.com:443
14:20:49 [DEBUG] https://dl.google.com:443 "GET /dl/android/studio/install/3.4.1.0/android-studio-ide-183.5522156-windows.exe HTTP/1.1" 200 1017327996
14:20:49 [DEBUG] Starting new HTTPS connection (1): cp.cloudflare.com:443
14:20:49 [DEBUG] Starting new HTTPS connection (1): www.gstatic.com:443
14:20:49 [DEBUG] Starting new HTTPS connection (1): www.google.com:443
14:20:49 [DEBUG] Starting new HTTPS connection (1): www.google.com:443
14:20:50 [DEBUG] Starting new HTTPS connection (1): www.google.com:443
14:20:50 [DEBUG] Starting new HTTPS connection (1): cp.cloudflare.com:443
14:20:50 [DEBUG] Starting new HTTPS connection (1): www.google.com:443
14:20:50 [DEBUG] Starting new HTTPS connection (1): www.gstatic.com:443
14:20:50 [DEBUG] Starting new HTTPS connection (1): cp.cloudflare.com:443
14:20:50 [DEBUG] Starting new HTTPS connection (1): www.gstatic.com:443
14:20:50 [DEBUG] Starting new HTTPS connection (1): www.gstatic.com:443
14:20:51 [INFO]    🎯 v622430.hosted-by-vdsina.com (XX) - 4.9Mbps, 486ms UDP✅ 🛡️
14:20:51 [DEBUG] Starting new HTTPS connection (1): www.google.com:443
14:20:51 [DEBUG] https://www.gstatic.com:443 "GET /generate_204 HTTP/1.1" 204 0
14:20:51 [DEBUG] Starting new HTTPS connection (1): www.google.com:443
14:20:51 [DEBUG] Starting new HTTPS connection (1): cp.cloudflare.com:443
14:20:51 [DEBUG] Starting new HTTPS connection (1): cp.cloudflare.com:443
14:20:51 [DEBUG] Starting new HTTPS connection (1): www.gstatic.com:443
14:20:52 [DEBUG] Starting new HTTPS connection (1): cp.cloudflare.com:443
14:20:52 [DEBUG] Starting new HTTPS connection (1): www.google.com:443
14:20:52 [DEBUG] https://www.google.com:443 "GET /generate_204 HTTP/1.1" 204 0
14:20:52 [DEBUG] Starting new HTTPS connection (1): cp.cloudflare.com:443
14:20:52 [DEBUG] Starting new HTTPS connection (1): www.gstatic.com:443
14:20:52 [DEBUG] Starting new HTTPS connection (1): cp.cloudflare.com:443
14:20:52 [DEBUG] Starting new HTTPS connection (1): cp.cloudflare.com:443
14:20:52 [DEBUG] Starting new HTTPS connection (1): www.gstatic.com:443
14:20:53 [DEBUG] Starting new HTTPS connection (1): www.google.com:443
14:20:53 [DEBUG] https://cp.cloudflare.com:443 "GET / HTTP/1.1" 204 0
14:20:53 [DEBUG] Starting new HTTPS connection (1): www.gstatic.com:443
14:20:53 [DEBUG] Starting new HTTPS connection (1): www.google.com:443
14:20:53 [DEBUG] Starting new HTTPS connection (1): www.google.com:443
14:20:53 [DEBUG] Starting new HTTPS connection (1): cp.cloudflare.com:443
14:20:53 [DEBUG] Starting new HTTPS connection (1): dl.google.com:443
14:20:53 [DEBUG] Starting new HTTPS connection (1): cp.cloudflare.com:443
14:20:53 [DEBUG] Starting new HTTPS connection (1): www.gstatic.com:443
14:20:53 [DEBUG] Starting new HTTPS connection (1): cp.cloudflare.com:443
14:20:53 [DEBUG] Starting new HTTPS connection (1): www.google.com:443
14:20:54 [DEBUG] Starting new HTTPS connection (1): www.gstatic.com:443
14:20:54 [DEBUG] Starting new HTTPS connection (1): www.gstatic.com:443
14:20:54 [INFO]    📊 Глобальные: 360/400 (90%) | ✅78 ❌282
14:20:54 [DEBUG] Starting new HTTPS connection (1): www.gstatic.com:443
14:20:54 [DEBUG] https://www.google.com:443 "GET /generate_204 HTTP/1.1" 204 0
14:20:54 [DEBUG] Starting new HTTPS connection (1): cp.cloudflare.com:443
14:20:54 [DEBUG] https://cp.cloudflare.com:443 "GET / HTTP/1.1" 204 0
14:20:54 [DEBUG] Starting new HTTPS connection (1): www.gstatic.com:443
14:20:54 [DEBUG] Starting new HTTPS connection (1): www.google.com:443
14:20:55 [DEBUG] Starting new HTTPS connection (1): www.gstatic.com:443
14:20:55 [DEBUG] https://www.gstatic.com:443 "GET /generate_204 HTTP/1.1" 204 0
14:20:55 [DEBUG] Starting new HTTPS connection (1): www.google.com:443
14:20:55 [DEBUG] Starting new HTTPS connection (1): www.google.com:443
14:20:55 [DEBUG] https://www.gstatic.com:443 "GET /generate_204 HTTP/1.1" 204 0
14:20:55 [DEBUG] Starting new HTTPS connection (1): cp.cloudflare.com:443
14:20:55 [DEBUG] Starting new HTTPS connection (1): www.gstatic.com:443
14:20:55 [DEBUG] Starting new HTTPS connection (1): www.google.com:443
14:20:55 [DEBUG] Starting new HTTPS connection (1): cp.cloudflare.com:443
14:20:56 [DEBUG] Starting new HTTPS connection (1): www.gstatic.com:443
14:20:56 [DEBUG] Starting new HTTPS connection (1): www.google.com:443
14:20:57 [DEBUG] Starting new HTTPS connection (1): www.google.com:443
14:20:57 [DEBUG] Starting new HTTPS connection (1): cp.cloudflare.com:443
14:20:57 [DEBUG] Starting new HTTPS connection (1): www.gstatic.com:443
14:20:57 [DEBUG] Starting new HTTPS connection (1): cp.cloudflare.com:443
14:20:58 [DEBUG] Starting new HTTPS connection (1): www.google.com:443
14:20:58 [DEBUG] https://dl.google.com:443 "GET /dl/android/studio/install/3.4.1.0/android-studio-ide-183.5522156-windows.exe HTTP/1.1" 200 1017327996
14:20:58 [DEBUG] Starting new HTTPS connection (1): dl.google.com:443
14:20:58 [DEBUG] Starting new HTTPS connection (1): dl.google.com:443
14:20:58 [DEBUG] https://dl.google.com:443 "GET /dl/android/studio/install/3.4.1.0/android-studio-ide-183.5522156-windows.exe HTTP/1.1" 200 1017327996
14:20:58 [DEBUG] Starting new HTTPS connection (1): www.google.com:443
14:20:58 [DEBUG] Starting new HTTPS connection (1): www.google.com:443
14:20:58 [DEBUG] Starting new HTTPS connection (1): cp.cloudflare.com:443
14:20:58 [DEBUG] Starting new HTTPS connection (1): cp.cloudflare.com:443
14:20:58 [DEBUG] Starting new HTTPS connection (1): cp.cloudflare.com:443
14:20:58 [DEBUG] Starting new HTTPS connection (1): www.gstatic.com:443
14:20:59 [DEBUG] Starting new HTTPS connection (1): www.gstatic.com:443
14:20:59 [DEBUG] Starting new HTTPS connection (1): www.gstatic.com:443
14:20:59 [DEBUG] Starting new HTTPS connection (1): cp.cloudflare.com:443
14:20:59 [INFO]    🎯 dd.openaccessnode.com (XX) - 11.0Mbps, 422ms UDP❌ 🛡️
14:20:59 [DEBUG] Starting new HTTPS connection (1): www.gstatic.com:443
14:20:59 [INFO]    🎯 fl-2.bot-iphone.ru (XX) - 2.1Mbps, 3420ms UDP✅ 🛡️
14:21:00 [DEBUG] Starting new HTTPS connection (1): www.google.com:443
14:21:00 [DEBUG] Starting new HTTPS connection (1): www.google.com:443
14:21:00 [DEBUG] Starting new HTTPS connection (1): www.google.com:443
14:21:00 [DEBUG] Starting new HTTPS connection (1): www.google.com:443
14:21:00 [DEBUG] Starting new HTTPS connection (1): cp.cloudflare.com:443
14:21:00 [DEBUG] Starting new HTTPS connection (1): cp.cloudflare.com:443
14:21:00 [DEBUG] Starting new HTTPS connection (1): www.gstatic.com:443
14:21:00 [DEBUG] Starting new HTTPS connection (1): www.gstatic.com:443
14:21:00 [DEBUG] Starting new HTTPS connection (1): www.google.com:443
14:21:00 [DEBUG] Starting new HTTPS connection (1): cp.cloudflare.com:443
14:21:00 [DEBUG] Starting new HTTPS connection (1): cp.cloudflare.com:443
14:21:01 [DEBUG] Starting new HTTPS connection (1): www.google.com:443
14:21:01 [DEBUG] Starting new HTTPS connection (1): cp.cloudflare.com:443
14:21:01 [DEBUG] Starting new HTTPS connection (1): www.gstatic.com:443
14:21:01 [DEBUG] Starting new HTTPS connection (1): www.gstatic.com:443
14:21:01 [DEBUG] Starting new HTTPS connection (1): www.google.com:443
14:21:01 [DEBUG] Starting new HTTPS connection (1): www.google.com:443
14:21:01 [DEBUG] Starting new HTTPS connection (1): www.gstatic.com:443
14:21:01 [DEBUG] Starting new HTTPS connection (1): cp.cloudflare.com:443
14:21:01 [DEBUG] Starting new HTTPS connection (1): www.gstatic.com:443
14:21:01 [DEBUG] Starting new HTTPS connection (1): cp.cloudflare.com:443
14:21:01 [INFO]    🎯 ten5.astralweb.tech (XX) - 0.6Mbps, 1237ms UDP❌ 🛡️
14:21:02 [DEBUG] Starting new HTTPS connection (1): www.gstatic.com:443
14:21:02 [DEBUG] Starting new HTTPS connection (1): cp.cloudflare.com:443
14:21:02 [DEBUG] Starting new HTTPS connection (1): www.google.com:443
14:21:02 [DEBUG] Starting new HTTPS connection (1): www.google.com:443
14:21:03 [DEBUG] Starting new HTTPS connection (1): www.google.com:443
14:21:03 [DEBUG] Starting new HTTPS connection (1): www.google.com:443
14:21:03 [DEBUG] Starting new HTTPS connection (1): www.google.com:443
14:21:03 [DEBUG] Starting new HTTPS connection (1): cp.cloudflare.com:443
14:21:03 [DEBUG] Starting new HTTPS connection (1): cp.cloudflare.com:443
14:21:03 [DEBUG] Starting new HTTPS connection (1): cp.cloudflare.com:443
14:21:03 [DEBUG] Starting new HTTPS connection (1): cp.cloudflare.com:443
14:21:03 [DEBUG] Starting new HTTPS connection (1): www.gstatic.com:443
14:21:03 [DEBUG] Starting new HTTPS connection (1): www.gstatic.com:443
14:21:03 [DEBUG] https://dl.google.com:443 "GET /dl/android/studio/install/3.4.1.0/android-studio-ide-183.5522156-windows.exe HTTP/1.1" 200 1017327996
14:21:03 [DEBUG] Starting new HTTPS connection (1): www.gstatic.com:443
14:21:04 [DEBUG] Starting new HTTPS connection (1): www.gstatic.com:443
14:21:04 [DEBUG] Starting new HTTPS connection (1): www.google.com:443
14:21:04 [DEBUG] Starting new HTTPS connection (1): www.google.com:443
14:21:05 [DEBUG] Starting new HTTPS connection (1): www.gstatic.com:443
14:21:05 [DEBUG] Starting new HTTPS connection (1): cp.cloudflare.com:443
14:21:05 [DEBUG] Starting new HTTPS connection (1): cp.cloudflare.com:443
14:21:05 [DEBUG] Starting new HTTPS connection (1): www.gstatic.com:443
14:21:05 [DEBUG] Starting new HTTPS connection (1): www.google.com:443
14:21:05 [DEBUG] Starting new HTTPS connection (1): www.google.com:443
14:21:06 [DEBUG] Starting new HTTPS connection (1): cp.cloudflare.com:443
14:21:06 [DEBUG] Starting new HTTPS connection (1): www.gstatic.com:443
14:21:06 [DEBUG] https://www.google.com:443 "GET /generate_204 HTTP/1.1" 204 0
14:21:06 [DEBUG] Starting new HTTPS connection (1): cp.cloudflare.com:443
14:21:06 [DEBUG] Starting new HTTPS connection (1): www.google.com:443
14:21:07 [DEBUG] Starting new HTTPS connection (1): www.google.com:443
14:21:07 [DEBUG] Starting new HTTPS connection (1): www.gstatic.com:443
14:21:07 [DEBUG] Starting new HTTPS connection (1): cp.cloudflare.com:443
14:21:07 [DEBUG] Starting new HTTPS connection (1): cp.cloudflare.com:443
14:21:07 [DEBUG] Starting new HTTPS connection (1): www.google.com:443
14:21:07 [DEBUG] Starting new HTTPS connection (1): www.gstatic.com:443
14:21:08 [DEBUG] Starting new HTTPS connection (1): www.google.com:443
14:21:08 [DEBUG] Starting new HTTPS connection (1): cp.cloudflare.com:443
14:21:09 [DEBUG] Starting new HTTPS connection (1): cp.cloudflare.com:443
14:21:09 [DEBUG] Starting new HTTPS connection (1): cp.cloudflare.com:443
14:21:09 [DEBUG] Starting new HTTPS connection (1): www.gstatic.com:443
14:21:09 [DEBUG] Starting new HTTPS connection (1): www.gstatic.com:443
14:21:10 [DEBUG] https://cp.cloudflare.com:443 "GET / HTTP/1.1" 204 0
14:21:10 [DEBUG] Starting new HTTPS connection (1): www.gstatic.com:443
14:21:11 [DEBUG] Starting new HTTPS connection (1): www.google.com:443
14:21:11 [DEBUG] Starting new HTTPS connection (1): www.google.com:443
14:21:11 [DEBUG] Starting new HTTPS connection (1): www.gstatic.com:443
14:21:11 [DEBUG] Starting new HTTPS connection (1): www.gstatic.com:443
14:21:11 [DEBUG] Starting new HTTPS connection (1): cp.cloudflare.com:443
14:21:11 [DEBUG] Starting new HTTPS connection (1): www.gstatic.com:443
14:21:11 [DEBUG] https://www.google.com:443 "GET /generate_204 HTTP/1.1" 204 0
14:21:11 [DEBUG] Starting new HTTPS connection (1): cp.cloudflare.com:443
14:21:12 [DEBUG] https://cp.cloudflare.com:443 "GET / HTTP/1.1" 204 0
14:21:12 [DEBUG] Starting new HTTPS connection (1): www.gstatic.com:443
14:21:12 [DEBUG] https://www.gstatic.com:443 "GET /generate_204 HTTP/1.1" 204 0
14:21:13 [DEBUG] Starting new HTTPS connection (1): dl.google.com:443
14:21:13 [DEBUG] https://dl.google.com:443 "GET /dl/android/studio/install/3.4.1.0/android-studio-ide-183.5522156-windows.exe HTTP/1.1" 200 1017327996
14:21:14 [DEBUG] Starting new HTTPS connection (1): cp.cloudflare.com:443
14:21:15 [INFO]    🎯 srv4.outlinekeys.com (XX) - 6.2Mbps, 453ms UDP✅ 🛡️
14:21:15 [DEBUG] Starting new HTTPS connection (1): www.gstatic.com:443
14:21:17 [DEBUG] Starting new HTTPS connection (1): dl.google.com:443
14:21:18 [DEBUG] Starting new HTTPS connection (1): www.gstatic.com:443
14:21:18 [DEBUG] https://dl.google.com:443 "GET /dl/android/studio/install/3.4.1.0/android-studio-ide-183.5522156-windows.exe HTTP/1.1" 200 1017327996
14:21:20 [INFO]    🎯 gr.nodesecure.ru (XX) - 4.3Mbps, 3836ms UDP❌ 🛡️
14:21:21 [INFO]    🎯 api-c1.wiki-mobile-two.com (XX) - 0.6Mbps, 2209ms UDP❌ 🛡️
14:21:21 [INFO]    📊 Глобальные: 400/400 (100%) | ✅84 ❌316
14:21:22 [DEBUG] Starting new HTTPS connection (1): www.google.com:443
14:21:22 [DEBUG] Starting new HTTPS connection (1): www.google.com:443
14:21:22 [DEBUG] Starting new HTTPS connection (1): www.google.com:443
14:21:22 [DEBUG] Starting new HTTPS connection (1): www.google.com:443
14:21:22 [DEBUG] Starting new HTTPS connection (1): www.google.com:443
14:21:22 [DEBUG] Starting new HTTPS connection (1): www.google.com:443
14:21:22 [DEBUG] Starting new HTTPS connection (1): www.google.com:443
14:21:22 [DEBUG] Starting new HTTPS connection (1): www.google.com:443
14:21:22 [DEBUG] Starting new HTTPS connection (1): www.google.com:443
14:21:22 [DEBUG] Starting new HTTPS connection (1): www.google.com:443
14:21:22 [DEBUG] https://www.google.com:443 "GET /generate_204 HTTP/1.1" 204 0
14:21:22 [DEBUG] Starting new HTTPS connection (1): cp.cloudflare.com:443
14:21:22 [DEBUG] https://www.google.com:443 "GET /generate_204 HTTP/1.1" 204 0
14:21:22 [DEBUG] Starting new HTTPS connection (1): cp.cloudflare.com:443
14:21:22 [DEBUG] https://www.google.com:443 "GET /generate_204 HTTP/1.1" 204 0
14:21:22 [DEBUG] Starting new HTTPS connection (1): cp.cloudflare.com:443
14:21:22 [DEBUG] https://www.google.com:443 "GET /generate_204 HTTP/1.1" 204 0
14:21:22 [DEBUG] Starting new HTTPS connection (1): cp.cloudflare.com:443
14:21:22 [DEBUG] https://www.google.com:443 "GET /generate_204 HTTP/1.1" 204 0
14:21:22 [DEBUG] Starting new HTTPS connection (1): cp.cloudflare.com:443
14:21:23 [DEBUG] https://www.google.com:443 "GET /generate_204 HTTP/1.1" 204 0
14:21:23 [DEBUG] Starting new HTTPS connection (1): cp.cloudflare.com:443
14:21:23 [DEBUG] https://cp.cloudflare.com:443 "GET / HTTP/1.1" 204 0
14:21:23 [DEBUG] Starting new HTTPS connection (1): www.gstatic.com:443
14:21:23 [DEBUG] https://www.google.com:443 "GET /generate_204 HTTP/1.1" 204 0
14:21:23 [DEBUG] Starting new HTTPS connection (1): cp.cloudflare.com:443
14:21:23 [DEBUG] https://www.google.com:443 "GET /generate_204 HTTP/1.1" 204 0
14:21:23 [DEBUG] Starting new HTTPS connection (1): cp.cloudflare.com:443
14:21:23 [DEBUG] https://cp.cloudflare.com:443 "GET / HTTP/1.1" 204 0
14:21:23 [DEBUG] Starting new HTTPS connection (1): www.gstatic.com:443
14:21:23 [DEBUG] https://cp.cloudflare.com:443 "GET / HTTP/1.1" 204 0
14:21:23 [DEBUG] Starting new HTTPS connection (1): www.gstatic.com:443
14:21:23 [DEBUG] https://cp.cloudflare.com:443 "GET / HTTP/1.1" 204 0
14:21:23 [DEBUG] Starting new HTTPS connection (1): www.gstatic.com:443
14:21:23 [DEBUG] https://cp.cloudflare.com:443 "GET / HTTP/1.1" 204 0
14:21:23 [DEBUG] Starting new HTTPS connection (1): www.gstatic.com:443
14:21:23 [DEBUG] https://www.gstatic.com:443 "GET /generate_204 HTTP/1.1" 204 0
14:21:23 [DEBUG] https://www.gstatic.com:443 "GET /generate_204 HTTP/1.1" 204 0
14:21:23 [DEBUG] https://www.gstatic.com:443 "GET /generate_204 HTTP/1.1" 204 0
14:21:23 [DEBUG] https://cp.cloudflare.com:443 "GET / HTTP/1.1" 204 0
14:21:23 [DEBUG] Starting new HTTPS connection (1): www.gstatic.com:443
14:21:23 [DEBUG] https://cp.cloudflare.com:443 "GET / HTTP/1.1" 204 0
14:21:23 [DEBUG] Starting new HTTPS connection (1): www.gstatic.com:443
14:21:23 [DEBUG] Starting new HTTPS connection (1): dl.google.com:443
14:21:23 [DEBUG] https://cp.cloudflare.com:443 "GET / HTTP/1.1" 204 0
14:21:23 [DEBUG] Starting new HTTPS connection (1): www.gstatic.com:443
14:21:23 [DEBUG] Starting new HTTPS connection (1): dl.google.com:443
14:21:23 [DEBUG] https://www.gstatic.com:443 "GET /generate_204 HTTP/1.1" 204 0
14:21:23 [DEBUG] https://www.gstatic.com:443 "GET /generate_204 HTTP/1.1" 204 0
14:21:23 [DEBUG] Starting new HTTPS connection (1): dl.google.com:443
14:21:24 [DEBUG] https://dl.google.com:443 "GET /dl/android/studio/install/3.4.1.0/android-studio-ide-183.5522156-windows.exe HTTP/1.1" 200 1017327996
14:21:24 [DEBUG] https://dl.google.com:443 "GET /dl/android/studio/install/3.4.1.0/android-studio-ide-183.5522156-windows.exe HTTP/1.1" 200 1017327996
14:21:24 [DEBUG] https://www.gstatic.com:443 "GET /generate_204 HTTP/1.1" 204 0
14:21:24 [DEBUG] Starting new HTTPS connection (1): dl.google.com:443
14:21:24 [DEBUG] https://www.gstatic.com:443 "GET /generate_204 HTTP/1.1" 204 0
14:21:24 [DEBUG] https://dl.google.com:443 "GET /dl/android/studio/install/3.4.1.0/android-studio-ide-183.5522156-windows.exe HTTP/1.1" 200 1017327996
14:21:24 [DEBUG] https://www.gstatic.com:443 "GET /generate_204 HTTP/1.1" 204 0
14:21:24 [INFO]    🎯 51.250.12.100 (Россия) - 17.1Mbps, 359ms UDP✅ 🛡️
14:21:24 [INFO]    🎯 89.208.230.52 (Россия) - 17.4Mbps, 361ms UDP✅ 🛡️
14:21:24 [DEBUG] Starting new HTTPS connection (1): dl.google.com:443
14:21:24 [DEBUG] Starting new HTTPS connection (1): dl.google.com:443
14:21:24 [DEBUG] https://dl.google.com:443 "GET /dl/android/studio/install/3.4.1.0/android-studio-ide-183.5522156-windows.exe HTTP/1.1" 200 1017327996
14:21:24 [DEBUG] Starting new HTTPS connection (1): dl.google.com:443
14:21:24 [INFO]    🎯 109.120.191.40 (Россия) - 17.0Mbps, 470ms UDP✅ 🛡️
14:21:24 [INFO]    📊 Whitelist: 3/31 (10%) | ✅3 ❌0
14:21:25 [DEBUG] https://www.google.com:443 "GET /generate_204 HTTP/1.1" 204 0
14:21:25 [DEBUG] Starting new HTTPS connection (1): cp.cloudflare.com:443
14:21:25 [DEBUG] https://dl.google.com:443 "GET /dl/android/studio/install/3.4.1.0/android-studio-ide-183.5522156-windows.exe HTTP/1.1" 200 1017327996
14:21:25 [DEBUG] https://dl.google.com:443 "GET /dl/android/studio/install/3.4.1.0/android-studio-ide-183.5522156-windows.exe HTTP/1.1" 200 1017327996
14:21:25 [DEBUG] Starting new HTTPS connection (1): www.google.com:443
14:21:25 [DEBUG] https://dl.google.com:443 "GET /dl/android/studio/install/3.4.1.0/android-studio-ide-183.5522156-windows.exe HTTP/1.1" 200 1017327996
14:21:25 [DEBUG] Starting new HTTPS connection (1): www.google.com:443
14:21:25 [DEBUG] https://cp.cloudflare.com:443 "GET / HTTP/1.1" 204 0
14:21:25 [DEBUG] Starting new HTTPS connection (1): www.gstatic.com:443
14:21:25 [DEBUG] https://www.gstatic.com:443 "GET /generate_204 HTTP/1.1" 204 0
14:21:25 [DEBUG] Starting new HTTPS connection (1): www.google.com:443
14:21:25 [DEBUG] https://www.google.com:443 "GET /generate_204 HTTP/1.1" 204 0
14:21:25 [DEBUG] Starting new HTTPS connection (1): cp.cloudflare.com:443
14:21:26 [INFO]    🎯 89.169.162.214 (Россия) - 8.9Mbps, 565ms UDP✅ 🛡️
14:21:26 [INFO]    🎯 146.185.240.23 (Россия) - 9.4Mbps, 600ms UDP✅ 🛡️
14:21:26 [DEBUG] Starting new HTTPS connection (1): cp.cloudflare.com:443
14:21:26 [DEBUG] Starting new HTTPS connection (1): dl.google.com:443
14:21:26 [DEBUG] Starting new HTTPS connection (1): www.gstatic.com:443
14:21:26 [INFO]    🎯 84.252.136.245 (Россия) - 8.7Mbps, 617ms UDP✅ 🛡️
14:21:26 [INFO]    📊 Whitelist: 6/31 (19%) | ✅6 ❌0
14:21:26 [DEBUG] https://cp.cloudflare.com:443 "GET / HTTP/1.1" 204 0
14:21:26 [DEBUG] Starting new HTTPS connection (1): www.gstatic.com:443
14:21:26 [DEBUG] Starting new HTTPS connection (1): cp.cloudflare.com:443
14:21:26 [DEBUG] Starting new HTTPS connection (1): dl.google.com:443
14:21:26 [DEBUG] https://www.gstatic.com:443 "GET /generate_204 HTTP/1.1" 204 0
14:21:27 [DEBUG] Starting new HTTPS connection (1): www.google.com:443
14:21:27 [DEBUG] Starting new HTTPS connection (1): www.google.com:443
14:21:27 [DEBUG] Starting new HTTPS connection (1): dl.google.com:443
14:21:27 [DEBUG] https://dl.google.com:443 "GET /dl/android/studio/install/3.4.1.0/android-studio-ide-183.5522156-windows.exe HTTP/1.1" 200 1017327996
14:21:27 [DEBUG] Starting new HTTPS connection (1): www.google.com:443
14:21:27 [DEBUG] https://dl.google.com:443 "GET /dl/android/studio/install/3.4.1.0/android-studio-ide-183.5522156-windows.exe HTTP/1.1" 200 1017327996
14:21:27 [DEBUG] Starting new HTTPS connection (1): www.google.com:443
14:21:27 [DEBUG] https://dl.google.com:443 "GET /dl/android/studio/install/3.4.1.0/android-studio-ide-183.5522156-windows.exe HTTP/1.1" 200 1017327996
14:21:27 [DEBUG] https://www.google.com:443 "GET /generate_204 HTTP/1.1" 204 0
14:21:27 [DEBUG] Starting new HTTPS connection (1): cp.cloudflare.com:443
14:21:27 [INFO]    🎯 158.160.221.132 (Россия) - 12.4Mbps, 438ms UDP❌ 🛡️
14:21:28 [DEBUG] https://cp.cloudflare.com:443 "GET / HTTP/1.1" 204 0
14:21:28 [DEBUG] Starting new HTTPS connection (1): www.gstatic.com:443
14:21:28 [INFO]    🎯 84.201.165.58 (Россия) - 13.2Mbps, 465ms UDP✅ 🛡️
14:21:28 [INFO]    📊 Whitelist: 9/31 (29%) | ✅8 ❌1
14:21:28 [DEBUG] https://www.google.com:443 "GET /generate_204 HTTP/1.1" 204 0
14:21:28 [DEBUG] Starting new HTTPS connection (1): cp.cloudflare.com:443
14:21:28 [DEBUG] https://www.gstatic.com:443 "GET /generate_204 HTTP/1.1" 204 0
14:21:28 [DEBUG] Starting new HTTPS connection (1): dl.google.com:443
14:21:28 [DEBUG] Starting new HTTPS connection (1): www.google.com:443
14:21:28 [DEBUG] https://dl.google.com:443 "GET /dl/android/studio/install/3.4.1.0/android-studio-ide-183.5522156-windows.exe HTTP/1.1" 200 1017327996
14:21:29 [DEBUG] Starting new HTTPS connection (1): www.google.com:443
14:21:29 [DEBUG] https://www.google.com:443 "GET /generate_204 HTTP/1.1" 204 0
14:21:29 [DEBUG] Starting new HTTPS connection (1): cp.cloudflare.com:443
14:21:29 [INFO]    🎯 185.234.59.94 (Россия) - 20.4Mbps, 343ms UDP✅ 🛡️
14:21:29 [DEBUG] https://cp.cloudflare.com:443 "GET / HTTP/1.1" 204 0
14:21:29 [DEBUG] Starting new HTTPS connection (1): www.gstatic.com:443
14:21:29 [DEBUG] https://cp.cloudflare.com:443 "GET / HTTP/1.1" 204 0
14:21:29 [DEBUG] Starting new HTTPS connection (1): www.gstatic.com:443
14:21:29 [DEBUG] https://www.google.com:443 "GET /generate_204 HTTP/1.1" 204 0
14:21:29 [DEBUG] Starting new HTTPS connection (1): cp.cloudflare.com:443
14:21:29 [DEBUG] https://cp.cloudflare.com:443 "GET / HTTP/1.1" 204 0
14:21:29 [DEBUG] Starting new HTTPS connection (1): www.gstatic.com:443
14:21:29 [DEBUG] https://www.google.com:443 "GET /generate_204 HTTP/1.1" 204 0
14:21:29 [DEBUG] Starting new HTTPS connection (1): cp.cloudflare.com:443
14:21:29 [DEBUG] https://cp.cloudflare.com:443 "GET / HTTP/1.1" 204 0
14:21:29 [DEBUG] Starting new HTTPS connection (1): www.gstatic.com:443
14:21:29 [DEBUG] https://www.gstatic.com:443 "GET /generate_204 HTTP/1.1" 204 0
14:21:30 [DEBUG] Starting new HTTPS connection (1): dl.google.com:443
14:21:30 [DEBUG] https://www.gstatic.com:443 "GET /generate_204 HTTP/1.1" 204 0
14:21:30 [DEBUG] Starting new HTTPS connection (1): www.google.com:443
14:21:30 [DEBUG] https://www.gstatic.com:443 "GET /generate_204 HTTP/1.1" 204 0
14:21:30 [DEBUG] Starting new HTTPS connection (1): dl.google.com:443
14:21:30 [DEBUG] https://dl.google.com:443 "GET /dl/android/studio/install/3.4.1.0/android-studio-ide-183.5522156-windows.exe HTTP/1.1" 200 1017327996
14:21:30 [DEBUG] https://dl.google.com:443 "GET /dl/android/studio/install/3.4.1.0/android-studio-ide-183.5522156-windows.exe HTTP/1.1" 200 1017327996
14:21:30 [DEBUG] https://www.google.com:443 "GET /generate_204 HTTP/1.1" 204 0
14:21:30 [DEBUG] Starting new HTTPS connection (1): cp.cloudflare.com:443
14:21:30 [INFO]    🎯 91.142.72.101 (Россия) - 18.1Mbps, 376ms UDP✅ 🛡️
14:21:31 [DEBUG] Starting new HTTPS connection (1): cp.cloudflare.com:443
14:21:31 [INFO]    🎯 185.234.59.51 (Россия) - 19.7Mbps, 358ms UDP✅ 🛡️
14:21:31 [INFO]    📊 Whitelist: 12/31 (39%) | ✅11 ❌1
14:21:31 [DEBUG] Starting new HTTPS connection (1): dl.google.com:443
14:21:31 [DEBUG] Starting new HTTPS connection (1): cp.cloudflare.com:443
14:21:31 [DEBUG] https://cp.cloudflare.com:443 "GET / HTTP/1.1" 204 0
14:21:31 [DEBUG] Starting new HTTPS connection (1): www.gstatic.com:443
14:21:31 [DEBUG] https://www.gstatic.com:443 "GET /generate_204 HTTP/1.1" 204 0
14:21:31 [DEBUG] Starting new HTTPS connection (1): www.google.com:443
14:21:31 [DEBUG] Starting new HTTPS connection (1): dl.google.com:443
14:21:32 [DEBUG] Starting new HTTPS connection (1): www.google.com:443
14:21:32 [DEBUG] https://www.google.com:443 "GET /generate_204 HTTP/1.1" 204 0
14:21:32 [DEBUG] Starting new HTTPS connection (1): cp.cloudflare.com:443
14:21:32 [DEBUG] https://dl.google.com:443 "GET /dl/android/studio/install/3.4.1.0/android-studio-ide-183.5522156-windows.exe HTTP/1.1" 200 1017327996
14:21:32 [DEBUG] https://dl.google.com:443 "GET /dl/android/studio/install/3.4.1.0/android-studio-ide-183.5522156-windows.exe HTTP/1.1" 200 1017327996
14:21:32 [DEBUG] https://www.gstatic.com:443 "GET /generate_204 HTTP/1.1" 204 0
14:21:32 [DEBUG] https://cp.cloudflare.com:443 "GET / HTTP/1.1" 204 0
14:21:32 [DEBUG] Starting new HTTPS connection (1): www.gstatic.com:443
14:21:32 [DEBUG] https://www.gstatic.com:443 "GET /generate_204 HTTP/1.1" 204 0
14:21:33 [DEBUG] Starting new HTTPS connection (1): dl.google.com:443
14:21:33 [DEBUG] https://dl.google.com:443 "GET /dl/android/studio/install/3.4.1.0/android-studio-ide-183.5522156-windows.exe HTTP/1.1" 200 1017327996
14:21:33 [INFO]    🎯 217.114.15.157 (Россия) - 7.8Mbps, 497ms UDP✅ 🛡️
14:21:33 [INFO]    🎯 212.113.123.230 (Россия) - 19.5Mbps, 335ms UDP✅ 🛡️
14:21:33 [DEBUG] Starting new HTTPS connection (1): www.gstatic.com:443
14:21:34 [DEBUG] Starting new HTTPS connection (1): www.google.com:443
14:21:34 [DEBUG] Starting new HTTPS connection (1): www.google.com:443
14:21:35 [DEBUG] Starting new HTTPS connection (1): www.gstatic.com:443
14:21:35 [DEBUG] https://www.google.com:443 "GET /generate_204 HTTP/1.1" 204 0
14:21:35 [DEBUG] Starting new HTTPS connection (1): cp.cloudflare.com:443
14:21:35 [DEBUG] Starting new HTTPS connection (1): www.gstatic.com:443
14:21:35 [DEBUG] https://www.google.com:443 "GET /generate_204 HTTP/1.1" 204 0
14:21:35 [DEBUG] Starting new HTTPS connection (1): cp.cloudflare.com:443
14:21:35 [DEBUG] Starting new HTTPS connection (1): dl.google.com:443
14:21:35 [DEBUG] https://cp.cloudflare.com:443 "GET / HTTP/1.1" 204 0
14:21:35 [DEBUG] Starting new HTTPS connection (1): www.gstatic.com:443
14:21:35 [INFO]    🎯 90.156.217.130 (Россия) - 1.1Mbps, 375ms UDP✅ 🛡️
14:21:35 [INFO]    📊 Whitelist: 15/31 (48%) | ✅14 ❌1
14:21:35 [DEBUG] https://www.google.com:443 "GET /generate_204 HTTP/1.1" 204 0
14:21:35 [DEBUG] Starting new HTTPS connection (1): cp.cloudflare.com:443
14:21:35 [DEBUG] https://cp.cloudflare.com:443 "GET / HTTP/1.1" 204 0
14:21:35 [DEBUG] Starting new HTTPS connection (1): www.gstatic.com:443
14:21:35 [DEBUG] https://www.gstatic.com:443 "GET /generate_204 HTTP/1.1" 204 0
14:21:36 [DEBUG] Starting new HTTPS connection (1): dl.google.com:443
14:21:36 [DEBUG] https://www.gstatic.com:443 "GET /generate_204 HTTP/1.1" 204 0
14:21:36 [DEBUG] https://www.gstatic.com:443 "GET /generate_204 HTTP/1.1" 204 0
14:21:36 [DEBUG] Starting new HTTPS connection (1): www.google.com:443
14:21:36 [DEBUG] https://cp.cloudflare.com:443 "GET / HTTP/1.1" 204 0
14:21:36 [DEBUG] Starting new HTTPS connection (1): www.gstatic.com:443
14:21:36 [DEBUG] https://dl.google.com:443 "GET /dl/android/studio/install/3.4.1.0/android-studio-ide-183.5522156-windows.exe HTTP/1.1" 200 1017327996
14:21:36 [DEBUG] Starting new HTTPS connection (1): dl.google.com:443
14:21:37 [DEBUG] https://www.google.com:443 "GET /generate_204 HTTP/1.1" 204 0
14:21:37 [DEBUG] Starting new HTTPS connection (1): cp.cloudflare.com:443
14:21:37 [DEBUG] https://dl.google.com:443 "GET /dl/android/studio/install/3.4.1.0/android-studio-ide-183.5522156-windows.exe HTTP/1.1" 200 1017327996
14:21:37 [DEBUG] Starting new HTTPS connection (1): www.google.com:443
14:21:37 [DEBUG] https://cp.cloudflare.com:443 "GET / HTTP/1.1" 204 0
14:21:37 [DEBUG] Starting new HTTPS connection (1): www.gstatic.com:443
14:21:37 [DEBUG] https://www.google.com:443 "GET /generate_204 HTTP/1.1" 204 0
14:21:37 [DEBUG] Starting new HTTPS connection (1): cp.cloudflare.com:443
14:21:37 [DEBUG] https://www.gstatic.com:443 "GET /generate_204 HTTP/1.1" 204 0
14:21:38 [DEBUG] https://www.gstatic.com:443 "GET /generate_204 HTTP/1.1" 204 0
14:21:38 [DEBUG] https://cp.cloudflare.com:443 "GET / HTTP/1.1" 204 0
14:21:38 [DEBUG] Starting new HTTPS connection (1): www.gstatic.com:443
14:21:38 [DEBUG] Starting new HTTPS connection (1): dl.google.com:443
14:21:38 [DEBUG] https://www.gstatic.com:443 "GET /generate_204 HTTP/1.1" 204 0
14:21:38 [DEBUG] Starting new HTTPS connection (1): www.google.com:443
14:21:38 [DEBUG] Starting new HTTPS connection (1): dl.google.com:443
14:21:39 [DEBUG] https://dl.google.com:443 "GET /dl/android/studio/install/3.4.1.0/android-studio-ide-183.5522156-windows.exe HTTP/1.1" 200 1017327996
14:21:39 [DEBUG] https://dl.google.com:443 "GET /dl/android/studio/install/3.4.1.0/android-studio-ide-183.5522156-windows.exe HTTP/1.1" 200 1017327996
14:21:39 [INFO]    📊 Whitelist: 18/31 (58%) | ✅14 ❌4
14:21:39 [DEBUG] https://www.google.com:443 "GET /generate_204 HTTP/1.1" 204 0
14:21:39 [DEBUG] Starting new HTTPS connection (1): cp.cloudflare.com:443
14:21:39 [DEBUG] https://dl.google.com:443 "GET /dl/android/studio/install/3.4.1.0/android-studio-ide-183.5522156-windows.exe HTTP/1.1" 200 1017327996
14:21:39 [INFO]    🎯 109.120.188.227 (Россия) - 3.2Mbps, 3026ms UDP❌ 🛡️
14:21:39 [DEBUG] Starting new HTTPS connection (1): dl.google.com:443
14:21:39 [INFO]    🎯 37.139.34.145 (Россия) - 9.5Mbps, 451ms UDP✅ 🛡️
14:21:40 [INFO]    🎯 87.239.106.153 (Россия) - 10.3Mbps, 444ms UDP✅ 🛡️
14:21:40 [INFO]    📊 Whitelist: 21/31 (68%) | ✅17 ❌4
14:21:40 [DEBUG] Starting new HTTPS connection (1): www.google.com:443
14:21:40 [DEBUG] Starting new HTTPS connection (1): www.google.com:443
14:21:40 [DEBUG] Starting new HTTPS connection (1): www.google.com:443
14:21:40 [DEBUG] https://www.google.com:443 "GET /generate_204 HTTP/1.1" 204 0
14:21:40 [DEBUG] Starting new HTTPS connection (1): cp.cloudflare.com:443
14:21:40 [DEBUG] https://cp.cloudflare.com:443 "GET / HTTP/1.1" 204 0
14:21:40 [DEBUG] Starting new HTTPS connection (1): www.gstatic.com:443
14:21:41 [DEBUG] https://cp.cloudflare.com:443 "GET / HTTP/1.1" 204 0
14:21:41 [DEBUG] Starting new HTTPS connection (1): www.gstatic.com:443
14:21:41 [DEBUG] Starting new HTTPS connection (1): www.google.com:443
14:21:41 [DEBUG] https://dl.google.com:443 "GET /dl/android/studio/install/3.4.1.0/android-studio-ide-183.5522156-windows.exe HTTP/1.1" 200 1017327996
14:21:41 [DEBUG] https://www.gstatic.com:443 "GET /generate_204 HTTP/1.1" 204 0
14:21:41 [DEBUG] https://www.google.com:443 "GET /generate_204 HTTP/1.1" 204 0
14:21:41 [DEBUG] Starting new HTTPS connection (1): cp.cloudflare.com:443
14:21:41 [DEBUG] Starting new HTTPS connection (1): dl.google.com:443
14:21:42 [DEBUG] https://www.gstatic.com:443 "GET /generate_204 HTTP/1.1" 204 0
14:21:42 [INFO]    🎯 51.250.14.123 (Россия) - 5.2Mbps, 1983ms UDP✅ 🛡️
14:21:42 [DEBUG] https://dl.google.com:443 "GET /dl/android/studio/install/3.4.1.0/android-studio-ide-183.5522156-windows.exe HTTP/1.1" 200 1017327996
14:21:42 [DEBUG] https://cp.cloudflare.com:443 "GET / HTTP/1.1" 204 0
14:21:42 [DEBUG] Starting new HTTPS connection (1): www.gstatic.com:443
14:21:42 [INFO]    🎯 51.250.16.92 (Россия) - 13.3Mbps, 442ms UDP✅ 🛡️
14:21:43 [DEBUG] Starting new HTTPS connection (1): dl.google.com:443
14:21:43 [DEBUG] https://www.google.com:443 "GET /generate_204 HTTP/1.1" 204 0
14:21:43 [DEBUG] Starting new HTTPS connection (1): cp.cloudflare.com:443
14:21:44 [DEBUG] https://www.gstatic.com:443 "GET /generate_204 HTTP/1.1" 204 0
14:21:45 [DEBUG] https://www.google.com:443 "GET /generate_204 HTTP/1.1" 204 0
14:21:45 [DEBUG] Starting new HTTPS connection (1): cp.cloudflare.com:443
14:21:45 [DEBUG] Starting new HTTPS connection (1): dl.google.com:443
14:21:46 [DEBUG] https://dl.google.com:443 "GET /dl/android/studio/install/3.4.1.0/android-studio-ide-183.5522156-windows.exe HTTP/1.1" 200 1017327996
14:21:46 [DEBUG] https://dl.google.com:443 "GET /dl/android/studio/install/3.4.1.0/android-studio-ide-183.5522156-windows.exe HTTP/1.1" 200 1017327996
14:21:47 [INFO]    🎯 37.139.33.57 (Россия) - 1.1Mbps, 395ms UDP✅ 🛡️
14:21:47 [INFO]    📊 Whitelist: 24/31 (77%) | ✅20 ❌4
14:21:47 [DEBUG] Starting new HTTPS connection (1): www.gstatic.com:443
14:21:48 [INFO]    🎯 176.109.109.58 (Россия) - 1.1Mbps, 589ms UDP✅ 🛡️
14:21:48 [INFO]    🎯 213.165.60.36 (Россия) - 0.7Mbps, 1110ms UDP✅ 🛡️
14:21:48 [DEBUG] https://cp.cloudflare.com:443 "GET / HTTP/1.1" 204 0
14:21:48 [DEBUG] Starting new HTTPS connection (1): www.gstatic.com:443
14:21:49 [INFO]    🎯 51.250.68.39 (Россия) - 2.2Mbps, 1072ms UDP✅ 🛡️
14:21:49 [INFO]    📊 Whitelist: 27/31 (87%) | ✅23 ❌4
14:21:50 [DEBUG] https://www.gstatic.com:443 "GET /generate_204 HTTP/1.1" 204 0
14:21:51 [DEBUG] Starting new HTTPS connection (1): dl.google.com:443
14:21:53 [DEBUG] https://dl.google.com:443 "GET /dl/android/studio/install/3.4.1.0/android-studio-ide-183.5522156-windows.exe HTTP/1.1" 200 1017327996
14:21:56 [INFO]    🎯 51.250.71.230 (Россия) - 2.4Mbps, 3054ms UDP✅ 🛡️
14:22:04 [INFO]    🎯 51.250.65.209 (Россия) - 0.3Mbps, 1166ms UDP✅ 🛡️
14:22:04 [INFO]    📊 Whitelist: 30/31 (97%) | ✅25 ❌5
14:22:21 [INFO]    🎯 87.239.110.251 (Россия) - 0.3Mbps, 1407ms UDP✅ 🛡️
14:22:21 [INFO] 
✅ Прошли проверку: 84 глобальных (84 Reality), 26 whitelist
14:22:21 [INFO] 
══════════════════════════════════════════════════
14:22:21 [INFO] 🏆 ЭТАП 4: ФИНАЛЬНЫЙ ОТБОР
14:22:21 [INFO] ══════════════════════════════════════════════════
14:22:21 [INFO] 
📊 Пулы после фильтрации:
14:22:21 [INFO]    🎮 GAME: 0 серверов
14:22:21 [INFO]    🌐 UNIVERSAL: 35 серверов
14:22:21 [INFO]    ☁️ WARP: 5 конфигов
14:22:21 [INFO]    🇷🇺 WHITELIST: 24 серверов
14:22:21 [INFO] 
🎮 Выбор GAME серверов...
14:22:21 [WARNING]    ⚠️ Не найден сервер для GAME-1
14:22:21 [WARNING]    ⚠️ Не найден сервер для GAME-2
14:22:21 [INFO] 
🌐 Выбор UNIVERSAL серверов...
14:22:21 [INFO]    UNIVERSAL-1: 144.31.0.58 (Польша) - 32.9Mbps, 153ms
14:22:21 [INFO]    UNIVERSAL-2: 144.31.2.86 (Польша) - 16.8Mbps, 154ms
14:22:21 [INFO]    UNIVERSAL-3: 5.253.59.44 (Нидерланды) - 50.0Mbps, 100ms
14:22:21 [INFO] 
☁️ Выбор WARP серверов...
14:22:21 [INFO]    WARP-1: Cloudflare WARP
14:22:21 [INFO]    WARP-2: Cloudflare WARP
14:22:21 [INFO] 
🇷🇺 Выбор WHITELIST серверов...
14:22:21 [INFO]    WHITELIST-1: 185.234.59.94 (Россия) - 20.4Mbps
14:22:21 [INFO]    WHITELIST-2: 185.234.59.51 (Россия) - 19.7Mbps
14:22:21 [INFO] 
📦 Резервный пул: 25 серверов
14:22:21 [INFO] 🏆 THE FINAL 9:
14:22:21 [INFO] 💾 Подписка: FL1PVPN (7 серверов)
14:22:21 [INFO] 💾 Статистика: stats.json
14:22:21 [INFO] 💾 Резерв: reserve_pool.json (25 серверов)
14:22:22 [DEBUG] 💾 История сохранена: 6994 записей
14:22:22 [INFO] ✅ ГОТОВО за 365.9 секунд
14:22:22 [INFO] 📊 Pipeline: 35793→18220→10247→84→7
14:22:22 [INFO] 📄 Лог: vpn_scanner.log
