05:58:50 [INFO] 🚀 FL1P VPN V123 - RUSSIA-PROOF EDITION
05:58:50 [INFO]    ⏰ 2026-02-07 08:58:50 MSK
05:58:50 [INFO]    🛡️ Приоритет: ТОЛЬКО Reality серверы
05:58:50 [INFO]    🎮 GAME: Reality + Tier 1-2 + пинг <150ms
05:58:50 [INFO]    ⚡ UNIVERSAL: Reality приоритет
05:58:50 [INFO] 📂 История: 6530 записей
05:58:50 [INFO] 🌍 GeoIP OK
05:58:50 [INFO] 
══════════════════════════════════════════════════
05:58:50 [INFO] 📥 ЭТАП 1: СБОР
05:58:50 [INFO] ══════════════════════════════════════════════════
05:58:50 [INFO] 📥 Сбор конфигов...
05:58:50 [DEBUG] Starting new HTTPS connection (1): raw.githubusercontent.com:443
05:58:50 [DEBUG] Starting new HTTPS connection (1): raw.githubusercontent.com:443
05:58:50 [DEBUG] Starting new HTTPS connection (1): raw.githubusercontent.com:443
05:58:50 [DEBUG] Starting new HTTPS connection (1): raw.githubusercontent.com:443
05:58:50 [DEBUG] Starting new HTTPS connection (1): raw.githubusercontent.com:443
05:58:50 [DEBUG] Starting new HTTPS connection (1): raw.githubusercontent.com:443
05:58:50 [DEBUG] Starting new HTTPS connection (1): raw.githubusercontent.com:443
05:58:50 [DEBUG] Starting new HTTPS connection (1): raw.githubusercontent.com:443
05:58:50 [DEBUG] Starting new HTTPS connection (1): raw.githubusercontent.com:443
05:58:50 [DEBUG] Starting new HTTPS connection (1): raw.githubusercontent.com:443
05:58:50 [DEBUG] Starting new HTTPS connection (1): raw.githubusercontent.com:443
05:58:50 [DEBUG] Starting new HTTPS connection (1): raw.githubusercontent.com:443
05:58:50 [DEBUG] Starting new HTTPS connection (1): raw.githubusercontent.com:443
05:58:50 [DEBUG] Starting new HTTPS connection (1): raw.githubusercontent.com:443
05:58:50 [DEBUG] Starting new HTTPS connection (1): raw.githubusercontent.com:443
05:58:51 [DEBUG] https://raw.githubusercontent.com:443 "GET /barry-far/V2ray-Configs/main/Splitted-By-Protocol/vless.txt HTTP/1.1" 404 14
05:58:51 [DEBUG] https://raw.githubusercontent.com:443 "GET /mahdibland/V2RayAggregator/master/Eternity HTTP/1.1" 200 13397
05:58:51 [DEBUG] https://raw.githubusercontent.com:443 "GET /Epodonios/v2ray-configs/main/Splitted-By-Protocol/vless.txt HTTP/1.1" 200 297132
05:58:51 [DEBUG] Starting new HTTPS connection (1): raw.githubusercontent.com:443
05:58:51 [DEBUG] Starting new HTTPS connection (1): raw.githubusercontent.com:443
05:58:51 [DEBUG] https://raw.githubusercontent.com:443 "GET /Pawdroid/Free-servers/main/sub HTTP/1.1" 200 3412
05:58:51 [DEBUG] https://raw.githubusercontent.com:443 "GET /mfuu/v2ray/master/v2ray HTTP/1.1" 200 13219
05:58:51 [DEBUG] https://raw.githubusercontent.com:443 "GET /MrMohebi/xray-proxy-grabber-telegram/master/collected-proxies/row-url/all.txt HTTP/1.1" 200 16865
05:58:51 [DEBUG] Starting new HTTPS connection (1): raw.githubusercontent.com:443
05:58:51 [DEBUG] https://raw.githubusercontent.com:443 "GET /soroushmirzaei/telegram-configs-collector/main/protocols/reality HTTP/1.1" 404 14
05:58:51 [DEBUG] Starting new HTTPS connection (1): raw.githubusercontent.com:443
05:58:51 [DEBUG] Starting new HTTPS connection (1): raw.githubusercontent.com:443
05:58:51 [DEBUG] https://raw.githubusercontent.com:443 "GET /yebekhe/TVC/main/subscriptions/xray/reality HTTP/1.1" 404 14
05:58:51 [DEBUG] Starting new HTTPS connection (1): t.me:443
05:58:51 [DEBUG] https://raw.githubusercontent.com:443 "GET /peasoft/NoMoreWalls/master/list.txt HTTP/1.1" 200 11265
05:58:51 [DEBUG] https://raw.githubusercontent.com:443 "GET /lagzian/SS-Collector/main/realitiy_api.txt HTTP/1.1" 404 14
05:58:51 [DEBUG] https://raw.githubusercontent.com:443 "GET /NiREvil/vless/main/sub/vless HTTP/1.1" 404 14
05:58:51 [DEBUG] https://raw.githubusercontent.com:443 "GET /yebekhe/TVC/main/subscriptions/xray/vless HTTP/1.1" 404 14
05:58:51 [DEBUG] https://raw.githubusercontent.com:443 "GET /Yebekhe/TelegramV2rayCollector/main/sub/normal/reality HTTP/1.1" 404 14
05:58:51 [DEBUG] https://raw.githubusercontent.com:443 "GET /mahdibland/V2RayAggregator/master/sub/splitted/reality.txt HTTP/1.1" 404 14
05:58:51 [DEBUG] https://raw.githubusercontent.com:443 "GET /Epodonios/v2ray-configs/main/Splitted-By-Protocol/reality.txt HTTP/1.1" 404 14
05:58:51 [DEBUG] Starting new HTTPS connection (1): t.me:443
05:58:51 [DEBUG] Starting new HTTPS connection (1): t.me:443
05:58:51 [DEBUG] Starting new HTTPS connection (1): t.me:443
05:58:51 [DEBUG] Starting new HTTPS connection (1): t.me:443
05:58:51 [DEBUG] Starting new HTTPS connection (1): t.me:443
05:58:51 [DEBUG] Starting new HTTPS connection (1): t.me:443
05:58:51 [DEBUG]    🚫 Заблокированный SNI: www.microsoft.com
05:58:51 [DEBUG] Starting new HTTPS connection (1): t.me:443
05:58:51 [DEBUG] Starting new HTTPS connection (1): t.me:443
05:58:51 [DEBUG] https://raw.githubusercontent.com:443 "GET /igareck/vpn-configs-for-russia/refs/heads/main/Vless-Reality-White-Lists-Rus-Mobile-2.txt HTTP/1.1" 200 6255
05:58:51 [DEBUG] https://t.me:443 "GET /s/reality_daily HTTP/1.1" 302 20
05:58:51 [DEBUG] https://raw.githubusercontent.com:443 "GET /igareck/vpn-configs-for-russia/main/Vless-Reality-White-Lists-Rus-Mobile.txt HTTP/1.1" 200 6489
05:58:51 [DEBUG] https://raw.githubusercontent.com:443 "GET /igareck/vpn-configs-for-russia/refs/heads/main/WHITE-CIDR-RU-all.txt HTTP/1.1" 200 31142
05:58:51 [DEBUG] https://t.me:443 "GET /s/RealityVpnChannel HTTP/1.1" 302 20
05:58:51 [DEBUG] https://t.me:443 "GET /reality_daily HTTP/1.1" 200 3656
05:58:51 [DEBUG] https://t.me:443 "GET /s/FarahVPN HTTP/1.1" 200 9644
05:58:51 [DEBUG] https://t.me:443 "GET /RealityVpnChannel HTTP/1.1" 200 3661
05:58:51 [DEBUG] Starting new HTTPS connection (1): api.github.com:443
05:58:51 [DEBUG] Starting new HTTPS connection (1): api.github.com:443
05:58:51 [DEBUG] Starting new HTTPS connection (1): t.me:443
05:58:51 [DEBUG] Starting new HTTPS connection (1): t.me:443
05:58:51 [DEBUG] Starting new HTTPS connection (1): t.me:443
05:58:51 [DEBUG] https://t.me:443 "GET /s/PrivateVPNs HTTP/1.1" 200 10366
05:58:52 [DEBUG]    🚫 Заблокированный SNI: www.aparat.com
05:58:52 [DEBUG] https://raw.githubusercontent.com:443 "GET /AvenCores/goida-vpn-configs/main/configs/vless.txt HTTP/1.1" 404 14
05:58:52 [DEBUG] https://t.me:443 "GET /s/DirectVPN HTTP/1.1" 200 10060
05:58:52 [DEBUG] https://raw.githubusercontent.com:443 "GET /igareck/vpn-configs-for-russia/main/configs/vless.txt HTTP/1.1" 404 14
05:58:52 [DEBUG] https://t.me:443 "GET /s/v2rayng_vpn HTTP/1.1" 200 15527
05:58:52 [DEBUG] https://t.me:443 "GET /s/v2ray_configs_pool HTTP/1.1" 200 13120
05:58:52 [DEBUG] https://t.me:443 "GET /s/VlessConfig HTTP/1.1" 200 10152
05:58:52 [DEBUG] Starting new HTTPS connection (1): api.github.com:443
05:58:52 [DEBUG] https://t.me:443 "GET /s/iSegaro HTTP/1.1" 200 18610
05:58:52 [DEBUG]    🚫 Заблокированный SNI: us.asbndx.com
05:58:52 [DEBUG]    🚫 Заблокированный SNI: de-two.asbndx.com
05:58:52 [DEBUG]    🚫 Заблокированный SNI: www.microsoft.com
05:58:52 [DEBUG]    🚫 Заблокированный SNI: eset.com
05:58:52 [DEBUG]    🚫 Заблокированный SNI: learn.microsoft.com
05:58:52 [DEBUG]    🚫 Заблокированный SNI: aparat.com
05:58:52 [DEBUG]    🚫 Заблокированный SNI: tr.eu-ffast.com
05:58:52 [DEBUG]    🚫 Заблокированный SNI: www.microsoft.com
05:58:52 [DEBUG]    🚫 Заблокированный SNI: www.pinterest.com
05:58:52 [DEBUG] https://t.me:443 "GET /s/ConfigsHUB HTTP/1.1" 200 10320
05:58:52 [DEBUG] https://api.github.com:443 "GET /repos/barry-far/V2ray-Configs/issues?state=all&per_page=10 HTTP/1.1" 403 136
05:58:52 [DEBUG] https://t.me:443 "GET /s/v2ray_alpha HTTP/1.1" 200 18988
05:58:52 [DEBUG] https://api.github.com:443 "GET /repos/yebekhe/TelegramV2rayCollector/issues?state=all&per_page=10 HTTP/1.1" 404 125
05:58:52 [DEBUG] https://t.me:443 "GET /s/freev2rayssr HTTP/1.1" 200 22266
05:58:52 [DEBUG] https://api.github.com:443 "GET /repos/mahdibland/V2RayAggregator/issues?state=all&per_page=10 HTTP/1.1" 200 1949
05:58:52 [INFO] 
📊 Собрано: 2903 глобальных
05:58:52 [INFO]    🛡️ Reality: 357 (хороших: 350)
05:58:52 [INFO]    🇷🇺 Whitelist: 1449
05:58:52 [INFO] 🔍 Уникальных: 1666 (267 Reality), 132 WL
05:58:52 [INFO] 
══════════════════════════════════════════════════
05:58:52 [INFO] ⚡ ЭТАП 2: TCP
05:58:52 [INFO] ══════════════════════════════════════════════════
05:58:53 [INFO]    📊 Global: 166/1666 (10%) | ✅123 ❌43
05:58:53 [INFO]    📊 Global: 332/1666 (20%) | ✅227 ❌105
05:58:54 [INFO]    📊 Global: 498/1666 (30%) | ✅310 ❌188
05:58:54 [INFO]    📊 Global: 664/1666 (40%) | ✅423 ❌241
05:58:54 [INFO]    📊 Global: 830/1666 (50%) | ✅537 ❌293
05:58:55 [INFO]    📊 Global: 996/1666 (60%) | ✅656 ❌340
05:58:55 [INFO]    📊 Global: 1162/1666 (70%) | ✅765 ❌397
05:58:55 [INFO]    📊 Global: 1328/1666 (80%) | ✅866 ❌462
05:58:56 [INFO]    📊 Global: 1494/1666 (90%) | ✅990 ❌504
05:58:57 [INFO]    📊 Global: 1660/1666 (100%) | ✅1067 ❌593
05:59:02 [INFO]    📊 Whitelist: 13/132 (10%) | ✅0 ❌13
05:59:02 [INFO]    📊 Whitelist: 26/132 (20%) | ✅0 ❌26
05:59:02 [INFO]    📊 Whitelist: 39/132 (30%) | ✅6 ❌33
05:59:02 [INFO]    📊 Whitelist: 52/132 (39%) | ✅15 ❌37
05:59:02 [INFO]    📊 Whitelist: 65/132 (49%) | ✅22 ❌43
05:59:02 [INFO]    📊 Whitelist: 78/132 (59%) | ✅34 ❌44
05:59:02 [INFO]    📊 Whitelist: 91/132 (69%) | ✅47 ❌44
05:59:02 [INFO]    📊 Whitelist: 104/132 (79%) | ✅60 ❌44
05:59:02 [INFO]    📊 Whitelist: 117/132 (89%) | ✅73 ❌44
05:59:02 [INFO]    📊 Whitelist: 130/132 (98%) | ✅86 ❌44
05:59:03 [INFO] 
✅ Живых: 1067 (149 Reality), 87 WL
05:59:03 [INFO] 
📊 Топ стран:
05:59:03 [INFO]    🇽🇽 XX (XX): 771 [T5]
05:59:03 [INFO]    🇳🇱 NL (Нидерланды): 55 [T3]
05:59:03 [INFO]    🇩🇪 DE (Германия): 54 [T3]
05:59:03 [INFO]    🇫🇷 FR (Франция): 35 [T4]
05:59:03 [INFO]    🇬🇧 GB (Британия): 23 [T4]
05:59:03 [INFO]    🇫🇮 FI (Финляндия): 14 [T1]
05:59:03 [INFO]    🇰🇿 KZ (KZ): 11 [T5]
05:59:03 [INFO]    🇲🇩 MD (Молдова): 10 [T5]
05:59:03 [INFO] 
══════════════════════════════════════════════════
05:59:03 [INFO] 🧪 ЭТАП 3: ГЛУБОКАЯ ПРОВЕРКА
05:59:03 [INFO] ══════════════════════════════════════════════════
05:59:03 [INFO]    К проверке: 400 (149 Reality), 80 WL
05:59:04 [DEBUG] Starting new HTTPS connection (1): www.google.com:443
05:59:04 [DEBUG] Starting new HTTPS connection (1): www.google.com:443
05:59:04 [DEBUG] Starting new HTTPS connection (1): www.google.com:443
05:59:04 [DEBUG] Starting new HTTPS connection (1): www.google.com:443
05:59:04 [DEBUG] Starting new HTTPS connection (1): www.google.com:443
05:59:04 [DEBUG] Starting new HTTPS connection (1): www.google.com:443
05:59:04 [DEBUG] Starting new HTTPS connection (1): www.google.com:443
05:59:04 [DEBUG] Starting new HTTPS connection (1): www.google.com:443
05:59:04 [DEBUG] Starting new HTTPS connection (1): www.google.com:443
05:59:04 [DEBUG] Starting new HTTPS connection (1): www.google.com:443
05:59:04 [DEBUG] Starting new HTTPS connection (1): cp.cloudflare.com:443
05:59:04 [DEBUG] Starting new HTTPS connection (1): cp.cloudflare.com:443
05:59:04 [DEBUG] Starting new HTTPS connection (1): www.gstatic.com:443
05:59:04 [DEBUG] Starting new HTTPS connection (1): www.gstatic.com:443
05:59:04 [DEBUG] https://www.google.com:443 "GET /generate_204 HTTP/1.1" 204 0
05:59:04 [DEBUG] Starting new HTTPS connection (1): cp.cloudflare.com:443
05:59:04 [DEBUG] https://www.google.com:443 "GET /generate_204 HTTP/1.1" 204 0
05:59:04 [DEBUG] Starting new HTTPS connection (1): cp.cloudflare.com:443
05:59:04 [DEBUG] https://www.google.com:443 "GET /generate_204 HTTP/1.1" 204 0
05:59:04 [DEBUG] Starting new HTTPS connection (1): cp.cloudflare.com:443
05:59:04 [DEBUG] https://www.google.com:443 "GET /generate_204 HTTP/1.1" 204 0
05:59:04 [DEBUG] Starting new HTTPS connection (1): cp.cloudflare.com:443
05:59:04 [DEBUG] https://www.google.com:443 "GET /generate_204 HTTP/1.1" 204 0
05:59:04 [DEBUG] Starting new HTTPS connection (1): cp.cloudflare.com:443
05:59:04 [DEBUG] https://cp.cloudflare.com:443 "GET / HTTP/1.1" 204 0
05:59:04 [DEBUG] Starting new HTTPS connection (1): www.gstatic.com:443
05:59:04 [DEBUG] https://cp.cloudflare.com:443 "GET / HTTP/1.1" 204 0
05:59:04 [DEBUG] Starting new HTTPS connection (1): www.gstatic.com:443
05:59:05 [DEBUG] https://cp.cloudflare.com:443 "GET / HTTP/1.1" 204 0
05:59:05 [DEBUG] Starting new HTTPS connection (1): www.gstatic.com:443
05:59:05 [DEBUG] https://www.gstatic.com:443 "GET /generate_204 HTTP/1.1" 204 0
05:59:05 [DEBUG] https://cp.cloudflare.com:443 "GET / HTTP/1.1" 204 0
05:59:05 [DEBUG] Starting new HTTPS connection (1): www.gstatic.com:443
05:59:05 [DEBUG] https://cp.cloudflare.com:443 "GET / HTTP/1.1" 204 0
05:59:05 [DEBUG] Starting new HTTPS connection (1): www.gstatic.com:443
05:59:05 [DEBUG] Starting new HTTPS connection (1): dl.google.com:443
05:59:05 [DEBUG] https://www.gstatic.com:443 "GET /generate_204 HTTP/1.1" 204 0
05:59:05 [DEBUG] https://www.google.com:443 "GET /generate_204 HTTP/1.1" 204 0
05:59:05 [DEBUG] Starting new HTTPS connection (1): cp.cloudflare.com:443
05:59:05 [DEBUG] Starting new HTTPS connection (1): dl.google.com:443
05:59:05 [DEBUG] https://www.gstatic.com:443 "GET /generate_204 HTTP/1.1" 204 0
05:59:05 [DEBUG] https://dl.google.com:443 "GET /dl/android/studio/install/3.4.1.0/android-studio-ide-183.5522156-windows.exe HTTP/1.1" 200 1017327996
05:59:05 [DEBUG] https://www.gstatic.com:443 "GET /generate_204 HTTP/1.1" 204 0
05:59:05 [DEBUG] Starting new HTTPS connection (1): dl.google.com:443
05:59:05 [INFO]    🎯 144.31.2.86 (Польша) - 38.1Mbps, 143ms UDP✅ Reality [google.com]
05:59:05 [DEBUG] https://dl.google.com:443 "GET /dl/android/studio/install/3.4.1.0/android-studio-ide-183.5522156-windows.exe HTTP/1.1" 200 1017327996
05:59:05 [DEBUG] Starting new HTTPS connection (1): dl.google.com:443
05:59:05 [DEBUG] https://cp.cloudflare.com:443 "GET / HTTP/1.1" 204 0
05:59:05 [DEBUG] Starting new HTTPS connection (1): www.gstatic.com:443
05:59:05 [INFO]    🎯 144.31.2.154 (Польша) - 30.6Mbps, 173ms UDP✅ Reality [hls-svod.itunes.appl]
05:59:05 [DEBUG] https://dl.google.com:443 "GET /dl/android/studio/install/3.4.1.0/android-studio-ide-183.5522156-windows.exe HTTP/1.1" 404 1449
05:59:05 [INFO]    🎯 46.62.128.207 (Финляндия) - 0.0Mbps, 271ms UDP✅ Reality [www.cloudflare.com]
05:59:05 [DEBUG] https://dl.google.com:443 "GET /dl/android/studio/install/3.4.1.0/android-studio-ide-183.5522156-windows.exe HTTP/1.1" 200 1017327996
05:59:05 [DEBUG] Starting new HTTPS connection (1): www.google.com:443
05:59:05 [DEBUG] Starting new HTTPS connection (1): www.google.com:443
05:59:05 [DEBUG] Starting new HTTPS connection (1): cp.cloudflare.com:443
05:59:06 [DEBUG] Starting new HTTPS connection (1): www.gstatic.com:443
05:59:06 [DEBUG] https://www.gstatic.com:443 "GET /generate_204 HTTP/1.1" 204 0
05:59:06 [DEBUG] Starting new HTTPS connection (1): dl.google.com:443
05:59:06 [DEBUG] Starting new HTTPS connection (1): www.google.com:443
05:59:06 [DEBUG] Starting new HTTPS connection (1): www.google.com:443
05:59:06 [DEBUG] Starting new HTTPS connection (1): cp.cloudflare.com:443
05:59:06 [DEBUG] Starting new HTTPS connection (1): www.google.com:443
05:59:07 [DEBUG] Starting new HTTPS connection (1): cp.cloudflare.com:443
05:59:07 [DEBUG] https://dl.google.com:443 "GET /dl/android/studio/install/3.4.1.0/android-studio-ide-183.5522156-windows.exe HTTP/1.1" 404 1449
05:59:07 [INFO]    🎯 2.56.125.209 (Польша) - 0.0Mbps, 479ms UDP✅ Reality [yahoo.com]
05:59:07 [DEBUG] Starting new HTTPS connection (1): www.gstatic.com:443
05:59:07 [DEBUG] https://www.gstatic.com:443 "GET /generate_204 HTTP/1.1" 204 0
05:59:07 [DEBUG] https://www.google.com:443 "GET /generate_204 HTTP/1.1" 204 0
05:59:07 [DEBUG] Starting new HTTPS connection (1): cp.cloudflare.com:443
05:59:07 [DEBUG] https://www.google.com:443 "GET /generate_204 HTTP/1.1" 204 0
05:59:07 [DEBUG] Starting new HTTPS connection (1): cp.cloudflare.com:443
05:59:07 [DEBUG] https://cp.cloudflare.com:443 "GET / HTTP/1.1" 204 0
05:59:07 [DEBUG] Starting new HTTPS connection (1): www.gstatic.com:443
05:59:07 [DEBUG] Starting new HTTPS connection (1): www.google.com:443
05:59:07 [DEBUG] https://www.google.com:443 "GET /generate_204 HTTP/1.1" 204 0
05:59:07 [DEBUG] Starting new HTTPS connection (1): cp.cloudflare.com:443
05:59:07 [DEBUG] https://www.gstatic.com:443 "GET /generate_204 HTTP/1.1" 204 0
05:59:07 [DEBUG] https://cp.cloudflare.com:443 "GET / HTTP/1.1" 204 0
05:59:07 [DEBUG] Starting new HTTPS connection (1): www.gstatic.com:443
05:59:07 [DEBUG] Starting new HTTPS connection (1): dl.google.com:443
05:59:07 [DEBUG] https://cp.cloudflare.com:443 "GET / HTTP/1.1" 204 0
05:59:07 [DEBUG] Starting new HTTPS connection (1): www.gstatic.com:443
05:59:07 [DEBUG] Starting new HTTPS connection (1): dl.google.com:443
05:59:07 [DEBUG] https://dl.google.com:443 "GET /dl/android/studio/install/3.4.1.0/android-studio-ide-183.5522156-windows.exe HTTP/1.1" 404 1449
05:59:07 [INFO]    🎯 188.34.193.153 (Германия) - 0.0Mbps, 135ms UDP✅ Reality [www.cloudflare.com]
05:59:07 [DEBUG] https://www.gstatic.com:443 "GET /generate_204 HTTP/1.1" 204 0
05:59:07 [DEBUG] https://www.gstatic.com:443 "GET /generate_204 HTTP/1.1" 204 0
05:59:07 [DEBUG] Starting new HTTPS connection (1): dl.google.com:443
05:59:07 [DEBUG] https://dl.google.com:443 "GET /dl/android/studio/install/3.4.1.0/android-studio-ide-183.5522156-windows.exe HTTP/1.1" 200 1017327996
05:59:07 [DEBUG] Starting new HTTPS connection (1): dl.google.com:443
05:59:08 [DEBUG] Starting new HTTPS connection (1): cp.cloudflare.com:443
05:59:08 [INFO]    🎯 91.84.109.124 (Нидерланды) - 40.7Mbps, 141ms UDP✅ Reality [apple.com]
05:59:08 [DEBUG] https://dl.google.com:443 "GET /dl/android/studio/install/3.4.1.0/android-studio-ide-183.5522156-windows.exe HTTP/1.1" 200 1017327996
05:59:08 [DEBUG] https://dl.google.com:443 "GET /dl/android/studio/install/3.4.1.0/android-studio-ide-183.5522156-windows.exe HTTP/1.1" 200 1017327996
05:59:08 [DEBUG] Starting new HTTPS connection (1): www.google.com:443
05:59:08 [DEBUG] Starting new HTTPS connection (1): www.google.com:443
05:59:08 [DEBUG] https://www.google.com:443 "GET /generate_204 HTTP/1.1" 204 0
05:59:08 [DEBUG] Starting new HTTPS connection (1): cp.cloudflare.com:443
05:59:08 [INFO]    🎯 45.43.79.73 (Латвия) - 16.9Mbps, 801ms UDP✅ Reality [google.com]
05:59:08 [DEBUG] https://cp.cloudflare.com:443 "GET / HTTP/1.1" 204 0
05:59:08 [DEBUG] Starting new HTTPS connection (1): www.gstatic.com:443
05:59:08 [DEBUG] https://www.gstatic.com:443 "GET /generate_204 HTTP/1.1" 204 0
05:59:08 [DEBUG] Starting new HTTPS connection (1): dl.google.com:443
05:59:08 [DEBUG] Starting new HTTPS connection (1): www.google.com:443
05:59:08 [DEBUG] https://dl.google.com:443 "GET /dl/android/studio/install/3.4.1.0/android-studio-ide-183.5522156-windows.exe HTTP/1.1" 200 1017327996
05:59:09 [DEBUG] https://www.google.com:443 "GET /generate_204 HTTP/1.1" 204 0
05:59:09 [DEBUG] Starting new HTTPS connection (1): cp.cloudflare.com:443
05:59:09 [INFO]    🎯 91.84.109.130 (Нидерланды) - 39.5Mbps, 159ms UDP✅ Reality [apple.com]
05:59:09 [DEBUG] https://cp.cloudflare.com:443 "GET / HTTP/1.1" 204 0
05:59:09 [DEBUG] Starting new HTTPS connection (1): www.gstatic.com:443
05:59:09 [DEBUG] Starting new HTTPS connection (1): www.google.com:443
05:59:09 [DEBUG] Starting new HTTPS connection (1): www.gstatic.com:443
05:59:09 [DEBUG] https://www.gstatic.com:443 "GET /generate_204 HTTP/1.1" 204 0
05:59:09 [DEBUG] Starting new HTTPS connection (1): dl.google.com:443
05:59:09 [DEBUG] Starting new HTTPS connection (1): www.google.com:443
05:59:09 [DEBUG] https://www.google.com:443 "GET /generate_204 HTTP/1.1" 204 0
05:59:09 [DEBUG] Starting new HTTPS connection (1): cp.cloudflare.com:443
05:59:09 [DEBUG] https://dl.google.com:443 "GET /dl/android/studio/install/3.4.1.0/android-studio-ide-183.5522156-windows.exe HTTP/1.1" 200 1017327996
05:59:09 [INFO]    🎯 91.84.113.47 (Нидерланды) - 36.1Mbps, 177ms UDP✅ Reality [apple.com]
05:59:10 [DEBUG] Starting new HTTPS connection (1): www.gstatic.com:443
05:59:10 [DEBUG] Starting new HTTPS connection (1): www.google.com:443
05:59:10 [INFO]    🎯 188.253.26.39 (Нидерланды) - 4.6Mbps, 346ms UDP✅ Reality [yahoo.com]
05:59:11 [DEBUG] Starting new HTTPS connection (1): www.google.com:443
05:59:11 [DEBUG] https://www.google.com:443 "GET /generate_204 HTTP/1.1" 204 0
05:59:11 [DEBUG] Starting new HTTPS connection (1): cp.cloudflare.com:443
05:59:11 [DEBUG] Starting new HTTPS connection (1): www.google.com:443
05:59:12 [DEBUG] https://www.google.com:443 "GET /generate_204 HTTP/1.1" 204 0
05:59:12 [DEBUG] Starting new HTTPS connection (1): cp.cloudflare.com:443
05:59:12 [DEBUG] https://cp.cloudflare.com:443 "GET / HTTP/1.1" 204 0
05:59:12 [DEBUG] https://cp.cloudflare.com:443 "GET / HTTP/1.1" 204 0
05:59:12 [DEBUG] Starting new HTTPS connection (1): www.gstatic.com:443
05:59:12 [DEBUG] Starting new HTTPS connection (1): www.gstatic.com:443
05:59:12 [DEBUG] Starting new HTTPS connection (1): cp.cloudflare.com:443
05:59:12 [DEBUG] https://cp.cloudflare.com:443 "GET / HTTP/1.1" 204 0
05:59:12 [DEBUG] Starting new HTTPS connection (1): www.gstatic.com:443
05:59:12 [DEBUG] Starting new HTTPS connection (1): www.google.com:443
05:59:13 [DEBUG] https://www.gstatic.com:443 "GET /generate_204 HTTP/1.1" 204 0
05:59:13 [DEBUG] Starting new HTTPS connection (1): cp.cloudflare.com:443
05:59:13 [DEBUG] https://www.gstatic.com:443 "GET /generate_204 HTTP/1.1" 204 0
05:59:13 [DEBUG] Starting new HTTPS connection (1): www.google.com:443
05:59:13 [DEBUG] Starting new HTTPS connection (1): dl.google.com:443
05:59:13 [DEBUG] Starting new HTTPS connection (1): dl.google.com:443
05:59:14 [DEBUG] https://www.google.com:443 "GET /generate_204 HTTP/1.1" 204 0
05:59:14 [DEBUG] Starting new HTTPS connection (1): cp.cloudflare.com:443
05:59:14 [DEBUG] https://dl.google.com:443 "GET /dl/android/studio/install/3.4.1.0/android-studio-ide-183.5522156-windows.exe HTTP/1.1" 404 1449
05:59:14 [INFO]    🎯 5.182.38.91 (Венгрия) - 0.0Mbps, 450ms UDP✅ Reality [yahoo.com]
05:59:14 [DEBUG] Starting new HTTPS connection (1): cp.cloudflare.com:443
05:59:14 [DEBUG] Starting new HTTPS connection (1): cp.cloudflare.com:443
05:59:14 [DEBUG] https://cp.cloudflare.com:443 "GET / HTTP/1.1" 204 0
05:59:14 [DEBUG] Starting new HTTPS connection (1): www.gstatic.com:443
05:59:14 [DEBUG] https://www.gstatic.com:443 "GET /generate_204 HTTP/1.1" 204 0
05:59:14 [DEBUG] https://dl.google.com:443 "GET /dl/android/studio/install/3.4.1.0/android-studio-ide-183.5522156-windows.exe HTTP/1.1" 404 1449
05:59:14 [INFO]    🎯 140.238.100.35 (Британия) - 0.0Mbps, 712ms UDP✅ Reality [yahoo.com]
05:59:14 [INFO]    🎯 38.244.137.198 (Финляндия) - 1.4Mbps, 227ms UDP✅ Reality [google.com]
05:59:15 [DEBUG] https://www.gstatic.com:443 "GET /generate_204 HTTP/1.1" 204 0
05:59:15 [DEBUG] Starting new HTTPS connection (1): www.google.com:443
05:59:15 [DEBUG] Starting new HTTPS connection (1): cp.cloudflare.com:443
05:59:15 [DEBUG] Starting new HTTPS connection (1): www.gstatic.com:443
05:59:15 [DEBUG] Starting new HTTPS connection (1): dl.google.com:443
05:59:15 [DEBUG] Starting new HTTPS connection (1): www.google.com:443
05:59:15 [DEBUG] Starting new HTTPS connection (1): www.google.com:443
05:59:15 [DEBUG] Starting new HTTPS connection (1): dl.google.com:443
05:59:16 [DEBUG] Starting new HTTPS connection (1): cp.cloudflare.com:443
05:59:16 [DEBUG] Starting new HTTPS connection (1): cp.cloudflare.com:443
05:59:16 [DEBUG] https://dl.google.com:443 "GET /dl/android/studio/install/3.4.1.0/android-studio-ide-183.5522156-windows.exe HTTP/1.1" 404 1449
05:59:16 [INFO]    🎯 45.12.143.191 (Турция) - 0.0Mbps, 549ms UDP✅ Reality [yahoo.com]
05:59:16 [DEBUG] Starting new HTTPS connection (1): www.gstatic.com:443
05:59:16 [DEBUG] Starting new HTTPS connection (1): www.gstatic.com:443
05:59:16 [DEBUG] https://dl.google.com:443 "GET /dl/android/studio/install/3.4.1.0/android-studio-ide-183.5522156-windows.exe HTTP/1.1" 200 1017327996
05:59:17 [DEBUG] Starting new HTTPS connection (1): www.google.com:443
05:59:17 [DEBUG] Starting new HTTPS connection (1): www.gstatic.com:443
05:59:17 [DEBUG] Starting new HTTPS connection (1): cp.cloudflare.com:443
05:59:17 [DEBUG] Starting new HTTPS connection (1): cp.cloudflare.com:443
05:59:17 [DEBUG] Starting new HTTPS connection (1): www.google.com:443
05:59:17 [DEBUG] Starting new HTTPS connection (1): www.gstatic.com:443
05:59:17 [DEBUG] Starting new HTTPS connection (1): www.gstatic.com:443
05:59:17 [DEBUG] Starting new HTTPS connection (1): www.google.com:443
05:59:18 [DEBUG] Starting new HTTPS connection (1): www.gstatic.com:443
05:59:18 [DEBUG] https://www.google.com:443 "GET /generate_204 HTTP/1.1" 204 0
05:59:18 [DEBUG] Starting new HTTPS connection (1): cp.cloudflare.com:443
05:59:18 [INFO]    🎯 64.188.104.168 (Германия) - 4.6Mbps, 3298ms UDP✅ Reality [yahoo.com]
05:59:18 [DEBUG] https://cp.cloudflare.com:443 "GET / HTTP/1.1" 204 0
05:59:18 [DEBUG] Starting new HTTPS connection (1): www.gstatic.com:443
05:59:19 [DEBUG] https://www.gstatic.com:443 "GET /generate_204 HTTP/1.1" 204 0
05:59:19 [DEBUG] Starting new HTTPS connection (1): www.google.com:443
05:59:19 [DEBUG] Starting new HTTPS connection (1): www.gstatic.com:443
05:59:19 [DEBUG] Starting new HTTPS connection (1): cp.cloudflare.com:443
05:59:19 [DEBUG] Starting new HTTPS connection (1): www.gstatic.com:443
05:59:19 [DEBUG] Starting new HTTPS connection (1): dl.google.com:443
05:59:19 [DEBUG] Starting new HTTPS connection (1): www.google.com:443
05:59:19 [DEBUG] Starting new HTTPS connection (1): www.google.com:443
05:59:19 [DEBUG] https://dl.google.com:443 "GET /dl/android/studio/install/3.4.1.0/android-studio-ide-183.5522156-windows.exe HTTP/1.1" 404 1449
05:59:19 [INFO]    🎯 94.232.247.168 (Молдова) - 0.0Mbps, 394ms UDP✅ Reality [yahoo.com]
05:59:20 [DEBUG] Starting new HTTPS connection (1): www.gstatic.com:443
05:59:20 [DEBUG] Starting new HTTPS connection (1): cp.cloudflare.com:443
05:59:20 [DEBUG] Starting new HTTPS connection (1): www.google.com:443
05:59:20 [DEBUG] Starting new HTTPS connection (1): cp.cloudflare.com:443
05:59:20 [DEBUG] Starting new HTTPS connection (1): www.gstatic.com:443
05:59:20 [DEBUG] Starting new HTTPS connection (1): cp.cloudflare.com:443
05:59:21 [DEBUG] Starting new HTTPS connection (1): www.gstatic.com:443
05:59:21 [DEBUG] Starting new HTTPS connection (1): www.google.com:443
05:59:21 [DEBUG] Starting new HTTPS connection (1): www.google.com:443
05:59:21 [DEBUG] Starting new HTTPS connection (1): www.gstatic.com:443
05:59:21 [DEBUG] Starting new HTTPS connection (1): cp.cloudflare.com:443
05:59:21 [DEBUG] Starting new HTTPS connection (1): www.gstatic.com:443
05:59:22 [DEBUG] Starting new HTTPS connection (1): www.google.com:443
05:59:22 [DEBUG] Starting new HTTPS connection (1): www.google.com:443
05:59:22 [DEBUG] Starting new HTTPS connection (1): cp.cloudflare.com:443
05:59:22 [DEBUG] Starting new HTTPS connection (1): www.google.com:443
05:59:22 [DEBUG] Starting new HTTPS connection (1): cp.cloudflare.com:443
05:59:22 [DEBUG] Starting new HTTPS connection (1): www.gstatic.com:443
05:59:22 [DEBUG] Starting new HTTPS connection (1): www.gstatic.com:443
05:59:23 [DEBUG] Starting new HTTPS connection (1): www.google.com:443
05:59:23 [DEBUG] Starting new HTTPS connection (1): cp.cloudflare.com:443
05:59:23 [DEBUG] Starting new HTTPS connection (1): www.gstatic.com:443
05:59:23 [DEBUG] Starting new HTTPS connection (1): www.google.com:443
05:59:23 [DEBUG] Starting new HTTPS connection (1): www.google.com:443
05:59:23 [DEBUG] Starting new HTTPS connection (1): cp.cloudflare.com:443
05:59:24 [DEBUG] Starting new HTTPS connection (1): www.gstatic.com:443
05:59:24 [DEBUG] Starting new HTTPS connection (1): www.google.com:443
05:59:24 [INFO]    📊 Global: 40/400 (10%) | ✅16 ❌24
05:59:24 [DEBUG] Starting new HTTPS connection (1): www.google.com:443
05:59:24 [DEBUG] Starting new HTTPS connection (1): www.google.com:443
05:59:24 [DEBUG] Starting new HTTPS connection (1): cp.cloudflare.com:443
05:59:24 [DEBUG] Starting new HTTPS connection (1): cp.cloudflare.com:443
05:59:24 [DEBUG] https://www.google.com:443 "GET /generate_204 HTTP/1.1" 204 0
05:59:24 [DEBUG] Starting new HTTPS connection (1): cp.cloudflare.com:443
05:59:24 [DEBUG] Starting new HTTPS connection (1): www.gstatic.com:443
05:59:24 [DEBUG] Starting new HTTPS connection (1): cp.cloudflare.com:443
05:59:25 [DEBUG] Starting new HTTPS connection (1): www.gstatic.com:443
05:59:25 [DEBUG] Starting new HTTPS connection (1): www.google.com:443
05:59:25 [DEBUG] Starting new HTTPS connection (1): cp.cloudflare.com:443
05:59:25 [DEBUG] Starting new HTTPS connection (1): www.google.com:443
05:59:25 [DEBUG] Starting new HTTPS connection (1): www.google.com:443
05:59:25 [DEBUG] Starting new HTTPS connection (1): cp.cloudflare.com:443
05:59:25 [DEBUG] Starting new HTTPS connection (1): www.gstatic.com:443
05:59:26 [DEBUG] Starting new HTTPS connection (1): cp.cloudflare.com:443
05:59:26 [DEBUG] Starting new HTTPS connection (1): cp.cloudflare.com:443
05:59:26 [DEBUG] https://www.google.com:443 "GET /generate_204 HTTP/1.1" 204 0
05:59:26 [DEBUG] Starting new HTTPS connection (1): cp.cloudflare.com:443
05:59:26 [DEBUG] Starting new HTTPS connection (1): www.google.com:443
05:59:26 [DEBUG] Starting new HTTPS connection (1): www.google.com:443
05:59:27 [DEBUG] https://cp.cloudflare.com:443 "GET / HTTP/1.1" 204 0
05:59:27 [DEBUG] Starting new HTTPS connection (1): www.gstatic.com:443
05:59:27 [DEBUG] Starting new HTTPS connection (1): www.google.com:443
05:59:27 [DEBUG] https://www.google.com:443 "GET /generate_204 HTTP/1.1" 204 0
05:59:27 [DEBUG] Starting new HTTPS connection (1): cp.cloudflare.com:443
05:59:27 [DEBUG] Starting new HTTPS connection (1): www.gstatic.com:443
05:59:28 [DEBUG] https://www.gstatic.com:443 "GET /generate_204 HTTP/1.1" 204 0
05:59:28 [DEBUG] https://www.google.com:443 "GET /generate_204 HTTP/1.1" 204 0
05:59:28 [DEBUG] Starting new HTTPS connection (1): cp.cloudflare.com:443
05:59:28 [DEBUG] Starting new HTTPS connection (1): www.gstatic.com:443
05:59:28 [DEBUG] https://cp.cloudflare.com:443 "GET / HTTP/1.1" 204 0
05:59:28 [DEBUG] Starting new HTTPS connection (1): www.gstatic.com:443
05:59:28 [DEBUG] Starting new HTTPS connection (1): cp.cloudflare.com:443
05:59:28 [DEBUG] Starting new HTTPS connection (1): dl.google.com:443
05:59:29 [DEBUG] https://dl.google.com:443 "GET /dl/android/studio/install/3.4.1.0/android-studio-ide-183.5522156-windows.exe HTTP/1.1" 404 1449
05:59:29 [INFO]    🎯 83.222.23.81 (KZ) - 0.0Mbps, 908ms UDP✅ Reality [yahoo.com]
05:59:29 [DEBUG] Starting new HTTPS connection (1): www.gstatic.com:443
05:59:29 [DEBUG] Starting new HTTPS connection (1): www.gstatic.com:443
05:59:29 [DEBUG] https://www.gstatic.com:443 "GET /generate_204 HTTP/1.1" 204 0
05:59:30 [DEBUG] Starting new HTTPS connection (1): www.gstatic.com:443
05:59:30 [DEBUG] Starting new HTTPS connection (1): www.google.com:443
05:59:31 [DEBUG] Starting new HTTPS connection (1): cp.cloudflare.com:443
05:59:31 [DEBUG] Starting new HTTPS connection (1): cp.cloudflare.com:443
05:59:31 [DEBUG] Starting new HTTPS connection (1): www.gstatic.com:443
05:59:31 [DEBUG] Starting new HTTPS connection (1): www.google.com:443
05:59:31 [DEBUG] Starting new HTTPS connection (1): www.google.com:443
05:59:31 [DEBUG] Starting new HTTPS connection (1): www.google.com:443
05:59:31 [DEBUG] Starting new HTTPS connection (1): www.gstatic.com:443
05:59:32 [DEBUG] Starting new HTTPS connection (1): cp.cloudflare.com:443
05:59:32 [DEBUG] Starting new HTTPS connection (1): cp.cloudflare.com:443
05:59:32 [DEBUG] Starting new HTTPS connection (1): dl.google.com:443
05:59:33 [DEBUG] Starting new HTTPS connection (1): www.gstatic.com:443
05:59:33 [DEBUG] Starting new HTTPS connection (1): www.google.com:443
05:59:33 [DEBUG] Starting new HTTPS connection (1): www.gstatic.com:443
05:59:33 [DEBUG] Starting new HTTPS connection (1): www.gstatic.com:443
05:59:35 [DEBUG] Starting new HTTPS connection (1): www.google.com:443
05:59:35 [DEBUG] Starting new HTTPS connection (1): www.google.com:443
05:59:36 [DEBUG] Starting new HTTPS connection (1): www.google.com:443
05:59:36 [DEBUG] Starting new HTTPS connection (1): cp.cloudflare.com:443
05:59:36 [DEBUG] Starting new HTTPS connection (1): www.gstatic.com:443
05:59:36 [DEBUG] Starting new HTTPS connection (1): www.gstatic.com:443
05:59:36 [DEBUG] Starting new HTTPS connection (1): dl.google.com:443
05:59:36 [DEBUG] Starting new HTTPS connection (1): www.google.com:443
05:59:36 [DEBUG] Starting new HTTPS connection (1): cp.cloudflare.com:443
05:59:36 [DEBUG] Starting new HTTPS connection (1): cp.cloudflare.com:443
05:59:37 [DEBUG] Starting new HTTPS connection (1): www.gstatic.com:443
05:59:37 [DEBUG] Starting new HTTPS connection (1): www.google.com:443
05:59:37 [DEBUG] https://www.google.com:443 "GET /generate_204 HTTP/1.1" 204 0
05:59:37 [DEBUG] Starting new HTTPS connection (1): cp.cloudflare.com:443
05:59:37 [DEBUG] https://cp.cloudflare.com:443 "GET / HTTP/1.1" 204 0
05:59:37 [DEBUG] Starting new HTTPS connection (1): www.gstatic.com:443
05:59:37 [DEBUG] https://www.gstatic.com:443 "GET /generate_204 HTTP/1.1" 204 0
05:59:37 [DEBUG] Starting new HTTPS connection (1): dl.google.com:443
05:59:38 [DEBUG] Starting new HTTPS connection (1): cp.cloudflare.com:443
05:59:38 [DEBUG] Starting new HTTPS connection (1): www.google.com:443
05:59:38 [DEBUG] Starting new HTTPS connection (1): www.gstatic.com:443
05:59:38 [DEBUG] Starting new HTTPS connection (1): cp.cloudflare.com:443
05:59:38 [DEBUG] Starting new HTTPS connection (1): www.gstatic.com:443
05:59:39 [INFO]    🎯 ten5.astralweb.tech (XX) - 0.0Mbps, 178ms UDP❌ Reality [apple.com]
05:59:39 [DEBUG] Starting new HTTPS connection (1): www.google.com:443
05:59:39 [DEBUG] Starting new HTTPS connection (1): cp.cloudflare.com:443
05:59:39 [DEBUG] Starting new HTTPS connection (1): www.gstatic.com:443
05:59:39 [DEBUG] https://cp.cloudflare.com:443 "GET / HTTP/1.1" 204 0
05:59:39 [DEBUG] Starting new HTTPS connection (1): www.gstatic.com:443
05:59:40 [DEBUG] Starting new HTTPS connection (1): cp.cloudflare.com:443
05:59:40 [DEBUG] Starting new HTTPS connection (1): www.google.com:443
05:59:40 [DEBUG] Starting new HTTPS connection (1): www.google.com:443
05:59:40 [DEBUG] https://www.google.com:443 "GET /generate_204 HTTP/1.1" 204 0
05:59:40 [DEBUG] Starting new HTTPS connection (1): cp.cloudflare.com:443
05:59:40 [DEBUG] https://cp.cloudflare.com:443 "GET / HTTP/1.1" 204 0
05:59:40 [DEBUG] Starting new HTTPS connection (1): cp.cloudflare.com:443
05:59:40 [DEBUG] Starting new HTTPS connection (1): www.gstatic.com:443
05:59:40 [DEBUG] https://www.gstatic.com:443 "GET /generate_204 HTTP/1.1" 204 0
05:59:40 [DEBUG] Starting new HTTPS connection (1): dl.google.com:443
05:59:40 [DEBUG] Starting new HTTPS connection (1): www.gstatic.com:443
05:59:40 [DEBUG] https://dl.google.com:443 "GET /dl/android/studio/install/3.4.1.0/android-studio-ide-183.5522156-windows.exe HTTP/1.1" 200 1017327996
05:59:40 [DEBUG] Starting new HTTPS connection (1): cp.cloudflare.com:443
05:59:40 [INFO]    🎯 57.129.53.182 (Германия) - 61.5Mbps, 36ms UDP✅ Reality [fuck.rkn]
05:59:41 [DEBUG] Starting new HTTPS connection (1): www.google.com:443
05:59:41 [DEBUG] https://www.google.com:443 "GET /generate_204 HTTP/1.1" 204 0
05:59:41 [DEBUG] Starting new HTTPS connection (1): cp.cloudflare.com:443
05:59:41 [DEBUG] https://cp.cloudflare.com:443 "GET / HTTP/1.1" 204 0
05:59:41 [DEBUG] Starting new HTTPS connection (1): www.gstatic.com:443
05:59:41 [DEBUG] https://www.gstatic.com:443 "GET /generate_204 HTTP/1.1" 204 0
05:59:41 [DEBUG] Starting new HTTPS connection (1): dl.google.com:443
05:59:41 [DEBUG] https://dl.google.com:443 "GET /dl/android/studio/install/3.4.1.0/android-studio-ide-183.5522156-windows.exe HTTP/1.1" 200 1017327996
05:59:41 [INFO]    🎯 57.129.53.181 (Германия) - 71.0Mbps, 40ms UDP✅ Reality [fuck.rkn]
05:59:41 [DEBUG] Starting new HTTPS connection (1): www.google.com:443
05:59:41 [DEBUG] Starting new HTTPS connection (1): cp.cloudflare.com:443
05:59:41 [DEBUG] Starting new HTTPS connection (1): www.google.com:443
05:59:41 [DEBUG] Starting new HTTPS connection (1): www.gstatic.com:443
05:59:41 [DEBUG] https://www.google.com:443 "GET /generate_204 HTTP/1.1" 204 0
05:59:41 [DEBUG] Starting new HTTPS connection (1): cp.cloudflare.com:443
05:59:41 [DEBUG] https://cp.cloudflare.com:443 "GET / HTTP/1.1" 204 0
05:59:41 [DEBUG] Starting new HTTPS connection (1): www.gstatic.com:443
05:59:41 [DEBUG] Starting new HTTPS connection (1): www.google.com:443
05:59:41 [DEBUG] https://www.gstatic.com:443 "GET /generate_204 HTTP/1.1" 204 0
05:59:41 [DEBUG] Starting new HTTPS connection (1): dl.google.com:443
05:59:42 [DEBUG] https://dl.google.com:443 "GET /dl/android/studio/install/3.4.1.0/android-studio-ide-183.5522156-windows.exe HTTP/1.1" 404 1449
05:59:42 [INFO]    🎯 57.129.49.1 (Германия) - 0.0Mbps, 37ms UDP✅ Reality [fuck.rkn]
05:59:42 [DEBUG] Starting new HTTPS connection (1): www.google.com:443
05:59:42 [DEBUG] Starting new HTTPS connection (1): cp.cloudflare.com:443
05:59:42 [DEBUG] Starting new HTTPS connection (1): www.google.com:443
05:59:42 [INFO]    🎯 176.120.72.63 (KZ) - 0.0Mbps, 829ms UDP❌ Reality [dl.google.com]
05:59:42 [DEBUG] Starting new HTTPS connection (1): www.gstatic.com:443
05:59:43 [DEBUG] Starting new HTTPS connection (1): www.google.com:443
05:59:43 [DEBUG] https://dl.google.com:443 "GET /dl/android/studio/install/3.4.1.0/android-studio-ide-183.5522156-windows.exe HTTP/1.1" 404 1449
05:59:43 [INFO]    🎯 65.108.108.151 (Финляндия) - 0.0Mbps, 136ms UDP✅ Reality [fit.jojack.ru]
05:59:43 [DEBUG] Starting new HTTPS connection (1): www.google.com:443
05:59:43 [DEBUG] https://www.gstatic.com:443 "GET /generate_204 HTTP/1.1" 204 0
05:59:43 [DEBUG] Starting new HTTPS connection (1): cp.cloudflare.com:443
05:59:43 [DEBUG] Starting new HTTPS connection (1): www.gstatic.com:443
05:59:43 [DEBUG] Starting new HTTPS connection (1): www.google.com:443
05:59:43 [DEBUG] Starting new HTTPS connection (1): www.google.com:443
05:59:43 [DEBUG] https://www.google.com:443 "GET /generate_204 HTTP/1.1" 204 0
05:59:43 [DEBUG] Starting new HTTPS connection (1): cp.cloudflare.com:443
05:59:43 [DEBUG] https://www.google.com:443 "GET /generate_204 HTTP/1.1" 204 0
05:59:43 [DEBUG] Starting new HTTPS connection (1): cp.cloudflare.com:443
05:59:43 [DEBUG] Starting new HTTPS connection (1): cp.cloudflare.com:443
05:59:43 [DEBUG] https://cp.cloudflare.com:443 "GET / HTTP/1.1" 204 0
05:59:43 [DEBUG] Starting new HTTPS connection (1): www.gstatic.com:443
05:59:44 [DEBUG] https://cp.cloudflare.com:443 "GET / HTTP/1.1" 204 0
05:59:44 [DEBUG] Starting new HTTPS connection (1): www.gstatic.com:443
05:59:44 [DEBUG] https://www.gstatic.com:443 "GET /generate_204 HTTP/1.1" 204 0
05:59:44 [DEBUG] https://www.gstatic.com:443 "GET /generate_204 HTTP/1.1" 204 0
05:59:44 [DEBUG] Starting new HTTPS connection (1): dl.google.com:443
05:59:44 [DEBUG] Starting new HTTPS connection (1): dl.google.com:443
05:59:44 [DEBUG] https://dl.google.com:443 "GET /dl/android/studio/install/3.4.1.0/android-studio-ide-183.5522156-windows.exe HTTP/1.1" 200 1017327996
05:59:44 [DEBUG] https://dl.google.com:443 "GET /dl/android/studio/install/3.4.1.0/android-studio-ide-183.5522156-windows.exe HTTP/1.1" 200 1017327996
05:59:44 [DEBUG] Starting new HTTPS connection (1): www.google.com:443
05:59:44 [INFO]    🎯 51.158.206.98 (Нидерланды) - 47.9Mbps, 114ms UDP✅ Reality [fuck.rkn]
05:59:44 [DEBUG] https://www.google.com:443 "GET /generate_204 HTTP/1.1" 204 0
05:59:44 [DEBUG] Starting new HTTPS connection (1): cp.cloudflare.com:443
05:59:44 [INFO]    🎯 51.158.206.93 (Нидерланды) - 40.3Mbps, 106ms UDP✅ Reality [fuck.rkn]
05:59:44 [DEBUG] https://cp.cloudflare.com:443 "GET / HTTP/1.1" 204 0
05:59:44 [DEBUG] Starting new HTTPS connection (1): www.gstatic.com:443
05:59:44 [DEBUG] Starting new HTTPS connection (1): www.google.com:443
05:59:44 [DEBUG] Starting new HTTPS connection (1): cp.cloudflare.com:443
05:59:44 [DEBUG] https://www.gstatic.com:443 "GET /generate_204 HTTP/1.1" 204 0
05:59:44 [DEBUG] https://www.google.com:443 "GET /generate_204 HTTP/1.1" 204 0
05:59:44 [DEBUG] Starting new HTTPS connection (1): cp.cloudflare.com:443
05:59:44 [DEBUG] Starting new HTTPS connection (1): dl.google.com:443
05:59:44 [DEBUG] https://cp.cloudflare.com:443 "GET / HTTP/1.1" 204 0
05:59:44 [DEBUG] Starting new HTTPS connection (1): www.gstatic.com:443
05:59:44 [DEBUG] https://dl.google.com:443 "GET /dl/android/studio/install/3.4.1.0/android-studio-ide-183.5522156-windows.exe HTTP/1.1" 200 1017327996
05:59:44 [DEBUG] https://www.gstatic.com:443 "GET /generate_204 HTTP/1.1" 204 0
05:59:44 [INFO]    🎯 51.158.206.103 (Нидерланды) - 46.6Mbps, 105ms UDP✅ Reality [fuck.rkn]
05:59:44 [DEBUG] Starting new HTTPS connection (1): dl.google.com:443
05:59:45 [DEBUG] Starting new HTTPS connection (1): cp.cloudflare.com:443
05:59:45 [DEBUG] https://dl.google.com:443 "GET /dl/android/studio/install/3.4.1.0/android-studio-ide-183.5522156-windows.exe HTTP/1.1" 200 1017327996
05:59:45 [DEBUG] Starting new HTTPS connection (1): www.gstatic.com:443
05:59:45 [INFO]    🎯 51.158.206.80 (Нидерланды) - 50.0Mbps, 127ms UDP✅ Reality [fuck.rkn]
05:59:45 [DEBUG] Starting new HTTPS connection (1): www.gstatic.com:443
05:59:45 [DEBUG] Starting new HTTPS connection (1): www.google.com:443
05:59:45 [DEBUG] Starting new HTTPS connection (1): www.google.com:443
05:59:45 [DEBUG] Starting new HTTPS connection (1): www.gstatic.com:443
05:59:46 [DEBUG] Starting new HTTPS connection (1): www.google.com:443
05:59:46 [DEBUG] Starting new HTTPS connection (1): dl.google.com:443
05:59:46 [DEBUG] Starting new HTTPS connection (1): www.google.com:443
05:59:46 [DEBUG] Starting new HTTPS connection (1): www.gstatic.com:443
05:59:46 [DEBUG] https://www.google.com:443 "GET /generate_204 HTTP/1.1" 204 0
05:59:46 [DEBUG] Starting new HTTPS connection (1): cp.cloudflare.com:443
05:59:47 [DEBUG] https://cp.cloudflare.com:443 "GET / HTTP/1.1" 204 0
05:59:47 [DEBUG] Starting new HTTPS connection (1): www.gstatic.com:443
05:59:47 [DEBUG] Starting new HTTPS connection (1): www.gstatic.com:443
05:59:47 [DEBUG] https://www.gstatic.com:443 "GET /generate_204 HTTP/1.1" 204 0
05:59:47 [DEBUG] Starting new HTTPS connection (1): dl.google.com:443
05:59:47 [DEBUG] Starting new HTTPS connection (1): cp.cloudflare.com:443
05:59:47 [DEBUG] https://dl.google.com:443 "GET /dl/android/studio/install/3.4.1.0/android-studio-ide-183.5522156-windows.exe HTTP/1.1" 200 1017327996
05:59:47 [DEBUG] Starting new HTTPS connection (1): cp.cloudflare.com:443
05:59:49 [DEBUG] Starting new HTTPS connection (1): www.google.com:443
05:59:49 [DEBUG] Starting new HTTPS connection (1): www.google.com:443
05:59:50 [DEBUG] Starting new HTTPS connection (1): www.gstatic.com:443
05:59:50 [DEBUG] Starting new HTTPS connection (1): www.gstatic.com:443
05:59:50 [DEBUG] Starting new HTTPS connection (1): www.google.com:443
05:59:50 [DEBUG] https://www.google.com:443 "GET /generate_204 HTTP/1.1" 204 0
05:59:50 [DEBUG] Starting new HTTPS connection (1): cp.cloudflare.com:443
05:59:50 [DEBUG] https://cp.cloudflare.com:443 "GET / HTTP/1.1" 204 0
05:59:50 [DEBUG] Starting new HTTPS connection (1): www.gstatic.com:443
05:59:50 [DEBUG] https://www.gstatic.com:443 "GET /generate_204 HTTP/1.1" 204 0
05:59:50 [DEBUG] Starting new HTTPS connection (1): dl.google.com:443
05:59:50 [DEBUG] https://dl.google.com:443 "GET /dl/android/studio/install/3.4.1.0/android-studio-ide-183.5522156-windows.exe HTTP/1.1" 200 1017327996
05:59:51 [INFO]    🎯 195.26.224.102 (Нидерланды) - 39.8Mbps, 117ms UDP✅ Reality [vk.com]
05:59:51 [DEBUG] Starting new HTTPS connection (1): cp.cloudflare.com:443
05:59:51 [INFO]    🎯 138.124.79.9 (Нидерланды) - 3.5Mbps, 303ms UDP✅ Reality [sun6-21.userapi.com]
05:59:51 [INFO]    📊 Global: 80/400 (20%) | ✅29 ❌51
05:59:51 [DEBUG] Starting new HTTPS connection (1): www.google.com:443
05:59:51 [DEBUG] https://www.google.com:443 "GET /generate_204 HTTP/1.1" 204 0
05:59:51 [DEBUG] Starting new HTTPS connection (1): cp.cloudflare.com:443
05:59:51 [DEBUG] https://cp.cloudflare.com:443 "GET / HTTP/1.1" 204 0
05:59:51 [DEBUG] Starting new HTTPS connection (1): www.gstatic.com:443
05:59:51 [DEBUG] Starting new HTTPS connection (1): www.google.com:443
05:59:51 [DEBUG] https://www.gstatic.com:443 "GET /generate_204 HTTP/1.1" 204 0
05:59:51 [DEBUG] Starting new HTTPS connection (1): dl.google.com:443
05:59:51 [DEBUG] Starting new HTTPS connection (1): cp.cloudflare.com:443
05:59:51 [DEBUG] Starting new HTTPS connection (1): www.gstatic.com:443
05:59:51 [DEBUG] https://dl.google.com:443 "GET /dl/android/studio/install/3.4.1.0/android-studio-ide-183.5522156-windows.exe HTTP/1.1" 200 1017327996
05:59:52 [INFO]    🎯 195.26.224.112 (Нидерланды) - 38.1Mbps, 126ms UDP✅ Reality [vk.com]
05:59:52 [DEBUG] Starting new HTTPS connection (1): www.google.com:443
05:59:52 [INFO]    🎯 38.60.212.251 (JP) - 0.0Mbps, 2513ms UDP❌ Reality [mensura.cdn-apple.co]
05:59:52 [DEBUG] Starting new HTTPS connection (1): www.google.com:443
05:59:52 [DEBUG] Starting new HTTPS connection (1): cp.cloudflare.com:443
05:59:52 [DEBUG] Starting new HTTPS connection (1): cp.cloudflare.com:443
05:59:52 [DEBUG] Starting new HTTPS connection (1): www.gstatic.com:443
05:59:52 [DEBUG] Starting new HTTPS connection (1): www.gstatic.com:443
05:59:53 [DEBUG] Starting new HTTPS connection (1): www.google.com:443
05:59:53 [DEBUG] https://www.google.com:443 "GET /generate_204 HTTP/1.1" 204 0
05:59:53 [DEBUG] Starting new HTTPS connection (1): cp.cloudflare.com:443
05:59:53 [DEBUG] Starting new HTTPS connection (1): www.google.com:443
05:59:53 [DEBUG] Starting new HTTPS connection (1): www.google.com:443
05:59:53 [DEBUG] Starting new HTTPS connection (1): www.google.com:443
05:59:53 [DEBUG] https://www.google.com:443 "GET /generate_204 HTTP/1.1" 204 0
05:59:53 [DEBUG] Starting new HTTPS connection (1): cp.cloudflare.com:443
05:59:53 [DEBUG] https://cp.cloudflare.com:443 "GET / HTTP/1.1" 204 0
05:59:53 [DEBUG] Starting new HTTPS connection (1): www.gstatic.com:443
05:59:53 [DEBUG] Starting new HTTPS connection (1): www.google.com:443
05:59:53 [DEBUG] https://cp.cloudflare.com:443 "GET / HTTP/1.1" 204 0
05:59:53 [DEBUG] Starting new HTTPS connection (1): www.gstatic.com:443
05:59:53 [DEBUG] https://www.gstatic.com:443 "GET /generate_204 HTTP/1.1" 204 0
05:59:53 [DEBUG] https://www.gstatic.com:443 "GET /generate_204 HTTP/1.1" 204 0
05:59:53 [DEBUG] Starting new HTTPS connection (1): dl.google.com:443
05:59:53 [DEBUG] Starting new HTTPS connection (1): cp.cloudflare.com:443
05:59:53 [DEBUG] Starting new HTTPS connection (1): www.google.com:443
05:59:53 [DEBUG] https://dl.google.com:443 "GET /dl/android/studio/install/3.4.1.0/android-studio-ide-183.5522156-windows.exe HTTP/1.1" 200 1017327996
05:59:53 [INFO]    🎯 185.177.238.57 (AL) - 61.1Mbps, 75ms UDP✅ Reality [al.cdn.stun.su]
05:59:53 [DEBUG] Starting new HTTPS connection (1): www.gstatic.com:443
05:59:54 [DEBUG] Starting new HTTPS connection (1): www.google.com:443
05:59:54 [DEBUG] Starting new HTTPS connection (1): cp.cloudflare.com:443
05:59:54 [DEBUG] Starting new HTTPS connection (1): cp.cloudflare.com:443
05:59:54 [DEBUG] Starting new HTTPS connection (1): dl.google.com:443
05:59:55 [DEBUG] https://dl.google.com:443 "GET /dl/android/studio/install/3.4.1.0/android-studio-ide-183.5522156-windows.exe HTTP/1.1" 200 1017327996
05:59:55 [DEBUG] Starting new HTTPS connection (1): www.google.com:443
05:59:55 [INFO]    🎯 de4.socialup.live (XX) - 39.7Mbps, 175ms UDP✅ Reality [web.max.ru]
05:59:55 [DEBUG] https://www.google.com:443 "GET /generate_204 HTTP/1.1" 204 0
05:59:55 [DEBUG] Starting new HTTPS connection (1): cp.cloudflare.com:443
05:59:55 [DEBUG] Starting new HTTPS connection (1): cp.cloudflare.com:443
05:59:55 [DEBUG] https://cp.cloudflare.com:443 "GET / HTTP/1.1" 204 0
05:59:55 [DEBUG] Starting new HTTPS connection (1): www.gstatic.com:443
05:59:55 [DEBUG] Starting new HTTPS connection (1): www.google.com:443
05:59:55 [DEBUG] https://www.gstatic.com:443 "GET /generate_204 HTTP/1.1" 204 0
05:59:55 [DEBUG] Starting new HTTPS connection (1): dl.google.com:443
05:59:55 [DEBUG] Starting new HTTPS connection (1): cp.cloudflare.com:443
05:59:55 [DEBUG] Starting new HTTPS connection (1): www.gstatic.com:443
05:59:55 [DEBUG] https://dl.google.com:443 "GET /dl/android/studio/install/3.4.1.0/android-studio-ide-183.5522156-windows.exe HTTP/1.1" 200 1017327996
05:59:55 [INFO]    🎯 78.159.131.16 (AL) - 58.2Mbps, 129ms UDP✅ Reality [alb.denditop.site]
05:59:55 [DEBUG] Starting new HTTPS connection (1): cp.cloudflare.com:443
05:59:56 [DEBUG] Starting new HTTPS connection (1): www.gstatic.com:443
05:59:56 [DEBUG] Starting new HTTPS connection (1): www.gstatic.com:443
05:59:56 [DEBUG] Starting new HTTPS connection (1): cp.cloudflare.com:443
05:59:56 [DEBUG] Starting new HTTPS connection (1): www.google.com:443
05:59:56 [DEBUG] https://www.google.com:443 "GET /generate_204 HTTP/1.1" 204 0
05:59:56 [DEBUG] Starting new HTTPS connection (1): cp.cloudflare.com:443
05:59:56 [DEBUG] Starting new HTTPS connection (1): www.google.com:443
05:59:56 [DEBUG] Starting new HTTPS connection (1): www.google.com:443
05:59:57 [DEBUG] Starting new HTTPS connection (1): cp.cloudflare.com:443
05:59:57 [DEBUG] Starting new HTTPS connection (1): cp.cloudflare.com:443
05:59:57 [DEBUG] Starting new HTTPS connection (1): www.gstatic.com:443
05:59:57 [DEBUG] https://cp.cloudflare.com:443 "GET / HTTP/1.1" 204 0
05:59:57 [DEBUG] Starting new HTTPS connection (1): www.gstatic.com:443
05:59:57 [DEBUG] Starting new HTTPS connection (1): www.gstatic.com:443
05:59:57 [DEBUG] Starting new HTTPS connection (1): www.gstatic.com:443
05:59:57 [DEBUG] https://www.google.com:443 "GET /generate_204 HTTP/1.1" 204 0
05:59:57 [DEBUG] Starting new HTTPS connection (1): cp.cloudflare.com:443
05:59:57 [DEBUG] https://www.gstatic.com:443 "GET /generate_204 HTTP/1.1" 204 0
05:59:57 [DEBUG] Starting new HTTPS connection (1): www.gstatic.com:443
05:59:58 [DEBUG] Starting new HTTPS connection (1): dl.google.com:443
05:59:58 [DEBUG] Starting new HTTPS connection (1): www.google.com:443
05:59:58 [DEBUG] Starting new HTTPS connection (1): www.google.com:443
05:59:58 [DEBUG] Starting new HTTPS connection (1): www.gstatic.com:443
05:59:58 [DEBUG] Starting new HTTPS connection (1): cp.cloudflare.com:443
05:59:58 [DEBUG] https://dl.google.com:443 "GET /dl/android/studio/install/3.4.1.0/android-studio-ide-183.5522156-windows.exe HTTP/1.1" 200 1017327996
05:59:58 [DEBUG] Starting new HTTPS connection (1): www.gstatic.com:443
05:59:58 [INFO]    🎯 panelsaf.netvip1.ru (XX) - 23.8Mbps, 508ms UDP✅ Reality [refersion.com]
05:59:59 [DEBUG] https://www.gstatic.com:443 "GET /generate_204 HTTP/1.1" 204 0
05:59:59 [DEBUG] Starting new HTTPS connection (1): www.google.com:443
05:59:59 [DEBUG] Starting new HTTPS connection (1): cp.cloudflare.com:443
05:59:59 [DEBUG] Starting new HTTPS connection (1): www.gstatic.com:443
05:59:59 [DEBUG] Starting new HTTPS connection (1): www.gstatic.com:443
06:00:00 [DEBUG] Starting new HTTPS connection (1): www.google.com:443
06:00:00 [DEBUG] Starting new HTTPS connection (1): www.google.com:443
06:00:00 [DEBUG] https://www.google.com:443 "GET /generate_204 HTTP/1.1" 204 0
06:00:00 [DEBUG] Starting new HTTPS connection (1): cp.cloudflare.com:443
06:00:00 [DEBUG] https://cp.cloudflare.com:443 "GET / HTTP/1.1" 204 0
06:00:00 [DEBUG] Starting new HTTPS connection (1): www.gstatic.com:443
06:00:00 [DEBUG] https://www.gstatic.com:443 "GET /generate_204 HTTP/1.1" 204 0
06:00:00 [DEBUG] Starting new HTTPS connection (1): dl.google.com:443
06:00:00 [DEBUG] https://dl.google.com:443 "GET /dl/android/studio/install/3.4.1.0/android-studio-ide-183.5522156-windows.exe HTTP/1.1" 200 1017327996
06:00:00 [DEBUG] Starting new HTTPS connection (1): www.google.com:443
06:00:00 [INFO]    🎯 nl.mobilezahra.lat (XX) - 74.5Mbps, 73ms UDP✅ Reality [excoino.com]
06:00:00 [DEBUG] Starting new HTTPS connection (1): cp.cloudflare.com:443
06:00:00 [DEBUG] Starting new HTTPS connection (1): www.gstatic.com:443
06:00:00 [DEBUG] Starting new HTTPS connection (1): www.google.com:443
06:00:00 [DEBUG] Starting new HTTPS connection (1): cp.cloudflare.com:443
06:00:00 [DEBUG] Starting new HTTPS connection (1): www.google.com:443
06:00:01 [DEBUG] Starting new HTTPS connection (1): www.google.com:443
06:00:01 [DEBUG] Starting new HTTPS connection (1): cp.cloudflare.com:443
06:00:01 [DEBUG] Starting new HTTPS connection (1): www.gstatic.com:443
06:00:01 [DEBUG] https://www.google.com:443 "GET /generate_204 HTTP/1.1" 204 0
06:00:01 [DEBUG] Starting new HTTPS connection (1): cp.cloudflare.com:443
06:00:01 [DEBUG] Starting new HTTPS connection (1): www.google.com:443
06:00:01 [DEBUG] Starting new HTTPS connection (1): cp.cloudflare.com:443
06:00:02 [DEBUG] Starting new HTTPS connection (1): www.google.com:443
06:00:02 [DEBUG] Starting new HTTPS connection (1): www.google.com:443
06:00:02 [DEBUG] Starting new HTTPS connection (1): www.gstatic.com:443
06:00:02 [DEBUG] https://cp.cloudflare.com:443 "GET / HTTP/1.1" 204 0
06:00:02 [DEBUG] Starting new HTTPS connection (1): www.gstatic.com:443
06:00:02 [DEBUG] https://www.google.com:443 "GET /generate_204 HTTP/1.1" 204 0
06:00:02 [DEBUG] Starting new HTTPS connection (1): cp.cloudflare.com:443
06:00:02 [DEBUG] Starting new HTTPS connection (1): cp.cloudflare.com:443
06:00:02 [DEBUG] https://cp.cloudflare.com:443 "GET / HTTP/1.1" 204 0
06:00:02 [DEBUG] Starting new HTTPS connection (1): www.gstatic.com:443
06:00:02 [DEBUG] Starting new HTTPS connection (1): www.gstatic.com:443
06:00:02 [DEBUG] Starting new HTTPS connection (1): www.google.com:443
06:00:02 [DEBUG] https://www.gstatic.com:443 "GET /generate_204 HTTP/1.1" 204 0
06:00:03 [DEBUG] https://www.gstatic.com:443 "GET /generate_204 HTTP/1.1" 204 0
06:00:03 [DEBUG] https://www.google.com:443 "GET /generate_204 HTTP/1.1" 204 0
06:00:03 [DEBUG] Starting new HTTPS connection (1): cp.cloudflare.com:443
06:00:03 [DEBUG] Starting new HTTPS connection (1): www.gstatic.com:443
06:00:03 [DEBUG] Starting new HTTPS connection (1): dl.google.com:443
06:00:03 [DEBUG] Starting new HTTPS connection (1): www.google.com:443
06:00:03 [DEBUG] https://cp.cloudflare.com:443 "GET / HTTP/1.1" 204 0
06:00:03 [DEBUG] Starting new HTTPS connection (1): www.gstatic.com:443
06:00:03 [DEBUG] https://www.google.com:443 "GET /generate_204 HTTP/1.1" 204 0
06:00:03 [DEBUG] Starting new HTTPS connection (1): cp.cloudflare.com:443
06:00:03 [DEBUG] https://www.gstatic.com:443 "GET /generate_204 HTTP/1.1" 204 0
06:00:04 [DEBUG] https://www.google.com:443 "GET /generate_204 HTTP/1.1" 204 0
06:00:04 [DEBUG] Starting new HTTPS connection (1): cp.cloudflare.com:443
06:00:04 [DEBUG] Starting new HTTPS connection (1): dl.google.com:443
06:00:04 [DEBUG] https://cp.cloudflare.com:443 "GET / HTTP/1.1" 204 0
06:00:04 [DEBUG] Starting new HTTPS connection (1): www.gstatic.com:443
06:00:04 [DEBUG] https://dl.google.com:443 "GET /dl/android/studio/install/3.4.1.0/android-studio-ide-183.5522156-windows.exe HTTP/1.1" 200 1017327996
06:00:04 [DEBUG] https://dl.google.com:443 "GET /dl/android/studio/install/3.4.1.0/android-studio-ide-183.5522156-windows.exe HTTP/1.1" 200 1017327996
06:00:04 [DEBUG] https://www.gstatic.com:443 "GET /generate_204 HTTP/1.1" 204 0
06:00:05 [DEBUG] Starting new HTTPS connection (1): dl.google.com:443
06:00:05 [DEBUG] Starting new HTTPS connection (1): www.gstatic.com:443
06:00:05 [INFO]    🎯 45.83.140.34 (CY) - 5.9Mbps, 355ms UDP✅ Reality [tradingview.com]
06:00:05 [DEBUG] https://dl.google.com:443 "GET /dl/android/studio/install/3.4.1.0/android-studio-ide-183.5522156-windows.exe HTTP/1.1" 200 1017327996
06:00:05 [DEBUG] Starting new HTTPS connection (1): dl.google.com:443
06:00:06 [DEBUG] Starting new HTTPS connection (1): www.google.com:443
06:00:06 [INFO]    🎯 103.113.70.30 (Молдова) - 6.9Mbps, 352ms UDP✅ Reality [tradingview.com]
06:00:06 [INFO]    🎯 94.131.101.203 (Молдова) - 10.7Mbps, 511ms UDP✅ Reality [tradingview.com]
06:00:06 [DEBUG] Starting new HTTPS connection (1): cp.cloudflare.com:443
06:00:06 [DEBUG] Starting new HTTPS connection (1): www.google.com:443
06:00:06 [DEBUG] https://www.gstatic.com:443 "GET /generate_204 HTTP/1.1" 204 0
06:00:07 [DEBUG] Starting new HTTPS connection (1): cp.cloudflare.com:443
06:00:07 [DEBUG] Starting new HTTPS connection (1): cp.cloudflare.com:443
06:00:07 [DEBUG] Starting new HTTPS connection (1): www.google.com:443
06:00:07 [DEBUG] Starting new HTTPS connection (1): www.gstatic.com:443
06:00:07 [DEBUG] Starting new HTTPS connection (1): www.google.com:443
06:00:07 [DEBUG] Starting new HTTPS connection (1): www.gstatic.com:443
06:00:07 [DEBUG] https://cp.cloudflare.com:443 "GET / HTTP/1.1" 204 0
06:00:07 [DEBUG] Starting new HTTPS connection (1): www.gstatic.com:443
06:00:07 [DEBUG] https://www.google.com:443 "GET /generate_204 HTTP/1.1" 204 0
06:00:07 [DEBUG] Starting new HTTPS connection (1): cp.cloudflare.com:443
06:00:07 [DEBUG] Starting new HTTPS connection (1): www.google.com:443
06:00:07 [DEBUG] https://www.google.com:443 "GET /generate_204 HTTP/1.1" 204 0
06:00:07 [DEBUG] Starting new HTTPS connection (1): cp.cloudflare.com:443
06:00:07 [DEBUG] https://cp.cloudflare.com:443 "GET / HTTP/1.1" 204 0
06:00:07 [DEBUG] Starting new HTTPS connection (1): www.gstatic.com:443
06:00:08 [DEBUG] Starting new HTTPS connection (1): cp.cloudflare.com:443
06:00:08 [DEBUG] https://cp.cloudflare.com:443 "GET / HTTP/1.1" 204 0
06:00:08 [DEBUG] Starting new HTTPS connection (1): www.gstatic.com:443
06:00:08 [DEBUG] https://www.gstatic.com:443 "GET /generate_204 HTTP/1.1" 204 0
06:00:08 [DEBUG] Starting new HTTPS connection (1): www.gstatic.com:443
06:00:08 [DEBUG] https://www.gstatic.com:443 "GET /generate_204 HTTP/1.1" 204 0
06:00:08 [DEBUG] Starting new HTTPS connection (1): dl.google.com:443
06:00:08 [DEBUG] Starting new HTTPS connection (1): www.google.com:443
06:00:08 [DEBUG] Starting new HTTPS connection (1): www.google.com:443
06:00:09 [DEBUG] Starting new HTTPS connection (1): www.google.com:443
06:00:09 [DEBUG] https://dl.google.com:443 "GET /dl/android/studio/install/3.4.1.0/android-studio-ide-183.5522156-windows.exe HTTP/1.1" 200 1017327996
06:00:09 [DEBUG] Starting new HTTPS connection (1): dl.google.com:443
06:00:10 [DEBUG] https://www.gstatic.com:443 "GET /generate_204 HTTP/1.1" 204 0
06:00:10 [INFO]    🎯 ilta-wzxrxkdhbjpnprhkkpplsjwawhssvollvxzdhqshiqckwdgrdm.orbnet.xyz (XX) - 6.1Mbps, 422ms UDP✅ Reality [i2pd.website]
06:00:11 [DEBUG] Starting new HTTPS connection (1): dl.google.com:443
06:00:11 [DEBUG] https://dl.google.com:443 "GET /dl/android/studio/install/3.4.1.0/android-studio-ide-183.5522156-windows.exe HTTP/1.1" 200 1017327996
06:00:11 [DEBUG] Starting new HTTPS connection (1): www.google.com:443
06:00:12 [DEBUG] https://dl.google.com:443 "GET /dl/android/studio/install/3.4.1.0/android-studio-ide-183.5522156-windows.exe HTTP/1.1" 200 1017327996
06:00:12 [DEBUG] Starting new HTTPS connection (1): www.gstatic.com:443
06:00:12 [DEBUG] Starting new HTTPS connection (1): www.google.com:443
06:00:12 [INFO]    🎯 212.111.84.82 (KZ) - 12.4Mbps, 423ms UDP❌ Reality [m.vk.ru]
06:00:12 [INFO]    🎯 78.159.131.76 (AL) - 1.9Mbps, 693ms UDP❌ Reality [al.cdn.stun.su]
06:00:12 [DEBUG] Starting new HTTPS connection (1): cp.cloudflare.com:443
06:00:13 [DEBUG] Starting new HTTPS connection (1): dl.google.com:443
06:00:13 [DEBUG] Starting new HTTPS connection (1): cp.cloudflare.com:443
06:00:13 [DEBUG] Starting new HTTPS connection (1): www.google.com:443
06:00:13 [DEBUG] Starting new HTTPS connection (1): cp.cloudflare.com:443
06:00:13 [DEBUG] Starting new HTTPS connection (1): www.google.com:443
06:00:14 [DEBUG] https://www.google.com:443 "GET /generate_204 HTTP/1.1" 204 0
06:00:14 [DEBUG] Starting new HTTPS connection (1): cp.cloudflare.com:443
06:00:14 [DEBUG] https://cp.cloudflare.com:443 "GET / HTTP/1.1" 204 0
06:00:14 [DEBUG] Starting new HTTPS connection (1): www.gstatic.com:443
06:00:14 [DEBUG] https://www.gstatic.com:443 "GET /generate_204 HTTP/1.1" 204 0
06:00:14 [DEBUG] Starting new HTTPS connection (1): dl.google.com:443
06:00:14 [DEBUG] https://dl.google.com:443 "GET /dl/android/studio/install/3.4.1.0/android-studio-ide-183.5522156-windows.exe HTTP/1.1" 200 1017327996
06:00:14 [DEBUG] https://cp.cloudflare.com:443 "GET / HTTP/1.1" 204 0
06:00:14 [DEBUG] Starting new HTTPS connection (1): www.gstatic.com:443
06:00:14 [INFO]    🎯 217.154.254.198 (Германия) - 45.1Mbps, 146ms UDP✅ Reality [azure.com]
06:00:15 [DEBUG] https://dl.google.com:443 "GET /dl/android/studio/install/3.4.1.0/android-studio-ide-183.5522156-windows.exe HTTP/1.1" 200 1017327996
06:00:15 [DEBUG] Starting new HTTPS connection (1): www.google.com:443
06:00:16 [DEBUG] Starting new HTTPS connection (1): www.gstatic.com:443
06:00:16 [DEBUG] https://dl.google.com:443 "GET /dl/android/studio/install/3.4.1.0/android-studio-ide-183.5522156-windows.exe HTTP/1.1" 200 1017327996
06:00:16 [DEBUG] Starting new HTTPS connection (1): cp.cloudflare.com:443
06:00:17 [INFO]    📊 Global: 120/400 (30%) | ✅43 ❌77
06:00:17 [DEBUG] https://www.google.com:443 "GET /generate_204 HTTP/1.1" 204 0
06:00:17 [DEBUG] Starting new HTTPS connection (1): cp.cloudflare.com:443
06:00:17 [INFO]    🎯 78.159.131.5 (AL) - 1.6Mbps, 4248ms UDP❌ Reality [al.cdn.stun.su]
06:00:17 [DEBUG] https://www.gstatic.com:443 "GET /generate_204 HTTP/1.1" 204 0
06:00:18 [DEBUG] Starting new HTTPS connection (1): www.google.com:443
06:00:18 [DEBUG] Starting new HTTPS connection (1): www.gstatic.com:443
06:00:18 [DEBUG] Starting new HTTPS connection (1): cp.cloudflare.com:443
06:00:19 [DEBUG] Starting new HTTPS connection (1): www.google.com:443
06:00:19 [DEBUG] https://cp.cloudflare.com:443 "GET / HTTP/1.1" 204 0
06:00:19 [DEBUG] Starting new HTTPS connection (1): www.gstatic.com:443
06:00:20 [DEBUG] https://www.google.com:443 "GET /generate_204 HTTP/1.1" 204 0
06:00:20 [DEBUG] Starting new HTTPS connection (1): cp.cloudflare.com:443
06:00:20 [DEBUG] Starting new HTTPS connection (1): cp.cloudflare.com:443
06:00:20 [DEBUG] Starting new HTTPS connection (1): dl.google.com:443
06:00:21 [DEBUG] Starting new HTTPS connection (1): www.google.com:443
06:00:21 [DEBUG] https://dl.google.com:443 "GET /dl/android/studio/install/3.4.1.0/android-studio-ide-183.5522156-windows.exe HTTP/1.1" 200 1017327996
06:00:21 [DEBUG] https://cp.cloudflare.com:443 "GET / HTTP/1.1" 204 0
06:00:21 [DEBUG] Starting new HTTPS connection (1): www.gstatic.com:443
06:00:22 [DEBUG] Starting new HTTPS connection (1): www.gstatic.com:443
06:00:22 [INFO]    🎯 212.111.84.187 (KZ) - 8.9Mbps, 2018ms UDP❌ Reality [m.vk.ru]
06:00:23 [DEBUG] Starting new HTTPS connection (1): cp.cloudflare.com:443
06:00:23 [DEBUG] Starting new HTTPS connection (1): www.google.com:443
06:00:23 [DEBUG] Starting new HTTPS connection (1): cp.cloudflare.com:443
06:00:23 [DEBUG] Starting new HTTPS connection (1): cp.cloudflare.com:443
06:00:23 [DEBUG] Starting new HTTPS connection (1): www.gstatic.com:443
06:00:23 [DEBUG] Starting new HTTPS connection (1): www.gstatic.com:443
06:00:24 [INFO]    🎯 92.60.78.221 (SI) - 1.1Mbps, 3127ms UDP❌ Reality [www.tradingview.com]
06:00:24 [DEBUG] Starting new HTTPS connection (1): www.google.com:443
06:00:25 [DEBUG] Starting new HTTPS connection (1): www.google.com:443
06:00:25 [DEBUG] https://www.google.com:443 "GET /generate_204 HTTP/1.1" 204 0
06:00:25 [DEBUG] Starting new HTTPS connection (1): cp.cloudflare.com:443
06:00:25 [DEBUG] Starting new HTTPS connection (1): www.google.com:443
06:00:25 [DEBUG] https://cp.cloudflare.com:443 "GET / HTTP/1.1" 204 0
06:00:25 [DEBUG] Starting new HTTPS connection (1): www.gstatic.com:443
06:00:25 [DEBUG] Starting new HTTPS connection (1): www.google.com:443
06:00:25 [DEBUG] Starting new HTTPS connection (1): www.gstatic.com:443
06:00:25 [DEBUG] Starting new HTTPS connection (1): www.gstatic.com:443
06:00:25 [DEBUG] https://www.gstatic.com:443 "GET /generate_204 HTTP/1.1" 204 0
06:00:25 [DEBUG] https://www.gstatic.com:443 "GET /generate_204 HTTP/1.1" 204 0
06:00:26 [DEBUG] Starting new HTTPS connection (1): cp.cloudflare.com:443
06:00:26 [DEBUG] Starting new HTTPS connection (1): dl.google.com:443
06:00:26 [DEBUG] Starting new HTTPS connection (1): dl.google.com:443
06:00:26 [DEBUG] https://dl.google.com:443 "GET /dl/android/studio/install/3.4.1.0/android-studio-ide-183.5522156-windows.exe HTTP/1.1" 200 1017327996
06:00:26 [DEBUG] Starting new HTTPS connection (1): www.gstatic.com:443
06:00:26 [INFO]    🎯 srv4.outlinekeys.com (XX) - 23.3Mbps, 293ms UDP✅ Reality [sun1-90.userapi.com]
06:00:27 [DEBUG] https://dl.google.com:443 "GET /dl/android/studio/install/3.4.1.0/android-studio-ide-183.5522156-windows.exe HTTP/1.1" 200 1017327996
06:00:27 [DEBUG] Starting new HTTPS connection (1): cp.cloudflare.com:443
06:00:27 [DEBUG] Starting new HTTPS connection (1): www.google.com:443
06:00:28 [DEBUG] Starting new HTTPS connection (1): www.google.com:443
06:00:28 [DEBUG] Starting new HTTPS connection (1): www.gstatic.com:443
06:00:28 [DEBUG] Starting new HTTPS connection (1): www.google.com:443
06:00:28 [DEBUG] https://www.google.com:443 "GET /generate_204 HTTP/1.1" 204 0
06:00:28 [DEBUG] Starting new HTTPS connection (1): cp.cloudflare.com:443
06:00:28 [DEBUG] Starting new HTTPS connection (1): cp.cloudflare.com:443
06:00:28 [DEBUG] https://cp.cloudflare.com:443 "GET / HTTP/1.1" 204 0
06:00:28 [DEBUG] Starting new HTTPS connection (1): www.gstatic.com:443
06:00:28 [DEBUG] Starting new HTTPS connection (1): cp.cloudflare.com:443
06:00:29 [DEBUG] Starting new HTTPS connection (1): www.google.com:443
06:00:29 [DEBUG] https://www.gstatic.com:443 "GET /generate_204 HTTP/1.1" 204 0
06:00:29 [INFO]    🎯 77.83.245.220 (Турция) - 4.3Mbps, 2286ms UDP✅ Reality [mailru.ookcdn.ru]
06:00:29 [DEBUG] Starting new HTTPS connection (1): www.gstatic.com:443
06:00:29 [DEBUG] Starting new HTTPS connection (1): dl.google.com:443
06:00:29 [DEBUG] Starting new HTTPS connection (1): www.gstatic.com:443
06:00:29 [DEBUG] https://dl.google.com:443 "GET /dl/android/studio/install/3.4.1.0/android-studio-ide-183.5522156-windows.exe HTTP/1.1" 200 1017327996
06:00:29 [DEBUG] Starting new HTTPS connection (1): cp.cloudflare.com:443
06:00:29 [DEBUG] Starting new HTTPS connection (1): www.gstatic.com:443
06:00:30 [DEBUG] Starting new HTTPS connection (1): www.google.com:443
06:00:30 [INFO]    🎯 just-server.ru (XX) - 12.9Mbps, 332ms UDP✅ Reality [sun6-21.userapi.com]
06:00:30 [DEBUG] Starting new HTTPS connection (1): www.google.com:443
06:00:30 [DEBUG] Starting new HTTPS connection (1): cp.cloudflare.com:443
06:00:30 [DEBUG] https://www.google.com:443 "GET /generate_204 HTTP/1.1" 204 0
06:00:30 [DEBUG] Starting new HTTPS connection (1): cp.cloudflare.com:443
06:00:31 [DEBUG] https://cp.cloudflare.com:443 "GET / HTTP/1.1" 204 0
06:00:31 [DEBUG] Starting new HTTPS connection (1): www.gstatic.com:443
06:00:31 [DEBUG] Starting new HTTPS connection (1): www.google.com:443
06:00:31 [DEBUG] Starting new HTTPS connection (1): www.gstatic.com:443
06:00:31 [DEBUG] Starting new HTTPS connection (1): www.google.com:443
06:00:31 [DEBUG] https://www.gstatic.com:443 "GET /generate_204 HTTP/1.1" 204 0
06:00:31 [DEBUG] Starting new HTTPS connection (1): www.google.com:443
06:00:31 [DEBUG] Starting new HTTPS connection (1): dl.google.com:443
06:00:31 [DEBUG] Starting new HTTPS connection (1): cp.cloudflare.com:443
06:00:31 [DEBUG] Starting new HTTPS connection (1): cp.cloudflare.com:443
06:00:31 [DEBUG] https://www.google.com:443 "GET /generate_204 HTTP/1.1" 204 0
06:00:31 [DEBUG] Starting new HTTPS connection (1): cp.cloudflare.com:443
06:00:32 [DEBUG] Starting new HTTPS connection (1): www.google.com:443
06:00:32 [DEBUG] Starting new HTTPS connection (1): cp.cloudflare.com:443
06:00:32 [DEBUG] https://cp.cloudflare.com:443 "GET / HTTP/1.1" 204 0
06:00:32 [DEBUG] Starting new HTTPS connection (1): www.gstatic.com:443
06:00:32 [DEBUG] Starting new HTTPS connection (1): www.gstatic.com:443
06:00:32 [DEBUG] https://dl.google.com:443 "GET /dl/android/studio/install/3.4.1.0/android-studio-ide-183.5522156-windows.exe HTTP/1.1" 200 1017327996
06:00:32 [DEBUG] Starting new HTTPS connection (1): www.gstatic.com:443
06:00:32 [DEBUG] Starting new HTTPS connection (1): www.gstatic.com:443
06:00:32 [DEBUG] https://www.gstatic.com:443 "GET /generate_204 HTTP/1.1" 204 0
06:00:32 [DEBUG] Starting new HTTPS connection (1): dl.google.com:443
06:00:33 [DEBUG] Starting new HTTPS connection (1): www.google.com:443
06:00:33 [INFO]    🎯 fin.pryanik.net.ru (XX) - 9.8Mbps, 286ms UDP✅ Reality [sun6-21.userapi.com]
06:00:33 [DEBUG] Starting new HTTPS connection (1): www.google.com:443
06:00:33 [DEBUG] https://www.google.com:443 "GET /generate_204 HTTP/1.1" 204 0
06:00:33 [DEBUG] Starting new HTTPS connection (1): cp.cloudflare.com:443
06:00:33 [DEBUG] Starting new HTTPS connection (1): www.google.com:443
06:00:33 [DEBUG] https://dl.google.com:443 "GET /dl/android/studio/install/3.4.1.0/android-studio-ide-183.5522156-windows.exe HTTP/1.1" 200 1017327996
06:00:33 [DEBUG] https://cp.cloudflare.com:443 "GET / HTTP/1.1" 204 0
06:00:33 [DEBUG] Starting new HTTPS connection (1): www.gstatic.com:443
06:00:34 [INFO]    🎯 dublin.pryanik.net.ru (XX) - 10.8Mbps, 300ms UDP✅ Reality [sun6-21.userapi.com]
06:00:34 [DEBUG] Starting new HTTPS connection (1): www.google.com:443
06:00:34 [DEBUG] https://www.gstatic.com:443 "GET /generate_204 HTTP/1.1" 204 0
06:00:34 [DEBUG] Starting new HTTPS connection (1): www.google.com:443
06:00:34 [DEBUG] Starting new HTTPS connection (1): cp.cloudflare.com:443
06:00:34 [DEBUG] Starting new HTTPS connection (1): www.google.com:443
06:00:34 [DEBUG] Starting new HTTPS connection (1): dl.google.com:443
06:00:34 [DEBUG] https://www.google.com:443 "GET /generate_204 HTTP/1.1" 204 0
06:00:34 [DEBUG] Starting new HTTPS connection (1): cp.cloudflare.com:443
06:00:34 [DEBUG] https://cp.cloudflare.com:443 "GET / HTTP/1.1" 204 0
06:00:34 [DEBUG] Starting new HTTPS connection (1): www.gstatic.com:443
06:00:34 [DEBUG] Starting new HTTPS connection (1): www.google.com:443
06:00:34 [DEBUG] https://dl.google.com:443 "GET /dl/android/studio/install/3.4.1.0/android-studio-ide-183.5522156-windows.exe HTTP/1.1" 200 1017327996
06:00:34 [DEBUG] https://www.gstatic.com:443 "GET /generate_204 HTTP/1.1" 204 0
06:00:34 [DEBUG] Starting new HTTPS connection (1): dl.google.com:443
06:00:34 [DEBUG] https://dl.google.com:443 "GET /dl/android/studio/install/3.4.1.0/android-studio-ide-183.5522156-windows.exe HTTP/1.1" 200 1017327996
06:00:34 [INFO]    🎯 94.103.1.230 (Нидерланды) - 25.4Mbps, 257ms UDP✅ Reality [sun6-21.userapi.com]
06:00:34 [INFO]    🎯 65.109.179.221 (Финляндия) - 47.6Mbps, 106ms UDP✅  []
06:00:34 [DEBUG] Starting new HTTPS connection (1): www.gstatic.com:443
06:00:35 [DEBUG] Starting new HTTPS connection (1): www.google.com:443
06:00:35 [DEBUG] Starting new HTTPS connection (1): cp.cloudflare.com:443
06:00:35 [DEBUG] Starting new HTTPS connection (1): www.gstatic.com:443
06:00:35 [DEBUG] Starting new HTTPS connection (1): cp.cloudflare.com:443
06:00:35 [DEBUG] Starting new HTTPS connection (1): cp.cloudflare.com:443
06:00:36 [DEBUG] Starting new HTTPS connection (1): www.google.com:443
06:00:36 [DEBUG] Starting new HTTPS connection (1): cp.cloudflare.com:443
06:00:36 [DEBUG] Starting new HTTPS connection (1): cp.cloudflare.com:443
06:00:36 [DEBUG] Starting new HTTPS connection (1): www.google.com:443
06:00:36 [DEBUG] Starting new HTTPS connection (1): www.gstatic.com:443
06:00:36 [DEBUG] Starting new HTTPS connection (1): cp.cloudflare.com:443
06:00:36 [DEBUG] Starting new HTTPS connection (1): www.gstatic.com:443
06:00:36 [DEBUG] Starting new HTTPS connection (1): cp.cloudflare.com:443
06:00:36 [DEBUG] Starting new HTTPS connection (1): www.google.com:443
06:00:37 [DEBUG] Starting new HTTPS connection (1): www.google.com:443
06:00:37 [DEBUG] Starting new HTTPS connection (1): cp.cloudflare.com:443
06:00:37 [DEBUG] Starting new HTTPS connection (1): www.google.com:443
06:00:37 [DEBUG] Starting new HTTPS connection (1): www.gstatic.com:443
06:00:37 [DEBUG] Starting new HTTPS connection (1): cp.cloudflare.com:443
06:00:37 [DEBUG] Starting new HTTPS connection (1): www.gstatic.com:443
06:00:37 [DEBUG] Starting new HTTPS connection (1): www.gstatic.com:443
06:00:38 [DEBUG] Starting new HTTPS connection (1): www.gstatic.com:443
06:00:38 [DEBUG] Starting new HTTPS connection (1): www.gstatic.com:443
06:00:38 [DEBUG] Starting new HTTPS connection (1): www.gstatic.com:443
06:00:38 [DEBUG] Starting new HTTPS connection (1): www.google.com:443
06:00:38 [DEBUG] Starting new HTTPS connection (1): cp.cloudflare.com:443
06:00:38 [DEBUG] https://www.gstatic.com:443 "GET /generate_204 HTTP/1.1" 204 0
06:00:39 [DEBUG] Starting new HTTPS connection (1): www.gstatic.com:443
06:00:39 [DEBUG] Starting new HTTPS connection (1): cp.cloudflare.com:443
06:00:39 [DEBUG] Starting new HTTPS connection (1): www.google.com:443
06:00:40 [DEBUG] Starting new HTTPS connection (1): www.google.com:443
06:00:41 [DEBUG] Starting new HTTPS connection (1): www.google.com:443
06:00:41 [DEBUG] Starting new HTTPS connection (1): cp.cloudflare.com:443
06:00:41 [DEBUG] Starting new HTTPS connection (1): www.gstatic.com:443
06:00:41 [DEBUG] Starting new HTTPS connection (1): www.gstatic.com:443
06:00:41 [DEBUG] Starting new HTTPS connection (1): www.google.com:443
06:00:41 [DEBUG] Starting new HTTPS connection (1): www.google.com:443
06:00:41 [DEBUG] Starting new HTTPS connection (1): cp.cloudflare.com:443
06:00:41 [DEBUG] Starting new HTTPS connection (1): www.gstatic.com:443
06:00:41 [DEBUG] Starting new HTTPS connection (1): www.google.com:443
06:00:41 [DEBUG] Starting new HTTPS connection (1): cp.cloudflare.com:443
06:00:41 [DEBUG] Starting new HTTPS connection (1): www.gstatic.com:443
06:00:41 [INFO]    📊 Global: 160/400 (40%) | ✅53 ❌107
06:00:42 [DEBUG] Starting new HTTPS connection (1): cp.cloudflare.com:443
06:00:42 [DEBUG] Starting new HTTPS connection (1): www.google.com:443
06:00:42 [DEBUG] Starting new HTTPS connection (1): cp.cloudflare.com:443
06:00:42 [DEBUG] Starting new HTTPS connection (1): www.gstatic.com:443
06:00:42 [DEBUG] Starting new HTTPS connection (1): cp.cloudflare.com:443
06:00:42 [DEBUG] Starting new HTTPS connection (1): www.google.com:443
06:00:42 [DEBUG] Starting new HTTPS connection (1): www.google.com:443
06:00:43 [DEBUG] Starting new HTTPS connection (1): cp.cloudflare.com:443
06:00:43 [DEBUG] Starting new HTTPS connection (1): www.google.com:443
06:00:43 [DEBUG] Starting new HTTPS connection (1): cp.cloudflare.com:443
06:00:44 [DEBUG] Starting new HTTPS connection (1): www.gstatic.com:443
06:00:44 [DEBUG] Starting new HTTPS connection (1): www.gstatic.com:443
06:00:44 [DEBUG] Starting new HTTPS connection (1): cp.cloudflare.com:443
06:00:44 [DEBUG] Starting new HTTPS connection (1): www.google.com:443
06:00:44 [DEBUG] Starting new HTTPS connection (1): cp.cloudflare.com:443
06:00:44 [DEBUG] Starting new HTTPS connection (1): www.gstatic.com:443
06:00:44 [DEBUG] Starting new HTTPS connection (1): cp.cloudflare.com:443
06:00:44 [DEBUG] Starting new HTTPS connection (1): www.gstatic.com:443
06:00:45 [DEBUG] Starting new HTTPS connection (1): www.gstatic.com:443
06:00:45 [DEBUG] Starting new HTTPS connection (1): www.google.com:443
06:00:45 [DEBUG] Starting new HTTPS connection (1): cp.cloudflare.com:443
06:00:45 [DEBUG] Starting new HTTPS connection (1): cp.cloudflare.com:443
06:00:45 [DEBUG] Starting new HTTPS connection (1): www.gstatic.com:443
06:00:45 [DEBUG] Starting new HTTPS connection (1): www.google.com:443
06:00:46 [DEBUG] Starting new HTTPS connection (1): www.gstatic.com:443
06:00:46 [DEBUG] Starting new HTTPS connection (1): www.gstatic.com:443
06:00:46 [DEBUG] Starting new HTTPS connection (1): www.google.com:443
06:00:47 [DEBUG] Starting new HTTPS connection (1): www.gstatic.com:443
06:00:47 [DEBUG] Starting new HTTPS connection (1): cp.cloudflare.com:443
06:00:48 [DEBUG] Starting new HTTPS connection (1): www.google.com:443
06:00:48 [DEBUG] Starting new HTTPS connection (1): www.google.com:443
06:00:48 [DEBUG] Starting new HTTPS connection (1): www.google.com:443
06:00:48 [DEBUG] Starting new HTTPS connection (1): cp.cloudflare.com:443
06:00:48 [DEBUG] Starting new HTTPS connection (1): www.gstatic.com:443
06:00:48 [DEBUG] https://www.google.com:443 "GET /generate_204 HTTP/1.1" 204 0
06:00:48 [DEBUG] Starting new HTTPS connection (1): cp.cloudflare.com:443
06:00:48 [DEBUG] Starting new HTTPS connection (1): www.gstatic.com:443
06:00:48 [DEBUG] Starting new HTTPS connection (1): cp.cloudflare.com:443
06:00:49 [DEBUG] Starting new HTTPS connection (1): www.google.com:443
06:00:49 [DEBUG] Starting new HTTPS connection (1): cp.cloudflare.com:443
06:00:49 [DEBUG] Starting new HTTPS connection (1): www.gstatic.com:443
06:00:49 [DEBUG] Starting new HTTPS connection (1): www.google.com:443
06:00:49 [DEBUG] Starting new HTTPS connection (1): cp.cloudflare.com:443
06:00:49 [DEBUG] Starting new HTTPS connection (1): www.gstatic.com:443
06:00:49 [DEBUG] Starting new HTTPS connection (1): www.gstatic.com:443
06:00:50 [DEBUG] Starting new HTTPS connection (1): www.google.com:443
06:00:50 [DEBUG] Starting new HTTPS connection (1): www.google.com:443
06:00:50 [DEBUG] Starting new HTTPS connection (1): www.google.com:443
06:00:50 [DEBUG] https://www.google.com:443 "GET /generate_204 HTTP/1.1" 204 0
06:00:50 [DEBUG] Starting new HTTPS connection (1): cp.cloudflare.com:443
06:00:50 [DEBUG] https://cp.cloudflare.com:443 "GET / HTTP/1.1" 204 0
06:00:50 [DEBUG] Starting new HTTPS connection (1): www.gstatic.com:443
06:00:50 [DEBUG] Starting new HTTPS connection (1): www.gstatic.com:443
06:00:51 [DEBUG] https://www.gstatic.com:443 "GET /generate_204 HTTP/1.1" 204 0
06:00:51 [DEBUG] Starting new HTTPS connection (1): www.google.com:443
06:00:51 [DEBUG] Starting new HTTPS connection (1): dl.google.com:443
06:00:51 [DEBUG] Starting new HTTPS connection (1): www.google.com:443
06:00:51 [DEBUG] https://dl.google.com:443 "GET /dl/android/studio/install/3.4.1.0/android-studio-ide-183.5522156-windows.exe HTTP/1.1" 404 1449
06:00:51 [INFO]    🎯 185.18.250.252 (Швейцария) - 0.0Mbps, 73ms UDP✅  []
06:00:51 [DEBUG] https://www.google.com:443 "GET /generate_204 HTTP/1.1" 204 0
06:00:51 [DEBUG] Starting new HTTPS connection (1): cp.cloudflare.com:443
06:00:52 [DEBUG] Starting new HTTPS connection (1): cp.cloudflare.com:443
06:00:52 [DEBUG] Starting new HTTPS connection (1): www.google.com:443
06:00:52 [DEBUG] Starting new HTTPS connection (1): cp.cloudflare.com:443
06:00:52 [DEBUG] Starting new HTTPS connection (1): www.gstatic.com:443
06:00:52 [DEBUG] https://cp.cloudflare.com:443 "GET / HTTP/1.1" 204 0
06:00:52 [DEBUG] Starting new HTTPS connection (1): www.gstatic.com:443
06:00:52 [DEBUG] https://cp.cloudflare.com:443 "GET / HTTP/1.1" 404 None
06:00:52 [DEBUG] Starting new HTTPS connection (1): www.gstatic.com:443
06:00:52 [DEBUG] Starting new HTTPS connection (1): cp.cloudflare.com:443
06:00:52 [DEBUG] https://www.gstatic.com:443 "GET /generate_204 HTTP/1.1" 204 0
06:00:52 [DEBUG] Starting new HTTPS connection (1): dl.google.com:443
06:00:52 [DEBUG] https://dl.google.com:443 "GET /dl/android/studio/install/3.4.1.0/android-studio-ide-183.5522156-windows.exe HTTP/1.1" 200 1017327996
06:00:53 [INFO]    🎯 192.248.186.10 (Германия) - 65.7Mbps, 69ms UDP✅  []
06:00:53 [DEBUG] Starting new HTTPS connection (1): cp.cloudflare.com:443
06:00:53 [DEBUG] https://www.google.com:443 "GET /generate_204 HTTP/1.1" 204 0
06:00:53 [DEBUG] Starting new HTTPS connection (1): cp.cloudflare.com:443
06:00:53 [DEBUG] Starting new HTTPS connection (1): www.google.com:443
06:00:53 [DEBUG] Starting new HTTPS connection (1): cp.cloudflare.com:443
06:00:53 [DEBUG] Starting new HTTPS connection (1): www.gstatic.com:443
06:00:53 [DEBUG] https://www.gstatic.com:443 "GET /generate_204 HTTP/1.1" 204 0
06:00:53 [DEBUG] Starting new HTTPS connection (1): dl.google.com:443
06:00:53 [DEBUG] Starting new HTTPS connection (1): www.google.com:443
06:00:53 [DEBUG] Starting new HTTPS connection (1): cp.cloudflare.com:443
06:00:53 [DEBUG] Starting new HTTPS connection (1): www.gstatic.com:443
06:00:54 [DEBUG] https://dl.google.com:443 "GET /dl/android/studio/install/3.4.1.0/android-studio-ide-183.5522156-windows.exe HTTP/1.1" 404 1449
06:00:54 [INFO]    🎯 45.131.209.130 (Нидерланды) - 0.0Mbps, 703ms UDP✅  []
06:00:54 [DEBUG] Starting new HTTPS connection (1): www.gstatic.com:443
06:00:54 [DEBUG] Starting new HTTPS connection (1): www.google.com:443
06:00:54 [DEBUG] Starting new HTTPS connection (1): www.google.com:443
06:00:54 [DEBUG] Starting new HTTPS connection (1): cp.cloudflare.com:443
06:00:54 [DEBUG] Starting new HTTPS connection (1): www.gstatic.com:443
06:00:54 [DEBUG] Starting new HTTPS connection (1): www.google.com:443
06:00:54 [DEBUG] Starting new HTTPS connection (1): cp.cloudflare.com:443
06:00:54 [DEBUG] Starting new HTTPS connection (1): www.gstatic.com:443
06:00:54 [DEBUG] Starting new HTTPS connection (1): www.gstatic.com:443
06:00:54 [DEBUG] Starting new HTTPS connection (1): www.google.com:443
06:00:54 [DEBUG] Starting new HTTPS connection (1): cp.cloudflare.com:443
06:00:54 [DEBUG] Starting new HTTPS connection (1): www.gstatic.com:443
06:00:54 [DEBUG] Starting new HTTPS connection (1): www.google.com:443
06:00:54 [DEBUG] Starting new HTTPS connection (1): cp.cloudflare.com:443
06:00:55 [DEBUG] Starting new HTTPS connection (1): www.gstatic.com:443
06:00:55 [DEBUG] Starting new HTTPS connection (1): www.gstatic.com:443
06:00:55 [DEBUG] Starting new HTTPS connection (1): www.google.com:443
06:00:55 [DEBUG] Starting new HTTPS connection (1): www.google.com:443
06:00:55 [DEBUG] Starting new HTTPS connection (1): www.google.com:443
06:00:55 [DEBUG] https://www.google.com:443 "GET /generate_204 HTTP/1.1" 204 0
06:00:55 [DEBUG] Starting new HTTPS connection (1): cp.cloudflare.com:443
06:00:56 [DEBUG] https://www.google.com:443 "GET /generate_204 HTTP/1.1" 204 0
06:00:56 [DEBUG] Starting new HTTPS connection (1): cp.cloudflare.com:443
06:00:56 [DEBUG] Starting new HTTPS connection (1): www.google.com:443
06:00:56 [DEBUG] Starting new HTTPS connection (1): www.google.com:443
06:00:56 [DEBUG] https://www.google.com:443 "GET /generate_204 HTTP/1.1" 204 0
06:00:56 [DEBUG] Starting new HTTPS connection (1): cp.cloudflare.com:443
06:00:56 [DEBUG] https://cp.cloudflare.com:443 "GET / HTTP/1.1" 204 0
06:00:56 [DEBUG] Starting new HTTPS connection (1): www.gstatic.com:443
06:00:56 [DEBUG] https://cp.cloudflare.com:443 "GET / HTTP/1.1" 204 0
06:00:56 [DEBUG] Starting new HTTPS connection (1): www.gstatic.com:443
06:00:56 [DEBUG] https://www.google.com:443 "GET /generate_204 HTTP/1.1" 204 0
06:00:56 [DEBUG] Starting new HTTPS connection (1): cp.cloudflare.com:443
06:00:56 [DEBUG] https://www.gstatic.com:443 "GET /generate_204 HTTP/1.1" 204 0
06:00:56 [DEBUG] https://cp.cloudflare.com:443 "GET / HTTP/1.1" 204 0
06:00:56 [DEBUG] Starting new HTTPS connection (1): www.gstatic.com:443
06:00:57 [DEBUG] https://www.gstatic.com:443 "GET /generate_204 HTTP/1.1" 204 0
06:00:57 [DEBUG] https://cp.cloudflare.com:443 "GET / HTTP/1.1" 204 0
06:00:57 [DEBUG] Starting new HTTPS connection (1): www.gstatic.com:443
06:00:57 [DEBUG] Starting new HTTPS connection (1): dl.google.com:443
06:00:57 [DEBUG] Starting new HTTPS connection (1): www.google.com:443
06:00:57 [DEBUG] Starting new HTTPS connection (1): cp.cloudflare.com:443
06:00:57 [DEBUG] Starting new HTTPS connection (1): dl.google.com:443
06:00:57 [DEBUG] Starting new HTTPS connection (1): www.gstatic.com:443
06:00:57 [DEBUG] https://www.gstatic.com:443 "GET /generate_204 HTTP/1.1" 204 0
06:00:57 [DEBUG] https://www.gstatic.com:443 "GET /generate_204 HTTP/1.1" 204 0
06:00:57 [DEBUG] https://dl.google.com:443 "GET /dl/android/studio/install/3.4.1.0/android-studio-ide-183.5522156-windows.exe HTTP/1.1" 200 1017327996
06:00:57 [DEBUG] https://dl.google.com:443 "GET /dl/android/studio/install/3.4.1.0/android-studio-ide-183.5522156-windows.exe HTTP/1.1" 200 1017327996
06:00:57 [DEBUG] https://cp.cloudflare.com:443 "GET / HTTP/1.1" 204 0
06:00:57 [DEBUG] Starting new HTTPS connection (1): www.gstatic.com:443
06:00:57 [DEBUG] Starting new HTTPS connection (1): dl.google.com:443
06:00:57 [DEBUG] Starting new HTTPS connection (1): dl.google.com:443
06:00:58 [DEBUG] Starting new HTTPS connection (1): www.google.com:443
06:00:58 [DEBUG] Starting new HTTPS connection (1): cp.cloudflare.com:443
06:00:58 [DEBUG] Starting new HTTPS connection (1): www.gstatic.com:443
06:00:58 [DEBUG] Starting new HTTPS connection (1): www.google.com:443
06:00:58 [DEBUG] Starting new HTTPS connection (1): cp.cloudflare.com:443
06:00:58 [DEBUG] https://dl.google.com:443 "GET /dl/android/studio/install/3.4.1.0/android-studio-ide-183.5522156-windows.exe HTTP/1.1" 200 1017327996
06:00:58 [DEBUG] https://dl.google.com:443 "GET /dl/android/studio/install/3.4.1.0/android-studio-ide-183.5522156-windows.exe HTTP/1.1" 200 1017327996
06:00:58 [DEBUG] Starting new HTTPS connection (1): www.google.com:443
06:00:58 [DEBUG] Starting new HTTPS connection (1): cp.cloudflare.com:443
06:00:59 [DEBUG] Starting new HTTPS connection (1): www.google.com:443
06:00:59 [INFO]    🎯 159.69.162.184 (Германия) - 6.4Mbps, 494ms UDP✅  []
06:00:59 [INFO]    🎯 159.69.162.184 (Германия) - 6.1Mbps, 599ms UDP✅  []
06:01:00 [INFO]    🎯 159.69.162.184 (Германия) - 5.9Mbps, 465ms UDP✅  []
06:01:00 [INFO]    🎯 159.69.162.184 (Германия) - 4.1Mbps, 549ms UDP✅  []
06:01:00 [DEBUG] Starting new HTTPS connection (1): cp.cloudflare.com:443
06:01:00 [DEBUG] Starting new HTTPS connection (1): www.gstatic.com:443
06:01:00 [DEBUG] Starting new HTTPS connection (1): www.google.com:443
06:01:00 [DEBUG] Starting new HTTPS connection (1): cp.cloudflare.com:443
06:01:01 [DEBUG] Starting new HTTPS connection (1): www.google.com:443
06:01:01 [DEBUG] Starting new HTTPS connection (1): www.google.com:443
06:01:01 [DEBUG] Starting new HTTPS connection (1): cp.cloudflare.com:443
06:01:01 [DEBUG] Starting new HTTPS connection (1): www.google.com:443
06:01:01 [DEBUG] Starting new HTTPS connection (1): cp.cloudflare.com:443
06:01:01 [DEBUG] Starting new HTTPS connection (1): www.gstatic.com:443
06:01:02 [DEBUG] Starting new HTTPS connection (1): www.gstatic.com:443
06:01:02 [DEBUG] Starting new HTTPS connection (1): cp.cloudflare.com:443
06:01:02 [DEBUG] Starting new HTTPS connection (1): www.google.com:443
06:01:02 [DEBUG] Starting new HTTPS connection (1): cp.cloudflare.com:443
06:01:02 [DEBUG] Starting new HTTPS connection (1): www.gstatic.com:443
06:01:02 [DEBUG] Starting new HTTPS connection (1): www.gstatic.com:443
06:01:02 [INFO]    📊 Global: 200/400 (50%) | ✅60 ❌140
06:01:03 [DEBUG] Starting new HTTPS connection (1): cp.cloudflare.com:443
06:01:03 [DEBUG] Starting new HTTPS connection (1): cp.cloudflare.com:443
06:01:03 [DEBUG] Starting new HTTPS connection (1): www.gstatic.com:443
06:01:03 [DEBUG] Starting new HTTPS connection (1): www.google.com:443
06:01:03 [DEBUG] Starting new HTTPS connection (1): cp.cloudflare.com:443
06:01:03 [DEBUG] Starting new HTTPS connection (1): www.gstatic.com:443
06:01:03 [DEBUG] Starting new HTTPS connection (1): www.gstatic.com:443
06:01:04 [DEBUG] Starting new HTTPS connection (1): www.google.com:443
06:01:04 [DEBUG] Starting new HTTPS connection (1): cp.cloudflare.com:443
06:01:04 [DEBUG] Starting new HTTPS connection (1): www.gstatic.com:443
06:01:04 [DEBUG] Starting new HTTPS connection (1): www.gstatic.com:443
06:01:05 [DEBUG] Starting new HTTPS connection (1): www.google.com:443
06:01:05 [DEBUG] Starting new HTTPS connection (1): www.google.com:443
06:01:05 [DEBUG] Starting new HTTPS connection (1): www.gstatic.com:443
06:01:05 [DEBUG] Starting new HTTPS connection (1): cp.cloudflare.com:443
06:01:05 [DEBUG] Starting new HTTPS connection (1): www.gstatic.com:443
06:01:05 [DEBUG] Starting new HTTPS connection (1): www.gstatic.com:443
06:01:05 [DEBUG] Starting new HTTPS connection (1): www.google.com:443
06:01:05 [DEBUG] Starting new HTTPS connection (1): dl.google.com:443
06:01:06 [DEBUG] Starting new HTTPS connection (1): www.google.com:443
06:01:06 [DEBUG] Starting new HTTPS connection (1): cp.cloudflare.com:443
06:01:06 [DEBUG] Starting new HTTPS connection (1): www.google.com:443
06:01:06 [DEBUG] Starting new HTTPS connection (1): www.google.com:443
06:01:06 [DEBUG] Starting new HTTPS connection (1): cp.cloudflare.com:443
06:01:06 [DEBUG] Starting new HTTPS connection (1): www.gstatic.com:443
06:01:07 [DEBUG] Starting new HTTPS connection (1): www.gstatic.com:443
06:01:07 [DEBUG] Starting new HTTPS connection (1): cp.cloudflare.com:443
06:01:08 [DEBUG] Starting new HTTPS connection (1): cp.cloudflare.com:443
06:01:08 [DEBUG] Starting new HTTPS connection (1): www.google.com:443
06:01:08 [DEBUG] Starting new HTTPS connection (1): cp.cloudflare.com:443
06:01:08 [DEBUG] Starting new HTTPS connection (1): www.google.com:443
06:01:08 [DEBUG] Starting new HTTPS connection (1): www.gstatic.com:443
06:01:08 [DEBUG] Starting new HTTPS connection (1): cp.cloudflare.com:443
06:01:08 [DEBUG] Starting new HTTPS connection (1): www.gstatic.com:443
06:01:08 [DEBUG] Starting new HTTPS connection (1): www.google.com:443
06:01:08 [DEBUG] Starting new HTTPS connection (1): www.google.com:443
06:01:09 [DEBUG] Starting new HTTPS connection (1): www.google.com:443
06:01:09 [DEBUG] Starting new HTTPS connection (1): cp.cloudflare.com:443
06:01:09 [DEBUG] Starting new HTTPS connection (1): www.google.com:443
06:01:09 [DEBUG] Starting new HTTPS connection (1): www.google.com:443
06:01:09 [DEBUG] Starting new HTTPS connection (1): www.gstatic.com:443
06:01:09 [DEBUG] https://www.google.com:443 "GET /generate_204 HTTP/1.1" 204 0
06:01:09 [DEBUG] Starting new HTTPS connection (1): cp.cloudflare.com:443
06:01:09 [DEBUG] https://cp.cloudflare.com:443 "GET / HTTP/1.1" 204 0
06:01:09 [DEBUG] Starting new HTTPS connection (1): www.gstatic.com:443
06:01:09 [DEBUG] https://www.gstatic.com:443 "GET /generate_204 HTTP/1.1" 204 0
06:01:09 [DEBUG] Starting new HTTPS connection (1): dl.google.com:443
06:01:10 [DEBUG] https://dl.google.com:443 "GET /dl/android/studio/install/3.4.1.0/android-studio-ide-183.5522156-windows.exe HTTP/1.1" 200 1017327996
06:01:10 [DEBUG] Starting new HTTPS connection (1): www.google.com:443
06:01:10 [DEBUG] Starting new HTTPS connection (1): cp.cloudflare.com:443
06:01:10 [DEBUG] Starting new HTTPS connection (1): www.gstatic.com:443
06:01:10 [DEBUG] Starting new HTTPS connection (1): www.gstatic.com:443
06:01:10 [INFO]    🎯 5.255.114.61 (Нидерланды) - 35.9Mbps, 125ms UDP✅  []
06:01:10 [DEBUG] Starting new HTTPS connection (1): cp.cloudflare.com:443
06:01:11 [DEBUG] Starting new HTTPS connection (1): cp.cloudflare.com:443
06:01:11 [DEBUG] Starting new HTTPS connection (1): www.gstatic.com:443
06:01:11 [DEBUG] Starting new HTTPS connection (1): cp.cloudflare.com:443
06:01:11 [DEBUG] Starting new HTTPS connection (1): www.google.com:443
06:01:11 [DEBUG] Starting new HTTPS connection (1): cp.cloudflare.com:443
06:01:11 [DEBUG] Starting new HTTPS connection (1): www.gstatic.com:443
06:01:11 [DEBUG] Starting new HTTPS connection (1): www.google.com:443
06:01:11 [DEBUG] Starting new HTTPS connection (1): cp.cloudflare.com:443
06:01:12 [DEBUG] https://dl.google.com:443 "GET /dl/android/studio/install/3.4.1.0/android-studio-ide-183.5522156-windows.exe HTTP/1.1" 200 1017327996
06:01:12 [DEBUG] Starting new HTTPS connection (1): www.gstatic.com:443
06:01:12 [DEBUG] Starting new HTTPS connection (1): www.google.com:443
06:01:12 [DEBUG] Starting new HTTPS connection (1): www.google.com:443
06:01:12 [DEBUG] Starting new HTTPS connection (1): cp.cloudflare.com:443
06:01:13 [DEBUG] Starting new HTTPS connection (1): www.gstatic.com:443
06:01:13 [DEBUG] Starting new HTTPS connection (1): www.gstatic.com:443
06:01:13 [DEBUG] Starting new HTTPS connection (1): www.gstatic.com:443
06:01:13 [DEBUG] Starting new HTTPS connection (1): www.google.com:443
06:01:13 [DEBUG] Starting new HTTPS connection (1): cp.cloudflare.com:443
06:01:13 [DEBUG] Starting new HTTPS connection (1): cp.cloudflare.com:443
06:01:13 [DEBUG] Starting new HTTPS connection (1): www.gstatic.com:443
06:01:13 [DEBUG] Starting new HTTPS connection (1): www.gstatic.com:443
06:01:14 [DEBUG] Starting new HTTPS connection (1): www.google.com:443
06:01:14 [INFO]    🎯 185.18.250.179 (Швейцария) - 1.5Mbps, 4872ms UDP❌  []
06:01:14 [DEBUG] Starting new HTTPS connection (1): www.google.com:443
06:01:14 [DEBUG] Starting new HTTPS connection (1): cp.cloudflare.com:443
06:01:14 [DEBUG] Starting new HTTPS connection (1): www.gstatic.com:443
06:01:14 [DEBUG] Starting new HTTPS connection (1): www.google.com:443
06:01:15 [DEBUG] Starting new HTTPS connection (1): www.google.com:443
06:01:15 [DEBUG] Starting new HTTPS connection (1): www.gstatic.com:443
06:01:15 [DEBUG] Starting new HTTPS connection (1): www.google.com:443
06:01:15 [DEBUG] Starting new HTTPS connection (1): www.google.com:443
06:01:15 [DEBUG] Starting new HTTPS connection (1): cp.cloudflare.com:443
06:01:15 [DEBUG] Starting new HTTPS connection (1): cp.cloudflare.com:443
06:01:15 [DEBUG] Starting new HTTPS connection (1): www.gstatic.com:443
06:01:15 [DEBUG] Starting new HTTPS connection (1): www.gstatic.com:443
06:01:16 [DEBUG] Starting new HTTPS connection (1): cp.cloudflare.com:443
06:01:16 [DEBUG] Starting new HTTPS connection (1): www.google.com:443
06:01:16 [DEBUG] Starting new HTTPS connection (1): www.google.com:443
06:01:17 [DEBUG] Starting new HTTPS connection (1): www.google.com:443
06:01:17 [DEBUG] Starting new HTTPS connection (1): www.google.com:443
06:01:17 [DEBUG] Starting new HTTPS connection (1): cp.cloudflare.com:443
06:01:17 [DEBUG] Starting new HTTPS connection (1): www.google.com:443
06:01:17 [DEBUG] Starting new HTTPS connection (1): www.gstatic.com:443
06:01:17 [DEBUG] Starting new HTTPS connection (1): cp.cloudflare.com:443
06:01:18 [DEBUG] Starting new HTTPS connection (1): cp.cloudflare.com:443
06:01:18 [DEBUG] Starting new HTTPS connection (1): www.gstatic.com:443
06:01:18 [DEBUG] Starting new HTTPS connection (1): www.google.com:443
06:01:19 [DEBUG] Starting new HTTPS connection (1): cp.cloudflare.com:443
06:01:19 [DEBUG] Starting new HTTPS connection (1): www.google.com:443
06:01:19 [DEBUG] Starting new HTTPS connection (1): cp.cloudflare.com:443
06:01:19 [DEBUG] Starting new HTTPS connection (1): cp.cloudflare.com:443
06:01:19 [DEBUG] Starting new HTTPS connection (1): cp.cloudflare.com:443
06:01:19 [DEBUG] Starting new HTTPS connection (1): cp.cloudflare.com:443
06:01:20 [DEBUG] Starting new HTTPS connection (1): www.gstatic.com:443
06:01:20 [DEBUG] Starting new HTTPS connection (1): cp.cloudflare.com:443
06:01:21 [DEBUG] Starting new HTTPS connection (1): www.gstatic.com:443
06:01:21 [DEBUG] Starting new HTTPS connection (1): www.gstatic.com:443
06:01:21 [DEBUG] Starting new HTTPS connection (1): www.google.com:443
06:01:21 [DEBUG] Starting new HTTPS connection (1): www.gstatic.com:443
06:01:22 [DEBUG] Starting new HTTPS connection (1): www.gstatic.com:443
06:01:22 [DEBUG] Starting new HTTPS connection (1): www.gstatic.com:443
06:01:23 [DEBUG] Starting new HTTPS connection (1): www.gstatic.com:443
06:01:23 [DEBUG] Starting new HTTPS connection (1): www.google.com:443
06:01:23 [DEBUG] Starting new HTTPS connection (1): cp.cloudflare.com:443
06:01:24 [DEBUG] Starting new HTTPS connection (1): cp.cloudflare.com:443
06:01:24 [DEBUG] Starting new HTTPS connection (1): www.google.com:443
06:01:24 [DEBUG] Starting new HTTPS connection (1): www.google.com:443
06:01:24 [DEBUG] Starting new HTTPS connection (1): www.gstatic.com:443
06:01:25 [DEBUG] Starting new HTTPS connection (1): www.google.com:443
06:01:26 [DEBUG] Starting new HTTPS connection (1): cp.cloudflare.com:443
06:01:26 [DEBUG] Starting new HTTPS connection (1): www.gstatic.com:443
06:01:26 [DEBUG] Starting new HTTPS connection (1): cp.cloudflare.com:443
06:01:26 [DEBUG] Starting new HTTPS connection (1): cp.cloudflare.com:443
06:01:26 [DEBUG] Starting new HTTPS connection (1): www.google.com:443
06:01:27 [DEBUG] Starting new HTTPS connection (1): www.google.com:443
06:01:27 [INFO]    📊 Global: 240/400 (60%) | ✅62 ❌178
06:01:27 [DEBUG] https://www.google.com:443 "GET /generate_204 HTTP/1.1" 204 0
06:01:27 [DEBUG] Starting new HTTPS connection (1): cp.cloudflare.com:443
06:01:28 [DEBUG] https://cp.cloudflare.com:443 "GET / HTTP/1.1" 204 0
06:01:28 [DEBUG] Starting new HTTPS connection (1): www.gstatic.com:443
06:01:28 [DEBUG] https://www.gstatic.com:443 "GET /generate_204 HTTP/1.1" 204 0
06:01:28 [DEBUG] Starting new HTTPS connection (1): dl.google.com:443
06:01:28 [DEBUG] Starting new HTTPS connection (1): www.gstatic.com:443
06:01:28 [DEBUG] https://dl.google.com:443 "GET /dl/android/studio/install/3.4.1.0/android-studio-ide-183.5522156-windows.exe HTTP/1.1" 404 1449
06:01:28 [INFO]    🎯 45.148.31.0 (Дания) - 0.0Mbps, 228ms UDP✅  []
06:01:28 [DEBUG] Starting new HTTPS connection (1): www.gstatic.com:443
06:01:28 [DEBUG] Starting new HTTPS connection (1): www.gstatic.com:443
06:01:29 [DEBUG] Starting new HTTPS connection (1): www.google.com:443
06:01:29 [DEBUG] Starting new HTTPS connection (1): cp.cloudflare.com:443
06:01:29 [DEBUG] Starting new HTTPS connection (1): www.gstatic.com:443
06:01:29 [DEBUG] Starting new HTTPS connection (1): www.gstatic.com:443
06:01:29 [DEBUG] Starting new HTTPS connection (1): cp.cloudflare.com:443
06:01:29 [DEBUG] Starting new HTTPS connection (1): www.google.com:443
06:01:29 [DEBUG] Starting new HTTPS connection (1): www.google.com:443
06:01:29 [DEBUG] Starting new HTTPS connection (1): cp.cloudflare.com:443
06:01:29 [DEBUG] Starting new HTTPS connection (1): www.gstatic.com:443
06:01:30 [DEBUG] Starting new HTTPS connection (1): cp.cloudflare.com:443
06:01:30 [DEBUG] Starting new HTTPS connection (1): www.google.com:443
06:01:30 [DEBUG] Starting new HTTPS connection (1): cp.cloudflare.com:443
06:01:30 [DEBUG] Starting new HTTPS connection (1): www.gstatic.com:443
06:01:31 [DEBUG] Starting new HTTPS connection (1): www.google.com:443
06:01:31 [DEBUG] Starting new HTTPS connection (1): www.google.com:443
06:01:31 [DEBUG] Starting new HTTPS connection (1): www.google.com:443
06:01:31 [DEBUG] Starting new HTTPS connection (1): cp.cloudflare.com:443
06:01:31 [DEBUG] Starting new HTTPS connection (1): www.google.com:443
06:01:32 [DEBUG] Starting new HTTPS connection (1): www.google.com:443
06:01:32 [DEBUG] Starting new HTTPS connection (1): www.google.com:443
06:01:32 [DEBUG] https://www.google.com:443 "GET /generate_204 HTTP/1.1" 204 0
06:01:32 [DEBUG] Starting new HTTPS connection (1): cp.cloudflare.com:443
06:01:32 [DEBUG] Starting new HTTPS connection (1): www.gstatic.com:443
06:01:32 [DEBUG] https://cp.cloudflare.com:443 "GET / HTTP/1.1" 204 0
06:01:32 [DEBUG] Starting new HTTPS connection (1): www.gstatic.com:443
06:01:32 [DEBUG] https://www.gstatic.com:443 "GET /generate_204 HTTP/1.1" 204 0
06:01:32 [DEBUG] Starting new HTTPS connection (1): dl.google.com:443
06:01:32 [DEBUG] https://dl.google.com:443 "GET /dl/android/studio/install/3.4.1.0/android-studio-ide-183.5522156-windows.exe HTTP/1.1" 404 1449
06:01:32 [INFO]    🎯 162.19.228.119 (Франция) - 0.0Mbps, 97ms UDP✅  []
06:01:33 [DEBUG] Starting new HTTPS connection (1): cp.cloudflare.com:443
06:01:33 [DEBUG] Starting new HTTPS connection (1): cp.cloudflare.com:443
06:01:33 [DEBUG] Starting new HTTPS connection (1): cp.cloudflare.com:443
06:01:33 [DEBUG] Starting new HTTPS connection (1): www.google.com:443
06:01:33 [DEBUG] Starting new HTTPS connection (1): cp.cloudflare.com:443
06:01:33 [DEBUG] Starting new HTTPS connection (1): www.gstatic.com:443
06:01:33 [DEBUG] Starting new HTTPS connection (1): cp.cloudflare.com:443
06:01:33 [DEBUG] Starting new HTTPS connection (1): www.gstatic.com:443
06:01:34 [DEBUG] Starting new HTTPS connection (1): cp.cloudflare.com:443
06:01:35 [DEBUG] Starting new HTTPS connection (1): www.gstatic.com:443
06:01:35 [DEBUG] Starting new HTTPS connection (1): www.gstatic.com:443
06:01:35 [DEBUG] Starting new HTTPS connection (1): www.google.com:443
06:01:35 [DEBUG] Starting new HTTPS connection (1): www.gstatic.com:443
06:01:35 [DEBUG] Starting new HTTPS connection (1): www.google.com:443
06:01:35 [DEBUG] Starting new HTTPS connection (1): cp.cloudflare.com:443
06:01:35 [DEBUG] Starting new HTTPS connection (1): www.gstatic.com:443
06:01:35 [DEBUG] Starting new HTTPS connection (1): www.gstatic.com:443
06:01:36 [DEBUG] Starting new HTTPS connection (1): www.gstatic.com:443
06:01:36 [DEBUG] Starting new HTTPS connection (1): www.gstatic.com:443
06:01:36 [DEBUG] Starting new HTTPS connection (1): www.google.com:443
06:01:36 [DEBUG] Starting new HTTPS connection (1): cp.cloudflare.com:443
06:01:36 [DEBUG] Starting new HTTPS connection (1): www.gstatic.com:443
06:01:36 [DEBUG] Starting new HTTPS connection (1): www.google.com:443
06:01:36 [DEBUG] Starting new HTTPS connection (1): cp.cloudflare.com:443
06:01:36 [DEBUG] Starting new HTTPS connection (1): www.gstatic.com:443
06:01:37 [DEBUG] Starting new HTTPS connection (1): cp.cloudflare.com:443
06:01:37 [DEBUG] Starting new HTTPS connection (1): www.google.com:443
06:01:37 [DEBUG] Starting new HTTPS connection (1): cp.cloudflare.com:443
06:01:37 [DEBUG] Starting new HTTPS connection (1): www.gstatic.com:443
06:01:37 [DEBUG] Starting new HTTPS connection (1): www.google.com:443
06:01:37 [DEBUG] Starting new HTTPS connection (1): www.google.com:443
06:01:38 [DEBUG] https://www.google.com:443 "GET /generate_204 HTTP/1.1" 204 0
06:01:38 [DEBUG] Starting new HTTPS connection (1): cp.cloudflare.com:443
06:01:38 [DEBUG] Starting new HTTPS connection (1): www.google.com:443
06:01:38 [DEBUG] https://cp.cloudflare.com:443 "GET / HTTP/1.1" 204 0
06:01:38 [DEBUG] Starting new HTTPS connection (1): www.gstatic.com:443
06:01:38 [DEBUG] Starting new HTTPS connection (1): cp.cloudflare.com:443
06:01:38 [DEBUG] Starting new HTTPS connection (1): www.google.com:443
06:01:38 [DEBUG] Starting new HTTPS connection (1): www.gstatic.com:443
06:01:38 [DEBUG] Starting new HTTPS connection (1): cp.cloudflare.com:443
06:01:38 [DEBUG] Starting new HTTPS connection (1): www.gstatic.com:443
06:01:38 [DEBUG] Starting new HTTPS connection (1): www.google.com:443
06:01:38 [DEBUG] Starting new HTTPS connection (1): www.google.com:443
06:01:38 [DEBUG] Starting new HTTPS connection (1): cp.cloudflare.com:443
06:01:38 [DEBUG] https://www.gstatic.com:443 "GET /generate_204 HTTP/1.1" 204 0
06:01:38 [DEBUG] Starting new HTTPS connection (1): www.gstatic.com:443
06:01:38 [DEBUG] Starting new HTTPS connection (1): dl.google.com:443
06:01:39 [DEBUG] https://dl.google.com:443 "GET /dl/android/studio/install/3.4.1.0/android-studio-ide-183.5522156-windows.exe HTTP/1.1" 404 1449
06:01:39 [INFO]    🎯 46.226.167.138 (Франция) - 0.0Mbps, 273ms UDP✅  []
06:01:39 [DEBUG] Starting new HTTPS connection (1): www.gstatic.com:443
06:01:39 [DEBUG] Starting new HTTPS connection (1): www.google.com:443
06:01:39 [DEBUG] Starting new HTTPS connection (1): www.google.com:443
06:01:39 [DEBUG] https://www.google.com:443 "GET /generate_204 HTTP/1.1" 204 0
06:01:39 [DEBUG] Starting new HTTPS connection (1): cp.cloudflare.com:443
06:01:39 [DEBUG] Starting new HTTPS connection (1): www.google.com:443
06:01:39 [DEBUG] https://www.google.com:443 "GET /generate_204 HTTP/1.1" 204 0
06:01:39 [DEBUG] Starting new HTTPS connection (1): cp.cloudflare.com:443
06:01:39 [DEBUG] Starting new HTTPS connection (1): www.google.com:443
06:01:39 [DEBUG] Starting new HTTPS connection (1): cp.cloudflare.com:443
06:01:39 [DEBUG] https://cp.cloudflare.com:443 "GET / HTTP/1.1" 204 0
06:01:39 [DEBUG] Starting new HTTPS connection (1): www.gstatic.com:443
06:01:39 [DEBUG] Starting new HTTPS connection (1): cp.cloudflare.com:443
06:01:39 [DEBUG] Starting new HTTPS connection (1): www.gstatic.com:443
06:01:39 [DEBUG] https://www.gstatic.com:443 "GET /generate_204 HTTP/1.1" 204 0
06:01:39 [DEBUG] Starting new HTTPS connection (1): dl.google.com:443
06:01:40 [DEBUG] Starting new HTTPS connection (1): www.google.com:443
06:01:40 [DEBUG] https://dl.google.com:443 "GET /dl/android/studio/install/3.4.1.0/android-studio-ide-183.5522156-windows.exe HTTP/1.1" 404 1449
06:01:40 [INFO]    🎯 162.19.10.94 (Франция) - 0.0Mbps, 447ms UDP✅  []
06:01:40 [DEBUG] Starting new HTTPS connection (1): cp.cloudflare.com:443
06:01:40 [DEBUG] Starting new HTTPS connection (1): www.gstatic.com:443
06:01:40 [DEBUG] https://cp.cloudflare.com:443 "GET / HTTP/1.1" 204 0
06:01:40 [DEBUG] Starting new HTTPS connection (1): www.gstatic.com:443
06:01:40 [DEBUG] https://www.gstatic.com:443 "GET /generate_204 HTTP/1.1" 204 0
06:01:40 [DEBUG] Starting new HTTPS connection (1): www.google.com:443
06:01:40 [DEBUG] Starting new HTTPS connection (1): dl.google.com:443
06:01:40 [DEBUG] https://dl.google.com:443 "GET /dl/android/studio/install/3.4.1.0/android-studio-ide-183.5522156-windows.exe HTTP/1.1" 200 1017327996
06:01:40 [DEBUG] Starting new HTTPS connection (1): cp.cloudflare.com:443
06:01:40 [DEBUG] Starting new HTTPS connection (1): www.gstatic.com:443
06:01:40 [INFO]    🎯 94.23.120.129 (Франция) - 39.3Mbps, 276ms UDP✅  []
06:01:41 [DEBUG] Starting new HTTPS connection (1): www.google.com:443
06:01:41 [DEBUG] Starting new HTTPS connection (1): www.google.com:443
06:01:41 [DEBUG] Starting new HTTPS connection (1): cp.cloudflare.com:443
06:01:41 [DEBUG] Starting new HTTPS connection (1): cp.cloudflare.com:443
06:01:41 [DEBUG] Starting new HTTPS connection (1): www.gstatic.com:443
06:01:41 [DEBUG] Starting new HTTPS connection (1): www.gstatic.com:443
06:01:41 [DEBUG] Starting new HTTPS connection (1): www.google.com:443
06:01:41 [DEBUG] Starting new HTTPS connection (1): www.google.com:443
06:01:41 [DEBUG] Starting new HTTPS connection (1): cp.cloudflare.com:443
06:01:41 [DEBUG] Starting new HTTPS connection (1): www.gstatic.com:443
06:01:41 [DEBUG] Starting new HTTPS connection (1): cp.cloudflare.com:443
06:01:41 [DEBUG] Starting new HTTPS connection (1): cp.cloudflare.com:443
06:01:41 [DEBUG] Starting new HTTPS connection (1): www.google.com:443
06:01:41 [DEBUG] Starting new HTTPS connection (1): cp.cloudflare.com:443
06:01:41 [DEBUG] Starting new HTTPS connection (1): www.google.com:443
06:01:41 [DEBUG] Starting new HTTPS connection (1): www.gstatic.com:443
06:01:41 [DEBUG] Starting new HTTPS connection (1): www.gstatic.com:443
06:01:41 [DEBUG] Starting new HTTPS connection (1): cp.cloudflare.com:443
06:01:42 [DEBUG] Starting new HTTPS connection (1): www.gstatic.com:443
06:01:42 [DEBUG] Starting new HTTPS connection (1): www.google.com:443
06:01:42 [DEBUG] Starting new HTTPS connection (1): www.google.com:443
06:01:42 [DEBUG] Starting new HTTPS connection (1): cp.cloudflare.com:443
06:01:42 [DEBUG] Starting new HTTPS connection (1): www.gstatic.com:443
06:01:42 [DEBUG] Starting new HTTPS connection (1): cp.cloudflare.com:443
06:01:42 [DEBUG] Starting new HTTPS connection (1): www.google.com:443
06:01:42 [DEBUG] Starting new HTTPS connection (1): www.gstatic.com:443
06:01:42 [INFO]    📊 Global: 280/400 (70%) | ✅67 ❌213
06:01:42 [DEBUG] Starting new HTTPS connection (1): cp.cloudflare.com:443
06:01:42 [DEBUG] Starting new HTTPS connection (1): www.gstatic.com:443
06:01:42 [DEBUG] Starting new HTTPS connection (1): www.google.com:443
06:01:42 [DEBUG] Starting new HTTPS connection (1): cp.cloudflare.com:443
06:01:42 [DEBUG] Starting new HTTPS connection (1): www.gstatic.com:443
06:01:43 [DEBUG] Starting new HTTPS connection (1): www.google.com:443
06:01:43 [DEBUG] Starting new HTTPS connection (1): www.google.com:443
06:01:43 [DEBUG] Starting new HTTPS connection (1): cp.cloudflare.com:443
06:01:43 [DEBUG] Starting new HTTPS connection (1): cp.cloudflare.com:443
06:01:43 [DEBUG] Starting new HTTPS connection (1): www.gstatic.com:443
06:01:43 [DEBUG] Starting new HTTPS connection (1): www.gstatic.com:443
06:01:43 [DEBUG] Starting new HTTPS connection (1): www.google.com:443
06:01:43 [DEBUG] Starting new HTTPS connection (1): www.google.com:443
06:01:43 [DEBUG] Starting new HTTPS connection (1): cp.cloudflare.com:443
06:01:43 [DEBUG] Starting new HTTPS connection (1): cp.cloudflare.com:443
06:01:43 [DEBUG] Starting new HTTPS connection (1): www.gstatic.com:443
06:01:43 [DEBUG] Starting new HTTPS connection (1): www.google.com:443
06:01:43 [DEBUG] Starting new HTTPS connection (1): www.gstatic.com:443
06:01:43 [DEBUG] Starting new HTTPS connection (1): cp.cloudflare.com:443
06:01:43 [DEBUG] Starting new HTTPS connection (1): www.gstatic.com:443
06:01:43 [DEBUG] Starting new HTTPS connection (1): www.gstatic.com:443
06:01:43 [DEBUG] Starting new HTTPS connection (1): www.google.com:443
06:01:43 [DEBUG] Starting new HTTPS connection (1): cp.cloudflare.com:443
06:01:44 [DEBUG] Starting new HTTPS connection (1): www.gstatic.com:443
06:01:44 [DEBUG] Starting new HTTPS connection (1): www.gstatic.com:443
06:01:44 [DEBUG] Starting new HTTPS connection (1): cp.cloudflare.com:443
06:01:44 [DEBUG] Starting new HTTPS connection (1): www.google.com:443
06:01:44 [DEBUG] Starting new HTTPS connection (1): www.google.com:443
06:01:44 [DEBUG] Starting new HTTPS connection (1): cp.cloudflare.com:443
06:01:44 [DEBUG] Starting new HTTPS connection (1): www.gstatic.com:443
06:01:44 [DEBUG] https://www.google.com:443 "GET /generate_204 HTTP/1.1" 204 0
06:01:44 [DEBUG] Starting new HTTPS connection (1): cp.cloudflare.com:443
06:01:44 [DEBUG] Starting new HTTPS connection (1): www.google.com:443
06:01:45 [DEBUG] Starting new HTTPS connection (1): www.google.com:443
06:01:45 [DEBUG] Starting new HTTPS connection (1): cp.cloudflare.com:443
06:01:45 [DEBUG] Starting new HTTPS connection (1): cp.cloudflare.com:443
06:01:45 [DEBUG] Starting new HTTPS connection (1): www.gstatic.com:443
06:01:45 [DEBUG] Starting new HTTPS connection (1): www.google.com:443
06:01:45 [DEBUG] Starting new HTTPS connection (1): www.gstatic.com:443
06:01:45 [DEBUG] Starting new HTTPS connection (1): cp.cloudflare.com:443
06:01:45 [DEBUG] Starting new HTTPS connection (1): www.gstatic.com:443
06:01:45 [DEBUG] Starting new HTTPS connection (1): www.google.com:443
06:01:45 [DEBUG] Starting new HTTPS connection (1): cp.cloudflare.com:443
06:01:45 [DEBUG] Starting new HTTPS connection (1): www.google.com:443
06:01:45 [DEBUG] Starting new HTTPS connection (1): www.gstatic.com:443
06:01:45 [DEBUG] Starting new HTTPS connection (1): cp.cloudflare.com:443
06:01:45 [DEBUG] Starting new HTTPS connection (1): www.gstatic.com:443
06:01:45 [DEBUG] Starting new HTTPS connection (1): www.google.com:443
06:01:45 [DEBUG] Starting new HTTPS connection (1): cp.cloudflare.com:443
06:01:45 [DEBUG] Starting new HTTPS connection (1): www.gstatic.com:443
06:01:45 [DEBUG] https://cp.cloudflare.com:443 "GET / HTTP/1.1" 204 0
06:01:45 [DEBUG] Starting new HTTPS connection (1): www.gstatic.com:443
06:01:46 [DEBUG] https://www.gstatic.com:443 "GET /generate_204 HTTP/1.1" 204 0
06:01:46 [DEBUG] Starting new HTTPS connection (1): dl.google.com:443
06:01:46 [DEBUG] Starting new HTTPS connection (1): www.google.com:443
06:01:46 [DEBUG] Starting new HTTPS connection (1): www.google.com:443
06:01:46 [DEBUG] Starting new HTTPS connection (1): cp.cloudflare.com:443
06:01:46 [DEBUG] Starting new HTTPS connection (1): www.gstatic.com:443
06:01:46 [DEBUG] Starting new HTTPS connection (1): www.google.com:443
06:01:46 [DEBUG] https://dl.google.com:443 "GET /dl/android/studio/install/3.4.1.0/android-studio-ide-183.5522156-windows.exe HTTP/1.1" 200 1017327996
06:01:46 [DEBUG] Starting new HTTPS connection (1): www.google.com:443
06:01:46 [DEBUG] Starting new HTTPS connection (1): www.google.com:443
06:01:46 [INFO]    🎯 57.129.137.54 (Британия) - 35.4Mbps, 537ms UDP✅  []
06:01:46 [DEBUG] Starting new HTTPS connection (1): www.gstatic.com:443
06:01:47 [DEBUG] Starting new HTTPS connection (1): www.google.com:443
06:01:47 [DEBUG] Starting new HTTPS connection (1): www.google.com:443
06:01:47 [DEBUG] Starting new HTTPS connection (1): www.google.com:443
06:01:47 [DEBUG] Starting new HTTPS connection (1): www.google.com:443
06:01:47 [DEBUG] https://www.google.com:443 "GET /generate_204 HTTP/1.1" 204 0
06:01:47 [DEBUG] Starting new HTTPS connection (1): cp.cloudflare.com:443
06:01:47 [DEBUG] https://cp.cloudflare.com:443 "GET / HTTP/1.1" 204 0
06:01:47 [DEBUG] Starting new HTTPS connection (1): www.gstatic.com:443
06:01:47 [DEBUG] https://www.gstatic.com:443 "GET /generate_204 HTTP/1.1" 204 0
06:01:47 [DEBUG] Starting new HTTPS connection (1): www.google.com:443
06:01:47 [DEBUG] Starting new HTTPS connection (1): dl.google.com:443
06:01:47 [DEBUG] https://dl.google.com:443 "GET /dl/android/studio/install/3.4.1.0/android-studio-ide-183.5522156-windows.exe HTTP/1.1" 404 1449
06:01:47 [INFO]    🎯 188.114.98.0 (XX) - 0.0Mbps, 72ms UDP✅  []
06:01:48 [DEBUG] Starting new HTTPS connection (1): cp.cloudflare.com:443
06:01:48 [DEBUG] Starting new HTTPS connection (1): cp.cloudflare.com:443
06:01:48 [DEBUG] Starting new HTTPS connection (1): cp.cloudflare.com:443
06:01:48 [DEBUG] Starting new HTTPS connection (1): cp.cloudflare.com:443
06:01:49 [DEBUG] Starting new HTTPS connection (1): www.google.com:443
06:01:49 [DEBUG] Starting new HTTPS connection (1): cp.cloudflare.com:443
06:01:49 [DEBUG] Starting new HTTPS connection (1): cp.cloudflare.com:443
06:01:49 [DEBUG] Starting new HTTPS connection (1): cp.cloudflare.com:443
06:01:49 [DEBUG] Starting new HTTPS connection (1): cp.cloudflare.com:443
06:01:50 [DEBUG] Starting new HTTPS connection (1): www.google.com:443
06:01:50 [DEBUG] Starting new HTTPS connection (1): www.gstatic.com:443
06:01:50 [DEBUG] Starting new HTTPS connection (1): www.gstatic.com:443
06:01:50 [DEBUG] Starting new HTTPS connection (1): www.gstatic.com:443
06:01:51 [DEBUG] Starting new HTTPS connection (1): www.gstatic.com:443
06:01:51 [DEBUG] Starting new HTTPS connection (1): cp.cloudflare.com:443
06:01:51 [DEBUG] Starting new HTTPS connection (1): www.gstatic.com:443
06:01:51 [DEBUG] Starting new HTTPS connection (1): www.gstatic.com:443
06:01:51 [DEBUG] Starting new HTTPS connection (1): www.gstatic.com:443
06:01:51 [DEBUG] Starting new HTTPS connection (1): www.gstatic.com:443
06:01:52 [DEBUG] Starting new HTTPS connection (1): cp.cloudflare.com:443
06:01:53 [DEBUG] Starting new HTTPS connection (1): www.gstatic.com:443
06:01:53 [DEBUG] Starting new HTTPS connection (1): www.google.com:443
06:01:54 [DEBUG] Starting new HTTPS connection (1): www.google.com:443
06:01:54 [DEBUG] Starting new HTTPS connection (1): www.google.com:443
06:01:54 [DEBUG] Starting new HTTPS connection (1): www.gstatic.com:443
06:01:54 [DEBUG] Starting new HTTPS connection (1): cp.cloudflare.com:443
06:01:54 [DEBUG] Starting new HTTPS connection (1): www.gstatic.com:443
06:01:54 [DEBUG] Starting new HTTPS connection (1): www.google.com:443
06:01:54 [DEBUG] Starting new HTTPS connection (1): cp.cloudflare.com:443
06:01:54 [DEBUG] Starting new HTTPS connection (1): www.gstatic.com:443
06:01:54 [DEBUG] Starting new HTTPS connection (1): www.google.com:443
06:01:54 [DEBUG] Starting new HTTPS connection (1): www.google.com:443
06:01:55 [DEBUG] Starting new HTTPS connection (1): www.google.com:443
06:01:55 [DEBUG] Starting new HTTPS connection (1): cp.cloudflare.com:443
06:01:55 [DEBUG] Starting new HTTPS connection (1): www.gstatic.com:443
06:01:55 [DEBUG] Starting new HTTPS connection (1): www.google.com:443
06:01:55 [DEBUG] Starting new HTTPS connection (1): cp.cloudflare.com:443
06:01:55 [DEBUG] Starting new HTTPS connection (1): www.google.com:443
06:01:56 [DEBUG] Starting new HTTPS connection (1): www.google.com:443
06:01:56 [DEBUG] Starting new HTTPS connection (1): cp.cloudflare.com:443
06:01:56 [DEBUG] Starting new HTTPS connection (1): www.gstatic.com:443
06:01:56 [DEBUG] Starting new HTTPS connection (1): cp.cloudflare.com:443
06:01:56 [DEBUG] Starting new HTTPS connection (1): www.google.com:443
06:01:56 [DEBUG] Starting new HTTPS connection (1): www.google.com:443
06:01:56 [DEBUG] Starting new HTTPS connection (1): cp.cloudflare.com:443
06:01:57 [DEBUG] Starting new HTTPS connection (1): www.google.com:443
06:01:57 [DEBUG] Starting new HTTPS connection (1): www.google.com:443
06:01:57 [DEBUG] Starting new HTTPS connection (1): cp.cloudflare.com:443
06:01:57 [DEBUG] Starting new HTTPS connection (1): www.gstatic.com:443
06:01:57 [DEBUG] Starting new HTTPS connection (1): cp.cloudflare.com:443
06:01:58 [DEBUG] Starting new HTTPS connection (1): www.gstatic.com:443
06:01:58 [DEBUG] Starting new HTTPS connection (1): cp.cloudflare.com:443
06:01:58 [DEBUG] Starting new HTTPS connection (1): cp.cloudflare.com:443
06:01:58 [DEBUG] Starting new HTTPS connection (1): www.gstatic.com:443
06:01:59 [DEBUG] Starting new HTTPS connection (1): cp.cloudflare.com:443
06:01:59 [DEBUG] Starting new HTTPS connection (1): www.gstatic.com:443
06:01:59 [DEBUG] Starting new HTTPS connection (1): cp.cloudflare.com:443
06:01:59 [DEBUG] Starting new HTTPS connection (1): www.gstatic.com:443
06:01:59 [DEBUG] Starting new HTTPS connection (1): cp.cloudflare.com:443
06:02:00 [DEBUG] Starting new HTTPS connection (1): www.gstatic.com:443
06:02:00 [DEBUG] Starting new HTTPS connection (1): www.google.com:443
06:02:00 [DEBUG] Starting new HTTPS connection (1): www.gstatic.com:443
06:02:00 [INFO]    📊 Global: 320/400 (80%) | ✅69 ❌251
06:02:00 [DEBUG] Starting new HTTPS connection (1): cp.cloudflare.com:443
06:02:01 [DEBUG] Starting new HTTPS connection (1): www.gstatic.com:443
06:02:01 [DEBUG] Starting new HTTPS connection (1): www.gstatic.com:443
06:02:01 [DEBUG] Starting new HTTPS connection (1): www.google.com:443
06:02:01 [DEBUG] Starting new HTTPS connection (1): www.gstatic.com:443
06:02:02 [DEBUG] Starting new HTTPS connection (1): www.google.com:443
06:02:02 [DEBUG] Starting new HTTPS connection (1): www.google.com:443
06:02:02 [DEBUG] Starting new HTTPS connection (1): www.google.com:443
06:02:02 [DEBUG] https://www.google.com:443 "GET /generate_204 HTTP/1.1" 204 0
06:02:02 [DEBUG] Starting new HTTPS connection (1): cp.cloudflare.com:443
06:02:03 [DEBUG] https://cp.cloudflare.com:443 "GET / HTTP/1.1" 204 0
06:02:03 [DEBUG] Starting new HTTPS connection (1): www.gstatic.com:443
06:02:03 [DEBUG] Starting new HTTPS connection (1): www.google.com:443
06:02:03 [DEBUG] https://www.gstatic.com:443 "GET /generate_204 HTTP/1.1" 204 0
06:02:03 [DEBUG] Starting new HTTPS connection (1): dl.google.com:443
06:02:03 [DEBUG] https://dl.google.com:443 "GET /dl/android/studio/install/3.4.1.0/android-studio-ide-183.5522156-windows.exe HTTP/1.1" 200 1017327996
06:02:03 [INFO]    🎯 198.41.222.50 (XX) - 36.0Mbps, 73ms UDP✅  []
06:02:03 [DEBUG] Starting new HTTPS connection (1): cp.cloudflare.com:443
06:02:03 [DEBUG] https://www.google.com:443 "GET /generate_204 HTTP/1.1" 204 0
06:02:03 [DEBUG] Starting new HTTPS connection (1): cp.cloudflare.com:443
06:02:03 [DEBUG] https://cp.cloudflare.com:443 "GET / HTTP/1.1" 204 0
06:02:03 [DEBUG] Starting new HTTPS connection (1): www.gstatic.com:443
06:02:03 [DEBUG] Starting new HTTPS connection (1): www.google.com:443
06:02:03 [DEBUG] https://www.gstatic.com:443 "GET /generate_204 HTTP/1.1" 204 0
06:02:03 [DEBUG] Starting new HTTPS connection (1): dl.google.com:443
06:02:03 [DEBUG] https://dl.google.com:443 "GET /dl/android/studio/install/3.4.1.0/android-studio-ide-183.5522156-windows.exe HTTP/1.1" 200 1017327996
06:02:04 [DEBUG] Starting new HTTPS connection (1): cp.cloudflare.com:443
06:02:04 [DEBUG] Starting new HTTPS connection (1): cp.cloudflare.com:443
06:02:04 [DEBUG] Starting new HTTPS connection (1): www.google.com:443
06:02:04 [DEBUG] Starting new HTTPS connection (1): www.google.com:443
06:02:04 [DEBUG] Starting new HTTPS connection (1): www.google.com:443
06:02:04 [DEBUG] Starting new HTTPS connection (1): www.gstatic.com:443
06:02:05 [DEBUG] Starting new HTTPS connection (1): www.google.com:443
06:02:05 [DEBUG] Starting new HTTPS connection (1): www.gstatic.com:443
06:02:05 [DEBUG] Starting new HTTPS connection (1): cp.cloudflare.com:443
06:02:06 [INFO]    🎯 104.20.1.252 (XX) - 5.4Mbps, 213ms UDP✅  []
06:02:06 [DEBUG] Starting new HTTPS connection (1): www.gstatic.com:443
06:02:06 [DEBUG] Starting new HTTPS connection (1): cp.cloudflare.com:443
06:02:06 [DEBUG] Starting new HTTPS connection (1): cp.cloudflare.com:443
06:02:06 [DEBUG] Starting new HTTPS connection (1): cp.cloudflare.com:443
06:02:06 [DEBUG] Starting new HTTPS connection (1): www.gstatic.com:443
06:02:07 [DEBUG] Starting new HTTPS connection (1): cp.cloudflare.com:443
06:02:07 [DEBUG] Starting new HTTPS connection (1): www.google.com:443
06:02:07 [DEBUG] https://www.google.com:443 "GET /generate_204 HTTP/1.1" 204 0
06:02:07 [DEBUG] Starting new HTTPS connection (1): cp.cloudflare.com:443
06:02:07 [DEBUG] https://cp.cloudflare.com:443 "GET / HTTP/1.1" 204 0
06:02:07 [DEBUG] Starting new HTTPS connection (1): www.gstatic.com:443
06:02:07 [DEBUG] https://www.gstatic.com:443 "GET /generate_204 HTTP/1.1" 204 0
06:02:07 [DEBUG] Starting new HTTPS connection (1): dl.google.com:443
06:02:07 [DEBUG] Starting new HTTPS connection (1): www.gstatic.com:443
06:02:07 [DEBUG] https://dl.google.com:443 "GET /dl/android/studio/install/3.4.1.0/android-studio-ide-183.5522156-windows.exe HTTP/1.1" 404 1449
06:02:07 [INFO]    🎯 104.21.40.34 (XX) - 0.0Mbps, 66ms UDP✅  []
06:02:08 [DEBUG] Starting new HTTPS connection (1): www.gstatic.com:443
06:02:08 [DEBUG] Starting new HTTPS connection (1): www.gstatic.com:443
06:02:08 [DEBUG] Starting new HTTPS connection (1): www.gstatic.com:443
06:02:08 [DEBUG] Starting new HTTPS connection (1): www.google.com:443
06:02:08 [DEBUG] https://www.google.com:443 "GET /generate_204 HTTP/1.1" 204 0
06:02:08 [DEBUG] Starting new HTTPS connection (1): cp.cloudflare.com:443
06:02:09 [DEBUG] Starting new HTTPS connection (1): www.google.com:443
06:02:09 [DEBUG] https://www.google.com:443 "GET /generate_204 HTTP/1.1" 204 0
06:02:09 [DEBUG] Starting new HTTPS connection (1): cp.cloudflare.com:443
06:02:09 [DEBUG] https://cp.cloudflare.com:443 "GET / HTTP/1.1" 204 0
06:02:09 [DEBUG] Starting new HTTPS connection (1): www.gstatic.com:443
06:02:09 [DEBUG] Starting new HTTPS connection (1): www.gstatic.com:443
06:02:09 [DEBUG] https://www.gstatic.com:443 "GET /generate_204 HTTP/1.1" 204 0
06:02:09 [DEBUG] Starting new HTTPS connection (1): dl.google.com:443
06:02:09 [DEBUG] https://dl.google.com:443 "GET /dl/android/studio/install/3.4.1.0/android-studio-ide-183.5522156-windows.exe HTTP/1.1" 200 1017327996
06:02:09 [INFO]    🎯 8.6.112.0 (XX) - 58.0Mbps, 73ms UDP✅  []
06:02:09 [DEBUG] Starting new HTTPS connection (1): www.google.com:443
06:02:09 [DEBUG] https://cp.cloudflare.com:443 "GET / HTTP/1.1" 204 0
06:02:09 [DEBUG] Starting new HTTPS connection (1): www.gstatic.com:443
06:02:09 [DEBUG] https://www.google.com:443 "GET /generate_204 HTTP/1.1" 204 0
06:02:09 [DEBUG] Starting new HTTPS connection (1): cp.cloudflare.com:443
06:02:09 [DEBUG] https://www.gstatic.com:443 "GET /generate_204 HTTP/1.1" 204 0
06:02:09 [DEBUG] https://cp.cloudflare.com:443 "GET / HTTP/1.1" 204 0
06:02:09 [DEBUG] Starting new HTTPS connection (1): www.gstatic.com:443
06:02:09 [DEBUG] Starting new HTTPS connection (1): dl.google.com:443
06:02:09 [DEBUG] https://www.gstatic.com:443 "GET /generate_204 HTTP/1.1" 204 0
06:02:09 [DEBUG] Starting new HTTPS connection (1): dl.google.com:443
06:02:10 [DEBUG] https://dl.google.com:443 "GET /dl/android/studio/install/3.4.1.0/android-studio-ide-183.5522156-windows.exe HTTP/1.1" 200 1017327996
06:02:10 [DEBUG] https://dl.google.com:443 "GET /dl/android/studio/install/3.4.1.0/android-studio-ide-183.5522156-windows.exe HTTP/1.1" 404 1449
06:02:10 [INFO]    🎯 104.21.227.134 (XX) - 0.0Mbps, 65ms UDP✅  []
06:02:10 [INFO]    🎯 104.17.73.206 (XX) - 37.7Mbps, 325ms UDP✅  []
06:02:10 [DEBUG] Starting new HTTPS connection (1): www.google.com:443
06:02:10 [DEBUG] Starting new HTTPS connection (1): www.google.com:443
06:02:10 [DEBUG] Starting new HTTPS connection (1): www.google.com:443
06:02:11 [DEBUG] Starting new HTTPS connection (1): www.google.com:443
06:02:11 [DEBUG] Starting new HTTPS connection (1): www.google.com:443
06:02:11 [DEBUG] Starting new HTTPS connection (1): www.google.com:443
06:02:12 [DEBUG] Starting new HTTPS connection (1): www.google.com:443
06:02:12 [DEBUG] Starting new HTTPS connection (1): www.google.com:443
06:02:12 [DEBUG] Starting new HTTPS connection (1): www.google.com:443
06:02:12 [DEBUG] Starting new HTTPS connection (1): cp.cloudflare.com:443
06:02:12 [DEBUG] Starting new HTTPS connection (1): www.gstatic.com:443
06:02:12 [DEBUG] https://www.google.com:443 "GET /generate_204 HTTP/1.1" 204 0
06:02:12 [DEBUG] Starting new HTTPS connection (1): cp.cloudflare.com:443
06:02:12 [DEBUG] Starting new HTTPS connection (1): cp.cloudflare.com:443
06:02:12 [DEBUG] Starting new HTTPS connection (1): www.google.com:443
06:02:12 [DEBUG] Starting new HTTPS connection (1): cp.cloudflare.com:443
06:02:12 [DEBUG] Starting new HTTPS connection (1): www.gstatic.com:443
06:02:12 [DEBUG] https://cp.cloudflare.com:443 "GET / HTTP/1.1" 204 0
06:02:12 [DEBUG] Starting new HTTPS connection (1): www.gstatic.com:443
06:02:12 [DEBUG] Starting new HTTPS connection (1): cp.cloudflare.com:443
06:02:13 [DEBUG] Starting new HTTPS connection (1): cp.cloudflare.com:443
06:02:13 [DEBUG] Starting new HTTPS connection (1): www.google.com:443
06:02:13 [DEBUG] Starting new HTTPS connection (1): cp.cloudflare.com:443
06:02:13 [DEBUG] https://www.gstatic.com:443 "GET /generate_204 HTTP/1.1" 204 0
06:02:13 [DEBUG] Starting new HTTPS connection (1): www.google.com:443
06:02:13 [DEBUG] Starting new HTTPS connection (1): dl.google.com:443
06:02:14 [DEBUG] Starting new HTTPS connection (1): cp.cloudflare.com:443
06:02:14 [DEBUG] Starting new HTTPS connection (1): cp.cloudflare.com:443
06:02:14 [DEBUG] Starting new HTTPS connection (1): www.gstatic.com:443
06:02:15 [DEBUG] Starting new HTTPS connection (1): www.gstatic.com:443
06:02:15 [DEBUG] https://dl.google.com:443 "GET /dl/android/studio/install/3.4.1.0/android-studio-ide-183.5522156-windows.exe HTTP/1.1" 404 1449
06:02:15 [INFO]    🎯 104.21.3.219 (XX) - 0.0Mbps, 774ms UDP✅  []
06:02:15 [DEBUG] Starting new HTTPS connection (1): cp.cloudflare.com:443
06:02:15 [DEBUG] Starting new HTTPS connection (1): www.gstatic.com:443
06:02:15 [DEBUG] Starting new HTTPS connection (1): www.gstatic.com:443
06:02:16 [DEBUG] Starting new HTTPS connection (1): cp.cloudflare.com:443
06:02:16 [DEBUG] Starting new HTTPS connection (1): www.gstatic.com:443
06:02:16 [DEBUG] Starting new HTTPS connection (1): cp.cloudflare.com:443
06:02:16 [DEBUG] Starting new HTTPS connection (1): www.gstatic.com:443
06:02:16 [DEBUG] Starting new HTTPS connection (1): www.google.com:443
06:02:17 [DEBUG] Starting new HTTPS connection (1): www.gstatic.com:443
06:02:17 [DEBUG] Starting new HTTPS connection (1): www.google.com:443
06:02:17 [DEBUG] Starting new HTTPS connection (1): cp.cloudflare.com:443
06:02:17 [DEBUG] Starting new HTTPS connection (1): www.gstatic.com:443
06:02:18 [DEBUG] Starting new HTTPS connection (1): www.google.com:443
06:02:18 [DEBUG] Starting new HTTPS connection (1): cp.cloudflare.com:443
06:02:18 [DEBUG] Starting new HTTPS connection (1): www.gstatic.com:443
06:02:18 [DEBUG] Starting new HTTPS connection (1): www.google.com:443
06:02:18 [DEBUG] Starting new HTTPS connection (1): cp.cloudflare.com:443
06:02:18 [DEBUG] Starting new HTTPS connection (1): www.gstatic.com:443
06:02:18 [DEBUG] Starting new HTTPS connection (1): www.google.com:443
06:02:18 [DEBUG] Starting new HTTPS connection (1): cp.cloudflare.com:443
06:02:18 [DEBUG] Starting new HTTPS connection (1): www.gstatic.com:443
06:02:19 [DEBUG] Starting new HTTPS connection (1): www.google.com:443
06:02:19 [DEBUG] Starting new HTTPS connection (1): www.google.com:443
06:02:19 [DEBUG] Starting new HTTPS connection (1): www.google.com:443
06:02:19 [DEBUG] Starting new HTTPS connection (1): cp.cloudflare.com:443
06:02:19 [DEBUG] Starting new HTTPS connection (1): www.gstatic.com:443
06:02:20 [DEBUG] Starting new HTTPS connection (1): www.google.com:443
06:02:20 [DEBUG] Starting new HTTPS connection (1): www.google.com:443
06:02:20 [DEBUG] Starting new HTTPS connection (1): cp.cloudflare.com:443
06:02:20 [DEBUG] Starting new HTTPS connection (1): www.gstatic.com:443
06:02:20 [DEBUG] Starting new HTTPS connection (1): cp.cloudflare.com:443
06:02:20 [DEBUG] Starting new HTTPS connection (1): www.google.com:443
06:02:20 [DEBUG] Starting new HTTPS connection (1): www.gstatic.com:443
06:02:20 [DEBUG] Starting new HTTPS connection (1): www.google.com:443
06:02:21 [DEBUG] Starting new HTTPS connection (1): www.gstatic.com:443
06:02:21 [DEBUG] Starting new HTTPS connection (1): cp.cloudflare.com:443
06:02:21 [DEBUG] Starting new HTTPS connection (1): www.google.com:443
06:02:21 [DEBUG] Starting new HTTPS connection (1): cp.cloudflare.com:443
06:02:21 [DEBUG] Starting new HTTPS connection (1): www.google.com:443
06:02:22 [DEBUG] Starting new HTTPS connection (1): cp.cloudflare.com:443
06:02:22 [DEBUG] Starting new HTTPS connection (1): www.gstatic.com:443
06:02:23 [DEBUG] Starting new HTTPS connection (1): cp.cloudflare.com:443
06:02:23 [DEBUG] Starting new HTTPS connection (1): cp.cloudflare.com:443
06:02:23 [DEBUG] Starting new HTTPS connection (1): www.gstatic.com:443
06:02:23 [DEBUG] Starting new HTTPS connection (1): cp.cloudflare.com:443
06:02:23 [DEBUG] Starting new HTTPS connection (1): www.gstatic.com:443
06:02:23 [DEBUG] Starting new HTTPS connection (1): cp.cloudflare.com:443
06:02:24 [DEBUG] Starting new HTTPS connection (1): www.google.com:443
06:02:24 [DEBUG] Starting new HTTPS connection (1): cp.cloudflare.com:443
06:02:24 [DEBUG] Starting new HTTPS connection (1): www.gstatic.com:443
06:02:24 [INFO]    📊 Global: 360/400 (90%) | ✅76 ❌284
06:02:24 [DEBUG] Starting new HTTPS connection (1): www.gstatic.com:443
06:02:25 [DEBUG] Starting new HTTPS connection (1): www.gstatic.com:443
06:02:25 [DEBUG] Starting new HTTPS connection (1): www.gstatic.com:443
06:02:25 [DEBUG] Starting new HTTPS connection (1): www.google.com:443
06:02:25 [DEBUG] Starting new HTTPS connection (1): www.gstatic.com:443
06:02:25 [DEBUG] Starting new HTTPS connection (1): www.google.com:443
06:02:25 [DEBUG] Starting new HTTPS connection (1): www.gstatic.com:443
06:02:26 [DEBUG] Starting new HTTPS connection (1): www.google.com:443
06:02:26 [DEBUG] Starting new HTTPS connection (1): www.google.com:443
06:02:27 [DEBUG] Starting new HTTPS connection (1): www.google.com:443
06:02:27 [DEBUG] Starting new HTTPS connection (1): cp.cloudflare.com:443
06:02:27 [DEBUG] Starting new HTTPS connection (1): www.google.com:443
06:02:27 [DEBUG] Starting new HTTPS connection (1): cp.cloudflare.com:443
06:02:28 [DEBUG] Starting new HTTPS connection (1): www.google.com:443
06:02:28 [DEBUG] Starting new HTTPS connection (1): www.google.com:443
06:02:28 [DEBUG] Starting new HTTPS connection (1): cp.cloudflare.com:443
06:02:28 [DEBUG] Starting new HTTPS connection (1): www.gstatic.com:443
06:02:28 [DEBUG] Starting new HTTPS connection (1): cp.cloudflare.com:443
06:02:28 [DEBUG] Starting new HTTPS connection (1): www.google.com:443
06:02:29 [DEBUG] Starting new HTTPS connection (1): cp.cloudflare.com:443
06:02:29 [DEBUG] Starting new HTTPS connection (1): www.google.com:443
06:02:29 [DEBUG] Starting new HTTPS connection (1): cp.cloudflare.com:443
06:02:29 [DEBUG] Starting new HTTPS connection (1): www.gstatic.com:443
06:02:29 [DEBUG] Starting new HTTPS connection (1): cp.cloudflare.com:443
06:02:29 [DEBUG] Starting new HTTPS connection (1): www.gstatic.com:443
06:02:29 [DEBUG] Starting new HTTPS connection (1): cp.cloudflare.com:443
06:02:29 [DEBUG] Starting new HTTPS connection (1): www.google.com:443
06:02:29 [DEBUG] Starting new HTTPS connection (1): www.gstatic.com:443
06:02:30 [DEBUG] Starting new HTTPS connection (1): www.google.com:443
06:02:30 [DEBUG] Starting new HTTPS connection (1): cp.cloudflare.com:443
06:02:30 [DEBUG] Starting new HTTPS connection (1): cp.cloudflare.com:443
06:02:30 [DEBUG] Starting new HTTPS connection (1): www.gstatic.com:443
06:02:31 [DEBUG] Starting new HTTPS connection (1): www.gstatic.com:443
06:02:31 [DEBUG] Starting new HTTPS connection (1): www.gstatic.com:443
06:02:31 [DEBUG] Starting new HTTPS connection (1): www.gstatic.com:443
06:02:31 [DEBUG] Starting new HTTPS connection (1): cp.cloudflare.com:443
06:02:32 [DEBUG] Starting new HTTPS connection (1): cp.cloudflare.com:443
06:02:32 [DEBUG] Starting new HTTPS connection (1): www.gstatic.com:443
06:02:32 [DEBUG] Starting new HTTPS connection (1): www.google.com:443
06:02:32 [DEBUG] Starting new HTTPS connection (1): cp.cloudflare.com:443
06:02:32 [DEBUG] Starting new HTTPS connection (1): www.gstatic.com:443
06:02:32 [DEBUG] Starting new HTTPS connection (1): www.gstatic.com:443
06:02:33 [DEBUG] Starting new HTTPS connection (1): www.google.com:443
06:02:33 [DEBUG] Starting new HTTPS connection (1): cp.cloudflare.com:443
06:02:33 [DEBUG] Starting new HTTPS connection (1): www.gstatic.com:443
06:02:33 [DEBUG] Starting new HTTPS connection (1): www.google.com:443
06:02:33 [DEBUG] Starting new HTTPS connection (1): www.gstatic.com:443
06:02:33 [DEBUG] Starting new HTTPS connection (1): cp.cloudflare.com:443
06:02:33 [DEBUG] Starting new HTTPS connection (1): www.gstatic.com:443
06:02:34 [DEBUG] Starting new HTTPS connection (1): www.google.com:443
06:02:34 [DEBUG] Starting new HTTPS connection (1): cp.cloudflare.com:443
06:02:34 [DEBUG] Starting new HTTPS connection (1): www.gstatic.com:443
06:02:34 [DEBUG] Starting new HTTPS connection (1): www.google.com:443
06:02:34 [DEBUG] Starting new HTTPS connection (1): www.gstatic.com:443
06:02:34 [DEBUG] Starting new HTTPS connection (1): www.google.com:443
06:02:34 [DEBUG] Starting new HTTPS connection (1): www.google.com:443
06:02:34 [DEBUG] Starting new HTTPS connection (1): www.google.com:443
06:02:35 [DEBUG] Starting new HTTPS connection (1): www.google.com:443
06:02:35 [DEBUG] Starting new HTTPS connection (1): www.google.com:443
06:02:36 [DEBUG] Starting new HTTPS connection (1): www.google.com:443
06:02:36 [DEBUG] Starting new HTTPS connection (1): www.google.com:443
06:02:36 [DEBUG] Starting new HTTPS connection (1): cp.cloudflare.com:443
06:02:36 [DEBUG] Starting new HTTPS connection (1): cp.cloudflare.com:443
06:02:36 [DEBUG] Starting new HTTPS connection (1): cp.cloudflare.com:443
06:02:37 [DEBUG] Starting new HTTPS connection (1): cp.cloudflare.com:443
06:02:37 [DEBUG] Starting new HTTPS connection (1): www.google.com:443
06:02:37 [DEBUG] Starting new HTTPS connection (1): cp.cloudflare.com:443
06:02:37 [DEBUG] Starting new HTTPS connection (1): cp.cloudflare.com:443
06:02:37 [DEBUG] Starting new HTTPS connection (1): www.google.com:443
06:02:38 [DEBUG] Starting new HTTPS connection (1): cp.cloudflare.com:443
06:02:38 [DEBUG] Starting new HTTPS connection (1): cp.cloudflare.com:443
06:02:38 [DEBUG] Starting new HTTPS connection (1): www.gstatic.com:443
06:02:38 [DEBUG] Starting new HTTPS connection (1): www.gstatic.com:443
06:02:39 [DEBUG] Starting new HTTPS connection (1): www.gstatic.com:443
06:02:39 [DEBUG] Starting new HTTPS connection (1): cp.cloudflare.com:443
06:02:39 [DEBUG] Starting new HTTPS connection (1): www.gstatic.com:443
06:02:39 [DEBUG] Starting new HTTPS connection (1): www.gstatic.com:443
06:02:39 [DEBUG] Starting new HTTPS connection (1): www.gstatic.com:443
06:02:39 [DEBUG] Starting new HTTPS connection (1): cp.cloudflare.com:443
06:02:40 [DEBUG] Starting new HTTPS connection (1): www.gstatic.com:443
06:02:40 [DEBUG] Starting new HTTPS connection (1): www.gstatic.com:443
06:02:41 [DEBUG] Starting new HTTPS connection (1): www.gstatic.com:443
06:02:41 [DEBUG] Starting new HTTPS connection (1): www.google.com:443
06:02:42 [DEBUG] Starting new HTTPS connection (1): www.gstatic.com:443
06:02:42 [DEBUG] Starting new HTTPS connection (1): www.google.com:443
06:02:42 [DEBUG] Starting new HTTPS connection (1): www.google.com:443
06:02:42 [DEBUG] Starting new HTTPS connection (1): www.google.com:443
06:02:42 [DEBUG] Starting new HTTPS connection (1): www.google.com:443
06:02:43 [DEBUG] Starting new HTTPS connection (1): cp.cloudflare.com:443
06:02:44 [DEBUG] Starting new HTTPS connection (1): cp.cloudflare.com:443
06:02:44 [DEBUG] Starting new HTTPS connection (1): cp.cloudflare.com:443
06:02:44 [DEBUG] Starting new HTTPS connection (1): cp.cloudflare.com:443
06:02:44 [DEBUG] Starting new HTTPS connection (1): cp.cloudflare.com:443
06:02:45 [DEBUG] Starting new HTTPS connection (1): www.gstatic.com:443
06:02:46 [DEBUG] Starting new HTTPS connection (1): www.gstatic.com:443
06:02:46 [DEBUG] Starting new HTTPS connection (1): www.gstatic.com:443
06:02:46 [DEBUG] Starting new HTTPS connection (1): www.gstatic.com:443
06:02:46 [DEBUG] Starting new HTTPS connection (1): www.gstatic.com:443
06:02:48 [INFO]    📊 Global: 400/400 (100%) | ✅76 ❌324
06:02:50 [DEBUG] Starting new HTTPS connection (1): www.google.com:443
06:02:50 [DEBUG] Starting new HTTPS connection (1): www.google.com:443
06:02:50 [DEBUG] Starting new HTTPS connection (1): www.google.com:443
06:02:50 [DEBUG] Starting new HTTPS connection (1): www.google.com:443
06:02:50 [DEBUG] Starting new HTTPS connection (1): www.google.com:443
06:02:50 [DEBUG] Starting new HTTPS connection (1): www.google.com:443
06:02:50 [DEBUG] Starting new HTTPS connection (1): www.google.com:443
06:02:50 [DEBUG] Starting new HTTPS connection (1): www.google.com:443
06:02:50 [DEBUG] Starting new HTTPS connection (1): www.google.com:443
06:02:50 [DEBUG] Starting new HTTPS connection (1): www.google.com:443
06:02:50 [DEBUG] https://www.google.com:443 "GET /generate_204 HTTP/1.1" 204 0
06:02:50 [DEBUG] Starting new HTTPS connection (1): cp.cloudflare.com:443
06:02:50 [DEBUG] https://www.google.com:443 "GET /generate_204 HTTP/1.1" 204 0
06:02:50 [DEBUG] Starting new HTTPS connection (1): cp.cloudflare.com:443
06:02:50 [DEBUG] https://www.google.com:443 "GET /generate_204 HTTP/1.1" 204 0
06:02:50 [DEBUG] Starting new HTTPS connection (1): cp.cloudflare.com:443
06:02:50 [DEBUG] https://www.google.com:443 "GET /generate_204 HTTP/1.1" 204 0
06:02:50 [DEBUG] Starting new HTTPS connection (1): cp.cloudflare.com:443
06:02:50 [DEBUG] https://www.google.com:443 "GET /generate_204 HTTP/1.1" 204 0
06:02:50 [DEBUG] Starting new HTTPS connection (1): cp.cloudflare.com:443
06:02:50 [DEBUG] https://www.google.com:443 "GET /generate_204 HTTP/1.1" 204 0
06:02:50 [DEBUG] Starting new HTTPS connection (1): cp.cloudflare.com:443
06:02:50 [DEBUG] https://www.google.com:443 "GET /generate_204 HTTP/1.1" 204 0
06:02:50 [DEBUG] Starting new HTTPS connection (1): cp.cloudflare.com:443
06:02:50 [DEBUG] https://cp.cloudflare.com:443 "GET / HTTP/1.1" 204 0
06:02:50 [DEBUG] Starting new HTTPS connection (1): www.gstatic.com:443
06:02:50 [DEBUG] https://cp.cloudflare.com:443 "GET / HTTP/1.1" 204 0
06:02:50 [DEBUG] Starting new HTTPS connection (1): www.gstatic.com:443
06:02:50 [DEBUG] https://cp.cloudflare.com:443 "GET / HTTP/1.1" 204 0
06:02:50 [DEBUG] Starting new HTTPS connection (1): www.gstatic.com:443
06:02:50 [DEBUG] https://cp.cloudflare.com:443 "GET / HTTP/1.1" 204 0
06:02:50 [DEBUG] Starting new HTTPS connection (1): www.gstatic.com:443
06:02:50 [DEBUG] https://cp.cloudflare.com:443 "GET / HTTP/1.1" 204 0
06:02:50 [DEBUG] Starting new HTTPS connection (1): www.gstatic.com:443
06:02:51 [DEBUG] https://cp.cloudflare.com:443 "GET / HTTP/1.1" 204 0
06:02:51 [DEBUG] Starting new HTTPS connection (1): www.gstatic.com:443
06:02:51 [DEBUG] https://www.google.com:443 "GET /generate_204 HTTP/1.1" 204 0
06:02:51 [DEBUG] Starting new HTTPS connection (1): cp.cloudflare.com:443
06:02:51 [DEBUG] https://www.gstatic.com:443 "GET /generate_204 HTTP/1.1" 204 0
06:02:51 [DEBUG] https://www.gstatic.com:443 "GET /generate_204 HTTP/1.1" 204 0
06:02:51 [DEBUG] https://www.gstatic.com:443 "GET /generate_204 HTTP/1.1" 204 0
06:02:51 [DEBUG] Starting new HTTPS connection (1): dl.google.com:443
06:02:51 [DEBUG] https://www.google.com:443 "GET /generate_204 HTTP/1.1" 204 0
06:02:51 [DEBUG] Starting new HTTPS connection (1): cp.cloudflare.com:443
06:02:51 [DEBUG] https://www.gstatic.com:443 "GET /generate_204 HTTP/1.1" 204 0
06:02:51 [DEBUG] https://www.gstatic.com:443 "GET /generate_204 HTTP/1.1" 204 0
06:02:51 [DEBUG] Starting new HTTPS connection (1): dl.google.com:443
06:02:51 [DEBUG] https://www.gstatic.com:443 "GET /generate_204 HTTP/1.1" 204 0
06:02:51 [DEBUG] Starting new HTTPS connection (1): dl.google.com:443
06:02:51 [DEBUG] Starting new HTTPS connection (1): dl.google.com:443
06:02:51 [DEBUG] Starting new HTTPS connection (1): dl.google.com:443
06:02:51 [DEBUG] Starting new HTTPS connection (1): dl.google.com:443
06:02:51 [DEBUG] https://dl.google.com:443 "GET /dl/android/studio/install/3.4.1.0/android-studio-ide-183.5522156-windows.exe HTTP/1.1" 200 1017327996
06:02:51 [DEBUG] https://dl.google.com:443 "GET /dl/android/studio/install/3.4.1.0/android-studio-ide-183.5522156-windows.exe HTTP/1.1" 200 1017327996
06:02:51 [DEBUG] https://cp.cloudflare.com:443 "GET / HTTP/1.1" 204 0
06:02:51 [DEBUG] Starting new HTTPS connection (1): www.gstatic.com:443
06:02:51 [DEBUG] https://dl.google.com:443 "GET /dl/android/studio/install/3.4.1.0/android-studio-ide-183.5522156-windows.exe HTTP/1.1" 200 1017327996
06:02:52 [DEBUG] https://dl.google.com:443 "GET /dl/android/studio/install/3.4.1.0/android-studio-ide-183.5522156-windows.exe HTTP/1.1" 200 1017327996
06:02:52 [INFO]    🎯 5.188.140.115 (Россия) - 17.9Mbps, 328ms UDP✅ Reality [ads.x5.ru]
06:02:52 [DEBUG] https://dl.google.com:443 "GET /dl/android/studio/install/3.4.1.0/android-studio-ide-183.5522156-windows.exe HTTP/1.1" 200 1017327996
06:02:52 [INFO]    🎯 212.233.96.101 (Россия) - 15.7Mbps, 319ms UDP✅ Reality [yandex.ru]
06:02:52 [DEBUG] https://dl.google.com:443 "GET /dl/android/studio/install/3.4.1.0/android-studio-ide-183.5522156-windows.exe HTTP/1.1" 200 1017327996
06:02:52 [DEBUG] https://www.google.com:443 "GET /generate_204 HTTP/1.1" 204 0
06:02:52 [DEBUG] Starting new HTTPS connection (1): cp.cloudflare.com:443
06:02:52 [INFO]    🎯 178.154.252.255 (Россия) - 16.1Mbps, 380ms UDP✅ Reality [eh.vk.com]
06:02:52 [INFO]    🎯 178.154.224.33 (Россия) - 16.0Mbps, 397ms UDP✅ Reality [ads.x5.ru]
06:02:52 [INFO]    🎯 84.201.128.76 (Россия) - 15.9Mbps, 397ms UDP✅ Reality [smartcaptcha.yandexc]
06:02:52 [DEBUG] https://www.gstatic.com:443 "GET /generate_204 HTTP/1.1" 204 0
06:02:52 [INFO]    🎯 5.188.140.18 (Россия) - 17.2Mbps, 436ms UDP✅ Reality [ads.x5.ru]
06:02:52 [DEBUG] Starting new HTTPS connection (1): dl.google.com:443
06:02:53 [DEBUG] Starting new HTTPS connection (1): www.google.com:443
06:02:53 [DEBUG] https://cp.cloudflare.com:443 "GET / HTTP/1.1" 204 0
06:02:53 [DEBUG] Starting new HTTPS connection (1): www.gstatic.com:443
06:02:53 [DEBUG] Starting new HTTPS connection (1): www.google.com:443
06:02:53 [DEBUG] Starting new HTTPS connection (1): www.gstatic.com:443
06:02:53 [DEBUG] Starting new HTTPS connection (1): www.google.com:443
06:02:53 [DEBUG] Starting new HTTPS connection (1): www.google.com:443
06:02:53 [DEBUG] Starting new HTTPS connection (1): www.google.com:443
06:02:53 [DEBUG] Starting new HTTPS connection (1): www.google.com:443
06:02:53 [DEBUG] https://dl.google.com:443 "GET /dl/android/studio/install/3.4.1.0/android-studio-ide-183.5522156-windows.exe HTTP/1.1" 200 1017327996
06:02:53 [DEBUG] https://www.google.com:443 "GET /generate_204 HTTP/1.1" 204 0
06:02:53 [DEBUG] Starting new HTTPS connection (1): cp.cloudflare.com:443
06:02:54 [INFO]    🎯 5.188.140.55 (Россия) - 11.7Mbps, 803ms UDP✅ Reality [ads.x5.ru]
06:02:54 [DEBUG] https://cp.cloudflare.com:443 "GET / HTTP/1.1" 204 0
06:02:54 [DEBUG] Starting new HTTPS connection (1): www.gstatic.com:443
06:02:54 [DEBUG] https://cp.cloudflare.com:443 "GET / HTTP/1.1" 204 0
06:02:54 [DEBUG] Starting new HTTPS connection (1): www.gstatic.com:443
06:02:54 [DEBUG] https://www.google.com:443 "GET /generate_204 HTTP/1.1" 204 0
06:02:54 [DEBUG] Starting new HTTPS connection (1): cp.cloudflare.com:443
06:02:54 [DEBUG] https://www.google.com:443 "GET /generate_204 HTTP/1.1" 204 0
06:02:54 [DEBUG] Starting new HTTPS connection (1): cp.cloudflare.com:443
06:02:54 [DEBUG] https://www.gstatic.com:443 "GET /generate_204 HTTP/1.1" 204 0
06:02:54 [DEBUG] https://www.gstatic.com:443 "GET /generate_204 HTTP/1.1" 204 0
06:02:54 [DEBUG] https://cp.cloudflare.com:443 "GET / HTTP/1.1" 204 0
06:02:54 [DEBUG] Starting new HTTPS connection (1): www.gstatic.com:443
06:02:55 [DEBUG] Starting new HTTPS connection (1): dl.google.com:443
06:02:55 [DEBUG] Starting new HTTPS connection (1): www.google.com:443
06:02:55 [DEBUG] https://cp.cloudflare.com:443 "GET / HTTP/1.1" 204 0
06:02:55 [DEBUG] Starting new HTTPS connection (1): www.gstatic.com:443
06:02:55 [DEBUG] https://www.gstatic.com:443 "GET /generate_204 HTTP/1.1" 204 0
06:02:55 [DEBUG] https://dl.google.com:443 "GET /dl/android/studio/install/3.4.1.0/android-studio-ide-183.5522156-windows.exe HTTP/1.1" 200 1017327996
06:02:55 [DEBUG] https://www.gstatic.com:443 "GET /generate_204 HTTP/1.1" 204 0
06:02:55 [DEBUG] https://www.gstatic.com:443 "GET /generate_204 HTTP/1.1" 204 0
06:02:55 [DEBUG] Starting new HTTPS connection (1): dl.google.com:443
06:02:55 [INFO]    🎯 84.23.53.221 (Россия) - 18.2Mbps, 471ms UDP✅ Reality [api-maps.yandex.ru]
06:02:55 [INFO]    📊 Whitelist: 8/80 (10%) | ✅8 ❌0
06:02:56 [DEBUG] Starting new HTTPS connection (1): dl.google.com:443
06:02:56 [DEBUG] Starting new HTTPS connection (1): dl.google.com:443
06:02:56 [DEBUG] https://www.google.com:443 "GET /generate_204 HTTP/1.1" 204 0
06:02:56 [DEBUG] Starting new HTTPS connection (1): cp.cloudflare.com:443
06:02:56 [DEBUG] https://www.google.com:443 "GET /generate_204 HTTP/1.1" 204 0
06:02:56 [DEBUG] Starting new HTTPS connection (1): cp.cloudflare.com:443
06:02:56 [DEBUG] https://dl.google.com:443 "GET /dl/android/studio/install/3.4.1.0/android-studio-ide-183.5522156-windows.exe HTTP/1.1" 200 1017327996
06:02:56 [DEBUG] Starting new HTTPS connection (1): dl.google.com:443
06:02:56 [DEBUG] https://cp.cloudflare.com:443 "GET / HTTP/1.1" 204 0
06:02:56 [DEBUG] Starting new HTTPS connection (1): www.gstatic.com:443
06:02:56 [DEBUG] https://dl.google.com:443 "GET /dl/android/studio/install/3.4.1.0/android-studio-ide-183.5522156-windows.exe HTTP/1.1" 200 1017327996
06:02:56 [DEBUG] Starting new HTTPS connection (1): www.google.com:443
06:02:56 [DEBUG] https://dl.google.com:443 "GET /dl/android/studio/install/3.4.1.0/android-studio-ide-183.5522156-windows.exe HTTP/1.1" 200 1017327996
06:02:57 [INFO]    🎯 109.120.188.227 (Россия) - 11.1Mbps, 545ms UDP✅ Reality [ads.x5.ru]
06:02:57 [DEBUG] https://www.gstatic.com:443 "GET /generate_204 HTTP/1.1" 204 0
06:02:57 [DEBUG] Starting new HTTPS connection (1): www.google.com:443
06:02:57 [DEBUG] https://cp.cloudflare.com:443 "GET / HTTP/1.1" 204 0
06:02:57 [DEBUG] Starting new HTTPS connection (1): www.gstatic.com:443
06:02:57 [DEBUG] https://www.google.com:443 "GET /generate_204 HTTP/1.1" 204 0
06:02:57 [DEBUG] Starting new HTTPS connection (1): cp.cloudflare.com:443
06:02:57 [DEBUG] https://www.google.com:443 "GET /generate_204 HTTP/1.1" 204 0
06:02:57 [DEBUG] Starting new HTTPS connection (1): cp.cloudflare.com:443
06:02:57 [DEBUG] https://www.google.com:443 "GET /generate_204 HTTP/1.1" 204 0
06:02:57 [DEBUG] Starting new HTTPS connection (1): cp.cloudflare.com:443
06:02:57 [DEBUG] https://dl.google.com:443 "GET /dl/android/studio/install/3.4.1.0/android-studio-ide-183.5522156-windows.exe HTTP/1.1" 200 1017327996
06:02:57 [DEBUG] https://cp.cloudflare.com:443 "GET / HTTP/1.1" 204 0
06:02:58 [DEBUG] Starting new HTTPS connection (1): www.gstatic.com:443
06:02:58 [DEBUG] https://cp.cloudflare.com:443 "GET / HTTP/1.1" 204 0
06:02:58 [DEBUG] Starting new HTTPS connection (1): www.gstatic.com:443
06:02:58 [DEBUG] https://www.google.com:443 "GET /generate_204 HTTP/1.1" 204 0
06:02:58 [DEBUG] Starting new HTTPS connection (1): cp.cloudflare.com:443
06:02:58 [INFO]    🎯 5.188.141.69 (Россия) - 9.0Mbps, 1811ms UDP✅ Reality [ads.x5.ru]
06:02:58 [DEBUG] https://cp.cloudflare.com:443 "GET / HTTP/1.1" 204 0
06:02:58 [DEBUG] Starting new HTTPS connection (1): www.gstatic.com:443
06:02:58 [DEBUG] https://www.gstatic.com:443 "GET /generate_204 HTTP/1.1" 204 0
06:02:58 [DEBUG] Starting new HTTPS connection (1): www.google.com:443
06:02:58 [DEBUG] https://www.gstatic.com:443 "GET /generate_204 HTTP/1.1" 204 0
06:02:58 [DEBUG] https://cp.cloudflare.com:443 "GET / HTTP/1.1" 204 0
06:02:58 [DEBUG] Starting new HTTPS connection (1): www.gstatic.com:443
06:02:58 [DEBUG] https://www.gstatic.com:443 "GET /generate_204 HTTP/1.1" 204 0
06:02:58 [DEBUG] https://www.google.com:443 "GET /generate_204 HTTP/1.1" 204 0
06:02:58 [DEBUG] Starting new HTTPS connection (1): cp.cloudflare.com:443
06:02:59 [DEBUG] https://www.gstatic.com:443 "GET /generate_204 HTTP/1.1" 204 0
06:02:59 [DEBUG] https://cp.cloudflare.com:443 "GET / HTTP/1.1" 204 0
06:02:59 [DEBUG] Starting new HTTPS connection (1): www.gstatic.com:443
06:02:59 [INFO]    🎯 5.188.141.138 (Россия) - 3.6Mbps, 1568ms UDP✅ Reality [ads.x5.ru]
06:02:59 [DEBUG] Starting new HTTPS connection (1): www.google.com:443
06:02:59 [DEBUG] Starting new HTTPS connection (1): dl.google.com:443
06:02:59 [DEBUG] Starting new HTTPS connection (1): dl.google.com:443
06:02:59 [DEBUG] https://www.gstatic.com:443 "GET /generate_204 HTTP/1.1" 204 0
06:02:59 [DEBUG] Starting new HTTPS connection (1): dl.google.com:443
06:03:00 [DEBUG] https://www.google.com:443 "GET /generate_204 HTTP/1.1" 204 0
06:03:00 [DEBUG] Starting new HTTPS connection (1): cp.cloudflare.com:443
06:03:00 [DEBUG] https://www.gstatic.com:443 "GET /generate_204 HTTP/1.1" 204 0
06:03:00 [DEBUG] Starting new HTTPS connection (1): dl.google.com:443
06:03:00 [DEBUG] Starting new HTTPS connection (1): dl.google.com:443
06:03:00 [DEBUG] https://dl.google.com:443 "GET /dl/android/studio/install/3.4.1.0/android-studio-ide-183.5522156-windows.exe HTTP/1.1" 200 1017327996
06:03:00 [DEBUG] Starting new HTTPS connection (1): www.google.com:443
06:03:00 [DEBUG] https://dl.google.com:443 "GET /dl/android/studio/install/3.4.1.0/android-studio-ide-183.5522156-windows.exe HTTP/1.1" 200 1017327996
06:03:00 [DEBUG] https://cp.cloudflare.com:443 "GET / HTTP/1.1" 204 0
06:03:00 [DEBUG] Starting new HTTPS connection (1): www.gstatic.com:443
06:03:00 [INFO]    🎯 109.120.188.166 (Россия) - 19.0Mbps, 1185ms UDP❌ Reality [ads.x5.ru]
06:03:01 [DEBUG] https://dl.google.com:443 "GET /dl/android/studio/install/3.4.1.0/android-studio-ide-183.5522156-windows.exe HTTP/1.1" 200 1017327996
06:03:01 [INFO]    🎯 178.250.243.101 (Россия) - 13.5Mbps, 1061ms UDP✅ Reality [eh.vk.com]
06:03:01 [INFO]    🎯 84.23.53.221 (Россия) - 9.0Mbps, 452ms UDP✅ Reality [api-maps.yandex.ru]
06:03:01 [DEBUG] https://www.google.com:443 "GET /generate_204 HTTP/1.1" 204 0
06:03:01 [DEBUG] Starting new HTTPS connection (1): cp.cloudflare.com:443
06:03:01 [DEBUG] Starting new HTTPS connection (1): dl.google.com:443
06:03:01 [DEBUG] Starting new HTTPS connection (1): dl.google.com:443
06:03:01 [DEBUG] https://cp.cloudflare.com:443 "GET / HTTP/1.1" 204 0
06:03:01 [DEBUG] Starting new HTTPS connection (1): www.gstatic.com:443
06:03:02 [DEBUG] https://dl.google.com:443 "GET /dl/android/studio/install/3.4.1.0/android-studio-ide-183.5522156-windows.exe HTTP/1.1" 200 1017327996
06:03:02 [DEBUG] Starting new HTTPS connection (1): www.google.com:443
06:03:02 [DEBUG] https://dl.google.com:443 "GET /dl/android/studio/install/3.4.1.0/android-studio-ide-183.5522156-windows.exe HTTP/1.1" 200 1017327996
06:03:02 [INFO]    🎯 109.120.188.14 (Россия) - 4.8Mbps, 1108ms UDP✅ Reality [ads.x5.ru]
06:03:02 [INFO]    📊 Whitelist: 16/80 (20%) | ✅15 ❌1
06:03:02 [DEBUG] Starting new HTTPS connection (1): www.google.com:443
06:03:02 [DEBUG] Starting new HTTPS connection (1): www.google.com:443
06:03:02 [DEBUG] https://www.google.com:443 "GET /generate_204 HTTP/1.1" 204 0
06:03:02 [DEBUG] Starting new HTTPS connection (1): cp.cloudflare.com:443
06:03:02 [DEBUG] https://www.gstatic.com:443 "GET /generate_204 HTTP/1.1" 204 0
06:03:02 [DEBUG] https://cp.cloudflare.com:443 "GET / HTTP/1.1" 204 0
06:03:02 [DEBUG] Starting new HTTPS connection (1): www.gstatic.com:443
06:03:02 [DEBUG] Starting new HTTPS connection (1): dl.google.com:443
06:03:02 [DEBUG] https://www.google.com:443 "GET /generate_204 HTTP/1.1" 204 0
06:03:02 [DEBUG] Starting new HTTPS connection (1): cp.cloudflare.com:443
06:03:03 [DEBUG] https://www.gstatic.com:443 "GET /generate_204 HTTP/1.1" 204 0
06:03:03 [DEBUG] Starting new HTTPS connection (1): dl.google.com:443
06:03:03 [DEBUG] https://cp.cloudflare.com:443 "GET / HTTP/1.1" 204 0
06:03:03 [DEBUG] Starting new HTTPS connection (1): www.gstatic.com:443
06:03:03 [DEBUG] https://dl.google.com:443 "GET /dl/android/studio/install/3.4.1.0/android-studio-ide-183.5522156-windows.exe HTTP/1.1" 200 1017327996
06:03:03 [DEBUG] https://dl.google.com:443 "GET /dl/android/studio/install/3.4.1.0/android-studio-ide-183.5522156-windows.exe HTTP/1.1" 200 1017327996
06:03:03 [INFO]    🎯 178.250.243.97 (Россия) - 3.3Mbps, 581ms UDP✅ Reality [eh.vk.com]
06:03:03 [DEBUG] https://www.gstatic.com:443 "GET /generate_204 HTTP/1.1" 204 0
06:03:03 [DEBUG] Starting new HTTPS connection (1): www.google.com:443
06:03:03 [DEBUG] Starting new HTTPS connection (1): dl.google.com:443
06:03:03 [DEBUG] https://dl.google.com:443 "GET /dl/android/studio/install/3.4.1.0/android-studio-ide-183.5522156-windows.exe HTTP/1.1" 200 1017327996
06:03:03 [INFO]    🎯 109.120.190.203 (Россия) - 15.5Mbps, 714ms UDP✅ Reality [ads.x5.ru]
06:03:03 [DEBUG] https://dl.google.com:443 "GET /dl/android/studio/install/3.4.1.0/android-studio-ide-183.5522156-windows.exe HTTP/1.1" 200 1017327996
06:03:03 [INFO]    🎯 217.16.26.35 (Россия) - 21.3Mbps, 303ms UDP✅  []
06:03:03 [INFO]    🎯 212.233.96.101 (Россия) - 5.0Mbps, 1616ms UDP❌ Reality [ads.x5.ru]
06:03:04 [INFO]    🎯 212.233.96.101 (Россия) - 4.8Mbps, 1695ms UDP❌ Reality [max.ru]
06:03:04 [INFO]    🎯 217.16.27.216 (Россия) - 1.6Mbps, 679ms UDP✅  []
06:03:04 [DEBUG] https://dl.google.com:443 "GET /dl/android/studio/install/3.4.1.0/android-studio-ide-183.5522156-windows.exe HTTP/1.1" 200 1017327996
06:03:04 [DEBUG] https://www.google.com:443 "GET /generate_204 HTTP/1.1" 204 0
06:03:04 [DEBUG] Starting new HTTPS connection (1): cp.cloudflare.com:443
06:03:04 [DEBUG] https://www.gstatic.com:443 "GET /generate_204 HTTP/1.1" 204 0
06:03:04 [INFO]    🎯 178.154.230.75 (Россия) - 16.9Mbps, 334ms UDP✅ Reality [max.ru]
06:03:04 [DEBUG] Starting new HTTPS connection (1): www.google.com:443
06:03:04 [DEBUG] Starting new HTTPS connection (1): www.google.com:443
06:03:04 [DEBUG] Starting new HTTPS connection (1): www.google.com:443
06:03:05 [DEBUG] https://www.google.com:443 "GET /generate_204 HTTP/1.1" 204 0
06:03:05 [DEBUG] Starting new HTTPS connection (1): cp.cloudflare.com:443
06:03:05 [DEBUG] Starting new HTTPS connection (1): www.google.com:443
06:03:05 [DEBUG] Starting new HTTPS connection (1): www.google.com:443
06:03:05 [DEBUG] Starting new HTTPS connection (1): dl.google.com:443
06:03:05 [DEBUG] Starting new HTTPS connection (1): www.google.com:443
06:03:05 [DEBUG] https://www.google.com:443 "GET /generate_204 HTTP/1.1" 204 0
06:03:05 [DEBUG] Starting new HTTPS connection (1): cp.cloudflare.com:443
06:03:05 [DEBUG] https://cp.cloudflare.com:443 "GET / HTTP/1.1" 204 0
06:03:05 [DEBUG] Starting new HTTPS connection (1): www.gstatic.com:443
06:03:05 [DEBUG] https://cp.cloudflare.com:443 "GET / HTTP/1.1" 204 0
06:03:05 [DEBUG] Starting new HTTPS connection (1): www.gstatic.com:443
06:03:05 [DEBUG] Starting new HTTPS connection (1): cp.cloudflare.com:443
06:03:05 [DEBUG] Starting new HTTPS connection (1): cp.cloudflare.com:443
06:03:05 [DEBUG] Starting new HTTPS connection (1): www.google.com:443
06:03:05 [DEBUG] Starting new HTTPS connection (1): cp.cloudflare.com:443
06:03:05 [DEBUG] https://www.gstatic.com:443 "GET /generate_204 HTTP/1.1" 204 0
06:03:05 [DEBUG] https://www.gstatic.com:443 "GET /generate_204 HTTP/1.1" 204 0
06:03:05 [DEBUG] Starting new HTTPS connection (1): www.gstatic.com:443
06:03:05 [DEBUG] https://www.google.com:443 "GET /generate_204 HTTP/1.1" 204 0
06:03:05 [DEBUG] Starting new HTTPS connection (1): cp.cloudflare.com:443
06:03:06 [DEBUG] Starting new HTTPS connection (1): www.gstatic.com:443
06:03:06 [DEBUG] Starting new HTTPS connection (1): www.gstatic.com:443
06:03:06 [DEBUG] Starting new HTTPS connection (1): dl.google.com:443
06:03:06 [DEBUG] Starting new HTTPS connection (1): dl.google.com:443
06:03:06 [DEBUG] https://cp.cloudflare.com:443 "GET / HTTP/1.1" 204 0
06:03:06 [DEBUG] Starting new HTTPS connection (1): www.gstatic.com:443
06:03:06 [DEBUG] https://www.google.com:443 "GET /generate_204 HTTP/1.1" 204 0
06:03:06 [DEBUG] Starting new HTTPS connection (1): cp.cloudflare.com:443
06:03:06 [DEBUG] https://www.gstatic.com:443 "GET /generate_204 HTTP/1.1" 204 0
06:03:06 [INFO]    📊 Whitelist: 24/80 (30%) | ✅22 ❌2
06:03:06 [DEBUG] Starting new HTTPS connection (1): dl.google.com:443
06:03:06 [DEBUG] https://dl.google.com:443 "GET /dl/android/studio/install/3.4.1.0/android-studio-ide-183.5522156-windows.exe HTTP/1.1" 200 1017327996
06:03:06 [DEBUG] https://dl.google.com:443 "GET /dl/android/studio/install/3.4.1.0/android-studio-ide-183.5522156-windows.exe HTTP/1.1" 200 1017327996
06:03:06 [DEBUG] https://dl.google.com:443 "GET /dl/android/studio/install/3.4.1.0/android-studio-ide-183.5522156-windows.exe HTTP/1.1" 200 1017327996
06:03:06 [DEBUG] https://dl.google.com:443 "GET /dl/android/studio/install/3.4.1.0/android-studio-ide-183.5522156-windows.exe HTTP/1.1" 200 1017327996
06:03:06 [INFO]    🎯 51.250.12.100 (Россия) - 18.5Mbps, 335ms UDP✅ Reality [api-maps.yandex.ru]
06:03:07 [INFO]    🎯 217.16.26.158 (Россия) - 18.1Mbps, 228ms UDP✅ Reality [ads.x5.ru]
06:03:07 [INFO]    🎯 178.250.243.98 (Россия) - 6.7Mbps, 1598ms UDP✅ Reality [eh.vk.com]
06:03:07 [DEBUG] Starting new HTTPS connection (1): www.google.com:443
06:03:07 [DEBUG] Starting new HTTPS connection (1): www.google.com:443
06:03:07 [DEBUG] Starting new HTTPS connection (1): www.google.com:443
06:03:07 [DEBUG] https://cp.cloudflare.com:443 "GET / HTTP/1.1" 204 0
06:03:07 [DEBUG] Starting new HTTPS connection (1): www.gstatic.com:443
06:03:07 [DEBUG] Starting new HTTPS connection (1): www.google.com:443
06:03:07 [DEBUG] Starting new HTTPS connection (1): cp.cloudflare.com:443
06:03:08 [DEBUG] https://www.google.com:443 "GET /generate_204 HTTP/1.1" 204 0
06:03:08 [DEBUG] Starting new HTTPS connection (1): cp.cloudflare.com:443
06:03:08 [DEBUG] Starting new HTTPS connection (1): www.google.com:443
06:03:08 [DEBUG] https://cp.cloudflare.com:443 "GET / HTTP/1.1" 204 0
06:03:08 [DEBUG] Starting new HTTPS connection (1): www.gstatic.com:443
06:03:08 [DEBUG] Starting new HTTPS connection (1): www.gstatic.com:443
06:03:08 [DEBUG] Starting new HTTPS connection (1): www.google.com:443
06:03:08 [DEBUG] https://www.google.com:443 "GET /generate_204 HTTP/1.1" 204 0
06:03:08 [DEBUG] Starting new HTTPS connection (1): cp.cloudflare.com:443
06:03:08 [DEBUG] https://cp.cloudflare.com:443 "GET / HTTP/1.1" 204 0
06:03:08 [DEBUG] Starting new HTTPS connection (1): www.gstatic.com:443
06:03:08 [DEBUG] https://www.google.com:443 "GET /generate_204 HTTP/1.1" 204 0
06:03:08 [DEBUG] Starting new HTTPS connection (1): cp.cloudflare.com:443
06:03:08 [DEBUG] https://www.google.com:443 "GET /generate_204 HTTP/1.1" 204 0
06:03:08 [DEBUG] Starting new HTTPS connection (1): cp.cloudflare.com:443
06:03:08 [DEBUG] https://www.gstatic.com:443 "GET /generate_204 HTTP/1.1" 204 0
06:03:08 [DEBUG] https://cp.cloudflare.com:443 "GET / HTTP/1.1" 204 0
06:03:08 [DEBUG] Starting new HTTPS connection (1): www.gstatic.com:443
06:03:09 [DEBUG] https://cp.cloudflare.com:443 "GET / HTTP/1.1" 204 0
06:03:09 [DEBUG] Starting new HTTPS connection (1): www.gstatic.com:443
06:03:09 [DEBUG] https://cp.cloudflare.com:443 "GET / HTTP/1.1" 204 0
06:03:09 [DEBUG] Starting new HTTPS connection (1): www.gstatic.com:443
06:03:09 [DEBUG] https://www.gstatic.com:443 "GET /generate_204 HTTP/1.1" 204 0
06:03:09 [DEBUG] https://www.gstatic.com:443 "GET /generate_204 HTTP/1.1" 204 0
06:03:09 [DEBUG] https://www.gstatic.com:443 "GET /generate_204 HTTP/1.1" 204 0
06:03:09 [DEBUG] Starting new HTTPS connection (1): dl.google.com:443
06:03:09 [DEBUG] Starting new HTTPS connection (1): cp.cloudflare.com:443
06:03:09 [DEBUG] Starting new HTTPS connection (1): dl.google.com:443
06:03:10 [DEBUG] Starting new HTTPS connection (1): www.google.com:443
06:03:10 [DEBUG] https://dl.google.com:443 "GET /dl/android/studio/install/3.4.1.0/android-studio-ide-183.5522156-windows.exe HTTP/1.1" 200 1017327996
06:03:10 [DEBUG] https://dl.google.com:443 "GET /dl/android/studio/install/3.4.1.0/android-studio-ide-183.5522156-windows.exe HTTP/1.1" 200 1017327996
06:03:10 [DEBUG] https://www.google.com:443 "GET /generate_204 HTTP/1.1" 204 0
06:03:10 [DEBUG] Starting new HTTPS connection (1): cp.cloudflare.com:443
06:03:10 [DEBUG] https://cp.cloudflare.com:443 "GET / HTTP/1.1" 204 0
06:03:10 [DEBUG] Starting new HTTPS connection (1): www.gstatic.com:443
06:03:11 [INFO]    🎯 158.160.105.121 (Россия) - 10.6Mbps, 406ms UDP✅ Reality [yandex.ru]
06:03:11 [DEBUG] https://www.gstatic.com:443 "GET /generate_204 HTTP/1.1" 204 0
06:03:11 [DEBUG] https://www.gstatic.com:443 "GET /generate_204 HTTP/1.1" 204 0
06:03:11 [DEBUG] Starting new HTTPS connection (1): dl.google.com:443
06:03:11 [DEBUG] Starting new HTTPS connection (1): www.gstatic.com:443
06:03:11 [DEBUG] Starting new HTTPS connection (1): dl.google.com:443
06:03:12 [DEBUG] https://dl.google.com:443 "GET /dl/android/studio/install/3.4.1.0/android-studio-ide-183.5522156-windows.exe HTTP/1.1" 200 1017327996
06:03:12 [DEBUG] Starting new HTTPS connection (1): dl.google.com:443
06:03:12 [DEBUG] Starting new HTTPS connection (1): www.google.com:443
06:03:12 [DEBUG] https://dl.google.com:443 "GET /dl/android/studio/install/3.4.1.0/android-studio-ide-183.5522156-windows.exe HTTP/1.1" 200 1017327996
06:03:12 [DEBUG] Starting new HTTPS connection (1): dl.google.com:443
06:03:12 [DEBUG] Starting new HTTPS connection (1): cp.cloudflare.com:443
06:03:12 [DEBUG] https://www.google.com:443 "GET /generate_204 HTTP/1.1" 204 0
06:03:12 [DEBUG] Starting new HTTPS connection (1): cp.cloudflare.com:443
06:03:12 [INFO]    🎯 84.23.52.70 (Россия) - 12.0Mbps, 411ms UDP✅ Reality [m.vk.ru]
06:03:12 [INFO]    📊 Whitelist: 32/80 (40%) | ✅27 ❌5
06:03:12 [DEBUG] https://dl.google.com:443 "GET /dl/android/studio/install/3.4.1.0/android-studio-ide-183.5522156-windows.exe HTTP/1.1" 200 1017327996
06:03:13 [DEBUG] https://cp.cloudflare.com:443 "GET / HTTP/1.1" 204 0
06:03:13 [DEBUG] Starting new HTTPS connection (1): www.gstatic.com:443
06:03:13 [DEBUG] https://www.gstatic.com:443 "GET /generate_204 HTTP/1.1" 204 0
06:03:13 [DEBUG] https://www.gstatic.com:443 "GET /generate_204 HTTP/1.1" 204 0
06:03:13 [DEBUG] Starting new HTTPS connection (1): dl.google.com:443
06:03:13 [DEBUG] Starting new HTTPS connection (1): www.google.com:443
06:03:14 [DEBUG] https://dl.google.com:443 "GET /dl/android/studio/install/3.4.1.0/android-studio-ide-183.5522156-windows.exe HTTP/1.1" 200 1017327996
06:03:14 [DEBUG] https://www.google.com:443 "GET /generate_204 HTTP/1.1" 204 0
06:03:14 [DEBUG] Starting new HTTPS connection (1): cp.cloudflare.com:443
06:03:14 [DEBUG] https://cp.cloudflare.com:443 "GET / HTTP/1.1" 204 0
06:03:14 [DEBUG] Starting new HTTPS connection (1): www.gstatic.com:443
06:03:14 [INFO]    🎯 37.139.33.15 (Россия) - 12.5Mbps, 416ms UDP✅ Reality [m.vk.ru]
06:03:14 [DEBUG] Starting new HTTPS connection (1): www.google.com:443
06:03:15 [DEBUG] https://www.gstatic.com:443 "GET /generate_204 HTTP/1.1" 204 0
06:03:15 [DEBUG] https://www.google.com:443 "GET /generate_204 HTTP/1.1" 204 0
06:03:15 [DEBUG] Starting new HTTPS connection (1): cp.cloudflare.com:443
06:03:15 [DEBUG] Starting new HTTPS connection (1): dl.google.com:443
06:03:15 [DEBUG] https://cp.cloudflare.com:443 "GET / HTTP/1.1" 204 0
06:03:15 [DEBUG] Starting new HTTPS connection (1): www.gstatic.com:443
06:03:15 [DEBUG] https://dl.google.com:443 "GET /dl/android/studio/install/3.4.1.0/android-studio-ide-183.5522156-windows.exe HTTP/1.1" 200 1017327996
06:03:15 [DEBUG] Starting new HTTPS connection (1): www.google.com:443
06:03:16 [DEBUG] https://www.gstatic.com:443 "GET /generate_204 HTTP/1.1" 204 0
06:03:16 [DEBUG] https://dl.google.com:443 "GET /dl/android/studio/install/3.4.1.0/android-studio-ide-183.5522156-windows.exe HTTP/1.1" 200 1017327996
06:03:16 [INFO]    🎯 212.233.73.212 (Россия) - 12.5Mbps, 403ms UDP✅ Reality [m.vk.ru]
06:03:16 [DEBUG] Starting new HTTPS connection (1): dl.google.com:443
06:03:16 [DEBUG] https://www.google.com:443 "GET /generate_204 HTTP/1.1" 204 0
06:03:16 [DEBUG] Starting new HTTPS connection (1): cp.cloudflare.com:443
06:03:16 [DEBUG] Starting new HTTPS connection (1): dl.google.com:443
06:03:16 [INFO]    🎯 46.243.232.142 (Россия) - 2.8Mbps, 2579ms UDP✅ Reality [sun6-22.userapi.com]
06:03:16 [DEBUG] https://dl.google.com:443 "GET /dl/android/studio/install/3.4.1.0/android-studio-ide-183.5522156-windows.exe HTTP/1.1" 200 1017327996
06:03:16 [DEBUG] https://cp.cloudflare.com:443 "GET / HTTP/1.1" 204 0
06:03:16 [DEBUG] Starting new HTTPS connection (1): www.gstatic.com:443
06:03:17 [DEBUG] https://www.gstatic.com:443 "GET /generate_204 HTTP/1.1" 204 0
06:03:17 [INFO]    🎯 37.139.33.15 (Россия) - 12.8Mbps, 414ms UDP✅ Reality [m.vk.ru]
06:03:17 [DEBUG] Starting new HTTPS connection (1): www.google.com:443
06:03:17 [DEBUG] Starting new HTTPS connection (1): www.gstatic.com:443
06:03:17 [DEBUG] Starting new HTTPS connection (1): dl.google.com:443
06:03:17 [DEBUG] https://www.gstatic.com:443 "GET /generate_204 HTTP/1.1" 204 0
06:03:17 [DEBUG] Starting new HTTPS connection (1): www.google.com:443
06:03:18 [DEBUG] https://www.google.com:443 "GET /generate_204 HTTP/1.1" 204 0
06:03:18 [DEBUG] Starting new HTTPS connection (1): cp.cloudflare.com:443
06:03:18 [DEBUG] https://dl.google.com:443 "GET /dl/android/studio/install/3.4.1.0/android-studio-ide-183.5522156-windows.exe HTTP/1.1" 200 1017327996
06:03:18 [INFO]    🎯 37.139.33.57 (Россия) - 1.5Mbps, 469ms UDP✅ Reality [m.vk.ru]
06:03:18 [DEBUG] https://www.google.com:443 "GET /generate_204 HTTP/1.1" 204 0
06:03:18 [DEBUG] Starting new HTTPS connection (1): cp.cloudflare.com:443
06:03:18 [DEBUG] https://cp.cloudflare.com:443 "GET / HTTP/1.1" 204 0
06:03:18 [DEBUG] Starting new HTTPS connection (1): www.gstatic.com:443
06:03:18 [DEBUG] Starting new HTTPS connection (1): www.google.com:443
06:03:18 [DEBUG] https://dl.google.com:443 "GET /dl/android/studio/install/3.4.1.0/android-studio-ide-183.5522156-windows.exe HTTP/1.1" 200 1017327996
06:03:18 [DEBUG] https://www.gstatic.com:443 "GET /generate_204 HTTP/1.1" 204 0
06:03:19 [DEBUG] https://www.google.com:443 "GET /generate_204 HTTP/1.1" 204 0
06:03:19 [DEBUG] Starting new HTTPS connection (1): cp.cloudflare.com:443
06:03:19 [DEBUG] Starting new HTTPS connection (1): www.google.com:443
06:03:19 [DEBUG] Starting new HTTPS connection (1): dl.google.com:443
06:03:19 [DEBUG] Starting new HTTPS connection (1): www.google.com:443
06:03:19 [INFO]    🎯 46.243.233.12 (Россия) - 4.4Mbps, 3656ms UDP❌ Reality [web.max.ru]
06:03:19 [INFO]    📊 Whitelist: 40/80 (50%) | ✅33 ❌7
06:03:19 [DEBUG] https://cp.cloudflare.com:443 "GET / HTTP/1.1" 204 0
06:03:19 [DEBUG] Starting new HTTPS connection (1): www.gstatic.com:443
06:03:19 [INFO]    🎯 51.250.83.255 (Россия) - 0.9Mbps, 300ms UDP✅ Reality [api-maps.yandex.ru]
06:03:19 [DEBUG] https://www.google.com:443 "GET /generate_204 HTTP/1.1" 204 0
06:03:19 [DEBUG] Starting new HTTPS connection (1): cp.cloudflare.com:443
06:03:19 [DEBUG] https://dl.google.com:443 "GET /dl/android/studio/install/3.4.1.0/android-studio-ide-183.5522156-windows.exe HTTP/1.1" 200 1017327996
06:03:19 [DEBUG] https://www.google.com:443 "GET /generate_204 HTTP/1.1" 204 0
06:03:19 [DEBUG] Starting new HTTPS connection (1): cp.cloudflare.com:443
06:03:19 [DEBUG] https://www.gstatic.com:443 "GET /generate_204 HTTP/1.1" 204 0
06:03:20 [DEBUG] https://cp.cloudflare.com:443 "GET / HTTP/1.1" 204 0
06:03:20 [DEBUG] Starting new HTTPS connection (1): www.gstatic.com:443
06:03:20 [DEBUG] Starting new HTTPS connection (1): dl.google.com:443
06:03:20 [DEBUG] https://cp.cloudflare.com:443 "GET / HTTP/1.1" 204 0
06:03:20 [DEBUG] Starting new HTTPS connection (1): www.gstatic.com:443
06:03:20 [DEBUG] https://www.gstatic.com:443 "GET /generate_204 HTTP/1.1" 204 0
06:03:20 [DEBUG] https://cp.cloudflare.com:443 "GET / HTTP/1.1" 204 0
06:03:20 [DEBUG] Starting new HTTPS connection (1): www.gstatic.com:443
06:03:20 [DEBUG] Starting new HTTPS connection (1): www.google.com:443
06:03:20 [DEBUG] https://dl.google.com:443 "GET /dl/android/studio/install/3.4.1.0/android-studio-ide-183.5522156-windows.exe HTTP/1.1" 200 1017327996
06:03:20 [DEBUG] Starting new HTTPS connection (1): www.google.com:443
06:03:20 [DEBUG] Starting new HTTPS connection (1): dl.google.com:443
06:03:20 [DEBUG] https://www.gstatic.com:443 "GET /generate_204 HTTP/1.1" 204 0
06:03:21 [DEBUG] https://www.google.com:443 "GET /generate_204 HTTP/1.1" 204 0
06:03:21 [DEBUG] Starting new HTTPS connection (1): cp.cloudflare.com:443
06:03:21 [DEBUG] https://www.gstatic.com:443 "GET /generate_204 HTTP/1.1" 204 0
06:03:21 [DEBUG] Starting new HTTPS connection (1): dl.google.com:443
06:03:21 [DEBUG] https://www.google.com:443 "GET /generate_204 HTTP/1.1" 204 0
06:03:21 [DEBUG] Starting new HTTPS connection (1): cp.cloudflare.com:443
06:03:21 [INFO]    🎯 89.169.128.105 (Россия) - 11.9Mbps, 426ms UDP✅ Reality [yandex.ru]
06:03:21 [DEBUG] Starting new HTTPS connection (1): dl.google.com:443
06:03:21 [DEBUG] https://cp.cloudflare.com:443 "GET / HTTP/1.1" 204 0
06:03:21 [DEBUG] Starting new HTTPS connection (1): www.gstatic.com:443
06:03:21 [DEBUG] https://dl.google.com:443 "GET /dl/android/studio/install/3.4.1.0/android-studio-ide-183.5522156-windows.exe HTTP/1.1" 200 1017327996
06:03:21 [DEBUG] https://cp.cloudflare.com:443 "GET / HTTP/1.1" 204 0
06:03:21 [DEBUG] Starting new HTTPS connection (1): www.gstatic.com:443
06:03:21 [DEBUG] https://dl.google.com:443 "GET /dl/android/studio/install/3.4.1.0/android-studio-ide-183.5522156-windows.exe HTTP/1.1" 200 1017327996
06:03:21 [DEBUG] https://www.gstatic.com:443 "GET /generate_204 HTTP/1.1" 204 0
06:03:22 [DEBUG] https://www.gstatic.com:443 "GET /generate_204 HTTP/1.1" 204 0
06:03:22 [INFO]    🎯 90.156.217.130 (Россия) - 1.2Mbps, 409ms UDP❌ Reality [m.vk.ru]
06:03:22 [INFO]    🎯 79.137.175.44 (Россия) - 9.0Mbps, 466ms UDP✅ Reality [m.vk.ru]
06:03:22 [DEBUG] Starting new HTTPS connection (1): dl.google.com:443
06:03:22 [INFO]    🎯 176.123.164.110 (Россия) - 10.5Mbps, 485ms UDP✅ Reality [m.vk.com]
06:03:22 [DEBUG] Starting new HTTPS connection (1): www.google.com:443
06:03:22 [DEBUG] https://dl.google.com:443 "GET /dl/android/studio/install/3.4.1.0/android-studio-ide-183.5522156-windows.exe HTTP/1.1" 200 1017327996
06:03:22 [INFO]    🎯 90.156.217.130 (Россия) - 1.3Mbps, 388ms UDP❌ Reality [m.vk.ru]
06:03:22 [DEBUG] https://www.google.com:443 "GET /generate_204 HTTP/1.1" 204 0
06:03:22 [DEBUG] Starting new HTTPS connection (1): cp.cloudflare.com:443
06:03:23 [DEBUG] https://dl.google.com:443 "GET /dl/android/studio/install/3.4.1.0/android-studio-ide-183.5522156-windows.exe HTTP/1.1" 200 1017327996
06:03:23 [DEBUG] Starting new HTTPS connection (1): www.google.com:443
06:03:23 [DEBUG] https://cp.cloudflare.com:443 "GET / HTTP/1.1" 204 0
06:03:23 [DEBUG] Starting new HTTPS connection (1): www.gstatic.com:443
06:03:23 [DEBUG] Starting new HTTPS connection (1): www.google.com:443
06:03:23 [DEBUG] Starting new HTTPS connection (1): www.google.com:443
06:03:23 [INFO]    🎯 195.209.67.124 (Россия) - 5.5Mbps, 1051ms UDP✅  []
06:03:23 [INFO]    🎯 79.137.175.44 (Россия) - 9.2Mbps, 441ms UDP✅ Reality [m.vk.ru]
06:03:23 [INFO]    📊 Whitelist: 48/80 (60%) | ✅41 ❌7
06:03:23 [DEBUG] https://www.google.com:443 "GET /generate_204 HTTP/1.1" 204 0
06:03:23 [DEBUG] Starting new HTTPS connection (1): cp.cloudflare.com:443
06:03:23 [DEBUG] Starting new HTTPS connection (1): www.google.com:443
06:03:23 [DEBUG] https://www.gstatic.com:443 "GET /generate_204 HTTP/1.1" 204 0
06:03:24 [DEBUG] https://www.google.com:443 "GET /generate_204 HTTP/1.1" 204 0
06:03:24 [DEBUG] Starting new HTTPS connection (1): cp.cloudflare.com:443
06:03:24 [DEBUG] https://www.google.com:443 "GET /generate_204 HTTP/1.1" 204 0
06:03:24 [DEBUG] Starting new HTTPS connection (1): cp.cloudflare.com:443
06:03:24 [DEBUG] Starting new HTTPS connection (1): dl.google.com:443
06:03:24 [DEBUG] https://cp.cloudflare.com:443 "GET / HTTP/1.1" 204 0
06:03:24 [DEBUG] Starting new HTTPS connection (1): www.gstatic.com:443
06:03:24 [DEBUG] https://cp.cloudflare.com:443 "GET / HTTP/1.1" 204 0
06:03:24 [DEBUG] Starting new HTTPS connection (1): www.gstatic.com:443
06:03:24 [DEBUG] https://cp.cloudflare.com:443 "GET / HTTP/1.1" 204 0
06:03:24 [DEBUG] Starting new HTTPS connection (1): www.gstatic.com:443
06:03:24 [DEBUG] https://www.gstatic.com:443 "GET /generate_204 HTTP/1.1" 204 0
06:03:24 [DEBUG] https://dl.google.com:443 "GET /dl/android/studio/install/3.4.1.0/android-studio-ide-183.5522156-windows.exe HTTP/1.1" 200 1017327996
06:03:24 [DEBUG] Starting new HTTPS connection (1): dl.google.com:443
06:03:24 [DEBUG] Starting new HTTPS connection (1): www.google.com:443
06:03:25 [DEBUG] Starting new HTTPS connection (1): www.google.com:443
06:03:25 [DEBUG] https://www.gstatic.com:443 "GET /generate_204 HTTP/1.1" 204 0
06:03:25 [DEBUG] Starting new HTTPS connection (1): dl.google.com:443
06:03:25 [DEBUG] https://www.gstatic.com:443 "GET /generate_204 HTTP/1.1" 204 0
06:03:25 [DEBUG] https://dl.google.com:443 "GET /dl/android/studio/install/3.4.1.0/android-studio-ide-183.5522156-windows.exe HTTP/1.1" 200 1017327996
06:03:25 [DEBUG] Starting new HTTPS connection (1): dl.google.com:443
06:03:25 [DEBUG] https://www.google.com:443 "GET /generate_204 HTTP/1.1" 204 0
06:03:25 [DEBUG] Starting new HTTPS connection (1): cp.cloudflare.com:443
06:03:25 [INFO]    🎯 158.160.223.36 (Россия) - 10.0Mbps, 473ms UDP✅ Reality [yandex.ru]
06:03:25 [DEBUG] https://www.google.com:443 "GET /generate_204 HTTP/1.1" 204 0
06:03:25 [DEBUG] Starting new HTTPS connection (1): cp.cloudflare.com:443
06:03:25 [DEBUG] Starting new HTTPS connection (1): dl.google.com:443
06:03:25 [DEBUG] https://cp.cloudflare.com:443 "GET / HTTP/1.1" 204 0
06:03:25 [DEBUG] Starting new HTTPS connection (1): www.gstatic.com:443
06:03:25 [DEBUG] https://dl.google.com:443 "GET /dl/android/studio/install/3.4.1.0/android-studio-ide-183.5522156-windows.exe HTTP/1.1" 200 1017327996
06:03:26 [DEBUG] https://dl.google.com:443 "GET /dl/android/studio/install/3.4.1.0/android-studio-ide-183.5522156-windows.exe HTTP/1.1" 200 1017327996
06:03:26 [DEBUG] https://cp.cloudflare.com:443 "GET / HTTP/1.1" 204 0
06:03:26 [DEBUG] Starting new HTTPS connection (1): www.gstatic.com:443
06:03:26 [DEBUG] https://dl.google.com:443 "GET /dl/android/studio/install/3.4.1.0/android-studio-ide-183.5522156-windows.exe HTTP/1.1" 200 1017327996
06:03:26 [DEBUG] https://www.gstatic.com:443 "GET /generate_204 HTTP/1.1" 204 0
06:03:26 [DEBUG] Starting new HTTPS connection (1): dl.google.com:443
06:03:26 [INFO]    🎯 158.160.223.36 (Россия) - 9.4Mbps, 459ms UDP✅ Reality [yandex.ru]
06:03:26 [DEBUG] https://www.gstatic.com:443 "GET /generate_204 HTTP/1.1" 204 0
06:03:26 [DEBUG] Starting new HTTPS connection (1): www.google.com:443
06:03:26 [INFO]    🎯 90.156.150.134 (Россия) - 10.2Mbps, 522ms UDP✅ Reality [m.vk.ru]
06:03:26 [INFO]    🎯 90.156.150.134 (Россия) - 8.7Mbps, 537ms UDP✅ Reality [m.vk.ru]
06:03:27 [DEBUG] https://www.google.com:443 "GET /generate_204 HTTP/1.1" 204 0
06:03:27 [DEBUG] Starting new HTTPS connection (1): cp.cloudflare.com:443
06:03:27 [DEBUG] https://dl.google.com:443 "GET /dl/android/studio/install/3.4.1.0/android-studio-ide-183.5522156-windows.exe HTTP/1.1" 200 1017327996
06:03:27 [DEBUG] Starting new HTTPS connection (1): dl.google.com:443
06:03:27 [DEBUG] https://cp.cloudflare.com:443 "GET / HTTP/1.1" 204 0
06:03:27 [DEBUG] Starting new HTTPS connection (1): www.gstatic.com:443
06:03:27 [INFO]    🎯 176.109.109.58 (Россия) - 1.6Mbps, 442ms UDP✅ Reality [tradingview.com]
06:03:27 [INFO]    🎯 37.139.33.57 (Россия) - 1.3Mbps, 474ms UDP✅ Reality [m.vk.ru]
06:03:27 [DEBUG] https://www.gstatic.com:443 "GET /generate_204 HTTP/1.1" 204 0
06:03:27 [DEBUG] Starting new HTTPS connection (1): dl.google.com:443
06:03:27 [DEBUG] Starting new HTTPS connection (1): www.google.com:443
06:03:27 [DEBUG] https://dl.google.com:443 "GET /dl/android/studio/install/3.4.1.0/android-studio-ide-183.5522156-windows.exe HTTP/1.1" 200 1017327996
06:03:27 [DEBUG] https://dl.google.com:443 "GET /dl/android/studio/install/3.4.1.0/android-studio-ide-183.5522156-windows.exe HTTP/1.1" 200 1017327996
06:03:27 [INFO]    🎯 37.139.33.52 (Россия) - 8.6Mbps, 466ms UDP✅ Reality [m.vk.com]
06:03:28 [DEBUG] Starting new HTTPS connection (1): www.google.com:443
06:03:28 [DEBUG] Starting new HTTPS connection (1): www.google.com:443
06:03:28 [INFO]    🎯 51.250.32.69 (Россия) - 25.9Mbps, 251ms UDP✅ Reality [www.yandex.ru]
06:03:28 [INFO]    📊 Whitelist: 56/80 (70%) | ✅49 ❌7
06:03:28 [DEBUG] https://www.google.com:443 "GET /generate_204 HTTP/1.1" 204 0
06:03:28 [DEBUG] Starting new HTTPS connection (1): cp.cloudflare.com:443
06:03:28 [INFO]    🎯 89.169.162.214 (Россия) - 9.2Mbps, 556ms UDP✅ Reality [yandex.ru]
06:03:28 [DEBUG] Starting new HTTPS connection (1): www.google.com:443
06:03:28 [DEBUG] https://www.google.com:443 "GET /generate_204 HTTP/1.1" 204 0
06:03:28 [DEBUG] Starting new HTTPS connection (1): cp.cloudflare.com:443
06:03:28 [DEBUG] Starting new HTTPS connection (1): www.google.com:443
06:03:28 [DEBUG] https://www.google.com:443 "GET /generate_204 HTTP/1.1" 204 0
06:03:28 [DEBUG] Starting new HTTPS connection (1): cp.cloudflare.com:443
06:03:28 [DEBUG] https://cp.cloudflare.com:443 "GET / HTTP/1.1" 204 0
06:03:28 [DEBUG] Starting new HTTPS connection (1): www.gstatic.com:443
06:03:28 [DEBUG] Starting new HTTPS connection (1): cp.cloudflare.com:443
06:03:28 [DEBUG] https://cp.cloudflare.com:443 "GET / HTTP/1.1" 204 0
06:03:28 [DEBUG] Starting new HTTPS connection (1): www.gstatic.com:443
06:03:29 [DEBUG] https://cp.cloudflare.com:443 "GET / HTTP/1.1" 204 0
06:03:29 [DEBUG] Starting new HTTPS connection (1): www.gstatic.com:443
06:03:29 [DEBUG] Starting new HTTPS connection (1): www.google.com:443
06:03:29 [DEBUG] https://www.gstatic.com:443 "GET /generate_204 HTTP/1.1" 204 0
06:03:29 [DEBUG] https://www.gstatic.com:443 "GET /generate_204 HTTP/1.1" 204 0
06:03:29 [DEBUG] Starting new HTTPS connection (1): www.google.com:443
06:03:29 [DEBUG] https://www.gstatic.com:443 "GET /generate_204 HTTP/1.1" 204 0
06:03:29 [DEBUG] Starting new HTTPS connection (1): dl.google.com:443
06:03:29 [DEBUG] Starting new HTTPS connection (1): www.google.com:443
06:03:29 [DEBUG] Starting new HTTPS connection (1): dl.google.com:443
06:03:29 [DEBUG] https://www.google.com:443 "GET /generate_204 HTTP/1.1" 204 0
06:03:29 [DEBUG] Starting new HTTPS connection (1): cp.cloudflare.com:443
06:03:30 [DEBUG] https://www.google.com:443 "GET /generate_204 HTTP/1.1" 204 0
06:03:30 [DEBUG] Starting new HTTPS connection (1): cp.cloudflare.com:443
06:03:30 [DEBUG] https://cp.cloudflare.com:443 "GET / HTTP/1.1" 204 0
06:03:30 [DEBUG] Starting new HTTPS connection (1): www.gstatic.com:443
06:03:30 [DEBUG] https://www.google.com:443 "GET /generate_204 HTTP/1.1" 204 0
06:03:30 [DEBUG] Starting new HTTPS connection (1): cp.cloudflare.com:443
06:03:30 [DEBUG] https://dl.google.com:443 "GET /dl/android/studio/install/3.4.1.0/android-studio-ide-183.5522156-windows.exe HTTP/1.1" 200 1017327996
06:03:30 [DEBUG] https://dl.google.com:443 "GET /dl/android/studio/install/3.4.1.0/android-studio-ide-183.5522156-windows.exe HTTP/1.1" 200 1017327996
06:03:30 [DEBUG] https://cp.cloudflare.com:443 "GET / HTTP/1.1" 204 0
06:03:30 [DEBUG] Starting new HTTPS connection (1): www.gstatic.com:443
06:03:30 [DEBUG] https://www.gstatic.com:443 "GET /generate_204 HTTP/1.1" 204 0
06:03:30 [DEBUG] https://cp.cloudflare.com:443 "GET / HTTP/1.1" 204 0
06:03:30 [DEBUG] Starting new HTTPS connection (1): www.gstatic.com:443
06:03:30 [INFO]    🎯 51.250.16.92 (Россия) - 12.8Mbps, 381ms UDP✅ Reality [sun6-21.userapi.com]
06:03:30 [INFO]    🎯 51.250.16.92 (Россия) - 13.5Mbps, 329ms UDP✅ Reality [ads.x5.ru]
06:03:30 [DEBUG] https://www.gstatic.com:443 "GET /generate_204 HTTP/1.1" 204 0
06:03:31 [DEBUG] https://www.gstatic.com:443 "GET /generate_204 HTTP/1.1" 204 0
06:03:31 [DEBUG] https://www.google.com:443 "GET /generate_204 HTTP/1.1" 204 0
06:03:31 [DEBUG] Starting new HTTPS connection (1): cp.cloudflare.com:443
06:03:31 [DEBUG] https://cp.cloudflare.com:443 "GET / HTTP/1.1" 204 0
06:03:31 [DEBUG] Starting new HTTPS connection (1): www.gstatic.com:443
06:03:31 [DEBUG] Starting new HTTPS connection (1): dl.google.com:443
06:03:31 [DEBUG] Starting new HTTPS connection (1): dl.google.com:443
06:03:31 [DEBUG] Starting new HTTPS connection (1): www.google.com:443
06:03:31 [DEBUG] Starting new HTTPS connection (1): www.google.com:443
06:03:32 [DEBUG] https://www.google.com:443 "GET /generate_204 HTTP/1.1" 204 0
06:03:32 [DEBUG] Starting new HTTPS connection (1): cp.cloudflare.com:443
06:03:32 [DEBUG] https://www.google.com:443 "GET /generate_204 HTTP/1.1" 204 0
06:03:32 [DEBUG] Starting new HTTPS connection (1): cp.cloudflare.com:443
06:03:32 [DEBUG] Starting new HTTPS connection (1): dl.google.com:443
06:03:32 [DEBUG] https://dl.google.com:443 "GET /dl/android/studio/install/3.4.1.0/android-studio-ide-183.5522156-windows.exe HTTP/1.1" 200 1017327996
06:03:32 [DEBUG] https://dl.google.com:443 "GET /dl/android/studio/install/3.4.1.0/android-studio-ide-183.5522156-windows.exe HTTP/1.1" 200 1017327996
06:03:32 [DEBUG] https://cp.cloudflare.com:443 "GET / HTTP/1.1" 204 0
06:03:32 [DEBUG] Starting new HTTPS connection (1): www.gstatic.com:443
06:03:32 [DEBUG] https://cp.cloudflare.com:443 "GET / HTTP/1.1" 204 0
06:03:32 [DEBUG] Starting new HTTPS connection (1): www.gstatic.com:443
06:03:32 [DEBUG] https://dl.google.com:443 "GET /dl/android/studio/install/3.4.1.0/android-studio-ide-183.5522156-windows.exe HTTP/1.1" 200 1017327996
06:03:33 [DEBUG] https://www.gstatic.com:443 "GET /generate_204 HTTP/1.1" 204 0
06:03:33 [DEBUG] https://www.gstatic.com:443 "GET /generate_204 HTTP/1.1" 204 0
06:03:33 [INFO]    🎯 84.252.136.245 (Россия) - 8.5Mbps, 628ms UDP✅ Reality [yandex.ru]
06:03:33 [DEBUG] Starting new HTTPS connection (1): dl.google.com:443
06:03:33 [INFO]    🎯 178.250.243.102 (Россия) - 8.5Mbps, 452ms UDP✅ Reality [eh.vk.com]
06:03:33 [INFO]    🎯 158.160.221.132 (Россия) - 12.5Mbps, 408ms UDP❌ Reality [yandex.ru]
06:03:33 [DEBUG] Starting new HTTPS connection (1): dl.google.com:443
06:03:33 [DEBUG] Starting new HTTPS connection (1): cp.cloudflare.com:443
06:03:33 [DEBUG] https://dl.google.com:443 "GET /dl/android/studio/install/3.4.1.0/android-studio-ide-183.5522156-windows.exe HTTP/1.1" 200 1017327996
06:03:33 [DEBUG] Starting new HTTPS connection (1): www.gstatic.com:443
06:03:33 [DEBUG] https://dl.google.com:443 "GET /dl/android/studio/install/3.4.1.0/android-studio-ide-183.5522156-windows.exe HTTP/1.1" 200 1017327996
06:03:33 [DEBUG] Starting new HTTPS connection (1): dl.google.com:443
06:03:34 [DEBUG] Starting new HTTPS connection (1): www.google.com:443
06:03:34 [DEBUG] https://dl.google.com:443 "GET /dl/android/studio/install/3.4.1.0/android-studio-ide-183.5522156-windows.exe HTTP/1.1" 200 1017327996
06:03:34 [INFO]    🎯 212.233.73.212 (Россия) - 12.2Mbps, 410ms UDP✅ Reality [m.vk.ru]
06:03:34 [DEBUG] Starting new HTTPS connection (1): www.google.com:443
06:03:34 [DEBUG] Starting new HTTPS connection (1): www.google.com:443
06:03:34 [DEBUG] https://www.google.com:443 "GET /generate_204 HTTP/1.1" 204 0
06:03:34 [DEBUG] Starting new HTTPS connection (1): cp.cloudflare.com:443
06:03:34 [DEBUG] https://www.google.com:443 "GET /generate_204 HTTP/1.1" 204 0
06:03:34 [DEBUG] Starting new HTTPS connection (1): cp.cloudflare.com:443
06:03:35 [DEBUG] https://www.google.com:443 "GET /generate_204 HTTP/1.1" 204 0
06:03:35 [DEBUG] Starting new HTTPS connection (1): cp.cloudflare.com:443
06:03:35 [DEBUG] https://cp.cloudflare.com:443 "GET / HTTP/1.1" 204 0
06:03:35 [DEBUG] Starting new HTTPS connection (1): www.gstatic.com:443
06:03:35 [DEBUG] https://cp.cloudflare.com:443 "GET / HTTP/1.1" 204 0
06:03:35 [DEBUG] Starting new HTTPS connection (1): www.gstatic.com:443
06:03:35 [DEBUG] https://cp.cloudflare.com:443 "GET / HTTP/1.1" 204 0
06:03:35 [DEBUG] Starting new HTTPS connection (1): www.gstatic.com:443
06:03:35 [DEBUG] https://www.gstatic.com:443 "GET /generate_204 HTTP/1.1" 204 0
06:03:35 [DEBUG] Starting new HTTPS connection (1): www.google.com:443
06:03:35 [DEBUG] https://www.gstatic.com:443 "GET /generate_204 HTTP/1.1" 204 0
06:03:35 [DEBUG] Starting new HTTPS connection (1): dl.google.com:443
06:03:35 [DEBUG] https://www.gstatic.com:443 "GET /generate_204 HTTP/1.1" 204 0
06:03:36 [DEBUG] https://www.google.com:443 "GET /generate_204 HTTP/1.1" 204 0
06:03:36 [DEBUG] Starting new HTTPS connection (1): cp.cloudflare.com:443
06:03:36 [DEBUG] Starting new HTTPS connection (1): dl.google.com:443
06:03:36 [DEBUG] https://dl.google.com:443 "GET /dl/android/studio/install/3.4.1.0/android-studio-ide-183.5522156-windows.exe HTTP/1.1" 200 1017327996
06:03:36 [DEBUG] https://cp.cloudflare.com:443 "GET / HTTP/1.1" 204 0
06:03:36 [DEBUG] Starting new HTTPS connection (1): www.gstatic.com:443
06:03:36 [DEBUG] https://dl.google.com:443 "GET /dl/android/studio/install/3.4.1.0/android-studio-ide-183.5522156-windows.exe HTTP/1.1" 200 1017327996
06:03:36 [DEBUG] Starting new HTTPS connection (1): dl.google.com:443
06:03:36 [DEBUG] https://www.gstatic.com:443 "GET /generate_204 HTTP/1.1" 204 0
06:03:37 [DEBUG] Starting new HTTPS connection (1): dl.google.com:443
06:03:37 [INFO]    🎯 158.160.105.121 (Россия) - 12.4Mbps, 443ms UDP✅ Reality [yandex.ru]
06:03:37 [INFO]    📊 Whitelist: 64/80 (80%) | ✅57 ❌7
06:03:37 [DEBUG] https://dl.google.com:443 "GET /dl/android/studio/install/3.4.1.0/android-studio-ide-183.5522156-windows.exe HTTP/1.1" 200 1017327996
06:03:38 [INFO]    🎯 176.109.109.58 (Россия) - 1.0Mbps, 426ms UDP❌ Reality [tradingview.com]
06:03:38 [INFO]    🎯 84.23.52.70 (Россия) - 12.4Mbps, 412ms UDP✅ Reality [m.vk.ru]
06:03:38 [DEBUG] Starting new HTTPS connection (1): www.google.com:443
06:03:38 [DEBUG] Starting new HTTPS connection (1): www.gstatic.com:443
06:03:38 [DEBUG] Starting new HTTPS connection (1): dl.google.com:443
06:03:38 [DEBUG] https://www.google.com:443 "GET /generate_204 HTTP/1.1" 204 0
06:03:38 [DEBUG] Starting new HTTPS connection (1): cp.cloudflare.com:443
06:03:39 [DEBUG] https://dl.google.com:443 "GET /dl/android/studio/install/3.4.1.0/android-studio-ide-183.5522156-windows.exe HTTP/1.1" 200 1017327996
06:03:39 [DEBUG] Starting new HTTPS connection (1): www.google.com:443
06:03:39 [DEBUG] https://cp.cloudflare.com:443 "GET / HTTP/1.1" 204 0
06:03:39 [DEBUG] Starting new HTTPS connection (1): www.gstatic.com:443
06:03:39 [DEBUG] Starting new HTTPS connection (1): www.google.com:443
06:03:39 [DEBUG] https://www.google.com:443 "GET /generate_204 HTTP/1.1" 204 0
06:03:39 [DEBUG] Starting new HTTPS connection (1): cp.cloudflare.com:443
06:03:39 [DEBUG] https://www.gstatic.com:443 "GET /generate_204 HTTP/1.1" 204 0
06:03:39 [INFO]    🎯 158.160.221.132 (Россия) - 12.8Mbps, 423ms UDP❌ Reality [yandex.ru]
06:03:39 [DEBUG] https://www.google.com:443 "GET /generate_204 HTTP/1.1" 204 0
06:03:39 [DEBUG] Starting new HTTPS connection (1): cp.cloudflare.com:443
06:03:40 [DEBUG] Starting new HTTPS connection (1): dl.google.com:443
06:03:40 [DEBUG] Starting new HTTPS connection (1): www.google.com:443
06:03:40 [DEBUG] https://cp.cloudflare.com:443 "GET / HTTP/1.1" 204 0
06:03:40 [DEBUG] Starting new HTTPS connection (1): www.gstatic.com:443
06:03:40 [DEBUG] https://cp.cloudflare.com:443 "GET / HTTP/1.1" 204 0
06:03:40 [DEBUG] Starting new HTTPS connection (1): www.gstatic.com:443
06:03:40 [DEBUG] https://dl.google.com:443 "GET /dl/android/studio/install/3.4.1.0/android-studio-ide-183.5522156-windows.exe HTTP/1.1" 200 1017327996
06:03:40 [DEBUG] https://www.gstatic.com:443 "GET /generate_204 HTTP/1.1" 204 0
06:03:40 [DEBUG] https://www.google.com:443 "GET /generate_204 HTTP/1.1" 204 0
06:03:40 [DEBUG] Starting new HTTPS connection (1): cp.cloudflare.com:443
06:03:40 [DEBUG] https://www.gstatic.com:443 "GET /generate_204 HTTP/1.1" 204 0
06:03:40 [DEBUG] Starting new HTTPS connection (1): dl.google.com:443
06:03:41 [DEBUG] Starting new HTTPS connection (1): www.google.com:443
06:03:41 [INFO]    🎯 178.154.253.80 (Россия) - 11.8Mbps, 428ms UDP✅ Reality [yandex.ru]
06:03:41 [DEBUG] Starting new HTTPS connection (1): dl.google.com:443
06:03:41 [DEBUG] https://cp.cloudflare.com:443 "GET / HTTP/1.1" 204 0
06:03:41 [DEBUG] Starting new HTTPS connection (1): www.gstatic.com:443
06:03:41 [DEBUG] https://www.google.com:443 "GET /generate_204 HTTP/1.1" 204 0
06:03:41 [DEBUG] Starting new HTTPS connection (1): cp.cloudflare.com:443
06:03:41 [DEBUG] https://dl.google.com:443 "GET /dl/android/studio/install/3.4.1.0/android-studio-ide-183.5522156-windows.exe HTTP/1.1" 200 1017327996
06:03:41 [DEBUG] https://dl.google.com:443 "GET /dl/android/studio/install/3.4.1.0/android-studio-ide-183.5522156-windows.exe HTTP/1.1" 200 1017327996
06:03:42 [DEBUG] https://www.gstatic.com:443 "GET /generate_204 HTTP/1.1" 204 0
06:03:42 [DEBUG] https://cp.cloudflare.com:443 "GET / HTTP/1.1" 204 0
06:03:42 [DEBUG] Starting new HTTPS connection (1): www.gstatic.com:443
06:03:42 [DEBUG] Starting new HTTPS connection (1): www.google.com:443
06:03:42 [INFO]    🎯 87.239.106.153 (Россия) - 9.2Mbps, 455ms UDP✅ Reality [m.vk.ru]
06:03:42 [DEBUG] Starting new HTTPS connection (1): dl.google.com:443
06:03:42 [INFO]    🎯 176.123.164.110 (Россия) - 11.2Mbps, 470ms UDP✅ Reality [m.vk.com]
06:03:42 [DEBUG] https://www.gstatic.com:443 "GET /generate_204 HTTP/1.1" 204 0
06:03:42 [INFO]    🎯 217.16.27.216 (Россия) - 0.0Mbps, 1907ms UDP✅ Reality [web.max.ru]
06:03:42 [INFO]    📊 Whitelist: 72/80 (90%) | ✅64 ❌8
06:03:42 [DEBUG] Starting new HTTPS connection (1): dl.google.com:443
06:03:43 [DEBUG] https://dl.google.com:443 "GET /dl/android/studio/install/3.4.1.0/android-studio-ide-183.5522156-windows.exe HTTP/1.1" 200 1017327996
06:03:43 [DEBUG] Starting new HTTPS connection (1): www.google.com:443
06:03:43 [DEBUG] https://dl.google.com:443 "GET /dl/android/studio/install/3.4.1.0/android-studio-ide-183.5522156-windows.exe HTTP/1.1" 200 1017327996
06:03:43 [DEBUG] https://www.google.com:443 "GET /generate_204 HTTP/1.1" 204 0
06:03:43 [DEBUG] Starting new HTTPS connection (1): cp.cloudflare.com:443
06:03:43 [INFO]    🎯 84.252.136.245 (Россия) - 8.6Mbps, 621ms UDP✅ Reality [yandex.ru]
06:03:44 [INFO]    🎯 84.252.143.25 (Россия) - 8.5Mbps, 522ms UDP✅ Reality [yandex.ru]
06:03:44 [INFO]    🎯 90.156.217.130 (Россия) - 1.1Mbps, 391ms UDP✅ Reality [m.vk.ru]
06:03:45 [DEBUG] https://cp.cloudflare.com:443 "GET / HTTP/1.1" 204 0
06:03:45 [DEBUG] Starting new HTTPS connection (1): www.gstatic.com:443
06:03:45 [DEBUG] https://www.gstatic.com:443 "GET /generate_204 HTTP/1.1" 204 0
06:03:46 [DEBUG] Starting new HTTPS connection (1): dl.google.com:443
06:03:46 [DEBUG] https://dl.google.com:443 "GET /dl/android/studio/install/3.4.1.0/android-studio-ide-183.5522156-windows.exe HTTP/1.1" 200 1017327996
06:03:46 [INFO]    🎯 37.139.33.57 (Россия) - 1.0Mbps, 429ms UDP❌ Reality [m.vk.ru]
06:03:47 [DEBUG] https://www.google.com:443 "GET /generate_204 HTTP/1.1" 204 0
06:03:47 [DEBUG] Starting new HTTPS connection (1): cp.cloudflare.com:443
06:03:48 [INFO]    🎯 37.139.34.145 (Россия) - 6.2Mbps, 1111ms UDP✅ Reality [m.vk.ru]
06:03:49 [INFO]    🎯 176.109.109.58 (Россия) - 0.9Mbps, 407ms UDP✅ Reality [m.vk.ru]
06:03:52 [DEBUG] Starting new HTTPS connection (1): www.gstatic.com:443
06:03:53 [DEBUG] https://www.gstatic.com:443 "GET /generate_204 HTTP/1.1" 204 0
06:03:56 [DEBUG] Starting new HTTPS connection (1): dl.google.com:443
06:04:02 [INFO]    🎯 185.130.115.55 (Россия) - 0.0Mbps, 2555ms UDP❌ Reality [web.max.ru]
06:04:02 [INFO]    📊 Whitelist: 80/80 (100%) | ✅71 ❌9
06:04:02 [INFO] 
✅ Прошли: 76 (52 Reality), 71 WL
06:04:02 [INFO] 
══════════════════════════════════════════════════
06:04:02 [INFO] 🏆 ЭТАП 4: ФИНАЛЬНЫЙ ОТБОР
06:04:02 [INFO] ══════════════════════════════════════════════════
06:04:02 [INFO] 
📊 Пулы после фильтрации:
06:04:02 [INFO]    🎮 GAME (Reality, <150ms): 11
06:04:02 [INFO]    ⚡ UNIVERSAL: 28
06:04:02 [INFO]    🔄 WARP (Reality score≥50): 31
06:04:02 [INFO]    ⚪ WHITELIST: 71
06:04:02 [INFO] 
🎮 Выбор GAME серверов (Reality only!)...
06:04:02 [INFO]    GAME-1: 144.31.2.86 (Польша) - 143ms, 38.1Mbps, Reality✅
06:04:02 [INFO]    GAME-2: 57.129.53.182 (Германия) - 36ms, 61.5Mbps, Reality✅
06:04:02 [INFO] 
⚡ Выбор UNIVERSAL серверов (приоритет Reality)...
06:04:02 [INFO]    UNIVERSAL-1: 91.84.109.124 (Нидерланды) - 40.7Mbps Reality✅
06:04:02 [INFO]    UNIVERSAL-2: 91.84.109.130 (Нидерланды) - 39.5Mbps Reality✅
06:04:02 [INFO]    UNIVERSAL-3: 91.84.113.47 (Нидерланды) - 36.1Mbps Reality✅
06:04:02 [INFO] 
🔄 Выбор WARP серверов (Reality с высоким score)...
06:04:02 [INFO]    WARP-1: 144.31.2.154 (Польша) - score=100
06:04:02 [INFO]    WARP-2: 45.43.79.73 (Латвия) - score=100
06:04:02 [INFO] 
⚪ Выбор WHITELIST серверов...
06:04:02 [INFO]    WHITELIST-1: 51.250.32.69 - 25.9Mbps
06:04:02 [INFO]    WHITELIST-2: 217.16.26.35 - 21.3Mbps
06:04:02 [INFO] 
✅ Итого: 9 серверов
06:04:02 [INFO] 📦 Резерв: 30 серверов
06:04:02 [INFO] 🛡️ Reality в финале: 8/9
06:04:02 [INFO] 🏆 THE FINAL 9 (Russia-Proof):
06:04:02 [INFO] 💾 Подписка: FL1PVPN (9 серверов)
06:04:02 [INFO] ✅ ГОТОВО за 312.6 сек
06:04:02 [INFO] 🛡️ Reality в финале: 8/9
