21:08:40 [INFO] 🚀 FL1P VPN SCANNER V108 - ULTIMATE SOURCES
21:08:40 [INFO]    🌐 Источников: 28
21:08:40 [INFO]    📱 Telegram каналов: 31
21:08:40 [INFO]    🐙 GitHub Issues: 5
21:08:40 [INFO]    🚫 Черный список: CN, IR, KP, US
21:08:40 [INFO] 📂 Загружена история: 2523 записей
21:08:40 [INFO] ✅ Xray найден: ./xray
21:08:40 [DEBUG] 📁 GeoIP база найдена: Country.mmdb
21:08:40 [INFO] 🌍 GeoIP инициализирован
21:08:40 [INFO] 
════════════════════════════════════════
21:08:40 [INFO] 📥 ЭТАП 1: СБОР КОНФИГОВ
21:08:40 [INFO] ════════════════════════════════════════
21:08:40 [INFO] 📥 Загрузка из всех источников...
21:08:40 [DEBUG] Starting new HTTPS connection (1): raw.githubusercontent.com:443
21:08:40 [DEBUG] Starting new HTTPS connection (1): raw.githubusercontent.com:443
21:08:40 [DEBUG] Starting new HTTPS connection (1): raw.githubusercontent.com:443
21:08:40 [DEBUG] Starting new HTTPS connection (1): raw.githubusercontent.com:443
21:08:40 [DEBUG] Starting new HTTPS connection (1): raw.githubusercontent.com:443
21:08:40 [DEBUG] Starting new HTTPS connection (1): raw.githubusercontent.com:443
21:08:40 [DEBUG] Starting new HTTPS connection (1): raw.githubusercontent.com:443
21:08:40 [DEBUG] Starting new HTTPS connection (1): raw.githubusercontent.com:443
21:08:40 [DEBUG] Starting new HTTPS connection (1): raw.githubusercontent.com:443
21:08:40 [DEBUG] Starting new HTTPS connection (1): raw.githubusercontent.com:443
21:08:40 [DEBUG] Starting new HTTPS connection (1): raw.githubusercontent.com:443
21:08:40 [DEBUG] Starting new HTTPS connection (1): raw.githubusercontent.com:443
21:08:40 [DEBUG] Starting new HTTPS connection (1): raw.githubusercontent.com:443
21:08:40 [DEBUG] Starting new HTTPS connection (1): raw.githubusercontent.com:443
21:08:40 [DEBUG] Starting new HTTPS connection (1): raw.githubusercontent.com:443
21:08:40 [DEBUG] Starting new HTTPS connection (1): raw.githubusercontent.com:443
21:08:40 [DEBUG] Starting new HTTPS connection (1): raw.githubusercontent.com:443
21:08:40 [DEBUG] Starting new HTTPS connection (1): raw.githubusercontent.com:443
21:08:40 [DEBUG] Starting new HTTPS connection (1): raw.githubusercontent.com:443
21:08:40 [DEBUG] Starting new HTTPS connection (1): raw.githubusercontent.com:443
21:08:41 [DEBUG] https://raw.githubusercontent.com:443 "GET /barry-far/V2ray-Configs/main/Splitted-By-Protocol/vless.txt HTTP/1.1" 404 14
21:08:41 [DEBUG] https://raw.githubusercontent.com:443 "GET /Epodonios/v2ray-configs/main/Splitted-By-Protocol/vless.txt HTTP/1.1" 200 286994
21:08:41 [DEBUG]    ⚠️ vless.txt: HTTP 404
21:08:41 [DEBUG] https://raw.githubusercontent.com:443 "GET /mahdibland/V2RayAggregator/master/Eternity HTTP/1.1" 200 11419
21:08:41 [DEBUG] Starting new HTTPS connection (1): raw.githubusercontent.com:443
21:08:41 [DEBUG] Starting new HTTPS connection (1): raw.githubusercontent.com:443
21:08:41 [DEBUG] https://raw.githubusercontent.com:443 "GET /igareck/vpn-configs-for-russia/main/BLACK_VLESS_RUS.txt HTTP/1.1" 200 35595
21:08:41 [DEBUG] https://raw.githubusercontent.com:443 "GET /ebrasha/free-v2ray-public-list/refs/heads/main/all_extracted_configs.txt HTTP/1.1" 200 986000
21:08:41 [DEBUG] https://raw.githubusercontent.com:443 "GET /MrMohebi/xray-proxy-grabber-telegram/master/collected-proxies/row-url/all.txt HTTP/1.1" 200 2302
21:08:41 [DEBUG]    ✅ all.txt: 28 конфигов
21:08:41 [DEBUG] Starting new HTTPS connection (1): raw.githubusercontent.com:443
21:08:41 [DEBUG] https://raw.githubusercontent.com:443 "GET /igareck/vpn-configs-for-russia/refs/heads/main/WHITE-CIDR-RU-all.txt HTTP/1.1" 200 34505
21:08:41 [DEBUG] https://raw.githubusercontent.com:443 "GET /Pawdroid/Free-servers/main/sub HTTP/1.1" 200 1824
21:08:41 [DEBUG] Starting new HTTPS connection (1): raw.githubusercontent.com:443
21:08:41 [DEBUG] https://raw.githubusercontent.com:443 "GET /yebekhe/TVC/main/subscriptions/xray/reality HTTP/1.1" 404 14
21:08:41 [DEBUG]    ⚠️ reality: HTTP 404
21:08:41 [DEBUG] https://raw.githubusercontent.com:443 "GET /soroushmirzaei/telegram-configs-collector/main/protocols/reality HTTP/1.1" 404 14
21:08:41 [DEBUG]    ⚠️ reality: HTTP 404
21:08:41 [DEBUG] Starting new HTTPS connection (1): raw.githubusercontent.com:443
21:08:41 [DEBUG] Starting new HTTPS connection (1): raw.githubusercontent.com:443
21:08:41 [DEBUG] https://raw.githubusercontent.com:443 "GET /w1770946466/Auto_proxy/main/Long_term_subscription_num HTTP/1.1" 200 48700
21:08:41 [DEBUG] https://raw.githubusercontent.com:443 "GET /V2RayRoot/V2RayConfig/main/Config/vless.txt HTTP/1.1" 200 36918
21:08:41 [DEBUG] https://raw.githubusercontent.com:443 "GET /yebekhe/TVC/main/subscriptions/xray/vless HTTP/1.1" 404 14
21:08:41 [DEBUG]    ⚠️ vless: HTTP 404
21:08:41 [DEBUG] https://raw.githubusercontent.com:443 "GET /yebekhe/TVC/main/subscriptions/xray/hysteria2 HTTP/1.1" 404 14
21:08:41 [DEBUG]    ⚠️ hysteria2: HTTP 404
21:08:41 [DEBUG] Starting new HTTPS connection (1): raw.githubusercontent.com:443
21:08:41 [DEBUG] https://raw.githubusercontent.com:443 "GET /AvenCores/goida-vpn-configs/main/configs/vless.txt HTTP/1.1" 404 14
21:08:41 [DEBUG]    ⚠️ vless.txt: HTTP 404
21:08:41 [DEBUG] Starting new HTTPS connection (1): t.me:443
21:08:41 [DEBUG] https://raw.githubusercontent.com:443 "GET /Yebekhe/TelegramV2rayCollector/main/sub/normal/reality HTTP/1.1" 404 14
21:08:41 [DEBUG]    ⚠️ reality: HTTP 404
21:08:41 [DEBUG] Starting new HTTPS connection (1): t.me:443
21:08:41 [DEBUG] Starting new HTTPS connection (1): raw.githubusercontent.com:443
21:08:41 [DEBUG] https://raw.githubusercontent.com:443 "GET /igareck/vpn-configs-for-russia/main/Vless-Reality-White-Lists-Rus-Mobile.txt HTTP/1.1" 200 6382
21:08:41 [DEBUG] https://raw.githubusercontent.com:443 "GET /lagzian/SS-Collector/main/realitiy_api.txt HTTP/1.1" 404 14
21:08:41 [DEBUG]    ⚠️ realitiy_api.txt: HTTP 404
21:08:41 [DEBUG] https://raw.githubusercontent.com:443 "GET /mfuu/v2ray/master/v2ray HTTP/1.1" 200 8249
21:08:41 [DEBUG] https://raw.githubusercontent.com:443 "GET /igareck/vpn-configs-for-russia/main/configs/vless.txt HTTP/1.1" 404 14
21:08:41 [DEBUG]    ⚠️ vless.txt: HTTP 404
21:08:41 [DEBUG] Starting new HTTPS connection (1): t.me:443
21:08:41 [DEBUG] Starting new HTTPS connection (1): t.me:443
21:08:41 [DEBUG] Starting new HTTPS connection (1): t.me:443
21:08:41 [DEBUG]    ✅ Vless-Reality-White-Lists-Rus-: 125 конфигов
21:08:42 [DEBUG] Starting new HTTPS connection (1): t.me:443
21:08:42 [DEBUG]    ✅ Long_term_subscription_num: 125 конфигов
21:08:42 [DEBUG]    ✅ vless.txt: 540 конфигов
21:08:42 [DEBUG] Starting new HTTPS connection (1): t.me:443
21:08:42 [DEBUG] https://raw.githubusercontent.com:443 "GET /aiboboxx/v2rayfree/main/v2 HTTP/1.1" 404 14
21:08:42 [DEBUG] Starting new HTTPS connection (1): t.me:443
21:08:42 [DEBUG]    ⚠️ v2: HTTP 404
21:08:42 [DEBUG] https://raw.githubusercontent.com:443 "GET /ripaojiedian/freenode/main/sub HTTP/1.1" 200 1230
21:08:42 [DEBUG] Starting new HTTPS connection (1): t.me:443
21:08:42 [DEBUG] https://t.me:443 "GET /s/v2ray_outlineir HTTP/1.1" 200 10147
21:08:42 [DEBUG] https://raw.githubusercontent.com:443 "GET /ermaozi/get_subscribe/main/subscribe/v2ray.txt HTTP/1.1" 200 1679
21:08:42 [DEBUG]    ✅ v2ray.txt: 23 конфигов
21:08:42 [DEBUG] https://t.me:443 "GET /s/v2ray_configs_pool HTTP/1.1" 200 11232
21:08:42 [DEBUG] https://raw.githubusercontent.com:443 "GET /a2470982985/getNode/main/v2ray.txt HTTP/1.1" 200 None
21:08:42 [DEBUG]    📱 v2ray_outlineir: 11 конфигов
21:08:42 [DEBUG] Starting new HTTPS connection (1): t.me:443
21:08:42 [DEBUG] https://t.me:443 "GET /s/VlessConfig HTTP/1.1" 200 11441
21:08:42 [DEBUG] https://t.me:443 "GET /s/FarahVPN HTTP/1.1" 200 9859
21:08:42 [DEBUG] https://raw.githubusercontent.com:443 "GET /vveg26/get_proxy/main/sub/vless.txt HTTP/1.1" 404 14
21:08:42 [DEBUG] https://raw.githubusercontent.com:443 "GET /freefq/free/master/v2 HTTP/1.1" 200 3099
21:08:42 [DEBUG] Starting new HTTPS connection (1): t.me:443
21:08:42 [DEBUG]    📱 VlessConfig: 14 конфигов
21:08:42 [DEBUG]    ⚠️ vless.txt: HTTP 404
21:08:42 [DEBUG] Starting new HTTPS connection (1): t.me:443
21:08:42 [DEBUG] https://raw.githubusercontent.com:443 "GET /peasoft/NoMoreWalls/master/list.txt HTTP/1.1" 200 11009
21:08:43 [DEBUG]    📱 FarahVPN: 10 конфигов
21:08:43 [DEBUG] Starting new HTTPS connection (1): t.me:443
21:08:43 [DEBUG] Starting new HTTPS connection (1): t.me:443
21:08:43 [DEBUG] Starting new HTTPS connection (1): t.me:443
21:08:43 [DEBUG] https://t.me:443 "GET /s/v2rayng_vpn HTTP/1.1" 200 15543
21:08:43 [DEBUG] Starting new HTTPS connection (1): t.me:443
21:08:43 [DEBUG]    ✅ BLACK_VLESS_RUS.txt: 1027 конфигов
21:08:43 [DEBUG]    ✅ list.txt: 88 конфигов
21:08:43 [DEBUG] Starting new HTTPS connection (1): t.me:443
21:08:43 [DEBUG] Starting new HTTPS connection (1): t.me:443
21:08:43 [DEBUG]    ✅ WHITE-CIDR-RU-all.txt: 1290 конфигов
21:08:43 [DEBUG] Starting new HTTPS connection (1): t.me:443
21:08:43 [DEBUG] https://t.me:443 "GET /s/v2ray1_ng HTTP/1.1" 200 16657
21:08:43 [DEBUG]    📱 v2ray1_ng: 8 конфигов
21:08:43 [DEBUG] Starting new HTTPS connection (1): t.me:443
21:08:43 [DEBUG] Starting new HTTPS connection (1): t.me:443
21:08:43 [DEBUG] Starting new HTTPS connection (1): t.me:443
21:08:43 [DEBUG] Starting new HTTPS connection (1): t.me:443
21:08:44 [DEBUG] https://t.me:443 "GET /s/proaborz HTTP/1.1" 302 20
21:08:44 [DEBUG] https://t.me:443 "GET /s/vpaborz HTTP/1.1" 302 20
21:08:44 [DEBUG] https://t.me:443 "GET /s/vmaborz HTTP/1.1" 302 20
21:08:44 [DEBUG] https://t.me:443 "GET /s/proxy_mtm HTTP/1.1" 302 20
21:08:44 [DEBUG] https://t.me:443 "GET /proaborz HTTP/1.1" 200 3646
21:08:44 [DEBUG] Starting new HTTPS connection (1): t.me:443
21:08:44 [DEBUG] https://t.me:443 "GET /s/PrivateVPNs HTTP/1.1" 200 11695
21:08:44 [DEBUG] https://t.me:443 "GET /s/ConfigsHUB HTTP/1.1" 200 9753
21:08:44 [DEBUG] https://t.me:443 "GET /s/DirectVPN HTTP/1.1" 200 11392
21:08:44 [DEBUG] https://t.me:443 "GET /vpaborz HTTP/1.1" 200 3649
21:08:44 [DEBUG]    ✅ vless.txt: 2294 конфигов
21:08:44 [DEBUG] https://t.me:443 "GET /s/Proxy_PJ HTTP/1.1" 200 6973
21:08:44 [DEBUG] https://t.me:443 "GET /s/v2rayNG_Matsuri HTTP/1.1" 200 12354
21:08:44 [DEBUG] https://t.me:443 "GET /proxy_mtm HTTP/1.1" 200 3651
21:08:44 [DEBUG] https://t.me:443 "GET /vmaborz HTTP/1.1" 200 3649
21:08:44 [DEBUG]    📱 v2rayNG_Matsuri: 13 конфигов
21:08:44 [DEBUG] Starting new HTTPS connection (1): api.github.com:443
21:08:44 [DEBUG] Starting new HTTPS connection (1): t.me:443
21:08:44 [DEBUG] Starting new HTTPS connection (1): t.me:443
21:08:44 [DEBUG] Starting new HTTPS connection (1): t.me:443
21:08:44 [DEBUG] https://t.me:443 "GET /s/V2pedia HTTP/1.1" 200 17582
21:08:44 [DEBUG] Starting new HTTPS connection (1): t.me:443
21:08:44 [DEBUG] Starting new HTTPS connection (1): t.me:443
21:08:44 [DEBUG] Starting new HTTPS connection (1): t.me:443
21:08:44 [DEBUG] https://t.me:443 "GET /s/OutlineVpnOfficial HTTP/1.1" 200 9874
21:08:44 [DEBUG] https://t.me:443 "GET /s/ShadowProxy66 HTTP/1.1" 200 16562
21:08:44 [DEBUG] https://t.me:443 "GET /s/customv2ray HTTP/1.1" 200 14709
21:08:44 [DEBUG] Starting new HTTPS connection (1): api.github.com:443
21:08:44 [DEBUG] Starting new HTTPS connection (1): t.me:443
21:08:44 [DEBUG] https://t.me:443 "GET /s/iSegaro HTTP/1.1" 200 18626
21:08:44 [DEBUG] https://raw.githubusercontent.com:443 "GET /Leon406/SubCrawler/master/sub/share/vless HTTP/1.1" 200 2687023
21:08:44 [DEBUG]    📱 customv2ray: 9 конфигов
21:08:44 [DEBUG] https://t.me:443 "GET /s/freev2rayssr HTTP/1.1" 200 22261
21:08:44 [DEBUG] https://t.me:443 "GET /s/DarkVPNpro HTTP/1.1" 200 17301
21:08:44 [DEBUG] Starting new HTTPS connection (1): api.github.com:443
21:08:44 [DEBUG] Starting new HTTPS connection (1): api.github.com:443
21:08:44 [DEBUG] https://t.me:443 "GET /s/v2ray_alpha HTTP/1.1" 200 18902
21:08:44 [DEBUG] Starting new HTTPS connection (1): api.github.com:443
21:08:44 [DEBUG]    📱 DarkVPNpro: 7 конфигов
21:08:44 [DEBUG]    📱 v2ray_alpha: 56 конфигов
21:08:44 [DEBUG]    📱 freev2rayssr: 70 конфигов
21:08:45 [DEBUG] https://t.me:443 "GET /s/MehradLeVPN HTTP/1.1" 302 20
21:08:45 [DEBUG] https://t.me:443 "GET /s/V2RayTz HTTP/1.1" 200 6123
21:08:45 [DEBUG] https://t.me:443 "GET /MehradLeVPN HTTP/1.1" 200 3658
21:08:45 [DEBUG] https://t.me:443 "GET /s/VpnProSec HTTP/1.1" 200 6801
21:08:45 [DEBUG] https://t.me:443 "GET /s/Parsashonam HTTP/1.1" 200 13277
21:08:45 [DEBUG] https://t.me:443 "GET /s/SafeNet_Server HTTP/1.1" 200 10759
21:08:45 [DEBUG] https://t.me:443 "GET /s/VmessProtocol HTTP/1.1" 200 13265
21:08:45 [DEBUG] https://t.me:443 "GET /s/Awlix_ir HTTP/1.1" 200 None
21:08:45 [DEBUG]    📱 Awlix_ir: 1 конфигов
21:08:45 [DEBUG] https://api.github.com:443 "GET /repos/barry-far/V2ray-Configs/issues?state=all&per_page=10 HTTP/1.1" 403 136
21:08:45 [DEBUG]    ⚠️ barry-far/V2ray-Configs: Rate limit exceeded
21:08:45 [DEBUG] https://api.github.com:443 "GET /repos/yebekhe/TelegramV2rayCollector/issues?state=all&per_page=10 HTTP/1.1" 404 125
21:08:45 [DEBUG]    ⚠️ yebekhe/TelegramV2rayCollector: HTTP 404
21:08:45 [DEBUG] https://t.me:443 "GET /s/ServerNett HTTP/1.1" 200 11352
21:08:45 [DEBUG] https://api.github.com:443 "GET /repos/Pawdroid/Free-servers/issues?state=all&per_page=10 HTTP/1.1" 200 1632
21:08:45 [DEBUG] https://api.github.com:443 "GET /repos/mahdibland/V2RayAggregator/issues?state=all&per_page=10 HTTP/1.1" 200 1949
21:08:45 [DEBUG] https://api.github.com:443 "GET /repos/mfuu/v2ray/issues?state=all&per_page=10 HTTP/1.1" 200 None
21:08:45 [DEBUG]    ✅ all_extracted_configs.txt: 11000 конфигов
21:08:47 [DEBUG]    ✅ vless: 20827 конфигов
21:08:47 [INFO] 
📊 Статистика источников:
21:08:47 [INFO]    🥇 Premium:      2959
21:08:47 [INFO]    📦 General:      12055
21:08:47 [INFO]    🇷🇺 Whitelist:    1415
21:08:47 [INFO]    🔄 Subscription: 20938
21:08:47 [INFO]    📱 Telegram:     199
21:08:47 [INFO]    🐙 GitHub Issues: 0
21:08:47 [INFO]    ═══════════════════════
21:08:47 [INFO]    📈 ВСЕГО:        37566
21:08:47 [INFO] 
🔍 Уникальных серверов: 17970
21:08:47 [INFO] 
════════════════════════════════════════
21:08:47 [INFO] ⚡ ЭТАП 2: TCP ПРОВЕРКА
21:08:47 [INFO] ════════════════════════════════════════
21:08:50 [INFO]    📊 TCP-пинг: 1797/17970 (10%) | ✅1217 ❌580
21:08:54 [INFO]    📊 TCP-пинг: 3594/17970 (20%) | ✅1999 ❌1595
21:08:58 [INFO]    📊 TCP-пинг: 5391/17970 (30%) | ✅2725 ❌2666
21:09:02 [INFO]    📊 TCP-пинг: 7188/17970 (40%) | ✅3689 ❌3499
21:09:02 [INFO]    📊 TCP-пинг: 8985/17970 (50%) | ✅5459 ❌3526
21:09:06 [INFO]    📊 TCP-пинг: 10782/17970 (60%) | ✅6897 ❌3885
21:09:15 [INFO]    📊 TCP-пинг: 12579/17970 (70%) | ✅7841 ❌4738
21:09:32 [INFO]    📊 TCP-пинг: 14376/17970 (80%) | ✅8897 ❌5479
21:09:49 [INFO]    📊 TCP-пинг: 16173/17970 (90%) | ✅9553 ❌6620
21:10:22 [INFO]    📊 TCP-пинг: 17970/17970 (100%) | ✅10100 ❌7870
21:10:22 [INFO] 
✅ Живых TCP: 10100
21:10:23 [INFO] 📊 Топ стран:
21:10:23 [INFO]    🏳️ None (None): 5316
21:10:23 [INFO]    🇽🇽 XX (XX): 2041
21:10:23 [INFO]    🇷🇺 RU (Россия): 437
21:10:23 [INFO]    🇩🇪 DE (Германия): 346
21:10:23 [INFO]    🇳🇱 NL (Нидерланды): 321
21:10:23 [INFO]    🇬🇧 GB (Великобритания): 214
21:10:23 [INFO]    🇫🇷 FR (Франция): 133
21:10:23 [INFO]    🇸🇬 SG (Сингапур): 110
21:10:23 [INFO]    🇰🇿 KZ (Казахстан): 100
21:10:23 [INFO]    🇸🇪 SE (Швеция): 93
21:10:23 [INFO] 
════════════════════════════════════════
21:10:23 [INFO] 🧪 ЭТАП 3: ГЛУБОКАЯ ПРОВЕРКА (1937 серверов)
21:10:23 [INFO] ════════════════════════════════════════
21:10:24 [DEBUG] Starting new HTTPS connection (1): www.google.com:443
21:10:24 [DEBUG] Starting new HTTPS connection (1): www.google.com:443
21:10:24 [DEBUG] Starting new HTTPS connection (1): www.google.com:443
21:10:24 [DEBUG] Starting new HTTPS connection (1): www.google.com:443
21:10:24 [DEBUG] Starting new HTTPS connection (1): www.google.com:443
21:10:24 [DEBUG] Starting new HTTPS connection (1): www.google.com:443
21:10:24 [DEBUG] Starting new HTTPS connection (1): www.google.com:443
21:10:24 [DEBUG] Starting new HTTPS connection (1): www.google.com:443
21:10:24 [DEBUG] Starting new HTTPS connection (1): www.google.com:443
21:10:24 [DEBUG] Starting new HTTPS connection (1): www.google.com:443
21:10:24 [DEBUG] Starting new HTTPS connection (1): www.google.com:443
21:10:24 [DEBUG] Starting new HTTPS connection (1): www.google.com:443
21:10:24 [DEBUG] Starting new HTTPS connection (1): www.google.com:443
21:10:24 [DEBUG] Starting new HTTPS connection (1): www.google.com:443
21:10:24 [DEBUG] Starting new HTTPS connection (1): www.google.com:443
21:10:25 [DEBUG] Starting new HTTPS connection (1): www.google.com:443
21:10:25 [DEBUG] Starting new HTTPS connection (1): www.google.com:443
21:10:25 [DEBUG] Starting new HTTPS connection (1): www.google.com:443
21:10:25 [DEBUG] Starting new HTTPS connection (1): www.google.com:443
21:10:34 [DEBUG] Error connecting to SOCKS5 proxy 127.0.0.1:43184 due to: timed out
21:10:34 [DEBUG] Error connecting to SOCKS5 proxy 127.0.0.1:29056 due to: timed out
21:10:34 [DEBUG] Error connecting to SOCKS5 proxy 127.0.0.1:24658 due to: timed out
21:10:34 [DEBUG] Error connecting to SOCKS5 proxy 127.0.0.1:23814 due to: timed out
21:10:34 [DEBUG] Error connecting to SOCKS5 proxy 127.0.0.1:44574 due to: timed out
21:10:34 [DEBUG] Error connecting to SOCKS5 proxy 127.0.0.1:28410 due to: timed out
21:10:35 [DEBUG] Starting new HTTPS connection (1): www.google.com:443
21:10:35 [DEBUG] Starting new HTTPS connection (1): www.google.com:443
21:10:35 [DEBUG] Starting new HTTPS connection (1): www.google.com:443
21:10:35 [DEBUG] Starting new HTTPS connection (1): www.google.com:443
21:10:35 [DEBUG] Starting new HTTPS connection (1): www.google.com:443
21:10:35 [DEBUG] Error connecting to SOCKS5 proxy 127.0.0.1:53462 due to: timed out
21:10:35 [DEBUG] Starting new HTTPS connection (1): www.google.com:443
21:10:35 [DEBUG] Starting new HTTPS connection (1): www.google.com:443
21:10:35 [DEBUG] Starting new HTTPS connection (1): www.google.com:443
21:10:35 [DEBUG] Error connecting to SOCKS5 proxy 127.0.0.1:24038 due to: timed out
21:10:35 [DEBUG] Starting new HTTPS connection (1): www.google.com:443
21:10:36 [DEBUG] Starting new HTTPS connection (1): www.google.com:443
21:10:36 [DEBUG] Starting new HTTPS connection (1): www.google.com:443
21:10:36 [DEBUG] Starting new HTTPS connection (1): www.google.com:443
21:10:36 [DEBUG] Starting new HTTPS connection (1): www.google.com:443
21:10:36 [DEBUG] Starting new HTTPS connection (1): www.google.com:443
21:10:36 [DEBUG] Starting new HTTPS connection (1): www.google.com:443
21:10:40 [DEBUG] Starting new HTTPS connection (1): www.google.com:443
21:10:45 [DEBUG] Error connecting to SOCKS5 proxy 127.0.0.1:22653 due to: timed out
21:10:45 [DEBUG] Error connecting to SOCKS5 proxy 127.0.0.1:43721 due to: timed out
21:10:45 [DEBUG] Error connecting to SOCKS5 proxy 127.0.0.1:23348 due to: timed out
21:10:45 [DEBUG] Error connecting to SOCKS5 proxy 127.0.0.1:57868 due to: timed out
21:10:45 [DEBUG] Error connecting to SOCKS5 proxy 127.0.0.1:19150 due to: timed out
21:10:45 [DEBUG] Error connecting to SOCKS5 proxy 127.0.0.1:47656 due to: timed out
21:10:46 [DEBUG] Starting new HTTPS connection (1): www.google.com:443
21:10:46 [DEBUG] Starting new HTTPS connection (1): www.google.com:443
21:10:46 [DEBUG] Starting new HTTPS connection (1): www.google.com:443
21:10:46 [DEBUG] Starting new HTTPS connection (1): www.google.com:443
21:10:46 [DEBUG] Error connecting to SOCKS5 proxy 127.0.0.1:49983 due to: timed out
21:10:46 [DEBUG] Error connecting to SOCKS5 proxy 127.0.0.1:33836 due to: timed out
21:10:46 [DEBUG] Starting new HTTPS connection (1): www.google.com:443
21:10:46 [DEBUG] Error connecting to SOCKS5 proxy 127.0.0.1:43310 due to: timed out
21:10:46 [DEBUG] Error connecting to SOCKS5 proxy 127.0.0.1:52542 due to: timed out
21:10:46 [DEBUG] Starting new HTTPS connection (1): www.google.com:443
21:10:46 [DEBUG] Error connecting to SOCKS5 proxy 127.0.0.1:14575 due to: timed out
21:10:46 [DEBUG] Starting new HTTPS connection (1): www.google.com:443
21:10:47 [DEBUG] Starting new HTTPS connection (1): www.google.com:443
21:10:47 [DEBUG] Starting new HTTPS connection (1): www.google.com:443
21:10:47 [DEBUG] Starting new HTTPS connection (1): www.google.com:443
21:10:47 [DEBUG] Starting new HTTPS connection (1): www.google.com:443
21:10:47 [DEBUG] Starting new HTTPS connection (1): www.google.com:443
21:10:47 [DEBUG] Starting new HTTPS connection (1): www.google.com:443
21:10:47 [DEBUG] Starting new HTTPS connection (1): www.google.com:443
21:10:48 [DEBUG] Starting new HTTPS connection (1): www.google.com:443
21:10:48 [DEBUG] Starting new HTTPS connection (1): www.google.com:443
21:10:49 [DEBUG] https://www.google.com:443 "GET /generate_204 HTTP/1.1" 204 0
21:10:49 [DEBUG] Starting new HTTPS connection (1): www.google.com:443
21:10:50 [DEBUG] Error connecting to SOCKS5 proxy 127.0.0.1:44519 due to: timed out
21:10:50 [DEBUG] Starting new HTTPS connection (1): www.google.com:443
21:10:51 [DEBUG] Starting new HTTPS connection (1): www.google.com:443
21:10:52 [DEBUG] Starting new HTTPS connection (1): www.google.com:443
21:10:52 [DEBUG] Starting new HTTPS connection (1): www.google.com:443
21:10:52 [DEBUG] Starting new HTTPS connection (1): dl.google.com:443
21:10:52 [DEBUG] Starting new HTTPS connection (1): www.google.com:443
21:10:52 [DEBUG] Starting new HTTPS connection (1): www.google.com:443
21:10:52 [DEBUG] https://dl.google.com:443 "GET /dl/android/studio/install/3.4.1.0/android-studio-ide-183.5522156-windows.exe HTTP/1.1" 200 1017327996
21:10:52 [INFO]    🎯 89.116.250.138 (Литва) - 27.9 Mbps, 3115ms, UDP✅
21:10:53 [DEBUG] Starting new HTTPS connection (1): www.google.com:443
21:10:53 [DEBUG] Starting new HTTPS connection (1): www.google.com:443
21:10:53 [DEBUG] Starting new HTTPS connection (1): www.google.com:443
21:10:53 [DEBUG] Starting new HTTPS connection (1): www.google.com:443
21:10:53 [DEBUG] Starting new HTTPS connection (1): www.google.com:443
21:10:53 [DEBUG] Starting new HTTPS connection (1): www.google.com:443
21:10:53 [DEBUG] https://www.google.com:443 "GET /generate_204 HTTP/1.1" 204 0
21:10:53 [DEBUG] Starting new HTTPS connection (1): dl.google.com:443
21:10:53 [DEBUG] https://dl.google.com:443 "GET /dl/android/studio/install/3.4.1.0/android-studio-ide-183.5522156-windows.exe HTTP/1.1" 200 1017327996
21:10:53 [INFO]    🎯 92.61.71.170 (Эстония) - 52.3 Mbps, 181ms, UDP✅
21:10:53 [DEBUG] Starting new HTTPS connection (1): www.google.com:443
21:10:54 [DEBUG] Starting new HTTPS connection (1): www.google.com:443
21:10:54 [DEBUG] Starting new HTTPS connection (1): www.google.com:443
21:10:54 [DEBUG] Starting new HTTPS connection (1): www.google.com:443
21:10:54 [DEBUG] Starting new HTTPS connection (1): www.google.com:443
21:10:54 [DEBUG] Starting new HTTPS connection (1): www.google.com:443
21:10:54 [DEBUG] Starting new HTTPS connection (1): www.google.com:443
21:10:54 [DEBUG] Starting new HTTPS connection (1): www.google.com:443
21:10:54 [DEBUG] Starting new HTTPS connection (1): www.google.com:443
21:10:55 [DEBUG] Starting new HTTPS connection (1): www.google.com:443
21:10:55 [DEBUG] Starting new HTTPS connection (1): www.google.com:443
21:10:55 [DEBUG] Starting new HTTPS connection (1): www.google.com:443
21:10:55 [DEBUG] Starting new HTTPS connection (1): www.google.com:443
21:10:55 [DEBUG] Starting new HTTPS connection (1): www.google.com:443
21:10:55 [DEBUG] https://www.google.com:443 "GET /generate_204 HTTP/1.1" 204 0
21:10:55 [DEBUG] Starting new HTTPS connection (1): www.google.com:443
21:10:55 [DEBUG] Starting new HTTPS connection (1): dl.google.com:443
21:10:55 [DEBUG] https://www.google.com:443 "GET /generate_204 HTTP/1.1" 204 0
21:10:55 [DEBUG] https://www.google.com:443 "GET /generate_204 HTTP/1.1" 204 0
21:10:55 [DEBUG] Starting new HTTPS connection (1): dl.google.com:443
21:10:55 [DEBUG] https://dl.google.com:443 "GET /dl/android/studio/install/3.4.1.0/android-studio-ide-183.5522156-windows.exe HTTP/1.1" 200 1017327996
21:10:55 [DEBUG] Starting new HTTPS connection (1): www.google.com:443
21:10:55 [DEBUG] Starting new HTTPS connection (1): dl.google.com:443
21:10:56 [DEBUG] https://dl.google.com:443 "GET /dl/android/studio/install/3.4.1.0/android-studio-ide-183.5522156-windows.exe HTTP/1.1" 200 1017327996
21:10:56 [DEBUG] https://dl.google.com:443 "GET /dl/android/studio/install/3.4.1.0/android-studio-ide-183.5522156-windows.exe HTTP/1.1" 200 1017327996
21:10:56 [DEBUG] Starting new HTTPS connection (1): www.google.com:443
21:10:56 [DEBUG] Starting new HTTPS connection (1): www.google.com:443
21:10:56 [INFO]    🎯 83.147.216.31 (Финляндия) - 35.3 Mbps, 296ms, UDP✅
21:10:56 [DEBUG] Starting new HTTPS connection (1): www.google.com:443
21:10:56 [INFO]    🎯 83.147.192.189 (Финляндия) - 21.4 Mbps, 280ms, UDP✅
21:10:56 [DEBUG] Starting new HTTPS connection (1): www.google.com:443
21:10:56 [DEBUG] https://www.google.com:443 "GET /generate_204 HTTP/1.1" 204 0
21:10:57 [DEBUG] Starting new HTTPS connection (1): dl.google.com:443
21:10:57 [DEBUG] Starting new HTTPS connection (1): www.google.com:443
21:10:57 [DEBUG] Starting new HTTPS connection (1): www.google.com:443
21:10:57 [DEBUG] Starting new HTTPS connection (1): www.google.com:443
21:10:57 [DEBUG] Starting new HTTPS connection (1): www.google.com:443
21:10:57 [DEBUG] Starting new HTTPS connection (1): www.google.com:443
21:10:57 [DEBUG] https://dl.google.com:443 "GET /dl/android/studio/install/3.4.1.0/android-studio-ide-183.5522156-windows.exe HTTP/1.1" 200 1017327996
21:10:58 [INFO]    🎯 93.152.207.254 (Финляндия) - 23.8 Mbps, 555ms, UDP✅
21:10:58 [DEBUG] Starting new HTTPS connection (1): www.google.com:443
21:10:58 [DEBUG] Starting new HTTPS connection (1): www.google.com:443
21:10:58 [DEBUG] Starting new HTTPS connection (1): www.google.com:443
21:10:58 [DEBUG] Starting new HTTPS connection (1): www.google.com:443
21:10:58 [DEBUG] Starting new HTTPS connection (1): www.google.com:443
21:10:58 [DEBUG] https://www.google.com:443 "GET /generate_204 HTTP/1.1" 204 0
21:10:59 [DEBUG] Starting new HTTPS connection (1): www.google.com:443
21:10:59 [DEBUG] Starting new HTTPS connection (1): dl.google.com:443
21:10:59 [DEBUG] Starting new HTTPS connection (1): www.google.com:443
21:10:59 [DEBUG] Starting new HTTPS connection (1): www.google.com:443
21:10:59 [DEBUG] Starting new HTTPS connection (1): www.google.com:443
21:10:59 [DEBUG] https://dl.google.com:443 "GET /dl/android/studio/install/3.4.1.0/android-studio-ide-183.5522156-windows.exe HTTP/1.1" 200 1017327996
21:10:59 [DEBUG] Starting new HTTPS connection (1): www.google.com:443
21:10:59 [DEBUG] Starting new HTTPS connection (1): www.google.com:443
21:10:59 [DEBUG] Starting new HTTPS connection (1): www.google.com:443
21:11:00 [DEBUG] Starting new HTTPS connection (1): www.google.com:443
21:11:00 [DEBUG] Starting new HTTPS connection (1): www.google.com:443
21:11:00 [DEBUG] Starting new HTTPS connection (1): www.google.com:443
21:11:00 [DEBUG] Starting new HTTPS connection (1): www.google.com:443
21:11:00 [DEBUG] Starting new HTTPS connection (1): www.google.com:443
21:11:00 [DEBUG] https://www.google.com:443 "GET /generate_204 HTTP/1.1" 204 0
21:11:00 [DEBUG] Starting new HTTPS connection (1): www.google.com:443
21:11:00 [DEBUG] Starting new HTTPS connection (1): www.google.com:443
21:11:00 [DEBUG] https://www.google.com:443 "GET /generate_204 HTTP/1.1" 204 0
21:11:00 [DEBUG] Starting new HTTPS connection (1): www.google.com:443
21:11:01 [DEBUG] Starting new HTTPS connection (1): dl.google.com:443
21:11:01 [DEBUG] Starting new HTTPS connection (1): www.google.com:443
21:11:01 [DEBUG] https://dl.google.com:443 "GET /dl/android/studio/install/3.4.1.0/android-studio-ide-183.5522156-windows.exe HTTP/1.1" 200 1017327996
21:11:01 [DEBUG] Starting new HTTPS connection (1): www.google.com:443
21:11:01 [INFO]    🎯 185.73.125.42 (Эстония) - 44.6 Mbps, 111ms, UDP✅
21:11:01 [DEBUG] Starting new HTTPS connection (1): www.google.com:443
21:11:01 [DEBUG] Starting new HTTPS connection (1): www.google.com:443
21:11:01 [DEBUG] https://www.google.com:443 "GET /generate_204 HTTP/1.1" 204 0
21:11:02 [DEBUG] Starting new HTTPS connection (1): www.google.com:443
21:11:02 [DEBUG] Starting new HTTPS connection (1): dl.google.com:443
21:11:02 [DEBUG] Starting new HTTPS connection (1): www.google.com:443
21:11:02 [DEBUG] Starting new HTTPS connection (1): www.google.com:443
21:11:02 [DEBUG] https://dl.google.com:443 "GET /dl/android/studio/install/3.4.1.0/android-studio-ide-183.5522156-windows.exe HTTP/1.1" 200 1017327996
21:11:02 [DEBUG] Starting new HTTPS connection (1): www.google.com:443
21:11:02 [DEBUG] Starting new HTTPS connection (1): www.google.com:443
21:11:02 [INFO]    🎯 46.62.128.207 (Финляндия) - 0.0 Mbps, 313ms, UDP✅
21:11:03 [DEBUG] Starting new HTTPS connection (1): www.google.com:443
21:11:03 [DEBUG] Starting new HTTPS connection (1): www.google.com:443
21:11:03 [DEBUG] Starting new HTTPS connection (1): www.google.com:443
21:11:03 [DEBUG] Starting new HTTPS connection (1): www.google.com:443
21:11:03 [DEBUG] Starting new HTTPS connection (1): dl.google.com:443
21:11:03 [DEBUG] https://www.google.com:443 "GET /generate_204 HTTP/1.1" 204 0
21:11:03 [DEBUG] Starting new HTTPS connection (1): www.google.com:443
21:11:03 [DEBUG] Starting new HTTPS connection (1): dl.google.com:443
21:11:03 [DEBUG] Starting new HTTPS connection (1): www.google.com:443
21:11:03 [DEBUG] https://dl.google.com:443 "GET /dl/android/studio/install/3.4.1.0/android-studio-ide-183.5522156-windows.exe HTTP/1.1" 200 1017327996
21:11:03 [DEBUG] Starting new HTTPS connection (1): www.google.com:443
21:11:03 [DEBUG] Starting new HTTPS connection (1): www.google.com:443
21:11:03 [DEBUG] https://dl.google.com:443 "GET /dl/android/studio/install/3.4.1.0/android-studio-ide-183.5522156-windows.exe HTTP/1.1" 200 1017327996
21:11:04 [INFO]    🎯 5.61.89.225 (Финляндия) - 42.6 Mbps, 278ms, UDP✅
21:11:04 [DEBUG] Starting new HTTPS connection (1): www.google.com:443
21:11:04 [DEBUG] Starting new HTTPS connection (1): www.google.com:443
21:11:04 [INFO]    🎯 81.27.99.137 (Финляндия) - 19.1 Mbps, 472ms, UDP❌
21:11:04 [DEBUG] https://www.google.com:443 "GET /generate_204 HTTP/1.1" 204 0
21:11:04 [DEBUG] https://www.google.com:443 "GET /generate_204 HTTP/1.1" 204 0
21:11:04 [DEBUG] https://www.google.com:443 "GET /generate_204 HTTP/1.1" 204 0
21:11:04 [DEBUG] Starting new HTTPS connection (1): dl.google.com:443
21:11:04 [DEBUG] Starting new HTTPS connection (1): dl.google.com:443
21:11:04 [DEBUG] Starting new HTTPS connection (1): www.google.com:443
21:11:04 [DEBUG] Starting new HTTPS connection (1): www.google.com:443
21:11:04 [DEBUG] https://dl.google.com:443 "GET /dl/android/studio/install/3.4.1.0/android-studio-ide-183.5522156-windows.exe HTTP/1.1" 200 1017327996
21:11:04 [DEBUG] https://dl.google.com:443 "GET /dl/android/studio/install/3.4.1.0/android-studio-ide-183.5522156-windows.exe HTTP/1.1" 200 1017327996
21:11:04 [INFO]    🎯 45.144.52.197 (Финляндия) - 53.7 Mbps, 171ms, UDP✅
21:11:04 [DEBUG] Starting new HTTPS connection (1): www.google.com:443
21:11:05 [DEBUG] Starting new HTTPS connection (1): www.google.com:443
21:11:05 [INFO]    🎯 185.215.186.249 (Эстония) - 40.7 Mbps, 3599ms, UDP✅
21:11:05 [DEBUG] Starting new HTTPS connection (1): www.google.com:443
21:11:05 [DEBUG] Starting new HTTPS connection (1): www.google.com:443
21:11:05 [DEBUG] Starting new HTTPS connection (1): www.google.com:443
21:11:05 [DEBUG] Starting new HTTPS connection (1): www.google.com:443
21:11:05 [DEBUG] Starting new HTTPS connection (1): www.google.com:443
21:11:05 [DEBUG] Starting new HTTPS connection (1): www.google.com:443
21:11:05 [DEBUG] Starting new HTTPS connection (1): www.google.com:443
21:11:06 [DEBUG] Starting new HTTPS connection (1): www.google.com:443
21:11:06 [DEBUG] Starting new HTTPS connection (1): www.google.com:443
21:11:06 [INFO]    🎯 135.181.155.97 (Финляндия) - 0.0 Mbps, 284ms, UDP✅
21:11:06 [DEBUG] Starting new HTTPS connection (1): www.google.com:443
21:11:06 [DEBUG] Starting new HTTPS connection (1): www.google.com:443
21:11:07 [DEBUG] Starting new HTTPS connection (1): www.google.com:443
21:11:07 [DEBUG] Starting new HTTPS connection (1): www.google.com:443
21:11:07 [DEBUG] Starting new HTTPS connection (1): www.google.com:443
21:11:07 [DEBUG] Starting new HTTPS connection (1): dl.google.com:443
21:11:07 [INFO]    🎯 195.123.210.184 (Латвия) - 0.0 Mbps, 5307ms, UDP❌
21:11:07 [DEBUG] Starting new HTTPS connection (1): www.google.com:443
21:11:08 [DEBUG] Starting new HTTPS connection (1): www.google.com:443
21:11:08 [DEBUG] Starting new HTTPS connection (1): www.google.com:443
21:11:08 [DEBUG] Starting new HTTPS connection (1): www.google.com:443
21:11:08 [DEBUG] Starting new HTTPS connection (1): www.google.com:443
21:11:08 [DEBUG] Starting new HTTPS connection (1): www.google.com:443
21:11:08 [DEBUG] Starting new HTTPS connection (1): www.google.com:443
21:11:08 [DEBUG] https://www.google.com:443 "GET /generate_204 HTTP/1.1" 204 0
21:11:08 [DEBUG] https://www.google.com:443 "GET /generate_204 HTTP/1.1" 204 0
21:11:08 [DEBUG] Starting new HTTPS connection (1): www.google.com:443
21:11:08 [DEBUG] Starting new HTTPS connection (1): www.google.com:443
21:11:09 [DEBUG] Starting new HTTPS connection (1): dl.google.com:443
21:11:09 [DEBUG] https://dl.google.com:443 "GET /dl/android/studio/install/3.4.1.0/android-studio-ide-183.5522156-windows.exe HTTP/1.1" 404 1449
21:11:09 [INFO]    🎯 65.108.108.151 (Финляндия) - 0.0 Mbps, 1566ms, UDP✅
21:11:09 [DEBUG] Starting new HTTPS connection (1): www.google.com:443
21:11:09 [DEBUG] Starting new HTTPS connection (1): www.google.com:443
21:11:09 [DEBUG] https://www.google.com:443 "GET /generate_204 HTTP/1.1" 204 0
21:11:09 [DEBUG] Starting new HTTPS connection (1): www.google.com:443
21:11:10 [DEBUG] Starting new HTTPS connection (1): www.google.com:443
21:11:10 [DEBUG] Starting new HTTPS connection (1): www.google.com:443
21:11:10 [DEBUG] Starting new HTTPS connection (1): www.google.com:443
21:11:10 [DEBUG] Starting new HTTPS connection (1): www.google.com:443
21:11:10 [DEBUG] Starting new HTTPS connection (1): www.google.com:443
21:11:10 [DEBUG] Starting new HTTPS connection (1): www.google.com:443
21:11:10 [DEBUG] https://www.google.com:443 "GET /generate_204 HTTP/1.1" 204 0
21:11:10 [DEBUG] Starting new HTTPS connection (1): dl.google.com:443
21:11:10 [DEBUG] Starting new HTTPS connection (1): www.google.com:443
21:11:11 [DEBUG] https://dl.google.com:443 "GET /dl/android/studio/install/3.4.1.0/android-studio-ide-183.5522156-windows.exe HTTP/1.1" 200 1017327996
21:11:11 [DEBUG] Starting new HTTPS connection (1): www.google.com:443
21:11:11 [DEBUG] Starting new HTTPS connection (1): www.google.com:443
21:11:11 [DEBUG] Starting new HTTPS connection (1): www.google.com:443
21:11:11 [DEBUG] Starting new HTTPS connection (1): dl.google.com:443
21:11:11 [INFO]    🎯 104.128.134.181 (Финляндия) - 18.2 Mbps, 273ms, UDP✅
21:11:11 [DEBUG] https://www.google.com:443 "GET /generate_204 HTTP/1.1" 204 0
21:11:11 [DEBUG] Starting new HTTPS connection (1): www.google.com:443
21:11:11 [DEBUG] Starting new HTTPS connection (1): dl.google.com:443
21:11:11 [DEBUG] https://www.google.com:443 "GET /generate_204 HTTP/1.1" 204 0
21:11:12 [DEBUG] Starting new HTTPS connection (1): dl.google.com:443
21:11:12 [DEBUG] https://dl.google.com:443 "GET /dl/android/studio/install/3.4.1.0/android-studio-ide-183.5522156-windows.exe HTTP/1.1" 200 1017327996
21:11:12 [DEBUG] https://dl.google.com:443 "GET /dl/android/studio/install/3.4.1.0/android-studio-ide-183.5522156-windows.exe HTTP/1.1" 200 1017327996
21:11:12 [DEBUG] Starting new HTTPS connection (1): www.google.com:443
21:11:12 [DEBUG] https://www.google.com:443 "GET /generate_204 HTTP/1.1" 204 0
21:11:12 [INFO]    🎯 5.10.247.238 (Нидерланды) - 49.6 Mbps, 119ms, UDP✅
21:11:12 [DEBUG] https://www.google.com:443 "GET /generate_204 HTTP/1.1" 204 0
21:11:12 [DEBUG] Starting new HTTPS connection (1): dl.google.com:443
21:11:12 [DEBUG] Starting new HTTPS connection (1): dl.google.com:443
21:11:12 [INFO]    🎯 5.10.214.238 (Германия) - 38.9 Mbps, 95ms, UDP✅
21:11:12 [DEBUG] Starting new HTTPS connection (1): www.google.com:443
21:11:12 [DEBUG] https://www.google.com:443 "GET /generate_204 HTTP/1.1" 204 0
21:11:12 [DEBUG] Starting new HTTPS connection (1): dl.google.com:443
21:11:12 [DEBUG] https://dl.google.com:443 "GET /dl/android/studio/install/3.4.1.0/android-studio-ide-183.5522156-windows.exe HTTP/1.1" 200 1017327996
21:11:12 [DEBUG] Starting new HTTPS connection (1): dl.google.com:443
21:11:12 [INFO]    🎯 45.131.5.238 (Нидерланды) - 62.5 Mbps, 113ms, UDP✅
21:11:12 [DEBUG] Starting new HTTPS connection (1): www.google.com:443
21:11:12 [INFO]    🎯 38.244.137.198 (Финляндия) - 1.6 Mbps, 268ms, UDP✅
21:11:13 [DEBUG] https://dl.google.com:443 "GET /dl/android/studio/install/3.4.1.0/android-studio-ide-183.5522156-windows.exe HTTP/1.1" 200 1017327996
21:11:13 [DEBUG] Starting new HTTPS connection (1): www.google.com:443
21:11:13 [INFO]    🎯 188.253.22.180 (Латвия) - 17.2 Mbps, 2169ms, UDP✅
21:11:13 [DEBUG] Starting new HTTPS connection (1): www.google.com:443
21:11:13 [DEBUG] Starting new HTTPS connection (1): www.google.com:443
21:11:13 [DEBUG] https://dl.google.com:443 "GET /dl/android/studio/install/3.4.1.0/android-studio-ide-183.5522156-windows.exe HTTP/1.1" 200 1017327996
21:11:13 [DEBUG] https://dl.google.com:443 "GET /dl/android/studio/install/3.4.1.0/android-studio-ide-183.5522156-windows.exe HTTP/1.1" 200 1017327996
21:11:13 [DEBUG] Starting new HTTPS connection (1): www.google.com:443
21:11:13 [DEBUG] Starting new HTTPS connection (1): www.google.com:443
21:11:14 [INFO]    🎯 144.31.178.150 (Эстония) - 11.3 Mbps, 2271ms, UDP✅
21:11:14 [INFO]    🎯 185.215.186.250 (Эстония) - 7.2 Mbps, 2675ms, UDP❌
21:11:14 [DEBUG] Starting new HTTPS connection (1): www.google.com:443
21:11:14 [DEBUG] Starting new HTTPS connection (1): www.google.com:443
21:11:14 [DEBUG] Starting new HTTPS connection (1): www.google.com:443
21:11:14 [DEBUG] Starting new HTTPS connection (1): www.google.com:443
21:11:14 [DEBUG] https://dl.google.com:443 "GET /dl/android/studio/install/3.4.1.0/android-studio-ide-183.5522156-windows.exe HTTP/1.1" 200 1017327996
21:11:14 [DEBUG] Starting new HTTPS connection (1): www.google.com:443
21:11:14 [DEBUG] Starting new HTTPS connection (1): www.google.com:443
21:11:14 [DEBUG] Starting new HTTPS connection (1): www.google.com:443
21:11:14 [DEBUG] Starting new HTTPS connection (1): www.google.com:443
21:11:15 [DEBUG] Starting new HTTPS connection (1): www.google.com:443
21:11:15 [DEBUG] Starting new HTTPS connection (1): www.google.com:443
21:11:15 [DEBUG] Starting new HTTPS connection (1): www.google.com:443
21:11:15 [DEBUG] Starting new HTTPS connection (1): www.google.com:443
21:11:15 [DEBUG] Starting new HTTPS connection (1): www.google.com:443
21:11:15 [DEBUG] Starting new HTTPS connection (1): www.google.com:443
21:11:15 [DEBUG] Starting new HTTPS connection (1): www.google.com:443
21:11:15 [DEBUG] Starting new HTTPS connection (1): www.google.com:443
21:11:15 [DEBUG] Starting new HTTPS connection (1): www.google.com:443
21:11:16 [DEBUG] Starting new HTTPS connection (1): www.google.com:443
21:11:16 [DEBUG] Starting new HTTPS connection (1): www.google.com:443
21:11:16 [DEBUG] Starting new HTTPS connection (1): www.google.com:443
21:11:16 [INFO]    📊 Глубокая проверка: 193/1937 (10%) | ✅22 ❌171
21:11:16 [DEBUG] Starting new HTTPS connection (1): www.google.com:443
21:11:16 [DEBUG] Starting new HTTPS connection (1): www.google.com:443
21:11:16 [INFO]    🎯 185.155.96.153 (Эстония) - 4.1 Mbps, 3331ms, UDP❌
21:11:16 [DEBUG] Starting new HTTPS connection (1): www.google.com:443
21:11:16 [DEBUG] Starting new HTTPS connection (1): www.google.com:443
21:11:16 [DEBUG] Starting new HTTPS connection (1): www.google.com:443
21:11:16 [DEBUG] Starting new HTTPS connection (1): www.google.com:443
21:11:16 [DEBUG] Starting new HTTPS connection (1): www.google.com:443
21:11:17 [DEBUG] Starting new HTTPS connection (1): www.google.com:443
21:11:17 [DEBUG] Starting new HTTPS connection (1): www.google.com:443
21:11:17 [DEBUG] Starting new HTTPS connection (1): www.google.com:443
21:11:17 [DEBUG] Starting new HTTPS connection (1): www.google.com:443
21:11:17 [DEBUG] Starting new HTTPS connection (1): www.google.com:443
21:11:17 [DEBUG] Starting new HTTPS connection (1): www.google.com:443
21:11:17 [DEBUG] Starting new HTTPS connection (1): www.google.com:443
21:11:17 [DEBUG] Starting new HTTPS connection (1): www.google.com:443
21:11:18 [DEBUG] Starting new HTTPS connection (1): www.google.com:443
21:11:18 [DEBUG] Starting new HTTPS connection (1): www.google.com:443
21:11:18 [DEBUG] Starting new HTTPS connection (1): www.google.com:443
21:11:18 [DEBUG] Starting new HTTPS connection (1): www.google.com:443
21:11:18 [DEBUG] Starting new HTTPS connection (1): www.google.com:443
21:11:18 [DEBUG] Starting new HTTPS connection (1): www.google.com:443
21:11:19 [DEBUG] Starting new HTTPS connection (1): www.google.com:443
21:11:19 [DEBUG] Starting new HTTPS connection (1): www.google.com:443
21:11:19 [DEBUG] Starting new HTTPS connection (1): www.google.com:443
21:11:19 [DEBUG] Starting new HTTPS connection (1): www.google.com:443
21:11:19 [DEBUG] Starting new HTTPS connection (1): www.google.com:443
21:11:19 [DEBUG] Starting new HTTPS connection (1): www.google.com:443
21:11:19 [DEBUG] Starting new HTTPS connection (1): www.google.com:443
21:11:19 [DEBUG] Starting new HTTPS connection (1): www.google.com:443
21:11:19 [DEBUG] Starting new HTTPS connection (1): www.google.com:443
21:11:19 [DEBUG] Starting new HTTPS connection (1): www.google.com:443
21:11:19 [DEBUG] Starting new HTTPS connection (1): www.google.com:443
21:11:19 [DEBUG] Starting new HTTPS connection (1): www.google.com:443
21:11:19 [DEBUG] Starting new HTTPS connection (1): www.google.com:443
21:11:20 [DEBUG] Starting new HTTPS connection (1): www.google.com:443
21:11:20 [DEBUG] Starting new HTTPS connection (1): www.google.com:443
21:11:20 [DEBUG] Starting new HTTPS connection (1): www.google.com:443
21:11:20 [DEBUG] Starting new HTTPS connection (1): www.google.com:443
21:11:20 [DEBUG] Starting new HTTPS connection (1): www.google.com:443
21:11:20 [DEBUG] Starting new HTTPS connection (1): www.google.com:443
21:11:20 [DEBUG] Starting new HTTPS connection (1): www.google.com:443
21:11:20 [DEBUG] Starting new HTTPS connection (1): www.google.com:443
21:11:20 [DEBUG] Starting new HTTPS connection (1): www.google.com:443
21:11:20 [DEBUG] Starting new HTTPS connection (1): www.google.com:443
21:11:20 [DEBUG] Starting new HTTPS connection (1): www.google.com:443
21:11:20 [DEBUG] Starting new HTTPS connection (1): www.google.com:443
21:11:20 [DEBUG] Starting new HTTPS connection (1): www.google.com:443
21:11:20 [DEBUG] Starting new HTTPS connection (1): www.google.com:443
21:11:20 [DEBUG] Starting new HTTPS connection (1): www.google.com:443
21:11:21 [DEBUG] Starting new HTTPS connection (1): www.google.com:443
21:11:21 [DEBUG] Starting new HTTPS connection (1): www.google.com:443
21:11:21 [DEBUG] Starting new HTTPS connection (1): www.google.com:443
21:11:21 [DEBUG] Starting new HTTPS connection (1): www.google.com:443
21:11:22 [DEBUG] Starting new HTTPS connection (1): www.google.com:443
21:11:23 [DEBUG] Starting new HTTPS connection (1): www.google.com:443
21:11:23 [DEBUG] Starting new HTTPS connection (1): www.google.com:443
21:11:23 [DEBUG] Starting new HTTPS connection (1): www.google.com:443
21:11:23 [DEBUG] Starting new HTTPS connection (1): www.google.com:443
21:11:23 [DEBUG] Starting new HTTPS connection (1): www.google.com:443
21:11:23 [DEBUG] Starting new HTTPS connection (1): www.google.com:443
21:11:23 [DEBUG] Starting new HTTPS connection (1): www.google.com:443
21:11:23 [DEBUG] Starting new HTTPS connection (1): www.google.com:443
21:11:24 [DEBUG] Starting new HTTPS connection (1): www.google.com:443
21:11:24 [DEBUG] Starting new HTTPS connection (1): www.google.com:443
21:11:24 [DEBUG] Starting new HTTPS connection (1): www.google.com:443
21:11:24 [DEBUG] Starting new HTTPS connection (1): www.google.com:443
21:11:24 [DEBUG] Starting new HTTPS connection (1): www.google.com:443
21:11:25 [DEBUG] Starting new HTTPS connection (1): www.google.com:443
21:11:25 [DEBUG] Starting new HTTPS connection (1): www.google.com:443
21:11:26 [DEBUG] Starting new HTTPS connection (1): www.google.com:443
21:11:26 [DEBUG] Starting new HTTPS connection (1): www.google.com:443
21:11:26 [DEBUG] Starting new HTTPS connection (1): www.google.com:443
21:11:26 [DEBUG] Starting new HTTPS connection (1): www.google.com:443
21:11:26 [DEBUG] Starting new HTTPS connection (1): www.google.com:443
21:11:26 [DEBUG] Starting new HTTPS connection (1): www.google.com:443
21:11:26 [DEBUG] Starting new HTTPS connection (1): www.google.com:443
21:11:27 [DEBUG] Starting new HTTPS connection (1): www.google.com:443
21:11:28 [DEBUG] Starting new HTTPS connection (1): www.google.com:443
21:11:29 [DEBUG] Starting new HTTPS connection (1): www.google.com:443
21:11:29 [DEBUG] Starting new HTTPS connection (1): www.google.com:443
21:11:29 [DEBUG] Starting new HTTPS connection (1): www.google.com:443
21:11:30 [DEBUG] Starting new HTTPS connection (1): www.google.com:443
21:11:30 [DEBUG] Starting new HTTPS connection (1): www.google.com:443
21:11:30 [DEBUG] Starting new HTTPS connection (1): www.google.com:443
21:11:31 [DEBUG] Starting new HTTPS connection (1): www.google.com:443
21:11:31 [DEBUG] Starting new HTTPS connection (1): www.google.com:443
21:11:31 [DEBUG] Starting new HTTPS connection (1): www.google.com:443
21:11:31 [DEBUG] Starting new HTTPS connection (1): www.google.com:443
21:11:32 [DEBUG] Starting new HTTPS connection (1): www.google.com:443
21:11:32 [DEBUG] Starting new HTTPS connection (1): www.google.com:443
21:11:33 [DEBUG] Starting new HTTPS connection (1): www.google.com:443
21:11:34 [DEBUG] Starting new HTTPS connection (1): www.google.com:443
21:11:34 [DEBUG] Starting new HTTPS connection (1): www.google.com:443
21:11:34 [DEBUG] Starting new HTTPS connection (1): www.google.com:443
21:11:34 [DEBUG] Starting new HTTPS connection (1): www.google.com:443
21:11:35 [DEBUG] Starting new HTTPS connection (1): www.google.com:443
21:11:35 [DEBUG] Starting new HTTPS connection (1): www.google.com:443
21:11:35 [DEBUG] Starting new HTTPS connection (1): www.google.com:443
21:11:35 [DEBUG] Starting new HTTPS connection (1): www.google.com:443
21:11:35 [DEBUG] Starting new HTTPS connection (1): www.google.com:443
21:11:35 [DEBUG] Starting new HTTPS connection (1): www.google.com:443
21:11:35 [DEBUG] https://www.google.com:443 "GET /generate_204 HTTP/1.1" 204 0
21:11:35 [DEBUG] Starting new HTTPS connection (1): dl.google.com:443
21:11:35 [DEBUG] Starting new HTTPS connection (1): www.google.com:443
21:11:35 [DEBUG] Starting new HTTPS connection (1): www.google.com:443
21:11:36 [DEBUG] Starting new HTTPS connection (1): www.google.com:443
21:11:36 [DEBUG] Starting new HTTPS connection (1): www.google.com:443
21:11:36 [DEBUG] Starting new HTTPS connection (1): www.google.com:443
21:11:36 [DEBUG] Starting new HTTPS connection (1): www.google.com:443
21:11:36 [DEBUG] Starting new HTTPS connection (1): www.google.com:443
21:11:36 [DEBUG] Starting new HTTPS connection (1): www.google.com:443
21:11:36 [DEBUG] Starting new HTTPS connection (1): www.google.com:443
21:11:36 [DEBUG] Starting new HTTPS connection (1): www.google.com:443
21:11:36 [DEBUG] Starting new HTTPS connection (1): www.google.com:443
21:11:36 [DEBUG] Starting new HTTPS connection (1): www.google.com:443
21:11:36 [DEBUG] Starting new HTTPS connection (1): www.google.com:443
21:11:36 [DEBUG] Starting new HTTPS connection (1): www.google.com:443
21:11:37 [DEBUG] Starting new HTTPS connection (1): www.google.com:443
21:11:37 [DEBUG] Starting new HTTPS connection (1): www.google.com:443
21:11:37 [DEBUG] Starting new HTTPS connection (1): www.google.com:443
21:11:37 [DEBUG] https://dl.google.com:443 "GET /dl/android/studio/install/3.4.1.0/android-studio-ide-183.5522156-windows.exe HTTP/1.1" 200 1017327996
21:11:37 [DEBUG] Starting new HTTPS connection (1): www.google.com:443
21:11:37 [DEBUG] Starting new HTTPS connection (1): www.google.com:443
21:11:38 [DEBUG] Starting new HTTPS connection (1): www.google.com:443
21:11:38 [INFO]    🎯 45.131.209.130 (Нидерланды) - 5.7 Mbps, 774ms, UDP✅
21:11:39 [DEBUG] Starting new HTTPS connection (1): www.google.com:443
21:11:39 [DEBUG] Starting new HTTPS connection (1): www.google.com:443
21:11:39 [DEBUG] Starting new HTTPS connection (1): www.google.com:443
21:11:39 [DEBUG] Starting new HTTPS connection (1): www.google.com:443
21:11:39 [DEBUG] Starting new HTTPS connection (1): www.google.com:443
21:11:39 [DEBUG] https://www.google.com:443 "GET /generate_204 HTTP/1.1" 204 0
21:11:39 [DEBUG] Starting new HTTPS connection (1): dl.google.com:443
21:11:39 [DEBUG] Starting new HTTPS connection (1): www.google.com:443
21:11:39 [DEBUG] https://dl.google.com:443 "GET /dl/android/studio/install/3.4.1.0/android-studio-ide-183.5522156-windows.exe HTTP/1.1" 200 1017327996
21:11:39 [DEBUG] Starting new HTTPS connection (1): www.google.com:443
21:11:40 [INFO]    🎯 193.23.219.163 (Германия) - 30.7 Mbps, 91ms, UDP✅
21:11:40 [DEBUG] Starting new HTTPS connection (1): www.google.com:443
21:11:40 [DEBUG] Starting new HTTPS connection (1): www.google.com:443
21:11:40 [DEBUG] Starting new HTTPS connection (1): www.google.com:443
21:11:40 [DEBUG] Starting new HTTPS connection (1): www.google.com:443
21:11:40 [DEBUG] Starting new HTTPS connection (1): www.google.com:443
21:11:40 [DEBUG] Starting new HTTPS connection (1): www.google.com:443
21:11:40 [DEBUG] https://www.google.com:443 "GET /generate_204 HTTP/1.1" 204 0
21:11:40 [DEBUG] Starting new HTTPS connection (1): dl.google.com:443
21:11:40 [DEBUG] https://www.google.com:443 "GET /generate_204 HTTP/1.1" 204 0
21:11:40 [DEBUG] https://www.google.com:443 "GET /generate_204 HTTP/1.1" 204 0
21:11:40 [DEBUG] Starting new HTTPS connection (1): dl.google.com:443
21:11:40 [DEBUG] Starting new HTTPS connection (1): dl.google.com:443
21:11:40 [DEBUG] Starting new HTTPS connection (1): www.google.com:443
21:11:40 [DEBUG] https://dl.google.com:443 "GET /dl/android/studio/install/3.4.1.0/android-studio-ide-183.5522156-windows.exe HTTP/1.1" 200 1017327996
21:11:40 [DEBUG] https://www.google.com:443 "GET /generate_204 HTTP/1.1" 204 0
21:11:40 [DEBUG] Starting new HTTPS connection (1): dl.google.com:443
21:11:40 [INFO]    🎯 2.58.65.28 (Германия) - 59.5 Mbps, 142ms, UDP✅
21:11:40 [DEBUG] https://dl.google.com:443 "GET /dl/android/studio/install/3.4.1.0/android-studio-ide-183.5522156-windows.exe HTTP/1.1" 200 1017327996
21:11:40 [DEBUG] https://dl.google.com:443 "GET /dl/android/studio/install/3.4.1.0/android-studio-ide-183.5522156-windows.exe HTTP/1.1" 200 1017327996
21:11:40 [INFO]    🎯 176.96.138.17 (Германия) - 50.1 Mbps, 123ms, UDP✅
21:11:40 [INFO]    🎯 194.9.6.3 (Германия) - 43.8 Mbps, 112ms, UDP✅
21:11:40 [DEBUG] https://dl.google.com:443 "GET /dl/android/studio/install/3.4.1.0/android-studio-ide-183.5522156-windows.exe HTTP/1.1" 200 1017327996
21:11:40 [INFO]    🎯 57.129.53.181 (Германия) - 63.2 Mbps, 427ms, UDP✅
21:11:41 [DEBUG] Starting new HTTPS connection (1): www.google.com:443
21:11:41 [DEBUG] Starting new HTTPS connection (1): www.google.com:443
21:11:41 [DEBUG] Starting new HTTPS connection (1): www.google.com:443
21:11:41 [DEBUG] https://www.google.com:443 "GET /generate_204 HTTP/1.1" 204 0
21:11:41 [DEBUG] Starting new HTTPS connection (1): dl.google.com:443
21:11:41 [DEBUG] https://www.google.com:443 "GET /generate_204 HTTP/1.1" 204 0
21:11:41 [DEBUG] https://www.google.com:443 "GET /generate_204 HTTP/1.1" 204 0
21:11:41 [DEBUG] Starting new HTTPS connection (1): dl.google.com:443
21:11:41 [DEBUG] Starting new HTTPS connection (1): dl.google.com:443
21:11:41 [DEBUG] https://dl.google.com:443 "GET /dl/android/studio/install/3.4.1.0/android-studio-ide-183.5522156-windows.exe HTTP/1.1" 200 1017327996
21:11:41 [DEBUG] https://dl.google.com:443 "GET /dl/android/studio/install/3.4.1.0/android-studio-ide-183.5522156-windows.exe HTTP/1.1" 200 1017327996
21:11:41 [DEBUG] https://dl.google.com:443 "GET /dl/android/studio/install/3.4.1.0/android-studio-ide-183.5522156-windows.exe HTTP/1.1" 200 1017327996
21:11:41 [DEBUG] Starting new HTTPS connection (1): www.google.com:443
21:11:41 [DEBUG] Starting new HTTPS connection (1): www.google.com:443
21:11:41 [INFO]    🎯 45.135.194.50 (Германия) - 57.3 Mbps, 95ms, UDP✅
21:11:41 [INFO]    🎯 5.175.141.238 (Германия) - 51.0 Mbps, 115ms, UDP✅
21:11:41 [DEBUG] https://www.google.com:443 "GET /generate_204 HTTP/1.1" 204 0
21:11:41 [DEBUG] Starting new HTTPS connection (1): dl.google.com:443
21:11:41 [DEBUG] Starting new HTTPS connection (1): www.google.com:443
21:11:41 [DEBUG] Starting new HTTPS connection (1): www.google.com:443
21:11:41 [INFO]    🎯 193.23.219.163 (Германия) - 29.0 Mbps, 263ms, UDP✅
21:11:41 [DEBUG] Starting new HTTPS connection (1): www.google.com:443
21:11:42 [DEBUG] https://dl.google.com:443 "GET /dl/android/studio/install/3.4.1.0/android-studio-ide-183.5522156-windows.exe HTTP/1.1" 200 1017327996
21:11:42 [INFO]    🎯 57.129.53.182 (Германия) - 67.1 Mbps, 68ms, UDP✅
21:11:42 [DEBUG] Starting new HTTPS connection (1): www.google.com:443
21:11:42 [DEBUG] Starting new HTTPS connection (1): www.google.com:443
21:11:42 [DEBUG] Starting new HTTPS connection (1): www.google.com:443
21:11:42 [DEBUG] Starting new HTTPS connection (1): www.google.com:443
21:11:42 [DEBUG] Starting new HTTPS connection (1): www.google.com:443
21:11:42 [DEBUG] Starting new HTTPS connection (1): www.google.com:443
21:11:42 [DEBUG] Starting new HTTPS connection (1): www.google.com:443
21:11:42 [DEBUG] Starting new HTTPS connection (1): www.google.com:443
21:11:42 [DEBUG] Starting new HTTPS connection (1): www.google.com:443
21:11:43 [DEBUG] Starting new HTTPS connection (1): www.google.com:443
21:11:43 [DEBUG] Starting new HTTPS connection (1): www.google.com:443
21:11:43 [DEBUG] Starting new HTTPS connection (1): www.google.com:443
21:11:43 [DEBUG] Starting new HTTPS connection (1): www.google.com:443
21:11:43 [DEBUG] Starting new HTTPS connection (1): www.google.com:443
21:11:43 [DEBUG] Starting new HTTPS connection (1): www.google.com:443
21:11:43 [DEBUG] Starting new HTTPS connection (1): www.google.com:443
21:11:43 [DEBUG] Starting new HTTPS connection (1): www.google.com:443
21:11:43 [DEBUG] Starting new HTTPS connection (1): www.google.com:443
21:11:44 [DEBUG] Starting new HTTPS connection (1): www.google.com:443
21:11:44 [DEBUG] Starting new HTTPS connection (1): www.google.com:443
21:11:44 [DEBUG] Starting new HTTPS connection (1): www.google.com:443
21:11:44 [DEBUG] Starting new HTTPS connection (1): www.google.com:443
21:11:44 [DEBUG] Starting new HTTPS connection (1): www.google.com:443
21:11:44 [DEBUG] Starting new HTTPS connection (1): www.google.com:443
21:11:45 [DEBUG] Starting new HTTPS connection (1): www.google.com:443
21:11:45 [DEBUG] Starting new HTTPS connection (1): www.google.com:443
21:11:45 [DEBUG] Starting new HTTPS connection (1): www.google.com:443
21:11:45 [DEBUG] Starting new HTTPS connection (1): www.google.com:443
21:11:45 [DEBUG] Starting new HTTPS connection (1): www.google.com:443
21:11:45 [DEBUG] Starting new HTTPS connection (1): www.google.com:443
21:11:45 [DEBUG] Starting new HTTPS connection (1): www.google.com:443
21:11:45 [DEBUG] Starting new HTTPS connection (1): www.google.com:443
21:11:46 [DEBUG] Starting new HTTPS connection (1): www.google.com:443
21:11:46 [DEBUG] Starting new HTTPS connection (1): www.google.com:443
21:11:46 [DEBUG] Starting new HTTPS connection (1): www.google.com:443
21:11:46 [DEBUG] Starting new HTTPS connection (1): www.google.com:443
21:11:46 [DEBUG] Starting new HTTPS connection (1): www.google.com:443
21:11:46 [DEBUG] Starting new HTTPS connection (1): www.google.com:443
21:11:46 [DEBUG] Starting new HTTPS connection (1): www.google.com:443
21:11:46 [DEBUG] Starting new HTTPS connection (1): www.google.com:443
21:11:46 [DEBUG] Starting new HTTPS connection (1): www.google.com:443
21:11:46 [DEBUG] Starting new HTTPS connection (1): www.google.com:443
21:11:47 [DEBUG] Starting new HTTPS connection (1): www.google.com:443
21:11:47 [DEBUG] Starting new HTTPS connection (1): www.google.com:443
21:11:47 [DEBUG] Starting new HTTPS connection (1): www.google.com:443
21:11:47 [DEBUG] Starting new HTTPS connection (1): www.google.com:443
21:11:47 [DEBUG] Starting new HTTPS connection (1): www.google.com:443
21:11:47 [DEBUG] Starting new HTTPS connection (1): www.google.com:443
21:11:47 [INFO]    📊 Глубокая проверка: 386/1937 (20%) | ✅33 ❌353
21:11:47 [DEBUG] Starting new HTTPS connection (1): www.google.com:443
21:11:47 [DEBUG] Starting new HTTPS connection (1): www.google.com:443
21:11:47 [DEBUG] Starting new HTTPS connection (1): www.google.com:443
21:11:47 [DEBUG] Starting new HTTPS connection (1): www.google.com:443
21:11:47 [DEBUG] Starting new HTTPS connection (1): www.google.com:443
21:11:48 [DEBUG] Starting new HTTPS connection (1): www.google.com:443
21:11:48 [DEBUG] Starting new HTTPS connection (1): www.google.com:443
21:11:48 [DEBUG] Starting new HTTPS connection (1): www.google.com:443
21:11:48 [DEBUG] Starting new HTTPS connection (1): www.google.com:443
21:11:48 [DEBUG] Starting new HTTPS connection (1): www.google.com:443
21:11:48 [DEBUG] Starting new HTTPS connection (1): www.google.com:443
21:11:48 [DEBUG] Starting new HTTPS connection (1): www.google.com:443
21:11:48 [DEBUG] Starting new HTTPS connection (1): www.google.com:443
21:11:48 [DEBUG] Starting new HTTPS connection (1): www.google.com:443
21:11:48 [DEBUG] Starting new HTTPS connection (1): www.google.com:443
21:11:48 [DEBUG] Starting new HTTPS connection (1): www.google.com:443
21:11:48 [DEBUG] Starting new HTTPS connection (1): www.google.com:443
21:11:48 [DEBUG] Starting new HTTPS connection (1): www.google.com:443
21:11:49 [DEBUG] Starting new HTTPS connection (1): www.google.com:443
21:11:49 [DEBUG] Starting new HTTPS connection (1): www.google.com:443
21:11:49 [DEBUG] Starting new HTTPS connection (1): www.google.com:443
21:11:49 [DEBUG] Starting new HTTPS connection (1): www.google.com:443
21:11:49 [DEBUG] Starting new HTTPS connection (1): www.google.com:443
21:11:49 [DEBUG] Starting new HTTPS connection (1): www.google.com:443
21:11:49 [DEBUG] Starting new HTTPS connection (1): www.google.com:443
21:11:49 [DEBUG] Starting new HTTPS connection (1): www.google.com:443
21:11:49 [DEBUG] Starting new HTTPS connection (1): www.google.com:443
21:11:49 [DEBUG] Starting new HTTPS connection (1): www.google.com:443
21:11:49 [DEBUG] Starting new HTTPS connection (1): www.google.com:443
21:11:49 [DEBUG] Starting new HTTPS connection (1): www.google.com:443
21:11:49 [DEBUG] Starting new HTTPS connection (1): www.google.com:443
21:11:49 [DEBUG] Starting new HTTPS connection (1): www.google.com:443
21:11:49 [DEBUG] Starting new HTTPS connection (1): www.google.com:443
21:11:50 [DEBUG] Starting new HTTPS connection (1): www.google.com:443
21:11:50 [DEBUG] Starting new HTTPS connection (1): www.google.com:443
21:11:50 [DEBUG] Starting new HTTPS connection (1): www.google.com:443
21:11:50 [DEBUG] Starting new HTTPS connection (1): www.google.com:443
21:11:50 [DEBUG] Starting new HTTPS connection (1): www.google.com:443
21:11:50 [DEBUG] https://www.google.com:443 "GET /generate_204 HTTP/1.1" 204 0
21:11:50 [DEBUG] Starting new HTTPS connection (1): dl.google.com:443
21:11:50 [DEBUG] Starting new HTTPS connection (1): www.google.com:443
21:11:50 [DEBUG] https://dl.google.com:443 "GET /dl/android/studio/install/3.4.1.0/android-studio-ide-183.5522156-windows.exe HTTP/1.1" 200 1017327996
21:11:50 [INFO]    🎯 57.129.53.180 (Германия) - 104.2 Mbps, 33ms, UDP✅
21:11:50 [DEBUG] Starting new HTTPS connection (1): www.google.com:443
21:11:50 [DEBUG] Starting new HTTPS connection (1): www.google.com:443
21:11:50 [DEBUG] Starting new HTTPS connection (1): www.google.com:443
21:11:51 [DEBUG] Starting new HTTPS connection (1): www.google.com:443
21:11:51 [DEBUG] Starting new HTTPS connection (1): www.google.com:443
21:11:51 [DEBUG] Starting new HTTPS connection (1): www.google.com:443
21:11:52 [DEBUG] Starting new HTTPS connection (1): www.google.com:443
21:11:52 [DEBUG] https://www.google.com:443 "GET /generate_204 HTTP/1.1" 204 0
21:11:52 [DEBUG] Starting new HTTPS connection (1): www.google.com:443
21:11:53 [DEBUG] Starting new HTTPS connection (1): www.google.com:443
21:11:53 [DEBUG] Starting new HTTPS connection (1): www.google.com:443
21:11:53 [DEBUG] Starting new HTTPS connection (1): www.google.com:443
21:11:53 [DEBUG] Starting new HTTPS connection (1): www.google.com:443
21:11:53 [DEBUG] Starting new HTTPS connection (1): www.google.com:443
21:11:53 [DEBUG] Starting new HTTPS connection (1): www.google.com:443
21:11:53 [DEBUG] Starting new HTTPS connection (1): www.google.com:443
21:11:53 [DEBUG] Starting new HTTPS connection (1): dl.google.com:443
21:11:53 [DEBUG] Starting new HTTPS connection (1): www.google.com:443
21:11:53 [DEBUG] Starting new HTTPS connection (1): www.google.com:443
21:11:54 [DEBUG] Starting new HTTPS connection (1): www.google.com:443
21:11:54 [DEBUG] Starting new HTTPS connection (1): www.google.com:443
21:11:54 [DEBUG] Starting new HTTPS connection (1): www.google.com:443
21:11:54 [DEBUG] Starting new HTTPS connection (1): www.google.com:443
21:11:54 [DEBUG] https://dl.google.com:443 "GET /dl/android/studio/install/3.4.1.0/android-studio-ide-183.5522156-windows.exe HTTP/1.1" 200 1017327996
21:11:54 [DEBUG] Starting new HTTPS connection (1): www.google.com:443
21:11:54 [DEBUG] Starting new HTTPS connection (1): www.google.com:443
21:11:54 [DEBUG] Starting new HTTPS connection (1): www.google.com:443
21:11:54 [DEBUG] Starting new HTTPS connection (1): www.google.com:443
21:11:55 [DEBUG] Starting new HTTPS connection (1): www.google.com:443
21:11:55 [DEBUG] Starting new HTTPS connection (1): www.google.com:443
21:11:55 [DEBUG] Starting new HTTPS connection (1): www.google.com:443
21:11:55 [DEBUG] Starting new HTTPS connection (1): www.google.com:443
21:11:55 [DEBUG] Starting new HTTPS connection (1): www.google.com:443
21:11:56 [DEBUG] Starting new HTTPS connection (1): www.google.com:443
21:11:56 [DEBUG] Starting new HTTPS connection (1): www.google.com:443
21:11:56 [DEBUG] Starting new HTTPS connection (1): www.google.com:443
21:11:56 [DEBUG] Starting new HTTPS connection (1): www.google.com:443
21:11:56 [DEBUG] Starting new HTTPS connection (1): www.google.com:443
21:11:56 [INFO]    🎯 193.23.219.163 (Германия) - 6.1 Mbps, 2746ms, UDP✅
21:11:57 [DEBUG] Starting new HTTPS connection (1): www.google.com:443
21:11:57 [DEBUG] Starting new HTTPS connection (1): www.google.com:443
21:11:57 [DEBUG] Starting new HTTPS connection (1): www.google.com:443
21:11:57 [DEBUG] Starting new HTTPS connection (1): www.google.com:443
21:11:57 [DEBUG] Starting new HTTPS connection (1): www.google.com:443
21:11:57 [DEBUG] Starting new HTTPS connection (1): www.google.com:443
21:11:57 [DEBUG] Starting new HTTPS connection (1): www.google.com:443
21:11:59 [DEBUG] Starting new HTTPS connection (1): www.google.com:443
21:11:59 [DEBUG] Starting new HTTPS connection (1): www.google.com:443
21:11:59 [DEBUG] Starting new HTTPS connection (1): www.google.com:443
21:12:00 [DEBUG] Starting new HTTPS connection (1): www.google.com:443
21:12:00 [DEBUG] Starting new HTTPS connection (1): www.google.com:443
21:12:00 [DEBUG] Starting new HTTPS connection (1): www.google.com:443
21:12:00 [DEBUG] Starting new HTTPS connection (1): www.google.com:443
21:12:00 [DEBUG] Starting new HTTPS connection (1): www.google.com:443
21:12:00 [DEBUG] Starting new HTTPS connection (1): www.google.com:443
21:12:00 [DEBUG] Starting new HTTPS connection (1): www.google.com:443
21:12:00 [DEBUG] Starting new HTTPS connection (1): www.google.com:443
21:12:01 [DEBUG] https://www.google.com:443 "GET /generate_204 HTTP/1.1" 204 0
21:12:01 [DEBUG] Starting new HTTPS connection (1): dl.google.com:443
21:12:01 [DEBUG] https://dl.google.com:443 "GET /dl/android/studio/install/3.4.1.0/android-studio-ide-183.5522156-windows.exe HTTP/1.1" 200 1017327996
21:12:01 [INFO]    🎯 46.101.220.197 (Германия) - 32.6 Mbps, 187ms, UDP✅
21:12:01 [DEBUG] Starting new HTTPS connection (1): www.google.com:443
21:12:02 [DEBUG] https://www.google.com:443 "GET /generate_204 HTTP/1.1" 204 0
21:12:02 [DEBUG] Starting new HTTPS connection (1): dl.google.com:443
21:12:02 [DEBUG] https://dl.google.com:443 "GET /dl/android/studio/install/3.4.1.0/android-studio-ide-183.5522156-windows.exe HTTP/1.1" 200 1017327996
21:12:02 [INFO]    🎯 57.129.63.152 (Германия) - 72.3 Mbps, 98ms, UDP✅
21:12:02 [DEBUG] Starting new HTTPS connection (1): www.google.com:443
21:12:03 [DEBUG] Starting new HTTPS connection (1): www.google.com:443
21:12:03 [DEBUG] Starting new HTTPS connection (1): www.google.com:443
21:12:03 [DEBUG] Starting new HTTPS connection (1): www.google.com:443
21:12:03 [DEBUG] Starting new HTTPS connection (1): www.google.com:443
21:12:03 [DEBUG] Starting new HTTPS connection (1): www.google.com:443
21:12:03 [DEBUG] Starting new HTTPS connection (1): www.google.com:443
21:12:03 [DEBUG] Starting new HTTPS connection (1): www.google.com:443
21:12:03 [DEBUG] Starting new HTTPS connection (1): www.google.com:443
21:12:03 [DEBUG] Starting new HTTPS connection (1): www.google.com:443
21:12:03 [DEBUG] Starting new HTTPS connection (1): www.google.com:443
21:12:04 [DEBUG] Starting new HTTPS connection (1): www.google.com:443
21:12:04 [DEBUG] Starting new HTTPS connection (1): www.google.com:443
21:12:04 [DEBUG] Starting new HTTPS connection (1): www.google.com:443
21:12:04 [DEBUG] Starting new HTTPS connection (1): www.google.com:443
21:12:04 [DEBUG] Starting new HTTPS connection (1): www.google.com:443
21:12:04 [DEBUG] Starting new HTTPS connection (1): www.google.com:443
21:12:05 [DEBUG] Starting new HTTPS connection (1): www.google.com:443
21:12:05 [DEBUG] Starting new HTTPS connection (1): www.google.com:443
21:12:05 [DEBUG] Starting new HTTPS connection (1): www.google.com:443
21:12:05 [DEBUG] Starting new HTTPS connection (1): www.google.com:443
21:12:06 [DEBUG] Starting new HTTPS connection (1): www.google.com:443
21:12:06 [DEBUG] Starting new HTTPS connection (1): www.google.com:443
21:12:06 [DEBUG] Starting new HTTPS connection (1): www.google.com:443
21:12:06 [DEBUG] Starting new HTTPS connection (1): www.google.com:443
21:12:06 [DEBUG] Starting new HTTPS connection (1): www.google.com:443
21:12:06 [DEBUG] Starting new HTTPS connection (1): www.google.com:443
21:12:06 [DEBUG] Starting new HTTPS connection (1): www.google.com:443
21:12:06 [DEBUG] Starting new HTTPS connection (1): www.google.com:443
21:12:06 [DEBUG] Starting new HTTPS connection (1): www.google.com:443
21:12:06 [DEBUG] Starting new HTTPS connection (1): www.google.com:443
21:12:07 [DEBUG] Starting new HTTPS connection (1): www.google.com:443
21:12:07 [DEBUG] Starting new HTTPS connection (1): www.google.com:443
21:12:07 [DEBUG] Starting new HTTPS connection (1): www.google.com:443
21:12:07 [DEBUG] Starting new HTTPS connection (1): www.google.com:443
21:12:07 [DEBUG] Starting new HTTPS connection (1): www.google.com:443
21:12:07 [DEBUG] Starting new HTTPS connection (1): www.google.com:443
21:12:07 [DEBUG] Starting new HTTPS connection (1): www.google.com:443
21:12:07 [DEBUG] Starting new HTTPS connection (1): www.google.com:443
21:12:08 [DEBUG] Starting new HTTPS connection (1): www.google.com:443
21:12:08 [DEBUG] Starting new HTTPS connection (1): www.google.com:443
21:12:08 [DEBUG] Starting new HTTPS connection (1): www.google.com:443
21:12:08 [DEBUG] Starting new HTTPS connection (1): www.google.com:443
21:12:09 [DEBUG] Starting new HTTPS connection (1): www.google.com:443
21:12:09 [DEBUG] Starting new HTTPS connection (1): www.google.com:443
21:12:09 [DEBUG] Starting new HTTPS connection (1): www.google.com:443
21:12:09 [DEBUG] Starting new HTTPS connection (1): www.google.com:443
21:12:09 [DEBUG] Starting new HTTPS connection (1): www.google.com:443
21:12:09 [DEBUG] Starting new HTTPS connection (1): www.google.com:443
21:12:09 [DEBUG] Starting new HTTPS connection (1): www.google.com:443
21:12:10 [DEBUG] Starting new HTTPS connection (1): www.google.com:443
21:12:10 [DEBUG] Starting new HTTPS connection (1): www.google.com:443
21:12:10 [DEBUG] Starting new HTTPS connection (1): www.google.com:443
21:12:10 [DEBUG] Starting new HTTPS connection (1): www.google.com:443
21:12:10 [DEBUG] Starting new HTTPS connection (1): www.google.com:443
21:12:10 [DEBUG] Starting new HTTPS connection (1): www.google.com:443
21:12:10 [DEBUG] Starting new HTTPS connection (1): www.google.com:443
21:12:11 [DEBUG] Starting new HTTPS connection (1): www.google.com:443
21:12:11 [DEBUG] Starting new HTTPS connection (1): www.google.com:443
21:12:11 [DEBUG] Starting new HTTPS connection (1): www.google.com:443
21:12:12 [DEBUG] Starting new HTTPS connection (1): www.google.com:443
21:12:12 [DEBUG] Starting new HTTPS connection (1): www.google.com:443
21:12:12 [DEBUG] Starting new HTTPS connection (1): www.google.com:443
21:12:12 [DEBUG] Starting new HTTPS connection (1): www.google.com:443
21:12:12 [DEBUG] Starting new HTTPS connection (1): www.google.com:443
21:12:12 [DEBUG] https://www.google.com:443 "GET /generate_204 HTTP/1.1" 204 0
21:12:12 [DEBUG] Starting new HTTPS connection (1): dl.google.com:443
21:12:12 [DEBUG] Starting new HTTPS connection (1): www.google.com:443
21:12:12 [DEBUG] https://dl.google.com:443 "GET /dl/android/studio/install/3.4.1.0/android-studio-ide-183.5522156-windows.exe HTTP/1.1" 200 1017327996
21:12:12 [INFO]    🎯 185.236.26.58 (Германия) - 52.2 Mbps, 145ms, UDP✅
21:12:13 [DEBUG] Starting new HTTPS connection (1): www.google.com:443
21:12:13 [DEBUG] Starting new HTTPS connection (1): www.google.com:443
21:12:13 [DEBUG] Starting new HTTPS connection (1): www.google.com:443
21:12:13 [DEBUG] Starting new HTTPS connection (1): www.google.com:443
21:12:13 [DEBUG] Starting new HTTPS connection (1): www.google.com:443
21:12:13 [DEBUG] Starting new HTTPS connection (1): www.google.com:443
21:12:13 [DEBUG] Starting new HTTPS connection (1): www.google.com:443
21:12:13 [DEBUG] Starting new HTTPS connection (1): www.google.com:443
21:12:13 [DEBUG] Starting new HTTPS connection (1): www.google.com:443
21:12:14 [DEBUG] Starting new HTTPS connection (1): www.google.com:443
21:12:14 [DEBUG] Starting new HTTPS connection (1): www.google.com:443
21:12:14 [DEBUG] Starting new HTTPS connection (1): www.google.com:443
21:12:14 [DEBUG] Starting new HTTPS connection (1): www.google.com:443
21:12:14 [DEBUG] Starting new HTTPS connection (1): www.google.com:443
21:12:14 [DEBUG] https://www.google.com:443 "GET /generate_204 HTTP/1.1" 204 0
21:12:14 [DEBUG] Starting new HTTPS connection (1): www.google.com:443
21:12:14 [DEBUG] Starting new HTTPS connection (1): www.google.com:443
21:12:14 [DEBUG] Starting new HTTPS connection (1): www.google.com:443
21:12:14 [DEBUG] Starting new HTTPS connection (1): www.google.com:443
21:12:14 [DEBUG] Starting new HTTPS connection (1): www.google.com:443
21:12:14 [DEBUG] Starting new HTTPS connection (1): www.google.com:443
21:12:15 [DEBUG] Starting new HTTPS connection (1): www.google.com:443
21:12:15 [DEBUG] Starting new HTTPS connection (1): www.google.com:443
21:12:15 [DEBUG] Starting new HTTPS connection (1): www.google.com:443
21:12:15 [DEBUG] Starting new HTTPS connection (1): www.google.com:443
21:12:15 [DEBUG] Starting new HTTPS connection (1): www.google.com:443
21:12:15 [DEBUG] Starting new HTTPS connection (1): www.google.com:443
21:12:15 [DEBUG] https://www.google.com:443 "GET /generate_204 HTTP/1.1" 204 0
21:12:15 [DEBUG] Starting new HTTPS connection (1): www.google.com:443
21:12:15 [DEBUG] Starting new HTTPS connection (1): www.google.com:443
21:12:15 [DEBUG] Starting new HTTPS connection (1): dl.google.com:443
21:12:15 [DEBUG] Starting new HTTPS connection (1): www.google.com:443
21:12:15 [DEBUG] Starting new HTTPS connection (1): www.google.com:443
21:12:15 [DEBUG] Starting new HTTPS connection (1): www.google.com:443
21:12:16 [DEBUG] https://dl.google.com:443 "GET /dl/android/studio/install/3.4.1.0/android-studio-ide-183.5522156-windows.exe HTTP/1.1" 200 1017327996
21:12:16 [INFO]    🎯 80.66.87.77 (Германия) - 40.4 Mbps, 3129ms, UDP✅
21:12:16 [DEBUG] Starting new HTTPS connection (1): www.google.com:443
21:12:16 [DEBUG] https://www.google.com:443 "GET /generate_204 HTTP/1.1" 204 0
21:12:16 [DEBUG] Starting new HTTPS connection (1): dl.google.com:443
21:12:16 [DEBUG] https://dl.google.com:443 "GET /dl/android/studio/install/3.4.1.0/android-studio-ide-183.5522156-windows.exe HTTP/1.1" 200 1017327996
21:12:16 [INFO]    🎯 164.90.168.91 (Германия) - 72.4 Mbps, 107ms, UDP✅
21:12:17 [DEBUG] Starting new HTTPS connection (1): www.google.com:443
21:12:17 [DEBUG] Starting new HTTPS connection (1): dl.google.com:443
21:12:17 [DEBUG] Starting new HTTPS connection (1): www.google.com:443
21:12:18 [DEBUG] Starting new HTTPS connection (1): www.google.com:443
21:12:18 [DEBUG] Starting new HTTPS connection (1): www.google.com:443
21:12:18 [INFO]    📊 Глубокая проверка: 579/1937 (30%) | ✅40 ❌539
21:12:18 [DEBUG] Starting new HTTPS connection (1): www.google.com:443
21:12:18 [DEBUG] Starting new HTTPS connection (1): www.google.com:443
21:12:18 [DEBUG] Starting new HTTPS connection (1): www.google.com:443
21:12:18 [DEBUG] Starting new HTTPS connection (1): www.google.com:443
21:12:18 [DEBUG] Starting new HTTPS connection (1): www.google.com:443
21:12:18 [DEBUG] Starting new HTTPS connection (1): www.google.com:443
21:12:19 [DEBUG] Starting new HTTPS connection (1): www.google.com:443
21:12:19 [DEBUG] Starting new HTTPS connection (1): www.google.com:443
21:12:19 [DEBUG] Starting new HTTPS connection (1): www.google.com:443
21:12:19 [DEBUG] Starting new HTTPS connection (1): www.google.com:443
21:12:19 [DEBUG] Starting new HTTPS connection (1): www.google.com:443
21:12:19 [DEBUG] Starting new HTTPS connection (1): www.google.com:443
21:12:19 [DEBUG] https://www.google.com:443 "GET /generate_204 HTTP/1.1" 204 0
21:12:19 [DEBUG] Starting new HTTPS connection (1): dl.google.com:443
21:12:19 [DEBUG] https://dl.google.com:443 "GET /dl/android/studio/install/3.4.1.0/android-studio-ide-183.5522156-windows.exe HTTP/1.1" 200 1017327996
21:12:19 [DEBUG] Starting new HTTPS connection (1): www.google.com:443
21:12:20 [DEBUG] Starting new HTTPS connection (1): www.google.com:443
21:12:20 [DEBUG] Starting new HTTPS connection (1): www.google.com:443
21:12:20 [INFO]    🎯 94.16.117.81 (Германия) - 13.5 Mbps, 107ms, UDP✅
21:12:21 [DEBUG] Starting new HTTPS connection (1): www.google.com:443
21:12:21 [DEBUG] Starting new HTTPS connection (1): www.google.com:443
21:12:21 [DEBUG] Starting new HTTPS connection (1): www.google.com:443
21:12:21 [DEBUG] Starting new HTTPS connection (1): www.google.com:443
21:12:21 [DEBUG] https://dl.google.com:443 "GET /dl/android/studio/install/3.4.1.0/android-studio-ide-183.5522156-windows.exe HTTP/1.1" 200 1017327996
21:12:21 [DEBUG] Starting new HTTPS connection (1): www.google.com:443
21:12:21 [DEBUG] Starting new HTTPS connection (1): www.google.com:443
21:12:21 [DEBUG] Starting new HTTPS connection (1): www.google.com:443
21:12:22 [DEBUG] Starting new HTTPS connection (1): www.google.com:443
21:12:22 [DEBUG] Starting new HTTPS connection (1): www.google.com:443
21:12:22 [DEBUG] Starting new HTTPS connection (1): www.google.com:443
21:12:22 [DEBUG] Starting new HTTPS connection (1): www.google.com:443
21:12:22 [DEBUG] Starting new HTTPS connection (1): www.google.com:443
21:12:22 [DEBUG] Starting new HTTPS connection (1): www.google.com:443
21:12:22 [DEBUG] Starting new HTTPS connection (1): www.google.com:443
21:12:22 [DEBUG] Starting new HTTPS connection (1): www.google.com:443
21:12:22 [DEBUG] Starting new HTTPS connection (1): www.google.com:443
21:12:22 [DEBUG] Starting new HTTPS connection (1): www.google.com:443
21:12:22 [DEBUG] Starting new HTTPS connection (1): www.google.com:443
21:12:22 [DEBUG] Starting new HTTPS connection (1): www.google.com:443
21:12:23 [DEBUG] Starting new HTTPS connection (1): www.google.com:443
21:12:23 [DEBUG] Starting new HTTPS connection (1): www.google.com:443
21:12:23 [DEBUG] Starting new HTTPS connection (1): www.google.com:443
21:12:23 [DEBUG] Starting new HTTPS connection (1): www.google.com:443
21:12:23 [DEBUG] Starting new HTTPS connection (1): www.google.com:443
21:12:24 [DEBUG] Starting new HTTPS connection (1): www.google.com:443
21:12:24 [DEBUG] Starting new HTTPS connection (1): www.google.com:443
21:12:25 [DEBUG] Starting new HTTPS connection (1): www.google.com:443
21:12:25 [DEBUG] Starting new HTTPS connection (1): www.google.com:443
21:12:25 [DEBUG] Starting new HTTPS connection (1): www.google.com:443
21:12:25 [DEBUG] Starting new HTTPS connection (1): www.google.com:443
21:12:25 [DEBUG] Starting new HTTPS connection (1): www.google.com:443
21:12:25 [DEBUG] https://www.google.com:443 "GET /generate_204 HTTP/1.1" 204 0
21:12:25 [DEBUG] Starting new HTTPS connection (1): dl.google.com:443
21:12:25 [DEBUG] Starting new HTTPS connection (1): www.google.com:443
21:12:25 [DEBUG] https://dl.google.com:443 "GET /dl/android/studio/install/3.4.1.0/android-studio-ide-183.5522156-windows.exe HTTP/1.1" 200 1017327996
21:12:25 [DEBUG] Starting new HTTPS connection (1): www.google.com:443
21:12:25 [DEBUG] https://www.google.com:443 "GET /generate_204 HTTP/1.1" 204 0
21:12:26 [INFO]    🎯 5.178.110.39 (Германия) - 62.0 Mbps, 99ms, UDP✅
21:12:26 [DEBUG] Starting new HTTPS connection (1): dl.google.com:443
21:12:26 [DEBUG] Starting new HTTPS connection (1): www.google.com:443
21:12:26 [DEBUG] https://dl.google.com:443 "GET /dl/android/studio/install/3.4.1.0/android-studio-ide-183.5522156-windows.exe HTTP/1.1" 200 1017327996
21:12:26 [INFO]    🎯 5.75.199.203 (Германия) - 64.6 Mbps, 156ms, UDP✅
21:12:26 [DEBUG] Starting new HTTPS connection (1): www.google.com:443
21:12:26 [DEBUG] https://www.google.com:443 "GET /generate_204 HTTP/1.1" 204 0
21:12:26 [DEBUG] Starting new HTTPS connection (1): www.google.com:443
21:12:26 [DEBUG] https://www.google.com:443 "GET /generate_204 HTTP/1.1" 204 0
21:12:26 [DEBUG] Starting new HTTPS connection (1): dl.google.com:443
21:12:26 [DEBUG] Starting new HTTPS connection (1): dl.google.com:443
21:12:26 [DEBUG] Starting new HTTPS connection (1): www.google.com:443
21:12:26 [DEBUG] https://www.google.com:443 "GET /generate_204 HTTP/1.1" 204 0
21:12:26 [DEBUG] https://dl.google.com:443 "GET /dl/android/studio/install/3.4.1.0/android-studio-ide-183.5522156-windows.exe HTTP/1.1" 200 1017327996
21:12:26 [DEBUG] Starting new HTTPS connection (1): dl.google.com:443
21:12:26 [DEBUG] https://dl.google.com:443 "GET /dl/android/studio/install/3.4.1.0/android-studio-ide-183.5522156-windows.exe HTTP/1.1" 200 1017327996
21:12:26 [INFO]    🎯 46.224.65.169 (Германия) - 52.7 Mbps, 405ms, UDP✅
21:12:26 [DEBUG] Starting new HTTPS connection (1): www.google.com:443
21:12:26 [DEBUG] Starting new HTTPS connection (1): www.google.com:443
21:12:27 [DEBUG] Starting new HTTPS connection (1): www.google.com:443
21:12:27 [DEBUG] Starting new HTTPS connection (1): www.google.com:443
21:12:27 [INFO]    🎯 23.165.200.241 (Германия) - 29.8 Mbps, 116ms, UDP✅
21:12:27 [DEBUG] Starting new HTTPS connection (1): www.google.com:443
21:12:27 [DEBUG] Starting new HTTPS connection (1): www.google.com:443
21:12:27 [DEBUG] Starting new HTTPS connection (1): www.google.com:443
21:12:28 [DEBUG] Starting new HTTPS connection (1): www.google.com:443
21:12:28 [DEBUG] Starting new HTTPS connection (1): www.google.com:443
21:12:28 [DEBUG] Starting new HTTPS connection (1): www.google.com:443
21:12:28 [DEBUG] Starting new HTTPS connection (1): www.google.com:443
21:12:28 [DEBUG] Starting new HTTPS connection (1): www.google.com:443
21:12:28 [DEBUG] Starting new HTTPS connection (1): www.google.com:443
21:12:28 [DEBUG] Starting new HTTPS connection (1): www.google.com:443
21:12:28 [DEBUG] Starting new HTTPS connection (1): www.google.com:443
21:12:28 [DEBUG] https://www.google.com:443 "GET /generate_204 HTTP/1.1" 204 0
21:12:29 [DEBUG] Starting new HTTPS connection (1): www.google.com:443
21:12:29 [DEBUG] Starting new HTTPS connection (1): www.google.com:443
21:12:29 [DEBUG] Starting new HTTPS connection (1): www.google.com:443
21:12:29 [DEBUG] Starting new HTTPS connection (1): www.google.com:443
21:12:29 [DEBUG] Starting new HTTPS connection (1): www.google.com:443
21:12:29 [DEBUG] Starting new HTTPS connection (1): www.google.com:443
21:12:29 [DEBUG] https://www.google.com:443 "GET /generate_204 HTTP/1.1" 204 0
21:12:29 [DEBUG] Starting new HTTPS connection (1): dl.google.com:443
21:12:29 [DEBUG] https://dl.google.com:443 "GET /dl/android/studio/install/3.4.1.0/android-studio-ide-183.5522156-windows.exe HTTP/1.1" 200 1017327996
21:12:29 [DEBUG] Starting new HTTPS connection (1): www.google.com:443
21:12:30 [INFO]    🎯 78.47.146.151 (Германия) - 47.7 Mbps, 133ms, UDP✅
21:12:30 [DEBUG] Starting new HTTPS connection (1): dl.google.com:443
21:12:30 [DEBUG] Starting new HTTPS connection (1): www.google.com:443
21:12:31 [DEBUG] Starting new HTTPS connection (1): www.google.com:443
21:12:31 [DEBUG] Starting new HTTPS connection (1): www.google.com:443
21:12:31 [DEBUG] https://dl.google.com:443 "GET /dl/android/studio/install/3.4.1.0/android-studio-ide-183.5522156-windows.exe HTTP/1.1" 404 1449
21:12:31 [INFO]    🎯 91.98.43.14 (Германия) - 0.0 Mbps, 2443ms, UDP✅
21:12:31 [DEBUG] Starting new HTTPS connection (1): www.google.com:443
21:12:31 [DEBUG] https://www.google.com:443 "GET /generate_204 HTTP/1.1" 204 0
21:12:32 [DEBUG] Starting new HTTPS connection (1): www.google.com:443
21:12:32 [DEBUG] https://www.google.com:443 "GET /generate_204 HTTP/1.1" 204 0
21:12:32 [DEBUG] Starting new HTTPS connection (1): www.google.com:443
21:12:32 [DEBUG] Starting new HTTPS connection (1): dl.google.com:443
21:12:32 [DEBUG] Starting new HTTPS connection (1): www.google.com:443
21:12:32 [DEBUG] Starting new HTTPS connection (1): www.google.com:443
21:12:32 [DEBUG] https://dl.google.com:443 "GET /dl/android/studio/install/3.4.1.0/android-studio-ide-183.5522156-windows.exe HTTP/1.1" 200 1017327996
21:12:32 [DEBUG] https://www.google.com:443 "GET /generate_204 HTTP/1.1" 204 0
21:12:32 [INFO]    🎯 192.76.160.216 (Германия) - 63.2 Mbps, 88ms, UDP✅
21:12:32 [DEBUG] Starting new HTTPS connection (1): dl.google.com:443
21:12:32 [DEBUG] Starting new HTTPS connection (1): www.google.com:443
21:12:32 [DEBUG] Starting new HTTPS connection (1): www.google.com:443
21:12:33 [DEBUG] https://www.google.com:443 "GET /generate_204 HTTP/1.1" 204 0
21:12:33 [DEBUG] Starting new HTTPS connection (1): dl.google.com:443
21:12:33 [DEBUG] Starting new HTTPS connection (1): www.google.com:443
21:12:33 [DEBUG] https://dl.google.com:443 "GET /dl/android/studio/install/3.4.1.0/android-studio-ide-183.5522156-windows.exe HTTP/1.1" 200 1017327996
21:12:33 [DEBUG] Starting new HTTPS connection (1): www.google.com:443
21:12:33 [DEBUG] https://dl.google.com:443 "GET /dl/android/studio/install/3.4.1.0/android-studio-ide-183.5522156-windows.exe HTTP/1.1" 200 1017327996
21:12:33 [DEBUG] Starting new HTTPS connection (1): www.google.com:443
21:12:33 [DEBUG] Starting new HTTPS connection (1): www.google.com:443
21:12:33 [INFO]    🎯 51.158.206.103 (Нидерланды) - 19.5 Mbps, 235ms, UDP✅
21:12:33 [INFO]    🎯 188.34.193.153 (Германия) - 0.0 Mbps, 184ms, UDP✅
21:12:33 [DEBUG] Starting new HTTPS connection (1): www.google.com:443
21:12:34 [DEBUG] Starting new HTTPS connection (1): www.google.com:443
21:12:34 [DEBUG] Starting new HTTPS connection (1): www.google.com:443
21:12:34 [DEBUG] Starting new HTTPS connection (1): dl.google.com:443
21:12:34 [DEBUG] Starting new HTTPS connection (1): www.google.com:443
21:12:34 [DEBUG] Starting new HTTPS connection (1): www.google.com:443
21:12:34 [DEBUG] Starting new HTTPS connection (1): www.google.com:443
21:12:34 [DEBUG] Starting new HTTPS connection (1): www.google.com:443
21:12:34 [INFO]    🎯 64.188.104.168 (Германия) - 1.0 Mbps, 1852ms, UDP❌
21:12:34 [DEBUG] Starting new HTTPS connection (1): www.google.com:443
21:12:34 [DEBUG] https://dl.google.com:443 "GET /dl/android/studio/install/3.4.1.0/android-studio-ide-183.5522156-windows.exe HTTP/1.1" 200 1017327996
21:12:34 [INFO]    🎯 51.158.206.93 (Нидерланды) - 25.4 Mbps, 77ms, UDP❌
21:12:34 [DEBUG] Starting new HTTPS connection (1): www.google.com:443
21:12:35 [DEBUG] Starting new HTTPS connection (1): www.google.com:443
21:12:35 [DEBUG] Starting new HTTPS connection (1): www.google.com:443
21:12:35 [DEBUG] Starting new HTTPS connection (1): www.google.com:443
21:12:35 [DEBUG] Starting new HTTPS connection (1): www.google.com:443
21:12:35 [DEBUG] Starting new HTTPS connection (1): www.google.com:443
21:12:35 [DEBUG] Starting new HTTPS connection (1): www.google.com:443
21:12:35 [DEBUG] Starting new HTTPS connection (1): www.google.com:443
21:12:35 [DEBUG] Starting new HTTPS connection (1): www.google.com:443
21:12:36 [DEBUG] Starting new HTTPS connection (1): www.google.com:443
21:12:36 [DEBUG] Starting new HTTPS connection (1): www.google.com:443
21:12:36 [DEBUG] Starting new HTTPS connection (1): www.google.com:443
21:12:36 [DEBUG] Starting new HTTPS connection (1): www.google.com:443
21:12:36 [DEBUG] Starting new HTTPS connection (1): www.google.com:443
21:12:36 [DEBUG] Starting new HTTPS connection (1): www.google.com:443
21:12:36 [DEBUG] https://www.google.com:443 "GET /generate_204 HTTP/1.1" 204 0
21:12:36 [DEBUG] Starting new HTTPS connection (1): dl.google.com:443
21:12:36 [DEBUG] Starting new HTTPS connection (1): www.google.com:443
21:12:36 [DEBUG] Starting new HTTPS connection (1): www.google.com:443
21:12:36 [DEBUG] Starting new HTTPS connection (1): www.google.com:443
21:12:36 [DEBUG] https://dl.google.com:443 "GET /dl/android/studio/install/3.4.1.0/android-studio-ide-183.5522156-windows.exe HTTP/1.1" 200 1017327996
21:12:37 [DEBUG] Starting new HTTPS connection (1): www.google.com:443
21:12:37 [DEBUG] Starting new HTTPS connection (1): www.google.com:443
21:12:37 [INFO]    🎯 212.80.7.206 (Германия) - 45.6 Mbps, 90ms, UDP✅
21:12:37 [DEBUG] Starting new HTTPS connection (1): www.google.com:443
21:12:37 [DEBUG] Starting new HTTPS connection (1): www.google.com:443
21:12:37 [DEBUG] https://www.google.com:443 "GET /generate_204 HTTP/1.1" 204 0
21:12:37 [DEBUG] Starting new HTTPS connection (1): dl.google.com:443
21:12:37 [DEBUG] Starting new HTTPS connection (1): www.google.com:443
21:12:37 [DEBUG] https://www.google.com:443 "GET /generate_204 HTTP/1.1" 204 0
21:12:37 [DEBUG] Starting new HTTPS connection (1): dl.google.com:443
21:12:37 [DEBUG] https://www.google.com:443 "GET /generate_204 HTTP/1.1" 204 0
21:12:37 [DEBUG] Starting new HTTPS connection (1): dl.google.com:443
21:12:37 [DEBUG] Starting new HTTPS connection (1): www.google.com:443
21:12:37 [DEBUG] https://www.google.com:443 "GET /generate_204 HTTP/1.1" 204 0
21:12:37 [DEBUG] https://dl.google.com:443 "GET /dl/android/studio/install/3.4.1.0/android-studio-ide-183.5522156-windows.exe HTTP/1.1" 200 1017327996
21:12:37 [DEBUG] Starting new HTTPS connection (1): dl.google.com:443
21:12:37 [DEBUG] https://dl.google.com:443 "GET /dl/android/studio/install/3.4.1.0/android-studio-ide-183.5522156-windows.exe HTTP/1.1" 200 1017327996
21:12:37 [DEBUG] Starting new HTTPS connection (1): www.google.com:443
21:12:37 [DEBUG] https://www.google.com:443 "GET /generate_204 HTTP/1.1" 204 0
21:12:37 [INFO]    🎯 51.158.206.12 (Нидерланды) - 44.0 Mbps, 83ms, UDP✅
21:12:37 [DEBUG] Starting new HTTPS connection (1): dl.google.com:443
21:12:37 [DEBUG] Starting new HTTPS connection (1): www.google.com:443
21:12:37 [DEBUG] https://dl.google.com:443 "GET /dl/android/studio/install/3.4.1.0/android-studio-ide-183.5522156-windows.exe HTTP/1.1" 200 1017327996
21:12:37 [DEBUG] https://www.google.com:443 "GET /generate_204 HTTP/1.1" 204 0
21:12:38 [DEBUG] Starting new HTTPS connection (1): dl.google.com:443
21:12:38 [INFO]    🎯 51.158.206.20 (Нидерланды) - 28.2 Mbps, 75ms, UDP✅
21:12:38 [DEBUG] Starting new HTTPS connection (1): www.google.com:443
21:12:38 [DEBUG] https://dl.google.com:443 "GET /dl/android/studio/install/3.4.1.0/android-studio-ide-183.5522156-windows.exe HTTP/1.1" 200 1017327996
21:12:38 [INFO]    🎯 51.158.206.26 (Нидерланды) - 28.8 Mbps, 77ms, UDP✅
21:12:38 [DEBUG] https://dl.google.com:443 "GET /dl/android/studio/install/3.4.1.0/android-studio-ide-183.5522156-windows.exe HTTP/1.1" 200 1017327996
21:12:38 [DEBUG] https://dl.google.com:443 "GET /dl/android/studio/install/3.4.1.0/android-studio-ide-183.5522156-windows.exe HTTP/1.1" 200 1017327996
21:12:38 [INFO]    🎯 51.158.206.34 (Нидерланды) - 23.1 Mbps, 88ms, UDP✅
21:12:38 [DEBUG] Starting new HTTPS connection (1): www.google.com:443
21:12:38 [INFO]    🎯 51.158.206.86 (Нидерланды) - 23.9 Mbps, 82ms, UDP✅
21:12:38 [INFO]    🎯 51.158.206.96 (Нидерланды) - 27.7 Mbps, 80ms, UDP✅
21:12:38 [INFO]    🎯 86.54.30.51 (Нидерланды) - 3.1 Mbps, 3081ms, UDP✅
21:12:38 [DEBUG] Starting new HTTPS connection (1): www.google.com:443
21:12:38 [DEBUG] https://www.google.com:443 "GET /generate_204 HTTP/1.1" 204 0
21:12:38 [DEBUG] Starting new HTTPS connection (1): dl.google.com:443
21:12:38 [DEBUG] Starting new HTTPS connection (1): www.google.com:443
21:12:38 [DEBUG] https://dl.google.com:443 "GET /dl/android/studio/install/3.4.1.0/android-studio-ide-183.5522156-windows.exe HTTP/1.1" 200 1017327996
21:12:38 [INFO]    🎯 149.115.110.173 (Нидерланды) - 107.5 Mbps, 74ms, UDP✅
21:12:39 [DEBUG] Starting new HTTPS connection (1): www.google.com:443
21:12:39 [DEBUG] Starting new HTTPS connection (1): www.google.com:443
21:12:39 [DEBUG] Starting new HTTPS connection (1): www.google.com:443
21:12:39 [DEBUG] Starting new HTTPS connection (1): www.google.com:443
21:12:39 [DEBUG] Starting new HTTPS connection (1): www.google.com:443
21:12:39 [DEBUG] Starting new HTTPS connection (1): www.google.com:443
21:12:39 [DEBUG] Starting new HTTPS connection (1): www.google.com:443
21:12:39 [DEBUG] Starting new HTTPS connection (1): www.google.com:443
21:12:39 [DEBUG] Starting new HTTPS connection (1): www.google.com:443
21:12:39 [DEBUG] https://www.google.com:443 "GET /generate_204 HTTP/1.1" 204 0
21:12:39 [DEBUG] Starting new HTTPS connection (1): www.google.com:443
21:12:39 [DEBUG] https://www.google.com:443 "GET /generate_204 HTTP/1.1" 204 0
21:12:39 [DEBUG] Starting new HTTPS connection (1): www.google.com:443
21:12:39 [DEBUG] Starting new HTTPS connection (1): dl.google.com:443
21:12:39 [DEBUG] Starting new HTTPS connection (1): www.google.com:443
21:12:40 [DEBUG] Starting new HTTPS connection (1): dl.google.com:443
21:12:40 [DEBUG] https://www.google.com:443 "GET /generate_204 HTTP/1.1" 204 0
21:12:40 [DEBUG] https://www.google.com:443 "GET /generate_204 HTTP/1.1" 204 0
21:12:40 [DEBUG] Starting new HTTPS connection (1): www.google.com:443
21:12:40 [DEBUG] https://dl.google.com:443 "GET /dl/android/studio/install/3.4.1.0/android-studio-ide-183.5522156-windows.exe HTTP/1.1" 200 1017327996
21:12:40 [DEBUG] Starting new HTTPS connection (1): dl.google.com:443
21:12:40 [DEBUG] Starting new HTTPS connection (1): dl.google.com:443
21:12:40 [INFO]    🎯 193.178.226.248 (Нидерланды) - 81.4 Mbps, 48ms, UDP✅
21:12:40 [DEBUG] Starting new HTTPS connection (1): www.google.com:443
21:12:40 [DEBUG] https://www.google.com:443 "GET /generate_204 HTTP/1.1" 204 0
21:12:40 [DEBUG] https://www.google.com:443 "GET /generate_204 HTTP/1.1" 204 0
21:12:40 [DEBUG] https://dl.google.com:443 "GET /dl/android/studio/install/3.4.1.0/android-studio-ide-183.5522156-windows.exe HTTP/1.1" 200 1017327996
21:12:40 [DEBUG] https://dl.google.com:443 "GET /dl/android/studio/install/3.4.1.0/android-studio-ide-183.5522156-windows.exe HTTP/1.1" 200 1017327996
21:12:40 [DEBUG] Starting new HTTPS connection (1): dl.google.com:443
21:12:40 [DEBUG] Starting new HTTPS connection (1): dl.google.com:443
21:12:40 [DEBUG] Starting new HTTPS connection (1): www.google.com:443
21:12:40 [DEBUG] https://dl.google.com:443 "GET /dl/android/studio/install/3.4.1.0/android-studio-ide-183.5522156-windows.exe HTTP/1.1" 200 1017327996
21:12:40 [DEBUG] Starting new HTTPS connection (1): www.google.com:443
21:12:40 [INFO]    🎯 94.228.213.239 (Нидерланды) - 44.5 Mbps, 115ms, UDP✅
21:12:40 [DEBUG] Starting new HTTPS connection (1): www.google.com:443
21:12:40 [INFO]    🎯 51.158.206.98 (Нидерланды) - 26.8 Mbps, 171ms, UDP✅
21:12:40 [DEBUG] https://www.google.com:443 "GET /generate_204 HTTP/1.1" 204 0
21:12:40 [DEBUG] https://www.google.com:443 "GET /generate_204 HTTP/1.1" 204 0
21:12:40 [DEBUG] https://www.google.com:443 "GET /generate_204 HTTP/1.1" 204 0
21:12:40 [DEBUG] Starting new HTTPS connection (1): dl.google.com:443
21:12:40 [DEBUG] Starting new HTTPS connection (1): dl.google.com:443
21:12:40 [DEBUG] Starting new HTTPS connection (1): dl.google.com:443
21:12:40 [DEBUG] https://dl.google.com:443 "GET /dl/android/studio/install/3.4.1.0/android-studio-ide-183.5522156-windows.exe HTTP/1.1" 200 1017327996
21:12:40 [INFO]    🎯 94.228.213.201 (Нидерланды) - 25.7 Mbps, 117ms, UDP✅
21:12:40 [DEBUG] https://dl.google.com:443 "GET /dl/android/studio/install/3.4.1.0/android-studio-ide-183.5522156-windows.exe HTTP/1.1" 200 1017327996
21:12:40 [DEBUG] https://dl.google.com:443 "GET /dl/android/studio/install/3.4.1.0/android-studio-ide-183.5522156-windows.exe HTTP/1.1" 200 1017327996
21:12:41 [DEBUG] https://dl.google.com:443 "GET /dl/android/studio/install/3.4.1.0/android-studio-ide-183.5522156-windows.exe HTTP/1.1" 200 1017327996
21:12:41 [DEBUG] https://dl.google.com:443 "GET /dl/android/studio/install/3.4.1.0/android-studio-ide-183.5522156-windows.exe HTTP/1.1" 200 1017327996
21:12:41 [INFO]    🎯 94.228.210.86 (Нидерланды) - 25.2 Mbps, 236ms, UDP✅
21:12:41 [INFO]    🎯 94.228.213.200 (Нидерланды) - 42.7 Mbps, 111ms, UDP✅
21:12:41 [DEBUG] Starting new HTTPS connection (1): www.google.com:443
21:12:41 [INFO]    🎯 94.228.215.12 (Нидерланды) - 21.9 Mbps, 114ms, UDP✅
21:12:41 [INFO]    🎯 94.228.213.202 (Нидерланды) - 39.8 Mbps, 192ms, UDP✅
21:12:41 [DEBUG] https://www.google.com:443 "GET /generate_204 HTTP/1.1" 204 0
21:12:41 [INFO]    🎯 94.228.215.14 (Нидерланды) - 24.4 Mbps, 199ms, UDP✅
21:12:41 [DEBUG] Starting new HTTPS connection (1): dl.google.com:443
21:12:41 [DEBUG] Starting new HTTPS connection (1): www.google.com:443
21:12:41 [DEBUG] Starting new HTTPS connection (1): www.google.com:443
21:12:41 [DEBUG] https://dl.google.com:443 "GET /dl/android/studio/install/3.4.1.0/android-studio-ide-183.5522156-windows.exe HTTP/1.1" 200 1017327996
21:12:41 [DEBUG] https://www.google.com:443 "GET /generate_204 HTTP/1.1" 204 0
21:12:41 [DEBUG] https://www.google.com:443 "GET /generate_204 HTTP/1.1" 204 0
21:12:41 [INFO]    🎯 94.228.215.13 (Нидерланды) - 64.0 Mbps, 207ms, UDP✅
21:12:41 [DEBUG] Starting new HTTPS connection (1): dl.google.com:443
21:12:41 [DEBUG] Starting new HTTPS connection (1): dl.google.com:443
21:12:41 [DEBUG] Starting new HTTPS connection (1): www.google.com:443
21:12:41 [DEBUG] https://www.google.com:443 "GET /generate_204 HTTP/1.1" 204 0
21:12:42 [DEBUG] https://dl.google.com:443 "GET /dl/android/studio/install/3.4.1.0/android-studio-ide-183.5522156-windows.exe HTTP/1.1" 200 1017327996
21:12:42 [DEBUG] Starting new HTTPS connection (1): dl.google.com:443
21:12:42 [DEBUG] https://dl.google.com:443 "GET /dl/android/studio/install/3.4.1.0/android-studio-ide-183.5522156-windows.exe HTTP/1.1" 200 1017327996
21:12:42 [DEBUG] Starting new HTTPS connection (1): www.google.com:443
21:12:42 [DEBUG] Starting new HTTPS connection (1): www.google.com:443
21:12:42 [INFO]    🎯 94.228.213.197 (Нидерланды) - 46.2 Mbps, 184ms, UDP✅
21:12:42 [DEBUG] Starting new HTTPS connection (1): www.google.com:443
21:12:42 [DEBUG] Starting new HTTPS connection (1): www.google.com:443
21:12:42 [DEBUG] https://dl.google.com:443 "GET /dl/android/studio/install/3.4.1.0/android-studio-ide-183.5522156-windows.exe HTTP/1.1" 200 1017327996
21:12:42 [DEBUG] Starting new HTTPS connection (1): www.google.com:443
21:12:42 [DEBUG] https://www.google.com:443 "GET /generate_204 HTTP/1.1" 204 0
21:12:42 [DEBUG] https://www.google.com:443 "GET /generate_204 HTTP/1.1" 204 0
21:12:42 [DEBUG] Starting new HTTPS connection (1): www.google.com:443
21:12:42 [DEBUG] Starting new HTTPS connection (1): dl.google.com:443
21:12:42 [DEBUG] Starting new HTTPS connection (1): dl.google.com:443
21:12:42 [DEBUG] https://www.google.com:443 "GET /generate_204 HTTP/1.1" 204 0
21:12:42 [DEBUG] https://www.google.com:443 "GET /generate_204 HTTP/1.1" 204 0
21:12:42 [DEBUG] https://www.google.com:443 "GET /generate_204 HTTP/1.1" 204 0
21:12:42 [INFO]    🎯 94.228.215.16 (Нидерланды) - 27.6 Mbps, 196ms, UDP✅
21:12:42 [DEBUG] Starting new HTTPS connection (1): www.google.com:443
21:12:42 [DEBUG] Starting new HTTPS connection (1): dl.google.com:443
21:12:42 [DEBUG] Starting new HTTPS connection (1): dl.google.com:443
21:12:42 [DEBUG] Starting new HTTPS connection (1): www.google.com:443
21:12:42 [DEBUG] Starting new HTTPS connection (1): dl.google.com:443
21:12:42 [DEBUG] https://www.google.com:443 "GET /generate_204 HTTP/1.1" 204 0
21:12:42 [DEBUG] https://www.google.com:443 "GET /generate_204 HTTP/1.1" 204 0
21:12:42 [DEBUG] Starting new HTTPS connection (1): dl.google.com:443
21:12:42 [DEBUG] https://www.google.com:443 "GET /generate_204 HTTP/1.1" 204 0
21:12:42 [INFO]    🎯 94.228.213.198 (Нидерланды) - 28.3 Mbps, 94ms, UDP✅
21:12:42 [DEBUG] Starting new HTTPS connection (1): dl.google.com:443
21:12:42 [DEBUG] Starting new HTTPS connection (1): dl.google.com:443
21:12:42 [DEBUG] Starting new HTTPS connection (1): www.google.com:443
21:12:42 [DEBUG] https://dl.google.com:443 "GET /dl/android/studio/install/3.4.1.0/android-studio-ide-183.5522156-windows.exe HTTP/1.1" 200 1017327996
21:12:42 [DEBUG] https://dl.google.com:443 "GET /dl/android/studio/install/3.4.1.0/android-studio-ide-183.5522156-windows.exe HTTP/1.1" 200 1017327996
21:12:43 [DEBUG] https://www.google.com:443 "GET /generate_204 HTTP/1.1" 204 0
21:12:43 [DEBUG] https://www.google.com:443 "GET /generate_204 HTTP/1.1" 204 0
21:12:43 [DEBUG] https://dl.google.com:443 "GET /dl/android/studio/install/3.4.1.0/android-studio-ide-183.5522156-windows.exe HTTP/1.1" 200 1017327996
21:12:43 [DEBUG] https://dl.google.com:443 "GET /dl/android/studio/install/3.4.1.0/android-studio-ide-183.5522156-windows.exe HTTP/1.1" 200 1017327996
21:12:43 [DEBUG] Starting new HTTPS connection (1): dl.google.com:443
21:12:43 [DEBUG] https://dl.google.com:443 "GET /dl/android/studio/install/3.4.1.0/android-studio-ide-183.5522156-windows.exe HTTP/1.1" 200 1017327996
21:12:43 [INFO]    🎯 94.228.215.5 (Нидерланды) - 21.8 Mbps, 197ms, UDP✅
21:12:43 [INFO]    🎯 94.228.215.19 (Нидерланды) - 21.8 Mbps, 202ms, UDP✅
21:12:43 [DEBUG] Starting new HTTPS connection (1): www.google.com:443
21:12:43 [DEBUG] https://dl.google.com:443 "GET /dl/android/studio/install/3.4.1.0/android-studio-ide-183.5522156-windows.exe HTTP/1.1" 200 1017327996
21:12:43 [DEBUG] https://dl.google.com:443 "GET /dl/android/studio/install/3.4.1.0/android-studio-ide-183.5522156-windows.exe HTTP/1.1" 200 1017327996
21:12:43 [DEBUG] https://dl.google.com:443 "GET /dl/android/studio/install/3.4.1.0/android-studio-ide-183.5522156-windows.exe HTTP/1.1" 200 1017327996
21:12:43 [DEBUG] https://www.google.com:443 "GET /generate_204 HTTP/1.1" 204 0
21:12:43 [DEBUG] Starting new HTTPS connection (1): www.google.com:443
21:12:43 [INFO]    🎯 94.228.215.17 (Нидерланды) - 17.1 Mbps, 128ms, UDP✅
21:12:43 [INFO]    🎯 94.228.215.20 (Нидерланды) - 17.1 Mbps, 194ms, UDP✅
21:12:43 [DEBUG] https://dl.google.com:443 "GET /dl/android/studio/install/3.4.1.0/android-studio-ide-183.5522156-windows.exe HTTP/1.1" 200 1017327996
21:12:43 [INFO]    🎯 94.228.215.15 (Нидерланды) - 18.2 Mbps, 111ms, UDP✅
21:12:43 [DEBUG] Starting new HTTPS connection (1): dl.google.com:443
21:12:43 [DEBUG] https://www.google.com:443 "GET /generate_204 HTTP/1.1" 204 0
21:12:43 [INFO]    🎯 94.228.215.11 (Нидерланды) - 16.2 Mbps, 200ms, UDP✅
21:12:43 [DEBUG] Starting new HTTPS connection (1): www.google.com:443
21:12:43 [DEBUG] Starting new HTTPS connection (1): dl.google.com:443
21:12:43 [INFO]    🎯 94.228.213.219 (Нидерланды) - 15.8 Mbps, 102ms, UDP✅
21:12:43 [DEBUG] https://www.google.com:443 "GET /generate_204 HTTP/1.1" 204 0
21:12:43 [INFO]    🎯 94.228.210.80 (Нидерланды) - 22.3 Mbps, 173ms, UDP✅
21:12:43 [INFO]    🎯 94.228.210.69 (Нидерланды) - 14.4 Mbps, 181ms, UDP✅
21:12:43 [DEBUG] Starting new HTTPS connection (1): dl.google.com:443
21:12:44 [DEBUG] https://dl.google.com:443 "GET /dl/android/studio/install/3.4.1.0/android-studio-ide-183.5522156-windows.exe HTTP/1.1" 200 1017327996
21:12:44 [DEBUG] https://dl.google.com:443 "GET /dl/android/studio/install/3.4.1.0/android-studio-ide-183.5522156-windows.exe HTTP/1.1" 200 1017327996
21:12:44 [DEBUG] Starting new HTTPS connection (1): www.google.com:443
21:12:44 [DEBUG] Starting new HTTPS connection (1): www.google.com:443
21:12:44 [DEBUG] https://dl.google.com:443 "GET /dl/android/studio/install/3.4.1.0/android-studio-ide-183.5522156-windows.exe HTTP/1.1" 200 1017327996
21:12:44 [INFO]    🎯 94.228.213.203 (Нидерланды) - 29.5 Mbps, 150ms, UDP✅
21:12:44 [DEBUG] https://www.google.com:443 "GET /generate_204 HTTP/1.1" 204 0
21:12:44 [DEBUG] https://www.google.com:443 "GET /generate_204 HTTP/1.1" 204 0
21:12:44 [DEBUG] Starting new HTTPS connection (1): dl.google.com:443
21:12:44 [DEBUG] Starting new HTTPS connection (1): dl.google.com:443
21:12:44 [DEBUG] Starting new HTTPS connection (1): www.google.com:443
21:12:44 [DEBUG] Starting new HTTPS connection (1): www.google.com:443
21:12:44 [DEBUG] Starting new HTTPS connection (1): www.google.com:443
21:12:44 [INFO]    🎯 94.228.215.22 (Нидерланды) - 25.8 Mbps, 198ms, UDP✅
21:12:44 [INFO]    🎯 94.228.210.82 (Нидерланды) - 16.3 Mbps, 249ms, UDP✅
21:12:44 [DEBUG] Starting new HTTPS connection (1): www.google.com:443
21:12:44 [DEBUG] https://dl.google.com:443 "GET /dl/android/studio/install/3.4.1.0/android-studio-ide-183.5522156-windows.exe HTTP/1.1" 200 1017327996
21:12:44 [DEBUG] Starting new HTTPS connection (1): www.google.com:443
21:12:44 [INFO]    🎯 94.228.213.240 (Нидерланды) - 41.3 Mbps, 102ms, UDP✅
21:12:44 [DEBUG] https://dl.google.com:443 "GET /dl/android/studio/install/3.4.1.0/android-studio-ide-183.5522156-windows.exe HTTP/1.1" 200 1017327996
21:12:44 [DEBUG] Starting new HTTPS connection (1): www.google.com:443
21:12:44 [DEBUG] Starting new HTTPS connection (1): www.google.com:443
21:12:45 [INFO]    🎯 94.228.215.18 (Нидерланды) - 31.7 Mbps, 118ms, UDP✅
21:12:45 [DEBUG] Starting new HTTPS connection (1): www.google.com:443
21:12:45 [DEBUG] Starting new HTTPS connection (1): www.google.com:443
21:12:45 [DEBUG] Starting new HTTPS connection (1): www.google.com:443
21:12:45 [DEBUG] Starting new HTTPS connection (1): www.google.com:443
21:12:45 [DEBUG] Starting new HTTPS connection (1): www.google.com:443
21:12:45 [DEBUG] Starting new HTTPS connection (1): www.google.com:443
21:12:45 [DEBUG] Starting new HTTPS connection (1): www.google.com:443
21:12:45 [DEBUG] Starting new HTTPS connection (1): www.google.com:443
21:12:45 [DEBUG] Starting new HTTPS connection (1): www.google.com:443
21:12:45 [DEBUG] Starting new HTTPS connection (1): www.google.com:443
21:12:46 [DEBUG] Starting new HTTPS connection (1): www.google.com:443
21:12:46 [DEBUG] Starting new HTTPS connection (1): dl.google.com:443
21:12:46 [DEBUG] https://www.google.com:443 "GET /generate_204 HTTP/1.1" 204 0
21:12:46 [DEBUG] Starting new HTTPS connection (1): dl.google.com:443
21:12:46 [DEBUG] https://dl.google.com:443 "GET /dl/android/studio/install/3.4.1.0/android-studio-ide-183.5522156-windows.exe HTTP/1.1" 200 1017327996
21:12:46 [DEBUG] Starting new HTTPS connection (1): www.google.com:443
21:12:46 [DEBUG] Starting new HTTPS connection (1): www.google.com:443
21:12:46 [INFO]    🎯 213.21.241.70 (Германия) - 42.5 Mbps, 1681ms, UDP✅
21:12:46 [DEBUG] Starting new HTTPS connection (1): www.google.com:443
21:12:46 [DEBUG] Starting new HTTPS connection (1): www.google.com:443
21:12:46 [DEBUG] Starting new HTTPS connection (1): www.google.com:443
21:12:47 [DEBUG] Starting new HTTPS connection (1): www.google.com:443
21:12:47 [DEBUG] Starting new HTTPS connection (1): www.google.com:443
21:12:47 [DEBUG] Starting new HTTPS connection (1): www.google.com:443
21:12:47 [DEBUG] Starting new HTTPS connection (1): www.google.com:443
21:12:48 [DEBUG] Starting new HTTPS connection (1): www.google.com:443
21:12:48 [DEBUG] https://dl.google.com:443 "GET /dl/android/studio/install/3.4.1.0/android-studio-ide-183.5522156-windows.exe HTTP/1.1" 200 1017327996
21:12:48 [DEBUG] Starting new HTTPS connection (1): www.google.com:443
21:12:48 [DEBUG] https://www.google.com:443 "GET /generate_204 HTTP/1.1" 204 0
21:12:48 [DEBUG] Starting new HTTPS connection (1): www.google.com:443
21:12:48 [DEBUG] Starting new HTTPS connection (1): www.google.com:443
21:12:48 [DEBUG] Starting new HTTPS connection (1): www.google.com:443
21:12:48 [INFO]    🎯 93.186.201.45 (Германия) - 6.2 Mbps, 3386ms, UDP❌
21:12:48 [DEBUG] Starting new HTTPS connection (1): www.google.com:443
21:12:48 [DEBUG] Starting new HTTPS connection (1): www.google.com:443
21:12:48 [INFO]    📊 Глубокая проверка: 772/1937 (40%) | ✅90 ❌682
21:12:49 [DEBUG] Starting new HTTPS connection (1): www.google.com:443
21:12:49 [DEBUG] Starting new HTTPS connection (1): www.google.com:443
21:12:49 [DEBUG] https://www.google.com:443 "GET /generate_204 HTTP/1.1" 204 0
21:12:49 [DEBUG] Starting new HTTPS connection (1): dl.google.com:443
21:12:49 [DEBUG] https://dl.google.com:443 "GET /dl/android/studio/install/3.4.1.0/android-studio-ide-183.5522156-windows.exe HTTP/1.1" 200 1017327996
21:12:49 [DEBUG] Starting new HTTPS connection (1): www.google.com:443
21:12:49 [DEBUG] Starting new HTTPS connection (1): www.google.com:443
21:12:49 [DEBUG] Starting new HTTPS connection (1): www.google.com:443
21:12:49 [DEBUG] Starting new HTTPS connection (1): www.google.com:443
21:12:49 [INFO]    🎯 77.239.104.238 (Германия) - 39.5 Mbps, 148ms, UDP✅
21:12:49 [DEBUG] Starting new HTTPS connection (1): www.google.com:443
21:12:49 [DEBUG] https://www.google.com:443 "GET /generate_204 HTTP/1.1" 204 0
21:12:49 [DEBUG] https://www.google.com:443 "GET /generate_204 HTTP/1.1" 204 0
21:12:49 [DEBUG] Starting new HTTPS connection (1): www.google.com:443
21:12:50 [DEBUG] https://www.google.com:443 "GET /generate_204 HTTP/1.1" 204 0
21:12:50 [DEBUG] Starting new HTTPS connection (1): www.google.com:443
21:12:50 [DEBUG] https://www.google.com:443 "GET /generate_204 HTTP/1.1" 204 0
21:12:50 [DEBUG] Starting new HTTPS connection (1): dl.google.com:443
21:12:50 [DEBUG] https://www.google.com:443 "GET /generate_204 HTTP/1.1" 204 0
21:12:50 [DEBUG] Starting new HTTPS connection (1): dl.google.com:443
21:12:50 [DEBUG] Starting new HTTPS connection (1): dl.google.com:443
21:12:50 [DEBUG] Starting new HTTPS connection (1): dl.google.com:443
21:12:50 [DEBUG] Starting new HTTPS connection (1): dl.google.com:443
21:12:50 [DEBUG] https://dl.google.com:443 "GET /dl/android/studio/install/3.4.1.0/android-studio-ide-183.5522156-windows.exe HTTP/1.1" 200 1017327996
21:12:50 [DEBUG] https://dl.google.com:443 "GET /dl/android/studio/install/3.4.1.0/android-studio-ide-183.5522156-windows.exe HTTP/1.1" 200 1017327996
21:12:50 [INFO]    🎯 45.149.235.28 (Нидерланды) - 39.5 Mbps, 194ms, UDP✅
21:12:50 [DEBUG] https://dl.google.com:443 "GET /dl/android/studio/install/3.4.1.0/android-studio-ide-183.5522156-windows.exe HTTP/1.1" 200 1017327996
21:12:50 [INFO]    🎯 45.149.235.119 (Нидерланды) - 46.9 Mbps, 188ms, UDP✅
21:12:50 [DEBUG] Starting new HTTPS connection (1): www.google.com:443
21:12:50 [DEBUG] https://dl.google.com:443 "GET /dl/android/studio/install/3.4.1.0/android-studio-ide-183.5522156-windows.exe HTTP/1.1" 200 1017327996
21:12:50 [DEBUG] Starting new HTTPS connection (1): www.google.com:443
21:12:50 [DEBUG] https://dl.google.com:443 "GET /dl/android/studio/install/3.4.1.0/android-studio-ide-183.5522156-windows.exe HTTP/1.1" 200 1017327996
21:12:50 [INFO]    🎯 94.228.210.81 (Нидерланды) - 30.3 Mbps, 254ms, UDP✅
21:12:50 [INFO]    🎯 188.253.26.39 (Нидерланды) - 27.6 Mbps, 899ms, UDP✅
21:12:50 [DEBUG] Starting new HTTPS connection (1): www.google.com:443
21:12:50 [DEBUG] Starting new HTTPS connection (1): www.google.com:443
21:12:51 [DEBUG] https://www.google.com:443 "GET /generate_204 HTTP/1.1" 204 0
21:12:51 [INFO]    🎯 194.247.187.244 (Германия) - 21.7 Mbps, 228ms, UDP✅
21:12:51 [DEBUG] Starting new HTTPS connection (1): dl.google.com:443
21:12:51 [DEBUG] Starting new HTTPS connection (1): www.google.com:443
21:12:51 [DEBUG] https://dl.google.com:443 "GET /dl/android/studio/install/3.4.1.0/android-studio-ide-183.5522156-windows.exe HTTP/1.1" 404 1449
21:12:51 [INFO]    🎯 142.93.101.216 (Германия) - 0.0 Mbps, 39ms, UDP✅
21:12:51 [DEBUG] Starting new HTTPS connection (1): www.google.com:443
21:12:51 [DEBUG] Starting new HTTPS connection (1): www.google.com:443
21:12:51 [DEBUG] Starting new HTTPS connection (1): www.google.com:443
21:12:51 [DEBUG] Starting new HTTPS connection (1): www.google.com:443
21:12:51 [DEBUG] Starting new HTTPS connection (1): www.google.com:443
21:12:51 [DEBUG] Starting new HTTPS connection (1): dl.google.com:443
21:12:51 [DEBUG] https://www.google.com:443 "GET /generate_204 HTTP/1.1" 204 0
21:12:51 [DEBUG] Starting new HTTPS connection (1): dl.google.com:443
21:12:51 [DEBUG] Starting new HTTPS connection (1): www.google.com:443
21:12:51 [DEBUG] https://dl.google.com:443 "GET /dl/android/studio/install/3.4.1.0/android-studio-ide-183.5522156-windows.exe HTTP/1.1" 200 1017327996
21:12:51 [DEBUG] Starting new HTTPS connection (1): www.google.com:443
21:12:52 [INFO]    🎯 51.158.206.97 (Нидерланды) - 64.4 Mbps, 98ms, UDP✅
21:12:52 [DEBUG] Starting new HTTPS connection (1): www.google.com:443
21:12:52 [DEBUG] Starting new HTTPS connection (1): www.google.com:443
21:12:52 [DEBUG] Starting new HTTPS connection (1): www.google.com:443
21:12:52 [DEBUG] Starting new HTTPS connection (1): www.google.com:443
21:12:52 [DEBUG] Starting new HTTPS connection (1): www.google.com:443
21:12:53 [DEBUG] Starting new HTTPS connection (1): www.google.com:443
21:12:53 [DEBUG] Starting new HTTPS connection (1): www.google.com:443
21:12:53 [DEBUG] Starting new HTTPS connection (1): www.google.com:443
21:12:53 [DEBUG] https://www.google.com:443 "GET /generate_204 HTTP/1.1" 204 0
21:12:53 [DEBUG] Starting new HTTPS connection (1): dl.google.com:443
21:12:53 [DEBUG] Starting new HTTPS connection (1): www.google.com:443
21:12:53 [DEBUG] https://www.google.com:443 "GET /generate_204 HTTP/1.1" 204 0
21:12:53 [DEBUG] Starting new HTTPS connection (1): dl.google.com:443
21:12:53 [DEBUG] https://dl.google.com:443 "GET /dl/android/studio/install/3.4.1.0/android-studio-ide-183.5522156-windows.exe HTTP/1.1" 200 1017327996
21:12:53 [DEBUG] https://dl.google.com:443 "GET /dl/android/studio/install/3.4.1.0/android-studio-ide-183.5522156-windows.exe HTTP/1.1" 200 1017327996
21:12:53 [INFO]    🎯 185.82.73.189 (Нидерланды) - 86.1 Mbps, 319ms, UDP✅
21:12:53 [DEBUG] https://dl.google.com:443 "GET /dl/android/studio/install/3.4.1.0/android-studio-ide-183.5522156-windows.exe HTTP/1.1" 200 1017327996
21:12:53 [DEBUG] Starting new HTTPS connection (1): www.google.com:443
21:12:53 [INFO]    🎯 5.255.114.61 (Нидерланды) - 35.9 Mbps, 149ms, UDP✅
21:12:53 [INFO]    🎯 62.141.42.201 (Германия) - 7.4 Mbps, 9018ms, UDP❌
21:12:54 [DEBUG] Starting new HTTPS connection (1): www.google.com:443
21:12:54 [DEBUG] Starting new HTTPS connection (1): www.google.com:443
21:12:54 [DEBUG] Starting new HTTPS connection (1): www.google.com:443
21:12:54 [DEBUG] Starting new HTTPS connection (1): www.google.com:443
21:12:54 [DEBUG] Starting new HTTPS connection (1): www.google.com:443
21:12:54 [DEBUG] Starting new HTTPS connection (1): www.google.com:443
21:12:54 [DEBUG] https://www.google.com:443 "GET /generate_204 HTTP/1.1" 204 0
21:12:54 [DEBUG] Starting new HTTPS connection (1): www.google.com:443
21:12:54 [DEBUG] Starting new HTTPS connection (1): dl.google.com:443
21:12:54 [DEBUG] https://www.google.com:443 "GET /generate_204 HTTP/1.1" 204 0
21:12:54 [DEBUG] Starting new HTTPS connection (1): www.google.com:443
21:12:55 [DEBUG] Starting new HTTPS connection (1): dl.google.com:443
21:12:55 [DEBUG] https://dl.google.com:443 "GET /dl/android/studio/install/3.4.1.0/android-studio-ide-183.5522156-windows.exe HTTP/1.1" 200 1017327996
21:12:55 [INFO]    🎯 51.158.206.25 (Нидерланды) - 72.6 Mbps, 77ms, UDP✅
21:12:55 [DEBUG] https://www.google.com:443 "GET /generate_204 HTTP/1.1" 204 0
21:12:55 [DEBUG] Starting new HTTPS connection (1): dl.google.com:443
21:12:55 [DEBUG] Starting new HTTPS connection (1): www.google.com:443
21:12:55 [DEBUG] Starting new HTTPS connection (1): www.google.com:443
21:12:55 [DEBUG] Starting new HTTPS connection (1): www.google.com:443
21:12:55 [DEBUG] https://www.google.com:443 "GET /generate_204 HTTP/1.1" 204 0
21:12:55 [DEBUG] https://dl.google.com:443 "GET /dl/android/studio/install/3.4.1.0/android-studio-ide-183.5522156-windows.exe HTTP/1.1" 200 1017327996
21:12:55 [DEBUG] https://dl.google.com:443 "GET /dl/android/studio/install/3.4.1.0/android-studio-ide-183.5522156-windows.exe HTTP/1.1" 200 1017327996
21:12:55 [DEBUG] Starting new HTTPS connection (1): dl.google.com:443
21:12:55 [DEBUG] Starting new HTTPS connection (1): www.google.com:443
21:12:55 [INFO]    🎯 138.124.79.4 (Нидерланды) - 35.4 Mbps, 276ms, UDP✅
21:12:55 [DEBUG] https://www.google.com:443 "GET /generate_204 HTTP/1.1" 204 0
21:12:56 [DEBUG] Starting new HTTPS connection (1): dl.google.com:443
21:12:56 [DEBUG] Starting new HTTPS connection (1): www.google.com:443
21:12:56 [DEBUG] Starting new HTTPS connection (1): www.google.com:443
21:12:56 [DEBUG] https://dl.google.com:443 "GET /dl/android/studio/install/3.4.1.0/android-studio-ide-183.5522156-windows.exe HTTP/1.1" 200 1017327996
21:12:56 [DEBUG] https://www.google.com:443 "GET /generate_204 HTTP/1.1" 204 0
21:12:56 [INFO]    🎯 94.23.167.32 (Германия) - 14.8 Mbps, 241ms, UDP✅
21:12:56 [DEBUG] Starting new HTTPS connection (1): www.google.com:443
21:12:56 [DEBUG] https://dl.google.com:443 "GET /dl/android/studio/install/3.4.1.0/android-studio-ide-183.5522156-windows.exe HTTP/1.1" 200 1017327996
21:12:56 [DEBUG] Starting new HTTPS connection (1): dl.google.com:443
21:12:56 [DEBUG] https://www.google.com:443 "GET /generate_204 HTTP/1.1" 204 0
21:12:56 [DEBUG] https://www.google.com:443 "GET /generate_204 HTTP/1.1" 204 0
21:12:56 [DEBUG] Starting new HTTPS connection (1): dl.google.com:443
21:12:56 [DEBUG] https://dl.google.com:443 "GET /dl/android/studio/install/3.4.1.0/android-studio-ide-183.5522156-windows.exe HTTP/1.1" 200 1017327996
21:12:56 [DEBUG] Starting new HTTPS connection (1): dl.google.com:443
21:12:56 [INFO]    🎯 185.82.73.196 (Нидерланды) - 65.5 Mbps, 91ms, UDP✅
21:12:56 [DEBUG] Starting new HTTPS connection (1): www.google.com:443
21:12:56 [DEBUG] https://dl.google.com:443 "GET /dl/android/studio/install/3.4.1.0/android-studio-ide-183.5522156-windows.exe HTTP/1.1" 200 1017327996
21:12:56 [INFO]    🎯 94.23.147.217 (Нидерланды) - 20.1 Mbps, 170ms, UDP✅
21:12:56 [DEBUG] https://dl.google.com:443 "GET /dl/android/studio/install/3.4.1.0/android-studio-ide-183.5522156-windows.exe HTTP/1.1" 200 1017327996
21:12:56 [INFO]    🎯 185.82.73.195 (Нидерланды) - 44.2 Mbps, 79ms, UDP✅
21:12:56 [INFO]    🎯 109.176.207.168 (Нидерланды) - 36.0 Mbps, 234ms, UDP✅
21:12:56 [DEBUG] Starting new HTTPS connection (1): www.google.com:443
21:12:57 [DEBUG] https://www.google.com:443 "GET /generate_204 HTTP/1.1" 204 0
21:12:57 [DEBUG] Starting new HTTPS connection (1): www.google.com:443
21:12:57 [DEBUG] Starting new HTTPS connection (1): www.google.com:443
21:12:57 [DEBUG] Starting new HTTPS connection (1): dl.google.com:443
21:12:57 [DEBUG] https://www.google.com:443 "GET /generate_204 HTTP/1.1" 204 0
21:12:57 [DEBUG] Starting new HTTPS connection (1): www.google.com:443
21:12:57 [DEBUG] Starting new HTTPS connection (1): dl.google.com:443
21:12:57 [DEBUG] https://dl.google.com:443 "GET /dl/android/studio/install/3.4.1.0/android-studio-ide-183.5522156-windows.exe HTTP/1.1" 200 1017327996
21:12:57 [DEBUG] Starting new HTTPS connection (1): www.google.com:443
21:12:57 [DEBUG] Starting new HTTPS connection (1): www.google.com:443
21:12:57 [INFO]    🎯 51.158.206.8 (Нидерланды) - 100.1 Mbps, 77ms, UDP✅
21:12:57 [DEBUG] https://dl.google.com:443 "GET /dl/android/studio/install/3.4.1.0/android-studio-ide-183.5522156-windows.exe HTTP/1.1" 200 1017327996
21:12:57 [DEBUG] Starting new HTTPS connection (1): www.google.com:443
21:12:57 [DEBUG] https://www.google.com:443 "GET /generate_204 HTTP/1.1" 204 0
21:12:57 [DEBUG] Starting new HTTPS connection (1): www.google.com:443
21:12:57 [DEBUG] Starting new HTTPS connection (1): www.google.com:443
21:12:57 [DEBUG] Starting new HTTPS connection (1): www.google.com:443
21:12:57 [DEBUG] Starting new HTTPS connection (1): www.google.com:443
21:12:57 [DEBUG] Starting new HTTPS connection (1): dl.google.com:443
21:12:57 [INFO]    🎯 94.103.1.230 (Нидерланды) - 31.7 Mbps, 262ms, UDP✅
21:12:58 [DEBUG] https://www.google.com:443 "GET /generate_204 HTTP/1.1" 204 0
21:12:58 [DEBUG] Starting new HTTPS connection (1): www.google.com:443
21:12:58 [DEBUG] https://www.google.com:443 "GET /generate_204 HTTP/1.1" 204 0
21:12:58 [DEBUG] Starting new HTTPS connection (1): www.google.com:443
21:12:58 [DEBUG] Starting new HTTPS connection (1): dl.google.com:443
21:12:58 [DEBUG] Starting new HTTPS connection (1): www.google.com:443
21:12:58 [DEBUG] https://dl.google.com:443 "GET /dl/android/studio/install/3.4.1.0/android-studio-ide-183.5522156-windows.exe HTTP/1.1" 200 1017327996
21:12:58 [DEBUG] Starting new HTTPS connection (1): www.google.com:443
21:12:58 [DEBUG] Starting new HTTPS connection (1): www.google.com:443
21:12:58 [DEBUG] Starting new HTTPS connection (1): www.google.com:443
21:12:59 [DEBUG] https://www.google.com:443 "GET /generate_204 HTTP/1.1" 204 0
21:12:59 [DEBUG] https://www.google.com:443 "GET /generate_204 HTTP/1.1" 204 0
21:12:59 [DEBUG] Starting new HTTPS connection (1): dl.google.com:443
21:12:59 [INFO]    🎯 217.154.254.198 (Германия) - 42.5 Mbps, 147ms, UDP✅
21:12:59 [DEBUG] Starting new HTTPS connection (1): dl.google.com:443
21:12:59 [DEBUG] https://dl.google.com:443 "GET /dl/android/studio/install/3.4.1.0/android-studio-ide-183.5522156-windows.exe HTTP/1.1" 200 1017327996
21:12:59 [INFO]    🎯 144.31.100.120 (Нидерланды) - 57.6 Mbps, 101ms, UDP✅
21:12:59 [DEBUG] https://dl.google.com:443 "GET /dl/android/studio/install/3.4.1.0/android-studio-ide-183.5522156-windows.exe HTTP/1.1" 200 1017327996
21:12:59 [INFO]    🎯 159.195.70.95 (Германия) - 4.9 Mbps, 97ms, UDP✅
21:12:59 [INFO]    🎯 194.164.192.16 (Германия) - 33.4 Mbps, 211ms, UDP✅
21:13:00 [DEBUG] Starting new HTTPS connection (1): www.google.com:443
21:13:00 [DEBUG] Starting new HTTPS connection (1): www.google.com:443
21:13:00 [DEBUG] Starting new HTTPS connection (1): www.google.com:443
21:13:00 [DEBUG] https://www.google.com:443 "GET /generate_204 HTTP/1.1" 204 0
21:13:00 [DEBUG] Starting new HTTPS connection (1): dl.google.com:443
21:13:00 [DEBUG] Starting new HTTPS connection (1): www.google.com:443
21:13:00 [DEBUG] Starting new HTTPS connection (1): www.google.com:443
21:13:00 [DEBUG] https://dl.google.com:443 "GET /dl/android/studio/install/3.4.1.0/android-studio-ide-183.5522156-windows.exe HTTP/1.1" 200 1017327996
21:13:00 [DEBUG] Starting new HTTPS connection (1): www.google.com:443
21:13:00 [DEBUG] Starting new HTTPS connection (1): www.google.com:443
21:13:00 [INFO]    🎯 45.139.196.194 (Германия) - 24.6 Mbps, 175ms, UDP✅
21:13:01 [DEBUG] Starting new HTTPS connection (1): www.google.com:443
21:13:01 [DEBUG] https://www.google.com:443 "GET /generate_204 HTTP/1.1" 204 0
21:13:01 [DEBUG] Starting new HTTPS connection (1): www.google.com:443
21:13:01 [DEBUG] Starting new HTTPS connection (1): dl.google.com:443
21:13:01 [DEBUG] Starting new HTTPS connection (1): dl.google.com:443
21:13:01 [DEBUG] Starting new HTTPS connection (1): www.google.com:443
21:13:01 [DEBUG] https://www.google.com:443 "GET /generate_204 HTTP/1.1" 204 0
21:13:01 [DEBUG] Starting new HTTPS connection (1): www.google.com:443
21:13:01 [DEBUG] Starting new HTTPS connection (1): dl.google.com:443
21:13:01 [DEBUG] Starting new HTTPS connection (1): www.google.com:443
21:13:01 [DEBUG] https://www.google.com:443 "GET /generate_204 HTTP/1.1" 204 0
21:13:01 [DEBUG] Starting new HTTPS connection (1): dl.google.com:443
21:13:01 [DEBUG] Starting new HTTPS connection (1): www.google.com:443
21:13:01 [DEBUG] https://dl.google.com:443 "GET /dl/android/studio/install/3.4.1.0/android-studio-ide-183.5522156-windows.exe HTTP/1.1" 200 1017327996
21:13:01 [DEBUG] https://dl.google.com:443 "GET /dl/android/studio/install/3.4.1.0/android-studio-ide-183.5522156-windows.exe HTTP/1.1" 200 1017327996
21:13:01 [DEBUG] https://dl.google.com:443 "GET /dl/android/studio/install/3.4.1.0/android-studio-ide-183.5522156-windows.exe HTTP/1.1" 200 1017327996
21:13:01 [DEBUG] https://www.google.com:443 "GET /generate_204 HTTP/1.1" 204 0
21:13:01 [INFO]    🎯 138.197.191.77 (Германия) - 34.7 Mbps, 108ms, UDP✅
21:13:01 [INFO]    🎯 144.31.1.125 (Польша) - 43.6 Mbps, 155ms, UDP✅
21:13:01 [DEBUG] Starting new HTTPS connection (1): dl.google.com:443
21:13:01 [DEBUG] Starting new HTTPS connection (1): www.google.com:443
21:13:01 [INFO]    🎯 144.31.2.86 (Польша) - 48.4 Mbps, 148ms, UDP✅
21:13:01 [DEBUG] Starting new HTTPS connection (1): www.google.com:443
21:13:02 [DEBUG] Starting new HTTPS connection (1): www.google.com:443
21:13:02 [DEBUG] https://dl.google.com:443 "GET /dl/android/studio/install/3.4.1.0/android-studio-ide-183.5522156-windows.exe HTTP/1.1" 200 1017327996
21:13:02 [INFO]    🎯 95.215.8.237 (Нидерланды) - 22.5 Mbps, 421ms, UDP✅
21:13:02 [DEBUG] Starting new HTTPS connection (1): www.google.com:443
21:13:02 [DEBUG] Starting new HTTPS connection (1): www.google.com:443
21:13:02 [DEBUG] Starting new HTTPS connection (1): www.google.com:443
21:13:02 [DEBUG] Starting new HTTPS connection (1): www.google.com:443
21:13:03 [DEBUG] Starting new HTTPS connection (1): www.google.com:443
21:13:03 [DEBUG] https://www.google.com:443 "GET /generate_204 HTTP/1.1" 204 0
21:13:03 [DEBUG] Starting new HTTPS connection (1): www.google.com:443
21:13:03 [DEBUG] https://www.google.com:443 "GET /generate_204 HTTP/1.1" 204 0
21:13:03 [DEBUG] Starting new HTTPS connection (1): dl.google.com:443
21:13:03 [DEBUG] Starting new HTTPS connection (1): dl.google.com:443
21:13:03 [DEBUG] Starting new HTTPS connection (1): www.google.com:443
21:13:03 [DEBUG] https://www.google.com:443 "GET /generate_204 HTTP/1.1" 204 0
21:13:03 [DEBUG] Starting new HTTPS connection (1): dl.google.com:443
21:13:03 [DEBUG] https://dl.google.com:443 "GET /dl/android/studio/install/3.4.1.0/android-studio-ide-183.5522156-windows.exe HTTP/1.1" 200 1017327996
21:13:03 [DEBUG] https://dl.google.com:443 "GET /dl/android/studio/install/3.4.1.0/android-studio-ide-183.5522156-windows.exe HTTP/1.1" 200 1017327996
21:13:03 [DEBUG] Starting new HTTPS connection (1): www.google.com:443
21:13:03 [DEBUG] https://dl.google.com:443 "GET /dl/android/studio/install/3.4.1.0/android-studio-ide-183.5522156-windows.exe HTTP/1.1" 200 1017327996
21:13:03 [INFO]    🎯 144.31.0.177 (Польша) - 45.4 Mbps, 186ms, UDP✅
21:13:03 [INFO]    🎯 144.31.0.182 (Польша) - 45.8 Mbps, 156ms, UDP✅
21:13:03 [DEBUG] Starting new HTTPS connection (1): www.google.com:443
21:13:03 [INFO]    🎯 144.31.1.111 (Польша) - 51.9 Mbps, 152ms, UDP✅
21:13:03 [DEBUG] Starting new HTTPS connection (1): www.google.com:443
21:13:03 [DEBUG] Starting new HTTPS connection (1): www.google.com:443
21:13:03 [DEBUG] Starting new HTTPS connection (1): www.google.com:443
21:13:03 [DEBUG] Starting new HTTPS connection (1): www.google.com:443
21:13:04 [DEBUG] Starting new HTTPS connection (1): www.google.com:443
21:13:04 [DEBUG] Starting new HTTPS connection (1): www.google.com:443
21:13:04 [DEBUG] Starting new HTTPS connection (1): www.google.com:443
21:13:04 [DEBUG] https://dl.google.com:443 "GET /dl/android/studio/install/3.4.1.0/android-studio-ide-183.5522156-windows.exe HTTP/1.1" 200 1017327996
21:13:05 [INFO]    🎯 85.17.145.174 (Нидерланды) - 2.4 Mbps, 306ms, UDP✅
21:13:05 [DEBUG] Starting new HTTPS connection (1): www.google.com:443
21:13:05 [DEBUG] Starting new HTTPS connection (1): www.google.com:443
21:13:05 [DEBUG] Starting new HTTPS connection (1): www.google.com:443
21:13:05 [DEBUG] https://www.google.com:443 "GET /generate_204 HTTP/1.1" 204 0
21:13:05 [DEBUG] Starting new HTTPS connection (1): dl.google.com:443
21:13:05 [DEBUG] Starting new HTTPS connection (1): www.google.com:443
21:13:05 [DEBUG] Starting new HTTPS connection (1): www.google.com:443
21:13:05 [DEBUG] https://dl.google.com:443 "GET /dl/android/studio/install/3.4.1.0/android-studio-ide-183.5522156-windows.exe HTTP/1.1" 200 1017327996
21:13:05 [DEBUG] Starting new HTTPS connection (1): www.google.com:443
21:13:06 [INFO]    🎯 195.3.223.143 (Польша) - 43.3 Mbps, 901ms, UDP✅
21:13:06 [DEBUG] Starting new HTTPS connection (1): www.google.com:443
21:13:06 [DEBUG] https://www.google.com:443 "GET /generate_204 HTTP/1.1" 204 0
21:13:06 [DEBUG] Starting new HTTPS connection (1): www.google.com:443
21:13:06 [DEBUG] Starting new HTTPS connection (1): www.google.com:443
21:13:06 [DEBUG] Starting new HTTPS connection (1): dl.google.com:443
21:13:06 [DEBUG] Starting new HTTPS connection (1): www.google.com:443
21:13:06 [DEBUG] https://dl.google.com:443 "GET /dl/android/studio/install/3.4.1.0/android-studio-ide-183.5522156-windows.exe HTTP/1.1" 200 1017327996
21:13:06 [DEBUG] Starting new HTTPS connection (1): www.google.com:443
21:13:06 [INFO]    🎯 185.153.55.239 (Швеция) - 39.8 Mbps, 307ms, UDP✅
21:13:06 [DEBUG] Starting new HTTPS connection (1): www.google.com:443
21:13:06 [DEBUG] Starting new HTTPS connection (1): www.google.com:443
21:13:06 [DEBUG] Starting new HTTPS connection (1): www.google.com:443
21:13:07 [DEBUG] Starting new HTTPS connection (1): www.google.com:443
21:13:07 [DEBUG] https://www.google.com:443 "GET /generate_204 HTTP/1.1" 204 0
21:13:07 [DEBUG] Starting new HTTPS connection (1): dl.google.com:443
21:13:07 [DEBUG] https://www.google.com:443 "GET /generate_204 HTTP/1.1" 204 0
21:13:07 [DEBUG] Starting new HTTPS connection (1): www.google.com:443
21:13:07 [DEBUG] https://www.google.com:443 "GET /generate_204 HTTP/1.1" 204 0
21:13:07 [DEBUG] Starting new HTTPS connection (1): www.google.com:443
21:13:07 [DEBUG] https://dl.google.com:443 "GET /dl/android/studio/install/3.4.1.0/android-studio-ide-183.5522156-windows.exe HTTP/1.1" 200 1017327996
21:13:07 [DEBUG] Starting new HTTPS connection (1): www.google.com:443
21:13:07 [DEBUG] Starting new HTTPS connection (1): dl.google.com:443
21:13:07 [INFO]    🎯 144.31.2.154 (Польша) - 41.0 Mbps, 258ms, UDP✅
21:13:07 [DEBUG] Starting new HTTPS connection (1): www.google.com:443
21:13:07 [DEBUG] Starting new HTTPS connection (1): www.google.com:443
21:13:07 [DEBUG] https://www.google.com:443 "GET /generate_204 HTTP/1.1" 204 0
21:13:07 [DEBUG] https://dl.google.com:443 "GET /dl/android/studio/install/3.4.1.0/android-studio-ide-183.5522156-windows.exe HTTP/1.1" 200 1017327996
21:13:07 [DEBUG] Starting new HTTPS connection (1): dl.google.com:443
21:13:07 [DEBUG] https://www.google.com:443 "GET /generate_204 HTTP/1.1" 204 0
21:13:08 [DEBUG] https://dl.google.com:443 "GET /dl/android/studio/install/3.4.1.0/android-studio-ide-183.5522156-windows.exe HTTP/1.1" 200 1017327996
21:13:08 [DEBUG] Starting new HTTPS connection (1): dl.google.com:443
21:13:08 [INFO]    🎯 91.84.118.23 (Нидерланды) - 51.7 Mbps, 126ms, UDP✅
21:13:08 [DEBUG] https://dl.google.com:443 "GET /dl/android/studio/install/3.4.1.0/android-studio-ide-183.5522156-windows.exe HTTP/1.1" 200 1017327996
21:13:08 [INFO]    🎯 45.144.51.22 (Польша) - 19.6 Mbps, 430ms, UDP✅
21:13:08 [INFO]    🎯 77.239.124.88 (Нидерланды) - 0.0 Mbps, 646ms, UDP❌
21:13:08 [DEBUG] Starting new HTTPS connection (1): www.google.com:443
21:13:08 [DEBUG] Starting new HTTPS connection (1): www.google.com:443
21:13:08 [DEBUG] Starting new HTTPS connection (1): www.google.com:443
21:13:08 [DEBUG] https://www.google.com:443 "GET /generate_204 HTTP/1.1" 204 0
21:13:08 [DEBUG] https://www.google.com:443 "GET /generate_204 HTTP/1.1" 204 0
21:13:08 [DEBUG] Starting new HTTPS connection (1): dl.google.com:443
21:13:08 [DEBUG] Starting new HTTPS connection (1): www.google.com:443
21:13:08 [DEBUG] Starting new HTTPS connection (1): dl.google.com:443
21:13:08 [DEBUG] Starting new HTTPS connection (1): www.google.com:443
21:13:08 [DEBUG] https://dl.google.com:443 "GET /dl/android/studio/install/3.4.1.0/android-studio-ide-183.5522156-windows.exe HTTP/1.1" 200 1017327996
21:13:09 [DEBUG] https://www.google.com:443 "GET /generate_204 HTTP/1.1" 204 0
21:13:09 [DEBUG] https://dl.google.com:443 "GET /dl/android/studio/install/3.4.1.0/android-studio-ide-183.5522156-windows.exe HTTP/1.1" 200 1017327996
21:13:09 [DEBUG] Starting new HTTPS connection (1): dl.google.com:443
21:13:09 [INFO]    🎯 91.84.109.124 (Нидерланды) - 52.0 Mbps, 141ms, UDP✅
21:13:09 [DEBUG] https://www.google.com:443 "GET /generate_204 HTTP/1.1" 204 0
21:13:09 [DEBUG] Starting new HTTPS connection (1): www.google.com:443
21:13:09 [DEBUG] https://dl.google.com:443 "GET /dl/android/studio/install/3.4.1.0/android-studio-ide-183.5522156-windows.exe HTTP/1.1" 200 1017327996
21:13:09 [DEBUG] Starting new HTTPS connection (1): www.google.com:443
21:13:09 [DEBUG] Starting new HTTPS connection (1): www.google.com:443
21:13:09 [INFO]    🎯 91.84.109.130 (Нидерланды) - 43.2 Mbps, 154ms, UDP✅
21:13:09 [DEBUG] Starting new HTTPS connection (1): www.google.com:443
21:13:09 [DEBUG] Starting new HTTPS connection (1): dl.google.com:443
21:13:09 [DEBUG] Starting new HTTPS connection (1): www.google.com:443
21:13:10 [DEBUG] Starting new HTTPS connection (1): www.google.com:443
21:13:10 [DEBUG] https://dl.google.com:443 "GET /dl/android/studio/install/3.4.1.0/android-studio-ide-183.5522156-windows.exe HTTP/1.1" 200 1017327996
21:13:10 [DEBUG] Starting new HTTPS connection (1): dl.google.com:443
21:13:10 [DEBUG] Starting new HTTPS connection (1): www.google.com:443
21:13:10 [DEBUG] Starting new HTTPS connection (1): www.google.com:443
21:13:10 [INFO]    🎯 2.56.125.209 (Польша) - 23.9 Mbps, 543ms, UDP✅
21:13:10 [DEBUG] Starting new HTTPS connection (1): www.google.com:443
21:13:10 [DEBUG] Starting new HTTPS connection (1): www.google.com:443
21:13:10 [DEBUG] Starting new HTTPS connection (1): www.google.com:443
21:13:10 [DEBUG] Starting new HTTPS connection (1): www.google.com:443
21:13:11 [DEBUG] Starting new HTTPS connection (1): www.google.com:443
21:13:11 [INFO]    🎯 193.23.200.153 (Швеция) - 0.0 Mbps, 484ms, UDP❌
21:13:11 [DEBUG] Starting new HTTPS connection (1): www.google.com:443
21:13:11 [DEBUG] Starting new HTTPS connection (1): www.google.com:443
21:13:11 [DEBUG] https://www.google.com:443 "GET /generate_204 HTTP/1.1" 204 0
21:13:11 [DEBUG] Starting new HTTPS connection (1): www.google.com:443
21:13:11 [DEBUG] https://www.google.com:443 "GET /generate_204 HTTP/1.1" 204 0
21:13:11 [DEBUG] Starting new HTTPS connection (1): dl.google.com:443
21:13:11 [DEBUG] https://www.google.com:443 "GET /generate_204 HTTP/1.1" 204 0
21:13:11 [DEBUG] Starting new HTTPS connection (1): www.google.com:443
21:13:11 [DEBUG] Starting new HTTPS connection (1): dl.google.com:443
21:13:11 [DEBUG] https://www.google.com:443 "GET /generate_204 HTTP/1.1" 204 0
21:13:11 [DEBUG] Starting new HTTPS connection (1): www.google.com:443
21:13:11 [DEBUG] https://www.google.com:443 "GET /generate_204 HTTP/1.1" 204 0
21:13:11 [DEBUG] Starting new HTTPS connection (1): dl.google.com:443
21:13:11 [DEBUG] https://dl.google.com:443 "GET /dl/android/studio/install/3.4.1.0/android-studio-ide-183.5522156-windows.exe HTTP/1.1" 200 1017327996
21:13:11 [DEBUG] Starting new HTTPS connection (1): dl.google.com:443
21:13:11 [DEBUG] https://dl.google.com:443 "GET /dl/android/studio/install/3.4.1.0/android-studio-ide-183.5522156-windows.exe HTTP/1.1" 200 1017327996
21:13:11 [DEBUG] Starting new HTTPS connection (1): dl.google.com:443
21:13:12 [INFO]    🎯 212.111.88.50 (Нидерланды) - 4.3 Mbps, 204ms, UDP✅
21:13:12 [DEBUG] Starting new HTTPS connection (1): www.google.com:443
21:13:12 [INFO]    🎯 91.84.113.114 (Нидерланды) - 36.2 Mbps, 517ms, UDP✅
21:13:12 [DEBUG] https://www.google.com:443 "GET /generate_204 HTTP/1.1" 204 0
21:13:12 [INFO]    🎯 185.21.14.199 (Нидерланды) - 38.5 Mbps, 168ms, UDP✅
21:13:12 [DEBUG] https://dl.google.com:443 "GET /dl/android/studio/install/3.4.1.0/android-studio-ide-183.5522156-windows.exe HTTP/1.1" 200 1017327996
21:13:12 [DEBUG] Starting new HTTPS connection (1): dl.google.com:443
21:13:12 [DEBUG] https://www.google.com:443 "GET /generate_204 HTTP/1.1" 204 0
21:13:12 [DEBUG] https://dl.google.com:443 "GET /dl/android/studio/install/3.4.1.0/android-studio-ide-183.5522156-windows.exe HTTP/1.1" 200 1017327996
21:13:12 [DEBUG] https://dl.google.com:443 "GET /dl/android/studio/install/3.4.1.0/android-studio-ide-183.5522156-windows.exe HTTP/1.1" 200 1017327996
21:13:12 [DEBUG] Starting new HTTPS connection (1): dl.google.com:443
21:13:12 [INFO]    🎯 91.84.113.36 (Нидерланды) - 25.9 Mbps, 208ms, UDP✅
21:13:12 [INFO]    🎯 91.84.113.47 (Нидерланды) - 27.4 Mbps, 149ms, UDP✅
21:13:12 [DEBUG] https://dl.google.com:443 "GET /dl/android/studio/install/3.4.1.0/android-studio-ide-183.5522156-windows.exe HTTP/1.1" 200 1017327996
21:13:12 [DEBUG] Starting new HTTPS connection (1): www.google.com:443
21:13:12 [INFO]    🎯 77.246.99.24 (Нидерланды) - 41.4 Mbps, 238ms, UDP✅
21:13:13 [DEBUG] https://dl.google.com:443 "GET /dl/android/studio/install/3.4.1.0/android-studio-ide-183.5522156-windows.exe HTTP/1.1" 200 1017327996
21:13:13 [DEBUG] Starting new HTTPS connection (1): www.google.com:443
21:13:13 [DEBUG] Starting new HTTPS connection (1): www.google.com:443
21:13:13 [DEBUG] Starting new HTTPS connection (1): www.google.com:443
21:13:13 [INFO]    🎯 91.84.102.165 (Нидерланды) - 17.4 Mbps, 420ms, UDP✅
21:13:13 [DEBUG] Starting new HTTPS connection (1): www.google.com:443
21:13:13 [DEBUG] Starting new HTTPS connection (1): www.google.com:443
21:13:13 [DEBUG] Starting new HTTPS connection (1): www.google.com:443
21:13:14 [DEBUG] Starting new HTTPS connection (1): www.google.com:443
21:13:14 [DEBUG] Starting new HTTPS connection (1): www.google.com:443
21:13:14 [INFO]    🎯 185.21.14.122 (Нидерланды) - 2.9 Mbps, 152ms, UDP✅
21:13:14 [DEBUG] Starting new HTTPS connection (1): www.google.com:443
21:13:14 [DEBUG] https://www.google.com:443 "GET /generate_204 HTTP/1.1" 204 0
21:13:14 [DEBUG] https://www.google.com:443 "GET /generate_204 HTTP/1.1" 204 0
21:13:14 [DEBUG] Starting new HTTPS connection (1): www.google.com:443
21:13:14 [DEBUG] Starting new HTTPS connection (1): dl.google.com:443
21:13:15 [DEBUG] Starting new HTTPS connection (1): www.google.com:443
21:13:15 [DEBUG] https://www.google.com:443 "GET /generate_204 HTTP/1.1" 204 0
21:13:15 [DEBUG] https://dl.google.com:443 "GET /dl/android/studio/install/3.4.1.0/android-studio-ide-183.5522156-windows.exe HTTP/1.1" 200 1017327996
21:13:15 [DEBUG] Starting new HTTPS connection (1): dl.google.com:443
21:13:15 [DEBUG] https://www.google.com:443 "GET /generate_204 HTTP/1.1" 204 0
21:13:15 [DEBUG] https://www.google.com:443 "GET /generate_204 HTTP/1.1" 204 0
21:13:15 [DEBUG] Starting new HTTPS connection (1): dl.google.com:443
21:13:15 [INFO]    🎯 212.34.130.185 (Нидерланды) - 44.3 Mbps, 183ms, UDP✅
21:13:15 [DEBUG] https://dl.google.com:443 "GET /dl/android/studio/install/3.4.1.0/android-studio-ide-183.5522156-windows.exe HTTP/1.1" 200 1017327996
21:13:15 [DEBUG] Starting new HTTPS connection (1): www.google.com:443
21:13:15 [DEBUG] Starting new HTTPS connection (1): dl.google.com:443
21:13:15 [DEBUG] Starting new HTTPS connection (1): dl.google.com:443
21:13:15 [INFO]    🎯 212.34.153.15 (Нидерланды) - 46.5 Mbps, 181ms, UDP✅
21:13:15 [DEBUG] https://dl.google.com:443 "GET /dl/android/studio/install/3.4.1.0/android-studio-ide-183.5522156-windows.exe HTTP/1.1" 200 1017327996
21:13:15 [DEBUG] Starting new HTTPS connection (1): www.google.com:443
21:13:15 [DEBUG] https://www.google.com:443 "GET /generate_204 HTTP/1.1" 204 0
21:13:15 [DEBUG] Starting new HTTPS connection (1): dl.google.com:443
21:13:15 [INFO]    🎯 89.110.110.126 (Нидерланды) - 32.8 Mbps, 169ms, UDP✅
21:13:15 [DEBUG] https://dl.google.com:443 "GET /dl/android/studio/install/3.4.1.0/android-studio-ide-183.5522156-windows.exe HTTP/1.1" 200 1017327996
21:13:16 [INFO]    🎯 195.26.224.102 (Нидерланды) - 43.1 Mbps, 220ms, UDP✅
21:13:16 [DEBUG] https://dl.google.com:443 "GET /dl/android/studio/install/3.4.1.0/android-studio-ide-183.5522156-windows.exe HTTP/1.1" 200 1017327996
21:13:16 [DEBUG] Starting new HTTPS connection (1): www.google.com:443
21:13:16 [DEBUG] Starting new HTTPS connection (1): www.google.com:443
21:13:16 [INFO]    🎯 144.124.242.141 (Нидерланды) - 19.2 Mbps, 1045ms, UDP✅
21:13:16 [DEBUG] Starting new HTTPS connection (1): www.google.com:443
21:13:16 [DEBUG] https://dl.google.com:443 "GET /dl/android/studio/install/3.4.1.0/android-studio-ide-183.5522156-windows.exe HTTP/1.1" 200 1017327996
21:13:16 [DEBUG] Starting new HTTPS connection (1): www.google.com:443
21:13:16 [DEBUG] Starting new HTTPS connection (1): www.google.com:443
21:13:16 [DEBUG] Starting new HTTPS connection (1): www.google.com:443
21:13:16 [DEBUG] https://www.google.com:443 "GET /generate_204 HTTP/1.1" 204 0
21:13:16 [DEBUG] Starting new HTTPS connection (1): dl.google.com:443
21:13:17 [INFO]    🎯 91.84.113.57 (Нидерланды) - 10.4 Mbps, 1901ms, UDP✅
21:13:17 [DEBUG] Starting new HTTPS connection (1): www.google.com:443
21:13:17 [DEBUG] https://dl.google.com:443 "GET /dl/android/studio/install/3.4.1.0/android-studio-ide-183.5522156-windows.exe HTTP/1.1" 200 1017327996
21:13:17 [DEBUG] Starting new HTTPS connection (1): www.google.com:443
21:13:17 [INFO]    🎯 212.34.138.33 (Нидерланды) - 49.2 Mbps, 208ms, UDP✅
21:13:17 [DEBUG] https://www.google.com:443 "GET /generate_204 HTTP/1.1" 204 0
21:13:17 [DEBUG] https://www.google.com:443 "GET /generate_204 HTTP/1.1" 204 0
21:13:17 [DEBUG] Starting new HTTPS connection (1): dl.google.com:443
21:13:17 [DEBUG] Starting new HTTPS connection (1): www.google.com:443
21:13:17 [DEBUG] Starting new HTTPS connection (1): dl.google.com:443
21:13:17 [DEBUG] Starting new HTTPS connection (1): www.google.com:443
21:13:17 [DEBUG] Starting new HTTPS connection (1): www.google.com:443
21:13:17 [DEBUG] https://dl.google.com:443 "GET /dl/android/studio/install/3.4.1.0/android-studio-ide-183.5522156-windows.exe HTTP/1.1" 200 1017327996
21:13:17 [DEBUG] Starting new HTTPS connection (1): www.google.com:443
21:13:17 [DEBUG] Starting new HTTPS connection (1): www.google.com:443
21:13:17 [DEBUG] Starting new HTTPS connection (1): www.google.com:443
21:13:17 [DEBUG] https://dl.google.com:443 "GET /dl/android/studio/install/3.4.1.0/android-studio-ide-183.5522156-windows.exe HTTP/1.1" 200 1017327996
21:13:17 [DEBUG] https://www.google.com:443 "GET /generate_204 HTTP/1.1" 204 0
21:13:17 [INFO]    🎯 195.26.224.112 (Нидерланды) - 49.1 Mbps, 266ms, UDP✅
21:13:17 [DEBUG] Starting new HTTPS connection (1): dl.google.com:443
21:13:17 [DEBUG] Starting new HTTPS connection (1): www.google.com:443
21:13:18 [DEBUG] https://dl.google.com:443 "GET /dl/android/studio/install/3.4.1.0/android-studio-ide-183.5522156-windows.exe HTTP/1.1" 200 1017327996
21:13:18 [DEBUG] Starting new HTTPS connection (1): www.google.com:443
21:13:18 [INFO]    🎯 89.110.114.23 (Нидерланды) - 38.0 Mbps, 184ms, UDP✅
21:13:18 [DEBUG] Starting new HTTPS connection (1): www.google.com:443
21:13:18 [DEBUG] Starting new HTTPS connection (1): www.google.com:443
21:13:18 [DEBUG] Starting new HTTPS connection (1): www.google.com:443
21:13:18 [DEBUG] https://www.google.com:443 "GET /generate_204 HTTP/1.1" 204 0
21:13:19 [DEBUG] Starting new HTTPS connection (1): www.google.com:443
21:13:19 [DEBUG] Starting new HTTPS connection (1): www.google.com:443
21:13:19 [DEBUG] Starting new HTTPS connection (1): www.google.com:443
21:13:19 [DEBUG] Starting new HTTPS connection (1): dl.google.com:443
21:13:19 [INFO]    🎯 80.85.245.242 (Нидерланды) - 7.0 Mbps, 155ms, UDP✅
21:13:19 [DEBUG] https://www.google.com:443 "GET /generate_204 HTTP/1.1" 204 0
21:13:20 [INFO]    🎯 77.238.231.156 (Нидерланды) - 2.1 Mbps, 254ms, UDP✅
21:13:20 [DEBUG] Starting new HTTPS connection (1): www.google.com:443
21:13:20 [DEBUG] Starting new HTTPS connection (1): www.google.com:443
21:13:20 [DEBUG] https://dl.google.com:443 "GET /dl/android/studio/install/3.4.1.0/android-studio-ide-183.5522156-windows.exe HTTP/1.1" 200 1017327996
21:13:20 [DEBUG] Starting new HTTPS connection (1): www.google.com:443
21:13:21 [DEBUG] Starting new HTTPS connection (1): www.google.com:443
21:13:21 [INFO]    🎯 51.158.206.80 (Нидерланды) - 13.3 Mbps, 1432ms, UDP✅
21:13:21 [DEBUG] https://www.google.com:443 "GET /generate_204 HTTP/1.1" 204 0
21:13:21 [DEBUG] https://www.google.com:443 "GET /generate_204 HTTP/1.1" 204 0
21:13:21 [DEBUG] Starting new HTTPS connection (1): dl.google.com:443
21:13:21 [DEBUG] https://www.google.com:443 "GET /generate_204 HTTP/1.1" 204 0
21:13:21 [DEBUG] Starting new HTTPS connection (1): www.google.com:443
21:13:21 [DEBUG] Starting new HTTPS connection (1): www.google.com:443
21:13:21 [DEBUG] Starting new HTTPS connection (1): www.google.com:443
21:13:21 [DEBUG] https://dl.google.com:443 "GET /dl/android/studio/install/3.4.1.0/android-studio-ide-183.5522156-windows.exe HTTP/1.1" 200 1017327996
21:13:21 [DEBUG] https://www.google.com:443 "GET /generate_204 HTTP/1.1" 204 0
21:13:21 [INFO]    🎯 91.84.112.93 (Нидерланды) - 45.0 Mbps, 147ms, UDP✅
21:13:21 [DEBUG] Starting new HTTPS connection (1): dl.google.com:443
21:13:21 [DEBUG] https://dl.google.com:443 "GET /dl/android/studio/install/3.4.1.0/android-studio-ide-183.5522156-windows.exe HTTP/1.1" 404 1449
21:13:21 [INFO]    🎯 162.159.7.198 (None) - 0.0 Mbps, 144ms, UDP✅
21:13:22 [DEBUG] Starting new HTTPS connection (1): www.google.com:443
21:13:22 [DEBUG] Starting new HTTPS connection (1): www.google.com:443
21:13:22 [DEBUG] Starting new HTTPS connection (1): www.google.com:443
21:13:22 [DEBUG] Starting new HTTPS connection (1): www.google.com:443
21:13:22 [DEBUG] Starting new HTTPS connection (1): www.google.com:443
21:13:22 [DEBUG] https://www.google.com:443 "GET /generate_204 HTTP/1.1" 204 0
21:13:22 [DEBUG] Starting new HTTPS connection (1): dl.google.com:443
21:13:22 [DEBUG] Starting new HTTPS connection (1): www.google.com:443
21:13:22 [DEBUG] https://dl.google.com:443 "GET /dl/android/studio/install/3.4.1.0/android-studio-ide-183.5522156-windows.exe HTTP/1.1" 404 1449
21:13:22 [INFO]    🎯 104.17.162.123 (None) - 0.0 Mbps, 154ms, UDP✅
21:13:22 [DEBUG] Starting new HTTPS connection (1): www.google.com:443
21:13:22 [DEBUG] Starting new HTTPS connection (1): dl.google.com:443
21:13:22 [DEBUG] https://www.google.com:443 "GET /generate_204 HTTP/1.1" 204 0
21:13:22 [DEBUG] Starting new HTTPS connection (1): dl.google.com:443
21:13:22 [DEBUG] Starting new HTTPS connection (1): www.google.com:443
21:13:23 [DEBUG] Starting new HTTPS connection (1): www.google.com:443
21:13:23 [DEBUG] Starting new HTTPS connection (1): www.google.com:443
21:13:23 [DEBUG] https://www.google.com:443 "GET /generate_204 HTTP/1.1" 204 0
21:13:23 [DEBUG] https://www.google.com:443 "GET /generate_204 HTTP/1.1" 204 0
21:13:23 [DEBUG] Starting new HTTPS connection (1): www.google.com:443
21:13:23 [DEBUG] Starting new HTTPS connection (1): www.google.com:443
21:13:23 [DEBUG] Starting new HTTPS connection (1): dl.google.com:443
21:13:24 [DEBUG] Starting new HTTPS connection (1): dl.google.com:443
21:13:24 [DEBUG] https://www.google.com:443 "GET /generate_204 HTTP/1.1" 204 0
21:13:24 [INFO]    📊 Глубокая проверка: 965/1937 (50%) | ✅156 ❌809
21:13:24 [DEBUG] https://dl.google.com:443 "GET /dl/android/studio/install/3.4.1.0/android-studio-ide-183.5522156-windows.exe HTTP/1.1" 200 1017327996
21:13:24 [DEBUG] https://dl.google.com:443 "GET /dl/android/studio/install/3.4.1.0/android-studio-ide-183.5522156-windows.exe HTTP/1.1" 200 1017327996
21:13:25 [DEBUG] https://dl.google.com:443 "GET /dl/android/studio/install/3.4.1.0/android-studio-ide-183.5522156-windows.exe HTTP/1.1" 200 1017327996
21:13:25 [DEBUG] Starting new HTTPS connection (1): www.google.com:443
21:13:25 [INFO]    🎯 85.158.109.149 (Польша) - 6.9 Mbps, 2413ms, UDP❌
21:13:25 [DEBUG] Starting new HTTPS connection (1): www.google.com:443
21:13:25 [DEBUG] Starting new HTTPS connection (1): dl.google.com:443
21:13:25 [DEBUG] Starting new HTTPS connection (1): www.google.com:443
21:13:25 [DEBUG] https://www.google.com:443 "GET /generate_204 HTTP/1.1" 204 0
21:13:26 [DEBUG] Starting new HTTPS connection (1): www.google.com:443
21:13:26 [DEBUG] Starting new HTTPS connection (1): www.google.com:443
21:13:26 [DEBUG] Starting new HTTPS connection (1): dl.google.com:443
21:13:26 [DEBUG] Starting new HTTPS connection (1): dl.google.com:443
21:13:26 [DEBUG] https://dl.google.com:443 "GET /dl/android/studio/install/3.4.1.0/android-studio-ide-183.5522156-windows.exe HTTP/1.1" 200 1017327996
21:13:26 [DEBUG] Starting new HTTPS connection (1): www.google.com:443
21:13:26 [DEBUG] Starting new HTTPS connection (1): www.google.com:443
21:13:26 [INFO]    🎯 104.17.73.206 (None) - 58.5 Mbps, 187ms, UDP❌
21:13:26 [DEBUG] https://dl.google.com:443 "GET /dl/android/studio/install/3.4.1.0/android-studio-ide-183.5522156-windows.exe HTTP/1.1" 200 1017327996
21:13:27 [DEBUG] Starting new HTTPS connection (1): www.google.com:443
21:13:27 [DEBUG] Starting new HTTPS connection (1): www.google.com:443
21:13:27 [DEBUG] Starting new HTTPS connection (1): www.google.com:443
21:13:27 [DEBUG] Starting new HTTPS connection (1): www.google.com:443
21:13:27 [DEBUG] Starting new HTTPS connection (1): www.google.com:443
21:13:27 [DEBUG] https://www.google.com:443 "GET /generate_204 HTTP/1.1" 204 0
21:13:27 [DEBUG] https://www.google.com:443 "GET /generate_204 HTTP/1.1" 204 0
21:13:27 [DEBUG] Starting new HTTPS connection (1): dl.google.com:443
21:13:28 [DEBUG] https://dl.google.com:443 "GET /dl/android/studio/install/3.4.1.0/android-studio-ide-183.5522156-windows.exe HTTP/1.1" 200 1017327996
21:13:28 [DEBUG] Starting new HTTPS connection (1): dl.google.com:443
21:13:28 [DEBUG] Starting new HTTPS connection (1): www.google.com:443
21:13:28 [DEBUG] https://www.google.com:443 "GET /generate_204 HTTP/1.1" 204 0
21:13:28 [DEBUG] Starting new HTTPS connection (1): www.google.com:443
21:13:28 [DEBUG] Starting new HTTPS connection (1): dl.google.com:443
21:13:28 [DEBUG] https://dl.google.com:443 "GET /dl/android/studio/install/3.4.1.0/android-studio-ide-183.5522156-windows.exe HTTP/1.1" 200 1017327996
21:13:28 [DEBUG] https://dl.google.com:443 "GET /dl/android/studio/install/3.4.1.0/android-studio-ide-183.5522156-windows.exe HTTP/1.1" 200 1017327996
21:13:28 [DEBUG] https://www.google.com:443 "GET /generate_204 HTTP/1.1" 204 0
21:13:28 [DEBUG] Starting new HTTPS connection (1): dl.google.com:443
21:13:28 [DEBUG] Starting new HTTPS connection (1): www.google.com:443
21:13:28 [INFO]    🎯 141.11.203.238 (Франция) - 31.1 Mbps, 159ms, UDP✅
21:13:28 [DEBUG] https://dl.google.com:443 "GET /dl/android/studio/install/3.4.1.0/android-studio-ide-183.5522156-windows.exe HTTP/1.1" 200 1017327996
21:13:28 [DEBUG] https://dl.google.com:443 "GET /dl/android/studio/install/3.4.1.0/android-studio-ide-183.5522156-windows.exe HTTP/1.1" 200 1017327996
21:13:28 [DEBUG] https://dl.google.com:443 "GET /dl/android/studio/install/3.4.1.0/android-studio-ide-183.5522156-windows.exe HTTP/1.1" 200 1017327996
21:13:28 [DEBUG] https://www.google.com:443 "GET /generate_204 HTTP/1.1" 204 0
21:13:28 [DEBUG] Starting new HTTPS connection (1): dl.google.com:443
21:13:28 [DEBUG] Starting new HTTPS connection (1): www.google.com:443
21:13:28 [DEBUG] Starting new HTTPS connection (1): dl.google.com:443
21:13:28 [DEBUG] https://www.google.com:443 "GET /generate_204 HTTP/1.1" 204 0
21:13:28 [INFO]    🎯 185.207.196.238 (MH) - 18.5 Mbps, 100ms, UDP✅
21:13:28 [DEBUG] Starting new HTTPS connection (1): dl.google.com:443
21:13:28 [INFO]    🎯 45.12.30.238 (Румыния) - 31.4 Mbps, 126ms, UDP✅
21:13:28 [INFO]    🎯 156.255.123.138 (Гонконг) - 24.6 Mbps, 71ms, UDP✅
21:13:29 [DEBUG] https://dl.google.com:443 "GET /dl/android/studio/install/3.4.1.0/android-studio-ide-183.5522156-windows.exe HTTP/1.1" 200 1017327996
21:13:29 [DEBUG] https://dl.google.com:443 "GET /dl/android/studio/install/3.4.1.0/android-studio-ide-183.5522156-windows.exe HTTP/1.1" 200 1017327996
21:13:29 [INFO]    🎯 185.251.81.238 (Испания) - 31.8 Mbps, 170ms, UDP✅
21:13:29 [INFO]    🎯 77.75.199.138 (Великобритания) - 49.8 Mbps, 157ms, UDP✅
21:13:29 [DEBUG] Starting new HTTPS connection (1): www.google.com:443
21:13:29 [DEBUG] https://www.google.com:443 "GET /generate_204 HTTP/1.1" 204 0
21:13:29 [DEBUG] Starting new HTTPS connection (1): dl.google.com:443
21:13:29 [DEBUG] https://dl.google.com:443 "GET /dl/android/studio/install/3.4.1.0/android-studio-ide-183.5522156-windows.exe HTTP/1.1" 200 1017327996
21:13:29 [DEBUG] Starting new HTTPS connection (1): www.google.com:443
21:13:29 [DEBUG] https://www.google.com:443 "GET /generate_204 HTTP/1.1" 204 0
21:13:29 [DEBUG] Starting new HTTPS connection (1): www.google.com:443
21:13:29 [DEBUG] Starting new HTTPS connection (1): www.google.com:443
21:13:30 [DEBUG] Starting new HTTPS connection (1): dl.google.com:443
21:13:30 [INFO]    🎯 94.140.0.1 (AE) - 47.1 Mbps, 72ms, UDP✅
21:13:30 [DEBUG] https://www.google.com:443 "GET /generate_204 HTTP/1.1" 204 0
21:13:30 [DEBUG] https://dl.google.com:443 "GET /dl/android/studio/install/3.4.1.0/android-studio-ide-183.5522156-windows.exe HTTP/1.1" 200 1017327996
21:13:30 [DEBUG] Starting new HTTPS connection (1): dl.google.com:443
21:13:30 [DEBUG] Starting new HTTPS connection (1): www.google.com:443
21:13:30 [DEBUG] Starting new HTTPS connection (1): www.google.com:443
21:13:30 [INFO]    🎯 45.12.30.138 (Румыния) - 59.6 Mbps, 86ms, UDP✅
21:13:30 [DEBUG] https://www.google.com:443 "GET /generate_204 HTTP/1.1" 204 0
21:13:30 [DEBUG] Starting new HTTPS connection (1): dl.google.com:443
21:13:30 [DEBUG] https://dl.google.com:443 "GET /dl/android/studio/install/3.4.1.0/android-studio-ide-183.5522156-windows.exe HTTP/1.1" 200 1017327996
21:13:30 [INFO]    🎯 27.50.49.238 (Сингапур) - 53.2 Mbps, 212ms, UDP✅
21:13:30 [DEBUG] https://dl.google.com:443 "GET /dl/android/studio/install/3.4.1.0/android-studio-ide-183.5522156-windows.exe HTTP/1.1" 200 1017327996
21:13:30 [INFO]    🎯 185.7.240.238 (Турция) - 69.7 Mbps, 185ms, UDP✅
21:13:31 [DEBUG] Starting new HTTPS connection (1): www.google.com:443
21:13:31 [DEBUG] https://www.google.com:443 "GET /generate_204 HTTP/1.1" 204 0
21:13:31 [DEBUG] Starting new HTTPS connection (1): dl.google.com:443
21:13:31 [DEBUG] Starting new HTTPS connection (1): www.google.com:443
21:13:31 [DEBUG] Starting new HTTPS connection (1): www.google.com:443
21:13:31 [DEBUG] https://dl.google.com:443 "GET /dl/android/studio/install/3.4.1.0/android-studio-ide-183.5522156-windows.exe HTTP/1.1" 200 1017327996
21:13:31 [INFO]    🎯 154.194.0.190 (SC) - 52.6 Mbps, 164ms, UDP✅
21:13:31 [DEBUG] https://www.google.com:443 "GET /generate_204 HTTP/1.1" 204 0
21:13:31 [DEBUG] Starting new HTTPS connection (1): dl.google.com:443
21:13:31 [DEBUG] Starting new HTTPS connection (1): www.google.com:443
21:13:31 [DEBUG] https://www.google.com:443 "GET /generate_204 HTTP/1.1" 204 0
21:13:31 [DEBUG] Starting new HTTPS connection (1): dl.google.com:443
21:13:31 [DEBUG] https://www.google.com:443 "GET /generate_204 HTTP/1.1" 204 0
21:13:31 [DEBUG] Starting new HTTPS connection (1): dl.google.com:443
21:13:31 [DEBUG] https://dl.google.com:443 "GET /dl/android/studio/install/3.4.1.0/android-studio-ide-183.5522156-windows.exe HTTP/1.1" 200 1017327996
21:13:32 [DEBUG] https://dl.google.com:443 "GET /dl/android/studio/install/3.4.1.0/android-studio-ide-183.5522156-windows.exe HTTP/1.1" 200 1017327996
21:13:32 [INFO]    🎯 25.129.199.238 (Великобритания) - 38.2 Mbps, 146ms, UDP✅
21:13:32 [DEBUG] https://dl.google.com:443 "GET /dl/android/studio/install/3.4.1.0/android-studio-ide-183.5522156-windows.exe HTTP/1.1" 200 1017327996
21:13:32 [INFO]    🎯 25.25.25.238 (Великобритания) - 25.5 Mbps, 407ms, UDP✅
21:13:32 [INFO]    🎯 154.197.80.238 (Япония) - 26.8 Mbps, 136ms, UDP✅
21:13:32 [DEBUG] https://www.google.com:443 "GET /generate_204 HTTP/1.1" 204 0
21:13:32 [DEBUG] Starting new HTTPS connection (1): www.google.com:443
21:13:33 [DEBUG] Starting new HTTPS connection (1): www.google.com:443
21:13:33 [DEBUG] Starting new HTTPS connection (1): www.google.com:443
21:13:33 [INFO]    🎯 150.241.115.147 (Германия) - 1.8 Mbps, 1342ms, UDP✅
21:13:33 [DEBUG] Starting new HTTPS connection (1): dl.google.com:443
21:13:33 [DEBUG] Starting new HTTPS connection (1): www.google.com:443
21:13:33 [DEBUG] Starting new HTTPS connection (1): www.google.com:443
21:13:33 [DEBUG] Starting new HTTPS connection (1): www.google.com:443
21:13:33 [DEBUG] Starting new HTTPS connection (1): www.google.com:443
21:13:34 [DEBUG] Starting new HTTPS connection (1): www.google.com:443
21:13:34 [DEBUG] Starting new HTTPS connection (1): www.google.com:443
21:13:34 [DEBUG] https://dl.google.com:443 "GET /dl/android/studio/install/3.4.1.0/android-studio-ide-183.5522156-windows.exe HTTP/1.1" 200 1017327996
21:13:34 [DEBUG] https://www.google.com:443 "GET /generate_204 HTTP/1.1" 204 0
21:13:35 [DEBUG] https://www.google.com:443 "GET /generate_204 HTTP/1.1" 204 0
21:13:35 [DEBUG] Starting new HTTPS connection (1): dl.google.com:443
21:13:35 [INFO]    🎯 8.6.112.0 (None) - 6.8 Mbps, 2378ms, UDP✅
21:13:36 [DEBUG] https://dl.google.com:443 "GET /dl/android/studio/install/3.4.1.0/android-studio-ide-183.5522156-windows.exe HTTP/1.1" 200 1017327996
21:13:36 [INFO]    🎯 104.20.1.252 (None) - 0.0 Mbps, 2252ms, UDP❌
21:13:36 [DEBUG] Starting new HTTPS connection (1): www.google.com:443
21:13:36 [DEBUG] Starting new HTTPS connection (1): www.google.com:443
21:13:36 [DEBUG] Starting new HTTPS connection (1): www.google.com:443
21:13:36 [DEBUG] https://www.google.com:443 "GET /generate_204 HTTP/1.1" 204 0
21:13:36 [DEBUG] Starting new HTTPS connection (1): www.google.com:443
21:13:36 [DEBUG] Starting new HTTPS connection (1): dl.google.com:443
21:13:36 [DEBUG] https://www.google.com:443 "GET /generate_204 HTTP/1.1" 204 0
21:13:36 [DEBUG] Starting new HTTPS connection (1): www.google.com:443
21:13:36 [DEBUG] Starting new HTTPS connection (1): dl.google.com:443
21:13:36 [DEBUG] Starting new HTTPS connection (1): www.google.com:443
21:13:36 [DEBUG] https://dl.google.com:443 "GET /dl/android/studio/install/3.4.1.0/android-studio-ide-183.5522156-windows.exe HTTP/1.1" 200 1017327996
21:13:37 [DEBUG] https://dl.google.com:443 "GET /dl/android/studio/install/3.4.1.0/android-studio-ide-183.5522156-windows.exe HTTP/1.1" 404 1449
21:13:37 [DEBUG] Starting new HTTPS connection (1): dl.google.com:443
21:13:37 [INFO]    🎯 104.21.40.34 (None) - 0.0 Mbps, 97ms, UDP✅
21:13:37 [DEBUG] Starting new HTTPS connection (1): www.google.com:443
21:13:37 [INFO]    🎯 144.31.94.36 (Великобритания) - 44.9 Mbps, 51ms, UDP✅
21:13:37 [INFO]    🎯 172.64.152.23 (None) - 9.0 Mbps, 910ms, UDP✅
21:13:37 [DEBUG] Starting new HTTPS connection (1): www.google.com:443
21:13:37 [DEBUG] Starting new HTTPS connection (1): www.google.com:443
21:13:38 [DEBUG] Starting new HTTPS connection (1): www.google.com:443
21:13:38 [DEBUG] Starting new HTTPS connection (1): www.google.com:443
21:13:38 [DEBUG] Starting new HTTPS connection (1): www.google.com:443
21:13:38 [INFO]    🎯 87.239.252.186 (Нидерланды) - 1.1 Mbps, 1594ms, UDP✅
21:13:39 [DEBUG] Starting new HTTPS connection (1): www.google.com:443
21:13:39 [DEBUG] Starting new HTTPS connection (1): www.google.com:443
21:13:39 [DEBUG] Starting new HTTPS connection (1): www.google.com:443
21:13:39 [DEBUG] Starting new HTTPS connection (1): www.google.com:443
21:13:39 [DEBUG] Starting new HTTPS connection (1): www.google.com:443
21:13:39 [DEBUG] Starting new HTTPS connection (1): www.google.com:443
21:13:39 [DEBUG] Starting new HTTPS connection (1): www.google.com:443
21:13:40 [DEBUG] Starting new HTTPS connection (1): www.google.com:443
21:13:40 [DEBUG] Starting new HTTPS connection (1): www.google.com:443
21:13:40 [DEBUG] Starting new HTTPS connection (1): www.google.com:443
21:13:40 [DEBUG] Starting new HTTPS connection (1): www.google.com:443
21:13:42 [DEBUG] Starting new HTTPS connection (1): www.google.com:443
21:13:42 [DEBUG] Starting new HTTPS connection (1): www.google.com:443
21:13:42 [DEBUG] Starting new HTTPS connection (1): www.google.com:443
21:13:42 [DEBUG] Starting new HTTPS connection (1): www.google.com:443
21:13:42 [DEBUG] Starting new HTTPS connection (1): www.google.com:443
21:13:43 [DEBUG] Starting new HTTPS connection (1): www.google.com:443
21:13:43 [DEBUG] Starting new HTTPS connection (1): www.google.com:443
21:13:43 [DEBUG] Starting new HTTPS connection (1): www.google.com:443
21:13:43 [DEBUG] Starting new HTTPS connection (1): www.google.com:443
21:13:43 [DEBUG] Starting new HTTPS connection (1): www.google.com:443
21:13:44 [DEBUG] https://www.google.com:443 "GET /generate_204 HTTP/1.1" 204 0
21:13:45 [DEBUG] https://dl.google.com:443 "GET /dl/android/studio/install/3.4.1.0/android-studio-ide-183.5522156-windows.exe HTTP/1.1" 200 1017327996
21:13:45 [DEBUG] Starting new HTTPS connection (1): www.google.com:443
21:13:45 [DEBUG] Starting new HTTPS connection (1): www.google.com:443
21:13:45 [DEBUG] Starting new HTTPS connection (1): www.google.com:443
21:13:45 [DEBUG] Starting new HTTPS connection (1): www.google.com:443
21:13:46 [INFO]    🎯 162.159.152.4 (None) - 1.8 Mbps, 9797ms, UDP✅
21:13:46 [DEBUG] Starting new HTTPS connection (1): www.google.com:443
21:13:46 [DEBUG] Starting new HTTPS connection (1): dl.google.com:443
21:13:46 [DEBUG] Starting new HTTPS connection (1): www.google.com:443
21:13:46 [DEBUG] Starting new HTTPS connection (1): www.google.com:443
21:13:47 [DEBUG] Starting new HTTPS connection (1): www.google.com:443
21:13:47 [DEBUG] Starting new HTTPS connection (1): www.google.com:443
21:13:47 [DEBUG] Starting new HTTPS connection (1): www.google.com:443
21:13:47 [DEBUG] https://dl.google.com:443 "GET /dl/android/studio/install/3.4.1.0/android-studio-ide-183.5522156-windows.exe HTTP/1.1" 200 1017327996
21:13:48 [INFO]    🎯 104.18.32.47 (None) - 11.2 Mbps, 4934ms, UDP✅
21:13:48 [DEBUG] Starting new HTTPS connection (1): www.google.com:443
21:13:48 [DEBUG] Starting new HTTPS connection (1): www.google.com:443
21:13:49 [DEBUG] Starting new HTTPS connection (1): www.google.com:443
21:13:49 [DEBUG] Starting new HTTPS connection (1): www.google.com:443
21:13:49 [DEBUG] Starting new HTTPS connection (1): www.google.com:443
21:13:49 [DEBUG] Starting new HTTPS connection (1): www.google.com:443
21:13:49 [DEBUG] Starting new HTTPS connection (1): www.google.com:443
21:13:50 [DEBUG] Starting new HTTPS connection (1): www.google.com:443
21:13:50 [DEBUG] Starting new HTTPS connection (1): www.google.com:443
21:13:50 [DEBUG] Starting new HTTPS connection (1): www.google.com:443
21:13:50 [DEBUG] Starting new HTTPS connection (1): www.google.com:443
21:13:50 [DEBUG] Starting new HTTPS connection (1): www.google.com:443
21:13:50 [DEBUG] Starting new HTTPS connection (1): www.google.com:443
21:13:51 [DEBUG] Starting new HTTPS connection (1): www.google.com:443
21:13:51 [DEBUG] Starting new HTTPS connection (1): www.google.com:443
21:13:51 [DEBUG] Starting new HTTPS connection (1): www.google.com:443
21:13:51 [DEBUG] Starting new HTTPS connection (1): www.google.com:443
21:13:52 [DEBUG] Starting new HTTPS connection (1): www.google.com:443
21:13:52 [DEBUG] Starting new HTTPS connection (1): www.google.com:443
21:13:52 [INFO]    🎯 91.84.102.30 (Нидерланды) - 0.6 Mbps, 1358ms, UDP❌
21:13:52 [DEBUG] Starting new HTTPS connection (1): www.google.com:443
21:13:53 [DEBUG] Starting new HTTPS connection (1): www.google.com:443
21:13:53 [DEBUG] Starting new HTTPS connection (1): www.google.com:443
21:13:53 [DEBUG] Starting new HTTPS connection (1): www.google.com:443
21:13:53 [DEBUG] Starting new HTTPS connection (1): www.google.com:443
21:13:53 [DEBUG] Starting new HTTPS connection (1): www.google.com:443
21:13:54 [DEBUG] Starting new HTTPS connection (1): www.google.com:443
21:13:54 [DEBUG] Starting new HTTPS connection (1): www.google.com:443
21:13:54 [DEBUG] Starting new HTTPS connection (1): www.google.com:443
21:13:54 [DEBUG] Starting new HTTPS connection (1): www.google.com:443
21:13:54 [DEBUG] Starting new HTTPS connection (1): www.google.com:443
21:13:54 [DEBUG] Starting new HTTPS connection (1): www.google.com:443
21:13:55 [DEBUG] Starting new HTTPS connection (1): www.google.com:443
21:13:55 [DEBUG] Starting new HTTPS connection (1): www.google.com:443
21:13:55 [DEBUG] Starting new HTTPS connection (1): www.google.com:443
21:13:55 [DEBUG] Starting new HTTPS connection (1): www.google.com:443
21:13:56 [DEBUG] Starting new HTTPS connection (1): www.google.com:443
21:13:57 [DEBUG] Starting new HTTPS connection (1): www.google.com:443
21:13:57 [DEBUG] Starting new HTTPS connection (1): www.google.com:443
21:13:57 [DEBUG] Starting new HTTPS connection (1): www.google.com:443
21:13:57 [DEBUG] Starting new HTTPS connection (1): www.google.com:443
21:13:57 [DEBUG] Starting new HTTPS connection (1): www.google.com:443
21:13:58 [DEBUG] Starting new HTTPS connection (1): www.google.com:443
21:13:58 [DEBUG] Starting new HTTPS connection (1): www.google.com:443
21:13:58 [DEBUG] Starting new HTTPS connection (1): www.google.com:443
21:13:58 [DEBUG] Starting new HTTPS connection (1): www.google.com:443
21:13:58 [DEBUG] https://www.google.com:443 "GET /generate_204 HTTP/1.1" 204 0
21:13:58 [DEBUG] https://www.google.com:443 "GET /generate_204 HTTP/1.1" 204 0
21:13:58 [DEBUG] Starting new HTTPS connection (1): www.google.com:443
21:13:58 [DEBUG] Starting new HTTPS connection (1): dl.google.com:443
21:13:58 [DEBUG] Starting new HTTPS connection (1): dl.google.com:443
21:13:58 [DEBUG] Starting new HTTPS connection (1): www.google.com:443
21:13:58 [DEBUG] https://dl.google.com:443 "GET /dl/android/studio/install/3.4.1.0/android-studio-ide-183.5522156-windows.exe HTTP/1.1" 404 1449
21:13:58 [INFO]    🎯 104.16.9.20 (None) - 0.0 Mbps, 315ms, UDP✅
21:13:58 [DEBUG] Starting new HTTPS connection (1): www.google.com:443
21:13:58 [DEBUG] https://dl.google.com:443 "GET /dl/android/studio/install/3.4.1.0/android-studio-ide-183.5522156-windows.exe HTTP/1.1" 404 1449
21:13:58 [INFO]    🎯 172.67.249.36 (None) - 0.0 Mbps, 302ms, UDP✅
21:13:58 [DEBUG] Starting new HTTPS connection (1): www.google.com:443
21:13:59 [DEBUG] Starting new HTTPS connection (1): www.google.com:443
21:13:59 [DEBUG] Starting new HTTPS connection (1): www.google.com:443
21:13:59 [DEBUG] Starting new HTTPS connection (1): www.google.com:443
21:13:59 [DEBUG] Starting new HTTPS connection (1): www.google.com:443
21:13:59 [DEBUG] Starting new HTTPS connection (1): www.google.com:443
21:13:59 [DEBUG] Starting new HTTPS connection (1): www.google.com:443
21:14:00 [DEBUG] Starting new HTTPS connection (1): www.google.com:443
21:14:00 [DEBUG] Starting new HTTPS connection (1): www.google.com:443
21:14:00 [DEBUG] Starting new HTTPS connection (1): www.google.com:443
21:14:00 [DEBUG] Starting new HTTPS connection (1): www.google.com:443
21:14:00 [DEBUG] Starting new HTTPS connection (1): www.google.com:443
21:14:00 [DEBUG] Starting new HTTPS connection (1): www.google.com:443
21:14:01 [DEBUG] Starting new HTTPS connection (1): www.google.com:443
21:14:01 [DEBUG] Starting new HTTPS connection (1): www.google.com:443
21:14:01 [DEBUG] Starting new HTTPS connection (1): www.google.com:443
21:14:01 [DEBUG] Starting new HTTPS connection (1): www.google.com:443
21:14:01 [DEBUG] Starting new HTTPS connection (1): www.google.com:443
21:14:01 [DEBUG] Starting new HTTPS connection (1): www.google.com:443
21:14:01 [DEBUG] Starting new HTTPS connection (1): www.google.com:443
21:14:01 [DEBUG] Starting new HTTPS connection (1): www.google.com:443
21:14:01 [DEBUG] Starting new HTTPS connection (1): www.google.com:443
21:14:01 [DEBUG] Starting new HTTPS connection (1): www.google.com:443
21:14:02 [DEBUG] Starting new HTTPS connection (1): www.google.com:443
21:14:02 [DEBUG] Starting new HTTPS connection (1): www.google.com:443
21:14:02 [DEBUG] Starting new HTTPS connection (1): www.google.com:443
21:14:02 [DEBUG] Starting new HTTPS connection (1): www.google.com:443
21:14:02 [DEBUG] Starting new HTTPS connection (1): www.google.com:443
21:14:02 [DEBUG] Starting new HTTPS connection (1): www.google.com:443
21:14:02 [DEBUG] Starting new HTTPS connection (1): www.google.com:443
21:14:02 [DEBUG] Starting new HTTPS connection (1): www.google.com:443
21:14:02 [DEBUG] Starting new HTTPS connection (1): www.google.com:443
21:14:03 [DEBUG] Starting new HTTPS connection (1): www.google.com:443
21:14:03 [DEBUG] Starting new HTTPS connection (1): www.google.com:443
21:14:03 [DEBUG] Starting new HTTPS connection (1): www.google.com:443
21:14:03 [DEBUG] Starting new HTTPS connection (1): www.google.com:443
21:14:03 [DEBUG] Starting new HTTPS connection (1): www.google.com:443
21:14:03 [DEBUG] Starting new HTTPS connection (1): www.google.com:443
21:14:03 [DEBUG] https://www.google.com:443 "GET /generate_204 HTTP/1.1" 204 0
21:14:03 [DEBUG] Starting new HTTPS connection (1): dl.google.com:443
21:14:03 [DEBUG] https://dl.google.com:443 "GET /dl/android/studio/install/3.4.1.0/android-studio-ide-183.5522156-windows.exe HTTP/1.1" 200 1017327996
21:14:03 [INFO]    🎯 104.21.224.5 (None) - 57.6 Mbps, 237ms, UDP✅
21:14:04 [DEBUG] Starting new HTTPS connection (1): www.google.com:443
21:14:04 [DEBUG] Starting new HTTPS connection (1): www.google.com:443
21:14:04 [DEBUG] Starting new HTTPS connection (1): www.google.com:443
21:14:04 [DEBUG] Starting new HTTPS connection (1): www.google.com:443
21:14:04 [DEBUG] Starting new HTTPS connection (1): www.google.com:443
21:14:05 [DEBUG] Starting new HTTPS connection (1): www.google.com:443
21:14:05 [DEBUG] Starting new HTTPS connection (1): www.google.com:443
21:14:05 [DEBUG] Starting new HTTPS connection (1): www.google.com:443
21:14:05 [DEBUG] Starting new HTTPS connection (1): www.google.com:443
21:14:05 [DEBUG] Starting new HTTPS connection (1): www.google.com:443
21:14:05 [DEBUG] Starting new HTTPS connection (1): www.google.com:443
21:14:05 [DEBUG] Starting new HTTPS connection (1): www.google.com:443
21:14:05 [DEBUG] Starting new HTTPS connection (1): www.google.com:443
21:14:05 [DEBUG] Starting new HTTPS connection (1): www.google.com:443
21:14:06 [DEBUG] Starting new HTTPS connection (1): www.google.com:443
21:14:06 [DEBUG] Starting new HTTPS connection (1): www.google.com:443
21:14:06 [INFO]    📊 Глубокая проверка: 1158/1937 (60%) | ✅185 ❌973
21:14:06 [DEBUG] Starting new HTTPS connection (1): www.google.com:443
21:14:06 [DEBUG] Starting new HTTPS connection (1): www.google.com:443
21:14:06 [DEBUG] Starting new HTTPS connection (1): www.google.com:443
21:14:06 [DEBUG] Starting new HTTPS connection (1): www.google.com:443
21:14:06 [DEBUG] Starting new HTTPS connection (1): www.google.com:443
21:14:06 [DEBUG] Starting new HTTPS connection (1): www.google.com:443
21:14:06 [INFO]    🎯 46.246.98.74 (Швеция) - 0.4 Mbps, 5451ms, UDP❌
21:14:06 [DEBUG] Starting new HTTPS connection (1): www.google.com:443
21:14:06 [DEBUG] Starting new HTTPS connection (1): www.google.com:443
21:14:06 [DEBUG] Starting new HTTPS connection (1): www.google.com:443
21:14:06 [DEBUG] Starting new HTTPS connection (1): www.google.com:443
21:14:06 [DEBUG] Starting new HTTPS connection (1): www.google.com:443
21:14:07 [DEBUG] Starting new HTTPS connection (1): www.google.com:443
21:14:07 [DEBUG] Starting new HTTPS connection (1): www.google.com:443
21:14:07 [DEBUG] Starting new HTTPS connection (1): www.google.com:443
21:14:07 [DEBUG] Starting new HTTPS connection (1): www.google.com:443
21:14:07 [DEBUG] Starting new HTTPS connection (1): www.google.com:443
21:14:07 [DEBUG] Starting new HTTPS connection (1): www.google.com:443
21:14:07 [DEBUG] Starting new HTTPS connection (1): www.google.com:443
21:14:07 [DEBUG] Starting new HTTPS connection (1): www.google.com:443
21:14:07 [DEBUG] Starting new HTTPS connection (1): www.google.com:443
21:14:07 [DEBUG] Starting new HTTPS connection (1): www.google.com:443
21:14:07 [DEBUG] Starting new HTTPS connection (1): www.google.com:443
21:14:07 [DEBUG] Starting new HTTPS connection (1): www.google.com:443
21:14:08 [DEBUG] Starting new HTTPS connection (1): www.google.com:443
21:14:08 [DEBUG] Starting new HTTPS connection (1): www.google.com:443
21:14:08 [DEBUG] Starting new HTTPS connection (1): www.google.com:443
21:14:08 [DEBUG] Starting new HTTPS connection (1): www.google.com:443
21:14:09 [DEBUG] Starting new HTTPS connection (1): www.google.com:443
21:14:09 [DEBUG] Starting new HTTPS connection (1): www.google.com:443
21:14:09 [DEBUG] Starting new HTTPS connection (1): www.google.com:443
21:14:10 [DEBUG] Starting new HTTPS connection (1): www.google.com:443
21:14:10 [DEBUG] Starting new HTTPS connection (1): www.google.com:443
21:14:10 [DEBUG] Starting new HTTPS connection (1): www.google.com:443
21:14:10 [DEBUG] Starting new HTTPS connection (1): www.google.com:443
21:14:10 [DEBUG] Starting new HTTPS connection (1): www.google.com:443
21:14:10 [DEBUG] Starting new HTTPS connection (1): www.google.com:443
21:14:11 [DEBUG] Starting new HTTPS connection (1): www.google.com:443
21:14:11 [DEBUG] Starting new HTTPS connection (1): www.google.com:443
21:14:11 [DEBUG] Starting new HTTPS connection (1): www.google.com:443
21:14:11 [DEBUG] Starting new HTTPS connection (1): www.google.com:443
21:14:11 [DEBUG] Starting new HTTPS connection (1): www.google.com:443
21:14:11 [DEBUG] Starting new HTTPS connection (1): www.google.com:443
21:14:11 [DEBUG] Starting new HTTPS connection (1): www.google.com:443
21:14:12 [DEBUG] Starting new HTTPS connection (1): www.google.com:443
21:14:12 [DEBUG] Starting new HTTPS connection (1): www.google.com:443
21:14:12 [DEBUG] Starting new HTTPS connection (1): www.google.com:443
21:14:12 [DEBUG] Starting new HTTPS connection (1): www.google.com:443
21:14:12 [DEBUG] Starting new HTTPS connection (1): www.google.com:443
21:14:12 [DEBUG] Starting new HTTPS connection (1): www.google.com:443
21:14:13 [DEBUG] Starting new HTTPS connection (1): www.google.com:443
21:14:13 [DEBUG] Starting new HTTPS connection (1): www.google.com:443
21:14:13 [DEBUG] Starting new HTTPS connection (1): www.google.com:443
21:14:13 [DEBUG] Starting new HTTPS connection (1): www.google.com:443
21:14:13 [DEBUG] Starting new HTTPS connection (1): www.google.com:443
21:14:13 [DEBUG] Starting new HTTPS connection (1): www.google.com:443
21:14:14 [DEBUG] Starting new HTTPS connection (1): www.google.com:443
21:14:14 [DEBUG] Starting new HTTPS connection (1): www.google.com:443
21:14:14 [DEBUG] Starting new HTTPS connection (1): www.google.com:443
21:14:14 [DEBUG] Starting new HTTPS connection (1): www.google.com:443
21:14:14 [DEBUG] Starting new HTTPS connection (1): www.google.com:443
21:14:14 [DEBUG] Starting new HTTPS connection (1): www.google.com:443
21:14:14 [DEBUG] Starting new HTTPS connection (1): www.google.com:443
21:14:14 [DEBUG] Starting new HTTPS connection (1): www.google.com:443
21:14:14 [DEBUG] Starting new HTTPS connection (1): www.google.com:443
21:14:14 [DEBUG] Starting new HTTPS connection (1): www.google.com:443
21:14:15 [DEBUG] Starting new HTTPS connection (1): www.google.com:443
21:14:15 [DEBUG] Starting new HTTPS connection (1): www.google.com:443
21:14:15 [DEBUG] Starting new HTTPS connection (1): www.google.com:443
21:14:15 [DEBUG] Starting new HTTPS connection (1): www.google.com:443
21:14:15 [DEBUG] Starting new HTTPS connection (1): www.google.com:443
21:14:15 [DEBUG] Starting new HTTPS connection (1): www.google.com:443
21:14:16 [DEBUG] Starting new HTTPS connection (1): www.google.com:443
21:14:16 [DEBUG] Starting new HTTPS connection (1): www.google.com:443
21:14:16 [DEBUG] Starting new HTTPS connection (1): www.google.com:443
21:14:16 [DEBUG] Starting new HTTPS connection (1): www.google.com:443
21:14:17 [DEBUG] Starting new HTTPS connection (1): www.google.com:443
21:14:17 [DEBUG] Starting new HTTPS connection (1): www.google.com:443
21:14:17 [DEBUG] Starting new HTTPS connection (1): www.google.com:443
21:14:17 [DEBUG] Starting new HTTPS connection (1): www.google.com:443
21:14:17 [DEBUG] Starting new HTTPS connection (1): www.google.com:443
21:14:17 [DEBUG] Starting new HTTPS connection (1): www.google.com:443
21:14:17 [DEBUG] Starting new HTTPS connection (1): www.google.com:443
21:14:17 [DEBUG] Starting new HTTPS connection (1): www.google.com:443
21:14:17 [DEBUG] Starting new HTTPS connection (1): www.google.com:443
21:14:18 [DEBUG] Starting new HTTPS connection (1): www.google.com:443
21:14:18 [DEBUG] Starting new HTTPS connection (1): www.google.com:443
21:14:18 [DEBUG] Starting new HTTPS connection (1): www.google.com:443
21:14:18 [DEBUG] Starting new HTTPS connection (1): www.google.com:443
21:14:18 [DEBUG] Starting new HTTPS connection (1): www.google.com:443
21:14:18 [DEBUG] Starting new HTTPS connection (1): www.google.com:443
21:14:19 [DEBUG] Starting new HTTPS connection (1): www.google.com:443
21:14:19 [DEBUG] Starting new HTTPS connection (1): www.google.com:443
21:14:19 [DEBUG] Starting new HTTPS connection (1): www.google.com:443
21:14:19 [DEBUG] Starting new HTTPS connection (1): www.google.com:443
21:14:19 [DEBUG] Starting new HTTPS connection (1): www.google.com:443
21:14:19 [DEBUG] Starting new HTTPS connection (1): www.google.com:443
21:14:20 [DEBUG] Starting new HTTPS connection (1): www.google.com:443
21:14:20 [DEBUG] Starting new HTTPS connection (1): www.google.com:443
21:14:20 [DEBUG] Starting new HTTPS connection (1): www.google.com:443
21:14:20 [DEBUG] Starting new HTTPS connection (1): www.google.com:443
21:14:20 [DEBUG] Starting new HTTPS connection (1): www.google.com:443
21:14:20 [DEBUG] Starting new HTTPS connection (1): www.google.com:443
21:14:20 [DEBUG] Starting new HTTPS connection (1): www.google.com:443
21:14:20 [DEBUG] Starting new HTTPS connection (1): www.google.com:443
21:14:20 [DEBUG] Starting new HTTPS connection (1): www.google.com:443
21:14:20 [DEBUG] Starting new HTTPS connection (1): www.google.com:443
21:14:21 [DEBUG] Starting new HTTPS connection (1): www.google.com:443
21:14:21 [DEBUG] Starting new HTTPS connection (1): www.google.com:443
21:14:21 [DEBUG] Starting new HTTPS connection (1): www.google.com:443
21:14:21 [DEBUG] Starting new HTTPS connection (1): www.google.com:443
21:14:21 [DEBUG] Starting new HTTPS connection (1): www.google.com:443
21:14:21 [DEBUG] Starting new HTTPS connection (1): www.google.com:443
21:14:21 [DEBUG] Starting new HTTPS connection (1): www.google.com:443
21:14:21 [DEBUG] Starting new HTTPS connection (1): www.google.com:443
21:14:21 [DEBUG] Starting new HTTPS connection (1): www.google.com:443
21:14:22 [DEBUG] Starting new HTTPS connection (1): www.google.com:443
21:14:22 [DEBUG] Starting new HTTPS connection (1): www.google.com:443
21:14:22 [DEBUG] Starting new HTTPS connection (1): www.google.com:443
21:14:22 [DEBUG] Starting new HTTPS connection (1): www.google.com:443
21:14:22 [DEBUG] Starting new HTTPS connection (1): www.google.com:443
21:14:23 [DEBUG] Starting new HTTPS connection (1): www.google.com:443
21:14:23 [DEBUG] Starting new HTTPS connection (1): www.google.com:443
21:14:23 [DEBUG] Starting new HTTPS connection (1): www.google.com:443
21:14:23 [DEBUG] Starting new HTTPS connection (1): www.google.com:443
21:14:23 [DEBUG] Starting new HTTPS connection (1): www.google.com:443
21:14:23 [DEBUG] Starting new HTTPS connection (1): www.google.com:443
21:14:24 [DEBUG] Starting new HTTPS connection (1): www.google.com:443
21:14:24 [DEBUG] Starting new HTTPS connection (1): www.google.com:443
21:14:24 [DEBUG] Starting new HTTPS connection (1): www.google.com:443
21:14:24 [DEBUG] Starting new HTTPS connection (1): www.google.com:443
21:14:24 [DEBUG] Starting new HTTPS connection (1): www.google.com:443
21:14:24 [DEBUG] Starting new HTTPS connection (1): www.google.com:443
21:14:24 [DEBUG] Starting new HTTPS connection (1): www.google.com:443
21:14:25 [DEBUG] Starting new HTTPS connection (1): www.google.com:443
21:14:25 [DEBUG] Starting new HTTPS connection (1): www.google.com:443
21:14:25 [DEBUG] Starting new HTTPS connection (1): www.google.com:443
21:14:26 [DEBUG] Starting new HTTPS connection (1): www.google.com:443
21:14:26 [DEBUG] Starting new HTTPS connection (1): www.google.com:443
21:14:26 [DEBUG] Starting new HTTPS connection (1): www.google.com:443
21:14:26 [DEBUG] Starting new HTTPS connection (1): www.google.com:443
21:14:26 [DEBUG] Starting new HTTPS connection (1): www.google.com:443
21:14:26 [DEBUG] Starting new HTTPS connection (1): www.google.com:443
21:14:27 [DEBUG] Starting new HTTPS connection (1): www.google.com:443
21:14:27 [DEBUG] Starting new HTTPS connection (1): www.google.com:443
21:14:27 [DEBUG] Starting new HTTPS connection (1): www.google.com:443
21:14:27 [DEBUG] Starting new HTTPS connection (1): www.google.com:443
21:14:27 [DEBUG] Starting new HTTPS connection (1): www.google.com:443
21:14:27 [DEBUG] Starting new HTTPS connection (1): www.google.com:443
21:14:27 [DEBUG] Starting new HTTPS connection (1): www.google.com:443
21:14:27 [DEBUG] Starting new HTTPS connection (1): www.google.com:443
21:14:28 [DEBUG] Starting new HTTPS connection (1): www.google.com:443
21:14:28 [DEBUG] Starting new HTTPS connection (1): www.google.com:443
21:14:28 [DEBUG] Starting new HTTPS connection (1): www.google.com:443
21:14:28 [DEBUG] Starting new HTTPS connection (1): www.google.com:443
21:14:29 [DEBUG] Starting new HTTPS connection (1): www.google.com:443
21:14:29 [DEBUG] Starting new HTTPS connection (1): www.google.com:443
21:14:29 [DEBUG] Starting new HTTPS connection (1): www.google.com:443
21:14:29 [DEBUG] Starting new HTTPS connection (1): www.google.com:443
21:14:29 [DEBUG] Starting new HTTPS connection (1): www.google.com:443
21:14:30 [DEBUG] Starting new HTTPS connection (1): www.google.com:443
21:14:30 [DEBUG] Starting new HTTPS connection (1): www.google.com:443
21:14:30 [DEBUG] Starting new HTTPS connection (1): www.google.com:443
21:14:30 [DEBUG] Starting new HTTPS connection (1): www.google.com:443
21:14:30 [DEBUG] Starting new HTTPS connection (1): www.google.com:443
21:14:30 [DEBUG] Starting new HTTPS connection (1): www.google.com:443
21:14:31 [DEBUG] Starting new HTTPS connection (1): www.google.com:443
21:14:31 [DEBUG] Starting new HTTPS connection (1): www.google.com:443
21:14:32 [DEBUG] Starting new HTTPS connection (1): www.google.com:443
21:14:32 [DEBUG] Starting new HTTPS connection (1): www.google.com:443
21:14:32 [DEBUG] Starting new HTTPS connection (1): www.google.com:443
21:14:32 [DEBUG] Starting new HTTPS connection (1): www.google.com:443
21:14:32 [DEBUG] Starting new HTTPS connection (1): www.google.com:443
21:14:32 [DEBUG] Starting new HTTPS connection (1): www.google.com:443
21:14:32 [DEBUG] Starting new HTTPS connection (1): www.google.com:443
21:14:33 [DEBUG] Starting new HTTPS connection (1): www.google.com:443
21:14:33 [DEBUG] Starting new HTTPS connection (1): www.google.com:443
21:14:33 [DEBUG] Starting new HTTPS connection (1): www.google.com:443
21:14:33 [DEBUG] Starting new HTTPS connection (1): www.google.com:443
21:14:33 [DEBUG] Starting new HTTPS connection (1): www.google.com:443
21:14:33 [DEBUG] Starting new HTTPS connection (1): www.google.com:443
21:14:33 [DEBUG] Starting new HTTPS connection (1): www.google.com:443
21:14:33 [DEBUG] Starting new HTTPS connection (1): www.google.com:443
21:14:34 [DEBUG] Starting new HTTPS connection (1): www.google.com:443
21:14:34 [DEBUG] Starting new HTTPS connection (1): www.google.com:443
21:14:35 [DEBUG] Starting new HTTPS connection (1): www.google.com:443
21:14:35 [DEBUG] Starting new HTTPS connection (1): www.google.com:443
21:14:35 [DEBUG] Starting new HTTPS connection (1): www.google.com:443
21:14:35 [DEBUG] Starting new HTTPS connection (1): www.google.com:443
21:14:35 [DEBUG] Starting new HTTPS connection (1): www.google.com:443
21:14:35 [DEBUG] Starting new HTTPS connection (1): www.google.com:443
21:14:36 [DEBUG] Starting new HTTPS connection (1): www.google.com:443
21:14:36 [DEBUG] Starting new HTTPS connection (1): www.google.com:443
21:14:36 [DEBUG] Starting new HTTPS connection (1): www.google.com:443
21:14:36 [DEBUG] Starting new HTTPS connection (1): www.google.com:443
21:14:36 [DEBUG] Starting new HTTPS connection (1): www.google.com:443
21:14:36 [DEBUG] Starting new HTTPS connection (1): www.google.com:443
21:14:36 [DEBUG] Starting new HTTPS connection (1): www.google.com:443
21:14:36 [DEBUG] Starting new HTTPS connection (1): www.google.com:443
21:14:37 [DEBUG] Starting new HTTPS connection (1): www.google.com:443
21:14:37 [DEBUG] Starting new HTTPS connection (1): www.google.com:443
21:14:37 [DEBUG] Starting new HTTPS connection (1): www.google.com:443
21:14:37 [DEBUG] Starting new HTTPS connection (1): www.google.com:443
21:14:37 [INFO]    📊 Глубокая проверка: 1351/1937 (70%) | ✅186 ❌1165
21:14:37 [DEBUG] Starting new HTTPS connection (1): www.google.com:443
21:14:37 [DEBUG] Starting new HTTPS connection (1): www.google.com:443
21:14:37 [DEBUG] Starting new HTTPS connection (1): www.google.com:443
21:14:38 [DEBUG] Starting new HTTPS connection (1): www.google.com:443
21:14:38 [DEBUG] Starting new HTTPS connection (1): www.google.com:443
21:14:38 [DEBUG] Starting new HTTPS connection (1): www.google.com:443
21:14:38 [DEBUG] Starting new HTTPS connection (1): www.google.com:443
21:14:38 [DEBUG] Starting new HTTPS connection (1): www.google.com:443
21:14:39 [DEBUG] Starting new HTTPS connection (1): www.google.com:443
21:14:39 [DEBUG] Starting new HTTPS connection (1): www.google.com:443
21:14:39 [DEBUG] Starting new HTTPS connection (1): www.google.com:443
21:14:39 [DEBUG] Starting new HTTPS connection (1): www.google.com:443
21:14:39 [DEBUG] Starting new HTTPS connection (1): www.google.com:443
21:14:39 [DEBUG] Starting new HTTPS connection (1): www.google.com:443
21:14:39 [DEBUG] Starting new HTTPS connection (1): www.google.com:443
21:14:40 [DEBUG] Starting new HTTPS connection (1): www.google.com:443
21:14:40 [DEBUG] Starting new HTTPS connection (1): www.google.com:443
21:14:40 [DEBUG] Starting new HTTPS connection (1): www.google.com:443
21:14:40 [DEBUG] Starting new HTTPS connection (1): www.google.com:443
21:14:40 [DEBUG] Starting new HTTPS connection (1): www.google.com:443
21:14:40 [DEBUG] Starting new HTTPS connection (1): www.google.com:443
21:14:40 [DEBUG] Starting new HTTPS connection (1): www.google.com:443
21:14:40 [DEBUG] Starting new HTTPS connection (1): www.google.com:443
21:14:40 [DEBUG] Starting new HTTPS connection (1): www.google.com:443
21:14:40 [DEBUG] Starting new HTTPS connection (1): www.google.com:443
21:14:40 [DEBUG] Starting new HTTPS connection (1): www.google.com:443
21:14:41 [DEBUG] Starting new HTTPS connection (1): www.google.com:443
21:14:41 [DEBUG] Starting new HTTPS connection (1): www.google.com:443
21:14:41 [DEBUG] Starting new HTTPS connection (1): www.google.com:443
21:14:41 [DEBUG] Starting new HTTPS connection (1): www.google.com:443
21:14:41 [DEBUG] Starting new HTTPS connection (1): www.google.com:443
21:14:41 [DEBUG] Starting new HTTPS connection (1): www.google.com:443
21:14:41 [DEBUG] Starting new HTTPS connection (1): www.google.com:443
21:14:41 [DEBUG] Starting new HTTPS connection (1): www.google.com:443
21:14:41 [DEBUG] Starting new HTTPS connection (1): www.google.com:443
21:14:41 [DEBUG] Starting new HTTPS connection (1): www.google.com:443
21:14:42 [DEBUG] Starting new HTTPS connection (1): www.google.com:443
21:14:42 [DEBUG] Starting new HTTPS connection (1): www.google.com:443
21:14:42 [DEBUG] Starting new HTTPS connection (1): www.google.com:443
21:14:42 [DEBUG] Starting new HTTPS connection (1): www.google.com:443
21:14:42 [DEBUG] Starting new HTTPS connection (1): www.google.com:443
21:14:42 [DEBUG] Starting new HTTPS connection (1): www.google.com:443
21:14:42 [DEBUG] Starting new HTTPS connection (1): www.google.com:443
21:14:43 [DEBUG] Starting new HTTPS connection (1): www.google.com:443
21:14:43 [DEBUG] Starting new HTTPS connection (1): www.google.com:443
21:14:43 [DEBUG] Starting new HTTPS connection (1): www.google.com:443
21:14:43 [DEBUG] Starting new HTTPS connection (1): www.google.com:443
21:14:43 [DEBUG] Starting new HTTPS connection (1): www.google.com:443
21:14:43 [DEBUG] Starting new HTTPS connection (1): www.google.com:443
21:14:43 [DEBUG] Starting new HTTPS connection (1): www.google.com:443
21:14:43 [DEBUG] Starting new HTTPS connection (1): www.google.com:443
21:14:43 [DEBUG] Starting new HTTPS connection (1): www.google.com:443
21:14:43 [DEBUG] Starting new HTTPS connection (1): www.google.com:443
21:14:43 [DEBUG] Starting new HTTPS connection (1): www.google.com:443
21:14:44 [DEBUG] Starting new HTTPS connection (1): www.google.com:443
21:14:44 [DEBUG] Starting new HTTPS connection (1): www.google.com:443
21:14:44 [DEBUG] Starting new HTTPS connection (1): www.google.com:443
21:14:44 [DEBUG] Starting new HTTPS connection (1): www.google.com:443
21:14:44 [DEBUG] Starting new HTTPS connection (1): www.google.com:443
21:14:44 [DEBUG] Starting new HTTPS connection (1): www.google.com:443
21:14:44 [DEBUG] Starting new HTTPS connection (1): www.google.com:443
21:14:44 [DEBUG] Starting new HTTPS connection (1): www.google.com:443
21:14:44 [DEBUG] Starting new HTTPS connection (1): www.google.com:443
21:14:44 [DEBUG] Starting new HTTPS connection (1): www.google.com:443
21:14:44 [DEBUG] Starting new HTTPS connection (1): www.google.com:443
21:14:44 [DEBUG] Starting new HTTPS connection (1): www.google.com:443
21:14:44 [DEBUG] Starting new HTTPS connection (1): www.google.com:443
21:14:45 [DEBUG] Starting new HTTPS connection (1): www.google.com:443
21:14:45 [DEBUG] Starting new HTTPS connection (1): www.google.com:443
21:14:45 [DEBUG] Starting new HTTPS connection (1): www.google.com:443
21:14:45 [DEBUG] Starting new HTTPS connection (1): www.google.com:443
21:14:45 [DEBUG] Starting new HTTPS connection (1): www.google.com:443
21:14:45 [DEBUG] Starting new HTTPS connection (1): www.google.com:443
21:14:45 [DEBUG] Starting new HTTPS connection (1): www.google.com:443
21:14:45 [DEBUG] Starting new HTTPS connection (1): www.google.com:443
21:14:45 [DEBUG] Starting new HTTPS connection (1): www.google.com:443
21:14:45 [DEBUG] Starting new HTTPS connection (1): www.google.com:443
21:14:45 [DEBUG] Starting new HTTPS connection (1): www.google.com:443
21:14:45 [DEBUG] Starting new HTTPS connection (1): www.google.com:443
21:14:46 [DEBUG] Starting new HTTPS connection (1): www.google.com:443
21:14:46 [DEBUG] Starting new HTTPS connection (1): www.google.com:443
21:14:46 [DEBUG] Starting new HTTPS connection (1): www.google.com:443
21:14:46 [DEBUG] Starting new HTTPS connection (1): www.google.com:443
21:14:46 [DEBUG] Starting new HTTPS connection (1): www.google.com:443
21:14:47 [DEBUG] Starting new HTTPS connection (1): www.google.com:443
21:14:48 [DEBUG] Starting new HTTPS connection (1): www.google.com:443
21:14:48 [DEBUG] Starting new HTTPS connection (1): www.google.com:443
21:14:48 [DEBUG] Starting new HTTPS connection (1): www.google.com:443
21:14:48 [DEBUG] Starting new HTTPS connection (1): www.google.com:443
21:14:48 [DEBUG] Starting new HTTPS connection (1): www.google.com:443
21:14:48 [DEBUG] Starting new HTTPS connection (1): www.google.com:443
21:14:48 [DEBUG] Starting new HTTPS connection (1): www.google.com:443
21:14:48 [DEBUG] Starting new HTTPS connection (1): www.google.com:443
21:14:49 [DEBUG] Starting new HTTPS connection (1): www.google.com:443
21:14:49 [DEBUG] Starting new HTTPS connection (1): www.google.com:443
21:14:49 [DEBUG] Starting new HTTPS connection (1): www.google.com:443
21:14:49 [DEBUG] Starting new HTTPS connection (1): www.google.com:443
21:14:49 [DEBUG] Starting new HTTPS connection (1): www.google.com:443
21:14:49 [DEBUG] Starting new HTTPS connection (1): www.google.com:443
21:14:49 [DEBUG] Starting new HTTPS connection (1): www.google.com:443
21:14:50 [DEBUG] Starting new HTTPS connection (1): www.google.com:443
21:14:50 [DEBUG] Starting new HTTPS connection (1): www.google.com:443
21:14:51 [DEBUG] Starting new HTTPS connection (1): www.google.com:443
21:14:51 [DEBUG] Starting new HTTPS connection (1): www.google.com:443
21:14:51 [DEBUG] Starting new HTTPS connection (1): www.google.com:443
21:14:51 [DEBUG] Starting new HTTPS connection (1): www.google.com:443
21:14:51 [DEBUG] Starting new HTTPS connection (1): www.google.com:443
21:14:51 [DEBUG] Starting new HTTPS connection (1): www.google.com:443
21:14:51 [DEBUG] Starting new HTTPS connection (1): www.google.com:443
21:14:52 [DEBUG] Starting new HTTPS connection (1): www.google.com:443
21:14:52 [DEBUG] Starting new HTTPS connection (1): www.google.com:443
21:14:52 [DEBUG] Starting new HTTPS connection (1): www.google.com:443
21:14:52 [DEBUG] Starting new HTTPS connection (1): www.google.com:443
21:14:52 [DEBUG] Starting new HTTPS connection (1): www.google.com:443
21:14:52 [DEBUG] Starting new HTTPS connection (1): www.google.com:443
21:14:52 [DEBUG] Starting new HTTPS connection (1): www.google.com:443
21:14:52 [DEBUG] Starting new HTTPS connection (1): www.google.com:443
21:14:53 [DEBUG] Starting new HTTPS connection (1): www.google.com:443
21:14:53 [DEBUG] Starting new HTTPS connection (1): www.google.com:443
21:14:53 [DEBUG] Starting new HTTPS connection (1): www.google.com:443
21:14:53 [DEBUG] Starting new HTTPS connection (1): www.google.com:443
21:14:54 [DEBUG] Starting new HTTPS connection (1): www.google.com:443
21:14:54 [DEBUG] Starting new HTTPS connection (1): www.google.com:443
21:14:54 [DEBUG] Starting new HTTPS connection (1): www.google.com:443
21:14:54 [DEBUG] Starting new HTTPS connection (1): www.google.com:443
21:14:54 [DEBUG] Starting new HTTPS connection (1): www.google.com:443
21:14:55 [DEBUG] Starting new HTTPS connection (1): www.google.com:443
21:14:55 [DEBUG] Starting new HTTPS connection (1): www.google.com:443
21:14:55 [DEBUG] Starting new HTTPS connection (1): www.google.com:443
21:14:55 [DEBUG] Starting new HTTPS connection (1): www.google.com:443
21:14:55 [DEBUG] Starting new HTTPS connection (1): www.google.com:443
21:14:55 [DEBUG] Starting new HTTPS connection (1): www.google.com:443
21:14:55 [DEBUG] Starting new HTTPS connection (1): www.google.com:443
21:14:55 [DEBUG] Starting new HTTPS connection (1): www.google.com:443
21:14:55 [DEBUG] Starting new HTTPS connection (1): www.google.com:443
21:14:56 [DEBUG] Starting new HTTPS connection (1): www.google.com:443
21:14:56 [DEBUG] Starting new HTTPS connection (1): www.google.com:443
21:14:56 [DEBUG] Starting new HTTPS connection (1): www.google.com:443
21:14:56 [DEBUG] Starting new HTTPS connection (1): www.google.com:443
21:14:56 [DEBUG] Starting new HTTPS connection (1): www.google.com:443
21:14:56 [DEBUG] Starting new HTTPS connection (1): www.google.com:443
21:14:56 [DEBUG] https://www.google.com:443 "GET /generate_204 HTTP/1.1" 204 0
21:14:56 [DEBUG] https://www.google.com:443 "GET /generate_204 HTTP/1.1" 204 0
21:14:57 [DEBUG] https://www.google.com:443 "GET /generate_204 HTTP/1.1" 204 0
21:14:57 [DEBUG] Starting new HTTPS connection (1): dl.google.com:443
21:14:57 [DEBUG] Starting new HTTPS connection (1): www.google.com:443
21:14:57 [DEBUG] Starting new HTTPS connection (1): www.google.com:443
21:14:57 [DEBUG] Starting new HTTPS connection (1): www.google.com:443
21:14:57 [DEBUG] Starting new HTTPS connection (1): www.google.com:443
21:14:57 [DEBUG] Starting new HTTPS connection (1): dl.google.com:443
21:14:57 [DEBUG] https://www.google.com:443 "GET /generate_204 HTTP/1.1" 204 0
21:14:57 [DEBUG] https://dl.google.com:443 "GET /dl/android/studio/install/3.4.1.0/android-studio-ide-183.5522156-windows.exe HTTP/1.1" 200 1017327996
21:14:57 [DEBUG] https://www.google.com:443 "GET /generate_204 HTTP/1.1" 204 0
21:14:57 [DEBUG] Starting new HTTPS connection (1): www.google.com:443
21:14:57 [DEBUG] Starting new HTTPS connection (1): dl.google.com:443
21:14:57 [DEBUG] https://www.google.com:443 "GET /generate_204 HTTP/1.1" 204 0
21:14:57 [DEBUG] https://dl.google.com:443 "GET /dl/android/studio/install/3.4.1.0/android-studio-ide-183.5522156-windows.exe HTTP/1.1" 200 1017327996
21:14:57 [DEBUG] Starting new HTTPS connection (1): dl.google.com:443
21:14:58 [DEBUG] Starting new HTTPS connection (1): dl.google.com:443
21:14:58 [DEBUG] https://dl.google.com:443 "GET /dl/android/studio/install/3.4.1.0/android-studio-ide-183.5522156-windows.exe HTTP/1.1" 200 1017327996
21:14:58 [DEBUG] https://www.google.com:443 "GET /generate_204 HTTP/1.1" 204 0
21:14:58 [INFO]    🎯 90.156.217.130 (Россия) - 16.0 Mbps, 397ms, UDP✅
21:14:58 [DEBUG] Starting new HTTPS connection (1): www.google.com:443
21:14:58 [DEBUG] Starting new HTTPS connection (1): www.google.com:443
21:14:58 [DEBUG] Starting new HTTPS connection (1): dl.google.com:443
21:14:58 [DEBUG] https://dl.google.com:443 "GET /dl/android/studio/install/3.4.1.0/android-studio-ide-183.5522156-windows.exe HTTP/1.1" 200 1017327996
21:14:58 [INFO]    🎯 37.139.33.15 (Россия) - 16.0 Mbps, 406ms, UDP✅
21:14:58 [INFO]    🎯 146.185.240.2 (Россия) - 25.4 Mbps, 335ms, UDP✅
21:14:58 [DEBUG] https://www.google.com:443 "GET /generate_204 HTTP/1.1" 204 0
21:14:58 [DEBUG] https://dl.google.com:443 "GET /dl/android/studio/install/3.4.1.0/android-studio-ide-183.5522156-windows.exe HTTP/1.1" 200 1017327996
21:14:58 [DEBUG] https://dl.google.com:443 "GET /dl/android/studio/install/3.4.1.0/android-studio-ide-183.5522156-windows.exe HTTP/1.1" 200 1017327996
21:14:58 [DEBUG] https://www.google.com:443 "GET /generate_204 HTTP/1.1" 204 0
21:14:58 [DEBUG] Starting new HTTPS connection (1): www.google.com:443
21:14:58 [DEBUG] Starting new HTTPS connection (1): dl.google.com:443
21:14:58 [DEBUG] Starting new HTTPS connection (1): www.google.com:443
21:14:58 [INFO]    🎯 109.120.191.65 (Россия) - 22.5 Mbps, 477ms, UDP✅
21:14:58 [DEBUG] Starting new HTTPS connection (1): www.google.com:443
21:14:58 [DEBUG] Starting new HTTPS connection (1): www.google.com:443
21:14:58 [INFO]    🎯 212.193.157.118 (Россия) - 28.2 Mbps, 396ms, UDP✅
21:14:58 [INFO]    🎯 89.169.128.105 (Россия) - 15.6 Mbps, 437ms, UDP✅
21:14:58 [DEBUG] Starting new HTTPS connection (1): dl.google.com:443
21:14:58 [DEBUG] https://www.google.com:443 "GET /generate_204 HTTP/1.1" 204 0
21:14:59 [DEBUG] Starting new HTTPS connection (1): www.google.com:443
21:14:59 [DEBUG] Starting new HTTPS connection (1): www.google.com:443
21:14:59 [DEBUG] Starting new HTTPS connection (1): dl.google.com:443
21:14:59 [DEBUG] https://dl.google.com:443 "GET /dl/android/studio/install/3.4.1.0/android-studio-ide-183.5522156-windows.exe HTTP/1.1" 200 1017327996
21:14:59 [DEBUG] https://www.google.com:443 "GET /generate_204 HTTP/1.1" 204 0
21:14:59 [DEBUG] https://www.google.com:443 "GET /generate_204 HTTP/1.1" 204 0
21:14:59 [DEBUG] Starting new HTTPS connection (1): www.google.com:443
21:14:59 [DEBUG] Starting new HTTPS connection (1): www.google.com:443
21:14:59 [DEBUG] https://dl.google.com:443 "GET /dl/android/studio/install/3.4.1.0/android-studio-ide-183.5522156-windows.exe HTTP/1.1" 200 1017327996
21:14:59 [DEBUG] https://dl.google.com:443 "GET /dl/android/studio/install/3.4.1.0/android-studio-ide-183.5522156-windows.exe HTTP/1.1" 200 1017327996
21:14:59 [DEBUG] Starting new HTTPS connection (1): dl.google.com:443
21:14:59 [DEBUG] https://www.google.com:443 "GET /generate_204 HTTP/1.1" 204 0
21:14:59 [INFO]    🎯 91.108.245.133 (Германия) - 0.0 Mbps, 3693ms, UDP✅
21:14:59 [INFO]    🎯 109.172.101.234 (Россия) - 20.0 Mbps, 363ms, UDP✅
21:14:59 [DEBUG] Starting new HTTPS connection (1): dl.google.com:443
21:14:59 [DEBUG] Starting new HTTPS connection (1): www.google.com:443
21:14:59 [DEBUG] https://www.google.com:443 "GET /generate_204 HTTP/1.1" 204 0
21:14:59 [DEBUG] https://dl.google.com:443 "GET /dl/android/studio/install/3.4.1.0/android-studio-ide-183.5522156-windows.exe HTTP/1.1" 200 1017327996
21:14:59 [DEBUG] Starting new HTTPS connection (1): www.google.com:443
21:14:59 [DEBUG] Starting new HTTPS connection (1): www.google.com:443
21:15:00 [DEBUG] Starting new HTTPS connection (1): dl.google.com:443
21:15:00 [DEBUG] https://dl.google.com:443 "GET /dl/android/studio/install/3.4.1.0/android-studio-ide-183.5522156-windows.exe HTTP/1.1" 200 1017327996
21:15:00 [INFO]    🎯 178.154.253.80 (Россия) - 15.2 Mbps, 420ms, UDP✅
21:15:00 [DEBUG] Starting new HTTPS connection (1): dl.google.com:443
21:15:00 [DEBUG] Starting new HTTPS connection (1): www.google.com:443
21:15:00 [DEBUG] https://www.google.com:443 "GET /generate_204 HTTP/1.1" 204 0
21:15:00 [DEBUG] https://www.google.com:443 "GET /generate_204 HTTP/1.1" 204 0
21:15:00 [DEBUG] https://www.google.com:443 "GET /generate_204 HTTP/1.1" 204 0
21:15:00 [INFO]    🎯 89.208.230.52 (Россия) - 21.8 Mbps, 369ms, UDP✅
21:15:00 [DEBUG] https://dl.google.com:443 "GET /dl/android/studio/install/3.4.1.0/android-studio-ide-183.5522156-windows.exe HTTP/1.1" 200 1017327996
21:15:00 [INFO]    🎯 37.139.33.57 (Россия) - 16.4 Mbps, 391ms, UDP✅
21:15:00 [DEBUG] https://dl.google.com:443 "GET /dl/android/studio/install/3.4.1.0/android-studio-ide-183.5522156-windows.exe HTTP/1.1" 200 1017327996
21:15:00 [DEBUG] Starting new HTTPS connection (1): dl.google.com:443
21:15:00 [DEBUG] Starting new HTTPS connection (1): dl.google.com:443
21:15:00 [DEBUG] Starting new HTTPS connection (1): www.google.com:443
21:15:00 [DEBUG] Starting new HTTPS connection (1): www.google.com:443
21:15:00 [DEBUG] Starting new HTTPS connection (1): dl.google.com:443
21:15:00 [DEBUG] https://dl.google.com:443 "GET /dl/android/studio/install/3.4.1.0/android-studio-ide-183.5522156-windows.exe HTTP/1.1" 200 1017327996
21:15:01 [DEBUG] https://www.google.com:443 "GET /generate_204 HTTP/1.1" 204 0
21:15:01 [DEBUG] https://www.google.com:443 "GET /generate_204 HTTP/1.1" 204 0
21:15:01 [DEBUG] https://dl.google.com:443 "GET /dl/android/studio/install/3.4.1.0/android-studio-ide-183.5522156-windows.exe HTTP/1.1" 200 1017327996
21:15:01 [DEBUG] Starting new HTTPS connection (1): www.google.com:443
21:15:01 [INFO]    🎯 158.160.221.132 (Россия) - 15.2 Mbps, 400ms, UDP❌
21:15:01 [DEBUG] https://dl.google.com:443 "GET /dl/android/studio/install/3.4.1.0/android-studio-ide-183.5522156-windows.exe HTTP/1.1" 200 1017327996
21:15:01 [DEBUG] Starting new HTTPS connection (1): dl.google.com:443
21:15:01 [DEBUG] Starting new HTTPS connection (1): dl.google.com:443
21:15:01 [DEBUG] Starting new HTTPS connection (1): www.google.com:443
21:15:01 [DEBUG] Starting new HTTPS connection (1): www.google.com:443
21:15:01 [INFO]    🎯 185.40.153.226 (Россия) - 12.2 Mbps, 504ms, UDP✅
21:15:01 [DEBUG] https://dl.google.com:443 "GET /dl/android/studio/install/3.4.1.0/android-studio-ide-183.5522156-windows.exe HTTP/1.1" 200 1017327996
21:15:01 [INFO]    🎯 84.23.52.70 (Россия) - 14.7 Mbps, 447ms, UDP✅
21:15:01 [DEBUG] https://dl.google.com:443 "GET /dl/android/studio/install/3.4.1.0/android-studio-ide-183.5522156-windows.exe HTTP/1.1" 200 1017327996
21:15:01 [INFO]    🎯 79.137.175.44 (Россия) - 14.4 Mbps, 437ms, UDP✅
21:15:01 [DEBUG] https://www.google.com:443 "GET /generate_204 HTTP/1.1" 204 0
21:15:02 [INFO]    🎯 178.154.224.33 (Россия) - 23.3 Mbps, 393ms, UDP✅
21:15:02 [DEBUG] Starting new HTTPS connection (1): www.google.com:443
21:15:02 [DEBUG] Starting new HTTPS connection (1): dl.google.com:443
21:15:02 [DEBUG] Starting new HTTPS connection (1): dl.google.com:443
21:15:02 [DEBUG] https://www.google.com:443 "GET /generate_204 HTTP/1.1" 204 0
21:15:02 [DEBUG] Starting new HTTPS connection (1): www.google.com:443
21:15:02 [DEBUG] https://dl.google.com:443 "GET /dl/android/studio/install/3.4.1.0/android-studio-ide-183.5522156-windows.exe HTTP/1.1" 200 1017327996
21:15:02 [DEBUG] Starting new HTTPS connection (1): www.google.com:443
21:15:02 [DEBUG] https://dl.google.com:443 "GET /dl/android/studio/install/3.4.1.0/android-studio-ide-183.5522156-windows.exe HTTP/1.1" 200 1017327996
21:15:02 [DEBUG] Starting new HTTPS connection (1): www.google.com:443
21:15:02 [DEBUG] Starting new HTTPS connection (1): dl.google.com:443
21:15:02 [DEBUG] https://www.google.com:443 "GET /generate_204 HTTP/1.1" 204 0
21:15:02 [INFO]    🎯 158.160.105.121 (Россия) - 10.3 Mbps, 434ms, UDP✅
21:15:03 [DEBUG] Starting new HTTPS connection (1): www.google.com:443
21:15:03 [DEBUG] https://www.google.com:443 "GET /generate_204 HTTP/1.1" 204 0
21:15:03 [DEBUG] https://www.google.com:443 "GET /generate_204 HTTP/1.1" 204 0
21:15:03 [DEBUG] https://www.google.com:443 "GET /generate_204 HTTP/1.1" 204 0
21:15:03 [DEBUG] Starting new HTTPS connection (1): dl.google.com:443
21:15:03 [DEBUG] https://www.google.com:443 "GET /generate_204 HTTP/1.1" 204 0
21:15:03 [DEBUG] https://www.google.com:443 "GET /generate_204 HTTP/1.1" 204 0
21:15:03 [DEBUG] https://dl.google.com:443 "GET /dl/android/studio/install/3.4.1.0/android-studio-ide-183.5522156-windows.exe HTTP/1.1" 200 1017327996
21:15:03 [DEBUG] Starting new HTTPS connection (1): dl.google.com:443
21:15:03 [INFO]    🎯 178.154.253.80 (Россия) - 14.4 Mbps, 438ms, UDP✅
21:15:03 [INFO]    🎯 158.160.221.132 (Россия) - 14.5 Mbps, 473ms, UDP❌
21:15:03 [DEBUG] https://www.google.com:443 "GET /generate_204 HTTP/1.1" 204 0
21:15:03 [DEBUG] Starting new HTTPS connection (1): dl.google.com:443
21:15:03 [DEBUG] https://dl.google.com:443 "GET /dl/android/studio/install/3.4.1.0/android-studio-ide-183.5522156-windows.exe HTTP/1.1" 200 1017327996
21:15:03 [DEBUG] https://dl.google.com:443 "GET /dl/android/studio/install/3.4.1.0/android-studio-ide-183.5522156-windows.exe HTTP/1.1" 200 1017327996
21:15:03 [DEBUG] Starting new HTTPS connection (1): dl.google.com:443
21:15:03 [DEBUG] Starting new HTTPS connection (1): dl.google.com:443
21:15:03 [DEBUG] Starting new HTTPS connection (1): www.google.com:443
21:15:04 [INFO]    🎯 5.188.141.144 (Россия) - 30.4 Mbps, 237ms, UDP✅
21:15:04 [INFO]    🎯 37.139.34.145 (Россия) - 14.1 Mbps, 433ms, UDP✅
21:15:04 [DEBUG] https://dl.google.com:443 "GET /dl/android/studio/install/3.4.1.0/android-studio-ide-183.5522156-windows.exe HTTP/1.1" 200 1017327996
21:15:04 [INFO]    🎯 37.139.33.57 (Россия) - 16.9 Mbps, 403ms, UDP✅
21:15:04 [DEBUG] https://www.google.com:443 "GET /generate_204 HTTP/1.1" 204 0
21:15:04 [DEBUG] Starting new HTTPS connection (1): www.google.com:443
21:15:04 [DEBUG] Starting new HTTPS connection (1): www.google.com:443
21:15:04 [DEBUG] Starting new HTTPS connection (1): dl.google.com:443
21:15:04 [DEBUG] https://www.google.com:443 "GET /generate_204 HTTP/1.1" 204 0
21:15:05 [DEBUG] Starting new HTTPS connection (1): www.google.com:443
21:15:05 [DEBUG] Starting new HTTPS connection (1): www.google.com:443
21:15:05 [INFO]    🎯 84.252.143.25 (Россия) - 12.0 Mbps, 507ms, UDP✅
21:15:05 [DEBUG] Starting new HTTPS connection (1): dl.google.com:443
21:15:05 [DEBUG] https://dl.google.com:443 "GET /dl/android/studio/install/3.4.1.0/android-studio-ide-183.5522156-windows.exe HTTP/1.1" 200 1017327996
21:15:05 [DEBUG] Starting new HTTPS connection (1): dl.google.com:443
21:15:05 [DEBUG] Starting new HTTPS connection (1): www.google.com:443
21:15:05 [DEBUG] Starting new HTTPS connection (1): dl.google.com:443
21:15:05 [DEBUG] https://www.google.com:443 "GET /generate_204 HTTP/1.1" 204 0
21:15:05 [DEBUG] Starting new HTTPS connection (1): www.google.com:443
21:15:05 [DEBUG] Starting new HTTPS connection (1): dl.google.com:443
21:15:05 [DEBUG] https://dl.google.com:443 "GET /dl/android/studio/install/3.4.1.0/android-studio-ide-183.5522156-windows.exe HTTP/1.1" 200 1017327996
21:15:05 [DEBUG] https://dl.google.com:443 "GET /dl/android/studio/install/3.4.1.0/android-studio-ide-183.5522156-windows.exe HTTP/1.1" 200 1017327996
21:15:05 [DEBUG] https://www.google.com:443 "GET /generate_204 HTTP/1.1" 204 0
21:15:05 [DEBUG] https://www.google.com:443 "GET /generate_204 HTTP/1.1" 204 0
21:15:05 [DEBUG] https://dl.google.com:443 "GET /dl/android/studio/install/3.4.1.0/android-studio-ide-183.5522156-windows.exe HTTP/1.1" 200 1017327996
21:15:05 [DEBUG] https://dl.google.com:443 "GET /dl/android/studio/install/3.4.1.0/android-studio-ide-183.5522156-windows.exe HTTP/1.1" 200 1017327996
21:15:05 [INFO]    🎯 158.160.105.121 (Россия) - 15.0 Mbps, 478ms, UDP✅
21:15:06 [DEBUG] https://www.google.com:443 "GET /generate_204 HTTP/1.1" 204 0
21:15:06 [DEBUG] Starting new HTTPS connection (1): dl.google.com:443
21:15:06 [INFO]    🎯 46.235.186.203 (Россия) - 35.8 Mbps, 394ms, UDP✅
21:15:06 [DEBUG] Starting new HTTPS connection (1): dl.google.com:443
21:15:06 [DEBUG] Starting new HTTPS connection (1): www.google.com:443
21:15:06 [INFO]    🎯 178.250.243.101 (Россия) - 20.5 Mbps, 390ms, UDP✅
21:15:06 [DEBUG] Starting new HTTPS connection (1): dl.google.com:443
21:15:06 [DEBUG] https://dl.google.com:443 "GET /dl/android/studio/install/3.4.1.0/android-studio-ide-183.5522156-windows.exe HTTP/1.1" 200 1017327996
21:15:06 [DEBUG] https://www.google.com:443 "GET /generate_204 HTTP/1.1" 204 0
21:15:06 [INFO]    🎯 84.252.143.25 (Россия) - 12.7 Mbps, 499ms, UDP✅
21:15:06 [DEBUG] https://www.google.com:443 "GET /generate_204 HTTP/1.1" 204 0
21:15:06 [DEBUG] https://dl.google.com:443 "GET /dl/android/studio/install/3.4.1.0/android-studio-ide-183.5522156-windows.exe HTTP/1.1" 200 1017327996
21:15:06 [DEBUG] Starting new HTTPS connection (1): www.google.com:443
21:15:06 [DEBUG] https://dl.google.com:443 "GET /dl/android/studio/install/3.4.1.0/android-studio-ide-183.5522156-windows.exe HTTP/1.1" 200 1017327996
21:15:07 [INFO]    🎯 109.120.188.206 (Россия) - 22.7 Mbps, 446ms, UDP✅
21:15:07 [DEBUG] Starting new HTTPS connection (1): www.google.com:443
21:15:07 [INFO]    🎯 95.163.210.225 (Россия) - 5.3 Mbps, 1526ms, UDP✅
21:15:07 [DEBUG] Starting new HTTPS connection (1): www.google.com:443
21:15:07 [DEBUG] Starting new HTTPS connection (1): dl.google.com:443
21:15:07 [DEBUG] https://www.google.com:443 "GET /generate_204 HTTP/1.1" 204 0
21:15:07 [INFO]    🎯 212.233.73.212 (Россия) - 12.1 Mbps, 423ms, UDP✅
21:15:07 [DEBUG] https://www.google.com:443 "GET /generate_204 HTTP/1.1" 204 0
21:15:07 [DEBUG] https://www.google.com:443 "GET /generate_204 HTTP/1.1" 204 0
21:15:07 [DEBUG] Starting new HTTPS connection (1): www.google.com:443
21:15:07 [DEBUG] https://dl.google.com:443 "GET /dl/android/studio/install/3.4.1.0/android-studio-ide-183.5522156-windows.exe HTTP/1.1" 200 1017327996
21:15:07 [DEBUG] Starting new HTTPS connection (1): dl.google.com:443
21:15:07 [INFO]    🎯 84.252.136.245 (Россия) - 10.1 Mbps, 642ms, UDP✅
21:15:07 [DEBUG] Starting new HTTPS connection (1): dl.google.com:443
21:15:07 [DEBUG] Starting new HTTPS connection (1): dl.google.com:443
21:15:08 [DEBUG] Starting new HTTPS connection (1): www.google.com:443
21:15:08 [DEBUG] Starting new HTTPS connection (1): www.google.com:443
21:15:08 [INFO]    🎯 178.250.243.102 (Россия) - 17.2 Mbps, 7938ms, UDP✅
21:15:08 [DEBUG] https://dl.google.com:443 "GET /dl/android/studio/install/3.4.1.0/android-studio-ide-183.5522156-windows.exe HTTP/1.1" 200 1017327996
21:15:08 [DEBUG] https://dl.google.com:443 "GET /dl/android/studio/install/3.4.1.0/android-studio-ide-183.5522156-windows.exe HTTP/1.1" 200 1017327996
21:15:08 [DEBUG] Starting new HTTPS connection (1): www.google.com:443
21:15:08 [DEBUG] https://dl.google.com:443 "GET /dl/android/studio/install/3.4.1.0/android-studio-ide-183.5522156-windows.exe HTTP/1.1" 200 1017327996
21:15:08 [DEBUG] https://www.google.com:443 "GET /generate_204 HTTP/1.1" 204 0
21:15:08 [DEBUG] Starting new HTTPS connection (1): www.google.com:443
21:15:08 [DEBUG] https://www.google.com:443 "GET /generate_204 HTTP/1.1" 204 0
21:15:08 [DEBUG] Starting new HTTPS connection (1): dl.google.com:443
21:15:09 [INFO]    🎯 37.139.34.145 (Россия) - 13.9 Mbps, 466ms, UDP✅
21:15:09 [INFO]    🎯 87.239.106.153 (Россия) - 14.6 Mbps, 440ms, UDP✅
21:15:09 [DEBUG] Starting new HTTPS connection (1): www.google.com:443
21:15:09 [INFO]    🎯 90.156.150.134 (Россия) - 11.8 Mbps, 555ms, UDP✅
21:15:09 [DEBUG] https://www.google.com:443 "GET /generate_204 HTTP/1.1" 204 0
21:15:09 [DEBUG] https://dl.google.com:443 "GET /dl/android/studio/install/3.4.1.0/android-studio-ide-183.5522156-windows.exe HTTP/1.1" 200 1017327996
21:15:09 [DEBUG] https://www.google.com:443 "GET /generate_204 HTTP/1.1" 204 0
21:15:09 [DEBUG] Starting new HTTPS connection (1): dl.google.com:443
21:15:09 [DEBUG] https://www.google.com:443 "GET /generate_204 HTTP/1.1" 204 0
21:15:09 [DEBUG] Starting new HTTPS connection (1): dl.google.com:443
21:15:10 [INFO]    🎯 89.169.128.105 (Россия) - 15.6 Mbps, 426ms, UDP✅
21:15:10 [DEBUG] Starting new HTTPS connection (1): dl.google.com:443
21:15:10 [DEBUG] Starting new HTTPS connection (1): www.google.com:443
21:15:10 [DEBUG] Starting new HTTPS connection (1): www.google.com:443
21:15:10 [DEBUG] https://dl.google.com:443 "GET /dl/android/studio/install/3.4.1.0/android-studio-ide-183.5522156-windows.exe HTTP/1.1" 200 1017327996
21:15:10 [DEBUG] https://dl.google.com:443 "GET /dl/android/studio/install/3.4.1.0/android-studio-ide-183.5522156-windows.exe HTTP/1.1" 200 1017327996
21:15:10 [DEBUG] Starting new HTTPS connection (1): www.google.com:443
21:15:10 [DEBUG] Starting new HTTPS connection (1): dl.google.com:443
21:15:10 [DEBUG] https://www.google.com:443 "GET /generate_204 HTTP/1.1" 204 0
21:15:10 [INFO]    🎯 51.250.12.100 (Россия) - 24.5 Mbps, 392ms, UDP✅
21:15:10 [DEBUG] https://dl.google.com:443 "GET /dl/android/studio/install/3.4.1.0/android-studio-ide-183.5522156-windows.exe HTTP/1.1" 200 1017327996
21:15:10 [DEBUG] Starting new HTTPS connection (1): dl.google.com:443
21:15:10 [DEBUG] https://www.google.com:443 "GET /generate_204 HTTP/1.1" 204 0
21:15:10 [DEBUG] https://dl.google.com:443 "GET /dl/android/studio/install/3.4.1.0/android-studio-ide-183.5522156-windows.exe HTTP/1.1" 200 1017327996
21:15:10 [INFO]    🎯 158.160.223.36 (Россия) - 12.7 Mbps, 466ms, UDP❌
21:15:11 [DEBUG] Starting new HTTPS connection (1): www.google.com:443
21:15:11 [INFO]    🎯 46.235.189.157 (Россия) - 35.0 Mbps, 332ms, UDP✅
21:15:11 [DEBUG] Starting new HTTPS connection (1): dl.google.com:443
21:15:11 [DEBUG] Starting new HTTPS connection (1): www.google.com:443
21:15:11 [DEBUG] Starting new HTTPS connection (1): www.google.com:443
21:15:11 [DEBUG] https://www.google.com:443 "GET /generate_204 HTTP/1.1" 204 0
21:15:11 [DEBUG] Starting new HTTPS connection (1): dl.google.com:443
21:15:11 [DEBUG] https://www.google.com:443 "GET /generate_204 HTTP/1.1" 204 0
21:15:11 [DEBUG] https://dl.google.com:443 "GET /dl/android/studio/install/3.4.1.0/android-studio-ide-183.5522156-windows.exe HTTP/1.1" 200 1017327996
21:15:11 [DEBUG] Starting new HTTPS connection (1): dl.google.com:443
21:15:11 [DEBUG] Starting new HTTPS connection (1): www.google.com:443
21:15:12 [DEBUG] Starting new HTTPS connection (1): dl.google.com:443
21:15:12 [DEBUG] Starting new HTTPS connection (1): www.google.com:443
21:15:12 [INFO]    🎯 95.163.182.181 (Россия) - 0.0 Mbps, 2247ms, UDP✅
21:15:12 [DEBUG] https://www.google.com:443 "GET /generate_204 HTTP/1.1" 204 0
21:15:12 [DEBUG] https://dl.google.com:443 "GET /dl/android/studio/install/3.4.1.0/android-studio-ide-183.5522156-windows.exe HTTP/1.1" 200 1017327996
21:15:12 [DEBUG] https://dl.google.com:443 "GET /dl/android/studio/install/3.4.1.0/android-studio-ide-183.5522156-windows.exe HTTP/1.1" 200 1017327996
21:15:12 [DEBUG] Starting new HTTPS connection (1): dl.google.com:443
21:15:12 [DEBUG] https://dl.google.com:443 "GET /dl/android/studio/install/3.4.1.0/android-studio-ide-183.5522156-windows.exe HTTP/1.1" 200 1017327996
21:15:12 [DEBUG] https://www.google.com:443 "GET /generate_204 HTTP/1.1" 204 0
21:15:12 [DEBUG] https://www.google.com:443 "GET /generate_204 HTTP/1.1" 204 0
21:15:12 [INFO]    🎯 146.185.240.23 (Россия) - 11.3 Mbps, 614ms, UDP✅
21:15:12 [INFO]    🎯 178.154.252.255 (Россия) - 26.2 Mbps, 371ms, UDP✅
21:15:12 [INFO]    📊 Глубокая проверка: 1544/1937 (80%) | ✅227 ❌1317
21:15:12 [DEBUG] https://dl.google.com:443 "GET /dl/android/studio/install/3.4.1.0/android-studio-ide-183.5522156-windows.exe HTTP/1.1" 200 1017327996
21:15:12 [DEBUG] Starting new HTTPS connection (1): dl.google.com:443
21:15:13 [DEBUG] Starting new HTTPS connection (1): dl.google.com:443
21:15:13 [DEBUG] https://dl.google.com:443 "GET /dl/android/studio/install/3.4.1.0/android-studio-ide-183.5522156-windows.exe HTTP/1.1" 200 1017327996
21:15:13 [DEBUG] https://dl.google.com:443 "GET /dl/android/studio/install/3.4.1.0/android-studio-ide-183.5522156-windows.exe HTTP/1.1" 200 1017327996
21:15:13 [INFO]    🎯 79.137.175.44 (Россия) - 13.6 Mbps, 439ms, UDP❌
21:15:13 [DEBUG] Starting new HTTPS connection (1): www.google.com:443
21:15:13 [DEBUG] https://www.google.com:443 "GET /generate_204 HTTP/1.1" 204 0
21:15:13 [DEBUG] https://dl.google.com:443 "GET /dl/android/studio/install/3.4.1.0/android-studio-ide-183.5522156-windows.exe HTTP/1.1" 200 1017327996
21:15:13 [INFO]    🎯 51.250.65.209 (Россия) - 10.3 Mbps, 290ms, UDP✅
21:15:13 [DEBUG] https://www.google.com:443 "GET /generate_204 HTTP/1.1" 204 0
21:15:13 [DEBUG] Starting new HTTPS connection (1): dl.google.com:443
21:15:13 [INFO]    🎯 84.201.165.58 (Россия) - 20.2 Mbps, 487ms, UDP✅
21:15:13 [DEBUG] Starting new HTTPS connection (1): www.google.com:443
21:15:13 [DEBUG] Starting new HTTPS connection (1): www.google.com:443
21:15:13 [DEBUG] Starting new HTTPS connection (1): dl.google.com:443
21:15:13 [DEBUG] https://dl.google.com:443 "GET /dl/android/studio/install/3.4.1.0/android-studio-ide-183.5522156-windows.exe HTTP/1.1" 200 1017327996
21:15:14 [DEBUG] https://dl.google.com:443 "GET /dl/android/studio/install/3.4.1.0/android-studio-ide-183.5522156-windows.exe HTTP/1.1" 200 1017327996
21:15:14 [DEBUG] Starting new HTTPS connection (1): www.google.com:443
21:15:14 [INFO]    🎯 51.250.0.147 (Россия) - 9.8 Mbps, 286ms, UDP✅
21:15:14 [DEBUG] https://www.google.com:443 "GET /generate_204 HTTP/1.1" 204 0
21:15:14 [DEBUG] https://dl.google.com:443 "GET /dl/android/studio/install/3.4.1.0/android-studio-ide-183.5522156-windows.exe HTTP/1.1" 200 1017327996
21:15:14 [DEBUG] Starting new HTTPS connection (1): www.google.com:443
21:15:14 [DEBUG] https://www.google.com:443 "GET /generate_204 HTTP/1.1" 204 0
21:15:14 [DEBUG] Starting new HTTPS connection (1): dl.google.com:443
21:15:14 [DEBUG] Starting new HTTPS connection (1): www.google.com:443
21:15:14 [DEBUG] Starting new HTTPS connection (1): dl.google.com:443
21:15:14 [INFO]    🎯 84.201.128.76 (Россия) - 15.6 Mbps, 2349ms, UDP✅
21:15:14 [DEBUG] https://www.google.com:443 "GET /generate_204 HTTP/1.1" 204 0
21:15:15 [DEBUG] https://dl.google.com:443 "GET /dl/android/studio/install/3.4.1.0/android-studio-ide-183.5522156-windows.exe HTTP/1.1" 200 1017327996
21:15:15 [INFO]    🎯 130.193.59.133 (Россия) - 15.3 Mbps, 393ms, UDP✅
21:15:15 [DEBUG] Starting new HTTPS connection (1): dl.google.com:443
21:15:15 [DEBUG] https://dl.google.com:443 "GET /dl/android/studio/install/3.4.1.0/android-studio-ide-183.5522156-windows.exe HTTP/1.1" 200 1017327996
21:15:15 [DEBUG] Starting new HTTPS connection (1): www.google.com:443
21:15:15 [DEBUG] https://www.google.com:443 "GET /generate_204 HTTP/1.1" 204 0
21:15:15 [DEBUG] Starting new HTTPS connection (1): dl.google.com:443
21:15:15 [INFO]    🎯 5.188.143.178 (Россия) - 23.2 Mbps, 480ms, UDP✅
21:15:15 [INFO]    🎯 146.185.241.237 (Россия) - 25.7 Mbps, 339ms, UDP✅
21:15:15 [DEBUG] https://www.google.com:443 "GET /generate_204 HTTP/1.1" 204 0
21:15:15 [DEBUG] https://dl.google.com:443 "GET /dl/android/studio/install/3.4.1.0/android-studio-ide-183.5522156-windows.exe HTTP/1.1" 200 1017327996
21:15:15 [DEBUG] Starting new HTTPS connection (1): dl.google.com:443
21:15:15 [DEBUG] https://dl.google.com:443 "GET /dl/android/studio/install/3.4.1.0/android-studio-ide-183.5522156-windows.exe HTTP/1.1" 200 1017327996
21:15:15 [DEBUG] Starting new HTTPS connection (1): www.google.com:443
21:15:15 [INFO]    🎯 37.139.33.57 (Россия) - 1.1 Mbps, 389ms, UDP✅
21:15:15 [DEBUG] https://dl.google.com:443 "GET /dl/android/studio/install/3.4.1.0/android-studio-ide-183.5522156-windows.exe HTTP/1.1" 200 1017327996
21:15:16 [INFO]    🎯 5.188.141.138 (Россия) - 3.0 Mbps, 746ms, UDP✅
21:15:16 [DEBUG] Starting new HTTPS connection (1): www.google.com:443
21:15:16 [INFO]    🎯 178.154.255.96 (Россия) - 19.1 Mbps, 445ms, UDP✅
21:15:16 [DEBUG] https://www.google.com:443 "GET /generate_204 HTTP/1.1" 204 0
21:15:16 [INFO]    🎯 51.250.16.92 (Россия) - 28.4 Mbps, 287ms, UDP✅
21:15:16 [DEBUG] Starting new HTTPS connection (1): www.google.com:443
21:15:16 [DEBUG] https://www.google.com:443 "GET /generate_204 HTTP/1.1" 204 0
21:15:16 [DEBUG] Starting new HTTPS connection (1): www.google.com:443
21:15:16 [INFO]    🎯 178.154.223.188 (Россия) - 14.3 Mbps, 457ms, UDP✅
21:15:16 [DEBUG] Starting new HTTPS connection (1): dl.google.com:443
21:15:16 [DEBUG] Starting new HTTPS connection (1): www.google.com:443
21:15:16 [DEBUG] https://www.google.com:443 "GET /generate_204 HTTP/1.1" 204 0
21:15:16 [DEBUG] Starting new HTTPS connection (1): dl.google.com:443
21:15:17 [DEBUG] Starting new HTTPS connection (1): www.google.com:443
21:15:17 [DEBUG] Starting new HTTPS connection (1): www.google.com:443
21:15:17 [DEBUG] https://dl.google.com:443 "GET /dl/android/studio/install/3.4.1.0/android-studio-ide-183.5522156-windows.exe HTTP/1.1" 200 1017327996
21:15:17 [DEBUG] https://www.google.com:443 "GET /generate_204 HTTP/1.1" 204 0
21:15:17 [DEBUG] Starting new HTTPS connection (1): www.google.com:443
21:15:17 [INFO]    🎯 109.120.191.40 (Россия) - 22.0 Mbps, 476ms, UDP✅
21:15:17 [DEBUG] Starting new HTTPS connection (1): dl.google.com:443
21:15:17 [DEBUG] https://www.google.com:443 "GET /generate_204 HTTP/1.1" 204 0
21:15:17 [DEBUG] Starting new HTTPS connection (1): www.google.com:443
21:15:17 [DEBUG] https://www.google.com:443 "GET /generate_204 HTTP/1.1" 204 0
21:15:17 [DEBUG] https://www.google.com:443 "GET /generate_204 HTTP/1.1" 204 0
21:15:17 [DEBUG] https://www.google.com:443 "GET /generate_204 HTTP/1.1" 204 0
21:15:17 [DEBUG] Starting new HTTPS connection (1): dl.google.com:443
21:15:17 [DEBUG] Starting new HTTPS connection (1): dl.google.com:443
21:15:17 [DEBUG] https://dl.google.com:443 "GET /dl/android/studio/install/3.4.1.0/android-studio-ide-183.5522156-windows.exe HTTP/1.1" 200 1017327996
21:15:17 [DEBUG] https://dl.google.com:443 "GET /dl/android/studio/install/3.4.1.0/android-studio-ide-183.5522156-windows.exe HTTP/1.1" 200 1017327996
21:15:17 [DEBUG] Starting new HTTPS connection (1): dl.google.com:443
21:15:17 [DEBUG] Starting new HTTPS connection (1): dl.google.com:443
21:15:18 [DEBUG] https://dl.google.com:443 "GET /dl/android/studio/install/3.4.1.0/android-studio-ide-183.5522156-windows.exe HTTP/1.1" 200 1017327996
21:15:18 [DEBUG] https://dl.google.com:443 "GET /dl/android/studio/install/3.4.1.0/android-studio-ide-183.5522156-windows.exe HTTP/1.1" 200 1017327996
21:15:18 [DEBUG] https://dl.google.com:443 "GET /dl/android/studio/install/3.4.1.0/android-studio-ide-183.5522156-windows.exe HTTP/1.1" 200 1017327996
21:15:18 [DEBUG] Starting new HTTPS connection (1): www.google.com:443
21:15:18 [INFO]    🎯 178.154.230.75 (Россия) - 23.5 Mbps, 435ms, UDP✅
21:15:18 [DEBUG] https://www.google.com:443 "GET /generate_204 HTTP/1.1" 204 0
21:15:18 [INFO]    🎯 217.16.20.134 (Россия) - 14.3 Mbps, 368ms, UDP✅
21:15:18 [DEBUG] https://dl.google.com:443 "GET /dl/android/studio/install/3.4.1.0/android-studio-ide-183.5522156-windows.exe HTTP/1.1" 200 1017327996
21:15:18 [DEBUG] Starting new HTTPS connection (1): dl.google.com:443
21:15:18 [DEBUG] https://www.google.com:443 "GET /generate_204 HTTP/1.1" 204 0
21:15:18 [DEBUG] Starting new HTTPS connection (1): dl.google.com:443
21:15:19 [DEBUG] https://dl.google.com:443 "GET /dl/android/studio/install/3.4.1.0/android-studio-ide-183.5522156-windows.exe HTTP/1.1" 200 1017327996
21:15:19 [DEBUG] https://dl.google.com:443 "GET /dl/android/studio/install/3.4.1.0/android-studio-ide-183.5522156-windows.exe HTTP/1.1" 200 1017327996
21:15:19 [DEBUG] Starting new HTTPS connection (1): www.google.com:443
21:15:19 [DEBUG] Starting new HTTPS connection (1): dl.google.com:443
21:15:19 [INFO]    🎯 95.163.182.206 (Россия) - 2.7 Mbps, 4876ms, UDP✅
21:15:19 [INFO]    🎯 155.212.164.103 (Россия) - 29.0 Mbps, 329ms, UDP✅
21:15:19 [INFO]    🎯 84.201.159.179 (Россия) - 18.3 Mbps, 4622ms, UDP✅
21:15:19 [DEBUG] Starting new HTTPS connection (1): www.google.com:443
21:15:19 [INFO]    🎯 95.163.210.176 (Россия) - 8.7 Mbps, 335ms, UDP✅
21:15:19 [DEBUG] https://www.google.com:443 "GET /generate_204 HTTP/1.1" 204 0
21:15:19 [DEBUG] https://dl.google.com:443 "GET /dl/android/studio/install/3.4.1.0/android-studio-ide-183.5522156-windows.exe HTTP/1.1" 200 1017327996
21:15:19 [DEBUG] Starting new HTTPS connection (1): dl.google.com:443
21:15:20 [DEBUG] https://dl.google.com:443 "GET /dl/android/studio/install/3.4.1.0/android-studio-ide-183.5522156-windows.exe HTTP/1.1" 200 1017327996
21:15:20 [INFO]    🎯 89.208.228.167 (Россия) - 35.0 Mbps, 235ms, UDP✅
21:15:20 [DEBUG] Starting new HTTPS connection (1): www.google.com:443
21:15:20 [INFO]    🎯 130.193.59.133 (Россия) - 15.7 Mbps, 401ms, UDP❌
21:15:20 [DEBUG] Starting new HTTPS connection (1): www.google.com:443
21:15:20 [DEBUG] Starting new HTTPS connection (1): www.google.com:443
21:15:20 [DEBUG] Starting new HTTPS connection (1): www.google.com:443
21:15:20 [INFO]    🎯 185.86.144.32 (Россия) - 5.4 Mbps, 1299ms, UDP✅
21:15:21 [DEBUG] Starting new HTTPS connection (1): www.google.com:443
21:15:21 [DEBUG] Starting new HTTPS connection (1): www.google.com:443
21:15:21 [INFO]    🎯 109.120.191.231 (Россия) - 0.8 Mbps, 249ms, UDP✅
21:15:21 [DEBUG] Starting new HTTPS connection (1): www.google.com:443
21:15:21 [DEBUG] https://www.google.com:443 "GET /generate_204 HTTP/1.1" 204 0
21:15:21 [DEBUG] https://www.google.com:443 "GET /generate_204 HTTP/1.1" 204 0
21:15:21 [DEBUG] Starting new HTTPS connection (1): www.google.com:443
21:15:21 [DEBUG] Starting new HTTPS connection (1): dl.google.com:443
21:15:21 [DEBUG] https://dl.google.com:443 "GET /dl/android/studio/install/3.4.1.0/android-studio-ide-183.5522156-windows.exe HTTP/1.1" 200 1017327996
21:15:21 [DEBUG] Starting new HTTPS connection (1): dl.google.com:443
21:15:21 [INFO]    🎯 193.233.21.138 (Россия) - 101.4 Mbps, 116ms, UDP✅
21:15:21 [INFO]    🎯 84.201.178.31 (Россия) - 3.4 Mbps, 398ms, UDP✅
21:15:21 [DEBUG] Starting new HTTPS connection (1): www.google.com:443
21:15:22 [DEBUG] https://www.google.com:443 "GET /generate_204 HTTP/1.1" 204 0
21:15:22 [DEBUG] https://www.google.com:443 "GET /generate_204 HTTP/1.1" 204 0
21:15:22 [DEBUG] https://www.google.com:443 "GET /generate_204 HTTP/1.1" 204 0
21:15:22 [DEBUG] https://dl.google.com:443 "GET /dl/android/studio/install/3.4.1.0/android-studio-ide-183.5522156-windows.exe HTTP/1.1" 200 1017327996
21:15:22 [DEBUG] https://www.google.com:443 "GET /generate_204 HTTP/1.1" 204 0
21:15:22 [DEBUG] Starting new HTTPS connection (1): dl.google.com:443
21:15:22 [DEBUG] https://www.google.com:443 "GET /generate_204 HTTP/1.1" 204 0
21:15:22 [INFO]    🎯 185.137.232.178 (Россия) - 26.1 Mbps, 377ms, UDP✅
21:15:22 [DEBUG] Starting new HTTPS connection (1): www.google.com:443
21:15:22 [DEBUG] Starting new HTTPS connection (1): dl.google.com:443
21:15:22 [DEBUG] https://dl.google.com:443 "GET /dl/android/studio/install/3.4.1.0/android-studio-ide-183.5522156-windows.exe HTTP/1.1" 200 1017327996
21:15:22 [DEBUG] https://www.google.com:443 "GET /generate_204 HTTP/1.1" 204 0
21:15:22 [DEBUG] Starting new HTTPS connection (1): dl.google.com:443
21:15:22 [DEBUG] Starting new HTTPS connection (1): dl.google.com:443
21:15:22 [DEBUG] https://www.google.com:443 "GET /generate_204 HTTP/1.1" 204 0
21:15:22 [DEBUG] Starting new HTTPS connection (1): www.google.com:443
21:15:22 [DEBUG] Starting new HTTPS connection (1): dl.google.com:443
21:15:22 [DEBUG] Starting new HTTPS connection (1): www.google.com:443
21:15:23 [DEBUG] https://dl.google.com:443 "GET /dl/android/studio/install/3.4.1.0/android-studio-ide-183.5522156-windows.exe HTTP/1.1" 200 1017327996
21:15:23 [DEBUG] https://dl.google.com:443 "GET /dl/android/studio/install/3.4.1.0/android-studio-ide-183.5522156-windows.exe HTTP/1.1" 200 1017327996
21:15:23 [DEBUG] https://dl.google.com:443 "GET /dl/android/studio/install/3.4.1.0/android-studio-ide-183.5522156-windows.exe HTTP/1.1" 200 1017327996
21:15:23 [DEBUG] https://www.google.com:443 "GET /generate_204 HTTP/1.1" 204 0
21:15:23 [DEBUG] Starting new HTTPS connection (1): dl.google.com:443
21:15:23 [INFO]    🎯 213.176.19.149 (Россия) - 23.2 Mbps, 452ms, UDP✅
21:15:23 [INFO]    🎯 185.234.59.89 (Россия) - 20.7 Mbps, 533ms, UDP✅
21:15:23 [DEBUG] Starting new HTTPS connection (1): www.google.com:443
21:15:23 [DEBUG] Starting new HTTPS connection (1): dl.google.com:443
21:15:23 [INFO]    🎯 217.16.26.158 (Россия) - 28.2 Mbps, 3313ms, UDP✅
21:15:23 [DEBUG] https://www.google.com:443 "GET /generate_204 HTTP/1.1" 204 0
21:15:23 [DEBUG] https://dl.google.com:443 "GET /dl/android/studio/install/3.4.1.0/android-studio-ide-183.5522156-windows.exe HTTP/1.1" 200 1017327996
21:15:23 [DEBUG] https://www.google.com:443 "GET /generate_204 HTTP/1.1" 204 0
21:15:23 [DEBUG] https://dl.google.com:443 "GET /dl/android/studio/install/3.4.1.0/android-studio-ide-183.5522156-windows.exe HTTP/1.1" 200 1017327996
21:15:24 [DEBUG] Starting new HTTPS connection (1): dl.google.com:443
21:15:24 [INFO]    🎯 185.234.59.59 (Россия) - 27.0 Mbps, 339ms, UDP✅
21:15:24 [DEBUG] Starting new HTTPS connection (1): dl.google.com:443
21:15:24 [DEBUG] https://dl.google.com:443 "GET /dl/android/studio/install/3.4.1.0/android-studio-ide-183.5522156-windows.exe HTTP/1.1" 200 1017327996
21:15:24 [INFO]    🎯 103.113.68.85 (Россия) - 15.3 Mbps, 356ms, UDP✅
21:15:24 [DEBUG] Starting new HTTPS connection (1): www.google.com:443
21:15:24 [DEBUG] Starting new HTTPS connection (1): www.google.com:443
21:15:24 [DEBUG] Starting new HTTPS connection (1): www.google.com:443
21:15:24 [INFO]    🎯 185.234.59.175 (Россия) - 28.2 Mbps, 339ms, UDP✅
21:15:24 [INFO]    🎯 90.156.217.130 (Россия) - 2.4 Mbps, 391ms, UDP✅
21:15:24 [DEBUG] https://www.google.com:443 "GET /generate_204 HTTP/1.1" 204 0
21:15:24 [DEBUG] https://www.google.com:443 "GET /generate_204 HTTP/1.1" 204 0
21:15:25 [DEBUG] Starting new HTTPS connection (1): dl.google.com:443
21:15:25 [DEBUG] Starting new HTTPS connection (1): dl.google.com:443
21:15:25 [DEBUG] Starting new HTTPS connection (1): www.google.com:443
21:15:25 [INFO]    🎯 51.250.9.25 (Россия) - 0.8 Mbps, 4206ms, UDP✅
21:15:25 [DEBUG] Starting new HTTPS connection (1): dl.google.com:443
21:15:25 [INFO]    🎯 217.114.15.157 (Россия) - 5.7 Mbps, 602ms, UDP✅
21:15:25 [DEBUG] https://dl.google.com:443 "GET /dl/android/studio/install/3.4.1.0/android-studio-ide-183.5522156-windows.exe HTTP/1.1" 200 1017327996
21:15:25 [DEBUG] https://dl.google.com:443 "GET /dl/android/studio/install/3.4.1.0/android-studio-ide-183.5522156-windows.exe HTTP/1.1" 200 1017327996
21:15:25 [DEBUG] https://dl.google.com:443 "GET /dl/android/studio/install/3.4.1.0/android-studio-ide-183.5522156-windows.exe HTTP/1.1" 200 1017327996
21:15:25 [DEBUG] Starting new HTTPS connection (1): www.google.com:443
21:15:25 [DEBUG] https://www.google.com:443 "GET /generate_204 HTTP/1.1" 204 0
21:15:25 [INFO]    🎯 185.234.59.176 (Россия) - 27.4 Mbps, 334ms, UDP✅
21:15:25 [INFO]    🎯 185.234.59.94 (Россия) - 27.0 Mbps, 333ms, UDP✅
21:15:25 [DEBUG] Starting new HTTPS connection (1): www.google.com:443
21:15:25 [DEBUG] https://www.google.com:443 "GET /generate_204 HTTP/1.1" 204 0
21:15:25 [DEBUG] Starting new HTTPS connection (1): dl.google.com:443
21:15:25 [DEBUG] Starting new HTTPS connection (1): www.google.com:443
21:15:26 [DEBUG] Starting new HTTPS connection (1): dl.google.com:443
21:15:26 [DEBUG] https://www.google.com:443 "GET /generate_204 HTTP/1.1" 204 0
21:15:26 [DEBUG] https://dl.google.com:443 "GET /dl/android/studio/install/3.4.1.0/android-studio-ide-183.5522156-windows.exe HTTP/1.1" 200 1017327996
21:15:26 [DEBUG] https://www.google.com:443 "GET /generate_204 HTTP/1.1" 204 0
21:15:26 [DEBUG] Starting new HTTPS connection (1): www.google.com:443
21:15:26 [DEBUG] Starting new HTTPS connection (1): dl.google.com:443
21:15:26 [DEBUG] Starting new HTTPS connection (1): www.google.com:443
21:15:26 [DEBUG] Starting new HTTPS connection (1): dl.google.com:443
21:15:26 [DEBUG] https://dl.google.com:443 "GET /dl/android/studio/install/3.4.1.0/android-studio-ide-183.5522156-windows.exe HTTP/1.1" 200 1017327996
21:15:26 [DEBUG] https://www.google.com:443 "GET /generate_204 HTTP/1.1" 204 0
21:15:26 [DEBUG] https://dl.google.com:443 "GET /dl/android/studio/install/3.4.1.0/android-studio-ide-183.5522156-windows.exe HTTP/1.1" 200 1017327996
21:15:26 [DEBUG] Starting new HTTPS connection (1): www.google.com:443
21:15:26 [DEBUG] Starting new HTTPS connection (1): www.google.com:443
21:15:26 [DEBUG] https://dl.google.com:443 "GET /dl/android/studio/install/3.4.1.0/android-studio-ide-183.5522156-windows.exe HTTP/1.1" 200 1017327996
21:15:26 [DEBUG] Starting new HTTPS connection (1): dl.google.com:443
21:15:26 [INFO]    🎯 213.165.60.36 (Россия) - 6.8 Mbps, 817ms, UDP✅
21:15:27 [DEBUG] https://www.google.com:443 "GET /generate_204 HTTP/1.1" 204 0
21:15:27 [DEBUG] https://www.google.com:443 "GET /generate_204 HTTP/1.1" 204 0
21:15:27 [DEBUG] https://dl.google.com:443 "GET /dl/android/studio/install/3.4.1.0/android-studio-ide-183.5522156-windows.exe HTTP/1.1" 200 1017327996
21:15:27 [DEBUG] Starting new HTTPS connection (1): dl.google.com:443
21:15:27 [INFO]    🎯 185.234.59.55 (Россия) - 10.9 Mbps, 370ms, UDP✅
21:15:27 [DEBUG] Starting new HTTPS connection (1): dl.google.com:443
21:15:27 [INFO]    🎯 185.234.59.58 (Россия) - 27.9 Mbps, 351ms, UDP✅
21:15:27 [INFO]    🎯 185.234.59.174 (Россия) - 11.9 Mbps, 333ms, UDP✅
21:15:27 [INFO]    🎯 185.234.59.171 (Россия) - 14.3 Mbps, 362ms, UDP✅
21:15:27 [INFO]    🎯 185.234.59.51 (Россия) - 15.3 Mbps, 346ms, UDP✅
21:15:27 [DEBUG] https://dl.google.com:443 "GET /dl/android/studio/install/3.4.1.0/android-studio-ide-183.5522156-windows.exe HTTP/1.1" 200 1017327996
21:15:27 [DEBUG] https://dl.google.com:443 "GET /dl/android/studio/install/3.4.1.0/android-studio-ide-183.5522156-windows.exe HTTP/1.1" 200 1017327996
21:15:27 [DEBUG] Starting new HTTPS connection (1): www.google.com:443
21:15:27 [DEBUG] https://dl.google.com:443 "GET /dl/android/studio/install/3.4.1.0/android-studio-ide-183.5522156-windows.exe HTTP/1.1" 200 1017327996
21:15:27 [DEBUG] https://dl.google.com:443 "GET /dl/android/studio/install/3.4.1.0/android-studio-ide-183.5522156-windows.exe HTTP/1.1" 200 1017327996
21:15:28 [INFO]    🎯 5.188.140.115 (Россия) - 22.2 Mbps, 322ms, UDP✅
21:15:28 [INFO]    🎯 91.142.72.101 (Россия) - 21.6 Mbps, 2448ms, UDP✅
21:15:28 [INFO]    🎯 45.67.215.233 (Россия) - 3.1 Mbps, 1328ms, UDP✅
21:15:28 [DEBUG] Starting new HTTPS connection (1): www.google.com:443
21:15:28 [DEBUG] Starting new HTTPS connection (1): www.google.com:443
21:15:28 [DEBUG] Starting new HTTPS connection (1): www.google.com:443
21:15:28 [DEBUG] Starting new HTTPS connection (1): www.google.com:443
21:15:28 [DEBUG] Starting new HTTPS connection (1): www.google.com:443
21:15:28 [DEBUG] Starting new HTTPS connection (1): www.google.com:443
21:15:28 [DEBUG] https://www.google.com:443 "GET /generate_204 HTTP/1.1" 204 0
21:15:28 [DEBUG] https://www.google.com:443 "GET /generate_204 HTTP/1.1" 204 0
21:15:28 [DEBUG] https://www.google.com:443 "GET /generate_204 HTTP/1.1" 204 0
21:15:28 [DEBUG] https://www.google.com:443 "GET /generate_204 HTTP/1.1" 204 0
21:15:28 [DEBUG] Starting new HTTPS connection (1): dl.google.com:443
21:15:28 [DEBUG] Starting new HTTPS connection (1): dl.google.com:443
21:15:29 [DEBUG] Starting new HTTPS connection (1): www.google.com:443
21:15:29 [INFO]    🎯 37.139.42.234 (Россия) - 4.4 Mbps, 4777ms, UDP❌
21:15:29 [DEBUG] Starting new HTTPS connection (1): www.google.com:443
21:15:29 [DEBUG] Starting new HTTPS connection (1): www.google.com:443
21:15:29 [DEBUG] Starting new HTTPS connection (1): dl.google.com:443
21:15:29 [DEBUG] https://dl.google.com:443 "GET /dl/android/studio/install/3.4.1.0/android-studio-ide-183.5522156-windows.exe HTTP/1.1" 200 1017327996
21:15:29 [DEBUG] https://dl.google.com:443 "GET /dl/android/studio/install/3.4.1.0/android-studio-ide-183.5522156-windows.exe HTTP/1.1" 200 1017327996
21:15:29 [DEBUG] https://www.google.com:443 "GET /generate_204 HTTP/1.1" 204 0
21:15:29 [DEBUG] https://www.google.com:443 "GET /generate_204 HTTP/1.1" 204 0
21:15:29 [INFO]    🎯 212.113.123.230 (Россия) - 24.7 Mbps, 350ms, UDP✅
21:15:29 [INFO]    🎯 194.55.235.208 (Россия) - 23.2 Mbps, 319ms, UDP✅
21:15:29 [DEBUG] Starting new HTTPS connection (1): dl.google.com:443
21:15:29 [DEBUG] https://www.google.com:443 "GET /generate_204 HTTP/1.1" 204 0
21:15:29 [DEBUG] Starting new HTTPS connection (1): dl.google.com:443
21:15:30 [DEBUG] Starting new HTTPS connection (1): www.google.com:443
21:15:30 [DEBUG] https://dl.google.com:443 "GET /dl/android/studio/install/3.4.1.0/android-studio-ide-183.5522156-windows.exe HTTP/1.1" 200 1017327996
21:15:30 [DEBUG] Starting new HTTPS connection (1): dl.google.com:443
21:15:30 [INFO]    🎯 146.185.242.0 (Россия) - 26.2 Mbps, 325ms, UDP✅
21:15:30 [DEBUG] https://dl.google.com:443 "GET /dl/android/studio/install/3.4.1.0/android-studio-ide-183.5522156-windows.exe HTTP/1.1" 200 1017327996
21:15:30 [DEBUG] Starting new HTTPS connection (1): www.google.com:443
21:15:30 [DEBUG] Starting new HTTPS connection (1): www.google.com:443
21:15:30 [DEBUG] https://dl.google.com:443 "GET /dl/android/studio/install/3.4.1.0/android-studio-ide-183.5522156-windows.exe HTTP/1.1" 200 1017327996
21:15:30 [DEBUG] https://www.google.com:443 "GET /generate_204 HTTP/1.1" 204 0
21:15:31 [DEBUG] Starting new HTTPS connection (1): www.google.com:443
21:15:31 [DEBUG] Starting new HTTPS connection (1): dl.google.com:443
21:15:31 [DEBUG] https://dl.google.com:443 "GET /dl/android/studio/install/3.4.1.0/android-studio-ide-183.5522156-windows.exe HTTP/1.1" 200 1017327996
21:15:31 [DEBUG] https://www.google.com:443 "GET /generate_204 HTTP/1.1" 204 0
21:15:31 [DEBUG] https://www.google.com:443 "GET /generate_204 HTTP/1.1" 204 0
21:15:31 [DEBUG] Starting new HTTPS connection (1): www.google.com:443
21:15:31 [DEBUG] https://dl.google.com:443 "GET /dl/android/studio/install/3.4.1.0/android-studio-ide-183.5522156-windows.exe HTTP/1.1" 200 1017327996
21:15:31 [INFO]    🎯 5.188.141.69 (Россия) - 16.6 Mbps, 757ms, UDP✅
21:15:31 [DEBUG] Starting new HTTPS connection (1): www.google.com:443
21:15:31 [DEBUG] Starting new HTTPS connection (1): www.google.com:443
21:15:31 [INFO]    🎯 5.188.141.176 (Россия) - 28.8 Mbps, 309ms, UDP✅
21:15:31 [DEBUG] Starting new HTTPS connection (1): dl.google.com:443
21:15:31 [DEBUG] Starting new HTTPS connection (1): dl.google.com:443
21:15:32 [DEBUG] https://www.google.com:443 "GET /generate_204 HTTP/1.1" 204 0
21:15:32 [DEBUG] https://dl.google.com:443 "GET /dl/android/studio/install/3.4.1.0/android-studio-ide-183.5522156-windows.exe HTTP/1.1" 200 1017327996
21:15:32 [DEBUG] https://dl.google.com:443 "GET /dl/android/studio/install/3.4.1.0/android-studio-ide-183.5522156-windows.exe HTTP/1.1" 200 1017327996
21:15:32 [INFO]    🎯 109.120.191.63 (Россия) - 27.7 Mbps, 326ms, UDP❌
21:15:32 [DEBUG] Starting new HTTPS connection (1): dl.google.com:443
21:15:32 [DEBUG] Starting new HTTPS connection (1): www.google.com:443
21:15:32 [INFO]    🎯 5.188.140.55 (Россия) - 5.2 Mbps, 983ms, UDP✅
21:15:32 [INFO]    🎯 109.120.188.14 (Россия) - 20.6 Mbps, 423ms, UDP✅
21:15:32 [DEBUG] Starting new HTTPS connection (1): www.google.com:443
21:15:32 [DEBUG] Starting new HTTPS connection (1): www.google.com:443
21:15:32 [DEBUG] https://www.google.com:443 "GET /generate_204 HTTP/1.1" 204 0
21:15:32 [DEBUG] https://www.google.com:443 "GET /generate_204 HTTP/1.1" 204 0
21:15:32 [DEBUG] https://dl.google.com:443 "GET /dl/android/studio/install/3.4.1.0/android-studio-ide-183.5522156-windows.exe HTTP/1.1" 200 1017327996
21:15:33 [DEBUG] https://www.google.com:443 "GET /generate_204 HTTP/1.1" 204 0
21:15:33 [DEBUG] Starting new HTTPS connection (1): dl.google.com:443
21:15:33 [DEBUG] https://www.google.com:443 "GET /generate_204 HTTP/1.1" 204 0
21:15:33 [DEBUG] https://www.google.com:443 "GET /generate_204 HTTP/1.1" 204 0
21:15:33 [INFO]    🎯 109.120.190.203 (Россия) - 21.4 Mbps, 498ms, UDP✅
21:15:33 [DEBUG] Starting new HTTPS connection (1): dl.google.com:443
21:15:33 [DEBUG] https://dl.google.com:443 "GET /dl/android/studio/install/3.4.1.0/android-studio-ide-183.5522156-windows.exe HTTP/1.1" 200 1017327996
21:15:33 [DEBUG] Starting new HTTPS connection (1): www.google.com:443
21:15:33 [DEBUG] Starting new HTTPS connection (1): dl.google.com:443
21:15:33 [DEBUG] Starting new HTTPS connection (1): dl.google.com:443
21:15:33 [DEBUG] Starting new HTTPS connection (1): www.google.com:443
21:15:33 [DEBUG] Starting new HTTPS connection (1): dl.google.com:443
21:15:33 [DEBUG] Starting new HTTPS connection (1): www.google.com:443
21:15:33 [DEBUG] Starting new HTTPS connection (1): www.google.com:443
21:15:33 [INFO]    🎯 217.16.16.52 (Россия) - 30.3 Mbps, 416ms, UDP✅
21:15:33 [DEBUG] https://dl.google.com:443 "GET /dl/android/studio/install/3.4.1.0/android-studio-ide-183.5522156-windows.exe HTTP/1.1" 200 1017327996
21:15:33 [DEBUG] https://www.google.com:443 "GET /generate_204 HTTP/1.1" 204 0
21:15:33 [DEBUG] Starting new HTTPS connection (1): dl.google.com:443
21:15:33 [DEBUG] https://www.google.com:443 "GET /generate_204 HTTP/1.1" 204 0
21:15:33 [DEBUG] https://dl.google.com:443 "GET /dl/android/studio/install/3.4.1.0/android-studio-ide-183.5522156-windows.exe HTTP/1.1" 200 1017327996
21:15:33 [DEBUG] https://www.google.com:443 "GET /generate_204 HTTP/1.1" 204 0
21:15:33 [DEBUG] https://www.google.com:443 "GET /generate_204 HTTP/1.1" 204 0
21:15:34 [DEBUG] Starting new HTTPS connection (1): dl.google.com:443
21:15:34 [DEBUG] Starting new HTTPS connection (1): dl.google.com:443
21:15:34 [DEBUG] https://dl.google.com:443 "GET /dl/android/studio/install/3.4.1.0/android-studio-ide-183.5522156-windows.exe HTTP/1.1" 200 1017327996
21:15:34 [DEBUG] Starting new HTTPS connection (1): dl.google.com:443
21:15:34 [DEBUG] Starting new HTTPS connection (1): dl.google.com:443
21:15:34 [DEBUG] Starting new HTTPS connection (1): www.google.com:443
21:15:34 [DEBUG] https://dl.google.com:443 "GET /dl/android/studio/install/3.4.1.0/android-studio-ide-183.5522156-windows.exe HTTP/1.1" 200 1017327996
21:15:34 [DEBUG] https://www.google.com:443 "GET /generate_204 HTTP/1.1" 204 0
21:15:34 [INFO]    🎯 87.239.110.251 (Россия) - 0.7 Mbps, 1235ms, UDP✅
21:15:34 [INFO]    🎯 5.188.140.3 (Россия) - 23.1 Mbps, 345ms, UDP✅
21:15:34 [INFO]    🎯 212.233.73.212 (Россия) - 15.0 Mbps, 409ms, UDP✅
21:15:34 [DEBUG] https://dl.google.com:443 "GET /dl/android/studio/install/3.4.1.0/android-studio-ide-183.5522156-windows.exe HTTP/1.1" 200 1017327996
21:15:34 [DEBUG] https://dl.google.com:443 "GET /dl/android/studio/install/3.4.1.0/android-studio-ide-183.5522156-windows.exe HTTP/1.1" 200 1017327996
21:15:34 [DEBUG] https://dl.google.com:443 "GET /dl/android/studio/install/3.4.1.0/android-studio-ide-183.5522156-windows.exe HTTP/1.1" 200 1017327996
21:15:34 [DEBUG] Starting new HTTPS connection (1): www.google.com:443
21:15:34 [DEBUG] Starting new HTTPS connection (1): dl.google.com:443
21:15:34 [INFO]    🎯 95.163.208.90 (Россия) - 13.2 Mbps, 4700ms, UDP✅
21:15:34 [DEBUG] https://www.google.com:443 "GET /generate_204 HTTP/1.1" 204 0
21:15:34 [INFO]    🎯 51.250.16.92 (Россия) - 24.9 Mbps, 357ms, UDP✅
21:15:35 [INFO]    🎯 37.139.33.15 (Россия) - 15.9 Mbps, 395ms, UDP✅
21:15:35 [DEBUG] Starting new HTTPS connection (1): www.google.com:443
21:15:35 [DEBUG] Starting new HTTPS connection (1): www.google.com:443
21:15:35 [DEBUG] Starting new HTTPS connection (1): www.google.com:443
21:15:35 [DEBUG] Starting new HTTPS connection (1): www.google.com:443
21:15:35 [DEBUG] https://www.google.com:443 "GET /generate_204 HTTP/1.1" 204 0
21:15:35 [DEBUG] Starting new HTTPS connection (1): www.google.com:443
21:15:36 [DEBUG] https://www.google.com:443 "GET /generate_204 HTTP/1.1" 204 0
21:15:36 [DEBUG] https://www.google.com:443 "GET /generate_204 HTTP/1.1" 204 0
21:15:36 [DEBUG] https://www.google.com:443 "GET /generate_204 HTTP/1.1" 204 0
21:15:36 [DEBUG] Starting new HTTPS connection (1): dl.google.com:443
21:15:36 [DEBUG] https://www.google.com:443 "GET /generate_204 HTTP/1.1" 204 0
21:15:36 [DEBUG] Starting new HTTPS connection (1): www.google.com:443
21:15:36 [DEBUG] Starting new HTTPS connection (1): dl.google.com:443
21:15:36 [DEBUG] Starting new HTTPS connection (1): dl.google.com:443
21:15:36 [DEBUG] https://dl.google.com:443 "GET /dl/android/studio/install/3.4.1.0/android-studio-ide-183.5522156-windows.exe HTTP/1.1" 200 1017327996
21:15:36 [DEBUG] https://www.google.com:443 "GET /generate_204 HTTP/1.1" 204 0
21:15:36 [DEBUG] https://dl.google.com:443 "GET /dl/android/studio/install/3.4.1.0/android-studio-ide-183.5522156-windows.exe HTTP/1.1" 200 1017327996
21:15:36 [DEBUG] https://dl.google.com:443 "GET /dl/android/studio/install/3.4.1.0/android-studio-ide-183.5522156-windows.exe HTTP/1.1" 200 1017327996
21:15:36 [DEBUG] https://www.google.com:443 "GET /generate_204 HTTP/1.1" 204 0
21:15:36 [DEBUG] Starting new HTTPS connection (1): dl.google.com:443
21:15:36 [DEBUG] https://dl.google.com:443 "GET /dl/android/studio/install/3.4.1.0/android-studio-ide-183.5522156-windows.exe HTTP/1.1" 200 1017327996
21:15:37 [DEBUG] https://dl.google.com:443 "GET /dl/android/studio/install/3.4.1.0/android-studio-ide-183.5522156-windows.exe HTTP/1.1" 200 1017327996
21:15:37 [DEBUG] Starting new HTTPS connection (1): dl.google.com:443
21:15:37 [INFO]    🎯 109.120.188.227 (Россия) - 5.2 Mbps, 2827ms, UDP✅
21:15:37 [INFO]    🎯 84.23.52.70 (Россия) - 14.8 Mbps, 411ms, UDP✅
21:15:37 [INFO]    🎯 89.208.87.253 (Россия) - 6.1 Mbps, 238ms, UDP✅
21:15:37 [DEBUG] https://dl.google.com:443 "GET /dl/android/studio/install/3.4.1.0/android-studio-ide-183.5522156-windows.exe HTTP/1.1" 200 1017327996
21:15:37 [INFO]    🎯 87.239.106.153 (Россия) - 14.2 Mbps, 426ms, UDP✅
21:15:37 [DEBUG] Starting new HTTPS connection (1): dl.google.com:443
21:15:37 [DEBUG] https://dl.google.com:443 "GET /dl/android/studio/install/3.4.1.0/android-studio-ide-183.5522156-windows.exe HTTP/1.1" 200 1017327996
21:15:38 [INFO]    🎯 90.156.150.134 (Россия) - 11.3 Mbps, 535ms, UDP✅
21:15:38 [DEBUG] Starting new HTTPS connection (1): www.google.com:443
21:15:38 [DEBUG] Starting new HTTPS connection (1): www.google.com:443
21:15:38 [DEBUG] Starting new HTTPS connection (1): www.google.com:443
21:15:38 [DEBUG] Starting new HTTPS connection (1): www.google.com:443
21:15:38 [INFO]    🎯 89.169.162.214 (Россия) - 11.1 Mbps, 541ms, UDP✅
21:15:38 [DEBUG] https://www.google.com:443 "GET /generate_204 HTTP/1.1" 204 0
21:15:38 [DEBUG] Starting new HTTPS connection (1): dl.google.com:443
21:15:38 [DEBUG] https://www.google.com:443 "GET /generate_204 HTTP/1.1" 204 0
21:15:39 [INFO]    🎯 178.250.243.98 (Россия) - 5.7 Mbps, 252ms, UDP✅
21:15:39 [DEBUG] https://www.google.com:443 "GET /generate_204 HTTP/1.1" 204 0
21:15:39 [DEBUG] Starting new HTTPS connection (1): dl.google.com:443
21:15:39 [DEBUG] https://www.google.com:443 "GET /generate_204 HTTP/1.1" 204 0
21:15:39 [DEBUG] Starting new HTTPS connection (1): dl.google.com:443
21:15:39 [DEBUG] https://dl.google.com:443 "GET /dl/android/studio/install/3.4.1.0/android-studio-ide-183.5522156-windows.exe HTTP/1.1" 200 1017327996
21:15:39 [DEBUG] Starting new HTTPS connection (1): www.google.com:443
21:15:39 [DEBUG] Starting new HTTPS connection (1): dl.google.com:443
21:15:39 [DEBUG] https://www.google.com:443 "GET /generate_204 HTTP/1.1" 204 0
21:15:39 [DEBUG] Starting new HTTPS connection (1): dl.google.com:443
21:15:39 [DEBUG] Starting new HTTPS connection (1): www.google.com:443
21:15:39 [DEBUG] https://dl.google.com:443 "GET /dl/android/studio/install/3.4.1.0/android-studio-ide-183.5522156-windows.exe HTTP/1.1" 200 1017327996
21:15:40 [DEBUG] https://dl.google.com:443 "GET /dl/android/studio/install/3.4.1.0/android-studio-ide-183.5522156-windows.exe HTTP/1.1" 200 1017327996
21:15:40 [DEBUG] Starting new HTTPS connection (1): www.google.com:443
21:15:40 [DEBUG] https://dl.google.com:443 "GET /dl/android/studio/install/3.4.1.0/android-studio-ide-183.5522156-windows.exe HTTP/1.1" 200 1017327996
21:15:40 [INFO]    🎯 178.250.243.97 (Россия) - 2.5 Mbps, 279ms, UDP✅
21:15:40 [INFO]    🎯 158.160.223.36 (Россия) - 13.9 Mbps, 475ms, UDP❌
21:15:40 [DEBUG] https://www.google.com:443 "GET /generate_204 HTTP/1.1" 204 0
21:15:40 [INFO]    🎯 185.40.153.243 (Россия) - 0.0 Mbps, 2182ms, UDP✅
21:15:40 [DEBUG] https://dl.google.com:443 "GET /dl/android/studio/install/3.4.1.0/android-studio-ide-183.5522156-windows.exe HTTP/1.1" 200 1017327996
21:15:40 [INFO]    🎯 185.130.115.55 (Россия) - 8.9 Mbps, 248ms, UDP✅
21:15:40 [INFO]    🎯 146.185.240.23 (Россия) - 10.8 Mbps, 621ms, UDP✅
21:15:41 [INFO]    🎯 89.169.162.214 (Россия) - 11.1 Mbps, 553ms, UDP✅
21:15:41 [DEBUG] Starting new HTTPS connection (1): dl.google.com:443
21:15:41 [DEBUG] Starting new HTTPS connection (1): www.google.com:443
21:15:41 [DEBUG] Starting new HTTPS connection (1): www.google.com:443
21:15:41 [DEBUG] Starting new HTTPS connection (1): www.google.com:443
21:15:41 [DEBUG] Starting new HTTPS connection (1): www.google.com:443
21:15:41 [DEBUG] https://dl.google.com:443 "GET /dl/android/studio/install/3.4.1.0/android-studio-ide-183.5522156-windows.exe HTTP/1.1" 200 1017327996
21:15:41 [DEBUG] Starting new HTTPS connection (1): www.google.com:443
21:15:42 [DEBUG] Starting new HTTPS connection (1): www.google.com:443
21:15:42 [DEBUG] Starting new HTTPS connection (1): dl.google.com:443
21:15:42 [DEBUG] https://www.google.com:443 "GET /generate_204 HTTP/1.1" 204 0
21:15:42 [DEBUG] Starting new HTTPS connection (1): dl.google.com:443
21:15:42 [DEBUG] Starting new HTTPS connection (1): dl.google.com:443
21:15:42 [DEBUG] Starting new HTTPS connection (1): www.google.com:443
21:15:42 [DEBUG] https://dl.google.com:443 "GET /dl/android/studio/install/3.4.1.0/android-studio-ide-183.5522156-windows.exe HTTP/1.1" 200 1017327996
21:15:43 [DEBUG] https://dl.google.com:443 "GET /dl/android/studio/install/3.4.1.0/android-studio-ide-183.5522156-windows.exe HTTP/1.1" 200 1017327996
21:15:43 [DEBUG] Starting new HTTPS connection (1): www.google.com:443
21:15:43 [DEBUG] Starting new HTTPS connection (1): www.google.com:443
21:15:43 [DEBUG] https://www.google.com:443 "GET /generate_204 HTTP/1.1" 204 0
21:15:43 [INFO]    🎯 80.92.205.51 (Россия) - 18.1 Mbps, 349ms, UDP✅
21:15:43 [INFO]    🎯 84.252.136.245 (Россия) - 10.9 Mbps, 664ms, UDP❌
21:15:43 [DEBUG] https://dl.google.com:443 "GET /dl/android/studio/install/3.4.1.0/android-studio-ide-183.5522156-windows.exe HTTP/1.1" 200 1017327996
21:15:43 [DEBUG] Starting new HTTPS connection (1): www.google.com:443
21:15:43 [DEBUG] Starting new HTTPS connection (1): dl.google.com:443
21:15:43 [INFO]    🎯 95.163.208.110 (Россия) - 3.6 Mbps, 7647ms, UDP❌
21:15:44 [DEBUG] https://dl.google.com:443 "GET /dl/android/studio/install/3.4.1.0/android-studio-ide-183.5522156-windows.exe HTTP/1.1" 200 1017327996
21:15:44 [DEBUG] https://dl.google.com:443 "GET /dl/android/studio/install/3.4.1.0/android-studio-ide-183.5522156-windows.exe HTTP/1.1" 200 1017327996
21:15:44 [DEBUG] Starting new HTTPS connection (1): www.google.com:443
21:15:44 [DEBUG] Starting new HTTPS connection (1): www.google.com:443
21:15:44 [DEBUG] Starting new HTTPS connection (1): www.google.com:443
21:15:44 [DEBUG] Starting new HTTPS connection (1): www.google.com:443
21:15:44 [INFO]    🎯 46.243.233.12 (Россия) - 7.4 Mbps, 4776ms, UDP❌
21:15:44 [INFO]    🎯 5.188.142.230 (Россия) - 2.4 Mbps, 3266ms, UDP❌
21:15:44 [DEBUG] Starting new HTTPS connection (1): www.google.com:443
21:15:45 [DEBUG] https://www.google.com:443 "GET /generate_204 HTTP/1.1" 204 0
21:15:45 [DEBUG] https://www.google.com:443 "GET /generate_204 HTTP/1.1" 204 0
21:15:45 [INFO]    🎯 37.139.42.234 (Россия) - 14.6 Mbps, 433ms, UDP✅
21:15:45 [DEBUG] Starting new HTTPS connection (1): dl.google.com:443
21:15:45 [DEBUG] Starting new HTTPS connection (1): www.google.com:443
21:15:45 [DEBUG] Starting new HTTPS connection (1): www.google.com:443
21:15:45 [DEBUG] Starting new HTTPS connection (1): www.google.com:443
21:15:45 [DEBUG] Starting new HTTPS connection (1): www.google.com:443
21:15:45 [DEBUG] Starting new HTTPS connection (1): www.google.com:443
21:15:45 [DEBUG] Starting new HTTPS connection (1): www.google.com:443
21:15:46 [DEBUG] Starting new HTTPS connection (1): www.google.com:443
21:15:46 [DEBUG] https://dl.google.com:443 "GET /dl/android/studio/install/3.4.1.0/android-studio-ide-183.5522156-windows.exe HTTP/1.1" 200 1017327996
21:15:46 [DEBUG] Starting new HTTPS connection (1): dl.google.com:443
21:15:46 [INFO]    🎯 185.247.185.6 (Россия) - 16.1 Mbps, 622ms, UDP✅
21:15:46 [DEBUG] Starting new HTTPS connection (1): www.google.com:443
21:15:46 [DEBUG] Starting new HTTPS connection (1): www.google.com:443
21:15:46 [DEBUG] Starting new HTTPS connection (1): www.google.com:443
21:15:46 [DEBUG] Starting new HTTPS connection (1): www.google.com:443
21:15:46 [DEBUG] Starting new HTTPS connection (1): www.google.com:443
21:15:46 [DEBUG] Starting new HTTPS connection (1): www.google.com:443
21:15:47 [DEBUG] https://www.google.com:443 "GET /generate_204 HTTP/1.1" 204 0
21:15:47 [DEBUG] Starting new HTTPS connection (1): www.google.com:443
21:15:47 [DEBUG] Starting new HTTPS connection (1): www.google.com:443
21:15:48 [DEBUG] Starting new HTTPS connection (1): www.google.com:443
21:15:48 [DEBUG] Starting new HTTPS connection (1): www.google.com:443
21:15:49 [DEBUG] Starting new HTTPS connection (1): www.google.com:443
21:15:49 [DEBUG] Starting new HTTPS connection (1): www.google.com:443
21:15:49 [DEBUG] Starting new HTTPS connection (1): www.google.com:443
21:15:49 [DEBUG] Starting new HTTPS connection (1): www.google.com:443
21:15:49 [DEBUG] Starting new HTTPS connection (1): www.google.com:443
21:15:49 [DEBUG] Starting new HTTPS connection (1): www.google.com:443
21:15:49 [DEBUG] Starting new HTTPS connection (1): www.google.com:443
21:15:49 [DEBUG] Starting new HTTPS connection (1): www.google.com:443
21:15:50 [DEBUG] Starting new HTTPS connection (1): www.google.com:443
21:15:50 [DEBUG] Starting new HTTPS connection (1): dl.google.com:443
21:15:50 [DEBUG] Starting new HTTPS connection (1): www.google.com:443
21:15:50 [DEBUG] Starting new HTTPS connection (1): www.google.com:443
21:15:50 [INFO]    🎯 90.156.217.130 (Россия) - 1.0 Mbps, 381ms, UDP✅
21:15:50 [DEBUG] Starting new HTTPS connection (1): www.google.com:443
21:15:50 [DEBUG] Starting new HTTPS connection (1): www.google.com:443
21:15:50 [DEBUG] https://dl.google.com:443 "GET /dl/android/studio/install/3.4.1.0/android-studio-ide-183.5522156-windows.exe HTTP/1.1" 200 1017327996
21:15:50 [DEBUG] Starting new HTTPS connection (1): www.google.com:443
21:15:50 [DEBUG] Starting new HTTPS connection (1): www.google.com:443
21:15:50 [DEBUG] Starting new HTTPS connection (1): www.google.com:443
21:15:50 [DEBUG] Starting new HTTPS connection (1): www.google.com:443
21:15:51 [DEBUG] Starting new HTTPS connection (1): www.google.com:443
21:15:51 [DEBUG] Starting new HTTPS connection (1): www.google.com:443
21:15:51 [DEBUG] Starting new HTTPS connection (1): www.google.com:443
21:15:53 [DEBUG] Starting new HTTPS connection (1): www.google.com:443
21:15:53 [DEBUG] Starting new HTTPS connection (1): www.google.com:443
21:15:53 [DEBUG] Starting new HTTPS connection (1): www.google.com:443
21:15:54 [DEBUG] Starting new HTTPS connection (1): www.google.com:443
21:15:54 [DEBUG] Starting new HTTPS connection (1): www.google.com:443
21:15:54 [DEBUG] Starting new HTTPS connection (1): www.google.com:443
21:15:54 [DEBUG] Starting new HTTPS connection (1): www.google.com:443
21:15:54 [DEBUG] Starting new HTTPS connection (1): www.google.com:443
21:15:54 [DEBUG] Starting new HTTPS connection (1): www.google.com:443
21:15:55 [DEBUG] Starting new HTTPS connection (1): www.google.com:443
21:15:55 [DEBUG] Starting new HTTPS connection (1): www.google.com:443
21:15:55 [DEBUG] Starting new HTTPS connection (1): www.google.com:443
21:15:55 [DEBUG] Starting new HTTPS connection (1): www.google.com:443
21:15:55 [DEBUG] Starting new HTTPS connection (1): www.google.com:443
21:15:55 [DEBUG] Starting new HTTPS connection (1): www.google.com:443
21:15:55 [DEBUG] Starting new HTTPS connection (1): www.google.com:443
21:15:55 [DEBUG] Starting new HTTPS connection (1): www.google.com:443
21:15:55 [DEBUG] Starting new HTTPS connection (1): www.google.com:443
21:15:55 [DEBUG] Starting new HTTPS connection (1): www.google.com:443
21:15:55 [DEBUG] https://dl.google.com:443 "GET /dl/android/studio/install/3.4.1.0/android-studio-ide-183.5522156-windows.exe HTTP/1.1" 200 1017327996
21:15:56 [DEBUG] Starting new HTTPS connection (1): www.google.com:443
21:15:56 [INFO]    🎯 109.120.191.248 (Россия) - 3.0 Mbps, 5474ms, UDP❌
21:15:56 [DEBUG] Starting new HTTPS connection (1): www.google.com:443
21:15:56 [DEBUG] Starting new HTTPS connection (1): www.google.com:443
21:15:56 [DEBUG] Starting new HTTPS connection (1): www.google.com:443
21:15:56 [DEBUG] Starting new HTTPS connection (1): www.google.com:443
21:15:56 [DEBUG] Starting new HTTPS connection (1): www.google.com:443
21:15:56 [DEBUG] Starting new HTTPS connection (1): www.google.com:443
21:15:56 [DEBUG] Starting new HTTPS connection (1): www.google.com:443
21:15:56 [DEBUG] Starting new HTTPS connection (1): www.google.com:443
21:15:56 [DEBUG] Starting new HTTPS connection (1): www.google.com:443
21:15:57 [DEBUG] Starting new HTTPS connection (1): www.google.com:443
21:15:57 [DEBUG] Starting new HTTPS connection (1): www.google.com:443
21:15:57 [DEBUG] Starting new HTTPS connection (1): www.google.com:443
21:15:57 [DEBUG] Starting new HTTPS connection (1): www.google.com:443
21:15:57 [DEBUG] Starting new HTTPS connection (1): www.google.com:443
21:15:57 [INFO]    🎯 87.239.110.251 (Россия) - 1.0 Mbps, 830ms, UDP✅
21:15:57 [DEBUG] Starting new HTTPS connection (1): www.google.com:443
21:15:57 [DEBUG] Starting new HTTPS connection (1): www.google.com:443
21:15:57 [DEBUG] Starting new HTTPS connection (1): www.google.com:443
21:15:57 [DEBUG] Starting new HTTPS connection (1): www.google.com:443
21:15:57 [DEBUG] Starting new HTTPS connection (1): www.google.com:443
21:15:57 [DEBUG] Starting new HTTPS connection (1): www.google.com:443
21:15:57 [DEBUG] Starting new HTTPS connection (1): www.google.com:443
21:15:58 [DEBUG] Starting new HTTPS connection (1): www.google.com:443
21:15:58 [DEBUG] Starting new HTTPS connection (1): www.google.com:443
21:15:58 [DEBUG] Starting new HTTPS connection (1): www.google.com:443
21:15:58 [DEBUG] Starting new HTTPS connection (1): www.google.com:443
21:15:58 [DEBUG] Starting new HTTPS connection (1): www.google.com:443
21:15:58 [DEBUG] Starting new HTTPS connection (1): www.google.com:443
21:15:58 [DEBUG] Starting new HTTPS connection (1): www.google.com:443
21:15:58 [DEBUG] Starting new HTTPS connection (1): www.google.com:443
21:15:58 [DEBUG] Starting new HTTPS connection (1): www.google.com:443
21:15:58 [DEBUG] Starting new HTTPS connection (1): www.google.com:443
21:15:58 [DEBUG] Starting new HTTPS connection (1): www.google.com:443
21:15:58 [DEBUG] Starting new HTTPS connection (1): www.google.com:443
21:15:59 [DEBUG] https://www.google.com:443 "GET /generate_204 HTTP/1.1" 204 0
21:15:59 [DEBUG] Starting new HTTPS connection (1): www.google.com:443
21:15:59 [DEBUG] Starting new HTTPS connection (1): www.google.com:443
21:15:59 [DEBUG] Starting new HTTPS connection (1): www.google.com:443
21:15:59 [INFO]    📊 Глубокая проверка: 1737/1937 (90%) | ✅315 ❌1422
21:15:59 [DEBUG] Starting new HTTPS connection (1): dl.google.com:443
21:15:59 [DEBUG] https://dl.google.com:443 "GET /dl/android/studio/install/3.4.1.0/android-studio-ide-183.5522156-windows.exe HTTP/1.1" 200 1017327996
21:15:59 [DEBUG] Starting new HTTPS connection (1): www.google.com:443
21:15:59 [DEBUG] Starting new HTTPS connection (1): www.google.com:443
21:15:59 [INFO]    🎯 45.139.26.213 (Россия) - 31.6 Mbps, 257ms, UDP✅
21:15:59 [DEBUG] Starting new HTTPS connection (1): www.google.com:443
21:15:59 [DEBUG] Starting new HTTPS connection (1): www.google.com:443
21:16:00 [DEBUG] Starting new HTTPS connection (1): www.google.com:443
21:16:00 [DEBUG] Starting new HTTPS connection (1): www.google.com:443
21:16:00 [DEBUG] Starting new HTTPS connection (1): www.google.com:443
21:16:00 [DEBUG] Starting new HTTPS connection (1): www.google.com:443
21:16:00 [DEBUG] Starting new HTTPS connection (1): www.google.com:443
21:16:00 [DEBUG] Starting new HTTPS connection (1): www.google.com:443
21:16:00 [DEBUG] Starting new HTTPS connection (1): www.google.com:443
21:16:01 [DEBUG] Starting new HTTPS connection (1): www.google.com:443
21:16:01 [DEBUG] Starting new HTTPS connection (1): www.google.com:443
21:16:01 [DEBUG] Starting new HTTPS connection (1): www.google.com:443
21:16:01 [DEBUG] Starting new HTTPS connection (1): www.google.com:443
21:16:01 [DEBUG] Starting new HTTPS connection (1): www.google.com:443
21:16:02 [DEBUG] Starting new HTTPS connection (1): www.google.com:443
21:16:02 [DEBUG] Starting new HTTPS connection (1): www.google.com:443
21:16:02 [DEBUG] Starting new HTTPS connection (1): www.google.com:443
21:16:02 [DEBUG] Starting new HTTPS connection (1): www.google.com:443
21:16:02 [DEBUG] Starting new HTTPS connection (1): www.google.com:443
21:16:02 [DEBUG] Starting new HTTPS connection (1): www.google.com:443
21:16:02 [DEBUG] Starting new HTTPS connection (1): www.google.com:443
21:16:03 [DEBUG] Starting new HTTPS connection (1): www.google.com:443
21:16:03 [DEBUG] Starting new HTTPS connection (1): www.google.com:443
21:16:03 [DEBUG] Starting new HTTPS connection (1): www.google.com:443
21:16:03 [DEBUG] Starting new HTTPS connection (1): www.google.com:443
21:16:03 [DEBUG] Starting new HTTPS connection (1): www.google.com:443
21:16:03 [DEBUG] Starting new HTTPS connection (1): www.google.com:443
21:16:04 [DEBUG] Starting new HTTPS connection (1): www.google.com:443
21:16:04 [DEBUG] Starting new HTTPS connection (1): www.google.com:443
21:16:05 [DEBUG] Starting new HTTPS connection (1): www.google.com:443
21:16:05 [DEBUG] Starting new HTTPS connection (1): www.google.com:443
21:16:05 [DEBUG] Starting new HTTPS connection (1): www.google.com:443
21:16:05 [DEBUG] Starting new HTTPS connection (1): www.google.com:443
21:16:05 [DEBUG] Starting new HTTPS connection (1): www.google.com:443
21:16:05 [DEBUG] Starting new HTTPS connection (1): www.google.com:443
21:16:06 [DEBUG] Starting new HTTPS connection (1): www.google.com:443
21:16:06 [DEBUG] Starting new HTTPS connection (1): www.google.com:443
21:16:06 [DEBUG] Starting new HTTPS connection (1): www.google.com:443
21:16:06 [DEBUG] Starting new HTTPS connection (1): www.google.com:443
21:16:07 [DEBUG] Starting new HTTPS connection (1): www.google.com:443
21:16:07 [DEBUG] Starting new HTTPS connection (1): www.google.com:443
21:16:07 [DEBUG] Starting new HTTPS connection (1): www.google.com:443
21:16:07 [DEBUG] Starting new HTTPS connection (1): www.google.com:443
21:16:07 [DEBUG] Starting new HTTPS connection (1): www.google.com:443
21:16:08 [DEBUG] Starting new HTTPS connection (1): www.google.com:443
21:16:08 [DEBUG] Starting new HTTPS connection (1): www.google.com:443
21:16:08 [DEBUG] Starting new HTTPS connection (1): www.google.com:443
21:16:08 [DEBUG] Starting new HTTPS connection (1): www.google.com:443
21:16:08 [DEBUG] Starting new HTTPS connection (1): www.google.com:443
21:16:08 [DEBUG] Starting new HTTPS connection (1): www.google.com:443
21:16:08 [DEBUG] Starting new HTTPS connection (1): www.google.com:443
21:16:09 [DEBUG] Starting new HTTPS connection (1): www.google.com:443
21:16:09 [DEBUG] Starting new HTTPS connection (1): www.google.com:443
21:16:09 [DEBUG] Starting new HTTPS connection (1): www.google.com:443
21:16:09 [DEBUG] Starting new HTTPS connection (1): www.google.com:443
21:16:09 [DEBUG] Starting new HTTPS connection (1): www.google.com:443
21:16:09 [DEBUG] Starting new HTTPS connection (1): www.google.com:443
21:16:09 [DEBUG] Starting new HTTPS connection (1): www.google.com:443
21:16:10 [DEBUG] Starting new HTTPS connection (1): www.google.com:443
21:16:10 [DEBUG] Starting new HTTPS connection (1): www.google.com:443
21:16:10 [DEBUG] Starting new HTTPS connection (1): www.google.com:443
21:16:10 [DEBUG] Starting new HTTPS connection (1): www.google.com:443
21:16:10 [DEBUG] Starting new HTTPS connection (1): www.google.com:443
21:16:10 [DEBUG] Starting new HTTPS connection (1): www.google.com:443
21:16:11 [DEBUG] Starting new HTTPS connection (1): www.google.com:443
21:16:11 [DEBUG] Starting new HTTPS connection (1): www.google.com:443
21:16:11 [DEBUG] Starting new HTTPS connection (1): www.google.com:443
21:16:11 [DEBUG] Starting new HTTPS connection (1): www.google.com:443
21:16:11 [DEBUG] Starting new HTTPS connection (1): www.google.com:443
21:16:11 [DEBUG] Starting new HTTPS connection (1): www.google.com:443
21:16:12 [INFO]    🎯 84.23.53.221 (Россия) - 0.0 Mbps, 384ms, UDP✅
21:16:12 [DEBUG] Starting new HTTPS connection (1): www.google.com:443
21:16:12 [DEBUG] Starting new HTTPS connection (1): www.google.com:443
21:16:12 [DEBUG] Starting new HTTPS connection (1): www.google.com:443
21:16:12 [DEBUG] Starting new HTTPS connection (1): www.google.com:443
21:16:13 [DEBUG] Starting new HTTPS connection (1): www.google.com:443
21:16:13 [DEBUG] Starting new HTTPS connection (1): www.google.com:443
21:16:13 [DEBUG] Starting new HTTPS connection (1): www.google.com:443
21:16:13 [DEBUG] Starting new HTTPS connection (1): www.google.com:443
21:16:13 [DEBUG] Starting new HTTPS connection (1): www.google.com:443
21:16:13 [DEBUG] Starting new HTTPS connection (1): www.google.com:443
21:16:14 [DEBUG] Starting new HTTPS connection (1): www.google.com:443
21:16:14 [DEBUG] Starting new HTTPS connection (1): www.google.com:443
21:16:14 [DEBUG] Starting new HTTPS connection (1): www.google.com:443
21:16:14 [DEBUG] Starting new HTTPS connection (1): www.google.com:443
21:16:14 [DEBUG] Starting new HTTPS connection (1): www.google.com:443
21:16:15 [DEBUG] Starting new HTTPS connection (1): www.google.com:443
21:16:15 [DEBUG] Starting new HTTPS connection (1): www.google.com:443
21:16:15 [DEBUG] Starting new HTTPS connection (1): www.google.com:443
21:16:15 [DEBUG] Starting new HTTPS connection (1): www.google.com:443
21:16:15 [DEBUG] Starting new HTTPS connection (1): www.google.com:443
21:16:15 [DEBUG] Starting new HTTPS connection (1): www.google.com:443
21:16:15 [DEBUG] Starting new HTTPS connection (1): www.google.com:443
21:16:15 [DEBUG] Starting new HTTPS connection (1): www.google.com:443
21:16:15 [DEBUG] Starting new HTTPS connection (1): www.google.com:443
21:16:16 [DEBUG] Starting new HTTPS connection (1): www.google.com:443
21:16:16 [DEBUG] Starting new HTTPS connection (1): www.google.com:443
21:16:16 [DEBUG] Starting new HTTPS connection (1): www.google.com:443
21:16:16 [DEBUG] Starting new HTTPS connection (1): www.google.com:443
21:16:16 [DEBUG] Starting new HTTPS connection (1): www.google.com:443
21:16:16 [DEBUG] Starting new HTTPS connection (1): www.google.com:443
21:16:17 [DEBUG] Starting new HTTPS connection (1): www.google.com:443
21:16:17 [DEBUG] Starting new HTTPS connection (1): www.google.com:443
21:16:17 [DEBUG] Starting new HTTPS connection (1): www.google.com:443
21:16:18 [DEBUG] Starting new HTTPS connection (1): www.google.com:443
21:16:18 [DEBUG] Starting new HTTPS connection (1): www.google.com:443
21:16:18 [DEBUG] Starting new HTTPS connection (1): www.google.com:443
21:16:18 [DEBUG] Starting new HTTPS connection (1): www.google.com:443
21:16:18 [DEBUG] Starting new HTTPS connection (1): www.google.com:443
21:16:19 [DEBUG] Starting new HTTPS connection (1): www.google.com:443
21:16:19 [DEBUG] Starting new HTTPS connection (1): www.google.com:443
21:16:19 [DEBUG] Starting new HTTPS connection (1): www.google.com:443
21:16:19 [DEBUG] Starting new HTTPS connection (1): www.google.com:443
21:16:19 [DEBUG] Starting new HTTPS connection (1): www.google.com:443
21:16:19 [DEBUG] Starting new HTTPS connection (1): www.google.com:443
21:16:19 [DEBUG] Starting new HTTPS connection (1): www.google.com:443
21:16:19 [DEBUG] Starting new HTTPS connection (1): www.google.com:443
21:16:20 [DEBUG] Starting new HTTPS connection (1): www.google.com:443
21:16:20 [DEBUG] Starting new HTTPS connection (1): www.google.com:443
21:16:20 [DEBUG] Starting new HTTPS connection (1): www.google.com:443
21:16:20 [DEBUG] Starting new HTTPS connection (1): www.google.com:443
21:16:20 [DEBUG] Starting new HTTPS connection (1): www.google.com:443
21:16:21 [DEBUG] Starting new HTTPS connection (1): www.google.com:443
21:16:21 [DEBUG] Starting new HTTPS connection (1): www.google.com:443
21:16:21 [DEBUG] Starting new HTTPS connection (1): www.google.com:443
21:16:21 [DEBUG] Starting new HTTPS connection (1): www.google.com:443
21:16:21 [DEBUG] Starting new HTTPS connection (1): www.google.com:443
21:16:21 [DEBUG] Starting new HTTPS connection (1): www.google.com:443
21:16:22 [DEBUG] Starting new HTTPS connection (1): www.google.com:443
21:16:22 [DEBUG] Starting new HTTPS connection (1): www.google.com:443
21:16:22 [DEBUG] Starting new HTTPS connection (1): www.google.com:443
21:16:22 [DEBUG] Starting new HTTPS connection (1): www.google.com:443
21:16:22 [DEBUG] Starting new HTTPS connection (1): www.google.com:443
21:16:22 [DEBUG] Starting new HTTPS connection (1): www.google.com:443
21:16:22 [DEBUG] Starting new HTTPS connection (1): www.google.com:443
21:16:23 [DEBUG] Starting new HTTPS connection (1): www.google.com:443
21:16:23 [DEBUG] Starting new HTTPS connection (1): www.google.com:443
21:16:23 [DEBUG] Starting new HTTPS connection (1): www.google.com:443
21:16:23 [DEBUG] Starting new HTTPS connection (1): www.google.com:443
21:16:23 [DEBUG] Starting new HTTPS connection (1): www.google.com:443
21:16:23 [DEBUG] Starting new HTTPS connection (1): www.google.com:443
21:16:23 [DEBUG] Starting new HTTPS connection (1): www.google.com:443
21:16:24 [DEBUG] Starting new HTTPS connection (1): www.google.com:443
21:16:24 [DEBUG] Starting new HTTPS connection (1): www.google.com:443
21:16:24 [DEBUG] Starting new HTTPS connection (1): www.google.com:443
21:16:24 [DEBUG] Starting new HTTPS connection (1): www.google.com:443
21:16:25 [DEBUG] Starting new HTTPS connection (1): www.google.com:443
21:16:25 [DEBUG] Starting new HTTPS connection (1): www.google.com:443
21:16:25 [DEBUG] Starting new HTTPS connection (1): www.google.com:443
21:16:25 [DEBUG] Starting new HTTPS connection (1): www.google.com:443
21:16:25 [DEBUG] Starting new HTTPS connection (1): www.google.com:443
21:16:25 [DEBUG] Starting new HTTPS connection (1): www.google.com:443
21:16:25 [DEBUG] Starting new HTTPS connection (1): www.google.com:443
21:16:26 [DEBUG] Starting new HTTPS connection (1): www.google.com:443
21:16:26 [DEBUG] Starting new HTTPS connection (1): www.google.com:443
21:16:26 [DEBUG] Starting new HTTPS connection (1): www.google.com:443
21:16:26 [DEBUG] Starting new HTTPS connection (1): www.google.com:443
21:16:26 [DEBUG] Starting new HTTPS connection (1): www.google.com:443
21:16:26 [DEBUG] Starting new HTTPS connection (1): www.google.com:443
21:16:27 [DEBUG] Starting new HTTPS connection (1): www.google.com:443
21:16:27 [DEBUG] https://www.google.com:443 "GET /generate_204 HTTP/1.1" 204 0
21:16:27 [DEBUG] Starting new HTTPS connection (1): www.google.com:443
21:16:27 [DEBUG] Starting new HTTPS connection (1): www.google.com:443
21:16:27 [DEBUG] Starting new HTTPS connection (1): dl.google.com:443
21:16:27 [DEBUG] https://dl.google.com:443 "GET /dl/android/studio/install/3.4.1.0/android-studio-ide-183.5522156-windows.exe HTTP/1.1" 200 1017327996
21:16:27 [DEBUG] Starting new HTTPS connection (1): www.google.com:443
21:16:28 [DEBUG] Starting new HTTPS connection (1): www.google.com:443
21:16:28 [DEBUG] Starting new HTTPS connection (1): www.google.com:443
21:16:28 [DEBUG] Starting new HTTPS connection (1): www.google.com:443
21:16:28 [DEBUG] Starting new HTTPS connection (1): www.google.com:443
21:16:28 [DEBUG] Starting new HTTPS connection (1): www.google.com:443
21:16:29 [INFO]    🎯 194.4.49.85 (Россия) - 9.2 Mbps, 152ms, UDP✅
21:16:29 [DEBUG] Starting new HTTPS connection (1): www.google.com:443
21:16:29 [DEBUG] Starting new HTTPS connection (1): www.google.com:443
21:16:29 [DEBUG] Starting new HTTPS connection (1): www.google.com:443
21:16:29 [DEBUG] Starting new HTTPS connection (1): www.google.com:443
21:16:30 [DEBUG] Starting new HTTPS connection (1): www.google.com:443
21:16:30 [DEBUG] Starting new HTTPS connection (1): www.google.com:443
21:16:30 [DEBUG] Starting new HTTPS connection (1): www.google.com:443
21:16:30 [DEBUG] Starting new HTTPS connection (1): www.google.com:443
21:16:31 [DEBUG] Starting new HTTPS connection (1): www.google.com:443
21:16:31 [DEBUG] Starting new HTTPS connection (1): www.google.com:443
21:16:31 [DEBUG] Starting new HTTPS connection (1): www.google.com:443
21:16:31 [DEBUG] Starting new HTTPS connection (1): www.google.com:443
21:16:31 [DEBUG] Starting new HTTPS connection (1): www.google.com:443
21:16:31 [DEBUG] Starting new HTTPS connection (1): www.google.com:443
21:16:32 [DEBUG] https://www.google.com:443 "GET /generate_204 HTTP/1.1" 204 0
21:16:32 [DEBUG] Starting new HTTPS connection (1): www.google.com:443
21:16:32 [DEBUG] Starting new HTTPS connection (1): dl.google.com:443
21:16:32 [DEBUG] Starting new HTTPS connection (1): www.google.com:443
21:16:32 [DEBUG] Starting new HTTPS connection (1): www.google.com:443
21:16:32 [DEBUG] Starting new HTTPS connection (1): www.google.com:443
21:16:32 [DEBUG] https://dl.google.com:443 "GET /dl/android/studio/install/3.4.1.0/android-studio-ide-183.5522156-windows.exe HTTP/1.1" 200 1017327996
21:16:33 [INFO]    🎯 80.92.205.66 (Россия) - 18.1 Mbps, 367ms, UDP✅
21:16:33 [DEBUG] Starting new HTTPS connection (1): www.google.com:443
21:16:33 [DEBUG] Starting new HTTPS connection (1): www.google.com:443
21:16:34 [INFO]    📊 Глубокая проверка: 1930/1937 (100%) | ✅319 ❌1611
21:16:54 [INFO]    🎯 217.16.27.217 (Россия) - 0.2 Mbps, 3285ms, UDP✅
21:16:54 [INFO] 
✅ Проверку прошли: 320
21:16:54 [INFO] 
════════════════════════════════════════
21:16:54 [INFO] 🏆 ЭТАП 4: ФИНАЛЬНЫЙ ОТБОР
21:16:54 [INFO] ════════════════════════════════════════
21:16:54 [INFO] 
📊 Статистика после проверки:
21:16:54 [INFO]    🌍 Глобальных: 187
21:16:54 [INFO]    🇷🇺 Российских: 133
21:16:54 [INFO]    1️⃣ ОСНОВНОЙ: 149.115.110.173 (Нидерланды) - 107.5 Mbps
21:16:54 [INFO]    2️⃣ ЗАПАСНОЙ: 57.129.53.180 (Германия) - 104.2 Mbps
21:16:54 [INFO]    3️⃣ РЕЗЕРВНЫЙ: 185.21.14.199 (Нидерланды) - streak: 37, 38.5 Mbps
21:16:54 [INFO]    4️⃣ WHITELIST: 193.233.21.138 (Россия) - 101.4 Mbps
21:16:54 [INFO] 🏆 THE CHOSEN FOUR:
21:16:54 [INFO] 💾 Подписка сохранена: FL1PVPN
21:16:54 [INFO] 💾 JSON сохранён: stats.json
21:16:54 [DEBUG] 💾 История сохранена: 8457 записей
21:16:54 [INFO] ✅ ГОТОВО за 493.4 секунд
21:16:54 [INFO] 📊 Найдено 37566 → Уникальных 17970 → Живых 10100 → Финал 4
