05:13:09 [INFO] 🚀 FL1P VPN V123 - RUSSIA-PROOF EDITION
05:13:09 [INFO]    ⏰ 2026-02-07 08:13:09 MSK
05:13:09 [INFO]    🛡️ Приоритет: ТОЛЬКО Reality серверы
05:13:09 [INFO]    🎮 GAME: Reality + Tier 1-2 + пинг <150ms
05:13:09 [INFO]    ⚡ UNIVERSAL: Reality приоритет
05:13:09 [INFO] 📂 История: 6278 записей
05:13:09 [INFO] 🌍 GeoIP OK
05:13:09 [INFO] 
══════════════════════════════════════════════════
05:13:09 [INFO] 📥 ЭТАП 1: СБОР
05:13:09 [INFO] ══════════════════════════════════════════════════
05:13:09 [INFO] 📥 Сбор конфигов...
05:13:09 [DEBUG] Starting new HTTPS connection (1): raw.githubusercontent.com:443
05:13:09 [DEBUG] Starting new HTTPS connection (1): raw.githubusercontent.com:443
05:13:09 [DEBUG] Starting new HTTPS connection (1): raw.githubusercontent.com:443
05:13:09 [DEBUG] Starting new HTTPS connection (1): raw.githubusercontent.com:443
05:13:09 [DEBUG] Starting new HTTPS connection (1): raw.githubusercontent.com:443
05:13:09 [DEBUG] Starting new HTTPS connection (1): raw.githubusercontent.com:443
05:13:09 [DEBUG] Starting new HTTPS connection (1): raw.githubusercontent.com:443
05:13:09 [DEBUG] Starting new HTTPS connection (1): raw.githubusercontent.com:443
05:13:09 [DEBUG] Starting new HTTPS connection (1): raw.githubusercontent.com:443
05:13:09 [DEBUG] Starting new HTTPS connection (1): raw.githubusercontent.com:443
05:13:09 [DEBUG] Starting new HTTPS connection (1): raw.githubusercontent.com:443
05:13:09 [DEBUG] Starting new HTTPS connection (1): raw.githubusercontent.com:443
05:13:09 [DEBUG] Starting new HTTPS connection (1): raw.githubusercontent.com:443
05:13:09 [DEBUG] Starting new HTTPS connection (1): raw.githubusercontent.com:443
05:13:09 [DEBUG] Starting new HTTPS connection (1): raw.githubusercontent.com:443
05:13:09 [DEBUG] https://raw.githubusercontent.com:443 "GET /Yebekhe/TelegramV2rayCollector/main/sub/normal/reality HTTP/1.1" 404 14
05:13:09 [DEBUG] Starting new HTTPS connection (1): raw.githubusercontent.com:443
05:13:10 [DEBUG] https://raw.githubusercontent.com:443 "GET /soroushmirzaei/telegram-configs-collector/main/protocols/reality HTTP/1.1" 404 14
05:13:10 [DEBUG] Starting new HTTPS connection (1): raw.githubusercontent.com:443
05:13:10 [DEBUG] https://raw.githubusercontent.com:443 "GET /barry-far/V2ray-Configs/main/Splitted-By-Protocol/vless.txt HTTP/1.1" 404 14
05:13:10 [DEBUG] Starting new HTTPS connection (1): raw.githubusercontent.com:443
05:13:10 [DEBUG] https://raw.githubusercontent.com:443 "GET /mfuu/v2ray/master/v2ray HTTP/1.1" 200 8893
05:13:10 [DEBUG] https://raw.githubusercontent.com:443 "GET /yebekhe/TVC/main/subscriptions/xray/reality HTTP/1.1" 404 14
05:13:10 [DEBUG] Starting new HTTPS connection (1): raw.githubusercontent.com:443
05:13:10 [DEBUG] https://raw.githubusercontent.com:443 "GET /Epodonios/v2ray-configs/main/Splitted-By-Protocol/reality.txt HTTP/1.1" 404 14
05:13:10 [DEBUG] https://raw.githubusercontent.com:443 "GET /lagzian/SS-Collector/main/realitiy_api.txt HTTP/1.1" 404 14
05:13:10 [DEBUG] https://raw.githubusercontent.com:443 "GET /MrMohebi/xray-proxy-grabber-telegram/master/collected-proxies/row-url/all.txt HTTP/1.1" 200 12188
05:13:10 [DEBUG] Starting new HTTPS connection (1): raw.githubusercontent.com:443
05:13:10 [DEBUG] https://raw.githubusercontent.com:443 "GET /Epodonios/v2ray-configs/main/Splitted-By-Protocol/vless.txt HTTP/1.1" 200 297132
05:13:10 [DEBUG] https://raw.githubusercontent.com:443 "GET /Pawdroid/Free-servers/main/sub HTTP/1.1" 200 3412
05:13:10 [DEBUG] Starting new HTTPS connection (1): t.me:443
05:13:10 [DEBUG] Starting new HTTPS connection (1): t.me:443
05:13:10 [DEBUG] Starting new HTTPS connection (1): t.me:443
05:13:10 [DEBUG] https://raw.githubusercontent.com:443 "GET /mahdibland/V2RayAggregator/master/sub/splitted/reality.txt HTTP/1.1" 404 14
05:13:10 [DEBUG] https://raw.githubusercontent.com:443 "GET /yebekhe/TVC/main/subscriptions/xray/vless HTTP/1.1" 404 14
05:13:10 [DEBUG] Starting new HTTPS connection (1): t.me:443
05:13:10 [DEBUG] Starting new HTTPS connection (1): t.me:443
05:13:10 [DEBUG]    🚫 Заблокированный SNI: www.microsoft.com
05:13:10 [DEBUG] https://raw.githubusercontent.com:443 "GET /mahdibland/V2RayAggregator/master/Eternity HTTP/1.1" 200 13397
05:13:10 [DEBUG] https://raw.githubusercontent.com:443 "GET /NiREvil/vless/main/sub/vless HTTP/1.1" 404 14
05:13:10 [DEBUG] Starting new HTTPS connection (1): t.me:443
05:13:10 [DEBUG] Starting new HTTPS connection (1): t.me:443
05:13:10 [DEBUG] Starting new HTTPS connection (1): t.me:443
05:13:10 [DEBUG] https://raw.githubusercontent.com:443 "GET /peasoft/NoMoreWalls/master/list.txt HTTP/1.1" 200 11265
05:13:10 [DEBUG] Starting new HTTPS connection (1): t.me:443
05:13:10 [DEBUG] https://raw.githubusercontent.com:443 "GET /igareck/vpn-configs-for-russia/refs/heads/main/WHITE-CIDR-RU-all.txt HTTP/1.1" 200 31691
05:13:10 [DEBUG] https://raw.githubusercontent.com:443 "GET /igareck/vpn-configs-for-russia/refs/heads/main/Vless-Reality-White-Lists-Rus-Mobile-2.txt HTTP/1.1" 200 6293
05:13:10 [DEBUG] https://t.me:443 "GET /s/reality_daily HTTP/1.1" 302 20
05:13:10 [DEBUG]    🚫 Заблокированный SNI: www.microsoft.com
05:13:10 [DEBUG]    🚫 Заблокированный SNI: www.microsoft.com
05:13:10 [DEBUG] https://t.me:443 "GET /s/RealityVpnChannel HTTP/1.1" 302 20
05:13:10 [DEBUG] https://t.me:443 "GET /reality_daily HTTP/1.1" 200 3659
05:13:10 [DEBUG] https://t.me:443 "GET /RealityVpnChannel HTTP/1.1" 200 3660
05:13:10 [DEBUG] Starting new HTTPS connection (1): t.me:443
05:13:10 [DEBUG] Starting new HTTPS connection (1): t.me:443
05:13:10 [DEBUG] Starting new HTTPS connection (1): t.me:443
05:13:10 [DEBUG] https://t.me:443 "GET /s/PrivateVPNs HTTP/1.1" 200 10355
05:13:10 [DEBUG]    🚫 Заблокированный SNI: www.aparat.com
05:13:10 [DEBUG] https://t.me:443 "GET /s/FarahVPN HTTP/1.1" 200 9745
05:13:10 [DEBUG] Starting new HTTPS connection (1): api.github.com:443
05:13:10 [DEBUG] https://t.me:443 "GET /s/v2ray_configs_pool HTTP/1.1" 200 11176
05:13:10 [DEBUG] https://t.me:443 "GET /s/VlessConfig HTTP/1.1" 200 10143
05:13:10 [DEBUG] https://raw.githubusercontent.com:443 "GET /igareck/vpn-configs-for-russia/main/Vless-Reality-White-Lists-Rus-Mobile.txt HTTP/1.1" 200 6367
05:13:10 [DEBUG] https://t.me:443 "GET /s/DirectVPN HTTP/1.1" 200 10068
05:13:10 [DEBUG] https://t.me:443 "GET /s/v2rayng_vpn HTTP/1.1" 200 15530
05:13:10 [DEBUG] https://raw.githubusercontent.com:443 "GET /igareck/vpn-configs-for-russia/main/configs/vless.txt HTTP/1.1" 404 14
05:13:11 [DEBUG] https://t.me:443 "GET /s/iSegaro HTTP/1.1" 200 18612
05:13:11 [DEBUG] https://raw.githubusercontent.com:443 "GET /AvenCores/goida-vpn-configs/main/configs/vless.txt HTTP/1.1" 404 14
05:13:11 [DEBUG] Starting new HTTPS connection (1): api.github.com:443
05:13:11 [DEBUG]    🚫 Заблокированный SNI: www.microsoft.com
05:13:11 [DEBUG] Starting new HTTPS connection (1): api.github.com:443
05:13:11 [DEBUG]    🚫 Заблокированный SNI: www.microsoft.com
05:13:11 [DEBUG]    🚫 Заблокированный SNI: us.asbndx.com
05:13:11 [DEBUG]    🚫 Заблокированный SNI: de-two.asbndx.com
05:13:11 [DEBUG]    🚫 Заблокированный SNI: www.microsoft.com
05:13:11 [DEBUG]    🚫 Заблокированный SNI: eset.com
05:13:11 [DEBUG]    🚫 Заблокированный SNI: www.microsoft.com
05:13:11 [DEBUG]    🚫 Заблокированный SNI: learn.microsoft.com
05:13:11 [DEBUG]    🚫 Заблокированный SNI: www.microsoft.com
05:13:11 [DEBUG]    🚫 Заблокированный SNI: aparat.com
05:13:11 [DEBUG]    🚫 Заблокированный SNI: www.microsoft.com
05:13:11 [DEBUG]    🚫 Заблокированный SNI: tr.eu-ffast.com
05:13:11 [DEBUG]    🚫 Заблокированный SNI: www.microsoft.com
05:13:11 [DEBUG]    🚫 Заблокированный SNI: www.microsoft.com
05:13:11 [DEBUG]    🚫 Заблокированный SNI: www.microsoft.com
05:13:11 [DEBUG]    🚫 Заблокированный SNI: www.microsoft.com
05:13:11 [DEBUG]    🚫 Заблокированный SNI: www.pinterest.com
05:13:11 [DEBUG] https://t.me:443 "GET /s/ConfigsHUB HTTP/1.1" 200 10317
05:13:11 [DEBUG] https://api.github.com:443 "GET /repos/yebekhe/TelegramV2rayCollector/issues?state=all&per_page=10 HTTP/1.1" 404 125
05:13:11 [DEBUG] https://api.github.com:443 "GET /repos/barry-far/V2ray-Configs/issues?state=all&per_page=10 HTTP/1.1" 403 136
05:13:11 [DEBUG] https://t.me:443 "GET /s/freev2rayssr HTTP/1.1" 200 22272
05:13:11 [DEBUG] https://t.me:443 "GET /s/v2ray_alpha HTTP/1.1" 200 18996
05:13:11 [DEBUG] https://api.github.com:443 "GET /repos/mahdibland/V2RayAggregator/issues?state=all&per_page=10 HTTP/1.1" 200 1949
05:13:11 [INFO] 
📊 Собрано: 2863 глобальных
05:13:11 [INFO]    🛡️ Reality: 351 (хороших: 344)
05:13:11 [INFO]    🇷🇺 Whitelist: 1444
05:13:11 [INFO] 🔍 Уникальных: 1655 (265 Reality), 130 WL
05:13:11 [INFO] 
══════════════════════════════════════════════════
05:13:11 [INFO] ⚡ ЭТАП 2: TCP
05:13:11 [INFO] ══════════════════════════════════════════════════
05:13:12 [INFO]    📊 Global: 165/1655 (10%) | ✅134 ❌31
05:13:12 [INFO]    📊 Global: 330/1655 (20%) | ✅220 ❌110
05:13:13 [INFO]    📊 Global: 495/1655 (30%) | ✅303 ❌192
05:13:13 [INFO]    📊 Global: 660/1655 (40%) | ✅420 ❌240
05:13:14 [INFO]    📊 Global: 825/1655 (50%) | ✅536 ❌289
05:13:14 [INFO]    📊 Global: 990/1655 (60%) | ✅650 ❌340
05:13:14 [INFO]    📊 Global: 1155/1655 (70%) | ✅768 ❌387
05:13:15 [INFO]    📊 Global: 1320/1655 (80%) | ✅865 ❌455
05:13:15 [INFO]    📊 Global: 1485/1655 (90%) | ✅988 ❌497
05:13:16 [INFO]    📊 Global: 1650/1655 (100%) | ✅1067 ❌583
05:13:17 [INFO]    📊 Whitelist: 13/130 (10%) | ✅0 ❌13
05:13:17 [INFO]    📊 Whitelist: 26/130 (20%) | ✅0 ❌26
05:13:17 [INFO]    📊 Whitelist: 39/130 (30%) | ✅7 ❌32
05:13:17 [INFO]    📊 Whitelist: 52/130 (40%) | ✅19 ❌33
05:13:17 [INFO]    📊 Whitelist: 65/130 (50%) | ✅29 ❌36
05:13:17 [INFO]    📊 Whitelist: 78/130 (60%) | ✅39 ❌39
05:13:17 [INFO]    📊 Whitelist: 91/130 (70%) | ✅52 ❌39
05:13:17 [INFO]    📊 Whitelist: 104/130 (80%) | ✅65 ❌39
05:13:17 [INFO]    📊 Whitelist: 117/130 (90%) | ✅78 ❌39
05:13:18 [INFO]    📊 Whitelist: 130/130 (100%) | ✅87 ❌43
05:13:18 [INFO] 
✅ Живых: 1067 (154 Reality), 87 WL
05:13:18 [INFO] 
📊 Топ стран:
05:13:18 [INFO]    🇽🇽 XX (XX): 771 [T5]
05:13:18 [INFO]    🇳🇱 NL (Нидерланды): 60 [T3]
05:13:18 [INFO]    🇩🇪 DE (Германия): 53 [T3]
05:13:18 [INFO]    🇫🇷 FR (Франция): 34 [T4]
05:13:18 [INFO]    🇬🇧 GB (Британия): 22 [T4]
05:13:18 [INFO]    🇫🇮 FI (Финляндия): 14 [T1]
05:13:18 [INFO]    🇰🇿 KZ (KZ): 11 [T5]
05:13:18 [INFO]    🇲🇩 MD (Молдова): 10 [T5]
05:13:18 [INFO] 
══════════════════════════════════════════════════
05:13:18 [INFO] 🧪 ЭТАП 3: ГЛУБОКАЯ ПРОВЕРКА
05:13:18 [INFO] ══════════════════════════════════════════════════
05:13:18 [INFO]    К проверке: 400 (154 Reality), 80 WL
05:13:19 [DEBUG] Starting new HTTPS connection (1): www.google.com:443
05:13:19 [DEBUG] Starting new HTTPS connection (1): www.google.com:443
05:13:19 [DEBUG] Starting new HTTPS connection (1): www.google.com:443
05:13:19 [DEBUG] Starting new HTTPS connection (1): www.google.com:443
05:13:19 [DEBUG] Starting new HTTPS connection (1): www.google.com:443
05:13:19 [DEBUG] Starting new HTTPS connection (1): www.google.com:443
05:13:19 [DEBUG] Starting new HTTPS connection (1): www.google.com:443
05:13:19 [DEBUG] Starting new HTTPS connection (1): www.google.com:443
05:13:19 [DEBUG] Starting new HTTPS connection (1): www.google.com:443
05:13:19 [DEBUG] Starting new HTTPS connection (1): www.google.com:443
05:13:19 [DEBUG] Starting new HTTPS connection (1): cp.cloudflare.com:443
05:13:19 [DEBUG] Starting new HTTPS connection (1): cp.cloudflare.com:443
05:13:19 [DEBUG] Starting new HTTPS connection (1): cp.cloudflare.com:443
05:13:19 [DEBUG] Starting new HTTPS connection (1): www.gstatic.com:443
05:13:19 [DEBUG] Starting new HTTPS connection (1): www.gstatic.com:443
05:13:19 [DEBUG] Starting new HTTPS connection (1): www.gstatic.com:443
05:13:19 [DEBUG] https://www.google.com:443 "GET /generate_204 HTTP/1.1" 204 0
05:13:19 [DEBUG] Starting new HTTPS connection (1): cp.cloudflare.com:443
05:13:19 [DEBUG] https://www.google.com:443 "GET /generate_204 HTTP/1.1" 204 0
05:13:19 [DEBUG] Starting new HTTPS connection (1): cp.cloudflare.com:443
05:13:19 [DEBUG] https://www.google.com:443 "GET /generate_204 HTTP/1.1" 204 0
05:13:19 [DEBUG] Starting new HTTPS connection (1): cp.cloudflare.com:443
05:13:19 [DEBUG] https://www.google.com:443 "GET /generate_204 HTTP/1.1" 204 0
05:13:19 [DEBUG] Starting new HTTPS connection (1): cp.cloudflare.com:443
05:13:19 [DEBUG] https://cp.cloudflare.com:443 "GET / HTTP/1.1" 204 0
05:13:19 [DEBUG] Starting new HTTPS connection (1): www.gstatic.com:443
05:13:19 [DEBUG] https://cp.cloudflare.com:443 "GET / HTTP/1.1" 204 0
05:13:19 [DEBUG] Starting new HTTPS connection (1): www.gstatic.com:443
05:13:19 [DEBUG] https://cp.cloudflare.com:443 "GET / HTTP/1.1" 204 0
05:13:19 [DEBUG] Starting new HTTPS connection (1): www.gstatic.com:443
05:13:19 [DEBUG] https://www.gstatic.com:443 "GET /generate_204 HTTP/1.1" 204 0
05:13:20 [DEBUG] https://www.google.com:443 "GET /generate_204 HTTP/1.1" 204 0
05:13:20 [DEBUG] Starting new HTTPS connection (1): cp.cloudflare.com:443
05:13:20 [DEBUG] Starting new HTTPS connection (1): dl.google.com:443
05:13:20 [DEBUG] https://cp.cloudflare.com:443 "GET / HTTP/1.1" 204 0
05:13:20 [DEBUG] Starting new HTTPS connection (1): www.gstatic.com:443
05:13:20 [DEBUG] https://www.gstatic.com:443 "GET /generate_204 HTTP/1.1" 204 0
05:13:20 [DEBUG] Starting new HTTPS connection (1): dl.google.com:443
05:13:20 [DEBUG] https://www.gstatic.com:443 "GET /generate_204 HTTP/1.1" 204 0
05:13:20 [DEBUG] https://dl.google.com:443 "GET /dl/android/studio/install/3.4.1.0/android-studio-ide-183.5522156-windows.exe HTTP/1.1" 200 1017327996
05:13:20 [DEBUG] https://www.google.com:443 "GET /generate_204 HTTP/1.1" 204 0
05:13:20 [DEBUG] Starting new HTTPS connection (1): cp.cloudflare.com:443
05:13:20 [DEBUG] https://www.gstatic.com:443 "GET /generate_204 HTTP/1.1" 204 0
05:13:20 [DEBUG] Starting new HTTPS connection (1): dl.google.com:443
05:13:20 [DEBUG] https://cp.cloudflare.com:443 "GET / HTTP/1.1" 204 0
05:13:20 [DEBUG] Starting new HTTPS connection (1): www.gstatic.com:443
05:13:20 [DEBUG] https://dl.google.com:443 "GET /dl/android/studio/install/3.4.1.0/android-studio-ide-183.5522156-windows.exe HTTP/1.1" 200 1017327996
05:13:20 [DEBUG] Starting new HTTPS connection (1): dl.google.com:443
05:13:20 [INFO]    🎯 144.31.2.86 (Польша) - 28.3Mbps, 141ms UDP✅ Reality [google.com]
05:13:20 [DEBUG] https://cp.cloudflare.com:443 "GET / HTTP/1.1" 204 0
05:13:20 [DEBUG] Starting new HTTPS connection (1): www.gstatic.com:443
05:13:20 [INFO]    🎯 144.31.2.154 (Польша) - 29.6Mbps, 185ms UDP✅ Reality [hls-svod.itunes.appl]
05:13:20 [DEBUG] https://www.gstatic.com:443 "GET /generate_204 HTTP/1.1" 204 0
05:13:20 [DEBUG] https://dl.google.com:443 "GET /dl/android/studio/install/3.4.1.0/android-studio-ide-183.5522156-windows.exe HTTP/1.1" 200 1017327996
05:13:20 [DEBUG] https://www.gstatic.com:443 "GET /generate_204 HTTP/1.1" 204 0
05:13:20 [DEBUG] Starting new HTTPS connection (1): www.google.com:443
05:13:20 [DEBUG] Starting new HTTPS connection (1): www.google.com:443
05:13:20 [DEBUG] Starting new HTTPS connection (1): www.google.com:443
05:13:21 [DEBUG] Starting new HTTPS connection (1): dl.google.com:443
05:13:21 [DEBUG] https://www.google.com:443 "GET /generate_204 HTTP/1.1" 204 0
05:13:21 [DEBUG] Starting new HTTPS connection (1): cp.cloudflare.com:443
05:13:21 [DEBUG] https://www.google.com:443 "GET /generate_204 HTTP/1.1" 204 0
05:13:21 [DEBUG] Starting new HTTPS connection (1): cp.cloudflare.com:443
05:13:21 [DEBUG] https://cp.cloudflare.com:443 "GET / HTTP/1.1" 204 0
05:13:21 [DEBUG] Starting new HTTPS connection (1): www.gstatic.com:443
05:13:21 [DEBUG] https://cp.cloudflare.com:443 "GET / HTTP/1.1" 204 0
05:13:21 [DEBUG] Starting new HTTPS connection (1): www.gstatic.com:443
05:13:21 [DEBUG] Starting new HTTPS connection (1): www.google.com:443
05:13:21 [DEBUG] https://dl.google.com:443 "GET /dl/android/studio/install/3.4.1.0/android-studio-ide-183.5522156-windows.exe HTTP/1.1" 404 1449
05:13:21 [INFO]    🎯 2.56.125.209 (Польша) - 0.0Mbps, 432ms UDP✅ Reality [yahoo.com]
05:13:21 [DEBUG] Starting new HTTPS connection (1): cp.cloudflare.com:443
05:13:21 [DEBUG] Starting new HTTPS connection (1): www.gstatic.com:443
05:13:21 [DEBUG] Starting new HTTPS connection (1): www.google.com:443
05:13:21 [DEBUG] https://www.gstatic.com:443 "GET /generate_204 HTTP/1.1" 204 0
05:13:22 [DEBUG] Starting new HTTPS connection (1): cp.cloudflare.com:443
05:13:22 [DEBUG] https://www.google.com:443 "GET /generate_204 HTTP/1.1" 204 0
05:13:22 [DEBUG] Starting new HTTPS connection (1): cp.cloudflare.com:443
05:13:22 [DEBUG] https://www.gstatic.com:443 "GET /generate_204 HTTP/1.1" 204 0
05:13:22 [DEBUG] Starting new HTTPS connection (1): dl.google.com:443
05:13:22 [DEBUG] https://cp.cloudflare.com:443 "GET / HTTP/1.1" 204 0
05:13:22 [DEBUG] Starting new HTTPS connection (1): www.gstatic.com:443
05:13:22 [DEBUG] Starting new HTTPS connection (1): dl.google.com:443
05:13:22 [DEBUG] https://dl.google.com:443 "GET /dl/android/studio/install/3.4.1.0/android-studio-ide-183.5522156-windows.exe HTTP/1.1" 200 1017327996
05:13:22 [INFO]    🎯 188.253.26.39 (Нидерланды) - 32.4Mbps, 330ms UDP✅ Reality [yahoo.com]
05:13:22 [DEBUG] https://www.gstatic.com:443 "GET /generate_204 HTTP/1.1" 204 0
05:13:22 [DEBUG] https://dl.google.com:443 "GET /dl/android/studio/install/3.4.1.0/android-studio-ide-183.5522156-windows.exe HTTP/1.1" 200 1017327996
05:13:22 [DEBUG] Starting new HTTPS connection (1): www.google.com:443
05:13:23 [DEBUG] Starting new HTTPS connection (1): cp.cloudflare.com:443
05:13:23 [DEBUG] Starting new HTTPS connection (1): dl.google.com:443
05:13:23 [DEBUG] https://www.google.com:443 "GET /generate_204 HTTP/1.1" 204 0
05:13:23 [DEBUG] Starting new HTTPS connection (1): cp.cloudflare.com:443
05:13:23 [DEBUG] Starting new HTTPS connection (1): www.google.com:443
05:13:23 [DEBUG] https://dl.google.com:443 "GET /dl/android/studio/install/3.4.1.0/android-studio-ide-183.5522156-windows.exe HTTP/1.1" 404 1449
05:13:23 [INFO]    🎯 188.34.193.153 (Германия) - 0.0Mbps, 290ms UDP✅ Reality [www.cloudflare.com]
05:13:23 [DEBUG] https://www.google.com:443 "GET /generate_204 HTTP/1.1" 204 0
05:13:23 [DEBUG] Starting new HTTPS connection (1): cp.cloudflare.com:443
05:13:23 [DEBUG] https://cp.cloudflare.com:443 "GET / HTTP/1.1" 204 0
05:13:23 [DEBUG] Starting new HTTPS connection (1): www.gstatic.com:443
05:13:23 [DEBUG] https://www.gstatic.com:443 "GET /generate_204 HTTP/1.1" 204 0
05:13:23 [DEBUG] https://cp.cloudflare.com:443 "GET / HTTP/1.1" 204 0
05:13:23 [DEBUG] Starting new HTTPS connection (1): www.gstatic.com:443
05:13:23 [DEBUG] Starting new HTTPS connection (1): dl.google.com:443
05:13:23 [DEBUG] https://www.gstatic.com:443 "GET /generate_204 HTTP/1.1" 204 0
05:13:23 [DEBUG] Starting new HTTPS connection (1): dl.google.com:443
05:13:23 [DEBUG] https://dl.google.com:443 "GET /dl/android/studio/install/3.4.1.0/android-studio-ide-183.5522156-windows.exe HTTP/1.1" 200 1017327996
05:13:23 [DEBUG] Starting new HTTPS connection (1): dl.google.com:443
05:13:23 [DEBUG] Starting new HTTPS connection (1): www.google.com:443
05:13:23 [DEBUG] https://dl.google.com:443 "GET /dl/android/studio/install/3.4.1.0/android-studio-ide-183.5522156-windows.exe HTTP/1.1" 200 1017327996
05:13:23 [INFO]    🎯 91.84.109.124 (Нидерланды) - 36.9Mbps, 141ms UDP✅ Reality [apple.com]
05:13:23 [INFO]    🎯 91.84.109.130 (Нидерланды) - 39.2Mbps, 148ms UDP✅ Reality [apple.com]
05:13:24 [DEBUG] https://dl.google.com:443 "GET /dl/android/studio/install/3.4.1.0/android-studio-ide-183.5522156-windows.exe HTTP/1.1" 200 1017327996
05:13:24 [INFO]    🎯 45.43.79.73 (Латвия) - 24.2Mbps, 403ms UDP❌ Reality [google.com]
05:13:24 [DEBUG] Starting new HTTPS connection (1): www.gstatic.com:443
05:13:24 [DEBUG] Starting new HTTPS connection (1): www.google.com:443
05:13:24 [DEBUG] https://www.google.com:443 "GET /generate_204 HTTP/1.1" 204 0
05:13:24 [DEBUG] Starting new HTTPS connection (1): cp.cloudflare.com:443
05:13:24 [DEBUG] https://cp.cloudflare.com:443 "GET / HTTP/1.1" 204 0
05:13:24 [DEBUG] Starting new HTTPS connection (1): www.gstatic.com:443
05:13:24 [DEBUG] https://www.gstatic.com:443 "GET /generate_204 HTTP/1.1" 204 0
05:13:24 [DEBUG] Starting new HTTPS connection (1): dl.google.com:443
05:13:25 [DEBUG] Starting new HTTPS connection (1): www.google.com:443
05:13:25 [DEBUG] Starting new HTTPS connection (1): www.gstatic.com:443
05:13:25 [DEBUG] https://dl.google.com:443 "GET /dl/android/studio/install/3.4.1.0/android-studio-ide-183.5522156-windows.exe HTTP/1.1" 200 1017327996
05:13:25 [DEBUG] Starting new HTTPS connection (1): www.google.com:443
05:13:25 [INFO]    🎯 91.84.113.47 (Нидерланды) - 35.0Mbps, 149ms UDP✅ Reality [apple.com]
05:13:25 [DEBUG] Starting new HTTPS connection (1): www.google.com:443
05:13:25 [INFO]    🎯 38.244.137.198 (Финляндия) - 2.4Mbps, 233ms UDP✅ Reality [google.com]
05:13:26 [DEBUG] https://www.google.com:443 "GET /generate_204 HTTP/1.1" 204 0
05:13:26 [DEBUG] Starting new HTTPS connection (1): cp.cloudflare.com:443
05:13:26 [DEBUG] Starting new HTTPS connection (1): www.google.com:443
05:13:26 [INFO]    🎯 46.62.128.207 (Финляндия) - 0.0Mbps, 271ms UDP✅ Reality [www.cloudflare.com]
05:13:26 [DEBUG] Starting new HTTPS connection (1): www.google.com:443
05:13:27 [DEBUG] Starting new HTTPS connection (1): www.google.com:443
05:13:27 [DEBUG] Starting new HTTPS connection (1): www.google.com:443
05:13:28 [DEBUG] Starting new HTTPS connection (1): www.google.com:443
05:13:28 [DEBUG] https://www.google.com:443 "GET /generate_204 HTTP/1.1" 204 0
05:13:28 [DEBUG] Starting new HTTPS connection (1): cp.cloudflare.com:443
05:13:28 [DEBUG] https://cp.cloudflare.com:443 "GET / HTTP/1.1" 204 0
05:13:28 [DEBUG] Starting new HTTPS connection (1): www.gstatic.com:443
05:13:29 [DEBUG] Starting new HTTPS connection (1): cp.cloudflare.com:443
05:13:29 [DEBUG] https://www.gstatic.com:443 "GET /generate_204 HTTP/1.1" 204 0
05:13:29 [DEBUG] https://www.google.com:443 "GET /generate_204 HTTP/1.1" 204 0
05:13:29 [DEBUG] Starting new HTTPS connection (1): cp.cloudflare.com:443
05:13:29 [DEBUG] Starting new HTTPS connection (1): cp.cloudflare.com:443
05:13:30 [DEBUG] Starting new HTTPS connection (1): cp.cloudflare.com:443
05:13:30 [DEBUG] Starting new HTTPS connection (1): dl.google.com:443
05:13:30 [DEBUG] Starting new HTTPS connection (1): cp.cloudflare.com:443
05:13:30 [DEBUG] https://cp.cloudflare.com:443 "GET / HTTP/1.1" 204 0
05:13:30 [DEBUG] Starting new HTTPS connection (1): www.gstatic.com:443
05:13:30 [DEBUG] Starting new HTTPS connection (1): cp.cloudflare.com:443
05:13:30 [DEBUG] https://dl.google.com:443 "GET /dl/android/studio/install/3.4.1.0/android-studio-ide-183.5522156-windows.exe HTTP/1.1" 404 1449
05:13:30 [INFO]    🎯 5.182.38.91 (Венгрия) - 0.0Mbps, 406ms UDP✅ Reality [yahoo.com]
05:13:30 [DEBUG] Starting new HTTPS connection (1): cp.cloudflare.com:443
05:13:31 [INFO]    🎯 64.188.104.168 (Германия) - 1.5Mbps, 433ms UDP✅ Reality [yahoo.com]
05:13:31 [DEBUG] Starting new HTTPS connection (1): www.gstatic.com:443
05:13:31 [DEBUG] Starting new HTTPS connection (1): www.gstatic.com:443
05:13:31 [DEBUG] https://www.gstatic.com:443 "GET /generate_204 HTTP/1.1" 204 0
05:13:31 [DEBUG] Starting new HTTPS connection (1): www.gstatic.com:443
05:13:31 [DEBUG] Starting new HTTPS connection (1): www.google.com:443
05:13:32 [DEBUG] Starting new HTTPS connection (1): www.google.com:443
05:13:32 [DEBUG] https://www.google.com:443 "GET /generate_204 HTTP/1.1" 204 0
05:13:32 [DEBUG] Starting new HTTPS connection (1): cp.cloudflare.com:443
05:13:32 [DEBUG] Starting new HTTPS connection (1): dl.google.com:443
05:13:32 [DEBUG] https://cp.cloudflare.com:443 "GET / HTTP/1.1" 204 0
05:13:32 [DEBUG] Starting new HTTPS connection (1): www.gstatic.com:443
05:13:33 [DEBUG] Starting new HTTPS connection (1): www.gstatic.com:443
05:13:33 [DEBUG] https://www.gstatic.com:443 "GET /generate_204 HTTP/1.1" 204 0
05:13:34 [DEBUG] https://dl.google.com:443 "GET /dl/android/studio/install/3.4.1.0/android-studio-ide-183.5522156-windows.exe HTTP/1.1" 404 1449
05:13:34 [INFO]    🎯 140.238.100.35 (Британия) - 0.0Mbps, 1265ms UDP✅ Reality [yahoo.com]
05:13:34 [DEBUG] Starting new HTTPS connection (1): dl.google.com:443
05:13:34 [DEBUG] Starting new HTTPS connection (1): www.google.com:443
05:13:34 [DEBUG] Starting new HTTPS connection (1): cp.cloudflare.com:443
05:13:34 [DEBUG] https://dl.google.com:443 "GET /dl/android/studio/install/3.4.1.0/android-studio-ide-183.5522156-windows.exe HTTP/1.1" 404 1449
05:13:34 [INFO]    🎯 45.12.143.191 (Турция) - 0.0Mbps, 561ms UDP✅ Reality [yahoo.com]
05:13:35 [DEBUG] Starting new HTTPS connection (1): cp.cloudflare.com:443
05:13:35 [DEBUG] Starting new HTTPS connection (1): www.gstatic.com:443
05:13:35 [DEBUG] Starting new HTTPS connection (1): www.gstatic.com:443
05:13:35 [DEBUG] Starting new HTTPS connection (1): www.google.com:443
05:13:35 [DEBUG] https://www.google.com:443 "GET /generate_204 HTTP/1.1" 204 0
05:13:35 [DEBUG] Starting new HTTPS connection (1): cp.cloudflare.com:443
05:13:35 [DEBUG] Starting new HTTPS connection (1): www.gstatic.com:443
05:13:35 [DEBUG] Starting new HTTPS connection (1): www.gstatic.com:443
05:13:35 [DEBUG] https://cp.cloudflare.com:443 "GET / HTTP/1.1" 204 0
05:13:35 [DEBUG] Starting new HTTPS connection (1): www.gstatic.com:443
05:13:35 [DEBUG] https://www.gstatic.com:443 "GET /generate_204 HTTP/1.1" 204 0
05:13:35 [DEBUG] https://www.gstatic.com:443 "GET /generate_204 HTTP/1.1" 204 0
05:13:35 [DEBUG] Starting new HTTPS connection (1): dl.google.com:443
05:13:35 [DEBUG] Starting new HTTPS connection (1): www.google.com:443
05:13:36 [DEBUG] Starting new HTTPS connection (1): www.google.com:443
05:13:36 [DEBUG] https://dl.google.com:443 "GET /dl/android/studio/install/3.4.1.0/android-studio-ide-183.5522156-windows.exe HTTP/1.1" 200 1017327996
05:13:36 [INFO]    🎯 nl04-vlr01.tcp-reset-club.net (XX) - 42.2Mbps, 191ms UDP✅ Reality [hls-svod.itunes.appl]
05:13:36 [DEBUG] https://www.google.com:443 "GET /generate_204 HTTP/1.1" 204 0
05:13:36 [DEBUG] Starting new HTTPS connection (1): cp.cloudflare.com:443
05:13:36 [DEBUG] Starting new HTTPS connection (1): cp.cloudflare.com:443
05:13:36 [DEBUG] Starting new HTTPS connection (1): www.google.com:443
05:13:36 [DEBUG] Starting new HTTPS connection (1): cp.cloudflare.com:443
05:13:36 [DEBUG] Starting new HTTPS connection (1): www.gstatic.com:443
05:13:36 [DEBUG] https://cp.cloudflare.com:443 "GET / HTTP/1.1" 204 0
05:13:36 [DEBUG] Starting new HTTPS connection (1): www.gstatic.com:443
05:13:36 [DEBUG] Starting new HTTPS connection (1): www.gstatic.com:443
05:13:37 [DEBUG] https://www.gstatic.com:443 "GET /generate_204 HTTP/1.1" 204 0
05:13:37 [DEBUG] Starting new HTTPS connection (1): www.google.com:443
05:13:37 [DEBUG] Starting new HTTPS connection (1): www.gstatic.com:443
05:13:37 [DEBUG] Starting new HTTPS connection (1): dl.google.com:443
05:13:37 [DEBUG] Starting new HTTPS connection (1): cp.cloudflare.com:443
05:13:37 [DEBUG] Starting new HTTPS connection (1): www.google.com:443
05:13:37 [DEBUG] https://dl.google.com:443 "GET /dl/android/studio/install/3.4.1.0/android-studio-ide-183.5522156-windows.exe HTTP/1.1" 404 1449
05:13:37 [INFO]    🎯 94.232.247.168 (Молдова) - 0.0Mbps, 357ms UDP✅ Reality [yahoo.com]
05:13:37 [DEBUG] Starting new HTTPS connection (1): www.gstatic.com:443
05:13:37 [DEBUG] Starting new HTTPS connection (1): www.google.com:443
05:13:38 [DEBUG] Starting new HTTPS connection (1): cp.cloudflare.com:443
05:13:38 [DEBUG] Starting new HTTPS connection (1): www.google.com:443
05:13:38 [DEBUG] Starting new HTTPS connection (1): dl.google.com:443
05:13:38 [DEBUG] Starting new HTTPS connection (1): www.gstatic.com:443
05:13:38 [DEBUG] Starting new HTTPS connection (1): cp.cloudflare.com:443
05:13:38 [DEBUG] Starting new HTTPS connection (1): www.google.com:443
05:13:38 [DEBUG] Starting new HTTPS connection (1): cp.cloudflare.com:443
05:13:38 [DEBUG] Starting new HTTPS connection (1): www.gstatic.com:443
05:13:39 [DEBUG] Starting new HTTPS connection (1): www.google.com:443
05:13:39 [DEBUG] https://www.google.com:443 "GET /generate_204 HTTP/1.1" 204 0
05:13:39 [DEBUG] Starting new HTTPS connection (1): cp.cloudflare.com:443
05:13:39 [DEBUG] Starting new HTTPS connection (1): www.gstatic.com:443
05:13:39 [DEBUG] Starting new HTTPS connection (1): www.google.com:443
05:13:40 [DEBUG] https://cp.cloudflare.com:443 "GET / HTTP/1.1" 204 0
05:13:40 [DEBUG] Starting new HTTPS connection (1): www.gstatic.com:443
05:13:40 [DEBUG] https://www.gstatic.com:443 "GET /generate_204 HTTP/1.1" 204 0
05:13:40 [DEBUG] Starting new HTTPS connection (1): www.google.com:443
05:13:40 [DEBUG] Starting new HTTPS connection (1): dl.google.com:443
05:13:40 [DEBUG] https://dl.google.com:443 "GET /dl/android/studio/install/3.4.1.0/android-studio-ide-183.5522156-windows.exe HTTP/1.1" 200 1017327996
05:13:40 [INFO]    🎯 swe01-vlr01.tcp-reset-club.net (XX) - 44.1Mbps, 361ms UDP✅ Reality [hls-svod.itunes.appl]
05:13:40 [DEBUG] Starting new HTTPS connection (1): www.google.com:443
05:13:41 [DEBUG] Starting new HTTPS connection (1): cp.cloudflare.com:443
05:13:41 [DEBUG] https://dl.google.com:443 "GET /dl/android/studio/install/3.4.1.0/android-studio-ide-183.5522156-windows.exe HTTP/1.1" 200 1017327996
05:13:41 [DEBUG] Starting new HTTPS connection (1): www.google.com:443
05:13:41 [DEBUG] Starting new HTTPS connection (1): www.gstatic.com:443
05:13:41 [DEBUG] Starting new HTTPS connection (1): www.google.com:443
05:13:41 [DEBUG] Starting new HTTPS connection (1): cp.cloudflare.com:443
05:13:41 [DEBUG] Starting new HTTPS connection (1): cp.cloudflare.com:443
05:13:41 [DEBUG] Starting new HTTPS connection (1): www.gstatic.com:443
05:13:41 [DEBUG] Starting new HTTPS connection (1): www.google.com:443
05:13:41 [INFO]    📊 Global: 40/400 (10%) | ✅18 ❌22
05:13:41 [DEBUG] Starting new HTTPS connection (1): www.gstatic.com:443
05:13:41 [DEBUG] Starting new HTTPS connection (1): www.google.com:443
05:13:41 [DEBUG] Starting new HTTPS connection (1): www.google.com:443
05:13:42 [DEBUG] Starting new HTTPS connection (1): cp.cloudflare.com:443
05:13:42 [DEBUG] Starting new HTTPS connection (1): cp.cloudflare.com:443
05:13:42 [DEBUG] Starting new HTTPS connection (1): www.google.com:443
05:13:42 [DEBUG] Starting new HTTPS connection (1): www.gstatic.com:443
05:13:42 [DEBUG] Starting new HTTPS connection (1): www.google.com:443
05:13:42 [DEBUG] Starting new HTTPS connection (1): cp.cloudflare.com:443
05:13:42 [DEBUG] Starting new HTTPS connection (1): cp.cloudflare.com:443
05:13:42 [DEBUG] Starting new HTTPS connection (1): www.gstatic.com:443
05:13:42 [DEBUG] Starting new HTTPS connection (1): www.google.com:443
05:13:43 [DEBUG] https://www.google.com:443 "GET /generate_204 HTTP/1.1" 204 0
05:13:43 [DEBUG] Starting new HTTPS connection (1): cp.cloudflare.com:443
05:13:44 [DEBUG] Starting new HTTPS connection (1): cp.cloudflare.com:443
05:13:44 [DEBUG] Starting new HTTPS connection (1): www.google.com:443
05:13:44 [DEBUG] Starting new HTTPS connection (1): www.google.com:443
05:13:44 [DEBUG] https://www.google.com:443 "GET /generate_204 HTTP/1.1" 204 0
05:13:44 [DEBUG] Starting new HTTPS connection (1): cp.cloudflare.com:443
05:13:44 [DEBUG] Starting new HTTPS connection (1): cp.cloudflare.com:443
05:13:44 [DEBUG] Starting new HTTPS connection (1): www.gstatic.com:443
05:13:44 [DEBUG] https://cp.cloudflare.com:443 "GET / HTTP/1.1" 204 0
05:13:44 [DEBUG] Starting new HTTPS connection (1): www.gstatic.com:443
05:13:45 [DEBUG] Starting new HTTPS connection (1): www.gstatic.com:443
05:13:45 [DEBUG] https://www.gstatic.com:443 "GET /generate_204 HTTP/1.1" 204 0
05:13:45 [DEBUG] Starting new HTTPS connection (1): www.google.com:443
05:13:46 [DEBUG] Starting new HTTPS connection (1): cp.cloudflare.com:443
05:13:46 [DEBUG] Starting new HTTPS connection (1): dl.google.com:443
05:13:46 [DEBUG] Starting new HTTPS connection (1): www.gstatic.com:443
05:13:46 [DEBUG] Starting new HTTPS connection (1): cp.cloudflare.com:443
05:13:46 [DEBUG] https://cp.cloudflare.com:443 "GET / HTTP/1.1" 204 0
05:13:46 [DEBUG] Starting new HTTPS connection (1): www.gstatic.com:443
05:13:46 [DEBUG] https://dl.google.com:443 "GET /dl/android/studio/install/3.4.1.0/android-studio-ide-183.5522156-windows.exe HTTP/1.1" 404 1449
05:13:46 [INFO]    🎯 83.222.23.81 (KZ) - 0.0Mbps, 877ms UDP✅ Reality [yahoo.com]
05:13:47 [DEBUG] Starting new HTTPS connection (1): www.gstatic.com:443
05:13:48 [DEBUG] Starting new HTTPS connection (1): www.google.com:443
05:13:49 [DEBUG] https://cp.cloudflare.com:443 "GET / HTTP/1.1" 204 0
05:13:49 [DEBUG] Starting new HTTPS connection (1): www.gstatic.com:443
05:13:49 [DEBUG] Starting new HTTPS connection (1): www.google.com:443
05:13:49 [DEBUG] Starting new HTTPS connection (1): cp.cloudflare.com:443
05:13:49 [DEBUG] Starting new HTTPS connection (1): www.gstatic.com:443
05:13:49 [DEBUG] Starting new HTTPS connection (1): www.google.com:443
05:13:50 [DEBUG] Starting new HTTPS connection (1): cp.cloudflare.com:443
05:13:50 [DEBUG] https://cp.cloudflare.com:443 "GET / HTTP/1.1" 204 0
05:13:50 [DEBUG] Starting new HTTPS connection (1): www.gstatic.com:443
05:13:50 [DEBUG] https://www.gstatic.com:443 "GET /generate_204 HTTP/1.1" 204 0
05:13:50 [DEBUG] Starting new HTTPS connection (1): www.gstatic.com:443
05:13:50 [DEBUG] Starting new HTTPS connection (1): cp.cloudflare.com:443
05:13:51 [DEBUG] https://www.gstatic.com:443 "GET /generate_204 HTTP/1.1" 204 0
05:13:52 [DEBUG] Starting new HTTPS connection (1): www.google.com:443
05:13:52 [DEBUG] Starting new HTTPS connection (1): dl.google.com:443
05:13:53 [DEBUG] Starting new HTTPS connection (1): cp.cloudflare.com:443
05:13:53 [DEBUG] https://cp.cloudflare.com:443 "GET / HTTP/1.1" 204 0
05:13:53 [DEBUG] Starting new HTTPS connection (1): www.gstatic.com:443
05:13:53 [DEBUG] Starting new HTTPS connection (1): www.google.com:443
05:13:53 [DEBUG] Starting new HTTPS connection (1): dl.google.com:443
05:13:53 [DEBUG] https://www.gstatic.com:443 "GET /generate_204 HTTP/1.1" 204 0
05:13:54 [DEBUG] Starting new HTTPS connection (1): www.google.com:443
05:13:54 [DEBUG] Starting new HTTPS connection (1): cp.cloudflare.com:443
05:13:54 [DEBUG] Starting new HTTPS connection (1): dl.google.com:443
05:13:54 [DEBUG] Starting new HTTPS connection (1): cp.cloudflare.com:443
05:13:54 [DEBUG] Starting new HTTPS connection (1): dl.google.com:443
05:13:54 [DEBUG] https://cp.cloudflare.com:443 "GET / HTTP/1.1" 204 0
05:13:54 [DEBUG] Starting new HTTPS connection (1): www.gstatic.com:443
05:13:55 [DEBUG] https://www.google.com:443 "GET /generate_204 HTTP/1.1" 204 0
05:13:55 [DEBUG] Starting new HTTPS connection (1): cp.cloudflare.com:443
05:13:55 [DEBUG] Starting new HTTPS connection (1): www.gstatic.com:443
05:13:55 [DEBUG] Starting new HTTPS connection (1): www.gstatic.com:443
05:13:56 [DEBUG] https://cp.cloudflare.com:443 "GET / HTTP/1.1" 204 0
05:13:56 [DEBUG] Starting new HTTPS connection (1): www.gstatic.com:443
05:13:57 [DEBUG] Starting new HTTPS connection (1): www.google.com:443
05:13:57 [DEBUG] Starting new HTTPS connection (1): cp.cloudflare.com:443
05:13:58 [DEBUG] https://www.gstatic.com:443 "GET /generate_204 HTTP/1.1" 204 0
05:13:58 [DEBUG] https://dl.google.com:443 "GET /dl/android/studio/install/3.4.1.0/android-studio-ide-183.5522156-windows.exe HTTP/1.1" 200 1017327996
05:13:58 [INFO]    🎯 109.248.170.119 (KZ) - 0.0Mbps, 1302ms UDP✅ Reality [yahoo.com]
05:13:59 [DEBUG] Starting new HTTPS connection (1): dl.google.com:443
05:13:59 [DEBUG] https://www.google.com:443 "GET /generate_204 HTTP/1.1" 204 0
05:13:59 [DEBUG] Starting new HTTPS connection (1): cp.cloudflare.com:443
05:13:59 [DEBUG] Starting new HTTPS connection (1): www.gstatic.com:443
05:13:59 [INFO]    🎯 nl01-gmn02-vlr01.tcp-reset-club.net (XX) - 0.0Mbps, 2126ms UDP❌ Reality [hls-svod.itunes.appl]
05:14:00 [DEBUG] Starting new HTTPS connection (1): www.google.com:443
05:14:00 [DEBUG] https://www.google.com:443 "GET /generate_204 HTTP/1.1" 204 0
05:14:00 [DEBUG] Starting new HTTPS connection (1): cp.cloudflare.com:443
05:14:00 [DEBUG] https://cp.cloudflare.com:443 "GET / HTTP/1.1" 204 0
05:14:00 [DEBUG] Starting new HTTPS connection (1): www.gstatic.com:443
05:14:00 [DEBUG] https://cp.cloudflare.com:443 "GET / HTTP/1.1" 204 0
05:14:00 [DEBUG] Starting new HTTPS connection (1): www.gstatic.com:443
05:14:00 [DEBUG] https://www.gstatic.com:443 "GET /generate_204 HTTP/1.1" 204 0
05:14:00 [DEBUG] https://dl.google.com:443 "GET /dl/android/studio/install/3.4.1.0/android-studio-ide-183.5522156-windows.exe HTTP/1.1" 200 1017327996
05:14:00 [DEBUG] Starting new HTTPS connection (1): dl.google.com:443
05:14:00 [DEBUG] https://dl.google.com:443 "GET /dl/android/studio/install/3.4.1.0/android-studio-ide-183.5522156-windows.exe HTTP/1.1" 200 1017327996
05:14:00 [DEBUG] https://dl.google.com:443 "GET /dl/android/studio/install/3.4.1.0/android-studio-ide-183.5522156-windows.exe HTTP/1.1" 200 1017327996
05:14:00 [DEBUG] Starting new HTTPS connection (1): www.google.com:443
05:14:01 [DEBUG] Starting new HTTPS connection (1): www.google.com:443
05:14:02 [DEBUG] Starting new HTTPS connection (1): www.google.com:443
05:14:02 [INFO]    🎯 kr01-vlr01.tcp-reset-club.net (XX) - 4.2Mbps, 1451ms UDP✅ Reality [hls-svod.itunes.appl]
05:14:02 [DEBUG] Starting new HTTPS connection (1): cp.cloudflare.com:443
05:14:02 [DEBUG] https://www.gstatic.com:443 "GET /generate_204 HTTP/1.1" 204 0
05:14:02 [DEBUG] Starting new HTTPS connection (1): www.gstatic.com:443
05:14:02 [DEBUG] Starting new HTTPS connection (1): www.google.com:443
05:14:02 [DEBUG] Starting new HTTPS connection (1): cp.cloudflare.com:443
05:14:03 [DEBUG] Starting new HTTPS connection (1): dl.google.com:443
05:14:03 [DEBUG] Starting new HTTPS connection (1): www.gstatic.com:443
05:14:03 [DEBUG] Starting new HTTPS connection (1): www.google.com:443
05:14:03 [DEBUG] Starting new HTTPS connection (1): www.google.com:443
05:14:03 [DEBUG] Starting new HTTPS connection (1): cp.cloudflare.com:443
05:14:03 [DEBUG] Starting new HTTPS connection (1): cp.cloudflare.com:443
05:14:03 [DEBUG] Starting new HTTPS connection (1): www.gstatic.com:443
05:14:03 [DEBUG] Starting new HTTPS connection (1): www.gstatic.com:443
05:14:04 [DEBUG] Starting new HTTPS connection (1): www.google.com:443
05:14:04 [DEBUG] https://www.google.com:443 "GET /generate_204 HTTP/1.1" 204 0
05:14:04 [DEBUG] Starting new HTTPS connection (1): cp.cloudflare.com:443
05:14:04 [DEBUG] Starting new HTTPS connection (1): www.google.com:443
05:14:04 [DEBUG] Starting new HTTPS connection (1): www.google.com:443
05:14:04 [DEBUG] https://cp.cloudflare.com:443 "GET / HTTP/1.1" 204 0
05:14:04 [DEBUG] Starting new HTTPS connection (1): www.gstatic.com:443
05:14:04 [DEBUG] https://www.google.com:443 "GET /generate_204 HTTP/1.1" 204 0
05:14:04 [DEBUG] Starting new HTTPS connection (1): cp.cloudflare.com:443
05:14:05 [DEBUG] https://cp.cloudflare.com:443 "GET / HTTP/1.1" 204 0
05:14:05 [DEBUG] Starting new HTTPS connection (1): www.gstatic.com:443
05:14:05 [DEBUG] https://www.gstatic.com:443 "GET /generate_204 HTTP/1.1" 204 0
05:14:05 [DEBUG] Starting new HTTPS connection (1): dl.google.com:443
05:14:05 [DEBUG] https://dl.google.com:443 "GET /dl/android/studio/install/3.4.1.0/android-studio-ide-183.5522156-windows.exe HTTP/1.1" 200 1017327996
05:14:05 [INFO]    🎯 57.129.53.182 (Германия) - 66.0Mbps, 32ms UDP✅ Reality [fuck.rkn]
05:14:05 [DEBUG] Starting new HTTPS connection (1): cp.cloudflare.com:443
05:14:06 [DEBUG] https://www.gstatic.com:443 "GET /generate_204 HTTP/1.1" 204 0
05:14:06 [DEBUG] Starting new HTTPS connection (1): cp.cloudflare.com:443
05:14:06 [DEBUG] Starting new HTTPS connection (1): dl.google.com:443
05:14:06 [DEBUG] https://dl.google.com:443 "GET /dl/android/studio/install/3.4.1.0/android-studio-ide-183.5522156-windows.exe HTTP/1.1" 404 1449
05:14:06 [INFO]    🎯 65.108.108.151 (Финляндия) - 0.0Mbps, 501ms UDP✅ Reality [fit.jojack.ru]
05:14:06 [DEBUG] Starting new HTTPS connection (1): www.google.com:443
05:14:06 [DEBUG] https://www.google.com:443 "GET /generate_204 HTTP/1.1" 204 0
05:14:06 [DEBUG] Starting new HTTPS connection (1): cp.cloudflare.com:443
05:14:06 [DEBUG] https://cp.cloudflare.com:443 "GET / HTTP/1.1" 204 0
05:14:06 [DEBUG] Starting new HTTPS connection (1): www.gstatic.com:443
05:14:06 [DEBUG] https://www.gstatic.com:443 "GET /generate_204 HTTP/1.1" 204 0
05:14:06 [DEBUG] Starting new HTTPS connection (1): dl.google.com:443
05:14:06 [DEBUG] https://dl.google.com:443 "GET /dl/android/studio/install/3.4.1.0/android-studio-ide-183.5522156-windows.exe HTTP/1.1" 404 1449
05:14:06 [INFO]    🎯 57.129.49.1 (Германия) - 0.0Mbps, 36ms UDP✅ Reality [fuck.rkn]
05:14:07 [DEBUG] Starting new HTTPS connection (1): www.google.com:443
05:14:07 [DEBUG] https://www.google.com:443 "GET /generate_204 HTTP/1.1" 204 0
05:14:07 [DEBUG] Starting new HTTPS connection (1): cp.cloudflare.com:443
05:14:07 [DEBUG] https://cp.cloudflare.com:443 "GET / HTTP/1.1" 204 0
05:14:07 [DEBUG] Starting new HTTPS connection (1): www.gstatic.com:443
05:14:07 [DEBUG] https://www.gstatic.com:443 "GET /generate_204 HTTP/1.1" 204 0
05:14:07 [DEBUG] Starting new HTTPS connection (1): dl.google.com:443
05:14:07 [DEBUG] https://dl.google.com:443 "GET /dl/android/studio/install/3.4.1.0/android-studio-ide-183.5522156-windows.exe HTTP/1.1" 200 1017327996
05:14:07 [INFO]    🎯 57.129.53.181 (Германия) - 58.8Mbps, 33ms UDP✅ Reality [fuck.rkn]
05:14:07 [DEBUG] Starting new HTTPS connection (1): www.google.com:443
05:14:07 [DEBUG] Starting new HTTPS connection (1): cp.cloudflare.com:443
05:14:07 [DEBUG] Starting new HTTPS connection (1): www.gstatic.com:443
05:14:08 [DEBUG] Starting new HTTPS connection (1): cp.cloudflare.com:443
05:14:08 [DEBUG] Starting new HTTPS connection (1): www.gstatic.com:443
05:14:09 [INFO]    🎯 38.60.212.251 (JP) - 0.0Mbps, 1624ms UDP✅ Reality [mensura.cdn-apple.co]
05:14:09 [DEBUG] Starting new HTTPS connection (1): www.google.com:443
05:14:09 [DEBUG] Starting new HTTPS connection (1): www.google.com:443
05:14:09 [DEBUG] Starting new HTTPS connection (1): www.google.com:443
05:14:09 [DEBUG] Starting new HTTPS connection (1): cp.cloudflare.com:443
05:14:09 [DEBUG] Starting new HTTPS connection (1): www.gstatic.com:443
05:14:10 [DEBUG] Starting new HTTPS connection (1): www.google.com:443
05:14:10 [INFO]    🎯 nl01-vlr01.tcp-reset-club.net (XX) - 0.8Mbps, 3196ms UDP❌ Reality [hls-svod.itunes.appl]
05:14:10 [DEBUG] Starting new HTTPS connection (1): www.google.com:443
05:14:10 [DEBUG] Starting new HTTPS connection (1): cp.cloudflare.com:443
05:14:10 [DEBUG] Starting new HTTPS connection (1): www.gstatic.com:443
05:14:10 [DEBUG] Starting new HTTPS connection (1): www.gstatic.com:443
05:14:11 [DEBUG] Starting new HTTPS connection (1): cp.cloudflare.com:443
05:14:11 [DEBUG] Starting new HTTPS connection (1): www.gstatic.com:443
05:14:11 [DEBUG] Starting new HTTPS connection (1): cp.cloudflare.com:443
05:14:11 [DEBUG] Starting new HTTPS connection (1): www.google.com:443
05:14:11 [DEBUG] https://www.google.com:443 "GET /generate_204 HTTP/1.1" 204 0
05:14:11 [DEBUG] Starting new HTTPS connection (1): cp.cloudflare.com:443
05:14:11 [DEBUG] https://cp.cloudflare.com:443 "GET / HTTP/1.1" 204 0
05:14:11 [DEBUG] Starting new HTTPS connection (1): www.gstatic.com:443
05:14:11 [DEBUG] https://www.gstatic.com:443 "GET /generate_204 HTTP/1.1" 204 0
05:14:11 [DEBUG] Starting new HTTPS connection (1): dl.google.com:443
05:14:12 [DEBUG] https://dl.google.com:443 "GET /dl/android/studio/install/3.4.1.0/android-studio-ide-183.5522156-windows.exe HTTP/1.1" 200 1017327996
05:14:12 [INFO]    🎯 51.158.206.93 (Нидерланды) - 81.7Mbps, 66ms UDP✅ Reality [fuck.rkn]
05:14:12 [DEBUG] Starting new HTTPS connection (1): www.google.com:443
05:14:12 [DEBUG] https://www.google.com:443 "GET /generate_204 HTTP/1.1" 204 0
05:14:12 [DEBUG] Starting new HTTPS connection (1): cp.cloudflare.com:443
05:14:12 [DEBUG] https://cp.cloudflare.com:443 "GET / HTTP/1.1" 204 0
05:14:12 [DEBUG] Starting new HTTPS connection (1): www.gstatic.com:443
05:14:12 [DEBUG] https://www.gstatic.com:443 "GET /generate_204 HTTP/1.1" 204 0
05:14:12 [DEBUG] Starting new HTTPS connection (1): cp.cloudflare.com:443
05:14:12 [DEBUG] Starting new HTTPS connection (1): dl.google.com:443
05:14:12 [DEBUG] https://dl.google.com:443 "GET /dl/android/studio/install/3.4.1.0/android-studio-ide-183.5522156-windows.exe HTTP/1.1" 200 1017327996
05:14:12 [INFO]    🎯 51.158.206.80 (Нидерланды) - 84.5Mbps, 70ms UDP✅ Reality [fuck.rkn]
05:14:13 [DEBUG] Starting new HTTPS connection (1): www.gstatic.com:443
05:14:13 [DEBUG] Starting new HTTPS connection (1): www.gstatic.com:443
05:14:13 [DEBUG] Starting new HTTPS connection (1): www.google.com:443
05:14:13 [DEBUG] https://www.google.com:443 "GET /generate_204 HTTP/1.1" 204 0
05:14:13 [DEBUG] Starting new HTTPS connection (1): cp.cloudflare.com:443
05:14:13 [DEBUG] https://cp.cloudflare.com:443 "GET / HTTP/1.1" 204 0
05:14:13 [DEBUG] Starting new HTTPS connection (1): www.gstatic.com:443
05:14:13 [DEBUG] https://www.gstatic.com:443 "GET /generate_204 HTTP/1.1" 204 0
05:14:13 [DEBUG] Starting new HTTPS connection (1): dl.google.com:443
05:14:13 [DEBUG] https://dl.google.com:443 "GET /dl/android/studio/install/3.4.1.0/android-studio-ide-183.5522156-windows.exe HTTP/1.1" 200 1017327996
05:14:13 [INFO]    🎯 51.158.206.103 (Нидерланды) - 88.9Mbps, 69ms UDP✅ Reality [fuck.rkn]
05:14:13 [INFO]    🎯 185.21.14.122 (Нидерланды) - 1.0Mbps, 141ms UDP✅ Reality [apple.com]
05:14:14 [DEBUG] Starting new HTTPS connection (1): www.gstatic.com:443
05:14:14 [DEBUG] Starting new HTTPS connection (1): www.google.com:443
05:14:14 [DEBUG] Starting new HTTPS connection (1): www.google.com:443
05:14:14 [DEBUG] Starting new HTTPS connection (1): www.google.com:443
05:14:16 [INFO]    📊 Global: 80/400 (20%) | ✅32 ❌48
05:14:16 [DEBUG] Starting new HTTPS connection (1): www.google.com:443
05:14:16 [DEBUG] Starting new HTTPS connection (1): www.google.com:443
05:14:16 [DEBUG] https://www.google.com:443 "GET /generate_204 HTTP/1.1" 204 0
05:14:16 [DEBUG] Starting new HTTPS connection (1): cp.cloudflare.com:443
05:14:16 [DEBUG] https://cp.cloudflare.com:443 "GET / HTTP/1.1" 204 0
05:14:16 [DEBUG] Starting new HTTPS connection (1): www.gstatic.com:443
05:14:17 [DEBUG] Starting new HTTPS connection (1): cp.cloudflare.com:443
05:14:17 [DEBUG] Starting new HTTPS connection (1): cp.cloudflare.com:443
05:14:17 [DEBUG] https://www.gstatic.com:443 "GET /generate_204 HTTP/1.1" 204 0
05:14:17 [DEBUG] Starting new HTTPS connection (1): www.google.com:443
05:14:17 [DEBUG] Starting new HTTPS connection (1): dl.google.com:443
05:14:17 [DEBUG] Starting new HTTPS connection (1): www.google.com:443
05:14:17 [DEBUG] Starting new HTTPS connection (1): www.google.com:443
05:14:17 [DEBUG] https://dl.google.com:443 "GET /dl/android/studio/install/3.4.1.0/android-studio-ide-183.5522156-windows.exe HTTP/1.1" 200 1017327996
05:14:17 [DEBUG] https://www.google.com:443 "GET /generate_204 HTTP/1.1" 204 0
05:14:17 [DEBUG] Starting new HTTPS connection (1): cp.cloudflare.com:443
05:14:17 [DEBUG] https://cp.cloudflare.com:443 "GET / HTTP/1.1" 204 0
05:14:17 [DEBUG] Starting new HTTPS connection (1): www.gstatic.com:443
05:14:17 [DEBUG] https://www.google.com:443 "GET /generate_204 HTTP/1.1" 204 0
05:14:17 [DEBUG] Starting new HTTPS connection (1): cp.cloudflare.com:443
05:14:17 [DEBUG] https://www.gstatic.com:443 "GET /generate_204 HTTP/1.1" 204 0
05:14:17 [DEBUG] Starting new HTTPS connection (1): dl.google.com:443
05:14:17 [DEBUG] https://cp.cloudflare.com:443 "GET / HTTP/1.1" 204 0
05:14:17 [DEBUG] Starting new HTTPS connection (1): www.gstatic.com:443
05:14:17 [DEBUG] https://www.gstatic.com:443 "GET /generate_204 HTTP/1.1" 204 0
05:14:17 [DEBUG] Starting new HTTPS connection (1): dl.google.com:443
05:14:17 [INFO]    🎯 138.124.79.9 (Нидерланды) - 20.6Mbps, 247ms UDP✅ Reality [sun6-21.userapi.com]
05:14:17 [DEBUG] https://dl.google.com:443 "GET /dl/android/studio/install/3.4.1.0/android-studio-ide-183.5522156-windows.exe HTTP/1.1" 200 1017327996
05:14:18 [DEBUG] https://dl.google.com:443 "GET /dl/android/studio/install/3.4.1.0/android-studio-ide-183.5522156-windows.exe HTTP/1.1" 200 1017327996
05:14:18 [INFO]    🎯 195.26.224.102 (Нидерланды) - 32.7Mbps, 119ms UDP✅ Reality [vk.com]
05:14:18 [INFO]    🎯 195.26.224.112 (Нидерланды) - 33.7Mbps, 122ms UDP✅ Reality [vk.com]
05:14:19 [DEBUG] Starting new HTTPS connection (1): www.google.com:443
05:14:19 [DEBUG] Starting new HTTPS connection (1): www.gstatic.com:443
05:14:19 [DEBUG] Starting new HTTPS connection (1): www.gstatic.com:443
05:14:19 [DEBUG] Starting new HTTPS connection (1): cp.cloudflare.com:443
05:14:19 [DEBUG] Starting new HTTPS connection (1): www.gstatic.com:443
05:14:19 [DEBUG] Starting new HTTPS connection (1): www.google.com:443
05:14:19 [DEBUG] Starting new HTTPS connection (1): cp.cloudflare.com:443
05:14:19 [DEBUG] Starting new HTTPS connection (1): www.google.com:443
05:14:19 [DEBUG] Starting new HTTPS connection (1): cp.cloudflare.com:443
05:14:19 [DEBUG] https://www.google.com:443 "GET /generate_204 HTTP/1.1" 204 0
05:14:19 [DEBUG] Starting new HTTPS connection (1): cp.cloudflare.com:443
05:14:19 [DEBUG] Starting new HTTPS connection (1): www.gstatic.com:443
05:14:19 [DEBUG] Starting new HTTPS connection (1): cp.cloudflare.com:443
05:14:19 [INFO]    🎯 91.84.113.57 (Нидерланды) - 0.3Mbps, 3424ms UDP✅ Reality [apple.com]
05:14:19 [DEBUG] Starting new HTTPS connection (1): www.gstatic.com:443
05:14:19 [DEBUG] Starting new HTTPS connection (1): cp.cloudflare.com:443
05:14:19 [DEBUG] https://cp.cloudflare.com:443 "GET / HTTP/1.1" 204 0
05:14:19 [DEBUG] Starting new HTTPS connection (1): www.gstatic.com:443
05:14:20 [DEBUG] Starting new HTTPS connection (1): www.google.com:443
05:14:20 [DEBUG] https://www.google.com:443 "GET /generate_204 HTTP/1.1" 204 0
05:14:20 [DEBUG] Starting new HTTPS connection (1): cp.cloudflare.com:443
05:14:20 [DEBUG] Starting new HTTPS connection (1): www.google.com:443
05:14:20 [DEBUG] https://www.google.com:443 "GET /generate_204 HTTP/1.1" 204 0
05:14:20 [DEBUG] Starting new HTTPS connection (1): cp.cloudflare.com:443
05:14:20 [DEBUG] https://cp.cloudflare.com:443 "GET / HTTP/1.1" 204 0
05:14:20 [DEBUG] Starting new HTTPS connection (1): www.gstatic.com:443
05:14:20 [DEBUG] https://cp.cloudflare.com:443 "GET / HTTP/1.1" 204 0
05:14:20 [DEBUG] Starting new HTTPS connection (1): www.gstatic.com:443
05:14:21 [DEBUG] https://www.gstatic.com:443 "GET /generate_204 HTTP/1.1" 204 0
05:14:21 [DEBUG] Starting new HTTPS connection (1): dl.google.com:443
05:14:21 [DEBUG] Starting new HTTPS connection (1): www.google.com:443
05:14:21 [DEBUG] https://www.gstatic.com:443 "GET /generate_204 HTTP/1.1" 204 0
05:14:21 [DEBUG] https://www.google.com:443 "GET /generate_204 HTTP/1.1" 204 0
05:14:21 [DEBUG] Starting new HTTPS connection (1): cp.cloudflare.com:443
05:14:21 [DEBUG] https://www.gstatic.com:443 "GET /generate_204 HTTP/1.1" 204 0
05:14:21 [DEBUG] https://dl.google.com:443 "GET /dl/android/studio/install/3.4.1.0/android-studio-ide-183.5522156-windows.exe HTTP/1.1" 200 1017327996
05:14:21 [DEBUG] Starting new HTTPS connection (1): dl.google.com:443
05:14:21 [DEBUG] https://cp.cloudflare.com:443 "GET / HTTP/1.1" 204 0
05:14:21 [DEBUG] Starting new HTTPS connection (1): www.gstatic.com:443
05:14:21 [DEBUG] Starting new HTTPS connection (1): www.google.com:443
05:14:21 [DEBUG] https://www.gstatic.com:443 "GET /generate_204 HTTP/1.1" 204 0
05:14:21 [INFO]    🎯 185.177.238.57 (AL) - 37.1Mbps, 66ms UDP✅ Reality [al.cdn.stun.su]
05:14:21 [DEBUG] Starting new HTTPS connection (1): dl.google.com:443
05:14:21 [DEBUG] Starting new HTTPS connection (1): dl.google.com:443
05:14:21 [DEBUG] https://dl.google.com:443 "GET /dl/android/studio/install/3.4.1.0/android-studio-ide-183.5522156-windows.exe HTTP/1.1" 200 1017327996
05:14:21 [DEBUG] https://dl.google.com:443 "GET /dl/android/studio/install/3.4.1.0/android-studio-ide-183.5522156-windows.exe HTTP/1.1" 200 1017327996
05:14:21 [INFO]    🎯 de4.socialup.live (XX) - 31.1Mbps, 175ms UDP✅ Reality [web.max.ru]
05:14:21 [DEBUG] Starting new HTTPS connection (1): www.gstatic.com:443
05:14:21 [DEBUG] https://dl.google.com:443 "GET /dl/android/studio/install/3.4.1.0/android-studio-ide-183.5522156-windows.exe HTTP/1.1" 200 1017327996
05:14:21 [INFO]    🎯 78.159.131.76 (AL) - 38.4Mbps, 94ms UDP✅ Reality [al.cdn.stun.su]
05:14:22 [DEBUG] Starting new HTTPS connection (1): www.google.com:443
05:14:22 [DEBUG] Starting new HTTPS connection (1): www.google.com:443
05:14:22 [DEBUG] https://www.google.com:443 "GET /generate_204 HTTP/1.1" 204 0
05:14:22 [DEBUG] Starting new HTTPS connection (1): cp.cloudflare.com:443
05:14:22 [INFO]    🎯 ten5.astralweb.tech (XX) - 0.5Mbps, 344ms UDP✅ Reality [apple.com]
05:14:22 [DEBUG] Starting new HTTPS connection (1): www.google.com:443
05:14:22 [DEBUG] https://cp.cloudflare.com:443 "GET / HTTP/1.1" 204 0
05:14:22 [DEBUG] Starting new HTTPS connection (1): www.gstatic.com:443
05:14:22 [DEBUG] https://www.gstatic.com:443 "GET /generate_204 HTTP/1.1" 204 0
05:14:22 [DEBUG] Starting new HTTPS connection (1): dl.google.com:443
05:14:22 [DEBUG] https://dl.google.com:443 "GET /dl/android/studio/install/3.4.1.0/android-studio-ide-183.5522156-windows.exe HTTP/1.1" 200 1017327996
05:14:22 [DEBUG] Starting new HTTPS connection (1): cp.cloudflare.com:443
05:14:22 [DEBUG] Starting new HTTPS connection (1): www.google.com:443
05:14:22 [INFO]    🎯 nl.mobilezahra.lat (XX) - 79.7Mbps, 70ms UDP✅ Reality [excoino.com]
05:14:22 [DEBUG] Starting new HTTPS connection (1): www.google.com:443
05:14:23 [DEBUG] Starting new HTTPS connection (1): cp.cloudflare.com:443
05:14:23 [DEBUG] Starting new HTTPS connection (1): www.gstatic.com:443
05:14:23 [DEBUG] Starting new HTTPS connection (1): www.gstatic.com:443
05:14:23 [DEBUG] Starting new HTTPS connection (1): cp.cloudflare.com:443
05:14:23 [DEBUG] Starting new HTTPS connection (1): www.google.com:443
05:14:24 [DEBUG] https://cp.cloudflare.com:443 "GET / HTTP/1.1" 204 0
05:14:24 [DEBUG] Starting new HTTPS connection (1): www.gstatic.com:443
05:14:24 [DEBUG] Starting new HTTPS connection (1): www.google.com:443
05:14:24 [DEBUG] Starting new HTTPS connection (1): www.google.com:443
05:14:24 [DEBUG] Starting new HTTPS connection (1): www.google.com:443
05:14:24 [DEBUG] Starting new HTTPS connection (1): cp.cloudflare.com:443
05:14:24 [DEBUG] Starting new HTTPS connection (1): cp.cloudflare.com:443
05:14:24 [DEBUG] Starting new HTTPS connection (1): www.gstatic.com:443
05:14:24 [DEBUG] Starting new HTTPS connection (1): cp.cloudflare.com:443
05:14:24 [DEBUG] Starting new HTTPS connection (1): www.gstatic.com:443
05:14:24 [DEBUG] https://www.google.com:443 "GET /generate_204 HTTP/1.1" 204 0
05:14:24 [DEBUG] Starting new HTTPS connection (1): cp.cloudflare.com:443
05:14:25 [DEBUG] Starting new HTTPS connection (1): www.google.com:443
05:14:25 [DEBUG] Starting new HTTPS connection (1): cp.cloudflare.com:443
05:14:25 [DEBUG] Starting new HTTPS connection (1): cp.cloudflare.com:443
05:14:25 [DEBUG] Starting new HTTPS connection (1): www.gstatic.com:443
05:14:25 [DEBUG] https://cp.cloudflare.com:443 "GET / HTTP/1.1" 204 0
05:14:25 [DEBUG] Starting new HTTPS connection (1): www.gstatic.com:443
05:14:25 [DEBUG] https://www.gstatic.com:443 "GET /generate_204 HTTP/1.1" 204 0
05:14:25 [DEBUG] Starting new HTTPS connection (1): www.gstatic.com:443
05:14:25 [DEBUG] Starting new HTTPS connection (1): www.google.com:443
05:14:25 [DEBUG] Starting new HTTPS connection (1): dl.google.com:443
05:14:26 [DEBUG] Starting new HTTPS connection (1): www.google.com:443
05:14:26 [DEBUG] https://dl.google.com:443 "GET /dl/android/studio/install/3.4.1.0/android-studio-ide-183.5522156-windows.exe HTTP/1.1" 200 1017327996
05:14:26 [DEBUG] Starting new HTTPS connection (1): cp.cloudflare.com:443
05:14:26 [INFO]    🎯 panelsaf.netvip1.ru (XX) - 25.9Mbps, 638ms UDP✅ Reality [refersion.com]
05:14:26 [DEBUG] Starting new HTTPS connection (1): www.gstatic.com:443
05:14:26 [DEBUG] Starting new HTTPS connection (1): cp.cloudflare.com:443
05:14:26 [DEBUG] Starting new HTTPS connection (1): www.google.com:443
05:14:26 [DEBUG] Starting new HTTPS connection (1): www.gstatic.com:443
05:14:27 [DEBUG] Starting new HTTPS connection (1): www.gstatic.com:443
05:14:27 [DEBUG] Starting new HTTPS connection (1): www.google.com:443
05:14:27 [DEBUG] https://www.google.com:443 "GET /generate_204 HTTP/1.1" 204 0
05:14:27 [DEBUG] Starting new HTTPS connection (1): cp.cloudflare.com:443
05:14:27 [DEBUG] https://cp.cloudflare.com:443 "GET / HTTP/1.1" 204 0
05:14:27 [DEBUG] Starting new HTTPS connection (1): www.gstatic.com:443
05:14:27 [INFO]    🎯 152.53.51.29 (Австрия) - 2.0Mbps, 1594ms UDP✅ Reality [one-piece.com]
05:14:27 [DEBUG] Starting new HTTPS connection (1): www.google.com:443
05:14:27 [DEBUG] https://www.gstatic.com:443 "GET /generate_204 HTTP/1.1" 204 0
05:14:27 [DEBUG] Starting new HTTPS connection (1): dl.google.com:443
05:14:28 [DEBUG] https://dl.google.com:443 "GET /dl/android/studio/install/3.4.1.0/android-studio-ide-183.5522156-windows.exe HTTP/1.1" 200 1017327996
05:14:28 [INFO]    🎯 78.159.131.16 (AL) - 54.6Mbps, 80ms UDP✅ Reality [alb.denditop.site]
05:14:28 [DEBUG] https://www.gstatic.com:443 "GET /generate_204 HTTP/1.1" 204 0
05:14:28 [DEBUG] Starting new HTTPS connection (1): dl.google.com:443
05:14:28 [DEBUG] https://dl.google.com:443 "GET /dl/android/studio/install/3.4.1.0/android-studio-ide-183.5522156-windows.exe HTTP/1.1" 200 1017327996
05:14:28 [INFO]    🎯 37.218.247.35 (Нидерланды) - 66.7Mbps, 4156ms UDP✅ Reality [sun6-21.userapi.com]
05:14:28 [DEBUG] Starting new HTTPS connection (1): cp.cloudflare.com:443
05:14:28 [DEBUG] Starting new HTTPS connection (1): www.google.com:443
05:14:29 [DEBUG] Starting new HTTPS connection (1): www.gstatic.com:443
05:14:29 [DEBUG] Starting new HTTPS connection (1): www.google.com:443
05:14:29 [DEBUG] Starting new HTTPS connection (1): cp.cloudflare.com:443
05:14:29 [DEBUG] Starting new HTTPS connection (1): www.google.com:443
05:14:29 [DEBUG] Starting new HTTPS connection (1): www.gstatic.com:443
05:14:29 [DEBUG] Starting new HTTPS connection (1): www.google.com:443
05:14:30 [DEBUG] Starting new HTTPS connection (1): www.google.com:443
05:14:30 [DEBUG] https://www.google.com:443 "GET /generate_204 HTTP/1.1" 204 0
05:14:30 [DEBUG] Starting new HTTPS connection (1): cp.cloudflare.com:443
05:14:30 [DEBUG] Starting new HTTPS connection (1): cp.cloudflare.com:443
05:14:30 [DEBUG] Starting new HTTPS connection (1): www.gstatic.com:443
05:14:30 [DEBUG] Starting new HTTPS connection (1): www.google.com:443
05:14:30 [DEBUG] https://www.google.com:443 "GET /generate_204 HTTP/1.1" 204 0
05:14:30 [DEBUG] Starting new HTTPS connection (1): cp.cloudflare.com:443
05:14:30 [DEBUG] Starting new HTTPS connection (1): www.google.com:443
05:14:31 [DEBUG] https://www.google.com:443 "GET /generate_204 HTTP/1.1" 204 0
05:14:31 [DEBUG] Starting new HTTPS connection (1): cp.cloudflare.com:443
05:14:31 [DEBUG] Starting new HTTPS connection (1): www.gstatic.com:443
05:14:31 [DEBUG] https://www.google.com:443 "GET /generate_204 HTTP/1.1" 204 0
05:14:31 [DEBUG] Starting new HTTPS connection (1): cp.cloudflare.com:443
05:14:31 [DEBUG] https://cp.cloudflare.com:443 "GET / HTTP/1.1" 204 0
05:14:31 [DEBUG] Starting new HTTPS connection (1): www.gstatic.com:443
05:14:31 [DEBUG] https://cp.cloudflare.com:443 "GET / HTTP/1.1" 204 0
05:14:31 [DEBUG] Starting new HTTPS connection (1): www.gstatic.com:443
05:14:31 [DEBUG] https://cp.cloudflare.com:443 "GET / HTTP/1.1" 204 0
05:14:31 [DEBUG] Starting new HTTPS connection (1): www.gstatic.com:443
05:14:31 [DEBUG] Starting new HTTPS connection (1): www.google.com:443
05:14:31 [DEBUG] Starting new HTTPS connection (1): cp.cloudflare.com:443
05:14:32 [DEBUG] https://www.google.com:443 "GET /generate_204 HTTP/1.1" 204 0
05:14:32 [DEBUG] Starting new HTTPS connection (1): cp.cloudflare.com:443
05:14:32 [DEBUG] https://www.gstatic.com:443 "GET /generate_204 HTTP/1.1" 204 0
05:14:32 [DEBUG] https://www.gstatic.com:443 "GET /generate_204 HTTP/1.1" 204 0
05:14:32 [DEBUG] https://cp.cloudflare.com:443 "GET / HTTP/1.1" 204 0
05:14:32 [DEBUG] Starting new HTTPS connection (1): www.gstatic.com:443
05:14:32 [DEBUG] https://cp.cloudflare.com:443 "GET / HTTP/1.1" 204 0
05:14:32 [DEBUG] Starting new HTTPS connection (1): www.gstatic.com:443
05:14:32 [DEBUG] Starting new HTTPS connection (1): dl.google.com:443
05:14:32 [DEBUG] Starting new HTTPS connection (1): dl.google.com:443
05:14:32 [DEBUG] https://www.gstatic.com:443 "GET /generate_204 HTTP/1.1" 204 0
05:14:32 [DEBUG] https://www.gstatic.com:443 "GET /generate_204 HTTP/1.1" 204 0
05:14:32 [DEBUG] Starting new HTTPS connection (1): dl.google.com:443
05:14:32 [DEBUG] Starting new HTTPS connection (1): www.google.com:443
05:14:32 [DEBUG] Starting new HTTPS connection (1): cp.cloudflare.com:443
05:14:33 [DEBUG] Starting new HTTPS connection (1): dl.google.com:443
05:14:33 [DEBUG] https://dl.google.com:443 "GET /dl/android/studio/install/3.4.1.0/android-studio-ide-183.5522156-windows.exe HTTP/1.1" 200 1017327996
05:14:33 [DEBUG] https://dl.google.com:443 "GET /dl/android/studio/install/3.4.1.0/android-studio-ide-183.5522156-windows.exe HTTP/1.1" 200 1017327996
05:14:33 [DEBUG] Starting new HTTPS connection (1): cp.cloudflare.com:443
05:14:33 [DEBUG] https://dl.google.com:443 "GET /dl/android/studio/install/3.4.1.0/android-studio-ide-183.5522156-windows.exe HTTP/1.1" 200 1017327996
05:14:33 [DEBUG] https://www.gstatic.com:443 "GET /generate_204 HTTP/1.1" 204 0
05:14:33 [DEBUG] https://dl.google.com:443 "GET /dl/android/studio/install/3.4.1.0/android-studio-ide-183.5522156-windows.exe HTTP/1.1" 200 1017327996
05:14:33 [DEBUG] Starting new HTTPS connection (1): www.gstatic.com:443
05:14:33 [INFO]    🎯 ilta-wzxrxkdhbjpnprhkkpplsjwawhssvollvxzdhqshiqckwdgrdm.orbnet.xyz (XX) - 8.6Mbps, 814ms UDP✅ Reality [i2pd.website]
05:14:33 [DEBUG] Starting new HTTPS connection (1): cp.cloudflare.com:443
05:14:34 [INFO]    🎯 94.131.101.203 (Молдова) - 7.6Mbps, 487ms UDP✅ Reality [tradingview.com]
05:14:34 [INFO]    🎯 103.113.70.30 (Молдова) - 10.9Mbps, 355ms UDP✅ Reality [tradingview.com]
05:14:34 [INFO]    🎯 45.83.140.34 (CY) - 6.6Mbps, 563ms UDP✅ Reality [tradingview.com]
05:14:35 [DEBUG] Starting new HTTPS connection (1): www.google.com:443
05:14:35 [DEBUG] Starting new HTTPS connection (1): dl.google.com:443
05:14:35 [DEBUG] Starting new HTTPS connection (1): www.google.com:443
05:14:35 [DEBUG] Starting new HTTPS connection (1): www.google.com:443
05:14:35 [DEBUG] Starting new HTTPS connection (1): www.google.com:443
05:14:35 [DEBUG] Starting new HTTPS connection (1): cp.cloudflare.com:443
05:14:35 [DEBUG] Starting new HTTPS connection (1): www.google.com:443
05:14:35 [DEBUG] Starting new HTTPS connection (1): www.gstatic.com:443
05:14:35 [DEBUG] https://www.google.com:443 "GET /generate_204 HTTP/1.1" 204 0
05:14:35 [DEBUG] Starting new HTTPS connection (1): cp.cloudflare.com:443
05:14:35 [DEBUG] https://www.google.com:443 "GET /generate_204 HTTP/1.1" 204 0
05:14:35 [DEBUG] Starting new HTTPS connection (1): cp.cloudflare.com:443
05:14:35 [DEBUG] Starting new HTTPS connection (1): www.google.com:443
05:14:36 [DEBUG] Starting new HTTPS connection (1): cp.cloudflare.com:443
05:14:36 [DEBUG] https://cp.cloudflare.com:443 "GET / HTTP/1.1" 204 0
05:14:36 [DEBUG] Starting new HTTPS connection (1): www.gstatic.com:443
05:14:36 [DEBUG] https://cp.cloudflare.com:443 "GET / HTTP/1.1" 204 0
05:14:36 [DEBUG] Starting new HTTPS connection (1): www.gstatic.com:443
05:14:36 [DEBUG] https://dl.google.com:443 "GET /dl/android/studio/install/3.4.1.0/android-studio-ide-183.5522156-windows.exe HTTP/1.1" 200 1017327996
05:14:36 [DEBUG] https://www.gstatic.com:443 "GET /generate_204 HTTP/1.1" 204 0
05:14:36 [DEBUG] https://cp.cloudflare.com:443 "GET / HTTP/1.1" 204 0
05:14:36 [DEBUG] Starting new HTTPS connection (1): www.gstatic.com:443
05:14:36 [DEBUG] https://www.gstatic.com:443 "GET /generate_204 HTTP/1.1" 204 0
05:14:36 [DEBUG] Starting new HTTPS connection (1): dl.google.com:443
05:14:37 [DEBUG] Starting new HTTPS connection (1): www.google.com:443
05:14:37 [DEBUG] https://dl.google.com:443 "GET /dl/android/studio/install/3.4.1.0/android-studio-ide-183.5522156-windows.exe HTTP/1.1" 200 1017327996
05:14:37 [DEBUG] Starting new HTTPS connection (1): www.gstatic.com:443
05:14:37 [INFO]    📊 Global: 120/400 (30%) | ✅49 ❌71
05:14:37 [DEBUG] Starting new HTTPS connection (1): www.gstatic.com:443
05:14:37 [INFO]    🎯 212.111.84.82 (KZ) - 12.0Mbps, 408ms UDP✅ Reality [m.vk.ru]
05:14:38 [DEBUG] https://www.gstatic.com:443 "GET /generate_204 HTTP/1.1" 204 0
05:14:38 [INFO]    🎯 92.60.78.221 (SI) - 3.4Mbps, 1490ms UDP✅ Reality [www.tradingview.com]
05:14:38 [DEBUG] Starting new HTTPS connection (1): www.google.com:443
05:14:39 [DEBUG] Starting new HTTPS connection (1): www.gstatic.com:443
05:14:39 [DEBUG] Starting new HTTPS connection (1): www.google.com:443
05:14:39 [DEBUG] https://www.google.com:443 "GET /generate_204 HTTP/1.1" 204 0
05:14:39 [DEBUG] Starting new HTTPS connection (1): cp.cloudflare.com:443
05:14:39 [DEBUG] https://www.google.com:443 "GET /generate_204 HTTP/1.1" 204 0
05:14:39 [DEBUG] Starting new HTTPS connection (1): cp.cloudflare.com:443
05:14:39 [DEBUG] Starting new HTTPS connection (1): dl.google.com:443
05:14:40 [DEBUG] https://cp.cloudflare.com:443 "GET / HTTP/1.1" 204 0
05:14:40 [DEBUG] Starting new HTTPS connection (1): www.gstatic.com:443
05:14:40 [DEBUG] Starting new HTTPS connection (1): cp.cloudflare.com:443
05:14:40 [DEBUG] Starting new HTTPS connection (1): www.google.com:443
05:14:40 [DEBUG] https://www.gstatic.com:443 "GET /generate_204 HTTP/1.1" 204 0
05:14:40 [DEBUG] https://dl.google.com:443 "GET /dl/android/studio/install/3.4.1.0/android-studio-ide-183.5522156-windows.exe HTTP/1.1" 200 1017327996
05:14:40 [DEBUG] Starting new HTTPS connection (1): dl.google.com:443
05:14:40 [DEBUG] Starting new HTTPS connection (1): www.google.com:443
05:14:40 [DEBUG] https://www.google.com:443 "GET /generate_204 HTTP/1.1" 204 0
05:14:40 [DEBUG] Starting new HTTPS connection (1): cp.cloudflare.com:443
05:14:40 [DEBUG] https://dl.google.com:443 "GET /dl/android/studio/install/3.4.1.0/android-studio-ide-183.5522156-windows.exe HTTP/1.1" 200 1017327996
05:14:40 [DEBUG] https://cp.cloudflare.com:443 "GET / HTTP/1.1" 204 0
05:14:40 [DEBUG] Starting new HTTPS connection (1): www.gstatic.com:443
05:14:40 [DEBUG] https://www.gstatic.com:443 "GET /generate_204 HTTP/1.1" 204 0
05:14:40 [DEBUG] Starting new HTTPS connection (1): cp.cloudflare.com:443
05:14:41 [DEBUG] Starting new HTTPS connection (1): dl.google.com:443
05:14:41 [DEBUG] https://dl.google.com:443 "GET /dl/android/studio/install/3.4.1.0/android-studio-ide-183.5522156-windows.exe HTTP/1.1" 200 1017327996
05:14:41 [DEBUG] Starting new HTTPS connection (1): dl.google.com:443
05:14:41 [INFO]    🎯 217.154.254.198 (Германия) - 44.9Mbps, 140ms UDP✅ Reality [azure.com]
05:14:41 [DEBUG] https://cp.cloudflare.com:443 "GET / HTTP/1.1" 204 0
05:14:41 [DEBUG] Starting new HTTPS connection (1): www.gstatic.com:443
05:14:41 [INFO]    🎯 212.111.84.187 (KZ) - 6.4Mbps, 470ms UDP❌ Reality [m.vk.ru]
05:14:42 [DEBUG] Starting new HTTPS connection (1): www.google.com:443
05:14:42 [DEBUG] Starting new HTTPS connection (1): cp.cloudflare.com:443
05:14:42 [DEBUG] https://www.google.com:443 "GET /generate_204 HTTP/1.1" 204 0
05:14:42 [DEBUG] Starting new HTTPS connection (1): cp.cloudflare.com:443
05:14:42 [DEBUG] https://cp.cloudflare.com:443 "GET / HTTP/1.1" 204 0
05:14:42 [DEBUG] Starting new HTTPS connection (1): www.gstatic.com:443
05:14:42 [DEBUG] https://www.gstatic.com:443 "GET /generate_204 HTTP/1.1" 204 0
05:14:43 [DEBUG] Starting new HTTPS connection (1): www.google.com:443
05:14:44 [DEBUG] https://www.google.com:443 "GET /generate_204 HTTP/1.1" 204 0
05:14:44 [DEBUG] Starting new HTTPS connection (1): cp.cloudflare.com:443
05:14:45 [DEBUG] Starting new HTTPS connection (1): www.gstatic.com:443
05:14:45 [DEBUG] Starting new HTTPS connection (1): www.google.com:443
05:14:45 [DEBUG] https://www.google.com:443 "GET /generate_204 HTTP/1.1" 204 0
05:14:45 [DEBUG] Starting new HTTPS connection (1): cp.cloudflare.com:443
05:14:45 [DEBUG] Starting new HTTPS connection (1): dl.google.com:443
05:14:45 [DEBUG] https://dl.google.com:443 "GET /dl/android/studio/install/3.4.1.0/android-studio-ide-183.5522156-windows.exe HTTP/1.1" 200 1017327996
05:14:45 [INFO]    🎯 77.239.124.88 (Нидерланды) - 68.9Mbps, 55ms UDP❌ Reality [mskhost.outlinekeys.]
05:14:45 [DEBUG] Starting new HTTPS connection (1): www.gstatic.com:443
05:14:46 [DEBUG] Starting new HTTPS connection (1): www.gstatic.com:443
05:14:46 [DEBUG] https://www.gstatic.com:443 "GET /generate_204 HTTP/1.1" 204 0
05:14:47 [DEBUG] Starting new HTTPS connection (1): www.google.com:443
05:14:47 [INFO]    🎯 api-c1.wiki-mobile-two.com (XX) - 0.0Mbps, 3269ms UDP❌ Reality [pimg.mycdn.me]
05:14:47 [DEBUG] Starting new HTTPS connection (1): dl.google.com:443
05:14:48 [DEBUG] https://www.google.com:443 "GET /generate_204 HTTP/1.1" 204 0
05:14:48 [DEBUG] Starting new HTTPS connection (1): cp.cloudflare.com:443
05:14:48 [DEBUG] Starting new HTTPS connection (1): www.google.com:443
05:14:48 [DEBUG] https://cp.cloudflare.com:443 "GET / HTTP/1.1" 204 0
05:14:48 [DEBUG] Starting new HTTPS connection (1): www.gstatic.com:443
05:14:49 [DEBUG] https://www.google.com:443 "GET /generate_204 HTTP/1.1" 204 0
05:14:49 [DEBUG] Starting new HTTPS connection (1): cp.cloudflare.com:443
05:14:49 [DEBUG] https://cp.cloudflare.com:443 "GET / HTTP/1.1" 204 0
05:14:49 [DEBUG] Starting new HTTPS connection (1): www.gstatic.com:443
05:14:49 [DEBUG] https://www.gstatic.com:443 "GET /generate_204 HTTP/1.1" 204 0
05:14:50 [DEBUG] Starting new HTTPS connection (1): dl.google.com:443
05:14:50 [DEBUG] Starting new HTTPS connection (1): cp.cloudflare.com:443
05:14:50 [DEBUG] Starting new HTTPS connection (1): www.gstatic.com:443
05:14:50 [DEBUG] https://dl.google.com:443 "GET /dl/android/studio/install/3.4.1.0/android-studio-ide-183.5522156-windows.exe HTTP/1.1" 200 1017327996
05:14:51 [DEBUG] Starting new HTTPS connection (1): www.google.com:443
05:14:51 [DEBUG] Starting new HTTPS connection (1): www.google.com:443
05:14:51 [DEBUG] Starting new HTTPS connection (1): cp.cloudflare.com:443
05:14:51 [DEBUG] Starting new HTTPS connection (1): www.gstatic.com:443
05:14:52 [DEBUG] Starting new HTTPS connection (1): www.google.com:443
05:14:52 [DEBUG] https://www.google.com:443 "GET /generate_204 HTTP/1.1" 204 0
05:14:52 [DEBUG] Starting new HTTPS connection (1): cp.cloudflare.com:443
05:14:52 [DEBUG] Starting new HTTPS connection (1): www.google.com:443
05:14:52 [INFO]    🎯 77.83.245.220 (Турция) - 5.0Mbps, 444ms UDP✅ Reality [mailru.ookcdn.ru]
05:14:52 [DEBUG] https://cp.cloudflare.com:443 "GET / HTTP/1.1" 204 0
05:14:52 [DEBUG] Starting new HTTPS connection (1): www.gstatic.com:443
05:14:52 [DEBUG] https://www.google.com:443 "GET /generate_204 HTTP/1.1" 204 0
05:14:52 [DEBUG] Starting new HTTPS connection (1): cp.cloudflare.com:443
05:14:53 [DEBUG] https://cp.cloudflare.com:443 "GET / HTTP/1.1" 204 0
05:14:53 [DEBUG] Starting new HTTPS connection (1): www.gstatic.com:443
05:14:53 [DEBUG] https://www.gstatic.com:443 "GET /generate_204 HTTP/1.1" 204 0
05:14:53 [DEBUG] Starting new HTTPS connection (1): cp.cloudflare.com:443
05:14:53 [DEBUG] https://www.gstatic.com:443 "GET /generate_204 HTTP/1.1" 204 0
05:14:53 [DEBUG] Starting new HTTPS connection (1): dl.google.com:443
05:14:53 [DEBUG] https://cp.cloudflare.com:443 "GET / HTTP/1.1" 204 0
05:14:53 [DEBUG] Starting new HTTPS connection (1): www.gstatic.com:443
05:14:53 [DEBUG] Starting new HTTPS connection (1): dl.google.com:443
05:14:53 [DEBUG] https://dl.google.com:443 "GET /dl/android/studio/install/3.4.1.0/android-studio-ide-183.5522156-windows.exe HTTP/1.1" 200 1017327996
05:14:53 [INFO]    🎯 47.254.207.127 (MY) - 0.0Mbps, 3080ms UDP✅ Reality [cdn.userway.org]
05:14:53 [DEBUG] https://dl.google.com:443 "GET /dl/android/studio/install/3.4.1.0/android-studio-ide-183.5522156-windows.exe HTTP/1.1" 200 1017327996
05:14:53 [INFO]    🎯 dublin.pryanik.net.ru (XX) - 30.1Mbps, 342ms UDP✅ Reality [sun6-21.userapi.com]
05:14:53 [DEBUG] Starting new HTTPS connection (1): www.google.com:443
05:14:54 [DEBUG] https://www.google.com:443 "GET /generate_204 HTTP/1.1" 204 0
05:14:54 [DEBUG] Starting new HTTPS connection (1): cp.cloudflare.com:443
05:14:54 [INFO]    🎯 just-server.ru (XX) - 14.8Mbps, 252ms UDP✅ Reality [sun6-21.userapi.com]
05:14:54 [DEBUG] https://cp.cloudflare.com:443 "GET / HTTP/1.1" 204 0
05:14:54 [DEBUG] Starting new HTTPS connection (1): www.gstatic.com:443
05:14:54 [DEBUG] https://www.gstatic.com:443 "GET /generate_204 HTTP/1.1" 204 0
05:14:54 [DEBUG] Starting new HTTPS connection (1): dl.google.com:443
05:14:55 [DEBUG] Starting new HTTPS connection (1): www.google.com:443
05:14:55 [DEBUG] https://www.gstatic.com:443 "GET /generate_204 HTTP/1.1" 204 0
05:14:55 [DEBUG] Starting new HTTPS connection (1): www.google.com:443
05:14:55 [DEBUG] https://dl.google.com:443 "GET /dl/android/studio/install/3.4.1.0/android-studio-ide-183.5522156-windows.exe HTTP/1.1" 200 1017327996
05:14:55 [DEBUG] Starting new HTTPS connection (1): www.gstatic.com:443
05:14:55 [INFO]    🎯 srv4.outlinekeys.com (XX) - 23.1Mbps, 256ms UDP✅ Reality [sun1-90.userapi.com]
05:14:55 [DEBUG] Starting new HTTPS connection (1): www.gstatic.com:443
05:14:55 [DEBUG] Starting new HTTPS connection (1): www.google.com:443
05:14:56 [DEBUG] Starting new HTTPS connection (1): cp.cloudflare.com:443
05:14:56 [DEBUG] Starting new HTTPS connection (1): www.google.com:443
05:14:56 [DEBUG] Starting new HTTPS connection (1): dl.google.com:443
05:14:56 [DEBUG] Starting new HTTPS connection (1): www.gstatic.com:443
05:14:57 [DEBUG] Starting new HTTPS connection (1): cp.cloudflare.com:443
05:14:58 [DEBUG] Starting new HTTPS connection (1): dl.google.com:443
05:14:58 [INFO]    🎯 86.54.30.51 (Нидерланды) - 0.7Mbps, 366ms UDP✅ Reality [aws.com]
05:14:58 [DEBUG] Starting new HTTPS connection (1): www.google.com:443
05:14:58 [DEBUG] https://dl.google.com:443 "GET /dl/android/studio/install/3.4.1.0/android-studio-ide-183.5522156-windows.exe HTTP/1.1" 200 1017327996
05:14:58 [DEBUG] Starting new HTTPS connection (1): cp.cloudflare.com:443
05:14:58 [DEBUG] Starting new HTTPS connection (1): www.google.com:443
05:14:59 [DEBUG] Starting new HTTPS connection (1): cp.cloudflare.com:443
05:14:59 [DEBUG] Starting new HTTPS connection (1): www.gstatic.com:443
05:14:59 [DEBUG] Starting new HTTPS connection (1): cp.cloudflare.com:443
05:14:59 [DEBUG] Starting new HTTPS connection (1): www.google.com:443
05:14:59 [DEBUG] Starting new HTTPS connection (1): www.gstatic.com:443
05:15:00 [DEBUG] Starting new HTTPS connection (1): www.gstatic.com:443
05:15:00 [DEBUG] Starting new HTTPS connection (1): cp.cloudflare.com:443
05:15:00 [DEBUG] Starting new HTTPS connection (1): cp.cloudflare.com:443
05:15:00 [DEBUG] Starting new HTTPS connection (1): www.gstatic.com:443
05:15:00 [DEBUG] https://dl.google.com:443 "GET /dl/android/studio/install/3.4.1.0/android-studio-ide-183.5522156-windows.exe HTTP/1.1" 200 1017327996
05:15:00 [INFO]    🎯 95.141.36.10 (Италия) - 4.7Mbps, 3497ms UDP❌ Reality [aws.com]
05:15:00 [DEBUG] Starting new HTTPS connection (1): www.gstatic.com:443
05:15:01 [DEBUG] Starting new HTTPS connection (1): www.google.com:443
05:15:01 [DEBUG] Starting new HTTPS connection (1): dl.google.com:443
05:15:01 [DEBUG] Starting new HTTPS connection (1): www.google.com:443
05:15:01 [DEBUG] Starting new HTTPS connection (1): www.google.com:443
05:15:01 [DEBUG] Starting new HTTPS connection (1): www.google.com:443
05:15:01 [DEBUG] Starting new HTTPS connection (1): www.google.com:443
05:15:02 [DEBUG] Starting new HTTPS connection (1): cp.cloudflare.com:443
05:15:02 [DEBUG] https://www.google.com:443 "GET /generate_204 HTTP/1.1" 204 0
05:15:02 [DEBUG] Starting new HTTPS connection (1): cp.cloudflare.com:443
05:15:02 [DEBUG] https://www.google.com:443 "GET /generate_204 HTTP/1.1" 204 0
05:15:02 [DEBUG] Starting new HTTPS connection (1): cp.cloudflare.com:443
05:15:02 [DEBUG] https://cp.cloudflare.com:443 "GET / HTTP/1.1" 204 0
05:15:02 [DEBUG] Starting new HTTPS connection (1): www.gstatic.com:443
05:15:02 [DEBUG] https://cp.cloudflare.com:443 "GET / HTTP/1.1" 204 0
05:15:02 [DEBUG] Starting new HTTPS connection (1): www.gstatic.com:443
05:15:02 [DEBUG] Starting new HTTPS connection (1): www.gstatic.com:443
05:15:02 [DEBUG] Starting new HTTPS connection (1): www.google.com:443
05:15:02 [DEBUG] https://www.gstatic.com:443 "GET /generate_204 HTTP/1.1" 204 0
05:15:02 [DEBUG] Starting new HTTPS connection (1): www.google.com:443
05:15:02 [DEBUG] https://www.gstatic.com:443 "GET /generate_204 HTTP/1.1" 204 0
05:15:02 [DEBUG] Starting new HTTPS connection (1): dl.google.com:443
05:15:03 [DEBUG] Starting new HTTPS connection (1): dl.google.com:443
05:15:03 [DEBUG] https://dl.google.com:443 "GET /dl/android/studio/install/3.4.1.0/android-studio-ide-183.5522156-windows.exe HTTP/1.1" 200 1017327996
05:15:03 [INFO]    🎯 94.103.1.230 (Нидерланды) - 30.7Mbps, 258ms UDP✅ Reality [sun6-21.userapi.com]
05:15:03 [DEBUG] https://dl.google.com:443 "GET /dl/android/studio/install/3.4.1.0/android-studio-ide-183.5522156-windows.exe HTTP/1.1" 200 1017327996
05:15:04 [DEBUG] Starting new HTTPS connection (1): cp.cloudflare.com:443
05:15:04 [DEBUG] Starting new HTTPS connection (1): cp.cloudflare.com:443
05:15:04 [DEBUG] Starting new HTTPS connection (1): www.google.com:443
05:15:04 [INFO]    🎯 fin.pryanik.net.ru (XX) - 8.7Mbps, 356ms UDP✅ Reality [sun6-21.userapi.com]
05:15:04 [DEBUG] Starting new HTTPS connection (1): cp.cloudflare.com:443
05:15:04 [DEBUG] https://www.google.com:443 "GET /generate_204 HTTP/1.1" 204 0
05:15:04 [DEBUG] Starting new HTTPS connection (1): cp.cloudflare.com:443
05:15:04 [DEBUG] https://cp.cloudflare.com:443 "GET / HTTP/1.1" 204 0
05:15:04 [DEBUG] Starting new HTTPS connection (1): www.gstatic.com:443
05:15:04 [DEBUG] Starting new HTTPS connection (1): cp.cloudflare.com:443
05:15:04 [DEBUG] https://www.gstatic.com:443 "GET /generate_204 HTTP/1.1" 204 0
05:15:04 [DEBUG] Starting new HTTPS connection (1): dl.google.com:443
05:15:05 [DEBUG] https://dl.google.com:443 "GET /dl/android/studio/install/3.4.1.0/android-studio-ide-183.5522156-windows.exe HTTP/1.1" 200 1017327996
05:15:05 [DEBUG] Starting new HTTPS connection (1): www.gstatic.com:443
05:15:05 [INFO]    🎯 65.109.179.221 (Финляндия) - 47.1Mbps, 102ms UDP✅  []
05:15:05 [DEBUG] https://dl.google.com:443 "GET /dl/android/studio/install/3.4.1.0/android-studio-ide-183.5522156-windows.exe HTTP/1.1" 200 1017327996
05:15:05 [DEBUG] Starting new HTTPS connection (1): www.google.com:443
05:15:05 [INFO]    🎯 158.58.172.189 (Италия) - 3.0Mbps, 3225ms UDP❌ Reality [aws.com]
05:15:06 [DEBUG] Starting new HTTPS connection (1): www.gstatic.com:443
05:15:06 [DEBUG] Starting new HTTPS connection (1): www.google.com:443
05:15:06 [DEBUG] Starting new HTTPS connection (1): cp.cloudflare.com:443
05:15:06 [DEBUG] Starting new HTTPS connection (1): www.gstatic.com:443
05:15:06 [DEBUG] Starting new HTTPS connection (1): www.gstatic.com:443
05:15:06 [DEBUG] Starting new HTTPS connection (1): www.gstatic.com:443
05:15:06 [DEBUG] Starting new HTTPS connection (1): www.gstatic.com:443
05:15:07 [DEBUG] Starting new HTTPS connection (1): www.google.com:443
05:15:07 [DEBUG] Starting new HTTPS connection (1): cp.cloudflare.com:443
05:15:07 [DEBUG] Starting new HTTPS connection (1): www.gstatic.com:443
05:15:07 [DEBUG] Starting new HTTPS connection (1): www.google.com:443
05:15:07 [DEBUG] Starting new HTTPS connection (1): cp.cloudflare.com:443
05:15:07 [DEBUG] Starting new HTTPS connection (1): www.gstatic.com:443
05:15:08 [INFO]    🎯 152.53.182.235 (Австрия) - 1.1Mbps, 4270ms UDP❌ Reality [live.com]
05:15:08 [DEBUG] Starting new HTTPS connection (1): www.google.com:443
05:15:08 [DEBUG] Starting new HTTPS connection (1): www.google.com:443
05:15:09 [INFO]    📊 Global: 160/400 (40%) | ✅67 ❌93
05:15:09 [DEBUG] Starting new HTTPS connection (1): www.google.com:443
05:15:09 [DEBUG] Starting new HTTPS connection (1): cp.cloudflare.com:443
05:15:09 [DEBUG] Starting new HTTPS connection (1): www.gstatic.com:443
05:15:09 [DEBUG] Starting new HTTPS connection (1): www.google.com:443
05:15:09 [DEBUG] Starting new HTTPS connection (1): www.google.com:443
05:15:09 [DEBUG] Starting new HTTPS connection (1): cp.cloudflare.com:443
05:15:09 [DEBUG] Starting new HTTPS connection (1): www.google.com:443
05:15:10 [DEBUG] Starting new HTTPS connection (1): www.google.com:443
05:15:10 [DEBUG] Starting new HTTPS connection (1): www.gstatic.com:443
05:15:10 [DEBUG] Starting new HTTPS connection (1): www.google.com:443
05:15:10 [DEBUG] Starting new HTTPS connection (1): cp.cloudflare.com:443
05:15:10 [DEBUG] Starting new HTTPS connection (1): www.gstatic.com:443
05:15:10 [DEBUG] Starting new HTTPS connection (1): www.google.com:443
05:15:10 [DEBUG] Starting new HTTPS connection (1): cp.cloudflare.com:443
05:15:10 [DEBUG] Starting new HTTPS connection (1): cp.cloudflare.com:443
05:15:11 [DEBUG] Starting new HTTPS connection (1): cp.cloudflare.com:443
05:15:11 [DEBUG] Starting new HTTPS connection (1): www.google.com:443
05:15:11 [DEBUG] Starting new HTTPS connection (1): www.google.com:443
05:15:11 [DEBUG] Starting new HTTPS connection (1): cp.cloudflare.com:443
05:15:11 [DEBUG] Starting new HTTPS connection (1): www.gstatic.com:443
05:15:11 [DEBUG] Starting new HTTPS connection (1): www.google.com:443
05:15:11 [DEBUG] Starting new HTTPS connection (1): cp.cloudflare.com:443
05:15:11 [DEBUG] Starting new HTTPS connection (1): www.gstatic.com:443
05:15:12 [DEBUG] Starting new HTTPS connection (1): cp.cloudflare.com:443
05:15:12 [DEBUG] Starting new HTTPS connection (1): cp.cloudflare.com:443
05:15:12 [DEBUG] Starting new HTTPS connection (1): cp.cloudflare.com:443
05:15:12 [DEBUG] Starting new HTTPS connection (1): www.google.com:443
05:15:12 [DEBUG] Starting new HTTPS connection (1): cp.cloudflare.com:443
05:15:12 [DEBUG] Starting new HTTPS connection (1): www.gstatic.com:443
05:15:12 [DEBUG] Starting new HTTPS connection (1): www.google.com:443
05:15:12 [DEBUG] Starting new HTTPS connection (1): cp.cloudflare.com:443
05:15:12 [DEBUG] Starting new HTTPS connection (1): www.gstatic.com:443
05:15:13 [DEBUG] Starting new HTTPS connection (1): www.gstatic.com:443
05:15:13 [DEBUG] Starting new HTTPS connection (1): cp.cloudflare.com:443
05:15:13 [DEBUG] Starting new HTTPS connection (1): www.gstatic.com:443
05:15:13 [DEBUG] Starting new HTTPS connection (1): www.google.com:443
05:15:13 [DEBUG] Starting new HTTPS connection (1): cp.cloudflare.com:443
05:15:14 [DEBUG] Starting new HTTPS connection (1): www.gstatic.com:443
05:15:14 [DEBUG] Starting new HTTPS connection (1): www.google.com:443
05:15:14 [DEBUG] Starting new HTTPS connection (1): www.gstatic.com:443
05:15:14 [DEBUG] Starting new HTTPS connection (1): cp.cloudflare.com:443
05:15:14 [DEBUG] Starting new HTTPS connection (1): www.gstatic.com:443
05:15:14 [DEBUG] Starting new HTTPS connection (1): www.gstatic.com:443
05:15:15 [DEBUG] Starting new HTTPS connection (1): www.google.com:443
05:15:15 [DEBUG] https://www.google.com:443 "GET /generate_204 HTTP/1.1" 204 0
05:15:15 [DEBUG] Starting new HTTPS connection (1): cp.cloudflare.com:443
05:15:15 [DEBUG] Starting new HTTPS connection (1): www.gstatic.com:443
05:15:15 [DEBUG] https://cp.cloudflare.com:443 "GET / HTTP/1.1" 204 0
05:15:15 [DEBUG] Starting new HTTPS connection (1): www.gstatic.com:443
05:15:15 [DEBUG] https://www.gstatic.com:443 "GET /generate_204 HTTP/1.1" 204 0
05:15:15 [DEBUG] Starting new HTTPS connection (1): www.gstatic.com:443
05:15:15 [DEBUG] Starting new HTTPS connection (1): dl.google.com:443
05:15:16 [DEBUG] Starting new HTTPS connection (1): www.google.com:443
05:15:16 [DEBUG] Starting new HTTPS connection (1): www.google.com:443
05:15:16 [DEBUG] Starting new HTTPS connection (1): cp.cloudflare.com:443
05:15:16 [DEBUG] Starting new HTTPS connection (1): www.gstatic.com:443
05:15:17 [DEBUG] Starting new HTTPS connection (1): www.google.com:443
05:15:17 [DEBUG] Starting new HTTPS connection (1): cp.cloudflare.com:443
05:15:17 [DEBUG] Starting new HTTPS connection (1): www.gstatic.com:443
05:15:17 [DEBUG] https://dl.google.com:443 "GET /dl/android/studio/install/3.4.1.0/android-studio-ide-183.5522156-windows.exe HTTP/1.1" 200 1017327996
05:15:17 [DEBUG] Starting new HTTPS connection (1): cp.cloudflare.com:443
05:15:17 [DEBUG] Starting new HTTPS connection (1): www.google.com:443
05:15:18 [DEBUG] Starting new HTTPS connection (1): www.google.com:443
05:15:18 [DEBUG] https://www.google.com:443 "GET /generate_204 HTTP/1.1" 204 0
05:15:18 [DEBUG] Starting new HTTPS connection (1): cp.cloudflare.com:443
05:15:18 [DEBUG] https://cp.cloudflare.com:443 "GET / HTTP/1.1" 204 0
05:15:18 [DEBUG] Starting new HTTPS connection (1): www.gstatic.com:443
05:15:18 [DEBUG] Starting new HTTPS connection (1): www.google.com:443
05:15:18 [DEBUG] https://www.gstatic.com:443 "GET /generate_204 HTTP/1.1" 204 0
05:15:18 [DEBUG] Starting new HTTPS connection (1): dl.google.com:443
05:15:18 [INFO]    🎯 185.18.250.179 (Швейцария) - 5.0Mbps, 574ms UDP✅  []
05:15:18 [DEBUG] Starting new HTTPS connection (1): www.google.com:443
05:15:18 [DEBUG] https://dl.google.com:443 "GET /dl/android/studio/install/3.4.1.0/android-studio-ide-183.5522156-windows.exe HTTP/1.1" 404 1449
05:15:18 [INFO]    🎯 185.18.250.252 (Швейцария) - 0.0Mbps, 67ms UDP✅  []
05:15:18 [DEBUG] Starting new HTTPS connection (1): www.google.com:443
05:15:18 [DEBUG] Starting new HTTPS connection (1): cp.cloudflare.com:443
05:15:19 [DEBUG] Starting new HTTPS connection (1): www.gstatic.com:443
05:15:19 [DEBUG] Starting new HTTPS connection (1): www.gstatic.com:443
05:15:19 [DEBUG] Starting new HTTPS connection (1): www.google.com:443
05:15:19 [DEBUG] Starting new HTTPS connection (1): cp.cloudflare.com:443
05:15:19 [DEBUG] Starting new HTTPS connection (1): www.google.com:443
05:15:19 [DEBUG] Starting new HTTPS connection (1): cp.cloudflare.com:443
05:15:19 [DEBUG] Starting new HTTPS connection (1): www.gstatic.com:443
05:15:20 [DEBUG] Starting new HTTPS connection (1): cp.cloudflare.com:443
05:15:20 [DEBUG] Starting new HTTPS connection (1): cp.cloudflare.com:443
05:15:20 [DEBUG] Starting new HTTPS connection (1): cp.cloudflare.com:443
05:15:20 [DEBUG] https://www.google.com:443 "GET /generate_204 HTTP/1.1" 204 0
05:15:20 [DEBUG] Starting new HTTPS connection (1): cp.cloudflare.com:443
05:15:20 [DEBUG] Starting new HTTPS connection (1): www.gstatic.com:443
05:15:21 [DEBUG] Starting new HTTPS connection (1): www.google.com:443
05:15:21 [DEBUG] Starting new HTTPS connection (1): cp.cloudflare.com:443
05:15:21 [DEBUG] Starting new HTTPS connection (1): www.gstatic.com:443
05:15:21 [DEBUG] https://cp.cloudflare.com:443 "GET / HTTP/1.1" 204 0
05:15:21 [DEBUG] Starting new HTTPS connection (1): www.gstatic.com:443
05:15:21 [DEBUG] Starting new HTTPS connection (1): www.gstatic.com:443
05:15:22 [DEBUG] Starting new HTTPS connection (1): www.google.com:443
05:15:22 [DEBUG] Starting new HTTPS connection (1): cp.cloudflare.com:443
05:15:22 [DEBUG] https://www.gstatic.com:443 "GET /generate_204 HTTP/1.1" 204 0
05:15:22 [DEBUG] Starting new HTTPS connection (1): www.gstatic.com:443
05:15:22 [DEBUG] Starting new HTTPS connection (1): dl.google.com:443
05:15:22 [DEBUG] Starting new HTTPS connection (1): www.google.com:443
05:15:22 [DEBUG] Starting new HTTPS connection (1): www.gstatic.com:443
05:15:22 [DEBUG] Starting new HTTPS connection (1): www.google.com:443
05:15:22 [DEBUG] Starting new HTTPS connection (1): cp.cloudflare.com:443
05:15:22 [DEBUG] Starting new HTTPS connection (1): www.gstatic.com:443
05:15:22 [DEBUG] Starting new HTTPS connection (1): www.gstatic.com:443
05:15:22 [DEBUG] Starting new HTTPS connection (1): www.gstatic.com:443
05:15:22 [DEBUG] https://dl.google.com:443 "GET /dl/android/studio/install/3.4.1.0/android-studio-ide-183.5522156-windows.exe HTTP/1.1" 404 1449
05:15:22 [INFO]    🎯 45.131.209.130 (Нидерланды) - 0.0Mbps, 775ms UDP✅  []
05:15:23 [DEBUG] Starting new HTTPS connection (1): www.google.com:443
05:15:23 [DEBUG] Starting new HTTPS connection (1): cp.cloudflare.com:443
05:15:23 [DEBUG] Starting new HTTPS connection (1): www.gstatic.com:443
05:15:23 [DEBUG] Starting new HTTPS connection (1): www.google.com:443
05:15:23 [DEBUG] Starting new HTTPS connection (1): cp.cloudflare.com:443
05:15:23 [DEBUG] Starting new HTTPS connection (1): www.gstatic.com:443
05:15:24 [DEBUG] Starting new HTTPS connection (1): www.google.com:443
05:15:24 [DEBUG] Starting new HTTPS connection (1): cp.cloudflare.com:443
05:15:24 [DEBUG] Starting new HTTPS connection (1): www.gstatic.com:443
05:15:24 [DEBUG] Starting new HTTPS connection (1): www.google.com:443
05:15:24 [DEBUG] Starting new HTTPS connection (1): cp.cloudflare.com:443
05:15:24 [DEBUG] Starting new HTTPS connection (1): www.google.com:443
05:15:25 [DEBUG] Starting new HTTPS connection (1): www.google.com:443
05:15:25 [DEBUG] Starting new HTTPS connection (1): www.google.com:443
05:15:25 [DEBUG] Starting new HTTPS connection (1): cp.cloudflare.com:443
05:15:25 [DEBUG] Starting new HTTPS connection (1): www.gstatic.com:443
05:15:25 [DEBUG] Starting new HTTPS connection (1): www.google.com:443
05:15:25 [DEBUG] Starting new HTTPS connection (1): www.google.com:443
05:15:25 [DEBUG] https://www.google.com:443 "GET /generate_204 HTTP/1.1" 204 0
05:15:25 [DEBUG] Starting new HTTPS connection (1): cp.cloudflare.com:443
05:15:25 [DEBUG] https://www.google.com:443 "GET /generate_204 HTTP/1.1" 204 0
05:15:25 [DEBUG] Starting new HTTPS connection (1): cp.cloudflare.com:443
05:15:25 [DEBUG] Starting new HTTPS connection (1): www.google.com:443
05:15:25 [DEBUG] Starting new HTTPS connection (1): www.google.com:443
05:15:25 [DEBUG] https://www.google.com:443 "GET /generate_204 HTTP/1.1" 204 0
05:15:25 [DEBUG] Starting new HTTPS connection (1): cp.cloudflare.com:443
05:15:26 [DEBUG] Starting new HTTPS connection (1): cp.cloudflare.com:443
05:15:26 [DEBUG] https://cp.cloudflare.com:443 "GET / HTTP/1.1" 204 0
05:15:26 [DEBUG] Starting new HTTPS connection (1): www.gstatic.com:443
05:15:26 [DEBUG] https://cp.cloudflare.com:443 "GET / HTTP/1.1" 204 0
05:15:26 [DEBUG] Starting new HTTPS connection (1): www.gstatic.com:443
05:15:26 [DEBUG] Starting new HTTPS connection (1): www.gstatic.com:443
05:15:26 [DEBUG] Starting new HTTPS connection (1): www.google.com:443
05:15:26 [DEBUG] Starting new HTTPS connection (1): cp.cloudflare.com:443
05:15:26 [DEBUG] Starting new HTTPS connection (1): www.gstatic.com:443
05:15:26 [DEBUG] Starting new HTTPS connection (1): cp.cloudflare.com:443
05:15:26 [DEBUG] https://cp.cloudflare.com:443 "GET / HTTP/1.1" 204 0
05:15:26 [DEBUG] Starting new HTTPS connection (1): www.gstatic.com:443
05:15:26 [DEBUG] Starting new HTTPS connection (1): www.google.com:443
05:15:26 [DEBUG] https://www.gstatic.com:443 "GET /generate_204 HTTP/1.1" 204 0
05:15:26 [DEBUG] Starting new HTTPS connection (1): cp.cloudflare.com:443
05:15:26 [DEBUG] https://www.gstatic.com:443 "GET /generate_204 HTTP/1.1" 204 0
05:15:26 [DEBUG] https://www.gstatic.com:443 "GET /generate_204 HTTP/1.1" 204 0
05:15:26 [DEBUG] Starting new HTTPS connection (1): dl.google.com:443
05:15:26 [DEBUG] Starting new HTTPS connection (1): dl.google.com:443
05:15:27 [DEBUG] Starting new HTTPS connection (1): dl.google.com:443
05:15:27 [DEBUG] https://dl.google.com:443 "GET /dl/android/studio/install/3.4.1.0/android-studio-ide-183.5522156-windows.exe HTTP/1.1" 200 1017327996
05:15:27 [DEBUG] Starting new HTTPS connection (1): www.google.com:443
05:15:27 [DEBUG] Starting new HTTPS connection (1): www.google.com:443
05:15:27 [DEBUG] https://dl.google.com:443 "GET /dl/android/studio/install/3.4.1.0/android-studio-ide-183.5522156-windows.exe HTTP/1.1" 200 1017327996
05:15:27 [DEBUG] https://dl.google.com:443 "GET /dl/android/studio/install/3.4.1.0/android-studio-ide-183.5522156-windows.exe HTTP/1.1" 200 1017327996
05:15:27 [DEBUG] Starting new HTTPS connection (1): cp.cloudflare.com:443
05:15:28 [DEBUG] Starting new HTTPS connection (1): www.gstatic.com:443
05:15:28 [DEBUG] Starting new HTTPS connection (1): cp.cloudflare.com:443
05:15:28 [DEBUG] Starting new HTTPS connection (1): www.gstatic.com:443
05:15:28 [INFO]    🎯 159.69.162.184 (Германия) - 6.2Mbps, 417ms UDP✅  []
05:15:28 [INFO]    🎯 159.69.162.184 (Германия) - 6.0Mbps, 508ms UDP✅  []
05:15:28 [INFO]    📊 Global: 200/400 (50%) | ✅72 ❌128
05:15:29 [DEBUG] Starting new HTTPS connection (1): www.gstatic.com:443
05:15:29 [INFO]    🎯 159.69.162.184 (Германия) - 5.5Mbps, 382ms UDP✅  []
05:15:29 [DEBUG] Starting new HTTPS connection (1): cp.cloudflare.com:443
05:15:29 [DEBUG] Starting new HTTPS connection (1): cp.cloudflare.com:443
05:15:30 [DEBUG] Starting new HTTPS connection (1): www.gstatic.com:443
05:15:30 [DEBUG] Starting new HTTPS connection (1): www.google.com:443
05:15:30 [DEBUG] Starting new HTTPS connection (1): www.google.com:443
05:15:30 [DEBUG] Starting new HTTPS connection (1): www.gstatic.com:443
05:15:30 [DEBUG] Starting new HTTPS connection (1): www.google.com:443
05:15:31 [DEBUG] Starting new HTTPS connection (1): www.google.com:443
05:15:31 [DEBUG] Starting new HTTPS connection (1): www.gstatic.com:443
05:15:31 [DEBUG] Starting new HTTPS connection (1): www.gstatic.com:443
05:15:31 [DEBUG] Starting new HTTPS connection (1): www.google.com:443
05:15:31 [DEBUG] Starting new HTTPS connection (1): cp.cloudflare.com:443
05:15:31 [DEBUG] Starting new HTTPS connection (1): www.gstatic.com:443
05:15:32 [DEBUG] Starting new HTTPS connection (1): cp.cloudflare.com:443
05:15:32 [DEBUG] Starting new HTTPS connection (1): cp.cloudflare.com:443
05:15:32 [DEBUG] Starting new HTTPS connection (1): cp.cloudflare.com:443
05:15:33 [DEBUG] Starting new HTTPS connection (1): www.google.com:443
05:15:33 [DEBUG] Starting new HTTPS connection (1): cp.cloudflare.com:443
05:15:33 [DEBUG] Starting new HTTPS connection (1): www.gstatic.com:443
05:15:33 [DEBUG] Starting new HTTPS connection (1): www.google.com:443
05:15:33 [DEBUG] Starting new HTTPS connection (1): cp.cloudflare.com:443
05:15:33 [DEBUG] Starting new HTTPS connection (1): www.google.com:443
05:15:34 [DEBUG] https://www.google.com:443 "GET /generate_204 HTTP/1.1" 204 0
05:15:34 [DEBUG] Starting new HTTPS connection (1): cp.cloudflare.com:443
05:15:34 [DEBUG] Starting new HTTPS connection (1): www.gstatic.com:443
05:15:34 [DEBUG] Starting new HTTPS connection (1): www.gstatic.com:443
05:15:34 [DEBUG] Starting new HTTPS connection (1): www.google.com:443
05:15:34 [DEBUG] https://cp.cloudflare.com:443 "GET / HTTP/1.1" 204 0
05:15:34 [DEBUG] Starting new HTTPS connection (1): www.gstatic.com:443
05:15:34 [DEBUG] Starting new HTTPS connection (1): www.google.com:443
05:15:34 [DEBUG] Starting new HTTPS connection (1): www.google.com:443
05:15:34 [DEBUG] Starting new HTTPS connection (1): www.gstatic.com:443
05:15:35 [DEBUG] https://www.gstatic.com:443 "GET /generate_204 HTTP/1.1" 204 0
05:15:35 [DEBUG] Starting new HTTPS connection (1): www.google.com:443
05:15:35 [DEBUG] Starting new HTTPS connection (1): dl.google.com:443
05:15:35 [DEBUG] Starting new HTTPS connection (1): cp.cloudflare.com:443
05:15:35 [DEBUG] Starting new HTTPS connection (1): www.gstatic.com:443
05:15:35 [DEBUG] https://dl.google.com:443 "GET /dl/android/studio/install/3.4.1.0/android-studio-ide-183.5522156-windows.exe HTTP/1.1" 200 1017327996
05:15:36 [DEBUG] Starting new HTTPS connection (1): cp.cloudflare.com:443
05:15:36 [DEBUG] Starting new HTTPS connection (1): cp.cloudflare.com:443
05:15:37 [DEBUG] Starting new HTTPS connection (1): cp.cloudflare.com:443
05:15:37 [DEBUG] Starting new HTTPS connection (1): cp.cloudflare.com:443
05:15:37 [DEBUG] Starting new HTTPS connection (1): www.google.com:443
05:15:37 [DEBUG] Starting new HTTPS connection (1): www.gstatic.com:443
05:15:37 [DEBUG] Starting new HTTPS connection (1): www.gstatic.com:443
05:15:37 [DEBUG] Starting new HTTPS connection (1): www.google.com:443
05:15:37 [DEBUG] Starting new HTTPS connection (1): cp.cloudflare.com:443
05:15:37 [DEBUG] Starting new HTTPS connection (1): www.gstatic.com:443
05:15:37 [DEBUG] Starting new HTTPS connection (1): www.gstatic.com:443
05:15:38 [DEBUG] Starting new HTTPS connection (1): www.google.com:443
05:15:38 [DEBUG] Starting new HTTPS connection (1): cp.cloudflare.com:443
05:15:38 [DEBUG] Starting new HTTPS connection (1): www.gstatic.com:443
05:15:38 [INFO]    🎯 159.69.162.184 (Германия) - 4.0Mbps, 479ms UDP✅  []
05:15:38 [DEBUG] Starting new HTTPS connection (1): www.gstatic.com:443
05:15:39 [DEBUG] Starting new HTTPS connection (1): www.google.com:443
05:15:39 [DEBUG] Starting new HTTPS connection (1): cp.cloudflare.com:443
05:15:39 [DEBUG] Starting new HTTPS connection (1): www.google.com:443
05:15:39 [DEBUG] Starting new HTTPS connection (1): www.gstatic.com:443
05:15:39 [DEBUG] Starting new HTTPS connection (1): www.gstatic.com:443
05:15:39 [DEBUG] Starting new HTTPS connection (1): cp.cloudflare.com:443
05:15:39 [DEBUG] Starting new HTTPS connection (1): www.google.com:443
05:15:39 [DEBUG] Starting new HTTPS connection (1): www.gstatic.com:443
05:15:39 [DEBUG] Starting new HTTPS connection (1): cp.cloudflare.com:443
05:15:39 [DEBUG] Starting new HTTPS connection (1): www.gstatic.com:443
05:15:39 [DEBUG] Starting new HTTPS connection (1): www.google.com:443
05:15:39 [DEBUG] Starting new HTTPS connection (1): cp.cloudflare.com:443
05:15:39 [DEBUG] Starting new HTTPS connection (1): www.gstatic.com:443
05:15:39 [DEBUG] Starting new HTTPS connection (1): cp.cloudflare.com:443
05:15:39 [DEBUG] Starting new HTTPS connection (1): www.google.com:443
05:15:40 [DEBUG] Starting new HTTPS connection (1): www.google.com:443
05:15:40 [DEBUG] Starting new HTTPS connection (1): www.google.com:443
05:15:40 [DEBUG] Starting new HTTPS connection (1): www.google.com:443
05:15:40 [DEBUG] Starting new HTTPS connection (1): www.google.com:443
05:15:40 [DEBUG] Starting new HTTPS connection (1): www.google.com:443
05:15:40 [DEBUG] https://www.google.com:443 "GET /generate_204 HTTP/1.1" 204 0
05:15:40 [DEBUG] Starting new HTTPS connection (1): cp.cloudflare.com:443
05:15:40 [DEBUG] Starting new HTTPS connection (1): cp.cloudflare.com:443
05:15:40 [DEBUG] Starting new HTTPS connection (1): www.gstatic.com:443
05:15:41 [DEBUG] https://cp.cloudflare.com:443 "GET / HTTP/1.1" 204 0
05:15:41 [DEBUG] Starting new HTTPS connection (1): www.gstatic.com:443
05:15:41 [DEBUG] https://www.gstatic.com:443 "GET /generate_204 HTTP/1.1" 204 0
05:15:41 [DEBUG] Starting new HTTPS connection (1): dl.google.com:443
05:15:41 [DEBUG] https://dl.google.com:443 "GET /dl/android/studio/install/3.4.1.0/android-studio-ide-183.5522156-windows.exe HTTP/1.1" 200 1017327996
05:15:41 [DEBUG] Starting new HTTPS connection (1): www.google.com:443
05:15:41 [INFO]    🎯 5.255.114.61 (Нидерланды) - 34.3Mbps, 131ms UDP✅  []
05:15:41 [DEBUG] Starting new HTTPS connection (1): www.gstatic.com:443
05:15:42 [DEBUG] Starting new HTTPS connection (1): cp.cloudflare.com:443
05:15:42 [DEBUG] Starting new HTTPS connection (1): www.google.com:443
05:15:42 [DEBUG] Starting new HTTPS connection (1): www.google.com:443
05:15:42 [DEBUG] Starting new HTTPS connection (1): cp.cloudflare.com:443
05:15:42 [DEBUG] Starting new HTTPS connection (1): www.gstatic.com:443
05:15:42 [DEBUG] Starting new HTTPS connection (1): www.google.com:443
05:15:42 [DEBUG] Starting new HTTPS connection (1): cp.cloudflare.com:443
05:15:42 [DEBUG] Starting new HTTPS connection (1): cp.cloudflare.com:443
05:15:42 [DEBUG] Starting new HTTPS connection (1): www.gstatic.com:443
05:15:42 [DEBUG] Starting new HTTPS connection (1): cp.cloudflare.com:443
05:15:42 [DEBUG] Starting new HTTPS connection (1): cp.cloudflare.com:443
05:15:42 [DEBUG] Starting new HTTPS connection (1): www.google.com:443
05:15:43 [DEBUG] Starting new HTTPS connection (1): www.google.com:443
05:15:43 [DEBUG] Starting new HTTPS connection (1): cp.cloudflare.com:443
05:15:43 [DEBUG] Starting new HTTPS connection (1): www.google.com:443
05:15:43 [DEBUG] Starting new HTTPS connection (1): cp.cloudflare.com:443
05:15:43 [DEBUG] Starting new HTTPS connection (1): www.gstatic.com:443
05:15:44 [DEBUG] Starting new HTTPS connection (1): cp.cloudflare.com:443
05:15:44 [DEBUG] Starting new HTTPS connection (1): www.gstatic.com:443
05:15:44 [DEBUG] Starting new HTTPS connection (1): www.gstatic.com:443
05:15:44 [DEBUG] Starting new HTTPS connection (1): www.gstatic.com:443
05:15:44 [DEBUG] Starting new HTTPS connection (1): www.gstatic.com:443
05:15:45 [DEBUG] Starting new HTTPS connection (1): www.google.com:443
05:15:45 [DEBUG] Starting new HTTPS connection (1): www.google.com:443
05:15:45 [DEBUG] Starting new HTTPS connection (1): cp.cloudflare.com:443
05:15:45 [DEBUG] Starting new HTTPS connection (1): www.gstatic.com:443
05:15:45 [DEBUG] Starting new HTTPS connection (1): www.gstatic.com:443
05:15:45 [DEBUG] Starting new HTTPS connection (1): cp.cloudflare.com:443
05:15:46 [DEBUG] Starting new HTTPS connection (1): www.gstatic.com:443
05:15:46 [DEBUG] Starting new HTTPS connection (1): www.google.com:443
05:15:46 [DEBUG] Starting new HTTPS connection (1): cp.cloudflare.com:443
05:15:46 [DEBUG] Starting new HTTPS connection (1): www.gstatic.com:443
05:15:47 [DEBUG] Starting new HTTPS connection (1): cp.cloudflare.com:443
05:15:47 [DEBUG] Starting new HTTPS connection (1): www.google.com:443
05:15:47 [DEBUG] Starting new HTTPS connection (1): cp.cloudflare.com:443
05:15:47 [DEBUG] Starting new HTTPS connection (1): www.google.com:443
05:15:47 [DEBUG] Starting new HTTPS connection (1): www.gstatic.com:443
05:15:48 [INFO]    📊 Global: 240/400 (60%) | ✅75 ❌165
05:15:48 [DEBUG] Starting new HTTPS connection (1): www.gstatic.com:443
05:15:48 [DEBUG] Starting new HTTPS connection (1): www.google.com:443
05:15:48 [DEBUG] Starting new HTTPS connection (1): www.google.com:443
05:15:48 [DEBUG] Starting new HTTPS connection (1): www.google.com:443
05:15:48 [DEBUG] Starting new HTTPS connection (1): cp.cloudflare.com:443
05:15:48 [DEBUG] Starting new HTTPS connection (1): www.google.com:443
05:15:49 [DEBUG] Starting new HTTPS connection (1): cp.cloudflare.com:443
05:15:49 [DEBUG] Starting new HTTPS connection (1): www.google.com:443
05:15:49 [DEBUG] Starting new HTTPS connection (1): www.gstatic.com:443
05:15:49 [DEBUG] Starting new HTTPS connection (1): www.google.com:443
05:15:49 [DEBUG] https://www.google.com:443 "GET /generate_204 HTTP/1.1" 204 0
05:15:49 [DEBUG] Starting new HTTPS connection (1): cp.cloudflare.com:443
05:15:50 [DEBUG] https://cp.cloudflare.com:443 "GET / HTTP/1.1" 204 0
05:15:50 [DEBUG] Starting new HTTPS connection (1): www.gstatic.com:443
05:15:50 [DEBUG] Starting new HTTPS connection (1): www.gstatic.com:443
05:15:50 [DEBUG] Starting new HTTPS connection (1): cp.cloudflare.com:443
05:15:50 [DEBUG] https://www.gstatic.com:443 "GET /generate_204 HTTP/1.1" 204 0
05:15:50 [DEBUG] Starting new HTTPS connection (1): dl.google.com:443
05:15:50 [DEBUG] Starting new HTTPS connection (1): cp.cloudflare.com:443
05:15:50 [DEBUG] Starting new HTTPS connection (1): cp.cloudflare.com:443
05:15:50 [DEBUG] Starting new HTTPS connection (1): cp.cloudflare.com:443
05:15:50 [DEBUG] https://dl.google.com:443 "GET /dl/android/studio/install/3.4.1.0/android-studio-ide-183.5522156-windows.exe HTTP/1.1" 404 1449
05:15:50 [INFO]    🎯 45.148.31.0 (Дания) - 0.0Mbps, 188ms UDP✅  []
05:15:51 [DEBUG] Starting new HTTPS connection (1): www.google.com:443
05:15:51 [DEBUG] Starting new HTTPS connection (1): www.google.com:443
05:15:51 [DEBUG] Starting new HTTPS connection (1): cp.cloudflare.com:443
05:15:51 [DEBUG] https://www.google.com:443 "GET /generate_204 HTTP/1.1" 204 0
05:15:51 [DEBUG] Starting new HTTPS connection (1): cp.cloudflare.com:443
05:15:51 [DEBUG] Starting new HTTPS connection (1): www.google.com:443
05:15:52 [DEBUG] https://cp.cloudflare.com:443 "GET / HTTP/1.1" 204 0
05:15:52 [DEBUG] Starting new HTTPS connection (1): www.gstatic.com:443
05:15:52 [DEBUG] https://www.gstatic.com:443 "GET /generate_204 HTTP/1.1" 204 0
05:15:52 [DEBUG] Starting new HTTPS connection (1): dl.google.com:443
05:15:52 [DEBUG] Starting new HTTPS connection (1): www.gstatic.com:443
05:15:52 [DEBUG] Starting new HTTPS connection (1): www.gstatic.com:443
05:15:52 [DEBUG] https://dl.google.com:443 "GET /dl/android/studio/install/3.4.1.0/android-studio-ide-183.5522156-windows.exe HTTP/1.1" 200 1017327996
05:15:52 [DEBUG] Starting new HTTPS connection (1): www.gstatic.com:443
05:15:52 [DEBUG] Starting new HTTPS connection (1): www.google.com:443
05:15:52 [DEBUG] Starting new HTTPS connection (1): cp.cloudflare.com:443
05:15:52 [DEBUG] Starting new HTTPS connection (1): www.gstatic.com:443
05:15:52 [INFO]    🎯 91.84.111.44 (Нидерланды) - 29.2Mbps, 329ms UDP✅  []
05:15:53 [DEBUG] Starting new HTTPS connection (1): www.gstatic.com:443
05:15:53 [DEBUG] Starting new HTTPS connection (1): www.gstatic.com:443
05:15:53 [DEBUG] Starting new HTTPS connection (1): www.gstatic.com:443
05:15:53 [DEBUG] Starting new HTTPS connection (1): cp.cloudflare.com:443
05:15:54 [DEBUG] Starting new HTTPS connection (1): cp.cloudflare.com:443
05:15:54 [DEBUG] Starting new HTTPS connection (1): www.google.com:443
05:15:54 [DEBUG] Starting new HTTPS connection (1): www.google.com:443
05:15:54 [DEBUG] Starting new HTTPS connection (1): cp.cloudflare.com:443
05:15:54 [DEBUG] Starting new HTTPS connection (1): www.gstatic.com:443
05:15:55 [DEBUG] Starting new HTTPS connection (1): www.google.com:443
05:15:55 [DEBUG] Starting new HTTPS connection (1): cp.cloudflare.com:443
05:15:55 [DEBUG] Starting new HTTPS connection (1): www.gstatic.com:443
05:15:55 [DEBUG] Starting new HTTPS connection (1): www.google.com:443
05:15:55 [DEBUG] Starting new HTTPS connection (1): cp.cloudflare.com:443
05:15:55 [DEBUG] Starting new HTTPS connection (1): www.gstatic.com:443
05:15:55 [DEBUG] Starting new HTTPS connection (1): www.gstatic.com:443
05:15:56 [DEBUG] Starting new HTTPS connection (1): www.google.com:443
05:15:56 [DEBUG] Starting new HTTPS connection (1): cp.cloudflare.com:443
05:15:56 [DEBUG] Starting new HTTPS connection (1): www.google.com:443
05:15:56 [DEBUG] Starting new HTTPS connection (1): www.google.com:443
05:15:56 [DEBUG] Starting new HTTPS connection (1): www.google.com:443
05:15:57 [DEBUG] Starting new HTTPS connection (1): www.google.com:443
05:15:57 [DEBUG] Starting new HTTPS connection (1): www.gstatic.com:443
05:15:57 [DEBUG] Starting new HTTPS connection (1): www.google.com:443
05:15:57 [DEBUG] Starting new HTTPS connection (1): cp.cloudflare.com:443
05:15:57 [DEBUG] Starting new HTTPS connection (1): www.gstatic.com:443
05:15:58 [DEBUG] Starting new HTTPS connection (1): cp.cloudflare.com:443
05:15:58 [DEBUG] Starting new HTTPS connection (1): www.gstatic.com:443
05:15:58 [DEBUG] Starting new HTTPS connection (1): cp.cloudflare.com:443
05:15:58 [DEBUG] Starting new HTTPS connection (1): www.google.com:443
05:15:58 [DEBUG] Starting new HTTPS connection (1): cp.cloudflare.com:443
05:15:58 [DEBUG] Starting new HTTPS connection (1): cp.cloudflare.com:443
05:15:58 [DEBUG] Starting new HTTPS connection (1): www.gstatic.com:443
05:15:58 [DEBUG] Starting new HTTPS connection (1): cp.cloudflare.com:443
05:15:59 [DEBUG] Starting new HTTPS connection (1): www.google.com:443
05:15:59 [DEBUG] Starting new HTTPS connection (1): cp.cloudflare.com:443
05:15:59 [DEBUG] Starting new HTTPS connection (1): cp.cloudflare.com:443
05:15:59 [DEBUG] Starting new HTTPS connection (1): www.gstatic.com:443
05:15:59 [DEBUG] Starting new HTTPS connection (1): www.google.com:443
05:15:59 [DEBUG] Starting new HTTPS connection (1): cp.cloudflare.com:443
05:15:59 [DEBUG] Starting new HTTPS connection (1): www.gstatic.com:443
05:15:59 [DEBUG] Starting new HTTPS connection (1): www.google.com:443
05:16:00 [DEBUG] Starting new HTTPS connection (1): www.gstatic.com:443
05:16:00 [DEBUG] Starting new HTTPS connection (1): www.gstatic.com:443
05:16:00 [DEBUG] Starting new HTTPS connection (1): www.google.com:443
05:16:00 [DEBUG] Starting new HTTPS connection (1): cp.cloudflare.com:443
05:16:00 [DEBUG] Starting new HTTPS connection (1): www.gstatic.com:443
05:16:00 [DEBUG] Starting new HTTPS connection (1): www.gstatic.com:443
05:16:00 [DEBUG] Starting new HTTPS connection (1): www.gstatic.com:443
05:16:01 [DEBUG] Starting new HTTPS connection (1): www.google.com:443
05:16:01 [DEBUG] https://www.google.com:443 "GET /generate_204 HTTP/1.1" 204 0
05:16:01 [DEBUG] Starting new HTTPS connection (1): cp.cloudflare.com:443
05:16:01 [DEBUG] Starting new HTTPS connection (1): www.gstatic.com:443
05:16:01 [DEBUG] Starting new HTTPS connection (1): www.google.com:443
05:16:01 [DEBUG] https://cp.cloudflare.com:443 "GET / HTTP/1.1" 204 0
05:16:01 [DEBUG] Starting new HTTPS connection (1): www.gstatic.com:443
05:16:01 [DEBUG] Starting new HTTPS connection (1): cp.cloudflare.com:443
05:16:01 [DEBUG] Starting new HTTPS connection (1): www.gstatic.com:443
05:16:01 [DEBUG] https://www.gstatic.com:443 "GET /generate_204 HTTP/1.1" 204 0
05:16:01 [DEBUG] Starting new HTTPS connection (1): dl.google.com:443
05:16:01 [DEBUG] https://dl.google.com:443 "GET /dl/android/studio/install/3.4.1.0/android-studio-ide-183.5522156-windows.exe HTTP/1.1" 404 1449
05:16:01 [INFO]    🎯 162.19.10.94 (Франция) - 0.0Mbps, 98ms UDP✅  []
05:16:01 [DEBUG] Starting new HTTPS connection (1): www.google.com:443
05:16:01 [DEBUG] Starting new HTTPS connection (1): cp.cloudflare.com:443
05:16:01 [DEBUG] Starting new HTTPS connection (1): www.gstatic.com:443
05:16:01 [DEBUG] Starting new HTTPS connection (1): www.google.com:443
05:16:02 [DEBUG] Starting new HTTPS connection (1): cp.cloudflare.com:443
05:16:02 [DEBUG] Starting new HTTPS connection (1): www.google.com:443
05:16:02 [DEBUG] Starting new HTTPS connection (1): www.google.com:443
05:16:02 [DEBUG] Starting new HTTPS connection (1): www.google.com:443
05:16:03 [DEBUG] Starting new HTTPS connection (1): www.google.com:443
05:16:03 [DEBUG] Starting new HTTPS connection (1): www.google.com:443
05:16:03 [DEBUG] Starting new HTTPS connection (1): cp.cloudflare.com:443
05:16:03 [DEBUG] Starting new HTTPS connection (1): www.gstatic.com:443
05:16:03 [DEBUG] Starting new HTTPS connection (1): www.google.com:443
05:16:03 [DEBUG] Starting new HTTPS connection (1): cp.cloudflare.com:443
05:16:03 [DEBUG] Starting new HTTPS connection (1): www.gstatic.com:443
05:16:03 [DEBUG] Starting new HTTPS connection (1): cp.cloudflare.com:443
05:16:04 [DEBUG] Starting new HTTPS connection (1): www.google.com:443
05:16:04 [DEBUG] Starting new HTTPS connection (1): cp.cloudflare.com:443
05:16:04 [DEBUG] Starting new HTTPS connection (1): www.gstatic.com:443
05:16:04 [DEBUG] Starting new HTTPS connection (1): www.gstatic.com:443
05:16:04 [DEBUG] Starting new HTTPS connection (1): www.google.com:443
05:16:04 [DEBUG] Starting new HTTPS connection (1): www.google.com:443
05:16:04 [DEBUG] Starting new HTTPS connection (1): cp.cloudflare.com:443
05:16:04 [DEBUG] Starting new HTTPS connection (1): www.gstatic.com:443
05:16:05 [DEBUG] Starting new HTTPS connection (1): cp.cloudflare.com:443
05:16:05 [DEBUG] Starting new HTTPS connection (1): www.google.com:443
05:16:05 [DEBUG] Starting new HTTPS connection (1): cp.cloudflare.com:443
05:16:05 [DEBUG] Starting new HTTPS connection (1): www.gstatic.com:443
05:16:05 [DEBUG] Starting new HTTPS connection (1): www.google.com:443
05:16:05 [DEBUG] Starting new HTTPS connection (1): cp.cloudflare.com:443
05:16:05 [DEBUG] Starting new HTTPS connection (1): www.gstatic.com:443
05:16:05 [DEBUG] Starting new HTTPS connection (1): cp.cloudflare.com:443
05:16:05 [DEBUG] Starting new HTTPS connection (1): cp.cloudflare.com:443
05:16:06 [DEBUG] Starting new HTTPS connection (1): cp.cloudflare.com:443
05:16:06 [DEBUG] Starting new HTTPS connection (1): www.gstatic.com:443
05:16:06 [DEBUG] Starting new HTTPS connection (1): www.google.com:443
05:16:06 [DEBUG] Starting new HTTPS connection (1): cp.cloudflare.com:443
05:16:06 [DEBUG] Starting new HTTPS connection (1): www.gstatic.com:443
05:16:06 [INFO]    📊 Global: 280/400 (70%) | ✅78 ❌202
05:16:06 [DEBUG] Starting new HTTPS connection (1): www.google.com:443
05:16:06 [DEBUG] Starting new HTTPS connection (1): cp.cloudflare.com:443
05:16:06 [DEBUG] Starting new HTTPS connection (1): www.gstatic.com:443
05:16:06 [DEBUG] Starting new HTTPS connection (1): www.google.com:443
05:16:06 [DEBUG] Starting new HTTPS connection (1): cp.cloudflare.com:443
05:16:06 [DEBUG] Starting new HTTPS connection (1): www.gstatic.com:443
05:16:06 [DEBUG] Starting new HTTPS connection (1): cp.cloudflare.com:443
05:16:07 [DEBUG] Starting new HTTPS connection (1): www.gstatic.com:443
05:16:07 [DEBUG] Starting new HTTPS connection (1): www.google.com:443
05:16:07 [DEBUG] Starting new HTTPS connection (1): cp.cloudflare.com:443
05:16:07 [DEBUG] Starting new HTTPS connection (1): www.gstatic.com:443
05:16:07 [DEBUG] Starting new HTTPS connection (1): www.google.com:443
05:16:07 [DEBUG] Starting new HTTPS connection (1): cp.cloudflare.com:443
05:16:07 [DEBUG] Starting new HTTPS connection (1): www.gstatic.com:443
05:16:07 [DEBUG] Starting new HTTPS connection (1): www.gstatic.com:443
05:16:07 [DEBUG] Starting new HTTPS connection (1): www.google.com:443
05:16:07 [DEBUG] Starting new HTTPS connection (1): cp.cloudflare.com:443
05:16:07 [DEBUG] Starting new HTTPS connection (1): www.gstatic.com:443
05:16:07 [DEBUG] Starting new HTTPS connection (1): www.google.com:443
05:16:07 [DEBUG] Starting new HTTPS connection (1): cp.cloudflare.com:443
05:16:07 [DEBUG] Starting new HTTPS connection (1): www.gstatic.com:443
05:16:08 [DEBUG] Starting new HTTPS connection (1): www.gstatic.com:443
05:16:08 [DEBUG] Starting new HTTPS connection (1): www.google.com:443
05:16:08 [DEBUG] Starting new HTTPS connection (1): cp.cloudflare.com:443
05:16:08 [DEBUG] Starting new HTTPS connection (1): www.gstatic.com:443
05:16:08 [DEBUG] Starting new HTTPS connection (1): www.google.com:443
05:16:08 [DEBUG] Starting new HTTPS connection (1): cp.cloudflare.com:443
05:16:08 [DEBUG] Starting new HTTPS connection (1): www.gstatic.com:443
05:16:09 [DEBUG] Starting new HTTPS connection (1): www.google.com:443
05:16:09 [DEBUG] https://www.google.com:443 "GET /generate_204 HTTP/1.1" 204 0
05:16:09 [DEBUG] Starting new HTTPS connection (1): cp.cloudflare.com:443
05:16:09 [DEBUG] Starting new HTTPS connection (1): www.google.com:443
05:16:09 [DEBUG] Starting new HTTPS connection (1): cp.cloudflare.com:443
05:16:09 [DEBUG] https://cp.cloudflare.com:443 "GET / HTTP/1.1" 204 0
05:16:09 [DEBUG] Starting new HTTPS connection (1): www.gstatic.com:443
05:16:09 [DEBUG] Starting new HTTPS connection (1): www.gstatic.com:443
05:16:09 [DEBUG] Starting new HTTPS connection (1): www.google.com:443
05:16:09 [DEBUG] Starting new HTTPS connection (1): cp.cloudflare.com:443
05:16:09 [DEBUG] Starting new HTTPS connection (1): www.gstatic.com:443
05:16:09 [DEBUG] Starting new HTTPS connection (1): www.gstatic.com:443
05:16:09 [DEBUG] https://www.gstatic.com:443 "GET /generate_204 HTTP/1.1" 204 0
05:16:09 [DEBUG] Starting new HTTPS connection (1): dl.google.com:443
05:16:09 [DEBUG] https://dl.google.com:443 "GET /dl/android/studio/install/3.4.1.0/android-studio-ide-183.5522156-windows.exe HTTP/1.1" 404 1449
05:16:09 [INFO]    🎯 46.226.167.138 (Франция) - 0.0Mbps, 158ms UDP✅  []
05:16:10 [DEBUG] Starting new HTTPS connection (1): www.google.com:443
05:16:10 [DEBUG] Starting new HTTPS connection (1): cp.cloudflare.com:443
05:16:10 [DEBUG] Starting new HTTPS connection (1): www.google.com:443
05:16:10 [DEBUG] Starting new HTTPS connection (1): www.gstatic.com:443
05:16:10 [DEBUG] Starting new HTTPS connection (1): cp.cloudflare.com:443
05:16:10 [DEBUG] Starting new HTTPS connection (1): www.gstatic.com:443
05:16:10 [DEBUG] Starting new HTTPS connection (1): www.google.com:443
05:16:10 [DEBUG] Starting new HTTPS connection (1): cp.cloudflare.com:443
05:16:10 [DEBUG] Starting new HTTPS connection (1): www.gstatic.com:443
05:16:10 [DEBUG] Starting new HTTPS connection (1): www.google.com:443
05:16:10 [DEBUG] Starting new HTTPS connection (1): www.google.com:443
05:16:10 [DEBUG] Starting new HTTPS connection (1): cp.cloudflare.com:443
05:16:10 [DEBUG] Starting new HTTPS connection (1): www.gstatic.com:443
05:16:10 [DEBUG] https://www.google.com:443 "GET /generate_204 HTTP/1.1" 204 0
05:16:10 [DEBUG] Starting new HTTPS connection (1): cp.cloudflare.com:443
05:16:11 [DEBUG] Starting new HTTPS connection (1): www.google.com:443
05:16:11 [DEBUG] Starting new HTTPS connection (1): www.gstatic.com:443
05:16:11 [DEBUG] Starting new HTTPS connection (1): cp.cloudflare.com:443
05:16:11 [DEBUG] Starting new HTTPS connection (1): www.google.com:443
05:16:11 [DEBUG] Starting new HTTPS connection (1): www.gstatic.com:443
05:16:11 [DEBUG] Starting new HTTPS connection (1): cp.cloudflare.com:443
05:16:11 [DEBUG] Starting new HTTPS connection (1): www.gstatic.com:443
05:16:11 [DEBUG] Starting new HTTPS connection (1): www.google.com:443
05:16:11 [DEBUG] Starting new HTTPS connection (1): cp.cloudflare.com:443
05:16:11 [DEBUG] Starting new HTTPS connection (1): www.gstatic.com:443
05:16:11 [DEBUG] Starting new HTTPS connection (1): www.google.com:443
05:16:11 [DEBUG] Starting new HTTPS connection (1): cp.cloudflare.com:443
05:16:11 [DEBUG] Starting new HTTPS connection (1): www.gstatic.com:443
05:16:11 [DEBUG] Starting new HTTPS connection (1): www.google.com:443
05:16:11 [DEBUG] Starting new HTTPS connection (1): cp.cloudflare.com:443
05:16:11 [DEBUG] Starting new HTTPS connection (1): www.gstatic.com:443
05:16:11 [DEBUG] Starting new HTTPS connection (1): www.google.com:443
05:16:12 [DEBUG] Starting new HTTPS connection (1): cp.cloudflare.com:443
05:16:12 [DEBUG] Starting new HTTPS connection (1): www.gstatic.com:443
05:16:12 [DEBUG] Starting new HTTPS connection (1): www.google.com:443
05:16:12 [DEBUG] Starting new HTTPS connection (1): www.google.com:443
05:16:12 [DEBUG] https://cp.cloudflare.com:443 "GET / HTTP/1.1" 204 0
05:16:12 [DEBUG] Starting new HTTPS connection (1): www.gstatic.com:443
05:16:12 [DEBUG] https://www.gstatic.com:443 "GET /generate_204 HTTP/1.1" 204 0
05:16:12 [DEBUG] Starting new HTTPS connection (1): www.google.com:443
05:16:12 [DEBUG] Starting new HTTPS connection (1): dl.google.com:443
05:16:12 [DEBUG] Starting new HTTPS connection (1): www.google.com:443
05:16:12 [DEBUG] Starting new HTTPS connection (1): cp.cloudflare.com:443
05:16:12 [DEBUG] Starting new HTTPS connection (1): www.google.com:443
05:16:12 [DEBUG] Starting new HTTPS connection (1): www.gstatic.com:443
05:16:12 [DEBUG] https://dl.google.com:443 "GET /dl/android/studio/install/3.4.1.0/android-studio-ide-183.5522156-windows.exe HTTP/1.1" 200 1017327996
05:16:12 [DEBUG] Starting new HTTPS connection (1): www.google.com:443
05:16:12 [INFO]    🎯 57.129.137.54 (Британия) - 43.1Mbps, 620ms UDP✅  []
05:16:13 [DEBUG] Starting new HTTPS connection (1): www.google.com:443
05:16:13 [DEBUG] Starting new HTTPS connection (1): www.google.com:443
05:16:14 [DEBUG] Starting new HTTPS connection (1): www.google.com:443
05:16:14 [DEBUG] Starting new HTTPS connection (1): www.google.com:443
05:16:14 [DEBUG] Starting new HTTPS connection (1): cp.cloudflare.com:443
05:16:14 [DEBUG] Starting new HTTPS connection (1): www.gstatic.com:443
05:16:14 [DEBUG] Starting new HTTPS connection (1): cp.cloudflare.com:443
05:16:14 [DEBUG] Starting new HTTPS connection (1): cp.cloudflare.com:443
05:16:14 [DEBUG] Starting new HTTPS connection (1): cp.cloudflare.com:443
05:16:14 [DEBUG] Starting new HTTPS connection (1): cp.cloudflare.com:443
05:16:14 [DEBUG] Starting new HTTPS connection (1): cp.cloudflare.com:443
05:16:15 [DEBUG] Starting new HTTPS connection (1): cp.cloudflare.com:443
05:16:15 [DEBUG] Starting new HTTPS connection (1): www.google.com:443
05:16:15 [DEBUG] Starting new HTTPS connection (1): cp.cloudflare.com:443
05:16:15 [DEBUG] Starting new HTTPS connection (1): www.gstatic.com:443
05:16:15 [DEBUG] Starting new HTTPS connection (1): cp.cloudflare.com:443
05:16:16 [DEBUG] Starting new HTTPS connection (1): cp.cloudflare.com:443
05:16:16 [DEBUG] Starting new HTTPS connection (1): www.google.com:443
05:16:16 [DEBUG] Starting new HTTPS connection (1): www.gstatic.com:443
05:16:16 [DEBUG] Starting new HTTPS connection (1): www.gstatic.com:443
05:16:16 [DEBUG] Starting new HTTPS connection (1): www.gstatic.com:443
05:16:16 [DEBUG] Starting new HTTPS connection (1): www.gstatic.com:443
05:16:17 [DEBUG] Starting new HTTPS connection (1): www.gstatic.com:443
05:16:17 [DEBUG] Starting new HTTPS connection (1): www.google.com:443
05:16:17 [DEBUG] Starting new HTTPS connection (1): www.gstatic.com:443
05:16:17 [DEBUG] Starting new HTTPS connection (1): www.gstatic.com:443
05:16:18 [DEBUG] Starting new HTTPS connection (1): www.gstatic.com:443
05:16:18 [DEBUG] Starting new HTTPS connection (1): cp.cloudflare.com:443
05:16:19 [DEBUG] Starting new HTTPS connection (1): cp.cloudflare.com:443
05:16:19 [DEBUG] Starting new HTTPS connection (1): www.google.com:443
05:16:20 [DEBUG] Starting new HTTPS connection (1): www.google.com:443
05:16:20 [DEBUG] Starting new HTTPS connection (1): www.google.com:443
05:16:20 [DEBUG] Starting new HTTPS connection (1): www.google.com:443
05:16:20 [DEBUG] Starting new HTTPS connection (1): cp.cloudflare.com:443
05:16:20 [DEBUG] Starting new HTTPS connection (1): www.gstatic.com:443
05:16:20 [INFO]    📊 Global: 320/400 (80%) | ✅80 ❌240
05:16:20 [DEBUG] Starting new HTTPS connection (1): www.google.com:443
05:16:20 [DEBUG] Starting new HTTPS connection (1): www.google.com:443
05:16:20 [DEBUG] Starting new HTTPS connection (1): www.gstatic.com:443
05:16:21 [DEBUG] Starting new HTTPS connection (1): www.google.com:443
05:16:21 [DEBUG] Starting new HTTPS connection (1): www.google.com:443
05:16:21 [DEBUG] Starting new HTTPS connection (1): www.google.com:443
05:16:21 [DEBUG] Starting new HTTPS connection (1): www.gstatic.com:443
05:16:22 [DEBUG] Starting new HTTPS connection (1): cp.cloudflare.com:443
05:16:22 [DEBUG] Starting new HTTPS connection (1): cp.cloudflare.com:443
05:16:22 [DEBUG] Starting new HTTPS connection (1): cp.cloudflare.com:443
05:16:22 [DEBUG] Starting new HTTPS connection (1): cp.cloudflare.com:443
05:16:22 [DEBUG] Starting new HTTPS connection (1): cp.cloudflare.com:443
05:16:23 [DEBUG] Starting new HTTPS connection (1): cp.cloudflare.com:443
05:16:23 [DEBUG] Starting new HTTPS connection (1): cp.cloudflare.com:443
05:16:23 [DEBUG] Starting new HTTPS connection (1): cp.cloudflare.com:443
05:16:23 [DEBUG] Starting new HTTPS connection (1): www.google.com:443
05:16:24 [DEBUG] Starting new HTTPS connection (1): www.gstatic.com:443
05:16:24 [DEBUG] Starting new HTTPS connection (1): www.gstatic.com:443
05:16:24 [DEBUG] Starting new HTTPS connection (1): www.gstatic.com:443
05:16:24 [DEBUG] https://www.google.com:443 "GET /generate_204 HTTP/1.1" 204 0
05:16:24 [DEBUG] Starting new HTTPS connection (1): cp.cloudflare.com:443
05:16:24 [DEBUG] Starting new HTTPS connection (1): www.gstatic.com:443
05:16:24 [DEBUG] Starting new HTTPS connection (1): www.gstatic.com:443
05:16:24 [DEBUG] https://cp.cloudflare.com:443 "GET / HTTP/1.1" 204 0
05:16:24 [DEBUG] Starting new HTTPS connection (1): www.gstatic.com:443
05:16:24 [DEBUG] Starting new HTTPS connection (1): www.google.com:443
05:16:25 [DEBUG] https://www.google.com:443 "GET /generate_204 HTTP/1.1" 204 0
05:16:25 [DEBUG] Starting new HTTPS connection (1): cp.cloudflare.com:443
05:16:25 [DEBUG] Starting new HTTPS connection (1): www.gstatic.com:443
05:16:25 [DEBUG] https://cp.cloudflare.com:443 "GET / HTTP/1.1" 204 0
05:16:25 [DEBUG] Starting new HTTPS connection (1): www.gstatic.com:443
05:16:25 [DEBUG] https://www.gstatic.com:443 "GET /generate_204 HTTP/1.1" 204 0
05:16:25 [DEBUG] https://www.gstatic.com:443 "GET /generate_204 HTTP/1.1" 204 0
05:16:25 [DEBUG] Starting new HTTPS connection (1): dl.google.com:443
05:16:25 [DEBUG] Starting new HTTPS connection (1): www.gstatic.com:443
05:16:25 [DEBUG] Starting new HTTPS connection (1): www.gstatic.com:443
05:16:25 [DEBUG] Starting new HTTPS connection (1): dl.google.com:443
05:16:25 [DEBUG] https://dl.google.com:443 "GET /dl/android/studio/install/3.4.1.0/android-studio-ide-183.5522156-windows.exe HTTP/1.1" 404 1449
05:16:25 [INFO]    🎯 104.21.40.34 (XX) - 0.0Mbps, 134ms UDP✅  []
05:16:26 [DEBUG] https://dl.google.com:443 "GET /dl/android/studio/install/3.4.1.0/android-studio-ide-183.5522156-windows.exe HTTP/1.1" 404 1449
05:16:26 [INFO]    🎯 104.18.32.47 (XX) - 0.0Mbps, 432ms UDP✅  []
05:16:26 [DEBUG] Starting new HTTPS connection (1): www.google.com:443
05:16:26 [DEBUG] https://www.google.com:443 "GET /generate_204 HTTP/1.1" 204 0
05:16:26 [DEBUG] Starting new HTTPS connection (1): cp.cloudflare.com:443
05:16:27 [DEBUG] https://cp.cloudflare.com:443 "GET / HTTP/1.1" 204 0
05:16:27 [DEBUG] Starting new HTTPS connection (1): www.gstatic.com:443
05:16:27 [DEBUG] https://www.gstatic.com:443 "GET /generate_204 HTTP/1.1" 204 0
05:16:27 [DEBUG] Starting new HTTPS connection (1): dl.google.com:443
05:16:27 [DEBUG] Starting new HTTPS connection (1): www.google.com:443
05:16:27 [DEBUG] https://dl.google.com:443 "GET /dl/android/studio/install/3.4.1.0/android-studio-ide-183.5522156-windows.exe HTTP/1.1" 200 1017327996
05:16:27 [INFO]    🎯 8.6.112.0 (XX) - 40.9Mbps, 67ms UDP✅  []
05:16:27 [DEBUG] Starting new HTTPS connection (1): www.google.com:443
05:16:27 [DEBUG] Starting new HTTPS connection (1): www.google.com:443
05:16:27 [DEBUG] Starting new HTTPS connection (1): www.google.com:443
05:16:27 [DEBUG] Starting new HTTPS connection (1): www.google.com:443
05:16:27 [DEBUG] Starting new HTTPS connection (1): www.google.com:443
05:16:27 [DEBUG] https://www.google.com:443 "GET /generate_204 HTTP/1.1" 204 0
05:16:27 [DEBUG] Starting new HTTPS connection (1): cp.cloudflare.com:443
05:16:28 [DEBUG] https://cp.cloudflare.com:443 "GET / HTTP/1.1" 204 0
05:16:28 [DEBUG] Starting new HTTPS connection (1): www.gstatic.com:443
05:16:28 [DEBUG] https://www.gstatic.com:443 "GET /generate_204 HTTP/1.1" 204 0
05:16:28 [DEBUG] Starting new HTTPS connection (1): dl.google.com:443
05:16:28 [DEBUG] https://dl.google.com:443 "GET /dl/android/studio/install/3.4.1.0/android-studio-ide-183.5522156-windows.exe HTTP/1.1" 404 1449
05:16:28 [INFO]    🎯 104.21.227.134 (XX) - 0.0Mbps, 291ms UDP✅  []
05:16:28 [DEBUG] Starting new HTTPS connection (1): www.google.com:443
05:16:28 [DEBUG] Starting new HTTPS connection (1): www.google.com:443
05:16:28 [DEBUG] Starting new HTTPS connection (1): www.google.com:443
05:16:28 [DEBUG] Starting new HTTPS connection (1): cp.cloudflare.com:443
05:16:28 [DEBUG] Starting new HTTPS connection (1): www.google.com:443
05:16:28 [DEBUG] Starting new HTTPS connection (1): www.gstatic.com:443
05:16:28 [DEBUG] Starting new HTTPS connection (1): cp.cloudflare.com:443
05:16:28 [DEBUG] Starting new HTTPS connection (1): www.gstatic.com:443
05:16:28 [DEBUG] https://www.google.com:443 "GET /generate_204 HTTP/1.1" 204 0
05:16:28 [DEBUG] Starting new HTTPS connection (1): cp.cloudflare.com:443
05:16:29 [DEBUG] https://cp.cloudflare.com:443 "GET / HTTP/1.1" 204 0
05:16:29 [DEBUG] Starting new HTTPS connection (1): www.gstatic.com:443
05:16:29 [DEBUG] Starting new HTTPS connection (1): cp.cloudflare.com:443
05:16:29 [DEBUG] Starting new HTTPS connection (1): www.google.com:443
05:16:29 [DEBUG] Starting new HTTPS connection (1): cp.cloudflare.com:443
05:16:29 [DEBUG] Starting new HTTPS connection (1): www.google.com:443
05:16:29 [DEBUG] Starting new HTTPS connection (1): cp.cloudflare.com:443
05:16:29 [DEBUG] Starting new HTTPS connection (1): www.google.com:443
05:16:30 [DEBUG] https://www.gstatic.com:443 "GET /generate_204 HTTP/1.1" 204 0
05:16:30 [DEBUG] Starting new HTTPS connection (1): cp.cloudflare.com:443
05:16:30 [DEBUG] Starting new HTTPS connection (1): dl.google.com:443
05:16:30 [DEBUG] Starting new HTTPS connection (1): cp.cloudflare.com:443
05:16:31 [DEBUG] Starting new HTTPS connection (1): www.gstatic.com:443
05:16:31 [DEBUG] Starting new HTTPS connection (1): cp.cloudflare.com:443
05:16:31 [DEBUG] Starting new HTTPS connection (1): www.gstatic.com:443
05:16:31 [DEBUG] https://dl.google.com:443 "GET /dl/android/studio/install/3.4.1.0/android-studio-ide-183.5522156-windows.exe HTTP/1.1" 404 1449
05:16:31 [INFO]    🎯 104.21.3.219 (XX) - 0.0Mbps, 871ms UDP✅  []
05:16:32 [DEBUG] Starting new HTTPS connection (1): cp.cloudflare.com:443
05:16:32 [DEBUG] Starting new HTTPS connection (1): www.gstatic.com:443
05:16:32 [DEBUG] Starting new HTTPS connection (1): cp.cloudflare.com:443
05:16:32 [DEBUG] Starting new HTTPS connection (1): cp.cloudflare.com:443
05:16:32 [DEBUG] Starting new HTTPS connection (1): www.gstatic.com:443
05:16:32 [DEBUG] Starting new HTTPS connection (1): www.gstatic.com:443
05:16:33 [DEBUG] Starting new HTTPS connection (1): www.google.com:443
05:16:33 [DEBUG] Starting new HTTPS connection (1): cp.cloudflare.com:443
05:16:33 [DEBUG] Starting new HTTPS connection (1): www.gstatic.com:443
05:16:33 [DEBUG] Starting new HTTPS connection (1): www.gstatic.com:443
05:16:34 [DEBUG] Starting new HTTPS connection (1): www.gstatic.com:443
05:16:34 [DEBUG] Starting new HTTPS connection (1): www.gstatic.com:443
05:16:34 [DEBUG] Starting new HTTPS connection (1): www.google.com:443
05:16:34 [DEBUG] Starting new HTTPS connection (1): www.google.com:443
05:16:34 [DEBUG] Starting new HTTPS connection (1): cp.cloudflare.com:443
05:16:34 [DEBUG] Starting new HTTPS connection (1): www.gstatic.com:443
05:16:35 [DEBUG] Starting new HTTPS connection (1): www.google.com:443
05:16:35 [DEBUG] Starting new HTTPS connection (1): cp.cloudflare.com:443
05:16:35 [DEBUG] Starting new HTTPS connection (1): www.gstatic.com:443
05:16:35 [DEBUG] Starting new HTTPS connection (1): www.google.com:443
05:16:35 [DEBUG] Starting new HTTPS connection (1): www.google.com:443
05:16:36 [DEBUG] Starting new HTTPS connection (1): www.google.com:443
05:16:36 [DEBUG] Starting new HTTPS connection (1): cp.cloudflare.com:443
05:16:36 [DEBUG] Starting new HTTPS connection (1): www.gstatic.com:443
05:16:36 [DEBUG] Starting new HTTPS connection (1): www.google.com:443
05:16:36 [DEBUG] Starting new HTTPS connection (1): www.google.com:443
05:16:36 [DEBUG] Starting new HTTPS connection (1): cp.cloudflare.com:443
05:16:36 [DEBUG] Starting new HTTPS connection (1): cp.cloudflare.com:443
05:16:36 [DEBUG] Starting new HTTPS connection (1): www.gstatic.com:443
05:16:36 [DEBUG] Starting new HTTPS connection (1): www.google.com:443
05:16:37 [DEBUG] Starting new HTTPS connection (1): www.google.com:443
05:16:37 [DEBUG] Starting new HTTPS connection (1): cp.cloudflare.com:443
05:16:37 [DEBUG] Starting new HTTPS connection (1): www.gstatic.com:443
05:16:37 [DEBUG] Starting new HTTPS connection (1): www.google.com:443
05:16:37 [DEBUG] Starting new HTTPS connection (1): cp.cloudflare.com:443
05:16:37 [DEBUG] Starting new HTTPS connection (1): www.gstatic.com:443
05:16:37 [DEBUG] Starting new HTTPS connection (1): www.gstatic.com:443
05:16:37 [DEBUG] Starting new HTTPS connection (1): cp.cloudflare.com:443
05:16:37 [DEBUG] Starting new HTTPS connection (1): www.google.com:443
05:16:37 [DEBUG] Starting new HTTPS connection (1): cp.cloudflare.com:443
05:16:37 [DEBUG] Starting new HTTPS connection (1): www.gstatic.com:443
05:16:37 [DEBUG] Starting new HTTPS connection (1): www.google.com:443
05:16:38 [DEBUG] Starting new HTTPS connection (1): cp.cloudflare.com:443
05:16:38 [DEBUG] Starting new HTTPS connection (1): cp.cloudflare.com:443
05:16:38 [DEBUG] Starting new HTTPS connection (1): www.gstatic.com:443
05:16:38 [DEBUG] Starting new HTTPS connection (1): www.google.com:443
05:16:38 [DEBUG] Starting new HTTPS connection (1): www.google.com:443
05:16:38 [DEBUG] Starting new HTTPS connection (1): www.google.com:443
05:16:38 [DEBUG] Starting new HTTPS connection (1): cp.cloudflare.com:443
05:16:39 [DEBUG] Starting new HTTPS connection (1): www.gstatic.com:443
05:16:39 [DEBUG] Starting new HTTPS connection (1): cp.cloudflare.com:443
05:16:40 [DEBUG] Starting new HTTPS connection (1): www.gstatic.com:443
05:16:40 [DEBUG] Starting new HTTPS connection (1): www.gstatic.com:443
05:16:40 [DEBUG] Starting new HTTPS connection (1): cp.cloudflare.com:443
05:16:40 [DEBUG] Starting new HTTPS connection (1): cp.cloudflare.com:443
05:16:40 [DEBUG] Starting new HTTPS connection (1): cp.cloudflare.com:443
05:16:41 [DEBUG] Starting new HTTPS connection (1): www.gstatic.com:443
05:16:41 [DEBUG] Starting new HTTPS connection (1): www.google.com:443
05:16:41 [DEBUG] Starting new HTTPS connection (1): www.gstatic.com:443
05:16:42 [DEBUG] Starting new HTTPS connection (1): www.gstatic.com:443
05:16:42 [DEBUG] Starting new HTTPS connection (1): www.gstatic.com:443
05:16:42 [DEBUG] Starting new HTTPS connection (1): www.google.com:443
05:16:43 [DEBUG] Starting new HTTPS connection (1): www.gstatic.com:443
05:16:43 [DEBUG] Starting new HTTPS connection (1): www.google.com:443
05:16:43 [DEBUG] Starting new HTTPS connection (1): www.google.com:443
05:16:43 [DEBUG] Starting new HTTPS connection (1): www.google.com:443
05:16:43 [DEBUG] Starting new HTTPS connection (1): cp.cloudflare.com:443
05:16:43 [INFO]    📊 Global: 360/400 (90%) | ✅85 ❌275
05:16:44 [DEBUG] Starting new HTTPS connection (1): www.google.com:443
05:16:45 [DEBUG] Starting new HTTPS connection (1): www.google.com:443
05:16:45 [DEBUG] Starting new HTTPS connection (1): cp.cloudflare.com:443
05:16:45 [DEBUG] Starting new HTTPS connection (1): cp.cloudflare.com:443
05:16:45 [DEBUG] Starting new HTTPS connection (1): www.gstatic.com:443
05:16:45 [DEBUG] Starting new HTTPS connection (1): cp.cloudflare.com:443
05:16:45 [DEBUG] Starting new HTTPS connection (1): cp.cloudflare.com:443
05:16:45 [DEBUG] Starting new HTTPS connection (1): cp.cloudflare.com:443
05:16:45 [DEBUG] Starting new HTTPS connection (1): www.google.com:443
05:16:46 [DEBUG] Starting new HTTPS connection (1): www.gstatic.com:443
05:16:46 [DEBUG] Starting new HTTPS connection (1): www.google.com:443
05:16:46 [DEBUG] Starting new HTTPS connection (1): www.google.com:443
05:16:46 [DEBUG] Starting new HTTPS connection (1): www.google.com:443
05:16:46 [DEBUG] Starting new HTTPS connection (1): cp.cloudflare.com:443
05:16:46 [DEBUG] Starting new HTTPS connection (1): www.gstatic.com:443
05:16:46 [DEBUG] Starting new HTTPS connection (1): cp.cloudflare.com:443
05:16:47 [DEBUG] Starting new HTTPS connection (1): www.gstatic.com:443
05:16:47 [DEBUG] Starting new HTTPS connection (1): www.google.com:443
05:16:47 [DEBUG] Starting new HTTPS connection (1): cp.cloudflare.com:443
05:16:47 [DEBUG] Starting new HTTPS connection (1): www.gstatic.com:443
05:16:47 [DEBUG] Starting new HTTPS connection (1): www.gstatic.com:443
05:16:47 [DEBUG] Starting new HTTPS connection (1): www.gstatic.com:443
05:16:47 [DEBUG] Starting new HTTPS connection (1): www.gstatic.com:443
05:16:47 [DEBUG] Starting new HTTPS connection (1): cp.cloudflare.com:443
05:16:48 [DEBUG] Starting new HTTPS connection (1): cp.cloudflare.com:443
05:16:48 [DEBUG] Starting new HTTPS connection (1): cp.cloudflare.com:443
05:16:48 [DEBUG] Starting new HTTPS connection (1): www.gstatic.com:443
05:16:48 [DEBUG] Starting new HTTPS connection (1): www.google.com:443
05:16:48 [DEBUG] Starting new HTTPS connection (1): cp.cloudflare.com:443
05:16:48 [DEBUG] Starting new HTTPS connection (1): www.gstatic.com:443
05:16:49 [DEBUG] Starting new HTTPS connection (1): www.google.com:443
05:16:50 [DEBUG] Starting new HTTPS connection (1): www.gstatic.com:443
05:16:50 [DEBUG] Starting new HTTPS connection (1): www.google.com:443
05:16:50 [DEBUG] Starting new HTTPS connection (1): www.gstatic.com:443
05:16:50 [DEBUG] Starting new HTTPS connection (1): www.gstatic.com:443
05:16:50 [DEBUG] Starting new HTTPS connection (1): www.google.com:443
05:16:51 [DEBUG] Starting new HTTPS connection (1): www.google.com:443
05:16:51 [DEBUG] Starting new HTTPS connection (1): www.google.com:443
05:16:51 [DEBUG] Starting new HTTPS connection (1): www.google.com:443
05:16:51 [DEBUG] Starting new HTTPS connection (1): cp.cloudflare.com:443
05:16:52 [DEBUG] Starting new HTTPS connection (1): www.google.com:443
05:16:52 [DEBUG] Starting new HTTPS connection (1): cp.cloudflare.com:443
05:16:52 [DEBUG] Starting new HTTPS connection (1): cp.cloudflare.com:443
05:16:53 [DEBUG] Starting new HTTPS connection (1): cp.cloudflare.com:443
05:16:53 [DEBUG] Starting new HTTPS connection (1): cp.cloudflare.com:443
05:16:53 [DEBUG] Starting new HTTPS connection (1): www.google.com:443
05:16:53 [DEBUG] Starting new HTTPS connection (1): cp.cloudflare.com:443
05:16:53 [DEBUG] Starting new HTTPS connection (1): www.gstatic.com:443
05:16:53 [DEBUG] Starting new HTTPS connection (1): www.google.com:443
05:16:53 [DEBUG] Starting new HTTPS connection (1): cp.cloudflare.com:443
05:16:53 [DEBUG] Starting new HTTPS connection (1): www.gstatic.com:443
05:16:54 [DEBUG] Starting new HTTPS connection (1): www.google.com:443
05:16:54 [DEBUG] Starting new HTTPS connection (1): cp.cloudflare.com:443
05:16:54 [DEBUG] Starting new HTTPS connection (1): www.gstatic.com:443
05:16:54 [DEBUG] Starting new HTTPS connection (1): cp.cloudflare.com:443
05:16:54 [DEBUG] Starting new HTTPS connection (1): www.gstatic.com:443
05:16:54 [DEBUG] Starting new HTTPS connection (1): www.gstatic.com:443
05:16:55 [DEBUG] Starting new HTTPS connection (1): www.google.com:443
05:16:55 [DEBUG] Starting new HTTPS connection (1): www.gstatic.com:443
05:16:55 [DEBUG] Starting new HTTPS connection (1): www.gstatic.com:443
05:16:55 [DEBUG] Starting new HTTPS connection (1): cp.cloudflare.com:443
05:16:55 [DEBUG] Starting new HTTPS connection (1): cp.cloudflare.com:443
05:16:55 [DEBUG] Starting new HTTPS connection (1): www.google.com:443
05:16:55 [DEBUG] Starting new HTTPS connection (1): www.gstatic.com:443
05:16:55 [DEBUG] Starting new HTTPS connection (1): www.gstatic.com:443
05:16:55 [DEBUG] Starting new HTTPS connection (1): cp.cloudflare.com:443
05:16:56 [DEBUG] Starting new HTTPS connection (1): www.gstatic.com:443
05:16:56 [DEBUG] Starting new HTTPS connection (1): www.google.com:443
05:16:56 [DEBUG] Starting new HTTPS connection (1): www.google.com:443
05:16:57 [DEBUG] Starting new HTTPS connection (1): www.gstatic.com:443
05:16:57 [DEBUG] Starting new HTTPS connection (1): www.google.com:443
05:16:57 [DEBUG] Starting new HTTPS connection (1): cp.cloudflare.com:443
05:16:57 [DEBUG] Starting new HTTPS connection (1): www.gstatic.com:443
05:16:57 [DEBUG] Starting new HTTPS connection (1): www.google.com:443
05:16:57 [DEBUG] Starting new HTTPS connection (1): cp.cloudflare.com:443
05:16:57 [DEBUG] Starting new HTTPS connection (1): www.gstatic.com:443
05:16:58 [DEBUG] Starting new HTTPS connection (1): www.google.com:443
05:16:58 [DEBUG] Starting new HTTPS connection (1): www.google.com:443
05:16:58 [DEBUG] Starting new HTTPS connection (1): www.google.com:443
05:16:58 [DEBUG] Starting new HTTPS connection (1): cp.cloudflare.com:443
05:16:58 [DEBUG] Starting new HTTPS connection (1): www.google.com:443
05:16:59 [DEBUG] Starting new HTTPS connection (1): www.google.com:443
05:16:59 [DEBUG] Starting new HTTPS connection (1): cp.cloudflare.com:443
05:16:59 [DEBUG] Starting new HTTPS connection (1): www.gstatic.com:443
05:16:59 [DEBUG] Starting new HTTPS connection (1): www.google.com:443
05:17:00 [DEBUG] Starting new HTTPS connection (1): www.google.com:443
05:17:00 [DEBUG] Starting new HTTPS connection (1): cp.cloudflare.com:443
05:17:00 [DEBUG] Starting new HTTPS connection (1): www.gstatic.com:443
05:17:00 [DEBUG] Starting new HTTPS connection (1): cp.cloudflare.com:443
05:17:00 [DEBUG] Starting new HTTPS connection (1): www.gstatic.com:443
05:17:00 [DEBUG] Starting new HTTPS connection (1): cp.cloudflare.com:443
05:17:00 [DEBUG] Starting new HTTPS connection (1): www.google.com:443
05:17:00 [DEBUG] https://www.google.com:443 "GET /generate_204 HTTP/1.1" 204 0
05:17:00 [DEBUG] Starting new HTTPS connection (1): cp.cloudflare.com:443
05:17:00 [DEBUG] Starting new HTTPS connection (1): cp.cloudflare.com:443
05:17:00 [DEBUG] https://cp.cloudflare.com:443 "GET / HTTP/1.1" 204 0
05:17:00 [DEBUG] Starting new HTTPS connection (1): www.gstatic.com:443
05:17:00 [DEBUG] https://www.gstatic.com:443 "GET /generate_204 HTTP/1.1" 204 0
05:17:00 [DEBUG] Starting new HTTPS connection (1): www.gstatic.com:443
05:17:00 [DEBUG] Starting new HTTPS connection (1): dl.google.com:443
05:17:00 [DEBUG] Starting new HTTPS connection (1): cp.cloudflare.com:443
05:17:00 [DEBUG] https://dl.google.com:443 "GET /dl/android/studio/install/3.4.1.0/android-studio-ide-183.5522156-windows.exe HTTP/1.1" 404 1449
05:17:00 [INFO]    🎯 104.21.224.5 (XX) - 0.0Mbps, 85ms UDP✅  []
05:17:01 [DEBUG] Starting new HTTPS connection (1): cp.cloudflare.com:443
05:17:01 [DEBUG] Starting new HTTPS connection (1): cp.cloudflare.com:443
05:17:02 [DEBUG] Starting new HTTPS connection (1): www.gstatic.com:443
05:17:02 [DEBUG] Starting new HTTPS connection (1): www.gstatic.com:443
05:17:02 [DEBUG] Starting new HTTPS connection (1): www.gstatic.com:443
05:17:03 [DEBUG] Starting new HTTPS connection (1): www.gstatic.com:443
05:17:03 [DEBUG] Starting new HTTPS connection (1): www.gstatic.com:443
05:17:06 [DEBUG] Starting new HTTPS connection (1): www.gstatic.com:443
05:17:06 [INFO]    📊 Global: 400/400 (100%) | ✅86 ❌314
05:17:07 [DEBUG] Starting new HTTPS connection (1): www.google.com:443
05:17:07 [DEBUG] Starting new HTTPS connection (1): www.google.com:443
05:17:07 [DEBUG] Starting new HTTPS connection (1): www.google.com:443
05:17:07 [DEBUG] Starting new HTTPS connection (1): www.google.com:443
05:17:07 [DEBUG] Starting new HTTPS connection (1): www.google.com:443
05:17:07 [DEBUG] Starting new HTTPS connection (1): www.google.com:443
05:17:07 [DEBUG] Starting new HTTPS connection (1): www.google.com:443
05:17:07 [DEBUG] Starting new HTTPS connection (1): www.google.com:443
05:17:07 [DEBUG] Starting new HTTPS connection (1): www.google.com:443
05:17:07 [DEBUG] Starting new HTTPS connection (1): www.google.com:443
05:17:08 [DEBUG] Starting new HTTPS connection (1): cp.cloudflare.com:443
05:17:08 [DEBUG] Starting new HTTPS connection (1): www.gstatic.com:443
05:17:08 [DEBUG] https://www.google.com:443 "GET /generate_204 HTTP/1.1" 204 0
05:17:08 [DEBUG] Starting new HTTPS connection (1): cp.cloudflare.com:443
05:17:08 [DEBUG] https://www.google.com:443 "GET /generate_204 HTTP/1.1" 204 0
05:17:08 [DEBUG] Starting new HTTPS connection (1): cp.cloudflare.com:443
05:17:08 [DEBUG] https://www.google.com:443 "GET /generate_204 HTTP/1.1" 204 0
05:17:08 [DEBUG] Starting new HTTPS connection (1): cp.cloudflare.com:443
05:17:08 [DEBUG] https://www.google.com:443 "GET /generate_204 HTTP/1.1" 204 0
05:17:08 [DEBUG] Starting new HTTPS connection (1): cp.cloudflare.com:443
05:17:08 [DEBUG] https://www.google.com:443 "GET /generate_204 HTTP/1.1" 204 0
05:17:08 [DEBUG] Starting new HTTPS connection (1): cp.cloudflare.com:443
05:17:08 [DEBUG] https://cp.cloudflare.com:443 "GET / HTTP/1.1" 204 0
05:17:08 [DEBUG] Starting new HTTPS connection (1): www.gstatic.com:443
05:17:08 [DEBUG] https://www.google.com:443 "GET /generate_204 HTTP/1.1" 204 0
05:17:08 [DEBUG] Starting new HTTPS connection (1): cp.cloudflare.com:443
05:17:08 [DEBUG] https://www.google.com:443 "GET /generate_204 HTTP/1.1" 204 0
05:17:08 [DEBUG] Starting new HTTPS connection (1): cp.cloudflare.com:443
05:17:08 [DEBUG] https://cp.cloudflare.com:443 "GET / HTTP/1.1" 204 0
05:17:08 [DEBUG] Starting new HTTPS connection (1): www.gstatic.com:443
05:17:08 [DEBUG] https://cp.cloudflare.com:443 "GET / HTTP/1.1" 204 0
05:17:08 [DEBUG] Starting new HTTPS connection (1): www.gstatic.com:443
05:17:08 [DEBUG] https://cp.cloudflare.com:443 "GET / HTTP/1.1" 204 0
05:17:08 [DEBUG] https://cp.cloudflare.com:443 "GET / HTTP/1.1" 204 0
05:17:08 [DEBUG] Starting new HTTPS connection (1): www.gstatic.com:443
05:17:08 [DEBUG] Starting new HTTPS connection (1): www.gstatic.com:443
05:17:08 [DEBUG] https://cp.cloudflare.com:443 "GET / HTTP/1.1" 204 0
05:17:08 [DEBUG] Starting new HTTPS connection (1): www.gstatic.com:443
05:17:08 [DEBUG] https://www.gstatic.com:443 "GET /generate_204 HTTP/1.1" 204 0
05:17:09 [DEBUG] https://www.gstatic.com:443 "GET /generate_204 HTTP/1.1" 204 0
05:17:09 [DEBUG] https://www.gstatic.com:443 "GET /generate_204 HTTP/1.1" 204 0
05:17:09 [DEBUG] https://www.gstatic.com:443 "GET /generate_204 HTTP/1.1" 204 0
05:17:09 [DEBUG] Starting new HTTPS connection (1): dl.google.com:443
05:17:09 [DEBUG] https://www.gstatic.com:443 "GET /generate_204 HTTP/1.1" 204 0
05:17:09 [DEBUG] https://www.gstatic.com:443 "GET /generate_204 HTTP/1.1" 204 0
05:17:09 [DEBUG] Starting new HTTPS connection (1): dl.google.com:443
05:17:09 [DEBUG] Starting new HTTPS connection (1): dl.google.com:443
05:17:09 [DEBUG] Starting new HTTPS connection (1): dl.google.com:443
05:17:09 [DEBUG] Starting new HTTPS connection (1): dl.google.com:443
05:17:09 [DEBUG] Starting new HTTPS connection (1): www.google.com:443
05:17:09 [DEBUG] https://www.google.com:443 "GET /generate_204 HTTP/1.1" 204 0
05:17:09 [DEBUG] Starting new HTTPS connection (1): cp.cloudflare.com:443
05:17:09 [DEBUG] https://dl.google.com:443 "GET /dl/android/studio/install/3.4.1.0/android-studio-ide-183.5522156-windows.exe HTTP/1.1" 200 1017327996
05:17:09 [DEBUG] https://www.google.com:443 "GET /generate_204 HTTP/1.1" 204 0
05:17:09 [DEBUG] Starting new HTTPS connection (1): cp.cloudflare.com:443
05:17:09 [DEBUG] Starting new HTTPS connection (1): dl.google.com:443
05:17:09 [DEBUG] https://www.google.com:443 "GET /generate_204 HTTP/1.1" 204 0
05:17:09 [DEBUG] Starting new HTTPS connection (1): cp.cloudflare.com:443
05:17:09 [DEBUG] https://dl.google.com:443 "GET /dl/android/studio/install/3.4.1.0/android-studio-ide-183.5522156-windows.exe HTTP/1.1" 200 1017327996
05:17:09 [DEBUG] https://dl.google.com:443 "GET /dl/android/studio/install/3.4.1.0/android-studio-ide-183.5522156-windows.exe HTTP/1.1" 200 1017327996
05:17:09 [INFO]    🎯 51.250.12.100 (Россия) - 17.1Mbps, 335ms UDP✅ Reality [api-maps.yandex.ru]
05:17:10 [DEBUG] https://cp.cloudflare.com:443 "GET / HTTP/1.1" 204 0
05:17:10 [DEBUG] Starting new HTTPS connection (1): www.gstatic.com:443
05:17:10 [DEBUG] https://dl.google.com:443 "GET /dl/android/studio/install/3.4.1.0/android-studio-ide-183.5522156-windows.exe HTTP/1.1" 200 1017327996
05:17:10 [INFO]    🎯 84.201.128.76 (Россия) - 16.6Mbps, 394ms UDP✅ Reality [smartcaptcha.yandexc]
05:17:10 [INFO]    🎯 178.154.224.33 (Россия) - 16.7Mbps, 399ms UDP✅ Reality [ads.x5.ru]
05:17:10 [DEBUG] https://dl.google.com:443 "GET /dl/android/studio/install/3.4.1.0/android-studio-ide-183.5522156-windows.exe HTTP/1.1" 200 1017327996
05:17:10 [DEBUG] https://www.gstatic.com:443 "GET /generate_204 HTTP/1.1" 204 0
05:17:10 [DEBUG] Starting new HTTPS connection (1): dl.google.com:443
05:17:10 [INFO]    🎯 5.188.141.138 (Россия) - 10.6Mbps, 447ms UDP✅ Reality [ads.x5.ru]
05:17:11 [DEBUG] https://dl.google.com:443 "GET /dl/android/studio/install/3.4.1.0/android-studio-ide-183.5522156-windows.exe HTTP/1.1" 200 1017327996
05:17:11 [DEBUG] Starting new HTTPS connection (1): www.google.com:443
05:17:11 [INFO]    🎯 51.250.83.255 (Россия) - 6.9Mbps, 393ms UDP✅ Reality [api-maps.yandex.ru]
05:17:11 [INFO]    🎯 178.154.230.75 (Россия) - 18.2Mbps, 339ms UDP✅ Reality [max.ru]
05:17:11 [DEBUG] Starting new HTTPS connection (1): www.google.com:443
05:17:11 [DEBUG] https://cp.cloudflare.com:443 "GET / HTTP/1.1" 204 0
05:17:11 [DEBUG] Starting new HTTPS connection (1): www.gstatic.com:443
05:17:11 [DEBUG] Starting new HTTPS connection (1): www.google.com:443
05:17:11 [DEBUG] https://dl.google.com:443 "GET /dl/android/studio/install/3.4.1.0/android-studio-ide-183.5522156-windows.exe HTTP/1.1" 200 1017327996
05:17:11 [DEBUG] https://www.google.com:443 "GET /generate_204 HTTP/1.1" 204 0
05:17:11 [DEBUG] Starting new HTTPS connection (1): cp.cloudflare.com:443
05:17:11 [DEBUG] https://cp.cloudflare.com:443 "GET / HTTP/1.1" 204 0
05:17:11 [DEBUG] Starting new HTTPS connection (1): www.gstatic.com:443
05:17:11 [DEBUG] Starting new HTTPS connection (1): www.gstatic.com:443
05:17:11 [DEBUG] https://www.google.com:443 "GET /generate_204 HTTP/1.1" 204 0
05:17:11 [DEBUG] Starting new HTTPS connection (1): cp.cloudflare.com:443
05:17:12 [DEBUG] Starting new HTTPS connection (1): www.google.com:443
05:17:12 [DEBUG] https://www.google.com:443 "GET /generate_204 HTTP/1.1" 204 0
05:17:12 [DEBUG] Starting new HTTPS connection (1): cp.cloudflare.com:443
05:17:12 [DEBUG] https://cp.cloudflare.com:443 "GET / HTTP/1.1" 204 0
05:17:12 [DEBUG] Starting new HTTPS connection (1): www.gstatic.com:443
05:17:12 [DEBUG] Starting new HTTPS connection (1): www.google.com:443
05:17:12 [DEBUG] Starting new HTTPS connection (1): www.google.com:443
05:17:12 [DEBUG] https://cp.cloudflare.com:443 "GET / HTTP/1.1" 204 0
05:17:12 [DEBUG] Starting new HTTPS connection (1): www.gstatic.com:443
05:17:12 [DEBUG] https://www.google.com:443 "GET /generate_204 HTTP/1.1" 204 0
05:17:12 [DEBUG] Starting new HTTPS connection (1): cp.cloudflare.com:443
05:17:12 [DEBUG] https://www.gstatic.com:443 "GET /generate_204 HTTP/1.1" 204 0
05:17:13 [DEBUG] https://www.google.com:443 "GET /generate_204 HTTP/1.1" 204 0
05:17:13 [DEBUG] Starting new HTTPS connection (1): cp.cloudflare.com:443
05:17:13 [DEBUG] https://cp.cloudflare.com:443 "GET / HTTP/1.1" 204 0
05:17:13 [DEBUG] Starting new HTTPS connection (1): www.gstatic.com:443
05:17:13 [DEBUG] Starting new HTTPS connection (1): dl.google.com:443
05:17:13 [DEBUG] https://www.gstatic.com:443 "GET /generate_204 HTTP/1.1" 204 0
05:17:13 [DEBUG] https://dl.google.com:443 "GET /dl/android/studio/install/3.4.1.0/android-studio-ide-183.5522156-windows.exe HTTP/1.1" 200 1017327996
05:17:13 [DEBUG] https://cp.cloudflare.com:443 "GET / HTTP/1.1" 204 0
05:17:13 [DEBUG] Starting new HTTPS connection (1): www.gstatic.com:443
05:17:13 [DEBUG] Starting new HTTPS connection (1): dl.google.com:443
05:17:13 [INFO]    🎯 109.120.188.227 (Россия) - 19.4Mbps, 444ms UDP✅ Reality [ads.x5.ru]
05:17:13 [INFO]    📊 Whitelist: 8/80 (10%) | ✅7 ❌1
05:17:13 [DEBUG] https://dl.google.com:443 "GET /dl/android/studio/install/3.4.1.0/android-studio-ide-183.5522156-windows.exe HTTP/1.1" 200 1017327996
05:17:13 [DEBUG] https://www.gstatic.com:443 "GET /generate_204 HTTP/1.1" 204 0
05:17:14 [DEBUG] https://www.gstatic.com:443 "GET /generate_204 HTTP/1.1" 204 0
05:17:14 [INFO]    🎯 212.233.96.101 (Россия) - 20.9Mbps, 310ms UDP✅ Reality [yandex.ru]
05:17:14 [DEBUG] https://www.gstatic.com:443 "GET /generate_204 HTTP/1.1" 204 0
05:17:14 [DEBUG] Starting new HTTPS connection (1): dl.google.com:443
05:17:14 [DEBUG] https://dl.google.com:443 "GET /dl/android/studio/install/3.4.1.0/android-studio-ide-183.5522156-windows.exe HTTP/1.1" 200 1017327996
05:17:14 [DEBUG] Starting new HTTPS connection (1): www.google.com:443
05:17:15 [INFO]    🎯 84.201.162.228 (Россия) - 14.3Mbps, 495ms UDP✅ Reality [api-maps.yandex.ru]
05:17:15 [DEBUG] Starting new HTTPS connection (1): www.google.com:443
05:17:15 [DEBUG] https://www.google.com:443 "GET /generate_204 HTTP/1.1" 204 0
05:17:15 [DEBUG] Starting new HTTPS connection (1): cp.cloudflare.com:443
05:17:15 [DEBUG] Starting new HTTPS connection (1): dl.google.com:443
05:17:16 [DEBUG] Starting new HTTPS connection (1): www.google.com:443
05:17:16 [DEBUG] https://cp.cloudflare.com:443 "GET / HTTP/1.1" 204 0
05:17:16 [DEBUG] Starting new HTTPS connection (1): www.gstatic.com:443
05:17:16 [DEBUG] https://www.google.com:443 "GET /generate_204 HTTP/1.1" 204 0
05:17:16 [DEBUG] Starting new HTTPS connection (1): cp.cloudflare.com:443
05:17:16 [DEBUG] Starting new HTTPS connection (1): www.google.com:443
05:17:16 [DEBUG] Starting new HTTPS connection (1): www.gstatic.com:443
05:17:16 [DEBUG] Starting new HTTPS connection (1): dl.google.com:443
05:17:16 [DEBUG] https://cp.cloudflare.com:443 "GET / HTTP/1.1" 204 0
05:17:16 [DEBUG] Starting new HTTPS connection (1): www.gstatic.com:443
05:17:16 [DEBUG] https://www.gstatic.com:443 "GET /generate_204 HTTP/1.1" 204 0
05:17:16 [DEBUG] https://www.gstatic.com:443 "GET /generate_204 HTTP/1.1" 204 0
05:17:17 [DEBUG] Starting new HTTPS connection (1): cp.cloudflare.com:443
05:17:17 [DEBUG] https://www.google.com:443 "GET /generate_204 HTTP/1.1" 204 0
05:17:17 [DEBUG] Starting new HTTPS connection (1): cp.cloudflare.com:443
05:17:17 [DEBUG] Starting new HTTPS connection (1): dl.google.com:443
05:17:17 [DEBUG] https://www.gstatic.com:443 "GET /generate_204 HTTP/1.1" 204 0
05:17:17 [DEBUG] Starting new HTTPS connection (1): dl.google.com:443
05:17:17 [DEBUG] https://cp.cloudflare.com:443 "GET / HTTP/1.1" 204 0
05:17:17 [DEBUG] Starting new HTTPS connection (1): www.gstatic.com:443
05:17:17 [DEBUG] Starting new HTTPS connection (1): dl.google.com:443
05:17:17 [DEBUG] https://dl.google.com:443 "GET /dl/android/studio/install/3.4.1.0/android-studio-ide-183.5522156-windows.exe HTTP/1.1" 200 1017327996
05:17:17 [DEBUG] https://www.gstatic.com:443 "GET /generate_204 HTTP/1.1" 204 0
05:17:17 [DEBUG] https://www.google.com:443 "GET /generate_204 HTTP/1.1" 204 0
05:17:17 [DEBUG] https://www.gstatic.com:443 "GET /generate_204 HTTP/1.1" 204 0
05:17:17 [DEBUG] Starting new HTTPS connection (1): cp.cloudflare.com:443
05:17:17 [DEBUG] https://dl.google.com:443 "GET /dl/android/studio/install/3.4.1.0/android-studio-ide-183.5522156-windows.exe HTTP/1.1" 200 1017327996
05:17:17 [DEBUG] Starting new HTTPS connection (1): dl.google.com:443
05:17:17 [DEBUG] Starting new HTTPS connection (1): dl.google.com:443
05:17:17 [DEBUG] https://dl.google.com:443 "GET /dl/android/studio/install/3.4.1.0/android-studio-ide-183.5522156-windows.exe HTTP/1.1" 200 1017327996
05:17:17 [DEBUG] https://cp.cloudflare.com:443 "GET / HTTP/1.1" 204 0
05:17:17 [DEBUG] Starting new HTTPS connection (1): www.gstatic.com:443
05:17:18 [INFO]    🎯 84.201.160.253 (Россия) - 15.6Mbps, 483ms UDP✅ Reality [api-maps.yandex.ru]
05:17:18 [DEBUG] https://dl.google.com:443 "GET /dl/android/studio/install/3.4.1.0/android-studio-ide-183.5522156-windows.exe HTTP/1.1" 200 1017327996
05:17:18 [INFO]    🎯 84.23.53.221 (Россия) - 17.0Mbps, 375ms UDP✅ Reality [api-maps.yandex.ru]
05:17:18 [DEBUG] https://dl.google.com:443 "GET /dl/android/studio/install/3.4.1.0/android-studio-ide-183.5522156-windows.exe HTTP/1.1" 200 1017327996
05:17:18 [INFO]    🎯 5.188.140.55 (Россия) - 6.2Mbps, 2127ms UDP✅ Reality [ads.x5.ru]
05:17:18 [DEBUG] https://dl.google.com:443 "GET /dl/android/studio/install/3.4.1.0/android-studio-ide-183.5522156-windows.exe HTTP/1.1" 200 1017327996
05:17:19 [INFO]    🎯 5.188.140.115 (Россия) - 4.0Mbps, 2058ms UDP✅ Reality [ads.x5.ru]
05:17:19 [DEBUG] Starting new HTTPS connection (1): www.google.com:443
05:17:19 [DEBUG] Starting new HTTPS connection (1): www.google.com:443
05:17:19 [INFO]    🎯 217.16.27.216 (Россия) - 6.3Mbps, 391ms UDP✅  []
05:17:19 [INFO]    📊 Whitelist: 16/80 (20%) | ✅14 ❌2
05:17:19 [DEBUG] https://www.google.com:443 "GET /generate_204 HTTP/1.1" 204 0
05:17:19 [DEBUG] Starting new HTTPS connection (1): cp.cloudflare.com:443
05:17:19 [DEBUG] Starting new HTTPS connection (1): www.google.com:443
05:17:20 [DEBUG] https://www.google.com:443 "GET /generate_204 HTTP/1.1" 204 0
05:17:20 [DEBUG] Starting new HTTPS connection (1): cp.cloudflare.com:443
05:17:20 [DEBUG] Starting new HTTPS connection (1): www.google.com:443
05:17:20 [DEBUG] https://cp.cloudflare.com:443 "GET / HTTP/1.1" 204 0
05:17:20 [DEBUG] Starting new HTTPS connection (1): www.gstatic.com:443
05:17:20 [DEBUG] https://cp.cloudflare.com:443 "GET / HTTP/1.1" 204 0
05:17:20 [DEBUG] Starting new HTTPS connection (1): www.gstatic.com:443
05:17:20 [DEBUG] https://www.gstatic.com:443 "GET /generate_204 HTTP/1.1" 204 0
05:17:20 [DEBUG] https://www.google.com:443 "GET /generate_204 HTTP/1.1" 204 0
05:17:20 [DEBUG] Starting new HTTPS connection (1): cp.cloudflare.com:443
05:17:20 [DEBUG] https://www.gstatic.com:443 "GET /generate_204 HTTP/1.1" 204 0
05:17:21 [DEBUG] Starting new HTTPS connection (1): www.google.com:443
05:17:21 [DEBUG] Starting new HTTPS connection (1): dl.google.com:443
05:17:21 [DEBUG] Starting new HTTPS connection (1): cp.cloudflare.com:443
05:17:21 [DEBUG] https://cp.cloudflare.com:443 "GET / HTTP/1.1" 204 0
05:17:21 [DEBUG] Starting new HTTPS connection (1): www.gstatic.com:443
05:17:21 [DEBUG] Starting new HTTPS connection (1): www.gstatic.com:443
05:17:21 [DEBUG] https://dl.google.com:443 "GET /dl/android/studio/install/3.4.1.0/android-studio-ide-183.5522156-windows.exe HTTP/1.1" 200 1017327996
05:17:21 [INFO]    🎯 51.250.65.209 (Россия) - 1.0Mbps, 409ms UDP✅ Reality [ads.x5.ru]
05:17:21 [DEBUG] https://www.gstatic.com:443 "GET /generate_204 HTTP/1.1" 204 0
05:17:22 [DEBUG] Starting new HTTPS connection (1): www.gstatic.com:443
05:17:22 [INFO]    🎯 51.250.106.36 (Россия) - 15.3Mbps, 554ms UDP✅ Reality [api-maps.yandex.ru]
05:17:22 [DEBUG] https://www.google.com:443 "GET /generate_204 HTTP/1.1" 204 0
05:17:22 [DEBUG] Starting new HTTPS connection (1): cp.cloudflare.com:443
05:17:22 [DEBUG] Starting new HTTPS connection (1): dl.google.com:443
05:17:22 [DEBUG] https://dl.google.com:443 "GET /dl/android/studio/install/3.4.1.0/android-studio-ide-183.5522156-windows.exe HTTP/1.1" 200 1017327996
05:17:22 [INFO]    🎯 178.250.243.102 (Россия) - 19.5Mbps, 540ms UDP✅ Reality [eh.vk.com]
05:17:23 [DEBUG] Starting new HTTPS connection (1): www.google.com:443
05:17:23 [DEBUG] https://dl.google.com:443 "GET /dl/android/studio/install/3.4.1.0/android-studio-ide-183.5522156-windows.exe HTTP/1.1" 200 1017327996
05:17:23 [DEBUG] Starting new HTTPS connection (1): www.google.com:443
05:17:23 [DEBUG] Starting new HTTPS connection (1): dl.google.com:443
05:17:23 [DEBUG] Starting new HTTPS connection (1): www.google.com:443
05:17:23 [DEBUG] https://cp.cloudflare.com:443 "GET / HTTP/1.1" 204 0
05:17:23 [DEBUG] Starting new HTTPS connection (1): www.gstatic.com:443
05:17:23 [INFO]    🎯 212.233.96.101 (Россия) - 2.3Mbps, 2075ms UDP✅ Reality [max.ru]
05:17:23 [DEBUG] https://dl.google.com:443 "GET /dl/android/studio/install/3.4.1.0/android-studio-ide-183.5522156-windows.exe HTTP/1.1" 200 1017327996
05:17:23 [DEBUG] https://www.google.com:443 "GET /generate_204 HTTP/1.1" 204 0
05:17:23 [DEBUG] Starting new HTTPS connection (1): cp.cloudflare.com:443
05:17:23 [DEBUG] Starting new HTTPS connection (1): dl.google.com:443
05:17:23 [DEBUG] https://www.google.com:443 "GET /generate_204 HTTP/1.1" 204 0
05:17:23 [DEBUG] Starting new HTTPS connection (1): cp.cloudflare.com:443
05:17:23 [INFO]    🎯 212.233.96.101 (Россия) - 20.3Mbps, 1522ms UDP✅ Reality [ads.x5.ru]
05:17:23 [DEBUG] https://cp.cloudflare.com:443 "GET / HTTP/1.1" 204 0
05:17:23 [DEBUG] Starting new HTTPS connection (1): www.gstatic.com:443
05:17:23 [DEBUG] https://www.google.com:443 "GET /generate_204 HTTP/1.1" 204 0
05:17:23 [DEBUG] Starting new HTTPS connection (1): cp.cloudflare.com:443
05:17:24 [DEBUG] https://cp.cloudflare.com:443 "GET / HTTP/1.1" 204 0
05:17:24 [DEBUG] Starting new HTTPS connection (1): www.gstatic.com:443
05:17:24 [DEBUG] Starting new HTTPS connection (1): www.google.com:443
05:17:24 [DEBUG] https://dl.google.com:443 "GET /dl/android/studio/install/3.4.1.0/android-studio-ide-183.5522156-windows.exe HTTP/1.1" 200 1017327996
05:17:24 [DEBUG] https://cp.cloudflare.com:443 "GET / HTTP/1.1" 204 0
05:17:24 [DEBUG] Starting new HTTPS connection (1): www.gstatic.com:443
05:17:24 [DEBUG] https://www.gstatic.com:443 "GET /generate_204 HTTP/1.1" 204 0
05:17:24 [DEBUG] Starting new HTTPS connection (1): dl.google.com:443
05:17:24 [DEBUG] https://www.gstatic.com:443 "GET /generate_204 HTTP/1.1" 204 0
05:17:24 [INFO]    🎯 109.120.188.166 (Россия) - 20.4Mbps, 323ms UDP❌ Reality [ads.x5.ru]
05:17:24 [DEBUG] https://www.gstatic.com:443 "GET /generate_204 HTTP/1.1" 204 0
05:17:24 [DEBUG] Starting new HTTPS connection (1): dl.google.com:443
05:17:24 [DEBUG] Starting new HTTPS connection (1): dl.google.com:443
05:17:24 [DEBUG] Starting new HTTPS connection (1): www.google.com:443
05:17:24 [DEBUG] https://dl.google.com:443 "GET /dl/android/studio/install/3.4.1.0/android-studio-ide-183.5522156-windows.exe HTTP/1.1" 200 1017327996
05:17:24 [INFO]    🎯 217.16.26.35 (Россия) - 22.0Mbps, 303ms UDP✅  []
05:17:24 [INFO]    📊 Whitelist: 24/80 (30%) | ✅21 ❌3
05:17:25 [DEBUG] https://www.gstatic.com:443 "GET /generate_204 HTTP/1.1" 204 0
05:17:25 [DEBUG] Starting new HTTPS connection (1): www.google.com:443
05:17:25 [DEBUG] https://dl.google.com:443 "GET /dl/android/studio/install/3.4.1.0/android-studio-ide-183.5522156-windows.exe HTTP/1.1" 200 1017327996
05:17:25 [DEBUG] https://dl.google.com:443 "GET /dl/android/studio/install/3.4.1.0/android-studio-ide-183.5522156-windows.exe HTTP/1.1" 200 1017327996
05:17:25 [DEBUG] Starting new HTTPS connection (1): www.google.com:443
05:17:25 [DEBUG] https://www.google.com:443 "GET /generate_204 HTTP/1.1" 204 0
05:17:25 [DEBUG] Starting new HTTPS connection (1): cp.cloudflare.com:443
05:17:25 [DEBUG] https://cp.cloudflare.com:443 "GET / HTTP/1.1" 204 0
05:17:25 [DEBUG] Starting new HTTPS connection (1): www.gstatic.com:443
05:17:25 [DEBUG] Starting new HTTPS connection (1): dl.google.com:443
05:17:26 [INFO]    🎯 84.23.53.221 (Россия) - 8.6Mbps, 467ms UDP✅ Reality [api-maps.yandex.ru]
05:17:26 [DEBUG] Starting new HTTPS connection (1): www.google.com:443
05:17:26 [INFO]    🎯 178.250.243.97 (Россия) - 8.3Mbps, 405ms UDP✅ Reality [eh.vk.com]
05:17:26 [DEBUG] https://www.google.com:443 "GET /generate_204 HTTP/1.1" 204 0
05:17:26 [DEBUG] Starting new HTTPS connection (1): cp.cloudflare.com:443
05:17:26 [DEBUG] https://www.gstatic.com:443 "GET /generate_204 HTTP/1.1" 204 0
05:17:26 [DEBUG] https://www.google.com:443 "GET /generate_204 HTTP/1.1" 204 0
05:17:26 [DEBUG] Starting new HTTPS connection (1): cp.cloudflare.com:443
05:17:26 [DEBUG] Starting new HTTPS connection (1): dl.google.com:443
05:17:26 [INFO]    🎯 178.154.252.255 (Россия) - 1.3Mbps, 382ms UDP✅ Reality [eh.vk.com]
05:17:26 [DEBUG] https://www.google.com:443 "GET /generate_204 HTTP/1.1" 204 0
05:17:26 [DEBUG] Starting new HTTPS connection (1): cp.cloudflare.com:443
05:17:26 [DEBUG] https://www.gstatic.com:443 "GET /generate_204 HTTP/1.1" 204 0
05:17:26 [DEBUG] https://cp.cloudflare.com:443 "GET / HTTP/1.1" 204 0
05:17:26 [DEBUG] Starting new HTTPS connection (1): www.gstatic.com:443
05:17:27 [DEBUG] https://dl.google.com:443 "GET /dl/android/studio/install/3.4.1.0/android-studio-ide-183.5522156-windows.exe HTTP/1.1" 200 1017327996
05:17:27 [DEBUG] Starting new HTTPS connection (1): www.google.com:443
05:17:27 [DEBUG] Starting new HTTPS connection (1): www.google.com:443
05:17:27 [DEBUG] https://www.gstatic.com:443 "GET /generate_204 HTTP/1.1" 204 0
05:17:27 [DEBUG] Starting new HTTPS connection (1): dl.google.com:443
05:17:27 [DEBUG] https://www.google.com:443 "GET /generate_204 HTTP/1.1" 204 0
05:17:27 [DEBUG] Starting new HTTPS connection (1): cp.cloudflare.com:443
05:17:27 [DEBUG] https://www.google.com:443 "GET /generate_204 HTTP/1.1" 204 0
05:17:27 [DEBUG] Starting new HTTPS connection (1): cp.cloudflare.com:443
05:17:28 [DEBUG] Starting new HTTPS connection (1): www.google.com:443
05:17:28 [INFO]    🎯 37.139.33.52 (Россия) - 8.8Mbps, 455ms UDP✅ Reality [m.vk.com]
05:17:28 [DEBUG] https://cp.cloudflare.com:443 "GET / HTTP/1.1" 204 0
05:17:28 [DEBUG] Starting new HTTPS connection (1): www.gstatic.com:443
05:17:28 [DEBUG] https://cp.cloudflare.com:443 "GET / HTTP/1.1" 204 0
05:17:28 [DEBUG] Starting new HTTPS connection (1): www.google.com:443
05:17:28 [DEBUG] Starting new HTTPS connection (1): www.gstatic.com:443
05:17:28 [DEBUG] https://cp.cloudflare.com:443 "GET / HTTP/1.1" 204 0
05:17:28 [DEBUG] Starting new HTTPS connection (1): www.gstatic.com:443
05:17:28 [DEBUG] https://dl.google.com:443 "GET /dl/android/studio/install/3.4.1.0/android-studio-ide-183.5522156-windows.exe HTTP/1.1" 200 1017327996
05:17:28 [DEBUG] https://www.google.com:443 "GET /generate_204 HTTP/1.1" 204 0
05:17:28 [DEBUG] Starting new HTTPS connection (1): cp.cloudflare.com:443
05:17:28 [DEBUG] https://dl.google.com:443 "GET /dl/android/studio/install/3.4.1.0/android-studio-ide-183.5522156-windows.exe HTTP/1.1" 200 1017327996
05:17:28 [DEBUG] https://www.gstatic.com:443 "GET /generate_204 HTTP/1.1" 204 0
05:17:28 [DEBUG] https://www.gstatic.com:443 "GET /generate_204 HTTP/1.1" 204 0
05:17:28 [DEBUG] https://www.google.com:443 "GET /generate_204 HTTP/1.1" 204 0
05:17:28 [DEBUG] Starting new HTTPS connection (1): cp.cloudflare.com:443
05:17:28 [DEBUG] Starting new HTTPS connection (1): dl.google.com:443
05:17:28 [DEBUG] Starting new HTTPS connection (1): dl.google.com:443
05:17:28 [DEBUG] https://cp.cloudflare.com:443 "GET / HTTP/1.1" 204 0
05:17:28 [DEBUG] Starting new HTTPS connection (1): www.gstatic.com:443
05:17:28 [DEBUG] https://cp.cloudflare.com:443 "GET / HTTP/1.1" 204 0
05:17:28 [DEBUG] Starting new HTTPS connection (1): www.gstatic.com:443
05:17:29 [DEBUG] https://www.gstatic.com:443 "GET /generate_204 HTTP/1.1" 204 0
05:17:29 [DEBUG] https://www.google.com:443 "GET /generate_204 HTTP/1.1" 204 0
05:17:29 [DEBUG] Starting new HTTPS connection (1): cp.cloudflare.com:443
05:17:29 [DEBUG] https://dl.google.com:443 "GET /dl/android/studio/install/3.4.1.0/android-studio-ide-183.5522156-windows.exe HTTP/1.1" 200 1017327996
05:17:29 [DEBUG] Starting new HTTPS connection (1): www.google.com:443
05:17:29 [DEBUG] https://www.gstatic.com:443 "GET /generate_204 HTTP/1.1" 204 0
05:17:29 [DEBUG] https://www.gstatic.com:443 "GET /generate_204 HTTP/1.1" 204 0
05:17:29 [DEBUG] https://dl.google.com:443 "GET /dl/android/studio/install/3.4.1.0/android-studio-ide-183.5522156-windows.exe HTTP/1.1" 200 1017327996
05:17:29 [DEBUG] Starting new HTTPS connection (1): dl.google.com:443
05:17:29 [DEBUG] https://www.google.com:443 "GET /generate_204 HTTP/1.1" 204 0
05:17:29 [DEBUG] Starting new HTTPS connection (1): cp.cloudflare.com:443
05:17:29 [INFO]    🎯 90.156.217.130 (Россия) - 12.8Mbps, 397ms UDP✅ Reality [m.vk.ru]
05:17:29 [DEBUG] Starting new HTTPS connection (1): dl.google.com:443
05:17:30 [INFO]    🎯 37.139.33.15 (Россия) - 11.2Mbps, 415ms UDP✅ Reality [m.vk.ru]
05:17:30 [DEBUG] https://dl.google.com:443 "GET /dl/android/studio/install/3.4.1.0/android-studio-ide-183.5522156-windows.exe HTTP/1.1" 200 1017327996
05:17:30 [DEBUG] https://cp.cloudflare.com:443 "GET / HTTP/1.1" 204 0
05:17:30 [DEBUG] Starting new HTTPS connection (1): www.gstatic.com:443
05:17:30 [DEBUG] https://www.gstatic.com:443 "GET /generate_204 HTTP/1.1" 204 0
05:17:30 [INFO]    🎯 212.233.73.212 (Россия) - 12.8Mbps, 412ms UDP✅ Reality [m.vk.ru]
05:17:30 [INFO]    📊 Whitelist: 32/80 (40%) | ✅28 ❌4
05:17:30 [DEBUG] Starting new HTTPS connection (1): dl.google.com:443
05:17:30 [DEBUG] https://dl.google.com:443 "GET /dl/android/studio/install/3.4.1.0/android-studio-ide-183.5522156-windows.exe HTTP/1.1" 200 1017327996
05:17:31 [DEBUG] Starting new HTTPS connection (1): www.google.com:443
05:17:31 [INFO]    🎯 109.120.190.203 (Россия) - 10.5Mbps, 1482ms UDP✅ Reality [ads.x5.ru]
05:17:31 [DEBUG] https://dl.google.com:443 "GET /dl/android/studio/install/3.4.1.0/android-studio-ide-183.5522156-windows.exe HTTP/1.1" 200 1017327996
05:17:31 [DEBUG] Starting new HTTPS connection (1): www.google.com:443
05:17:31 [DEBUG] Starting new HTTPS connection (1): www.gstatic.com:443
05:17:31 [DEBUG] https://www.google.com:443 "GET /generate_204 HTTP/1.1" 204 0
05:17:31 [DEBUG] Starting new HTTPS connection (1): cp.cloudflare.com:443
05:17:31 [DEBUG] https://www.google.com:443 "GET /generate_204 HTTP/1.1" 204 0
05:17:31 [DEBUG] Starting new HTTPS connection (1): cp.cloudflare.com:443
05:17:31 [DEBUG] Starting new HTTPS connection (1): www.google.com:443
05:17:31 [DEBUG] https://cp.cloudflare.com:443 "GET / HTTP/1.1" 204 0
05:17:31 [DEBUG] Starting new HTTPS connection (1): www.gstatic.com:443
05:17:32 [DEBUG] https://cp.cloudflare.com:443 "GET / HTTP/1.1" 204 0
05:17:32 [DEBUG] Starting new HTTPS connection (1): www.gstatic.com:443
05:17:32 [DEBUG] https://www.gstatic.com:443 "GET /generate_204 HTTP/1.1" 204 0
05:17:32 [DEBUG] https://www.google.com:443 "GET /generate_204 HTTP/1.1" 204 0
05:17:32 [DEBUG] Starting new HTTPS connection (1): cp.cloudflare.com:443
05:17:32 [DEBUG] Starting new HTTPS connection (1): www.google.com:443
05:17:32 [DEBUG] Starting new HTTPS connection (1): dl.google.com:443
05:17:32 [DEBUG] https://www.gstatic.com:443 "GET /generate_204 HTTP/1.1" 204 0
05:17:32 [DEBUG] https://cp.cloudflare.com:443 "GET / HTTP/1.1" 204 0
05:17:32 [DEBUG] Starting new HTTPS connection (1): www.gstatic.com:443
05:17:32 [DEBUG] https://www.google.com:443 "GET /generate_204 HTTP/1.1" 204 0
05:17:32 [DEBUG] Starting new HTTPS connection (1): cp.cloudflare.com:443
05:17:32 [DEBUG] Starting new HTTPS connection (1): dl.google.com:443
05:17:32 [DEBUG] https://cp.cloudflare.com:443 "GET / HTTP/1.1" 204 0
05:17:32 [DEBUG] Starting new HTTPS connection (1): www.gstatic.com:443
05:17:32 [DEBUG] https://dl.google.com:443 "GET /dl/android/studio/install/3.4.1.0/android-studio-ide-183.5522156-windows.exe HTTP/1.1" 200 1017327996
05:17:33 [DEBUG] https://www.gstatic.com:443 "GET /generate_204 HTTP/1.1" 204 0
05:17:33 [DEBUG] https://cp.cloudflare.com:443 "GET / HTTP/1.1" 204 0
05:17:33 [DEBUG] Starting new HTTPS connection (1): www.gstatic.com:443
05:17:33 [DEBUG] https://dl.google.com:443 "GET /dl/android/studio/install/3.4.1.0/android-studio-ide-183.5522156-windows.exe HTTP/1.1" 200 1017327996
05:17:33 [DEBUG] Starting new HTTPS connection (1): dl.google.com:443
05:17:33 [INFO]    🎯 158.160.221.132 (Россия) - 12.5Mbps, 422ms UDP❌ Reality [yandex.ru]
05:17:33 [DEBUG] https://www.gstatic.com:443 "GET /generate_204 HTTP/1.1" 204 0
05:17:33 [DEBUG] https://dl.google.com:443 "GET /dl/android/studio/install/3.4.1.0/android-studio-ide-183.5522156-windows.exe HTTP/1.1" 200 1017327996
05:17:33 [DEBUG] Starting new HTTPS connection (1): dl.google.com:443
05:17:33 [INFO]    🎯 84.23.52.70 (Россия) - 11.8Mbps, 406ms UDP✅ Reality [m.vk.ru]
05:17:33 [INFO]    🎯 185.130.115.55 (Россия) - 1.6Mbps, 1892ms UDP✅ Reality [web.max.ru]
05:17:34 [DEBUG] https://dl.google.com:443 "GET /dl/android/studio/install/3.4.1.0/android-studio-ide-183.5522156-windows.exe HTTP/1.1" 200 1017327996
05:17:34 [INFO]    🎯 84.23.52.70 (Россия) - 12.6Mbps, 411ms UDP✅ Reality [m.vk.ru]
05:17:34 [DEBUG] Starting new HTTPS connection (1): www.google.com:443
05:17:34 [INFO]    🎯 212.233.73.212 (Россия) - 12.6Mbps, 404ms UDP✅ Reality [m.vk.ru]
05:17:35 [DEBUG] Starting new HTTPS connection (1): www.google.com:443
05:17:35 [DEBUG] https://www.google.com:443 "GET /generate_204 HTTP/1.1" 204 0
05:17:35 [DEBUG] Starting new HTTPS connection (1): cp.cloudflare.com:443
05:17:35 [DEBUG] Starting new HTTPS connection (1): www.google.com:443
05:17:35 [DEBUG] Starting new HTTPS connection (1): dl.google.com:443
05:17:35 [DEBUG] https://www.google.com:443 "GET /generate_204 HTTP/1.1" 204 0
05:17:35 [DEBUG] Starting new HTTPS connection (1): cp.cloudflare.com:443
05:17:35 [DEBUG] https://cp.cloudflare.com:443 "GET / HTTP/1.1" 204 0
05:17:35 [DEBUG] Starting new HTTPS connection (1): www.gstatic.com:443
05:17:35 [DEBUG] https://www.google.com:443 "GET /generate_204 HTTP/1.1" 204 0
05:17:35 [DEBUG] Starting new HTTPS connection (1): cp.cloudflare.com:443
05:17:35 [DEBUG] Starting new HTTPS connection (1): www.google.com:443
05:17:35 [DEBUG] https://dl.google.com:443 "GET /dl/android/studio/install/3.4.1.0/android-studio-ide-183.5522156-windows.exe HTTP/1.1" 200 1017327996
05:17:35 [DEBUG] https://cp.cloudflare.com:443 "GET / HTTP/1.1" 204 0
05:17:35 [DEBUG] Starting new HTTPS connection (1): www.gstatic.com:443
05:17:35 [DEBUG] https://www.gstatic.com:443 "GET /generate_204 HTTP/1.1" 204 0
05:17:35 [DEBUG] https://cp.cloudflare.com:443 "GET / HTTP/1.1" 204 0
05:17:35 [DEBUG] Starting new HTTPS connection (1): www.gstatic.com:443
05:17:35 [DEBUG] https://www.google.com:443 "GET /generate_204 HTTP/1.1" 204 0
05:17:35 [DEBUG] Starting new HTTPS connection (1): cp.cloudflare.com:443
05:17:36 [DEBUG] Starting new HTTPS connection (1): www.google.com:443
05:17:36 [DEBUG] Starting new HTTPS connection (1): dl.google.com:443
05:17:36 [DEBUG] https://www.gstatic.com:443 "GET /generate_204 HTTP/1.1" 204 0
05:17:36 [INFO]    🎯 158.160.221.132 (Россия) - 12.3Mbps, 393ms UDP❌ Reality [yandex.ru]
05:17:36 [DEBUG] https://cp.cloudflare.com:443 "GET / HTTP/1.1" 204 0
05:17:36 [DEBUG] Starting new HTTPS connection (1): www.gstatic.com:443
05:17:36 [DEBUG] https://www.gstatic.com:443 "GET /generate_204 HTTP/1.1" 204 0
05:17:36 [INFO]    📊 Whitelist: 40/80 (50%) | ✅35 ❌5
05:17:36 [DEBUG] https://www.google.com:443 "GET /generate_204 HTTP/1.1" 204 0
05:17:36 [DEBUG] Starting new HTTPS connection (1): cp.cloudflare.com:443
05:17:36 [DEBUG] Starting new HTTPS connection (1): dl.google.com:443
05:17:36 [DEBUG] https://dl.google.com:443 "GET /dl/android/studio/install/3.4.1.0/android-studio-ide-183.5522156-windows.exe HTTP/1.1" 200 1017327996
05:17:36 [DEBUG] Starting new HTTPS connection (1): dl.google.com:443
05:17:36 [DEBUG] https://www.gstatic.com:443 "GET /generate_204 HTTP/1.1" 204 0
05:17:36 [DEBUG] https://cp.cloudflare.com:443 "GET / HTTP/1.1" 204 0
05:17:36 [DEBUG] Starting new HTTPS connection (1): www.gstatic.com:443
05:17:36 [DEBUG] https://dl.google.com:443 "GET /dl/android/studio/install/3.4.1.0/android-studio-ide-183.5522156-windows.exe HTTP/1.1" 200 1017327996
05:17:36 [DEBUG] https://www.gstatic.com:443 "GET /generate_204 HTTP/1.1" 204 0
05:17:37 [DEBUG] https://dl.google.com:443 "GET /dl/android/studio/install/3.4.1.0/android-studio-ide-183.5522156-windows.exe HTTP/1.1" 200 1017327996
05:17:37 [INFO]    🎯 37.139.33.15 (Россия) - 12.3Mbps, 407ms UDP✅ Reality [m.vk.ru]
05:17:37 [DEBUG] https://www.gstatic.com:443 "GET /generate_204 HTTP/1.1" 204 0
05:17:37 [DEBUG] Starting new HTTPS connection (1): www.google.com:443
05:17:37 [INFO]    🎯 37.139.33.57 (Россия) - 12.9Mbps, 390ms UDP✅ Reality [m.vk.ru]
05:17:37 [DEBUG] Starting new HTTPS connection (1): dl.google.com:443
05:17:37 [DEBUG] Starting new HTTPS connection (1): www.google.com:443
05:17:37 [INFO]    🎯 178.154.253.80 (Россия) - 11.8Mbps, 428ms UDP✅ Reality [yandex.ru]
05:17:37 [DEBUG] https://www.google.com:443 "GET /generate_204 HTTP/1.1" 204 0
05:17:37 [DEBUG] Starting new HTTPS connection (1): cp.cloudflare.com:443
05:17:37 [DEBUG] https://dl.google.com:443 "GET /dl/android/studio/install/3.4.1.0/android-studio-ide-183.5522156-windows.exe HTTP/1.1" 200 1017327996
05:17:38 [DEBUG] https://www.google.com:443 "GET /generate_204 HTTP/1.1" 204 0
05:17:38 [DEBUG] Starting new HTTPS connection (1): cp.cloudflare.com:443
05:17:38 [DEBUG] https://cp.cloudflare.com:443 "GET / HTTP/1.1" 204 0
05:17:38 [DEBUG] Starting new HTTPS connection (1): www.gstatic.com:443
05:17:38 [DEBUG] Starting new HTTPS connection (1): www.google.com:443
05:17:38 [DEBUG] https://cp.cloudflare.com:443 "GET / HTTP/1.1" 204 0
05:17:38 [DEBUG] Starting new HTTPS connection (1): www.gstatic.com:443
05:17:38 [INFO]    🎯 158.160.105.121 (Россия) - 13.0Mbps, 407ms UDP✅ Reality [yandex.ru]
05:17:38 [DEBUG] Starting new HTTPS connection (1): www.google.com:443
05:17:38 [DEBUG] https://www.gstatic.com:443 "GET /generate_204 HTTP/1.1" 204 0
05:17:38 [DEBUG] https://www.gstatic.com:443 "GET /generate_204 HTTP/1.1" 204 0
05:17:38 [DEBUG] https://www.google.com:443 "GET /generate_204 HTTP/1.1" 204 0
05:17:38 [DEBUG] Starting new HTTPS connection (1): cp.cloudflare.com:443
05:17:38 [DEBUG] Starting new HTTPS connection (1): www.google.com:443
05:17:39 [DEBUG] Starting new HTTPS connection (1): dl.google.com:443
05:17:39 [DEBUG] https://www.google.com:443 "GET /generate_204 HTTP/1.1" 204 0
05:17:39 [DEBUG] Starting new HTTPS connection (1): cp.cloudflare.com:443
05:17:39 [DEBUG] Starting new HTTPS connection (1): dl.google.com:443
05:17:39 [DEBUG] https://cp.cloudflare.com:443 "GET / HTTP/1.1" 204 0
05:17:39 [DEBUG] Starting new HTTPS connection (1): www.gstatic.com:443
05:17:39 [DEBUG] https://www.google.com:443 "GET /generate_204 HTTP/1.1" 204 0
05:17:39 [DEBUG] Starting new HTTPS connection (1): cp.cloudflare.com:443
05:17:39 [DEBUG] https://dl.google.com:443 "GET /dl/android/studio/install/3.4.1.0/android-studio-ide-183.5522156-windows.exe HTTP/1.1" 200 1017327996
05:17:39 [DEBUG] https://cp.cloudflare.com:443 "GET / HTTP/1.1" 204 0
05:17:39 [DEBUG] Starting new HTTPS connection (1): www.gstatic.com:443
05:17:39 [DEBUG] https://dl.google.com:443 "GET /dl/android/studio/install/3.4.1.0/android-studio-ide-183.5522156-windows.exe HTTP/1.1" 200 1017327996
05:17:39 [DEBUG] Starting new HTTPS connection (1): dl.google.com:443
05:17:39 [DEBUG] Starting new HTTPS connection (1): www.google.com:443
05:17:39 [DEBUG] https://cp.cloudflare.com:443 "GET / HTTP/1.1" 204 0
05:17:39 [DEBUG] Starting new HTTPS connection (1): www.gstatic.com:443
05:17:39 [DEBUG] https://www.gstatic.com:443 "GET /generate_204 HTTP/1.1" 204 0
05:17:39 [DEBUG] Starting new HTTPS connection (1): dl.google.com:443
05:17:40 [DEBUG] https://www.gstatic.com:443 "GET /generate_204 HTTP/1.1" 204 0
05:17:40 [DEBUG] https://www.google.com:443 "GET /generate_204 HTTP/1.1" 204 0
05:17:40 [DEBUG] Starting new HTTPS connection (1): cp.cloudflare.com:443
05:17:40 [INFO]    🎯 89.169.128.105 (Россия) - 11.8Mbps, 430ms UDP✅ Reality [yandex.ru]
05:17:40 [DEBUG] https://dl.google.com:443 "GET /dl/android/studio/install/3.4.1.0/android-studio-ide-183.5522156-windows.exe HTTP/1.1" 200 1017327996
05:17:40 [DEBUG] https://www.gstatic.com:443 "GET /generate_204 HTTP/1.1" 204 0
05:17:40 [DEBUG] https://cp.cloudflare.com:443 "GET / HTTP/1.1" 204 0
05:17:40 [DEBUG] Starting new HTTPS connection (1): www.gstatic.com:443
05:17:40 [DEBUG] Starting new HTTPS connection (1): dl.google.com:443
05:17:40 [DEBUG] https://www.gstatic.com:443 "GET /generate_204 HTTP/1.1" 204 0
05:17:40 [DEBUG] Starting new HTTPS connection (1): dl.google.com:443
05:17:40 [DEBUG] Starting new HTTPS connection (1): dl.google.com:443
05:17:40 [INFO]    🎯 90.156.217.130 (Россия) - 13.7Mbps, 393ms UDP❌ Reality [m.vk.ru]
05:17:40 [INFO]    🎯 176.109.109.58 (Россия) - 1.0Mbps, 439ms UDP✅ Reality [m.vk.ru]
05:17:40 [DEBUG] https://dl.google.com:443 "GET /dl/android/studio/install/3.4.1.0/android-studio-ide-183.5522156-windows.exe HTTP/1.1" 200 1017327996
05:17:41 [DEBUG] https://dl.google.com:443 "GET /dl/android/studio/install/3.4.1.0/android-studio-ide-183.5522156-windows.exe HTTP/1.1" 200 1017327996
05:17:41 [DEBUG] https://dl.google.com:443 "GET /dl/android/studio/install/3.4.1.0/android-studio-ide-183.5522156-windows.exe HTTP/1.1" 200 1017327996
05:17:41 [DEBUG] Starting new HTTPS connection (1): www.google.com:443
05:17:41 [INFO]    🎯 87.239.106.153 (Россия) - 11.0Mbps, 457ms UDP✅ Reality [m.vk.ru]
05:17:41 [INFO]    📊 Whitelist: 48/80 (60%) | ✅43 ❌5
05:17:41 [DEBUG] https://dl.google.com:443 "GET /dl/android/studio/install/3.4.1.0/android-studio-ide-183.5522156-windows.exe HTTP/1.1" 200 1017327996
05:17:41 [DEBUG] https://www.google.com:443 "GET /generate_204 HTTP/1.1" 204 0
05:17:41 [DEBUG] Starting new HTTPS connection (1): cp.cloudflare.com:443
05:17:41 [DEBUG] Starting new HTTPS connection (1): www.google.com:443
05:17:41 [DEBUG] Starting new HTTPS connection (1): www.google.com:443
05:17:42 [INFO]    🎯 87.239.111.227 (Россия) - 8.8Mbps, 249ms UDP✅ Reality [m.vk.ru]
05:17:42 [INFO]    🎯 46.243.232.142 (Россия) - 6.2Mbps, 3778ms UDP❌ Reality [sun6-22.userapi.com]
05:17:42 [DEBUG] https://cp.cloudflare.com:443 "GET / HTTP/1.1" 204 0
05:17:42 [DEBUG] Starting new HTTPS connection (1): www.gstatic.com:443
05:17:42 [DEBUG] https://www.google.com:443 "GET /generate_204 HTTP/1.1" 204 0
05:17:42 [DEBUG] Starting new HTTPS connection (1): cp.cloudflare.com:443
05:17:42 [DEBUG] https://www.google.com:443 "GET /generate_204 HTTP/1.1" 204 0
05:17:42 [DEBUG] Starting new HTTPS connection (1): cp.cloudflare.com:443
05:17:42 [DEBUG] https://www.gstatic.com:443 "GET /generate_204 HTTP/1.1" 204 0
05:17:42 [DEBUG] Starting new HTTPS connection (1): www.google.com:443
05:17:42 [DEBUG] https://cp.cloudflare.com:443 "GET / HTTP/1.1" 204 0
05:17:42 [DEBUG] Starting new HTTPS connection (1): www.gstatic.com:443
05:17:42 [DEBUG] Starting new HTTPS connection (1): dl.google.com:443
05:17:42 [DEBUG] https://cp.cloudflare.com:443 "GET / HTTP/1.1" 204 0
05:17:42 [DEBUG] Starting new HTTPS connection (1): www.gstatic.com:443
05:17:43 [DEBUG] Starting new HTTPS connection (1): dl.google.com:443
05:17:43 [DEBUG] Starting new HTTPS connection (1): www.google.com:443
05:17:43 [DEBUG] https://www.google.com:443 "GET /generate_204 HTTP/1.1" 204 0
05:17:43 [DEBUG] Starting new HTTPS connection (1): cp.cloudflare.com:443
05:17:43 [DEBUG] Starting new HTTPS connection (1): www.google.com:443
05:17:43 [DEBUG] https://www.gstatic.com:443 "GET /generate_204 HTTP/1.1" 204 0
05:17:43 [DEBUG] https://dl.google.com:443 "GET /dl/android/studio/install/3.4.1.0/android-studio-ide-183.5522156-windows.exe HTTP/1.1" 200 1017327996
05:17:43 [DEBUG] https://www.gstatic.com:443 "GET /generate_204 HTTP/1.1" 204 0
05:17:43 [DEBUG] https://dl.google.com:443 "GET /dl/android/studio/install/3.4.1.0/android-studio-ide-183.5522156-windows.exe HTTP/1.1" 200 1017327996
05:17:43 [DEBUG] https://www.google.com:443 "GET /generate_204 HTTP/1.1" 204 0
05:17:43 [DEBUG] Starting new HTTPS connection (1): cp.cloudflare.com:443
05:17:43 [DEBUG] Starting new HTTPS connection (1): dl.google.com:443
05:17:43 [DEBUG] https://cp.cloudflare.com:443 "GET / HTTP/1.1" 204 0
05:17:43 [DEBUG] Starting new HTTPS connection (1): www.gstatic.com:443
05:17:43 [DEBUG] https://www.google.com:443 "GET /generate_204 HTTP/1.1" 204 0
05:17:43 [DEBUG] Starting new HTTPS connection (1): cp.cloudflare.com:443
05:17:43 [DEBUG] https://cp.cloudflare.com:443 "GET / HTTP/1.1" 204 0
05:17:43 [DEBUG] Starting new HTTPS connection (1): www.gstatic.com:443
05:17:43 [DEBUG] https://www.gstatic.com:443 "GET /generate_204 HTTP/1.1" 204 0
05:17:44 [DEBUG] https://dl.google.com:443 "GET /dl/android/studio/install/3.4.1.0/android-studio-ide-183.5522156-windows.exe HTTP/1.1" 200 1017327996
05:17:44 [INFO]    🎯 79.137.175.44 (Россия) - 11.7Mbps, 444ms UDP✅ Reality [m.vk.ru]
05:17:44 [INFO]    🎯 176.123.164.110 (Россия) - 10.2Mbps, 477ms UDP❌ Reality [m.vk.com]
05:17:44 [DEBUG] Starting new HTTPS connection (1): dl.google.com:443
05:17:44 [DEBUG] https://www.gstatic.com:443 "GET /generate_204 HTTP/1.1" 204 0
05:17:44 [DEBUG] https://cp.cloudflare.com:443 "GET / HTTP/1.1" 204 0
05:17:44 [DEBUG] Starting new HTTPS connection (1): www.gstatic.com:443
05:17:44 [INFO]    🎯 37.139.33.57 (Россия) - 0.9Mbps, 397ms UDP✅ Reality [m.vk.ru]
05:17:44 [DEBUG] https://dl.google.com:443 "GET /dl/android/studio/install/3.4.1.0/android-studio-ide-183.5522156-windows.exe HTTP/1.1" 200 1017327996
05:17:44 [DEBUG] Starting new HTTPS connection (1): dl.google.com:443
05:17:44 [DEBUG] https://www.gstatic.com:443 "GET /generate_204 HTTP/1.1" 204 0
05:17:44 [INFO]    🎯 51.250.32.69 (Россия) - 25.4Mbps, 242ms UDP✅ Reality [www.yandex.ru]
05:17:44 [INFO]    🎯 79.137.175.44 (Россия) - 11.6Mbps, 463ms UDP✅ Reality [m.vk.ru]
05:17:44 [DEBUG] Starting new HTTPS connection (1): dl.google.com:443
05:17:44 [DEBUG] https://dl.google.com:443 "GET /dl/android/studio/install/3.4.1.0/android-studio-ide-183.5522156-windows.exe HTTP/1.1" 200 1017327996
05:17:45 [DEBUG] Starting new HTTPS connection (1): www.google.com:443
05:17:45 [DEBUG] Starting new HTTPS connection (1): www.google.com:443
05:17:45 [DEBUG] https://dl.google.com:443 "GET /dl/android/studio/install/3.4.1.0/android-studio-ide-183.5522156-windows.exe HTTP/1.1" 200 1017327996
05:17:45 [DEBUG] Starting new HTTPS connection (1): www.google.com:443
05:17:45 [INFO]    🎯 158.160.223.36 (Россия) - 11.2Mbps, 472ms UDP✅ Reality [yandex.ru]
05:17:45 [INFO]    📊 Whitelist: 56/80 (70%) | ✅51 ❌5
05:17:45 [DEBUG] https://www.google.com:443 "GET /generate_204 HTTP/1.1" 204 0
05:17:45 [DEBUG] Starting new HTTPS connection (1): cp.cloudflare.com:443
05:17:45 [DEBUG] https://www.google.com:443 "GET /generate_204 HTTP/1.1" 204 0
05:17:45 [DEBUG] Starting new HTTPS connection (1): cp.cloudflare.com:443
05:17:45 [DEBUG] https://cp.cloudflare.com:443 "GET / HTTP/1.1" 204 0
05:17:45 [DEBUG] Starting new HTTPS connection (1): www.gstatic.com:443
05:17:45 [DEBUG] Starting new HTTPS connection (1): www.google.com:443
05:17:45 [DEBUG] Starting new HTTPS connection (1): www.google.com:443
05:17:45 [DEBUG] https://www.google.com:443 "GET /generate_204 HTTP/1.1" 204 0
05:17:45 [DEBUG] Starting new HTTPS connection (1): cp.cloudflare.com:443
05:17:46 [DEBUG] https://www.gstatic.com:443 "GET /generate_204 HTTP/1.1" 204 0
05:17:46 [DEBUG] https://cp.cloudflare.com:443 "GET / HTTP/1.1" 204 0
05:17:46 [DEBUG] Starting new HTTPS connection (1): www.gstatic.com:443
05:17:46 [DEBUG] Starting new HTTPS connection (1): dl.google.com:443
05:17:46 [DEBUG] https://www.google.com:443 "GET /generate_204 HTTP/1.1" 204 0
05:17:46 [DEBUG] Starting new HTTPS connection (1): cp.cloudflare.com:443
05:17:46 [INFO]    🎯 176.123.164.110 (Россия) - 10.0Mbps, 474ms UDP✅ Reality [m.vk.com]
05:17:46 [DEBUG] Starting new HTTPS connection (1): cp.cloudflare.com:443
05:17:46 [DEBUG] https://cp.cloudflare.com:443 "GET / HTTP/1.1" 204 0
05:17:46 [DEBUG] Starting new HTTPS connection (1): www.gstatic.com:443
05:17:46 [DEBUG] https://dl.google.com:443 "GET /dl/android/studio/install/3.4.1.0/android-studio-ide-183.5522156-windows.exe HTTP/1.1" 200 1017327996
05:17:46 [DEBUG] Starting new HTTPS connection (1): dl.google.com:443
05:17:46 [DEBUG] https://www.gstatic.com:443 "GET /generate_204 HTTP/1.1" 204 0
05:17:46 [DEBUG] https://cp.cloudflare.com:443 "GET / HTTP/1.1" 204 0
05:17:46 [DEBUG] Starting new HTTPS connection (1): www.gstatic.com:443
05:17:46 [DEBUG] Starting new HTTPS connection (1): dl.google.com:443
05:17:46 [DEBUG] Starting new HTTPS connection (1): www.gstatic.com:443
05:17:46 [DEBUG] https://www.gstatic.com:443 "GET /generate_204 HTTP/1.1" 204 0
05:17:46 [DEBUG] https://www.gstatic.com:443 "GET /generate_204 HTTP/1.1" 204 0
05:17:46 [INFO]    🎯 217.16.26.158 (Россия) - 18.2Mbps, 231ms UDP✅ Reality [ads.x5.ru]
05:17:46 [DEBUG] Starting new HTTPS connection (1): www.google.com:443
05:17:46 [DEBUG] Starting new HTTPS connection (1): dl.google.com:443
05:17:46 [DEBUG] https://dl.google.com:443 "GET /dl/android/studio/install/3.4.1.0/android-studio-ide-183.5522156-windows.exe HTTP/1.1" 200 1017327996
05:17:46 [DEBUG] Starting new HTTPS connection (1): dl.google.com:443
05:17:47 [DEBUG] https://dl.google.com:443 "GET /dl/android/studio/install/3.4.1.0/android-studio-ide-183.5522156-windows.exe HTTP/1.1" 200 1017327996
05:17:47 [DEBUG] https://dl.google.com:443 "GET /dl/android/studio/install/3.4.1.0/android-studio-ide-183.5522156-windows.exe HTTP/1.1" 200 1017327996
05:17:47 [DEBUG] https://dl.google.com:443 "GET /dl/android/studio/install/3.4.1.0/android-studio-ide-183.5522156-windows.exe HTTP/1.1" 200 1017327996
05:17:47 [INFO]    🎯 51.250.16.92 (Россия) - 19.3Mbps, 360ms UDP✅ Reality [sun6-21.userapi.com]
05:17:47 [DEBUG] Starting new HTTPS connection (1): www.google.com:443
05:17:47 [INFO]    🎯 51.250.16.92 (Россия) - 21.8Mbps, 279ms UDP✅ Reality [ads.x5.ru]
05:17:47 [INFO]    🎯 158.160.223.36 (Россия) - 11.3Mbps, 478ms UDP❌ Reality [yandex.ru]
05:17:47 [INFO]    🎯 195.209.67.124 (Россия) - 18.7Mbps, 364ms UDP✅  []
05:17:47 [DEBUG] Starting new HTTPS connection (1): www.google.com:443
05:17:48 [DEBUG] https://www.google.com:443 "GET /generate_204 HTTP/1.1" 204 0
05:17:48 [DEBUG] Starting new HTTPS connection (1): cp.cloudflare.com:443
05:17:48 [DEBUG] Starting new HTTPS connection (1): www.google.com:443
05:17:48 [DEBUG] https://cp.cloudflare.com:443 "GET / HTTP/1.1" 204 0
05:17:48 [DEBUG] Starting new HTTPS connection (1): www.gstatic.com:443
05:17:48 [DEBUG] Starting new HTTPS connection (1): www.google.com:443
05:17:48 [DEBUG] Starting new HTTPS connection (1): www.google.com:443
05:17:48 [DEBUG] Starting new HTTPS connection (1): cp.cloudflare.com:443
05:17:48 [DEBUG] Starting new HTTPS connection (1): www.google.com:443
05:17:48 [DEBUG] https://www.gstatic.com:443 "GET /generate_204 HTTP/1.1" 204 0
05:17:48 [DEBUG] Starting new HTTPS connection (1): www.google.com:443
05:17:48 [DEBUG] Starting new HTTPS connection (1): www.gstatic.com:443
05:17:48 [DEBUG] Starting new HTTPS connection (1): cp.cloudflare.com:443
05:17:49 [INFO]    📊 Whitelist: 64/80 (80%) | ✅57 ❌7
05:17:49 [DEBUG] https://www.google.com:443 "GET /generate_204 HTTP/1.1" 204 0
05:17:49 [DEBUG] Starting new HTTPS connection (1): cp.cloudflare.com:443
05:17:49 [DEBUG] Starting new HTTPS connection (1): www.gstatic.com:443
05:17:49 [DEBUG] https://www.google.com:443 "GET /generate_204 HTTP/1.1" 204 0
05:17:49 [DEBUG] Starting new HTTPS connection (1): cp.cloudflare.com:443
05:17:49 [DEBUG] https://www.google.com:443 "GET /generate_204 HTTP/1.1" 204 0
05:17:49 [DEBUG] Starting new HTTPS connection (1): cp.cloudflare.com:443
05:17:49 [DEBUG] https://cp.cloudflare.com:443 "GET / HTTP/1.1" 204 0
05:17:49 [DEBUG] Starting new HTTPS connection (1): www.gstatic.com:443
05:17:49 [DEBUG] https://cp.cloudflare.com:443 "GET / HTTP/1.1" 204 0
05:17:49 [DEBUG] Starting new HTTPS connection (1): www.gstatic.com:443
05:17:49 [DEBUG] https://cp.cloudflare.com:443 "GET / HTTP/1.1" 204 0
05:17:49 [DEBUG] Starting new HTTPS connection (1): www.gstatic.com:443
05:17:50 [DEBUG] Starting new HTTPS connection (1): dl.google.com:443
05:17:50 [DEBUG] Starting new HTTPS connection (1): www.google.com:443
05:17:50 [DEBUG] https://www.gstatic.com:443 "GET /generate_204 HTTP/1.1" 204 0
05:17:50 [INFO]    🎯 176.109.109.58 (Россия) - 1.1Mbps, 425ms UDP✅ Reality [tradingview.com]
05:17:50 [DEBUG] https://dl.google.com:443 "GET /dl/android/studio/install/3.4.1.0/android-studio-ide-183.5522156-windows.exe HTTP/1.1" 200 1017327996
05:17:50 [DEBUG] https://www.gstatic.com:443 "GET /generate_204 HTTP/1.1" 204 0
05:17:50 [DEBUG] Starting new HTTPS connection (1): www.google.com:443
05:17:50 [DEBUG] Starting new HTTPS connection (1): dl.google.com:443
05:17:50 [DEBUG] https://www.google.com:443 "GET /generate_204 HTTP/1.1" 204 0
05:17:50 [DEBUG] Starting new HTTPS connection (1): cp.cloudflare.com:443
05:17:50 [INFO]    🎯 178.250.243.98 (Россия) - 16.4Mbps, 254ms UDP✅ Reality [eh.vk.com]
05:17:50 [DEBUG] Starting new HTTPS connection (1): dl.google.com:443
05:17:51 [DEBUG] https://www.google.com:443 "GET /generate_204 HTTP/1.1" 204 0
05:17:51 [DEBUG] Starting new HTTPS connection (1): cp.cloudflare.com:443
05:17:51 [DEBUG] https://dl.google.com:443 "GET /dl/android/studio/install/3.4.1.0/android-studio-ide-183.5522156-windows.exe HTTP/1.1" 200 1017327996
05:17:51 [DEBUG] https://cp.cloudflare.com:443 "GET / HTTP/1.1" 204 0
05:17:51 [DEBUG] Starting new HTTPS connection (1): www.gstatic.com:443
05:17:51 [DEBUG] https://www.gstatic.com:443 "GET /generate_204 HTTP/1.1" 204 0
05:17:51 [DEBUG] https://dl.google.com:443 "GET /dl/android/studio/install/3.4.1.0/android-studio-ide-183.5522156-windows.exe HTTP/1.1" 200 1017327996
05:17:51 [DEBUG] Starting new HTTPS connection (1): www.google.com:443
05:17:51 [DEBUG] https://cp.cloudflare.com:443 "GET / HTTP/1.1" 204 0
05:17:51 [DEBUG] Starting new HTTPS connection (1): www.gstatic.com:443
05:17:51 [DEBUG] Starting new HTTPS connection (1): dl.google.com:443
05:17:51 [DEBUG] Starting new HTTPS connection (1): cp.cloudflare.com:443
05:17:51 [DEBUG] https://www.gstatic.com:443 "GET /generate_204 HTTP/1.1" 204 0
05:17:51 [INFO]    🎯 90.156.150.134 (Россия) - 9.8Mbps, 522ms UDP✅ Reality [m.vk.ru]
05:17:52 [DEBUG] Starting new HTTPS connection (1): www.google.com:443
05:17:52 [DEBUG] https://www.google.com:443 "GET /generate_204 HTTP/1.1" 204 0
05:17:52 [DEBUG] Starting new HTTPS connection (1): cp.cloudflare.com:443
05:17:52 [DEBUG] https://www.gstatic.com:443 "GET /generate_204 HTTP/1.1" 204 0
05:17:52 [INFO]    🎯 146.185.240.23 (Россия) - 9.4Mbps, 555ms UDP✅ Reality [m.vk.ru]
05:17:52 [DEBUG] Starting new HTTPS connection (1): dl.google.com:443
05:17:52 [DEBUG] Starting new HTTPS connection (1): cp.cloudflare.com:443
05:17:52 [DEBUG] Starting new HTTPS connection (1): dl.google.com:443
05:17:52 [DEBUG] https://dl.google.com:443 "GET /dl/android/studio/install/3.4.1.0/android-studio-ide-183.5522156-windows.exe HTTP/1.1" 200 1017327996
05:17:52 [DEBUG] https://cp.cloudflare.com:443 "GET / HTTP/1.1" 204 0
05:17:52 [DEBUG] Starting new HTTPS connection (1): www.gstatic.com:443
05:17:52 [DEBUG] https://cp.cloudflare.com:443 "GET / HTTP/1.1" 204 0
05:17:52 [DEBUG] Starting new HTTPS connection (1): www.gstatic.com:443
05:17:52 [DEBUG] https://dl.google.com:443 "GET /dl/android/studio/install/3.4.1.0/android-studio-ide-183.5522156-windows.exe HTTP/1.1" 200 1017327996
05:17:53 [DEBUG] https://dl.google.com:443 "GET /dl/android/studio/install/3.4.1.0/android-studio-ide-183.5522156-windows.exe HTTP/1.1" 200 1017327996
05:17:53 [DEBUG] Starting new HTTPS connection (1): www.google.com:443
05:17:53 [DEBUG] https://www.gstatic.com:443 "GET /generate_204 HTTP/1.1" 204 0
05:17:53 [DEBUG] Starting new HTTPS connection (1): www.google.com:443
05:17:53 [DEBUG] https://www.gstatic.com:443 "GET /generate_204 HTTP/1.1" 204 0
05:17:53 [INFO]    🎯 212.233.76.67 (Россия) - 7.3Mbps, 1036ms UDP✅ Reality [google.com]
05:17:53 [INFO]    🎯 146.185.240.23 (Россия) - 9.5Mbps, 544ms UDP✅ Reality [m.vk.ru]
05:17:53 [DEBUG] Starting new HTTPS connection (1): dl.google.com:443
05:17:53 [DEBUG] https://www.google.com:443 "GET /generate_204 HTTP/1.1" 204 0
05:17:53 [DEBUG] Starting new HTTPS connection (1): cp.cloudflare.com:443
05:17:53 [DEBUG] Starting new HTTPS connection (1): dl.google.com:443
05:17:53 [INFO]    🎯 90.156.150.134 (Россия) - 10.0Mbps, 536ms UDP✅ Reality [m.vk.ru]
05:17:53 [INFO]    📊 Whitelist: 72/80 (90%) | ✅64 ❌8
05:17:54 [DEBUG] https://www.google.com:443 "GET /generate_204 HTTP/1.1" 204 0
05:17:54 [DEBUG] Starting new HTTPS connection (1): cp.cloudflare.com:443
05:17:54 [INFO]    🎯 176.109.109.58 (Россия) - 0.9Mbps, 423ms UDP✅ Reality [tradingview.com]
05:17:54 [DEBUG] https://www.google.com:443 "GET /generate_204 HTTP/1.1" 204 0
05:17:54 [DEBUG] Starting new HTTPS connection (1): cp.cloudflare.com:443
05:17:54 [DEBUG] https://cp.cloudflare.com:443 "GET / HTTP/1.1" 204 0
05:17:54 [DEBUG] Starting new HTTPS connection (1): www.gstatic.com:443
05:17:54 [DEBUG] https://cp.cloudflare.com:443 "GET / HTTP/1.1" 204 0
05:17:54 [DEBUG] Starting new HTTPS connection (1): www.gstatic.com:443
05:17:54 [DEBUG] https://dl.google.com:443 "GET /dl/android/studio/install/3.4.1.0/android-studio-ide-183.5522156-windows.exe HTTP/1.1" 200 1017327996
05:17:54 [DEBUG] Starting new HTTPS connection (1): www.google.com:443
05:17:54 [DEBUG] https://www.gstatic.com:443 "GET /generate_204 HTTP/1.1" 204 0
05:17:55 [DEBUG] https://www.google.com:443 "GET /generate_204 HTTP/1.1" 204 0
05:17:55 [DEBUG] Starting new HTTPS connection (1): cp.cloudflare.com:443
05:17:55 [DEBUG] https://www.gstatic.com:443 "GET /generate_204 HTTP/1.1" 204 0
05:17:55 [DEBUG] Starting new HTTPS connection (1): dl.google.com:443
05:17:55 [DEBUG] https://cp.cloudflare.com:443 "GET / HTTP/1.1" 204 0
05:17:55 [DEBUG] Starting new HTTPS connection (1): www.gstatic.com:443
05:17:55 [DEBUG] https://www.gstatic.com:443 "GET /generate_204 HTTP/1.1" 204 0
05:17:56 [DEBUG] https://dl.google.com:443 "GET /dl/android/studio/install/3.4.1.0/android-studio-ide-183.5522156-windows.exe HTTP/1.1" 200 1017327996
05:17:56 [DEBUG] https://cp.cloudflare.com:443 "GET / HTTP/1.1" 204 0
05:17:56 [DEBUG] Starting new HTTPS connection (1): www.gstatic.com:443
05:17:56 [DEBUG] Starting new HTTPS connection (1): dl.google.com:443
05:17:56 [DEBUG] https://dl.google.com:443 "GET /dl/android/studio/install/3.4.1.0/android-studio-ide-183.5522156-windows.exe HTTP/1.1" 200 1017327996
05:17:56 [INFO]    🎯 84.252.136.245 (Россия) - 8.7Mbps, 592ms UDP✅ Reality [yandex.ru]
05:17:57 [DEBUG] https://cp.cloudflare.com:443 "GET / HTTP/1.1" 204 0
05:17:57 [DEBUG] Starting new HTTPS connection (1): www.gstatic.com:443
05:17:57 [INFO]    🎯 87.239.110.251 (Россия) - 3.6Mbps, 627ms UDP✅ Reality [m.vk.ru]
05:17:58 [DEBUG] Starting new HTTPS connection (1): dl.google.com:443
05:17:58 [DEBUG] https://dl.google.com:443 "GET /dl/android/studio/install/3.4.1.0/android-studio-ide-183.5522156-windows.exe HTTP/1.1" 200 1017327996
05:17:59 [DEBUG] https://www.gstatic.com:443 "GET /generate_204 HTTP/1.1" 204 0
05:17:59 [DEBUG] https://dl.google.com:443 "GET /dl/android/studio/install/3.4.1.0/android-studio-ide-183.5522156-windows.exe HTTP/1.1" 200 1017327996
05:17:59 [INFO]    🎯 84.252.136.245 (Россия) - 9.0Mbps, 599ms UDP❌ Reality [yandex.ru]
05:18:00 [INFO]    🎯 217.16.27.216 (Россия) - 2.0Mbps, 502ms UDP✅ Reality [web.max.ru]
05:18:00 [DEBUG] https://www.gstatic.com:443 "GET /generate_204 HTTP/1.1" 204 0
05:18:01 [DEBUG] Starting new HTTPS connection (1): dl.google.com:443
05:18:03 [DEBUG] Starting new HTTPS connection (1): dl.google.com:443
05:18:06 [DEBUG] https://dl.google.com:443 "GET /dl/android/studio/install/3.4.1.0/android-studio-ide-183.5522156-windows.exe HTTP/1.1" 200 1017327996
05:18:08 [DEBUG] https://dl.google.com:443 "GET /dl/android/studio/install/3.4.1.0/android-studio-ide-183.5522156-windows.exe HTTP/1.1" 200 1017327996
05:18:08 [INFO]    🎯 109.120.188.14 (Россия) - 2.4Mbps, 4200ms UDP❌ Reality [ads.x5.ru]
05:18:09 [INFO]    🎯 37.139.33.57 (Россия) - 0.9Mbps, 382ms UDP✅ Reality [m.vk.ru]
05:18:10 [INFO]    🎯 89.208.230.173 (Россия) - 1.4Mbps, 2350ms UDP✅ Reality [ads.x5.ru]
05:18:10 [INFO]    📊 Whitelist: 80/80 (100%) | ✅72 ❌8
05:18:10 [INFO] 
✅ Прошли: 86 (66 Reality), 72 WL
05:18:10 [INFO] 
══════════════════════════════════════════════════
05:18:10 [INFO] 🏆 ЭТАП 4: ФИНАЛЬНЫЙ ОТБОР
05:18:10 [INFO] ══════════════════════════════════════════════════
05:18:10 [INFO] 
📊 Пулы после фильтрации:
05:18:10 [INFO]    🎮 GAME (Reality, <150ms): 13
05:18:10 [INFO]    ⚡ UNIVERSAL: 27
05:18:10 [INFO]    🔄 WARP (Reality score≥50): 37
05:18:10 [INFO]    ⚪ WHITELIST: 72
05:18:10 [INFO] 
🎮 Выбор GAME серверов (Reality only!)...
05:18:10 [INFO]    GAME-1: 144.31.2.86 (Польша) - 141ms, 28.3Mbps, Reality✅
05:18:10 [INFO]    GAME-2: 57.129.53.182 (Германия) - 32ms, 66.0Mbps, Reality✅
05:18:10 [INFO] 
⚡ Выбор UNIVERSAL серверов (приоритет Reality)...
05:18:10 [INFO]    UNIVERSAL-1: nl04-vlr01.tcp-reset-club.net (XX) - 42.2Mbps Reality✅
05:18:10 [INFO]    UNIVERSAL-2: 91.84.109.130 (Нидерланды) - 39.2Mbps Reality✅
05:18:10 [INFO]    UNIVERSAL-3: 91.84.109.124 (Нидерланды) - 36.9Mbps Reality✅
05:18:10 [INFO] 
🔄 Выбор WARP серверов (Reality с высоким score)...
05:18:10 [INFO]    WARP-1: swe01-vlr01.tcp-reset-club.net (XX) - score=100
05:18:10 [INFO]    WARP-2: 91.84.113.47 (Нидерланды) - score=100
05:18:10 [INFO] 
⚪ Выбор WHITELIST серверов...
05:18:10 [INFO]    WHITELIST-1: 51.250.32.69 - 25.4Mbps
05:18:10 [INFO]    WHITELIST-2: 217.16.26.35 - 22.0Mbps
05:18:10 [INFO] 
✅ Итого: 9 серверов
05:18:10 [INFO] 📦 Резерв: 30 серверов
05:18:10 [INFO] 🛡️ Reality в финале: 8/9
05:18:10 [INFO] 🏆 THE FINAL 9 (Russia-Proof):
05:18:10 [INFO] 💾 Подписка: FL1PVPN (9 серверов)
05:18:10 [INFO] ✅ ГОТОВО за 301.3 сек
05:18:10 [INFO] 🛡️ Reality в финале: 8/9
