17:45:03 [INFO] 🚀 FL1P VPN V123 - RUSSIA-PROOF EDITION
17:45:03 [INFO]    ⏰ 2026-02-06 20:45:03 MSK
17:45:03 [INFO]    🛡️ Приоритет: ТОЛЬКО Reality серверы
17:45:03 [INFO]    🎮 GAME: Reality + Tier 1-2 + пинг <150ms
17:45:03 [INFO]    ⚡ UNIVERSAL: Reality приоритет
17:45:03 [INFO] 📂 История: 9029 записей
17:45:03 [INFO] 🌍 GeoIP OK
17:45:03 [INFO] 
══════════════════════════════════════════════════
17:45:03 [INFO] 📥 ЭТАП 1: СБОР
17:45:03 [INFO] ══════════════════════════════════════════════════
17:45:03 [INFO] 📥 Сбор конфигов...
17:45:03 [DEBUG] Starting new HTTPS connection (1): raw.githubusercontent.com:443
17:45:03 [DEBUG] Starting new HTTPS connection (1): raw.githubusercontent.com:443
17:45:03 [DEBUG] Starting new HTTPS connection (1): raw.githubusercontent.com:443
17:45:03 [DEBUG] Starting new HTTPS connection (1): raw.githubusercontent.com:443
17:45:03 [DEBUG] Starting new HTTPS connection (1): raw.githubusercontent.com:443
17:45:03 [DEBUG] Starting new HTTPS connection (1): raw.githubusercontent.com:443
17:45:03 [DEBUG] Starting new HTTPS connection (1): raw.githubusercontent.com:443
17:45:03 [DEBUG] Starting new HTTPS connection (1): raw.githubusercontent.com:443
17:45:03 [DEBUG] Starting new HTTPS connection (1): raw.githubusercontent.com:443
17:45:03 [DEBUG] Starting new HTTPS connection (1): raw.githubusercontent.com:443
17:45:03 [DEBUG] Starting new HTTPS connection (1): raw.githubusercontent.com:443
17:45:03 [DEBUG] Starting new HTTPS connection (1): raw.githubusercontent.com:443
17:45:04 [DEBUG] Starting new HTTPS connection (1): raw.githubusercontent.com:443
17:45:04 [DEBUG] Starting new HTTPS connection (1): raw.githubusercontent.com:443
17:45:04 [DEBUG] Starting new HTTPS connection (1): raw.githubusercontent.com:443
17:45:04 [DEBUG] https://raw.githubusercontent.com:443 "GET /soroushmirzaei/telegram-configs-collector/main/protocols/reality HTTP/1.1" 404 14
17:45:04 [DEBUG] https://raw.githubusercontent.com:443 "GET /Yebekhe/TelegramV2rayCollector/main/sub/normal/reality HTTP/1.1" 404 14
17:45:04 [DEBUG] Starting new HTTPS connection (1): raw.githubusercontent.com:443
17:45:04 [DEBUG] Starting new HTTPS connection (1): raw.githubusercontent.com:443
17:45:04 [DEBUG] https://raw.githubusercontent.com:443 "GET /Epodonios/v2ray-configs/main/Splitted-By-Protocol/vless.txt HTTP/1.1" 200 296968
17:45:04 [DEBUG] https://raw.githubusercontent.com:443 "GET /barry-far/V2ray-Configs/main/Splitted-By-Protocol/vless.txt HTTP/1.1" 404 14
17:45:04 [DEBUG] https://raw.githubusercontent.com:443 "GET /mahdibland/V2RayAggregator/master/Eternity HTTP/1.1" 200 11840
17:45:04 [DEBUG] https://raw.githubusercontent.com:443 "GET /yebekhe/TVC/main/subscriptions/xray/reality HTTP/1.1" 404 14
17:45:04 [DEBUG] Starting new HTTPS connection (1): raw.githubusercontent.com:443
17:45:04 [DEBUG] Starting new HTTPS connection (1): raw.githubusercontent.com:443
17:45:04 [DEBUG] https://raw.githubusercontent.com:443 "GET /Pawdroid/Free-servers/main/sub HTTP/1.1" 200 2348
17:45:04 [DEBUG] https://raw.githubusercontent.com:443 "GET /MrMohebi/xray-proxy-grabber-telegram/master/collected-proxies/row-url/all.txt HTTP/1.1" 200 29722
17:45:04 [DEBUG] Starting new HTTPS connection (1): t.me:443
17:45:04 [DEBUG] Starting new HTTPS connection (1): raw.githubusercontent.com:443
17:45:04 [DEBUG] https://raw.githubusercontent.com:443 "GET /lagzian/SS-Collector/main/realitiy_api.txt HTTP/1.1" 404 14
17:45:04 [DEBUG] https://raw.githubusercontent.com:443 "GET /Epodonios/v2ray-configs/main/Splitted-By-Protocol/reality.txt HTTP/1.1" 404 14
17:45:04 [DEBUG] Starting new HTTPS connection (1): t.me:443
17:45:04 [DEBUG] Starting new HTTPS connection (1): t.me:443
17:45:04 [DEBUG] https://raw.githubusercontent.com:443 "GET /mahdibland/V2RayAggregator/master/sub/splitted/reality.txt HTTP/1.1" 404 14
17:45:04 [DEBUG] Starting new HTTPS connection (1): t.me:443
17:45:04 [DEBUG] https://raw.githubusercontent.com:443 "GET /NiREvil/vless/main/sub/vless HTTP/1.1" 404 14
17:45:04 [DEBUG] Starting new HTTPS connection (1): t.me:443
17:45:04 [DEBUG] https://raw.githubusercontent.com:443 "GET /yebekhe/TVC/main/subscriptions/xray/vless HTTP/1.1" 404 14
17:45:04 [DEBUG] https://raw.githubusercontent.com:443 "GET /mfuu/v2ray/master/v2ray HTTP/1.1" 200 13458
17:45:04 [DEBUG] Starting new HTTPS connection (1): t.me:443
17:45:04 [DEBUG] https://raw.githubusercontent.com:443 "GET /peasoft/NoMoreWalls/master/list.txt HTTP/1.1" 200 11351
17:45:04 [DEBUG] Starting new HTTPS connection (1): t.me:443
17:45:04 [DEBUG] Starting new HTTPS connection (1): t.me:443
17:45:05 [DEBUG] Starting new HTTPS connection (1): t.me:443
17:45:05 [DEBUG] https://raw.githubusercontent.com:443 "GET /igareck/vpn-configs-for-russia/refs/heads/main/Vless-Reality-White-Lists-Rus-Mobile-2.txt HTTP/1.1" 200 5918
17:45:05 [DEBUG] https://raw.githubusercontent.com:443 "GET /igareck/vpn-configs-for-russia/main/Vless-Reality-White-Lists-Rus-Mobile.txt HTTP/1.1" 200 5790
17:45:05 [DEBUG] https://t.me:443 "GET /s/reality_daily HTTP/1.1" 302 20
17:45:05 [DEBUG]    🚫 Заблокированный SNI: cdn.yektanet.com
17:45:05 [DEBUG] https://t.me:443 "GET /reality_daily HTTP/1.1" 200 3656
17:45:05 [DEBUG] https://raw.githubusercontent.com:443 "GET /igareck/vpn-configs-for-russia/refs/heads/main/WHITE-CIDR-RU-all.txt HTTP/1.1" 200 17190
17:45:05 [DEBUG]    🚫 Заблокированный SNI: www.microsoft.com
17:45:05 [DEBUG] https://t.me:443 "GET /s/RealityVpnChannel HTTP/1.1" 302 20
17:45:05 [DEBUG]    🚫 Заблокированный SNI: www.microsoft.com
17:45:05 [DEBUG] Starting new HTTPS connection (1): t.me:443
17:45:05 [DEBUG] Starting new HTTPS connection (1): t.me:443
17:45:05 [DEBUG] Starting new HTTPS connection (1): t.me:443
17:45:05 [DEBUG] https://raw.githubusercontent.com:443 "GET /igareck/vpn-configs-for-russia/main/configs/vless.txt HTTP/1.1" 404 14
17:45:05 [DEBUG] Starting new HTTPS connection (1): api.github.com:443
17:45:05 [DEBUG] https://t.me:443 "GET /RealityVpnChannel HTTP/1.1" 200 3660
17:45:05 [DEBUG] Starting new HTTPS connection (1): api.github.com:443
17:45:05 [DEBUG] https://t.me:443 "GET /s/FarahVPN HTTP/1.1" 200 9857
17:45:05 [DEBUG] https://raw.githubusercontent.com:443 "GET /AvenCores/goida-vpn-configs/main/configs/vless.txt HTTP/1.1" 404 14
17:45:05 [DEBUG] https://t.me:443 "GET /s/PrivateVPNs HTTP/1.1" 200 10341
17:45:05 [DEBUG]    🚫 Заблокированный SNI: www.microsoft.com
17:45:05 [DEBUG] https://t.me:443 "GET /s/iSegaro HTTP/1.1" 200 18615
17:45:05 [DEBUG] Starting new HTTPS connection (1): api.github.com:443
17:45:05 [DEBUG] https://t.me:443 "GET /s/VlessConfig HTTP/1.1" 200 10122
17:45:05 [DEBUG] https://t.me:443 "GET /s/v2ray_configs_pool HTTP/1.1" 200 9366
17:45:05 [DEBUG] https://t.me:443 "GET /s/v2rayng_vpn HTTP/1.1" 200 15541
17:45:05 [DEBUG]    🚫 Заблокированный SNI: www.microsoft.com
17:45:05 [DEBUG]    🚫 Заблокированный SNI: www.microsoft.com
17:45:05 [DEBUG]    🚫 Заблокированный SNI: www.microsoft.com
17:45:05 [DEBUG]    🚫 Заблокированный SNI: www.microsoft.com
17:45:05 [DEBUG]    🚫 Заблокированный SNI: www.microsoft.com
17:45:05 [DEBUG]    🚫 Заблокированный SNI: www.microsoft.com
17:45:05 [DEBUG]    🚫 Заблокированный SNI: us.asbndx.com
17:45:05 [DEBUG] https://t.me:443 "GET /s/DirectVPN HTTP/1.1" 200 10036
17:45:05 [DEBUG]    🚫 Заблокированный SNI: pl.asbndx.com
17:45:05 [DEBUG]    🚫 Заблокированный SNI: de-two.asbndx.com
17:45:05 [DEBUG]    🚫 Заблокированный SNI: de-two.asbndx.com
17:45:06 [DEBUG]    🚫 Заблокированный SNI: www.microsoft.com
17:45:06 [DEBUG]    🚫 Заблокированный SNI: eset.com
17:45:06 [DEBUG]    🚫 Заблокированный SNI: learn.microsoft.com
17:45:06 [DEBUG]    🚫 Заблокированный SNI: aparat.com
17:45:06 [DEBUG]    🚫 Заблокированный SNI: tr.eu-ffast.com
17:45:06 [DEBUG]    🚫 Заблокированный SNI: www.microsoft.com
17:45:06 [DEBUG]    🚫 Заблокированный SNI: www.pinterest.com
17:45:06 [DEBUG] https://t.me:443 "GET /s/ConfigsHUB HTTP/1.1" 200 8887
17:45:06 [DEBUG] https://api.github.com:443 "GET /repos/barry-far/V2ray-Configs/issues?state=all&per_page=10 HTTP/1.1" 403 136
17:45:06 [DEBUG] https://t.me:443 "GET /s/freev2rayssr HTTP/1.1" 200 22265
17:45:06 [DEBUG] https://api.github.com:443 "GET /repos/yebekhe/TelegramV2rayCollector/issues?state=all&per_page=10 HTTP/1.1" 404 125
17:45:06 [DEBUG] https://t.me:443 "GET /s/v2ray_alpha HTTP/1.1" 200 18989
17:45:06 [DEBUG] https://api.github.com:443 "GET /repos/mahdibland/V2RayAggregator/issues?state=all&per_page=10 HTTP/1.1" 200 1949
17:45:06 [INFO] 
📊 Собрано: 2912 глобальных
17:45:06 [INFO]    🛡️ Reality: 368 (хороших: 360)
17:45:06 [INFO]    🇷🇺 Whitelist: 856
17:45:06 [INFO] 🔍 Уникальных: 1611 (277 Reality), 129 WL
17:45:06 [INFO] 
══════════════════════════════════════════════════
17:45:06 [INFO] ⚡ ЭТАП 2: TCP
17:45:06 [INFO] ══════════════════════════════════════════════════
17:45:06 [INFO]    📊 Global: 161/1611 (10%) | ✅116 ❌45
17:45:07 [INFO]    📊 Global: 322/1611 (20%) | ✅225 ❌97
17:45:08 [INFO]    📊 Global: 483/1611 (30%) | ✅298 ❌185
17:45:08 [INFO]    📊 Global: 644/1611 (40%) | ✅398 ❌246
17:45:08 [INFO]    📊 Global: 805/1611 (50%) | ✅501 ❌304
17:45:09 [INFO]    📊 Global: 966/1611 (60%) | ✅609 ❌357
17:45:09 [INFO]    📊 Global: 1127/1611 (70%) | ✅714 ❌413
17:45:10 [INFO]    📊 Global: 1288/1611 (80%) | ✅803 ❌485
17:45:10 [INFO]    📊 Global: 1449/1611 (90%) | ✅913 ❌536
17:45:14 [INFO]    📊 Global: 1610/1611 (100%) | ✅993 ❌617
17:45:26 [INFO]    📊 Whitelist: 12/129 (9%) | ✅0 ❌12
17:45:26 [INFO]    📊 Whitelist: 24/129 (19%) | ✅3 ❌21
17:45:27 [INFO]    📊 Whitelist: 36/129 (28%) | ✅12 ❌24
17:45:27 [INFO]    📊 Whitelist: 48/129 (37%) | ✅24 ❌24
17:45:27 [INFO]    📊 Whitelist: 60/129 (47%) | ✅30 ❌30
17:45:27 [INFO]    📊 Whitelist: 72/129 (56%) | ✅40 ❌32
17:45:27 [INFO]    📊 Whitelist: 84/129 (65%) | ✅51 ❌33
17:45:27 [INFO]    📊 Whitelist: 96/129 (74%) | ✅63 ❌33
17:45:27 [INFO]    📊 Whitelist: 108/129 (84%) | ✅75 ❌33
17:45:27 [INFO]    📊 Whitelist: 120/129 (93%) | ✅87 ❌33
17:45:27 [INFO] 
✅ Живых: 993 (165 Reality), 90 WL
17:45:27 [INFO] 
📊 Топ стран:
17:45:27 [INFO]    🇽🇽 XX (XX): 762 [T5]
17:45:27 [INFO]    🇳🇱 NL (Нидерланды): 46 [T3]
17:45:27 [INFO]    🇩🇪 DE (Германия): 41 [T3]
17:45:27 [INFO]    🇫🇮 FI (Финляндия): 19 [T1]
17:45:27 [INFO]    🇫🇷 FR (Франция): 14 [T4]
17:45:27 [INFO]    🇦🇪 AE (AE): 11 [T5]
17:45:27 [INFO]    🇬🇧 GB (Британия): 10 [T4]
17:45:27 [INFO]    🇲🇩 MD (Молдова): 9 [T5]
17:45:27 [INFO] 
══════════════════════════════════════════════════
17:45:27 [INFO] 🧪 ЭТАП 3: ГЛУБОКАЯ ПРОВЕРКА
17:45:27 [INFO] ══════════════════════════════════════════════════
17:45:27 [INFO]    К проверке: 400 (165 Reality), 80 WL
17:45:29 [DEBUG] Starting new HTTPS connection (1): www.google.com:443
17:45:29 [DEBUG] Starting new HTTPS connection (1): www.google.com:443
17:45:29 [DEBUG] Starting new HTTPS connection (1): www.google.com:443
17:45:29 [DEBUG] Starting new HTTPS connection (1): www.google.com:443
17:45:29 [DEBUG] Starting new HTTPS connection (1): www.google.com:443
17:45:29 [DEBUG] Starting new HTTPS connection (1): www.google.com:443
17:45:29 [DEBUG] Starting new HTTPS connection (1): www.google.com:443
17:45:29 [DEBUG] Starting new HTTPS connection (1): www.google.com:443
17:45:29 [DEBUG] Starting new HTTPS connection (1): www.google.com:443
17:45:29 [DEBUG] Starting new HTTPS connection (1): www.google.com:443
17:45:29 [DEBUG] Starting new HTTPS connection (1): cp.cloudflare.com:443
17:45:29 [DEBUG] Starting new HTTPS connection (1): www.gstatic.com:443
17:45:29 [DEBUG] https://www.google.com:443 "GET /generate_204 HTTP/1.1" 204 0
17:45:29 [DEBUG] Starting new HTTPS connection (1): cp.cloudflare.com:443
17:45:29 [DEBUG] https://cp.cloudflare.com:443 "GET / HTTP/1.1" 204 0
17:45:29 [DEBUG] Starting new HTTPS connection (1): www.gstatic.com:443
17:45:29 [DEBUG] https://www.google.com:443 "GET /generate_204 HTTP/1.1" 204 0
17:45:29 [DEBUG] Starting new HTTPS connection (1): cp.cloudflare.com:443
17:45:29 [DEBUG] https://www.gstatic.com:443 "GET /generate_204 HTTP/1.1" 204 0
17:45:29 [DEBUG] https://www.google.com:443 "GET /generate_204 HTTP/1.1" 204 0
17:45:29 [DEBUG] Starting new HTTPS connection (1): cp.cloudflare.com:443
17:45:29 [DEBUG] Starting new HTTPS connection (1): dl.google.com:443
17:45:29 [DEBUG] https://dl.google.com:443 "GET /dl/android/studio/install/3.4.1.0/android-studio-ide-183.5522156-windows.exe HTTP/1.1" 200 1017327996
17:45:29 [DEBUG] https://cp.cloudflare.com:443 "GET / HTTP/1.1" 204 0
17:45:29 [DEBUG] Starting new HTTPS connection (1): www.gstatic.com:443
17:45:29 [DEBUG] https://www.google.com:443 "GET /generate_204 HTTP/1.1" 204 0
17:45:29 [DEBUG] Starting new HTTPS connection (1): cp.cloudflare.com:443
17:45:30 [INFO]    🎯 144.31.2.86 (Польша) - 36.4Mbps, 170ms UDP✅ Reality [google.com]
17:45:30 [DEBUG] https://cp.cloudflare.com:443 "GET / HTTP/1.1" 204 0
17:45:30 [DEBUG] Starting new HTTPS connection (1): www.gstatic.com:443
17:45:30 [DEBUG] https://www.gstatic.com:443 "GET /generate_204 HTTP/1.1" 204 0
17:45:30 [DEBUG] Starting new HTTPS connection (1): www.google.com:443
17:45:30 [DEBUG] https://www.gstatic.com:443 "GET /generate_204 HTTP/1.1" 204 0
17:45:30 [DEBUG] Starting new HTTPS connection (1): dl.google.com:443
17:45:30 [DEBUG] Starting new HTTPS connection (1): cp.cloudflare.com:443
17:45:30 [DEBUG] Starting new HTTPS connection (1): www.gstatic.com:443
17:45:30 [DEBUG] Starting new HTTPS connection (1): dl.google.com:443
17:45:30 [DEBUG] https://dl.google.com:443 "GET /dl/android/studio/install/3.4.1.0/android-studio-ide-183.5522156-windows.exe HTTP/1.1" 404 1449
17:45:30 [INFO]    🎯 46.62.128.207 (Финляндия) - 0.0Mbps, 432ms UDP✅ Reality [www.cloudflare.com]
17:45:31 [DEBUG] Starting new HTTPS connection (1): www.google.com:443
17:45:31 [DEBUG] Starting new HTTPS connection (1): cp.cloudflare.com:443
17:45:31 [DEBUG] Starting new HTTPS connection (1): cp.cloudflare.com:443
17:45:31 [DEBUG] Starting new HTTPS connection (1): www.gstatic.com:443
17:45:31 [DEBUG] https://dl.google.com:443 "GET /dl/android/studio/install/3.4.1.0/android-studio-ide-183.5522156-windows.exe HTTP/1.1" 404 1449
17:45:31 [INFO]    🎯 2.56.125.209 (Польша) - 0.0Mbps, 478ms UDP✅ Reality [yahoo.com]
17:45:31 [DEBUG] Starting new HTTPS connection (1): cp.cloudflare.com:443
17:45:31 [DEBUG] Starting new HTTPS connection (1): www.google.com:443
17:45:32 [DEBUG] Starting new HTTPS connection (1): www.google.com:443
17:45:32 [DEBUG] Starting new HTTPS connection (1): cp.cloudflare.com:443
17:45:32 [DEBUG] Starting new HTTPS connection (1): www.google.com:443
17:45:32 [DEBUG] Starting new HTTPS connection (1): www.google.com:443
17:45:32 [DEBUG] Starting new HTTPS connection (1): cp.cloudflare.com:443
17:45:33 [DEBUG] https://www.google.com:443 "GET /generate_204 HTTP/1.1" 204 0
17:45:33 [DEBUG] Starting new HTTPS connection (1): cp.cloudflare.com:443
17:45:33 [DEBUG] Starting new HTTPS connection (1): www.gstatic.com:443
17:45:33 [DEBUG] Starting new HTTPS connection (1): www.gstatic.com:443
17:45:33 [DEBUG] https://cp.cloudflare.com:443 "GET / HTTP/1.1" 204 0
17:45:33 [DEBUG] Starting new HTTPS connection (1): www.gstatic.com:443
17:45:34 [DEBUG] Starting new HTTPS connection (1): cp.cloudflare.com:443
17:45:34 [DEBUG] Starting new HTTPS connection (1): cp.cloudflare.com:443
17:45:34 [DEBUG] Starting new HTTPS connection (1): www.gstatic.com:443
17:45:34 [DEBUG] https://www.google.com:443 "GET /generate_204 HTTP/1.1" 204 0
17:45:34 [DEBUG] Starting new HTTPS connection (1): cp.cloudflare.com:443
17:45:34 [DEBUG] https://cp.cloudflare.com:443 "GET / HTTP/1.1" 204 0
17:45:34 [DEBUG] Starting new HTTPS connection (1): www.gstatic.com:443
17:45:34 [DEBUG] https://www.gstatic.com:443 "GET /generate_204 HTTP/1.1" 204 0
17:45:35 [DEBUG] Starting new HTTPS connection (1): www.gstatic.com:443
17:45:35 [DEBUG] Starting new HTTPS connection (1): www.gstatic.com:443
17:45:36 [DEBUG] Starting new HTTPS connection (1): www.google.com:443
17:45:36 [DEBUG] https://www.google.com:443 "GET /generate_204 HTTP/1.1" 204 0
17:45:36 [DEBUG] Starting new HTTPS connection (1): cp.cloudflare.com:443
17:45:36 [DEBUG] https://cp.cloudflare.com:443 "GET / HTTP/1.1" 204 0
17:45:36 [DEBUG] Starting new HTTPS connection (1): www.gstatic.com:443
17:45:36 [DEBUG] Starting new HTTPS connection (1): www.google.com:443
17:45:36 [DEBUG] https://www.gstatic.com:443 "GET /generate_204 HTTP/1.1" 204 0
17:45:36 [DEBUG] https://www.google.com:443 "GET /generate_204 HTTP/1.1" 204 0
17:45:36 [DEBUG] Starting new HTTPS connection (1): cp.cloudflare.com:443
17:45:36 [DEBUG] Starting new HTTPS connection (1): dl.google.com:443
17:45:36 [DEBUG] Starting new HTTPS connection (1): cp.cloudflare.com:443
17:45:37 [DEBUG] https://dl.google.com:443 "GET /dl/android/studio/install/3.4.1.0/android-studio-ide-183.5522156-windows.exe HTTP/1.1" 200 1017327996
17:45:37 [DEBUG] https://cp.cloudflare.com:443 "GET / HTTP/1.1" 204 0
17:45:37 [DEBUG] Starting new HTTPS connection (1): www.gstatic.com:443
17:45:37 [INFO]    🎯 91.84.109.124 (Нидерланды) - 37.9Mbps, 160ms UDP✅ Reality [apple.com]
17:45:37 [DEBUG] https://www.gstatic.com:443 "GET /generate_204 HTTP/1.1" 204 0
17:45:37 [DEBUG] Starting new HTTPS connection (1): dl.google.com:443
17:45:37 [DEBUG] Starting new HTTPS connection (1): dl.google.com:443
17:45:37 [DEBUG] Starting new HTTPS connection (1): www.google.com:443
17:45:37 [DEBUG] https://dl.google.com:443 "GET /dl/android/studio/install/3.4.1.0/android-studio-ide-183.5522156-windows.exe HTTP/1.1" 200 1017327996
17:45:37 [INFO]    🎯 91.84.109.130 (Нидерланды) - 25.1Mbps, 199ms UDP✅ Reality [apple.com]
17:45:38 [DEBUG] Starting new HTTPS connection (1): www.google.com:443
17:45:38 [DEBUG] https://www.google.com:443 "GET /generate_204 HTTP/1.1" 204 0
17:45:38 [DEBUG] Starting new HTTPS connection (1): cp.cloudflare.com:443
17:45:39 [DEBUG] Starting new HTTPS connection (1): www.google.com:443
17:45:39 [DEBUG] Starting new HTTPS connection (1): www.gstatic.com:443
17:45:39 [DEBUG] Starting new HTTPS connection (1): www.gstatic.com:443
17:45:39 [DEBUG] https://cp.cloudflare.com:443 "GET / HTTP/1.1" 204 0
17:45:39 [DEBUG] Starting new HTTPS connection (1): www.gstatic.com:443
17:45:39 [DEBUG] Starting new HTTPS connection (1): www.google.com:443
17:45:39 [DEBUG] https://dl.google.com:443 "GET /dl/android/studio/install/3.4.1.0/android-studio-ide-183.5522156-windows.exe HTTP/1.1" 200 1017327996
17:45:39 [INFO]    🎯 188.253.26.39 (Нидерланды) - 5.0Mbps, 744ms UDP✅ Reality [yahoo.com]
17:45:40 [DEBUG] https://www.gstatic.com:443 "GET /generate_204 HTTP/1.1" 204 0
17:45:40 [DEBUG] Starting new HTTPS connection (1): dl.google.com:443
17:45:40 [DEBUG] https://dl.google.com:443 "GET /dl/android/studio/install/3.4.1.0/android-studio-ide-183.5522156-windows.exe HTTP/1.1" 200 1017327996
17:45:41 [INFO]    🎯 94.228.215.11 (Нидерланды) - 19.8Mbps, 979ms UDP✅ Reality [hls-svod.itunes.appl]
17:45:41 [DEBUG] Starting new HTTPS connection (1): www.google.com:443
17:45:41 [DEBUG] Starting new HTTPS connection (1): www.google.com:443
17:45:41 [DEBUG] Starting new HTTPS connection (1): www.gstatic.com:443
17:45:42 [DEBUG] Starting new HTTPS connection (1): www.google.com:443
17:45:42 [DEBUG] Starting new HTTPS connection (1): cp.cloudflare.com:443
17:45:42 [DEBUG] Starting new HTTPS connection (1): dl.google.com:443
17:45:42 [DEBUG] https://www.google.com:443 "GET /generate_204 HTTP/1.1" 204 0
17:45:42 [DEBUG] Starting new HTTPS connection (1): cp.cloudflare.com:443
17:45:43 [DEBUG] https://www.gstatic.com:443 "GET /generate_204 HTTP/1.1" 204 0
17:45:43 [DEBUG] Starting new HTTPS connection (1): cp.cloudflare.com:443
17:45:44 [DEBUG] Starting new HTTPS connection (1): www.google.com:443
17:45:44 [DEBUG] https://dl.google.com:443 "GET /dl/android/studio/install/3.4.1.0/android-studio-ide-183.5522156-windows.exe HTTP/1.1" 200 1017327996
17:45:44 [DEBUG] Starting new HTTPS connection (1): www.gstatic.com:443
17:45:44 [INFO]    🎯 91.84.113.57 (Нидерланды) - 5.2Mbps, 923ms UDP✅ Reality [apple.com]
17:45:45 [DEBUG] Starting new HTTPS connection (1): www.google.com:443
17:45:46 [DEBUG] Starting new HTTPS connection (1): www.google.com:443
17:45:46 [DEBUG] Starting new HTTPS connection (1): cp.cloudflare.com:443
17:45:46 [DEBUG] Starting new HTTPS connection (1): cp.cloudflare.com:443
17:45:46 [DEBUG] Starting new HTTPS connection (1): cp.cloudflare.com:443
17:45:47 [DEBUG] Starting new HTTPS connection (1): cp.cloudflare.com:443
17:45:47 [DEBUG] https://cp.cloudflare.com:443 "GET / HTTP/1.1" 204 0
17:45:47 [DEBUG] Starting new HTTPS connection (1): www.gstatic.com:443
17:45:48 [DEBUG] Starting new HTTPS connection (1): www.google.com:443
17:45:48 [DEBUG] Starting new HTTPS connection (1): www.gstatic.com:443
17:45:48 [DEBUG] Starting new HTTPS connection (1): cp.cloudflare.com:443
17:45:48 [DEBUG] https://www.google.com:443 "GET /generate_204 HTTP/1.1" 204 0
17:45:48 [DEBUG] Starting new HTTPS connection (1): cp.cloudflare.com:443
17:45:48 [DEBUG] Starting new HTTPS connection (1): www.gstatic.com:443
17:45:49 [DEBUG] Starting new HTTPS connection (1): www.google.com:443
17:45:49 [DEBUG] https://cp.cloudflare.com:443 "GET / HTTP/1.1" 204 0
17:45:49 [DEBUG] Starting new HTTPS connection (1): www.gstatic.com:443
17:45:49 [DEBUG] https://www.gstatic.com:443 "GET /generate_204 HTTP/1.1" 204 0
17:45:50 [DEBUG] Starting new HTTPS connection (1): cp.cloudflare.com:443
17:45:50 [DEBUG] Starting new HTTPS connection (1): dl.google.com:443
17:45:50 [DEBUG] Starting new HTTPS connection (1): www.gstatic.com:443
17:45:51 [DEBUG] https://dl.google.com:443 "GET /dl/android/studio/install/3.4.1.0/android-studio-ide-183.5522156-windows.exe HTTP/1.1" 404 1449
17:45:51 [INFO]    🎯 45.12.143.191 (Турция) - 0.0Mbps, 623ms UDP✅ Reality [yahoo.com]
17:45:51 [DEBUG] Starting new HTTPS connection (1): www.gstatic.com:443
17:45:51 [DEBUG] Starting new HTTPS connection (1): www.gstatic.com:443
17:45:52 [DEBUG] Starting new HTTPS connection (1): www.google.com:443
17:45:52 [DEBUG] Starting new HTTPS connection (1): www.gstatic.com:443
17:45:52 [DEBUG] Starting new HTTPS connection (1): www.google.com:443
17:45:52 [DEBUG] Starting new HTTPS connection (1): cp.cloudflare.com:443
17:45:52 [DEBUG] Starting new HTTPS connection (1): www.gstatic.com:443
17:45:52 [DEBUG] Starting new HTTPS connection (1): cp.cloudflare.com:443
17:45:52 [DEBUG] Starting new HTTPS connection (1): www.gstatic.com:443
17:45:53 [DEBUG] Starting new HTTPS connection (1): www.google.com:443
17:45:54 [DEBUG] Starting new HTTPS connection (1): cp.cloudflare.com:443
17:45:54 [DEBUG] https://www.gstatic.com:443 "GET /generate_204 HTTP/1.1" 204 0
17:45:54 [DEBUG] Starting new HTTPS connection (1): cp.cloudflare.com:443
17:45:54 [DEBUG] Starting new HTTPS connection (1): www.gstatic.com:443
17:45:54 [DEBUG] Starting new HTTPS connection (1): www.google.com:443
17:45:54 [DEBUG] Starting new HTTPS connection (1): www.google.com:443
17:45:54 [DEBUG] Starting new HTTPS connection (1): www.google.com:443
17:45:54 [DEBUG] Starting new HTTPS connection (1): cp.cloudflare.com:443
17:45:54 [DEBUG] Starting new HTTPS connection (1): cp.cloudflare.com:443
17:45:54 [DEBUG] Starting new HTTPS connection (1): www.gstatic.com:443
17:45:54 [DEBUG] Starting new HTTPS connection (1): www.gstatic.com:443
17:45:55 [DEBUG] Starting new HTTPS connection (1): www.gstatic.com:443
17:45:55 [DEBUG] Starting new HTTPS connection (1): www.google.com:443
17:45:56 [DEBUG] Starting new HTTPS connection (1): www.google.com:443
17:45:56 [DEBUG] Starting new HTTPS connection (1): www.google.com:443
17:45:56 [DEBUG] Starting new HTTPS connection (1): cp.cloudflare.com:443
17:45:57 [DEBUG] Starting new HTTPS connection (1): dl.google.com:443
17:45:57 [DEBUG] Starting new HTTPS connection (1): www.google.com:443
17:45:57 [DEBUG] Starting new HTTPS connection (1): www.google.com:443
17:45:57 [DEBUG] https://www.google.com:443 "GET /generate_204 HTTP/1.1" 204 0
17:45:57 [DEBUG] Starting new HTTPS connection (1): cp.cloudflare.com:443
17:45:58 [DEBUG] https://cp.cloudflare.com:443 "GET / HTTP/1.1" 204 0
17:45:58 [DEBUG] Starting new HTTPS connection (1): www.gstatic.com:443
17:45:58 [DEBUG] Starting new HTTPS connection (1): www.google.com:443
17:45:58 [DEBUG] https://www.gstatic.com:443 "GET /generate_204 HTTP/1.1" 204 0
17:45:58 [DEBUG] Starting new HTTPS connection (1): dl.google.com:443
17:45:58 [DEBUG] https://dl.google.com:443 "GET /dl/android/studio/install/3.4.1.0/android-studio-ide-183.5522156-windows.exe HTTP/1.1" 200 1017327996
17:45:59 [INFO]    🎯 swe01-vlr01.tcp-reset-club.net (XX) - 39.4Mbps, 379ms UDP✅ Reality [hls-svod.itunes.appl]
17:45:59 [DEBUG] Starting new HTTPS connection (1): www.gstatic.com:443
17:45:59 [DEBUG] Starting new HTTPS connection (1): www.gstatic.com:443
17:45:59 [DEBUG] Starting new HTTPS connection (1): cp.cloudflare.com:443
17:46:00 [DEBUG] Starting new HTTPS connection (1): www.google.com:443
17:46:00 [DEBUG] Starting new HTTPS connection (1): cp.cloudflare.com:443
17:46:00 [DEBUG] Starting new HTTPS connection (1): www.gstatic.com:443
17:46:00 [DEBUG] https://www.google.com:443 "GET /generate_204 HTTP/1.1" 204 0
17:46:00 [DEBUG] Starting new HTTPS connection (1): cp.cloudflare.com:443
17:46:00 [DEBUG] Starting new HTTPS connection (1): cp.cloudflare.com:443
17:46:01 [DEBUG] Starting new HTTPS connection (1): www.google.com:443
17:46:01 [DEBUG] Starting new HTTPS connection (1): www.google.com:443
17:46:01 [DEBUG] Starting new HTTPS connection (1): cp.cloudflare.com:443
17:46:01 [DEBUG] Starting new HTTPS connection (1): www.gstatic.com:443
17:46:02 [DEBUG] Starting new HTTPS connection (1): cp.cloudflare.com:443
17:46:02 [DEBUG] https://www.google.com:443 "GET /generate_204 HTTP/1.1" 204 0
17:46:02 [DEBUG] Starting new HTTPS connection (1): cp.cloudflare.com:443
17:46:02 [DEBUG] Starting new HTTPS connection (1): www.google.com:443
17:46:02 [DEBUG] Starting new HTTPS connection (1): cp.cloudflare.com:443
17:46:03 [DEBUG] Starting new HTTPS connection (1): www.gstatic.com:443
17:46:03 [INFO]    🎯 89.110.80.96 (Нидерланды) - 0.0Mbps, 4981ms UDP❌ Reality [github.com]
17:46:03 [DEBUG] Starting new HTTPS connection (1): www.google.com:443
17:46:03 [DEBUG] Starting new HTTPS connection (1): cp.cloudflare.com:443
17:46:03 [DEBUG] https://cp.cloudflare.com:443 "GET / HTTP/1.1" 204 0
17:46:03 [DEBUG] Starting new HTTPS connection (1): www.gstatic.com:443
17:46:03 [DEBUG] https://www.google.com:443 "GET /generate_204 HTTP/1.1" 204 0
17:46:03 [DEBUG] Starting new HTTPS connection (1): cp.cloudflare.com:443
17:46:04 [INFO]    📊 Global: 40/400 (10%) | ✅11 ❌29
17:46:04 [DEBUG] Starting new HTTPS connection (1): www.gstatic.com:443
17:46:04 [DEBUG] Starting new HTTPS connection (1): www.google.com:443
17:46:04 [DEBUG] https://cp.cloudflare.com:443 "GET / HTTP/1.1" 204 0
17:46:04 [DEBUG] Starting new HTTPS connection (1): www.google.com:443
17:46:04 [DEBUG] Starting new HTTPS connection (1): www.gstatic.com:443
17:46:04 [DEBUG] https://cp.cloudflare.com:443 "GET / HTTP/1.1" 204 0
17:46:04 [DEBUG] Starting new HTTPS connection (1): www.gstatic.com:443
17:46:05 [DEBUG] https://www.gstatic.com:443 "GET /generate_204 HTTP/1.1" 204 0
17:46:05 [DEBUG] Starting new HTTPS connection (1): www.google.com:443
17:46:05 [DEBUG] Starting new HTTPS connection (1): cp.cloudflare.com:443
17:46:05 [DEBUG] Starting new HTTPS connection (1): www.gstatic.com:443
17:46:05 [DEBUG] Starting new HTTPS connection (1): www.gstatic.com:443
17:46:05 [DEBUG] Starting new HTTPS connection (1): www.gstatic.com:443
17:46:05 [DEBUG] https://cp.cloudflare.com:443 "GET / HTTP/1.1" 204 0
17:46:05 [DEBUG] Starting new HTTPS connection (1): www.gstatic.com:443
17:46:06 [DEBUG] Starting new HTTPS connection (1): www.google.com:443
17:46:06 [DEBUG] https://www.google.com:443 "GET /generate_204 HTTP/1.1" 204 0
17:46:06 [DEBUG] Starting new HTTPS connection (1): cp.cloudflare.com:443
17:46:06 [DEBUG] Starting new HTTPS connection (1): dl.google.com:443
17:46:06 [DEBUG] Starting new HTTPS connection (1): www.google.com:443
17:46:06 [DEBUG] https://cp.cloudflare.com:443 "GET / HTTP/1.1" 204 0
17:46:06 [DEBUG] Starting new HTTPS connection (1): www.gstatic.com:443
17:46:06 [DEBUG] Starting new HTTPS connection (1): cp.cloudflare.com:443
17:46:06 [DEBUG] https://www.gstatic.com:443 "GET /generate_204 HTTP/1.1" 204 0
17:46:07 [DEBUG] https://www.gstatic.com:443 "GET /generate_204 HTTP/1.1" 204 0
17:46:07 [DEBUG] Starting new HTTPS connection (1): www.gstatic.com:443
17:46:07 [DEBUG] Starting new HTTPS connection (1): dl.google.com:443
17:46:07 [DEBUG] https://dl.google.com:443 "GET /dl/android/studio/install/3.4.1.0/android-studio-ide-183.5522156-windows.exe HTTP/1.1" 200 1017327996
17:46:08 [DEBUG] Starting new HTTPS connection (1): www.google.com:443
17:46:08 [DEBUG] Starting new HTTPS connection (1): cp.cloudflare.com:443
17:46:09 [DEBUG] Starting new HTTPS connection (1): cp.cloudflare.com:443
17:46:09 [DEBUG] Starting new HTTPS connection (1): www.google.com:443
17:46:09 [DEBUG] Starting new HTTPS connection (1): dl.google.com:443
17:46:10 [DEBUG] Starting new HTTPS connection (1): cp.cloudflare.com:443
17:46:10 [DEBUG] Starting new HTTPS connection (1): cp.cloudflare.com:443
17:46:10 [DEBUG] Starting new HTTPS connection (1): www.gstatic.com:443
17:46:12 [DEBUG] Starting new HTTPS connection (1): www.google.com:443
17:46:12 [DEBUG] Starting new HTTPS connection (1): www.google.com:443
17:46:12 [DEBUG] Starting new HTTPS connection (1): www.gstatic.com:443
17:46:12 [DEBUG] Starting new HTTPS connection (1): www.google.com:443
17:46:12 [DEBUG] Starting new HTTPS connection (1): dl.google.com:443
17:46:12 [DEBUG] https://dl.google.com:443 "GET /dl/android/studio/install/3.4.1.0/android-studio-ide-183.5522156-windows.exe HTTP/1.1" 200 1017327996
17:46:12 [DEBUG] Starting new HTTPS connection (1): cp.cloudflare.com:443
17:46:12 [DEBUG] https://dl.google.com:443 "GET /dl/android/studio/install/3.4.1.0/android-studio-ide-183.5522156-windows.exe HTTP/1.1" 200 1017327996
17:46:13 [DEBUG] Starting new HTTPS connection (1): www.gstatic.com:443
17:46:13 [DEBUG] https://www.google.com:443 "GET /generate_204 HTTP/1.1" 204 0
17:46:13 [DEBUG] Starting new HTTPS connection (1): cp.cloudflare.com:443
17:46:13 [INFO]    🎯 nl04-vlr01.tcp-reset-club.net (XX) - 2.2Mbps, 278ms UDP✅ Reality [hls-svod.itunes.appl]
17:46:13 [DEBUG] Starting new HTTPS connection (1): www.gstatic.com:443
17:46:13 [INFO]    🎯 nl01-gmn02-vlr01.tcp-reset-club.net (XX) - 3.6Mbps, 2732ms UDP❌ Reality [hls-svod.itunes.appl]
17:46:14 [DEBUG] https://cp.cloudflare.com:443 "GET / HTTP/1.1" 204 0
17:46:14 [DEBUG] Starting new HTTPS connection (1): www.gstatic.com:443
17:46:14 [DEBUG] Starting new HTTPS connection (1): www.google.com:443
17:46:14 [DEBUG] Starting new HTTPS connection (1): www.gstatic.com:443
17:46:14 [DEBUG] Starting new HTTPS connection (1): www.google.com:443
17:46:14 [DEBUG] Starting new HTTPS connection (1): www.google.com:443
17:46:15 [DEBUG] https://www.gstatic.com:443 "GET /generate_204 HTTP/1.1" 204 0
17:46:15 [DEBUG] Starting new HTTPS connection (1): cp.cloudflare.com:443
17:46:16 [DEBUG] Starting new HTTPS connection (1): dl.google.com:443
17:46:16 [DEBUG] Starting new HTTPS connection (1): www.google.com:443
17:46:16 [DEBUG] https://dl.google.com:443 "GET /dl/android/studio/install/3.4.1.0/android-studio-ide-183.5522156-windows.exe HTTP/1.1" 200 1017327996
17:46:16 [INFO]    🎯 94.131.8.19 (Молдова) - 1.3Mbps, 613ms UDP✅ Reality [yahoo.com]
17:46:16 [DEBUG] Starting new HTTPS connection (1): www.google.com:443
17:46:17 [DEBUG] Starting new HTTPS connection (1): www.google.com:443
17:46:18 [DEBUG] Starting new HTTPS connection (1): cp.cloudflare.com:443
17:46:18 [DEBUG] Starting new HTTPS connection (1): www.gstatic.com:443
17:46:18 [DEBUG] https://www.google.com:443 "GET /generate_204 HTTP/1.1" 204 0
17:46:18 [DEBUG] Starting new HTTPS connection (1): cp.cloudflare.com:443
17:46:18 [DEBUG] Starting new HTTPS connection (1): www.gstatic.com:443
17:46:19 [DEBUG] Starting new HTTPS connection (1): cp.cloudflare.com:443
17:46:19 [DEBUG] Starting new HTTPS connection (1): cp.cloudflare.com:443
17:46:20 [DEBUG] Starting new HTTPS connection (1): www.google.com:443
17:46:20 [DEBUG] Starting new HTTPS connection (1): www.google.com:443
17:46:20 [DEBUG] Starting new HTTPS connection (1): cp.cloudflare.com:443
17:46:21 [DEBUG] Starting new HTTPS connection (1): cp.cloudflare.com:443
17:46:21 [DEBUG] https://dl.google.com:443 "GET /dl/android/studio/install/3.4.1.0/android-studio-ide-183.5522156-windows.exe HTTP/1.1" 404 1449
17:46:21 [INFO]    🎯 83.222.23.81 (KZ) - 0.0Mbps, 1059ms UDP✅ Reality [yahoo.com]
17:46:22 [DEBUG] Starting new HTTPS connection (1): www.google.com:443
17:46:23 [DEBUG] Starting new HTTPS connection (1): cp.cloudflare.com:443
17:46:23 [DEBUG] Starting new HTTPS connection (1): www.google.com:443
17:46:23 [DEBUG] Starting new HTTPS connection (1): www.gstatic.com:443
17:46:24 [DEBUG] Starting new HTTPS connection (1): www.gstatic.com:443
17:46:24 [DEBUG] Starting new HTTPS connection (1): www.gstatic.com:443
17:46:24 [DEBUG] Starting new HTTPS connection (1): www.gstatic.com:443
17:46:25 [DEBUG] https://www.google.com:443 "GET /generate_204 HTTP/1.1" 204 0
17:46:25 [DEBUG] Starting new HTTPS connection (1): cp.cloudflare.com:443
17:46:25 [DEBUG] Starting new HTTPS connection (1): cp.cloudflare.com:443
17:46:25 [DEBUG] Starting new HTTPS connection (1): cp.cloudflare.com:443
17:46:25 [DEBUG] Starting new HTTPS connection (1): www.gstatic.com:443
17:46:26 [DEBUG] Starting new HTTPS connection (1): www.google.com:443
17:46:26 [DEBUG] https://cp.cloudflare.com:443 "GET / HTTP/1.1" 204 0
17:46:26 [DEBUG] Starting new HTTPS connection (1): www.gstatic.com:443
17:46:26 [DEBUG] Starting new HTTPS connection (1): www.gstatic.com:443
17:46:26 [DEBUG] https://www.gstatic.com:443 "GET /generate_204 HTTP/1.1" 204 0
17:46:27 [DEBUG] Starting new HTTPS connection (1): www.google.com:443
17:46:27 [DEBUG] Starting new HTTPS connection (1): www.gstatic.com:443
17:46:27 [DEBUG] https://www.gstatic.com:443 "GET /generate_204 HTTP/1.1" 204 0
17:46:28 [DEBUG] https://www.google.com:443 "GET /generate_204 HTTP/1.1" 204 0
17:46:28 [DEBUG] Starting new HTTPS connection (1): cp.cloudflare.com:443
17:46:28 [DEBUG] Starting new HTTPS connection (1): dl.google.com:443
17:46:28 [DEBUG] https://www.google.com:443 "GET /generate_204 HTTP/1.1" 204 0
17:46:28 [DEBUG] Starting new HTTPS connection (1): cp.cloudflare.com:443
17:46:29 [DEBUG] https://cp.cloudflare.com:443 "GET / HTTP/1.1" 204 0
17:46:29 [DEBUG] Starting new HTTPS connection (1): www.gstatic.com:443
17:46:29 [DEBUG] https://www.gstatic.com:443 "GET /generate_204 HTTP/1.1" 204 0
17:46:29 [DEBUG] https://cp.cloudflare.com:443 "GET / HTTP/1.1" 204 0
17:46:29 [DEBUG] Starting new HTTPS connection (1): www.gstatic.com:443
17:46:29 [DEBUG] Starting new HTTPS connection (1): dl.google.com:443
17:46:29 [DEBUG] https://dl.google.com:443 "GET /dl/android/studio/install/3.4.1.0/android-studio-ide-183.5522156-windows.exe HTTP/1.1" 200 1017327996
17:46:29 [DEBUG] Starting new HTTPS connection (1): www.google.com:443
17:46:30 [DEBUG] Starting new HTTPS connection (1): www.gstatic.com:443
17:46:30 [DEBUG] https://www.google.com:443 "GET /generate_204 HTTP/1.1" 204 0
17:46:30 [DEBUG] Starting new HTTPS connection (1): cp.cloudflare.com:443
17:46:30 [DEBUG] Starting new HTTPS connection (1): www.google.com:443
17:46:30 [DEBUG] https://dl.google.com:443 "GET /dl/android/studio/install/3.4.1.0/android-studio-ide-183.5522156-windows.exe HTTP/1.1" 200 1017327996
17:46:30 [DEBUG] Starting new HTTPS connection (1): www.google.com:443
17:46:31 [DEBUG] https://www.gstatic.com:443 "GET /generate_204 HTTP/1.1" 204 0
17:46:31 [DEBUG] https://cp.cloudflare.com:443 "GET / HTTP/1.1" 204 0
17:46:31 [DEBUG] Starting new HTTPS connection (1): www.gstatic.com:443
17:46:31 [DEBUG] https://www.gstatic.com:443 "GET /generate_204 HTTP/1.1" 204 0
17:46:31 [INFO]    🎯 kr01-vlr01.tcp-reset-club.net (XX) - 4.2Mbps, 1429ms UDP✅ Reality [hls-svod.itunes.appl]
17:46:32 [DEBUG] https://www.google.com:443 "GET /generate_204 HTTP/1.1" 204 0
17:46:32 [DEBUG] Starting new HTTPS connection (1): cp.cloudflare.com:443
17:46:32 [DEBUG] https://www.gstatic.com:443 "GET /generate_204 HTTP/1.1" 204 0
17:46:32 [DEBUG] Starting new HTTPS connection (1): www.google.com:443
17:46:32 [DEBUG] Starting new HTTPS connection (1): dl.google.com:443
17:46:32 [DEBUG] Starting new HTTPS connection (1): www.google.com:443
17:46:32 [DEBUG] Starting new HTTPS connection (1): dl.google.com:443
17:46:32 [DEBUG] https://cp.cloudflare.com:443 "GET / HTTP/1.1" 204 0
17:46:32 [DEBUG] Starting new HTTPS connection (1): www.gstatic.com:443
17:46:32 [DEBUG] Starting new HTTPS connection (1): www.google.com:443
17:46:33 [DEBUG] Starting new HTTPS connection (1): cp.cloudflare.com:443
17:46:33 [DEBUG] Starting new HTTPS connection (1): www.google.com:443
17:46:33 [DEBUG] Starting new HTTPS connection (1): www.gstatic.com:443
17:46:33 [DEBUG] Starting new HTTPS connection (1): cp.cloudflare.com:443
17:46:33 [DEBUG] Starting new HTTPS connection (1): www.gstatic.com:443
17:46:33 [DEBUG] https://www.gstatic.com:443 "GET /generate_204 HTTP/1.1" 204 0
17:46:33 [DEBUG] https://dl.google.com:443 "GET /dl/android/studio/install/3.4.1.0/android-studio-ide-183.5522156-windows.exe HTTP/1.1" 200 1017327996
17:46:33 [DEBUG] https://www.google.com:443 "GET /generate_204 HTTP/1.1" 204 0
17:46:33 [DEBUG] Starting new HTTPS connection (1): cp.cloudflare.com:443
17:46:34 [DEBUG] Starting new HTTPS connection (1): dl.google.com:443
17:46:34 [DEBUG] Starting new HTTPS connection (1): www.google.com:443
17:46:34 [DEBUG] https://dl.google.com:443 "GET /dl/android/studio/install/3.4.1.0/android-studio-ide-183.5522156-windows.exe HTTP/1.1" 200 1017327996
17:46:34 [DEBUG] Starting new HTTPS connection (1): www.google.com:443
17:46:34 [DEBUG] Starting new HTTPS connection (1): cp.cloudflare.com:443
17:46:34 [DEBUG] Starting new HTTPS connection (1): cp.cloudflare.com:443
17:46:34 [DEBUG] https://www.google.com:443 "GET /generate_204 HTTP/1.1" 204 0
17:46:34 [DEBUG] Starting new HTTPS connection (1): cp.cloudflare.com:443
17:46:34 [DEBUG] Starting new HTTPS connection (1): www.gstatic.com:443
17:46:34 [DEBUG] Starting new HTTPS connection (1): www.gstatic.com:443
17:46:36 [DEBUG] https://www.google.com:443 "GET /generate_204 HTTP/1.1" 204 0
17:46:36 [DEBUG] Starting new HTTPS connection (1): cp.cloudflare.com:443
17:46:36 [DEBUG] Starting new HTTPS connection (1): www.google.com:443
17:46:36 [DEBUG] Starting new HTTPS connection (1): www.google.com:443
17:46:36 [DEBUG] https://www.google.com:443 "GET /generate_204 HTTP/1.1" 204 0
17:46:36 [DEBUG] Starting new HTTPS connection (1): cp.cloudflare.com:443
17:46:36 [DEBUG] https://www.google.com:443 "GET /generate_204 HTTP/1.1" 204 0
17:46:36 [DEBUG] Starting new HTTPS connection (1): cp.cloudflare.com:443
17:46:36 [DEBUG] https://cp.cloudflare.com:443 "GET / HTTP/1.1" 204 0
17:46:36 [DEBUG] Starting new HTTPS connection (1): www.gstatic.com:443
17:46:36 [DEBUG] https://cp.cloudflare.com:443 "GET / HTTP/1.1" 204 0
17:46:36 [DEBUG] Starting new HTTPS connection (1): www.gstatic.com:443
17:46:36 [DEBUG] https://www.gstatic.com:443 "GET /generate_204 HTTP/1.1" 204 0
17:46:36 [DEBUG] https://www.gstatic.com:443 "GET /generate_204 HTTP/1.1" 204 0
17:46:36 [DEBUG] Starting new HTTPS connection (1): dl.google.com:443
17:46:36 [DEBUG] Starting new HTTPS connection (1): dl.google.com:443
17:46:36 [DEBUG] https://cp.cloudflare.com:443 "GET / HTTP/1.1" 204 0
17:46:36 [DEBUG] Starting new HTTPS connection (1): www.gstatic.com:443
17:46:36 [DEBUG] https://dl.google.com:443 "GET /dl/android/studio/install/3.4.1.0/android-studio-ide-183.5522156-windows.exe HTTP/1.1" 200 1017327996
17:46:36 [DEBUG] https://cp.cloudflare.com:443 "GET / HTTP/1.1" 204 0
17:46:36 [DEBUG] Starting new HTTPS connection (1): www.gstatic.com:443
17:46:36 [INFO]    🎯 57.129.53.182 (Германия) - 52.4Mbps, 46ms UDP✅ Reality [fuck.rkn]
17:46:36 [DEBUG] https://dl.google.com:443 "GET /dl/android/studio/install/3.4.1.0/android-studio-ide-183.5522156-windows.exe HTTP/1.1" 404 1449
17:46:36 [INFO]    🎯 57.129.49.1 (Германия) - 0.0Mbps, 38ms UDP✅ Reality [fuck.rkn]
17:46:37 [DEBUG] Starting new HTTPS connection (1): www.google.com:443
17:46:37 [DEBUG] Starting new HTTPS connection (1): www.google.com:443
17:46:38 [INFO]    🎯 38.60.212.251 (JP) - 0.0Mbps, 1711ms UDP✅ Reality [mensura.cdn-apple.co]
17:46:38 [DEBUG] https://www.gstatic.com:443 "GET /generate_204 HTTP/1.1" 204 0
17:46:39 [DEBUG] https://www.gstatic.com:443 "GET /generate_204 HTTP/1.1" 204 0
17:46:39 [DEBUG] Starting new HTTPS connection (1): www.google.com:443
17:46:39 [DEBUG] Starting new HTTPS connection (1): www.gstatic.com:443
17:46:40 [DEBUG] Starting new HTTPS connection (1): cp.cloudflare.com:443
17:46:41 [DEBUG] Starting new HTTPS connection (1): dl.google.com:443
17:46:41 [DEBUG] Starting new HTTPS connection (1): cp.cloudflare.com:443
17:46:42 [DEBUG] Starting new HTTPS connection (1): dl.google.com:443
17:46:42 [DEBUG] Starting new HTTPS connection (1): www.gstatic.com:443
17:46:42 [DEBUG] https://dl.google.com:443 "GET /dl/android/studio/install/3.4.1.0/android-studio-ide-183.5522156-windows.exe HTTP/1.1" 404 1449
17:46:42 [INFO]    🎯 65.108.108.151 (Финляндия) - 0.0Mbps, 2157ms UDP❌ Reality [fit.jojack.ru]
17:46:42 [DEBUG] Starting new HTTPS connection (1): cp.cloudflare.com:443
17:46:43 [DEBUG] Starting new HTTPS connection (1): www.google.com:443
17:46:43 [DEBUG] Starting new HTTPS connection (1): www.gstatic.com:443
17:46:44 [INFO]    🎯 ten5.astralweb.tech (XX) - 0.4Mbps, 1437ms UDP❌ Reality [apple.com]
17:46:44 [DEBUG] https://dl.google.com:443 "GET /dl/android/studio/install/3.4.1.0/android-studio-ide-183.5522156-windows.exe HTTP/1.1" 200 1017327996
17:46:45 [DEBUG] Starting new HTTPS connection (1): www.google.com:443
17:46:46 [DEBUG] Starting new HTTPS connection (1): www.google.com:443
17:46:46 [DEBUG] Starting new HTTPS connection (1): www.google.com:443
17:46:46 [DEBUG] https://www.google.com:443 "GET /generate_204 HTTP/1.1" 204 0
17:46:46 [DEBUG] Starting new HTTPS connection (1): cp.cloudflare.com:443
17:46:46 [DEBUG] https://cp.cloudflare.com:443 "GET / HTTP/1.1" 204 0
17:46:46 [DEBUG] Starting new HTTPS connection (1): www.gstatic.com:443
17:46:46 [DEBUG] Starting new HTTPS connection (1): cp.cloudflare.com:443
17:46:46 [DEBUG] https://www.gstatic.com:443 "GET /generate_204 HTTP/1.1" 204 0
17:46:46 [DEBUG] Starting new HTTPS connection (1): www.google.com:443
17:46:47 [DEBUG] https://www.google.com:443 "GET /generate_204 HTTP/1.1" 204 0
17:46:47 [DEBUG] Starting new HTTPS connection (1): cp.cloudflare.com:443
17:46:47 [DEBUG] https://cp.cloudflare.com:443 "GET / HTTP/1.1" 204 0
17:46:47 [DEBUG] Starting new HTTPS connection (1): www.gstatic.com:443
17:46:47 [DEBUG] https://www.gstatic.com:443 "GET /generate_204 HTTP/1.1" 204 0
17:46:47 [DEBUG] Starting new HTTPS connection (1): dl.google.com:443
17:46:47 [DEBUG] Starting new HTTPS connection (1): dl.google.com:443
17:46:47 [DEBUG] Starting new HTTPS connection (1): cp.cloudflare.com:443
17:46:47 [DEBUG] https://dl.google.com:443 "GET /dl/android/studio/install/3.4.1.0/android-studio-ide-183.5522156-windows.exe HTTP/1.1" 200 1017327996
17:46:47 [INFO]    🎯 152.53.51.199 (Австрия) - 43.0Mbps, 114ms UDP✅ Reality [au.denditop.site]
17:46:47 [DEBUG] Starting new HTTPS connection (1): www.gstatic.com:443
17:46:48 [DEBUG] https://dl.google.com:443 "GET /dl/android/studio/install/3.4.1.0/android-studio-ide-183.5522156-windows.exe HTTP/1.1" 200 1017327996
17:46:48 [INFO]    🎯 51.158.206.80 (Нидерланды) - 15.2Mbps, 297ms UDP✅ Reality [fuck.rkn]
17:46:48 [INFO]    📊 Global: 80/400 (20%) | ✅23 ❌57
17:46:48 [DEBUG] Starting new HTTPS connection (1): www.gstatic.com:443
17:46:48 [DEBUG] Starting new HTTPS connection (1): www.google.com:443
17:46:49 [DEBUG] https://www.google.com:443 "GET /generate_204 HTTP/1.1" 204 0
17:46:49 [DEBUG] Starting new HTTPS connection (1): cp.cloudflare.com:443
17:46:49 [DEBUG] https://cp.cloudflare.com:443 "GET / HTTP/1.1" 204 0
17:46:49 [DEBUG] Starting new HTTPS connection (1): www.gstatic.com:443
17:46:49 [DEBUG] https://www.gstatic.com:443 "GET /generate_204 HTTP/1.1" 204 0
17:46:49 [DEBUG] Starting new HTTPS connection (1): dl.google.com:443
17:46:49 [DEBUG] Starting new HTTPS connection (1): www.gstatic.com:443
17:46:49 [DEBUG] Starting new HTTPS connection (1): www.google.com:443
17:46:49 [DEBUG] https://dl.google.com:443 "GET /dl/android/studio/install/3.4.1.0/android-studio-ide-183.5522156-windows.exe HTTP/1.1" 200 1017327996
17:46:49 [INFO]    🎯 51.158.206.103 (Нидерланды) - 51.0Mbps, 168ms UDP✅ Reality [fuck.rkn]
17:46:50 [DEBUG] Starting new HTTPS connection (1): www.google.com:443
17:46:51 [DEBUG] Starting new HTTPS connection (1): cp.cloudflare.com:443
17:46:51 [DEBUG] https://www.google.com:443 "GET /generate_204 HTTP/1.1" 204 0
17:46:51 [DEBUG] Starting new HTTPS connection (1): cp.cloudflare.com:443
17:46:51 [DEBUG] https://cp.cloudflare.com:443 "GET / HTTP/1.1" 204 0
17:46:51 [DEBUG] Starting new HTTPS connection (1): www.gstatic.com:443
17:46:51 [DEBUG] https://www.gstatic.com:443 "GET /generate_204 HTTP/1.1" 204 0
17:46:51 [DEBUG] Starting new HTTPS connection (1): www.google.com:443
17:46:51 [DEBUG] Starting new HTTPS connection (1): dl.google.com:443
17:46:52 [DEBUG] https://dl.google.com:443 "GET /dl/android/studio/install/3.4.1.0/android-studio-ide-183.5522156-windows.exe HTTP/1.1" 200 1017327996
17:46:52 [DEBUG] Starting new HTTPS connection (1): www.google.com:443
17:46:52 [DEBUG] https://www.google.com:443 "GET /generate_204 HTTP/1.1" 204 0
17:46:52 [DEBUG] Starting new HTTPS connection (1): cp.cloudflare.com:443
17:46:53 [DEBUG] https://cp.cloudflare.com:443 "GET / HTTP/1.1" 204 0
17:46:53 [DEBUG] Starting new HTTPS connection (1): www.gstatic.com:443
17:46:53 [DEBUG] https://www.gstatic.com:443 "GET /generate_204 HTTP/1.1" 204 0
17:46:53 [DEBUG] Starting new HTTPS connection (1): dl.google.com:443
17:46:53 [INFO]    🎯 138.124.79.9 (Нидерланды) - 6.6Mbps, 285ms UDP✅ Reality [sun6-21.userapi.com]
17:46:54 [DEBUG] Starting new HTTPS connection (1): www.google.com:443
17:46:54 [DEBUG] https://dl.google.com:443 "GET /dl/android/studio/install/3.4.1.0/android-studio-ide-183.5522156-windows.exe HTTP/1.1" 200 1017327996
17:46:54 [DEBUG] https://www.google.com:443 "GET /generate_204 HTTP/1.1" 204 0
17:46:54 [DEBUG] Starting new HTTPS connection (1): cp.cloudflare.com:443
17:46:54 [INFO]    🎯 151.236.15.72 (Германия) - 11.1Mbps, 174ms UDP✅ Reality [opensuse.org]
17:46:54 [DEBUG] Starting new HTTPS connection (1): cp.cloudflare.com:443
17:46:54 [DEBUG] https://cp.cloudflare.com:443 "GET / HTTP/1.1" 204 0
17:46:54 [DEBUG] Starting new HTTPS connection (1): www.gstatic.com:443
17:46:55 [DEBUG] Starting new HTTPS connection (1): www.google.com:443
17:46:55 [DEBUG] https://www.google.com:443 "GET /generate_204 HTTP/1.1" 204 0
17:46:55 [DEBUG] Starting new HTTPS connection (1): cp.cloudflare.com:443
17:46:55 [DEBUG] https://cp.cloudflare.com:443 "GET / HTTP/1.1" 204 0
17:46:55 [DEBUG] Starting new HTTPS connection (1): www.gstatic.com:443
17:46:55 [DEBUG] https://www.gstatic.com:443 "GET /generate_204 HTTP/1.1" 204 0
17:46:55 [DEBUG] Starting new HTTPS connection (1): dl.google.com:443
17:46:55 [DEBUG] https://dl.google.com:443 "GET /dl/android/studio/install/3.4.1.0/android-studio-ide-183.5522156-windows.exe HTTP/1.1" 200 1017327996
17:46:55 [DEBUG] Starting new HTTPS connection (1): www.google.com:443
17:46:55 [DEBUG] https://www.gstatic.com:443 "GET /generate_204 HTTP/1.1" 204 0
17:46:55 [DEBUG] Starting new HTTPS connection (1): dl.google.com:443
17:46:55 [DEBUG] https://www.google.com:443 "GET /generate_204 HTTP/1.1" 204 0
17:46:55 [DEBUG] Starting new HTTPS connection (1): cp.cloudflare.com:443
17:46:56 [INFO]    🎯 195.26.224.102 (Нидерланды) - 30.4Mbps, 129ms UDP✅ Reality [vk.com]
17:46:56 [DEBUG] Starting new HTTPS connection (1): www.gstatic.com:443
17:46:56 [DEBUG] https://cp.cloudflare.com:443 "GET / HTTP/1.1" 204 0
17:46:56 [DEBUG] Starting new HTTPS connection (1): www.gstatic.com:443
17:46:56 [DEBUG] https://www.gstatic.com:443 "GET /generate_204 HTTP/1.1" 204 0
17:46:56 [DEBUG] https://dl.google.com:443 "GET /dl/android/studio/install/3.4.1.0/android-studio-ide-183.5522156-windows.exe HTTP/1.1" 200 1017327996
17:46:56 [DEBUG] Starting new HTTPS connection (1): dl.google.com:443
17:46:56 [DEBUG] https://dl.google.com:443 "GET /dl/android/studio/install/3.4.1.0/android-studio-ide-183.5522156-windows.exe HTTP/1.1" 200 1017327996
17:46:56 [INFO]    🎯 144.31.198.228 (Германия) - 17.9Mbps, 563ms UDP✅ Reality [canva.com]
17:46:56 [INFO]    🎯 195.26.224.112 (Нидерланды) - 23.0Mbps, 175ms UDP✅ Reality [vk.com]
17:46:56 [DEBUG] Starting new HTTPS connection (1): cp.cloudflare.com:443
17:46:57 [DEBUG] Starting new HTTPS connection (1): www.google.com:443
17:46:57 [DEBUG] Starting new HTTPS connection (1): www.google.com:443
17:46:57 [DEBUG] Starting new HTTPS connection (1): cp.cloudflare.com:443
17:46:57 [DEBUG] Starting new HTTPS connection (1): www.gstatic.com:443
17:46:58 [DEBUG] Starting new HTTPS connection (1): www.google.com:443
17:46:58 [DEBUG] Starting new HTTPS connection (1): www.gstatic.com:443
17:46:59 [DEBUG] Starting new HTTPS connection (1): www.google.com:443
17:46:59 [DEBUG] Starting new HTTPS connection (1): cp.cloudflare.com:443
17:46:59 [DEBUG] Starting new HTTPS connection (1): www.gstatic.com:443
17:46:59 [DEBUG] Starting new HTTPS connection (1): www.gstatic.com:443
17:47:00 [DEBUG] Starting new HTTPS connection (1): www.google.com:443
17:47:01 [DEBUG] Starting new HTTPS connection (1): cp.cloudflare.com:443
17:47:01 [DEBUG] https://www.gstatic.com:443 "GET /generate_204 HTTP/1.1" 204 0
17:47:01 [DEBUG] Starting new HTTPS connection (1): www.gstatic.com:443
17:47:02 [DEBUG] Starting new HTTPS connection (1): www.google.com:443
17:47:02 [INFO]    🎯 212.34.153.15 (Нидерланды) - 0.4Mbps, 688ms UDP✅ Reality [apple.com]
17:47:02 [DEBUG] Starting new HTTPS connection (1): cp.cloudflare.com:443
17:47:02 [DEBUG] Starting new HTTPS connection (1): www.google.com:443
17:47:02 [DEBUG] https://www.google.com:443 "GET /generate_204 HTTP/1.1" 204 0
17:47:02 [DEBUG] Starting new HTTPS connection (1): cp.cloudflare.com:443
17:47:02 [DEBUG] https://www.google.com:443 "GET /generate_204 HTTP/1.1" 204 0
17:47:02 [DEBUG] Starting new HTTPS connection (1): cp.cloudflare.com:443
17:47:02 [INFO]    🎯 185.21.14.122 (Нидерланды) - 0.4Mbps, 576ms UDP✅ Reality [apple.com]
17:47:02 [DEBUG] https://cp.cloudflare.com:443 "GET / HTTP/1.1" 204 0
17:47:02 [DEBUG] Starting new HTTPS connection (1): www.gstatic.com:443
17:47:02 [DEBUG] Starting new HTTPS connection (1): www.google.com:443
17:47:02 [DEBUG] https://cp.cloudflare.com:443 "GET / HTTP/1.1" 204 0
17:47:02 [DEBUG] Starting new HTTPS connection (1): www.gstatic.com:443
17:47:02 [DEBUG] Starting new HTTPS connection (1): cp.cloudflare.com:443
17:47:03 [DEBUG] https://www.google.com:443 "GET /generate_204 HTTP/1.1" 204 0
17:47:03 [DEBUG] Starting new HTTPS connection (1): cp.cloudflare.com:443
17:47:03 [DEBUG] Starting new HTTPS connection (1): www.gstatic.com:443
17:47:03 [DEBUG] https://cp.cloudflare.com:443 "GET / HTTP/1.1" 204 0
17:47:03 [DEBUG] Starting new HTTPS connection (1): www.gstatic.com:443
17:47:03 [DEBUG] https://www.gstatic.com:443 "GET /generate_204 HTTP/1.1" 204 0
17:47:03 [DEBUG] Starting new HTTPS connection (1): www.google.com:443
17:47:03 [DEBUG] https://www.gstatic.com:443 "GET /generate_204 HTTP/1.1" 204 0
17:47:03 [DEBUG] Starting new HTTPS connection (1): dl.google.com:443
17:47:03 [DEBUG] Starting new HTTPS connection (1): www.google.com:443
17:47:03 [DEBUG] Starting new HTTPS connection (1): dl.google.com:443
17:47:03 [DEBUG] https://dl.google.com:443 "GET /dl/android/studio/install/3.4.1.0/android-studio-ide-183.5522156-windows.exe HTTP/1.1" 200 1017327996
17:47:03 [DEBUG] Starting new HTTPS connection (1): www.google.com:443
17:47:03 [INFO]    🎯 de4.socialup.live (XX) - 39.3Mbps, 183ms UDP✅ Reality [web.max.ru]
17:47:03 [DEBUG] Starting new HTTPS connection (1): cp.cloudflare.com:443
17:47:04 [DEBUG] https://dl.google.com:443 "GET /dl/android/studio/install/3.4.1.0/android-studio-ide-183.5522156-windows.exe HTTP/1.1" 200 1017327996
17:47:04 [DEBUG] Starting new HTTPS connection (1): www.google.com:443
17:47:04 [DEBUG] Starting new HTTPS connection (1): www.gstatic.com:443
17:47:04 [DEBUG] Starting new HTTPS connection (1): cp.cloudflare.com:443
17:47:04 [DEBUG] Starting new HTTPS connection (1): www.gstatic.com:443
17:47:04 [INFO]    🎯 91.107.121.223 (Британия) - 11.9Mbps, 411ms UDP✅ Reality [sun6-21.userapi.com]
17:47:05 [DEBUG] Starting new HTTPS connection (1): www.google.com:443
17:47:05 [DEBUG] https://www.google.com:443 "GET /generate_204 HTTP/1.1" 204 0
17:47:05 [DEBUG] Starting new HTTPS connection (1): cp.cloudflare.com:443
17:47:05 [DEBUG] https://cp.cloudflare.com:443 "GET / HTTP/1.1" 204 0
17:47:05 [DEBUG] Starting new HTTPS connection (1): www.gstatic.com:443
17:47:05 [DEBUG] https://www.gstatic.com:443 "GET /generate_204 HTTP/1.1" 204 0
17:47:05 [DEBUG] Starting new HTTPS connection (1): dl.google.com:443
17:47:05 [DEBUG] Starting new HTTPS connection (1): cp.cloudflare.com:443
17:47:05 [DEBUG] https://dl.google.com:443 "GET /dl/android/studio/install/3.4.1.0/android-studio-ide-183.5522156-windows.exe HTTP/1.1" 404 1449
17:47:05 [INFO]    🎯 partners.dissertationhelpspecialist.com (XX) - 0.0Mbps, 111ms UDP✅ Reality [tgju.org]
17:47:05 [DEBUG] Starting new HTTPS connection (1): www.google.com:443
17:47:05 [DEBUG] Starting new HTTPS connection (1): cp.cloudflare.com:443
17:47:05 [DEBUG] Starting new HTTPS connection (1): www.google.com:443
17:47:05 [DEBUG] Starting new HTTPS connection (1): www.google.com:443
17:47:05 [DEBUG] https://www.gstatic.com:443 "GET /generate_204 HTTP/1.1" 204 0
17:47:06 [DEBUG] Starting new HTTPS connection (1): cp.cloudflare.com:443
17:47:06 [DEBUG] Starting new HTTPS connection (1): cp.cloudflare.com:443
17:47:06 [DEBUG] Starting new HTTPS connection (1): www.gstatic.com:443
17:47:06 [DEBUG] Starting new HTTPS connection (1): www.gstatic.com:443
17:47:06 [DEBUG] Starting new HTTPS connection (1): www.google.com:443
17:47:06 [DEBUG] https://www.google.com:443 "GET /generate_204 HTTP/1.1" 204 0
17:47:06 [DEBUG] Starting new HTTPS connection (1): cp.cloudflare.com:443
17:47:07 [DEBUG] https://cp.cloudflare.com:443 "GET / HTTP/1.1" 204 0
17:47:07 [DEBUG] Starting new HTTPS connection (1): www.gstatic.com:443
17:47:07 [DEBUG] https://www.gstatic.com:443 "GET /generate_204 HTTP/1.1" 204 0
17:47:07 [DEBUG] Starting new HTTPS connection (1): dl.google.com:443
17:47:07 [DEBUG] Starting new HTTPS connection (1): dl.google.com:443
17:47:07 [DEBUG] Starting new HTTPS connection (1): www.gstatic.com:443
17:47:07 [DEBUG] https://dl.google.com:443 "GET /dl/android/studio/install/3.4.1.0/android-studio-ide-183.5522156-windows.exe HTTP/1.1" 200 1017327996
17:47:07 [INFO]    🎯 7.zaravds.cfd (XX) - 52.2Mbps, 91ms UDP✅ Reality [refersion.com]
17:47:07 [DEBUG] https://dl.google.com:443 "GET /dl/android/studio/install/3.4.1.0/android-studio-ide-183.5522156-windows.exe HTTP/1.1" 200 1017327996
17:47:07 [INFO]    🎯 217.13.104.149 (Венгрия) - 29.2Mbps, 2653ms UDP✅ Reality [travel.yandex.ru]
17:47:07 [DEBUG] Starting new HTTPS connection (1): www.gstatic.com:443
17:47:07 [DEBUG] Starting new HTTPS connection (1): www.google.com:443
17:47:07 [DEBUG] Starting new HTTPS connection (1): www.google.com:443
17:47:07 [DEBUG] Starting new HTTPS connection (1): www.gstatic.com:443
17:47:07 [DEBUG] Starting new HTTPS connection (1): cp.cloudflare.com:443
17:47:08 [DEBUG] Starting new HTTPS connection (1): www.gstatic.com:443
17:47:08 [DEBUG] Starting new HTTPS connection (1): cp.cloudflare.com:443
17:47:08 [DEBUG] Starting new HTTPS connection (1): www.gstatic.com:443
17:47:08 [DEBUG] Starting new HTTPS connection (1): www.google.com:443
17:47:08 [DEBUG] Starting new HTTPS connection (1): cp.cloudflare.com:443
17:47:08 [DEBUG] Starting new HTTPS connection (1): www.gstatic.com:443
17:47:08 [DEBUG] Starting new HTTPS connection (1): www.google.com:443
17:47:08 [DEBUG] Starting new HTTPS connection (1): cp.cloudflare.com:443
17:47:09 [DEBUG] Starting new HTTPS connection (1): cp.cloudflare.com:443
17:47:09 [DEBUG] Starting new HTTPS connection (1): www.gstatic.com:443
17:47:09 [DEBUG] Starting new HTTPS connection (1): www.google.com:443
17:47:09 [DEBUG] Starting new HTTPS connection (1): www.google.com:443
17:47:09 [DEBUG] Starting new HTTPS connection (1): cp.cloudflare.com:443
17:47:09 [DEBUG] Starting new HTTPS connection (1): www.gstatic.com:443
17:47:09 [INFO]    🎯 77.238.231.156 (Нидерланды) - 0.4Mbps, 864ms UDP✅ Reality [apple.com]
17:47:10 [DEBUG] Starting new HTTPS connection (1): www.google.com:443
17:47:10 [DEBUG] Starting new HTTPS connection (1): www.google.com:443
17:47:10 [DEBUG] https://www.google.com:443 "GET /generate_204 HTTP/1.1" 204 0
17:47:10 [DEBUG] Starting new HTTPS connection (1): cp.cloudflare.com:443
17:47:10 [DEBUG] https://www.google.com:443 "GET /generate_204 HTTP/1.1" 204 0
17:47:10 [DEBUG] Starting new HTTPS connection (1): cp.cloudflare.com:443
17:47:11 [DEBUG] Starting new HTTPS connection (1): www.google.com:443
17:47:11 [DEBUG] Starting new HTTPS connection (1): www.google.com:443
17:47:11 [DEBUG] Starting new HTTPS connection (1): www.google.com:443
17:47:11 [DEBUG] Starting new HTTPS connection (1): www.google.com:443
17:47:11 [DEBUG] Starting new HTTPS connection (1): cp.cloudflare.com:443
17:47:11 [DEBUG] Starting new HTTPS connection (1): cp.cloudflare.com:443
17:47:11 [DEBUG] Starting new HTTPS connection (1): www.gstatic.com:443
17:47:11 [DEBUG] https://cp.cloudflare.com:443 "GET / HTTP/1.1" 204 0
17:47:11 [DEBUG] Starting new HTTPS connection (1): www.gstatic.com:443
17:47:12 [DEBUG] Starting new HTTPS connection (1): cp.cloudflare.com:443
17:47:12 [DEBUG] https://cp.cloudflare.com:443 "GET / HTTP/1.1" 204 0
17:47:12 [DEBUG] Starting new HTTPS connection (1): www.gstatic.com:443
17:47:12 [DEBUG] https://www.gstatic.com:443 "GET /generate_204 HTTP/1.1" 204 0
17:47:12 [DEBUG] Starting new HTTPS connection (1): dl.google.com:443
17:47:12 [DEBUG] Starting new HTTPS connection (1): www.gstatic.com:443
17:47:12 [DEBUG] Starting new HTTPS connection (1): www.google.com:443
17:47:12 [DEBUG] https://www.gstatic.com:443 "GET /generate_204 HTTP/1.1" 204 0
17:47:13 [DEBUG] Starting new HTTPS connection (1): dl.google.com:443
17:47:13 [DEBUG] Starting new HTTPS connection (1): www.google.com:443
17:47:13 [DEBUG] Starting new HTTPS connection (1): cp.cloudflare.com:443
17:47:13 [DEBUG] Starting new HTTPS connection (1): www.gstatic.com:443
17:47:13 [DEBUG] https://dl.google.com:443 "GET /dl/android/studio/install/3.4.1.0/android-studio-ide-183.5522156-windows.exe HTTP/1.1" 200 1017327996
17:47:14 [DEBUG] Starting new HTTPS connection (1): www.gstatic.com:443
17:47:15 [DEBUG] Starting new HTTPS connection (1): www.google.com:443
17:47:15 [DEBUG] Starting new HTTPS connection (1): cp.cloudflare.com:443
17:47:15 [DEBUG] Starting new HTTPS connection (1): www.google.com:443
17:47:15 [DEBUG] Starting new HTTPS connection (1): www.gstatic.com:443
17:47:15 [INFO]    📊 Global: 120/400 (30%) | ✅37 ❌83
17:47:15 [DEBUG] Starting new HTTPS connection (1): cp.cloudflare.com:443
17:47:15 [DEBUG] https://www.google.com:443 "GET /generate_204 HTTP/1.1" 204 0
17:47:15 [DEBUG] Starting new HTTPS connection (1): cp.cloudflare.com:443
17:47:16 [DEBUG] https://cp.cloudflare.com:443 "GET / HTTP/1.1" 204 0
17:47:16 [DEBUG] Starting new HTTPS connection (1): www.gstatic.com:443
17:47:16 [DEBUG] Starting new HTTPS connection (1): cp.cloudflare.com:443
17:47:16 [DEBUG] Starting new HTTPS connection (1): www.gstatic.com:443
17:47:16 [DEBUG] https://www.gstatic.com:443 "GET /generate_204 HTTP/1.1" 204 0
17:47:16 [DEBUG] Starting new HTTPS connection (1): www.google.com:443
17:47:17 [DEBUG] Starting new HTTPS connection (1): dl.google.com:443
17:47:17 [DEBUG] Starting new HTTPS connection (1): www.google.com:443
17:47:17 [DEBUG] https://dl.google.com:443 "GET /dl/android/studio/install/3.4.1.0/android-studio-ide-183.5522156-windows.exe HTTP/1.1" 200 1017327996
17:47:17 [DEBUG] https://www.google.com:443 "GET /generate_204 HTTP/1.1" 204 0
17:47:17 [DEBUG] Starting new HTTPS connection (1): cp.cloudflare.com:443
17:47:18 [INFO]    🎯 91.84.113.114 (Нидерланды) - 0.3Mbps, 2688ms UDP❌ Reality [apple.com]
17:47:18 [DEBUG] https://cp.cloudflare.com:443 "GET / HTTP/1.1" 204 0
17:47:18 [DEBUG] Starting new HTTPS connection (1): www.gstatic.com:443
17:47:18 [DEBUG] https://cp.cloudflare.com:443 "GET / HTTP/1.1" 204 0
17:47:18 [DEBUG] Starting new HTTPS connection (1): www.gstatic.com:443
17:47:18 [DEBUG] Starting new HTTPS connection (1): www.gstatic.com:443
17:47:18 [DEBUG] https://www.gstatic.com:443 "GET /generate_204 HTTP/1.1" 204 0
17:47:18 [DEBUG] https://www.gstatic.com:443 "GET /generate_204 HTTP/1.1" 204 0
17:47:18 [DEBUG] https://www.google.com:443 "GET /generate_204 HTTP/1.1" 204 0
17:47:18 [DEBUG] Starting new HTTPS connection (1): cp.cloudflare.com:443
17:47:18 [DEBUG] Starting new HTTPS connection (1): dl.google.com:443
17:47:19 [INFO]    🎯 api-c1.wiki-mobile-two.com (XX) - 0.0Mbps, 934ms UDP✅ Reality [pimg.mycdn.me]
17:47:19 [INFO]    🎯 ilta-wzxrxkdhbjpnprhkkpplsjwawhssvollvxzdhqshiqckwdgrdm.orbnet.xyz (XX) - 6.0Mbps, 523ms UDP✅ Reality [i2pd.website]
17:47:19 [DEBUG] Starting new HTTPS connection (1): www.google.com:443
17:47:19 [DEBUG] https://dl.google.com:443 "GET /dl/android/studio/install/3.4.1.0/android-studio-ide-183.5522156-windows.exe HTTP/1.1" 200 1017327996
17:47:19 [DEBUG] https://www.google.com:443 "GET /generate_204 HTTP/1.1" 204 0
17:47:19 [DEBUG] Starting new HTTPS connection (1): cp.cloudflare.com:443
17:47:20 [INFO]    🎯 103.113.70.30 (Молдова) - 11.7Mbps, 376ms UDP✅ Reality [tradingview.com]
17:47:20 [DEBUG] https://cp.cloudflare.com:443 "GET / HTTP/1.1" 204 0
17:47:20 [DEBUG] Starting new HTTPS connection (1): www.gstatic.com:443
17:47:20 [DEBUG] Starting new HTTPS connection (1): cp.cloudflare.com:443
17:47:20 [DEBUG] Starting new HTTPS connection (1): www.google.com:443
17:47:20 [DEBUG] Starting new HTTPS connection (1): www.google.com:443
17:47:20 [DEBUG] https://www.gstatic.com:443 "GET /generate_204 HTTP/1.1" 204 0
17:47:20 [DEBUG] https://www.google.com:443 "GET /generate_204 HTTP/1.1" 204 0
17:47:20 [DEBUG] Starting new HTTPS connection (1): cp.cloudflare.com:443
17:47:20 [DEBUG] Starting new HTTPS connection (1): dl.google.com:443
17:47:21 [DEBUG] Starting new HTTPS connection (1): www.google.com:443
17:47:21 [DEBUG] https://cp.cloudflare.com:443 "GET / HTTP/1.1" 204 0
17:47:21 [DEBUG] Starting new HTTPS connection (1): www.gstatic.com:443
17:47:21 [DEBUG] Starting new HTTPS connection (1): www.google.com:443
17:47:21 [DEBUG] https://dl.google.com:443 "GET /dl/android/studio/install/3.4.1.0/android-studio-ide-183.5522156-windows.exe HTTP/1.1" 200 1017327996
17:47:21 [DEBUG] https://www.gstatic.com:443 "GET /generate_204 HTTP/1.1" 204 0
17:47:21 [DEBUG] Starting new HTTPS connection (1): cp.cloudflare.com:443
17:47:21 [DEBUG] Starting new HTTPS connection (1): dl.google.com:443
17:47:21 [DEBUG] Starting new HTTPS connection (1): cp.cloudflare.com:443
17:47:21 [INFO]    🎯 94.131.101.203 (Молдова) - 11.9Mbps, 362ms UDP✅ Reality [tradingview.com]
17:47:21 [DEBUG] Starting new HTTPS connection (1): dl.google.com:443
17:47:22 [DEBUG] https://dl.google.com:443 "GET /dl/android/studio/install/3.4.1.0/android-studio-ide-183.5522156-windows.exe HTTP/1.1" 200 1017327996
17:47:22 [DEBUG] Starting new HTTPS connection (1): www.gstatic.com:443
17:47:22 [DEBUG] https://dl.google.com:443 "GET /dl/android/studio/install/3.4.1.0/android-studio-ide-183.5522156-windows.exe HTTP/1.1" 200 1017327996
17:47:22 [DEBUG] Starting new HTTPS connection (1): www.gstatic.com:443
17:47:22 [INFO]    🎯 45.83.140.34 (CY) - 11.8Mbps, 364ms UDP✅ Reality [tradingview.com]
17:47:23 [DEBUG] Starting new HTTPS connection (1): www.google.com:443
17:47:23 [DEBUG] https://cp.cloudflare.com:443 "GET / HTTP/1.1" 204 0
17:47:23 [DEBUG] Starting new HTTPS connection (1): www.gstatic.com:443
17:47:23 [DEBUG] Starting new HTTPS connection (1): www.google.com:443
17:47:24 [DEBUG] Starting new HTTPS connection (1): www.google.com:443
17:47:24 [DEBUG] Starting new HTTPS connection (1): www.google.com:443
17:47:24 [DEBUG] Starting new HTTPS connection (1): www.google.com:443
17:47:24 [DEBUG] https://www.gstatic.com:443 "GET /generate_204 HTTP/1.1" 204 0
17:47:24 [DEBUG] Starting new HTTPS connection (1): cp.cloudflare.com:443
17:47:24 [INFO]    🎯 dd.openaccessnode.com (XX) - 5.0Mbps, 1322ms UDP❌ Reality [nobitex.ir]
17:47:24 [DEBUG] Starting new HTTPS connection (1): www.gstatic.com:443
17:47:25 [DEBUG] Starting new HTTPS connection (1): cp.cloudflare.com:443
17:47:25 [DEBUG] Starting new HTTPS connection (1): www.google.com:443
17:47:26 [DEBUG] Starting new HTTPS connection (1): www.google.com:443
17:47:26 [DEBUG] https://www.google.com:443 "GET /generate_204 HTTP/1.1" 204 0
17:47:26 [DEBUG] Starting new HTTPS connection (1): cp.cloudflare.com:443
17:47:26 [DEBUG] https://www.google.com:443 "GET /generate_204 HTTP/1.1" 204 0
17:47:26 [DEBUG] Starting new HTTPS connection (1): cp.cloudflare.com:443
17:47:26 [DEBUG] https://www.google.com:443 "GET /generate_204 HTTP/1.1" 204 0
17:47:26 [DEBUG] Starting new HTTPS connection (1): cp.cloudflare.com:443
17:47:27 [DEBUG] Starting new HTTPS connection (1): dl.google.com:443
17:47:27 [DEBUG] Starting new HTTPS connection (1): www.gstatic.com:443
17:47:28 [DEBUG] https://cp.cloudflare.com:443 "GET / HTTP/1.1" 204 0
17:47:28 [DEBUG] Starting new HTTPS connection (1): www.gstatic.com:443
17:47:28 [DEBUG] Starting new HTTPS connection (1): cp.cloudflare.com:443
17:47:28 [DEBUG] https://cp.cloudflare.com:443 "GET / HTTP/1.1" 204 0
17:47:28 [DEBUG] Starting new HTTPS connection (1): www.gstatic.com:443
17:47:29 [DEBUG] Starting new HTTPS connection (1): cp.cloudflare.com:443
17:47:29 [DEBUG] https://cp.cloudflare.com:443 "GET / HTTP/1.1" 204 0
17:47:29 [DEBUG] Starting new HTTPS connection (1): www.gstatic.com:443
17:47:30 [DEBUG] Starting new HTTPS connection (1): www.gstatic.com:443
17:47:30 [DEBUG] Starting new HTTPS connection (1): cp.cloudflare.com:443
17:47:31 [DEBUG] https://www.gstatic.com:443 "GET /generate_204 HTTP/1.1" 204 0
17:47:32 [DEBUG] https://www.gstatic.com:443 "GET /generate_204 HTTP/1.1" 204 0
17:47:32 [DEBUG] Starting new HTTPS connection (1): dl.google.com:443
17:47:33 [INFO]    🎯 midorinote.ru (XX) - 0.0Mbps, 2043ms UDP❌ Reality [tradingview.com]
17:47:33 [DEBUG] Starting new HTTPS connection (1): www.gstatic.com:443
17:47:34 [DEBUG] Starting new HTTPS connection (1): www.google.com:443
17:47:34 [DEBUG] Starting new HTTPS connection (1): www.gstatic.com:443
17:47:34 [DEBUG] Starting new HTTPS connection (1): dl.google.com:443
17:47:34 [DEBUG] Starting new HTTPS connection (1): www.google.com:443
17:47:35 [DEBUG] Starting new HTTPS connection (1): www.gstatic.com:443
17:47:36 [DEBUG] Starting new HTTPS connection (1): dl.google.com:443
17:47:36 [DEBUG] Starting new HTTPS connection (1): www.google.com:443
17:47:38 [DEBUG] https://dl.google.com:443 "GET /dl/android/studio/install/3.4.1.0/android-studio-ide-183.5522156-windows.exe HTTP/1.1" 200 1017327996
17:47:38 [DEBUG] https://dl.google.com:443 "GET /dl/android/studio/install/3.4.1.0/android-studio-ide-183.5522156-windows.exe HTTP/1.1" 200 1017327996
17:47:38 [DEBUG] https://www.google.com:443 "GET /generate_204 HTTP/1.1" 204 0
17:47:38 [DEBUG] Starting new HTTPS connection (1): cp.cloudflare.com:443
17:47:39 [DEBUG] Starting new HTTPS connection (1): cp.cloudflare.com:443
17:47:39 [DEBUG] Starting new HTTPS connection (1): www.google.com:443
17:47:40 [DEBUG] Starting new HTTPS connection (1): www.google.com:443
17:47:40 [DEBUG] https://www.google.com:443 "GET /generate_204 HTTP/1.1" 204 0
17:47:40 [DEBUG] Starting new HTTPS connection (1): cp.cloudflare.com:443
17:47:40 [INFO]    🎯 gr.nodesecure.ru (XX) - 1.6Mbps, 2862ms UDP✅ Reality [eh.vk.com]
17:47:40 [INFO]    🎯 panelsaf.netvip1.ru (XX) - 0.5Mbps, 623ms UDP✅ Reality [refersion.com]
17:47:40 [DEBUG] Starting new HTTPS connection (1): www.google.com:443
17:47:40 [DEBUG] https://cp.cloudflare.com:443 "GET / HTTP/1.1" 204 0
17:47:40 [DEBUG] Starting new HTTPS connection (1): www.gstatic.com:443
17:47:40 [DEBUG] https://www.gstatic.com:443 "GET /generate_204 HTTP/1.1" 204 0
17:47:40 [DEBUG] Starting new HTTPS connection (1): dl.google.com:443
17:47:41 [DEBUG] https://dl.google.com:443 "GET /dl/android/studio/install/3.4.1.0/android-studio-ide-183.5522156-windows.exe HTTP/1.1" 200 1017327996
17:47:41 [DEBUG] https://dl.google.com:443 "GET /dl/android/studio/install/3.4.1.0/android-studio-ide-183.5522156-windows.exe HTTP/1.1" 200 1017327996
17:47:41 [INFO]    🎯 217.154.254.198 (Германия) - 46.8Mbps, 164ms UDP✅ Reality [azure.com]
17:47:41 [DEBUG] https://www.google.com:443 "GET /generate_204 HTTP/1.1" 204 0
17:47:41 [DEBUG] Starting new HTTPS connection (1): cp.cloudflare.com:443
17:47:41 [DEBUG] Starting new HTTPS connection (1): cp.cloudflare.com:443
17:47:41 [DEBUG] Starting new HTTPS connection (1): www.google.com:443
17:47:41 [DEBUG] Starting new HTTPS connection (1): www.google.com:443
17:47:41 [DEBUG] Starting new HTTPS connection (1): cp.cloudflare.com:443
17:47:42 [DEBUG] Starting new HTTPS connection (1): www.gstatic.com:443
17:47:42 [DEBUG] https://www.google.com:443 "GET /generate_204 HTTP/1.1" 204 0
17:47:42 [DEBUG] Starting new HTTPS connection (1): cp.cloudflare.com:443
17:47:42 [DEBUG] https://cp.cloudflare.com:443 "GET / HTTP/1.1" 204 0
17:47:42 [DEBUG] Starting new HTTPS connection (1): www.gstatic.com:443
17:47:42 [DEBUG] Starting new HTTPS connection (1): www.google.com:443
17:47:42 [DEBUG] https://www.gstatic.com:443 "GET /generate_204 HTTP/1.1" 204 0
17:47:42 [DEBUG] Starting new HTTPS connection (1): dl.google.com:443
17:47:43 [DEBUG] Starting new HTTPS connection (1): www.google.com:443
17:47:43 [DEBUG] Starting new HTTPS connection (1): cp.cloudflare.com:443
17:47:43 [DEBUG] Starting new HTTPS connection (1): www.gstatic.com:443
17:47:44 [DEBUG] Starting new HTTPS connection (1): www.gstatic.com:443
17:47:44 [DEBUG] https://www.google.com:443 "GET /generate_204 HTTP/1.1" 204 0
17:47:44 [DEBUG] Starting new HTTPS connection (1): cp.cloudflare.com:443
17:47:44 [INFO]    🎯 v622430.hosted-by-vdsina.com (XX) - 1.5Mbps, 1334ms UDP❌ Reality [sun6-21.userapi.com]
17:47:46 [DEBUG] Starting new HTTPS connection (1): www.google.com:443
17:47:46 [DEBUG] Starting new HTTPS connection (1): www.gstatic.com:443
17:47:46 [DEBUG] Starting new HTTPS connection (1): cp.cloudflare.com:443
17:47:46 [DEBUG] Starting new HTTPS connection (1): www.gstatic.com:443
17:47:46 [DEBUG] Starting new HTTPS connection (1): www.gstatic.com:443
17:47:46 [DEBUG] Starting new HTTPS connection (1): www.gstatic.com:443
17:47:46 [DEBUG] https://www.gstatic.com:443 "GET /generate_204 HTTP/1.1" 204 0
17:47:47 [DEBUG] https://www.google.com:443 "GET /generate_204 HTTP/1.1" 204 0
17:47:47 [DEBUG] Starting new HTTPS connection (1): cp.cloudflare.com:443
17:47:47 [DEBUG] Starting new HTTPS connection (1): www.google.com:443
17:47:48 [DEBUG] https://dl.google.com:443 "GET /dl/android/studio/install/3.4.1.0/android-studio-ide-183.5522156-windows.exe HTTP/1.1" 200 1017327996
17:47:48 [INFO]    🎯 95.141.35.101 (Италия) - 2.2Mbps, 251ms UDP✅ Reality [aws.com]
17:47:49 [DEBUG] Starting new HTTPS connection (1): cp.cloudflare.com:443
17:47:49 [DEBUG] Starting new HTTPS connection (1): www.google.com:443
17:47:49 [DEBUG] Starting new HTTPS connection (1): www.google.com:443
17:47:49 [DEBUG] Starting new HTTPS connection (1): www.gstatic.com:443
17:47:49 [DEBUG] Starting new HTTPS connection (1): www.google.com:443
17:47:49 [DEBUG] Starting new HTTPS connection (1): dl.google.com:443
17:47:50 [DEBUG] Starting new HTTPS connection (1): cp.cloudflare.com:443
17:47:50 [DEBUG] Starting new HTTPS connection (1): www.google.com:443
17:47:50 [DEBUG] https://www.gstatic.com:443 "GET /generate_204 HTTP/1.1" 204 0
17:47:50 [DEBUG] Starting new HTTPS connection (1): www.gstatic.com:443
17:47:51 [DEBUG] Starting new HTTPS connection (1): cp.cloudflare.com:443
17:47:51 [DEBUG] Starting new HTTPS connection (1): www.gstatic.com:443
17:47:51 [DEBUG] Starting new HTTPS connection (1): www.gstatic.com:443
17:47:51 [DEBUG] https://cp.cloudflare.com:443 "GET / HTTP/1.1" 204 0
17:47:51 [DEBUG] Starting new HTTPS connection (1): www.gstatic.com:443
17:47:51 [DEBUG] Starting new HTTPS connection (1): cp.cloudflare.com:443
17:47:52 [DEBUG] https://dl.google.com:443 "GET /dl/android/studio/install/3.4.1.0/android-studio-ide-183.5522156-windows.exe HTTP/1.1" 200 1017327996
17:47:52 [DEBUG] Starting new HTTPS connection (1): www.google.com:443
17:47:52 [DEBUG] Starting new HTTPS connection (1): www.google.com:443
17:47:53 [DEBUG] Starting new HTTPS connection (1): cp.cloudflare.com:443
17:47:53 [DEBUG] Starting new HTTPS connection (1): www.google.com:443
17:47:53 [DEBUG] https://www.google.com:443 "GET /generate_204 HTTP/1.1" 204 0
17:47:53 [DEBUG] Starting new HTTPS connection (1): cp.cloudflare.com:443
17:47:53 [DEBUG] Starting new HTTPS connection (1): www.gstatic.com:443
17:47:53 [DEBUG] Starting new HTTPS connection (1): dl.google.com:443
17:47:54 [DEBUG] Starting new HTTPS connection (1): www.gstatic.com:443
17:47:54 [DEBUG] https://cp.cloudflare.com:443 "GET / HTTP/1.1" 204 0
17:47:54 [DEBUG] Starting new HTTPS connection (1): www.gstatic.com:443
17:47:54 [DEBUG] https://www.gstatic.com:443 "GET /generate_204 HTTP/1.1" 204 0
17:47:55 [DEBUG] Starting new HTTPS connection (1): www.google.com:443
17:47:55 [DEBUG] Starting new HTTPS connection (1): cp.cloudflare.com:443
17:47:55 [DEBUG] Starting new HTTPS connection (1): www.gstatic.com:443
17:47:55 [DEBUG] Starting new HTTPS connection (1): cp.cloudflare.com:443
17:47:55 [DEBUG] Starting new HTTPS connection (1): www.google.com:443
17:47:55 [DEBUG] Starting new HTTPS connection (1): dl.google.com:443
17:47:55 [DEBUG] https://dl.google.com:443 "GET /dl/android/studio/install/3.4.1.0/android-studio-ide-183.5522156-windows.exe HTTP/1.1" 200 1017327996
17:47:55 [INFO]    🎯 152.53.182.235 (Австрия) - 2.2Mbps, 638ms UDP❌ Reality [live.com]
17:47:56 [DEBUG] Starting new HTTPS connection (1): cp.cloudflare.com:443
17:47:56 [DEBUG] https://dl.google.com:443 "GET /dl/android/studio/install/3.4.1.0/android-studio-ide-183.5522156-windows.exe HTTP/1.1" 200 1017327996
17:47:56 [INFO]    🎯 158.58.172.189 (Италия) - 4.5Mbps, 1089ms UDP❌ Reality [aws.com]
17:47:56 [DEBUG] Starting new HTTPS connection (1): www.google.com:443
17:47:56 [DEBUG] https://www.google.com:443 "GET /generate_204 HTTP/1.1" 204 0
17:47:56 [DEBUG] Starting new HTTPS connection (1): cp.cloudflare.com:443
17:47:56 [DEBUG] Starting new HTTPS connection (1): www.google.com:443
17:47:57 [DEBUG] https://cp.cloudflare.com:443 "GET / HTTP/1.1" 204 0
17:47:57 [DEBUG] Starting new HTTPS connection (1): www.gstatic.com:443
17:47:57 [DEBUG] https://www.gstatic.com:443 "GET /generate_204 HTTP/1.1" 204 0
17:47:57 [DEBUG] Starting new HTTPS connection (1): dl.google.com:443
17:47:57 [DEBUG] Starting new HTTPS connection (1): www.google.com:443
17:47:57 [DEBUG] Starting new HTTPS connection (1): www.google.com:443
17:47:57 [DEBUG] Starting new HTTPS connection (1): cp.cloudflare.com:443
17:47:57 [DEBUG] https://dl.google.com:443 "GET /dl/android/studio/install/3.4.1.0/android-studio-ide-183.5522156-windows.exe HTTP/1.1" 200 1017327996
17:47:57 [DEBUG] Starting new HTTPS connection (1): www.gstatic.com:443
17:47:58 [INFO]    🎯 94.103.1.230 (Нидерланды) - 28.6Mbps, 271ms UDP✅ Reality [sun6-21.userapi.com]
17:47:58 [INFO]    📊 Global: 160/400 (40%) | ✅53 ❌107
17:47:58 [INFO]    🎯 srv4.outlinekeys.com (XX) - 4.2Mbps, 1718ms UDP✅ Reality [sun1-90.userapi.com]
17:47:58 [DEBUG] Starting new HTTPS connection (1): www.gstatic.com:443
17:47:58 [DEBUG] Starting new HTTPS connection (1): www.gstatic.com:443
17:47:58 [DEBUG] Starting new HTTPS connection (1): cp.cloudflare.com:443
17:47:59 [DEBUG] Starting new HTTPS connection (1): www.google.com:443
17:47:59 [DEBUG] Starting new HTTPS connection (1): www.google.com:443
17:47:59 [DEBUG] Starting new HTTPS connection (1): cp.cloudflare.com:443
17:47:59 [DEBUG] Starting new HTTPS connection (1): www.gstatic.com:443
17:47:59 [DEBUG] Starting new HTTPS connection (1): cp.cloudflare.com:443
17:47:59 [DEBUG] Starting new HTTPS connection (1): www.google.com:443
17:47:59 [DEBUG] Starting new HTTPS connection (1): dl.google.com:443
17:47:59 [DEBUG] Starting new HTTPS connection (1): cp.cloudflare.com:443
17:47:59 [DEBUG] Starting new HTTPS connection (1): www.gstatic.com:443
17:48:00 [DEBUG] Starting new HTTPS connection (1): cp.cloudflare.com:443
17:48:00 [DEBUG] Starting new HTTPS connection (1): www.google.com:443
17:48:00 [DEBUG] Starting new HTTPS connection (1): cp.cloudflare.com:443
17:48:00 [DEBUG] Starting new HTTPS connection (1): www.gstatic.com:443
17:48:00 [DEBUG] Starting new HTTPS connection (1): www.gstatic.com:443
17:48:01 [DEBUG] Starting new HTTPS connection (1): www.gstatic.com:443
17:48:01 [DEBUG] Starting new HTTPS connection (1): www.google.com:443
17:48:01 [DEBUG] Starting new HTTPS connection (1): cp.cloudflare.com:443
17:48:01 [DEBUG] Starting new HTTPS connection (1): www.gstatic.com:443
17:48:01 [DEBUG] Starting new HTTPS connection (1): www.gstatic.com:443
17:48:02 [DEBUG] Starting new HTTPS connection (1): www.google.com:443
17:48:02 [DEBUG] Starting new HTTPS connection (1): cp.cloudflare.com:443
17:48:02 [DEBUG] https://dl.google.com:443 "GET /dl/android/studio/install/3.4.1.0/android-studio-ide-183.5522156-windows.exe HTTP/1.1" 200 1017327996
17:48:02 [DEBUG] Starting new HTTPS connection (1): www.google.com:443
17:48:02 [DEBUG] Starting new HTTPS connection (1): www.gstatic.com:443
17:48:02 [DEBUG] Starting new HTTPS connection (1): cp.cloudflare.com:443
17:48:02 [DEBUG] Starting new HTTPS connection (1): www.gstatic.com:443
17:48:02 [INFO]    🎯 95.141.36.10 (Италия) - 5.0Mbps, 4690ms UDP❌ Reality [aws.com]
17:48:02 [DEBUG] Starting new HTTPS connection (1): www.google.com:443
17:48:02 [DEBUG] Starting new HTTPS connection (1): cp.cloudflare.com:443
17:48:02 [DEBUG] Starting new HTTPS connection (1): www.gstatic.com:443
17:48:03 [DEBUG] Starting new HTTPS connection (1): www.google.com:443
17:48:03 [DEBUG] Starting new HTTPS connection (1): www.google.com:443
17:48:03 [DEBUG] Starting new HTTPS connection (1): www.google.com:443
17:48:03 [DEBUG] Starting new HTTPS connection (1): cp.cloudflare.com:443
17:48:03 [DEBUG] Starting new HTTPS connection (1): cp.cloudflare.com:443
17:48:03 [DEBUG] Starting new HTTPS connection (1): www.gstatic.com:443
17:48:03 [DEBUG] Starting new HTTPS connection (1): www.gstatic.com:443
17:48:03 [DEBUG] Starting new HTTPS connection (1): cp.cloudflare.com:443
17:48:03 [DEBUG] Starting new HTTPS connection (1): www.gstatic.com:443
17:48:04 [DEBUG] Starting new HTTPS connection (1): www.google.com:443
17:48:04 [DEBUG] Starting new HTTPS connection (1): www.google.com:443
17:48:04 [DEBUG] Starting new HTTPS connection (1): www.google.com:443
17:48:04 [DEBUG] Starting new HTTPS connection (1): cp.cloudflare.com:443
17:48:04 [DEBUG] Starting new HTTPS connection (1): cp.cloudflare.com:443
17:48:04 [DEBUG] Starting new HTTPS connection (1): cp.cloudflare.com:443
17:48:04 [DEBUG] Starting new HTTPS connection (1): www.gstatic.com:443
17:48:04 [DEBUG] Starting new HTTPS connection (1): cp.cloudflare.com:443
17:48:04 [DEBUG] Starting new HTTPS connection (1): www.google.com:443
17:48:04 [DEBUG] Starting new HTTPS connection (1): www.gstatic.com:443
17:48:04 [DEBUG] Starting new HTTPS connection (1): www.gstatic.com:443
17:48:04 [DEBUG] Starting new HTTPS connection (1): www.google.com:443
17:48:04 [DEBUG] Starting new HTTPS connection (1): cp.cloudflare.com:443
17:48:04 [DEBUG] Starting new HTTPS connection (1): www.gstatic.com:443
17:48:05 [DEBUG] Starting new HTTPS connection (1): www.google.com:443
17:48:05 [DEBUG] Starting new HTTPS connection (1): cp.cloudflare.com:443
17:48:05 [DEBUG] Starting new HTTPS connection (1): www.google.com:443
17:48:05 [DEBUG] Starting new HTTPS connection (1): www.gstatic.com:443
17:48:05 [DEBUG] Starting new HTTPS connection (1): www.google.com:443
17:48:05 [DEBUG] Starting new HTTPS connection (1): cp.cloudflare.com:443
17:48:05 [DEBUG] Starting new HTTPS connection (1): www.gstatic.com:443
17:48:05 [DEBUG] Starting new HTTPS connection (1): www.google.com:443
17:48:05 [DEBUG] Starting new HTTPS connection (1): cp.cloudflare.com:443
17:48:05 [DEBUG] Starting new HTTPS connection (1): www.gstatic.com:443
17:48:05 [DEBUG] Starting new HTTPS connection (1): www.google.com:443
17:48:05 [DEBUG] Starting new HTTPS connection (1): cp.cloudflare.com:443
17:48:05 [DEBUG] Starting new HTTPS connection (1): www.gstatic.com:443
17:48:05 [DEBUG] Starting new HTTPS connection (1): www.google.com:443
17:48:05 [DEBUG] Starting new HTTPS connection (1): cp.cloudflare.com:443
17:48:05 [DEBUG] Starting new HTTPS connection (1): www.gstatic.com:443
17:48:06 [DEBUG] Starting new HTTPS connection (1): www.google.com:443
17:48:06 [DEBUG] Starting new HTTPS connection (1): cp.cloudflare.com:443
17:48:06 [DEBUG] Starting new HTTPS connection (1): www.google.com:443
17:48:06 [DEBUG] Starting new HTTPS connection (1): www.gstatic.com:443
17:48:06 [DEBUG] Starting new HTTPS connection (1): www.google.com:443
17:48:06 [DEBUG] Starting new HTTPS connection (1): cp.cloudflare.com:443
17:48:06 [DEBUG] Starting new HTTPS connection (1): www.gstatic.com:443
17:48:06 [DEBUG] Starting new HTTPS connection (1): cp.cloudflare.com:443
17:48:06 [DEBUG] Starting new HTTPS connection (1): www.google.com:443
17:48:06 [DEBUG] Starting new HTTPS connection (1): cp.cloudflare.com:443
17:48:06 [DEBUG] Starting new HTTPS connection (1): www.gstatic.com:443
17:48:06 [DEBUG] Starting new HTTPS connection (1): www.google.com:443
17:48:07 [DEBUG] Starting new HTTPS connection (1): www.google.com:443
17:48:07 [DEBUG] Starting new HTTPS connection (1): cp.cloudflare.com:443
17:48:07 [DEBUG] Starting new HTTPS connection (1): cp.cloudflare.com:443
17:48:07 [DEBUG] Starting new HTTPS connection (1): www.gstatic.com:443
17:48:07 [DEBUG] Starting new HTTPS connection (1): www.google.com:443
17:48:07 [DEBUG] Starting new HTTPS connection (1): www.google.com:443
17:48:07 [DEBUG] Starting new HTTPS connection (1): www.google.com:443
17:48:07 [DEBUG] Starting new HTTPS connection (1): cp.cloudflare.com:443
17:48:07 [DEBUG] Starting new HTTPS connection (1): www.gstatic.com:443
17:48:08 [DEBUG] Starting new HTTPS connection (1): cp.cloudflare.com:443
17:48:08 [DEBUG] Starting new HTTPS connection (1): www.gstatic.com:443
17:48:08 [DEBUG] Starting new HTTPS connection (1): www.gstatic.com:443
17:48:08 [DEBUG] Starting new HTTPS connection (1): www.google.com:443
17:48:08 [DEBUG] Starting new HTTPS connection (1): cp.cloudflare.com:443
17:48:08 [DEBUG] Starting new HTTPS connection (1): www.gstatic.com:443
17:48:08 [DEBUG] Starting new HTTPS connection (1): cp.cloudflare.com:443
17:48:09 [DEBUG] Starting new HTTPS connection (1): www.google.com:443
17:48:09 [DEBUG] Starting new HTTPS connection (1): www.gstatic.com:443
17:48:09 [DEBUG] Starting new HTTPS connection (1): www.gstatic.com:443
17:48:10 [DEBUG] Starting new HTTPS connection (1): www.google.com:443
17:48:10 [DEBUG] Starting new HTTPS connection (1): cp.cloudflare.com:443
17:48:10 [DEBUG] Starting new HTTPS connection (1): www.gstatic.com:443
17:48:10 [DEBUG] Starting new HTTPS connection (1): www.google.com:443
17:48:10 [DEBUG] Starting new HTTPS connection (1): www.gstatic.com:443
17:48:11 [DEBUG] Starting new HTTPS connection (1): cp.cloudflare.com:443
17:48:11 [DEBUG] Starting new HTTPS connection (1): cp.cloudflare.com:443
17:48:11 [DEBUG] Starting new HTTPS connection (1): www.google.com:443
17:48:11 [DEBUG] Starting new HTTPS connection (1): cp.cloudflare.com:443
17:48:11 [DEBUG] Starting new HTTPS connection (1): www.gstatic.com:443
17:48:12 [DEBUG] Starting new HTTPS connection (1): www.google.com:443
17:48:12 [DEBUG] Starting new HTTPS connection (1): cp.cloudflare.com:443
17:48:12 [DEBUG] Starting new HTTPS connection (1): www.gstatic.com:443
17:48:12 [DEBUG] Starting new HTTPS connection (1): cp.cloudflare.com:443
17:48:12 [DEBUG] Starting new HTTPS connection (1): www.google.com:443
17:48:12 [DEBUG] Starting new HTTPS connection (1): cp.cloudflare.com:443
17:48:12 [DEBUG] Starting new HTTPS connection (1): www.google.com:443
17:48:13 [DEBUG] Starting new HTTPS connection (1): www.gstatic.com:443
17:48:13 [DEBUG] Starting new HTTPS connection (1): www.google.com:443
17:48:13 [DEBUG] Starting new HTTPS connection (1): cp.cloudflare.com:443
17:48:13 [DEBUG] Starting new HTTPS connection (1): www.gstatic.com:443
17:48:13 [INFO]    📊 Global: 200/400 (50%) | ✅55 ❌145
17:48:13 [DEBUG] Starting new HTTPS connection (1): www.gstatic.com:443
17:48:14 [DEBUG] Starting new HTTPS connection (1): www.google.com:443
17:48:14 [DEBUG] Starting new HTTPS connection (1): www.gstatic.com:443
17:48:14 [DEBUG] Starting new HTTPS connection (1): www.google.com:443
17:48:15 [DEBUG] Starting new HTTPS connection (1): www.google.com:443
17:48:16 [DEBUG] Starting new HTTPS connection (1): www.google.com:443
17:48:16 [DEBUG] https://www.google.com:443 "GET /generate_204 HTTP/1.1" 204 0
17:48:16 [DEBUG] Starting new HTTPS connection (1): cp.cloudflare.com:443
17:48:17 [DEBUG] Starting new HTTPS connection (1): www.gstatic.com:443
17:48:17 [DEBUG] Starting new HTTPS connection (1): cp.cloudflare.com:443
17:48:17 [DEBUG] Starting new HTTPS connection (1): cp.cloudflare.com:443
17:48:17 [DEBUG] Starting new HTTPS connection (1): www.google.com:443
17:48:18 [DEBUG] https://www.google.com:443 "GET /generate_204 HTTP/1.1" 204 0
17:48:18 [DEBUG] Starting new HTTPS connection (1): cp.cloudflare.com:443
17:48:18 [DEBUG] Starting new HTTPS connection (1): www.google.com:443
17:48:19 [DEBUG] Starting new HTTPS connection (1): cp.cloudflare.com:443
17:48:19 [DEBUG] Starting new HTTPS connection (1): cp.cloudflare.com:443
17:48:20 [DEBUG] https://www.google.com:443 "GET /generate_204 HTTP/1.1" 204 0
17:48:20 [DEBUG] Starting new HTTPS connection (1): cp.cloudflare.com:443
17:48:20 [DEBUG] Starting new HTTPS connection (1): cp.cloudflare.com:443
17:48:21 [DEBUG] Starting new HTTPS connection (1): www.gstatic.com:443
17:48:21 [DEBUG] https://www.gstatic.com:443 "GET /generate_204 HTTP/1.1" 204 0
17:48:21 [DEBUG] Starting new HTTPS connection (1): dl.google.com:443
17:48:22 [DEBUG] Starting new HTTPS connection (1): www.gstatic.com:443
17:48:22 [DEBUG] Starting new HTTPS connection (1): www.gstatic.com:443
17:48:23 [DEBUG] Starting new HTTPS connection (1): www.gstatic.com:443
17:48:23 [DEBUG] https://www.gstatic.com:443 "GET /generate_204 HTTP/1.1" 204 0
17:48:23 [DEBUG] https://www.gstatic.com:443 "GET /generate_204 HTTP/1.1" 204 0
17:48:23 [DEBUG] Starting new HTTPS connection (1): dl.google.com:443
17:48:23 [DEBUG] https://dl.google.com:443 "GET /dl/android/studio/install/3.4.1.0/android-studio-ide-183.5522156-windows.exe HTTP/1.1" 200 1017327996
17:48:23 [INFO]    🎯 85.192.60.51 (Нидерланды) - 42.6Mbps, 161ms UDP✅  []
17:48:23 [DEBUG] Starting new HTTPS connection (1): www.google.com:443
17:48:23 [DEBUG] Starting new HTTPS connection (1): cp.cloudflare.com:443
17:48:23 [DEBUG] Starting new HTTPS connection (1): www.gstatic.com:443
17:48:24 [DEBUG] Starting new HTTPS connection (1): www.gstatic.com:443
17:48:24 [DEBUG] Starting new HTTPS connection (1): www.google.com:443
17:48:24 [DEBUG] Starting new HTTPS connection (1): cp.cloudflare.com:443
17:48:24 [DEBUG] Starting new HTTPS connection (1): www.gstatic.com:443
17:48:24 [DEBUG] Starting new HTTPS connection (1): www.google.com:443
17:48:24 [DEBUG] Starting new HTTPS connection (1): cp.cloudflare.com:443
17:48:24 [DEBUG] Starting new HTTPS connection (1): www.gstatic.com:443
17:48:25 [DEBUG] Starting new HTTPS connection (1): www.gstatic.com:443
17:48:25 [DEBUG] Starting new HTTPS connection (1): www.google.com:443
17:48:25 [DEBUG] Starting new HTTPS connection (1): cp.cloudflare.com:443
17:48:25 [DEBUG] Starting new HTTPS connection (1): www.gstatic.com:443
17:48:25 [DEBUG] Starting new HTTPS connection (1): www.gstatic.com:443
17:48:25 [DEBUG] Starting new HTTPS connection (1): www.gstatic.com:443
17:48:25 [DEBUG] Starting new HTTPS connection (1): www.google.com:443
17:48:25 [DEBUG] Starting new HTTPS connection (1): cp.cloudflare.com:443
17:48:25 [DEBUG] Starting new HTTPS connection (1): www.gstatic.com:443
17:48:25 [DEBUG] https://www.gstatic.com:443 "GET /generate_204 HTTP/1.1" 204 0
17:48:25 [DEBUG] Starting new HTTPS connection (1): dl.google.com:443
17:48:25 [DEBUG] https://dl.google.com:443 "GET /dl/android/studio/install/3.4.1.0/android-studio-ide-183.5522156-windows.exe HTTP/1.1" 200 1017327996
17:48:26 [INFO]    🎯 185.193.158.71 (Нидерланды) - 54.5Mbps, 1047ms UDP✅  []
17:48:26 [DEBUG] Starting new HTTPS connection (1): www.google.com:443
17:48:26 [DEBUG] Starting new HTTPS connection (1): cp.cloudflare.com:443
17:48:26 [DEBUG] Starting new HTTPS connection (1): www.google.com:443
17:48:26 [DEBUG] Starting new HTTPS connection (1): www.gstatic.com:443
17:48:26 [DEBUG] Starting new HTTPS connection (1): www.google.com:443
17:48:27 [DEBUG] https://www.google.com:443 "GET /generate_204 HTTP/1.1" 204 0
17:48:27 [DEBUG] Starting new HTTPS connection (1): cp.cloudflare.com:443
17:48:27 [DEBUG] https://dl.google.com:443 "GET /dl/android/studio/install/3.4.1.0/android-studio-ide-183.5522156-windows.exe HTTP/1.1" 200 1017327996
17:48:27 [DEBUG] Starting new HTTPS connection (1): www.google.com:443
17:48:27 [INFO]    🎯 147.45.43.58 (Нидерланды) - 2.4Mbps, 215ms UDP✅  []
17:48:27 [DEBUG] https://www.google.com:443 "GET /generate_204 HTTP/1.1" 204 0
17:48:27 [DEBUG] Starting new HTTPS connection (1): cp.cloudflare.com:443
17:48:27 [DEBUG] https://cp.cloudflare.com:443 "GET / HTTP/1.1" 204 0
17:48:27 [DEBUG] Starting new HTTPS connection (1): www.gstatic.com:443
17:48:27 [DEBUG] Starting new HTTPS connection (1): www.google.com:443
17:48:27 [DEBUG] https://www.gstatic.com:443 "GET /generate_204 HTTP/1.1" 204 0
17:48:27 [DEBUG] Starting new HTTPS connection (1): cp.cloudflare.com:443
17:48:27 [DEBUG] Starting new HTTPS connection (1): www.gstatic.com:443
17:48:28 [DEBUG] Starting new HTTPS connection (1): www.google.com:443
17:48:28 [DEBUG] Starting new HTTPS connection (1): cp.cloudflare.com:443
17:48:28 [DEBUG] Starting new HTTPS connection (1): www.google.com:443
17:48:28 [DEBUG] Starting new HTTPS connection (1): cp.cloudflare.com:443
17:48:28 [DEBUG] Starting new HTTPS connection (1): www.gstatic.com:443
17:48:29 [DEBUG] Starting new HTTPS connection (1): www.google.com:443
17:48:29 [DEBUG] https://www.google.com:443 "GET /generate_204 HTTP/1.1" 204 0
17:48:29 [DEBUG] Starting new HTTPS connection (1): cp.cloudflare.com:443
17:48:30 [DEBUG] Starting new HTTPS connection (1): www.google.com:443
17:48:30 [DEBUG] Starting new HTTPS connection (1): cp.cloudflare.com:443
17:48:30 [DEBUG] Starting new HTTPS connection (1): www.gstatic.com:443
17:48:30 [DEBUG] Starting new HTTPS connection (1): www.google.com:443
17:48:30 [DEBUG] Starting new HTTPS connection (1): www.gstatic.com:443
17:48:30 [DEBUG] Starting new HTTPS connection (1): dl.google.com:443
17:48:30 [DEBUG] https://dl.google.com:443 "GET /dl/android/studio/install/3.4.1.0/android-studio-ide-183.5522156-windows.exe HTTP/1.1" 200 1017327996
17:48:31 [DEBUG] Starting new HTTPS connection (1): www.google.com:443
17:48:31 [DEBUG] Starting new HTTPS connection (1): www.google.com:443
17:48:31 [DEBUG] Starting new HTTPS connection (1): www.google.com:443
17:48:31 [DEBUG] https://www.google.com:443 "GET /generate_204 HTTP/1.1" 204 0
17:48:31 [DEBUG] Starting new HTTPS connection (1): cp.cloudflare.com:443
17:48:31 [DEBUG] https://www.google.com:443 "GET /generate_204 HTTP/1.1" 204 0
17:48:31 [DEBUG] Starting new HTTPS connection (1): cp.cloudflare.com:443
17:48:32 [DEBUG] Starting new HTTPS connection (1): www.gstatic.com:443
17:48:32 [DEBUG] https://www.gstatic.com:443 "GET /generate_204 HTTP/1.1" 204 0
17:48:32 [DEBUG] Starting new HTTPS connection (1): dl.google.com:443
17:48:32 [DEBUG] https://dl.google.com:443 "GET /dl/android/studio/install/3.4.1.0/android-studio-ide-183.5522156-windows.exe HTTP/1.1" 200 1017327996
17:48:32 [DEBUG] Starting new HTTPS connection (1): cp.cloudflare.com:443
17:48:33 [DEBUG] Starting new HTTPS connection (1): cp.cloudflare.com:443
17:48:33 [DEBUG] Starting new HTTPS connection (1): www.google.com:443
17:48:33 [DEBUG] Starting new HTTPS connection (1): cp.cloudflare.com:443
17:48:34 [DEBUG] Starting new HTTPS connection (1): www.gstatic.com:443
17:48:34 [DEBUG] https://www.gstatic.com:443 "GET /generate_204 HTTP/1.1" 204 0
17:48:34 [DEBUG] Starting new HTTPS connection (1): dl.google.com:443
17:48:34 [DEBUG] https://dl.google.com:443 "GET /dl/android/studio/install/3.4.1.0/android-studio-ide-183.5522156-windows.exe HTTP/1.1" 200 1017327996
17:48:34 [DEBUG] Starting new HTTPS connection (1): www.gstatic.com:443
17:48:36 [DEBUG] Starting new HTTPS connection (1): cp.cloudflare.com:443
17:48:36 [DEBUG] Starting new HTTPS connection (1): www.gstatic.com:443
17:48:36 [DEBUG] Starting new HTTPS connection (1): www.gstatic.com:443
17:48:36 [DEBUG] https://www.gstatic.com:443 "GET /generate_204 HTTP/1.1" 204 0
17:48:37 [DEBUG] https://www.gstatic.com:443 "GET /generate_204 HTTP/1.1" 204 0
17:48:37 [DEBUG] Starting new HTTPS connection (1): dl.google.com:443
17:48:37 [DEBUG] Starting new HTTPS connection (1): dl.google.com:443
17:48:37 [DEBUG] https://dl.google.com:443 "GET /dl/android/studio/install/3.4.1.0/android-studio-ide-183.5522156-windows.exe HTTP/1.1" 200 1017327996
17:48:37 [DEBUG] https://dl.google.com:443 "GET /dl/android/studio/install/3.4.1.0/android-studio-ide-183.5522156-windows.exe HTTP/1.1" 200 1017327996
17:48:37 [INFO]    🎯 5.255.114.61 (Нидерланды) - 1.8Mbps, 136ms UDP❌  []
17:48:37 [INFO]    🎯 91.84.103.205 (Нидерланды) - 24.6Mbps, 212ms UDP✅  []
17:48:37 [INFO]    🎯 91.84.111.44 (Нидерланды) - 16.0Mbps, 213ms UDP✅  []
17:48:38 [DEBUG] Starting new HTTPS connection (1): www.google.com:443
17:48:38 [DEBUG] https://www.google.com:443 "GET /generate_204 HTTP/1.1" 204 0
17:48:38 [DEBUG] Starting new HTTPS connection (1): cp.cloudflare.com:443
17:48:38 [DEBUG] Starting new HTTPS connection (1): www.gstatic.com:443
17:48:38 [DEBUG] Starting new HTTPS connection (1): www.google.com:443
17:48:38 [DEBUG] Starting new HTTPS connection (1): cp.cloudflare.com:443
17:48:38 [DEBUG] Starting new HTTPS connection (1): www.google.com:443
17:48:38 [DEBUG] Starting new HTTPS connection (1): www.gstatic.com:443
17:48:38 [DEBUG] Starting new HTTPS connection (1): cp.cloudflare.com:443
17:48:39 [DEBUG] Starting new HTTPS connection (1): www.gstatic.com:443
17:48:39 [DEBUG] Starting new HTTPS connection (1): www.gstatic.com:443
17:48:39 [DEBUG] Starting new HTTPS connection (1): www.google.com:443
17:48:39 [DEBUG] Starting new HTTPS connection (1): cp.cloudflare.com:443
17:48:39 [DEBUG] Starting new HTTPS connection (1): www.gstatic.com:443
17:48:40 [DEBUG] Starting new HTTPS connection (1): www.google.com:443
17:48:40 [DEBUG] Starting new HTTPS connection (1): www.google.com:443
17:48:40 [DEBUG] Starting new HTTPS connection (1): cp.cloudflare.com:443
17:48:40 [DEBUG] Starting new HTTPS connection (1): cp.cloudflare.com:443
17:48:40 [DEBUG] Starting new HTTPS connection (1): www.gstatic.com:443
17:48:40 [DEBUG] Starting new HTTPS connection (1): www.gstatic.com:443
17:48:40 [INFO]    🎯 51.158.146.213 (Нидерланды) - 1.6Mbps, 133ms UDP✅  []
17:48:40 [DEBUG] Starting new HTTPS connection (1): www.google.com:443
17:48:41 [DEBUG] Starting new HTTPS connection (1): www.gstatic.com:443
17:48:41 [DEBUG] https://www.google.com:443 "GET /generate_204 HTTP/1.1" 204 0
17:48:41 [DEBUG] Starting new HTTPS connection (1): cp.cloudflare.com:443
17:48:41 [DEBUG] Starting new HTTPS connection (1): www.google.com:443
17:48:41 [DEBUG] Starting new HTTPS connection (1): www.google.com:443
17:48:41 [DEBUG] Starting new HTTPS connection (1): cp.cloudflare.com:443
17:48:41 [DEBUG] Starting new HTTPS connection (1): www.google.com:443
17:48:41 [DEBUG] Starting new HTTPS connection (1): www.gstatic.com:443
17:48:42 [DEBUG] https://cp.cloudflare.com:443 "GET / HTTP/1.1" 204 0
17:48:42 [DEBUG] Starting new HTTPS connection (1): www.gstatic.com:443
17:48:42 [DEBUG] https://www.gstatic.com:443 "GET /generate_204 HTTP/1.1" 204 0
17:48:42 [DEBUG] Starting new HTTPS connection (1): dl.google.com:443
17:48:43 [DEBUG] Starting new HTTPS connection (1): www.google.com:443
17:48:43 [DEBUG] Starting new HTTPS connection (1): www.gstatic.com:443
17:48:43 [DEBUG] https://www.gstatic.com:443 "GET /generate_204 HTTP/1.1" 204 0
17:48:43 [DEBUG] Starting new HTTPS connection (1): dl.google.com:443
17:48:43 [DEBUG] https://dl.google.com:443 "GET /dl/android/studio/install/3.4.1.0/android-studio-ide-183.5522156-windows.exe HTTP/1.1" 200 1017327996
17:48:43 [DEBUG] https://dl.google.com:443 "GET /dl/android/studio/install/3.4.1.0/android-studio-ide-183.5522156-windows.exe HTTP/1.1" 404 1449
17:48:43 [INFO]    🎯 45.148.31.0 (Дания) - 0.0Mbps, 711ms UDP✅  []
17:48:44 [DEBUG] Starting new HTTPS connection (1): cp.cloudflare.com:443
17:48:44 [INFO]    🎯 91.84.105.40 (Нидерланды) - 31.4Mbps, 254ms UDP✅  []
17:48:44 [DEBUG] Starting new HTTPS connection (1): cp.cloudflare.com:443
17:48:44 [INFO]    🎯 fn.takovpn.ru (XX) - 0.2Mbps, 2696ms UDP✅ Reality [www.vk.com]
17:48:44 [DEBUG] Starting new HTTPS connection (1): www.google.com:443
17:48:45 [DEBUG] Starting new HTTPS connection (1): www.google.com:443
17:48:45 [DEBUG] Starting new HTTPS connection (1): cp.cloudflare.com:443
17:48:45 [DEBUG] Starting new HTTPS connection (1): www.google.com:443
17:48:45 [DEBUG] Starting new HTTPS connection (1): cp.cloudflare.com:443
17:48:45 [DEBUG] Starting new HTTPS connection (1): www.gstatic.com:443
17:48:45 [INFO]    📊 Global: 240/400 (60%) | ✅65 ❌175
17:48:45 [DEBUG] Starting new HTTPS connection (1): www.google.com:443
17:48:45 [DEBUG] Starting new HTTPS connection (1): www.google.com:443
17:48:46 [DEBUG] Starting new HTTPS connection (1): www.gstatic.com:443
17:48:46 [DEBUG] Starting new HTTPS connection (1): www.gstatic.com:443
17:48:46 [DEBUG] Starting new HTTPS connection (1): www.google.com:443
17:48:46 [INFO]    🎯 188.166.39.239 (Нидерланды) - 1.1Mbps, 153ms UDP✅  []
17:48:46 [DEBUG] Starting new HTTPS connection (1): cp.cloudflare.com:443
17:48:47 [DEBUG] Starting new HTTPS connection (1): cp.cloudflare.com:443
17:48:47 [DEBUG] Starting new HTTPS connection (1): www.gstatic.com:443
17:48:47 [DEBUG] Starting new HTTPS connection (1): cp.cloudflare.com:443
17:48:47 [DEBUG] Starting new HTTPS connection (1): www.google.com:443
17:48:47 [DEBUG] Starting new HTTPS connection (1): cp.cloudflare.com:443
17:48:47 [DEBUG] Starting new HTTPS connection (1): www.google.com:443
17:48:47 [DEBUG] Starting new HTTPS connection (1): cp.cloudflare.com:443
17:48:47 [DEBUG] Starting new HTTPS connection (1): www.gstatic.com:443
17:48:48 [DEBUG] Starting new HTTPS connection (1): cp.cloudflare.com:443
17:48:48 [DEBUG] Starting new HTTPS connection (1): www.gstatic.com:443
17:48:49 [DEBUG] Starting new HTTPS connection (1): www.google.com:443
17:48:49 [DEBUG] Starting new HTTPS connection (1): www.gstatic.com:443
17:48:49 [DEBUG] Starting new HTTPS connection (1): www.gstatic.com:443
17:48:49 [DEBUG] Starting new HTTPS connection (1): www.google.com:443
17:48:49 [DEBUG] Starting new HTTPS connection (1): cp.cloudflare.com:443
17:48:49 [DEBUG] Starting new HTTPS connection (1): www.google.com:443
17:48:49 [DEBUG] Starting new HTTPS connection (1): www.gstatic.com:443
17:48:50 [DEBUG] Starting new HTTPS connection (1): www.google.com:443
17:48:50 [DEBUG] Starting new HTTPS connection (1): cp.cloudflare.com:443
17:48:50 [DEBUG] Starting new HTTPS connection (1): www.gstatic.com:443
17:48:50 [DEBUG] Starting new HTTPS connection (1): www.gstatic.com:443
17:48:51 [DEBUG] Starting new HTTPS connection (1): www.gstatic.com:443
17:48:51 [DEBUG] Starting new HTTPS connection (1): cp.cloudflare.com:443
17:48:51 [DEBUG] Starting new HTTPS connection (1): www.google.com:443
17:48:51 [DEBUG] Starting new HTTPS connection (1): cp.cloudflare.com:443
17:48:51 [DEBUG] Starting new HTTPS connection (1): www.gstatic.com:443
17:48:51 [DEBUG] Starting new HTTPS connection (1): www.google.com:443
17:48:51 [DEBUG] Starting new HTTPS connection (1): cp.cloudflare.com:443
17:48:52 [DEBUG] Starting new HTTPS connection (1): www.gstatic.com:443
17:48:52 [DEBUG] Starting new HTTPS connection (1): www.google.com:443
17:48:52 [DEBUG] Starting new HTTPS connection (1): www.google.com:443
17:48:53 [DEBUG] Starting new HTTPS connection (1): www.google.com:443
17:48:53 [DEBUG] Starting new HTTPS connection (1): cp.cloudflare.com:443
17:48:53 [DEBUG] Starting new HTTPS connection (1): www.gstatic.com:443
17:48:53 [DEBUG] Starting new HTTPS connection (1): www.google.com:443
17:48:53 [DEBUG] Starting new HTTPS connection (1): cp.cloudflare.com:443
17:48:53 [DEBUG] Starting new HTTPS connection (1): www.google.com:443
17:48:53 [DEBUG] Starting new HTTPS connection (1): www.gstatic.com:443
17:48:53 [DEBUG] Starting new HTTPS connection (1): cp.cloudflare.com:443
17:48:53 [DEBUG] Starting new HTTPS connection (1): www.gstatic.com:443
17:48:53 [DEBUG] Starting new HTTPS connection (1): www.google.com:443
17:48:53 [DEBUG] Starting new HTTPS connection (1): www.gstatic.com:443
17:48:54 [DEBUG] Starting new HTTPS connection (1): cp.cloudflare.com:443
17:48:54 [DEBUG] Starting new HTTPS connection (1): www.google.com:443
17:48:54 [DEBUG] Starting new HTTPS connection (1): cp.cloudflare.com:443
17:48:54 [DEBUG] https://www.google.com:443 "GET /generate_204 HTTP/1.1" 204 0
17:48:54 [DEBUG] Starting new HTTPS connection (1): cp.cloudflare.com:443
17:48:54 [DEBUG] Starting new HTTPS connection (1): www.google.com:443
17:48:54 [DEBUG] Starting new HTTPS connection (1): www.google.com:443
17:48:54 [DEBUG] Starting new HTTPS connection (1): cp.cloudflare.com:443
17:48:54 [DEBUG] Starting new HTTPS connection (1): www.google.com:443
17:48:54 [DEBUG] Starting new HTTPS connection (1): cp.cloudflare.com:443
17:48:54 [DEBUG] Starting new HTTPS connection (1): www.gstatic.com:443
17:48:55 [DEBUG] Starting new HTTPS connection (1): cp.cloudflare.com:443
17:48:55 [DEBUG] Starting new HTTPS connection (1): www.google.com:443
17:48:56 [DEBUG] Starting new HTTPS connection (1): cp.cloudflare.com:443
17:48:56 [DEBUG] Starting new HTTPS connection (1): cp.cloudflare.com:443
17:48:56 [DEBUG] Starting new HTTPS connection (1): www.gstatic.com:443
17:48:56 [DEBUG] Starting new HTTPS connection (1): cp.cloudflare.com:443
17:48:57 [DEBUG] Starting new HTTPS connection (1): www.google.com:443
17:48:57 [DEBUG] Starting new HTTPS connection (1): www.gstatic.com:443
17:48:57 [DEBUG] Starting new HTTPS connection (1): cp.cloudflare.com:443
17:48:58 [DEBUG] Starting new HTTPS connection (1): www.gstatic.com:443
17:48:58 [DEBUG] Starting new HTTPS connection (1): www.gstatic.com:443
17:48:59 [DEBUG] Starting new HTTPS connection (1): www.gstatic.com:443
17:48:59 [DEBUG] Starting new HTTPS connection (1): www.gstatic.com:443
17:48:59 [DEBUG] Starting new HTTPS connection (1): cp.cloudflare.com:443
17:48:59 [DEBUG] Starting new HTTPS connection (1): www.gstatic.com:443
17:48:59 [DEBUG] Starting new HTTPS connection (1): www.gstatic.com:443
17:48:59 [DEBUG] Starting new HTTPS connection (1): www.gstatic.com:443
17:49:00 [DEBUG] Starting new HTTPS connection (1): www.google.com:443
17:49:01 [DEBUG] Starting new HTTPS connection (1): www.google.com:443
17:49:01 [DEBUG] Starting new HTTPS connection (1): www.gstatic.com:443
17:49:01 [DEBUG] Starting new HTTPS connection (1): www.google.com:443
17:49:01 [DEBUG] Starting new HTTPS connection (1): cp.cloudflare.com:443
17:49:01 [DEBUG] Starting new HTTPS connection (1): www.gstatic.com:443
17:49:02 [DEBUG] Starting new HTTPS connection (1): www.google.com:443
17:49:02 [DEBUG] Starting new HTTPS connection (1): cp.cloudflare.com:443
17:49:02 [DEBUG] Starting new HTTPS connection (1): www.google.com:443
17:49:03 [DEBUG] Starting new HTTPS connection (1): www.google.com:443
17:49:03 [DEBUG] Starting new HTTPS connection (1): www.google.com:443
17:49:03 [DEBUG] Starting new HTTPS connection (1): cp.cloudflare.com:443
17:49:04 [DEBUG] Starting new HTTPS connection (1): cp.cloudflare.com:443
17:49:04 [DEBUG] Starting new HTTPS connection (1): www.gstatic.com:443
17:49:04 [DEBUG] https://www.gstatic.com:443 "GET /generate_204 HTTP/1.1" 204 0
17:49:04 [DEBUG] Starting new HTTPS connection (1): www.google.com:443
17:49:04 [DEBUG] Starting new HTTPS connection (1): cp.cloudflare.com:443
17:49:05 [DEBUG] https://www.google.com:443 "GET /generate_204 HTTP/1.1" 204 0
17:49:05 [DEBUG] Starting new HTTPS connection (1): cp.cloudflare.com:443
17:49:05 [DEBUG] https://cp.cloudflare.com:443 "GET / HTTP/1.1" 204 0
17:49:05 [DEBUG] Starting new HTTPS connection (1): www.gstatic.com:443
17:49:05 [DEBUG] Starting new HTTPS connection (1): cp.cloudflare.com:443
17:49:05 [DEBUG] Starting new HTTPS connection (1): www.gstatic.com:443
17:49:05 [DEBUG] Starting new HTTPS connection (1): www.google.com:443
17:49:05 [DEBUG] Starting new HTTPS connection (1): www.google.com:443
17:49:05 [DEBUG] https://www.gstatic.com:443 "GET /generate_204 HTTP/1.1" 204 0
17:49:06 [DEBUG] Starting new HTTPS connection (1): www.gstatic.com:443
17:49:06 [DEBUG] Starting new HTTPS connection (1): www.gstatic.com:443
17:49:06 [DEBUG] Starting new HTTPS connection (1): cp.cloudflare.com:443
17:49:07 [DEBUG] Starting new HTTPS connection (1): www.gstatic.com:443
17:49:07 [DEBUG] Starting new HTTPS connection (1): cp.cloudflare.com:443
17:49:07 [DEBUG] Starting new HTTPS connection (1): dl.google.com:443
17:49:07 [DEBUG] Starting new HTTPS connection (1): www.google.com:443
17:49:07 [DEBUG] Starting new HTTPS connection (1): cp.cloudflare.com:443
17:49:07 [DEBUG] Starting new HTTPS connection (1): www.gstatic.com:443
17:49:07 [DEBUG] Starting new HTTPS connection (1): cp.cloudflare.com:443
17:49:08 [DEBUG] Starting new HTTPS connection (1): www.google.com:443
17:49:08 [DEBUG] Starting new HTTPS connection (1): dl.google.com:443
17:49:08 [DEBUG] Starting new HTTPS connection (1): www.google.com:443
17:49:08 [DEBUG] Starting new HTTPS connection (1): www.gstatic.com:443
17:49:09 [DEBUG] Starting new HTTPS connection (1): www.google.com:443
17:49:09 [DEBUG] Starting new HTTPS connection (1): www.gstatic.com:443
17:49:09 [DEBUG] Starting new HTTPS connection (1): www.gstatic.com:443
17:49:09 [DEBUG] Starting new HTTPS connection (1): www.google.com:443
17:49:10 [DEBUG] Starting new HTTPS connection (1): www.google.com:443
17:49:10 [DEBUG] Starting new HTTPS connection (1): cp.cloudflare.com:443
17:49:10 [DEBUG] Starting new HTTPS connection (1): cp.cloudflare.com:443
17:49:11 [DEBUG] Starting new HTTPS connection (1): cp.cloudflare.com:443
17:49:12 [DEBUG] Starting new HTTPS connection (1): cp.cloudflare.com:443
17:49:12 [DEBUG] Starting new HTTPS connection (1): www.google.com:443
17:49:12 [DEBUG] Starting new HTTPS connection (1): cp.cloudflare.com:443
17:49:12 [DEBUG] Starting new HTTPS connection (1): www.google.com:443
17:49:12 [DEBUG] Starting new HTTPS connection (1): www.gstatic.com:443
17:49:12 [DEBUG] Starting new HTTPS connection (1): www.gstatic.com:443
17:49:12 [DEBUG] Starting new HTTPS connection (1): www.google.com:443
17:49:13 [DEBUG] Starting new HTTPS connection (1): www.gstatic.com:443
17:49:13 [INFO]    🎯 72.61.161.219 (Франция) - 0.0Mbps, 3464ms UDP❌  []
17:49:13 [INFO]    📊 Global: 280/400 (70%) | ✅67 ❌213
17:49:14 [DEBUG] Starting new HTTPS connection (1): www.gstatic.com:443
17:49:14 [DEBUG] Starting new HTTPS connection (1): cp.cloudflare.com:443
17:49:14 [DEBUG] Starting new HTTPS connection (1): www.google.com:443
17:49:14 [INFO]    🎯 104.20.1.252 (XX) - 0.0Mbps, 820ms UDP❌  []
17:49:14 [DEBUG] Starting new HTTPS connection (1): www.gstatic.com:443
17:49:14 [DEBUG] Starting new HTTPS connection (1): cp.cloudflare.com:443
17:49:15 [DEBUG] Starting new HTTPS connection (1): cp.cloudflare.com:443
17:49:15 [DEBUG] Starting new HTTPS connection (1): www.google.com:443
17:49:16 [DEBUG] Starting new HTTPS connection (1): www.google.com:443
17:49:16 [DEBUG] Starting new HTTPS connection (1): www.google.com:443
17:49:16 [DEBUG] Starting new HTTPS connection (1): cp.cloudflare.com:443
17:49:16 [DEBUG] Starting new HTTPS connection (1): www.gstatic.com:443
17:49:16 [DEBUG] https://www.google.com:443 "GET /generate_204 HTTP/1.1" 204 0
17:49:16 [DEBUG] Starting new HTTPS connection (1): cp.cloudflare.com:443
17:49:16 [DEBUG] Starting new HTTPS connection (1): www.google.com:443
17:49:16 [DEBUG] Starting new HTTPS connection (1): www.gstatic.com:443
17:49:16 [DEBUG] Starting new HTTPS connection (1): www.gstatic.com:443
17:49:16 [DEBUG] Starting new HTTPS connection (1): cp.cloudflare.com:443
17:49:16 [DEBUG] Starting new HTTPS connection (1): www.gstatic.com:443
17:49:17 [DEBUG] Starting new HTTPS connection (1): www.google.com:443
17:49:17 [DEBUG] https://cp.cloudflare.com:443 "GET / HTTP/1.1" 204 0
17:49:17 [DEBUG] Starting new HTTPS connection (1): www.gstatic.com:443
17:49:17 [DEBUG] Starting new HTTPS connection (1): cp.cloudflare.com:443
17:49:17 [DEBUG] Starting new HTTPS connection (1): www.gstatic.com:443
17:49:17 [DEBUG] Starting new HTTPS connection (1): www.gstatic.com:443
17:49:17 [DEBUG] Starting new HTTPS connection (1): www.google.com:443
17:49:18 [DEBUG] Starting new HTTPS connection (1): www.google.com:443
17:49:18 [DEBUG] Starting new HTTPS connection (1): cp.cloudflare.com:443
17:49:18 [DEBUG] https://www.gstatic.com:443 "GET /generate_204 HTTP/1.1" 204 0
17:49:18 [DEBUG] Starting new HTTPS connection (1): www.google.com:443
17:49:18 [DEBUG] Starting new HTTPS connection (1): cp.cloudflare.com:443
17:49:18 [DEBUG] Starting new HTTPS connection (1): www.gstatic.com:443
17:49:18 [DEBUG] Starting new HTTPS connection (1): dl.google.com:443
17:49:18 [DEBUG] Starting new HTTPS connection (1): www.google.com:443
17:49:19 [DEBUG] https://dl.google.com:443 "GET /dl/android/studio/install/3.4.1.0/android-studio-ide-183.5522156-windows.exe HTTP/1.1" 404 1449
17:49:19 [INFO]    🎯 104.21.3.219 (XX) - 0.0Mbps, 724ms UDP✅  []
17:49:19 [DEBUG] Starting new HTTPS connection (1): www.google.com:443
17:49:19 [DEBUG] Starting new HTTPS connection (1): cp.cloudflare.com:443
17:49:19 [DEBUG] Starting new HTTPS connection (1): cp.cloudflare.com:443
17:49:20 [DEBUG] Starting new HTTPS connection (1): www.google.com:443
17:49:20 [DEBUG] Starting new HTTPS connection (1): cp.cloudflare.com:443
17:49:20 [DEBUG] Starting new HTTPS connection (1): www.gstatic.com:443
17:49:20 [DEBUG] Starting new HTTPS connection (1): www.gstatic.com:443
17:49:20 [DEBUG] Starting new HTTPS connection (1): www.google.com:443
17:49:20 [DEBUG] Starting new HTTPS connection (1): cp.cloudflare.com:443
17:49:20 [DEBUG] Starting new HTTPS connection (1): www.google.com:443
17:49:20 [DEBUG] Starting new HTTPS connection (1): cp.cloudflare.com:443
17:49:21 [DEBUG] Starting new HTTPS connection (1): www.google.com:443
17:49:21 [DEBUG] Starting new HTTPS connection (1): www.google.com:443
17:49:21 [DEBUG] Starting new HTTPS connection (1): www.gstatic.com:443
17:49:21 [DEBUG] Starting new HTTPS connection (1): cp.cloudflare.com:443
17:49:22 [DEBUG] Starting new HTTPS connection (1): cp.cloudflare.com:443
17:49:22 [DEBUG] Starting new HTTPS connection (1): www.gstatic.com:443
17:49:22 [DEBUG] Starting new HTTPS connection (1): cp.cloudflare.com:443
17:49:23 [DEBUG] Starting new HTTPS connection (1): www.gstatic.com:443
17:49:23 [DEBUG] Starting new HTTPS connection (1): cp.cloudflare.com:443
17:49:23 [DEBUG] Starting new HTTPS connection (1): www.google.com:443
17:49:23 [DEBUG] Starting new HTTPS connection (1): cp.cloudflare.com:443
17:49:24 [DEBUG] Starting new HTTPS connection (1): www.gstatic.com:443
17:49:24 [DEBUG] Starting new HTTPS connection (1): www.gstatic.com:443
17:49:24 [DEBUG] Starting new HTTPS connection (1): www.gstatic.com:443
17:49:25 [DEBUG] Starting new HTTPS connection (1): www.google.com:443
17:49:25 [DEBUG] Starting new HTTPS connection (1): www.gstatic.com:443
17:49:25 [DEBUG] Starting new HTTPS connection (1): cp.cloudflare.com:443
17:49:25 [DEBUG] Starting new HTTPS connection (1): www.gstatic.com:443
17:49:25 [DEBUG] Starting new HTTPS connection (1): www.gstatic.com:443
17:49:26 [DEBUG] Starting new HTTPS connection (1): www.google.com:443
17:49:26 [DEBUG] Starting new HTTPS connection (1): cp.cloudflare.com:443
17:49:26 [DEBUG] Starting new HTTPS connection (1): www.gstatic.com:443
17:49:26 [DEBUG] Starting new HTTPS connection (1): www.google.com:443
17:49:27 [DEBUG] Starting new HTTPS connection (1): www.google.com:443
17:49:27 [DEBUG] Starting new HTTPS connection (1): cp.cloudflare.com:443
17:49:27 [DEBUG] Starting new HTTPS connection (1): www.google.com:443
17:49:27 [DEBUG] Starting new HTTPS connection (1): www.gstatic.com:443
17:49:27 [DEBUG] Starting new HTTPS connection (1): www.google.com:443
17:49:28 [DEBUG] Starting new HTTPS connection (1): www.google.com:443
17:49:28 [DEBUG] Starting new HTTPS connection (1): cp.cloudflare.com:443
17:49:29 [DEBUG] Starting new HTTPS connection (1): www.google.com:443
17:49:29 [DEBUG] Starting new HTTPS connection (1): www.google.com:443
17:49:29 [DEBUG] Starting new HTTPS connection (1): cp.cloudflare.com:443
17:49:29 [DEBUG] Starting new HTTPS connection (1): cp.cloudflare.com:443
17:49:30 [DEBUG] Starting new HTTPS connection (1): cp.cloudflare.com:443
17:49:30 [DEBUG] Starting new HTTPS connection (1): www.gstatic.com:443
17:49:30 [DEBUG] Starting new HTTPS connection (1): cp.cloudflare.com:443
17:49:30 [DEBUG] Starting new HTTPS connection (1): www.gstatic.com:443
17:49:30 [DEBUG] Starting new HTTPS connection (1): www.google.com:443
17:49:31 [DEBUG] Starting new HTTPS connection (1): cp.cloudflare.com:443
17:49:31 [DEBUG] Starting new HTTPS connection (1): cp.cloudflare.com:443
17:49:31 [DEBUG] Starting new HTTPS connection (1): www.gstatic.com:443
17:49:31 [DEBUG] Starting new HTTPS connection (1): www.gstatic.com:443
17:49:31 [DEBUG] Starting new HTTPS connection (1): www.google.com:443
17:49:32 [DEBUG] Starting new HTTPS connection (1): www.gstatic.com:443
17:49:32 [DEBUG] Starting new HTTPS connection (1): www.gstatic.com:443
17:49:33 [DEBUG] Starting new HTTPS connection (1): cp.cloudflare.com:443
17:49:33 [DEBUG] Starting new HTTPS connection (1): www.gstatic.com:443
17:49:33 [DEBUG] Starting new HTTPS connection (1): www.gstatic.com:443
17:49:33 [DEBUG] Starting new HTTPS connection (1): www.google.com:443
17:49:33 [DEBUG] Starting new HTTPS connection (1): cp.cloudflare.com:443
17:49:34 [DEBUG] Starting new HTTPS connection (1): www.google.com:443
17:49:34 [DEBUG] Starting new HTTPS connection (1): www.google.com:443
17:49:34 [DEBUG] Starting new HTTPS connection (1): www.google.com:443
17:49:35 [DEBUG] Starting new HTTPS connection (1): www.gstatic.com:443
17:49:35 [DEBUG] Starting new HTTPS connection (1): www.google.com:443
17:49:35 [DEBUG] Starting new HTTPS connection (1): cp.cloudflare.com:443
17:49:35 [DEBUG] Starting new HTTPS connection (1): www.gstatic.com:443
17:49:35 [DEBUG] Starting new HTTPS connection (1): www.google.com:443
17:49:36 [DEBUG] Starting new HTTPS connection (1): cp.cloudflare.com:443
17:49:36 [DEBUG] Starting new HTTPS connection (1): www.gstatic.com:443
17:49:36 [DEBUG] Starting new HTTPS connection (1): cp.cloudflare.com:443
17:49:36 [DEBUG] Starting new HTTPS connection (1): www.google.com:443
17:49:36 [DEBUG] Starting new HTTPS connection (1): www.google.com:443
17:49:36 [DEBUG] Starting new HTTPS connection (1): cp.cloudflare.com:443
17:49:37 [DEBUG] Starting new HTTPS connection (1): cp.cloudflare.com:443
17:49:37 [DEBUG] Starting new HTTPS connection (1): www.google.com:443
17:49:37 [DEBUG] Starting new HTTPS connection (1): cp.cloudflare.com:443
17:49:37 [DEBUG] Starting new HTTPS connection (1): www.gstatic.com:443
17:49:37 [DEBUG] Starting new HTTPS connection (1): www.gstatic.com:443
17:49:37 [DEBUG] Starting new HTTPS connection (1): cp.cloudflare.com:443
17:49:38 [DEBUG] Starting new HTTPS connection (1): www.google.com:443
17:49:38 [DEBUG] Starting new HTTPS connection (1): www.google.com:443
17:49:38 [DEBUG] Starting new HTTPS connection (1): www.gstatic.com:443
17:49:38 [DEBUG] Starting new HTTPS connection (1): cp.cloudflare.com:443
17:49:38 [DEBUG] Starting new HTTPS connection (1): cp.cloudflare.com:443
17:49:38 [DEBUG] Starting new HTTPS connection (1): www.google.com:443
17:49:39 [DEBUG] Starting new HTTPS connection (1): www.gstatic.com:443
17:49:39 [DEBUG] Starting new HTTPS connection (1): www.gstatic.com:443
17:49:39 [INFO]    📊 Global: 320/400 (80%) | ✅69 ❌251
17:49:39 [DEBUG] Starting new HTTPS connection (1): www.gstatic.com:443
17:49:40 [DEBUG] Starting new HTTPS connection (1): cp.cloudflare.com:443
17:49:40 [DEBUG] Starting new HTTPS connection (1): www.google.com:443
17:49:40 [DEBUG] Starting new HTTPS connection (1): cp.cloudflare.com:443
17:49:41 [DEBUG] Starting new HTTPS connection (1): www.gstatic.com:443
17:49:41 [DEBUG] Starting new HTTPS connection (1): www.gstatic.com:443
17:49:41 [DEBUG] Starting new HTTPS connection (1): cp.cloudflare.com:443
17:49:42 [DEBUG] Starting new HTTPS connection (1): www.google.com:443
17:49:42 [DEBUG] Starting new HTTPS connection (1): cp.cloudflare.com:443
17:49:42 [DEBUG] Starting new HTTPS connection (1): www.gstatic.com:443
17:49:42 [DEBUG] Starting new HTTPS connection (1): cp.cloudflare.com:443
17:49:42 [DEBUG] Starting new HTTPS connection (1): www.gstatic.com:443
17:49:43 [DEBUG] Starting new HTTPS connection (1): www.gstatic.com:443
17:49:43 [DEBUG] Starting new HTTPS connection (1): www.google.com:443
17:49:43 [DEBUG] Starting new HTTPS connection (1): cp.cloudflare.com:443
17:49:43 [DEBUG] Starting new HTTPS connection (1): www.gstatic.com:443
17:49:43 [DEBUG] Starting new HTTPS connection (1): www.google.com:443
17:49:43 [DEBUG] Starting new HTTPS connection (1): www.google.com:443
17:49:43 [DEBUG] Starting new HTTPS connection (1): www.gstatic.com:443
17:49:44 [DEBUG] Starting new HTTPS connection (1): www.google.com:443
17:49:44 [DEBUG] Starting new HTTPS connection (1): www.google.com:443
17:49:44 [DEBUG] Starting new HTTPS connection (1): www.google.com:443
17:49:44 [DEBUG] Starting new HTTPS connection (1): www.google.com:443
17:49:44 [DEBUG] Starting new HTTPS connection (1): www.gstatic.com:443
17:49:45 [DEBUG] Starting new HTTPS connection (1): cp.cloudflare.com:443
17:49:45 [DEBUG] Starting new HTTPS connection (1): cp.cloudflare.com:443
17:49:46 [DEBUG] Starting new HTTPS connection (1): www.google.com:443
17:49:46 [DEBUG] Starting new HTTPS connection (1): cp.cloudflare.com:443
17:49:46 [DEBUG] Starting new HTTPS connection (1): cp.cloudflare.com:443
17:49:46 [DEBUG] Starting new HTTPS connection (1): www.google.com:443
17:49:46 [DEBUG] Starting new HTTPS connection (1): www.gstatic.com:443
17:49:46 [DEBUG] Starting new HTTPS connection (1): cp.cloudflare.com:443
17:49:47 [DEBUG] Starting new HTTPS connection (1): cp.cloudflare.com:443
17:49:47 [DEBUG] Starting new HTTPS connection (1): cp.cloudflare.com:443
17:49:47 [DEBUG] Starting new HTTPS connection (1): www.google.com:443
17:49:47 [DEBUG] Starting new HTTPS connection (1): www.google.com:443
17:49:47 [DEBUG] Starting new HTTPS connection (1): cp.cloudflare.com:443
17:49:47 [DEBUG] Starting new HTTPS connection (1): www.gstatic.com:443
17:49:47 [DEBUG] Starting new HTTPS connection (1): www.gstatic.com:443
17:49:48 [DEBUG] Starting new HTTPS connection (1): www.google.com:443
17:49:48 [DEBUG] Starting new HTTPS connection (1): www.gstatic.com:443
17:49:48 [DEBUG] Starting new HTTPS connection (1): cp.cloudflare.com:443
17:49:48 [DEBUG] Starting new HTTPS connection (1): www.gstatic.com:443
17:49:48 [DEBUG] Starting new HTTPS connection (1): www.gstatic.com:443
17:49:49 [DEBUG] Starting new HTTPS connection (1): www.google.com:443
17:49:49 [DEBUG] Starting new HTTPS connection (1): cp.cloudflare.com:443
17:49:49 [DEBUG] Starting new HTTPS connection (1): www.gstatic.com:443
17:49:49 [DEBUG] Starting new HTTPS connection (1): www.gstatic.com:443
17:49:49 [DEBUG] Starting new HTTPS connection (1): www.gstatic.com:443
17:49:49 [DEBUG] Starting new HTTPS connection (1): cp.cloudflare.com:443
17:49:50 [DEBUG] Starting new HTTPS connection (1): www.google.com:443
17:49:50 [DEBUG] Starting new HTTPS connection (1): cp.cloudflare.com:443
17:49:50 [DEBUG] Starting new HTTPS connection (1): www.gstatic.com:443
17:49:51 [DEBUG] Starting new HTTPS connection (1): www.google.com:443
17:49:51 [DEBUG] Starting new HTTPS connection (1): www.gstatic.com:443
17:49:51 [DEBUG] Starting new HTTPS connection (1): www.google.com:443
17:49:51 [DEBUG] Starting new HTTPS connection (1): www.google.com:443
17:49:52 [DEBUG] Starting new HTTPS connection (1): cp.cloudflare.com:443
17:49:52 [DEBUG] Starting new HTTPS connection (1): www.google.com:443
17:49:52 [DEBUG] Starting new HTTPS connection (1): www.google.com:443
17:49:52 [DEBUG] Starting new HTTPS connection (1): www.gstatic.com:443
17:49:52 [DEBUG] https://www.google.com:443 "GET /generate_204 HTTP/1.1" 204 0
17:49:52 [DEBUG] Starting new HTTPS connection (1): cp.cloudflare.com:443
17:49:52 [DEBUG] Starting new HTTPS connection (1): www.google.com:443
17:49:52 [DEBUG] https://cp.cloudflare.com:443 "GET / HTTP/1.1" 204 0
17:49:52 [DEBUG] Starting new HTTPS connection (1): www.gstatic.com:443
17:49:53 [DEBUG] Starting new HTTPS connection (1): cp.cloudflare.com:443
17:49:54 [DEBUG] Starting new HTTPS connection (1): cp.cloudflare.com:443
17:49:54 [DEBUG] Starting new HTTPS connection (1): www.google.com:443
17:49:54 [DEBUG] Starting new HTTPS connection (1): cp.cloudflare.com:443
17:49:54 [DEBUG] Starting new HTTPS connection (1): www.gstatic.com:443
17:49:54 [DEBUG] https://www.google.com:443 "GET /generate_204 HTTP/1.1" 204 0
17:49:54 [DEBUG] Starting new HTTPS connection (1): cp.cloudflare.com:443
17:49:54 [DEBUG] https://cp.cloudflare.com:443 "GET / HTTP/1.1" 204 0
17:49:54 [DEBUG] Starting new HTTPS connection (1): www.gstatic.com:443
17:49:54 [DEBUG] Starting new HTTPS connection (1): www.google.com:443
17:49:54 [DEBUG] https://www.gstatic.com:443 "GET /generate_204 HTTP/1.1" 204 0
17:49:54 [DEBUG] Starting new HTTPS connection (1): cp.cloudflare.com:443
17:49:55 [DEBUG] Starting new HTTPS connection (1): dl.google.com:443
17:49:55 [DEBUG] https://www.google.com:443 "GET /generate_204 HTTP/1.1" 204 0
17:49:55 [DEBUG] Starting new HTTPS connection (1): cp.cloudflare.com:443
17:49:55 [DEBUG] Starting new HTTPS connection (1): cp.cloudflare.com:443
17:49:55 [DEBUG] https://cp.cloudflare.com:443 "GET / HTTP/1.1" 204 0
17:49:55 [DEBUG] Starting new HTTPS connection (1): www.gstatic.com:443
17:49:55 [DEBUG] Starting new HTTPS connection (1): www.gstatic.com:443
17:49:55 [DEBUG] https://dl.google.com:443 "GET /dl/android/studio/install/3.4.1.0/android-studio-ide-183.5522156-windows.exe HTTP/1.1" 404 1449
17:49:55 [INFO]    🎯 104.16.9.20 (XX) - 0.0Mbps, 241ms UDP✅  []
17:49:55 [DEBUG] https://www.gstatic.com:443 "GET /generate_204 HTTP/1.1" 204 0
17:49:55 [DEBUG] Starting new HTTPS connection (1): dl.google.com:443
17:49:56 [DEBUG] Starting new HTTPS connection (1): www.google.com:443
17:49:56 [DEBUG] Starting new HTTPS connection (1): www.gstatic.com:443
17:49:56 [DEBUG] https://dl.google.com:443 "GET /dl/android/studio/install/3.4.1.0/android-studio-ide-183.5522156-windows.exe HTTP/1.1" 404 1449
17:49:56 [INFO]    🎯 172.67.249.36 (XX) - 0.0Mbps, 262ms UDP✅  []
17:49:56 [DEBUG] Starting new HTTPS connection (1): www.gstatic.com:443
17:49:56 [DEBUG] Starting new HTTPS connection (1): www.google.com:443
17:49:57 [DEBUG] Starting new HTTPS connection (1): www.gstatic.com:443
17:49:57 [DEBUG] Starting new HTTPS connection (1): www.google.com:443
17:49:57 [DEBUG] Starting new HTTPS connection (1): www.gstatic.com:443
17:49:57 [DEBUG] Starting new HTTPS connection (1): www.google.com:443
17:49:57 [DEBUG] Starting new HTTPS connection (1): cp.cloudflare.com:443
17:49:57 [DEBUG] Starting new HTTPS connection (1): www.gstatic.com:443
17:49:58 [DEBUG] Starting new HTTPS connection (1): cp.cloudflare.com:443
17:49:58 [DEBUG] Starting new HTTPS connection (1): www.google.com:443
17:49:58 [DEBUG] Starting new HTTPS connection (1): cp.cloudflare.com:443
17:49:58 [DEBUG] Starting new HTTPS connection (1): www.gstatic.com:443
17:49:58 [DEBUG] Starting new HTTPS connection (1): cp.cloudflare.com:443
17:49:58 [DEBUG] Starting new HTTPS connection (1): www.google.com:443
17:49:58 [DEBUG] Starting new HTTPS connection (1): cp.cloudflare.com:443
17:49:58 [DEBUG] Starting new HTTPS connection (1): www.gstatic.com:443
17:49:59 [DEBUG] Starting new HTTPS connection (1): cp.cloudflare.com:443
17:49:59 [DEBUG] Starting new HTTPS connection (1): www.google.com:443
17:49:59 [DEBUG] Starting new HTTPS connection (1): cp.cloudflare.com:443
17:49:59 [DEBUG] Starting new HTTPS connection (1): www.gstatic.com:443
17:49:59 [DEBUG] Starting new HTTPS connection (1): www.google.com:443
17:49:59 [DEBUG] Starting new HTTPS connection (1): cp.cloudflare.com:443
17:49:59 [DEBUG] Starting new HTTPS connection (1): www.gstatic.com:443
17:50:00 [DEBUG] Starting new HTTPS connection (1): www.google.com:443
17:50:00 [DEBUG] Starting new HTTPS connection (1): cp.cloudflare.com:443
17:50:00 [DEBUG] Starting new HTTPS connection (1): www.gstatic.com:443
17:50:00 [DEBUG] Starting new HTTPS connection (1): www.google.com:443
17:50:00 [DEBUG] Starting new HTTPS connection (1): cp.cloudflare.com:443
17:50:00 [DEBUG] Starting new HTTPS connection (1): www.gstatic.com:443
17:50:00 [DEBUG] Starting new HTTPS connection (1): www.gstatic.com:443
17:50:00 [DEBUG] Starting new HTTPS connection (1): www.google.com:443
17:50:00 [DEBUG] Starting new HTTPS connection (1): cp.cloudflare.com:443
17:50:00 [DEBUG] Starting new HTTPS connection (1): www.gstatic.com:443
17:50:00 [INFO]    📊 Global: 360/400 (90%) | ✅71 ❌289
17:50:00 [DEBUG] Starting new HTTPS connection (1): www.google.com:443
17:50:00 [DEBUG] Starting new HTTPS connection (1): cp.cloudflare.com:443
17:50:01 [DEBUG] Starting new HTTPS connection (1): www.gstatic.com:443
17:50:01 [DEBUG] Starting new HTTPS connection (1): www.google.com:443
17:50:01 [DEBUG] Starting new HTTPS connection (1): cp.cloudflare.com:443
17:50:01 [DEBUG] Starting new HTTPS connection (1): dl.google.com:443
17:50:01 [DEBUG] Starting new HTTPS connection (1): www.gstatic.com:443
17:50:01 [DEBUG] Starting new HTTPS connection (1): www.google.com:443
17:50:01 [DEBUG] Starting new HTTPS connection (1): cp.cloudflare.com:443
17:50:01 [DEBUG] Starting new HTTPS connection (1): www.gstatic.com:443
17:50:01 [DEBUG] Starting new HTTPS connection (1): www.gstatic.com:443
17:50:01 [DEBUG] Starting new HTTPS connection (1): www.google.com:443
17:50:01 [DEBUG] Starting new HTTPS connection (1): cp.cloudflare.com:443
17:50:01 [DEBUG] Starting new HTTPS connection (1): www.gstatic.com:443
17:50:01 [DEBUG] Starting new HTTPS connection (1): www.google.com:443
17:50:01 [DEBUG] Starting new HTTPS connection (1): cp.cloudflare.com:443
17:50:01 [DEBUG] Starting new HTTPS connection (1): www.gstatic.com:443
17:50:01 [DEBUG] https://dl.google.com:443 "GET /dl/android/studio/install/3.4.1.0/android-studio-ide-183.5522156-windows.exe HTTP/1.1" 200 1017327996
17:50:01 [DEBUG] Starting new HTTPS connection (1): www.gstatic.com:443
17:50:02 [DEBUG] Starting new HTTPS connection (1): www.google.com:443
17:50:02 [DEBUG] Starting new HTTPS connection (1): cp.cloudflare.com:443
17:50:02 [DEBUG] Starting new HTTPS connection (1): www.gstatic.com:443
17:50:02 [INFO]    🎯 162.159.152.4 (XX) - 11.2Mbps, 138ms UDP❌  []
17:50:02 [DEBUG] Starting new HTTPS connection (1): www.google.com:443
17:50:02 [DEBUG] Starting new HTTPS connection (1): cp.cloudflare.com:443
17:50:02 [DEBUG] Starting new HTTPS connection (1): www.gstatic.com:443
17:50:02 [DEBUG] Starting new HTTPS connection (1): www.google.com:443
17:50:02 [DEBUG] Starting new HTTPS connection (1): cp.cloudflare.com:443
17:50:02 [DEBUG] Starting new HTTPS connection (1): www.gstatic.com:443
17:50:02 [DEBUG] Starting new HTTPS connection (1): www.google.com:443
17:50:02 [DEBUG] Starting new HTTPS connection (1): cp.cloudflare.com:443
17:50:02 [DEBUG] Starting new HTTPS connection (1): www.gstatic.com:443
17:50:02 [DEBUG] Starting new HTTPS connection (1): www.google.com:443
17:50:02 [DEBUG] Starting new HTTPS connection (1): www.google.com:443
17:50:02 [DEBUG] Starting new HTTPS connection (1): cp.cloudflare.com:443
17:50:02 [DEBUG] Starting new HTTPS connection (1): www.gstatic.com:443
17:50:03 [DEBUG] Starting new HTTPS connection (1): www.google.com:443
17:50:03 [DEBUG] Starting new HTTPS connection (1): www.google.com:443
17:50:03 [DEBUG] Starting new HTTPS connection (1): www.google.com:443
17:50:03 [DEBUG] Starting new HTTPS connection (1): www.google.com:443
17:50:03 [DEBUG] Starting new HTTPS connection (1): www.google.com:443
17:50:03 [DEBUG] Starting new HTTPS connection (1): cp.cloudflare.com:443
17:50:03 [DEBUG] Starting new HTTPS connection (1): www.gstatic.com:443
17:50:03 [DEBUG] Starting new HTTPS connection (1): cp.cloudflare.com:443
17:50:03 [DEBUG] Starting new HTTPS connection (1): cp.cloudflare.com:443
17:50:03 [DEBUG] Starting new HTTPS connection (1): cp.cloudflare.com:443
17:50:03 [DEBUG] Starting new HTTPS connection (1): www.gstatic.com:443
17:50:03 [DEBUG] Starting new HTTPS connection (1): cp.cloudflare.com:443
17:50:03 [DEBUG] Starting new HTTPS connection (1): www.gstatic.com:443
17:50:03 [DEBUG] Starting new HTTPS connection (1): www.gstatic.com:443
17:50:03 [DEBUG] Starting new HTTPS connection (1): www.google.com:443
17:50:03 [DEBUG] Starting new HTTPS connection (1): www.gstatic.com:443
17:50:04 [DEBUG] Starting new HTTPS connection (1): www.google.com:443
17:50:04 [DEBUG] Starting new HTTPS connection (1): cp.cloudflare.com:443
17:50:04 [DEBUG] Starting new HTTPS connection (1): cp.cloudflare.com:443
17:50:04 [DEBUG] Starting new HTTPS connection (1): www.gstatic.com:443
17:50:04 [DEBUG] Starting new HTTPS connection (1): www.google.com:443
17:50:04 [DEBUG] Starting new HTTPS connection (1): www.gstatic.com:443
17:50:04 [DEBUG] Starting new HTTPS connection (1): cp.cloudflare.com:443
17:50:04 [DEBUG] Starting new HTTPS connection (1): www.gstatic.com:443
17:50:04 [DEBUG] Starting new HTTPS connection (1): www.google.com:443
17:50:04 [DEBUG] Starting new HTTPS connection (1): cp.cloudflare.com:443
17:50:04 [DEBUG] Starting new HTTPS connection (1): www.gstatic.com:443
17:50:04 [DEBUG] Starting new HTTPS connection (1): www.google.com:443
17:50:04 [DEBUG] Starting new HTTPS connection (1): www.google.com:443
17:50:05 [DEBUG] Starting new HTTPS connection (1): www.google.com:443
17:50:05 [DEBUG] Starting new HTTPS connection (1): www.google.com:443
17:50:05 [DEBUG] Starting new HTTPS connection (1): www.google.com:443
17:50:05 [DEBUG] Starting new HTTPS connection (1): cp.cloudflare.com:443
17:50:05 [DEBUG] Starting new HTTPS connection (1): www.google.com:443
17:50:05 [DEBUG] Starting new HTTPS connection (1): www.google.com:443
17:50:06 [DEBUG] Starting new HTTPS connection (1): www.google.com:443
17:50:06 [DEBUG] Starting new HTTPS connection (1): cp.cloudflare.com:443
17:50:07 [DEBUG] https://www.google.com:443 "GET /generate_204 HTTP/1.1" 204 0
17:50:07 [DEBUG] Starting new HTTPS connection (1): cp.cloudflare.com:443
17:50:07 [DEBUG] Starting new HTTPS connection (1): www.google.com:443
17:50:07 [DEBUG] Starting new HTTPS connection (1): cp.cloudflare.com:443
17:50:07 [DEBUG] Starting new HTTPS connection (1): cp.cloudflare.com:443
17:50:07 [DEBUG] Starting new HTTPS connection (1): www.gstatic.com:443
17:50:07 [DEBUG] Starting new HTTPS connection (1): www.gstatic.com:443
17:50:07 [DEBUG] Starting new HTTPS connection (1): cp.cloudflare.com:443
17:50:07 [DEBUG] https://cp.cloudflare.com:443 "GET / HTTP/1.1" 204 0
17:50:07 [DEBUG] Starting new HTTPS connection (1): www.gstatic.com:443
17:50:08 [DEBUG] Starting new HTTPS connection (1): cp.cloudflare.com:443
17:50:08 [DEBUG] Starting new HTTPS connection (1): cp.cloudflare.com:443
17:50:08 [DEBUG] Starting new HTTPS connection (1): cp.cloudflare.com:443
17:50:08 [DEBUG] Starting new HTTPS connection (1): www.google.com:443
17:50:08 [DEBUG] https://www.google.com:443 "GET /generate_204 HTTP/1.1" 204 0
17:50:08 [DEBUG] Starting new HTTPS connection (1): cp.cloudflare.com:443
17:50:08 [DEBUG] https://www.gstatic.com:443 "GET /generate_204 HTTP/1.1" 204 0
17:50:08 [DEBUG] Starting new HTTPS connection (1): www.gstatic.com:443
17:50:09 [DEBUG] Starting new HTTPS connection (1): dl.google.com:443
17:50:09 [DEBUG] Starting new HTTPS connection (1): www.gstatic.com:443
17:50:09 [DEBUG] Starting new HTTPS connection (1): www.gstatic.com:443
17:50:10 [DEBUG] https://www.google.com:443 "GET /generate_204 HTTP/1.1" 204 0
17:50:10 [DEBUG] Starting new HTTPS connection (1): cp.cloudflare.com:443
17:50:10 [DEBUG] https://dl.google.com:443 "GET /dl/android/studio/install/3.4.1.0/android-studio-ide-183.5522156-windows.exe HTTP/1.1" 404 1449
17:50:10 [INFO]    🎯 162.159.152.4 (XX) - 0.0Mbps, 976ms UDP✅  []
17:50:10 [DEBUG] Starting new HTTPS connection (1): www.gstatic.com:443
17:50:10 [DEBUG] Starting new HTTPS connection (1): www.gstatic.com:443
17:50:10 [DEBUG] https://cp.cloudflare.com:443 "GET / HTTP/1.1" 204 0
17:50:10 [DEBUG] Starting new HTTPS connection (1): www.gstatic.com:443
17:50:10 [DEBUG] Starting new HTTPS connection (1): www.google.com:443
17:50:10 [DEBUG] Starting new HTTPS connection (1): www.gstatic.com:443
17:50:10 [DEBUG] Starting new HTTPS connection (1): cp.cloudflare.com:443
17:50:10 [DEBUG] Starting new HTTPS connection (1): www.gstatic.com:443
17:50:11 [DEBUG] Starting new HTTPS connection (1): www.google.com:443
17:50:11 [DEBUG] Starting new HTTPS connection (1): cp.cloudflare.com:443
17:50:11 [DEBUG] Starting new HTTPS connection (1): www.gstatic.com:443
17:50:12 [DEBUG] Starting new HTTPS connection (1): www.google.com:443
17:50:12 [DEBUG] Starting new HTTPS connection (1): www.google.com:443
17:50:12 [DEBUG] Starting new HTTPS connection (1): cp.cloudflare.com:443
17:50:12 [DEBUG] Starting new HTTPS connection (1): www.gstatic.com:443
17:50:12 [DEBUG] Starting new HTTPS connection (1): www.google.com:443
17:50:12 [DEBUG] Starting new HTTPS connection (1): www.google.com:443
17:50:13 [DEBUG] Starting new HTTPS connection (1): www.gstatic.com:443
17:50:13 [DEBUG] https://www.gstatic.com:443 "GET /generate_204 HTTP/1.1" 204 0
17:50:13 [DEBUG] Starting new HTTPS connection (1): dl.google.com:443
17:50:13 [DEBUG] https://dl.google.com:443 "GET /dl/android/studio/install/3.4.1.0/android-studio-ide-183.5522156-windows.exe HTTP/1.1" 200 1017327996
17:50:13 [INFO]    🎯 94.140.0.1 (AE) - 59.9Mbps, 80ms UDP✅  []
17:50:14 [DEBUG] https://www.gstatic.com:443 "GET /generate_204 HTTP/1.1" 204 0
17:50:14 [DEBUG] Starting new HTTPS connection (1): cp.cloudflare.com:443
17:50:16 [DEBUG] Starting new HTTPS connection (1): cp.cloudflare.com:443
17:50:17 [DEBUG] Starting new HTTPS connection (1): dl.google.com:443
17:50:17 [DEBUG] Starting new HTTPS connection (1): www.gstatic.com:443
17:50:17 [DEBUG] https://dl.google.com:443 "GET /dl/android/studio/install/3.4.1.0/android-studio-ide-183.5522156-windows.exe HTTP/1.1" 404 1449
17:50:17 [INFO]    🎯 172.66.128.70 (XX) - 0.0Mbps, 3032ms UDP❌  []
17:50:17 [DEBUG] Starting new HTTPS connection (1): cp.cloudflare.com:443
17:50:18 [DEBUG] Starting new HTTPS connection (1): www.gstatic.com:443
17:50:22 [DEBUG] Starting new HTTPS connection (1): www.gstatic.com:443
17:50:27 [INFO]    📊 Global: 400/400 (100%) | ✅75 ❌325
17:50:29 [DEBUG] Starting new HTTPS connection (1): www.google.com:443
17:50:29 [DEBUG] Starting new HTTPS connection (1): www.google.com:443
17:50:29 [DEBUG] Starting new HTTPS connection (1): www.google.com:443
17:50:29 [DEBUG] Starting new HTTPS connection (1): www.google.com:443
17:50:29 [DEBUG] Starting new HTTPS connection (1): www.google.com:443
17:50:29 [DEBUG] Starting new HTTPS connection (1): www.google.com:443
17:50:29 [DEBUG] Starting new HTTPS connection (1): www.google.com:443
17:50:29 [DEBUG] Starting new HTTPS connection (1): www.google.com:443
17:50:29 [DEBUG] Starting new HTTPS connection (1): www.google.com:443
17:50:29 [DEBUG] Starting new HTTPS connection (1): www.google.com:443
17:50:29 [DEBUG] https://www.google.com:443 "GET /generate_204 HTTP/1.1" 204 0
17:50:29 [DEBUG] Starting new HTTPS connection (1): cp.cloudflare.com:443
17:50:29 [DEBUG] https://www.google.com:443 "GET /generate_204 HTTP/1.1" 204 0
17:50:29 [DEBUG] Starting new HTTPS connection (1): cp.cloudflare.com:443
17:50:29 [DEBUG] https://www.google.com:443 "GET /generate_204 HTTP/1.1" 204 0
17:50:29 [DEBUG] Starting new HTTPS connection (1): cp.cloudflare.com:443
17:50:29 [DEBUG] https://www.google.com:443 "GET /generate_204 HTTP/1.1" 204 0
17:50:29 [DEBUG] Starting new HTTPS connection (1): cp.cloudflare.com:443
17:50:29 [DEBUG] https://www.google.com:443 "GET /generate_204 HTTP/1.1" 204 0
17:50:29 [DEBUG] Starting new HTTPS connection (1): cp.cloudflare.com:443
17:50:29 [DEBUG] https://cp.cloudflare.com:443 "GET / HTTP/1.1" 204 0
17:50:29 [DEBUG] Starting new HTTPS connection (1): www.gstatic.com:443
17:50:30 [DEBUG] https://cp.cloudflare.com:443 "GET / HTTP/1.1" 204 0
17:50:30 [DEBUG] https://cp.cloudflare.com:443 "GET / HTTP/1.1" 204 0
17:50:30 [DEBUG] Starting new HTTPS connection (1): www.gstatic.com:443
17:50:30 [DEBUG] Starting new HTTPS connection (1): www.gstatic.com:443
17:50:30 [DEBUG] https://cp.cloudflare.com:443 "GET / HTTP/1.1" 204 0
17:50:30 [DEBUG] Starting new HTTPS connection (1): www.gstatic.com:443
17:50:30 [DEBUG] https://www.gstatic.com:443 "GET /generate_204 HTTP/1.1" 204 0
17:50:30 [DEBUG] https://www.gstatic.com:443 "GET /generate_204 HTTP/1.1" 204 0
17:50:30 [DEBUG] https://www.gstatic.com:443 "GET /generate_204 HTTP/1.1" 204 0
17:50:30 [DEBUG] Starting new HTTPS connection (1): dl.google.com:443
17:50:31 [DEBUG] Starting new HTTPS connection (1): dl.google.com:443
17:50:31 [DEBUG] https://dl.google.com:443 "GET /dl/android/studio/install/3.4.1.0/android-studio-ide-183.5522156-windows.exe HTTP/1.1" 200 1017327996
17:50:31 [DEBUG] https://dl.google.com:443 "GET /dl/android/studio/install/3.4.1.0/android-studio-ide-183.5522156-windows.exe HTTP/1.1" 200 1017327996
17:50:31 [INFO]    🎯 178.154.224.33 (Россия) - 18.7Mbps, 506ms UDP✅ Reality [ads.x5.ru]
17:50:32 [DEBUG] Starting new HTTPS connection (1): www.google.com:443
17:50:33 [DEBUG] https://cp.cloudflare.com:443 "GET / HTTP/1.1" 204 0
17:50:33 [DEBUG] Starting new HTTPS connection (1): www.gstatic.com:443
17:50:33 [DEBUG] https://www.gstatic.com:443 "GET /generate_204 HTTP/1.1" 204 0
17:50:33 [DEBUG] Starting new HTTPS connection (1): dl.google.com:443
17:50:34 [DEBUG] https://dl.google.com:443 "GET /dl/android/studio/install/3.4.1.0/android-studio-ide-183.5522156-windows.exe HTTP/1.1" 200 1017327996
17:50:34 [DEBUG] Starting new HTTPS connection (1): cp.cloudflare.com:443
17:50:34 [DEBUG] Starting new HTTPS connection (1): cp.cloudflare.com:443
17:50:34 [DEBUG] Starting new HTTPS connection (1): cp.cloudflare.com:443
17:50:34 [DEBUG] https://www.google.com:443 "GET /generate_204 HTTP/1.1" 204 0
17:50:34 [DEBUG] Starting new HTTPS connection (1): cp.cloudflare.com:443
17:50:34 [DEBUG] Starting new HTTPS connection (1): cp.cloudflare.com:443
17:50:34 [DEBUG] https://cp.cloudflare.com:443 "GET / HTTP/1.1" 204 0
17:50:34 [DEBUG] Starting new HTTPS connection (1): www.gstatic.com:443
17:50:34 [INFO]    🎯 109.120.191.65 (Россия) - 15.6Mbps, 471ms UDP❌ Reality [eh.vk.com]
17:50:34 [INFO]    🎯 51.250.66.104 (Россия) - 3.7Mbps, 527ms UDP✅ Reality [ads.x5.ru]
17:50:34 [DEBUG] https://www.gstatic.com:443 "GET /generate_204 HTTP/1.1" 204 0
17:50:34 [DEBUG] Starting new HTTPS connection (1): dl.google.com:443
17:50:34 [DEBUG] https://cp.cloudflare.com:443 "GET / HTTP/1.1" 204 0
17:50:34 [DEBUG] Starting new HTTPS connection (1): www.gstatic.com:443
17:50:34 [DEBUG] https://www.google.com:443 "GET /generate_204 HTTP/1.1" 204 0
17:50:34 [DEBUG] Starting new HTTPS connection (1): cp.cloudflare.com:443
17:50:34 [DEBUG] https://dl.google.com:443 "GET /dl/android/studio/install/3.4.1.0/android-studio-ide-183.5522156-windows.exe HTTP/1.1" 200 1017327996
17:50:35 [DEBUG] https://www.gstatic.com:443 "GET /generate_204 HTTP/1.1" 204 0
17:50:35 [DEBUG] Starting new HTTPS connection (1): dl.google.com:443
17:50:35 [INFO]    🎯 217.16.26.158 (Россия) - 16.9Mbps, 192ms UDP✅ Reality [ads.x5.ru]
17:50:35 [DEBUG] https://dl.google.com:443 "GET /dl/android/studio/install/3.4.1.0/android-studio-ide-183.5522156-windows.exe HTTP/1.1" 200 1017327996
17:50:35 [DEBUG] Starting new HTTPS connection (1): www.google.com:443
17:50:35 [DEBUG] Starting new HTTPS connection (1): dl.google.com:443
17:50:35 [DEBUG] Starting new HTTPS connection (1): www.google.com:443
17:50:35 [DEBUG] https://www.google.com:443 "GET /generate_204 HTTP/1.1" 204 0
17:50:35 [DEBUG] Starting new HTTPS connection (1): cp.cloudflare.com:443
17:50:36 [DEBUG] https://www.google.com:443 "GET /generate_204 HTTP/1.1" 204 0
17:50:36 [DEBUG] Starting new HTTPS connection (1): cp.cloudflare.com:443
17:50:36 [DEBUG] https://cp.cloudflare.com:443 "GET / HTTP/1.1" 204 0
17:50:36 [DEBUG] Starting new HTTPS connection (1): www.gstatic.com:443
17:50:36 [DEBUG] https://cp.cloudflare.com:443 "GET / HTTP/1.1" 204 0
17:50:36 [DEBUG] Starting new HTTPS connection (1): www.gstatic.com:443
17:50:36 [DEBUG] Starting new HTTPS connection (1): dl.google.com:443
17:50:36 [DEBUG] Starting new HTTPS connection (1): www.google.com:443
17:50:36 [DEBUG] https://www.gstatic.com:443 "GET /generate_204 HTTP/1.1" 204 0
17:50:36 [DEBUG] Starting new HTTPS connection (1): dl.google.com:443
17:50:36 [DEBUG] https://www.gstatic.com:443 "GET /generate_204 HTTP/1.1" 204 0
17:50:36 [DEBUG] https://www.google.com:443 "GET /generate_204 HTTP/1.1" 204 0
17:50:36 [DEBUG] Starting new HTTPS connection (1): cp.cloudflare.com:443
17:50:36 [DEBUG] Starting new HTTPS connection (1): dl.google.com:443
17:50:37 [DEBUG] https://dl.google.com:443 "GET /dl/android/studio/install/3.4.1.0/android-studio-ide-183.5522156-windows.exe HTTP/1.1" 200 1017327996
17:50:37 [DEBUG] https://cp.cloudflare.com:443 "GET / HTTP/1.1" 204 0
17:50:37 [DEBUG] https://dl.google.com:443 "GET /dl/android/studio/install/3.4.1.0/android-studio-ide-183.5522156-windows.exe HTTP/1.1" 200 1017327996
17:50:37 [DEBUG] Starting new HTTPS connection (1): www.gstatic.com:443
17:50:37 [DEBUG] https://cp.cloudflare.com:443 "GET / HTTP/1.1" 204 0
17:50:37 [DEBUG] Starting new HTTPS connection (1): www.gstatic.com:443
17:50:37 [INFO]    🎯 89.208.230.52 (Россия) - 17.6Mbps, 383ms UDP✅ Reality [eh.vk.com]
17:50:37 [DEBUG] https://www.gstatic.com:443 "GET /generate_204 HTTP/1.1" 204 0
17:50:37 [DEBUG] https://www.gstatic.com:443 "GET /generate_204 HTTP/1.1" 204 0
17:50:38 [DEBUG] Starting new HTTPS connection (1): dl.google.com:443
17:50:38 [INFO]    🎯 87.239.111.227 (Россия) - 7.5Mbps, 300ms UDP✅ Reality [m.vk.ru]
17:50:38 [DEBUG] Starting new HTTPS connection (1): www.google.com:443
17:50:39 [DEBUG] https://cp.cloudflare.com:443 "GET / HTTP/1.1" 204 0
17:50:39 [DEBUG] Starting new HTTPS connection (1): www.gstatic.com:443
17:50:39 [DEBUG] Starting new HTTPS connection (1): www.gstatic.com:443
17:50:39 [DEBUG] Starting new HTTPS connection (1): www.gstatic.com:443
17:50:39 [DEBUG] Starting new HTTPS connection (1): www.google.com:443
17:50:39 [INFO]    🎯 178.154.252.255 (Россия) - 2.9Mbps, 384ms UDP✅ Reality [eh.vk.com]
17:50:39 [DEBUG] https://dl.google.com:443 "GET /dl/android/studio/install/3.4.1.0/android-studio-ide-183.5522156-windows.exe HTTP/1.1" 200 1017327996
17:50:39 [DEBUG] https://www.google.com:443 "GET /generate_204 HTTP/1.1" 204 0
17:50:39 [DEBUG] Starting new HTTPS connection (1): cp.cloudflare.com:443
17:50:40 [DEBUG] https://www.google.com:443 "GET /generate_204 HTTP/1.1" 204 0
17:50:40 [DEBUG] Starting new HTTPS connection (1): cp.cloudflare.com:443
17:50:40 [DEBUG] https://cp.cloudflare.com:443 "GET / HTTP/1.1" 204 0
17:50:40 [DEBUG] Starting new HTTPS connection (1): www.gstatic.com:443
17:50:40 [DEBUG] https://www.gstatic.com:443 "GET /generate_204 HTTP/1.1" 204 0
17:50:40 [DEBUG] Starting new HTTPS connection (1): dl.google.com:443
17:50:40 [DEBUG] Starting new HTTPS connection (1): www.google.com:443
17:50:40 [DEBUG] https://www.gstatic.com:443 "GET /generate_204 HTTP/1.1" 204 0
17:50:41 [DEBUG] https://dl.google.com:443 "GET /dl/android/studio/install/3.4.1.0/android-studio-ide-183.5522156-windows.exe HTTP/1.1" 200 1017327996
17:50:41 [INFO]    🎯 51.250.68.39 (Россия) - 4.2Mbps, 424ms UDP✅ Reality [ads.x5.ru]
17:50:41 [INFO]    📊 Whitelist: 8/80 (10%) | ✅8 ❌0
17:50:41 [DEBUG] Starting new HTTPS connection (1): dl.google.com:443
17:50:41 [DEBUG] https://dl.google.com:443 "GET /dl/android/studio/install/3.4.1.0/android-studio-ide-183.5522156-windows.exe HTTP/1.1" 200 1017327996
17:50:41 [INFO]    🎯 217.16.16.52 (Россия) - 2.6Mbps, 1430ms UDP❌ Reality [www.vk.com]
17:50:41 [INFO]    🎯 109.120.191.63 (Россия) - 20.5Mbps, 2912ms UDP❌ Reality [eh.vk.com]
17:50:41 [INFO]    🎯 5.188.143.178 (Россия) - 0.0Mbps, 506ms UDP✅ Reality [yandex.ru]
17:50:41 [DEBUG] https://dl.google.com:443 "GET /dl/android/studio/install/3.4.1.0/android-studio-ide-183.5522156-windows.exe HTTP/1.1" 200 1017327996
17:50:42 [DEBUG] Starting new HTTPS connection (1): dl.google.com:443
17:50:42 [INFO]    🎯 84.201.129.193 (Россия) - 12.2Mbps, 419ms UDP✅ Reality [ads.x5.ru]
17:50:42 [DEBUG] Starting new HTTPS connection (1): www.google.com:443
17:50:42 [DEBUG] Starting new HTTPS connection (1): www.google.com:443
17:50:42 [DEBUG] Starting new HTTPS connection (1): www.google.com:443
17:50:42 [DEBUG] https://www.google.com:443 "GET /generate_204 HTTP/1.1" 204 0
17:50:42 [DEBUG] Starting new HTTPS connection (1): cp.cloudflare.com:443
17:50:42 [DEBUG] Starting new HTTPS connection (1): www.google.com:443
17:50:43 [DEBUG] https://cp.cloudflare.com:443 "GET / HTTP/1.1" 204 0
17:50:43 [DEBUG] Starting new HTTPS connection (1): www.gstatic.com:443
17:50:43 [DEBUG] https://www.google.com:443 "GET /generate_204 HTTP/1.1" 204 0
17:50:43 [DEBUG] Starting new HTTPS connection (1): cp.cloudflare.com:443
17:50:43 [DEBUG] https://dl.google.com:443 "GET /dl/android/studio/install/3.4.1.0/android-studio-ide-183.5522156-windows.exe HTTP/1.1" 200 1017327996
17:50:43 [DEBUG] Starting new HTTPS connection (1): www.google.com:443
17:50:43 [DEBUG] https://www.gstatic.com:443 "GET /generate_204 HTTP/1.1" 204 0
17:50:43 [DEBUG] https://cp.cloudflare.com:443 "GET / HTTP/1.1" 204 0
17:50:43 [DEBUG] Starting new HTTPS connection (1): www.gstatic.com:443
17:50:44 [DEBUG] https://www.gstatic.com:443 "GET /generate_204 HTTP/1.1" 204 0
17:50:44 [DEBUG] https://www.google.com:443 "GET /generate_204 HTTP/1.1" 204 0
17:50:44 [DEBUG] Starting new HTTPS connection (1): cp.cloudflare.com:443
17:50:44 [DEBUG] Starting new HTTPS connection (1): dl.google.com:443
17:50:44 [DEBUG] https://dl.google.com:443 "GET /dl/android/studio/install/3.4.1.0/android-studio-ide-183.5522156-windows.exe HTTP/1.1" 200 1017327996
17:50:44 [DEBUG] https://cp.cloudflare.com:443 "GET / HTTP/1.1" 204 0
17:50:44 [DEBUG] Starting new HTTPS connection (1): www.gstatic.com:443
17:50:45 [DEBUG] Starting new HTTPS connection (1): www.gstatic.com:443
17:50:45 [DEBUG] Starting new HTTPS connection (1): www.google.com:443
17:50:45 [DEBUG] Starting new HTTPS connection (1): www.google.com:443
17:50:45 [DEBUG] https://www.google.com:443 "GET /generate_204 HTTP/1.1" 204 0
17:50:45 [DEBUG] Starting new HTTPS connection (1): cp.cloudflare.com:443
17:50:45 [DEBUG] Starting new HTTPS connection (1): cp.cloudflare.com:443
17:50:45 [DEBUG] https://www.gstatic.com:443 "GET /generate_204 HTTP/1.1" 204 0
17:50:46 [DEBUG] https://cp.cloudflare.com:443 "GET / HTTP/1.1" 204 0
17:50:46 [DEBUG] Starting new HTTPS connection (1): www.gstatic.com:443
17:50:46 [DEBUG] https://www.google.com:443 "GET /generate_204 HTTP/1.1" 204 0
17:50:46 [DEBUG] Starting new HTTPS connection (1): cp.cloudflare.com:443
17:50:46 [DEBUG] https://www.gstatic.com:443 "GET /generate_204 HTTP/1.1" 204 0
17:50:46 [DEBUG] Starting new HTTPS connection (1): dl.google.com:443
17:50:46 [DEBUG] https://cp.cloudflare.com:443 "GET / HTTP/1.1" 204 0
17:50:46 [DEBUG] Starting new HTTPS connection (1): www.gstatic.com:443
17:50:47 [DEBUG] https://dl.google.com:443 "GET /dl/android/studio/install/3.4.1.0/android-studio-ide-183.5522156-windows.exe HTTP/1.1" 200 1017327996
17:50:47 [DEBUG] https://www.gstatic.com:443 "GET /generate_204 HTTP/1.1" 204 0
17:50:47 [DEBUG] Starting new HTTPS connection (1): dl.google.com:443
17:50:47 [DEBUG] Starting new HTTPS connection (1): cp.cloudflare.com:443
17:50:48 [DEBUG] https://dl.google.com:443 "GET /dl/android/studio/install/3.4.1.0/android-studio-ide-183.5522156-windows.exe HTTP/1.1" 200 1017327996
17:50:48 [DEBUG] Starting new HTTPS connection (1): cp.cloudflare.com:443
17:50:48 [DEBUG] https://cp.cloudflare.com:443 "GET / HTTP/1.1" 204 0
17:50:48 [DEBUG] Starting new HTTPS connection (1): www.gstatic.com:443
17:50:48 [DEBUG] Starting new HTTPS connection (1): dl.google.com:443
17:50:49 [DEBUG] Starting new HTTPS connection (1): dl.google.com:443
17:50:49 [DEBUG] https://dl.google.com:443 "GET /dl/android/studio/install/3.4.1.0/android-studio-ide-183.5522156-windows.exe HTTP/1.1" 200 1017327996
17:50:50 [DEBUG] https://dl.google.com:443 "GET /dl/android/studio/install/3.4.1.0/android-studio-ide-183.5522156-windows.exe HTTP/1.1" 200 1017327996
17:50:50 [INFO]    🎯 178.250.243.98 (Россия) - 1.6Mbps, 2693ms UDP✅ Reality [eh.vk.com]
17:50:50 [INFO]    📊 Whitelist: 16/80 (20%) | ✅13 ❌3
17:50:50 [DEBUG] https://cp.cloudflare.com:443 "GET / HTTP/1.1" 204 0
17:50:50 [DEBUG] Starting new HTTPS connection (1): www.gstatic.com:443
17:50:50 [DEBUG] https://www.gstatic.com:443 "GET /generate_204 HTTP/1.1" 204 0
17:50:50 [INFO]    🎯 195.209.67.124 (Россия) - 8.2Mbps, 1152ms UDP❌  []
17:50:50 [DEBUG] https://www.gstatic.com:443 "GET /generate_204 HTTP/1.1" 204 0
17:50:50 [DEBUG] Starting new HTTPS connection (1): dl.google.com:443
17:50:50 [DEBUG] Starting new HTTPS connection (1): dl.google.com:443
17:50:50 [DEBUG] Starting new HTTPS connection (1): www.gstatic.com:443
17:50:51 [DEBUG] https://dl.google.com:443 "GET /dl/android/studio/install/3.4.1.0/android-studio-ide-183.5522156-windows.exe HTTP/1.1" 200 1017327996
17:50:51 [DEBUG] https://dl.google.com:443 "GET /dl/android/studio/install/3.4.1.0/android-studio-ide-183.5522156-windows.exe HTTP/1.1" 200 1017327996
17:50:51 [DEBUG] Starting new HTTPS connection (1): www.google.com:443
17:50:51 [DEBUG] Starting new HTTPS connection (1): www.google.com:443
17:50:51 [INFO]    🎯 178.154.255.96 (Россия) - 15.8Mbps, 947ms UDP✅ Reality [eh.vk.com]
17:50:51 [DEBUG] Starting new HTTPS connection (1): www.google.com:443
17:50:52 [DEBUG] https://www.google.com:443 "GET /generate_204 HTTP/1.1" 204 0
17:50:52 [DEBUG] Starting new HTTPS connection (1): cp.cloudflare.com:443
17:50:52 [INFO]    🎯 37.139.33.57 (Россия) - 1.6Mbps, 405ms UDP✅ Reality [m.vk.ru]
17:50:52 [DEBUG] Starting new HTTPS connection (1): www.google.com:443
17:50:52 [DEBUG] https://www.google.com:443 "GET /generate_204 HTTP/1.1" 204 0
17:50:52 [DEBUG] Starting new HTTPS connection (1): cp.cloudflare.com:443
17:50:53 [DEBUG] https://cp.cloudflare.com:443 "GET / HTTP/1.1" 204 0
17:50:53 [DEBUG] Starting new HTTPS connection (1): www.gstatic.com:443
17:50:53 [DEBUG] https://www.gstatic.com:443 "GET /generate_204 HTTP/1.1" 204 0
17:50:53 [DEBUG] https://cp.cloudflare.com:443 "GET / HTTP/1.1" 204 0
17:50:53 [DEBUG] Starting new HTTPS connection (1): www.gstatic.com:443
17:50:53 [DEBUG] Starting new HTTPS connection (1): www.google.com:443
17:50:54 [DEBUG] https://www.google.com:443 "GET /generate_204 HTTP/1.1" 204 0
17:50:54 [DEBUG] Starting new HTTPS connection (1): cp.cloudflare.com:443
17:50:54 [DEBUG] https://www.gstatic.com:443 "GET /generate_204 HTTP/1.1" 204 0
17:50:54 [DEBUG] https://cp.cloudflare.com:443 "GET / HTTP/1.1" 204 0
17:50:54 [DEBUG] Starting new HTTPS connection (1): www.gstatic.com:443
17:50:54 [DEBUG] https://www.gstatic.com:443 "GET /generate_204 HTTP/1.1" 204 0
17:50:55 [DEBUG] Starting new HTTPS connection (1): dl.google.com:443
17:50:55 [DEBUG] Starting new HTTPS connection (1): dl.google.com:443
17:50:55 [DEBUG] https://dl.google.com:443 "GET /dl/android/studio/install/3.4.1.0/android-studio-ide-183.5522156-windows.exe HTTP/1.1" 200 1017327996
17:50:55 [DEBUG] https://dl.google.com:443 "GET /dl/android/studio/install/3.4.1.0/android-studio-ide-183.5522156-windows.exe HTTP/1.1" 200 1017327996
17:50:56 [DEBUG] https://www.google.com:443 "GET /generate_204 HTTP/1.1" 204 0
17:50:56 [DEBUG] Starting new HTTPS connection (1): cp.cloudflare.com:443
17:50:56 [INFO]    🎯 51.250.65.209 (Россия) - 12.3Mbps, 1049ms UDP✅ Reality [ads.x5.ru]
17:50:56 [DEBUG] Starting new HTTPS connection (1): cp.cloudflare.com:443
17:50:56 [DEBUG] Starting new HTTPS connection (1): dl.google.com:443
17:50:56 [DEBUG] https://cp.cloudflare.com:443 "GET / HTTP/1.1" 204 0
17:50:56 [DEBUG] Starting new HTTPS connection (1): www.gstatic.com:443
17:50:56 [DEBUG] https://cp.cloudflare.com:443 "GET / HTTP/1.1" 204 0
17:50:56 [DEBUG] Starting new HTTPS connection (1): www.gstatic.com:443
17:50:56 [DEBUG] https://dl.google.com:443 "GET /dl/android/studio/install/3.4.1.0/android-studio-ide-183.5522156-windows.exe HTTP/1.1" 200 1017327996
17:50:57 [DEBUG] Starting new HTTPS connection (1): www.google.com:443
17:50:57 [DEBUG] https://www.gstatic.com:443 "GET /generate_204 HTTP/1.1" 204 0
17:50:57 [DEBUG] Starting new HTTPS connection (1): dl.google.com:443
17:50:57 [DEBUG] Starting new HTTPS connection (1): www.google.com:443
17:50:57 [DEBUG] https://www.google.com:443 "GET /generate_204 HTTP/1.1" 204 0
17:50:57 [DEBUG] Starting new HTTPS connection (1): cp.cloudflare.com:443
17:50:57 [DEBUG] https://www.google.com:443 "GET /generate_204 HTTP/1.1" 204 0
17:50:57 [DEBUG] Starting new HTTPS connection (1): cp.cloudflare.com:443
17:50:57 [DEBUG] https://dl.google.com:443 "GET /dl/android/studio/install/3.4.1.0/android-studio-ide-183.5522156-windows.exe HTTP/1.1" 200 1017327996
17:50:57 [DEBUG] https://cp.cloudflare.com:443 "GET / HTTP/1.1" 204 0
17:50:57 [DEBUG] Starting new HTTPS connection (1): www.gstatic.com:443
17:50:58 [DEBUG] https://cp.cloudflare.com:443 "GET / HTTP/1.1" 204 0
17:50:58 [DEBUG] Starting new HTTPS connection (1): www.gstatic.com:443
17:50:58 [INFO]    🎯 84.201.165.58 (Россия) - 15.3Mbps, 1484ms UDP✅ Reality [io.ozone.ru]
17:50:58 [DEBUG] https://www.gstatic.com:443 "GET /generate_204 HTTP/1.1" 204 0
17:50:58 [DEBUG] https://www.gstatic.com:443 "GET /generate_204 HTTP/1.1" 204 0
17:50:58 [DEBUG] https://www.gstatic.com:443 "GET /generate_204 HTTP/1.1" 204 0
17:50:58 [DEBUG] Starting new HTTPS connection (1): dl.google.com:443
17:50:58 [DEBUG] Starting new HTTPS connection (1): dl.google.com:443
17:50:59 [DEBUG] Starting new HTTPS connection (1): dl.google.com:443
17:50:59 [DEBUG] https://dl.google.com:443 "GET /dl/android/studio/install/3.4.1.0/android-studio-ide-183.5522156-windows.exe HTTP/1.1" 200 1017327996
17:50:59 [DEBUG] https://dl.google.com:443 "GET /dl/android/studio/install/3.4.1.0/android-studio-ide-183.5522156-windows.exe HTTP/1.1" 200 1017327996
17:50:59 [INFO]    🎯 90.156.217.130 (Россия) - 1.3Mbps, 421ms UDP❌ Reality [m.vk.ru]
17:50:59 [DEBUG] Starting new HTTPS connection (1): www.google.com:443
17:50:59 [INFO]    🎯 51.250.83.167 (Россия) - 14.2Mbps, 386ms UDP✅ Reality [ads.x5.ru]
17:50:59 [INFO]    📊 Whitelist: 24/80 (30%) | ✅20 ❌4
17:50:59 [DEBUG] https://dl.google.com:443 "GET /dl/android/studio/install/3.4.1.0/android-studio-ide-183.5522156-windows.exe HTTP/1.1" 200 1017327996
17:50:59 [DEBUG] https://www.google.com:443 "GET /generate_204 HTTP/1.1" 204 0
17:50:59 [DEBUG] Starting new HTTPS connection (1): cp.cloudflare.com:443
17:51:00 [INFO]    🎯 109.120.188.206 (Россия) - 12.6Mbps, 988ms UDP✅ Reality [api-maps.yandex.ru]
17:51:00 [DEBUG] https://cp.cloudflare.com:443 "GET / HTTP/1.1" 204 0
17:51:00 [DEBUG] Starting new HTTPS connection (1): www.gstatic.com:443
17:51:00 [DEBUG] Starting new HTTPS connection (1): www.google.com:443
17:51:00 [DEBUG] https://www.gstatic.com:443 "GET /generate_204 HTTP/1.1" 204 0
17:51:00 [DEBUG] Starting new HTTPS connection (1): www.google.com:443
17:51:01 [DEBUG] https://www.google.com:443 "GET /generate_204 HTTP/1.1" 204 0
17:51:01 [DEBUG] Starting new HTTPS connection (1): cp.cloudflare.com:443
17:51:01 [DEBUG] https://www.google.com:443 "GET /generate_204 HTTP/1.1" 204 0
17:51:01 [DEBUG] Starting new HTTPS connection (1): cp.cloudflare.com:443
17:51:01 [DEBUG] Starting new HTTPS connection (1): www.google.com:443
17:51:01 [DEBUG] https://cp.cloudflare.com:443 "GET / HTTP/1.1" 204 0
17:51:01 [DEBUG] Starting new HTTPS connection (1): www.gstatic.com:443
17:51:01 [DEBUG] https://cp.cloudflare.com:443 "GET / HTTP/1.1" 204 0
17:51:01 [DEBUG] Starting new HTTPS connection (1): www.gstatic.com:443
17:51:01 [DEBUG] https://www.google.com:443 "GET /generate_204 HTTP/1.1" 204 0
17:51:01 [DEBUG] Starting new HTTPS connection (1): cp.cloudflare.com:443
17:51:01 [DEBUG] https://www.gstatic.com:443 "GET /generate_204 HTTP/1.1" 204 0
17:51:02 [DEBUG] https://cp.cloudflare.com:443 "GET / HTTP/1.1" 204 0
17:51:02 [DEBUG] Starting new HTTPS connection (1): www.gstatic.com:443
17:51:02 [DEBUG] Starting new HTTPS connection (1): dl.google.com:443
17:51:02 [INFO]    🎯 178.154.223.188 (Россия) - 0.0Mbps, 1454ms UDP✅ Reality [sso.passport.yandex.]
17:51:02 [DEBUG] https://www.gstatic.com:443 "GET /generate_204 HTTP/1.1" 204 0
17:51:02 [DEBUG] https://dl.google.com:443 "GET /dl/android/studio/install/3.4.1.0/android-studio-ide-183.5522156-windows.exe HTTP/1.1" 200 1017327996
17:51:03 [DEBUG] Starting new HTTPS connection (1): dl.google.com:443
17:51:03 [DEBUG] https://www.gstatic.com:443 "GET /generate_204 HTTP/1.1" 204 0
17:51:03 [DEBUG] https://dl.google.com:443 "GET /dl/android/studio/install/3.4.1.0/android-studio-ide-183.5522156-windows.exe HTTP/1.1" 200 1017327996
17:51:03 [DEBUG] Starting new HTTPS connection (1): www.google.com:443
17:51:03 [DEBUG] Starting new HTTPS connection (1): dl.google.com:443
17:51:03 [DEBUG] Starting new HTTPS connection (1): dl.google.com:443
17:51:03 [DEBUG] https://www.google.com:443 "GET /generate_204 HTTP/1.1" 204 0
17:51:03 [DEBUG] Starting new HTTPS connection (1): cp.cloudflare.com:443
17:51:04 [DEBUG] https://dl.google.com:443 "GET /dl/android/studio/install/3.4.1.0/android-studio-ide-183.5522156-windows.exe HTTP/1.1" 200 1017327996
17:51:04 [INFO]    🎯 89.169.128.105 (Россия) - 11.4Mbps, 431ms UDP✅ Reality [yandex.ru]
17:51:04 [INFO]    🎯 37.139.33.57 (Россия) - 0.7Mbps, 423ms UDP❌ Reality [m.vk.ru]
17:51:04 [DEBUG] https://dl.google.com:443 "GET /dl/android/studio/install/3.4.1.0/android-studio-ide-183.5522156-windows.exe HTTP/1.1" 200 1017327996
17:51:04 [DEBUG] https://cp.cloudflare.com:443 "GET / HTTP/1.1" 204 0
17:51:04 [DEBUG] Starting new HTTPS connection (1): www.gstatic.com:443
17:51:04 [INFO]    🎯 178.154.253.80 (Россия) - 11.4Mbps, 777ms UDP✅ Reality [yandex.ru]
17:51:04 [DEBUG] https://www.gstatic.com:443 "GET /generate_204 HTTP/1.1" 204 0
17:51:04 [INFO]    🎯 158.160.221.132 (Россия) - 12.2Mbps, 464ms UDP❌ Reality [yandex.ru]
17:51:05 [DEBUG] Starting new HTTPS connection (1): dl.google.com:443
17:51:05 [DEBUG] Starting new HTTPS connection (1): www.google.com:443
17:51:05 [DEBUG] Starting new HTTPS connection (1): www.google.com:443
17:51:05 [INFO]    🎯 37.139.33.57 (Россия) - 1.9Mbps, 454ms UDP✅ Reality [m.vk.ru]
17:51:05 [DEBUG] https://dl.google.com:443 "GET /dl/android/studio/install/3.4.1.0/android-studio-ide-183.5522156-windows.exe HTTP/1.1" 200 1017327996
17:51:05 [DEBUG] https://www.google.com:443 "GET /generate_204 HTTP/1.1" 204 0
17:51:05 [DEBUG] Starting new HTTPS connection (1): cp.cloudflare.com:443
17:51:05 [DEBUG] https://www.google.com:443 "GET /generate_204 HTTP/1.1" 204 0
17:51:05 [DEBUG] Starting new HTTPS connection (1): cp.cloudflare.com:443
17:51:05 [DEBUG] Starting new HTTPS connection (1): www.google.com:443
17:51:06 [DEBUG] Starting new HTTPS connection (1): www.google.com:443
17:51:06 [DEBUG] https://cp.cloudflare.com:443 "GET / HTTP/1.1" 204 0
17:51:06 [DEBUG] Starting new HTTPS connection (1): www.gstatic.com:443
17:51:06 [INFO]    🎯 178.154.253.80 (Россия) - 11.0Mbps, 434ms UDP✅ Reality [yandex.ru]
17:51:06 [DEBUG] https://www.google.com:443 "GET /generate_204 HTTP/1.1" 204 0
17:51:06 [INFO]    📊 Whitelist: 32/80 (40%) | ✅28 ❌4
17:51:06 [DEBUG] Starting new HTTPS connection (1): cp.cloudflare.com:443
17:51:06 [DEBUG] https://www.google.com:443 "GET /generate_204 HTTP/1.1" 204 0
17:51:06 [DEBUG] Starting new HTTPS connection (1): cp.cloudflare.com:443
17:51:06 [DEBUG] https://www.gstatic.com:443 "GET /generate_204 HTTP/1.1" 204 0
17:51:06 [DEBUG] Starting new HTTPS connection (1): www.google.com:443
17:51:06 [DEBUG] https://cp.cloudflare.com:443 "GET / HTTP/1.1" 204 0
17:51:06 [DEBUG] Starting new HTTPS connection (1): www.gstatic.com:443
17:51:06 [DEBUG] https://cp.cloudflare.com:443 "GET / HTTP/1.1" 204 0
17:51:06 [DEBUG] Starting new HTTPS connection (1): www.gstatic.com:443
17:51:07 [DEBUG] https://cp.cloudflare.com:443 "GET / HTTP/1.1" 204 0
17:51:07 [DEBUG] Starting new HTTPS connection (1): www.gstatic.com:443
17:51:07 [DEBUG] https://www.gstatic.com:443 "GET /generate_204 HTTP/1.1" 204 0
17:51:07 [DEBUG] https://www.gstatic.com:443 "GET /generate_204 HTTP/1.1" 204 0
17:51:07 [DEBUG] https://www.gstatic.com:443 "GET /generate_204 HTTP/1.1" 204 0
17:51:07 [DEBUG] Starting new HTTPS connection (1): dl.google.com:443
17:51:07 [DEBUG] https://www.google.com:443 "GET /generate_204 HTTP/1.1" 204 0
17:51:07 [DEBUG] Starting new HTTPS connection (1): www.google.com:443
17:51:07 [DEBUG] Starting new HTTPS connection (1): cp.cloudflare.com:443
17:51:08 [DEBUG] https://dl.google.com:443 "GET /dl/android/studio/install/3.4.1.0/android-studio-ide-183.5522156-windows.exe HTTP/1.1" 200 1017327996
17:51:08 [INFO]    🎯 90.156.217.130 (Россия) - 1.0Mbps, 387ms UDP✅ Reality [m.vk.ru]
17:51:08 [DEBUG] https://cp.cloudflare.com:443 "GET / HTTP/1.1" 204 0
17:51:08 [DEBUG] Starting new HTTPS connection (1): www.gstatic.com:443
17:51:08 [DEBUG] https://www.gstatic.com:443 "GET /generate_204 HTTP/1.1" 204 0
17:51:09 [DEBUG] Starting new HTTPS connection (1): www.google.com:443
17:51:09 [DEBUG] https://www.google.com:443 "GET /generate_204 HTTP/1.1" 204 0
17:51:09 [DEBUG] Starting new HTTPS connection (1): cp.cloudflare.com:443
17:51:09 [INFO]    🎯 90.156.217.130 (Россия) - 1.0Mbps, 570ms UDP❌ Reality [m.vk.ru]
17:51:09 [DEBUG] Starting new HTTPS connection (1): dl.google.com:443
17:51:09 [DEBUG] https://www.google.com:443 "GET /generate_204 HTTP/1.1" 204 0
17:51:09 [DEBUG] Starting new HTTPS connection (1): cp.cloudflare.com:443
17:51:09 [DEBUG] Starting new HTTPS connection (1): dl.google.com:443
17:51:10 [DEBUG] https://dl.google.com:443 "GET /dl/android/studio/install/3.4.1.0/android-studio-ide-183.5522156-windows.exe HTTP/1.1" 200 1017327996
17:51:10 [DEBUG] Starting new HTTPS connection (1): dl.google.com:443
17:51:10 [DEBUG] https://cp.cloudflare.com:443 "GET / HTTP/1.1" 204 0
17:51:10 [DEBUG] Starting new HTTPS connection (1): www.gstatic.com:443
17:51:10 [DEBUG] Starting new HTTPS connection (1): dl.google.com:443
17:51:10 [DEBUG] https://dl.google.com:443 "GET /dl/android/studio/install/3.4.1.0/android-studio-ide-183.5522156-windows.exe HTTP/1.1" 200 1017327996
17:51:10 [INFO]    🎯 84.23.52.70 (Россия) - 1.5Mbps, 500ms UDP✅ Reality [m.vk.ru]
17:51:10 [DEBUG] Starting new HTTPS connection (1): www.google.com:443
17:51:10 [INFO]    🎯 89.169.128.105 (Россия) - 11.5Mbps, 435ms UDP❌ Reality [yandex.ru]
17:51:10 [DEBUG] https://www.gstatic.com:443 "GET /generate_204 HTTP/1.1" 204 0
17:51:11 [DEBUG] https://dl.google.com:443 "GET /dl/android/studio/install/3.4.1.0/android-studio-ide-183.5522156-windows.exe HTTP/1.1" 200 1017327996
17:51:11 [DEBUG] https://dl.google.com:443 "GET /dl/android/studio/install/3.4.1.0/android-studio-ide-183.5522156-windows.exe HTTP/1.1" 200 1017327996
17:51:11 [DEBUG] https://www.google.com:443 "GET /generate_204 HTTP/1.1" 204 0
17:51:11 [DEBUG] Starting new HTTPS connection (1): cp.cloudflare.com:443
17:51:11 [INFO]    🎯 158.160.221.132 (Россия) - 12.9Mbps, 420ms UDP❌ Reality [yandex.ru]
17:51:11 [DEBUG] Starting new HTTPS connection (1): dl.google.com:443
17:51:11 [DEBUG] https://cp.cloudflare.com:443 "GET / HTTP/1.1" 204 0
17:51:11 [DEBUG] Starting new HTTPS connection (1): www.gstatic.com:443
17:51:11 [DEBUG] https://dl.google.com:443 "GET /dl/android/studio/install/3.4.1.0/android-studio-ide-183.5522156-windows.exe HTTP/1.1" 200 1017327996
17:51:11 [DEBUG] Starting new HTTPS connection (1): www.google.com:443
17:51:11 [DEBUG] https://cp.cloudflare.com:443 "GET / HTTP/1.1" 204 0
17:51:11 [DEBUG] Starting new HTTPS connection (1): www.gstatic.com:443
17:51:11 [DEBUG] Starting new HTTPS connection (1): www.google.com:443
17:51:12 [DEBUG] https://www.gstatic.com:443 "GET /generate_204 HTTP/1.1" 204 0
17:51:12 [DEBUG] Starting new HTTPS connection (1): www.google.com:443
17:51:12 [DEBUG] https://www.google.com:443 "GET /generate_204 HTTP/1.1" 204 0
17:51:12 [DEBUG] Starting new HTTPS connection (1): cp.cloudflare.com:443
17:51:12 [DEBUG] Starting new HTTPS connection (1): dl.google.com:443
17:51:12 [DEBUG] https://www.google.com:443 "GET /generate_204 HTTP/1.1" 204 0
17:51:12 [DEBUG] Starting new HTTPS connection (1): cp.cloudflare.com:443
17:51:12 [DEBUG] https://cp.cloudflare.com:443 "GET / HTTP/1.1" 204 0
17:51:12 [DEBUG] Starting new HTTPS connection (1): www.gstatic.com:443
17:51:12 [DEBUG] https://www.google.com:443 "GET /generate_204 HTTP/1.1" 204 0
17:51:12 [DEBUG] Starting new HTTPS connection (1): cp.cloudflare.com:443
17:51:12 [DEBUG] https://cp.cloudflare.com:443 "GET / HTTP/1.1" 204 0
17:51:12 [DEBUG] https://dl.google.com:443 "GET /dl/android/studio/install/3.4.1.0/android-studio-ide-183.5522156-windows.exe HTTP/1.1" 200 1017327996
17:51:12 [DEBUG] Starting new HTTPS connection (1): www.gstatic.com:443
17:51:13 [DEBUG] https://www.gstatic.com:443 "GET /generate_204 HTTP/1.1" 204 0
17:51:13 [DEBUG] https://www.gstatic.com:443 "GET /generate_204 HTTP/1.1" 204 0
17:51:13 [DEBUG] https://cp.cloudflare.com:443 "GET / HTTP/1.1" 204 0
17:51:13 [DEBUG] Starting new HTTPS connection (1): www.gstatic.com:443
17:51:13 [INFO]    🎯 37.139.34.145 (Россия) - 11.4Mbps, 445ms UDP✅ Reality [m.vk.ru]
17:51:13 [DEBUG] Starting new HTTPS connection (1): dl.google.com:443
17:51:13 [DEBUG] Starting new HTTPS connection (1): dl.google.com:443
17:51:13 [DEBUG] https://www.gstatic.com:443 "GET /generate_204 HTTP/1.1" 204 0
17:51:14 [DEBUG] Starting new HTTPS connection (1): dl.google.com:443
17:51:14 [DEBUG] https://dl.google.com:443 "GET /dl/android/studio/install/3.4.1.0/android-studio-ide-183.5522156-windows.exe HTTP/1.1" 200 1017327996
17:51:14 [DEBUG] https://dl.google.com:443 "GET /dl/android/studio/install/3.4.1.0/android-studio-ide-183.5522156-windows.exe HTTP/1.1" 200 1017327996
17:51:14 [DEBUG] Starting new HTTPS connection (1): www.google.com:443
17:51:14 [DEBUG] https://dl.google.com:443 "GET /dl/android/studio/install/3.4.1.0/android-studio-ide-183.5522156-windows.exe HTTP/1.1" 200 1017327996
17:51:14 [INFO]    🎯 37.139.34.145 (Россия) - 10.8Mbps, 461ms UDP✅ Reality [m.vk.ru]
17:51:15 [DEBUG] https://www.google.com:443 "GET /generate_204 HTTP/1.1" 204 0
17:51:15 [DEBUG] Starting new HTTPS connection (1): cp.cloudflare.com:443
17:51:15 [DEBUG] https://www.gstatic.com:443 "GET /generate_204 HTTP/1.1" 204 0
17:51:15 [INFO]    🎯 176.123.164.110 (Россия) - 10.3Mbps, 498ms UDP✅ Reality [m.vk.com]
17:51:15 [INFO]    📊 Whitelist: 40/80 (50%) | ✅36 ❌4
17:51:15 [DEBUG] https://cp.cloudflare.com:443 "GET / HTTP/1.1" 204 0
17:51:15 [DEBUG] Starting new HTTPS connection (1): www.gstatic.com:443
17:51:16 [DEBUG] https://www.gstatic.com:443 "GET /generate_204 HTTP/1.1" 204 0
17:51:16 [DEBUG] Starting new HTTPS connection (1): www.google.com:443
17:51:16 [DEBUG] Starting new HTTPS connection (1): dl.google.com:443
17:51:16 [DEBUG] Starting new HTTPS connection (1): dl.google.com:443
17:51:16 [DEBUG] Starting new HTTPS connection (1): www.google.com:443
17:51:16 [DEBUG] https://dl.google.com:443 "GET /dl/android/studio/install/3.4.1.0/android-studio-ide-183.5522156-windows.exe HTTP/1.1" 200 1017327996
17:51:17 [DEBUG] https://www.google.com:443 "GET /generate_204 HTTP/1.1" 204 0
17:51:17 [DEBUG] Starting new HTTPS connection (1): cp.cloudflare.com:443
17:51:17 [INFO]    🎯 79.137.175.44 (Россия) - 3.5Mbps, 482ms UDP✅ Reality [m.vk.ru]
17:51:17 [INFO]    🎯 37.139.33.15 (Россия) - 12.1Mbps, 431ms UDP✅ Reality [m.vk.ru]
17:51:17 [DEBUG] https://cp.cloudflare.com:443 "GET / HTTP/1.1" 204 0
17:51:17 [DEBUG] Starting new HTTPS connection (1): www.gstatic.com:443
17:51:18 [DEBUG] https://dl.google.com:443 "GET /dl/android/studio/install/3.4.1.0/android-studio-ide-183.5522156-windows.exe HTTP/1.1" 200 1017327996
17:51:18 [DEBUG] https://www.gstatic.com:443 "GET /generate_204 HTTP/1.1" 204 0
17:51:18 [DEBUG] Starting new HTTPS connection (1): www.google.com:443
17:51:18 [DEBUG] Starting new HTTPS connection (1): www.google.com:443
17:51:19 [DEBUG] https://www.google.com:443 "GET /generate_204 HTTP/1.1" 204 0
17:51:19 [DEBUG] Starting new HTTPS connection (1): cp.cloudflare.com:443
17:51:19 [DEBUG] https://www.google.com:443 "GET /generate_204 HTTP/1.1" 204 0
17:51:19 [DEBUG] Starting new HTTPS connection (1): cp.cloudflare.com:443
17:51:19 [DEBUG] https://cp.cloudflare.com:443 "GET / HTTP/1.1" 204 0
17:51:19 [DEBUG] Starting new HTTPS connection (1): www.gstatic.com:443
17:51:19 [DEBUG] https://cp.cloudflare.com:443 "GET / HTTP/1.1" 204 0
17:51:19 [DEBUG] Starting new HTTPS connection (1): www.gstatic.com:443
17:51:20 [DEBUG] https://www.gstatic.com:443 "GET /generate_204 HTTP/1.1" 204 0
17:51:20 [DEBUG] https://www.google.com:443 "GET /generate_204 HTTP/1.1" 204 0
17:51:20 [DEBUG] Starting new HTTPS connection (1): cp.cloudflare.com:443
17:51:21 [DEBUG] Starting new HTTPS connection (1): dl.google.com:443
17:51:21 [DEBUG] https://cp.cloudflare.com:443 "GET / HTTP/1.1" 204 0
17:51:21 [DEBUG] Starting new HTTPS connection (1): www.gstatic.com:443
17:51:21 [INFO]    🎯 84.201.128.76 (Россия) - 2.5Mbps, 2552ms UDP✅ Reality [smartcaptcha.yandexc]
17:51:21 [DEBUG] https://dl.google.com:443 "GET /dl/android/studio/install/3.4.1.0/android-studio-ide-183.5522156-windows.exe HTTP/1.1" 200 1017327996
17:51:21 [DEBUG] https://www.gstatic.com:443 "GET /generate_204 HTTP/1.1" 204 0
17:51:21 [INFO]    🎯 51.250.71.230 (Россия) - 1.1Mbps, 594ms UDP✅ Reality [ads.x5.ru]
17:51:22 [INFO]    🎯 176.109.109.58 (Россия) - 0.9Mbps, 597ms UDP✅ Reality [m.vk.ru]
17:51:22 [DEBUG] Starting new HTTPS connection (1): dl.google.com:443
17:51:22 [INFO]    🎯 158.160.223.36 (Россия) - 10.6Mbps, 467ms UDP❌ Reality [yandex.ru]
17:51:22 [DEBUG] https://dl.google.com:443 "GET /dl/android/studio/install/3.4.1.0/android-studio-ide-183.5522156-windows.exe HTTP/1.1" 200 1017327996
17:51:22 [DEBUG] Starting new HTTPS connection (1): www.google.com:443
17:51:23 [DEBUG] Starting new HTTPS connection (1): www.google.com:443
17:51:23 [DEBUG] Starting new HTTPS connection (1): www.google.com:443
17:51:23 [DEBUG] https://www.google.com:443 "GET /generate_204 HTTP/1.1" 204 0
17:51:23 [DEBUG] Starting new HTTPS connection (1): cp.cloudflare.com:443
17:51:23 [INFO]    🎯 176.109.109.58 (Россия) - 1.1Mbps, 567ms UDP✅ Reality [tradingview.com]
17:51:23 [DEBUG] Starting new HTTPS connection (1): dl.google.com:443
17:51:23 [DEBUG] Starting new HTTPS connection (1): www.google.com:443
17:51:23 [DEBUG] https://www.google.com:443 "GET /generate_204 HTTP/1.1" 204 0
17:51:23 [DEBUG] Starting new HTTPS connection (1): cp.cloudflare.com:443
17:51:23 [DEBUG] https://cp.cloudflare.com:443 "GET / HTTP/1.1" 204 0
17:51:23 [DEBUG] Starting new HTTPS connection (1): www.gstatic.com:443
17:51:23 [DEBUG] https://www.google.com:443 "GET /generate_204 HTTP/1.1" 204 0
17:51:23 [DEBUG] Starting new HTTPS connection (1): cp.cloudflare.com:443
17:51:24 [DEBUG] https://www.google.com:443 "GET /generate_204 HTTP/1.1" 204 0
17:51:24 [DEBUG] Starting new HTTPS connection (1): cp.cloudflare.com:443
17:51:24 [DEBUG] https://cp.cloudflare.com:443 "GET / HTTP/1.1" 204 0
17:51:24 [DEBUG] Starting new HTTPS connection (1): www.gstatic.com:443
17:51:24 [INFO]    🎯 176.109.109.58 (Россия) - 0.9Mbps, 456ms UDP❌ Reality [tradingview.com]
17:51:24 [INFO]    📊 Whitelist: 48/80 (60%) | ✅44 ❌4
17:51:24 [DEBUG] https://dl.google.com:443 "GET /dl/android/studio/install/3.4.1.0/android-studio-ide-183.5522156-windows.exe HTTP/1.1" 200 1017327996
17:51:24 [DEBUG] https://www.gstatic.com:443 "GET /generate_204 HTTP/1.1" 204 0
17:51:24 [DEBUG] https://www.gstatic.com:443 "GET /generate_204 HTTP/1.1" 204 0
17:51:24 [DEBUG] Starting new HTTPS connection (1): www.google.com:443
17:51:24 [DEBUG] https://cp.cloudflare.com:443 "GET / HTTP/1.1" 204 0
17:51:24 [DEBUG] Starting new HTTPS connection (1): www.gstatic.com:443
17:51:24 [DEBUG] Starting new HTTPS connection (1): dl.google.com:443
17:51:24 [INFO]    🎯 51.250.83.255 (Россия) - 0.3Mbps, 634ms UDP✅ Reality [api-maps.yandex.ru]
17:51:24 [DEBUG] Starting new HTTPS connection (1): dl.google.com:443
17:51:24 [DEBUG] https://cp.cloudflare.com:443 "GET / HTTP/1.1" 204 0
17:51:24 [DEBUG] Starting new HTTPS connection (1): www.gstatic.com:443
17:51:24 [INFO]    🎯 79.137.175.44 (Россия) - 9.8Mbps, 646ms UDP❌ Reality [m.vk.ru]
17:51:25 [DEBUG] https://www.google.com:443 "GET /generate_204 HTTP/1.1" 204 0
17:51:25 [DEBUG] Starting new HTTPS connection (1): cp.cloudflare.com:443
17:51:25 [DEBUG] https://www.gstatic.com:443 "GET /generate_204 HTTP/1.1" 204 0
17:51:25 [INFO]    🎯 217.16.26.35 (Россия) - 4.3Mbps, 1103ms UDP✅  []
17:51:25 [DEBUG] https://dl.google.com:443 "GET /dl/android/studio/install/3.4.1.0/android-studio-ide-183.5522156-windows.exe HTTP/1.1" 200 1017327996
17:51:25 [DEBUG] https://dl.google.com:443 "GET /dl/android/studio/install/3.4.1.0/android-studio-ide-183.5522156-windows.exe HTTP/1.1" 200 1017327996
17:51:25 [DEBUG] https://www.gstatic.com:443 "GET /generate_204 HTTP/1.1" 204 0
17:51:25 [DEBUG] Starting new HTTPS connection (1): www.google.com:443
17:51:25 [DEBUG] https://cp.cloudflare.com:443 "GET / HTTP/1.1" 204 0
17:51:25 [DEBUG] Starting new HTTPS connection (1): www.gstatic.com:443
17:51:25 [DEBUG] Starting new HTTPS connection (1): dl.google.com:443
17:51:25 [INFO]    🎯 158.160.223.36 (Россия) - 10.0Mbps, 466ms UDP✅ Reality [yandex.ru]
17:51:25 [INFO]    🎯 37.139.33.15 (Россия) - 11.9Mbps, 450ms UDP✅ Reality [m.vk.ru]
17:51:25 [DEBUG] https://www.google.com:443 "GET /generate_204 HTTP/1.1" 204 0
17:51:25 [DEBUG] Starting new HTTPS connection (1): cp.cloudflare.com:443
17:51:25 [DEBUG] Starting new HTTPS connection (1): www.google.com:443
17:51:26 [DEBUG] Starting new HTTPS connection (1): www.google.com:443
17:51:26 [DEBUG] https://www.gstatic.com:443 "GET /generate_204 HTTP/1.1" 204 0
17:51:26 [DEBUG] https://dl.google.com:443 "GET /dl/android/studio/install/3.4.1.0/android-studio-ide-183.5522156-windows.exe HTTP/1.1" 200 1017327996
17:51:26 [DEBUG] Starting new HTTPS connection (1): www.google.com:443
17:51:26 [DEBUG] https://cp.cloudflare.com:443 "GET / HTTP/1.1" 204 0
17:51:26 [DEBUG] Starting new HTTPS connection (1): www.gstatic.com:443
17:51:26 [DEBUG] Starting new HTTPS connection (1): dl.google.com:443
17:51:26 [DEBUG] Starting new HTTPS connection (1): dl.google.com:443
17:51:26 [DEBUG] https://www.google.com:443 "GET /generate_204 HTTP/1.1" 204 0
17:51:26 [DEBUG] Starting new HTTPS connection (1): cp.cloudflare.com:443
17:51:26 [DEBUG] https://www.gstatic.com:443 "GET /generate_204 HTTP/1.1" 204 0
17:51:26 [DEBUG] https://dl.google.com:443 "GET /dl/android/studio/install/3.4.1.0/android-studio-ide-183.5522156-windows.exe HTTP/1.1" 200 1017327996
17:51:26 [DEBUG] Starting new HTTPS connection (1): www.google.com:443
17:51:27 [DEBUG] Starting new HTTPS connection (1): www.google.com:443
17:51:27 [DEBUG] Starting new HTTPS connection (1): dl.google.com:443
17:51:27 [DEBUG] https://dl.google.com:443 "GET /dl/android/studio/install/3.4.1.0/android-studio-ide-183.5522156-windows.exe HTTP/1.1" 200 1017327996
17:51:27 [INFO]    🎯 176.123.164.110 (Россия) - 10.2Mbps, 614ms UDP✅ Reality [m.vk.com]
17:51:28 [DEBUG] https://dl.google.com:443 "GET /dl/android/studio/install/3.4.1.0/android-studio-ide-183.5522156-windows.exe HTTP/1.1" 200 1017327996
17:51:28 [INFO]    🎯 212.233.73.212 (Россия) - 5.0Mbps, 577ms UDP✅ Reality [m.vk.ru]
17:51:28 [DEBUG] https://www.google.com:443 "GET /generate_204 HTTP/1.1" 204 0
17:51:28 [DEBUG] Starting new HTTPS connection (1): cp.cloudflare.com:443
17:51:28 [INFO]    🎯 212.233.73.212 (Россия) - 10.9Mbps, 490ms UDP✅ Reality [m.vk.ru]
17:51:28 [INFO]    📊 Whitelist: 56/80 (70%) | ✅52 ❌4
17:51:28 [DEBUG] Starting new HTTPS connection (1): www.google.com:443
17:51:29 [DEBUG] Starting new HTTPS connection (1): dl.google.com:443
17:51:29 [DEBUG] https://www.google.com:443 "GET /generate_204 HTTP/1.1" 204 0
17:51:29 [DEBUG] Starting new HTTPS connection (1): cp.cloudflare.com:443
17:51:29 [DEBUG] https://cp.cloudflare.com:443 "GET / HTTP/1.1" 204 0
17:51:29 [DEBUG] Starting new HTTPS connection (1): www.gstatic.com:443
17:51:29 [DEBUG] Starting new HTTPS connection (1): www.google.com:443
17:51:29 [DEBUG] Starting new HTTPS connection (1): www.google.com:443
17:51:29 [DEBUG] https://www.google.com:443 "GET /generate_204 HTTP/1.1" 204 0
17:51:29 [DEBUG] Starting new HTTPS connection (1): cp.cloudflare.com:443
17:51:29 [DEBUG] https://dl.google.com:443 "GET /dl/android/studio/install/3.4.1.0/android-studio-ide-183.5522156-windows.exe HTTP/1.1" 200 1017327996
17:51:29 [DEBUG] https://www.google.com:443 "GET /generate_204 HTTP/1.1" 204 0
17:51:29 [DEBUG] Starting new HTTPS connection (1): cp.cloudflare.com:443
17:51:29 [DEBUG] https://cp.cloudflare.com:443 "GET / HTTP/1.1" 204 0
17:51:29 [DEBUG] Starting new HTTPS connection (1): www.gstatic.com:443
17:51:30 [DEBUG] https://cp.cloudflare.com:443 "GET / HTTP/1.1" 204 0
17:51:30 [DEBUG] Starting new HTTPS connection (1): www.gstatic.com:443
17:51:30 [INFO]    🎯 185.130.115.55 (Россия) - 3.3Mbps, 1923ms UDP✅ Reality [web.max.ru]
17:51:30 [DEBUG] https://www.gstatic.com:443 "GET /generate_204 HTTP/1.1" 204 0
17:51:30 [INFO]    🎯 90.156.150.134 (Россия) - 9.1Mbps, 535ms UDP❌ Reality [m.vk.ru]
17:51:30 [DEBUG] https://www.gstatic.com:443 "GET /generate_204 HTTP/1.1" 204 0
17:51:30 [DEBUG] Starting new HTTPS connection (1): dl.google.com:443
17:51:30 [DEBUG] https://www.gstatic.com:443 "GET /generate_204 HTTP/1.1" 204 0
17:51:30 [DEBUG] Starting new HTTPS connection (1): cp.cloudflare.com:443
17:51:31 [DEBUG] Starting new HTTPS connection (1): dl.google.com:443
17:51:31 [DEBUG] https://dl.google.com:443 "GET /dl/android/studio/install/3.4.1.0/android-studio-ide-183.5522156-windows.exe HTTP/1.1" 200 1017327996
17:51:31 [DEBUG] Starting new HTTPS connection (1): www.google.com:443
17:51:31 [DEBUG] https://dl.google.com:443 "GET /dl/android/studio/install/3.4.1.0/android-studio-ide-183.5522156-windows.exe HTTP/1.1" 200 1017327996
17:51:31 [DEBUG] Starting new HTTPS connection (1): www.google.com:443
17:51:31 [DEBUG] Starting new HTTPS connection (1): www.gstatic.com:443
17:51:32 [DEBUG] Starting new HTTPS connection (1): cp.cloudflare.com:443
17:51:32 [INFO]    🎯 51.250.14.123 (Россия) - 12.3Mbps, 486ms UDP✅ Reality [ads.x5.ru]
17:51:32 [DEBUG] Starting new HTTPS connection (1): dl.google.com:443
17:51:33 [DEBUG] Starting new HTTPS connection (1): www.google.com:443
17:51:33 [DEBUG] https://www.google.com:443 "GET /generate_204 HTTP/1.1" 204 0
17:51:33 [DEBUG] Starting new HTTPS connection (1): cp.cloudflare.com:443
17:51:34 [DEBUG] Starting new HTTPS connection (1): www.gstatic.com:443
17:51:34 [DEBUG] https://www.google.com:443 "GET /generate_204 HTTP/1.1" 204 0
17:51:34 [DEBUG] Starting new HTTPS connection (1): cp.cloudflare.com:443
17:51:34 [DEBUG] https://cp.cloudflare.com:443 "GET / HTTP/1.1" 204 0
17:51:34 [DEBUG] Starting new HTTPS connection (1): www.gstatic.com:443
17:51:34 [DEBUG] Starting new HTTPS connection (1): cp.cloudflare.com:443
17:51:34 [DEBUG] https://cp.cloudflare.com:443 "GET / HTTP/1.1" 204 0
17:51:34 [DEBUG] Starting new HTTPS connection (1): www.gstatic.com:443
17:51:34 [DEBUG] https://dl.google.com:443 "GET /dl/android/studio/install/3.4.1.0/android-studio-ide-183.5522156-windows.exe HTTP/1.1" 200 1017327996
17:51:35 [DEBUG] https://cp.cloudflare.com:443 "GET / HTTP/1.1" 204 0
17:51:35 [DEBUG] Starting new HTTPS connection (1): www.gstatic.com:443
17:51:35 [DEBUG] https://www.gstatic.com:443 "GET /generate_204 HTTP/1.1" 204 0
17:51:35 [DEBUG] https://www.google.com:443 "GET /generate_204 HTTP/1.1" 204 0
17:51:35 [DEBUG] Starting new HTTPS connection (1): cp.cloudflare.com:443
17:51:35 [INFO]    🎯 5.188.141.138 (Россия) - 4.0Mbps, 1472ms UDP✅ Reality [ads.x5.ru]
17:51:35 [DEBUG] https://www.gstatic.com:443 "GET /generate_204 HTTP/1.1" 204 0
17:51:35 [DEBUG] Starting new HTTPS connection (1): dl.google.com:443
17:51:36 [DEBUG] Starting new HTTPS connection (1): dl.google.com:443
17:51:36 [DEBUG] https://www.gstatic.com:443 "GET /generate_204 HTTP/1.1" 204 0
17:51:36 [DEBUG] https://dl.google.com:443 "GET /dl/android/studio/install/3.4.1.0/android-studio-ide-183.5522156-windows.exe HTTP/1.1" 200 1017327996
17:51:36 [DEBUG] https://dl.google.com:443 "GET /dl/android/studio/install/3.4.1.0/android-studio-ide-183.5522156-windows.exe HTTP/1.1" 200 1017327996
17:51:36 [DEBUG] Starting new HTTPS connection (1): www.google.com:443
17:51:37 [DEBUG] Starting new HTTPS connection (1): www.gstatic.com:443
17:51:37 [INFO]    🎯 51.250.10.213 (Россия) - 10.0Mbps, 616ms UDP✅ Reality [ads.x5.ru]
17:51:37 [INFO]    🎯 212.233.76.67 (Россия) - 7.0Mbps, 719ms UDP✅ Reality [google.com]
17:51:37 [DEBUG] Starting new HTTPS connection (1): www.google.com:443
17:51:38 [DEBUG] Starting new HTTPS connection (1): www.gstatic.com:443
17:51:38 [DEBUG] https://www.google.com:443 "GET /generate_204 HTTP/1.1" 204 0
17:51:38 [DEBUG] Starting new HTTPS connection (1): cp.cloudflare.com:443
17:51:38 [DEBUG] Starting new HTTPS connection (1): www.google.com:443
17:51:38 [INFO]    🎯 217.16.27.216 (Россия) - 1.6Mbps, 545ms UDP✅  []
17:51:38 [INFO]    📊 Whitelist: 64/80 (80%) | ✅59 ❌5
17:51:38 [DEBUG] https://www.google.com:443 "GET /generate_204 HTTP/1.1" 204 0
17:51:38 [DEBUG] Starting new HTTPS connection (1): cp.cloudflare.com:443
17:51:38 [DEBUG] Starting new HTTPS connection (1): www.google.com:443
17:51:39 [DEBUG] https://cp.cloudflare.com:443 "GET / HTTP/1.1" 204 0
17:51:39 [DEBUG] Starting new HTTPS connection (1): www.gstatic.com:443
17:51:39 [DEBUG] https://www.gstatic.com:443 "GET /generate_204 HTTP/1.1" 204 0
17:51:39 [DEBUG] Starting new HTTPS connection (1): dl.google.com:443
17:51:39 [DEBUG] https://www.gstatic.com:443 "GET /generate_204 HTTP/1.1" 204 0
17:51:39 [DEBUG] Starting new HTTPS connection (1): dl.google.com:443
17:51:39 [DEBUG] https://cp.cloudflare.com:443 "GET / HTTP/1.1" 204 0
17:51:39 [DEBUG] Starting new HTTPS connection (1): www.gstatic.com:443
17:51:40 [DEBUG] Starting new HTTPS connection (1): www.google.com:443
17:51:40 [DEBUG] https://dl.google.com:443 "GET /dl/android/studio/install/3.4.1.0/android-studio-ide-183.5522156-windows.exe HTTP/1.1" 200 1017327996
17:51:40 [DEBUG] https://cp.cloudflare.com:443 "GET / HTTP/1.1" 204 0
17:51:40 [DEBUG] Starting new HTTPS connection (1): www.gstatic.com:443
17:51:40 [DEBUG] https://www.google.com:443 "GET /generate_204 HTTP/1.1" 204 0
17:51:40 [DEBUG] Starting new HTTPS connection (1): cp.cloudflare.com:443
17:51:40 [DEBUG] Starting new HTTPS connection (1): www.google.com:443
17:51:40 [DEBUG] https://www.google.com:443 "GET /generate_204 HTTP/1.1" 204 0
17:51:40 [DEBUG] Starting new HTTPS connection (1): cp.cloudflare.com:443
17:51:40 [DEBUG] https://www.gstatic.com:443 "GET /generate_204 HTTP/1.1" 204 0
17:51:40 [INFO]    🎯 217.16.27.216 (Россия) - 8.0Mbps, 1252ms UDP✅ Reality [web.max.ru]
17:51:40 [DEBUG] Starting new HTTPS connection (1): dl.google.com:443
17:51:41 [DEBUG] https://cp.cloudflare.com:443 "GET / HTTP/1.1" 204 0
17:51:41 [DEBUG] Starting new HTTPS connection (1): www.gstatic.com:443
17:51:41 [DEBUG] https://www.google.com:443 "GET /generate_204 HTTP/1.1" 204 0
17:51:41 [DEBUG] Starting new HTTPS connection (1): cp.cloudflare.com:443
17:51:41 [DEBUG] https://dl.google.com:443 "GET /dl/android/studio/install/3.4.1.0/android-studio-ide-183.5522156-windows.exe HTTP/1.1" 200 1017327996
17:51:41 [DEBUG] https://cp.cloudflare.com:443 "GET / HTTP/1.1" 204 0
17:51:41 [DEBUG] Starting new HTTPS connection (1): www.gstatic.com:443
17:51:41 [DEBUG] https://www.gstatic.com:443 "GET /generate_204 HTTP/1.1" 204 0
17:51:41 [DEBUG] https://www.google.com:443 "GET /generate_204 HTTP/1.1" 204 0
17:51:41 [DEBUG] Starting new HTTPS connection (1): cp.cloudflare.com:443
17:51:41 [DEBUG] https://cp.cloudflare.com:443 "GET / HTTP/1.1" 204 0
17:51:41 [DEBUG] Starting new HTTPS connection (1): www.gstatic.com:443
17:51:41 [DEBUG] https://www.gstatic.com:443 "GET /generate_204 HTTP/1.1" 204 0
17:51:41 [DEBUG] Starting new HTTPS connection (1): dl.google.com:443
17:51:42 [DEBUG] Starting new HTTPS connection (1): www.google.com:443
17:51:42 [INFO]    🎯 84.23.52.70 (Россия) - 10.7Mbps, 531ms UDP✅ Reality [m.vk.ru]
17:51:42 [DEBUG] Starting new HTTPS connection (1): dl.google.com:443
17:51:42 [DEBUG] https://dl.google.com:443 "GET /dl/android/studio/install/3.4.1.0/android-studio-ide-183.5522156-windows.exe HTTP/1.1" 200 1017327996
17:51:42 [DEBUG] https://dl.google.com:443 "GET /dl/android/studio/install/3.4.1.0/android-studio-ide-183.5522156-windows.exe HTTP/1.1" 200 1017327996
17:51:43 [DEBUG] https://www.gstatic.com:443 "GET /generate_204 HTTP/1.1" 204 0
17:51:43 [INFO]    🎯 51.250.16.92 (Россия) - 11.4Mbps, 545ms UDP✅ Reality [sun6-21.userapi.com]
17:51:43 [INFO]    🎯 51.250.16.92 (Россия) - 15.6Mbps, 414ms UDP✅ Reality [ads.x5.ru]
17:51:43 [DEBUG] Starting new HTTPS connection (1): www.google.com:443
17:51:43 [DEBUG] Starting new HTTPS connection (1): dl.google.com:443
17:51:43 [DEBUG] Starting new HTTPS connection (1): www.google.com:443
17:51:43 [DEBUG] https://www.google.com:443 "GET /generate_204 HTTP/1.1" 204 0
17:51:43 [DEBUG] Starting new HTTPS connection (1): cp.cloudflare.com:443
17:51:43 [DEBUG] Starting new HTTPS connection (1): dl.google.com:443
17:51:43 [DEBUG] https://www.gstatic.com:443 "GET /generate_204 HTTP/1.1" 204 0
17:51:44 [DEBUG] https://cp.cloudflare.com:443 "GET / HTTP/1.1" 204 0
17:51:44 [DEBUG] Starting new HTTPS connection (1): www.gstatic.com:443
17:51:44 [DEBUG] Starting new HTTPS connection (1): www.google.com:443
17:51:44 [DEBUG] Starting new HTTPS connection (1): www.google.com:443
17:51:44 [DEBUG] https://www.google.com:443 "GET /generate_204 HTTP/1.1" 204 0
17:51:44 [DEBUG] Starting new HTTPS connection (1): cp.cloudflare.com:443
17:51:44 [DEBUG] https://www.gstatic.com:443 "GET /generate_204 HTTP/1.1" 204 0
17:51:44 [DEBUG] https://www.google.com:443 "GET /generate_204 HTTP/1.1" 204 0
17:51:44 [DEBUG] Starting new HTTPS connection (1): cp.cloudflare.com:443
17:51:44 [DEBUG] https://www.google.com:443 "GET /generate_204 HTTP/1.1" 204 0
17:51:44 [DEBUG] Starting new HTTPS connection (1): cp.cloudflare.com:443
17:51:45 [DEBUG] Starting new HTTPS connection (1): dl.google.com:443
17:51:45 [DEBUG] https://cp.cloudflare.com:443 "GET / HTTP/1.1" 204 0
17:51:45 [DEBUG] Starting new HTTPS connection (1): www.gstatic.com:443
17:51:45 [DEBUG] https://cp.cloudflare.com:443 "GET / HTTP/1.1" 204 0
17:51:45 [DEBUG] Starting new HTTPS connection (1): www.gstatic.com:443
17:51:45 [INFO]    🎯 109.120.188.227 (Россия) - 0.0Mbps, 2309ms UDP❌ Reality [ads.x5.ru]
17:51:45 [DEBUG] https://dl.google.com:443 "GET /dl/android/studio/install/3.4.1.0/android-studio-ide-183.5522156-windows.exe HTTP/1.1" 200 1017327996
17:51:45 [DEBUG] https://www.gstatic.com:443 "GET /generate_204 HTTP/1.1" 204 0
17:51:46 [DEBUG] https://www.gstatic.com:443 "GET /generate_204 HTTP/1.1" 204 0
17:51:46 [DEBUG] Starting new HTTPS connection (1): dl.google.com:443
17:51:46 [DEBUG] Starting new HTTPS connection (1): dl.google.com:443
17:51:46 [INFO]    🎯 84.252.143.25 (Россия) - 8.3Mbps, 504ms UDP✅ Reality [yandex.ru]
17:51:46 [INFO]    📊 Whitelist: 72/80 (90%) | ✅65 ❌7
17:51:46 [DEBUG] Starting new HTTPS connection (1): www.gstatic.com:443
17:51:46 [DEBUG] Starting new HTTPS connection (1): dl.google.com:443
17:51:47 [DEBUG] https://dl.google.com:443 "GET /dl/android/studio/install/3.4.1.0/android-studio-ide-183.5522156-windows.exe HTTP/1.1" 200 1017327996
17:51:47 [DEBUG] https://dl.google.com:443 "GET /dl/android/studio/install/3.4.1.0/android-studio-ide-183.5522156-windows.exe HTTP/1.1" 200 1017327996
17:51:47 [DEBUG] https://dl.google.com:443 "GET /dl/android/studio/install/3.4.1.0/android-studio-ide-183.5522156-windows.exe HTTP/1.1" 200 1017327996
17:51:47 [DEBUG] https://cp.cloudflare.com:443 "GET / HTTP/1.1" 204 0
17:51:47 [DEBUG] Starting new HTTPS connection (1): www.gstatic.com:443
17:51:47 [INFO]    🎯 146.185.240.23 (Россия) - 9.2Mbps, 581ms UDP✅ Reality [m.vk.ru]
17:51:47 [INFO]    🎯 87.239.106.153 (Россия) - 8.4Mbps, 547ms UDP✅ Reality [m.vk.ru]
17:51:48 [DEBUG] Starting new HTTPS connection (1): cp.cloudflare.com:443
17:51:49 [DEBUG] https://cp.cloudflare.com:443 "GET / HTTP/1.1" 204 0
17:51:49 [DEBUG] Starting new HTTPS connection (1): www.gstatic.com:443
17:51:49 [INFO]    🎯 84.201.159.179 (Россия) - 0.0Mbps, 752ms UDP❌ Reality [eh.vk.com]
17:51:51 [INFO]    🎯 178.250.243.102 (Россия) - 1.7Mbps, 2044ms UDP✅ Reality [eh.vk.com]
17:51:51 [DEBUG] https://www.gstatic.com:443 "GET /generate_204 HTTP/1.1" 204 0
17:51:52 [DEBUG] Starting new HTTPS connection (1): dl.google.com:443
17:51:52 [INFO]    🎯 109.120.188.14 (Россия) - 0.0Mbps, 4112ms UDP❌ Reality [ads.x5.ru]
17:51:58 [DEBUG] https://dl.google.com:443 "GET /dl/android/studio/install/3.4.1.0/android-studio-ide-183.5522156-windows.exe HTTP/1.1" 200 1017327996
17:52:00 [INFO]    🎯 178.250.243.97 (Россия) - 1.6Mbps, 3254ms UDP✅ Reality [eh.vk.com]
17:52:00 [INFO]    📊 Whitelist: 80/80 (100%) | ✅71 ❌9
17:52:00 [INFO] 
✅ Прошли: 75 (56 Reality), 71 WL
17:52:00 [INFO] 
══════════════════════════════════════════════════
17:52:00 [INFO] 🏆 ЭТАП 4: ФИНАЛЬНЫЙ ОТБОР
17:52:00 [INFO] ══════════════════════════════════════════════════
17:52:00 [INFO] 
📊 Пулы после фильтрации:
17:52:00 [INFO]    🎮 GAME (Reality, <150ms): 3
17:52:00 [INFO]    ⚡ UNIVERSAL: 21
17:52:00 [INFO]    🔄 WARP (Reality score≥50): 25
17:52:00 [INFO]    ⚪ WHITELIST: 71
17:52:00 [INFO] 
🎮 Выбор GAME серверов (Reality only!)...
17:52:00 [INFO]    GAME-1: 57.129.53.182 (Германия) - 46ms, 52.4Mbps, Reality✅
17:52:00 [INFO]    GAME-2: 152.53.51.199 (Австрия) - 114ms, 43.0Mbps, Reality✅
17:52:00 [INFO] 
⚡ Выбор UNIVERSAL серверов (приоритет Reality)...
17:52:00 [INFO]    UNIVERSAL-1: 91.84.109.124 (Нидерланды) - 37.9Mbps Reality✅
17:52:00 [INFO]    UNIVERSAL-2: 144.31.2.86 (Польша) - 36.4Mbps Reality✅
17:52:00 [INFO]    UNIVERSAL-3: 91.84.109.130 (Нидерланды) - 25.1Mbps Reality✅
17:52:00 [INFO] 
🔄 Выбор WARP серверов (Reality с высоким score)...
17:52:00 [INFO]    WARP-1: swe01-vlr01.tcp-reset-club.net (XX) - score=100
17:52:00 [INFO]    WARP-2: 94.228.215.11 (Нидерланды) - score=100
17:52:00 [INFO] 
⚪ Выбор WHITELIST серверов...
17:52:00 [INFO]    WHITELIST-1: 109.120.191.63 - 20.5Mbps
17:52:00 [INFO]    WHITELIST-2: 178.154.224.33 - 18.7Mbps
17:52:00 [INFO] 
✅ Итого: 9 серверов
17:52:00 [INFO] 📦 Резерв: 30 серверов
17:52:00 [INFO] 🛡️ Reality в финале: 9/9
17:52:00 [INFO] 🏆 THE FINAL 9 (Russia-Proof):
17:52:00 [INFO] 💾 Подписка: FL1PVPN (9 серверов)
17:52:00 [INFO] ✅ ГОТОВО за 416.7 сек
17:52:00 [INFO] 🛡️ Reality в финале: 9/9
