08:31:08 [INFO] 🚀 FL1P VPN V123 - RUSSIA-PROOF EDITION
08:31:08 [INFO]    ⏰ 2026-02-07 11:31:08 MSK
08:31:08 [INFO]    🛡️ Приоритет: ТОЛЬКО Reality серверы
08:31:08 [INFO]    🎮 GAME: Reality + Tier 1-2 + пинг <150ms
08:31:08 [INFO]    ⚡ UNIVERSAL: Reality приоритет
08:31:08 [INFO] 📂 История: 6528 записей
08:31:08 [INFO] 🌍 GeoIP OK
08:31:08 [INFO] 
══════════════════════════════════════════════════
08:31:08 [INFO] 📥 ЭТАП 1: СБОР
08:31:08 [INFO] ══════════════════════════════════════════════════
08:31:08 [INFO] 📥 Сбор конфигов...
08:31:08 [DEBUG] Starting new HTTPS connection (1): raw.githubusercontent.com:443
08:31:08 [DEBUG] Starting new HTTPS connection (1): raw.githubusercontent.com:443
08:31:08 [DEBUG] Starting new HTTPS connection (1): raw.githubusercontent.com:443
08:31:08 [DEBUG] Starting new HTTPS connection (1): raw.githubusercontent.com:443
08:31:09 [DEBUG] Starting new HTTPS connection (1): raw.githubusercontent.com:443
08:31:09 [DEBUG] Starting new HTTPS connection (1): raw.githubusercontent.com:443
08:31:09 [DEBUG] Starting new HTTPS connection (1): raw.githubusercontent.com:443
08:31:09 [DEBUG] Starting new HTTPS connection (1): raw.githubusercontent.com:443
08:31:09 [DEBUG] Starting new HTTPS connection (1): raw.githubusercontent.com:443
08:31:09 [DEBUG] Starting new HTTPS connection (1): raw.githubusercontent.com:443
08:31:09 [DEBUG] Starting new HTTPS connection (1): raw.githubusercontent.com:443
08:31:09 [DEBUG] Starting new HTTPS connection (1): raw.githubusercontent.com:443
08:31:09 [DEBUG] Starting new HTTPS connection (1): raw.githubusercontent.com:443
08:31:09 [DEBUG] Starting new HTTPS connection (1): raw.githubusercontent.com:443
08:31:09 [DEBUG] Starting new HTTPS connection (1): raw.githubusercontent.com:443
08:31:09 [DEBUG] https://raw.githubusercontent.com:443 "GET /barry-far/V2ray-Configs/main/Splitted-By-Protocol/vless.txt HTTP/1.1" 404 14
08:31:09 [DEBUG] Starting new HTTPS connection (1): raw.githubusercontent.com:443
08:31:09 [DEBUG] https://raw.githubusercontent.com:443 "GET /mahdibland/V2RayAggregator/master/Eternity HTTP/1.1" 200 13397
08:31:09 [DEBUG] https://raw.githubusercontent.com:443 "GET /soroushmirzaei/telegram-configs-collector/main/protocols/reality HTTP/1.1" 404 14
08:31:09 [DEBUG] Starting new HTTPS connection (1): raw.githubusercontent.com:443
08:31:09 [DEBUG] https://raw.githubusercontent.com:443 "GET /Epodonios/v2ray-configs/main/Splitted-By-Protocol/vless.txt HTTP/1.1" 200 298955
08:31:09 [DEBUG] https://raw.githubusercontent.com:443 "GET /Yebekhe/TelegramV2rayCollector/main/sub/normal/reality HTTP/1.1" 404 14
08:31:09 [DEBUG] https://raw.githubusercontent.com:443 "GET /yebekhe/TVC/main/subscriptions/xray/reality HTTP/1.1" 404 14
08:31:09 [DEBUG] Starting new HTTPS connection (1): raw.githubusercontent.com:443
08:31:09 [DEBUG] Starting new HTTPS connection (1): raw.githubusercontent.com:443
08:31:09 [DEBUG] https://raw.githubusercontent.com:443 "GET /MrMohebi/xray-proxy-grabber-telegram/master/collected-proxies/row-url/all.txt HTTP/1.1" 200 29932
08:31:09 [DEBUG] Starting new HTTPS connection (1): raw.githubusercontent.com:443
08:31:09 [DEBUG] https://raw.githubusercontent.com:443 "GET /lagzian/SS-Collector/main/realitiy_api.txt HTTP/1.1" 404 14
08:31:09 [DEBUG] https://raw.githubusercontent.com:443 "GET /Epodonios/v2ray-configs/main/Splitted-By-Protocol/reality.txt HTTP/1.1" 404 14
08:31:09 [DEBUG] Starting new HTTPS connection (1): t.me:443
08:31:09 [DEBUG] Starting new HTTPS connection (1): t.me:443
08:31:09 [DEBUG] https://raw.githubusercontent.com:443 "GET /yebekhe/TVC/main/subscriptions/xray/vless HTTP/1.1" 404 14
08:31:09 [DEBUG] https://raw.githubusercontent.com:443 "GET /NiREvil/vless/main/sub/vless HTTP/1.1" 404 14
08:31:09 [DEBUG] https://raw.githubusercontent.com:443 "GET /mahdibland/V2RayAggregator/master/sub/splitted/reality.txt HTTP/1.1" 404 14
08:31:09 [DEBUG] Starting new HTTPS connection (1): t.me:443
08:31:09 [DEBUG] Starting new HTTPS connection (1): t.me:443
08:31:09 [DEBUG] Starting new HTTPS connection (1): t.me:443
08:31:09 [DEBUG] https://raw.githubusercontent.com:443 "GET /Pawdroid/Free-servers/main/sub HTTP/1.1" 200 3783
08:31:10 [DEBUG] https://raw.githubusercontent.com:443 "GET /mfuu/v2ray/master/v2ray HTTP/1.1" 200 13219
08:31:10 [DEBUG]    🚫 Заблокированный SNI: www.microsoft.com
08:31:10 [DEBUG] Starting new HTTPS connection (1): t.me:443
08:31:10 [DEBUG] Starting new HTTPS connection (1): t.me:443
08:31:10 [DEBUG] https://raw.githubusercontent.com:443 "GET /peasoft/NoMoreWalls/master/list.txt HTTP/1.1" 200 11265
08:31:10 [DEBUG] Starting new HTTPS connection (1): t.me:443
08:31:10 [DEBUG]    🚫 Заблокированный SNI: dropbox.com
08:31:10 [DEBUG] Starting new HTTPS connection (1): t.me:443
08:31:10 [DEBUG] https://raw.githubusercontent.com:443 "GET /igareck/vpn-configs-for-russia/refs/heads/main/Vless-Reality-White-Lists-Rus-Mobile-2.txt HTTP/1.1" 200 6358
08:31:10 [DEBUG] https://t.me:443 "GET /s/RealityVpnChannel HTTP/1.1" 302 20
08:31:10 [DEBUG] https://raw.githubusercontent.com:443 "GET /igareck/vpn-configs-for-russia/refs/heads/main/WHITE-CIDR-RU-all.txt HTTP/1.1" 200 32023
08:31:10 [DEBUG] https://raw.githubusercontent.com:443 "GET /igareck/vpn-configs-for-russia/main/Vless-Reality-White-Lists-Rus-Mobile.txt HTTP/1.1" 200 6533
08:31:10 [DEBUG] https://t.me:443 "GET /s/reality_daily HTTP/1.1" 302 20
08:31:10 [DEBUG] https://t.me:443 "GET /s/FarahVPN HTTP/1.1" 200 9862
08:31:10 [DEBUG] https://t.me:443 "GET /RealityVpnChannel HTTP/1.1" 200 3662
08:31:10 [DEBUG] https://t.me:443 "GET /reality_daily HTTP/1.1" 200 3658
08:31:10 [DEBUG] Starting new HTTPS connection (1): t.me:443
08:31:10 [DEBUG] Starting new HTTPS connection (1): t.me:443
08:31:10 [DEBUG] Starting new HTTPS connection (1): api.github.com:443
08:31:10 [DEBUG] Starting new HTTPS connection (1): t.me:443
08:31:10 [DEBUG] Starting new HTTPS connection (1): api.github.com:443
08:31:10 [DEBUG] https://raw.githubusercontent.com:443 "GET /igareck/vpn-configs-for-russia/main/configs/vless.txt HTTP/1.1" 404 14
08:31:10 [DEBUG] https://raw.githubusercontent.com:443 "GET /AvenCores/goida-vpn-configs/main/configs/vless.txt HTTP/1.1" 404 14
08:31:10 [DEBUG] https://t.me:443 "GET /s/PrivateVPNs HTTP/1.1" 200 11616
08:31:11 [DEBUG] https://t.me:443 "GET /s/VlessConfig HTTP/1.1" 200 11392
08:31:11 [DEBUG] Starting new HTTPS connection (1): api.github.com:443
08:31:11 [DEBUG]    🚫 Заблокированный SNI: www.aparat.com
08:31:11 [DEBUG] https://t.me:443 "GET /s/v2ray_configs_pool HTTP/1.1" 200 11552
08:31:11 [DEBUG] https://t.me:443 "GET /s/v2rayng_vpn HTTP/1.1" 200 15531
08:31:11 [DEBUG] https://t.me:443 "GET /s/iSegaro HTTP/1.1" 200 18606
08:31:11 [DEBUG] https://t.me:443 "GET /s/DirectVPN HTTP/1.1" 200 11345
08:31:11 [DEBUG]    🚫 Заблокированный SNI: us.asbndx.com
08:31:11 [DEBUG]    🚫 Заблокированный SNI: de-two.asbndx.com
08:31:11 [DEBUG]    🚫 Заблокированный SNI: www.microsoft.com
08:31:11 [DEBUG]    🚫 Заблокированный SNI: eset.com
08:31:11 [DEBUG]    🚫 Заблокированный SNI: learn.microsoft.com
08:31:11 [DEBUG]    🚫 Заблокированный SNI: aparat.com
08:31:11 [DEBUG]    🚫 Заблокированный SNI: tr.eu-ffast.com
08:31:11 [DEBUG]    🚫 Заблокированный SNI: www.microsoft.com
08:31:11 [DEBUG]    🚫 Заблокированный SNI: www.pinterest.com
08:31:11 [DEBUG] https://t.me:443 "GET /s/ConfigsHUB HTTP/1.1" 200 10304
08:31:11 [DEBUG] https://api.github.com:443 "GET /repos/barry-far/V2ray-Configs/issues?state=all&per_page=10 HTTP/1.1" 403 136
08:31:11 [DEBUG] https://api.github.com:443 "GET /repos/yebekhe/TelegramV2rayCollector/issues?state=all&per_page=10 HTTP/1.1" 404 125
08:31:11 [DEBUG] https://t.me:443 "GET /s/freev2rayssr HTTP/1.1" 200 22273
08:31:11 [DEBUG] https://t.me:443 "GET /s/v2ray_alpha HTTP/1.1" 200 18976
08:31:11 [DEBUG] https://api.github.com:443 "GET /repos/mahdibland/V2RayAggregator/issues?state=all&per_page=10 HTTP/1.1" 200 None
08:31:11 [INFO] 
📊 Собрано: 3051 глобальных
08:31:11 [INFO]    🛡️ Reality: 396 (хороших: 389)
08:31:11 [INFO]    🇷🇺 Whitelist: 1452
08:31:11 [INFO] 🔍 Уникальных: 1738 (286 Reality), 126 WL
08:31:11 [INFO] 
══════════════════════════════════════════════════
08:31:11 [INFO] ⚡ ЭТАП 2: TCP
08:31:11 [INFO] ══════════════════════════════════════════════════
08:31:12 [INFO]    📊 Global: 173/1738 (10%) | ✅127 ❌46
08:31:12 [INFO]    📊 Global: 346/1738 (20%) | ✅241 ❌105
08:31:13 [INFO]    📊 Global: 519/1738 (30%) | ✅335 ❌184
08:31:13 [INFO]    📊 Global: 692/1738 (40%) | ✅436 ❌256
08:31:14 [INFO]    📊 Global: 865/1738 (50%) | ✅552 ❌313
08:31:14 [INFO]    📊 Global: 1038/1738 (60%) | ✅673 ❌365
08:31:14 [INFO]    📊 Global: 1211/1738 (70%) | ✅792 ❌419
08:31:15 [INFO]    📊 Global: 1384/1738 (80%) | ✅900 ❌484
08:31:15 [INFO]    📊 Global: 1557/1738 (90%) | ✅1023 ❌534
08:31:16 [INFO]    📊 Global: 1730/1738 (100%) | ✅1104 ❌626
08:31:16 [INFO]    📊 Whitelist: 12/126 (10%) | ✅0 ❌12
08:31:16 [INFO]    📊 Whitelist: 24/126 (19%) | ✅0 ❌24
08:31:17 [INFO]    📊 Whitelist: 36/126 (29%) | ✅7 ❌29
08:31:17 [INFO]    📊 Whitelist: 48/126 (38%) | ✅19 ❌29
08:31:17 [INFO]    📊 Whitelist: 60/126 (48%) | ✅27 ❌33
08:31:17 [INFO]    📊 Whitelist: 72/126 (57%) | ✅34 ❌38
08:31:17 [INFO]    📊 Whitelist: 84/126 (67%) | ✅46 ❌38
08:31:17 [INFO]    📊 Whitelist: 96/126 (76%) | ✅58 ❌38
08:31:17 [INFO]    📊 Whitelist: 108/126 (86%) | ✅70 ❌38
08:31:17 [INFO]    📊 Whitelist: 120/126 (95%) | ✅80 ❌40
08:31:17 [INFO] 
✅ Живых: 1104 (159 Reality), 80 WL
08:31:17 [INFO] 
📊 Топ стран:
08:31:17 [INFO]    🇽🇽 XX (XX): 799 [T5]
08:31:17 [INFO]    🇩🇪 DE (Германия): 60 [T3]
08:31:17 [INFO]    🇳🇱 NL (Нидерланды): 56 [T3]
08:31:17 [INFO]    🇫🇷 FR (Франция): 36 [T4]
08:31:17 [INFO]    🇬🇧 GB (Британия): 23 [T4]
08:31:17 [INFO]    🇫🇮 FI (Финляндия): 12 [T1]
08:31:17 [INFO]    🇸🇪 SE (Швеция): 11 [T2]
08:31:17 [INFO]    🇸🇨 SC (SC): 9 [T5]
08:31:17 [INFO] 
══════════════════════════════════════════════════
08:31:17 [INFO] 🧪 ЭТАП 3: ГЛУБОКАЯ ПРОВЕРКА
08:31:17 [INFO] ══════════════════════════════════════════════════
08:31:17 [INFO]    К проверке: 400 (159 Reality), 80 WL
08:31:19 [DEBUG] Starting new HTTPS connection (1): www.google.com:443
08:31:19 [DEBUG] Starting new HTTPS connection (1): www.google.com:443
08:31:19 [DEBUG] Starting new HTTPS connection (1): www.google.com:443
08:31:19 [DEBUG] Starting new HTTPS connection (1): www.google.com:443
08:31:19 [DEBUG] Starting new HTTPS connection (1): www.google.com:443
08:31:19 [DEBUG] Starting new HTTPS connection (1): www.google.com:443
08:31:19 [DEBUG] Starting new HTTPS connection (1): www.google.com:443
08:31:19 [DEBUG] Starting new HTTPS connection (1): www.google.com:443
08:31:19 [DEBUG] Starting new HTTPS connection (1): www.google.com:443
08:31:19 [DEBUG] Starting new HTTPS connection (1): www.google.com:443
08:31:19 [DEBUG] Starting new HTTPS connection (1): cp.cloudflare.com:443
08:31:19 [DEBUG] Starting new HTTPS connection (1): cp.cloudflare.com:443
08:31:19 [DEBUG] Starting new HTTPS connection (1): www.gstatic.com:443
08:31:19 [DEBUG] Starting new HTTPS connection (1): www.gstatic.com:443
08:31:19 [DEBUG] https://www.google.com:443 "GET /generate_204 HTTP/1.1" 204 0
08:31:19 [DEBUG] Starting new HTTPS connection (1): cp.cloudflare.com:443
08:31:19 [DEBUG] https://www.google.com:443 "GET /generate_204 HTTP/1.1" 204 0
08:31:19 [DEBUG] Starting new HTTPS connection (1): cp.cloudflare.com:443
08:31:19 [DEBUG] https://cp.cloudflare.com:443 "GET / HTTP/1.1" 204 0
08:31:19 [DEBUG] Starting new HTTPS connection (1): www.gstatic.com:443
08:31:19 [DEBUG] https://www.google.com:443 "GET /generate_204 HTTP/1.1" 204 0
08:31:19 [DEBUG] Starting new HTTPS connection (1): cp.cloudflare.com:443
08:31:19 [DEBUG] https://www.gstatic.com:443 "GET /generate_204 HTTP/1.1" 204 0
08:31:19 [DEBUG] Starting new HTTPS connection (1): dl.google.com:443
08:31:19 [DEBUG] https://www.google.com:443 "GET /generate_204 HTTP/1.1" 204 0
08:31:19 [DEBUG] Starting new HTTPS connection (1): cp.cloudflare.com:443
08:31:19 [DEBUG] https://cp.cloudflare.com:443 "GET / HTTP/1.1" 204 0
08:31:19 [DEBUG] Starting new HTTPS connection (1): www.gstatic.com:443
08:31:19 [DEBUG] https://cp.cloudflare.com:443 "GET / HTTP/1.1" 204 0
08:31:19 [DEBUG] Starting new HTTPS connection (1): www.gstatic.com:443
08:31:19 [DEBUG] https://dl.google.com:443 "GET /dl/android/studio/install/3.4.1.0/android-studio-ide-183.5522156-windows.exe HTTP/1.1" 200 1017327996
08:31:19 [INFO]    🎯 144.31.2.86 (Польша) - 41.7Mbps, 149ms UDP✅ Reality [google.com]
08:31:20 [DEBUG] https://www.gstatic.com:443 "GET /generate_204 HTTP/1.1" 204 0
08:31:20 [DEBUG] Starting new HTTPS connection (1): cp.cloudflare.com:443
08:31:20 [DEBUG] https://www.gstatic.com:443 "GET /generate_204 HTTP/1.1" 204 0
08:31:20 [DEBUG] Starting new HTTPS connection (1): www.gstatic.com:443
08:31:20 [DEBUG] https://cp.cloudflare.com:443 "GET / HTTP/1.1" 204 0
08:31:20 [DEBUG] Starting new HTTPS connection (1): www.gstatic.com:443
08:31:20 [DEBUG] Starting new HTTPS connection (1): dl.google.com:443
08:31:20 [DEBUG] Starting new HTTPS connection (1): www.google.com:443
08:31:20 [DEBUG] Starting new HTTPS connection (1): www.google.com:443
08:31:20 [DEBUG] https://dl.google.com:443 "GET /dl/android/studio/install/3.4.1.0/android-studio-ide-183.5522156-windows.exe HTTP/1.1" 404 1449
08:31:20 [INFO]    🎯 46.62.128.207 (Финляндия) - 0.0Mbps, 325ms UDP✅ Reality [www.cloudflare.com]
08:31:20 [DEBUG] https://www.gstatic.com:443 "GET /generate_204 HTTP/1.1" 204 0
08:31:20 [DEBUG] https://www.google.com:443 "GET /generate_204 HTTP/1.1" 204 0
08:31:20 [DEBUG] Starting new HTTPS connection (1): cp.cloudflare.com:443
08:31:20 [DEBUG] Starting new HTTPS connection (1): dl.google.com:443
08:31:21 [DEBUG] https://cp.cloudflare.com:443 "GET / HTTP/1.1" 204 0
08:31:21 [DEBUG] Starting new HTTPS connection (1): www.gstatic.com:443
08:31:21 [DEBUG] https://www.google.com:443 "GET /generate_204 HTTP/1.1" 204 0
08:31:21 [DEBUG] Starting new HTTPS connection (1): cp.cloudflare.com:443
08:31:21 [DEBUG] Starting new HTTPS connection (1): www.google.com:443
08:31:21 [DEBUG] Starting new HTTPS connection (1): dl.google.com:443
08:31:21 [DEBUG] Starting new HTTPS connection (1): cp.cloudflare.com:443
08:31:21 [DEBUG] https://www.gstatic.com:443 "GET /generate_204 HTTP/1.1" 204 0
08:31:21 [DEBUG] Starting new HTTPS connection (1): www.google.com:443
08:31:21 [DEBUG] Starting new HTTPS connection (1): www.gstatic.com:443
08:31:21 [DEBUG] https://cp.cloudflare.com:443 "GET / HTTP/1.1" 204 0
08:31:21 [DEBUG] Starting new HTTPS connection (1): www.gstatic.com:443
08:31:21 [DEBUG] https://dl.google.com:443 "GET /dl/android/studio/install/3.4.1.0/android-studio-ide-183.5522156-windows.exe HTTP/1.1" 200 1017327996
08:31:21 [DEBUG] https://dl.google.com:443 "GET /dl/android/studio/install/3.4.1.0/android-studio-ide-183.5522156-windows.exe HTTP/1.1" 404 1449
08:31:21 [INFO]    🎯 2.56.125.209 (Польша) - 0.0Mbps, 501ms UDP✅ Reality [yahoo.com]
08:31:21 [DEBUG] Starting new HTTPS connection (1): cp.cloudflare.com:443
08:31:21 [DEBUG] Starting new HTTPS connection (1): dl.google.com:443
08:31:21 [DEBUG] Starting new HTTPS connection (1): www.google.com:443
08:31:21 [INFO]    🎯 144.31.2.154 (Польша) - 26.4Mbps, 321ms UDP✅ Reality [hls-svod.itunes.appl]
08:31:21 [DEBUG] https://www.gstatic.com:443 "GET /generate_204 HTTP/1.1" 204 0
08:31:21 [DEBUG] https://www.google.com:443 "GET /generate_204 HTTP/1.1" 204 0
08:31:21 [DEBUG] Starting new HTTPS connection (1): cp.cloudflare.com:443
08:31:21 [DEBUG] https://dl.google.com:443 "GET /dl/android/studio/install/3.4.1.0/android-studio-ide-183.5522156-windows.exe HTTP/1.1" 200 1017327996
08:31:22 [DEBUG] https://cp.cloudflare.com:443 "GET / HTTP/1.1" 204 0
08:31:22 [DEBUG] Starting new HTTPS connection (1): www.gstatic.com:443
08:31:22 [DEBUG] https://www.gstatic.com:443 "GET /generate_204 HTTP/1.1" 204 0
08:31:22 [INFO]    🎯 188.253.26.39 (Нидерланды) - 20.9Mbps, 275ms UDP✅ Reality [yahoo.com]
08:31:22 [DEBUG] Starting new HTTPS connection (1): dl.google.com:443
08:31:22 [DEBUG] Starting new HTTPS connection (1): dl.google.com:443
08:31:22 [DEBUG] https://dl.google.com:443 "GET /dl/android/studio/install/3.4.1.0/android-studio-ide-183.5522156-windows.exe HTTP/1.1" 200 1017327996
08:31:22 [DEBUG] Starting new HTTPS connection (1): cp.cloudflare.com:443
08:31:22 [DEBUG] Starting new HTTPS connection (1): www.google.com:443
08:31:22 [DEBUG] https://dl.google.com:443 "GET /dl/android/studio/install/3.4.1.0/android-studio-ide-183.5522156-windows.exe HTTP/1.1" 200 1017327996
08:31:22 [INFO]    🎯 91.84.109.124 (Нидерланды) - 33.5Mbps, 157ms UDP✅ Reality [apple.com]
08:31:22 [DEBUG] Starting new HTTPS connection (1): www.google.com:443
08:31:22 [DEBUG] https://www.google.com:443 "GET /generate_204 HTTP/1.1" 204 0
08:31:22 [DEBUG] Starting new HTTPS connection (1): cp.cloudflare.com:443
08:31:22 [DEBUG] https://www.google.com:443 "GET /generate_204 HTTP/1.1" 204 0
08:31:22 [DEBUG] Starting new HTTPS connection (1): cp.cloudflare.com:443
08:31:22 [INFO]    🎯 45.43.79.73 (Латвия) - 24.4Mbps, 915ms UDP✅ Reality [google.com]
08:31:22 [DEBUG] Starting new HTTPS connection (1): www.google.com:443
08:31:23 [DEBUG] https://cp.cloudflare.com:443 "GET / HTTP/1.1" 204 0
08:31:23 [DEBUG] Starting new HTTPS connection (1): www.gstatic.com:443
08:31:23 [DEBUG] https://cp.cloudflare.com:443 "GET / HTTP/1.1" 204 0
08:31:23 [DEBUG] Starting new HTTPS connection (1): www.gstatic.com:443
08:31:23 [DEBUG] https://www.gstatic.com:443 "GET /generate_204 HTTP/1.1" 204 0
08:31:23 [DEBUG] https://www.gstatic.com:443 "GET /generate_204 HTTP/1.1" 204 0
08:31:23 [DEBUG] Starting new HTTPS connection (1): dl.google.com:443
08:31:23 [DEBUG] Starting new HTTPS connection (1): dl.google.com:443
08:31:23 [DEBUG] Starting new HTTPS connection (1): www.google.com:443
08:31:23 [DEBUG] https://dl.google.com:443 "GET /dl/android/studio/install/3.4.1.0/android-studio-ide-183.5522156-windows.exe HTTP/1.1" 200 1017327996
08:31:23 [DEBUG] https://dl.google.com:443 "GET /dl/android/studio/install/3.4.1.0/android-studio-ide-183.5522156-windows.exe HTTP/1.1" 200 1017327996
08:31:23 [INFO]    🎯 91.84.113.47 (Нидерланды) - 34.6Mbps, 157ms UDP✅ Reality [apple.com]
08:31:23 [INFO]    🎯 91.84.109.130 (Нидерланды) - 32.9Mbps, 204ms UDP✅ Reality [apple.com]
08:31:23 [DEBUG] Starting new HTTPS connection (1): www.google.com:443
08:31:23 [DEBUG] Starting new HTTPS connection (1): www.gstatic.com:443
08:31:24 [DEBUG] Starting new HTTPS connection (1): cp.cloudflare.com:443
08:31:24 [DEBUG] Starting new HTTPS connection (1): www.google.com:443
08:31:24 [DEBUG] https://www.google.com:443 "GET /generate_204 HTTP/1.1" 204 0
08:31:24 [DEBUG] Starting new HTTPS connection (1): cp.cloudflare.com:443
08:31:24 [DEBUG] Starting new HTTPS connection (1): www.gstatic.com:443
08:31:24 [DEBUG] Starting new HTTPS connection (1): www.google.com:443
08:31:24 [DEBUG] Starting new HTTPS connection (1): www.google.com:443
08:31:25 [DEBUG] https://cp.cloudflare.com:443 "GET / HTTP/1.1" 204 0
08:31:25 [DEBUG] Starting new HTTPS connection (1): www.gstatic.com:443
08:31:25 [DEBUG] https://www.google.com:443 "GET /generate_204 HTTP/1.1" 204 0
08:31:25 [DEBUG] Starting new HTTPS connection (1): cp.cloudflare.com:443
08:31:25 [DEBUG] https://www.gstatic.com:443 "GET /generate_204 HTTP/1.1" 204 0
08:31:25 [DEBUG] Starting new HTTPS connection (1): dl.google.com:443
08:31:25 [DEBUG] https://cp.cloudflare.com:443 "GET / HTTP/1.1" 204 0
08:31:25 [DEBUG] Starting new HTTPS connection (1): www.gstatic.com:443
08:31:26 [DEBUG] Starting new HTTPS connection (1): cp.cloudflare.com:443
08:31:26 [DEBUG] https://www.gstatic.com:443 "GET /generate_204 HTTP/1.1" 204 0
08:31:26 [DEBUG] https://dl.google.com:443 "GET /dl/android/studio/install/3.4.1.0/android-studio-ide-183.5522156-windows.exe HTTP/1.1" 404 1449
08:31:26 [INFO]    🎯 188.34.193.153 (Германия) - 0.0Mbps, 555ms UDP✅ Reality [www.cloudflare.com]
08:31:26 [DEBUG] Starting new HTTPS connection (1): dl.google.com:443
08:31:27 [DEBUG] Starting new HTTPS connection (1): www.google.com:443
08:31:27 [DEBUG] https://www.google.com:443 "GET /generate_204 HTTP/1.1" 204 0
08:31:27 [DEBUG] Starting new HTTPS connection (1): cp.cloudflare.com:443
08:31:27 [DEBUG] Starting new HTTPS connection (1): www.google.com:443
08:31:27 [DEBUG] Starting new HTTPS connection (1): www.google.com:443
08:31:27 [DEBUG] Starting new HTTPS connection (1): cp.cloudflare.com:443
08:31:28 [DEBUG] https://www.google.com:443 "GET /generate_204 HTTP/1.1" 204 0
08:31:28 [DEBUG] Starting new HTTPS connection (1): cp.cloudflare.com:443
08:31:29 [DEBUG] https://cp.cloudflare.com:443 "GET / HTTP/1.1" 204 0
08:31:29 [DEBUG] Starting new HTTPS connection (1): www.gstatic.com:443
08:31:29 [DEBUG] Starting new HTTPS connection (1): cp.cloudflare.com:443
08:31:29 [DEBUG] Starting new HTTPS connection (1): www.gstatic.com:443
08:31:29 [DEBUG] https://dl.google.com:443 "GET /dl/android/studio/install/3.4.1.0/android-studio-ide-183.5522156-windows.exe HTTP/1.1" 404 1449
08:31:29 [DEBUG] https://www.gstatic.com:443 "GET /generate_204 HTTP/1.1" 204 0
08:31:29 [INFO]    🎯 5.182.38.91 (Венгрия) - 0.0Mbps, 488ms UDP✅ Reality [yahoo.com]
08:31:29 [DEBUG] Starting new HTTPS connection (1): cp.cloudflare.com:443
08:31:29 [DEBUG] Starting new HTTPS connection (1): cp.cloudflare.com:443
08:31:30 [DEBUG] Starting new HTTPS connection (1): dl.google.com:443
08:31:30 [DEBUG] Starting new HTTPS connection (1): cp.cloudflare.com:443
08:31:30 [DEBUG] Starting new HTTPS connection (1): www.google.com:443
08:31:30 [DEBUG] https://dl.google.com:443 "GET /dl/android/studio/install/3.4.1.0/android-studio-ide-183.5522156-windows.exe HTTP/1.1" 404 1449
08:31:30 [INFO]    🎯 45.12.143.191 (Турция) - 0.0Mbps, 617ms UDP✅ Reality [yahoo.com]
08:31:31 [DEBUG] Starting new HTTPS connection (1): www.gstatic.com:443
08:31:32 [DEBUG] Starting new HTTPS connection (1): www.google.com:443
08:31:32 [DEBUG] Starting new HTTPS connection (1): www.gstatic.com:443
08:31:32 [DEBUG] Starting new HTTPS connection (1): www.gstatic.com:443
08:31:32 [DEBUG] Starting new HTTPS connection (1): www.gstatic.com:443
08:31:32 [DEBUG] Starting new HTTPS connection (1): www.gstatic.com:443
08:31:34 [DEBUG] Starting new HTTPS connection (1): www.gstatic.com:443
08:31:34 [DEBUG] Starting new HTTPS connection (1): cp.cloudflare.com:443
08:31:35 [DEBUG] Starting new HTTPS connection (1): www.google.com:443
08:31:35 [DEBUG] Starting new HTTPS connection (1): cp.cloudflare.com:443
08:31:35 [DEBUG] Starting new HTTPS connection (1): www.google.com:443
08:31:35 [DEBUG] https://cp.cloudflare.com:443 "GET / HTTP/1.1" 204 0
08:31:35 [DEBUG] Starting new HTTPS connection (1): www.gstatic.com:443
08:31:35 [DEBUG] Starting new HTTPS connection (1): cp.cloudflare.com:443
08:31:35 [DEBUG] Starting new HTTPS connection (1): www.gstatic.com:443
08:31:36 [DEBUG] Starting new HTTPS connection (1): www.gstatic.com:443
08:31:36 [DEBUG] Starting new HTTPS connection (1): www.google.com:443
08:31:36 [DEBUG] Starting new HTTPS connection (1): cp.cloudflare.com:443
08:31:37 [DEBUG] Starting new HTTPS connection (1): www.google.com:443
08:31:37 [DEBUG] Starting new HTTPS connection (1): cp.cloudflare.com:443
08:31:37 [DEBUG] Starting new HTTPS connection (1): www.gstatic.com:443
08:31:37 [DEBUG] Starting new HTTPS connection (1): www.google.com:443
08:31:37 [DEBUG] Starting new HTTPS connection (1): www.google.com:443
08:31:37 [DEBUG] Starting new HTTPS connection (1): cp.cloudflare.com:443
08:31:37 [DEBUG] Starting new HTTPS connection (1): cp.cloudflare.com:443
08:31:38 [DEBUG] Starting new HTTPS connection (1): www.gstatic.com:443
08:31:38 [DEBUG] Starting new HTTPS connection (1): www.gstatic.com:443
08:31:38 [DEBUG] Starting new HTTPS connection (1): www.google.com:443
08:31:38 [DEBUG] Starting new HTTPS connection (1): www.google.com:443
08:31:38 [DEBUG] Starting new HTTPS connection (1): cp.cloudflare.com:443
08:31:39 [DEBUG] Starting new HTTPS connection (1): www.gstatic.com:443
08:31:39 [DEBUG] Starting new HTTPS connection (1): www.google.com:443
08:31:39 [DEBUG] Starting new HTTPS connection (1): www.gstatic.com:443
08:31:39 [DEBUG] Starting new HTTPS connection (1): www.google.com:443
08:31:39 [DEBUG] Starting new HTTPS connection (1): www.google.com:443
08:31:39 [DEBUG] Starting new HTTPS connection (1): cp.cloudflare.com:443
08:31:39 [DEBUG] Starting new HTTPS connection (1): cp.cloudflare.com:443
08:31:39 [DEBUG] https://www.google.com:443 "GET /generate_204 HTTP/1.1" 204 0
08:31:39 [DEBUG] Starting new HTTPS connection (1): cp.cloudflare.com:443
08:31:39 [DEBUG] Starting new HTTPS connection (1): www.gstatic.com:443
08:31:39 [DEBUG] Starting new HTTPS connection (1): www.gstatic.com:443
08:31:39 [DEBUG] Starting new HTTPS connection (1): www.gstatic.com:443
08:31:40 [DEBUG] Starting new HTTPS connection (1): cp.cloudflare.com:443
08:31:40 [DEBUG] https://cp.cloudflare.com:443 "GET / HTTP/1.1" 204 0
08:31:40 [DEBUG] Starting new HTTPS connection (1): www.gstatic.com:443
08:31:40 [DEBUG] Starting new HTTPS connection (1): www.google.com:443
08:31:40 [DEBUG] https://www.gstatic.com:443 "GET /generate_204 HTTP/1.1" 204 0
08:31:40 [DEBUG] Starting new HTTPS connection (1): cp.cloudflare.com:443
08:31:40 [DEBUG] Starting new HTTPS connection (1): www.gstatic.com:443
08:31:40 [DEBUG] Starting new HTTPS connection (1): www.gstatic.com:443
08:31:40 [DEBUG] Starting new HTTPS connection (1): dl.google.com:443
08:31:40 [DEBUG] Starting new HTTPS connection (1): www.google.com:443
08:31:40 [DEBUG] https://www.google.com:443 "GET /generate_204 HTTP/1.1" 204 0
08:31:40 [DEBUG] Starting new HTTPS connection (1): cp.cloudflare.com:443
08:31:41 [DEBUG] https://www.gstatic.com:443 "GET /generate_204 HTTP/1.1" 204 0
08:31:41 [DEBUG] Starting new HTTPS connection (1): www.google.com:443
08:31:41 [DEBUG] https://dl.google.com:443 "GET /dl/android/studio/install/3.4.1.0/android-studio-ide-183.5522156-windows.exe HTTP/1.1" 404 1449
08:31:41 [INFO]    🎯 94.232.247.168 (Молдова) - 0.0Mbps, 1329ms UDP✅ Reality [yahoo.com]
08:31:41 [DEBUG] Starting new HTTPS connection (1): www.google.com:443
08:31:41 [DEBUG] Starting new HTTPS connection (1): cp.cloudflare.com:443
08:31:41 [DEBUG] https://cp.cloudflare.com:443 "GET / HTTP/1.1" 204 0
08:31:41 [DEBUG] Starting new HTTPS connection (1): www.gstatic.com:443
08:31:41 [DEBUG] Starting new HTTPS connection (1): www.gstatic.com:443
08:31:41 [DEBUG] Starting new HTTPS connection (1): www.google.com:443
08:31:41 [DEBUG] Starting new HTTPS connection (1): cp.cloudflare.com:443
08:31:41 [DEBUG] Starting new HTTPS connection (1): www.gstatic.com:443
08:31:42 [DEBUG] Starting new HTTPS connection (1): www.google.com:443
08:31:42 [DEBUG] Starting new HTTPS connection (1): www.google.com:443
08:31:42 [DEBUG] Starting new HTTPS connection (1): cp.cloudflare.com:443
08:31:42 [DEBUG] Starting new HTTPS connection (1): www.gstatic.com:443
08:31:42 [DEBUG] Starting new HTTPS connection (1): www.google.com:443
08:31:42 [DEBUG] Starting new HTTPS connection (1): cp.cloudflare.com:443
08:31:42 [DEBUG] Starting new HTTPS connection (1): cp.cloudflare.com:443
08:31:42 [INFO]    📊 Global: 40/400 (10%) | ✅13 ❌27
08:31:42 [DEBUG] Starting new HTTPS connection (1): www.gstatic.com:443
08:31:43 [DEBUG] Starting new HTTPS connection (1): www.google.com:443
08:31:43 [DEBUG] Starting new HTTPS connection (1): www.google.com:443
08:31:43 [DEBUG] Starting new HTTPS connection (1): www.gstatic.com:443
08:31:43 [DEBUG] Starting new HTTPS connection (1): cp.cloudflare.com:443
08:31:43 [DEBUG] Starting new HTTPS connection (1): cp.cloudflare.com:443
08:31:43 [DEBUG] Starting new HTTPS connection (1): dl.google.com:443
08:31:44 [DEBUG] Starting new HTTPS connection (1): www.google.com:443
08:31:44 [DEBUG] Starting new HTTPS connection (1): www.google.com:443
08:31:45 [DEBUG] Starting new HTTPS connection (1): www.google.com:443
08:31:45 [DEBUG] Starting new HTTPS connection (1): cp.cloudflare.com:443
08:31:45 [DEBUG] https://www.google.com:443 "GET /generate_204 HTTP/1.1" 204 0
08:31:45 [DEBUG] Starting new HTTPS connection (1): cp.cloudflare.com:443
08:31:45 [DEBUG] Starting new HTTPS connection (1): www.google.com:443
08:31:45 [DEBUG] Starting new HTTPS connection (1): www.gstatic.com:443
08:31:45 [DEBUG] https://www.google.com:443 "GET /generate_204 HTTP/1.1" 204 0
08:31:45 [DEBUG] Starting new HTTPS connection (1): cp.cloudflare.com:443
08:31:45 [DEBUG] Starting new HTTPS connection (1): www.gstatic.com:443
08:31:46 [DEBUG] Starting new HTTPS connection (1): cp.cloudflare.com:443
08:31:46 [DEBUG] https://cp.cloudflare.com:443 "GET / HTTP/1.1" 204 0
08:31:46 [DEBUG] Starting new HTTPS connection (1): www.gstatic.com:443
08:31:46 [DEBUG] Starting new HTTPS connection (1): www.google.com:443
08:31:46 [DEBUG] https://cp.cloudflare.com:443 "GET / HTTP/1.1" 204 0
08:31:46 [DEBUG] Starting new HTTPS connection (1): www.gstatic.com:443
08:31:47 [DEBUG] Starting new HTTPS connection (1): cp.cloudflare.com:443
08:31:47 [DEBUG] Starting new HTTPS connection (1): cp.cloudflare.com:443
08:31:47 [DEBUG] Starting new HTTPS connection (1): www.gstatic.com:443
08:31:47 [DEBUG] Starting new HTTPS connection (1): www.gstatic.com:443
08:31:47 [DEBUG] https://www.gstatic.com:443 "GET /generate_204 HTTP/1.1" 204 0
08:31:48 [DEBUG] https://dl.google.com:443 "GET /dl/android/studio/install/3.4.1.0/android-studio-ide-183.5522156-windows.exe HTTP/1.1" 404 1449
08:31:48 [INFO]    🎯 140.238.100.35 (Британия) - 0.0Mbps, 5618ms UDP✅ Reality [yahoo.com]
08:31:48 [DEBUG] https://www.gstatic.com:443 "GET /generate_204 HTTP/1.1" 204 0
08:31:48 [DEBUG] Starting new HTTPS connection (1): www.google.com:443
08:31:48 [DEBUG] Starting new HTTPS connection (1): www.gstatic.com:443
08:31:48 [DEBUG] Starting new HTTPS connection (1): dl.google.com:443
08:31:49 [DEBUG] Starting new HTTPS connection (1): dl.google.com:443
08:31:49 [DEBUG] Starting new HTTPS connection (1): www.google.com:443
08:31:49 [DEBUG] Starting new HTTPS connection (1): www.google.com:443
08:31:49 [DEBUG] Starting new HTTPS connection (1): dl.google.com:443
08:31:49 [DEBUG] Starting new HTTPS connection (1): www.google.com:443
08:31:49 [DEBUG] https://dl.google.com:443 "GET /dl/android/studio/install/3.4.1.0/android-studio-ide-183.5522156-windows.exe HTTP/1.1" 404 1449
08:31:49 [INFO]    🎯 83.222.23.81 (KZ) - 0.0Mbps, 1263ms UDP✅ Reality [yahoo.com]
08:31:49 [DEBUG] Starting new HTTPS connection (1): cp.cloudflare.com:443
08:31:50 [DEBUG] Starting new HTTPS connection (1): www.gstatic.com:443
08:31:50 [DEBUG] Starting new HTTPS connection (1): cp.cloudflare.com:443
08:31:50 [DEBUG] Starting new HTTPS connection (1): cp.cloudflare.com:443
08:31:50 [DEBUG] Starting new HTTPS connection (1): www.gstatic.com:443
08:31:50 [DEBUG] https://dl.google.com:443 "GET /dl/android/studio/install/3.4.1.0/android-studio-ide-183.5522156-windows.exe HTTP/1.1" 200 1017327996
08:31:50 [DEBUG] Starting new HTTPS connection (1): www.gstatic.com:443
08:31:51 [DEBUG] Starting new HTTPS connection (1): www.google.com:443
08:31:51 [DEBUG] https://www.google.com:443 "GET /generate_204 HTTP/1.1" 204 0
08:31:51 [DEBUG] Starting new HTTPS connection (1): cp.cloudflare.com:443
08:31:51 [INFO]    🎯 109.248.170.119 (KZ) - 5.7Mbps, 1302ms UDP✅ Reality [yahoo.com]
08:31:51 [DEBUG] https://cp.cloudflare.com:443 "GET / HTTP/1.1" 204 0
08:31:51 [DEBUG] Starting new HTTPS connection (1): www.gstatic.com:443
08:31:51 [DEBUG] https://www.gstatic.com:443 "GET /generate_204 HTTP/1.1" 204 0
08:31:51 [DEBUG] https://www.google.com:443 "GET /generate_204 HTTP/1.1" 204 0
08:31:51 [DEBUG] Starting new HTTPS connection (1): cp.cloudflare.com:443
08:31:51 [DEBUG] Starting new HTTPS connection (1): dl.google.com:443
08:31:51 [DEBUG] https://dl.google.com:443 "GET /dl/android/studio/install/3.4.1.0/android-studio-ide-183.5522156-windows.exe HTTP/1.1" 200 1017327996
08:31:52 [DEBUG] Starting new HTTPS connection (1): www.google.com:443
08:31:52 [DEBUG] Starting new HTTPS connection (1): www.google.com:443
08:31:52 [DEBUG] Starting new HTTPS connection (1): cp.cloudflare.com:443
08:31:52 [DEBUG] Starting new HTTPS connection (1): www.gstatic.com:443
08:31:52 [DEBUG] https://cp.cloudflare.com:443 "GET / HTTP/1.1" 204 0
08:31:52 [DEBUG] Starting new HTTPS connection (1): www.gstatic.com:443
08:31:53 [DEBUG] Starting new HTTPS connection (1): www.google.com:443
08:31:53 [DEBUG] https://www.google.com:443 "GET /generate_204 HTTP/1.1" 204 0
08:31:53 [DEBUG] Starting new HTTPS connection (1): cp.cloudflare.com:443
08:31:53 [DEBUG] Starting new HTTPS connection (1): cp.cloudflare.com:443
08:31:53 [DEBUG] https://cp.cloudflare.com:443 "GET / HTTP/1.1" 204 0
08:31:53 [DEBUG] Starting new HTTPS connection (1): www.gstatic.com:443
08:31:53 [DEBUG] https://www.gstatic.com:443 "GET /generate_204 HTTP/1.1" 204 0
08:31:53 [DEBUG] Starting new HTTPS connection (1): www.google.com:443
08:31:54 [DEBUG] Starting new HTTPS connection (1): dl.google.com:443
08:31:54 [DEBUG] https://dl.google.com:443 "GET /dl/android/studio/install/3.4.1.0/android-studio-ide-183.5522156-windows.exe HTTP/1.1" 200 1017327996
08:31:54 [DEBUG] Starting new HTTPS connection (1): cp.cloudflare.com:443
08:31:54 [INFO]    🎯 pl.griffon-guard.com (XX) - 29.7Mbps, 256ms UDP✅ Reality [apple.com]
08:31:54 [DEBUG] Starting new HTTPS connection (1): www.gstatic.com:443
08:31:54 [DEBUG] Starting new HTTPS connection (1): www.google.com:443
08:31:54 [DEBUG] Starting new HTTPS connection (1): www.google.com:443
08:31:54 [DEBUG] https://www.google.com:443 "GET /generate_204 HTTP/1.1" 204 0
08:31:54 [DEBUG] Starting new HTTPS connection (1): cp.cloudflare.com:443
08:31:55 [DEBUG] https://www.gstatic.com:443 "GET /generate_204 HTTP/1.1" 204 0
08:31:55 [DEBUG] Starting new HTTPS connection (1): www.gstatic.com:443
08:31:55 [INFO]    🎯 ten5.astralweb.tech (XX) - 0.0Mbps, 285ms UDP❌ Reality [apple.com]
08:31:55 [DEBUG] https://cp.cloudflare.com:443 "GET / HTTP/1.1" 204 0
08:31:55 [DEBUG] Starting new HTTPS connection (1): www.gstatic.com:443
08:31:55 [DEBUG] Starting new HTTPS connection (1): www.google.com:443
08:31:55 [DEBUG] https://www.gstatic.com:443 "GET /generate_204 HTTP/1.1" 204 0
08:31:55 [DEBUG] Starting new HTTPS connection (1): dl.google.com:443
08:31:56 [DEBUG] https://dl.google.com:443 "GET /dl/android/studio/install/3.4.1.0/android-studio-ide-183.5522156-windows.exe HTTP/1.1" 404 1449
08:31:56 [INFO]    🎯 65.108.108.151 (Финляндия) - 0.0Mbps, 320ms UDP✅ Reality [fit.jojack.ru]
08:31:56 [DEBUG] Starting new HTTPS connection (1): www.google.com:443
08:31:56 [DEBUG] Starting new HTTPS connection (1): cp.cloudflare.com:443
08:31:56 [DEBUG] Starting new HTTPS connection (1): dl.google.com:443
08:31:56 [DEBUG] Starting new HTTPS connection (1): www.gstatic.com:443
08:31:56 [DEBUG] Starting new HTTPS connection (1): www.google.com:443
08:31:56 [DEBUG] Starting new HTTPS connection (1): cp.cloudflare.com:443
08:31:56 [DEBUG] Starting new HTTPS connection (1): www.gstatic.com:443
08:31:57 [DEBUG] Starting new HTTPS connection (1): www.google.com:443
08:31:57 [DEBUG] https://www.google.com:443 "GET /generate_204 HTTP/1.1" 204 0
08:31:57 [DEBUG] Starting new HTTPS connection (1): cp.cloudflare.com:443
08:31:57 [DEBUG] https://cp.cloudflare.com:443 "GET / HTTP/1.1" 204 0
08:31:57 [DEBUG] Starting new HTTPS connection (1): www.gstatic.com:443
08:31:57 [DEBUG] https://www.gstatic.com:443 "GET /generate_204 HTTP/1.1" 204 0
08:31:57 [DEBUG] Starting new HTTPS connection (1): cp.cloudflare.com:443
08:31:57 [DEBUG] Starting new HTTPS connection (1): www.google.com:443
08:31:58 [DEBUG] Starting new HTTPS connection (1): www.google.com:443
08:31:58 [DEBUG] https://www.google.com:443 "GET /generate_204 HTTP/1.1" 204 0
08:31:58 [DEBUG] Starting new HTTPS connection (1): cp.cloudflare.com:443
08:31:58 [DEBUG] https://cp.cloudflare.com:443 "GET / HTTP/1.1" 204 0
08:31:58 [DEBUG] Starting new HTTPS connection (1): www.gstatic.com:443
08:31:58 [DEBUG] https://www.gstatic.com:443 "GET /generate_204 HTTP/1.1" 204 0
08:31:58 [DEBUG] Starting new HTTPS connection (1): dl.google.com:443
08:31:58 [DEBUG] https://dl.google.com:443 "GET /dl/android/studio/install/3.4.1.0/android-studio-ide-183.5522156-windows.exe HTTP/1.1" 200 1017327996
08:31:58 [INFO]    🎯 89.169.55.246 (Германия) - 72.6Mbps, 38ms UDP✅ Reality [krakenlabs.ru]
08:31:58 [DEBUG] Starting new HTTPS connection (1): www.gstatic.com:443
08:31:58 [DEBUG] https://www.google.com:443 "GET /generate_204 HTTP/1.1" 204 0
08:31:58 [DEBUG] Starting new HTTPS connection (1): cp.cloudflare.com:443
08:31:59 [DEBUG] https://www.gstatic.com:443 "GET /generate_204 HTTP/1.1" 204 0
08:31:59 [DEBUG] Starting new HTTPS connection (1): www.google.com:443
08:31:59 [DEBUG] https://www.google.com:443 "GET /generate_204 HTTP/1.1" 204 0
08:31:59 [DEBUG] Starting new HTTPS connection (1): cp.cloudflare.com:443
08:31:59 [DEBUG] https://cp.cloudflare.com:443 "GET / HTTP/1.1" 204 0
08:31:59 [DEBUG] Starting new HTTPS connection (1): www.gstatic.com:443
08:31:59 [DEBUG] https://www.gstatic.com:443 "GET /generate_204 HTTP/1.1" 204 0
08:31:59 [DEBUG] Starting new HTTPS connection (1): dl.google.com:443
08:31:59 [DEBUG] https://dl.google.com:443 "GET /dl/android/studio/install/3.4.1.0/android-studio-ide-183.5522156-windows.exe HTTP/1.1" 200 1017327996
08:32:00 [INFO]    🎯 57.129.53.181 (Германия) - 82.7Mbps, 41ms UDP✅ Reality [fuck.rkn]
08:32:00 [DEBUG] Starting new HTTPS connection (1): dl.google.com:443
08:32:00 [DEBUG] https://www.google.com:443 "GET /generate_204 HTTP/1.1" 204 0
08:32:00 [DEBUG] Starting new HTTPS connection (1): cp.cloudflare.com:443
08:32:00 [DEBUG] https://dl.google.com:443 "GET /dl/android/studio/install/3.4.1.0/android-studio-ide-183.5522156-windows.exe HTTP/1.1" 200 1017327996
08:32:00 [INFO]    🎯 57.129.53.182 (Германия) - 54.9Mbps, 37ms UDP❌ Reality [fuck.rkn]
08:32:00 [DEBUG] https://cp.cloudflare.com:443 "GET / HTTP/1.1" 204 0
08:32:00 [DEBUG] Starting new HTTPS connection (1): www.gstatic.com:443
08:32:00 [DEBUG] Starting new HTTPS connection (1): www.google.com:443
08:32:01 [DEBUG] https://cp.cloudflare.com:443 "GET / HTTP/1.1" 204 0
08:32:01 [DEBUG] Starting new HTTPS connection (1): www.gstatic.com:443
08:32:01 [DEBUG] Starting new HTTPS connection (1): www.google.com:443
08:32:01 [DEBUG] Starting new HTTPS connection (1): cp.cloudflare.com:443
08:32:01 [DEBUG] Starting new HTTPS connection (1): www.gstatic.com:443
08:32:01 [DEBUG] Starting new HTTPS connection (1): www.google.com:443
08:32:01 [DEBUG] Starting new HTTPS connection (1): www.google.com:443
08:32:01 [DEBUG] Starting new HTTPS connection (1): cp.cloudflare.com:443
08:32:01 [DEBUG] Starting new HTTPS connection (1): www.gstatic.com:443
08:32:02 [INFO]    🎯 38.60.212.251 (JP) - 0.0Mbps, 1931ms UDP✅ Reality [mensura.cdn-apple.co]
08:32:02 [DEBUG] Starting new HTTPS connection (1): www.gstatic.com:443
08:32:02 [DEBUG] Starting new HTTPS connection (1): www.google.com:443
08:32:02 [DEBUG] Starting new HTTPS connection (1): cp.cloudflare.com:443
08:32:03 [DEBUG] Starting new HTTPS connection (1): www.google.com:443
08:32:03 [DEBUG] https://www.gstatic.com:443 "GET /generate_204 HTTP/1.1" 204 0
08:32:03 [DEBUG] Starting new HTTPS connection (1): www.google.com:443
08:32:03 [DEBUG] Starting new HTTPS connection (1): cp.cloudflare.com:443
08:32:03 [DEBUG] Starting new HTTPS connection (1): www.gstatic.com:443
08:32:03 [DEBUG] Starting new HTTPS connection (1): cp.cloudflare.com:443
08:32:04 [DEBUG] https://www.gstatic.com:443 "GET /generate_204 HTTP/1.1" 204 0
08:32:04 [DEBUG] Starting new HTTPS connection (1): dl.google.com:443
08:32:04 [DEBUG] Starting new HTTPS connection (1): cp.cloudflare.com:443
08:32:04 [DEBUG] Starting new HTTPS connection (1): www.google.com:443
08:32:04 [DEBUG] Starting new HTTPS connection (1): dl.google.com:443
08:32:05 [DEBUG] Starting new HTTPS connection (1): cp.cloudflare.com:443
08:32:05 [DEBUG] https://www.google.com:443 "GET /generate_204 HTTP/1.1" 204 0
08:32:05 [DEBUG] Starting new HTTPS connection (1): cp.cloudflare.com:443
08:32:05 [DEBUG] https://cp.cloudflare.com:443 "GET / HTTP/1.1" 204 0
08:32:05 [DEBUG] Starting new HTTPS connection (1): www.gstatic.com:443
08:32:05 [DEBUG] https://www.gstatic.com:443 "GET /generate_204 HTTP/1.1" 204 0
08:32:05 [DEBUG] Starting new HTTPS connection (1): dl.google.com:443
08:32:05 [DEBUG] https://dl.google.com:443 "GET /dl/android/studio/install/3.4.1.0/android-studio-ide-183.5522156-windows.exe HTTP/1.1" 200 1017327996
08:32:05 [DEBUG] Starting new HTTPS connection (1): www.gstatic.com:443
08:32:05 [INFO]    🎯 51.158.206.93 (Нидерланды) - 65.1Mbps, 209ms UDP✅ Reality [fuck.rkn]
08:32:05 [DEBUG] Starting new HTTPS connection (1): cp.cloudflare.com:443
08:32:05 [DEBUG] Starting new HTTPS connection (1): www.gstatic.com:443
08:32:06 [INFO]    🎯 185.21.14.122 (Нидерланды) - 0.9Mbps, 171ms UDP✅ Reality [apple.com]
08:32:06 [DEBUG] Starting new HTTPS connection (1): www.gstatic.com:443
08:32:06 [DEBUG] https://dl.google.com:443 "GET /dl/android/studio/install/3.4.1.0/android-studio-ide-183.5522156-windows.exe HTTP/1.1" 404 1449
08:32:06 [INFO]    🎯 hk.griffon-guard.com (XX) - 0.0Mbps, 2895ms UDP✅ Reality [yahoo.com]
08:32:06 [DEBUG] Starting new HTTPS connection (1): www.google.com:443
08:32:07 [DEBUG] https://www.google.com:443 "GET /generate_204 HTTP/1.1" 204 0
08:32:07 [DEBUG] Starting new HTTPS connection (1): cp.cloudflare.com:443
08:32:07 [DEBUG] https://cp.cloudflare.com:443 "GET / HTTP/1.1" 204 0
08:32:07 [DEBUG] Starting new HTTPS connection (1): www.gstatic.com:443
08:32:07 [DEBUG] Starting new HTTPS connection (1): www.gstatic.com:443
08:32:07 [DEBUG] https://www.gstatic.com:443 "GET /generate_204 HTTP/1.1" 204 0
08:32:07 [DEBUG] Starting new HTTPS connection (1): dl.google.com:443
08:32:07 [DEBUG] https://dl.google.com:443 "GET /dl/android/studio/install/3.4.1.0/android-studio-ide-183.5522156-windows.exe HTTP/1.1" 200 1017327996
08:32:07 [INFO]    🎯 51.158.206.98 (Нидерланды) - 50.9Mbps, 102ms UDP✅ Reality [fuck.rkn]
08:32:07 [DEBUG] Starting new HTTPS connection (1): www.gstatic.com:443
08:32:07 [DEBUG] Starting new HTTPS connection (1): www.google.com:443
08:32:07 [DEBUG] https://www.google.com:443 "GET /generate_204 HTTP/1.1" 204 0
08:32:07 [DEBUG] Starting new HTTPS connection (1): cp.cloudflare.com:443
08:32:08 [DEBUG] Starting new HTTPS connection (1): www.google.com:443
08:32:08 [DEBUG] https://dl.google.com:443 "GET /dl/android/studio/install/3.4.1.0/android-studio-ide-183.5522156-windows.exe HTTP/1.1" 200 1017327996
08:32:08 [INFO]    🎯 62.60.150.128 (Швеция) - 3.2Mbps, 2564ms UDP✅ Reality [stackoverflow.com]
08:32:08 [DEBUG] https://www.google.com:443 "GET /generate_204 HTTP/1.1" 204 0
08:32:08 [DEBUG] Starting new HTTPS connection (1): cp.cloudflare.com:443
08:32:08 [DEBUG] Starting new HTTPS connection (1): www.google.com:443
08:32:08 [DEBUG] Starting new HTTPS connection (1): www.google.com:443
08:32:08 [DEBUG] https://www.google.com:443 "GET /generate_204 HTTP/1.1" 204 0
08:32:08 [DEBUG] Starting new HTTPS connection (1): cp.cloudflare.com:443
08:32:08 [DEBUG] https://cp.cloudflare.com:443 "GET / HTTP/1.1" 204 0
08:32:08 [DEBUG] Starting new HTTPS connection (1): www.gstatic.com:443
08:32:08 [DEBUG] https://cp.cloudflare.com:443 "GET / HTTP/1.1" 204 0
08:32:08 [DEBUG] Starting new HTTPS connection (1): www.gstatic.com:443
08:32:08 [DEBUG] Starting new HTTPS connection (1): www.google.com:443
08:32:08 [DEBUG] https://www.gstatic.com:443 "GET /generate_204 HTTP/1.1" 204 0
08:32:08 [DEBUG] Starting new HTTPS connection (1): dl.google.com:443
08:32:09 [DEBUG] https://dl.google.com:443 "GET /dl/android/studio/install/3.4.1.0/android-studio-ide-183.5522156-windows.exe HTTP/1.1" 200 1017327996
08:32:09 [INFO]    🎯 51.158.206.103 (Нидерланды) - 54.1Mbps, 79ms UDP✅ Reality [fuck.rkn]
08:32:09 [INFO]    📊 Global: 80/400 (20%) | ✅29 ❌51
08:32:09 [DEBUG] https://www.gstatic.com:443 "GET /generate_204 HTTP/1.1" 204 0
08:32:09 [DEBUG] Starting new HTTPS connection (1): www.google.com:443
08:32:09 [DEBUG] Starting new HTTPS connection (1): www.google.com:443
08:32:09 [DEBUG] https://www.google.com:443 "GET /generate_204 HTTP/1.1" 204 0
08:32:09 [DEBUG] Starting new HTTPS connection (1): cp.cloudflare.com:443
08:32:09 [DEBUG] https://cp.cloudflare.com:443 "GET / HTTP/1.1" 204 0
08:32:09 [DEBUG] Starting new HTTPS connection (1): www.gstatic.com:443
08:32:10 [DEBUG] https://www.gstatic.com:443 "GET /generate_204 HTTP/1.1" 204 0
08:32:10 [DEBUG] https://www.google.com:443 "GET /generate_204 HTTP/1.1" 204 0
08:32:10 [DEBUG] Starting new HTTPS connection (1): cp.cloudflare.com:443
08:32:10 [DEBUG] Starting new HTTPS connection (1): dl.google.com:443
08:32:10 [DEBUG] https://cp.cloudflare.com:443 "GET / HTTP/1.1" 204 0
08:32:10 [DEBUG] Starting new HTTPS connection (1): www.gstatic.com:443
08:32:10 [DEBUG] https://cp.cloudflare.com:443 "GET / HTTP/1.1" 204 0
08:32:10 [DEBUG] Starting new HTTPS connection (1): www.gstatic.com:443
08:32:10 [DEBUG] https://dl.google.com:443 "GET /dl/android/studio/install/3.4.1.0/android-studio-ide-183.5522156-windows.exe HTTP/1.1" 200 1017327996
08:32:10 [DEBUG] Starting new HTTPS connection (1): www.google.com:443
08:32:10 [DEBUG] https://www.gstatic.com:443 "GET /generate_204 HTTP/1.1" 204 0
08:32:10 [DEBUG] Starting new HTTPS connection (1): www.google.com:443
08:32:10 [INFO]    🎯 152.53.51.199 (Австрия) - 47.4Mbps, 121ms UDP✅ Reality [au.denditop.site]
08:32:10 [DEBUG] Starting new HTTPS connection (1): dl.google.com:443
08:32:10 [DEBUG] Starting new HTTPS connection (1): dl.google.com:443
08:32:10 [DEBUG] https://www.gstatic.com:443 "GET /generate_204 HTTP/1.1" 204 0
08:32:10 [DEBUG] https://dl.google.com:443 "GET /dl/android/studio/install/3.4.1.0/android-studio-ide-183.5522156-windows.exe HTTP/1.1" 200 1017327996
08:32:10 [DEBUG] https://www.google.com:443 "GET /generate_204 HTTP/1.1" 204 0
08:32:10 [DEBUG] Starting new HTTPS connection (1): cp.cloudflare.com:443
08:32:10 [INFO]    🎯 144.31.198.228 (Германия) - 52.6Mbps, 240ms UDP✅ Reality [canva.com]
08:32:10 [DEBUG] https://cp.cloudflare.com:443 "GET / HTTP/1.1" 204 0
08:32:10 [DEBUG] Starting new HTTPS connection (1): www.gstatic.com:443
08:32:10 [DEBUG] Starting new HTTPS connection (1): dl.google.com:443
08:32:11 [DEBUG] Starting new HTTPS connection (1): cp.cloudflare.com:443
08:32:11 [DEBUG] https://www.gstatic.com:443 "GET /generate_204 HTTP/1.1" 204 0
08:32:11 [DEBUG] https://dl.google.com:443 "GET /dl/android/studio/install/3.4.1.0/android-studio-ide-183.5522156-windows.exe HTTP/1.1" 200 1017327996
08:32:11 [DEBUG] https://dl.google.com:443 "GET /dl/android/studio/install/3.4.1.0/android-studio-ide-183.5522156-windows.exe HTTP/1.1" 200 1017327996
08:32:11 [DEBUG] Starting new HTTPS connection (1): dl.google.com:443
08:32:11 [INFO]    🎯 51.158.206.80 (Нидерланды) - 14.0Mbps, 639ms UDP✅ Reality [fuck.rkn]
08:32:11 [DEBUG] Starting new HTTPS connection (1): www.google.com:443
08:32:11 [DEBUG] https://dl.google.com:443 "GET /dl/android/studio/install/3.4.1.0/android-studio-ide-183.5522156-windows.exe HTTP/1.1" 200 1017327996
08:32:11 [DEBUG] Starting new HTTPS connection (1): www.google.com:443
08:32:12 [DEBUG] Starting new HTTPS connection (1): www.google.com:443
08:32:12 [INFO]    🎯 138.124.79.9 (Нидерланды) - 18.8Mbps, 260ms UDP✅ Reality [sun6-21.userapi.com]
08:32:12 [DEBUG] https://www.google.com:443 "GET /generate_204 HTTP/1.1" 204 0
08:32:12 [DEBUG] Starting new HTTPS connection (1): cp.cloudflare.com:443
08:32:12 [DEBUG] https://cp.cloudflare.com:443 "GET / HTTP/1.1" 204 0
08:32:12 [DEBUG] Starting new HTTPS connection (1): www.gstatic.com:443
08:32:12 [DEBUG] https://www.gstatic.com:443 "GET /generate_204 HTTP/1.1" 204 0
08:32:12 [DEBUG] Starting new HTTPS connection (1): dl.google.com:443
08:32:12 [DEBUG] https://www.google.com:443 "GET /generate_204 HTTP/1.1" 204 0
08:32:12 [DEBUG] Starting new HTTPS connection (1): cp.cloudflare.com:443
08:32:12 [DEBUG] https://cp.cloudflare.com:443 "GET / HTTP/1.1" 204 0
08:32:12 [DEBUG] Starting new HTTPS connection (1): www.gstatic.com:443
08:32:12 [DEBUG] https://dl.google.com:443 "GET /dl/android/studio/install/3.4.1.0/android-studio-ide-183.5522156-windows.exe HTTP/1.1" 200 1017327996
08:32:12 [DEBUG] https://www.gstatic.com:443 "GET /generate_204 HTTP/1.1" 204 0
08:32:12 [DEBUG] Starting new HTTPS connection (1): dl.google.com:443
08:32:12 [DEBUG] Starting new HTTPS connection (1): www.google.com:443
08:32:12 [INFO]    🎯 195.26.224.102 (Нидерланды) - 38.1Mbps, 120ms UDP✅ Reality [vk.com]
08:32:12 [DEBUG] Starting new HTTPS connection (1): cp.cloudflare.com:443
08:32:12 [DEBUG] https://dl.google.com:443 "GET /dl/android/studio/install/3.4.1.0/android-studio-ide-183.5522156-windows.exe HTTP/1.1" 200 1017327996
08:32:12 [DEBUG] Starting new HTTPS connection (1): www.gstatic.com:443
08:32:13 [INFO]    🎯 195.26.224.112 (Нидерланды) - 25.9Mbps, 149ms UDP✅ Reality [vk.com]
08:32:13 [DEBUG] Starting new HTTPS connection (1): www.google.com:443
08:32:13 [DEBUG] https://www.google.com:443 "GET /generate_204 HTTP/1.1" 204 0
08:32:13 [DEBUG] Starting new HTTPS connection (1): cp.cloudflare.com:443
08:32:13 [DEBUG] https://cp.cloudflare.com:443 "GET / HTTP/1.1" 204 0
08:32:13 [DEBUG] Starting new HTTPS connection (1): www.gstatic.com:443
08:32:13 [DEBUG] Starting new HTTPS connection (1): cp.cloudflare.com:443
08:32:13 [DEBUG] Starting new HTTPS connection (1): www.google.com:443
08:32:13 [DEBUG] Starting new HTTPS connection (1): www.google.com:443
08:32:13 [DEBUG] https://www.gstatic.com:443 "GET /generate_204 HTTP/1.1" 204 0
08:32:14 [DEBUG] https://www.google.com:443 "GET /generate_204 HTTP/1.1" 204 0
08:32:14 [DEBUG] Starting new HTTPS connection (1): cp.cloudflare.com:443
08:32:14 [DEBUG] Starting new HTTPS connection (1): cp.cloudflare.com:443
08:32:14 [DEBUG] Starting new HTTPS connection (1): dl.google.com:443
08:32:14 [DEBUG] Starting new HTTPS connection (1): www.google.com:443
08:32:14 [DEBUG] Starting new HTTPS connection (1): cp.cloudflare.com:443
08:32:14 [DEBUG] Starting new HTTPS connection (1): www.gstatic.com:443
08:32:14 [DEBUG] https://cp.cloudflare.com:443 "GET / HTTP/1.1" 204 0
08:32:14 [DEBUG] Starting new HTTPS connection (1): www.gstatic.com:443
08:32:14 [DEBUG] Starting new HTTPS connection (1): www.gstatic.com:443
08:32:14 [DEBUG] Starting new HTTPS connection (1): www.google.com:443
08:32:14 [DEBUG] Starting new HTTPS connection (1): www.gstatic.com:443
08:32:14 [DEBUG] https://www.google.com:443 "GET /generate_204 HTTP/1.1" 204 0
08:32:14 [DEBUG] Starting new HTTPS connection (1): cp.cloudflare.com:443
08:32:14 [DEBUG] https://cp.cloudflare.com:443 "GET / HTTP/1.1" 204 0
08:32:14 [DEBUG] Starting new HTTPS connection (1): www.gstatic.com:443
08:32:14 [DEBUG] https://dl.google.com:443 "GET /dl/android/studio/install/3.4.1.0/android-studio-ide-183.5522156-windows.exe HTTP/1.1" 404 1449
08:32:14 [INFO]    🎯 77.83.203.186 (Турция) - 0.0Mbps, 225ms UDP✅ Reality [www.stackoverflow.co]
08:32:14 [DEBUG] https://www.gstatic.com:443 "GET /generate_204 HTTP/1.1" 204 0
08:32:14 [DEBUG] https://www.gstatic.com:443 "GET /generate_204 HTTP/1.1" 204 0
08:32:14 [DEBUG] Starting new HTTPS connection (1): dl.google.com:443
08:32:14 [DEBUG] Starting new HTTPS connection (1): dl.google.com:443
08:32:14 [DEBUG] https://dl.google.com:443 "GET /dl/android/studio/install/3.4.1.0/android-studio-ide-183.5522156-windows.exe HTTP/1.1" 200 1017327996
08:32:14 [DEBUG] https://dl.google.com:443 "GET /dl/android/studio/install/3.4.1.0/android-studio-ide-183.5522156-windows.exe HTTP/1.1" 200 1017327996
08:32:14 [INFO]    🎯 de4.socialup.live (XX) - 43.1Mbps, 171ms UDP✅ Reality [web.max.ru]
08:32:14 [INFO]    🎯 185.177.238.57 (AL) - 33.9Mbps, 74ms UDP✅ Reality [al.cdn.stun.su]
08:32:15 [DEBUG] Starting new HTTPS connection (1): cp.cloudflare.com:443
08:32:15 [DEBUG] Starting new HTTPS connection (1): www.google.com:443
08:32:15 [DEBUG] https://www.google.com:443 "GET /generate_204 HTTP/1.1" 204 0
08:32:15 [DEBUG] Starting new HTTPS connection (1): cp.cloudflare.com:443
08:32:15 [DEBUG] https://cp.cloudflare.com:443 "GET / HTTP/1.1" 204 0
08:32:15 [DEBUG] Starting new HTTPS connection (1): www.gstatic.com:443
08:32:15 [DEBUG] Starting new HTTPS connection (1): www.google.com:443
08:32:15 [DEBUG] https://www.gstatic.com:443 "GET /generate_204 HTTP/1.1" 204 0
08:32:15 [DEBUG] Starting new HTTPS connection (1): dl.google.com:443
08:32:15 [DEBUG] Starting new HTTPS connection (1): www.google.com:443
08:32:15 [DEBUG] https://dl.google.com:443 "GET /dl/android/studio/install/3.4.1.0/android-studio-ide-183.5522156-windows.exe HTTP/1.1" 200 1017327996
08:32:15 [INFO]    🎯 78.159.131.210 (AL) - 65.8Mbps, 73ms UDP✅ Reality [al.cdn.stun.su]
08:32:16 [DEBUG] Starting new HTTPS connection (1): www.google.com:443
08:32:16 [DEBUG] Starting new HTTPS connection (1): www.google.com:443
08:32:16 [DEBUG] https://www.google.com:443 "GET /generate_204 HTTP/1.1" 204 0
08:32:16 [DEBUG] Starting new HTTPS connection (1): cp.cloudflare.com:443
08:32:16 [DEBUG] https://cp.cloudflare.com:443 "GET / HTTP/1.1" 204 0
08:32:16 [DEBUG] Starting new HTTPS connection (1): www.gstatic.com:443
08:32:16 [DEBUG] https://www.google.com:443 "GET /generate_204 HTTP/1.1" 204 0
08:32:16 [DEBUG] Starting new HTTPS connection (1): cp.cloudflare.com:443
08:32:16 [DEBUG] https://www.gstatic.com:443 "GET /generate_204 HTTP/1.1" 204 0
08:32:16 [DEBUG] https://cp.cloudflare.com:443 "GET / HTTP/1.1" 204 0
08:32:16 [DEBUG] Starting new HTTPS connection (1): www.gstatic.com:443
08:32:16 [DEBUG] Starting new HTTPS connection (1): dl.google.com:443
08:32:16 [DEBUG] https://www.gstatic.com:443 "GET /generate_204 HTTP/1.1" 204 0
08:32:16 [DEBUG] Starting new HTTPS connection (1): dl.google.com:443
08:32:16 [DEBUG] https://dl.google.com:443 "GET /dl/android/studio/install/3.4.1.0/android-studio-ide-183.5522156-windows.exe HTTP/1.1" 200 1017327996
08:32:16 [INFO]    🎯 nl.mobilezahra.lat (XX) - 69.8Mbps, 79ms UDP✅ Reality [excoino.com]
08:32:16 [DEBUG] https://dl.google.com:443 "GET /dl/android/studio/install/3.4.1.0/android-studio-ide-183.5522156-windows.exe HTTP/1.1" 404 1449
08:32:16 [INFO]    🎯 partners.dissertationhelpspecialist.com (XX) - 0.0Mbps, 94ms UDP✅ Reality [tgju.org]
08:32:16 [DEBUG] Starting new HTTPS connection (1): cp.cloudflare.com:443
08:32:17 [DEBUG] Starting new HTTPS connection (1): www.google.com:443
08:32:17 [DEBUG] Starting new HTTPS connection (1): cp.cloudflare.com:443
08:32:17 [DEBUG] Starting new HTTPS connection (1): www.gstatic.com:443
08:32:17 [DEBUG] Starting new HTTPS connection (1): www.gstatic.com:443
08:32:17 [DEBUG] Starting new HTTPS connection (1): www.google.com:443
08:32:17 [DEBUG] Starting new HTTPS connection (1): www.google.com:443
08:32:17 [DEBUG] Starting new HTTPS connection (1): cp.cloudflare.com:443
08:32:17 [DEBUG] Starting new HTTPS connection (1): cp.cloudflare.com:443
08:32:18 [DEBUG] https://www.google.com:443 "GET /generate_204 HTTP/1.1" 204 0
08:32:18 [DEBUG] Starting new HTTPS connection (1): cp.cloudflare.com:443
08:32:18 [DEBUG] Starting new HTTPS connection (1): www.gstatic.com:443
08:32:18 [INFO]    🎯 89.208.105.162 (Нидерланды) - 1.6Mbps, 824ms UDP✅ Reality [stackoverflow.com]
08:32:18 [DEBUG] https://cp.cloudflare.com:443 "GET / HTTP/1.1" 204 0
08:32:18 [DEBUG] Starting new HTTPS connection (1): www.gstatic.com:443
08:32:19 [DEBUG] Starting new HTTPS connection (1): www.google.com:443
08:32:19 [DEBUG] Starting new HTTPS connection (1): cp.cloudflare.com:443
08:32:19 [DEBUG] Starting new HTTPS connection (1): www.gstatic.com:443
08:32:19 [DEBUG] https://www.gstatic.com:443 "GET /generate_204 HTTP/1.1" 204 0
08:32:19 [DEBUG] Starting new HTTPS connection (1): www.gstatic.com:443
08:32:20 [DEBUG] Starting new HTTPS connection (1): www.gstatic.com:443
08:32:20 [DEBUG] Starting new HTTPS connection (1): cp.cloudflare.com:443
08:32:20 [DEBUG] Starting new HTTPS connection (1): www.google.com:443
08:32:20 [DEBUG] Starting new HTTPS connection (1): dl.google.com:443
08:32:20 [DEBUG] Starting new HTTPS connection (1): www.google.com:443
08:32:20 [DEBUG] Starting new HTTPS connection (1): cp.cloudflare.com:443
08:32:20 [DEBUG] Starting new HTTPS connection (1): www.google.com:443
08:32:20 [DEBUG] Starting new HTTPS connection (1): www.google.com:443
08:32:20 [DEBUG] Starting new HTTPS connection (1): www.gstatic.com:443
08:32:20 [DEBUG] Starting new HTTPS connection (1): cp.cloudflare.com:443
08:32:20 [DEBUG] Starting new HTTPS connection (1): cp.cloudflare.com:443
08:32:20 [DEBUG] Starting new HTTPS connection (1): www.gstatic.com:443
08:32:20 [DEBUG] https://dl.google.com:443 "GET /dl/android/studio/install/3.4.1.0/android-studio-ide-183.5522156-windows.exe HTTP/1.1" 200 1017327996
08:32:20 [DEBUG] Starting new HTTPS connection (1): www.gstatic.com:443
08:32:21 [INFO]    🎯 panelsaf.netvip1.ru (XX) - 14.1Mbps, 714ms UDP✅ Reality [refersion.com]
08:32:21 [DEBUG] Starting new HTTPS connection (1): www.gstatic.com:443
08:32:22 [DEBUG] Starting new HTTPS connection (1): www.google.com:443
08:32:22 [DEBUG] Starting new HTTPS connection (1): www.google.com:443
08:32:22 [DEBUG] Starting new HTTPS connection (1): cp.cloudflare.com:443
08:32:22 [DEBUG] Starting new HTTPS connection (1): www.gstatic.com:443
08:32:22 [DEBUG] Starting new HTTPS connection (1): www.gstatic.com:443
08:32:22 [DEBUG] Starting new HTTPS connection (1): www.google.com:443
08:32:22 [DEBUG] Starting new HTTPS connection (1): cp.cloudflare.com:443
08:32:22 [DEBUG] Starting new HTTPS connection (1): www.google.com:443
08:32:22 [DEBUG] Starting new HTTPS connection (1): www.gstatic.com:443
08:32:22 [DEBUG] Starting new HTTPS connection (1): cp.cloudflare.com:443
08:32:22 [DEBUG] Starting new HTTPS connection (1): www.gstatic.com:443
08:32:23 [DEBUG] Starting new HTTPS connection (1): www.google.com:443
08:32:23 [DEBUG] Starting new HTTPS connection (1): cp.cloudflare.com:443
08:32:23 [DEBUG] Starting new HTTPS connection (1): www.google.com:443
08:32:23 [DEBUG] Starting new HTTPS connection (1): www.gstatic.com:443
08:32:23 [DEBUG] Starting new HTTPS connection (1): cp.cloudflare.com:443
08:32:23 [DEBUG] Starting new HTTPS connection (1): www.google.com:443
08:32:23 [DEBUG] Starting new HTTPS connection (1): www.gstatic.com:443
08:32:23 [DEBUG] Starting new HTTPS connection (1): www.google.com:443
08:32:24 [DEBUG] Starting new HTTPS connection (1): www.google.com:443
08:32:24 [DEBUG] https://www.google.com:443 "GET /generate_204 HTTP/1.1" 204 0
08:32:24 [DEBUG] Starting new HTTPS connection (1): cp.cloudflare.com:443
08:32:24 [DEBUG] Starting new HTTPS connection (1): www.google.com:443
08:32:24 [DEBUG] Starting new HTTPS connection (1): cp.cloudflare.com:443
08:32:24 [DEBUG] Starting new HTTPS connection (1): www.google.com:443
08:32:25 [DEBUG] Starting new HTTPS connection (1): www.google.com:443
08:32:25 [DEBUG] Starting new HTTPS connection (1): cp.cloudflare.com:443
08:32:25 [DEBUG] Starting new HTTPS connection (1): cp.cloudflare.com:443
08:32:25 [DEBUG] Starting new HTTPS connection (1): www.gstatic.com:443
08:32:25 [DEBUG] https://cp.cloudflare.com:443 "GET / HTTP/1.1" 204 0
08:32:25 [DEBUG] Starting new HTTPS connection (1): www.gstatic.com:443
08:32:25 [DEBUG] Starting new HTTPS connection (1): cp.cloudflare.com:443
08:32:25 [DEBUG] Starting new HTTPS connection (1): www.google.com:443
08:32:25 [DEBUG] https://www.google.com:443 "GET /generate_204 HTTP/1.1" 204 0
08:32:25 [DEBUG] Starting new HTTPS connection (1): cp.cloudflare.com:443
08:32:25 [DEBUG] https://www.gstatic.com:443 "GET /generate_204 HTTP/1.1" 204 0
08:32:26 [DEBUG] https://www.google.com:443 "GET /generate_204 HTTP/1.1" 204 0
08:32:26 [DEBUG] Starting new HTTPS connection (1): cp.cloudflare.com:443
08:32:26 [DEBUG] Starting new HTTPS connection (1): www.gstatic.com:443
08:32:26 [DEBUG] Starting new HTTPS connection (1): dl.google.com:443
08:32:26 [DEBUG] https://cp.cloudflare.com:443 "GET / HTTP/1.1" 204 0
08:32:26 [DEBUG] Starting new HTTPS connection (1): www.gstatic.com:443
08:32:26 [DEBUG] Starting new HTTPS connection (1): www.google.com:443
08:32:26 [DEBUG] https://www.gstatic.com:443 "GET /generate_204 HTTP/1.1" 204 0
08:32:26 [DEBUG] Starting new HTTPS connection (1): dl.google.com:443
08:32:27 [DEBUG] https://www.google.com:443 "GET /generate_204 HTTP/1.1" 204 0
08:32:27 [DEBUG] Starting new HTTPS connection (1): cp.cloudflare.com:443
08:32:27 [DEBUG] https://dl.google.com:443 "GET /dl/android/studio/install/3.4.1.0/android-studio-ide-183.5522156-windows.exe HTTP/1.1" 200 1017327996
08:32:27 [DEBUG] https://dl.google.com:443 "GET /dl/android/studio/install/3.4.1.0/android-studio-ide-183.5522156-windows.exe HTTP/1.1" 200 1017327996
08:32:27 [DEBUG] https://cp.cloudflare.com:443 "GET / HTTP/1.1" 204 0
08:32:27 [DEBUG] Starting new HTTPS connection (1): www.gstatic.com:443
08:32:27 [DEBUG] Starting new HTTPS connection (1): www.gstatic.com:443
08:32:27 [DEBUG] Starting new HTTPS connection (1): www.google.com:443
08:32:27 [DEBUG] Starting new HTTPS connection (1): www.google.com:443
08:32:28 [INFO]    🎯 103.113.70.30 (Молдова) - 12.4Mbps, 354ms UDP✅ Reality [tradingview.com]
08:32:28 [DEBUG] https://www.gstatic.com:443 "GET /generate_204 HTTP/1.1" 204 0
08:32:28 [DEBUG] https://www.google.com:443 "GET /generate_204 HTTP/1.1" 204 0
08:32:28 [DEBUG] Starting new HTTPS connection (1): cp.cloudflare.com:443
08:32:28 [DEBUG] Starting new HTTPS connection (1): dl.google.com:443
08:32:28 [DEBUG] Starting new HTTPS connection (1): cp.cloudflare.com:443
08:32:28 [DEBUG] https://cp.cloudflare.com:443 "GET / HTTP/1.1" 204 0
08:32:28 [DEBUG] Starting new HTTPS connection (1): cp.cloudflare.com:443
08:32:28 [DEBUG] Starting new HTTPS connection (1): www.gstatic.com:443
08:32:28 [DEBUG] Starting new HTTPS connection (1): cp.cloudflare.com:443
08:32:28 [DEBUG] https://www.gstatic.com:443 "GET /generate_204 HTTP/1.1" 204 0
08:32:29 [DEBUG] Starting new HTTPS connection (1): www.gstatic.com:443
08:32:29 [DEBUG] https://dl.google.com:443 "GET /dl/android/studio/install/3.4.1.0/android-studio-ide-183.5522156-windows.exe HTTP/1.1" 200 1017327996
08:32:29 [DEBUG] Starting new HTTPS connection (1): dl.google.com:443
08:32:29 [DEBUG] Starting new HTTPS connection (1): www.google.com:443
08:32:29 [INFO]    🎯 ilta-wzxrxkdhbjpnprhkkpplsjwawhssvollvxzdhqshiqckwdgrdm.orbnet.xyz (XX) - 4.3Mbps, 637ms UDP✅ Reality [i2pd.website]
08:32:29 [INFO]    📊 Global: 120/400 (30%) | ✅45 ❌75
08:32:29 [DEBUG] https://www.google.com:443 "GET /generate_204 HTTP/1.1" 204 0
08:32:29 [DEBUG] Starting new HTTPS connection (1): cp.cloudflare.com:443
08:32:30 [INFO]    🎯 94.131.101.203 (Молдова) - 7.9Mbps, 486ms UDP✅ Reality [tradingview.com]
08:32:30 [DEBUG] https://dl.google.com:443 "GET /dl/android/studio/install/3.4.1.0/android-studio-ide-183.5522156-windows.exe HTTP/1.1" 200 1017327996
08:32:30 [DEBUG] Starting new HTTPS connection (1): www.gstatic.com:443
08:32:30 [DEBUG] https://cp.cloudflare.com:443 "GET / HTTP/1.1" 204 0
08:32:30 [DEBUG] Starting new HTTPS connection (1): www.gstatic.com:443
08:32:30 [DEBUG] Starting new HTTPS connection (1): www.google.com:443
08:32:30 [INFO]    🎯 45.83.140.34 (CY) - 9.4Mbps, 359ms UDP✅ Reality [tradingview.com]
08:32:30 [DEBUG] https://www.gstatic.com:443 "GET /generate_204 HTTP/1.1" 204 0
08:32:30 [DEBUG] Starting new HTTPS connection (1): www.google.com:443
08:32:30 [DEBUG] Starting new HTTPS connection (1): www.gstatic.com:443
08:32:30 [DEBUG] https://www.google.com:443 "GET /generate_204 HTTP/1.1" 204 0
08:32:30 [DEBUG] Starting new HTTPS connection (1): cp.cloudflare.com:443
08:32:30 [DEBUG] Starting new HTTPS connection (1): dl.google.com:443
08:32:31 [DEBUG] Starting new HTTPS connection (1): cp.cloudflare.com:443
08:32:31 [DEBUG] Starting new HTTPS connection (1): www.google.com:443
08:32:31 [DEBUG] https://cp.cloudflare.com:443 "GET / HTTP/1.1" 204 0
08:32:31 [DEBUG] Starting new HTTPS connection (1): www.gstatic.com:443
08:32:31 [DEBUG] Starting new HTTPS connection (1): www.google.com:443
08:32:31 [DEBUG] https://www.gstatic.com:443 "GET /generate_204 HTTP/1.1" 204 0
08:32:31 [DEBUG] Starting new HTTPS connection (1): www.google.com:443
08:32:31 [DEBUG] https://www.gstatic.com:443 "GET /generate_204 HTTP/1.1" 204 0
08:32:31 [DEBUG] Starting new HTTPS connection (1): dl.google.com:443
08:32:32 [DEBUG] https://www.gstatic.com:443 "GET /generate_204 HTTP/1.1" 204 0
08:32:32 [DEBUG] https://dl.google.com:443 "GET /dl/android/studio/install/3.4.1.0/android-studio-ide-183.5522156-windows.exe HTTP/1.1" 200 1017327996
08:32:33 [DEBUG] Starting new HTTPS connection (1): dl.google.com:443
08:32:33 [DEBUG] Starting new HTTPS connection (1): www.gstatic.com:443
08:32:33 [DEBUG] Starting new HTTPS connection (1): www.google.com:443
08:32:33 [INFO]    🎯 172.105.29.241 (CA) - 4.9Mbps, 487ms UDP✅ Reality [stackoverflow.com]
08:32:33 [DEBUG] https://dl.google.com:443 "GET /dl/android/studio/install/3.4.1.0/android-studio-ide-183.5522156-windows.exe HTTP/1.1" 200 1017327996
08:32:33 [DEBUG] https://dl.google.com:443 "GET /dl/android/studio/install/3.4.1.0/android-studio-ide-183.5522156-windows.exe HTTP/1.1" 200 1017327996
08:32:33 [DEBUG] Starting new HTTPS connection (1): www.gstatic.com:443
08:32:34 [INFO]    🎯 172.105.29.241 (CA) - 5.7Mbps, 415ms UDP✅ Reality [stackoverflow.com]
08:32:34 [DEBUG] Starting new HTTPS connection (1): www.google.com:443
08:32:35 [DEBUG] Starting new HTTPS connection (1): cp.cloudflare.com:443
08:32:35 [DEBUG] https://www.gstatic.com:443 "GET /generate_204 HTTP/1.1" 204 0
08:32:35 [DEBUG] Starting new HTTPS connection (1): www.google.com:443
08:32:35 [DEBUG] Starting new HTTPS connection (1): www.gstatic.com:443
08:32:36 [DEBUG] Starting new HTTPS connection (1): www.gstatic.com:443
08:32:36 [DEBUG] Starting new HTTPS connection (1): cp.cloudflare.com:443
08:32:36 [DEBUG] Starting new HTTPS connection (1): www.google.com:443
08:32:36 [DEBUG] Starting new HTTPS connection (1): cp.cloudflare.com:443
08:32:36 [DEBUG] https://www.google.com:443 "GET /generate_204 HTTP/1.1" 204 0
08:32:36 [DEBUG] Starting new HTTPS connection (1): cp.cloudflare.com:443
08:32:37 [DEBUG] Starting new HTTPS connection (1): cp.cloudflare.com:443
08:32:37 [DEBUG] https://www.google.com:443 "GET /generate_204 HTTP/1.1" 204 0
08:32:37 [DEBUG] Starting new HTTPS connection (1): cp.cloudflare.com:443
08:32:37 [DEBUG] Starting new HTTPS connection (1): www.google.com:443
08:32:38 [DEBUG] https://cp.cloudflare.com:443 "GET / HTTP/1.1" 204 0
08:32:38 [DEBUG] Starting new HTTPS connection (1): www.gstatic.com:443
08:32:38 [INFO]    🎯 78.159.131.16 (AL) - 2.2Mbps, 1046ms UDP✅ Reality [alb.denditop.site]
08:32:39 [DEBUG] https://www.google.com:443 "GET /generate_204 HTTP/1.1" 204 0
08:32:39 [DEBUG] Starting new HTTPS connection (1): cp.cloudflare.com:443
08:32:40 [DEBUG] Starting new HTTPS connection (1): www.google.com:443
08:32:40 [DEBUG] Starting new HTTPS connection (1): www.google.com:443
08:32:40 [DEBUG] https://www.google.com:443 "GET /generate_204 HTTP/1.1" 204 0
08:32:40 [DEBUG] Starting new HTTPS connection (1): cp.cloudflare.com:443
08:32:40 [DEBUG] https://cp.cloudflare.com:443 "GET / HTTP/1.1" 204 0
08:32:40 [DEBUG] https://cp.cloudflare.com:443 "GET / HTTP/1.1" 204 0
08:32:40 [DEBUG] Starting new HTTPS connection (1): www.gstatic.com:443
08:32:40 [DEBUG] Starting new HTTPS connection (1): www.gstatic.com:443
08:32:40 [DEBUG] https://www.gstatic.com:443 "GET /generate_204 HTTP/1.1" 204 0
08:32:40 [DEBUG] https://www.gstatic.com:443 "GET /generate_204 HTTP/1.1" 204 0
08:32:40 [DEBUG] Starting new HTTPS connection (1): dl.google.com:443
08:32:40 [DEBUG] https://dl.google.com:443 "GET /dl/android/studio/install/3.4.1.0/android-studio-ide-183.5522156-windows.exe HTTP/1.1" 200 1017327996
08:32:40 [DEBUG] Starting new HTTPS connection (1): www.gstatic.com:443
08:32:40 [INFO]    🎯 217.154.254.198 (Германия) - 49.2Mbps, 143ms UDP✅ Reality [azure.com]
08:32:41 [DEBUG] Starting new HTTPS connection (1): www.gstatic.com:443
08:32:41 [DEBUG] Starting new HTTPS connection (1): dl.google.com:443
08:32:41 [DEBUG] Starting new HTTPS connection (1): www.gstatic.com:443
08:32:41 [DEBUG] Starting new HTTPS connection (1): www.google.com:443
08:32:42 [DEBUG] Starting new HTTPS connection (1): www.google.com:443
08:32:42 [DEBUG] Starting new HTTPS connection (1): cp.cloudflare.com:443
08:32:43 [DEBUG] https://cp.cloudflare.com:443 "GET / HTTP/1.1" 204 0
08:32:43 [DEBUG] Starting new HTTPS connection (1): www.gstatic.com:443
08:32:43 [DEBUG] https://dl.google.com:443 "GET /dl/android/studio/install/3.4.1.0/android-studio-ide-183.5522156-windows.exe HTTP/1.1" 200 1017327996
08:32:44 [DEBUG] Starting new HTTPS connection (1): cp.cloudflare.com:443
08:32:45 [DEBUG] Starting new HTTPS connection (1): cp.cloudflare.com:443
08:32:45 [DEBUG] Starting new HTTPS connection (1): www.google.com:443
08:32:46 [DEBUG] Starting new HTTPS connection (1): www.gstatic.com:443
08:32:46 [INFO]    🎯 hk4.miyazono-kaori.com (XX) - 2.5Mbps, 1708ms UDP✅ Reality [www.ikea.com.hk]
08:32:46 [DEBUG] Starting new HTTPS connection (1): cp.cloudflare.com:443
08:32:47 [DEBUG] https://cp.cloudflare.com:443 "GET / HTTP/1.1" 204 0
08:32:47 [DEBUG] Starting new HTTPS connection (1): www.gstatic.com:443
08:32:47 [DEBUG] Starting new HTTPS connection (1): www.google.com:443
08:32:47 [DEBUG] Starting new HTTPS connection (1): cp.cloudflare.com:443
08:32:47 [DEBUG] Starting new HTTPS connection (1): www.gstatic.com:443
08:32:47 [DEBUG] Starting new HTTPS connection (1): www.google.com:443
08:32:47 [DEBUG] Starting new HTTPS connection (1): www.google.com:443
08:32:48 [DEBUG] https://www.google.com:443 "GET /generate_204 HTTP/1.1" 204 0
08:32:48 [DEBUG] Starting new HTTPS connection (1): cp.cloudflare.com:443
08:32:48 [DEBUG] https://www.google.com:443 "GET /generate_204 HTTP/1.1" 204 0
08:32:48 [DEBUG] Starting new HTTPS connection (1): cp.cloudflare.com:443
08:32:48 [DEBUG] Starting new HTTPS connection (1): dl.google.com:443
08:32:48 [DEBUG] https://cp.cloudflare.com:443 "GET / HTTP/1.1" 204 0
08:32:48 [DEBUG] Starting new HTTPS connection (1): www.gstatic.com:443
08:32:48 [DEBUG] https://cp.cloudflare.com:443 "GET / HTTP/1.1" 204 0
08:32:48 [DEBUG] Starting new HTTPS connection (1): www.gstatic.com:443
08:32:48 [DEBUG] Starting new HTTPS connection (1): www.google.com:443
08:32:48 [DEBUG] https://www.gstatic.com:443 "GET /generate_204 HTTP/1.1" 204 0
08:32:48 [DEBUG] https://www.gstatic.com:443 "GET /generate_204 HTTP/1.1" 204 0
08:32:49 [DEBUG] Starting new HTTPS connection (1): dl.google.com:443
08:32:49 [DEBUG] Starting new HTTPS connection (1): dl.google.com:443
08:32:49 [DEBUG] https://www.google.com:443 "GET /generate_204 HTTP/1.1" 204 0
08:32:49 [DEBUG] Starting new HTTPS connection (1): cp.cloudflare.com:443
08:32:49 [DEBUG] https://dl.google.com:443 "GET /dl/android/studio/install/3.4.1.0/android-studio-ide-183.5522156-windows.exe HTTP/1.1" 200 1017327996
08:32:49 [DEBUG] https://dl.google.com:443 "GET /dl/android/studio/install/3.4.1.0/android-studio-ide-183.5522156-windows.exe HTTP/1.1" 200 1017327996
08:32:49 [DEBUG] https://cp.cloudflare.com:443 "GET / HTTP/1.1" 204 0
08:32:49 [DEBUG] Starting new HTTPS connection (1): www.gstatic.com:443
08:32:49 [INFO]    🎯 dublin.pryanik.net.ru (XX) - 17.6Mbps, 337ms UDP✅ Reality [sun6-21.userapi.com]
08:32:49 [INFO]    🎯 just-server.ru (XX) - 20.2Mbps, 317ms UDP✅ Reality [sun6-21.userapi.com]
08:32:49 [DEBUG] https://www.gstatic.com:443 "GET /generate_204 HTTP/1.1" 204 0
08:32:49 [DEBUG] Starting new HTTPS connection (1): www.google.com:443
08:32:50 [DEBUG] https://www.google.com:443 "GET /generate_204 HTTP/1.1" 204 0
08:32:50 [DEBUG] Starting new HTTPS connection (1): cp.cloudflare.com:443
08:32:50 [DEBUG] Starting new HTTPS connection (1): dl.google.com:443
08:32:50 [DEBUG] https://cp.cloudflare.com:443 "GET / HTTP/1.1" 204 0
08:32:50 [DEBUG] Starting new HTTPS connection (1): www.gstatic.com:443
08:32:50 [DEBUG] Starting new HTTPS connection (1): www.gstatic.com:443
08:32:50 [DEBUG] https://www.gstatic.com:443 "GET /generate_204 HTTP/1.1" 204 0
08:32:50 [DEBUG] Starting new HTTPS connection (1): dl.google.com:443
08:32:50 [DEBUG] Starting new HTTPS connection (1): dl.google.com:443
08:32:50 [DEBUG] https://dl.google.com:443 "GET /dl/android/studio/install/3.4.1.0/android-studio-ide-183.5522156-windows.exe HTTP/1.1" 404 1449
08:32:50 [INFO]    🎯 fr.locations-service.com (XX) - 0.0Mbps, 95ms UDP✅ Reality [refersion.com]
08:32:50 [DEBUG] https://dl.google.com:443 "GET /dl/android/studio/install/3.4.1.0/android-studio-ide-183.5522156-windows.exe HTTP/1.1" 200 1017327996
08:32:50 [DEBUG] Starting new HTTPS connection (1): cp.cloudflare.com:443
08:32:50 [DEBUG] Starting new HTTPS connection (1): www.google.com:443
08:32:50 [DEBUG] Starting new HTTPS connection (1): www.google.com:443
08:32:51 [DEBUG] https://www.google.com:443 "GET /generate_204 HTTP/1.1" 204 0
08:32:51 [DEBUG] Starting new HTTPS connection (1): cp.cloudflare.com:443
08:32:51 [DEBUG] Starting new HTTPS connection (1): www.google.com:443
08:32:51 [DEBUG] https://www.google.com:443 "GET /generate_204 HTTP/1.1" 204 0
08:32:51 [DEBUG] Starting new HTTPS connection (1): cp.cloudflare.com:443
08:32:51 [DEBUG] https://cp.cloudflare.com:443 "GET / HTTP/1.1" 204 0
08:32:51 [DEBUG] Starting new HTTPS connection (1): www.gstatic.com:443
08:32:51 [INFO]    🎯 fin.pryanik.net.ru (XX) - 7.7Mbps, 357ms UDP✅ Reality [sun6-21.userapi.com]
08:32:51 [DEBUG] Starting new HTTPS connection (1): www.gstatic.com:443
08:32:52 [DEBUG] https://www.gstatic.com:443 "GET /generate_204 HTTP/1.1" 204 0
08:32:52 [DEBUG] https://cp.cloudflare.com:443 "GET / HTTP/1.1" 204 0
08:32:52 [DEBUG] Starting new HTTPS connection (1): www.gstatic.com:443
08:32:52 [DEBUG] Starting new HTTPS connection (1): dl.google.com:443
08:32:52 [DEBUG] https://cp.cloudflare.com:443 "GET / HTTP/1.1" 204 0
08:32:52 [DEBUG] Starting new HTTPS connection (1): www.gstatic.com:443
08:32:52 [DEBUG] https://www.gstatic.com:443 "GET /generate_204 HTTP/1.1" 204 0
08:32:52 [DEBUG] Starting new HTTPS connection (1): www.google.com:443
08:32:53 [DEBUG] Starting new HTTPS connection (1): dl.google.com:443
08:32:53 [DEBUG] Starting new HTTPS connection (1): www.google.com:443
08:32:53 [DEBUG] Starting new HTTPS connection (1): cp.cloudflare.com:443
08:32:53 [DEBUG] Starting new HTTPS connection (1): cp.cloudflare.com:443
08:32:54 [DEBUG] Starting new HTTPS connection (1): www.gstatic.com:443
08:32:54 [DEBUG] https://dl.google.com:443 "GET /dl/android/studio/install/3.4.1.0/android-studio-ide-183.5522156-windows.exe HTTP/1.1" 200 1017327996
08:32:54 [DEBUG] Starting new HTTPS connection (1): www.gstatic.com:443
08:32:54 [DEBUG] https://dl.google.com:443 "GET /dl/android/studio/install/3.4.1.0/android-studio-ide-183.5522156-windows.exe HTTP/1.1" 200 1017327996
08:32:54 [INFO]    🎯 austria.pryanik.net.ru (XX) - 5.1Mbps, 352ms UDP✅ Reality [sun6-21.userapi.com]
08:32:55 [DEBUG] https://dl.google.com:443 "GET /dl/android/studio/install/3.4.1.0/android-studio-ide-183.5522156-windows.exe HTTP/1.1" 200 1017327996
08:32:55 [INFO]    🎯 srv4.outlinekeys.com (XX) - 4.8Mbps, 579ms UDP✅ Reality [sun1-90.userapi.com]
08:32:55 [DEBUG] Starting new HTTPS connection (1): www.google.com:443
08:32:56 [DEBUG] Starting new HTTPS connection (1): www.google.com:443
08:32:56 [DEBUG] Starting new HTTPS connection (1): cp.cloudflare.com:443
08:32:56 [DEBUG] Starting new HTTPS connection (1): cp.cloudflare.com:443
08:32:56 [DEBUG] Starting new HTTPS connection (1): www.google.com:443
08:32:56 [DEBUG] Starting new HTTPS connection (1): www.google.com:443
08:32:56 [DEBUG] Starting new HTTPS connection (1): cp.cloudflare.com:443
08:32:56 [DEBUG] Starting new HTTPS connection (1): cp.cloudflare.com:443
08:32:56 [DEBUG] Starting new HTTPS connection (1): www.gstatic.com:443
08:32:56 [DEBUG] Starting new HTTPS connection (1): www.gstatic.com:443
08:32:56 [DEBUG] Starting new HTTPS connection (1): www.google.com:443
08:32:57 [DEBUG] Starting new HTTPS connection (1): www.gstatic.com:443
08:32:57 [DEBUG] Starting new HTTPS connection (1): www.gstatic.com:443
08:32:57 [DEBUG] https://www.google.com:443 "GET /generate_204 HTTP/1.1" 204 0
08:32:57 [DEBUG] Starting new HTTPS connection (1): cp.cloudflare.com:443
08:32:57 [DEBUG] https://cp.cloudflare.com:443 "GET / HTTP/1.1" 204 0
08:32:57 [DEBUG] Starting new HTTPS connection (1): www.gstatic.com:443
08:32:57 [DEBUG] https://www.gstatic.com:443 "GET /generate_204 HTTP/1.1" 204 0
08:32:57 [DEBUG] Starting new HTTPS connection (1): dl.google.com:443
08:32:58 [DEBUG] https://dl.google.com:443 "GET /dl/android/studio/install/3.4.1.0/android-studio-ide-183.5522156-windows.exe HTTP/1.1" 200 1017327996
08:32:58 [DEBUG] Starting new HTTPS connection (1): www.google.com:443
08:32:58 [DEBUG] Starting new HTTPS connection (1): www.google.com:443
08:32:58 [INFO]    🎯 47.254.207.127 (MY) - 0.0Mbps, 2802ms UDP❌ Reality [cdn.userway.org]
08:32:58 [INFO]    🎯 94.103.1.230 (Нидерланды) - 17.9Mbps, 255ms UDP✅ Reality [sun6-21.userapi.com]
08:32:58 [DEBUG] Starting new HTTPS connection (1): www.google.com:443
08:32:58 [DEBUG] Starting new HTTPS connection (1): www.google.com:443
08:32:58 [DEBUG] https://www.google.com:443 "GET /generate_204 HTTP/1.1" 204 0
08:32:58 [DEBUG] Starting new HTTPS connection (1): cp.cloudflare.com:443
08:32:59 [DEBUG] Starting new HTTPS connection (1): www.google.com:443
08:32:59 [DEBUG] Starting new HTTPS connection (1): cp.cloudflare.com:443
08:32:59 [DEBUG] Starting new HTTPS connection (1): www.gstatic.com:443
08:32:59 [DEBUG] https://cp.cloudflare.com:443 "GET / HTTP/1.1" 204 0
08:32:59 [DEBUG] Starting new HTTPS connection (1): www.gstatic.com:443
08:32:59 [DEBUG] https://www.gstatic.com:443 "GET /generate_204 HTTP/1.1" 204 0
08:32:59 [DEBUG] Starting new HTTPS connection (1): dl.google.com:443
08:32:59 [DEBUG] https://dl.google.com:443 "GET /dl/android/studio/install/3.4.1.0/android-studio-ide-183.5522156-windows.exe HTTP/1.1" 200 1017327996
08:32:59 [DEBUG] Starting new HTTPS connection (1): cp.cloudflare.com:443
08:32:59 [INFO]    🎯 65.109.179.221 (Финляндия) - 31.2Mbps, 105ms UDP✅  []
08:32:59 [DEBUG] Starting new HTTPS connection (1): www.google.com:443
08:32:59 [DEBUG] Starting new HTTPS connection (1): www.google.com:443
08:32:59 [DEBUG] Starting new HTTPS connection (1): cp.cloudflare.com:443
08:32:59 [DEBUG] Starting new HTTPS connection (1): www.gstatic.com:443
08:33:00 [DEBUG] Starting new HTTPS connection (1): cp.cloudflare.com:443
08:33:00 [DEBUG] Starting new HTTPS connection (1): cp.cloudflare.com:443
08:33:00 [DEBUG] Starting new HTTPS connection (1): www.google.com:443
08:33:00 [DEBUG] Starting new HTTPS connection (1): cp.cloudflare.com:443
08:33:00 [DEBUG] Starting new HTTPS connection (1): www.google.com:443
08:33:01 [DEBUG] Starting new HTTPS connection (1): www.google.com:443
08:33:01 [DEBUG] Starting new HTTPS connection (1): cp.cloudflare.com:443
08:33:01 [DEBUG] Starting new HTTPS connection (1): www.gstatic.com:443
08:33:01 [INFO]    📊 Global: 160/400 (40%) | ✅61 ❌99
08:33:02 [DEBUG] Starting new HTTPS connection (1): www.gstatic.com:443
08:33:02 [DEBUG] Starting new HTTPS connection (1): www.gstatic.com:443
08:33:02 [DEBUG] Starting new HTTPS connection (1): www.google.com:443
08:33:02 [DEBUG] Starting new HTTPS connection (1): cp.cloudflare.com:443
08:33:02 [DEBUG] Starting new HTTPS connection (1): www.gstatic.com:443
08:33:02 [DEBUG] Starting new HTTPS connection (1): cp.cloudflare.com:443
08:33:02 [DEBUG] Starting new HTTPS connection (1): www.gstatic.com:443
08:33:03 [DEBUG] Starting new HTTPS connection (1): www.google.com:443
08:33:03 [DEBUG] Starting new HTTPS connection (1): cp.cloudflare.com:443
08:33:03 [DEBUG] Starting new HTTPS connection (1): www.gstatic.com:443
08:33:03 [DEBUG] Starting new HTTPS connection (1): www.google.com:443
08:33:04 [DEBUG] Starting new HTTPS connection (1): cp.cloudflare.com:443
08:33:05 [DEBUG] Starting new HTTPS connection (1): www.gstatic.com:443
08:33:05 [DEBUG] Starting new HTTPS connection (1): www.google.com:443
08:33:05 [DEBUG] Starting new HTTPS connection (1): www.gstatic.com:443
08:33:05 [DEBUG] Starting new HTTPS connection (1): www.google.com:443
08:33:05 [DEBUG] Starting new HTTPS connection (1): cp.cloudflare.com:443
08:33:06 [DEBUG] Starting new HTTPS connection (1): www.google.com:443
08:33:06 [DEBUG] Starting new HTTPS connection (1): www.gstatic.com:443
08:33:06 [DEBUG] Starting new HTTPS connection (1): cp.cloudflare.com:443
08:33:07 [DEBUG] Starting new HTTPS connection (1): www.google.com:443
08:33:07 [DEBUG] Starting new HTTPS connection (1): cp.cloudflare.com:443
08:33:07 [DEBUG] Starting new HTTPS connection (1): www.gstatic.com:443
08:33:07 [DEBUG] Starting new HTTPS connection (1): cp.cloudflare.com:443
08:33:07 [DEBUG] Starting new HTTPS connection (1): www.google.com:443
08:33:07 [DEBUG] Starting new HTTPS connection (1): cp.cloudflare.com:443
08:33:07 [DEBUG] Starting new HTTPS connection (1): www.gstatic.com:443
08:33:08 [DEBUG] Starting new HTTPS connection (1): cp.cloudflare.com:443
08:33:08 [DEBUG] Starting new HTTPS connection (1): cp.cloudflare.com:443
08:33:08 [DEBUG] Starting new HTTPS connection (1): www.google.com:443
08:33:08 [DEBUG] Starting new HTTPS connection (1): cp.cloudflare.com:443
08:33:08 [DEBUG] Starting new HTTPS connection (1): www.gstatic.com:443
08:33:08 [DEBUG] Starting new HTTPS connection (1): www.gstatic.com:443
08:33:08 [DEBUG] Starting new HTTPS connection (1): www.google.com:443
08:33:09 [DEBUG] Starting new HTTPS connection (1): www.google.com:443
08:33:09 [DEBUG] Starting new HTTPS connection (1): www.google.com:443
08:33:09 [DEBUG] Starting new HTTPS connection (1): cp.cloudflare.com:443
08:33:09 [DEBUG] Starting new HTTPS connection (1): www.gstatic.com:443
08:33:09 [DEBUG] Starting new HTTPS connection (1): www.gstatic.com:443
08:33:09 [DEBUG] Starting new HTTPS connection (1): www.google.com:443
08:33:09 [DEBUG] Starting new HTTPS connection (1): cp.cloudflare.com:443
08:33:09 [DEBUG] Starting new HTTPS connection (1): www.gstatic.com:443
08:33:09 [DEBUG] Starting new HTTPS connection (1): www.gstatic.com:443
08:33:10 [DEBUG] Starting new HTTPS connection (1): www.gstatic.com:443
08:33:10 [DEBUG] Starting new HTTPS connection (1): www.google.com:443
08:33:10 [DEBUG] Starting new HTTPS connection (1): cp.cloudflare.com:443
08:33:10 [DEBUG] Starting new HTTPS connection (1): www.gstatic.com:443
08:33:10 [DEBUG] Starting new HTTPS connection (1): cp.cloudflare.com:443
08:33:10 [DEBUG] Starting new HTTPS connection (1): www.google.com:443
08:33:11 [DEBUG] Starting new HTTPS connection (1): cp.cloudflare.com:443
08:33:11 [DEBUG] Starting new HTTPS connection (1): www.google.com:443
08:33:11 [DEBUG] https://www.google.com:443 "GET /generate_204 HTTP/1.1" 204 0
08:33:11 [DEBUG] Starting new HTTPS connection (1): cp.cloudflare.com:443
08:33:11 [DEBUG] https://cp.cloudflare.com:443 "GET / HTTP/1.1" 204 0
08:33:11 [DEBUG] Starting new HTTPS connection (1): www.gstatic.com:443
08:33:12 [DEBUG] https://www.gstatic.com:443 "GET /generate_204 HTTP/1.1" 204 0
08:33:12 [DEBUG] Starting new HTTPS connection (1): dl.google.com:443
08:33:12 [DEBUG] Starting new HTTPS connection (1): www.google.com:443
08:33:12 [DEBUG] https://dl.google.com:443 "GET /dl/android/studio/install/3.4.1.0/android-studio-ide-183.5522156-windows.exe HTTP/1.1" 404 1449
08:33:12 [INFO]    🎯 185.18.250.252 (Швейцария) - 0.0Mbps, 98ms UDP✅  []
08:33:12 [DEBUG] Starting new HTTPS connection (1): cp.cloudflare.com:443
08:33:12 [DEBUG] Starting new HTTPS connection (1): www.gstatic.com:443
08:33:12 [DEBUG] Starting new HTTPS connection (1): www.gstatic.com:443
08:33:12 [DEBUG] Starting new HTTPS connection (1): www.google.com:443
08:33:12 [DEBUG] Starting new HTTPS connection (1): cp.cloudflare.com:443
08:33:12 [DEBUG] https://www.google.com:443 "GET /generate_204 HTTP/1.1" 204 0
08:33:12 [DEBUG] Starting new HTTPS connection (1): cp.cloudflare.com:443
08:33:13 [DEBUG] Starting new HTTPS connection (1): www.gstatic.com:443
08:33:13 [DEBUG] Starting new HTTPS connection (1): www.gstatic.com:443
08:33:13 [DEBUG] Starting new HTTPS connection (1): www.google.com:443
08:33:13 [DEBUG] https://www.google.com:443 "GET /generate_204 HTTP/1.1" 204 0
08:33:13 [DEBUG] Starting new HTTPS connection (1): cp.cloudflare.com:443
08:33:13 [DEBUG] Starting new HTTPS connection (1): www.google.com:443
08:33:13 [DEBUG] Starting new HTTPS connection (1): cp.cloudflare.com:443
08:33:13 [DEBUG] Starting new HTTPS connection (1): www.gstatic.com:443
08:33:13 [DEBUG] https://cp.cloudflare.com:443 "GET / HTTP/1.1" 204 0
08:33:13 [DEBUG] Starting new HTTPS connection (1): www.gstatic.com:443
08:33:13 [DEBUG] https://www.gstatic.com:443 "GET /generate_204 HTTP/1.1" 204 0
08:33:13 [DEBUG] Starting new HTTPS connection (1): dl.google.com:443
08:33:13 [DEBUG] Starting new HTTPS connection (1): www.google.com:443
08:33:13 [DEBUG] https://dl.google.com:443 "GET /dl/android/studio/install/3.4.1.0/android-studio-ide-183.5522156-windows.exe HTTP/1.1" 200 1017327996
08:33:14 [DEBUG] https://www.google.com:443 "GET /generate_204 HTTP/1.1" 204 0
08:33:14 [DEBUG] Starting new HTTPS connection (1): cp.cloudflare.com:443
08:33:14 [DEBUG] Starting new HTTPS connection (1): www.google.com:443
08:33:14 [DEBUG] Starting new HTTPS connection (1): cp.cloudflare.com:443
08:33:14 [DEBUG] Starting new HTTPS connection (1): www.gstatic.com:443
08:33:14 [DEBUG] https://cp.cloudflare.com:443 "GET / HTTP/1.1" 403 None
08:33:14 [DEBUG] Starting new HTTPS connection (1): www.gstatic.com:443
08:33:14 [DEBUG] Starting new HTTPS connection (1): www.gstatic.com:443
08:33:14 [DEBUG] https://www.gstatic.com:443 "GET /generate_204 HTTP/1.1" 204 0
08:33:14 [DEBUG] Starting new HTTPS connection (1): dl.google.com:443
08:33:15 [DEBUG] https://dl.google.com:443 "GET /dl/android/studio/install/3.4.1.0/android-studio-ide-183.5522156-windows.exe HTTP/1.1" 200 1017327996
08:33:15 [INFO]    🎯 192.248.186.10 (Германия) - 62.0Mbps, 69ms UDP✅  []
08:33:15 [DEBUG] https://cp.cloudflare.com:443 "GET / HTTP/1.1" 204 0
08:33:15 [DEBUG] Starting new HTTPS connection (1): www.gstatic.com:443
08:33:15 [INFO]    🎯 85.9.207.253 (Германия) - 7.0Mbps, 43ms UDP✅  []
08:33:15 [DEBUG] Starting new HTTPS connection (1): www.google.com:443
08:33:15 [DEBUG] Starting new HTTPS connection (1): cp.cloudflare.com:443
08:33:15 [DEBUG] Starting new HTTPS connection (1): www.gstatic.com:443
08:33:15 [DEBUG] Starting new HTTPS connection (1): www.google.com:443
08:33:16 [DEBUG] Starting new HTTPS connection (1): www.google.com:443
08:33:16 [DEBUG] Starting new HTTPS connection (1): www.google.com:443
08:33:16 [DEBUG] Starting new HTTPS connection (1): www.google.com:443
08:33:16 [DEBUG] https://www.gstatic.com:443 "GET /generate_204 HTTP/1.1" 204 0
08:33:16 [DEBUG] Starting new HTTPS connection (1): www.google.com:443
08:33:16 [DEBUG] Starting new HTTPS connection (1): cp.cloudflare.com:443
08:33:16 [DEBUG] Starting new HTTPS connection (1): www.gstatic.com:443
08:33:16 [DEBUG] Starting new HTTPS connection (1): dl.google.com:443
08:33:17 [DEBUG] Starting new HTTPS connection (1): www.google.com:443
08:33:17 [DEBUG] https://www.google.com:443 "GET /generate_204 HTTP/1.1" 204 0
08:33:17 [DEBUG] Starting new HTTPS connection (1): cp.cloudflare.com:443
08:33:17 [DEBUG] https://cp.cloudflare.com:443 "GET / HTTP/1.1" 204 0
08:33:17 [DEBUG] Starting new HTTPS connection (1): www.gstatic.com:443
08:33:17 [DEBUG] https://www.gstatic.com:443 "GET /generate_204 HTTP/1.1" 204 0
08:33:17 [DEBUG] Starting new HTTPS connection (1): dl.google.com:443
08:33:17 [DEBUG] https://dl.google.com:443 "GET /dl/android/studio/install/3.4.1.0/android-studio-ide-183.5522156-windows.exe HTTP/1.1" 200 1017327996
08:33:17 [INFO]    🎯 172.104.249.116 (Германия) - 82.5Mbps, 28ms UDP✅  []
08:33:17 [DEBUG] Starting new HTTPS connection (1): www.google.com:443
08:33:17 [DEBUG] Starting new HTTPS connection (1): cp.cloudflare.com:443
08:33:17 [DEBUG] Starting new HTTPS connection (1): www.gstatic.com:443
08:33:18 [DEBUG] Starting new HTTPS connection (1): cp.cloudflare.com:443
08:33:18 [DEBUG] Starting new HTTPS connection (1): cp.cloudflare.com:443
08:33:18 [DEBUG] Starting new HTTPS connection (1): www.google.com:443
08:33:18 [DEBUG] Starting new HTTPS connection (1): cp.cloudflare.com:443
08:33:18 [DEBUG] Starting new HTTPS connection (1): www.gstatic.com:443
08:33:18 [DEBUG] Starting new HTTPS connection (1): cp.cloudflare.com:443
08:33:18 [DEBUG] Starting new HTTPS connection (1): cp.cloudflare.com:443
08:33:18 [DEBUG] Starting new HTTPS connection (1): www.google.com:443
08:33:19 [DEBUG] https://dl.google.com:443 "GET /dl/android/studio/install/3.4.1.0/android-studio-ide-183.5522156-windows.exe HTTP/1.1" 404 1449
08:33:19 [DEBUG] Starting new HTTPS connection (1): www.google.com:443
08:33:19 [INFO]    🎯 45.131.209.130 (Нидерланды) - 0.0Mbps, 1004ms UDP✅  []
08:33:19 [DEBUG] Starting new HTTPS connection (1): cp.cloudflare.com:443
08:33:19 [DEBUG] Starting new HTTPS connection (1): www.gstatic.com:443
08:33:19 [DEBUG] Starting new HTTPS connection (1): www.google.com:443
08:33:19 [DEBUG] Starting new HTTPS connection (1): www.google.com:443
08:33:20 [DEBUG] Starting new HTTPS connection (1): www.gstatic.com:443
08:33:20 [DEBUG] Starting new HTTPS connection (1): www.gstatic.com:443
08:33:20 [DEBUG] Starting new HTTPS connection (1): www.google.com:443
08:33:20 [DEBUG] Starting new HTTPS connection (1): cp.cloudflare.com:443
08:33:20 [DEBUG] Starting new HTTPS connection (1): www.gstatic.com:443
08:33:20 [DEBUG] Starting new HTTPS connection (1): www.google.com:443
08:33:20 [DEBUG] Starting new HTTPS connection (1): cp.cloudflare.com:443
08:33:20 [DEBUG] Starting new HTTPS connection (1): www.gstatic.com:443
08:33:20 [DEBUG] Starting new HTTPS connection (1): www.gstatic.com:443
08:33:20 [DEBUG] Starting new HTTPS connection (1): www.gstatic.com:443
08:33:21 [DEBUG] Starting new HTTPS connection (1): cp.cloudflare.com:443
08:33:21 [DEBUG] Starting new HTTPS connection (1): www.google.com:443
08:33:21 [DEBUG] Starting new HTTPS connection (1): www.google.com:443
08:33:21 [DEBUG] Starting new HTTPS connection (1): cp.cloudflare.com:443
08:33:21 [DEBUG] Starting new HTTPS connection (1): www.gstatic.com:443
08:33:22 [INFO]    📊 Global: 200/400 (50%) | ✅66 ❌134
08:33:22 [DEBUG] Starting new HTTPS connection (1): www.google.com:443
08:33:23 [DEBUG] https://www.google.com:443 "GET /generate_204 HTTP/1.1" 204 0
08:33:23 [DEBUG] Starting new HTTPS connection (1): cp.cloudflare.com:443
08:33:23 [DEBUG] Starting new HTTPS connection (1): www.google.com:443
08:33:23 [DEBUG] Starting new HTTPS connection (1): www.google.com:443
08:33:23 [DEBUG] Starting new HTTPS connection (1): www.gstatic.com:443
08:33:23 [DEBUG] https://www.google.com:443 "GET /generate_204 HTTP/1.1" 204 0
08:33:23 [DEBUG] Starting new HTTPS connection (1): cp.cloudflare.com:443
08:33:23 [DEBUG] https://cp.cloudflare.com:443 "GET / HTTP/1.1" 204 0
08:33:23 [DEBUG] Starting new HTTPS connection (1): www.gstatic.com:443
08:33:23 [DEBUG] https://www.gstatic.com:443 "GET /generate_204 HTTP/1.1" 204 0
08:33:23 [DEBUG] Starting new HTTPS connection (1): dl.google.com:443
08:33:23 [DEBUG] Starting new HTTPS connection (1): cp.cloudflare.com:443
08:33:23 [DEBUG] https://dl.google.com:443 "GET /dl/android/studio/install/3.4.1.0/android-studio-ide-183.5522156-windows.exe HTTP/1.1" 200 1017327996
08:33:23 [DEBUG] Starting new HTTPS connection (1): cp.cloudflare.com:443
08:33:23 [INFO]    🎯 91.107.251.197 (Германия) - 74.0Mbps, 50ms UDP✅  []
08:33:23 [DEBUG] Starting new HTTPS connection (1): www.google.com:443
08:33:23 [DEBUG] Starting new HTTPS connection (1): www.google.com:443
08:33:23 [DEBUG] https://cp.cloudflare.com:443 "GET / HTTP/1.1" 204 0
08:33:23 [DEBUG] Starting new HTTPS connection (1): www.gstatic.com:443
08:33:23 [DEBUG] https://www.google.com:443 "GET /generate_204 HTTP/1.1" 204 0
08:33:23 [DEBUG] Starting new HTTPS connection (1): cp.cloudflare.com:443
08:33:24 [DEBUG] https://www.google.com:443 "GET /generate_204 HTTP/1.1" 204 0
08:33:24 [DEBUG] Starting new HTTPS connection (1): cp.cloudflare.com:443
08:33:24 [DEBUG] https://www.gstatic.com:443 "GET /generate_204 HTTP/1.1" 204 0
08:33:24 [DEBUG] https://www.google.com:443 "GET /generate_204 HTTP/1.1" 204 0
08:33:24 [DEBUG] Starting new HTTPS connection (1): cp.cloudflare.com:443
08:33:24 [DEBUG] https://cp.cloudflare.com:443 "GET / HTTP/1.1" 204 0
08:33:24 [DEBUG] Starting new HTTPS connection (1): www.gstatic.com:443
08:33:24 [DEBUG] Starting new HTTPS connection (1): www.gstatic.com:443
08:33:24 [DEBUG] Starting new HTTPS connection (1): cp.cloudflare.com:443
08:33:24 [DEBUG] https://cp.cloudflare.com:443 "GET / HTTP/1.1" 204 0
08:33:24 [DEBUG] Starting new HTTPS connection (1): dl.google.com:443
08:33:24 [DEBUG] Starting new HTTPS connection (1): www.gstatic.com:443
08:33:24 [DEBUG] https://cp.cloudflare.com:443 "GET / HTTP/1.1" 204 0
08:33:24 [DEBUG] Starting new HTTPS connection (1): www.gstatic.com:443
08:33:24 [DEBUG] https://www.gstatic.com:443 "GET /generate_204 HTTP/1.1" 204 0
08:33:24 [DEBUG] Starting new HTTPS connection (1): www.google.com:443
08:33:25 [DEBUG] https://dl.google.com:443 "GET /dl/android/studio/install/3.4.1.0/android-studio-ide-183.5522156-windows.exe HTTP/1.1" 200 1017327996
08:33:25 [DEBUG] https://www.gstatic.com:443 "GET /generate_204 HTTP/1.1" 204 0
08:33:25 [DEBUG] https://www.gstatic.com:443 "GET /generate_204 HTTP/1.1" 204 0
08:33:25 [DEBUG] Starting new HTTPS connection (1): dl.google.com:443
08:33:25 [DEBUG] Starting new HTTPS connection (1): dl.google.com:443
08:33:25 [DEBUG] Starting new HTTPS connection (1): dl.google.com:443
08:33:25 [DEBUG] https://dl.google.com:443 "GET /dl/android/studio/install/3.4.1.0/android-studio-ide-183.5522156-windows.exe HTTP/1.1" 200 1017327996
08:33:25 [DEBUG] Starting new HTTPS connection (1): www.gstatic.com:443
08:33:25 [DEBUG] https://dl.google.com:443 "GET /dl/android/studio/install/3.4.1.0/android-studio-ide-183.5522156-windows.exe HTTP/1.1" 200 1017327996
08:33:26 [DEBUG] https://dl.google.com:443 "GET /dl/android/studio/install/3.4.1.0/android-studio-ide-183.5522156-windows.exe HTTP/1.1" 200 1017327996
08:33:27 [DEBUG] Starting new HTTPS connection (1): cp.cloudflare.com:443
08:33:27 [INFO]    🎯 159.69.162.184 (Германия) - 5.2Mbps, 501ms UDP✅  []
08:33:27 [DEBUG] Starting new HTTPS connection (1): www.google.com:443
08:33:27 [INFO]    🎯 159.69.162.184 (Германия) - 5.8Mbps, 446ms UDP✅  []
08:33:27 [INFO]    🎯 159.69.162.184 (Германия) - 4.1Mbps, 504ms UDP✅  []
08:33:28 [DEBUG] Starting new HTTPS connection (1): www.google.com:443
08:33:28 [DEBUG] Starting new HTTPS connection (1): www.google.com:443
08:33:28 [DEBUG] Starting new HTTPS connection (1): www.google.com:443
08:33:28 [DEBUG] Starting new HTTPS connection (1): www.google.com:443
08:33:28 [DEBUG] Starting new HTTPS connection (1): cp.cloudflare.com:443
08:33:29 [DEBUG] Starting new HTTPS connection (1): www.gstatic.com:443
08:33:29 [INFO]    🎯 159.69.162.184 (Германия) - 3.6Mbps, 465ms UDP✅  []
08:33:29 [DEBUG] Starting new HTTPS connection (1): www.gstatic.com:443
08:33:29 [DEBUG] Starting new HTTPS connection (1): www.gstatic.com:443
08:33:29 [DEBUG] Starting new HTTPS connection (1): cp.cloudflare.com:443
08:33:30 [DEBUG] Starting new HTTPS connection (1): www.google.com:443
08:33:30 [DEBUG] Starting new HTTPS connection (1): www.google.com:443
08:33:30 [DEBUG] Starting new HTTPS connection (1): cp.cloudflare.com:443
08:33:30 [DEBUG] Starting new HTTPS connection (1): www.gstatic.com:443
08:33:30 [DEBUG] Starting new HTTPS connection (1): cp.cloudflare.com:443
08:33:30 [DEBUG] Starting new HTTPS connection (1): www.gstatic.com:443
08:33:30 [DEBUG] Starting new HTTPS connection (1): www.google.com:443
08:33:31 [DEBUG] Starting new HTTPS connection (1): cp.cloudflare.com:443
08:33:31 [DEBUG] Starting new HTTPS connection (1): cp.cloudflare.com:443
08:33:31 [DEBUG] Starting new HTTPS connection (1): cp.cloudflare.com:443
08:33:31 [DEBUG] Starting new HTTPS connection (1): www.google.com:443
08:33:31 [DEBUG] Starting new HTTPS connection (1): www.google.com:443
08:33:31 [DEBUG] Starting new HTTPS connection (1): cp.cloudflare.com:443
08:33:31 [DEBUG] Starting new HTTPS connection (1): www.gstatic.com:443
08:33:31 [DEBUG] Starting new HTTPS connection (1): www.gstatic.com:443
08:33:32 [DEBUG] Starting new HTTPS connection (1): www.google.com:443
08:33:32 [DEBUG] Starting new HTTPS connection (1): cp.cloudflare.com:443
08:33:33 [DEBUG] Starting new HTTPS connection (1): www.google.com:443
08:33:33 [DEBUG] Starting new HTTPS connection (1): www.gstatic.com:443
08:33:33 [DEBUG] Starting new HTTPS connection (1): www.gstatic.com:443
08:33:33 [DEBUG] Starting new HTTPS connection (1): www.gstatic.com:443
08:33:34 [DEBUG] Starting new HTTPS connection (1): www.gstatic.com:443
08:33:35 [DEBUG] Starting new HTTPS connection (1): www.google.com:443
08:33:35 [DEBUG] Starting new HTTPS connection (1): cp.cloudflare.com:443
08:33:35 [DEBUG] Starting new HTTPS connection (1): www.gstatic.com:443
08:33:35 [DEBUG] Starting new HTTPS connection (1): cp.cloudflare.com:443
08:33:35 [DEBUG] Starting new HTTPS connection (1): www.google.com:443
08:33:35 [DEBUG] Starting new HTTPS connection (1): cp.cloudflare.com:443
08:33:35 [DEBUG] Starting new HTTPS connection (1): www.gstatic.com:443
08:33:36 [DEBUG] Starting new HTTPS connection (1): www.google.com:443
08:33:36 [DEBUG] Starting new HTTPS connection (1): cp.cloudflare.com:443
08:33:36 [DEBUG] Starting new HTTPS connection (1): cp.cloudflare.com:443
08:33:36 [DEBUG] Starting new HTTPS connection (1): www.google.com:443
08:33:36 [DEBUG] Starting new HTTPS connection (1): www.gstatic.com:443
08:33:36 [DEBUG] Starting new HTTPS connection (1): cp.cloudflare.com:443
08:33:36 [DEBUG] Starting new HTTPS connection (1): www.gstatic.com:443
08:33:36 [DEBUG] Starting new HTTPS connection (1): www.google.com:443
08:33:36 [DEBUG] Starting new HTTPS connection (1): www.google.com:443
08:33:37 [DEBUG] Starting new HTTPS connection (1): cp.cloudflare.com:443
08:33:37 [DEBUG] Starting new HTTPS connection (1): www.google.com:443
08:33:37 [DEBUG] Starting new HTTPS connection (1): cp.cloudflare.com:443
08:33:37 [DEBUG] Starting new HTTPS connection (1): www.gstatic.com:443
08:33:37 [DEBUG] Starting new HTTPS connection (1): www.google.com:443
08:33:37 [DEBUG] Starting new HTTPS connection (1): www.google.com:443
08:33:37 [DEBUG] Starting new HTTPS connection (1): cp.cloudflare.com:443
08:33:37 [DEBUG] Starting new HTTPS connection (1): www.gstatic.com:443
08:33:38 [DEBUG] Starting new HTTPS connection (1): www.google.com:443
08:33:38 [DEBUG] Starting new HTTPS connection (1): cp.cloudflare.com:443
08:33:38 [DEBUG] Starting new HTTPS connection (1): www.gstatic.com:443
08:33:38 [DEBUG] Starting new HTTPS connection (1): www.gstatic.com:443
08:33:38 [DEBUG] Starting new HTTPS connection (1): www.gstatic.com:443
08:33:39 [DEBUG] Starting new HTTPS connection (1): www.google.com:443
08:33:39 [DEBUG] Starting new HTTPS connection (1): cp.cloudflare.com:443
08:33:39 [DEBUG] Starting new HTTPS connection (1): cp.cloudflare.com:443
08:33:39 [DEBUG] Starting new HTTPS connection (1): www.gstatic.com:443
08:33:39 [DEBUG] Starting new HTTPS connection (1): www.google.com:443
08:33:39 [DEBUG] Starting new HTTPS connection (1): www.google.com:443
08:33:40 [DEBUG] Starting new HTTPS connection (1): www.google.com:443
08:33:40 [DEBUG] Starting new HTTPS connection (1): cp.cloudflare.com:443
08:33:40 [DEBUG] Starting new HTTPS connection (1): www.gstatic.com:443
08:33:40 [DEBUG] https://www.google.com:443 "GET /generate_204 HTTP/1.1" 204 0
08:33:40 [DEBUG] Starting new HTTPS connection (1): cp.cloudflare.com:443
08:33:40 [DEBUG] https://cp.cloudflare.com:443 "GET / HTTP/1.1" 204 0
08:33:40 [DEBUG] Starting new HTTPS connection (1): www.gstatic.com:443
08:33:40 [DEBUG] https://www.gstatic.com:443 "GET /generate_204 HTTP/1.1" 204 0
08:33:41 [DEBUG] Starting new HTTPS connection (1): www.gstatic.com:443
08:33:41 [DEBUG] Starting new HTTPS connection (1): www.google.com:443
08:33:41 [DEBUG] Starting new HTTPS connection (1): cp.cloudflare.com:443
08:33:41 [DEBUG] Starting new HTTPS connection (1): www.gstatic.com:443
08:33:41 [DEBUG] Starting new HTTPS connection (1): www.google.com:443
08:33:42 [DEBUG] Starting new HTTPS connection (1): cp.cloudflare.com:443
08:33:42 [DEBUG] https://www.google.com:443 "GET /generate_204 HTTP/1.1" 204 0
08:33:42 [DEBUG] Starting new HTTPS connection (1): cp.cloudflare.com:443
08:33:42 [DEBUG] Starting new HTTPS connection (1): cp.cloudflare.com:443
08:33:42 [DEBUG] Starting new HTTPS connection (1): www.google.com:443
08:33:42 [DEBUG] https://cp.cloudflare.com:443 "GET / HTTP/1.1" 204 0
08:33:42 [DEBUG] Starting new HTTPS connection (1): www.gstatic.com:443
08:33:42 [DEBUG] Starting new HTTPS connection (1): www.gstatic.com:443
08:33:42 [DEBUG] https://www.gstatic.com:443 "GET /generate_204 HTTP/1.1" 204 0
08:33:42 [DEBUG] Starting new HTTPS connection (1): dl.google.com:443
08:33:42 [DEBUG] https://dl.google.com:443 "GET /dl/android/studio/install/3.4.1.0/android-studio-ide-183.5522156-windows.exe HTTP/1.1" 200 1017327996
08:33:42 [DEBUG] Starting new HTTPS connection (1): cp.cloudflare.com:443
08:33:42 [INFO]    🎯 188.166.39.239 (Нидерланды) - 53.4Mbps, 219ms UDP✅  []
08:33:42 [DEBUG] Starting new HTTPS connection (1): www.google.com:443
08:33:43 [DEBUG] Starting new HTTPS connection (1): dl.google.com:443
08:33:44 [DEBUG] https://dl.google.com:443 "GET /dl/android/studio/install/3.4.1.0/android-studio-ide-183.5522156-windows.exe HTTP/1.1" 200 1017327996
08:33:44 [DEBUG] Starting new HTTPS connection (1): www.google.com:443
08:33:44 [DEBUG] Starting new HTTPS connection (1): www.google.com:443
08:33:44 [DEBUG] Starting new HTTPS connection (1): cp.cloudflare.com:443
08:33:44 [DEBUG] Starting new HTTPS connection (1): cp.cloudflare.com:443
08:33:44 [DEBUG] Starting new HTTPS connection (1): www.gstatic.com:443
08:33:44 [DEBUG] Starting new HTTPS connection (1): www.gstatic.com:443
08:33:45 [DEBUG] Starting new HTTPS connection (1): cp.cloudflare.com:443
08:33:45 [DEBUG] Starting new HTTPS connection (1): www.gstatic.com:443
08:33:45 [DEBUG] Starting new HTTPS connection (1): www.google.com:443
08:33:46 [DEBUG] Starting new HTTPS connection (1): cp.cloudflare.com:443
08:33:46 [DEBUG] Starting new HTTPS connection (1): www.gstatic.com:443
08:33:46 [DEBUG] Starting new HTTPS connection (1): www.gstatic.com:443
08:33:47 [DEBUG] Starting new HTTPS connection (1): www.gstatic.com:443
08:33:47 [INFO]    📊 Global: 240/400 (60%) | ✅72 ❌168
08:33:48 [DEBUG] Starting new HTTPS connection (1): www.gstatic.com:443
08:33:48 [DEBUG] Starting new HTTPS connection (1): www.google.com:443
08:33:48 [DEBUG] Starting new HTTPS connection (1): cp.cloudflare.com:443
08:33:48 [DEBUG] Starting new HTTPS connection (1): www.gstatic.com:443
08:33:48 [DEBUG] Starting new HTTPS connection (1): www.google.com:443
08:33:48 [DEBUG] Starting new HTTPS connection (1): cp.cloudflare.com:443
08:33:48 [DEBUG] Starting new HTTPS connection (1): www.gstatic.com:443
08:33:48 [DEBUG] Starting new HTTPS connection (1): www.google.com:443
08:33:49 [DEBUG] Starting new HTTPS connection (1): www.google.com:443
08:33:49 [DEBUG] Starting new HTTPS connection (1): www.google.com:443
08:33:49 [DEBUG] Starting new HTTPS connection (1): cp.cloudflare.com:443
08:33:49 [DEBUG] Starting new HTTPS connection (1): www.gstatic.com:443
08:33:50 [DEBUG] Starting new HTTPS connection (1): www.google.com:443
08:33:50 [DEBUG] Starting new HTTPS connection (1): www.google.com:443
08:33:50 [DEBUG] Starting new HTTPS connection (1): cp.cloudflare.com:443
08:33:50 [INFO]    🎯 5.255.114.61 (Нидерланды) - 1.8Mbps, 471ms UDP❌  []
08:33:51 [DEBUG] Starting new HTTPS connection (1): cp.cloudflare.com:443
08:33:51 [DEBUG] Starting new HTTPS connection (1): www.google.com:443
08:33:51 [DEBUG] Starting new HTTPS connection (1): www.google.com:443
08:33:52 [DEBUG] Starting new HTTPS connection (1): cp.cloudflare.com:443
08:33:52 [DEBUG] Starting new HTTPS connection (1): www.google.com:443
08:33:52 [DEBUG] Starting new HTTPS connection (1): cp.cloudflare.com:443
08:33:52 [DEBUG] Starting new HTTPS connection (1): www.google.com:443
08:33:52 [DEBUG] Starting new HTTPS connection (1): cp.cloudflare.com:443
08:33:53 [DEBUG] Starting new HTTPS connection (1): www.gstatic.com:443
08:33:54 [DEBUG] Starting new HTTPS connection (1): www.gstatic.com:443
08:33:54 [DEBUG] Starting new HTTPS connection (1): cp.cloudflare.com:443
08:33:54 [DEBUG] Starting new HTTPS connection (1): www.gstatic.com:443
08:33:55 [DEBUG] Starting new HTTPS connection (1): www.gstatic.com:443
08:33:55 [DEBUG] Starting new HTTPS connection (1): www.gstatic.com:443
08:33:56 [DEBUG] Starting new HTTPS connection (1): cp.cloudflare.com:443
08:33:56 [DEBUG] Starting new HTTPS connection (1): www.google.com:443
08:33:56 [DEBUG] Starting new HTTPS connection (1): cp.cloudflare.com:443
08:33:57 [DEBUG] Starting new HTTPS connection (1): www.gstatic.com:443
08:33:57 [DEBUG] Starting new HTTPS connection (1): www.google.com:443
08:33:58 [DEBUG] Starting new HTTPS connection (1): www.google.com:443
08:33:58 [DEBUG] Starting new HTTPS connection (1): cp.cloudflare.com:443
08:33:58 [DEBUG] Starting new HTTPS connection (1): www.google.com:443
08:33:58 [DEBUG] Starting new HTTPS connection (1): cp.cloudflare.com:443
08:34:00 [DEBUG] Starting new HTTPS connection (1): cp.cloudflare.com:443
08:34:00 [DEBUG] Starting new HTTPS connection (1): cp.cloudflare.com:443
08:34:00 [DEBUG] Starting new HTTPS connection (1): www.google.com:443
08:34:00 [DEBUG] Starting new HTTPS connection (1): www.gstatic.com:443
08:34:01 [DEBUG] Starting new HTTPS connection (1): www.gstatic.com:443
08:34:01 [DEBUG] Starting new HTTPS connection (1): www.gstatic.com:443
08:34:01 [DEBUG] Starting new HTTPS connection (1): cp.cloudflare.com:443
08:34:02 [DEBUG] Starting new HTTPS connection (1): www.google.com:443
08:34:02 [DEBUG] Starting new HTTPS connection (1): cp.cloudflare.com:443
08:34:02 [DEBUG] Starting new HTTPS connection (1): www.gstatic.com:443
08:34:02 [DEBUG] Starting new HTTPS connection (1): www.gstatic.com:443
08:34:02 [DEBUG] Starting new HTTPS connection (1): www.gstatic.com:443
08:34:03 [DEBUG] Starting new HTTPS connection (1): www.google.com:443
08:34:03 [DEBUG] Starting new HTTPS connection (1): www.gstatic.com:443
08:34:04 [DEBUG] Starting new HTTPS connection (1): www.gstatic.com:443
08:34:04 [DEBUG] Starting new HTTPS connection (1): www.google.com:443
08:34:04 [DEBUG] Starting new HTTPS connection (1): cp.cloudflare.com:443
08:34:04 [DEBUG] Starting new HTTPS connection (1): www.gstatic.com:443
08:34:04 [DEBUG] Starting new HTTPS connection (1): www.google.com:443
08:34:04 [DEBUG] Starting new HTTPS connection (1): cp.cloudflare.com:443
08:34:04 [DEBUG] Starting new HTTPS connection (1): www.gstatic.com:443
08:34:05 [DEBUG] Starting new HTTPS connection (1): cp.cloudflare.com:443
08:34:05 [DEBUG] Starting new HTTPS connection (1): www.google.com:443
08:34:05 [DEBUG] Starting new HTTPS connection (1): www.google.com:443
08:34:05 [DEBUG] Starting new HTTPS connection (1): cp.cloudflare.com:443
08:34:05 [DEBUG] Starting new HTTPS connection (1): www.google.com:443
08:34:06 [DEBUG] Starting new HTTPS connection (1): www.google.com:443
08:34:06 [DEBUG] https://www.google.com:443 "GET /generate_204 HTTP/1.1" 204 0
08:34:06 [DEBUG] Starting new HTTPS connection (1): cp.cloudflare.com:443
08:34:06 [DEBUG] https://cp.cloudflare.com:443 "GET / HTTP/1.1" 204 0
08:34:06 [DEBUG] Starting new HTTPS connection (1): www.gstatic.com:443
08:34:06 [DEBUG] https://www.gstatic.com:443 "GET /generate_204 HTTP/1.1" 204 0
08:34:06 [DEBUG] Starting new HTTPS connection (1): dl.google.com:443
08:34:06 [DEBUG] Starting new HTTPS connection (1): www.google.com:443
08:34:06 [DEBUG] Starting new HTTPS connection (1): cp.cloudflare.com:443
08:34:06 [DEBUG] Starting new HTTPS connection (1): www.gstatic.com:443
08:34:07 [DEBUG] https://dl.google.com:443 "GET /dl/android/studio/install/3.4.1.0/android-studio-ide-183.5522156-windows.exe HTTP/1.1" 404 1449
08:34:07 [INFO]    🎯 162.19.228.119 (Франция) - 0.0Mbps, 160ms UDP✅  []
08:34:07 [DEBUG] Starting new HTTPS connection (1): www.google.com:443
08:34:07 [DEBUG] Starting new HTTPS connection (1): www.gstatic.com:443
08:34:07 [DEBUG] Starting new HTTPS connection (1): cp.cloudflare.com:443
08:34:07 [DEBUG] Starting new HTTPS connection (1): cp.cloudflare.com:443
08:34:08 [DEBUG] Starting new HTTPS connection (1): www.google.com:443
08:34:08 [DEBUG] Starting new HTTPS connection (1): cp.cloudflare.com:443
08:34:08 [DEBUG] Starting new HTTPS connection (1): www.google.com:443
08:34:09 [DEBUG] Starting new HTTPS connection (1): cp.cloudflare.com:443
08:34:09 [DEBUG] Starting new HTTPS connection (1): www.gstatic.com:443
08:34:09 [DEBUG] Starting new HTTPS connection (1): www.gstatic.com:443
08:34:10 [DEBUG] Starting new HTTPS connection (1): www.gstatic.com:443
08:34:10 [DEBUG] Starting new HTTPS connection (1): cp.cloudflare.com:443
08:34:10 [DEBUG] Starting new HTTPS connection (1): www.google.com:443
08:34:10 [DEBUG] Starting new HTTPS connection (1): cp.cloudflare.com:443
08:34:10 [DEBUG] Starting new HTTPS connection (1): www.gstatic.com:443
08:34:10 [DEBUG] Starting new HTTPS connection (1): www.google.com:443
08:34:10 [DEBUG] Starting new HTTPS connection (1): cp.cloudflare.com:443
08:34:10 [DEBUG] Starting new HTTPS connection (1): www.gstatic.com:443
08:34:11 [DEBUG] Starting new HTTPS connection (1): www.gstatic.com:443
08:34:12 [DEBUG] Starting new HTTPS connection (1): www.gstatic.com:443
08:34:12 [DEBUG] Starting new HTTPS connection (1): www.google.com:443
08:34:12 [DEBUG] Starting new HTTPS connection (1): cp.cloudflare.com:443
08:34:12 [DEBUG] Starting new HTTPS connection (1): www.gstatic.com:443
08:34:12 [DEBUG] Starting new HTTPS connection (1): www.gstatic.com:443
08:34:12 [DEBUG] Starting new HTTPS connection (1): cp.cloudflare.com:443
08:34:12 [DEBUG] Starting new HTTPS connection (1): www.google.com:443
08:34:12 [DEBUG] Starting new HTTPS connection (1): cp.cloudflare.com:443
08:34:12 [DEBUG] Starting new HTTPS connection (1): www.gstatic.com:443
08:34:13 [DEBUG] Starting new HTTPS connection (1): www.google.com:443
08:34:13 [DEBUG] Starting new HTTPS connection (1): www.google.com:443
08:34:13 [DEBUG] Starting new HTTPS connection (1): cp.cloudflare.com:443
08:34:13 [DEBUG] Starting new HTTPS connection (1): www.gstatic.com:443
08:34:13 [DEBUG] Starting new HTTPS connection (1): www.google.com:443
08:34:14 [DEBUG] Starting new HTTPS connection (1): www.google.com:443
08:34:14 [DEBUG] Starting new HTTPS connection (1): cp.cloudflare.com:443
08:34:14 [DEBUG] Starting new HTTPS connection (1): www.gstatic.com:443
08:34:14 [DEBUG] Starting new HTTPS connection (1): www.google.com:443
08:34:14 [DEBUG] Starting new HTTPS connection (1): www.gstatic.com:443
08:34:14 [DEBUG] Starting new HTTPS connection (1): cp.cloudflare.com:443
08:34:14 [DEBUG] Starting new HTTPS connection (1): www.gstatic.com:443
08:34:14 [DEBUG] Starting new HTTPS connection (1): www.google.com:443
08:34:15 [DEBUG] Starting new HTTPS connection (1): cp.cloudflare.com:443
08:34:15 [DEBUG] Starting new HTTPS connection (1): www.google.com:443
08:34:15 [DEBUG] Starting new HTTPS connection (1): www.google.com:443
08:34:15 [DEBUG] Starting new HTTPS connection (1): www.google.com:443
08:34:15 [DEBUG] Starting new HTTPS connection (1): cp.cloudflare.com:443
08:34:15 [DEBUG] https://www.google.com:443 "GET /generate_204 HTTP/1.1" 204 0
08:34:15 [DEBUG] Starting new HTTPS connection (1): cp.cloudflare.com:443
08:34:15 [DEBUG] Starting new HTTPS connection (1): www.gstatic.com:443
08:34:15 [INFO]    📊 Global: 280/400 (70%) | ✅74 ❌206
08:34:15 [DEBUG] Starting new HTTPS connection (1): www.google.com:443
08:34:15 [DEBUG] Starting new HTTPS connection (1): cp.cloudflare.com:443
08:34:15 [DEBUG] Starting new HTTPS connection (1): www.gstatic.com:443
08:34:16 [DEBUG] https://cp.cloudflare.com:443 "GET / HTTP/1.1" 403 None
08:34:16 [DEBUG] Starting new HTTPS connection (1): www.gstatic.com:443
08:34:16 [DEBUG] https://www.gstatic.com:443 "GET /generate_204 HTTP/1.1" 204 0
08:34:16 [DEBUG] Starting new HTTPS connection (1): dl.google.com:443
08:34:16 [DEBUG] https://dl.google.com:443 "GET /dl/android/studio/install/3.4.1.0/android-studio-ide-183.5522156-windows.exe HTTP/1.1" 200 1017327996
08:34:16 [DEBUG] Starting new HTTPS connection (1): cp.cloudflare.com:443
08:34:16 [INFO]    🎯 94.23.120.129 (Франция) - 26.1Mbps, 165ms UDP✅  []
08:34:16 [DEBUG] Starting new HTTPS connection (1): www.google.com:443
08:34:16 [DEBUG] Starting new HTTPS connection (1): cp.cloudflare.com:443
08:34:16 [DEBUG] Starting new HTTPS connection (1): www.gstatic.com:443
08:34:16 [DEBUG] Starting new HTTPS connection (1): www.google.com:443
08:34:17 [DEBUG] Starting new HTTPS connection (1): cp.cloudflare.com:443
08:34:17 [DEBUG] Starting new HTTPS connection (1): www.gstatic.com:443
08:34:17 [DEBUG] Starting new HTTPS connection (1): www.google.com:443
08:34:17 [DEBUG] Starting new HTTPS connection (1): www.gstatic.com:443
08:34:17 [DEBUG] https://www.google.com:443 "GET /generate_204 HTTP/1.1" 204 0
08:34:17 [DEBUG] Starting new HTTPS connection (1): cp.cloudflare.com:443
08:34:17 [DEBUG] Starting new HTTPS connection (1): cp.cloudflare.com:443
08:34:17 [DEBUG] https://cp.cloudflare.com:443 "GET / HTTP/1.1" 204 0
08:34:17 [DEBUG] Starting new HTTPS connection (1): www.gstatic.com:443
08:34:17 [DEBUG] Starting new HTTPS connection (1): www.google.com:443
08:34:17 [DEBUG] Starting new HTTPS connection (1): cp.cloudflare.com:443
08:34:18 [DEBUG] Starting new HTTPS connection (1): www.gstatic.com:443
08:34:18 [DEBUG] Starting new HTTPS connection (1): www.google.com:443
08:34:18 [DEBUG] Starting new HTTPS connection (1): cp.cloudflare.com:443
08:34:18 [DEBUG] Starting new HTTPS connection (1): www.gstatic.com:443
08:34:18 [DEBUG] Starting new HTTPS connection (1): www.google.com:443
08:34:18 [DEBUG] https://www.gstatic.com:443 "GET /generate_204 HTTP/1.1" 204 0
08:34:18 [DEBUG] Starting new HTTPS connection (1): www.google.com:443
08:34:18 [DEBUG] https://www.google.com:443 "GET /generate_204 HTTP/1.1" 204 0
08:34:18 [DEBUG] Starting new HTTPS connection (1): cp.cloudflare.com:443
08:34:18 [DEBUG] Starting new HTTPS connection (1): dl.google.com:443
08:34:18 [DEBUG] Starting new HTTPS connection (1): cp.cloudflare.com:443
08:34:18 [DEBUG] https://dl.google.com:443 "GET /dl/android/studio/install/3.4.1.0/android-studio-ide-183.5522156-windows.exe HTTP/1.1" 404 1449
08:34:18 [INFO]    🎯 46.226.167.138 (Франция) - 0.0Mbps, 336ms UDP✅  []
08:34:18 [DEBUG] Starting new HTTPS connection (1): www.gstatic.com:443
08:34:18 [DEBUG] https://cp.cloudflare.com:443 "GET / HTTP/1.1" 204 0
08:34:18 [DEBUG] Starting new HTTPS connection (1): www.gstatic.com:443
08:34:19 [DEBUG] https://www.gstatic.com:443 "GET /generate_204 HTTP/1.1" 204 0
08:34:19 [DEBUG] Starting new HTTPS connection (1): dl.google.com:443
08:34:19 [DEBUG] Starting new HTTPS connection (1): www.google.com:443
08:34:19 [DEBUG] Starting new HTTPS connection (1): cp.cloudflare.com:443
08:34:19 [DEBUG] https://dl.google.com:443 "GET /dl/android/studio/install/3.4.1.0/android-studio-ide-183.5522156-windows.exe HTTP/1.1" 200 1017327996
08:34:19 [DEBUG] Starting new HTTPS connection (1): www.google.com:443
08:34:19 [DEBUG] Starting new HTTPS connection (1): cp.cloudflare.com:443
08:34:19 [DEBUG] Starting new HTTPS connection (1): www.gstatic.com:443
08:34:19 [DEBUG] Starting new HTTPS connection (1): www.gstatic.com:443
08:34:19 [DEBUG] Starting new HTTPS connection (1): www.google.com:443
08:34:19 [DEBUG] Starting new HTTPS connection (1): cp.cloudflare.com:443
08:34:19 [DEBUG] Starting new HTTPS connection (1): www.gstatic.com:443
08:34:20 [DEBUG] Starting new HTTPS connection (1): www.gstatic.com:443
08:34:20 [DEBUG] Starting new HTTPS connection (1): www.google.com:443
08:34:20 [DEBUG] Starting new HTTPS connection (1): www.google.com:443
08:34:20 [DEBUG] Starting new HTTPS connection (1): cp.cloudflare.com:443
08:34:20 [DEBUG] Starting new HTTPS connection (1): cp.cloudflare.com:443
08:34:20 [DEBUG] Starting new HTTPS connection (1): www.gstatic.com:443
08:34:20 [DEBUG] Starting new HTTPS connection (1): www.gstatic.com:443
08:34:21 [DEBUG] Starting new HTTPS connection (1): www.google.com:443
08:34:21 [DEBUG] Starting new HTTPS connection (1): cp.cloudflare.com:443
08:34:21 [DEBUG] Starting new HTTPS connection (1): www.gstatic.com:443
08:34:21 [DEBUG] Starting new HTTPS connection (1): www.google.com:443
08:34:21 [DEBUG] Starting new HTTPS connection (1): cp.cloudflare.com:443
08:34:21 [DEBUG] Starting new HTTPS connection (1): www.gstatic.com:443
08:34:21 [DEBUG] Starting new HTTPS connection (1): www.google.com:443
08:34:21 [DEBUG] Starting new HTTPS connection (1): www.google.com:443
08:34:21 [DEBUG] Starting new HTTPS connection (1): cp.cloudflare.com:443
08:34:21 [DEBUG] Starting new HTTPS connection (1): www.google.com:443
08:34:22 [DEBUG] Starting new HTTPS connection (1): www.gstatic.com:443
08:34:22 [DEBUG] https://www.google.com:443 "GET /generate_204 HTTP/1.1" 204 0
08:34:22 [DEBUG] Starting new HTTPS connection (1): cp.cloudflare.com:443
08:34:22 [DEBUG] Starting new HTTPS connection (1): www.google.com:443
08:34:22 [DEBUG] Starting new HTTPS connection (1): cp.cloudflare.com:443
08:34:22 [DEBUG] Starting new HTTPS connection (1): www.gstatic.com:443
08:34:22 [DEBUG] Starting new HTTPS connection (1): www.google.com:443
08:34:22 [DEBUG] Starting new HTTPS connection (1): cp.cloudflare.com:443
08:34:22 [DEBUG] Starting new HTTPS connection (1): www.google.com:443
08:34:22 [DEBUG] Starting new HTTPS connection (1): www.gstatic.com:443
08:34:22 [DEBUG] Starting new HTTPS connection (1): cp.cloudflare.com:443
08:34:23 [DEBUG] Starting new HTTPS connection (1): www.gstatic.com:443
08:34:23 [DEBUG] Starting new HTTPS connection (1): www.google.com:443
08:34:23 [DEBUG] Starting new HTTPS connection (1): cp.cloudflare.com:443
08:34:23 [DEBUG] Starting new HTTPS connection (1): cp.cloudflare.com:443
08:34:23 [DEBUG] Starting new HTTPS connection (1): www.gstatic.com:443
08:34:23 [DEBUG] https://cp.cloudflare.com:443 "GET / HTTP/1.1" 204 0
08:34:23 [DEBUG] Starting new HTTPS connection (1): www.gstatic.com:443
08:34:23 [DEBUG] Starting new HTTPS connection (1): www.gstatic.com:443
08:34:23 [DEBUG] https://www.gstatic.com:443 "GET /generate_204 HTTP/1.1" 204 0
08:34:23 [DEBUG] Starting new HTTPS connection (1): dl.google.com:443
08:34:23 [DEBUG] Starting new HTTPS connection (1): www.google.com:443
08:34:23 [DEBUG] Starting new HTTPS connection (1): cp.cloudflare.com:443
08:34:23 [DEBUG] Starting new HTTPS connection (1): www.gstatic.com:443
08:34:23 [DEBUG] https://dl.google.com:443 "GET /dl/android/studio/install/3.4.1.0/android-studio-ide-183.5522156-windows.exe HTTP/1.1" 200 1017327996
08:34:24 [INFO]    🎯 57.129.137.54 (Британия) - 40.2Mbps, 559ms UDP✅  []
08:34:24 [DEBUG] Starting new HTTPS connection (1): www.google.com:443
08:34:24 [DEBUG] Starting new HTTPS connection (1): www.google.com:443
08:34:24 [DEBUG] Starting new HTTPS connection (1): cp.cloudflare.com:443
08:34:24 [DEBUG] Starting new HTTPS connection (1): www.gstatic.com:443
08:34:24 [DEBUG] Starting new HTTPS connection (1): www.google.com:443
08:34:24 [DEBUG] Starting new HTTPS connection (1): cp.cloudflare.com:443
08:34:24 [DEBUG] Starting new HTTPS connection (1): www.gstatic.com:443
08:34:25 [DEBUG] Starting new HTTPS connection (1): www.google.com:443
08:34:25 [DEBUG] Starting new HTTPS connection (1): cp.cloudflare.com:443
08:34:25 [DEBUG] Starting new HTTPS connection (1): www.gstatic.com:443
08:34:25 [DEBUG] Starting new HTTPS connection (1): www.google.com:443
08:34:25 [DEBUG] Starting new HTTPS connection (1): cp.cloudflare.com:443
08:34:25 [DEBUG] Starting new HTTPS connection (1): www.gstatic.com:443
08:34:25 [DEBUG] Starting new HTTPS connection (1): www.google.com:443
08:34:25 [DEBUG] Starting new HTTPS connection (1): cp.cloudflare.com:443
08:34:25 [DEBUG] Starting new HTTPS connection (1): www.gstatic.com:443
08:34:25 [DEBUG] Starting new HTTPS connection (1): www.google.com:443
08:34:25 [DEBUG] Starting new HTTPS connection (1): cp.cloudflare.com:443
08:34:25 [DEBUG] Starting new HTTPS connection (1): www.gstatic.com:443
08:34:26 [DEBUG] Starting new HTTPS connection (1): www.google.com:443
08:34:26 [DEBUG] Starting new HTTPS connection (1): cp.cloudflare.com:443
08:34:26 [DEBUG] Starting new HTTPS connection (1): cp.cloudflare.com:443
08:34:26 [DEBUG] Starting new HTTPS connection (1): www.gstatic.com:443
08:34:26 [DEBUG] Starting new HTTPS connection (1): www.google.com:443
08:34:26 [DEBUG] Starting new HTTPS connection (1): www.google.com:443
08:34:26 [DEBUG] https://www.gstatic.com:443 "GET /generate_204 HTTP/1.1" 204 0
08:34:27 [DEBUG] Starting new HTTPS connection (1): cp.cloudflare.com:443
08:34:27 [DEBUG] Starting new HTTPS connection (1): www.google.com:443
08:34:27 [DEBUG] Starting new HTTPS connection (1): www.google.com:443
08:34:28 [DEBUG] Starting new HTTPS connection (1): www.google.com:443
08:34:28 [DEBUG] Starting new HTTPS connection (1): www.gstatic.com:443
08:34:28 [DEBUG] Starting new HTTPS connection (1): www.gstatic.com:443
08:34:29 [DEBUG] Starting new HTTPS connection (1): cp.cloudflare.com:443
08:34:29 [DEBUG] Starting new HTTPS connection (1): cp.cloudflare.com:443
08:34:29 [DEBUG] Starting new HTTPS connection (1): www.gstatic.com:443
08:34:30 [DEBUG] Starting new HTTPS connection (1): cp.cloudflare.com:443
08:34:30 [DEBUG] Starting new HTTPS connection (1): cp.cloudflare.com:443
08:34:31 [DEBUG] Starting new HTTPS connection (1): www.gstatic.com:443
08:34:31 [DEBUG] Starting new HTTPS connection (1): cp.cloudflare.com:443
08:34:32 [DEBUG] Starting new HTTPS connection (1): www.google.com:443
08:34:32 [DEBUG] https://www.google.com:443 "GET /generate_204 HTTP/1.1" 204 0
08:34:32 [DEBUG] Starting new HTTPS connection (1): cp.cloudflare.com:443
08:34:32 [DEBUG] https://cp.cloudflare.com:443 "GET / HTTP/1.1" 204 0
08:34:32 [DEBUG] Starting new HTTPS connection (1): www.gstatic.com:443
08:34:32 [DEBUG] Starting new HTTPS connection (1): www.gstatic.com:443
08:34:32 [DEBUG] https://www.gstatic.com:443 "GET /generate_204 HTTP/1.1" 204 0
08:34:32 [DEBUG] Starting new HTTPS connection (1): dl.google.com:443
08:34:32 [DEBUG] https://dl.google.com:443 "GET /dl/android/studio/install/3.4.1.0/android-studio-ide-183.5522156-windows.exe HTTP/1.1" 404 1449
08:34:32 [DEBUG] Starting new HTTPS connection (1): www.gstatic.com:443
08:34:32 [INFO]    🎯 188.114.98.0 (XX) - 0.0Mbps, 74ms UDP✅  []
08:34:33 [DEBUG] Starting new HTTPS connection (1): www.google.com:443
08:34:33 [INFO]    🎯 172.233.249.145 (Франция) - 0.9Mbps, 292ms UDP✅  []
08:34:34 [DEBUG] Starting new HTTPS connection (1): www.gstatic.com:443
08:34:34 [INFO]    📊 Global: 320/400 (80%) | ✅79 ❌241
08:34:34 [DEBUG] Starting new HTTPS connection (1): www.google.com:443
08:34:34 [DEBUG] Starting new HTTPS connection (1): www.gstatic.com:443
08:34:34 [DEBUG] Starting new HTTPS connection (1): www.google.com:443
08:34:34 [DEBUG] Starting new HTTPS connection (1): www.google.com:443
08:34:35 [DEBUG] Starting new HTTPS connection (1): www.google.com:443
08:34:35 [DEBUG] Starting new HTTPS connection (1): cp.cloudflare.com:443
08:34:35 [DEBUG] Starting new HTTPS connection (1): www.gstatic.com:443
08:34:35 [DEBUG] Starting new HTTPS connection (1): cp.cloudflare.com:443
08:34:35 [DEBUG] Starting new HTTPS connection (1): www.google.com:443
08:34:35 [DEBUG] Starting new HTTPS connection (1): www.google.com:443
08:34:35 [DEBUG] Starting new HTTPS connection (1): cp.cloudflare.com:443
08:34:35 [DEBUG] Starting new HTTPS connection (1): www.gstatic.com:443
08:34:35 [DEBUG] Starting new HTTPS connection (1): cp.cloudflare.com:443
08:34:35 [DEBUG] Starting new HTTPS connection (1): www.gstatic.com:443
08:34:36 [DEBUG] Starting new HTTPS connection (1): cp.cloudflare.com:443
08:34:36 [DEBUG] Starting new HTTPS connection (1): www.google.com:443
08:34:36 [DEBUG] Starting new HTTPS connection (1): cp.cloudflare.com:443
08:34:37 [DEBUG] Starting new HTTPS connection (1): cp.cloudflare.com:443
08:34:37 [DEBUG] Starting new HTTPS connection (1): www.google.com:443
08:34:37 [DEBUG] Starting new HTTPS connection (1): www.google.com:443
08:34:37 [DEBUG] Starting new HTTPS connection (1): www.gstatic.com:443
08:34:38 [DEBUG] Starting new HTTPS connection (1): www.gstatic.com:443
08:34:38 [DEBUG] Starting new HTTPS connection (1): cp.cloudflare.com:443
08:34:39 [DEBUG] Starting new HTTPS connection (1): www.gstatic.com:443
08:34:39 [DEBUG] Starting new HTTPS connection (1): www.gstatic.com:443
08:34:39 [DEBUG] Starting new HTTPS connection (1): cp.cloudflare.com:443
08:34:39 [DEBUG] Starting new HTTPS connection (1): cp.cloudflare.com:443
08:34:40 [DEBUG] Starting new HTTPS connection (1): www.google.com:443
08:34:40 [DEBUG] Starting new HTTPS connection (1): www.gstatic.com:443
08:34:40 [DEBUG] Starting new HTTPS connection (1): www.google.com:443
08:34:41 [DEBUG] Starting new HTTPS connection (1): cp.cloudflare.com:443
08:34:41 [DEBUG] Starting new HTTPS connection (1): www.google.com:443
08:34:41 [DEBUG] Starting new HTTPS connection (1): www.gstatic.com:443
08:34:41 [DEBUG] Starting new HTTPS connection (1): www.gstatic.com:443
08:34:41 [DEBUG] Starting new HTTPS connection (1): www.gstatic.com:443
08:34:41 [DEBUG] Starting new HTTPS connection (1): www.google.com:443
08:34:42 [DEBUG] Starting new HTTPS connection (1): www.google.com:443
08:34:42 [DEBUG] Starting new HTTPS connection (1): cp.cloudflare.com:443
08:34:42 [DEBUG] Starting new HTTPS connection (1): www.google.com:443
08:34:42 [DEBUG] Starting new HTTPS connection (1): cp.cloudflare.com:443
08:34:42 [DEBUG] Starting new HTTPS connection (1): www.gstatic.com:443
08:34:42 [DEBUG] Starting new HTTPS connection (1): www.google.com:443
08:34:43 [DEBUG] Starting new HTTPS connection (1): cp.cloudflare.com:443
08:34:43 [DEBUG] Starting new HTTPS connection (1): www.google.com:443
08:34:43 [DEBUG] Starting new HTTPS connection (1): cp.cloudflare.com:443
08:34:43 [DEBUG] Starting new HTTPS connection (1): www.google.com:443
08:34:44 [DEBUG] Starting new HTTPS connection (1): www.gstatic.com:443
08:34:44 [DEBUG] Starting new HTTPS connection (1): www.google.com:443
08:34:44 [DEBUG] Starting new HTTPS connection (1): www.google.com:443
08:34:44 [DEBUG] Starting new HTTPS connection (1): cp.cloudflare.com:443
08:34:44 [DEBUG] Starting new HTTPS connection (1): www.gstatic.com:443
08:34:44 [DEBUG] Starting new HTTPS connection (1): cp.cloudflare.com:443
08:34:45 [DEBUG] Starting new HTTPS connection (1): www.gstatic.com:443
08:34:45 [DEBUG] Starting new HTTPS connection (1): cp.cloudflare.com:443
08:34:45 [DEBUG] Starting new HTTPS connection (1): www.google.com:443
08:34:45 [DEBUG] Starting new HTTPS connection (1): cp.cloudflare.com:443
08:34:45 [DEBUG] Starting new HTTPS connection (1): www.gstatic.com:443
08:34:45 [DEBUG] Starting new HTTPS connection (1): www.gstatic.com:443
08:34:46 [DEBUG] Starting new HTTPS connection (1): cp.cloudflare.com:443
08:34:46 [DEBUG] Starting new HTTPS connection (1): cp.cloudflare.com:443
08:34:46 [DEBUG] Starting new HTTPS connection (1): www.gstatic.com:443
08:34:46 [DEBUG] Starting new HTTPS connection (1): www.google.com:443
08:34:46 [DEBUG] Starting new HTTPS connection (1): cp.cloudflare.com:443
08:34:46 [DEBUG] Starting new HTTPS connection (1): www.gstatic.com:443
08:34:47 [DEBUG] Starting new HTTPS connection (1): cp.cloudflare.com:443
08:34:47 [DEBUG] Starting new HTTPS connection (1): www.google.com:443
08:34:47 [DEBUG] Starting new HTTPS connection (1): cp.cloudflare.com:443
08:34:47 [DEBUG] Starting new HTTPS connection (1): www.gstatic.com:443
08:34:47 [DEBUG] Starting new HTTPS connection (1): www.gstatic.com:443
08:34:48 [DEBUG] Starting new HTTPS connection (1): www.google.com:443
08:34:48 [DEBUG] Starting new HTTPS connection (1): cp.cloudflare.com:443
08:34:48 [DEBUG] Starting new HTTPS connection (1): www.gstatic.com:443
08:34:48 [DEBUG] Starting new HTTPS connection (1): www.gstatic.com:443
08:34:48 [DEBUG] Starting new HTTPS connection (1): www.gstatic.com:443
08:34:48 [DEBUG] Starting new HTTPS connection (1): www.google.com:443
08:34:48 [DEBUG] Starting new HTTPS connection (1): cp.cloudflare.com:443
08:34:48 [DEBUG] Starting new HTTPS connection (1): www.gstatic.com:443
08:34:48 [DEBUG] Starting new HTTPS connection (1): www.google.com:443
08:34:49 [DEBUG] https://www.google.com:443 "GET /generate_204 HTTP/1.1" 204 0
08:34:49 [DEBUG] Starting new HTTPS connection (1): cp.cloudflare.com:443
08:34:49 [DEBUG] https://cp.cloudflare.com:443 "GET / HTTP/1.1" 204 0
08:34:49 [DEBUG] Starting new HTTPS connection (1): www.gstatic.com:443
08:34:49 [DEBUG] Starting new HTTPS connection (1): www.google.com:443
08:34:49 [DEBUG] https://www.gstatic.com:443 "GET /generate_204 HTTP/1.1" 204 0
08:34:49 [DEBUG] Starting new HTTPS connection (1): dl.google.com:443
08:34:49 [DEBUG] Starting new HTTPS connection (1): cp.cloudflare.com:443
08:34:49 [DEBUG] Starting new HTTPS connection (1): www.gstatic.com:443
08:34:49 [DEBUG] https://dl.google.com:443 "GET /dl/android/studio/install/3.4.1.0/android-studio-ide-183.5522156-windows.exe HTTP/1.1" 404 1449
08:34:49 [INFO]    🎯 162.159.135.42 (XX) - 0.0Mbps, 94ms UDP✅  []
08:34:49 [DEBUG] Starting new HTTPS connection (1): www.google.com:443
08:34:49 [DEBUG] https://www.google.com:443 "GET /generate_204 HTTP/1.1" 204 0
08:34:49 [DEBUG] Starting new HTTPS connection (1): cp.cloudflare.com:443
08:34:49 [DEBUG] Starting new HTTPS connection (1): www.google.com:443
08:34:49 [DEBUG] https://cp.cloudflare.com:443 "GET / HTTP/1.1" 204 0
08:34:49 [DEBUG] Starting new HTTPS connection (1): www.gstatic.com:443
08:34:49 [DEBUG] https://www.gstatic.com:443 "GET /generate_204 HTTP/1.1" 204 0
08:34:49 [DEBUG] Starting new HTTPS connection (1): dl.google.com:443
08:34:49 [DEBUG] https://dl.google.com:443 "GET /dl/android/studio/install/3.4.1.0/android-studio-ide-183.5522156-windows.exe HTTP/1.1" 404 1449
08:34:49 [INFO]    🎯 104.21.40.34 (XX) - 0.0Mbps, 98ms UDP✅  []
08:34:50 [DEBUG] Starting new HTTPS connection (1): www.google.com:443
08:34:50 [DEBUG] https://www.google.com:443 "GET /generate_204 HTTP/1.1" 204 0
08:34:50 [DEBUG] Starting new HTTPS connection (1): cp.cloudflare.com:443
08:34:50 [DEBUG] Starting new HTTPS connection (1): www.gstatic.com:443
08:34:50 [DEBUG] https://www.gstatic.com:443 "GET /generate_204 HTTP/1.1" 204 0
08:34:50 [DEBUG] Starting new HTTPS connection (1): dl.google.com:443
08:34:50 [DEBUG] Starting new HTTPS connection (1): www.google.com:443
08:34:50 [DEBUG] Starting new HTTPS connection (1): www.google.com:443
08:34:50 [DEBUG] Starting new HTTPS connection (1): www.google.com:443
08:34:51 [DEBUG] https://dl.google.com:443 "GET /dl/android/studio/install/3.4.1.0/android-studio-ide-183.5522156-windows.exe HTTP/1.1" 200 1017327996
08:34:51 [DEBUG] Starting new HTTPS connection (1): www.google.com:443
08:34:51 [DEBUG] Starting new HTTPS connection (1): www.google.com:443
08:34:51 [DEBUG] Starting new HTTPS connection (1): www.google.com:443
08:34:51 [DEBUG] Starting new HTTPS connection (1): cp.cloudflare.com:443
08:34:52 [INFO]    🎯 104.17.148.22 (XX) - 7.6Mbps, 69ms UDP✅  []
08:34:52 [DEBUG] Starting new HTTPS connection (1): www.gstatic.com:443
08:34:52 [DEBUG] Starting new HTTPS connection (1): cp.cloudflare.com:443
08:34:52 [DEBUG] Starting new HTTPS connection (1): cp.cloudflare.com:443
08:34:52 [DEBUG] Starting new HTTPS connection (1): cp.cloudflare.com:443
08:34:53 [DEBUG] Starting new HTTPS connection (1): cp.cloudflare.com:443
08:34:53 [DEBUG] Starting new HTTPS connection (1): www.google.com:443
08:34:53 [DEBUG] Starting new HTTPS connection (1): cp.cloudflare.com:443
08:34:54 [DEBUG] Starting new HTTPS connection (1): www.gstatic.com:443
08:34:54 [DEBUG] Starting new HTTPS connection (1): www.gstatic.com:443
08:34:54 [DEBUG] Starting new HTTPS connection (1): www.gstatic.com:443
08:34:54 [DEBUG] Starting new HTTPS connection (1): cp.cloudflare.com:443
08:34:54 [DEBUG] Starting new HTTPS connection (1): www.gstatic.com:443
08:34:55 [DEBUG] Starting new HTTPS connection (1): www.gstatic.com:443
08:34:55 [DEBUG] Starting new HTTPS connection (1): cp.cloudflare.com:443
08:34:55 [DEBUG] Starting new HTTPS connection (1): www.gstatic.com:443
08:34:57 [DEBUG] Starting new HTTPS connection (1): www.google.com:443
08:34:57 [DEBUG] Starting new HTTPS connection (1): www.gstatic.com:443
08:34:57 [DEBUG] https://www.google.com:443 "GET /generate_204 HTTP/1.1" 204 0
08:34:57 [DEBUG] Starting new HTTPS connection (1): cp.cloudflare.com:443
08:34:57 [INFO]    📊 Global: 360/400 (90%) | ✅82 ❌278
08:34:57 [DEBUG] Starting new HTTPS connection (1): www.gstatic.com:443
08:34:57 [DEBUG] Starting new HTTPS connection (1): www.google.com:443
08:34:57 [DEBUG] Starting new HTTPS connection (1): www.google.com:443
08:34:58 [DEBUG] Starting new HTTPS connection (1): www.google.com:443
08:34:58 [DEBUG] https://cp.cloudflare.com:443 "GET / HTTP/1.1" 204 0
08:34:58 [DEBUG] Starting new HTTPS connection (1): www.gstatic.com:443
08:34:58 [DEBUG] https://www.gstatic.com:443 "GET /generate_204 HTTP/1.1" 204 0
08:34:58 [DEBUG] Starting new HTTPS connection (1): dl.google.com:443
08:34:58 [DEBUG] Starting new HTTPS connection (1): www.google.com:443
08:34:58 [INFO]    🎯 47.245.38.111 (JP) - 0.1Mbps, 3439ms UDP✅ Reality [www.autodesk.com]
08:34:58 [DEBUG] Starting new HTTPS connection (1): www.google.com:443
08:34:58 [DEBUG] https://dl.google.com:443 "GET /dl/android/studio/install/3.4.1.0/android-studio-ide-183.5522156-windows.exe HTTP/1.1" 200 1017327996
08:34:58 [DEBUG] Starting new HTTPS connection (1): www.google.com:443
08:34:59 [INFO]    🎯 104.17.73.206 (XX) - 12.9Mbps, 311ms UDP✅  []
08:34:59 [DEBUG] Starting new HTTPS connection (1): www.google.com:443
08:34:59 [DEBUG] Starting new HTTPS connection (1): cp.cloudflare.com:443
08:34:59 [DEBUG] Starting new HTTPS connection (1): www.gstatic.com:443
08:35:00 [DEBUG] Starting new HTTPS connection (1): cp.cloudflare.com:443
08:35:00 [DEBUG] Starting new HTTPS connection (1): cp.cloudflare.com:443
08:35:00 [DEBUG] Starting new HTTPS connection (1): www.google.com:443
08:35:00 [DEBUG] Starting new HTTPS connection (1): cp.cloudflare.com:443
08:35:00 [DEBUG] Starting new HTTPS connection (1): cp.cloudflare.com:443
08:35:00 [DEBUG] Starting new HTTPS connection (1): www.gstatic.com:443
08:35:00 [DEBUG] Starting new HTTPS connection (1): www.google.com:443
08:35:00 [DEBUG] Starting new HTTPS connection (1): cp.cloudflare.com:443
08:35:00 [DEBUG] Starting new HTTPS connection (1): www.gstatic.com:443
08:35:00 [DEBUG] Starting new HTTPS connection (1): cp.cloudflare.com:443
08:35:01 [DEBUG] Starting new HTTPS connection (1): cp.cloudflare.com:443
08:35:01 [DEBUG] Starting new HTTPS connection (1): www.google.com:443
08:35:01 [DEBUG] Starting new HTTPS connection (1): www.google.com:443
08:35:01 [DEBUG] Starting new HTTPS connection (1): www.google.com:443
08:35:02 [DEBUG] Starting new HTTPS connection (1): www.google.com:443
08:35:02 [DEBUG] Starting new HTTPS connection (1): www.gstatic.com:443
08:35:02 [DEBUG] Starting new HTTPS connection (1): www.gstatic.com:443
08:35:02 [DEBUG] Starting new HTTPS connection (1): www.gstatic.com:443
08:35:02 [DEBUG] Starting new HTTPS connection (1): cp.cloudflare.com:443
08:35:02 [DEBUG] Starting new HTTPS connection (1): www.gstatic.com:443
08:35:03 [DEBUG] Starting new HTTPS connection (1): www.gstatic.com:443
08:35:03 [DEBUG] Starting new HTTPS connection (1): cp.cloudflare.com:443
08:35:04 [DEBUG] Starting new HTTPS connection (1): cp.cloudflare.com:443
08:35:04 [DEBUG] Starting new HTTPS connection (1): cp.cloudflare.com:443
08:35:04 [DEBUG] Starting new HTTPS connection (1): cp.cloudflare.com:443
08:35:05 [DEBUG] Starting new HTTPS connection (1): www.gstatic.com:443
08:35:05 [DEBUG] Starting new HTTPS connection (1): www.google.com:443
08:35:05 [DEBUG] Starting new HTTPS connection (1): cp.cloudflare.com:443
08:35:05 [DEBUG] Starting new HTTPS connection (1): www.gstatic.com:443
08:35:05 [DEBUG] Starting new HTTPS connection (1): www.google.com:443
08:35:06 [DEBUG] Starting new HTTPS connection (1): www.gstatic.com:443
08:35:06 [DEBUG] Starting new HTTPS connection (1): www.gstatic.com:443
08:35:06 [DEBUG] Starting new HTTPS connection (1): www.google.com:443
08:35:06 [DEBUG] Starting new HTTPS connection (1): cp.cloudflare.com:443
08:35:06 [DEBUG] Starting new HTTPS connection (1): www.gstatic.com:443
08:35:06 [DEBUG] Starting new HTTPS connection (1): www.google.com:443
08:35:06 [DEBUG] Starting new HTTPS connection (1): www.gstatic.com:443
08:35:06 [DEBUG] Starting new HTTPS connection (1): www.google.com:443
08:35:06 [DEBUG] Starting new HTTPS connection (1): www.google.com:443
08:35:07 [DEBUG] Starting new HTTPS connection (1): www.google.com:443
08:35:07 [DEBUG] Starting new HTTPS connection (1): cp.cloudflare.com:443
08:35:07 [DEBUG] Starting new HTTPS connection (1): www.gstatic.com:443
08:35:07 [DEBUG] Starting new HTTPS connection (1): www.gstatic.com:443
08:35:08 [DEBUG] Starting new HTTPS connection (1): cp.cloudflare.com:443
08:35:08 [DEBUG] Starting new HTTPS connection (1): cp.cloudflare.com:443
08:35:08 [DEBUG] Starting new HTTPS connection (1): www.google.com:443
08:35:08 [DEBUG] Starting new HTTPS connection (1): www.google.com:443
08:35:08 [DEBUG] Starting new HTTPS connection (1): cp.cloudflare.com:443
08:35:08 [DEBUG] Starting new HTTPS connection (1): cp.cloudflare.com:443
08:35:09 [DEBUG] Starting new HTTPS connection (1): www.google.com:443
08:35:09 [DEBUG] Starting new HTTPS connection (1): www.google.com:443
08:35:09 [DEBUG] Starting new HTTPS connection (1): www.google.com:443
08:35:10 [DEBUG] Starting new HTTPS connection (1): www.gstatic.com:443
08:35:10 [DEBUG] Starting new HTTPS connection (1): cp.cloudflare.com:443
08:35:10 [DEBUG] Starting new HTTPS connection (1): cp.cloudflare.com:443
08:35:10 [DEBUG] Starting new HTTPS connection (1): www.gstatic.com:443
08:35:11 [DEBUG] Starting new HTTPS connection (1): www.gstatic.com:443
08:35:11 [DEBUG] Starting new HTTPS connection (1): www.gstatic.com:443
08:35:11 [DEBUG] Starting new HTTPS connection (1): cp.cloudflare.com:443
08:35:11 [DEBUG] Starting new HTTPS connection (1): cp.cloudflare.com:443
08:35:11 [DEBUG] Starting new HTTPS connection (1): cp.cloudflare.com:443
08:35:12 [DEBUG] Starting new HTTPS connection (1): www.gstatic.com:443
08:35:12 [DEBUG] Starting new HTTPS connection (1): www.gstatic.com:443
08:35:13 [DEBUG] Starting new HTTPS connection (1): www.gstatic.com:443
08:35:13 [DEBUG] Starting new HTTPS connection (1): www.google.com:443
08:35:13 [DEBUG] Starting new HTTPS connection (1): www.gstatic.com:443
08:35:13 [DEBUG] Starting new HTTPS connection (1): www.gstatic.com:443
08:35:14 [DEBUG] Starting new HTTPS connection (1): www.google.com:443
08:35:14 [DEBUG] Starting new HTTPS connection (1): cp.cloudflare.com:443
08:35:14 [DEBUG] Starting new HTTPS connection (1): www.gstatic.com:443
08:35:14 [DEBUG] Starting new HTTPS connection (1): www.google.com:443
08:35:14 [DEBUG] Starting new HTTPS connection (1): www.google.com:443
08:35:14 [DEBUG] Starting new HTTPS connection (1): www.google.com:443
08:35:14 [DEBUG] Starting new HTTPS connection (1): cp.cloudflare.com:443
08:35:14 [DEBUG] Starting new HTTPS connection (1): www.gstatic.com:443
08:35:15 [DEBUG] Starting new HTTPS connection (1): www.google.com:443
08:35:15 [DEBUG] Starting new HTTPS connection (1): cp.cloudflare.com:443
08:35:15 [DEBUG] Starting new HTTPS connection (1): www.gstatic.com:443
08:35:15 [DEBUG] Starting new HTTPS connection (1): cp.cloudflare.com:443
08:35:15 [DEBUG] Starting new HTTPS connection (1): www.google.com:443
08:35:15 [DEBUG] Starting new HTTPS connection (1): cp.cloudflare.com:443
08:35:15 [DEBUG] Starting new HTTPS connection (1): www.gstatic.com:443
08:35:16 [DEBUG] Starting new HTTPS connection (1): www.google.com:443
08:35:16 [DEBUG] Starting new HTTPS connection (1): www.google.com:443
08:35:16 [DEBUG] Starting new HTTPS connection (1): cp.cloudflare.com:443
08:35:16 [DEBUG] Starting new HTTPS connection (1): cp.cloudflare.com:443
08:35:16 [DEBUG] Starting new HTTPS connection (1): www.google.com:443
08:35:16 [DEBUG] Starting new HTTPS connection (1): www.google.com:443
08:35:17 [DEBUG] Starting new HTTPS connection (1): www.gstatic.com:443
08:35:18 [DEBUG] Starting new HTTPS connection (1): cp.cloudflare.com:443
08:35:18 [DEBUG] Starting new HTTPS connection (1): cp.cloudflare.com:443
08:35:18 [DEBUG] Starting new HTTPS connection (1): www.gstatic.com:443
08:35:18 [DEBUG] Starting new HTTPS connection (1): www.gstatic.com:443
08:35:18 [DEBUG] Starting new HTTPS connection (1): cp.cloudflare.com:443
08:35:19 [DEBUG] Starting new HTTPS connection (1): cp.cloudflare.com:443
08:35:20 [DEBUG] Starting new HTTPS connection (1): www.gstatic.com:443
08:35:20 [DEBUG] Starting new HTTPS connection (1): www.gstatic.com:443
08:35:20 [DEBUG] Starting new HTTPS connection (1): www.gstatic.com:443
08:35:21 [DEBUG] Starting new HTTPS connection (1): www.gstatic.com:443
08:35:23 [INFO]    📊 Global: 400/400 (100%) | ✅84 ❌316
08:35:24 [DEBUG] Starting new HTTPS connection (1): www.google.com:443
08:35:24 [DEBUG] Starting new HTTPS connection (1): www.google.com:443
08:35:24 [DEBUG] Starting new HTTPS connection (1): www.google.com:443
08:35:24 [DEBUG] Starting new HTTPS connection (1): www.google.com:443
08:35:24 [DEBUG] Starting new HTTPS connection (1): www.google.com:443
08:35:24 [DEBUG] Starting new HTTPS connection (1): www.google.com:443
08:35:24 [DEBUG] Starting new HTTPS connection (1): www.google.com:443
08:35:24 [DEBUG] Starting new HTTPS connection (1): www.google.com:443
08:35:24 [DEBUG] Starting new HTTPS connection (1): www.google.com:443
08:35:24 [DEBUG] Starting new HTTPS connection (1): www.google.com:443
08:35:24 [DEBUG] https://www.google.com:443 "GET /generate_204 HTTP/1.1" 204 0
08:35:24 [DEBUG] Starting new HTTPS connection (1): cp.cloudflare.com:443
08:35:24 [DEBUG] https://www.google.com:443 "GET /generate_204 HTTP/1.1" 204 0
08:35:24 [DEBUG] Starting new HTTPS connection (1): cp.cloudflare.com:443
08:35:24 [DEBUG] https://www.google.com:443 "GET /generate_204 HTTP/1.1" 204 0
08:35:24 [DEBUG] Starting new HTTPS connection (1): cp.cloudflare.com:443
08:35:24 [DEBUG] https://www.google.com:443 "GET /generate_204 HTTP/1.1" 204 0
08:35:24 [DEBUG] Starting new HTTPS connection (1): cp.cloudflare.com:443
08:35:25 [DEBUG] https://cp.cloudflare.com:443 "GET / HTTP/1.1" 204 0
08:35:25 [DEBUG] Starting new HTTPS connection (1): www.gstatic.com:443
08:35:25 [DEBUG] https://cp.cloudflare.com:443 "GET / HTTP/1.1" 204 0
08:35:25 [DEBUG] Starting new HTTPS connection (1): www.gstatic.com:443
08:35:25 [DEBUG] https://cp.cloudflare.com:443 "GET / HTTP/1.1" 204 0
08:35:25 [DEBUG] Starting new HTTPS connection (1): www.gstatic.com:443
08:35:25 [DEBUG] https://www.google.com:443 "GET /generate_204 HTTP/1.1" 204 0
08:35:25 [DEBUG] Starting new HTTPS connection (1): cp.cloudflare.com:443
08:35:25 [DEBUG] https://www.gstatic.com:443 "GET /generate_204 HTTP/1.1" 204 0
08:35:25 [DEBUG] https://www.gstatic.com:443 "GET /generate_204 HTTP/1.1" 204 0
08:35:25 [DEBUG] https://www.gstatic.com:443 "GET /generate_204 HTTP/1.1" 204 0
08:35:25 [DEBUG] Starting new HTTPS connection (1): dl.google.com:443
08:35:25 [DEBUG] Starting new HTTPS connection (1): dl.google.com:443
08:35:25 [DEBUG] Starting new HTTPS connection (1): dl.google.com:443
08:35:25 [DEBUG] https://cp.cloudflare.com:443 "GET / HTTP/1.1" 204 0
08:35:25 [DEBUG] Starting new HTTPS connection (1): www.gstatic.com:443
08:35:25 [DEBUG] https://dl.google.com:443 "GET /dl/android/studio/install/3.4.1.0/android-studio-ide-183.5522156-windows.exe HTTP/1.1" 200 1017327996
08:35:26 [DEBUG] https://dl.google.com:443 "GET /dl/android/studio/install/3.4.1.0/android-studio-ide-183.5522156-windows.exe HTTP/1.1" 200 1017327996
08:35:26 [DEBUG] https://dl.google.com:443 "GET /dl/android/studio/install/3.4.1.0/android-studio-ide-183.5522156-windows.exe HTTP/1.1" 200 1017327996
08:35:26 [INFO]    🎯 212.233.96.101 (Россия) - 20.4Mbps, 338ms UDP✅ Reality [yandex.ru]
08:35:26 [DEBUG] https://www.google.com:443 "GET /generate_204 HTTP/1.1" 204 0
08:35:26 [DEBUG] Starting new HTTPS connection (1): cp.cloudflare.com:443
08:35:26 [DEBUG] https://www.google.com:443 "GET /generate_204 HTTP/1.1" 204 0
08:35:26 [DEBUG] Starting new HTTPS connection (1): cp.cloudflare.com:443
08:35:26 [DEBUG] https://www.google.com:443 "GET /generate_204 HTTP/1.1" 204 0
08:35:26 [DEBUG] Starting new HTTPS connection (1): cp.cloudflare.com:443
08:35:26 [DEBUG] https://www.google.com:443 "GET /generate_204 HTTP/1.1" 204 0
08:35:26 [DEBUG] Starting new HTTPS connection (1): cp.cloudflare.com:443
08:35:26 [DEBUG] https://cp.cloudflare.com:443 "GET / HTTP/1.1" 204 0
08:35:26 [DEBUG] Starting new HTTPS connection (1): www.gstatic.com:443
08:35:26 [DEBUG] https://cp.cloudflare.com:443 "GET / HTTP/1.1" 204 0
08:35:26 [DEBUG] Starting new HTTPS connection (1): www.gstatic.com:443
08:35:26 [DEBUG] https://www.gstatic.com:443 "GET /generate_204 HTTP/1.1" 204 0
08:35:26 [DEBUG] https://www.gstatic.com:443 "GET /generate_204 HTTP/1.1" 204 0
08:35:27 [DEBUG] Starting new HTTPS connection (1): dl.google.com:443
08:35:27 [DEBUG] Starting new HTTPS connection (1): dl.google.com:443
08:35:27 [DEBUG] https://www.gstatic.com:443 "GET /generate_204 HTTP/1.1" 204 0
08:35:27 [DEBUG] Starting new HTTPS connection (1): www.google.com:443
08:35:27 [DEBUG] https://www.google.com:443 "GET /generate_204 HTTP/1.1" 204 0
08:35:27 [DEBUG] Starting new HTTPS connection (1): cp.cloudflare.com:443
08:35:27 [DEBUG] https://cp.cloudflare.com:443 "GET / HTTP/1.1" 204 0
08:35:27 [DEBUG] Starting new HTTPS connection (1): www.gstatic.com:443
08:35:27 [DEBUG] Starting new HTTPS connection (1): dl.google.com:443
08:35:28 [DEBUG] https://cp.cloudflare.com:443 "GET / HTTP/1.1" 204 0
08:35:28 [DEBUG] Starting new HTTPS connection (1): www.gstatic.com:443
08:35:28 [DEBUG] https://cp.cloudflare.com:443 "GET / HTTP/1.1" 204 0
08:35:28 [DEBUG] Starting new HTTPS connection (1): www.gstatic.com:443
08:35:28 [DEBUG] https://www.gstatic.com:443 "GET /generate_204 HTTP/1.1" 204 0
08:35:28 [DEBUG] Starting new HTTPS connection (1): dl.google.com:443
08:35:28 [DEBUG] https://www.gstatic.com:443 "GET /generate_204 HTTP/1.1" 204 0
08:35:28 [DEBUG] https://dl.google.com:443 "GET /dl/android/studio/install/3.4.1.0/android-studio-ide-183.5522156-windows.exe HTTP/1.1" 200 1017327996
08:35:28 [DEBUG] Starting new HTTPS connection (1): dl.google.com:443
08:35:28 [DEBUG] https://dl.google.com:443 "GET /dl/android/studio/install/3.4.1.0/android-studio-ide-183.5522156-windows.exe HTTP/1.1" 200 1017327996
08:35:28 [DEBUG] https://www.gstatic.com:443 "GET /generate_204 HTTP/1.1" 204 0
08:35:28 [INFO]    🎯 51.250.12.100 (Россия) - 3.8Mbps, 351ms UDP✅ Reality [api-maps.yandex.ru]
08:35:28 [INFO]    🎯 217.16.26.158 (Россия) - 18.2Mbps, 240ms UDP✅ Reality [ads.x5.ru]
08:35:28 [DEBUG] Starting new HTTPS connection (1): dl.google.com:443
08:35:29 [DEBUG] https://dl.google.com:443 "GET /dl/android/studio/install/3.4.1.0/android-studio-ide-183.5522156-windows.exe HTTP/1.1" 200 1017327996
08:35:29 [DEBUG] Starting new HTTPS connection (1): cp.cloudflare.com:443
08:35:29 [INFO]    🎯 178.154.224.33 (Россия) - 15.9Mbps, 1368ms UDP✅ Reality [ads.x5.ru]
08:35:29 [DEBUG] https://dl.google.com:443 "GET /dl/android/studio/install/3.4.1.0/android-studio-ide-183.5522156-windows.exe HTTP/1.1" 200 1017327996
08:35:30 [DEBUG] Starting new HTTPS connection (1): www.google.com:443
08:35:30 [DEBUG] Starting new HTTPS connection (1): www.google.com:443
08:35:30 [INFO]    🎯 178.154.252.255 (Россия) - 2.9Mbps, 386ms UDP✅ Reality [eh.vk.com]
08:35:30 [DEBUG] https://www.google.com:443 "GET /generate_204 HTTP/1.1" 204 0
08:35:30 [DEBUG] Starting new HTTPS connection (1): cp.cloudflare.com:443
08:35:30 [INFO]    🎯 5.188.141.138 (Россия) - 4.6Mbps, 979ms UDP✅ Reality [ads.x5.ru]
08:35:30 [DEBUG] Starting new HTTPS connection (1): www.google.com:443
08:35:31 [DEBUG] https://cp.cloudflare.com:443 "GET / HTTP/1.1" 204 0
08:35:31 [DEBUG] Starting new HTTPS connection (1): www.gstatic.com:443
08:35:31 [DEBUG] https://www.google.com:443 "GET /generate_204 HTTP/1.1" 204 0
08:35:31 [DEBUG] Starting new HTTPS connection (1): cp.cloudflare.com:443
08:35:31 [DEBUG] https://cp.cloudflare.com:443 "GET / HTTP/1.1" 204 0
08:35:31 [DEBUG] Starting new HTTPS connection (1): www.gstatic.com:443
08:35:31 [DEBUG] Starting new HTTPS connection (1): www.google.com:443
08:35:31 [DEBUG] https://www.gstatic.com:443 "GET /generate_204 HTTP/1.1" 204 0
08:35:31 [DEBUG] https://dl.google.com:443 "GET /dl/android/studio/install/3.4.1.0/android-studio-ide-183.5522156-windows.exe HTTP/1.1" 200 1017327996
08:35:31 [DEBUG] https://dl.google.com:443 "GET /dl/android/studio/install/3.4.1.0/android-studio-ide-183.5522156-windows.exe HTTP/1.1" 200 1017327996
08:35:31 [DEBUG] https://www.gstatic.com:443 "GET /generate_204 HTTP/1.1" 204 0
08:35:31 [DEBUG] Starting new HTTPS connection (1): www.gstatic.com:443
08:35:31 [DEBUG] Starting new HTTPS connection (1): dl.google.com:443
08:35:31 [DEBUG] Starting new HTTPS connection (1): dl.google.com:443
08:35:31 [INFO]    🎯 51.250.83.255 (Россия) - 2.8Mbps, 880ms UDP✅ Reality [ads.x5.ru]
08:35:31 [INFO]    🎯 51.250.65.209 (Россия) - 2.8Mbps, 871ms UDP✅ Reality [ads.x5.ru]
08:35:31 [INFO]    📊 Whitelist: 8/80 (10%) | ✅8 ❌0
08:35:31 [DEBUG] Starting new HTTPS connection (1): www.google.com:443
08:35:32 [DEBUG] https://dl.google.com:443 "GET /dl/android/studio/install/3.4.1.0/android-studio-ide-183.5522156-windows.exe HTTP/1.1" 200 1017327996
08:35:32 [DEBUG] https://dl.google.com:443 "GET /dl/android/studio/install/3.4.1.0/android-studio-ide-183.5522156-windows.exe HTTP/1.1" 200 1017327996
08:35:32 [INFO]    🎯 51.250.32.69 (Россия) - 20.1Mbps, 277ms UDP✅ Reality [www.yandex.ru]
08:35:32 [INFO]    🎯 51.250.117.136 (Россия) - 17.1Mbps, 413ms UDP✅ Reality [nl36.tcpdoor.net]
08:35:32 [DEBUG] https://www.google.com:443 "GET /generate_204 HTTP/1.1" 204 0
08:35:32 [DEBUG] Starting new HTTPS connection (1): cp.cloudflare.com:443
08:35:32 [DEBUG] https://cp.cloudflare.com:443 "GET / HTTP/1.1" 204 0
08:35:32 [DEBUG] Starting new HTTPS connection (1): www.gstatic.com:443
08:35:33 [DEBUG] Starting new HTTPS connection (1): www.google.com:443
08:35:33 [DEBUG] Starting new HTTPS connection (1): www.google.com:443
08:35:33 [DEBUG] https://www.gstatic.com:443 "GET /generate_204 HTTP/1.1" 204 0
08:35:33 [DEBUG] Starting new HTTPS connection (1): dl.google.com:443
08:35:33 [DEBUG] Starting new HTTPS connection (1): www.google.com:443
08:35:33 [DEBUG] Starting new HTTPS connection (1): www.google.com:443
08:35:33 [DEBUG] https://www.google.com:443 "GET /generate_204 HTTP/1.1" 204 0
08:35:33 [DEBUG] Starting new HTTPS connection (1): cp.cloudflare.com:443
08:35:33 [DEBUG] https://dl.google.com:443 "GET /dl/android/studio/install/3.4.1.0/android-studio-ide-183.5522156-windows.exe HTTP/1.1" 200 1017327996
08:35:34 [DEBUG] Starting new HTTPS connection (1): www.gstatic.com:443
08:35:34 [DEBUG] https://www.google.com:443 "GET /generate_204 HTTP/1.1" 204 0
08:35:34 [DEBUG] Starting new HTTPS connection (1): cp.cloudflare.com:443
08:35:34 [DEBUG] https://www.google.com:443 "GET /generate_204 HTTP/1.1" 204 0
08:35:34 [DEBUG] Starting new HTTPS connection (1): cp.cloudflare.com:443
08:35:35 [DEBUG] https://www.gstatic.com:443 "GET /generate_204 HTTP/1.1" 204 0
08:35:35 [DEBUG] https://www.google.com:443 "GET /generate_204 HTTP/1.1" 204 0
08:35:35 [DEBUG] Starting new HTTPS connection (1): cp.cloudflare.com:443
08:35:35 [DEBUG] https://cp.cloudflare.com:443 "GET / HTTP/1.1" 204 0
08:35:35 [DEBUG] Starting new HTTPS connection (1): www.gstatic.com:443
08:35:36 [DEBUG] https://www.gstatic.com:443 "GET /generate_204 HTTP/1.1" 204 0
08:35:36 [DEBUG] Starting new HTTPS connection (1): dl.google.com:443
08:35:36 [DEBUG] Starting new HTTPS connection (1): cp.cloudflare.com:443
08:35:36 [DEBUG] https://dl.google.com:443 "GET /dl/android/studio/install/3.4.1.0/android-studio-ide-183.5522156-windows.exe HTTP/1.1" 200 1017327996
08:35:37 [DEBUG] https://cp.cloudflare.com:443 "GET / HTTP/1.1" 204 0
08:35:37 [DEBUG] Starting new HTTPS connection (1): www.gstatic.com:443
08:35:38 [DEBUG] Starting new HTTPS connection (1): cp.cloudflare.com:443
08:35:38 [DEBUG] Starting new HTTPS connection (1): dl.google.com:443
08:35:38 [INFO]    🎯 217.16.27.216 (Россия) - 1.3Mbps, 1493ms UDP✅  []
08:35:38 [DEBUG] https://cp.cloudflare.com:443 "GET / HTTP/1.1" 204 0
08:35:38 [DEBUG] Starting new HTTPS connection (1): www.gstatic.com:443
08:35:38 [DEBUG] https://cp.cloudflare.com:443 "GET / HTTP/1.1" 204 0
08:35:38 [DEBUG] Starting new HTTPS connection (1): www.gstatic.com:443
08:35:39 [INFO]    🎯 185.86.144.32 (Россия) - 4.6Mbps, 1074ms UDP✅ Reality [www.vk.com]
08:35:39 [DEBUG] Starting new HTTPS connection (1): www.google.com:443
08:35:40 [DEBUG] https://www.gstatic.com:443 "GET /generate_204 HTTP/1.1" 204 0
08:35:40 [DEBUG] Starting new HTTPS connection (1): dl.google.com:443
08:35:40 [DEBUG] Starting new HTTPS connection (1): www.google.com:443
08:35:40 [DEBUG] https://www.google.com:443 "GET /generate_204 HTTP/1.1" 204 0
08:35:40 [DEBUG] Starting new HTTPS connection (1): cp.cloudflare.com:443
08:35:40 [DEBUG] Starting new HTTPS connection (1): www.google.com:443
08:35:41 [DEBUG] https://dl.google.com:443 "GET /dl/android/studio/install/3.4.1.0/android-studio-ide-183.5522156-windows.exe HTTP/1.1" 200 1017327996
08:35:41 [DEBUG] https://www.google.com:443 "GET /generate_204 HTTP/1.1" 204 0
08:35:41 [DEBUG] Starting new HTTPS connection (1): cp.cloudflare.com:443
08:35:41 [DEBUG] https://cp.cloudflare.com:443 "GET / HTTP/1.1" 204 0
08:35:41 [DEBUG] Starting new HTTPS connection (1): www.gstatic.com:443
08:35:41 [DEBUG] Starting new HTTPS connection (1): www.gstatic.com:443
08:35:42 [INFO]    🎯 178.250.243.101 (Россия) - 7.5Mbps, 2178ms UDP✅ Reality [eh.vk.com]
08:35:42 [DEBUG] https://cp.cloudflare.com:443 "GET / HTTP/1.1" 204 0
08:35:42 [DEBUG] Starting new HTTPS connection (1): www.gstatic.com:443
08:35:43 [DEBUG] Starting new HTTPS connection (1): www.gstatic.com:443
08:35:43 [DEBUG] https://www.google.com:443 "GET /generate_204 HTTP/1.1" 204 0
08:35:43 [DEBUG] Starting new HTTPS connection (1): cp.cloudflare.com:443
08:35:43 [DEBUG] Starting new HTTPS connection (1): www.google.com:443
08:35:43 [DEBUG] https://cp.cloudflare.com:443 "GET / HTTP/1.1" 204 0
08:35:43 [DEBUG] Starting new HTTPS connection (1): www.gstatic.com:443
08:35:43 [DEBUG] https://www.gstatic.com:443 "GET /generate_204 HTTP/1.1" 204 0
08:35:43 [DEBUG] Starting new HTTPS connection (1): dl.google.com:443
08:35:43 [DEBUG] https://www.gstatic.com:443 "GET /generate_204 HTTP/1.1" 204 0
08:35:44 [INFO]    🎯 185.130.115.55 (Россия) - 0.0Mbps, 2868ms UDP❌ Reality [web.max.ru]
08:35:44 [DEBUG] Starting new HTTPS connection (1): dl.google.com:443
08:35:44 [DEBUG] https://dl.google.com:443 "GET /dl/android/studio/install/3.4.1.0/android-studio-ide-183.5522156-windows.exe HTTP/1.1" 200 1017327996
08:35:44 [INFO]    🎯 178.250.243.98 (Россия) - 19.9Mbps, 2547ms UDP✅ Reality [eh.vk.com]
08:35:44 [INFO]    📊 Whitelist: 16/80 (20%) | ✅15 ❌1
08:35:44 [DEBUG] https://dl.google.com:443 "GET /dl/android/studio/install/3.4.1.0/android-studio-ide-183.5522156-windows.exe HTTP/1.1" 200 1017327996
08:35:45 [DEBUG] https://www.gstatic.com:443 "GET /generate_204 HTTP/1.1" 204 0
08:35:45 [DEBUG] Starting new HTTPS connection (1): dl.google.com:443
08:35:45 [DEBUG] Starting new HTTPS connection (1): www.google.com:443
08:35:45 [INFO]    🎯 178.250.243.97 (Россия) - 7.3Mbps, 1099ms UDP✅ Reality [eh.vk.com]
08:35:46 [DEBUG] Starting new HTTPS connection (1): www.google.com:443
08:35:46 [DEBUG] Starting new HTTPS connection (1): www.google.com:443
08:35:46 [DEBUG] https://www.google.com:443 "GET /generate_204 HTTP/1.1" 204 0
08:35:46 [DEBUG] Starting new HTTPS connection (1): cp.cloudflare.com:443
08:35:46 [DEBUG] Starting new HTTPS connection (1): www.google.com:443
08:35:46 [INFO]    🎯 84.201.178.31 (Россия) - 0.9Mbps, 972ms UDP✅ Reality [01.img.avito.st]
08:35:46 [DEBUG] https://dl.google.com:443 "GET /dl/android/studio/install/3.4.1.0/android-studio-ide-183.5522156-windows.exe HTTP/1.1" 200 1017327996
08:35:46 [DEBUG] Starting new HTTPS connection (1): dl.google.com:443
08:35:47 [DEBUG] https://www.google.com:443 "GET /generate_204 HTTP/1.1" 204 0
08:35:47 [DEBUG] Starting new HTTPS connection (1): cp.cloudflare.com:443
08:35:47 [DEBUG] https://cp.cloudflare.com:443 "GET / HTTP/1.1" 204 0
08:35:47 [DEBUG] Starting new HTTPS connection (1): www.gstatic.com:443
08:35:47 [DEBUG] https://www.google.com:443 "GET /generate_204 HTTP/1.1" 204 0
08:35:47 [DEBUG] Starting new HTTPS connection (1): cp.cloudflare.com:443
08:35:47 [INFO]    🎯 109.120.188.166 (Россия) - 5.9Mbps, 2834ms UDP❌ Reality [ads.x5.ru]
08:35:47 [DEBUG] https://dl.google.com:443 "GET /dl/android/studio/install/3.4.1.0/android-studio-ide-183.5522156-windows.exe HTTP/1.1" 200 1017327996
08:35:47 [DEBUG] https://cp.cloudflare.com:443 "GET / HTTP/1.1" 204 0
08:35:47 [DEBUG] Starting new HTTPS connection (1): www.gstatic.com:443
08:35:47 [DEBUG] https://www.gstatic.com:443 "GET /generate_204 HTTP/1.1" 204 0
08:35:47 [DEBUG] https://cp.cloudflare.com:443 "GET / HTTP/1.1" 204 0
08:35:47 [DEBUG] Starting new HTTPS connection (1): www.gstatic.com:443
08:35:47 [DEBUG] https://www.google.com:443 "GET /generate_204 HTTP/1.1" 204 0
08:35:47 [DEBUG] Starting new HTTPS connection (1): cp.cloudflare.com:443
08:35:47 [INFO]    🎯 178.250.243.102 (Россия) - 16.5Mbps, 1391ms UDP❌ Reality [eh.vk.com]
08:35:47 [DEBUG] https://www.gstatic.com:443 "GET /generate_204 HTTP/1.1" 204 0
08:35:48 [DEBUG] https://www.google.com:443 "GET /generate_204 HTTP/1.1" 204 0
08:35:48 [DEBUG] Starting new HTTPS connection (1): cp.cloudflare.com:443
08:35:48 [DEBUG] Starting new HTTPS connection (1): dl.google.com:443
08:35:48 [DEBUG] https://www.gstatic.com:443 "GET /generate_204 HTTP/1.1" 204 0
08:35:48 [DEBUG] Starting new HTTPS connection (1): www.google.com:443
08:35:48 [DEBUG] Starting new HTTPS connection (1): www.google.com:443
08:35:48 [DEBUG] https://dl.google.com:443 "GET /dl/android/studio/install/3.4.1.0/android-studio-ide-183.5522156-windows.exe HTTP/1.1" 200 1017327996
08:35:48 [DEBUG] Starting new HTTPS connection (1): dl.google.com:443
08:35:48 [DEBUG] https://www.google.com:443 "GET /generate_204 HTTP/1.1" 204 0
08:35:48 [DEBUG] Starting new HTTPS connection (1): cp.cloudflare.com:443
08:35:48 [DEBUG] Starting new HTTPS connection (1): www.google.com:443
08:35:49 [DEBUG] https://cp.cloudflare.com:443 "GET / HTTP/1.1" 204 0
08:35:49 [DEBUG] Starting new HTTPS connection (1): www.gstatic.com:443
08:35:49 [DEBUG] Starting new HTTPS connection (1): www.google.com:443
08:35:49 [DEBUG] https://dl.google.com:443 "GET /dl/android/studio/install/3.4.1.0/android-studio-ide-183.5522156-windows.exe HTTP/1.1" 200 1017327996
08:35:49 [DEBUG] https://www.google.com:443 "GET /generate_204 HTTP/1.1" 204 0
08:35:49 [DEBUG] Starting new HTTPS connection (1): cp.cloudflare.com:443
08:35:49 [DEBUG] https://www.gstatic.com:443 "GET /generate_204 HTTP/1.1" 204 0
08:35:49 [DEBUG] https://www.google.com:443 "GET /generate_204 HTTP/1.1" 204 0
08:35:49 [DEBUG] Starting new HTTPS connection (1): cp.cloudflare.com:443
08:35:49 [DEBUG] Starting new HTTPS connection (1): dl.google.com:443
08:35:50 [DEBUG] https://cp.cloudflare.com:443 "GET / HTTP/1.1" 204 0
08:35:50 [DEBUG] Starting new HTTPS connection (1): www.gstatic.com:443
08:35:50 [DEBUG] https://cp.cloudflare.com:443 "GET / HTTP/1.1" 204 0
08:35:50 [DEBUG] Starting new HTTPS connection (1): www.gstatic.com:443
08:35:50 [INFO]    🎯 217.16.27.216 (Россия) - 8.8Mbps, 1475ms UDP✅ Reality [web.max.ru]
08:35:50 [DEBUG] https://dl.google.com:443 "GET /dl/android/studio/install/3.4.1.0/android-studio-ide-183.5522156-windows.exe HTTP/1.1" 200 1017327996
08:35:50 [DEBUG] Starting new HTTPS connection (1): dl.google.com:443
08:35:50 [DEBUG] https://www.gstatic.com:443 "GET /generate_204 HTTP/1.1" 204 0
08:35:50 [DEBUG] https://www.gstatic.com:443 "GET /generate_204 HTTP/1.1" 204 0
08:35:50 [DEBUG] https://dl.google.com:443 "GET /dl/android/studio/install/3.4.1.0/android-studio-ide-183.5522156-windows.exe HTTP/1.1" 200 1017327996
08:35:51 [INFO]    🎯 212.233.73.212 (Россия) - 12.3Mbps, 409ms UDP✅ Reality [m.vk.ru]
08:35:51 [INFO]    📊 Whitelist: 24/80 (30%) | ✅21 ❌3
08:35:51 [DEBUG] Starting new HTTPS connection (1): dl.google.com:443
08:35:51 [DEBUG] Starting new HTTPS connection (1): www.google.com:443
08:35:51 [DEBUG] https://dl.google.com:443 "GET /dl/android/studio/install/3.4.1.0/android-studio-ide-183.5522156-windows.exe HTTP/1.1" 200 1017327996
08:35:51 [DEBUG] https://www.google.com:443 "GET /generate_204 HTTP/1.1" 204 0
08:35:51 [DEBUG] Starting new HTTPS connection (1): cp.cloudflare.com:443
08:35:52 [DEBUG] Starting new HTTPS connection (1): www.google.com:443
08:35:52 [DEBUG] https://cp.cloudflare.com:443 "GET / HTTP/1.1" 204 0
08:35:52 [DEBUG] Starting new HTTPS connection (1): www.gstatic.com:443
08:35:52 [DEBUG] https://www.google.com:443 "GET /generate_204 HTTP/1.1" 204 0
08:35:52 [DEBUG] Starting new HTTPS connection (1): cp.cloudflare.com:443
08:35:52 [DEBUG] Starting new HTTPS connection (1): www.gstatic.com:443
08:35:52 [DEBUG] https://www.gstatic.com:443 "GET /generate_204 HTTP/1.1" 204 0
08:35:53 [DEBUG] https://cp.cloudflare.com:443 "GET / HTTP/1.1" 204 0
08:35:53 [DEBUG] Starting new HTTPS connection (1): www.gstatic.com:443
08:35:53 [DEBUG] Starting new HTTPS connection (1): www.gstatic.com:443
08:35:53 [DEBUG] Starting new HTTPS connection (1): dl.google.com:443
08:35:53 [DEBUG] Starting new HTTPS connection (1): cp.cloudflare.com:443
08:35:53 [DEBUG] https://www.gstatic.com:443 "GET /generate_204 HTTP/1.1" 204 0
08:35:53 [DEBUG] https://www.gstatic.com:443 "GET /generate_204 HTTP/1.1" 204 0
08:35:53 [DEBUG] Starting new HTTPS connection (1): dl.google.com:443
08:35:53 [DEBUG] Starting new HTTPS connection (1): dl.google.com:443
08:35:53 [DEBUG] https://dl.google.com:443 "GET /dl/android/studio/install/3.4.1.0/android-studio-ide-183.5522156-windows.exe HTTP/1.1" 200 1017327996
08:35:54 [DEBUG] https://dl.google.com:443 "GET /dl/android/studio/install/3.4.1.0/android-studio-ide-183.5522156-windows.exe HTTP/1.1" 200 1017327996
08:35:54 [DEBUG] https://dl.google.com:443 "GET /dl/android/studio/install/3.4.1.0/android-studio-ide-183.5522156-windows.exe HTTP/1.1" 200 1017327996
08:35:54 [INFO]    🎯 212.233.73.212 (Россия) - 11.0Mbps, 427ms UDP✅ Reality [m.vk.ru]
08:35:54 [INFO]    🎯 158.160.221.132 (Россия) - 11.4Mbps, 446ms UDP❌ Reality [yandex.ru]
08:35:55 [DEBUG] Starting new HTTPS connection (1): www.google.com:443
08:35:55 [DEBUG] https://www.google.com:443 "GET /generate_204 HTTP/1.1" 204 0
08:35:55 [DEBUG] Starting new HTTPS connection (1): cp.cloudflare.com:443
08:35:55 [DEBUG] Starting new HTTPS connection (1): www.google.com:443
08:35:56 [DEBUG] https://cp.cloudflare.com:443 "GET / HTTP/1.1" 204 0
08:35:56 [DEBUG] Starting new HTTPS connection (1): www.gstatic.com:443
08:35:56 [DEBUG] Starting new HTTPS connection (1): dl.google.com:443
08:35:56 [DEBUG] https://www.google.com:443 "GET /generate_204 HTTP/1.1" 204 0
08:35:56 [DEBUG] Starting new HTTPS connection (1): cp.cloudflare.com:443
08:35:56 [DEBUG] Starting new HTTPS connection (1): dl.google.com:443
08:35:56 [DEBUG] https://www.gstatic.com:443 "GET /generate_204 HTTP/1.1" 204 0
08:35:56 [DEBUG] https://cp.cloudflare.com:443 "GET / HTTP/1.1" 204 0
08:35:56 [DEBUG] Starting new HTTPS connection (1): www.gstatic.com:443
08:35:56 [DEBUG] https://dl.google.com:443 "GET /dl/android/studio/install/3.4.1.0/android-studio-ide-183.5522156-windows.exe HTTP/1.1" 200 1017327996
08:35:56 [DEBUG] Starting new HTTPS connection (1): dl.google.com:443
08:35:57 [DEBUG] https://www.gstatic.com:443 "GET /generate_204 HTTP/1.1" 204 0
08:35:57 [DEBUG] https://dl.google.com:443 "GET /dl/android/studio/install/3.4.1.0/android-studio-ide-183.5522156-windows.exe HTTP/1.1" 200 1017327996
08:35:57 [INFO]    🎯 158.160.221.132 (Россия) - 12.6Mbps, 402ms UDP❌ Reality [yandex.ru]
08:35:57 [DEBUG] Starting new HTTPS connection (1): dl.google.com:443
08:35:57 [INFO]    🎯 90.156.217.130 (Россия) - 12.4Mbps, 401ms UDP✅ Reality [m.vk.ru]
08:35:58 [DEBUG] https://dl.google.com:443 "GET /dl/android/studio/install/3.4.1.0/android-studio-ide-183.5522156-windows.exe HTTP/1.1" 200 1017327996
08:35:58 [DEBUG] Starting new HTTPS connection (1): www.gstatic.com:443
08:35:58 [DEBUG] https://www.gstatic.com:443 "GET /generate_204 HTTP/1.1" 204 0
08:35:58 [INFO]    🎯 89.169.128.105 (Россия) - 11.7Mbps, 429ms UDP✅ Reality [yandex.ru]
08:35:58 [DEBUG] Starting new HTTPS connection (1): www.google.com:443
08:35:59 [DEBUG] https://dl.google.com:443 "GET /dl/android/studio/install/3.4.1.0/android-studio-ide-183.5522156-windows.exe HTTP/1.1" 200 1017327996
08:35:59 [DEBUG] https://www.google.com:443 "GET /generate_204 HTTP/1.1" 204 0
08:35:59 [DEBUG] Starting new HTTPS connection (1): cp.cloudflare.com:443
08:35:59 [DEBUG] Starting new HTTPS connection (1): www.google.com:443
08:35:59 [INFO]    🎯 90.156.217.130 (Россия) - 1.1Mbps, 528ms UDP✅ Reality [m.vk.ru]
08:35:59 [DEBUG] https://cp.cloudflare.com:443 "GET / HTTP/1.1" 204 0
08:35:59 [DEBUG] Starting new HTTPS connection (1): www.gstatic.com:443
08:35:59 [DEBUG] https://www.gstatic.com:443 "GET /generate_204 HTTP/1.1" 204 0
08:35:59 [DEBUG] https://www.google.com:443 "GET /generate_204 HTTP/1.1" 204 0
08:35:59 [DEBUG] Starting new HTTPS connection (1): cp.cloudflare.com:443
08:35:59 [DEBUG] Starting new HTTPS connection (1): www.google.com:443
08:35:59 [DEBUG] https://www.gstatic.com:443 "GET /generate_204 HTTP/1.1" 204 0
08:35:59 [INFO]    🎯 212.233.76.209 (Россия) - 3.5Mbps, 1089ms UDP❌ Reality [api-maps.yandex.ru]
08:35:59 [INFO]    📊 Whitelist: 32/80 (40%) | ✅28 ❌4
08:36:00 [DEBUG] https://cp.cloudflare.com:443 "GET / HTTP/1.1" 204 0
08:36:00 [DEBUG] Starting new HTTPS connection (1): www.gstatic.com:443
08:36:00 [DEBUG] https://www.google.com:443 "GET /generate_204 HTTP/1.1" 204 0
08:36:00 [DEBUG] Starting new HTTPS connection (1): cp.cloudflare.com:443
08:36:00 [DEBUG] Starting new HTTPS connection (1): www.google.com:443
08:36:00 [DEBUG] https://cp.cloudflare.com:443 "GET / HTTP/1.1" 204 0
08:36:00 [DEBUG] Starting new HTTPS connection (1): www.gstatic.com:443
08:36:00 [DEBUG] https://www.gstatic.com:443 "GET /generate_204 HTTP/1.1" 204 0
08:36:00 [DEBUG] Starting new HTTPS connection (1): www.google.com:443
08:36:01 [DEBUG] https://www.gstatic.com:443 "GET /generate_204 HTTP/1.1" 204 0
08:36:01 [DEBUG] Starting new HTTPS connection (1): www.google.com:443
08:36:01 [DEBUG] https://www.google.com:443 "GET /generate_204 HTTP/1.1" 204 0
08:36:01 [DEBUG] Starting new HTTPS connection (1): cp.cloudflare.com:443
08:36:01 [DEBUG] Starting new HTTPS connection (1): dl.google.com:443
08:36:01 [DEBUG] Starting new HTTPS connection (1): dl.google.com:443
08:36:01 [DEBUG] Starting new HTTPS connection (1): dl.google.com:443
08:36:01 [DEBUG] https://cp.cloudflare.com:443 "GET / HTTP/1.1" 204 0
08:36:01 [DEBUG] Starting new HTTPS connection (1): www.gstatic.com:443
08:36:01 [DEBUG] https://www.google.com:443 "GET /generate_204 HTTP/1.1" 204 0
08:36:01 [DEBUG] Starting new HTTPS connection (1): cp.cloudflare.com:443
08:36:01 [DEBUG] https://dl.google.com:443 "GET /dl/android/studio/install/3.4.1.0/android-studio-ide-183.5522156-windows.exe HTTP/1.1" 200 1017327996
08:36:01 [DEBUG] https://www.google.com:443 "GET /generate_204 HTTP/1.1" 204 0
08:36:01 [DEBUG] Starting new HTTPS connection (1): cp.cloudflare.com:443
08:36:02 [DEBUG] https://cp.cloudflare.com:443 "GET / HTTP/1.1" 204 0
08:36:02 [DEBUG] Starting new HTTPS connection (1): www.gstatic.com:443
08:36:02 [DEBUG] https://dl.google.com:443 "GET /dl/android/studio/install/3.4.1.0/android-studio-ide-183.5522156-windows.exe HTTP/1.1" 200 1017327996
08:36:02 [DEBUG] https://www.gstatic.com:443 "GET /generate_204 HTTP/1.1" 204 0
08:36:02 [DEBUG] https://cp.cloudflare.com:443 "GET / HTTP/1.1" 204 0
08:36:02 [DEBUG] Starting new HTTPS connection (1): www.gstatic.com:443
08:36:02 [INFO]    🎯 37.139.33.15 (Россия) - 12.4Mbps, 411ms UDP✅ Reality [m.vk.ru]
08:36:02 [DEBUG] Starting new HTTPS connection (1): dl.google.com:443
08:36:02 [DEBUG] https://www.gstatic.com:443 "GET /generate_204 HTTP/1.1" 204 0
08:36:02 [DEBUG] https://www.gstatic.com:443 "GET /generate_204 HTTP/1.1" 204 0
08:36:02 [INFO]    🎯 87.239.106.153 (Россия) - 9.3Mbps, 526ms UDP✅ Reality [m.vk.ru]
08:36:02 [DEBUG] Starting new HTTPS connection (1): dl.google.com:443
08:36:02 [DEBUG] Starting new HTTPS connection (1): dl.google.com:443
08:36:03 [DEBUG] Starting new HTTPS connection (1): dl.google.com:443
08:36:03 [DEBUG] https://dl.google.com:443 "GET /dl/android/studio/install/3.4.1.0/android-studio-ide-183.5522156-windows.exe HTTP/1.1" 200 1017327996
08:36:03 [DEBUG] https://dl.google.com:443 "GET /dl/android/studio/install/3.4.1.0/android-studio-ide-183.5522156-windows.exe HTTP/1.1" 200 1017327996
08:36:03 [DEBUG] https://dl.google.com:443 "GET /dl/android/studio/install/3.4.1.0/android-studio-ide-183.5522156-windows.exe HTTP/1.1" 200 1017327996
08:36:03 [DEBUG] Starting new HTTPS connection (1): www.google.com:443
08:36:03 [DEBUG] https://dl.google.com:443 "GET /dl/android/studio/install/3.4.1.0/android-studio-ide-183.5522156-windows.exe HTTP/1.1" 200 1017327996
08:36:03 [INFO]    🎯 37.139.33.15 (Россия) - 12.3Mbps, 413ms UDP❌ Reality [m.vk.ru]
08:36:04 [DEBUG] Starting new HTTPS connection (1): www.google.com:443
08:36:04 [DEBUG] https://www.google.com:443 "GET /generate_204 HTTP/1.1" 204 0
08:36:04 [DEBUG] Starting new HTTPS connection (1): cp.cloudflare.com:443
08:36:04 [DEBUG] https://www.google.com:443 "GET /generate_204 HTTP/1.1" 204 0
08:36:04 [DEBUG] Starting new HTTPS connection (1): cp.cloudflare.com:443
08:36:04 [DEBUG] https://cp.cloudflare.com:443 "GET / HTTP/1.1" 204 0
08:36:04 [DEBUG] Starting new HTTPS connection (1): www.gstatic.com:443
08:36:05 [DEBUG] https://cp.cloudflare.com:443 "GET / HTTP/1.1" 204 0
08:36:05 [DEBUG] Starting new HTTPS connection (1): www.gstatic.com:443
08:36:05 [DEBUG] https://www.gstatic.com:443 "GET /generate_204 HTTP/1.1" 204 0
08:36:05 [DEBUG] Starting new HTTPS connection (1): www.google.com:443
08:36:05 [DEBUG] Starting new HTTPS connection (1): dl.google.com:443
08:36:05 [DEBUG] https://www.gstatic.com:443 "GET /generate_204 HTTP/1.1" 204 0
08:36:05 [DEBUG] Starting new HTTPS connection (1): dl.google.com:443
08:36:05 [DEBUG] https://dl.google.com:443 "GET /dl/android/studio/install/3.4.1.0/android-studio-ide-183.5522156-windows.exe HTTP/1.1" 200 1017327996
08:36:05 [DEBUG] https://www.google.com:443 "GET /generate_204 HTTP/1.1" 204 0
08:36:05 [DEBUG] Starting new HTTPS connection (1): cp.cloudflare.com:443
08:36:06 [INFO]    🎯 158.160.223.36 (Россия) - 3.6Mbps, 488ms UDP✅ Reality [yandex.ru]
08:36:06 [DEBUG] https://dl.google.com:443 "GET /dl/android/studio/install/3.4.1.0/android-studio-ide-183.5522156-windows.exe HTTP/1.1" 200 1017327996
08:36:06 [INFO]    🎯 176.123.164.110 (Россия) - 10.5Mbps, 503ms UDP✅ Reality [m.vk.com]
08:36:06 [DEBUG] https://cp.cloudflare.com:443 "GET / HTTP/1.1" 204 0
08:36:06 [DEBUG] Starting new HTTPS connection (1): www.gstatic.com:443
08:36:07 [INFO]    🎯 158.160.223.36 (Россия) - 8.7Mbps, 486ms UDP✅ Reality [yandex.ru]
08:36:07 [INFO]    🎯 90.156.217.130 (Россия) - 0.8Mbps, 688ms UDP❌ Reality [m.vk.ru]
08:36:07 [DEBUG] Starting new HTTPS connection (1): www.google.com:443
08:36:07 [DEBUG] Starting new HTTPS connection (1): www.google.com:443
08:36:07 [DEBUG] https://www.gstatic.com:443 "GET /generate_204 HTTP/1.1" 204 0
08:36:08 [DEBUG] https://www.google.com:443 "GET /generate_204 HTTP/1.1" 204 0
08:36:08 [DEBUG] Starting new HTTPS connection (1): cp.cloudflare.com:443
08:36:08 [DEBUG] Starting new HTTPS connection (1): www.google.com:443
08:36:08 [INFO]    🎯 176.123.164.110 (Россия) - 0.0Mbps, 513ms UDP✅ Reality [m.vk.com]
08:36:08 [INFO]    📊 Whitelist: 40/80 (50%) | ✅36 ❌4
08:36:08 [DEBUG] Starting new HTTPS connection (1): dl.google.com:443
08:36:08 [DEBUG] Starting new HTTPS connection (1): www.google.com:443
08:36:09 [DEBUG] https://cp.cloudflare.com:443 "GET / HTTP/1.1" 204 0
08:36:09 [DEBUG] Starting new HTTPS connection (1): www.gstatic.com:443
08:36:09 [DEBUG] https://www.google.com:443 "GET /generate_204 HTTP/1.1" 204 0
08:36:09 [DEBUG] Starting new HTTPS connection (1): cp.cloudflare.com:443
08:36:09 [DEBUG] https://www.google.com:443 "GET /generate_204 HTTP/1.1" 204 0
08:36:09 [DEBUG] Starting new HTTPS connection (1): cp.cloudflare.com:443
08:36:09 [DEBUG] https://www.gstatic.com:443 "GET /generate_204 HTTP/1.1" 204 0
08:36:09 [DEBUG] Starting new HTTPS connection (1): www.google.com:443
08:36:09 [INFO]    🎯 46.243.233.12 (Россия) - 1.5Mbps, 4982ms UDP❌ Reality [web.max.ru]
08:36:09 [INFO]    🎯 176.109.109.58 (Россия) - 1.9Mbps, 634ms UDP✅ Reality [tradingview.com]
08:36:09 [DEBUG] https://dl.google.com:443 "GET /dl/android/studio/install/3.4.1.0/android-studio-ide-183.5522156-windows.exe HTTP/1.1" 200 1017327996
08:36:10 [DEBUG] Starting new HTTPS connection (1): dl.google.com:443
08:36:10 [DEBUG] https://www.google.com:443 "GET /generate_204 HTTP/1.1" 204 0
08:36:10 [DEBUG] Starting new HTTPS connection (1): cp.cloudflare.com:443
08:36:10 [INFO]    🎯 37.139.33.52 (Россия) - 6.2Mbps, 947ms UDP✅ Reality [m.vk.com]
08:36:10 [DEBUG] https://cp.cloudflare.com:443 "GET / HTTP/1.1" 204 0
08:36:10 [DEBUG] Starting new HTTPS connection (1): www.gstatic.com:443
08:36:10 [DEBUG] https://dl.google.com:443 "GET /dl/android/studio/install/3.4.1.0/android-studio-ide-183.5522156-windows.exe HTTP/1.1" 200 1017327996
08:36:10 [DEBUG] Starting new HTTPS connection (1): www.google.com:443
08:36:11 [DEBUG] Starting new HTTPS connection (1): www.google.com:443
08:36:11 [DEBUG] https://cp.cloudflare.com:443 "GET / HTTP/1.1" 204 0
08:36:11 [DEBUG] Starting new HTTPS connection (1): www.gstatic.com:443
08:36:11 [INFO]    🎯 176.109.109.58 (Россия) - 0.6Mbps, 431ms UDP❌ Reality [m.vk.ru]
08:36:11 [DEBUG] https://www.google.com:443 "GET /generate_204 HTTP/1.1" 204 0
08:36:11 [DEBUG] Starting new HTTPS connection (1): cp.cloudflare.com:443
08:36:11 [INFO]    🎯 146.185.240.23 (Россия) - 8.3Mbps, 577ms UDP✅ Reality [m.vk.ru]
08:36:11 [DEBUG] https://www.google.com:443 "GET /generate_204 HTTP/1.1" 204 0
08:36:11 [DEBUG] Starting new HTTPS connection (1): cp.cloudflare.com:443
08:36:11 [DEBUG] https://www.gstatic.com:443 "GET /generate_204 HTTP/1.1" 204 0
08:36:11 [DEBUG] Starting new HTTPS connection (1): www.google.com:443
08:36:12 [DEBUG] https://www.gstatic.com:443 "GET /generate_204 HTTP/1.1" 204 0
08:36:12 [DEBUG] https://www.google.com:443 "GET /generate_204 HTTP/1.1" 204 0
08:36:12 [DEBUG] Starting new HTTPS connection (1): cp.cloudflare.com:443
08:36:12 [DEBUG] https://cp.cloudflare.com:443 "GET / HTTP/1.1" 204 0
08:36:12 [DEBUG] Starting new HTTPS connection (1): www.gstatic.com:443
08:36:12 [DEBUG] Starting new HTTPS connection (1): dl.google.com:443
08:36:12 [DEBUG] https://cp.cloudflare.com:443 "GET / HTTP/1.1" 204 0
08:36:12 [DEBUG] Starting new HTTPS connection (1): www.gstatic.com:443
08:36:12 [DEBUG] Starting new HTTPS connection (1): www.google.com:443
08:36:12 [DEBUG] https://www.gstatic.com:443 "GET /generate_204 HTTP/1.1" 204 0
08:36:12 [DEBUG] https://www.google.com:443 "GET /generate_204 HTTP/1.1" 204 0
08:36:12 [DEBUG] Starting new HTTPS connection (1): cp.cloudflare.com:443
08:36:12 [DEBUG] https://www.gstatic.com:443 "GET /generate_204 HTTP/1.1" 204 0
08:36:12 [DEBUG] Starting new HTTPS connection (1): www.google.com:443
08:36:12 [DEBUG] Starting new HTTPS connection (1): dl.google.com:443
08:36:12 [DEBUG] https://dl.google.com:443 "GET /dl/android/studio/install/3.4.1.0/android-studio-ide-183.5522156-windows.exe HTTP/1.1" 200 1017327996
08:36:13 [DEBUG] Starting new HTTPS connection (1): dl.google.com:443
08:36:13 [DEBUG] https://cp.cloudflare.com:443 "GET / HTTP/1.1" 204 0
08:36:13 [DEBUG] Starting new HTTPS connection (1): www.gstatic.com:443
08:36:13 [DEBUG] https://www.google.com:443 "GET /generate_204 HTTP/1.1" 204 0
08:36:13 [DEBUG] Starting new HTTPS connection (1): cp.cloudflare.com:443
08:36:13 [DEBUG] https://dl.google.com:443 "GET /dl/android/studio/install/3.4.1.0/android-studio-ide-183.5522156-windows.exe HTTP/1.1" 200 1017327996
08:36:13 [INFO]    🎯 79.137.175.44 (Россия) - 8.3Mbps, 676ms UDP✅ Reality [m.vk.ru]
08:36:13 [DEBUG] https://cp.cloudflare.com:443 "GET / HTTP/1.1" 204 0
08:36:13 [DEBUG] Starting new HTTPS connection (1): www.gstatic.com:443
08:36:13 [DEBUG] https://dl.google.com:443 "GET /dl/android/studio/install/3.4.1.0/android-studio-ide-183.5522156-windows.exe HTTP/1.1" 200 1017327996
08:36:13 [INFO]    🎯 5.188.140.115 (Россия) - 11.6Mbps, 1113ms UDP✅ Reality [ads.x5.ru]
08:36:14 [DEBUG] https://www.gstatic.com:443 "GET /generate_204 HTTP/1.1" 204 0
08:36:14 [DEBUG] Starting new HTTPS connection (1): www.gstatic.com:443
08:36:14 [INFO]    🎯 84.252.143.25 (Россия) - 8.2Mbps, 571ms UDP✅ Reality [yandex.ru]
08:36:14 [INFO]    📊 Whitelist: 48/80 (60%) | ✅44 ❌4
08:36:14 [INFO]    🎯 176.109.109.58 (Россия) - 0.6Mbps, 506ms UDP❌ Reality [tradingview.com]
08:36:14 [DEBUG] Starting new HTTPS connection (1): dl.google.com:443
08:36:14 [DEBUG] https://www.gstatic.com:443 "GET /generate_204 HTTP/1.1" 204 0
08:36:14 [DEBUG] Starting new HTTPS connection (1): www.google.com:443
08:36:15 [DEBUG] https://www.gstatic.com:443 "GET /generate_204 HTTP/1.1" 204 0
08:36:15 [DEBUG] Starting new HTTPS connection (1): www.google.com:443
08:36:15 [DEBUG] Starting new HTTPS connection (1): dl.google.com:443
08:36:15 [DEBUG] https://cp.cloudflare.com:443 "GET / HTTP/1.1" 204 0
08:36:15 [DEBUG] Starting new HTTPS connection (1): www.gstatic.com:443
08:36:15 [DEBUG] https://dl.google.com:443 "GET /dl/android/studio/install/3.4.1.0/android-studio-ide-183.5522156-windows.exe HTTP/1.1" 200 1017327996
08:36:15 [DEBUG] Starting new HTTPS connection (1): dl.google.com:443
08:36:15 [INFO]    🎯 178.154.230.75 (Россия) - 14.9Mbps, 581ms UDP✅ Reality [max.ru]
08:36:15 [DEBUG] https://www.google.com:443 "GET /generate_204 HTTP/1.1" 204 0
08:36:15 [DEBUG] Starting new HTTPS connection (1): cp.cloudflare.com:443
08:36:15 [DEBUG] Starting new HTTPS connection (1): www.google.com:443
08:36:15 [DEBUG] Starting new HTTPS connection (1): www.google.com:443
08:36:15 [DEBUG] https://www.google.com:443 "GET /generate_204 HTTP/1.1" 204 0
08:36:15 [DEBUG] Starting new HTTPS connection (1): cp.cloudflare.com:443
08:36:16 [DEBUG] https://dl.google.com:443 "GET /dl/android/studio/install/3.4.1.0/android-studio-ide-183.5522156-windows.exe HTTP/1.1" 200 1017327996
08:36:16 [DEBUG] https://dl.google.com:443 "GET /dl/android/studio/install/3.4.1.0/android-studio-ide-183.5522156-windows.exe HTTP/1.1" 200 1017327996
08:36:16 [DEBUG] https://cp.cloudflare.com:443 "GET / HTTP/1.1" 204 0
08:36:16 [DEBUG] Starting new HTTPS connection (1): www.gstatic.com:443
08:36:16 [DEBUG] https://www.google.com:443 "GET /generate_204 HTTP/1.1" 204 0
08:36:16 [DEBUG] Starting new HTTPS connection (1): cp.cloudflare.com:443
08:36:16 [DEBUG] https://www.google.com:443 "GET /generate_204 HTTP/1.1" 204 0
08:36:16 [DEBUG] Starting new HTTPS connection (1): cp.cloudflare.com:443
08:36:16 [DEBUG] https://cp.cloudflare.com:443 "GET / HTTP/1.1" 204 0
08:36:16 [DEBUG] Starting new HTTPS connection (1): www.gstatic.com:443
08:36:16 [DEBUG] https://cp.cloudflare.com:443 "GET / HTTP/1.1" 204 0
08:36:16 [DEBUG] Starting new HTTPS connection (1): www.gstatic.com:443
08:36:16 [DEBUG] https://www.gstatic.com:443 "GET /generate_204 HTTP/1.1" 204 0
08:36:16 [INFO]    🎯 146.185.240.23 (Россия) - 8.0Mbps, 966ms UDP✅ Reality [m.vk.ru]
08:36:16 [DEBUG] Starting new HTTPS connection (1): www.google.com:443
08:36:16 [DEBUG] https://www.gstatic.com:443 "GET /generate_204 HTTP/1.1" 204 0
08:36:16 [DEBUG] https://www.gstatic.com:443 "GET /generate_204 HTTP/1.1" 204 0
08:36:16 [DEBUG] https://cp.cloudflare.com:443 "GET / HTTP/1.1" 204 0
08:36:16 [DEBUG] Starting new HTTPS connection (1): www.gstatic.com:443
08:36:17 [DEBUG] Starting new HTTPS connection (1): dl.google.com:443
08:36:17 [DEBUG] https://www.google.com:443 "GET /generate_204 HTTP/1.1" 204 0
08:36:17 [DEBUG] Starting new HTTPS connection (1): cp.cloudflare.com:443
08:36:17 [DEBUG] Starting new HTTPS connection (1): dl.google.com:443
08:36:17 [DEBUG] https://dl.google.com:443 "GET /dl/android/studio/install/3.4.1.0/android-studio-ide-183.5522156-windows.exe HTTP/1.1" 200 1017327996
08:36:17 [DEBUG] Starting new HTTPS connection (1): cp.cloudflare.com:443
08:36:17 [DEBUG] https://www.gstatic.com:443 "GET /generate_204 HTTP/1.1" 204 0
08:36:17 [DEBUG] https://cp.cloudflare.com:443 "GET / HTTP/1.1" 204 0
08:36:17 [DEBUG] Starting new HTTPS connection (1): www.gstatic.com:443
08:36:17 [INFO]    🎯 51.250.16.92 (Россия) - 16.0Mbps, 314ms UDP✅ Reality [ads.x5.ru]
08:36:17 [DEBUG] Starting new HTTPS connection (1): dl.google.com:443
08:36:17 [DEBUG] Starting new HTTPS connection (1): www.google.com:443
08:36:18 [DEBUG] Starting new HTTPS connection (1): dl.google.com:443
08:36:18 [DEBUG] https://www.gstatic.com:443 "GET /generate_204 HTTP/1.1" 204 0
08:36:18 [DEBUG] https://www.google.com:443 "GET /generate_204 HTTP/1.1" 204 0
08:36:18 [DEBUG] Starting new HTTPS connection (1): cp.cloudflare.com:443
08:36:18 [DEBUG] Starting new HTTPS connection (1): dl.google.com:443
08:36:18 [INFO]    🎯 158.160.105.121 (Россия) - 4.0Mbps, 513ms UDP❌ Reality [yandex.ru]
08:36:18 [DEBUG] https://dl.google.com:443 "GET /dl/android/studio/install/3.4.1.0/android-studio-ide-183.5522156-windows.exe HTTP/1.1" 200 1017327996
08:36:19 [DEBUG] https://cp.cloudflare.com:443 "GET / HTTP/1.1" 204 0
08:36:19 [DEBUG] Starting new HTTPS connection (1): www.gstatic.com:443
08:36:19 [DEBUG] Starting new HTTPS connection (1): www.google.com:443
08:36:19 [INFO]    🎯 51.250.16.92 (Россия) - 19.6Mbps, 495ms UDP✅ Reality [sun6-21.userapi.com]
08:36:19 [DEBUG] https://dl.google.com:443 "GET /dl/android/studio/install/3.4.1.0/android-studio-ide-183.5522156-windows.exe HTTP/1.1" 200 1017327996
08:36:19 [DEBUG] https://www.gstatic.com:443 "GET /generate_204 HTTP/1.1" 204 0
08:36:19 [DEBUG] https://dl.google.com:443 "GET /dl/android/studio/install/3.4.1.0/android-studio-ide-183.5522156-windows.exe HTTP/1.1" 200 1017327996
08:36:19 [DEBUG] https://www.gstatic.com:443 "GET /generate_204 HTTP/1.1" 204 0
08:36:19 [DEBUG] Starting new HTTPS connection (1): dl.google.com:443
08:36:19 [DEBUG] https://www.google.com:443 "GET /generate_204 HTTP/1.1" 204 0
08:36:19 [DEBUG] Starting new HTTPS connection (1): cp.cloudflare.com:443
08:36:19 [INFO]    🎯 79.137.175.44 (Россия) - 4.9Mbps, 678ms UDP✅ Reality [m.vk.ru]
08:36:19 [DEBUG] Starting new HTTPS connection (1): www.google.com:443
08:36:20 [DEBUG] Starting new HTTPS connection (1): dl.google.com:443
08:36:20 [DEBUG] https://cp.cloudflare.com:443 "GET / HTTP/1.1" 204 0
08:36:20 [DEBUG] Starting new HTTPS connection (1): www.gstatic.com:443
08:36:20 [DEBUG] https://www.google.com:443 "GET /generate_204 HTTP/1.1" 204 0
08:36:20 [DEBUG] Starting new HTTPS connection (1): cp.cloudflare.com:443
08:36:20 [DEBUG] https://dl.google.com:443 "GET /dl/android/studio/install/3.4.1.0/android-studio-ide-183.5522156-windows.exe HTTP/1.1" 200 1017327996
08:36:20 [DEBUG] Starting new HTTPS connection (1): www.google.com:443
08:36:20 [DEBUG] https://www.gstatic.com:443 "GET /generate_204 HTTP/1.1" 204 0
08:36:20 [DEBUG] https://dl.google.com:443 "GET /dl/android/studio/install/3.4.1.0/android-studio-ide-183.5522156-windows.exe HTTP/1.1" 200 1017327996
08:36:21 [DEBUG] Starting new HTTPS connection (1): www.google.com:443
08:36:21 [INFO]    🎯 90.156.150.134 (Россия) - 9.5Mbps, 547ms UDP✅ Reality [m.vk.ru]
08:36:21 [INFO]    📊 Whitelist: 56/80 (70%) | ✅52 ❌4
08:36:21 [DEBUG] https://www.google.com:443 "GET /generate_204 HTTP/1.1" 204 0
08:36:21 [DEBUG] Starting new HTTPS connection (1): cp.cloudflare.com:443
08:36:21 [DEBUG] https://www.google.com:443 "GET /generate_204 HTTP/1.1" 204 0
08:36:21 [DEBUG] Starting new HTTPS connection (1): cp.cloudflare.com:443
08:36:22 [INFO]    🎯 158.160.105.121 (Россия) - 5.0Mbps, 553ms UDP❌ Reality [yandex.ru]
08:36:22 [DEBUG] Starting new HTTPS connection (1): www.gstatic.com:443
08:36:22 [DEBUG] Starting new HTTPS connection (1): dl.google.com:443
08:36:22 [DEBUG] Starting new HTTPS connection (1): www.google.com:443
08:36:22 [DEBUG] https://cp.cloudflare.com:443 "GET / HTTP/1.1" 204 0
08:36:22 [DEBUG] Starting new HTTPS connection (1): www.gstatic.com:443
08:36:23 [DEBUG] https://cp.cloudflare.com:443 "GET / HTTP/1.1" 204 0
08:36:23 [DEBUG] Starting new HTTPS connection (1): www.gstatic.com:443
08:36:23 [DEBUG] https://www.gstatic.com:443 "GET /generate_204 HTTP/1.1" 204 0
08:36:23 [DEBUG] Starting new HTTPS connection (1): www.google.com:443
08:36:23 [DEBUG] Starting new HTTPS connection (1): dl.google.com:443
08:36:23 [DEBUG] Starting new HTTPS connection (1): dl.google.com:443
08:36:24 [INFO]    🎯 217.16.16.52 (Россия) - 0.0Mbps, 1152ms UDP❌ Reality [www.vk.com]
08:36:24 [DEBUG] https://dl.google.com:443 "GET /dl/android/studio/install/3.4.1.0/android-studio-ide-183.5522156-windows.exe HTTP/1.1" 200 1017327996
08:36:24 [INFO]    🎯 109.120.188.227 (Россия) - 14.3Mbps, 757ms UDP✅ Reality [ads.x5.ru]
08:36:24 [DEBUG] https://dl.google.com:443 "GET /dl/android/studio/install/3.4.1.0/android-studio-ide-183.5522156-windows.exe HTTP/1.1" 200 1017327996
08:36:25 [DEBUG] Starting new HTTPS connection (1): www.google.com:443
08:36:25 [INFO]    🎯 5.188.140.55 (Россия) - 4.7Mbps, 3668ms UDP❌ Reality [ads.x5.ru]
08:36:25 [DEBUG] Starting new HTTPS connection (1): www.gstatic.com:443
08:36:25 [DEBUG] https://www.google.com:443 "GET /generate_204 HTTP/1.1" 204 0
08:36:25 [DEBUG] Starting new HTTPS connection (1): cp.cloudflare.com:443
08:36:25 [DEBUG] https://www.gstatic.com:443 "GET /generate_204 HTTP/1.1" 204 0
08:36:25 [DEBUG] https://www.google.com:443 "GET /generate_204 HTTP/1.1" 204 0
08:36:25 [DEBUG] Starting new HTTPS connection (1): cp.cloudflare.com:443
08:36:25 [DEBUG] https://www.gstatic.com:443 "GET /generate_204 HTTP/1.1" 204 0
08:36:26 [DEBUG] Starting new HTTPS connection (1): www.google.com:443
08:36:26 [DEBUG] Starting new HTTPS connection (1): dl.google.com:443
08:36:26 [DEBUG] Starting new HTTPS connection (1): dl.google.com:443
08:36:26 [DEBUG] Starting new HTTPS connection (1): www.google.com:443
08:36:26 [DEBUG] https://cp.cloudflare.com:443 "GET / HTTP/1.1" 204 0
08:36:26 [DEBUG] https://dl.google.com:443 "GET /dl/android/studio/install/3.4.1.0/android-studio-ide-183.5522156-windows.exe HTTP/1.1" 200 1017327996
08:36:26 [DEBUG] Starting new HTTPS connection (1): www.gstatic.com:443
08:36:26 [DEBUG] Starting new HTTPS connection (1): cp.cloudflare.com:443
08:36:26 [DEBUG] Starting new HTTPS connection (1): www.gstatic.com:443
08:36:26 [DEBUG] https://dl.google.com:443 "GET /dl/android/studio/install/3.4.1.0/android-studio-ide-183.5522156-windows.exe HTTP/1.1" 200 1017327996
08:36:26 [INFO]    🎯 212.233.96.101 (Россия) - 18.7Mbps, 414ms UDP✅ Reality [max.ru]
08:36:26 [DEBUG] https://www.google.com:443 "GET /generate_204 HTTP/1.1" 204 0
08:36:26 [DEBUG] Starting new HTTPS connection (1): cp.cloudflare.com:443
08:36:27 [INFO]    🎯 212.233.96.101 (Россия) - 3.8Mbps, 508ms UDP❌ Reality [ads.x5.ru]
08:36:27 [DEBUG] https://dl.google.com:443 "GET /dl/android/studio/install/3.4.1.0/android-studio-ide-183.5522156-windows.exe HTTP/1.1" 200 1017327996
08:36:27 [DEBUG] https://www.gstatic.com:443 "GET /generate_204 HTTP/1.1" 204 0
08:36:27 [INFO]    📊 Whitelist: 64/80 (80%) | ✅58 ❌6
08:36:27 [DEBUG] Starting new HTTPS connection (1): dl.google.com:443
08:36:27 [DEBUG] Starting new HTTPS connection (1): www.google.com:443
08:36:28 [DEBUG] Starting new HTTPS connection (1): www.google.com:443
08:36:28 [DEBUG] https://dl.google.com:443 "GET /dl/android/studio/install/3.4.1.0/android-studio-ide-183.5522156-windows.exe HTTP/1.1" 200 1017327996
08:36:28 [DEBUG] Starting new HTTPS connection (1): www.google.com:443
08:36:28 [INFO]    🎯 109.120.188.14 (Россия) - 15.8Mbps, 629ms UDP✅ Reality [ads.x5.ru]
08:36:28 [DEBUG] https://www.google.com:443 "GET /generate_204 HTTP/1.1" 204 0
08:36:28 [DEBUG] Starting new HTTPS connection (1): cp.cloudflare.com:443
08:36:28 [DEBUG] Starting new HTTPS connection (1): cp.cloudflare.com:443
08:36:28 [DEBUG] Starting new HTTPS connection (1): www.google.com:443
08:36:28 [DEBUG] https://www.google.com:443 "GET /generate_204 HTTP/1.1" 204 0
08:36:28 [DEBUG] Starting new HTTPS connection (1): cp.cloudflare.com:443
08:36:28 [DEBUG] https://cp.cloudflare.com:443 "GET / HTTP/1.1" 204 0
08:36:28 [DEBUG] Starting new HTTPS connection (1): www.gstatic.com:443
08:36:28 [DEBUG] https://www.google.com:443 "GET /generate_204 HTTP/1.1" 204 0
08:36:28 [DEBUG] Starting new HTTPS connection (1): cp.cloudflare.com:443
08:36:29 [DEBUG] https://cp.cloudflare.com:443 "GET / HTTP/1.1" 204 0
08:36:29 [DEBUG] Starting new HTTPS connection (1): www.gstatic.com:443
08:36:29 [DEBUG] https://cp.cloudflare.com:443 "GET / HTTP/1.1" 204 0
08:36:29 [DEBUG] Starting new HTTPS connection (1): www.gstatic.com:443
08:36:29 [DEBUG] https://cp.cloudflare.com:443 "GET / HTTP/1.1" 204 0
08:36:29 [DEBUG] Starting new HTTPS connection (1): www.gstatic.com:443
08:36:29 [DEBUG] https://www.gstatic.com:443 "GET /generate_204 HTTP/1.1" 204 0
08:36:29 [DEBUG] Starting new HTTPS connection (1): www.google.com:443
08:36:29 [DEBUG] https://www.gstatic.com:443 "GET /generate_204 HTTP/1.1" 204 0
08:36:29 [DEBUG] Starting new HTTPS connection (1): dl.google.com:443
08:36:30 [DEBUG] https://www.gstatic.com:443 "GET /generate_204 HTTP/1.1" 204 0
08:36:30 [DEBUG] Starting new HTTPS connection (1): dl.google.com:443
08:36:30 [DEBUG] https://dl.google.com:443 "GET /dl/android/studio/install/3.4.1.0/android-studio-ide-183.5522156-windows.exe HTTP/1.1" 200 1017327996
08:36:30 [DEBUG] Starting new HTTPS connection (1): dl.google.com:443
08:36:30 [DEBUG] https://cp.cloudflare.com:443 "GET / HTTP/1.1" 204 0
08:36:30 [DEBUG] Starting new HTTPS connection (1): www.gstatic.com:443
08:36:31 [DEBUG] https://dl.google.com:443 "GET /dl/android/studio/install/3.4.1.0/android-studio-ide-183.5522156-windows.exe HTTP/1.1" 200 1017327996
08:36:31 [INFO]    🎯 90.156.150.134 (Россия) - 10.0Mbps, 540ms UDP✅ Reality [m.vk.ru]
08:36:31 [DEBUG] https://www.gstatic.com:443 "GET /generate_204 HTTP/1.1" 204 0
08:36:31 [DEBUG] https://dl.google.com:443 "GET /dl/android/studio/install/3.4.1.0/android-studio-ide-183.5522156-windows.exe HTTP/1.1" 200 1017327996
08:36:32 [INFO]    🎯 84.252.136.245 (Россия) - 7.6Mbps, 627ms UDP✅ Reality [yandex.ru]
08:36:32 [INFO]    🎯 84.252.136.245 (Россия) - 7.3Mbps, 634ms UDP✅ Reality [yandex.ru]
08:36:32 [DEBUG] Starting new HTTPS connection (1): www.google.com:443
08:36:33 [DEBUG] Starting new HTTPS connection (1): www.google.com:443
08:36:33 [DEBUG] https://www.google.com:443 "GET /generate_204 HTTP/1.1" 204 0
08:36:33 [DEBUG] Starting new HTTPS connection (1): cp.cloudflare.com:443
08:36:33 [DEBUG] Starting new HTTPS connection (1): www.google.com:443
08:36:33 [DEBUG] Starting new HTTPS connection (1): www.gstatic.com:443
08:36:34 [DEBUG] https://www.google.com:443 "GET /generate_204 HTTP/1.1" 204 0
08:36:34 [DEBUG] Starting new HTTPS connection (1): cp.cloudflare.com:443
08:36:34 [DEBUG] Starting new HTTPS connection (1): dl.google.com:443
08:36:34 [DEBUG] https://www.google.com:443 "GET /generate_204 HTTP/1.1" 204 0
08:36:34 [DEBUG] Starting new HTTPS connection (1): cp.cloudflare.com:443
08:36:34 [DEBUG] https://cp.cloudflare.com:443 "GET / HTTP/1.1" 204 0
08:36:34 [DEBUG] Starting new HTTPS connection (1): www.gstatic.com:443
08:36:35 [DEBUG] https://www.gstatic.com:443 "GET /generate_204 HTTP/1.1" 204 0
08:36:35 [DEBUG] https://dl.google.com:443 "GET /dl/android/studio/install/3.4.1.0/android-studio-ide-183.5522156-windows.exe HTTP/1.1" 200 1017327996
08:36:35 [DEBUG] https://www.google.com:443 "GET /generate_204 HTTP/1.1" 204 0
08:36:35 [DEBUG] Starting new HTTPS connection (1): cp.cloudflare.com:443
08:36:35 [DEBUG] Starting new HTTPS connection (1): dl.google.com:443
08:36:35 [INFO]    🎯 195.209.67.124 (Россия) - 8.9Mbps, 1779ms UDP❌  []
08:36:36 [DEBUG] https://dl.google.com:443 "GET /dl/android/studio/install/3.4.1.0/android-studio-ide-183.5522156-windows.exe HTTP/1.1" 200 1017327996
08:36:36 [DEBUG] Starting new HTTPS connection (1): dl.google.com:443
08:36:36 [DEBUG] https://cp.cloudflare.com:443 "GET / HTTP/1.1" 204 0
08:36:36 [DEBUG] Starting new HTTPS connection (1): www.gstatic.com:443
08:36:36 [INFO]    🎯 89.169.162.214 (Россия) - 9.3Mbps, 558ms UDP✅ Reality [yandex.ru]
08:36:37 [DEBUG] Starting new HTTPS connection (1): www.google.com:443
08:36:37 [DEBUG] https://cp.cloudflare.com:443 "GET / HTTP/1.1" 204 0
08:36:37 [DEBUG] Starting new HTTPS connection (1): www.gstatic.com:443
08:36:37 [DEBUG] https://www.google.com:443 "GET /generate_204 HTTP/1.1" 204 0
08:36:37 [DEBUG] Starting new HTTPS connection (1): cp.cloudflare.com:443
08:36:38 [DEBUG] Starting new HTTPS connection (1): www.google.com:443
08:36:38 [DEBUG] https://cp.cloudflare.com:443 "GET / HTTP/1.1" 204 0
08:36:38 [DEBUG] Starting new HTTPS connection (1): www.gstatic.com:443
08:36:38 [DEBUG] Starting new HTTPS connection (1): cp.cloudflare.com:443
08:36:38 [DEBUG] https://www.gstatic.com:443 "GET /generate_204 HTTP/1.1" 204 0
08:36:39 [DEBUG] Starting new HTTPS connection (1): dl.google.com:443
08:36:39 [DEBUG] https://www.google.com:443 "GET /generate_204 HTTP/1.1" 204 0
08:36:39 [DEBUG] Starting new HTTPS connection (1): cp.cloudflare.com:443
08:36:39 [DEBUG] https://www.gstatic.com:443 "GET /generate_204 HTTP/1.1" 204 0
08:36:39 [DEBUG] https://dl.google.com:443 "GET /dl/android/studio/install/3.4.1.0/android-studio-ide-183.5522156-windows.exe HTTP/1.1" 200 1017327996
08:36:39 [INFO]    🎯 5.188.141.69 (Россия) - 4.8Mbps, 3138ms UDP❌ Reality [ads.x5.ru]
08:36:39 [INFO]    📊 Whitelist: 72/80 (90%) | ✅65 ❌7
08:36:39 [DEBUG] https://dl.google.com:443 "GET /dl/android/studio/install/3.4.1.0/android-studio-ide-183.5522156-windows.exe HTTP/1.1" 200 1017327996
08:36:40 [DEBUG] https://cp.cloudflare.com:443 "GET / HTTP/1.1" 204 0
08:36:40 [DEBUG] Starting new HTTPS connection (1): www.gstatic.com:443
08:36:40 [DEBUG] Starting new HTTPS connection (1): www.gstatic.com:443
08:36:40 [DEBUG] Starting new HTTPS connection (1): dl.google.com:443
08:36:40 [INFO]    🎯 89.169.162.214 (Россия) - 8.7Mbps, 572ms UDP✅ Reality [yandex.ru]
08:36:41 [DEBUG] https://www.gstatic.com:443 "GET /generate_204 HTTP/1.1" 204 0
08:36:41 [DEBUG] https://www.gstatic.com:443 "GET /generate_204 HTTP/1.1" 204 0
08:36:42 [DEBUG] Starting new HTTPS connection (1): dl.google.com:443
08:36:42 [DEBUG] https://dl.google.com:443 "GET /dl/android/studio/install/3.4.1.0/android-studio-ide-183.5522156-windows.exe HTTP/1.1" 200 1017327996
08:36:43 [DEBUG] Starting new HTTPS connection (1): www.gstatic.com:443
08:36:44 [DEBUG] https://www.gstatic.com:443 "GET /generate_204 HTTP/1.1" 204 0
08:36:44 [DEBUG] Starting new HTTPS connection (1): dl.google.com:443
08:36:45 [DEBUG] https://dl.google.com:443 "GET /dl/android/studio/install/3.4.1.0/android-studio-ide-183.5522156-windows.exe HTTP/1.1" 200 1017327996
08:36:46 [INFO]    🎯 89.208.230.173 (Россия) - 0.0Mbps, 2258ms UDP✅ Reality [ads.x5.ru]
08:36:46 [INFO]    🎯 46.243.232.142 (Россия) - 5.5Mbps, 4241ms UDP❌ Reality [sun6-22.userapi.com]
08:37:02 [INFO]    🎯 37.139.34.145 (Россия) - 0.0Mbps, 560ms UDP✅ Reality [m.vk.ru]
08:37:04 [INFO]    🎯 87.239.110.251 (Россия) - 0.6Mbps, 1026ms UDP✅ Reality [m.vk.ru]
08:37:04 [INFO]    🎯 37.139.34.145 (Россия) - 0.3Mbps, 1843ms UDP✅ Reality [m.vk.ru]
08:37:04 [INFO]    📊 Whitelist: 80/80 (100%) | ✅71 ❌9
08:37:04 [INFO] 
✅ Прошли: 84 (61 Reality), 71 WL
08:37:04 [INFO] 
══════════════════════════════════════════════════
08:37:04 [INFO] 🏆 ЭТАП 4: ФИНАЛЬНЫЙ ОТБОР
08:37:04 [INFO] ══════════════════════════════════════════════════
08:37:04 [INFO] 
📊 Пулы после фильтрации:
08:37:04 [INFO]    🎮 GAME (Reality, <150ms): 10
08:37:04 [INFO]    ⚡ UNIVERSAL: 31
08:37:04 [INFO]    🔄 WARP (Reality score≥50): 36
08:37:04 [INFO]    ⚪ WHITELIST: 71
08:37:04 [INFO] 
🎮 Выбор GAME серверов (Reality only!)...
08:37:04 [INFO]    GAME-1: 144.31.2.86 (Польша) - 149ms, 41.7Mbps, Reality✅
08:37:04 [INFO]    GAME-2: 57.129.53.182 (Германия) - 37ms, 54.9Mbps, Reality✅
08:37:04 [INFO] 
⚡ Выбор UNIVERSAL серверов (приоритет Reality)...
08:37:04 [INFO]    UNIVERSAL-1: 91.84.113.47 (Нидерланды) - 34.6Mbps Reality✅
08:37:04 [INFO]    UNIVERSAL-2: 91.84.109.124 (Нидерланды) - 33.5Mbps Reality✅
08:37:04 [INFO]    UNIVERSAL-3: 91.84.109.130 (Нидерланды) - 32.9Mbps Reality✅
08:37:04 [INFO] 
🔄 Выбор WARP серверов (Reality с высоким score)...
08:37:04 [INFO]    WARP-1: 144.31.2.154 (Польша) - score=100
08:37:04 [INFO]    WARP-2: 45.43.79.73 (Латвия) - score=100
08:37:04 [INFO] 
⚪ Выбор WHITELIST серверов...
08:37:04 [INFO]    WHITELIST-1: 212.233.96.101 - 20.4Mbps
08:37:04 [INFO]    WHITELIST-2: 51.250.32.69 - 20.1Mbps
08:37:04 [INFO] 
✅ Итого: 9 серверов
08:37:04 [INFO] 📦 Резерв: 30 серверов
08:37:04 [INFO] 🛡️ Reality в финале: 9/9
08:37:04 [INFO] 🏆 THE FINAL 9 (Russia-Proof):
08:37:04 [INFO] 💾 Подписка: FL1PVPN (9 серверов)
08:37:04 [INFO] ✅ ГОТОВО за 355.7 сек
08:37:04 [INFO] 🛡️ Reality в финале: 9/9
