09:48:08 [INFO] 🚀 FL1P VPN V123 - RUSSIA-PROOF EDITION
09:48:08 [INFO]    ⏰ 2026-02-07 12:48:08 MSK
09:48:08 [INFO]    🛡️ Приоритет: ТОЛЬКО Reality серверы
09:48:08 [INFO]    🎮 GAME: Reality + Tier 1-2 + пинг <150ms
09:48:08 [INFO]    ⚡ UNIVERSAL: Reality приоритет
09:48:08 [INFO] 📂 История: 6505 записей
09:48:08 [INFO] 🌍 GeoIP OK
09:48:08 [INFO] 
══════════════════════════════════════════════════
09:48:08 [INFO] 📥 ЭТАП 1: СБОР
09:48:08 [INFO] ══════════════════════════════════════════════════
09:48:08 [INFO] 📥 Сбор конфигов...
09:48:08 [DEBUG] Starting new HTTPS connection (1): raw.githubusercontent.com:443
09:48:08 [DEBUG] Starting new HTTPS connection (1): raw.githubusercontent.com:443
09:48:08 [DEBUG] Starting new HTTPS connection (1): raw.githubusercontent.com:443
09:48:08 [DEBUG] Starting new HTTPS connection (1): raw.githubusercontent.com:443
09:48:09 [DEBUG] Starting new HTTPS connection (1): raw.githubusercontent.com:443
09:48:09 [DEBUG] Starting new HTTPS connection (1): raw.githubusercontent.com:443
09:48:09 [DEBUG] Starting new HTTPS connection (1): raw.githubusercontent.com:443
09:48:09 [DEBUG] Starting new HTTPS connection (1): raw.githubusercontent.com:443
09:48:09 [DEBUG] Starting new HTTPS connection (1): raw.githubusercontent.com:443
09:48:09 [DEBUG] Starting new HTTPS connection (1): raw.githubusercontent.com:443
09:48:09 [DEBUG] Starting new HTTPS connection (1): raw.githubusercontent.com:443
09:48:09 [DEBUG] Starting new HTTPS connection (1): raw.githubusercontent.com:443
09:48:09 [DEBUG] Starting new HTTPS connection (1): raw.githubusercontent.com:443
09:48:09 [DEBUG] Starting new HTTPS connection (1): raw.githubusercontent.com:443
09:48:09 [DEBUG] Starting new HTTPS connection (1): raw.githubusercontent.com:443
09:48:09 [DEBUG] https://raw.githubusercontent.com:443 "GET /soroushmirzaei/telegram-configs-collector/main/protocols/reality HTTP/1.1" 404 14
09:48:09 [DEBUG] Starting new HTTPS connection (1): raw.githubusercontent.com:443
09:48:09 [DEBUG] https://raw.githubusercontent.com:443 "GET /Yebekhe/TelegramV2rayCollector/main/sub/normal/reality HTTP/1.1" 404 14
09:48:09 [DEBUG] Starting new HTTPS connection (1): raw.githubusercontent.com:443
09:48:09 [DEBUG] https://raw.githubusercontent.com:443 "GET /peasoft/NoMoreWalls/master/list.txt HTTP/1.1" 200 11424
09:48:09 [DEBUG] https://raw.githubusercontent.com:443 "GET /lagzian/SS-Collector/main/realitiy_api.txt HTTP/1.1" 404 14
09:48:09 [DEBUG] https://raw.githubusercontent.com:443 "GET /yebekhe/TVC/main/subscriptions/xray/reality HTTP/1.1" 404 14
09:48:09 [DEBUG] Starting new HTTPS connection (1): raw.githubusercontent.com:443
09:48:09 [DEBUG] https://raw.githubusercontent.com:443 "GET /Pawdroid/Free-servers/main/sub HTTP/1.1" 200 3533
09:48:09 [DEBUG] Starting new HTTPS connection (1): raw.githubusercontent.com:443
09:48:09 [DEBUG] Starting new HTTPS connection (1): raw.githubusercontent.com:443
09:48:09 [DEBUG] https://raw.githubusercontent.com:443 "GET /Epodonios/v2ray-configs/main/Splitted-By-Protocol/reality.txt HTTP/1.1" 404 14
09:48:09 [DEBUG] Starting new HTTPS connection (1): t.me:443
09:48:09 [DEBUG] https://raw.githubusercontent.com:443 "GET /mahdibland/V2RayAggregator/master/Eternity HTTP/1.1" 200 13397
09:48:09 [DEBUG] https://raw.githubusercontent.com:443 "GET /mahdibland/V2RayAggregator/master/sub/splitted/reality.txt HTTP/1.1" 404 14
09:48:09 [DEBUG] Starting new HTTPS connection (1): t.me:443
09:48:09 [DEBUG] Starting new HTTPS connection (1): t.me:443
09:48:09 [DEBUG] Starting new HTTPS connection (1): t.me:443
09:48:09 [DEBUG] https://raw.githubusercontent.com:443 "GET /yebekhe/TVC/main/subscriptions/xray/vless HTTP/1.1" 404 14
09:48:09 [DEBUG] Starting new HTTPS connection (1): t.me:443
09:48:09 [DEBUG] https://raw.githubusercontent.com:443 "GET /NiREvil/vless/main/sub/vless HTTP/1.1" 404 14
09:48:09 [DEBUG] Starting new HTTPS connection (1): t.me:443
09:48:09 [DEBUG] https://raw.githubusercontent.com:443 "GET /barry-far/V2ray-Configs/main/Splitted-By-Protocol/vless.txt HTTP/1.1" 404 14
09:48:09 [DEBUG] Starting new HTTPS connection (1): t.me:443
09:48:09 [DEBUG] https://raw.githubusercontent.com:443 "GET /mfuu/v2ray/master/v2ray HTTP/1.1" 200 13219
09:48:09 [DEBUG] https://raw.githubusercontent.com:443 "GET /MrMohebi/xray-proxy-grabber-telegram/master/collected-proxies/row-url/all.txt HTTP/1.1" 200 13213
09:48:09 [DEBUG] https://raw.githubusercontent.com:443 "GET /Epodonios/v2ray-configs/main/Splitted-By-Protocol/vless.txt HTTP/1.1" 200 298955
09:48:10 [DEBUG] Starting new HTTPS connection (1): t.me:443
09:48:10 [DEBUG]    🚫 Заблокированный SNI: www.microsoft.com
09:48:10 [DEBUG]    🚫 Заблокированный SNI: www.microsoft.com
09:48:10 [DEBUG] Starting new HTTPS connection (1): t.me:443
09:48:10 [DEBUG] https://raw.githubusercontent.com:443 "GET /igareck/vpn-configs-for-russia/main/Vless-Reality-White-Lists-Rus-Mobile.txt HTTP/1.1" 200 6533
09:48:10 [DEBUG] https://raw.githubusercontent.com:443 "GET /igareck/vpn-configs-for-russia/refs/heads/main/Vless-Reality-White-Lists-Rus-Mobile-2.txt HTTP/1.1" 200 6358
09:48:10 [DEBUG] Starting new HTTPS connection (1): t.me:443
09:48:10 [DEBUG] https://raw.githubusercontent.com:443 "GET /igareck/vpn-configs-for-russia/refs/heads/main/WHITE-CIDR-RU-all.txt HTTP/1.1" 200 32023
09:48:10 [DEBUG] https://t.me:443 "GET /s/reality_daily HTTP/1.1" 302 20
09:48:10 [DEBUG] Starting new HTTPS connection (1): t.me:443
09:48:10 [DEBUG] https://t.me:443 "GET /reality_daily HTTP/1.1" 200 3656
09:48:10 [DEBUG] https://raw.githubusercontent.com:443 "GET /igareck/vpn-configs-for-russia/main/configs/vless.txt HTTP/1.1" 404 14
09:48:10 [DEBUG] https://t.me:443 "GET /s/RealityVpnChannel HTTP/1.1" 302 20
09:48:10 [DEBUG] Starting new HTTPS connection (1): api.github.com:443
09:48:10 [DEBUG] Starting new HTTPS connection (1): t.me:443
09:48:10 [DEBUG] https://t.me:443 "GET /s/FarahVPN HTTP/1.1" 200 9992
09:48:10 [DEBUG] https://t.me:443 "GET /s/PrivateVPNs HTTP/1.1" 200 11611
09:48:10 [DEBUG] https://t.me:443 "GET /RealityVpnChannel HTTP/1.1" 200 3660
09:48:10 [DEBUG] https://t.me:443 "GET /s/v2ray_configs_pool HTTP/1.1" 200 9181
09:48:10 [DEBUG] https://t.me:443 "GET /s/DirectVPN HTTP/1.1" 200 11335
09:48:10 [DEBUG] https://t.me:443 "GET /s/VlessConfig HTTP/1.1" 200 11385
09:48:10 [DEBUG] Starting new HTTPS connection (1): api.github.com:443
09:48:10 [DEBUG] Starting new HTTPS connection (1): api.github.com:443
09:48:10 [DEBUG]    🚫 Заблокированный SNI: www.aparat.com
09:48:10 [DEBUG] https://t.me:443 "GET /s/iSegaro HTTP/1.1" 200 18607
09:48:10 [DEBUG] https://raw.githubusercontent.com:443 "GET /AvenCores/goida-vpn-configs/main/configs/vless.txt HTTP/1.1" 404 14
09:48:10 [DEBUG] https://t.me:443 "GET /s/v2rayng_vpn HTTP/1.1" 200 15539
09:48:11 [DEBUG]    🚫 Заблокированный SNI: us.asbndx.com
09:48:11 [DEBUG]    🚫 Заблокированный SNI: de-two.asbndx.com
09:48:11 [DEBUG]    🚫 Заблокированный SNI: www.microsoft.com
09:48:11 [DEBUG]    🚫 Заблокированный SNI: eset.com
09:48:11 [DEBUG]    🚫 Заблокированный SNI: learn.microsoft.com
09:48:11 [DEBUG]    🚫 Заблокированный SNI: aparat.com
09:48:11 [DEBUG]    🚫 Заблокированный SNI: tr.eu-ffast.com
09:48:11 [DEBUG]    🚫 Заблокированный SNI: www.microsoft.com
09:48:11 [DEBUG]    🚫 Заблокированный SNI: www.pinterest.com
09:48:11 [DEBUG] https://t.me:443 "GET /s/ConfigsHUB HTTP/1.1" 200 10297
09:48:11 [DEBUG] https://api.github.com:443 "GET /repos/yebekhe/TelegramV2rayCollector/issues?state=all&per_page=10 HTTP/1.1" 404 125
09:48:11 [DEBUG] https://api.github.com:443 "GET /repos/barry-far/V2ray-Configs/issues?state=all&per_page=10 HTTP/1.1" 403 136
09:48:11 [DEBUG] https://t.me:443 "GET /s/v2ray_alpha HTTP/1.1" 200 18988
09:48:11 [DEBUG] https://t.me:443 "GET /s/freev2rayssr HTTP/1.1" 200 22270
09:48:11 [DEBUG] https://api.github.com:443 "GET /repos/mahdibland/V2RayAggregator/issues?state=all&per_page=10 HTTP/1.1" 200 None
09:48:11 [INFO] 
📊 Собрано: 2879 глобальных
09:48:11 [INFO]    🛡️ Reality: 356 (хороших: 349)
09:48:11 [INFO]    🇷🇺 Whitelist: 1452
09:48:11 [INFO] 🔍 Уникальных: 1674 (270 Reality), 126 WL
09:48:11 [INFO] 
══════════════════════════════════════════════════
09:48:11 [INFO] ⚡ ЭТАП 2: TCP
09:48:11 [INFO] ══════════════════════════════════════════════════
09:48:12 [INFO]    📊 Global: 167/1674 (10%) | ✅122 ❌45
09:48:12 [INFO]    📊 Global: 334/1674 (20%) | ✅216 ❌118
09:48:13 [INFO]    📊 Global: 501/1674 (30%) | ✅292 ❌209
09:48:13 [INFO]    📊 Global: 668/1674 (40%) | ✅412 ❌256
09:48:13 [INFO]    📊 Global: 835/1674 (50%) | ✅530 ❌305
09:48:14 [INFO]    📊 Global: 1002/1674 (60%) | ✅638 ❌364
09:48:14 [INFO]    📊 Global: 1169/1674 (70%) | ✅747 ❌422
09:48:15 [INFO]    📊 Global: 1336/1674 (80%) | ✅854 ❌482
09:48:15 [INFO]    📊 Global: 1503/1674 (90%) | ✅982 ❌521
09:48:16 [INFO]    📊 Global: 1670/1674 (100%) | ✅1058 ❌612
09:48:22 [INFO]    📊 Whitelist: 12/126 (10%) | ✅0 ❌12
09:48:22 [INFO]    📊 Whitelist: 24/126 (19%) | ✅1 ❌23
09:48:22 [INFO]    📊 Whitelist: 36/126 (29%) | ✅11 ❌25
09:48:22 [INFO]    📊 Whitelist: 48/126 (38%) | ✅19 ❌29
09:48:22 [INFO]    📊 Whitelist: 60/126 (48%) | ✅27 ❌33
09:48:22 [INFO]    📊 Whitelist: 72/126 (57%) | ✅34 ❌38
09:48:22 [INFO]    📊 Whitelist: 84/126 (67%) | ✅46 ❌38
09:48:22 [INFO]    📊 Whitelist: 96/126 (76%) | ✅58 ❌38
09:48:22 [INFO]    📊 Whitelist: 108/126 (86%) | ✅70 ❌38
09:48:23 [INFO]    📊 Whitelist: 120/126 (95%) | ✅78 ❌42
09:48:23 [INFO] 
✅ Живых: 1058 (152 Reality), 78 WL
09:48:23 [INFO] 
📊 Топ стран:
09:48:23 [INFO]    🇽🇽 XX (XX): 767 [T5]
09:48:23 [INFO]    🇩🇪 DE (Германия): 57 [T3]
09:48:23 [INFO]    🇳🇱 NL (Нидерланды): 57 [T3]
09:48:23 [INFO]    🇫🇷 FR (Франция): 32 [T4]
09:48:23 [INFO]    🇬🇧 GB (Британия): 24 [T4]
09:48:23 [INFO]    🇫🇮 FI (Финляндия): 14 [T1]
09:48:23 [INFO]    🇲🇩 MD (Молдова): 10 [T5]
09:48:23 [INFO]    🇸🇪 SE (Швеция): 10 [T2]
09:48:23 [INFO] 
══════════════════════════════════════════════════
09:48:23 [INFO] 🧪 ЭТАП 3: ГЛУБОКАЯ ПРОВЕРКА
09:48:23 [INFO] ══════════════════════════════════════════════════
09:48:23 [INFO]    К проверке: 400 (152 Reality), 78 WL
09:48:24 [DEBUG] Starting new HTTPS connection (1): www.google.com:443
09:48:24 [DEBUG] Starting new HTTPS connection (1): www.google.com:443
09:48:24 [DEBUG] Starting new HTTPS connection (1): www.google.com:443
09:48:24 [DEBUG] Starting new HTTPS connection (1): www.google.com:443
09:48:24 [DEBUG] Starting new HTTPS connection (1): www.google.com:443
09:48:24 [DEBUG] Starting new HTTPS connection (1): www.google.com:443
09:48:24 [DEBUG] Starting new HTTPS connection (1): www.google.com:443
09:48:24 [DEBUG] Starting new HTTPS connection (1): www.google.com:443
09:48:24 [DEBUG] Starting new HTTPS connection (1): www.google.com:443
09:48:24 [DEBUG] Starting new HTTPS connection (1): www.google.com:443
09:48:24 [DEBUG] Starting new HTTPS connection (1): cp.cloudflare.com:443
09:48:24 [DEBUG] Starting new HTTPS connection (1): cp.cloudflare.com:443
09:48:24 [DEBUG] Starting new HTTPS connection (1): www.gstatic.com:443
09:48:24 [DEBUG] Starting new HTTPS connection (1): www.gstatic.com:443
09:48:25 [DEBUG] https://www.google.com:443 "GET /generate_204 HTTP/1.1" 204 0
09:48:25 [DEBUG] Starting new HTTPS connection (1): cp.cloudflare.com:443
09:48:25 [DEBUG] https://cp.cloudflare.com:443 "GET / HTTP/1.1" 204 0
09:48:25 [DEBUG] Starting new HTTPS connection (1): www.gstatic.com:443
09:48:25 [DEBUG] https://www.google.com:443 "GET /generate_204 HTTP/1.1" 204 0
09:48:25 [DEBUG] Starting new HTTPS connection (1): cp.cloudflare.com:443
09:48:25 [DEBUG] https://www.google.com:443 "GET /generate_204 HTTP/1.1" 204 0
09:48:25 [DEBUG] Starting new HTTPS connection (1): cp.cloudflare.com:443
09:48:25 [DEBUG] https://www.google.com:443 "GET /generate_204 HTTP/1.1" 204 0
09:48:25 [DEBUG] Starting new HTTPS connection (1): cp.cloudflare.com:443
09:48:25 [DEBUG] https://www.gstatic.com:443 "GET /generate_204 HTTP/1.1" 204 0
09:48:25 [DEBUG] https://www.google.com:443 "GET /generate_204 HTTP/1.1" 204 0
09:48:25 [DEBUG] Starting new HTTPS connection (1): cp.cloudflare.com:443
09:48:25 [DEBUG] https://cp.cloudflare.com:443 "GET / HTTP/1.1" 204 0
09:48:25 [DEBUG] Starting new HTTPS connection (1): www.gstatic.com:443
09:48:25 [DEBUG] Starting new HTTPS connection (1): dl.google.com:443
09:48:25 [DEBUG] https://cp.cloudflare.com:443 "GET / HTTP/1.1" 204 0
09:48:25 [DEBUG] Starting new HTTPS connection (1): www.gstatic.com:443
09:48:25 [DEBUG] https://cp.cloudflare.com:443 "GET / HTTP/1.1" 204 0
09:48:25 [DEBUG] Starting new HTTPS connection (1): www.gstatic.com:443
09:48:25 [DEBUG] https://dl.google.com:443 "GET /dl/android/studio/install/3.4.1.0/android-studio-ide-183.5522156-windows.exe HTTP/1.1" 200 1017327996
09:48:25 [DEBUG] https://www.gstatic.com:443 "GET /generate_204 HTTP/1.1" 204 0
09:48:25 [INFO]    🎯 144.31.2.86 (Польша) - 38.9Mbps, 140ms UDP✅ Reality [google.com]
09:48:25 [DEBUG] https://www.gstatic.com:443 "GET /generate_204 HTTP/1.1" 204 0
09:48:25 [DEBUG] Starting new HTTPS connection (1): dl.google.com:443
09:48:25 [DEBUG] https://cp.cloudflare.com:443 "GET / HTTP/1.1" 204 0
09:48:25 [DEBUG] Starting new HTTPS connection (1): www.gstatic.com:443
09:48:25 [DEBUG] Starting new HTTPS connection (1): dl.google.com:443
09:48:26 [DEBUG] https://www.gstatic.com:443 "GET /generate_204 HTTP/1.1" 204 0
09:48:26 [DEBUG] https://dl.google.com:443 "GET /dl/android/studio/install/3.4.1.0/android-studio-ide-183.5522156-windows.exe HTTP/1.1" 404 1449
09:48:26 [INFO]    🎯 46.62.128.207 (Финляндия) - 0.0Mbps, 293ms UDP✅ Reality [www.cloudflare.com]
09:48:26 [DEBUG] Starting new HTTPS connection (1): www.google.com:443
09:48:26 [DEBUG] Starting new HTTPS connection (1): www.google.com:443
09:48:26 [DEBUG] Starting new HTTPS connection (1): cp.cloudflare.com:443
09:48:26 [DEBUG] https://dl.google.com:443 "GET /dl/android/studio/install/3.4.1.0/android-studio-ide-183.5522156-windows.exe HTTP/1.1" 200 1017327996
09:48:26 [DEBUG] Starting new HTTPS connection (1): cp.cloudflare.com:443
09:48:26 [DEBUG] Starting new HTTPS connection (1): www.gstatic.com:443
09:48:26 [DEBUG] Starting new HTTPS connection (1): www.gstatic.com:443
09:48:26 [DEBUG] Starting new HTTPS connection (1): dl.google.com:443
09:48:26 [DEBUG] https://www.gstatic.com:443 "GET /generate_204 HTTP/1.1" 204 0
09:48:26 [DEBUG] Starting new HTTPS connection (1): dl.google.com:443
09:48:26 [DEBUG] https://www.google.com:443 "GET /generate_204 HTTP/1.1" 204 0
09:48:26 [DEBUG] Starting new HTTPS connection (1): cp.cloudflare.com:443
09:48:26 [DEBUG] Starting new HTTPS connection (1): www.google.com:443
09:48:27 [DEBUG] https://cp.cloudflare.com:443 "GET / HTTP/1.1" 204 0
09:48:27 [DEBUG] Starting new HTTPS connection (1): www.gstatic.com:443
09:48:27 [DEBUG] Starting new HTTPS connection (1): cp.cloudflare.com:443
09:48:27 [DEBUG] Starting new HTTPS connection (1): www.google.com:443
09:48:27 [DEBUG] https://www.gstatic.com:443 "GET /generate_204 HTTP/1.1" 204 0
09:48:27 [DEBUG] https://dl.google.com:443 "GET /dl/android/studio/install/3.4.1.0/android-studio-ide-183.5522156-windows.exe HTTP/1.1" 404 1449
09:48:27 [INFO]    🎯 2.56.125.209 (Польша) - 0.0Mbps, 494ms UDP✅ Reality [yahoo.com]
09:48:27 [DEBUG] Starting new HTTPS connection (1): dl.google.com:443
09:48:27 [DEBUG] Starting new HTTPS connection (1): www.google.com:443
09:48:27 [DEBUG] Starting new HTTPS connection (1): www.google.com:443
09:48:27 [DEBUG] https://www.google.com:443 "GET /generate_204 HTTP/1.1" 204 0
09:48:27 [DEBUG] Starting new HTTPS connection (1): cp.cloudflare.com:443
09:48:27 [DEBUG] https://www.google.com:443 "GET /generate_204 HTTP/1.1" 204 0
09:48:27 [DEBUG] Starting new HTTPS connection (1): cp.cloudflare.com:443
09:48:27 [DEBUG] https://dl.google.com:443 "GET /dl/android/studio/install/3.4.1.0/android-studio-ide-183.5522156-windows.exe HTTP/1.1" 200 1017327996
09:48:27 [DEBUG] https://www.google.com:443 "GET /generate_204 HTTP/1.1" 204 0
09:48:27 [DEBUG] Starting new HTTPS connection (1): cp.cloudflare.com:443
09:48:27 [DEBUG] https://cp.cloudflare.com:443 "GET / HTTP/1.1" 204 0
09:48:27 [DEBUG] Starting new HTTPS connection (1): www.gstatic.com:443
09:48:27 [DEBUG] https://cp.cloudflare.com:443 "GET / HTTP/1.1" 204 0
09:48:27 [DEBUG] Starting new HTTPS connection (1): www.gstatic.com:443
09:48:27 [DEBUG] https://www.gstatic.com:443 "GET /generate_204 HTTP/1.1" 204 0
09:48:28 [DEBUG] https://cp.cloudflare.com:443 "GET / HTTP/1.1" 204 0
09:48:28 [DEBUG] Starting new HTTPS connection (1): www.gstatic.com:443
09:48:28 [INFO]    🎯 45.43.79.73 (Латвия) - 24.5Mbps, 822ms UDP✅ Reality [google.com]
09:48:28 [DEBUG] Starting new HTTPS connection (1): dl.google.com:443
09:48:28 [DEBUG] https://www.gstatic.com:443 "GET /generate_204 HTTP/1.1" 204 0
09:48:28 [DEBUG] https://dl.google.com:443 "GET /dl/android/studio/install/3.4.1.0/android-studio-ide-183.5522156-windows.exe HTTP/1.1" 200 1017327996
09:48:28 [DEBUG] https://www.gstatic.com:443 "GET /generate_204 HTTP/1.1" 204 0
09:48:28 [DEBUG] https://dl.google.com:443 "GET /dl/android/studio/install/3.4.1.0/android-studio-ide-183.5522156-windows.exe HTTP/1.1" 200 1017327996
09:48:28 [DEBUG] Starting new HTTPS connection (1): dl.google.com:443
09:48:28 [INFO]    🎯 91.84.109.124 (Нидерланды) - 37.8Mbps, 151ms UDP✅ Reality [apple.com]
09:48:28 [DEBUG] Starting new HTTPS connection (1): www.google.com:443
09:48:28 [DEBUG] Starting new HTTPS connection (1): dl.google.com:443
09:48:28 [DEBUG] https://dl.google.com:443 "GET /dl/android/studio/install/3.4.1.0/android-studio-ide-183.5522156-windows.exe HTTP/1.1" 200 1017327996
09:48:28 [INFO]    🎯 144.31.2.154 (Польша) - 5.5Mbps, 408ms UDP✅ Reality [hls-svod.itunes.appl]
09:48:28 [INFO]    🎯 91.84.109.130 (Нидерланды) - 26.7Mbps, 210ms UDP✅ Reality [apple.com]
09:48:28 [DEBUG] https://dl.google.com:443 "GET /dl/android/studio/install/3.4.1.0/android-studio-ide-183.5522156-windows.exe HTTP/1.1" 200 1017327996
09:48:29 [DEBUG] Starting new HTTPS connection (1): cp.cloudflare.com:443
09:48:29 [INFO]    🎯 188.253.26.39 (Нидерланды) - 21.0Mbps, 318ms UDP✅ Reality [yahoo.com]
09:48:29 [DEBUG] Starting new HTTPS connection (1): www.google.com:443
09:48:29 [DEBUG] https://www.google.com:443 "GET /generate_204 HTTP/1.1" 204 0
09:48:29 [DEBUG] Starting new HTTPS connection (1): cp.cloudflare.com:443
09:48:29 [DEBUG] https://cp.cloudflare.com:443 "GET / HTTP/1.1" 204 0
09:48:29 [DEBUG] Starting new HTTPS connection (1): www.gstatic.com:443
09:48:29 [DEBUG] Starting new HTTPS connection (1): www.google.com:443
09:48:29 [DEBUG] https://www.gstatic.com:443 "GET /generate_204 HTTP/1.1" 204 0
09:48:29 [DEBUG] Starting new HTTPS connection (1): www.gstatic.com:443
09:48:29 [DEBUG] Starting new HTTPS connection (1): dl.google.com:443
09:48:29 [DEBUG] Starting new HTTPS connection (1): www.google.com:443
09:48:29 [DEBUG] Starting new HTTPS connection (1): cp.cloudflare.com:443
09:48:30 [DEBUG] https://dl.google.com:443 "GET /dl/android/studio/install/3.4.1.0/android-studio-ide-183.5522156-windows.exe HTTP/1.1" 200 1017327996
09:48:30 [DEBUG] Starting new HTTPS connection (1): www.google.com:443
09:48:30 [INFO]    🎯 91.84.113.47 (Нидерланды) - 35.2Mbps, 160ms UDP✅ Reality [apple.com]
09:48:30 [DEBUG] Starting new HTTPS connection (1): www.google.com:443
09:48:30 [DEBUG] https://www.google.com:443 "GET /generate_204 HTTP/1.1" 204 0
09:48:30 [DEBUG] Starting new HTTPS connection (1): cp.cloudflare.com:443
09:48:31 [DEBUG] Starting new HTTPS connection (1): www.gstatic.com:443
09:48:31 [DEBUG] Starting new HTTPS connection (1): www.google.com:443
09:48:31 [DEBUG] https://www.google.com:443 "GET /generate_204 HTTP/1.1" 204 0
09:48:31 [DEBUG] Starting new HTTPS connection (1): cp.cloudflare.com:443
09:48:32 [DEBUG] https://cp.cloudflare.com:443 "GET / HTTP/1.1" 204 0
09:48:32 [DEBUG] Starting new HTTPS connection (1): www.gstatic.com:443
09:48:32 [DEBUG] https://cp.cloudflare.com:443 "GET / HTTP/1.1" 204 0
09:48:32 [DEBUG] Starting new HTTPS connection (1): www.gstatic.com:443
09:48:32 [INFO]    🎯 38.244.137.198 (Финляндия) - 1.9Mbps, 255ms UDP✅ Reality [google.com]
09:48:32 [DEBUG] https://www.gstatic.com:443 "GET /generate_204 HTTP/1.1" 204 0
09:48:33 [DEBUG] Starting new HTTPS connection (1): www.google.com:443
09:48:33 [DEBUG] Starting new HTTPS connection (1): dl.google.com:443
09:48:33 [DEBUG] Starting new HTTPS connection (1): cp.cloudflare.com:443
09:48:33 [DEBUG] https://www.gstatic.com:443 "GET /generate_204 HTTP/1.1" 204 0
09:48:33 [DEBUG] Starting new HTTPS connection (1): www.google.com:443
09:48:34 [DEBUG] https://www.google.com:443 "GET /generate_204 HTTP/1.1" 204 0
09:48:34 [DEBUG] Starting new HTTPS connection (1): cp.cloudflare.com:443
09:48:34 [DEBUG] Starting new HTTPS connection (1): www.google.com:443
09:48:34 [DEBUG] Starting new HTTPS connection (1): cp.cloudflare.com:443
09:48:34 [DEBUG] https://dl.google.com:443 "GET /dl/android/studio/install/3.4.1.0/android-studio-ide-183.5522156-windows.exe HTTP/1.1" 404 1449
09:48:34 [INFO]    🎯 188.34.193.153 (Германия) - 0.0Mbps, 934ms UDP✅ Reality [www.cloudflare.com]
09:48:34 [DEBUG] Starting new HTTPS connection (1): www.gstatic.com:443
09:48:34 [DEBUG] Starting new HTTPS connection (1): dl.google.com:443
09:48:34 [DEBUG] https://cp.cloudflare.com:443 "GET / HTTP/1.1" 204 0
09:48:34 [DEBUG] Starting new HTTPS connection (1): www.gstatic.com:443
09:48:35 [DEBUG] Starting new HTTPS connection (1): cp.cloudflare.com:443
09:48:35 [DEBUG] https://dl.google.com:443 "GET /dl/android/studio/install/3.4.1.0/android-studio-ide-183.5522156-windows.exe HTTP/1.1" 404 1449
09:48:35 [INFO]    🎯 5.182.38.91 (Венгрия) - 0.0Mbps, 737ms UDP✅ Reality [yahoo.com]
09:48:35 [DEBUG] https://www.gstatic.com:443 "GET /generate_204 HTTP/1.1" 204 0
09:48:35 [DEBUG] Starting new HTTPS connection (1): cp.cloudflare.com:443
09:48:36 [DEBUG] Starting new HTTPS connection (1): www.google.com:443
09:48:36 [DEBUG] Starting new HTTPS connection (1): dl.google.com:443
09:48:36 [DEBUG] Starting new HTTPS connection (1): www.google.com:443
09:48:36 [DEBUG] Starting new HTTPS connection (1): cp.cloudflare.com:443
09:48:36 [DEBUG] Starting new HTTPS connection (1): www.gstatic.com:443
09:48:36 [DEBUG] https://dl.google.com:443 "GET /dl/android/studio/install/3.4.1.0/android-studio-ide-183.5522156-windows.exe HTTP/1.1" 404 1449
09:48:36 [INFO]    🎯 45.12.143.191 (Турция) - 0.0Mbps, 633ms UDP✅ Reality [yahoo.com]
09:48:36 [DEBUG] Starting new HTTPS connection (1): cp.cloudflare.com:443
09:48:37 [DEBUG] https://www.google.com:443 "GET /generate_204 HTTP/1.1" 204 0
09:48:37 [DEBUG] Starting new HTTPS connection (1): cp.cloudflare.com:443
09:48:37 [DEBUG] Starting new HTTPS connection (1): www.gstatic.com:443
09:48:38 [DEBUG] Starting new HTTPS connection (1): www.google.com:443
09:48:38 [DEBUG] Starting new HTTPS connection (1): www.google.com:443
09:48:38 [DEBUG] Starting new HTTPS connection (1): cp.cloudflare.com:443
09:48:38 [DEBUG] Starting new HTTPS connection (1): www.gstatic.com:443
09:48:38 [DEBUG] Starting new HTTPS connection (1): www.gstatic.com:443
09:48:39 [DEBUG] Starting new HTTPS connection (1): www.gstatic.com:443
09:48:39 [DEBUG] https://www.google.com:443 "GET /generate_204 HTTP/1.1" 204 0
09:48:39 [DEBUG] Starting new HTTPS connection (1): cp.cloudflare.com:443
09:48:39 [DEBUG] https://cp.cloudflare.com:443 "GET / HTTP/1.1" 204 0
09:48:39 [DEBUG] Starting new HTTPS connection (1): www.gstatic.com:443
09:48:39 [DEBUG] Starting new HTTPS connection (1): www.gstatic.com:443
09:48:39 [DEBUG] Starting new HTTPS connection (1): www.google.com:443
09:48:40 [DEBUG] Starting new HTTPS connection (1): cp.cloudflare.com:443
09:48:40 [DEBUG] Starting new HTTPS connection (1): www.gstatic.com:443
09:48:40 [DEBUG] Starting new HTTPS connection (1): cp.cloudflare.com:443
09:48:40 [DEBUG] https://www.gstatic.com:443 "GET /generate_204 HTTP/1.1" 204 0
09:48:40 [DEBUG] https://www.gstatic.com:443 "GET /generate_204 HTTP/1.1" 204 0
09:48:41 [DEBUG] Starting new HTTPS connection (1): dl.google.com:443
09:48:41 [DEBUG] Starting new HTTPS connection (1): www.google.com:443
09:48:41 [DEBUG] https://dl.google.com:443 "GET /dl/android/studio/install/3.4.1.0/android-studio-ide-183.5522156-windows.exe HTTP/1.1" 404 1449
09:48:41 [INFO]    🎯 94.232.247.168 (Молдова) - 0.0Mbps, 815ms UDP✅ Reality [yahoo.com]
09:48:41 [DEBUG] Starting new HTTPS connection (1): cp.cloudflare.com:443
09:48:41 [DEBUG] https://cp.cloudflare.com:443 "GET / HTTP/1.1" 204 0
09:48:41 [DEBUG] Starting new HTTPS connection (1): www.gstatic.com:443
09:48:41 [DEBUG] Starting new HTTPS connection (1): www.gstatic.com:443
09:48:41 [DEBUG] Starting new HTTPS connection (1): www.google.com:443
09:48:41 [DEBUG] Starting new HTTPS connection (1): www.google.com:443
09:48:41 [DEBUG] Starting new HTTPS connection (1): cp.cloudflare.com:443
09:48:41 [DEBUG] Starting new HTTPS connection (1): cp.cloudflare.com:443
09:48:41 [DEBUG] Starting new HTTPS connection (1): www.gstatic.com:443
09:48:42 [DEBUG] Starting new HTTPS connection (1): www.gstatic.com:443
09:48:42 [DEBUG] Starting new HTTPS connection (1): www.gstatic.com:443
09:48:42 [DEBUG] Starting new HTTPS connection (1): www.google.com:443
09:48:42 [DEBUG] Starting new HTTPS connection (1): www.google.com:443
09:48:42 [DEBUG] Starting new HTTPS connection (1): www.google.com:443
09:48:43 [DEBUG] Starting new HTTPS connection (1): cp.cloudflare.com:443
09:48:43 [DEBUG] Starting new HTTPS connection (1): www.gstatic.com:443
09:48:43 [DEBUG] Starting new HTTPS connection (1): www.google.com:443
09:48:43 [DEBUG] Starting new HTTPS connection (1): cp.cloudflare.com:443
09:48:43 [DEBUG] Starting new HTTPS connection (1): www.google.com:443
09:48:43 [DEBUG] Starting new HTTPS connection (1): www.gstatic.com:443
09:48:44 [DEBUG] Starting new HTTPS connection (1): www.google.com:443
09:48:44 [DEBUG] Starting new HTTPS connection (1): cp.cloudflare.com:443
09:48:44 [DEBUG] Starting new HTTPS connection (1): www.gstatic.com:443
09:48:44 [DEBUG] Starting new HTTPS connection (1): www.google.com:443
09:48:45 [DEBUG] https://www.google.com:443 "GET /generate_204 HTTP/1.1" 204 0
09:48:45 [DEBUG] Starting new HTTPS connection (1): cp.cloudflare.com:443
09:48:45 [DEBUG] Starting new HTTPS connection (1): www.google.com:443
09:48:45 [DEBUG] Starting new HTTPS connection (1): www.gstatic.com:443
09:48:45 [DEBUG] Starting new HTTPS connection (1): www.google.com:443
09:48:46 [DEBUG] Starting new HTTPS connection (1): cp.cloudflare.com:443
09:48:46 [DEBUG] Starting new HTTPS connection (1): www.google.com:443
09:48:46 [DEBUG] Starting new HTTPS connection (1): www.gstatic.com:443
09:48:46 [DEBUG] Starting new HTTPS connection (1): cp.cloudflare.com:443
09:48:46 [DEBUG] Starting new HTTPS connection (1): cp.cloudflare.com:443
09:48:46 [DEBUG] Starting new HTTPS connection (1): cp.cloudflare.com:443
09:48:47 [DEBUG] Starting new HTTPS connection (1): www.gstatic.com:443
09:48:47 [DEBUG] Starting new HTTPS connection (1): www.gstatic.com:443
09:48:47 [DEBUG] Starting new HTTPS connection (1): cp.cloudflare.com:443
09:48:47 [DEBUG] Starting new HTTPS connection (1): cp.cloudflare.com:443
09:48:47 [DEBUG] Starting new HTTPS connection (1): www.google.com:443
09:48:47 [DEBUG] Starting new HTTPS connection (1): www.google.com:443
09:48:47 [DEBUG] Starting new HTTPS connection (1): cp.cloudflare.com:443
09:48:47 [DEBUG] Starting new HTTPS connection (1): www.gstatic.com:443
09:48:47 [DEBUG] Starting new HTTPS connection (1): cp.cloudflare.com:443
09:48:47 [INFO]    📊 Global: 40/400 (10%) | ✅14 ❌26
09:48:47 [DEBUG] Starting new HTTPS connection (1): www.gstatic.com:443
09:48:48 [DEBUG] Starting new HTTPS connection (1): www.google.com:443
09:48:48 [DEBUG] Starting new HTTPS connection (1): www.google.com:443
09:48:48 [DEBUG] Starting new HTTPS connection (1): cp.cloudflare.com:443
09:48:48 [DEBUG] Starting new HTTPS connection (1): www.gstatic.com:443
09:48:48 [DEBUG] Starting new HTTPS connection (1): www.google.com:443
09:48:49 [DEBUG] Starting new HTTPS connection (1): www.google.com:443
09:48:49 [DEBUG] Starting new HTTPS connection (1): www.gstatic.com:443
09:48:49 [DEBUG] Starting new HTTPS connection (1): www.google.com:443
09:48:49 [DEBUG] Starting new HTTPS connection (1): www.gstatic.com:443
09:48:50 [DEBUG] Starting new HTTPS connection (1): www.gstatic.com:443
09:48:50 [DEBUG] https://www.google.com:443 "GET /generate_204 HTTP/1.1" 204 0
09:48:50 [DEBUG] Starting new HTTPS connection (1): cp.cloudflare.com:443
09:48:50 [DEBUG] https://www.gstatic.com:443 "GET /generate_204 HTTP/1.1" 204 0
09:48:50 [DEBUG] Starting new HTTPS connection (1): www.google.com:443
09:48:51 [DEBUG] Starting new HTTPS connection (1): dl.google.com:443
09:48:51 [DEBUG] Starting new HTTPS connection (1): cp.cloudflare.com:443
09:48:51 [DEBUG] Starting new HTTPS connection (1): www.google.com:443
09:48:51 [DEBUG] Starting new HTTPS connection (1): www.gstatic.com:443
09:48:52 [DEBUG] Starting new HTTPS connection (1): cp.cloudflare.com:443
09:48:52 [DEBUG] https://www.google.com:443 "GET /generate_204 HTTP/1.1" 204 0
09:48:52 [DEBUG] Starting new HTTPS connection (1): cp.cloudflare.com:443
09:48:52 [DEBUG] Starting new HTTPS connection (1): www.gstatic.com:443
09:48:52 [DEBUG] Starting new HTTPS connection (1): www.google.com:443
09:48:52 [DEBUG] Starting new HTTPS connection (1): www.google.com:443
09:48:53 [DEBUG] Starting new HTTPS connection (1): cp.cloudflare.com:443
09:48:53 [DEBUG] Starting new HTTPS connection (1): www.google.com:443
09:48:53 [DEBUG] Starting new HTTPS connection (1): www.gstatic.com:443
09:48:53 [DEBUG] Starting new HTTPS connection (1): cp.cloudflare.com:443
09:48:54 [DEBUG] Starting new HTTPS connection (1): cp.cloudflare.com:443
09:48:54 [DEBUG] https://www.google.com:443 "GET /generate_204 HTTP/1.1" 204 0
09:48:54 [DEBUG] Starting new HTTPS connection (1): cp.cloudflare.com:443
09:48:54 [DEBUG] Starting new HTTPS connection (1): www.gstatic.com:443
09:48:54 [DEBUG] Starting new HTTPS connection (1): www.gstatic.com:443
09:48:55 [DEBUG] https://cp.cloudflare.com:443 "GET / HTTP/1.1" 204 0
09:48:55 [DEBUG] Starting new HTTPS connection (1): www.gstatic.com:443
09:48:55 [DEBUG] Starting new HTTPS connection (1): www.google.com:443
09:48:55 [DEBUG] Starting new HTTPS connection (1): www.gstatic.com:443
09:48:55 [DEBUG] Starting new HTTPS connection (1): www.gstatic.com:443
09:48:56 [DEBUG] https://www.gstatic.com:443 "GET /generate_204 HTTP/1.1" 204 0
09:48:56 [DEBUG] Starting new HTTPS connection (1): cp.cloudflare.com:443
09:48:56 [DEBUG] Starting new HTTPS connection (1): www.google.com:443
09:48:56 [DEBUG] Starting new HTTPS connection (1): www.google.com:443
09:48:57 [DEBUG] Starting new HTTPS connection (1): dl.google.com:443
09:48:57 [DEBUG] https://cp.cloudflare.com:443 "GET / HTTP/1.1" 204 0
09:48:57 [DEBUG] Starting new HTTPS connection (1): www.gstatic.com:443
09:48:57 [INFO]    🎯 ten5.astralweb.tech (XX) - 0.0Mbps, 409ms UDP✅ Reality [apple.com]
09:48:57 [DEBUG] https://www.google.com:443 "GET /generate_204 HTTP/1.1" 204 0
09:48:57 [DEBUG] Starting new HTTPS connection (1): cp.cloudflare.com:443
09:48:57 [DEBUG] https://cp.cloudflare.com:443 "GET / HTTP/1.1" 204 0
09:48:57 [DEBUG] Starting new HTTPS connection (1): www.gstatic.com:443
09:48:58 [DEBUG] https://www.gstatic.com:443 "GET /generate_204 HTTP/1.1" 204 0
09:48:58 [DEBUG] Starting new HTTPS connection (1): dl.google.com:443
09:48:58 [DEBUG] https://dl.google.com:443 "GET /dl/android/studio/install/3.4.1.0/android-studio-ide-183.5522156-windows.exe HTTP/1.1" 404 1449
09:48:58 [INFO]    🎯 83.222.23.81 (KZ) - 0.0Mbps, 2441ms UDP✅ Reality [yahoo.com]
09:48:58 [DEBUG] Starting new HTTPS connection (1): www.google.com:443
09:48:58 [DEBUG] https://cp.cloudflare.com:443 "GET / HTTP/1.1" 204 0
09:48:58 [DEBUG] Starting new HTTPS connection (1): www.gstatic.com:443
09:48:58 [DEBUG] Starting new HTTPS connection (1): www.google.com:443
09:48:58 [DEBUG] Starting new HTTPS connection (1): cp.cloudflare.com:443
09:48:58 [DEBUG] Starting new HTTPS connection (1): www.gstatic.com:443
09:48:59 [DEBUG] Starting new HTTPS connection (1): www.google.com:443
09:48:59 [DEBUG] Starting new HTTPS connection (1): cp.cloudflare.com:443
09:49:00 [DEBUG] Starting new HTTPS connection (1): www.google.com:443
09:49:00 [DEBUG] Starting new HTTPS connection (1): www.google.com:443
09:49:00 [DEBUG] Starting new HTTPS connection (1): cp.cloudflare.com:443
09:49:00 [DEBUG] Starting new HTTPS connection (1): cp.cloudflare.com:443
09:49:00 [DEBUG] Starting new HTTPS connection (1): www.gstatic.com:443
09:49:00 [DEBUG] Starting new HTTPS connection (1): www.gstatic.com:443
09:49:01 [DEBUG] Starting new HTTPS connection (1): www.google.com:443
09:49:01 [DEBUG] Starting new HTTPS connection (1): cp.cloudflare.com:443
09:49:01 [DEBUG] Starting new HTTPS connection (1): cp.cloudflare.com:443
09:49:01 [DEBUG] Starting new HTTPS connection (1): www.gstatic.com:443
09:49:01 [DEBUG] Starting new HTTPS connection (1): www.google.com:443
09:49:01 [DEBUG] https://www.google.com:443 "GET /generate_204 HTTP/1.1" 204 0
09:49:01 [DEBUG] Starting new HTTPS connection (1): cp.cloudflare.com:443
09:49:01 [DEBUG] https://cp.cloudflare.com:443 "GET / HTTP/1.1" 204 0
09:49:01 [DEBUG] Starting new HTTPS connection (1): www.gstatic.com:443
09:49:01 [DEBUG] https://www.gstatic.com:443 "GET /generate_204 HTTP/1.1" 204 0
09:49:01 [DEBUG] Starting new HTTPS connection (1): dl.google.com:443
09:49:02 [DEBUG] https://dl.google.com:443 "GET /dl/android/studio/install/3.4.1.0/android-studio-ide-183.5522156-windows.exe HTTP/1.1" 200 1017327996
09:49:02 [INFO]    🎯 89.169.55.246 (Германия) - 65.5Mbps, 36ms UDP✅ Reality [krakenlabs.ru]
09:49:02 [DEBUG] Starting new HTTPS connection (1): www.google.com:443
09:49:02 [DEBUG] https://www.google.com:443 "GET /generate_204 HTTP/1.1" 204 0
09:49:02 [DEBUG] Starting new HTTPS connection (1): cp.cloudflare.com:443
09:49:02 [DEBUG] https://cp.cloudflare.com:443 "GET / HTTP/1.1" 204 0
09:49:02 [DEBUG] Starting new HTTPS connection (1): www.gstatic.com:443
09:49:02 [DEBUG] https://www.gstatic.com:443 "GET /generate_204 HTTP/1.1" 204 0
09:49:02 [DEBUG] Starting new HTTPS connection (1): dl.google.com:443
09:49:03 [DEBUG] Starting new HTTPS connection (1): dl.google.com:443
09:49:03 [DEBUG] https://dl.google.com:443 "GET /dl/android/studio/install/3.4.1.0/android-studio-ide-183.5522156-windows.exe HTTP/1.1" 200 1017327996
09:49:03 [DEBUG] Starting new HTTPS connection (1): www.google.com:443
09:49:03 [DEBUG] https://www.google.com:443 "GET /generate_204 HTTP/1.1" 204 0
09:49:03 [DEBUG] Starting new HTTPS connection (1): cp.cloudflare.com:443
09:49:03 [DEBUG] https://cp.cloudflare.com:443 "GET / HTTP/1.1" 204 0
09:49:03 [DEBUG] Starting new HTTPS connection (1): www.gstatic.com:443
09:49:03 [DEBUG] https://www.gstatic.com:443 "GET /generate_204 HTTP/1.1" 204 0
09:49:03 [DEBUG] https://dl.google.com:443 "GET /dl/android/studio/install/3.4.1.0/android-studio-ide-183.5522156-windows.exe HTTP/1.1" 404 1449
09:49:03 [INFO]    🎯 57.129.49.1 (Германия) - 0.0Mbps, 54ms UDP✅ Reality [fuck.rkn]
09:49:03 [DEBUG] Starting new HTTPS connection (1): dl.google.com:443
09:49:03 [DEBUG] Starting new HTTPS connection (1): www.google.com:443
09:49:03 [DEBUG] https://dl.google.com:443 "GET /dl/android/studio/install/3.4.1.0/android-studio-ide-183.5522156-windows.exe HTTP/1.1" 200 1017327996
09:49:03 [DEBUG] Starting new HTTPS connection (1): cp.cloudflare.com:443
09:49:03 [DEBUG] Starting new HTTPS connection (1): cp.cloudflare.com:443
09:49:03 [DEBUG] https://www.google.com:443 "GET /generate_204 HTTP/1.1" 204 0
09:49:03 [DEBUG] Starting new HTTPS connection (1): cp.cloudflare.com:443
09:49:03 [DEBUG] Starting new HTTPS connection (1): www.gstatic.com:443
09:49:03 [INFO]    🎯 57.129.53.182 (Германия) - 46.4Mbps, 34ms UDP✅ Reality [fuck.rkn]
09:49:03 [DEBUG] https://cp.cloudflare.com:443 "GET / HTTP/1.1" 204 0
09:49:03 [DEBUG] Starting new HTTPS connection (1): www.gstatic.com:443
09:49:04 [DEBUG] Starting new HTTPS connection (1): www.google.com:443
09:49:04 [DEBUG] Starting new HTTPS connection (1): cp.cloudflare.com:443
09:49:04 [DEBUG] Starting new HTTPS connection (1): www.gstatic.com:443
09:49:04 [DEBUG] Starting new HTTPS connection (1): www.google.com:443
09:49:04 [DEBUG] https://www.google.com:443 "GET /generate_204 HTTP/1.1" 204 0
09:49:04 [DEBUG] Starting new HTTPS connection (1): cp.cloudflare.com:443
09:49:04 [DEBUG] Starting new HTTPS connection (1): www.google.com:443
09:49:04 [DEBUG] https://cp.cloudflare.com:443 "GET / HTTP/1.1" 204 0
09:49:04 [DEBUG] Starting new HTTPS connection (1): www.gstatic.com:443
09:49:04 [DEBUG] https://www.gstatic.com:443 "GET /generate_204 HTTP/1.1" 204 0
09:49:04 [DEBUG] Starting new HTTPS connection (1): www.google.com:443
09:49:04 [DEBUG] Starting new HTTPS connection (1): dl.google.com:443
09:49:04 [DEBUG] Starting new HTTPS connection (1): cp.cloudflare.com:443
09:49:04 [DEBUG] Starting new HTTPS connection (1): www.gstatic.com:443
09:49:04 [DEBUG] https://dl.google.com:443 "GET /dl/android/studio/install/3.4.1.0/android-studio-ide-183.5522156-windows.exe HTTP/1.1" 200 1017327996
09:49:05 [INFO]    🎯 57.129.53.181 (Германия) - 65.2Mbps, 39ms UDP✅ Reality [fuck.rkn]
09:49:05 [DEBUG] Starting new HTTPS connection (1): www.gstatic.com:443
09:49:05 [DEBUG] Starting new HTTPS connection (1): www.google.com:443
09:49:05 [DEBUG] https://dl.google.com:443 "GET /dl/android/studio/install/3.4.1.0/android-studio-ide-183.5522156-windows.exe HTTP/1.1" 200 1017327996
09:49:06 [DEBUG] Starting new HTTPS connection (1): www.google.com:443
09:49:06 [DEBUG] Starting new HTTPS connection (1): www.google.com:443
09:49:06 [DEBUG] Starting new HTTPS connection (1): cp.cloudflare.com:443
09:49:06 [DEBUG] Starting new HTTPS connection (1): www.gstatic.com:443
09:49:06 [DEBUG] Starting new HTTPS connection (1): www.gstatic.com:443
09:49:06 [DEBUG] Starting new HTTPS connection (1): cp.cloudflare.com:443
09:49:07 [DEBUG] Starting new HTTPS connection (1): www.google.com:443
09:49:07 [DEBUG] Starting new HTTPS connection (1): cp.cloudflare.com:443
09:49:08 [DEBUG] https://www.gstatic.com:443 "GET /generate_204 HTTP/1.1" 204 0
09:49:08 [DEBUG] Starting new HTTPS connection (1): www.gstatic.com:443
09:49:08 [DEBUG] Starting new HTTPS connection (1): dl.google.com:443
09:49:08 [DEBUG] Starting new HTTPS connection (1): www.gstatic.com:443
09:49:08 [DEBUG] https://dl.google.com:443 "GET /dl/android/studio/install/3.4.1.0/android-studio-ide-183.5522156-windows.exe HTTP/1.1" 404 1449
09:49:08 [INFO]    🎯 65.108.108.151 (Финляндия) - 0.0Mbps, 2690ms UDP✅ Reality [fit.jojack.ru]
09:49:09 [DEBUG] https://www.google.com:443 "GET /generate_204 HTTP/1.1" 204 0
09:49:09 [DEBUG] Starting new HTTPS connection (1): cp.cloudflare.com:443
09:49:09 [DEBUG] Starting new HTTPS connection (1): www.gstatic.com:443
09:49:09 [DEBUG] Starting new HTTPS connection (1): cp.cloudflare.com:443
09:49:10 [DEBUG] Starting new HTTPS connection (1): www.google.com:443
09:49:10 [DEBUG] https://www.google.com:443 "GET /generate_204 HTTP/1.1" 204 0
09:49:10 [DEBUG] Starting new HTTPS connection (1): cp.cloudflare.com:443
09:49:11 [DEBUG] Starting new HTTPS connection (1): www.google.com:443
09:49:11 [DEBUG] https://cp.cloudflare.com:443 "GET / HTTP/1.1" 204 0
09:49:11 [DEBUG] Starting new HTTPS connection (1): www.gstatic.com:443
09:49:11 [DEBUG] https://cp.cloudflare.com:443 "GET / HTTP/1.1" 204 0
09:49:11 [DEBUG] Starting new HTTPS connection (1): www.gstatic.com:443
09:49:11 [DEBUG] https://www.gstatic.com:443 "GET /generate_204 HTTP/1.1" 204 0
09:49:11 [INFO]    🎯 109.248.170.119 (KZ) - 1.5Mbps, 3191ms UDP✅ Reality [yahoo.com]
09:49:11 [DEBUG] Starting new HTTPS connection (1): www.gstatic.com:443
09:49:11 [DEBUG] Starting new HTTPS connection (1): dl.google.com:443
09:49:11 [DEBUG] Starting new HTTPS connection (1): www.google.com:443
09:49:12 [DEBUG] https://dl.google.com:443 "GET /dl/android/studio/install/3.4.1.0/android-studio-ide-183.5522156-windows.exe HTTP/1.1" 200 1017327996
09:49:12 [INFO]    🎯 51.158.206.80 (Нидерланды) - 22.0Mbps, 570ms UDP✅ Reality [fuck.rkn]
09:49:12 [DEBUG] Starting new HTTPS connection (1): www.google.com:443
09:49:12 [DEBUG] Starting new HTTPS connection (1): www.google.com:443
09:49:13 [DEBUG] Starting new HTTPS connection (1): www.google.com:443
09:49:13 [DEBUG] https://www.google.com:443 "GET /generate_204 HTTP/1.1" 204 0
09:49:13 [DEBUG] Starting new HTTPS connection (1): cp.cloudflare.com:443
09:49:13 [DEBUG] https://cp.cloudflare.com:443 "GET / HTTP/1.1" 204 0
09:49:13 [DEBUG] Starting new HTTPS connection (1): www.gstatic.com:443
09:49:13 [DEBUG] Starting new HTTPS connection (1): www.google.com:443
09:49:13 [DEBUG] https://www.gstatic.com:443 "GET /generate_204 HTTP/1.1" 204 0
09:49:13 [DEBUG] Starting new HTTPS connection (1): dl.google.com:443
09:49:14 [DEBUG] https://dl.google.com:443 "GET /dl/android/studio/install/3.4.1.0/android-studio-ide-183.5522156-windows.exe HTTP/1.1" 200 1017327996
09:49:14 [DEBUG] https://www.gstatic.com:443 "GET /generate_204 HTTP/1.1" 204 0
09:49:14 [DEBUG] Starting new HTTPS connection (1): www.google.com:443
09:49:14 [DEBUG] https://www.google.com:443 "GET /generate_204 HTTP/1.1" 204 0
09:49:14 [DEBUG] Starting new HTTPS connection (1): cp.cloudflare.com:443
09:49:14 [INFO]    🎯 138.124.79.9 (Нидерланды) - 13.2Mbps, 268ms UDP✅ Reality [sun6-21.userapi.com]
09:49:15 [DEBUG] Starting new HTTPS connection (1): www.google.com:443
09:49:15 [DEBUG] https://cp.cloudflare.com:443 "GET / HTTP/1.1" 204 0
09:49:15 [DEBUG] Starting new HTTPS connection (1): www.gstatic.com:443
09:49:15 [DEBUG] https://www.gstatic.com:443 "GET /generate_204 HTTP/1.1" 204 0
09:49:15 [DEBUG] Starting new HTTPS connection (1): dl.google.com:443
09:49:15 [DEBUG] https://www.google.com:443 "GET /generate_204 HTTP/1.1" 204 0
09:49:15 [DEBUG] Starting new HTTPS connection (1): cp.cloudflare.com:443
09:49:15 [DEBUG] https://cp.cloudflare.com:443 "GET / HTTP/1.1" 204 0
09:49:15 [DEBUG] Starting new HTTPS connection (1): www.gstatic.com:443
09:49:15 [DEBUG] https://www.gstatic.com:443 "GET /generate_204 HTTP/1.1" 204 0
09:49:15 [DEBUG] Starting new HTTPS connection (1): dl.google.com:443
09:49:15 [DEBUG] https://www.google.com:443 "GET /generate_204 HTTP/1.1" 204 0
09:49:15 [DEBUG] Starting new HTTPS connection (1): cp.cloudflare.com:443
09:49:15 [DEBUG] https://dl.google.com:443 "GET /dl/android/studio/install/3.4.1.0/android-studio-ide-183.5522156-windows.exe HTTP/1.1" 200 1017327996
09:49:15 [INFO]    🎯 51.158.206.98 (Нидерланды) - 62.3Mbps, 190ms UDP✅ Reality [fuck.rkn]
09:49:16 [DEBUG] Starting new HTTPS connection (1): www.google.com:443
09:49:16 [DEBUG] https://dl.google.com:443 "GET /dl/android/studio/install/3.4.1.0/android-studio-ide-183.5522156-windows.exe HTTP/1.1" 200 1017327996
09:49:16 [DEBUG] Starting new HTTPS connection (1): cp.cloudflare.com:443
09:49:16 [INFO]    🎯 51.158.206.103 (Нидерланды) - 10.9Mbps, 500ms UDP✅ Reality [fuck.rkn]
09:49:17 [DEBUG] Starting new HTTPS connection (1): cp.cloudflare.com:443
09:49:17 [DEBUG] Starting new HTTPS connection (1): www.google.com:443
09:49:17 [DEBUG] https://www.google.com:443 "GET /generate_204 HTTP/1.1" 204 0
09:49:17 [DEBUG] Starting new HTTPS connection (1): cp.cloudflare.com:443
09:49:17 [DEBUG] Starting new HTTPS connection (1): dl.google.com:443
09:49:17 [DEBUG] https://cp.cloudflare.com:443 "GET / HTTP/1.1" 204 0
09:49:17 [DEBUG] Starting new HTTPS connection (1): www.gstatic.com:443
09:49:17 [DEBUG] Starting new HTTPS connection (1): www.google.com:443
09:49:17 [DEBUG] Starting new HTTPS connection (1): cp.cloudflare.com:443
09:49:17 [DEBUG] https://www.gstatic.com:443 "GET /generate_204 HTTP/1.1" 204 0
09:49:17 [DEBUG] https://cp.cloudflare.com:443 "GET / HTTP/1.1" 204 0
09:49:17 [DEBUG] Starting new HTTPS connection (1): www.gstatic.com:443
09:49:18 [DEBUG] https://www.google.com:443 "GET /generate_204 HTTP/1.1" 204 0
09:49:18 [DEBUG] Starting new HTTPS connection (1): cp.cloudflare.com:443
09:49:18 [DEBUG] https://www.gstatic.com:443 "GET /generate_204 HTTP/1.1" 204 0
09:49:18 [DEBUG] https://cp.cloudflare.com:443 "GET / HTTP/1.1" 204 0
09:49:18 [DEBUG] Starting new HTTPS connection (1): www.gstatic.com:443
09:49:18 [DEBUG] Starting new HTTPS connection (1): dl.google.com:443
09:49:18 [DEBUG] Starting new HTTPS connection (1): dl.google.com:443
09:49:18 [DEBUG] https://www.gstatic.com:443 "GET /generate_204 HTTP/1.1" 204 0
09:49:18 [DEBUG] Starting new HTTPS connection (1): dl.google.com:443
09:49:18 [DEBUG] https://dl.google.com:443 "GET /dl/android/studio/install/3.4.1.0/android-studio-ide-183.5522156-windows.exe HTTP/1.1" 200 1017327996
09:49:18 [DEBUG] Starting new HTTPS connection (1): www.gstatic.com:443
09:49:18 [INFO]    🎯 195.26.224.112 (Нидерланды) - 26.3Mbps, 163ms UDP✅ Reality [vk.com]
09:49:18 [INFO]    📊 Global: 80/400 (20%) | ✅27 ❌53
09:49:18 [DEBUG] https://dl.google.com:443 "GET /dl/android/studio/install/3.4.1.0/android-studio-ide-183.5522156-windows.exe HTTP/1.1" 200 1017327996
09:49:19 [DEBUG] Starting new HTTPS connection (1): cp.cloudflare.com:443
09:49:19 [DEBUG] https://cp.cloudflare.com:443 "GET / HTTP/1.1" 204 0
09:49:19 [DEBUG] Starting new HTTPS connection (1): www.gstatic.com:443
09:49:20 [INFO]    🎯 144.31.198.228 (Германия) - 7.3Mbps, 562ms UDP✅ Reality [canva.com]
09:49:20 [DEBUG] Starting new HTTPS connection (1): www.google.com:443
09:49:21 [DEBUG] https://dl.google.com:443 "GET /dl/android/studio/install/3.4.1.0/android-studio-ide-183.5522156-windows.exe HTTP/1.1" 200 1017327996
09:49:21 [DEBUG] Starting new HTTPS connection (1): www.google.com:443
09:49:21 [DEBUG] Starting new HTTPS connection (1): cp.cloudflare.com:443
09:49:21 [DEBUG] Starting new HTTPS connection (1): www.gstatic.com:443
09:49:21 [INFO]    🎯 51.158.206.93 (Нидерланды) - 2.9Mbps, 2316ms UDP✅ Reality [fuck.rkn]
09:49:21 [DEBUG] Starting new HTTPS connection (1): www.gstatic.com:443
09:49:22 [DEBUG] https://www.google.com:443 "GET /generate_204 HTTP/1.1" 204 0
09:49:22 [DEBUG] Starting new HTTPS connection (1): cp.cloudflare.com:443
09:49:22 [DEBUG] Starting new HTTPS connection (1): www.gstatic.com:443
09:49:22 [DEBUG] https://cp.cloudflare.com:443 "GET / HTTP/1.1" 204 0
09:49:22 [DEBUG] Starting new HTTPS connection (1): www.gstatic.com:443
09:49:22 [DEBUG] https://www.gstatic.com:443 "GET /generate_204 HTTP/1.1" 204 0
09:49:22 [DEBUG] Starting new HTTPS connection (1): dl.google.com:443
09:49:22 [DEBUG] https://dl.google.com:443 "GET /dl/android/studio/install/3.4.1.0/android-studio-ide-183.5522156-windows.exe HTTP/1.1" 200 1017327996
09:49:22 [INFO]    🎯 195.26.224.102 (Нидерланды) - 38.4Mbps, 1703ms UDP✅ Reality [vk.com]
09:49:22 [DEBUG] Starting new HTTPS connection (1): www.google.com:443
09:49:22 [DEBUG] Starting new HTTPS connection (1): www.google.com:443
09:49:23 [DEBUG] Starting new HTTPS connection (1): cp.cloudflare.com:443
09:49:23 [DEBUG] https://www.google.com:443 "GET /generate_204 HTTP/1.1" 204 0
09:49:23 [DEBUG] Starting new HTTPS connection (1): cp.cloudflare.com:443
09:49:23 [DEBUG] Starting new HTTPS connection (1): www.gstatic.com:443
09:49:23 [DEBUG] Starting new HTTPS connection (1): www.google.com:443
09:49:23 [DEBUG] Starting new HTTPS connection (1): cp.cloudflare.com:443
09:49:23 [DEBUG] Starting new HTTPS connection (1): www.gstatic.com:443
09:49:24 [DEBUG] https://cp.cloudflare.com:443 "GET / HTTP/1.1" 204 0
09:49:24 [DEBUG] Starting new HTTPS connection (1): www.gstatic.com:443
09:49:24 [INFO]    🎯 194.87.31.160 (Нидерланды) - 0.0Mbps, 172ms UDP✅ Reality [ir.ozone.ru]
09:49:24 [DEBUG] Starting new HTTPS connection (1): www.google.com:443
09:49:24 [DEBUG] Starting new HTTPS connection (1): www.google.com:443
09:49:24 [DEBUG] Starting new HTTPS connection (1): www.google.com:443
09:49:24 [DEBUG] https://www.google.com:443 "GET /generate_204 HTTP/1.1" 204 0
09:49:24 [DEBUG] Starting new HTTPS connection (1): cp.cloudflare.com:443
09:49:25 [DEBUG] Starting new HTTPS connection (1): www.google.com:443
09:49:25 [DEBUG] Starting new HTTPS connection (1): cp.cloudflare.com:443
09:49:25 [DEBUG] https://www.gstatic.com:443 "GET /generate_204 HTTP/1.1" 204 0
09:49:25 [DEBUG] https://cp.cloudflare.com:443 "GET / HTTP/1.1" 204 0
09:49:25 [DEBUG] Starting new HTTPS connection (1): www.gstatic.com:443
09:49:25 [DEBUG] https://www.gstatic.com:443 "GET /generate_204 HTTP/1.1" 204 0
09:49:25 [DEBUG] Starting new HTTPS connection (1): dl.google.com:443
09:49:25 [DEBUG] Starting new HTTPS connection (1): dl.google.com:443
09:49:25 [DEBUG] https://dl.google.com:443 "GET /dl/android/studio/install/3.4.1.0/android-studio-ide-183.5522156-windows.exe HTTP/1.1" 200 1017327996
09:49:25 [DEBUG] Starting new HTTPS connection (1): www.google.com:443
09:49:25 [INFO]    🎯 de4.socialup.live (XX) - 50.1Mbps, 175ms UDP✅ Reality [web.max.ru]
09:49:25 [DEBUG] https://dl.google.com:443 "GET /dl/android/studio/install/3.4.1.0/android-studio-ide-183.5522156-windows.exe HTTP/1.1" 200 1017327996
09:49:25 [DEBUG] https://www.google.com:443 "GET /generate_204 HTTP/1.1" 204 0
09:49:25 [DEBUG] Starting new HTTPS connection (1): cp.cloudflare.com:443
09:49:25 [DEBUG] https://www.google.com:443 "GET /generate_204 HTTP/1.1" 204 0
09:49:25 [DEBUG] Starting new HTTPS connection (1): cp.cloudflare.com:443
09:49:26 [INFO]    🎯 146.185.208.206 (Британия) - 15.5Mbps, 793ms UDP✅ Reality [yandex.ru]
09:49:26 [DEBUG] Starting new HTTPS connection (1): www.google.com:443
09:49:27 [DEBUG] https://cp.cloudflare.com:443 "GET / HTTP/1.1" 204 0
09:49:27 [DEBUG] Starting new HTTPS connection (1): www.gstatic.com:443
09:49:27 [DEBUG] https://www.gstatic.com:443 "GET /generate_204 HTTP/1.1" 204 0
09:49:27 [DEBUG] Starting new HTTPS connection (1): cp.cloudflare.com:443
09:49:27 [DEBUG] Starting new HTTPS connection (1): cp.cloudflare.com:443
09:49:27 [DEBUG] Starting new HTTPS connection (1): www.google.com:443
09:49:27 [DEBUG] Starting new HTTPS connection (1): www.gstatic.com:443
09:49:27 [DEBUG] Starting new HTTPS connection (1): cp.cloudflare.com:443
09:49:27 [DEBUG] Starting new HTTPS connection (1): dl.google.com:443
09:49:28 [DEBUG] Starting new HTTPS connection (1): www.google.com:443
09:49:28 [DEBUG] Starting new HTTPS connection (1): cp.cloudflare.com:443
09:49:28 [DEBUG] https://www.google.com:443 "GET /generate_204 HTTP/1.1" 204 0
09:49:28 [DEBUG] Starting new HTTPS connection (1): cp.cloudflare.com:443
09:49:28 [DEBUG] Starting new HTTPS connection (1): www.gstatic.com:443
09:49:28 [DEBUG] https://cp.cloudflare.com:443 "GET / HTTP/1.1" 204 0
09:49:28 [DEBUG] Starting new HTTPS connection (1): www.gstatic.com:443
09:49:28 [DEBUG] Starting new HTTPS connection (1): www.google.com:443
09:49:29 [DEBUG] Starting new HTTPS connection (1): www.gstatic.com:443
09:49:29 [DEBUG] https://www.gstatic.com:443 "GET /generate_204 HTTP/1.1" 204 0
09:49:29 [DEBUG] Starting new HTTPS connection (1): www.gstatic.com:443
09:49:29 [DEBUG] Starting new HTTPS connection (1): www.google.com:443
09:49:29 [DEBUG] Starting new HTTPS connection (1): cp.cloudflare.com:443
09:49:30 [DEBUG] Starting new HTTPS connection (1): www.gstatic.com:443
09:49:30 [DEBUG] Starting new HTTPS connection (1): www.gstatic.com:443
09:49:30 [DEBUG] Starting new HTTPS connection (1): dl.google.com:443
09:49:30 [DEBUG] Starting new HTTPS connection (1): dl.google.com:443
09:49:30 [INFO]    🎯 185.21.14.122 (Нидерланды) - 0.4Mbps, 509ms UDP✅ Reality [apple.com]
09:49:30 [DEBUG] Starting new HTTPS connection (1): www.gstatic.com:443
09:49:31 [DEBUG] https://www.gstatic.com:443 "GET /generate_204 HTTP/1.1" 204 0
09:49:31 [DEBUG] Starting new HTTPS connection (1): dl.google.com:443
09:49:31 [DEBUG] https://dl.google.com:443 "GET /dl/android/studio/install/3.4.1.0/android-studio-ide-183.5522156-windows.exe HTTP/1.1" 200 1017327996
09:49:31 [DEBUG] https://dl.google.com:443 "GET /dl/android/studio/install/3.4.1.0/android-studio-ide-183.5522156-windows.exe HTTP/1.1" 200 1017327996
09:49:31 [INFO]    🎯 78.159.131.210 (AL) - 44.4Mbps, 586ms UDP✅ Reality [al.cdn.stun.su]
09:49:31 [DEBUG] Starting new HTTPS connection (1): www.google.com:443
09:49:31 [DEBUG] Starting new HTTPS connection (1): cp.cloudflare.com:443
09:49:31 [DEBUG] Starting new HTTPS connection (1): www.gstatic.com:443
09:49:31 [DEBUG] Starting new HTTPS connection (1): www.google.com:443
09:49:32 [INFO]    🎯 panelsaf.netvip1.ru (XX) - 7.4Mbps, 789ms UDP✅ Reality [refersion.com]
09:49:32 [DEBUG] Starting new HTTPS connection (1): www.google.com:443
09:49:32 [DEBUG] Starting new HTTPS connection (1): cp.cloudflare.com:443
09:49:32 [DEBUG] Starting new HTTPS connection (1): www.gstatic.com:443
09:49:32 [DEBUG] Starting new HTTPS connection (1): www.google.com:443
09:49:32 [DEBUG] Starting new HTTPS connection (1): www.google.com:443
09:49:33 [DEBUG] Starting new HTTPS connection (1): www.google.com:443
09:49:33 [DEBUG] Starting new HTTPS connection (1): www.google.com:443
09:49:33 [DEBUG] Starting new HTTPS connection (1): cp.cloudflare.com:443
09:49:33 [DEBUG] Starting new HTTPS connection (1): www.gstatic.com:443
09:49:33 [INFO]    🎯 37.218.247.35 (Нидерланды) - 0.0Mbps, 3426ms UDP❌ Reality [sun6-21.userapi.com]
09:49:33 [DEBUG] Starting new HTTPS connection (1): cp.cloudflare.com:443
09:49:34 [DEBUG] Starting new HTTPS connection (1): www.google.com:443
09:49:34 [DEBUG] Starting new HTTPS connection (1): cp.cloudflare.com:443
09:49:34 [DEBUG] Starting new HTTPS connection (1): www.google.com:443
09:49:35 [DEBUG] Starting new HTTPS connection (1): www.google.com:443
09:49:35 [DEBUG] Starting new HTTPS connection (1): cp.cloudflare.com:443
09:49:35 [DEBUG] Starting new HTTPS connection (1): cp.cloudflare.com:443
09:49:35 [DEBUG] Starting new HTTPS connection (1): www.gstatic.com:443
09:49:35 [DEBUG] Starting new HTTPS connection (1): cp.cloudflare.com:443
09:49:36 [DEBUG] Starting new HTTPS connection (1): www.gstatic.com:443
09:49:36 [DEBUG] https://www.google.com:443 "GET /generate_204 HTTP/1.1" 204 0
09:49:36 [DEBUG] Starting new HTTPS connection (1): cp.cloudflare.com:443
09:49:36 [INFO]    🎯 185.177.238.57 (AL) - 0.0Mbps, 764ms UDP❌ Reality [al.cdn.stun.su]
09:49:36 [DEBUG] Starting new HTTPS connection (1): www.google.com:443
09:49:36 [DEBUG] Starting new HTTPS connection (1): www.gstatic.com:443
09:49:36 [DEBUG] Starting new HTTPS connection (1): www.google.com:443
09:49:37 [DEBUG] Starting new HTTPS connection (1): www.google.com:443
09:49:37 [DEBUG] https://cp.cloudflare.com:443 "GET / HTTP/1.1" 204 0
09:49:37 [DEBUG] Starting new HTTPS connection (1): www.gstatic.com:443
09:49:37 [DEBUG] https://www.google.com:443 "GET /generate_204 HTTP/1.1" 204 0
09:49:37 [DEBUG] Starting new HTTPS connection (1): cp.cloudflare.com:443
09:49:37 [DEBUG] Starting new HTTPS connection (1): www.google.com:443
09:49:37 [DEBUG] Starting new HTTPS connection (1): cp.cloudflare.com:443
09:49:38 [DEBUG] Starting new HTTPS connection (1): cp.cloudflare.com:443
09:49:38 [DEBUG] Starting new HTTPS connection (1): www.gstatic.com:443
09:49:38 [DEBUG] https://www.google.com:443 "GET /generate_204 HTTP/1.1" 204 0
09:49:38 [DEBUG] Starting new HTTPS connection (1): cp.cloudflare.com:443
09:49:38 [DEBUG] https://cp.cloudflare.com:443 "GET / HTTP/1.1" 204 0
09:49:38 [DEBUG] Starting new HTTPS connection (1): www.gstatic.com:443
09:49:38 [DEBUG] https://cp.cloudflare.com:443 "GET / HTTP/1.1" 204 0
09:49:38 [DEBUG] Starting new HTTPS connection (1): www.gstatic.com:443
09:49:38 [DEBUG] Starting new HTTPS connection (1): www.gstatic.com:443
09:49:39 [DEBUG] https://www.gstatic.com:443 "GET /generate_204 HTTP/1.1" 204 0
09:49:39 [DEBUG] Starting new HTTPS connection (1): dl.google.com:443
09:49:39 [DEBUG] https://www.gstatic.com:443 "GET /generate_204 HTTP/1.1" 204 0
09:49:40 [DEBUG] Starting new HTTPS connection (1): dl.google.com:443
09:49:40 [DEBUG] Starting new HTTPS connection (1): www.google.com:443
09:49:40 [DEBUG] https://www.google.com:443 "GET /generate_204 HTTP/1.1" 204 0
09:49:40 [DEBUG] Starting new HTTPS connection (1): cp.cloudflare.com:443
09:49:41 [DEBUG] https://dl.google.com:443 "GET /dl/android/studio/install/3.4.1.0/android-studio-ide-183.5522156-windows.exe HTTP/1.1" 200 1017327996
09:49:41 [DEBUG] https://cp.cloudflare.com:443 "GET / HTTP/1.1" 204 0
09:49:41 [DEBUG] Starting new HTTPS connection (1): www.gstatic.com:443
09:49:41 [DEBUG] Starting new HTTPS connection (1): cp.cloudflare.com:443
09:49:41 [DEBUG] https://www.gstatic.com:443 "GET /generate_204 HTTP/1.1" 204 0
09:49:41 [DEBUG] https://www.gstatic.com:443 "GET /generate_204 HTTP/1.1" 204 0
09:49:41 [DEBUG] https://dl.google.com:443 "GET /dl/android/studio/install/3.4.1.0/android-studio-ide-183.5522156-windows.exe HTTP/1.1" 200 1017327996
09:49:41 [DEBUG] Starting new HTTPS connection (1): dl.google.com:443
09:49:41 [INFO]    🎯 94.131.101.203 (Молдова) - 5.2Mbps, 491ms UDP✅ Reality [tradingview.com]
09:49:42 [DEBUG] Starting new HTTPS connection (1): www.google.com:443
09:49:42 [DEBUG] https://dl.google.com:443 "GET /dl/android/studio/install/3.4.1.0/android-studio-ide-183.5522156-windows.exe HTTP/1.1" 200 1017327996
09:49:42 [DEBUG] https://www.google.com:443 "GET /generate_204 HTTP/1.1" 204 0
09:49:42 [DEBUG] Starting new HTTPS connection (1): cp.cloudflare.com:443
09:49:42 [DEBUG] Starting new HTTPS connection (1): cp.cloudflare.com:443
09:49:42 [INFO]    🎯 45.83.140.34 (CY) - 12.4Mbps, 358ms UDP✅ Reality [tradingview.com]
09:49:42 [DEBUG] https://cp.cloudflare.com:443 "GET / HTTP/1.1" 204 0
09:49:42 [DEBUG] Starting new HTTPS connection (1): www.gstatic.com:443
09:49:42 [DEBUG] Starting new HTTPS connection (1): www.gstatic.com:443
09:49:43 [INFO]    🎯 ilta-wzxrxkdhbjpnprhkkpplsjwawhssvollvxzdhqshiqckwdgrdm.orbnet.xyz (XX) - 4.8Mbps, 970ms UDP✅ Reality [i2pd.website]
09:49:43 [DEBUG] https://www.gstatic.com:443 "GET /generate_204 HTTP/1.1" 204 0
09:49:43 [DEBUG] Starting new HTTPS connection (1): www.gstatic.com:443
09:49:43 [DEBUG] Starting new HTTPS connection (1): www.google.com:443
09:49:43 [DEBUG] Starting new HTTPS connection (1): dl.google.com:443
09:49:43 [DEBUG] Starting new HTTPS connection (1): cp.cloudflare.com:443
09:49:43 [DEBUG] Starting new HTTPS connection (1): www.google.com:443
09:49:44 [DEBUG] Starting new HTTPS connection (1): www.gstatic.com:443
09:49:44 [DEBUG] Starting new HTTPS connection (1): www.google.com:443
09:49:44 [DEBUG] Starting new HTTPS connection (1): dl.google.com:443
09:49:45 [DEBUG] https://dl.google.com:443 "GET /dl/android/studio/install/3.4.1.0/android-studio-ide-183.5522156-windows.exe HTTP/1.1" 200 1017327996
09:49:45 [DEBUG] Starting new HTTPS connection (1): www.google.com:443
09:49:45 [DEBUG] Starting new HTTPS connection (1): www.google.com:443
09:49:46 [DEBUG] https://dl.google.com:443 "GET /dl/android/studio/install/3.4.1.0/android-studio-ide-183.5522156-windows.exe HTTP/1.1" 200 1017327996
09:49:46 [DEBUG] Starting new HTTPS connection (1): www.google.com:443
09:49:46 [INFO]    🎯 103.113.70.30 (Молдова) - 4.4Mbps, 353ms UDP✅ Reality [tradingview.com]
09:49:46 [DEBUG] Starting new HTTPS connection (1): www.gstatic.com:443
09:49:46 [DEBUG] Starting new HTTPS connection (1): cp.cloudflare.com:443
09:49:46 [DEBUG] Starting new HTTPS connection (1): cp.cloudflare.com:443
09:49:47 [DEBUG] Starting new HTTPS connection (1): www.gstatic.com:443
09:49:47 [DEBUG] Starting new HTTPS connection (1): www.google.com:443
09:49:47 [DEBUG] Starting new HTTPS connection (1): cp.cloudflare.com:443
09:49:48 [DEBUG] Starting new HTTPS connection (1): www.gstatic.com:443
09:49:48 [DEBUG] Starting new HTTPS connection (1): cp.cloudflare.com:443
09:49:49 [DEBUG] https://www.google.com:443 "GET /generate_204 HTTP/1.1" 204 0
09:49:49 [DEBUG] Starting new HTTPS connection (1): cp.cloudflare.com:443
09:49:49 [DEBUG] Starting new HTTPS connection (1): www.google.com:443
09:49:49 [DEBUG] Starting new HTTPS connection (1): www.gstatic.com:443
09:49:49 [DEBUG] Starting new HTTPS connection (1): cp.cloudflare.com:443
09:49:49 [DEBUG] Starting new HTTPS connection (1): www.gstatic.com:443
09:49:50 [INFO]    📊 Global: 120/400 (30%) | ✅42 ❌78
09:49:50 [DEBUG] https://cp.cloudflare.com:443 "GET / HTTP/1.1" 204 0
09:49:50 [DEBUG] Starting new HTTPS connection (1): www.gstatic.com:443
09:49:51 [DEBUG] Starting new HTTPS connection (1): www.google.com:443
09:49:51 [DEBUG] Starting new HTTPS connection (1): www.google.com:443
09:49:52 [DEBUG] Starting new HTTPS connection (1): www.google.com:443
09:49:52 [DEBUG] https://www.google.com:443 "GET /generate_204 HTTP/1.1" 204 0
09:49:52 [DEBUG] Starting new HTTPS connection (1): cp.cloudflare.com:443
09:49:52 [DEBUG] https://cp.cloudflare.com:443 "GET / HTTP/1.1" 204 0
09:49:52 [DEBUG] Starting new HTTPS connection (1): www.gstatic.com:443
09:49:52 [DEBUG] Starting new HTTPS connection (1): www.google.com:443
09:49:52 [DEBUG] https://www.gstatic.com:443 "GET /generate_204 HTTP/1.1" 204 0
09:49:52 [DEBUG] Starting new HTTPS connection (1): dl.google.com:443
09:49:52 [DEBUG] https://www.google.com:443 "GET /generate_204 HTTP/1.1" 204 0
09:49:52 [DEBUG] Starting new HTTPS connection (1): cp.cloudflare.com:443
09:49:52 [DEBUG] https://dl.google.com:443 "GET /dl/android/studio/install/3.4.1.0/android-studio-ide-183.5522156-windows.exe HTTP/1.1" 200 1017327996
09:49:52 [INFO]    🎯 217.154.254.198 (Германия) - 50.6Mbps, 140ms UDP✅ Reality [azure.com]
09:49:53 [DEBUG] https://www.google.com:443 "GET /generate_204 HTTP/1.1" 204 0
09:49:53 [DEBUG] Starting new HTTPS connection (1): cp.cloudflare.com:443
09:49:53 [DEBUG] Starting new HTTPS connection (1): www.google.com:443
09:49:53 [DEBUG] Starting new HTTPS connection (1): www.gstatic.com:443
09:49:53 [DEBUG] https://cp.cloudflare.com:443 "GET / HTTP/1.1" 204 0
09:49:53 [DEBUG] Starting new HTTPS connection (1): www.gstatic.com:443
09:49:53 [DEBUG] Starting new HTTPS connection (1): www.gstatic.com:443
09:49:54 [DEBUG] Starting new HTTPS connection (1): www.google.com:443
09:49:54 [DEBUG] Starting new HTTPS connection (1): cp.cloudflare.com:443
09:49:55 [DEBUG] https://www.gstatic.com:443 "GET /generate_204 HTTP/1.1" 204 0
09:49:56 [DEBUG] Starting new HTTPS connection (1): dl.google.com:443
09:49:56 [DEBUG] https://www.gstatic.com:443 "GET /generate_204 HTTP/1.1" 204 0
09:49:56 [DEBUG] https://dl.google.com:443 "GET /dl/android/studio/install/3.4.1.0/android-studio-ide-183.5522156-windows.exe HTTP/1.1" 200 1017327996
09:49:57 [DEBUG] Starting new HTTPS connection (1): www.google.com:443
09:49:57 [DEBUG] Starting new HTTPS connection (1): cp.cloudflare.com:443
09:49:58 [DEBUG] https://cp.cloudflare.com:443 "GET / HTTP/1.1" 204 0
09:49:58 [DEBUG] Starting new HTTPS connection (1): www.gstatic.com:443
09:49:58 [DEBUG] Starting new HTTPS connection (1): www.gstatic.com:443
09:49:58 [DEBUG] https://www.google.com:443 "GET /generate_204 HTTP/1.1" 204 0
09:49:58 [DEBUG] Starting new HTTPS connection (1): cp.cloudflare.com:443
09:49:58 [DEBUG] Starting new HTTPS connection (1): dl.google.com:443
09:49:58 [DEBUG] Starting new HTTPS connection (1): cp.cloudflare.com:443
09:49:58 [DEBUG] Starting new HTTPS connection (1): www.google.com:443
09:49:58 [DEBUG] Starting new HTTPS connection (1): cp.cloudflare.com:443
09:49:59 [DEBUG] Starting new HTTPS connection (1): www.gstatic.com:443
09:49:59 [DEBUG] Starting new HTTPS connection (1): cp.cloudflare.com:443
09:49:59 [DEBUG] https://cp.cloudflare.com:443 "GET / HTTP/1.1" 204 0
09:49:59 [DEBUG] Starting new HTTPS connection (1): www.gstatic.com:443
09:49:59 [INFO]    🎯 92.60.78.221 (SI) - 0.8Mbps, 2511ms UDP❌ Reality [www.tradingview.com]
09:50:00 [DEBUG] Starting new HTTPS connection (1): www.google.com:443
09:50:01 [DEBUG] Starting new HTTPS connection (1): www.google.com:443
09:50:01 [DEBUG] https://www.gstatic.com:443 "GET /generate_204 HTTP/1.1" 204 0
09:50:01 [DEBUG] https://www.google.com:443 "GET /generate_204 HTTP/1.1" 204 0
09:50:01 [DEBUG] Starting new HTTPS connection (1): cp.cloudflare.com:443
09:50:01 [DEBUG] https://cp.cloudflare.com:443 "GET / HTTP/1.1" 204 0
09:50:01 [DEBUG] Starting new HTTPS connection (1): www.gstatic.com:443
09:50:02 [DEBUG] https://www.gstatic.com:443 "GET /generate_204 HTTP/1.1" 204 0
09:50:02 [DEBUG] Starting new HTTPS connection (1): dl.google.com:443
09:50:02 [DEBUG] Starting new HTTPS connection (1): cp.cloudflare.com:443
09:50:02 [DEBUG] Starting new HTTPS connection (1): www.gstatic.com:443
09:50:02 [DEBUG] https://dl.google.com:443 "GET /dl/android/studio/install/3.4.1.0/android-studio-ide-183.5522156-windows.exe HTTP/1.1" 200 1017327996
09:50:02 [DEBUG] https://dl.google.com:443 "GET /dl/android/studio/install/3.4.1.0/android-studio-ide-183.5522156-windows.exe HTTP/1.1" 200 1017327996
09:50:02 [INFO]    🎯 dublin.pryanik.net.ru (XX) - 23.0Mbps, 396ms UDP✅ Reality [sun6-21.userapi.com]
09:50:03 [INFO]    🎯 hk4.miyazono-kaori.com (XX) - 1.8Mbps, 1353ms UDP✅ Reality [www.ikea.com.hk]
09:50:03 [DEBUG] Starting new HTTPS connection (1): www.google.com:443
09:50:03 [DEBUG] https://www.google.com:443 "GET /generate_204 HTTP/1.1" 204 0
09:50:03 [DEBUG] Starting new HTTPS connection (1): cp.cloudflare.com:443
09:50:03 [DEBUG] Starting new HTTPS connection (1): www.gstatic.com:443
09:50:03 [DEBUG] https://cp.cloudflare.com:443 "GET / HTTP/1.1" 204 0
09:50:03 [DEBUG] Starting new HTTPS connection (1): www.gstatic.com:443
09:50:04 [DEBUG] Starting new HTTPS connection (1): dl.google.com:443
09:50:04 [DEBUG] Starting new HTTPS connection (1): www.gstatic.com:443
09:50:04 [DEBUG] Starting new HTTPS connection (1): www.google.com:443
09:50:04 [DEBUG] Starting new HTTPS connection (1): www.google.com:443
09:50:04 [DEBUG] https://www.gstatic.com:443 "GET /generate_204 HTTP/1.1" 204 0
09:50:04 [DEBUG] https://www.google.com:443 "GET /generate_204 HTTP/1.1" 204 0
09:50:04 [DEBUG] Starting new HTTPS connection (1): cp.cloudflare.com:443
09:50:04 [DEBUG] Starting new HTTPS connection (1): dl.google.com:443
09:50:04 [DEBUG] Starting new HTTPS connection (1): www.gstatic.com:443
09:50:04 [INFO]    🎯 212.111.84.187 (KZ) - 2.1Mbps, 1560ms UDP❌ Reality [m.vk.ru]
09:50:04 [DEBUG] https://cp.cloudflare.com:443 "GET / HTTP/1.1" 204 0
09:50:04 [DEBUG] Starting new HTTPS connection (1): www.gstatic.com:443
09:50:05 [DEBUG] https://dl.google.com:443 "GET /dl/android/studio/install/3.4.1.0/android-studio-ide-183.5522156-windows.exe HTTP/1.1" 200 1017327996
09:50:05 [DEBUG] https://dl.google.com:443 "GET /dl/android/studio/install/3.4.1.0/android-studio-ide-183.5522156-windows.exe HTTP/1.1" 200 1017327996
09:50:05 [DEBUG] https://www.gstatic.com:443 "GET /generate_204 HTTP/1.1" 204 0
09:50:05 [INFO]    🎯 frankfurt.just-server.ru (XX) - 18.4Mbps, 383ms UDP✅ Reality [sun6-21.userapi.com]
09:50:05 [DEBUG] Starting new HTTPS connection (1): dl.google.com:443
09:50:05 [DEBUG] Starting new HTTPS connection (1): dl.google.com:443
09:50:05 [DEBUG] Starting new HTTPS connection (1): www.google.com:443
09:50:06 [DEBUG] https://dl.google.com:443 "GET /dl/android/studio/install/3.4.1.0/android-studio-ide-183.5522156-windows.exe HTTP/1.1" 200 1017327996
09:50:06 [DEBUG] Starting new HTTPS connection (1): www.google.com:443
09:50:06 [DEBUG] https://www.google.com:443 "GET /generate_204 HTTP/1.1" 204 0
09:50:06 [DEBUG] Starting new HTTPS connection (1): cp.cloudflare.com:443
09:50:06 [INFO]    🎯 fin.pryanik.net.ru (XX) - 9.4Mbps, 380ms UDP✅ Reality [sun6-21.userapi.com]
09:50:07 [DEBUG] https://www.google.com:443 "GET /generate_204 HTTP/1.1" 204 0
09:50:07 [DEBUG] Starting new HTTPS connection (1): cp.cloudflare.com:443
09:50:07 [DEBUG] https://cp.cloudflare.com:443 "GET / HTTP/1.1" 204 0
09:50:07 [DEBUG] Starting new HTTPS connection (1): www.gstatic.com:443
09:50:07 [DEBUG] https://www.gstatic.com:443 "GET /generate_204 HTTP/1.1" 204 0
09:50:08 [DEBUG] Starting new HTTPS connection (1): www.google.com:443
09:50:08 [DEBUG] Starting new HTTPS connection (1): cp.cloudflare.com:443
09:50:08 [DEBUG] Starting new HTTPS connection (1): www.google.com:443
09:50:08 [DEBUG] Starting new HTTPS connection (1): dl.google.com:443
09:50:08 [DEBUG] https://cp.cloudflare.com:443 "GET / HTTP/1.1" 204 0
09:50:08 [DEBUG] Starting new HTTPS connection (1): www.gstatic.com:443
09:50:08 [DEBUG] Starting new HTTPS connection (1): cp.cloudflare.com:443
09:50:08 [DEBUG] https://dl.google.com:443 "GET /dl/android/studio/install/3.4.1.0/android-studio-ide-183.5522156-windows.exe HTTP/1.1" 200 1017327996
09:50:08 [DEBUG] Starting new HTTPS connection (1): cp.cloudflare.com:443
09:50:08 [DEBUG] Starting new HTTPS connection (1): www.google.com:443
09:50:08 [INFO]    🎯 77.83.245.220 (Турция) - 2.7Mbps, 1265ms UDP❌ Reality [mailru.ookcdn.ru]
09:50:09 [DEBUG] Starting new HTTPS connection (1): www.gstatic.com:443
09:50:09 [DEBUG] Starting new HTTPS connection (1): www.gstatic.com:443
09:50:09 [DEBUG] https://www.gstatic.com:443 "GET /generate_204 HTTP/1.1" 204 0
09:50:09 [DEBUG] Starting new HTTPS connection (1): cp.cloudflare.com:443
09:50:09 [DEBUG] Starting new HTTPS connection (1): dl.google.com:443
09:50:09 [INFO]    🎯 just-server.ru (XX) - 8.7Mbps, 451ms UDP✅ Reality [sun6-21.userapi.com]
09:50:09 [DEBUG] Starting new HTTPS connection (1): www.gstatic.com:443
09:50:09 [DEBUG] Starting new HTTPS connection (1): www.google.com:443
09:50:10 [DEBUG] Starting new HTTPS connection (1): www.google.com:443
09:50:10 [DEBUG] https://dl.google.com:443 "GET /dl/android/studio/install/3.4.1.0/android-studio-ide-183.5522156-windows.exe HTTP/1.1" 200 1017327996
09:50:10 [DEBUG] Starting new HTTPS connection (1): www.gstatic.com:443
09:50:10 [DEBUG] Starting new HTTPS connection (1): www.google.com:443
09:50:10 [DEBUG] Starting new HTTPS connection (1): cp.cloudflare.com:443
09:50:10 [DEBUG] https://www.google.com:443 "GET /generate_204 HTTP/1.1" 204 0
09:50:10 [DEBUG] Starting new HTTPS connection (1): cp.cloudflare.com:443
09:50:10 [DEBUG] Starting new HTTPS connection (1): www.google.com:443
09:50:10 [DEBUG] Starting new HTTPS connection (1): cp.cloudflare.com:443
09:50:10 [DEBUG] Starting new HTTPS connection (1): www.google.com:443
09:50:10 [INFO]    🎯 srv4.outlinekeys.com (XX) - 9.9Mbps, 1610ms UDP✅ Reality [sun1-90.userapi.com]
09:50:10 [DEBUG] Starting new HTTPS connection (1): www.google.com:443
09:50:11 [DEBUG] https://www.google.com:443 "GET /generate_204 HTTP/1.1" 204 0
09:50:11 [DEBUG] Starting new HTTPS connection (1): cp.cloudflare.com:443
09:50:11 [DEBUG] Starting new HTTPS connection (1): www.gstatic.com:443
09:50:11 [DEBUG] https://cp.cloudflare.com:443 "GET / HTTP/1.1" 204 0
09:50:11 [DEBUG] Starting new HTTPS connection (1): www.gstatic.com:443
09:50:11 [DEBUG] Starting new HTTPS connection (1): www.google.com:443
09:50:11 [DEBUG] https://www.gstatic.com:443 "GET /generate_204 HTTP/1.1" 204 0
09:50:11 [DEBUG] Starting new HTTPS connection (1): dl.google.com:443
09:50:12 [DEBUG] Starting new HTTPS connection (1): www.google.com:443
09:50:12 [DEBUG] https://dl.google.com:443 "GET /dl/android/studio/install/3.4.1.0/android-studio-ide-183.5522156-windows.exe HTTP/1.1" 200 1017327996
09:50:12 [INFO]    🎯 94.103.1.230 (Нидерланды) - 28.1Mbps, 251ms UDP✅ Reality [sun6-21.userapi.com]
09:50:12 [DEBUG] Starting new HTTPS connection (1): www.gstatic.com:443
09:50:13 [DEBUG] Starting new HTTPS connection (1): cp.cloudflare.com:443
09:50:13 [INFO]    🎯 47.254.207.127 (MY) - 0.0Mbps, 4436ms UDP✅ Reality [cdn.userway.org]
09:50:13 [DEBUG] Starting new HTTPS connection (1): www.google.com:443
09:50:13 [DEBUG] Starting new HTTPS connection (1): cp.cloudflare.com:443
09:50:13 [DEBUG] Starting new HTTPS connection (1): cp.cloudflare.com:443
09:50:13 [DEBUG] Starting new HTTPS connection (1): www.gstatic.com:443
09:50:13 [DEBUG] Starting new HTTPS connection (1): www.google.com:443
09:50:13 [DEBUG] Starting new HTTPS connection (1): www.google.com:443
09:50:13 [DEBUG] Starting new HTTPS connection (1): cp.cloudflare.com:443
09:50:14 [DEBUG] Starting new HTTPS connection (1): www.gstatic.com:443
09:50:14 [DEBUG] Starting new HTTPS connection (1): cp.cloudflare.com:443
09:50:14 [DEBUG] Starting new HTTPS connection (1): www.google.com:443
09:50:14 [DEBUG] https://www.google.com:443 "GET /generate_204 HTTP/1.1" 204 0
09:50:14 [DEBUG] Starting new HTTPS connection (1): cp.cloudflare.com:443
09:50:14 [DEBUG] Starting new HTTPS connection (1): www.google.com:443
09:50:14 [DEBUG] Starting new HTTPS connection (1): cp.cloudflare.com:443
09:50:14 [DEBUG] Starting new HTTPS connection (1): www.gstatic.com:443
09:50:14 [DEBUG] https://cp.cloudflare.com:443 "GET / HTTP/1.1" 204 0
09:50:14 [DEBUG] Starting new HTTPS connection (1): www.gstatic.com:443
09:50:14 [DEBUG] https://cp.cloudflare.com:443 "GET / HTTP/1.1" 204 0
09:50:14 [DEBUG] Starting new HTTPS connection (1): www.gstatic.com:443
09:50:14 [DEBUG] https://www.gstatic.com:443 "GET /generate_204 HTTP/1.1" 204 0
09:50:14 [DEBUG] Starting new HTTPS connection (1): dl.google.com:443
09:50:14 [DEBUG] https://www.gstatic.com:443 "GET /generate_204 HTTP/1.1" 204 0
09:50:14 [DEBUG] Starting new HTTPS connection (1): www.google.com:443
09:50:14 [DEBUG] https://dl.google.com:443 "GET /dl/android/studio/install/3.4.1.0/android-studio-ide-183.5522156-windows.exe HTTP/1.1" 200 1017327996
09:50:15 [DEBUG] Starting new HTTPS connection (1): dl.google.com:443
09:50:15 [INFO]    🎯 65.109.179.221 (Финляндия) - 45.4Mbps, 104ms UDP✅  []
09:50:15 [DEBUG] https://dl.google.com:443 "GET /dl/android/studio/install/3.4.1.0/android-studio-ide-183.5522156-windows.exe HTTP/1.1" 200 1017327996
09:50:15 [DEBUG] Starting new HTTPS connection (1): cp.cloudflare.com:443
09:50:15 [DEBUG] Starting new HTTPS connection (1): www.google.com:443
09:50:15 [DEBUG] Starting new HTTPS connection (1): cp.cloudflare.com:443
09:50:15 [INFO]    🎯 netherland.boot-lee.ru (XX) - 38.5Mbps, 1486ms UDP✅ Reality [yandex.ru]
09:50:15 [DEBUG] Starting new HTTPS connection (1): www.gstatic.com:443
09:50:15 [DEBUG] Starting new HTTPS connection (1): www.gstatic.com:443
09:50:15 [DEBUG] Starting new HTTPS connection (1): www.gstatic.com:443
09:50:15 [DEBUG] Starting new HTTPS connection (1): www.gstatic.com:443
09:50:15 [DEBUG] Starting new HTTPS connection (1): cp.cloudflare.com:443
09:50:15 [DEBUG] Starting new HTTPS connection (1): www.google.com:443
09:50:16 [DEBUG] Starting new HTTPS connection (1): www.gstatic.com:443
09:50:16 [DEBUG] Starting new HTTPS connection (1): www.google.com:443
09:50:16 [DEBUG] Starting new HTTPS connection (1): www.google.com:443
09:50:16 [DEBUG] Starting new HTTPS connection (1): www.google.com:443
09:50:17 [DEBUG] Starting new HTTPS connection (1): www.google.com:443
09:50:18 [DEBUG] Starting new HTTPS connection (1): cp.cloudflare.com:443
09:50:18 [DEBUG] Starting new HTTPS connection (1): cp.cloudflare.com:443
09:50:18 [DEBUG] Starting new HTTPS connection (1): cp.cloudflare.com:443
09:50:18 [DEBUG] Starting new HTTPS connection (1): www.google.com:443
09:50:18 [DEBUG] Starting new HTTPS connection (1): cp.cloudflare.com:443
09:50:18 [DEBUG] Starting new HTTPS connection (1): www.gstatic.com:443
09:50:18 [INFO]    📊 Global: 160/400 (40%) | ✅56 ❌104
09:50:18 [DEBUG] Starting new HTTPS connection (1): cp.cloudflare.com:443
09:50:19 [DEBUG] Starting new HTTPS connection (1): cp.cloudflare.com:443
09:50:19 [DEBUG] Starting new HTTPS connection (1): www.google.com:443
09:50:19 [DEBUG] Starting new HTTPS connection (1): www.google.com:443
09:50:20 [DEBUG] Starting new HTTPS connection (1): www.google.com:443
09:50:20 [DEBUG] Starting new HTTPS connection (1): cp.cloudflare.com:443
09:50:20 [DEBUG] Starting new HTTPS connection (1): www.gstatic.com:443
09:50:20 [DEBUG] Starting new HTTPS connection (1): www.gstatic.com:443
09:50:20 [DEBUG] Starting new HTTPS connection (1): www.gstatic.com:443
09:50:20 [DEBUG] Starting new HTTPS connection (1): www.gstatic.com:443
09:50:21 [DEBUG] Starting new HTTPS connection (1): www.google.com:443
09:50:21 [DEBUG] Starting new HTTPS connection (1): www.gstatic.com:443
09:50:21 [DEBUG] Starting new HTTPS connection (1): cp.cloudflare.com:443
09:50:21 [DEBUG] Starting new HTTPS connection (1): www.gstatic.com:443
09:50:21 [DEBUG] Starting new HTTPS connection (1): www.gstatic.com:443
09:50:21 [DEBUG] Starting new HTTPS connection (1): cp.cloudflare.com:443
09:50:21 [DEBUG] Starting new HTTPS connection (1): cp.cloudflare.com:443
09:50:21 [DEBUG] Starting new HTTPS connection (1): cp.cloudflare.com:443
09:50:22 [DEBUG] Starting new HTTPS connection (1): www.google.com:443
09:50:22 [DEBUG] Starting new HTTPS connection (1): cp.cloudflare.com:443
09:50:22 [DEBUG] Starting new HTTPS connection (1): www.gstatic.com:443
09:50:23 [DEBUG] Starting new HTTPS connection (1): www.gstatic.com:443
09:50:23 [DEBUG] Starting new HTTPS connection (1): www.gstatic.com:443
09:50:23 [DEBUG] Starting new HTTPS connection (1): www.gstatic.com:443
09:50:23 [DEBUG] Starting new HTTPS connection (1): www.google.com:443
09:50:23 [DEBUG] Starting new HTTPS connection (1): cp.cloudflare.com:443
09:50:23 [DEBUG] Starting new HTTPS connection (1): www.gstatic.com:443
09:50:24 [DEBUG] Starting new HTTPS connection (1): www.google.com:443
09:50:24 [DEBUG] Starting new HTTPS connection (1): www.google.com:443
09:50:24 [DEBUG] Starting new HTTPS connection (1): www.google.com:443
09:50:24 [DEBUG] Starting new HTTPS connection (1): cp.cloudflare.com:443
09:50:24 [DEBUG] Starting new HTTPS connection (1): www.gstatic.com:443
09:50:24 [DEBUG] Starting new HTTPS connection (1): cp.cloudflare.com:443
09:50:24 [DEBUG] Starting new HTTPS connection (1): www.gstatic.com:443
09:50:24 [DEBUG] Starting new HTTPS connection (1): www.google.com:443
09:50:24 [DEBUG] Starting new HTTPS connection (1): cp.cloudflare.com:443
09:50:24 [DEBUG] Starting new HTTPS connection (1): www.gstatic.com:443
09:50:24 [DEBUG] Starting new HTTPS connection (1): www.google.com:443
09:50:25 [DEBUG] Starting new HTTPS connection (1): www.google.com:443
09:50:25 [DEBUG] Starting new HTTPS connection (1): cp.cloudflare.com:443
09:50:25 [DEBUG] Starting new HTTPS connection (1): www.gstatic.com:443
09:50:25 [DEBUG] Starting new HTTPS connection (1): www.google.com:443
09:50:25 [DEBUG] Starting new HTTPS connection (1): www.google.com:443
09:50:26 [DEBUG] https://www.google.com:443 "GET /generate_204 HTTP/1.1" 204 0
09:50:26 [DEBUG] Starting new HTTPS connection (1): cp.cloudflare.com:443
09:50:26 [DEBUG] https://www.google.com:443 "GET /generate_204 HTTP/1.1" 204 0
09:50:26 [DEBUG] Starting new HTTPS connection (1): cp.cloudflare.com:443
09:50:26 [DEBUG] Starting new HTTPS connection (1): www.google.com:443
09:50:26 [DEBUG] Starting new HTTPS connection (1): cp.cloudflare.com:443
09:50:26 [DEBUG] Starting new HTTPS connection (1): www.gstatic.com:443
09:50:26 [DEBUG] Starting new HTTPS connection (1): cp.cloudflare.com:443
09:50:26 [DEBUG] https://cp.cloudflare.com:443 "GET / HTTP/1.1" 204 0
09:50:26 [DEBUG] Starting new HTTPS connection (1): www.gstatic.com:443
09:50:26 [DEBUG] https://www.gstatic.com:443 "GET /generate_204 HTTP/1.1" 204 0
09:50:26 [DEBUG] Starting new HTTPS connection (1): dl.google.com:443
09:50:26 [DEBUG] https://dl.google.com:443 "GET /dl/android/studio/install/3.4.1.0/android-studio-ide-183.5522156-windows.exe HTTP/1.1" 404 1449
09:50:26 [INFO]    🎯 185.18.250.252 (Швейцария) - 0.0Mbps, 95ms UDP✅  []
09:50:26 [DEBUG] Starting new HTTPS connection (1): www.google.com:443
09:50:26 [DEBUG] Starting new HTTPS connection (1): www.gstatic.com:443
09:50:26 [DEBUG] Starting new HTTPS connection (1): www.google.com:443
09:50:26 [DEBUG] https://cp.cloudflare.com:443 "GET / HTTP/1.1" 204 0
09:50:26 [DEBUG] Starting new HTTPS connection (1): www.gstatic.com:443
09:50:26 [DEBUG] Starting new HTTPS connection (1): www.google.com:443
09:50:27 [DEBUG] Starting new HTTPS connection (1): www.google.com:443
09:50:27 [DEBUG] https://www.google.com:443 "GET /generate_204 HTTP/1.1" 204 0
09:50:27 [DEBUG] Starting new HTTPS connection (1): cp.cloudflare.com:443
09:50:27 [DEBUG] Starting new HTTPS connection (1): www.google.com:443
09:50:27 [DEBUG] https://www.gstatic.com:443 "GET /generate_204 HTTP/1.1" 204 0
09:50:27 [DEBUG] Starting new HTTPS connection (1): cp.cloudflare.com:443
09:50:27 [DEBUG] Starting new HTTPS connection (1): dl.google.com:443
09:50:28 [DEBUG] Starting new HTTPS connection (1): www.gstatic.com:443
09:50:28 [DEBUG] https://dl.google.com:443 "GET /dl/android/studio/install/3.4.1.0/android-studio-ide-183.5522156-windows.exe HTTP/1.1" 404 1449
09:50:28 [INFO]    🎯 45.131.209.130 (Нидерланды) - 0.0Mbps, 923ms UDP✅  []
09:50:28 [DEBUG] Starting new HTTPS connection (1): cp.cloudflare.com:443
09:50:28 [DEBUG] Starting new HTTPS connection (1): cp.cloudflare.com:443
09:50:28 [DEBUG] Starting new HTTPS connection (1): cp.cloudflare.com:443
09:50:29 [DEBUG] Starting new HTTPS connection (1): www.google.com:443
09:50:29 [DEBUG] Starting new HTTPS connection (1): cp.cloudflare.com:443
09:50:29 [DEBUG] Starting new HTTPS connection (1): www.gstatic.com:443
09:50:29 [DEBUG] Starting new HTTPS connection (1): www.google.com:443
09:50:29 [DEBUG] Starting new HTTPS connection (1): cp.cloudflare.com:443
09:50:29 [DEBUG] Starting new HTTPS connection (1): www.gstatic.com:443
09:50:30 [DEBUG] Starting new HTTPS connection (1): www.gstatic.com:443
09:50:30 [DEBUG] Starting new HTTPS connection (1): www.gstatic.com:443
09:50:30 [DEBUG] Starting new HTTPS connection (1): www.gstatic.com:443
09:50:31 [DEBUG] Starting new HTTPS connection (1): www.google.com:443
09:50:31 [DEBUG] Starting new HTTPS connection (1): cp.cloudflare.com:443
09:50:31 [DEBUG] Starting new HTTPS connection (1): www.gstatic.com:443
09:50:31 [DEBUG] Starting new HTTPS connection (1): www.google.com:443
09:50:31 [DEBUG] Starting new HTTPS connection (1): cp.cloudflare.com:443
09:50:31 [DEBUG] Starting new HTTPS connection (1): www.gstatic.com:443
09:50:31 [DEBUG] Starting new HTTPS connection (1): cp.cloudflare.com:443
09:50:31 [DEBUG] Starting new HTTPS connection (1): www.gstatic.com:443
09:50:32 [DEBUG] Starting new HTTPS connection (1): www.google.com:443
09:50:32 [DEBUG] Starting new HTTPS connection (1): www.gstatic.com:443
09:50:32 [DEBUG] https://www.gstatic.com:443 "GET /generate_204 HTTP/1.1" 204 0
09:50:32 [DEBUG] Starting new HTTPS connection (1): dl.google.com:443
09:50:32 [DEBUG] https://dl.google.com:443 "GET /dl/android/studio/install/3.4.1.0/android-studio-ide-183.5522156-windows.exe HTTP/1.1" 200 1017327996
09:50:32 [DEBUG] Starting new HTTPS connection (1): www.google.com:443
09:50:32 [DEBUG] Starting new HTTPS connection (1): cp.cloudflare.com:443
09:50:32 [DEBUG] Starting new HTTPS connection (1): www.gstatic.com:443
09:50:32 [DEBUG] Starting new HTTPS connection (1): www.google.com:443
09:50:32 [DEBUG] Starting new HTTPS connection (1): cp.cloudflare.com:443
09:50:32 [DEBUG] Starting new HTTPS connection (1): www.gstatic.com:443
09:50:33 [DEBUG] Starting new HTTPS connection (1): www.google.com:443
09:50:33 [DEBUG] https://www.google.com:443 "GET /generate_204 HTTP/1.1" 204 0
09:50:33 [DEBUG] Starting new HTTPS connection (1): cp.cloudflare.com:443
09:50:33 [DEBUG] https://cp.cloudflare.com:443 "GET / HTTP/1.1" 204 0
09:50:33 [DEBUG] Starting new HTTPS connection (1): www.gstatic.com:443
09:50:33 [DEBUG] https://www.gstatic.com:443 "GET /generate_204 HTTP/1.1" 204 0
09:50:33 [DEBUG] Starting new HTTPS connection (1): dl.google.com:443
09:50:33 [DEBUG] https://dl.google.com:443 "GET /dl/android/studio/install/3.4.1.0/android-studio-ide-183.5522156-windows.exe HTTP/1.1" 200 1017327996
09:50:33 [INFO]    🎯 172.104.249.116 (Германия) - 71.4Mbps, 25ms UDP✅  []
09:50:33 [INFO]    🎯 192.248.186.10 (Германия) - 13.6Mbps, 83ms UDP✅  []
09:50:33 [DEBUG] Starting new HTTPS connection (1): www.gstatic.com:443
09:50:33 [DEBUG] Starting new HTTPS connection (1): www.google.com:443
09:50:33 [DEBUG] Starting new HTTPS connection (1): www.google.com:443
09:50:34 [DEBUG] Starting new HTTPS connection (1): www.google.com:443
09:50:34 [DEBUG] Starting new HTTPS connection (1): www.google.com:443
09:50:34 [DEBUG] Starting new HTTPS connection (1): www.google.com:443
09:50:34 [DEBUG] https://www.google.com:443 "GET /generate_204 HTTP/1.1" 204 0
09:50:34 [DEBUG] Starting new HTTPS connection (1): cp.cloudflare.com:443
09:50:34 [DEBUG] Starting new HTTPS connection (1): www.google.com:443
09:50:34 [DEBUG] https://www.google.com:443 "GET /generate_204 HTTP/1.1" 204 0
09:50:34 [DEBUG] Starting new HTTPS connection (1): cp.cloudflare.com:443
09:50:34 [DEBUG] https://www.google.com:443 "GET /generate_204 HTTP/1.1" 204 0
09:50:34 [DEBUG] Starting new HTTPS connection (1): cp.cloudflare.com:443
09:50:34 [DEBUG] Starting new HTTPS connection (1): cp.cloudflare.com:443
09:50:34 [DEBUG] Starting new HTTPS connection (1): www.google.com:443
09:50:34 [DEBUG] https://www.google.com:443 "GET /generate_204 HTTP/1.1" 204 0
09:50:34 [DEBUG] Starting new HTTPS connection (1): cp.cloudflare.com:443
09:50:34 [DEBUG] Starting new HTTPS connection (1): www.gstatic.com:443
09:50:34 [DEBUG] https://cp.cloudflare.com:443 "GET / HTTP/1.1" 204 0
09:50:34 [DEBUG] Starting new HTTPS connection (1): www.gstatic.com:443
09:50:34 [DEBUG] https://cp.cloudflare.com:443 "GET / HTTP/1.1" 204 0
09:50:34 [DEBUG] Starting new HTTPS connection (1): www.gstatic.com:443
09:50:35 [DEBUG] Starting new HTTPS connection (1): www.google.com:443
09:50:35 [DEBUG] https://cp.cloudflare.com:443 "GET / HTTP/1.1" 204 0
09:50:35 [DEBUG] Starting new HTTPS connection (1): www.gstatic.com:443
09:50:35 [DEBUG] https://cp.cloudflare.com:443 "GET / HTTP/1.1" 204 0
09:50:35 [DEBUG] Starting new HTTPS connection (1): www.gstatic.com:443
09:50:35 [DEBUG] https://www.gstatic.com:443 "GET /generate_204 HTTP/1.1" 204 0
09:50:35 [DEBUG] https://www.gstatic.com:443 "GET /generate_204 HTTP/1.1" 204 0
09:50:35 [DEBUG] https://www.gstatic.com:443 "GET /generate_204 HTTP/1.1" 204 0
09:50:35 [DEBUG] https://www.gstatic.com:443 "GET /generate_204 HTTP/1.1" 204 0
09:50:35 [DEBUG] Starting new HTTPS connection (1): dl.google.com:443
09:50:35 [DEBUG] Starting new HTTPS connection (1): dl.google.com:443
09:50:35 [DEBUG] Starting new HTTPS connection (1): dl.google.com:443
09:50:35 [DEBUG] Starting new HTTPS connection (1): dl.google.com:443
09:50:35 [DEBUG] Starting new HTTPS connection (1): www.google.com:443
09:50:36 [DEBUG] https://dl.google.com:443 "GET /dl/android/studio/install/3.4.1.0/android-studio-ide-183.5522156-windows.exe HTTP/1.1" 200 1017327996
09:50:36 [DEBUG] https://dl.google.com:443 "GET /dl/android/studio/install/3.4.1.0/android-studio-ide-183.5522156-windows.exe HTTP/1.1" 200 1017327996
09:50:36 [DEBUG] https://dl.google.com:443 "GET /dl/android/studio/install/3.4.1.0/android-studio-ide-183.5522156-windows.exe HTTP/1.1" 200 1017327996
09:50:36 [DEBUG] Starting new HTTPS connection (1): cp.cloudflare.com:443
09:50:36 [DEBUG] https://dl.google.com:443 "GET /dl/android/studio/install/3.4.1.0/android-studio-ide-183.5522156-windows.exe HTTP/1.1" 200 1017327996
09:50:36 [DEBUG] Starting new HTTPS connection (1): cp.cloudflare.com:443
09:50:36 [DEBUG] Starting new HTTPS connection (1): www.google.com:443
09:50:36 [DEBUG] Starting new HTTPS connection (1): cp.cloudflare.com:443
09:50:37 [DEBUG] Starting new HTTPS connection (1): cp.cloudflare.com:443
09:50:37 [INFO]    🎯 159.69.162.184 (Германия) - 6.1Mbps, 472ms UDP✅  []
09:50:38 [DEBUG] Starting new HTTPS connection (1): cp.cloudflare.com:443
09:50:38 [INFO]    🎯 159.69.162.184 (Германия) - 5.5Mbps, 482ms UDP✅  []
09:50:38 [INFO]    🎯 159.69.162.184 (Германия) - 5.0Mbps, 522ms UDP✅  []
09:50:38 [DEBUG] Starting new HTTPS connection (1): www.gstatic.com:443
09:50:38 [INFO]    🎯 159.69.162.184 (Германия) - 4.1Mbps, 444ms UDP✅  []
09:50:38 [DEBUG] Starting new HTTPS connection (1): www.gstatic.com:443
09:50:39 [DEBUG] Starting new HTTPS connection (1): www.google.com:443
09:50:39 [DEBUG] Starting new HTTPS connection (1): www.gstatic.com:443
09:50:39 [DEBUG] Starting new HTTPS connection (1): www.google.com:443
09:50:39 [DEBUG] Starting new HTTPS connection (1): cp.cloudflare.com:443
09:50:39 [DEBUG] Starting new HTTPS connection (1): www.gstatic.com:443
09:50:39 [INFO]    📊 Global: 200/400 (50%) | ✅64 ❌136
09:50:39 [DEBUG] Starting new HTTPS connection (1): www.google.com:443
09:50:39 [DEBUG] Starting new HTTPS connection (1): www.google.com:443
09:50:39 [DEBUG] Starting new HTTPS connection (1): cp.cloudflare.com:443
09:50:39 [DEBUG] Starting new HTTPS connection (1): www.gstatic.com:443
09:50:40 [DEBUG] Starting new HTTPS connection (1): www.gstatic.com:443
09:50:40 [DEBUG] Starting new HTTPS connection (1): www.google.com:443
09:50:41 [DEBUG] Starting new HTTPS connection (1): www.google.com:443
09:50:41 [DEBUG] Starting new HTTPS connection (1): cp.cloudflare.com:443
09:50:41 [DEBUG] Starting new HTTPS connection (1): cp.cloudflare.com:443
09:50:41 [DEBUG] Starting new HTTPS connection (1): www.google.com:443
09:50:41 [DEBUG] Starting new HTTPS connection (1): cp.cloudflare.com:443
09:50:41 [DEBUG] Starting new HTTPS connection (1): www.gstatic.com:443
09:50:42 [DEBUG] Starting new HTTPS connection (1): www.google.com:443
09:50:42 [DEBUG] Starting new HTTPS connection (1): www.google.com:443
09:50:42 [DEBUG] Starting new HTTPS connection (1): cp.cloudflare.com:443
09:50:42 [DEBUG] Starting new HTTPS connection (1): www.gstatic.com:443
09:50:42 [DEBUG] Starting new HTTPS connection (1): cp.cloudflare.com:443
09:50:43 [DEBUG] Starting new HTTPS connection (1): www.gstatic.com:443
09:50:43 [DEBUG] Starting new HTTPS connection (1): www.google.com:443
09:50:43 [DEBUG] Starting new HTTPS connection (1): cp.cloudflare.com:443
09:50:43 [DEBUG] Starting new HTTPS connection (1): www.gstatic.com:443
09:50:43 [DEBUG] Starting new HTTPS connection (1): www.google.com:443
09:50:43 [DEBUG] Starting new HTTPS connection (1): www.gstatic.com:443
09:50:44 [DEBUG] Starting new HTTPS connection (1): cp.cloudflare.com:443
09:50:44 [DEBUG] Starting new HTTPS connection (1): www.gstatic.com:443
09:50:44 [DEBUG] Starting new HTTPS connection (1): www.google.com:443
09:50:44 [DEBUG] Starting new HTTPS connection (1): www.gstatic.com:443
09:50:44 [DEBUG] Starting new HTTPS connection (1): cp.cloudflare.com:443
09:50:44 [DEBUG] Starting new HTTPS connection (1): www.gstatic.com:443
09:50:45 [DEBUG] Starting new HTTPS connection (1): www.google.com:443
09:50:45 [DEBUG] Starting new HTTPS connection (1): cp.cloudflare.com:443
09:50:45 [DEBUG] Starting new HTTPS connection (1): www.gstatic.com:443
09:50:46 [DEBUG] Starting new HTTPS connection (1): www.google.com:443
09:50:46 [DEBUG] Starting new HTTPS connection (1): cp.cloudflare.com:443
09:50:46 [DEBUG] Starting new HTTPS connection (1): www.gstatic.com:443
09:50:46 [DEBUG] Starting new HTTPS connection (1): cp.cloudflare.com:443
09:50:46 [DEBUG] Starting new HTTPS connection (1): www.google.com:443
09:50:46 [DEBUG] Starting new HTTPS connection (1): www.google.com:443
09:50:46 [DEBUG] Starting new HTTPS connection (1): cp.cloudflare.com:443
09:50:46 [DEBUG] Starting new HTTPS connection (1): www.gstatic.com:443
09:50:47 [DEBUG] Starting new HTTPS connection (1): cp.cloudflare.com:443
09:50:47 [DEBUG] Starting new HTTPS connection (1): www.google.com:443
09:50:47 [DEBUG] Starting new HTTPS connection (1): www.google.com:443
09:50:48 [DEBUG] Starting new HTTPS connection (1): www.google.com:443
09:50:48 [DEBUG] Starting new HTTPS connection (1): cp.cloudflare.com:443
09:50:48 [DEBUG] Starting new HTTPS connection (1): www.gstatic.com:443
09:50:48 [DEBUG] Starting new HTTPS connection (1): www.google.com:443
09:50:48 [DEBUG] Starting new HTTPS connection (1): cp.cloudflare.com:443
09:50:48 [DEBUG] Starting new HTTPS connection (1): www.gstatic.com:443
09:50:48 [DEBUG] Starting new HTTPS connection (1): cp.cloudflare.com:443
09:50:48 [DEBUG] Starting new HTTPS connection (1): cp.cloudflare.com:443
09:50:49 [DEBUG] Starting new HTTPS connection (1): www.google.com:443
09:50:49 [DEBUG] Starting new HTTPS connection (1): www.google.com:443
09:50:49 [DEBUG] Starting new HTTPS connection (1): cp.cloudflare.com:443
09:50:50 [DEBUG] Starting new HTTPS connection (1): www.google.com:443
09:50:50 [DEBUG] Starting new HTTPS connection (1): cp.cloudflare.com:443
09:50:50 [DEBUG] Starting new HTTPS connection (1): www.gstatic.com:443
09:50:50 [DEBUG] Starting new HTTPS connection (1): www.gstatic.com:443
09:50:50 [DEBUG] Starting new HTTPS connection (1): www.gstatic.com:443
09:50:50 [DEBUG] Starting new HTTPS connection (1): cp.cloudflare.com:443
09:50:51 [DEBUG] Starting new HTTPS connection (1): www.gstatic.com:443
09:50:51 [DEBUG] Starting new HTTPS connection (1): cp.cloudflare.com:443
09:50:51 [DEBUG] Starting new HTTPS connection (1): www.gstatic.com:443
09:50:51 [DEBUG] Starting new HTTPS connection (1): www.google.com:443
09:50:51 [DEBUG] Starting new HTTPS connection (1): cp.cloudflare.com:443
09:50:51 [DEBUG] Starting new HTTPS connection (1): www.gstatic.com:443
09:50:51 [DEBUG] Starting new HTTPS connection (1): www.gstatic.com:443
09:50:52 [DEBUG] Starting new HTTPS connection (1): www.gstatic.com:443
09:50:53 [DEBUG] Starting new HTTPS connection (1): www.google.com:443
09:50:53 [DEBUG] Starting new HTTPS connection (1): cp.cloudflare.com:443
09:50:53 [DEBUG] Starting new HTTPS connection (1): www.gstatic.com:443
09:50:53 [DEBUG] Starting new HTTPS connection (1): www.gstatic.com:443
09:50:54 [DEBUG] Starting new HTTPS connection (1): www.google.com:443
09:50:54 [DEBUG] Starting new HTTPS connection (1): www.google.com:443
09:50:54 [DEBUG] Starting new HTTPS connection (1): cp.cloudflare.com:443
09:50:54 [DEBUG] Starting new HTTPS connection (1): www.gstatic.com:443
09:50:54 [DEBUG] https://www.google.com:443 "GET /generate_204 HTTP/1.1" 204 0
09:50:54 [DEBUG] Starting new HTTPS connection (1): cp.cloudflare.com:443
09:50:54 [DEBUG] Starting new HTTPS connection (1): www.google.com:443
09:50:54 [DEBUG] Starting new HTTPS connection (1): cp.cloudflare.com:443
09:50:54 [DEBUG] https://cp.cloudflare.com:443 "GET / HTTP/1.1" 204 0
09:50:54 [DEBUG] Starting new HTTPS connection (1): www.gstatic.com:443
09:50:54 [DEBUG] https://www.gstatic.com:443 "GET /generate_204 HTTP/1.1" 204 0
09:50:54 [DEBUG] Starting new HTTPS connection (1): dl.google.com:443
09:50:54 [DEBUG] https://dl.google.com:443 "GET /dl/android/studio/install/3.4.1.0/android-studio-ide-183.5522156-windows.exe HTTP/1.1" 200 1017327996
09:50:55 [DEBUG] Starting new HTTPS connection (1): www.google.com:443
09:50:55 [DEBUG] Starting new HTTPS connection (1): www.google.com:443
09:50:55 [DEBUG] Starting new HTTPS connection (1): cp.cloudflare.com:443
09:50:55 [DEBUG] Starting new HTTPS connection (1): www.gstatic.com:443
09:50:55 [DEBUG] Starting new HTTPS connection (1): www.gstatic.com:443
09:50:56 [DEBUG] Starting new HTTPS connection (1): www.google.com:443
09:50:56 [DEBUG] Starting new HTTPS connection (1): cp.cloudflare.com:443
09:50:56 [DEBUG] Starting new HTTPS connection (1): www.gstatic.com:443
09:50:57 [DEBUG] Starting new HTTPS connection (1): cp.cloudflare.com:443
09:50:57 [DEBUG] Starting new HTTPS connection (1): www.google.com:443
09:50:57 [DEBUG] Starting new HTTPS connection (1): cp.cloudflare.com:443
09:50:57 [DEBUG] Starting new HTTPS connection (1): www.gstatic.com:443
09:50:57 [DEBUG] Starting new HTTPS connection (1): www.google.com:443
09:50:58 [DEBUG] Starting new HTTPS connection (1): www.google.com:443
09:50:58 [DEBUG] Starting new HTTPS connection (1): www.google.com:443
09:50:58 [DEBUG] Starting new HTTPS connection (1): www.google.com:443
09:50:58 [DEBUG] Starting new HTTPS connection (1): www.google.com:443
09:50:59 [DEBUG] Starting new HTTPS connection (1): www.gstatic.com:443
09:50:59 [DEBUG] Starting new HTTPS connection (1): cp.cloudflare.com:443
09:50:59 [DEBUG] Starting new HTTPS connection (1): www.gstatic.com:443
09:51:00 [DEBUG] Starting new HTTPS connection (1): cp.cloudflare.com:443
09:51:00 [DEBUG] Starting new HTTPS connection (1): cp.cloudflare.com:443
09:51:01 [DEBUG] Starting new HTTPS connection (1): cp.cloudflare.com:443
09:51:01 [DEBUG] Starting new HTTPS connection (1): cp.cloudflare.com:443
09:51:02 [DEBUG] Starting new HTTPS connection (1): www.google.com:443
09:51:02 [DEBUG] Starting new HTTPS connection (1): www.google.com:443
09:51:02 [DEBUG] Starting new HTTPS connection (1): www.gstatic.com:443
09:51:02 [DEBUG] Starting new HTTPS connection (1): www.google.com:443
09:51:03 [DEBUG] Starting new HTTPS connection (1): cp.cloudflare.com:443
09:51:03 [DEBUG] Starting new HTTPS connection (1): www.gstatic.com:443
09:51:03 [INFO]    🎯 5.255.114.61 (Нидерланды) - 1.5Mbps, 190ms UDP✅  []
09:51:03 [DEBUG] Starting new HTTPS connection (1): www.gstatic.com:443
09:51:03 [DEBUG] https://www.google.com:443 "GET /generate_204 HTTP/1.1" 204 0
09:51:03 [DEBUG] Starting new HTTPS connection (1): cp.cloudflare.com:443
09:51:03 [DEBUG] https://cp.cloudflare.com:443 "GET / HTTP/1.1" 204 0
09:51:03 [DEBUG] Starting new HTTPS connection (1): www.gstatic.com:443
09:51:04 [DEBUG] Starting new HTTPS connection (1): cp.cloudflare.com:443
09:51:04 [DEBUG] https://www.gstatic.com:443 "GET /generate_204 HTTP/1.1" 204 0
09:51:04 [DEBUG] Starting new HTTPS connection (1): www.gstatic.com:443
09:51:04 [DEBUG] Starting new HTTPS connection (1): www.google.com:443
09:51:04 [DEBUG] Starting new HTTPS connection (1): dl.google.com:443
09:51:04 [DEBUG] Starting new HTTPS connection (1): cp.cloudflare.com:443
09:51:05 [DEBUG] https://dl.google.com:443 "GET /dl/android/studio/install/3.4.1.0/android-studio-ide-183.5522156-windows.exe HTTP/1.1" 404 1449
09:51:05 [INFO]    🎯 45.148.31.0 (Дания) - 0.0Mbps, 503ms UDP✅  []
09:51:05 [INFO]    📊 Global: 240/400 (60%) | ✅66 ❌174
09:51:06 [DEBUG] Starting new HTTPS connection (1): www.google.com:443
09:51:06 [DEBUG] Starting new HTTPS connection (1): www.google.com:443
09:51:06 [DEBUG] Starting new HTTPS connection (1): cp.cloudflare.com:443
09:51:06 [DEBUG] Starting new HTTPS connection (1): www.gstatic.com:443
09:51:06 [DEBUG] Starting new HTTPS connection (1): www.google.com:443
09:51:06 [DEBUG] Starting new HTTPS connection (1): cp.cloudflare.com:443
09:51:06 [DEBUG] Starting new HTTPS connection (1): www.gstatic.com:443
09:51:06 [DEBUG] Starting new HTTPS connection (1): www.gstatic.com:443
09:51:06 [DEBUG] Starting new HTTPS connection (1): www.google.com:443
09:51:07 [DEBUG] Starting new HTTPS connection (1): www.google.com:443
09:51:08 [DEBUG] Starting new HTTPS connection (1): www.gstatic.com:443
09:51:08 [DEBUG] Starting new HTTPS connection (1): www.gstatic.com:443
09:51:08 [DEBUG] Starting new HTTPS connection (1): cp.cloudflare.com:443
09:51:09 [DEBUG] Starting new HTTPS connection (1): cp.cloudflare.com:443
09:51:10 [DEBUG] Starting new HTTPS connection (1): www.gstatic.com:443
09:51:10 [DEBUG] Starting new HTTPS connection (1): www.google.com:443
09:51:10 [DEBUG] Starting new HTTPS connection (1): cp.cloudflare.com:443
09:51:10 [DEBUG] Starting new HTTPS connection (1): cp.cloudflare.com:443
09:51:10 [DEBUG] Starting new HTTPS connection (1): www.google.com:443
09:51:11 [DEBUG] Starting new HTTPS connection (1): www.gstatic.com:443
09:51:11 [DEBUG] Starting new HTTPS connection (1): www.gstatic.com:443
09:51:11 [DEBUG] Starting new HTTPS connection (1): www.google.com:443
09:51:12 [DEBUG] Starting new HTTPS connection (1): cp.cloudflare.com:443
09:51:12 [DEBUG] Starting new HTTPS connection (1): www.google.com:443
09:51:13 [DEBUG] Starting new HTTPS connection (1): www.gstatic.com:443
09:51:14 [DEBUG] Starting new HTTPS connection (1): cp.cloudflare.com:443
09:51:14 [DEBUG] Starting new HTTPS connection (1): www.google.com:443
09:51:14 [DEBUG] Starting new HTTPS connection (1): cp.cloudflare.com:443
09:51:14 [DEBUG] Starting new HTTPS connection (1): www.gstatic.com:443
09:51:14 [DEBUG] Starting new HTTPS connection (1): www.google.com:443
09:51:14 [DEBUG] Starting new HTTPS connection (1): cp.cloudflare.com:443
09:51:14 [DEBUG] Starting new HTTPS connection (1): www.gstatic.com:443
09:51:14 [DEBUG] Starting new HTTPS connection (1): www.google.com:443
09:51:14 [DEBUG] Starting new HTTPS connection (1): cp.cloudflare.com:443
09:51:14 [DEBUG] Starting new HTTPS connection (1): www.gstatic.com:443
09:51:14 [DEBUG] Starting new HTTPS connection (1): www.gstatic.com:443
09:51:14 [DEBUG] Starting new HTTPS connection (1): www.gstatic.com:443
09:51:15 [DEBUG] Starting new HTTPS connection (1): cp.cloudflare.com:443
09:51:15 [DEBUG] Starting new HTTPS connection (1): cp.cloudflare.com:443
09:51:15 [DEBUG] Starting new HTTPS connection (1): www.google.com:443
09:51:15 [DEBUG] Starting new HTTPS connection (1): cp.cloudflare.com:443
09:51:15 [DEBUG] Starting new HTTPS connection (1): www.google.com:443
09:51:15 [DEBUG] Starting new HTTPS connection (1): www.google.com:443
09:51:15 [DEBUG] https://cp.cloudflare.com:443 "GET / HTTP/1.1" 204 0
09:51:15 [DEBUG] Starting new HTTPS connection (1): www.gstatic.com:443
09:51:16 [DEBUG] Starting new HTTPS connection (1): www.gstatic.com:443
09:51:16 [DEBUG] Starting new HTTPS connection (1): www.google.com:443
09:51:16 [DEBUG] Starting new HTTPS connection (1): cp.cloudflare.com:443
09:51:16 [DEBUG] Starting new HTTPS connection (1): www.gstatic.com:443
09:51:16 [DEBUG] https://www.gstatic.com:443 "GET /generate_204 HTTP/1.1" 204 0
09:51:16 [DEBUG] Starting new HTTPS connection (1): dl.google.com:443
09:51:17 [DEBUG] Starting new HTTPS connection (1): www.gstatic.com:443
09:51:17 [DEBUG] Starting new HTTPS connection (1): www.google.com:443
09:51:17 [DEBUG] Starting new HTTPS connection (1): cp.cloudflare.com:443
09:51:17 [DEBUG] Starting new HTTPS connection (1): cp.cloudflare.com:443
09:51:17 [DEBUG] Starting new HTTPS connection (1): www.google.com:443
09:51:18 [DEBUG] Starting new HTTPS connection (1): www.google.com:443
09:51:18 [DEBUG] https://dl.google.com:443 "GET /dl/android/studio/install/3.4.1.0/android-studio-ide-183.5522156-windows.exe HTTP/1.1" 404 1449
09:51:18 [INFO]    🎯 46.226.167.138 (Франция) - 0.0Mbps, 458ms UDP✅  []
09:51:19 [DEBUG] Starting new HTTPS connection (1): www.google.com:443
09:51:19 [DEBUG] Starting new HTTPS connection (1): cp.cloudflare.com:443
09:51:19 [DEBUG] Starting new HTTPS connection (1): www.gstatic.com:443
09:51:19 [DEBUG] Starting new HTTPS connection (1): www.gstatic.com:443
09:51:19 [DEBUG] Starting new HTTPS connection (1): www.google.com:443
09:51:19 [DEBUG] Starting new HTTPS connection (1): cp.cloudflare.com:443
09:51:19 [DEBUG] Starting new HTTPS connection (1): www.gstatic.com:443
09:51:20 [DEBUG] Starting new HTTPS connection (1): cp.cloudflare.com:443
09:51:20 [DEBUG] Starting new HTTPS connection (1): cp.cloudflare.com:443
09:51:20 [DEBUG] Starting new HTTPS connection (1): www.gstatic.com:443
09:51:20 [DEBUG] Starting new HTTPS connection (1): www.google.com:443
09:51:20 [DEBUG] Starting new HTTPS connection (1): cp.cloudflare.com:443
09:51:20 [DEBUG] Starting new HTTPS connection (1): www.gstatic.com:443
09:51:21 [DEBUG] Starting new HTTPS connection (1): www.google.com:443
09:51:21 [DEBUG] Starting new HTTPS connection (1): cp.cloudflare.com:443
09:51:21 [DEBUG] Starting new HTTPS connection (1): www.gstatic.com:443
09:51:21 [DEBUG] Starting new HTTPS connection (1): www.google.com:443
09:51:21 [DEBUG] Starting new HTTPS connection (1): cp.cloudflare.com:443
09:51:21 [DEBUG] Starting new HTTPS connection (1): www.gstatic.com:443
09:51:21 [DEBUG] Starting new HTTPS connection (1): www.gstatic.com:443
09:51:21 [DEBUG] Starting new HTTPS connection (1): www.google.com:443
09:51:22 [DEBUG] Starting new HTTPS connection (1): www.gstatic.com:443
09:51:22 [DEBUG] Starting new HTTPS connection (1): www.gstatic.com:443
09:51:22 [DEBUG] Starting new HTTPS connection (1): www.google.com:443
09:51:22 [DEBUG] Starting new HTTPS connection (1): cp.cloudflare.com:443
09:51:22 [DEBUG] Starting new HTTPS connection (1): www.google.com:443
09:51:22 [DEBUG] Starting new HTTPS connection (1): www.gstatic.com:443
09:51:22 [DEBUG] Starting new HTTPS connection (1): www.google.com:443
09:51:23 [DEBUG] Starting new HTTPS connection (1): www.google.com:443
09:51:23 [DEBUG] Starting new HTTPS connection (1): cp.cloudflare.com:443
09:51:23 [DEBUG] Starting new HTTPS connection (1): www.gstatic.com:443
09:51:23 [DEBUG] Starting new HTTPS connection (1): www.google.com:443
09:51:23 [DEBUG] Starting new HTTPS connection (1): cp.cloudflare.com:443
09:51:23 [DEBUG] Starting new HTTPS connection (1): www.gstatic.com:443
09:51:24 [DEBUG] Starting new HTTPS connection (1): cp.cloudflare.com:443
09:51:24 [DEBUG] Starting new HTTPS connection (1): cp.cloudflare.com:443
09:51:24 [DEBUG] Starting new HTTPS connection (1): www.google.com:443
09:51:24 [DEBUG] Starting new HTTPS connection (1): cp.cloudflare.com:443
09:51:24 [DEBUG] Starting new HTTPS connection (1): www.gstatic.com:443
09:51:24 [DEBUG] Starting new HTTPS connection (1): cp.cloudflare.com:443
09:51:24 [DEBUG] Starting new HTTPS connection (1): www.google.com:443
09:51:24 [DEBUG] Starting new HTTPS connection (1): cp.cloudflare.com:443
09:51:24 [DEBUG] Starting new HTTPS connection (1): www.gstatic.com:443
09:51:25 [DEBUG] Starting new HTTPS connection (1): cp.cloudflare.com:443
09:51:25 [DEBUG] Starting new HTTPS connection (1): www.google.com:443
09:51:25 [DEBUG] Starting new HTTPS connection (1): cp.cloudflare.com:443
09:51:25 [DEBUG] Starting new HTTPS connection (1): www.gstatic.com:443
09:51:25 [DEBUG] Starting new HTTPS connection (1): www.google.com:443
09:51:25 [DEBUG] https://www.google.com:443 "GET /generate_204 HTTP/1.1" 204 0
09:51:25 [DEBUG] Starting new HTTPS connection (1): cp.cloudflare.com:443
09:51:25 [DEBUG] Starting new HTTPS connection (1): www.google.com:443
09:51:25 [DEBUG] Starting new HTTPS connection (1): cp.cloudflare.com:443
09:51:25 [DEBUG] Starting new HTTPS connection (1): www.gstatic.com:443
09:51:25 [DEBUG] Starting new HTTPS connection (1): www.google.com:443
09:51:25 [DEBUG] Starting new HTTPS connection (1): cp.cloudflare.com:443
09:51:25 [DEBUG] Starting new HTTPS connection (1): www.gstatic.com:443
09:51:25 [DEBUG] https://cp.cloudflare.com:443 "GET / HTTP/1.1" 403 None
09:51:25 [DEBUG] Starting new HTTPS connection (1): www.gstatic.com:443
09:51:25 [DEBUG] Starting new HTTPS connection (1): www.google.com:443
09:51:26 [DEBUG] https://www.gstatic.com:443 "GET /generate_204 HTTP/1.1" 204 0
09:51:26 [DEBUG] Starting new HTTPS connection (1): dl.google.com:443
09:51:26 [DEBUG] Starting new HTTPS connection (1): www.gstatic.com:443
09:51:26 [DEBUG] https://dl.google.com:443 "GET /dl/android/studio/install/3.4.1.0/android-studio-ide-183.5522156-windows.exe HTTP/1.1" 200 1017327996
09:51:26 [DEBUG] Starting new HTTPS connection (1): www.google.com:443
09:51:26 [DEBUG] Starting new HTTPS connection (1): cp.cloudflare.com:443
09:51:26 [DEBUG] Starting new HTTPS connection (1): www.gstatic.com:443
09:51:26 [DEBUG] Starting new HTTPS connection (1): www.google.com:443
09:51:26 [DEBUG] Starting new HTTPS connection (1): cp.cloudflare.com:443
09:51:26 [DEBUG] Starting new HTTPS connection (1): www.gstatic.com:443
09:51:26 [DEBUG] Starting new HTTPS connection (1): www.gstatic.com:443
09:51:26 [INFO]    🎯 94.23.120.129 (Франция) - 30.0Mbps, 159ms UDP✅  []
09:51:26 [INFO]    📊 Global: 280/400 (70%) | ✅68 ❌212
09:51:26 [DEBUG] Starting new HTTPS connection (1): www.gstatic.com:443
09:51:26 [DEBUG] Starting new HTTPS connection (1): www.google.com:443
09:51:26 [DEBUG] Starting new HTTPS connection (1): cp.cloudflare.com:443
09:51:26 [DEBUG] Starting new HTTPS connection (1): www.gstatic.com:443
09:51:26 [DEBUG] Starting new HTTPS connection (1): www.google.com:443
09:51:27 [DEBUG] Starting new HTTPS connection (1): cp.cloudflare.com:443
09:51:27 [DEBUG] Starting new HTTPS connection (1): www.gstatic.com:443
09:51:27 [DEBUG] Starting new HTTPS connection (1): www.gstatic.com:443
09:51:27 [DEBUG] Starting new HTTPS connection (1): www.google.com:443
09:51:27 [DEBUG] Starting new HTTPS connection (1): cp.cloudflare.com:443
09:51:27 [DEBUG] Starting new HTTPS connection (1): www.google.com:443
09:51:27 [DEBUG] Starting new HTTPS connection (1): www.gstatic.com:443
09:51:27 [DEBUG] Starting new HTTPS connection (1): www.google.com:443
09:51:27 [DEBUG] Starting new HTTPS connection (1): cp.cloudflare.com:443
09:51:27 [DEBUG] Starting new HTTPS connection (1): www.gstatic.com:443
09:51:28 [DEBUG] Starting new HTTPS connection (1): www.google.com:443
09:51:28 [DEBUG] Starting new HTTPS connection (1): cp.cloudflare.com:443
09:51:28 [DEBUG] Starting new HTTPS connection (1): www.gstatic.com:443
09:51:28 [DEBUG] Starting new HTTPS connection (1): www.google.com:443
09:51:28 [DEBUG] Starting new HTTPS connection (1): cp.cloudflare.com:443
09:51:28 [DEBUG] Starting new HTTPS connection (1): www.gstatic.com:443
09:51:28 [DEBUG] Starting new HTTPS connection (1): cp.cloudflare.com:443
09:51:28 [DEBUG] Starting new HTTPS connection (1): www.gstatic.com:443
09:51:29 [DEBUG] Starting new HTTPS connection (1): www.google.com:443
09:51:29 [DEBUG] Starting new HTTPS connection (1): cp.cloudflare.com:443
09:51:29 [DEBUG] Starting new HTTPS connection (1): www.gstatic.com:443
09:51:29 [DEBUG] Starting new HTTPS connection (1): www.google.com:443
09:51:29 [DEBUG] Starting new HTTPS connection (1): cp.cloudflare.com:443
09:51:29 [DEBUG] Starting new HTTPS connection (1): www.gstatic.com:443
09:51:29 [DEBUG] Starting new HTTPS connection (1): www.google.com:443
09:51:29 [DEBUG] Starting new HTTPS connection (1): cp.cloudflare.com:443
09:51:29 [DEBUG] Starting new HTTPS connection (1): www.gstatic.com:443
09:51:29 [DEBUG] Starting new HTTPS connection (1): www.google.com:443
09:51:29 [DEBUG] Starting new HTTPS connection (1): www.google.com:443
09:51:29 [DEBUG] Starting new HTTPS connection (1): cp.cloudflare.com:443
09:51:29 [DEBUG] Starting new HTTPS connection (1): www.gstatic.com:443
09:51:29 [DEBUG] https://www.google.com:443 "GET /generate_204 HTTP/1.1" 204 0
09:51:29 [DEBUG] Starting new HTTPS connection (1): cp.cloudflare.com:443
09:51:29 [DEBUG] Starting new HTTPS connection (1): www.google.com:443
09:51:29 [DEBUG] Starting new HTTPS connection (1): cp.cloudflare.com:443
09:51:29 [DEBUG] Starting new HTTPS connection (1): www.gstatic.com:443
09:51:30 [DEBUG] Starting new HTTPS connection (1): www.google.com:443
09:51:30 [DEBUG] Starting new HTTPS connection (1): cp.cloudflare.com:443
09:51:30 [DEBUG] Starting new HTTPS connection (1): www.google.com:443
09:51:30 [DEBUG] Starting new HTTPS connection (1): www.gstatic.com:443
09:51:30 [DEBUG] Starting new HTTPS connection (1): cp.cloudflare.com:443
09:51:30 [DEBUG] Starting new HTTPS connection (1): www.gstatic.com:443
09:51:30 [DEBUG] Starting new HTTPS connection (1): www.google.com:443
09:51:30 [DEBUG] Starting new HTTPS connection (1): cp.cloudflare.com:443
09:51:30 [DEBUG] Starting new HTTPS connection (1): www.gstatic.com:443
09:51:30 [DEBUG] Starting new HTTPS connection (1): www.google.com:443
09:51:30 [DEBUG] Starting new HTTPS connection (1): cp.cloudflare.com:443
09:51:30 [DEBUG] Starting new HTTPS connection (1): www.gstatic.com:443
09:51:30 [DEBUG] Starting new HTTPS connection (1): www.google.com:443
09:51:30 [DEBUG] Starting new HTTPS connection (1): cp.cloudflare.com:443
09:51:30 [DEBUG] Starting new HTTPS connection (1): cp.cloudflare.com:443
09:51:30 [DEBUG] Starting new HTTPS connection (1): www.gstatic.com:443
09:51:30 [DEBUG] Starting new HTTPS connection (1): www.google.com:443
09:51:30 [DEBUG] Starting new HTTPS connection (1): cp.cloudflare.com:443
09:51:30 [DEBUG] Starting new HTTPS connection (1): www.gstatic.com:443
09:51:30 [DEBUG] Starting new HTTPS connection (1): www.google.com:443
09:51:31 [DEBUG] https://cp.cloudflare.com:443 "GET / HTTP/1.1" 204 0
09:51:31 [DEBUG] Starting new HTTPS connection (1): www.gstatic.com:443
09:51:31 [DEBUG] Starting new HTTPS connection (1): www.google.com:443
09:51:31 [DEBUG] Starting new HTTPS connection (1): www.google.com:443
09:51:31 [DEBUG] Starting new HTTPS connection (1): www.google.com:443
09:51:31 [DEBUG] https://www.gstatic.com:443 "GET /generate_204 HTTP/1.1" 204 0
09:51:31 [DEBUG] Starting new HTTPS connection (1): dl.google.com:443
09:51:31 [DEBUG] Starting new HTTPS connection (1): www.google.com:443
09:51:31 [DEBUG] https://dl.google.com:443 "GET /dl/android/studio/install/3.4.1.0/android-studio-ide-183.5522156-windows.exe HTTP/1.1" 200 1017327996
09:51:31 [DEBUG] Starting new HTTPS connection (1): www.google.com:443
09:51:31 [DEBUG] Starting new HTTPS connection (1): www.google.com:443
09:51:31 [DEBUG] https://www.google.com:443 "GET /generate_204 HTTP/1.1" 204 0
09:51:31 [DEBUG] Starting new HTTPS connection (1): cp.cloudflare.com:443
09:51:31 [INFO]    🎯 57.129.137.54 (Британия) - 34.0Mbps, 601ms UDP✅  []
09:51:31 [DEBUG] https://cp.cloudflare.com:443 "GET / HTTP/1.1" 204 0
09:51:31 [DEBUG] Starting new HTTPS connection (1): www.gstatic.com:443
09:51:31 [DEBUG] https://www.gstatic.com:443 "GET /generate_204 HTTP/1.1" 204 0
09:51:31 [DEBUG] Starting new HTTPS connection (1): www.google.com:443
09:51:32 [DEBUG] Starting new HTTPS connection (1): dl.google.com:443
09:51:32 [DEBUG] https://dl.google.com:443 "GET /dl/android/studio/install/3.4.1.0/android-studio-ide-183.5522156-windows.exe HTTP/1.1" 404 1449
09:51:32 [INFO]    🎯 188.114.98.0 (XX) - 0.0Mbps, 91ms UDP✅  []
09:51:32 [DEBUG] Starting new HTTPS connection (1): www.gstatic.com:443
09:51:33 [DEBUG] Starting new HTTPS connection (1): www.google.com:443
09:51:33 [DEBUG] Starting new HTTPS connection (1): cp.cloudflare.com:443
09:51:33 [DEBUG] Starting new HTTPS connection (1): www.gstatic.com:443
09:51:33 [DEBUG] Starting new HTTPS connection (1): cp.cloudflare.com:443
09:51:33 [DEBUG] Starting new HTTPS connection (1): www.google.com:443
09:51:33 [DEBUG] Starting new HTTPS connection (1): cp.cloudflare.com:443
09:51:33 [DEBUG] Starting new HTTPS connection (1): www.gstatic.com:443
09:51:33 [DEBUG] Starting new HTTPS connection (1): cp.cloudflare.com:443
09:51:34 [DEBUG] Starting new HTTPS connection (1): cp.cloudflare.com:443
09:51:34 [DEBUG] Starting new HTTPS connection (1): cp.cloudflare.com:443
09:51:34 [DEBUG] Starting new HTTPS connection (1): www.google.com:443
09:51:34 [DEBUG] Starting new HTTPS connection (1): cp.cloudflare.com:443
09:51:34 [DEBUG] Starting new HTTPS connection (1): www.gstatic.com:443
09:51:34 [DEBUG] Starting new HTTPS connection (1): www.google.com:443
09:51:34 [DEBUG] https://www.google.com:443 "GET /generate_204 HTTP/1.1" 204 0
09:51:34 [DEBUG] Starting new HTTPS connection (1): cp.cloudflare.com:443
09:51:35 [DEBUG] Starting new HTTPS connection (1): www.gstatic.com:443
09:51:35 [DEBUG] Starting new HTTPS connection (1): www.google.com:443
09:51:35 [DEBUG] https://www.google.com:443 "GET /generate_204 HTTP/1.1" 204 0
09:51:35 [DEBUG] Starting new HTTPS connection (1): cp.cloudflare.com:443
09:51:35 [DEBUG] https://cp.cloudflare.com:443 "GET / HTTP/1.1" 204 0
09:51:35 [DEBUG] Starting new HTTPS connection (1): www.gstatic.com:443
09:51:35 [DEBUG] https://www.gstatic.com:443 "GET /generate_204 HTTP/1.1" 204 0
09:51:35 [DEBUG] Starting new HTTPS connection (1): dl.google.com:443
09:51:35 [DEBUG] Starting new HTTPS connection (1): www.gstatic.com:443
09:51:35 [DEBUG] Starting new HTTPS connection (1): www.gstatic.com:443
09:51:36 [DEBUG] Starting new HTTPS connection (1): www.gstatic.com:443
09:51:36 [DEBUG] https://dl.google.com:443 "GET /dl/android/studio/install/3.4.1.0/android-studio-ide-183.5522156-windows.exe HTTP/1.1" 404 1449
09:51:36 [INFO]    🎯 104.21.227.134 (XX) - 0.0Mbps, 87ms UDP✅  []
09:51:36 [DEBUG] Starting new HTTPS connection (1): www.google.com:443
09:51:36 [DEBUG] https://www.gstatic.com:443 "GET /generate_204 HTTP/1.1" 204 0
09:51:36 [DEBUG] Starting new HTTPS connection (1): cp.cloudflare.com:443
09:51:36 [DEBUG] Starting new HTTPS connection (1): dl.google.com:443
09:51:36 [DEBUG] Starting new HTTPS connection (1): cp.cloudflare.com:443
09:51:36 [DEBUG] Starting new HTTPS connection (1): cp.cloudflare.com:443
09:51:37 [DEBUG] Starting new HTTPS connection (1): www.google.com:443
09:51:37 [INFO]    🎯 104.18.32.47 (XX) - 0.0Mbps, 250ms UDP✅  []
09:51:38 [DEBUG] Starting new HTTPS connection (1): www.google.com:443
09:51:38 [DEBUG] Starting new HTTPS connection (1): www.google.com:443
09:51:39 [DEBUG] Starting new HTTPS connection (1): www.gstatic.com:443
09:51:39 [DEBUG] Starting new HTTPS connection (1): www.google.com:443
09:51:39 [DEBUG] Starting new HTTPS connection (1): cp.cloudflare.com:443
09:51:39 [DEBUG] Starting new HTTPS connection (1): www.google.com:443
09:51:39 [DEBUG] Starting new HTTPS connection (1): www.gstatic.com:443
09:51:39 [DEBUG] Starting new HTTPS connection (1): www.gstatic.com:443
09:51:40 [DEBUG] Starting new HTTPS connection (1): cp.cloudflare.com:443
09:51:40 [DEBUG] Starting new HTTPS connection (1): cp.cloudflare.com:443
09:51:41 [DEBUG] Starting new HTTPS connection (1): cp.cloudflare.com:443
09:51:41 [DEBUG] Starting new HTTPS connection (1): cp.cloudflare.com:443
09:51:41 [DEBUG] Starting new HTTPS connection (1): www.gstatic.com:443
09:51:41 [DEBUG] Starting new HTTPS connection (1): cp.cloudflare.com:443
09:51:41 [DEBUG] Starting new HTTPS connection (1): www.gstatic.com:443
09:51:42 [DEBUG] Starting new HTTPS connection (1): www.google.com:443
09:51:42 [DEBUG] Starting new HTTPS connection (1): www.gstatic.com:443
09:51:42 [DEBUG] Starting new HTTPS connection (1): www.gstatic.com:443
09:51:43 [DEBUG] Starting new HTTPS connection (1): www.gstatic.com:443
09:51:43 [DEBUG] Starting new HTTPS connection (1): www.gstatic.com:443
09:51:44 [DEBUG] Starting new HTTPS connection (1): www.google.com:443
09:51:44 [DEBUG] https://www.google.com:443 "GET /generate_204 HTTP/1.1" 204 0
09:51:44 [DEBUG] Starting new HTTPS connection (1): cp.cloudflare.com:443
09:51:44 [DEBUG] https://cp.cloudflare.com:443 "GET / HTTP/1.1" 204 0
09:51:44 [DEBUG] Starting new HTTPS connection (1): www.gstatic.com:443
09:51:44 [DEBUG] https://www.gstatic.com:443 "GET /generate_204 HTTP/1.1" 204 0
09:51:44 [DEBUG] Starting new HTTPS connection (1): dl.google.com:443
09:51:44 [DEBUG] https://dl.google.com:443 "GET /dl/android/studio/install/3.4.1.0/android-studio-ide-183.5522156-windows.exe HTTP/1.1" 404 1449
09:51:44 [INFO]    🎯 104.21.40.34 (XX) - 0.0Mbps, 75ms UDP✅  []
09:51:44 [DEBUG] Starting new HTTPS connection (1): cp.cloudflare.com:443
09:51:44 [DEBUG] Starting new HTTPS connection (1): www.google.com:443
09:51:44 [INFO]    📊 Global: 320/400 (80%) | ✅73 ❌247
09:51:45 [DEBUG] Starting new HTTPS connection (1): www.google.com:443
09:51:45 [DEBUG] https://www.google.com:443 "GET /generate_204 HTTP/1.1" 204 0
09:51:45 [DEBUG] Starting new HTTPS connection (1): cp.cloudflare.com:443
09:51:46 [DEBUG] Starting new HTTPS connection (1): www.google.com:443
09:51:46 [DEBUG] Starting new HTTPS connection (1): www.google.com:443
09:51:46 [DEBUG] Starting new HTTPS connection (1): www.google.com:443
09:51:46 [DEBUG] https://www.google.com:443 "GET /generate_204 HTTP/1.1" 204 0
09:51:46 [DEBUG] Starting new HTTPS connection (1): cp.cloudflare.com:443
09:51:46 [DEBUG] https://cp.cloudflare.com:443 "GET / HTTP/1.1" 204 0
09:51:46 [DEBUG] Starting new HTTPS connection (1): www.gstatic.com:443
09:51:46 [DEBUG] Starting new HTTPS connection (1): www.gstatic.com:443
09:51:46 [DEBUG] https://www.gstatic.com:443 "GET /generate_204 HTTP/1.1" 204 0
09:51:46 [DEBUG] Starting new HTTPS connection (1): dl.google.com:443
09:51:46 [DEBUG] https://www.gstatic.com:443 "GET /generate_204 HTTP/1.1" 204 0
09:51:46 [DEBUG] https://www.google.com:443 "GET /generate_204 HTTP/1.1" 204 0
09:51:46 [DEBUG] Starting new HTTPS connection (1): cp.cloudflare.com:443
09:51:46 [DEBUG] https://dl.google.com:443 "GET /dl/android/studio/install/3.4.1.0/android-studio-ide-183.5522156-windows.exe HTTP/1.1" 200 1017327996
09:51:46 [DEBUG] https://cp.cloudflare.com:443 "GET / HTTP/1.1" 204 0
09:51:46 [DEBUG] Starting new HTTPS connection (1): www.gstatic.com:443
09:51:46 [INFO]    🎯 8.6.112.0 (XX) - 51.0Mbps, 78ms UDP✅  []
09:51:46 [DEBUG] https://cp.cloudflare.com:443 "GET / HTTP/1.1" 204 0
09:51:46 [DEBUG] Starting new HTTPS connection (1): www.gstatic.com:443
09:51:46 [DEBUG] Starting new HTTPS connection (1): www.gstatic.com:443
09:51:46 [DEBUG] https://www.gstatic.com:443 "GET /generate_204 HTTP/1.1" 204 0
09:51:46 [DEBUG] Starting new HTTPS connection (1): www.google.com:443
09:51:46 [DEBUG] Starting new HTTPS connection (1): dl.google.com:443
09:51:46 [DEBUG] https://dl.google.com:443 "GET /dl/android/studio/install/3.4.1.0/android-studio-ide-183.5522156-windows.exe HTTP/1.1" 200 1017327996
09:51:47 [DEBUG] https://www.gstatic.com:443 "GET /generate_204 HTTP/1.1" 204 0
09:51:47 [DEBUG] Starting new HTTPS connection (1): www.google.com:443
09:51:47 [DEBUG] Starting new HTTPS connection (1): dl.google.com:443
09:51:47 [INFO]    🎯 104.17.73.206 (XX) - 41.3Mbps, 318ms UDP✅  []
09:51:47 [DEBUG] Starting new HTTPS connection (1): www.google.com:443
09:51:47 [DEBUG] https://dl.google.com:443 "GET /dl/android/studio/install/3.4.1.0/android-studio-ide-183.5522156-windows.exe HTTP/1.1" 404 1449
09:51:47 [INFO]    🎯 172.67.249.36 (XX) - 0.0Mbps, 304ms UDP✅  []
09:51:47 [DEBUG] Starting new HTTPS connection (1): www.google.com:443
09:51:48 [DEBUG] Starting new HTTPS connection (1): www.google.com:443
09:51:48 [DEBUG] Starting new HTTPS connection (1): cp.cloudflare.com:443
09:51:48 [DEBUG] Starting new HTTPS connection (1): www.google.com:443
09:51:48 [DEBUG] Starting new HTTPS connection (1): cp.cloudflare.com:443
09:51:48 [DEBUG] Starting new HTTPS connection (1): www.gstatic.com:443
09:51:48 [DEBUG] Starting new HTTPS connection (1): www.google.com:443
09:51:48 [DEBUG] Starting new HTTPS connection (1): cp.cloudflare.com:443
09:51:48 [DEBUG] Starting new HTTPS connection (1): cp.cloudflare.com:443
09:51:49 [DEBUG] Starting new HTTPS connection (1): www.gstatic.com:443
09:51:49 [DEBUG] Starting new HTTPS connection (1): www.google.com:443
09:51:49 [DEBUG] Starting new HTTPS connection (1): cp.cloudflare.com:443
09:51:49 [DEBUG] Starting new HTTPS connection (1): cp.cloudflare.com:443
09:51:49 [DEBUG] Starting new HTTPS connection (1): www.gstatic.com:443
09:51:49 [DEBUG] Starting new HTTPS connection (1): cp.cloudflare.com:443
09:51:49 [DEBUG] Starting new HTTPS connection (1): www.google.com:443
09:51:49 [DEBUG] Starting new HTTPS connection (1): cp.cloudflare.com:443
09:51:50 [DEBUG] Starting new HTTPS connection (1): cp.cloudflare.com:443
09:51:50 [DEBUG] Starting new HTTPS connection (1): www.gstatic.com:443
09:51:50 [DEBUG] Starting new HTTPS connection (1): www.google.com:443
09:51:50 [DEBUG] Starting new HTTPS connection (1): www.google.com:443
09:51:51 [DEBUG] Starting new HTTPS connection (1): www.gstatic.com:443
09:51:51 [DEBUG] Starting new HTTPS connection (1): www.gstatic.com:443
09:51:51 [DEBUG] Starting new HTTPS connection (1): cp.cloudflare.com:443
09:51:52 [DEBUG] Starting new HTTPS connection (1): cp.cloudflare.com:443
09:51:52 [DEBUG] Starting new HTTPS connection (1): www.gstatic.com:443
09:51:52 [DEBUG] Starting new HTTPS connection (1): www.gstatic.com:443
09:51:52 [DEBUG] Starting new HTTPS connection (1): cp.cloudflare.com:443
09:51:52 [DEBUG] Starting new HTTPS connection (1): cp.cloudflare.com:443
09:51:53 [DEBUG] Starting new HTTPS connection (1): www.google.com:443
09:51:53 [DEBUG] Starting new HTTPS connection (1): cp.cloudflare.com:443
09:51:53 [DEBUG] Starting new HTTPS connection (1): www.gstatic.com:443
09:51:53 [DEBUG] Starting new HTTPS connection (1): www.gstatic.com:443
09:51:54 [DEBUG] Starting new HTTPS connection (1): www.google.com:443
09:51:54 [DEBUG] Starting new HTTPS connection (1): www.gstatic.com:443
09:51:54 [DEBUG] Starting new HTTPS connection (1): www.gstatic.com:443
09:51:54 [DEBUG] Starting new HTTPS connection (1): www.google.com:443
09:51:54 [DEBUG] Starting new HTTPS connection (1): cp.cloudflare.com:443
09:51:54 [DEBUG] Starting new HTTPS connection (1): www.gstatic.com:443
09:51:55 [DEBUG] Starting new HTTPS connection (1): www.gstatic.com:443
09:51:55 [DEBUG] Starting new HTTPS connection (1): www.google.com:443
09:51:55 [DEBUG] Starting new HTTPS connection (1): cp.cloudflare.com:443
09:51:55 [DEBUG] Starting new HTTPS connection (1): www.gstatic.com:443
09:51:55 [DEBUG] Starting new HTTPS connection (1): www.google.com:443
09:51:55 [DEBUG] Starting new HTTPS connection (1): www.google.com:443
09:51:55 [DEBUG] Starting new HTTPS connection (1): cp.cloudflare.com:443
09:51:55 [DEBUG] Starting new HTTPS connection (1): www.gstatic.com:443
09:51:56 [DEBUG] Starting new HTTPS connection (1): www.google.com:443
09:51:56 [DEBUG] Starting new HTTPS connection (1): cp.cloudflare.com:443
09:51:56 [DEBUG] Starting new HTTPS connection (1): www.google.com:443
09:51:56 [DEBUG] Starting new HTTPS connection (1): www.google.com:443
09:51:57 [DEBUG] Starting new HTTPS connection (1): www.gstatic.com:443
09:51:57 [DEBUG] Starting new HTTPS connection (1): www.google.com:443
09:51:57 [DEBUG] Starting new HTTPS connection (1): cp.cloudflare.com:443
09:51:58 [DEBUG] Starting new HTTPS connection (1): cp.cloudflare.com:443
09:51:58 [DEBUG] Starting new HTTPS connection (1): www.google.com:443
09:51:58 [DEBUG] Starting new HTTPS connection (1): cp.cloudflare.com:443
09:51:58 [DEBUG] Starting new HTTPS connection (1): www.gstatic.com:443
09:51:58 [DEBUG] Starting new HTTPS connection (1): www.google.com:443
09:51:58 [DEBUG] Starting new HTTPS connection (1): www.gstatic.com:443
09:51:58 [DEBUG] Starting new HTTPS connection (1): cp.cloudflare.com:443
09:51:59 [DEBUG] Starting new HTTPS connection (1): cp.cloudflare.com:443
09:51:59 [DEBUG] Starting new HTTPS connection (1): cp.cloudflare.com:443
09:51:59 [DEBUG] Starting new HTTPS connection (1): www.google.com:443
09:51:59 [DEBUG] Starting new HTTPS connection (1): cp.cloudflare.com:443
09:51:59 [DEBUG] Starting new HTTPS connection (1): www.gstatic.com:443
09:51:59 [DEBUG] Starting new HTTPS connection (1): www.gstatic.com:443
09:52:00 [DEBUG] Starting new HTTPS connection (1): www.gstatic.com:443
09:52:00 [DEBUG] Starting new HTTPS connection (1): cp.cloudflare.com:443
09:52:00 [DEBUG] Starting new HTTPS connection (1): www.google.com:443
09:52:00 [DEBUG] Starting new HTTPS connection (1): www.google.com:443
09:52:01 [DEBUG] Starting new HTTPS connection (1): www.gstatic.com:443
09:52:01 [DEBUG] Starting new HTTPS connection (1): www.gstatic.com:443
09:52:01 [DEBUG] Starting new HTTPS connection (1): www.gstatic.com:443
09:52:01 [DEBUG] Starting new HTTPS connection (1): www.google.com:443
09:52:02 [DEBUG] Starting new HTTPS connection (1): www.gstatic.com:443
09:52:03 [DEBUG] Starting new HTTPS connection (1): cp.cloudflare.com:443
09:52:03 [DEBUG] Starting new HTTPS connection (1): www.google.com:443
09:52:03 [DEBUG] Starting new HTTPS connection (1): www.google.com:443
09:52:03 [DEBUG] Starting new HTTPS connection (1): www.google.com:443
09:52:03 [DEBUG] Starting new HTTPS connection (1): cp.cloudflare.com:443
09:52:04 [DEBUG] Starting new HTTPS connection (1): cp.cloudflare.com:443
09:52:04 [DEBUG] Starting new HTTPS connection (1): www.google.com:443
09:52:04 [DEBUG] Starting new HTTPS connection (1): www.google.com:443
09:52:04 [DEBUG] Starting new HTTPS connection (1): cp.cloudflare.com:443
09:52:04 [DEBUG] Starting new HTTPS connection (1): www.gstatic.com:443
09:52:04 [DEBUG] Starting new HTTPS connection (1): www.google.com:443
09:52:05 [DEBUG] Starting new HTTPS connection (1): www.gstatic.com:443
09:52:05 [DEBUG] Starting new HTTPS connection (1): cp.cloudflare.com:443
09:52:05 [DEBUG] Starting new HTTPS connection (1): cp.cloudflare.com:443
09:52:05 [DEBUG] Starting new HTTPS connection (1): cp.cloudflare.com:443
09:52:05 [DEBUG] Starting new HTTPS connection (1): www.google.com:443
09:52:05 [DEBUG] Starting new HTTPS connection (1): www.google.com:443
09:52:05 [DEBUG] Starting new HTTPS connection (1): cp.cloudflare.com:443
09:52:05 [DEBUG] Starting new HTTPS connection (1): www.gstatic.com:443
09:52:06 [DEBUG] Starting new HTTPS connection (1): www.gstatic.com:443
09:52:06 [DEBUG] Starting new HTTPS connection (1): cp.cloudflare.com:443
09:52:07 [DEBUG] Starting new HTTPS connection (1): www.gstatic.com:443
09:52:07 [DEBUG] Starting new HTTPS connection (1): www.google.com:443
09:52:07 [DEBUG] Starting new HTTPS connection (1): cp.cloudflare.com:443
09:52:07 [DEBUG] Starting new HTTPS connection (1): www.gstatic.com:443
09:52:07 [DEBUG] Starting new HTTPS connection (1): cp.cloudflare.com:443
09:52:07 [DEBUG] Starting new HTTPS connection (1): www.gstatic.com:443
09:52:07 [DEBUG] Starting new HTTPS connection (1): www.gstatic.com:443
09:52:07 [DEBUG] Starting new HTTPS connection (1): www.gstatic.com:443
09:52:08 [DEBUG] Starting new HTTPS connection (1): www.google.com:443
09:52:08 [DEBUG] Starting new HTTPS connection (1): cp.cloudflare.com:443
09:52:08 [DEBUG] Starting new HTTPS connection (1): www.gstatic.com:443
09:52:08 [DEBUG] Starting new HTTPS connection (1): cp.cloudflare.com:443
09:52:08 [INFO]    📊 Global: 360/400 (90%) | ✅76 ❌284
09:52:08 [DEBUG] Starting new HTTPS connection (1): www.google.com:443
09:52:08 [DEBUG] Starting new HTTPS connection (1): www.gstatic.com:443
09:52:09 [DEBUG] Starting new HTTPS connection (1): www.google.com:443
09:52:09 [DEBUG] Starting new HTTPS connection (1): www.gstatic.com:443
09:52:09 [DEBUG] Starting new HTTPS connection (1): www.google.com:443
09:52:10 [DEBUG] Starting new HTTPS connection (1): www.google.com:443
09:52:10 [DEBUG] Starting new HTTPS connection (1): www.gstatic.com:443
09:52:10 [DEBUG] Starting new HTTPS connection (1): cp.cloudflare.com:443
09:52:10 [DEBUG] Starting new HTTPS connection (1): www.google.com:443
09:52:10 [DEBUG] Starting new HTTPS connection (1): www.google.com:443
09:52:11 [DEBUG] Starting new HTTPS connection (1): www.google.com:443
09:52:11 [DEBUG] Starting new HTTPS connection (1): cp.cloudflare.com:443
09:52:11 [DEBUG] Starting new HTTPS connection (1): cp.cloudflare.com:443
09:52:11 [DEBUG] Starting new HTTPS connection (1): www.google.com:443
09:52:12 [DEBUG] Starting new HTTPS connection (1): cp.cloudflare.com:443
09:52:12 [DEBUG] Starting new HTTPS connection (1): www.gstatic.com:443
09:52:12 [DEBUG] Starting new HTTPS connection (1): cp.cloudflare.com:443
09:52:12 [DEBUG] Starting new HTTPS connection (1): cp.cloudflare.com:443
09:52:13 [DEBUG] Starting new HTTPS connection (1): cp.cloudflare.com:443
09:52:13 [DEBUG] Starting new HTTPS connection (1): www.google.com:443
09:52:13 [DEBUG] Starting new HTTPS connection (1): www.gstatic.com:443
09:52:13 [DEBUG] Starting new HTTPS connection (1): cp.cloudflare.com:443
09:52:13 [DEBUG] Starting new HTTPS connection (1): www.gstatic.com:443
09:52:14 [DEBUG] Starting new HTTPS connection (1): www.google.com:443
09:52:14 [DEBUG] Starting new HTTPS connection (1): cp.cloudflare.com:443
09:52:14 [DEBUG] Starting new HTTPS connection (1): www.gstatic.com:443
09:52:14 [DEBUG] Starting new HTTPS connection (1): www.gstatic.com:443
09:52:14 [DEBUG] Starting new HTTPS connection (1): www.gstatic.com:443
09:52:15 [DEBUG] Starting new HTTPS connection (1): www.gstatic.com:443
09:52:15 [DEBUG] Starting new HTTPS connection (1): www.gstatic.com:443
09:52:15 [DEBUG] Starting new HTTPS connection (1): www.google.com:443
09:52:15 [DEBUG] Starting new HTTPS connection (1): cp.cloudflare.com:443
09:52:15 [DEBUG] Starting new HTTPS connection (1): cp.cloudflare.com:443
09:52:15 [DEBUG] Starting new HTTPS connection (1): www.gstatic.com:443
09:52:15 [DEBUG] Starting new HTTPS connection (1): www.gstatic.com:443
09:52:16 [DEBUG] Starting new HTTPS connection (1): www.google.com:443
09:52:16 [DEBUG] Starting new HTTPS connection (1): cp.cloudflare.com:443
09:52:16 [DEBUG] Starting new HTTPS connection (1): www.gstatic.com:443
09:52:17 [DEBUG] Starting new HTTPS connection (1): www.google.com:443
09:52:17 [DEBUG] Starting new HTTPS connection (1): cp.cloudflare.com:443
09:52:17 [DEBUG] Starting new HTTPS connection (1): www.gstatic.com:443
09:52:17 [DEBUG] Starting new HTTPS connection (1): www.google.com:443
09:52:17 [DEBUG] Starting new HTTPS connection (1): cp.cloudflare.com:443
09:52:17 [DEBUG] Starting new HTTPS connection (1): www.gstatic.com:443
09:52:17 [DEBUG] Starting new HTTPS connection (1): www.google.com:443
09:52:17 [DEBUG] Starting new HTTPS connection (1): www.google.com:443
09:52:17 [DEBUG] Starting new HTTPS connection (1): www.google.com:443
09:52:17 [DEBUG] Starting new HTTPS connection (1): www.gstatic.com:443
09:52:18 [DEBUG] Starting new HTTPS connection (1): www.google.com:443
09:52:18 [DEBUG] Starting new HTTPS connection (1): www.google.com:443
09:52:18 [DEBUG] Starting new HTTPS connection (1): cp.cloudflare.com:443
09:52:18 [DEBUG] Starting new HTTPS connection (1): www.gstatic.com:443
09:52:18 [DEBUG] Starting new HTTPS connection (1): www.google.com:443
09:52:18 [DEBUG] Starting new HTTPS connection (1): www.google.com:443
09:52:18 [DEBUG] Starting new HTTPS connection (1): www.google.com:443
09:52:19 [DEBUG] Starting new HTTPS connection (1): www.google.com:443
09:52:19 [DEBUG] Starting new HTTPS connection (1): cp.cloudflare.com:443
09:52:19 [DEBUG] Starting new HTTPS connection (1): www.gstatic.com:443
09:52:19 [DEBUG] Starting new HTTPS connection (1): cp.cloudflare.com:443
09:52:19 [DEBUG] Starting new HTTPS connection (1): www.google.com:443
09:52:19 [DEBUG] Starting new HTTPS connection (1): cp.cloudflare.com:443
09:52:19 [DEBUG] Starting new HTTPS connection (1): cp.cloudflare.com:443
09:52:19 [DEBUG] Starting new HTTPS connection (1): www.gstatic.com:443
09:52:19 [DEBUG] Starting new HTTPS connection (1): cp.cloudflare.com:443
09:52:20 [DEBUG] Starting new HTTPS connection (1): cp.cloudflare.com:443
09:52:20 [DEBUG] Starting new HTTPS connection (1): cp.cloudflare.com:443
09:52:20 [DEBUG] Starting new HTTPS connection (1): www.google.com:443
09:52:20 [DEBUG] Starting new HTTPS connection (1): cp.cloudflare.com:443
09:52:20 [DEBUG] Starting new HTTPS connection (1): www.gstatic.com:443
09:52:20 [DEBUG] Starting new HTTPS connection (1): www.google.com:443
09:52:21 [DEBUG] Starting new HTTPS connection (1): www.google.com:443
09:52:21 [DEBUG] Starting new HTTPS connection (1): cp.cloudflare.com:443
09:52:21 [DEBUG] Starting new HTTPS connection (1): www.gstatic.com:443
09:52:21 [DEBUG] Starting new HTTPS connection (1): www.gstatic.com:443
09:52:21 [DEBUG] Starting new HTTPS connection (1): www.gstatic.com:443
09:52:21 [DEBUG] Starting new HTTPS connection (1): www.google.com:443
09:52:21 [DEBUG] Starting new HTTPS connection (1): www.gstatic.com:443
09:52:22 [DEBUG] Starting new HTTPS connection (1): www.google.com:443
09:52:22 [DEBUG] Starting new HTTPS connection (1): www.gstatic.com:443
09:52:22 [DEBUG] Starting new HTTPS connection (1): www.gstatic.com:443
09:52:22 [DEBUG] Starting new HTTPS connection (1): cp.cloudflare.com:443
09:52:23 [DEBUG] Starting new HTTPS connection (1): cp.cloudflare.com:443
09:52:23 [DEBUG] Starting new HTTPS connection (1): cp.cloudflare.com:443
09:52:23 [DEBUG] https://cp.cloudflare.com:443 "GET / HTTP/1.1" 204 0
09:52:23 [DEBUG] Starting new HTTPS connection (1): www.gstatic.com:443
09:52:23 [DEBUG] https://www.gstatic.com:443 "GET /generate_204 HTTP/1.1" 204 0
09:52:24 [DEBUG] Starting new HTTPS connection (1): cp.cloudflare.com:443
09:52:24 [DEBUG] Starting new HTTPS connection (1): dl.google.com:443
09:52:24 [DEBUG] Starting new HTTPS connection (1): cp.cloudflare.com:443
09:52:24 [DEBUG] Starting new HTTPS connection (1): www.google.com:443
09:52:25 [DEBUG] Starting new HTTPS connection (1): www.gstatic.com:443
09:52:25 [DEBUG] Starting new HTTPS connection (1): www.google.com:443
09:52:25 [DEBUG] Starting new HTTPS connection (1): www.google.com:443
09:52:26 [DEBUG] Starting new HTTPS connection (1): www.google.com:443
09:52:26 [DEBUG] Starting new HTTPS connection (1): www.gstatic.com:443
09:52:26 [DEBUG] Starting new HTTPS connection (1): www.gstatic.com:443
09:52:27 [DEBUG] Starting new HTTPS connection (1): cp.cloudflare.com:443
09:52:27 [DEBUG] Starting new HTTPS connection (1): cp.cloudflare.com:443
09:52:27 [DEBUG] Starting new HTTPS connection (1): cp.cloudflare.com:443
09:52:28 [DEBUG] Starting new HTTPS connection (1): www.gstatic.com:443
09:52:28 [DEBUG] Starting new HTTPS connection (1): cp.cloudflare.com:443
09:52:28 [DEBUG] https://www.gstatic.com:443 "GET /generate_204 HTTP/1.1" 204 0
09:52:29 [DEBUG] Starting new HTTPS connection (1): www.gstatic.com:443
09:52:29 [DEBUG] Starting new HTTPS connection (1): www.gstatic.com:443
09:52:29 [DEBUG] Starting new HTTPS connection (1): www.gstatic.com:443
09:52:30 [INFO]    🎯 chatgpt.com (XX) - 0.0Mbps, 179ms UDP✅  []
09:52:30 [DEBUG] Starting new HTTPS connection (1): www.gstatic.com:443
09:52:32 [INFO]    📊 Global: 400/400 (100%) | ✅77 ❌323
09:52:34 [DEBUG] Starting new HTTPS connection (1): www.google.com:443
09:52:34 [DEBUG] Starting new HTTPS connection (1): www.google.com:443
09:52:34 [DEBUG] Starting new HTTPS connection (1): www.google.com:443
09:52:34 [DEBUG] Starting new HTTPS connection (1): www.google.com:443
09:52:34 [DEBUG] Starting new HTTPS connection (1): www.google.com:443
09:52:34 [DEBUG] Starting new HTTPS connection (1): www.google.com:443
09:52:34 [DEBUG] Starting new HTTPS connection (1): www.google.com:443
09:52:34 [DEBUG] Starting new HTTPS connection (1): www.google.com:443
09:52:34 [DEBUG] Starting new HTTPS connection (1): www.google.com:443
09:52:34 [DEBUG] Starting new HTTPS connection (1): www.google.com:443
09:52:34 [DEBUG] Starting new HTTPS connection (1): cp.cloudflare.com:443
09:52:34 [DEBUG] Starting new HTTPS connection (1): www.gstatic.com:443
09:52:34 [DEBUG] https://www.google.com:443 "GET /generate_204 HTTP/1.1" 204 0
09:52:34 [DEBUG] Starting new HTTPS connection (1): cp.cloudflare.com:443
09:52:34 [DEBUG] https://www.google.com:443 "GET /generate_204 HTTP/1.1" 204 0
09:52:34 [DEBUG] Starting new HTTPS connection (1): cp.cloudflare.com:443
09:52:34 [DEBUG] https://www.google.com:443 "GET /generate_204 HTTP/1.1" 204 0
09:52:34 [DEBUG] Starting new HTTPS connection (1): cp.cloudflare.com:443
09:52:34 [DEBUG] https://www.google.com:443 "GET /generate_204 HTTP/1.1" 204 0
09:52:34 [DEBUG] Starting new HTTPS connection (1): cp.cloudflare.com:443
09:52:34 [DEBUG] https://cp.cloudflare.com:443 "GET / HTTP/1.1" 204 0
09:52:34 [DEBUG] Starting new HTTPS connection (1): www.gstatic.com:443
09:52:34 [DEBUG] https://www.google.com:443 "GET /generate_204 HTTP/1.1" 204 0
09:52:34 [DEBUG] Starting new HTTPS connection (1): cp.cloudflare.com:443
09:52:34 [DEBUG] https://cp.cloudflare.com:443 "GET / HTTP/1.1" 204 0
09:52:34 [DEBUG] Starting new HTTPS connection (1): www.gstatic.com:443
09:52:34 [DEBUG] https://cp.cloudflare.com:443 "GET / HTTP/1.1" 204 0
09:52:34 [DEBUG] Starting new HTTPS connection (1): www.gstatic.com:443
09:52:34 [DEBUG] https://www.gstatic.com:443 "GET /generate_204 HTTP/1.1" 204 0
09:52:34 [DEBUG] https://www.google.com:443 "GET /generate_204 HTTP/1.1" 204 0
09:52:34 [DEBUG] Starting new HTTPS connection (1): cp.cloudflare.com:443
09:52:34 [DEBUG] Starting new HTTPS connection (1): dl.google.com:443
09:52:35 [DEBUG] https://www.gstatic.com:443 "GET /generate_204 HTTP/1.1" 204 0
09:52:35 [DEBUG] https://cp.cloudflare.com:443 "GET / HTTP/1.1" 204 0
09:52:35 [DEBUG] Starting new HTTPS connection (1): www.gstatic.com:443
09:52:35 [DEBUG] https://www.gstatic.com:443 "GET /generate_204 HTTP/1.1" 204 0
09:52:35 [DEBUG] https://dl.google.com:443 "GET /dl/android/studio/install/3.4.1.0/android-studio-ide-183.5522156-windows.exe HTTP/1.1" 200 1017327996
09:52:35 [DEBUG] https://cp.cloudflare.com:443 "GET / HTTP/1.1" 204 0
09:52:35 [DEBUG] Starting new HTTPS connection (1): www.gstatic.com:443
09:52:35 [DEBUG] Starting new HTTPS connection (1): dl.google.com:443
09:52:35 [DEBUG] Starting new HTTPS connection (1): dl.google.com:443
09:52:35 [DEBUG] https://cp.cloudflare.com:443 "GET / HTTP/1.1" 204 0
09:52:35 [DEBUG] Starting new HTTPS connection (1): www.gstatic.com:443
09:52:35 [DEBUG] https://www.gstatic.com:443 "GET /generate_204 HTTP/1.1" 204 0
09:52:35 [DEBUG] https://www.gstatic.com:443 "GET /generate_204 HTTP/1.1" 204 0
09:52:35 [DEBUG] https://dl.google.com:443 "GET /dl/android/studio/install/3.4.1.0/android-studio-ide-183.5522156-windows.exe HTTP/1.1" 200 1017327996
09:52:35 [DEBUG] Starting new HTTPS connection (1): dl.google.com:443
09:52:35 [DEBUG] Starting new HTTPS connection (1): www.google.com:443
09:52:35 [INFO]    🎯 217.16.26.158 (Россия) - 15.9Mbps, 250ms UDP✅ Reality [ads.x5.ru]
09:52:35 [DEBUG] https://dl.google.com:443 "GET /dl/android/studio/install/3.4.1.0/android-studio-ide-183.5522156-windows.exe HTTP/1.1" 200 1017327996
09:52:35 [DEBUG] Starting new HTTPS connection (1): dl.google.com:443
09:52:35 [INFO]    🎯 212.233.96.101 (Россия) - 19.8Mbps, 323ms UDP✅ Reality [yandex.ru]
09:52:36 [DEBUG] https://www.gstatic.com:443 "GET /generate_204 HTTP/1.1" 204 0
09:52:36 [INFO]    🎯 178.154.252.255 (Россия) - 16.7Mbps, 363ms UDP✅ Reality [eh.vk.com]
09:52:36 [DEBUG] https://www.google.com:443 "GET /generate_204 HTTP/1.1" 204 0
09:52:36 [DEBUG] Starting new HTTPS connection (1): cp.cloudflare.com:443
09:52:36 [DEBUG] https://dl.google.com:443 "GET /dl/android/studio/install/3.4.1.0/android-studio-ide-183.5522156-windows.exe HTTP/1.1" 200 1017327996
09:52:36 [DEBUG] https://dl.google.com:443 "GET /dl/android/studio/install/3.4.1.0/android-studio-ide-183.5522156-windows.exe HTTP/1.1" 200 1017327996
09:52:36 [INFO]    🎯 178.154.224.33 (Россия) - 16.0Mbps, 482ms UDP✅ Reality [ads.x5.ru]
09:52:36 [DEBUG] Starting new HTTPS connection (1): www.google.com:443
09:52:37 [DEBUG] https://www.google.com:443 "GET /generate_204 HTTP/1.1" 204 0
09:52:37 [DEBUG] Starting new HTTPS connection (1): cp.cloudflare.com:443
09:52:37 [DEBUG] Starting new HTTPS connection (1): www.google.com:443
09:52:37 [DEBUG] https://cp.cloudflare.com:443 "GET / HTTP/1.1" 204 0
09:52:37 [DEBUG] Starting new HTTPS connection (1): www.gstatic.com:443
09:52:37 [DEBUG] Starting new HTTPS connection (1): www.google.com:443
09:52:37 [DEBUG] https://cp.cloudflare.com:443 "GET / HTTP/1.1" 204 0
09:52:37 [DEBUG] Starting new HTTPS connection (1): www.gstatic.com:443
09:52:37 [DEBUG] https://www.google.com:443 "GET /generate_204 HTTP/1.1" 204 0
09:52:37 [DEBUG] Starting new HTTPS connection (1): cp.cloudflare.com:443
09:52:37 [DEBUG] Starting new HTTPS connection (1): www.google.com:443
09:52:37 [DEBUG] https://www.google.com:443 "GET /generate_204 HTTP/1.1" 204 0
09:52:37 [DEBUG] Starting new HTTPS connection (1): cp.cloudflare.com:443
09:52:38 [DEBUG] https://www.gstatic.com:443 "GET /generate_204 HTTP/1.1" 204 0
09:52:38 [DEBUG] https://www.google.com:443 "GET /generate_204 HTTP/1.1" 204 0
09:52:38 [DEBUG] Starting new HTTPS connection (1): cp.cloudflare.com:443
09:52:38 [DEBUG] https://cp.cloudflare.com:443 "GET / HTTP/1.1" 204 0
09:52:38 [DEBUG] Starting new HTTPS connection (1): www.gstatic.com:443
09:52:39 [DEBUG] https://www.google.com:443 "GET /generate_204 HTTP/1.1" 204 0
09:52:39 [DEBUG] Starting new HTTPS connection (1): cp.cloudflare.com:443
09:52:39 [DEBUG] Starting new HTTPS connection (1): cp.cloudflare.com:443
09:52:39 [DEBUG] Starting new HTTPS connection (1): dl.google.com:443
09:52:39 [DEBUG] https://www.gstatic.com:443 "GET /generate_204 HTTP/1.1" 204 0
09:52:39 [DEBUG] https://www.gstatic.com:443 "GET /generate_204 HTTP/1.1" 204 0
09:52:39 [DEBUG] https://cp.cloudflare.com:443 "GET / HTTP/1.1" 204 0
09:52:39 [DEBUG] Starting new HTTPS connection (1): www.gstatic.com:443
09:52:39 [DEBUG] https://cp.cloudflare.com:443 "GET / HTTP/1.1" 204 0
09:52:39 [DEBUG] Starting new HTTPS connection (1): www.gstatic.com:443
09:52:39 [DEBUG] Starting new HTTPS connection (1): dl.google.com:443
09:52:39 [DEBUG] https://cp.cloudflare.com:443 "GET / HTTP/1.1" 204 0
09:52:39 [DEBUG] Starting new HTTPS connection (1): www.gstatic.com:443
09:52:39 [DEBUG] https://www.gstatic.com:443 "GET /generate_204 HTTP/1.1" 204 0
09:52:39 [DEBUG] https://www.gstatic.com:443 "GET /generate_204 HTTP/1.1" 204 0
09:52:39 [DEBUG] Starting new HTTPS connection (1): dl.google.com:443
09:52:40 [DEBUG] https://dl.google.com:443 "GET /dl/android/studio/install/3.4.1.0/android-studio-ide-183.5522156-windows.exe HTTP/1.1" 200 1017327996
09:52:40 [DEBUG] https://www.gstatic.com:443 "GET /generate_204 HTTP/1.1" 204 0
09:52:40 [DEBUG] https://dl.google.com:443 "GET /dl/android/studio/install/3.4.1.0/android-studio-ide-183.5522156-windows.exe HTTP/1.1" 200 1017327996
09:52:40 [DEBUG] Starting new HTTPS connection (1): cp.cloudflare.com:443
09:52:40 [INFO]    🎯 84.201.128.76 (Россия) - 17.4Mbps, 601ms UDP✅ Reality [smartcaptcha.yandexc]
09:52:40 [DEBUG] Starting new HTTPS connection (1): dl.google.com:443
09:52:40 [DEBUG] https://dl.google.com:443 "GET /dl/android/studio/install/3.4.1.0/android-studio-ide-183.5522156-windows.exe HTTP/1.1" 200 1017327996
09:52:41 [INFO]    🎯 109.120.188.166 (Россия) - 6.5Mbps, 686ms UDP❌ Reality [ads.x5.ru]
09:52:41 [INFO]    📊 Whitelist: 7/78 (9%) | ✅6 ❌1
09:52:41 [DEBUG] Starting new HTTPS connection (1): dl.google.com:443
09:52:41 [INFO]    🎯 5.188.141.138 (Россия) - 5.1Mbps, 1360ms UDP✅ Reality [ads.x5.ru]
09:52:41 [DEBUG] Starting new HTTPS connection (1): www.google.com:443
09:52:41 [DEBUG] Starting new HTTPS connection (1): dl.google.com:443
09:52:42 [DEBUG] Starting new HTTPS connection (1): dl.google.com:443
09:52:42 [DEBUG] Starting new HTTPS connection (1): www.google.com:443
09:52:42 [INFO]    🎯 217.16.27.216 (Россия) - 1.9Mbps, 489ms UDP✅  []
09:52:43 [DEBUG] Starting new HTTPS connection (1): www.google.com:443
09:52:43 [DEBUG] https://www.google.com:443 "GET /generate_204 HTTP/1.1" 204 0
09:52:43 [DEBUG] Starting new HTTPS connection (1): cp.cloudflare.com:443
09:52:43 [DEBUG] https://cp.cloudflare.com:443 "GET / HTTP/1.1" 204 0
09:52:43 [DEBUG] Starting new HTTPS connection (1): www.gstatic.com:443
09:52:43 [DEBUG] https://www.google.com:443 "GET /generate_204 HTTP/1.1" 204 0
09:52:43 [DEBUG] Starting new HTTPS connection (1): cp.cloudflare.com:443
09:52:43 [DEBUG] Starting new HTTPS connection (1): www.google.com:443
09:52:43 [DEBUG] https://www.gstatic.com:443 "GET /generate_204 HTTP/1.1" 204 0
09:52:44 [DEBUG] Starting new HTTPS connection (1): www.gstatic.com:443
09:52:44 [DEBUG] https://www.google.com:443 "GET /generate_204 HTTP/1.1" 204 0
09:52:44 [DEBUG] Starting new HTTPS connection (1): cp.cloudflare.com:443
09:52:45 [DEBUG] https://dl.google.com:443 "GET /dl/android/studio/install/3.4.1.0/android-studio-ide-183.5522156-windows.exe HTTP/1.1" 200 1017327996
09:52:45 [INFO]    🎯 51.250.117.136 (Россия) - 3.6Mbps, 831ms UDP✅ Reality [nl36.tcpdoor.net]
09:52:45 [DEBUG] Starting new HTTPS connection (1): www.gstatic.com:443
09:52:46 [DEBUG] Starting new HTTPS connection (1): www.google.com:443
09:52:46 [INFO]    🎯 178.250.243.98 (Россия) - 0.0Mbps, 1703ms UDP✅ Reality [eh.vk.com]
09:52:46 [DEBUG] Starting new HTTPS connection (1): dl.google.com:443
09:52:47 [DEBUG] https://www.gstatic.com:443 "GET /generate_204 HTTP/1.1" 204 0
09:52:47 [DEBUG] https://cp.cloudflare.com:443 "GET / HTTP/1.1" 204 0
09:52:47 [DEBUG] Starting new HTTPS connection (1): www.gstatic.com:443
09:52:47 [INFO]    🎯 178.250.243.101 (Россия) - 0.0Mbps, 1099ms UDP✅ Reality [eh.vk.com]
09:52:47 [DEBUG] https://www.google.com:443 "GET /generate_204 HTTP/1.1" 204 0
09:52:47 [DEBUG] Starting new HTTPS connection (1): cp.cloudflare.com:443
09:52:47 [DEBUG] https://cp.cloudflare.com:443 "GET / HTTP/1.1" 204 0
09:52:47 [DEBUG] Starting new HTTPS connection (1): www.gstatic.com:443
09:52:48 [DEBUG] Starting new HTTPS connection (1): www.google.com:443
09:52:48 [DEBUG] https://www.gstatic.com:443 "GET /generate_204 HTTP/1.1" 204 0
09:52:48 [DEBUG] Starting new HTTPS connection (1): cp.cloudflare.com:443
09:52:48 [DEBUG] Starting new HTTPS connection (1): cp.cloudflare.com:443
09:52:48 [INFO]    🎯 178.250.243.102 (Россия) - 0.0Mbps, 769ms UDP❌ Reality [eh.vk.com]
09:52:48 [INFO]    📊 Whitelist: 14/78 (18%) | ✅12 ❌2
09:52:48 [DEBUG] Starting new HTTPS connection (1): www.gstatic.com:443
09:52:48 [DEBUG] Starting new HTTPS connection (1): www.google.com:443
09:52:48 [DEBUG] Starting new HTTPS connection (1): dl.google.com:443
09:52:48 [DEBUG] Starting new HTTPS connection (1): www.google.com:443
09:52:48 [DEBUG] https://www.google.com:443 "GET /generate_204 HTTP/1.1" 204 0
09:52:48 [DEBUG] Starting new HTTPS connection (1): cp.cloudflare.com:443
09:52:48 [DEBUG] https://www.google.com:443 "GET /generate_204 HTTP/1.1" 204 0
09:52:48 [DEBUG] Starting new HTTPS connection (1): cp.cloudflare.com:443
09:52:49 [DEBUG] https://cp.cloudflare.com:443 "GET / HTTP/1.1" 204 0
09:52:49 [DEBUG] Starting new HTTPS connection (1): www.gstatic.com:443
09:52:49 [DEBUG] https://dl.google.com:443 "GET /dl/android/studio/install/3.4.1.0/android-studio-ide-183.5522156-windows.exe HTTP/1.1" 200 1017327996
09:52:49 [DEBUG] https://www.gstatic.com:443 "GET /generate_204 HTTP/1.1" 204 0
09:52:49 [DEBUG] https://dl.google.com:443 "GET /dl/android/studio/install/3.4.1.0/android-studio-ide-183.5522156-windows.exe HTTP/1.1" 200 1017327996
09:52:49 [DEBUG] https://cp.cloudflare.com:443 "GET / HTTP/1.1" 204 0
09:52:49 [DEBUG] Starting new HTTPS connection (1): www.gstatic.com:443
09:52:49 [DEBUG] Starting new HTTPS connection (1): www.google.com:443
09:52:49 [DEBUG] https://www.gstatic.com:443 "GET /generate_204 HTTP/1.1" 204 0
09:52:49 [DEBUG] Starting new HTTPS connection (1): www.google.com:443
09:52:49 [DEBUG] Starting new HTTPS connection (1): dl.google.com:443
09:52:49 [DEBUG] https://www.gstatic.com:443 "GET /generate_204 HTTP/1.1" 204 0
09:52:49 [DEBUG] https://www.google.com:443 "GET /generate_204 HTTP/1.1" 204 0
09:52:49 [DEBUG] Starting new HTTPS connection (1): cp.cloudflare.com:443
09:52:50 [INFO]    🎯 217.16.27.216 (Россия) - 4.3Mbps, 556ms UDP❌ Reality [web.max.ru]
09:52:50 [DEBUG] Starting new HTTPS connection (1): dl.google.com:443
09:52:50 [DEBUG] https://www.google.com:443 "GET /generate_204 HTTP/1.1" 204 0
09:52:50 [DEBUG] Starting new HTTPS connection (1): cp.cloudflare.com:443
09:52:50 [DEBUG] https://dl.google.com:443 "GET /dl/android/studio/install/3.4.1.0/android-studio-ide-183.5522156-windows.exe HTTP/1.1" 200 1017327996
09:52:50 [INFO]    🎯 212.233.76.67 (Россия) - 7.5Mbps, 1433ms UDP✅ Reality [google.com]
09:52:50 [DEBUG] https://cp.cloudflare.com:443 "GET / HTTP/1.1" 204 0
09:52:50 [DEBUG] Starting new HTTPS connection (1): www.gstatic.com:443
09:52:50 [DEBUG] Starting new HTTPS connection (1): www.google.com:443
09:52:50 [INFO]    🎯 51.250.12.100 (Россия) - 17.8Mbps, 361ms UDP✅ Reality [api-maps.yandex.ru]
09:52:50 [DEBUG] https://cp.cloudflare.com:443 "GET / HTTP/1.1" 204 0
09:52:50 [DEBUG] Starting new HTTPS connection (1): www.gstatic.com:443
09:52:50 [DEBUG] https://dl.google.com:443 "GET /dl/android/studio/install/3.4.1.0/android-studio-ide-183.5522156-windows.exe HTTP/1.1" 200 1017327996
09:52:50 [DEBUG] https://www.gstatic.com:443 "GET /generate_204 HTTP/1.1" 204 0
09:52:50 [DEBUG] https://www.google.com:443 "GET /generate_204 HTTP/1.1" 204 0
09:52:50 [DEBUG] Starting new HTTPS connection (1): cp.cloudflare.com:443
09:52:50 [DEBUG] https://www.gstatic.com:443 "GET /generate_204 HTTP/1.1" 204 0
09:52:50 [DEBUG] https://cp.cloudflare.com:443 "GET / HTTP/1.1" 204 0
09:52:50 [DEBUG] Starting new HTTPS connection (1): dl.google.com:443
09:52:50 [DEBUG] Starting new HTTPS connection (1): www.gstatic.com:443
09:52:51 [DEBUG] Starting new HTTPS connection (1): dl.google.com:443
09:52:51 [DEBUG] Starting new HTTPS connection (1): dl.google.com:443
09:52:51 [DEBUG] https://www.gstatic.com:443 "GET /generate_204 HTTP/1.1" 204 0
09:52:51 [DEBUG] Starting new HTTPS connection (1): www.google.com:443
09:52:51 [DEBUG] Starting new HTTPS connection (1): dl.google.com:443
09:52:51 [DEBUG] https://dl.google.com:443 "GET /dl/android/studio/install/3.4.1.0/android-studio-ide-183.5522156-windows.exe HTTP/1.1" 200 1017327996
09:52:51 [DEBUG] Starting new HTTPS connection (1): www.google.com:443
09:52:51 [DEBUG] https://cp.cloudflare.com:443 "GET / HTTP/1.1" 204 0
09:52:51 [DEBUG] Starting new HTTPS connection (1): www.gstatic.com:443
09:52:51 [DEBUG] https://dl.google.com:443 "GET /dl/android/studio/install/3.4.1.0/android-studio-ide-183.5522156-windows.exe HTTP/1.1" 200 1017327996
09:52:51 [DEBUG] Starting new HTTPS connection (1): www.google.com:443
09:52:51 [DEBUG] https://www.google.com:443 "GET /generate_204 HTTP/1.1" 204 0
09:52:51 [DEBUG] Starting new HTTPS connection (1): cp.cloudflare.com:443
09:52:51 [DEBUG] https://dl.google.com:443 "GET /dl/android/studio/install/3.4.1.0/android-studio-ide-183.5522156-windows.exe HTTP/1.1" 200 1017327996
09:52:52 [DEBUG] https://www.gstatic.com:443 "GET /generate_204 HTTP/1.1" 204 0
09:52:52 [INFO]    🎯 212.233.73.212 (Россия) - 12.7Mbps, 400ms UDP✅ Reality [m.vk.ru]
09:52:52 [DEBUG] Starting new HTTPS connection (1): dl.google.com:443
09:52:52 [DEBUG] https://cp.cloudflare.com:443 "GET / HTTP/1.1" 204 0
09:52:52 [DEBUG] Starting new HTTPS connection (1): www.gstatic.com:443
09:52:52 [DEBUG] https://www.gstatic.com:443 "GET /generate_204 HTTP/1.1" 204 0
09:52:52 [DEBUG] https://www.google.com:443 "GET /generate_204 HTTP/1.1" 204 0
09:52:52 [DEBUG] Starting new HTTPS connection (1): cp.cloudflare.com:443
09:52:52 [DEBUG] Starting new HTTPS connection (1): www.gstatic.com:443
09:52:52 [DEBUG] https://dl.google.com:443 "GET /dl/android/studio/install/3.4.1.0/android-studio-ide-183.5522156-windows.exe HTTP/1.1" 200 1017327996
09:52:53 [DEBUG] https://cp.cloudflare.com:443 "GET / HTTP/1.1" 204 0
09:52:53 [DEBUG] Starting new HTTPS connection (1): www.gstatic.com:443
09:52:53 [DEBUG] Starting new HTTPS connection (1): www.google.com:443
09:52:53 [DEBUG] https://www.google.com:443 "GET /generate_204 HTTP/1.1" 204 0
09:52:53 [DEBUG] Starting new HTTPS connection (1): cp.cloudflare.com:443
09:52:53 [DEBUG] https://dl.google.com:443 "GET /dl/android/studio/install/3.4.1.0/android-studio-ide-183.5522156-windows.exe HTTP/1.1" 200 1017327996
09:52:54 [DEBUG] https://cp.cloudflare.com:443 "GET / HTTP/1.1" 204 0
09:52:54 [DEBUG] Starting new HTTPS connection (1): www.gstatic.com:443
09:52:54 [DEBUG] https://www.gstatic.com:443 "GET /generate_204 HTTP/1.1" 204 0
09:52:54 [INFO]    🎯 212.233.76.209 (Россия) - 5.2Mbps, 1959ms UDP✅ Reality [api-maps.yandex.ru]
09:52:54 [INFO]    📊 Whitelist: 21/78 (27%) | ✅17 ❌4
09:52:54 [DEBUG] Starting new HTTPS connection (1): dl.google.com:443
09:52:55 [DEBUG] https://dl.google.com:443 "GET /dl/android/studio/install/3.4.1.0/android-studio-ide-183.5522156-windows.exe HTTP/1.1" 200 1017327996
09:52:55 [INFO]    🎯 51.250.16.92 (Россия) - 17.7Mbps, 392ms UDP✅ Reality [sun6-21.userapi.com]
09:52:55 [DEBUG] Starting new HTTPS connection (1): dl.google.com:443
09:52:55 [DEBUG] Starting new HTTPS connection (1): www.google.com:443
09:52:55 [DEBUG] https://www.gstatic.com:443 "GET /generate_204 HTTP/1.1" 204 0
09:52:56 [DEBUG] https://dl.google.com:443 "GET /dl/android/studio/install/3.4.1.0/android-studio-ide-183.5522156-windows.exe HTTP/1.1" 200 1017327996
09:52:56 [DEBUG] https://www.google.com:443 "GET /generate_204 HTTP/1.1" 204 0
09:52:56 [DEBUG] Starting new HTTPS connection (1): cp.cloudflare.com:443
09:52:56 [DEBUG] https://www.gstatic.com:443 "GET /generate_204 HTTP/1.1" 204 0
09:52:56 [DEBUG] Starting new HTTPS connection (1): cp.cloudflare.com:443
09:52:56 [DEBUG] https://cp.cloudflare.com:443 "GET / HTTP/1.1" 204 0
09:52:56 [DEBUG] Starting new HTTPS connection (1): www.gstatic.com:443
09:52:56 [INFO]    🎯 37.139.33.15 (Россия) - 12.3Mbps, 399ms UDP❌ Reality [m.vk.ru]
09:52:56 [DEBUG] Starting new HTTPS connection (1): www.google.com:443
09:52:57 [DEBUG] https://www.gstatic.com:443 "GET /generate_204 HTTP/1.1" 204 0
09:52:57 [DEBUG] Starting new HTTPS connection (1): dl.google.com:443
09:52:57 [DEBUG] Starting new HTTPS connection (1): dl.google.com:443
09:52:57 [DEBUG] https://www.google.com:443 "GET /generate_204 HTTP/1.1" 204 0
09:52:57 [DEBUG] Starting new HTTPS connection (1): cp.cloudflare.com:443
09:52:57 [DEBUG] Starting new HTTPS connection (1): dl.google.com:443
09:52:57 [DEBUG] https://dl.google.com:443 "GET /dl/android/studio/install/3.4.1.0/android-studio-ide-183.5522156-windows.exe HTTP/1.1" 200 1017327996
09:52:57 [DEBUG] Starting new HTTPS connection (1): www.google.com:443
09:52:57 [DEBUG] https://cp.cloudflare.com:443 "GET / HTTP/1.1" 204 0
09:52:57 [DEBUG] Starting new HTTPS connection (1): www.gstatic.com:443
09:52:58 [DEBUG] https://dl.google.com:443 "GET /dl/android/studio/install/3.4.1.0/android-studio-ide-183.5522156-windows.exe HTTP/1.1" 200 1017327996
09:52:58 [DEBUG] https://www.google.com:443 "GET /generate_204 HTTP/1.1" 204 0
09:52:58 [DEBUG] Starting new HTTPS connection (1): cp.cloudflare.com:443
09:52:58 [INFO]    🎯 212.233.73.212 (Россия) - 12.4Mbps, 412ms UDP✅ Reality [m.vk.ru]
09:52:58 [DEBUG] https://cp.cloudflare.com:443 "GET / HTTP/1.1" 204 0
09:52:58 [DEBUG] Starting new HTTPS connection (1): www.gstatic.com:443
09:52:59 [INFO]    🎯 217.16.16.52 (Россия) - 6.8Mbps, 2151ms UDP✅ Reality [www.vk.com]
09:52:59 [DEBUG] https://www.gstatic.com:443 "GET /generate_204 HTTP/1.1" 204 0
09:52:59 [DEBUG] Starting new HTTPS connection (1): dl.google.com:443
09:52:59 [DEBUG] Starting new HTTPS connection (1): www.google.com:443
09:52:59 [DEBUG] https://dl.google.com:443 "GET /dl/android/studio/install/3.4.1.0/android-studio-ide-183.5522156-windows.exe HTTP/1.1" 200 1017327996
09:52:59 [DEBUG] https://www.google.com:443 "GET /generate_204 HTTP/1.1" 204 0
09:52:59 [DEBUG] Starting new HTTPS connection (1): cp.cloudflare.com:443
09:53:00 [DEBUG] https://cp.cloudflare.com:443 "GET / HTTP/1.1" 204 0
09:53:00 [DEBUG] Starting new HTTPS connection (1): www.gstatic.com:443
09:53:00 [DEBUG] Starting new HTTPS connection (1): www.google.com:443
09:53:00 [INFO]    🎯 37.139.33.15 (Россия) - 12.4Mbps, 404ms UDP✅ Reality [m.vk.ru]
09:53:00 [DEBUG] https://www.gstatic.com:443 "GET /generate_204 HTTP/1.1" 204 0
09:53:00 [DEBUG] Starting new HTTPS connection (1): dl.google.com:443
09:53:00 [DEBUG] https://dl.google.com:443 "GET /dl/android/studio/install/3.4.1.0/android-studio-ide-183.5522156-windows.exe HTTP/1.1" 200 1017327996
09:53:01 [DEBUG] https://www.google.com:443 "GET /generate_204 HTTP/1.1" 204 0
09:53:01 [DEBUG] Starting new HTTPS connection (1): cp.cloudflare.com:443
09:53:01 [INFO]    🎯 51.250.16.92 (Россия) - 21.4Mbps, 294ms UDP✅ Reality [ads.x5.ru]
09:53:01 [INFO]    🎯 84.201.178.31 (Россия) - 1.2Mbps, 311ms UDP✅ Reality [01.img.avito.st]
09:53:01 [INFO]    📊 Whitelist: 28/78 (36%) | ✅24 ❌4
09:53:01 [DEBUG] Starting new HTTPS connection (1): www.google.com:443
09:53:01 [DEBUG] Starting new HTTPS connection (1): www.gstatic.com:443
09:53:01 [DEBUG] https://dl.google.com:443 "GET /dl/android/studio/install/3.4.1.0/android-studio-ide-183.5522156-windows.exe HTTP/1.1" 200 1017327996
09:53:02 [DEBUG] https://www.google.com:443 "GET /generate_204 HTTP/1.1" 204 0
09:53:02 [DEBUG] Starting new HTTPS connection (1): cp.cloudflare.com:443
09:53:02 [DEBUG] Starting new HTTPS connection (1): www.google.com:443
09:53:02 [DEBUG] https://cp.cloudflare.com:443 "GET / HTTP/1.1" 204 0
09:53:02 [DEBUG] Starting new HTTPS connection (1): www.gstatic.com:443
09:53:02 [DEBUG] Starting new HTTPS connection (1): www.google.com:443
09:53:02 [DEBUG] https://cp.cloudflare.com:443 "GET / HTTP/1.1" 204 0
09:53:02 [DEBUG] Starting new HTTPS connection (1): www.gstatic.com:443
09:53:02 [DEBUG] https://www.gstatic.com:443 "GET /generate_204 HTTP/1.1" 204 0
09:53:03 [DEBUG] Starting new HTTPS connection (1): dl.google.com:443
09:53:03 [DEBUG] https://www.google.com:443 "GET /generate_204 HTTP/1.1" 204 0
09:53:03 [DEBUG] Starting new HTTPS connection (1): cp.cloudflare.com:443
09:53:03 [DEBUG] https://dl.google.com:443 "GET /dl/android/studio/install/3.4.1.0/android-studio-ide-183.5522156-windows.exe HTTP/1.1" 200 1017327996
09:53:03 [INFO]    🎯 178.250.243.97 (Россия) - 1.0Mbps, 2456ms UDP✅ Reality [eh.vk.com]
09:53:03 [DEBUG] https://cp.cloudflare.com:443 "GET / HTTP/1.1" 204 0
09:53:03 [DEBUG] Starting new HTTPS connection (1): www.gstatic.com:443
09:53:03 [INFO]    🎯 178.154.230.75 (Россия) - 16.6Mbps, 908ms UDP✅ Reality [max.ru]
09:53:03 [DEBUG] https://www.gstatic.com:443 "GET /generate_204 HTTP/1.1" 204 0
09:53:04 [DEBUG] https://www.gstatic.com:443 "GET /generate_204 HTTP/1.1" 204 0
09:53:04 [DEBUG] https://www.gstatic.com:443 "GET /generate_204 HTTP/1.1" 204 0
09:53:04 [DEBUG] Starting new HTTPS connection (1): www.google.com:443
09:53:05 [DEBUG] Starting new HTTPS connection (1): www.google.com:443
09:53:05 [DEBUG] Starting new HTTPS connection (1): www.google.com:443
09:53:05 [DEBUG] https://www.google.com:443 "GET /generate_204 HTTP/1.1" 204 0
09:53:05 [DEBUG] Starting new HTTPS connection (1): cp.cloudflare.com:443
09:53:05 [DEBUG] https://www.google.com:443 "GET /generate_204 HTTP/1.1" 204 0
09:53:05 [DEBUG] Starting new HTTPS connection (1): cp.cloudflare.com:443
09:53:05 [DEBUG] https://www.google.com:443 "GET /generate_204 HTTP/1.1" 204 0
09:53:05 [DEBUG] Starting new HTTPS connection (1): cp.cloudflare.com:443
09:53:05 [DEBUG] Starting new HTTPS connection (1): dl.google.com:443
09:53:05 [DEBUG] https://cp.cloudflare.com:443 "GET / HTTP/1.1" 204 0
09:53:05 [DEBUG] Starting new HTTPS connection (1): www.gstatic.com:443
09:53:06 [DEBUG] https://cp.cloudflare.com:443 "GET / HTTP/1.1" 204 0
09:53:06 [DEBUG] Starting new HTTPS connection (1): www.gstatic.com:443
09:53:06 [DEBUG] https://www.gstatic.com:443 "GET /generate_204 HTTP/1.1" 204 0
09:53:06 [DEBUG] Starting new HTTPS connection (1): dl.google.com:443
09:53:07 [DEBUG] Starting new HTTPS connection (1): dl.google.com:443
09:53:07 [DEBUG] https://cp.cloudflare.com:443 "GET / HTTP/1.1" 204 0
09:53:07 [DEBUG] Starting new HTTPS connection (1): www.gstatic.com:443
09:53:07 [DEBUG] https://www.gstatic.com:443 "GET /generate_204 HTTP/1.1" 204 0
09:53:07 [DEBUG] https://dl.google.com:443 "GET /dl/android/studio/install/3.4.1.0/android-studio-ide-183.5522156-windows.exe HTTP/1.1" 200 1017327996
09:53:07 [DEBUG] Starting new HTTPS connection (1): dl.google.com:443
09:53:07 [DEBUG] Starting new HTTPS connection (1): cp.cloudflare.com:443
09:53:07 [DEBUG] https://dl.google.com:443 "GET /dl/android/studio/install/3.4.1.0/android-studio-ide-183.5522156-windows.exe HTTP/1.1" 200 1017327996
09:53:07 [DEBUG] https://www.gstatic.com:443 "GET /generate_204 HTTP/1.1" 204 0
09:53:07 [INFO]    🎯 89.169.128.105 (Россия) - 11.7Mbps, 431ms UDP✅ Reality [yandex.ru]
09:53:07 [DEBUG] https://dl.google.com:443 "GET /dl/android/studio/install/3.4.1.0/android-studio-ide-183.5522156-windows.exe HTTP/1.1" 200 1017327996
09:53:08 [DEBUG] https://dl.google.com:443 "GET /dl/android/studio/install/3.4.1.0/android-studio-ide-183.5522156-windows.exe HTTP/1.1" 200 1017327996
09:53:09 [DEBUG] Starting new HTTPS connection (1): www.google.com:443
09:53:09 [DEBUG] https://www.google.com:443 "GET /generate_204 HTTP/1.1" 204 0
09:53:09 [DEBUG] Starting new HTTPS connection (1): cp.cloudflare.com:443
09:53:09 [INFO]    🎯 46.243.233.12 (Россия) - 3.6Mbps, 583ms UDP❌ Reality [web.max.ru]
09:53:09 [DEBUG] https://cp.cloudflare.com:443 "GET / HTTP/1.1" 204 0
09:53:09 [DEBUG] Starting new HTTPS connection (1): www.gstatic.com:443
09:53:10 [DEBUG] Starting new HTTPS connection (1): dl.google.com:443
09:53:10 [DEBUG] https://www.gstatic.com:443 "GET /generate_204 HTTP/1.1" 204 0
09:53:10 [DEBUG] Starting new HTTPS connection (1): dl.google.com:443
09:53:10 [DEBUG] Starting new HTTPS connection (1): dl.google.com:443
09:53:10 [DEBUG] Starting new HTTPS connection (1): www.google.com:443
09:53:11 [DEBUG] https://dl.google.com:443 "GET /dl/android/studio/install/3.4.1.0/android-studio-ide-183.5522156-windows.exe HTTP/1.1" 200 1017327996
09:53:11 [DEBUG] https://dl.google.com:443 "GET /dl/android/studio/install/3.4.1.0/android-studio-ide-183.5522156-windows.exe HTTP/1.1" 200 1017327996
09:53:11 [DEBUG] https://www.google.com:443 "GET /generate_204 HTTP/1.1" 204 0
09:53:11 [DEBUG] Starting new HTTPS connection (1): cp.cloudflare.com:443
09:53:11 [DEBUG] https://cp.cloudflare.com:443 "GET / HTTP/1.1" 204 0
09:53:11 [DEBUG] Starting new HTTPS connection (1): www.gstatic.com:443
09:53:11 [INFO]    🎯 158.160.221.132 (Россия) - 12.8Mbps, 848ms UDP❌ Reality [yandex.ru]
09:53:11 [DEBUG] https://dl.google.com:443 "GET /dl/android/studio/install/3.4.1.0/android-studio-ide-183.5522156-windows.exe HTTP/1.1" 200 1017327996
09:53:12 [DEBUG] https://www.gstatic.com:443 "GET /generate_204 HTTP/1.1" 204 0
09:53:12 [DEBUG] Starting new HTTPS connection (1): dl.google.com:443
09:53:12 [INFO]    🎯 158.160.221.132 (Россия) - 5.9Mbps, 793ms UDP❌ Reality [yandex.ru]
09:53:12 [INFO]    📊 Whitelist: 35/78 (45%) | ✅30 ❌5
09:53:12 [DEBUG] Starting new HTTPS connection (1): www.gstatic.com:443
09:53:12 [DEBUG] Starting new HTTPS connection (1): www.google.com:443
09:53:13 [DEBUG] https://dl.google.com:443 "GET /dl/android/studio/install/3.4.1.0/android-studio-ide-183.5522156-windows.exe HTTP/1.1" 200 1017327996
09:53:13 [DEBUG] https://www.google.com:443 "GET /generate_204 HTTP/1.1" 204 0
09:53:13 [DEBUG] Starting new HTTPS connection (1): cp.cloudflare.com:443
09:53:13 [DEBUG] Starting new HTTPS connection (1): www.google.com:443
09:53:13 [DEBUG] https://cp.cloudflare.com:443 "GET / HTTP/1.1" 204 0
09:53:13 [DEBUG] Starting new HTTPS connection (1): www.gstatic.com:443
09:53:14 [DEBUG] https://www.google.com:443 "GET /generate_204 HTTP/1.1" 204 0
09:53:14 [DEBUG] Starting new HTTPS connection (1): cp.cloudflare.com:443
09:53:14 [DEBUG] https://www.gstatic.com:443 "GET /generate_204 HTTP/1.1" 204 0
09:53:14 [DEBUG] https://cp.cloudflare.com:443 "GET / HTTP/1.1" 204 0
09:53:14 [DEBUG] Starting new HTTPS connection (1): www.gstatic.com:443
09:53:14 [DEBUG] Starting new HTTPS connection (1): dl.google.com:443
09:53:15 [DEBUG] https://www.gstatic.com:443 "GET /generate_204 HTTP/1.1" 204 0
09:53:15 [DEBUG] https://dl.google.com:443 "GET /dl/android/studio/install/3.4.1.0/android-studio-ide-183.5522156-windows.exe HTTP/1.1" 200 1017327996
09:53:15 [DEBUG] Starting new HTTPS connection (1): dl.google.com:443
09:53:15 [DEBUG] https://www.gstatic.com:443 "GET /generate_204 HTTP/1.1" 204 0
09:53:15 [DEBUG] https://dl.google.com:443 "GET /dl/android/studio/install/3.4.1.0/android-studio-ide-183.5522156-windows.exe HTTP/1.1" 200 1017327996
09:53:16 [INFO]    🎯 79.137.175.44 (Россия) - 8.5Mbps, 459ms UDP✅ Reality [m.vk.ru]
09:53:16 [INFO]    🎯 176.123.164.110 (Россия) - 11.6Mbps, 493ms UDP✅ Reality [m.vk.com]
09:53:16 [INFO]    🎯 90.156.217.130 (Россия) - 0.5Mbps, 385ms UDP✅ Reality [m.vk.ru]
09:53:16 [DEBUG] Starting new HTTPS connection (1): www.google.com:443
09:53:17 [INFO]    🎯 90.156.217.130 (Россия) - 0.5Mbps, 376ms UDP✅ Reality [m.vk.ru]
09:53:17 [DEBUG] Starting new HTTPS connection (1): www.google.com:443
09:53:17 [DEBUG] https://www.google.com:443 "GET /generate_204 HTTP/1.1" 204 0
09:53:17 [DEBUG] Starting new HTTPS connection (1): cp.cloudflare.com:443
09:53:17 [DEBUG] Starting new HTTPS connection (1): www.google.com:443
09:53:17 [DEBUG] https://www.google.com:443 "GET /generate_204 HTTP/1.1" 204 0
09:53:17 [DEBUG] Starting new HTTPS connection (1): cp.cloudflare.com:443
09:53:17 [DEBUG] https://cp.cloudflare.com:443 "GET / HTTP/1.1" 204 0
09:53:17 [DEBUG] Starting new HTTPS connection (1): www.gstatic.com:443
09:53:18 [DEBUG] Starting new HTTPS connection (1): www.google.com:443
09:53:18 [DEBUG] https://www.google.com:443 "GET /generate_204 HTTP/1.1" 204 0
09:53:18 [DEBUG] Starting new HTTPS connection (1): cp.cloudflare.com:443
09:53:18 [DEBUG] Starting new HTTPS connection (1): www.google.com:443
09:53:18 [DEBUG] https://www.gstatic.com:443 "GET /generate_204 HTTP/1.1" 204 0
09:53:18 [DEBUG] https://cp.cloudflare.com:443 "GET / HTTP/1.1" 204 0
09:53:18 [DEBUG] Starting new HTTPS connection (1): www.gstatic.com:443
09:53:18 [DEBUG] https://www.google.com:443 "GET /generate_204 HTTP/1.1" 204 0
09:53:18 [DEBUG] Starting new HTTPS connection (1): cp.cloudflare.com:443
09:53:18 [DEBUG] Starting new HTTPS connection (1): dl.google.com:443
09:53:18 [DEBUG] https://cp.cloudflare.com:443 "GET / HTTP/1.1" 204 0
09:53:18 [DEBUG] Starting new HTTPS connection (1): www.gstatic.com:443
09:53:18 [DEBUG] https://www.google.com:443 "GET /generate_204 HTTP/1.1" 204 0
09:53:18 [DEBUG] Starting new HTTPS connection (1): cp.cloudflare.com:443
09:53:18 [DEBUG] https://cp.cloudflare.com:443 "GET / HTTP/1.1" 204 0
09:53:18 [DEBUG] Starting new HTTPS connection (1): www.gstatic.com:443
09:53:19 [DEBUG] https://www.gstatic.com:443 "GET /generate_204 HTTP/1.1" 204 0
09:53:19 [DEBUG] https://www.gstatic.com:443 "GET /generate_204 HTTP/1.1" 204 0
09:53:19 [DEBUG] Starting new HTTPS connection (1): dl.google.com:443
09:53:19 [DEBUG] https://dl.google.com:443 "GET /dl/android/studio/install/3.4.1.0/android-studio-ide-183.5522156-windows.exe HTTP/1.1" 200 1017327996
09:53:19 [DEBUG] https://cp.cloudflare.com:443 "GET / HTTP/1.1" 204 0
09:53:19 [DEBUG] Starting new HTTPS connection (1): www.gstatic.com:443
09:53:19 [DEBUG] https://www.gstatic.com:443 "GET /generate_204 HTTP/1.1" 204 0
09:53:19 [DEBUG] Starting new HTTPS connection (1): dl.google.com:443
09:53:19 [DEBUG] Starting new HTTPS connection (1): dl.google.com:443
09:53:19 [DEBUG] https://www.gstatic.com:443 "GET /generate_204 HTTP/1.1" 204 0
09:53:20 [DEBUG] https://dl.google.com:443 "GET /dl/android/studio/install/3.4.1.0/android-studio-ide-183.5522156-windows.exe HTTP/1.1" 200 1017327996
09:53:20 [DEBUG] https://dl.google.com:443 "GET /dl/android/studio/install/3.4.1.0/android-studio-ide-183.5522156-windows.exe HTTP/1.1" 200 1017327996
09:53:20 [INFO]    🎯 79.137.175.44 (Россия) - 8.9Mbps, 491ms UDP✅ Reality [m.vk.ru]
09:53:20 [DEBUG] Starting new HTTPS connection (1): dl.google.com:443
09:53:20 [DEBUG] https://dl.google.com:443 "GET /dl/android/studio/install/3.4.1.0/android-studio-ide-183.5522156-windows.exe HTTP/1.1" 200 1017327996
09:53:20 [INFO]    🎯 176.123.164.110 (Россия) - 10.9Mbps, 500ms UDP✅ Reality [m.vk.com]
09:53:20 [INFO]    📊 Whitelist: 42/78 (54%) | ✅36 ❌6
09:53:20 [DEBUG] https://dl.google.com:443 "GET /dl/android/studio/install/3.4.1.0/android-studio-ide-183.5522156-windows.exe HTTP/1.1" 200 1017327996
09:53:21 [DEBUG] Starting new HTTPS connection (1): www.google.com:443
09:53:21 [INFO]    🎯 90.156.150.134 (Россия) - 9.8Mbps, 543ms UDP✅ Reality [m.vk.ru]
09:53:21 [DEBUG] https://www.google.com:443 "GET /generate_204 HTTP/1.1" 204 0
09:53:21 [DEBUG] Starting new HTTPS connection (1): cp.cloudflare.com:443
09:53:21 [DEBUG] Starting new HTTPS connection (1): www.google.com:443
09:53:22 [DEBUG] https://cp.cloudflare.com:443 "GET / HTTP/1.1" 204 0
09:53:22 [DEBUG] Starting new HTTPS connection (1): www.gstatic.com:443
09:53:22 [DEBUG] https://www.google.com:443 "GET /generate_204 HTTP/1.1" 204 0
09:53:22 [DEBUG] Starting new HTTPS connection (1): cp.cloudflare.com:443
09:53:22 [DEBUG] Starting new HTTPS connection (1): www.google.com:443
09:53:22 [DEBUG] https://www.gstatic.com:443 "GET /generate_204 HTTP/1.1" 204 0
09:53:23 [DEBUG] https://cp.cloudflare.com:443 "GET / HTTP/1.1" 204 0
09:53:23 [DEBUG] Starting new HTTPS connection (1): www.gstatic.com:443
09:53:23 [DEBUG] https://www.google.com:443 "GET /generate_204 HTTP/1.1" 204 0
09:53:23 [DEBUG] Starting new HTTPS connection (1): cp.cloudflare.com:443
09:53:23 [DEBUG] https://www.gstatic.com:443 "GET /generate_204 HTTP/1.1" 204 0
09:53:23 [DEBUG] https://cp.cloudflare.com:443 "GET / HTTP/1.1" 204 0
09:53:23 [DEBUG] Starting new HTTPS connection (1): www.gstatic.com:443
09:53:24 [DEBUG] Starting new HTTPS connection (1): dl.google.com:443
09:53:24 [DEBUG] https://www.gstatic.com:443 "GET /generate_204 HTTP/1.1" 204 0
09:53:24 [DEBUG] Starting new HTTPS connection (1): dl.google.com:443
09:53:25 [DEBUG] https://dl.google.com:443 "GET /dl/android/studio/install/3.4.1.0/android-studio-ide-183.5522156-windows.exe HTTP/1.1" 200 1017327996
09:53:25 [DEBUG] https://dl.google.com:443 "GET /dl/android/studio/install/3.4.1.0/android-studio-ide-183.5522156-windows.exe HTTP/1.1" 200 1017327996
09:53:25 [INFO]    🎯 146.185.240.23 (Россия) - 8.0Mbps, 614ms UDP✅ Reality [m.vk.ru]
09:53:25 [DEBUG] Starting new HTTPS connection (1): dl.google.com:443
09:53:26 [INFO]    🎯 146.185.240.23 (Россия) - 8.5Mbps, 570ms UDP✅ Reality [m.vk.ru]
09:53:26 [DEBUG] https://dl.google.com:443 "GET /dl/android/studio/install/3.4.1.0/android-studio-ide-183.5522156-windows.exe HTTP/1.1" 200 1017327996
09:53:26 [DEBUG] Starting new HTTPS connection (1): www.google.com:443
09:53:27 [INFO]    🎯 90.156.150.134 (Россия) - 8.8Mbps, 535ms UDP❌ Reality [m.vk.ru]
09:53:27 [DEBUG] https://www.google.com:443 "GET /generate_204 HTTP/1.1" 204 0
09:53:27 [DEBUG] Starting new HTTPS connection (1): cp.cloudflare.com:443
09:53:27 [DEBUG] Starting new HTTPS connection (1): www.google.com:443
09:53:27 [DEBUG] https://cp.cloudflare.com:443 "GET / HTTP/1.1" 204 0
09:53:27 [DEBUG] Starting new HTTPS connection (1): www.gstatic.com:443
09:53:28 [INFO]    🎯 176.109.109.58 (Россия) - 0.8Mbps, 435ms UDP✅ Reality [m.vk.ru]
09:53:28 [DEBUG] https://www.gstatic.com:443 "GET /generate_204 HTTP/1.1" 204 0
09:53:28 [DEBUG] Starting new HTTPS connection (1): www.google.com:443
09:53:28 [DEBUG] https://www.google.com:443 "GET /generate_204 HTTP/1.1" 204 0
09:53:28 [DEBUG] Starting new HTTPS connection (1): cp.cloudflare.com:443
09:53:28 [DEBUG] Starting new HTTPS connection (1): dl.google.com:443
09:53:29 [DEBUG] https://cp.cloudflare.com:443 "GET / HTTP/1.1" 204 0
09:53:29 [DEBUG] Starting new HTTPS connection (1): www.gstatic.com:443
09:53:29 [DEBUG] Starting new HTTPS connection (1): www.google.com:443
09:53:29 [DEBUG] https://www.gstatic.com:443 "GET /generate_204 HTTP/1.1" 204 0
09:53:29 [DEBUG] https://www.google.com:443 "GET /generate_204 HTTP/1.1" 204 0
09:53:29 [DEBUG] Starting new HTTPS connection (1): cp.cloudflare.com:443
09:53:29 [DEBUG] Starting new HTTPS connection (1): dl.google.com:443
09:53:30 [DEBUG] https://www.google.com:443 "GET /generate_204 HTTP/1.1" 204 0
09:53:30 [DEBUG] Starting new HTTPS connection (1): cp.cloudflare.com:443
09:53:30 [DEBUG] https://dl.google.com:443 "GET /dl/android/studio/install/3.4.1.0/android-studio-ide-183.5522156-windows.exe HTTP/1.1" 200 1017327996
09:53:30 [DEBUG] https://cp.cloudflare.com:443 "GET / HTTP/1.1" 204 0
09:53:30 [DEBUG] Starting new HTTPS connection (1): www.gstatic.com:443
09:53:30 [DEBUG] https://cp.cloudflare.com:443 "GET / HTTP/1.1" 204 0
09:53:30 [DEBUG] Starting new HTTPS connection (1): www.gstatic.com:443
09:53:31 [INFO]    🎯 84.252.143.25 (Россия) - 5.6Mbps, 515ms UDP✅ Reality [yandex.ru]
09:53:31 [DEBUG] https://dl.google.com:443 "GET /dl/android/studio/install/3.4.1.0/android-studio-ide-183.5522156-windows.exe HTTP/1.1" 200 1017327996
09:53:31 [DEBUG] https://www.gstatic.com:443 "GET /generate_204 HTTP/1.1" 204 0
09:53:31 [DEBUG] Starting new HTTPS connection (1): dl.google.com:443
09:53:31 [DEBUG] https://www.gstatic.com:443 "GET /generate_204 HTTP/1.1" 204 0
09:53:32 [DEBUG] Starting new HTTPS connection (1): www.google.com:443
09:53:32 [DEBUG] Starting new HTTPS connection (1): dl.google.com:443
09:53:32 [INFO]    🎯 176.109.109.58 (Россия) - 0.5Mbps, 429ms UDP❌ Reality [tradingview.com]
09:53:32 [INFO]    📊 Whitelist: 49/78 (63%) | ✅43 ❌6
09:53:32 [INFO]    🎯 176.109.109.58 (Россия) - 0.6Mbps, 421ms UDP✅ Reality [tradingview.com]
09:53:32 [DEBUG] https://dl.google.com:443 "GET /dl/android/studio/install/3.4.1.0/android-studio-ide-183.5522156-windows.exe HTTP/1.1" 200 1017327996
09:53:32 [DEBUG] https://dl.google.com:443 "GET /dl/android/studio/install/3.4.1.0/android-studio-ide-183.5522156-windows.exe HTTP/1.1" 200 1017327996
09:53:33 [INFO]    🎯 217.16.26.35 (Россия) - 3.9Mbps, 702ms UDP✅  []
09:53:33 [INFO]    🎯 84.252.136.245 (Россия) - 8.0Mbps, 628ms UDP✅ Reality [yandex.ru]
09:53:33 [INFO]    🎯 5.188.140.55 (Россия) - 12.2Mbps, 1048ms UDP✅ Reality [ads.x5.ru]
09:53:33 [DEBUG] https://www.google.com:443 "GET /generate_204 HTTP/1.1" 204 0
09:53:33 [DEBUG] Starting new HTTPS connection (1): cp.cloudflare.com:443
09:53:33 [DEBUG] Starting new HTTPS connection (1): www.google.com:443
09:53:33 [DEBUG] Starting new HTTPS connection (1): www.google.com:443
09:53:34 [INFO]    🎯 158.160.223.36 (Россия) - 0.9Mbps, 559ms UDP✅ Reality [yandex.ru]
09:53:34 [DEBUG] https://www.google.com:443 "GET /generate_204 HTTP/1.1" 204 0
09:53:34 [DEBUG] Starting new HTTPS connection (1): cp.cloudflare.com:443
09:53:34 [DEBUG] Starting new HTTPS connection (1): www.google.com:443
09:53:34 [DEBUG] Starting new HTTPS connection (1): www.google.com:443
09:53:34 [DEBUG] Starting new HTTPS connection (1): www.google.com:443
09:53:34 [INFO]    🎯 158.160.223.36 (Россия) - 0.9Mbps, 469ms UDP✅ Reality [yandex.ru]
09:53:34 [DEBUG] https://cp.cloudflare.com:443 "GET / HTTP/1.1" 204 0
09:53:34 [DEBUG] Starting new HTTPS connection (1): www.gstatic.com:443
09:53:34 [DEBUG] Starting new HTTPS connection (1): cp.cloudflare.com:443
09:53:34 [DEBUG] Starting new HTTPS connection (1): www.gstatic.com:443
09:53:34 [DEBUG] https://cp.cloudflare.com:443 "GET / HTTP/1.1" 204 0
09:53:34 [DEBUG] Starting new HTTPS connection (1): www.gstatic.com:443
09:53:34 [INFO]    📊 Whitelist: 56/78 (72%) | ✅49 ❌7
09:53:35 [DEBUG] Starting new HTTPS connection (1): www.google.com:443
09:53:35 [DEBUG] https://www.gstatic.com:443 "GET /generate_204 HTTP/1.1" 204 0
09:53:35 [DEBUG] Starting new HTTPS connection (1): www.google.com:443
09:53:35 [DEBUG] Starting new HTTPS connection (1): dl.google.com:443
09:53:36 [DEBUG] Starting new HTTPS connection (1): www.google.com:443
09:53:36 [DEBUG] https://www.google.com:443 "GET /generate_204 HTTP/1.1" 204 0
09:53:36 [DEBUG] Starting new HTTPS connection (1): cp.cloudflare.com:443
09:53:36 [DEBUG] https://www.google.com:443 "GET /generate_204 HTTP/1.1" 204 0
09:53:36 [DEBUG] Starting new HTTPS connection (1): cp.cloudflare.com:443
09:53:36 [DEBUG] https://cp.cloudflare.com:443 "GET / HTTP/1.1" 204 0
09:53:36 [DEBUG] Starting new HTTPS connection (1): www.gstatic.com:443
09:53:36 [DEBUG] https://dl.google.com:443 "GET /dl/android/studio/install/3.4.1.0/android-studio-ide-183.5522156-windows.exe HTTP/1.1" 200 1017327996
09:53:37 [DEBUG] https://www.google.com:443 "GET /generate_204 HTTP/1.1" 204 0
09:53:37 [DEBUG] Starting new HTTPS connection (1): cp.cloudflare.com:443
09:53:37 [DEBUG] https://www.gstatic.com:443 "GET /generate_204 HTTP/1.1" 204 0
09:53:37 [DEBUG] https://www.google.com:443 "GET /generate_204 HTTP/1.1" 204 0
09:53:37 [DEBUG] Starting new HTTPS connection (1): cp.cloudflare.com:443
09:53:37 [DEBUG] Starting new HTTPS connection (1): dl.google.com:443
09:53:37 [INFO]    🎯 84.252.136.245 (Россия) - 7.4Mbps, 638ms UDP✅ Reality [yandex.ru]
09:53:37 [DEBUG] https://www.gstatic.com:443 "GET /generate_204 HTTP/1.1" 204 0
09:53:38 [DEBUG] Starting new HTTPS connection (1): dl.google.com:443
09:53:38 [DEBUG] Starting new HTTPS connection (1): www.google.com:443
09:53:39 [DEBUG] https://www.google.com:443 "GET /generate_204 HTTP/1.1" 204 0
09:53:39 [DEBUG] Starting new HTTPS connection (1): cp.cloudflare.com:443
09:53:39 [DEBUG] https://dl.google.com:443 "GET /dl/android/studio/install/3.4.1.0/android-studio-ide-183.5522156-windows.exe HTTP/1.1" 200 1017327996
09:53:39 [DEBUG] https://cp.cloudflare.com:443 "GET / HTTP/1.1" 204 0
09:53:39 [DEBUG] Starting new HTTPS connection (1): www.gstatic.com:443
09:53:39 [DEBUG] https://cp.cloudflare.com:443 "GET / HTTP/1.1" 204 0
09:53:39 [DEBUG] Starting new HTTPS connection (1): www.gstatic.com:443
09:53:40 [DEBUG] https://www.gstatic.com:443 "GET /generate_204 HTTP/1.1" 204 0
09:53:40 [INFO]    🎯 37.139.33.57 (Россия) - 0.3Mbps, 1700ms UDP✅ Reality [m.vk.ru]
09:53:40 [DEBUG] Starting new HTTPS connection (1): dl.google.com:443
09:53:40 [DEBUG] https://cp.cloudflare.com:443 "GET / HTTP/1.1" 204 0
09:53:40 [DEBUG] Starting new HTTPS connection (1): www.gstatic.com:443
09:53:40 [INFO]    🎯 37.139.34.145 (Россия) - 4.0Mbps, 1613ms UDP✅ Reality [m.vk.ru]
09:53:40 [DEBUG] https://dl.google.com:443 "GET /dl/android/studio/install/3.4.1.0/android-studio-ide-183.5522156-windows.exe HTTP/1.1" 200 1017327996
09:53:40 [INFO]    🎯 37.139.33.57 (Россия) - 0.4Mbps, 915ms UDP❌ Reality [m.vk.ru]
09:53:40 [DEBUG] https://www.google.com:443 "GET /generate_204 HTTP/1.1" 204 0
09:53:40 [DEBUG] Starting new HTTPS connection (1): cp.cloudflare.com:443
09:53:41 [DEBUG] https://www.google.com:443 "GET /generate_204 HTTP/1.1" 204 0
09:53:41 [DEBUG] Starting new HTTPS connection (1): cp.cloudflare.com:443
09:53:41 [DEBUG] https://cp.cloudflare.com:443 "GET / HTTP/1.1" 204 0
09:53:41 [DEBUG] Starting new HTTPS connection (1): www.gstatic.com:443
09:53:41 [DEBUG] https://cp.cloudflare.com:443 "GET / HTTP/1.1" 204 0
09:53:41 [DEBUG] Starting new HTTPS connection (1): www.gstatic.com:443
09:53:41 [DEBUG] Starting new HTTPS connection (1): www.google.com:443
09:53:41 [DEBUG] https://cp.cloudflare.com:443 "GET / HTTP/1.1" 204 0
09:53:41 [DEBUG] Starting new HTTPS connection (1): www.gstatic.com:443
09:53:41 [DEBUG] https://www.google.com:443 "GET /generate_204 HTTP/1.1" 204 0
09:53:41 [DEBUG] Starting new HTTPS connection (1): cp.cloudflare.com:443
09:53:41 [DEBUG] Starting new HTTPS connection (1): www.google.com:443
09:53:42 [DEBUG] Starting new HTTPS connection (1): www.google.com:443
09:53:42 [DEBUG] https://www.gstatic.com:443 "GET /generate_204 HTTP/1.1" 204 0
09:53:42 [DEBUG] https://cp.cloudflare.com:443 "GET / HTTP/1.1" 204 0
09:53:42 [DEBUG] Starting new HTTPS connection (1): www.gstatic.com:443
09:53:42 [DEBUG] https://www.google.com:443 "GET /generate_204 HTTP/1.1" 204 0
09:53:42 [DEBUG] Starting new HTTPS connection (1): cp.cloudflare.com:443
09:53:43 [DEBUG] https://www.gstatic.com:443 "GET /generate_204 HTTP/1.1" 204 0
09:53:43 [DEBUG] https://cp.cloudflare.com:443 "GET / HTTP/1.1" 204 0
09:53:43 [DEBUG] Starting new HTTPS connection (1): www.gstatic.com:443
09:53:43 [DEBUG] Starting new HTTPS connection (1): dl.google.com:443
09:53:43 [DEBUG] https://www.gstatic.com:443 "GET /generate_204 HTTP/1.1" 204 0
09:53:43 [DEBUG] https://www.google.com:443 "GET /generate_204 HTTP/1.1" 204 0
09:53:43 [DEBUG] Starting new HTTPS connection (1): cp.cloudflare.com:443
09:53:44 [DEBUG] Starting new HTTPS connection (1): dl.google.com:443
09:53:44 [DEBUG] https://dl.google.com:443 "GET /dl/android/studio/install/3.4.1.0/android-studio-ide-183.5522156-windows.exe HTTP/1.1" 200 1017327996
09:53:44 [DEBUG] Starting new HTTPS connection (1): dl.google.com:443
09:53:44 [DEBUG] https://dl.google.com:443 "GET /dl/android/studio/install/3.4.1.0/android-studio-ide-183.5522156-windows.exe HTTP/1.1" 200 1017327996
09:53:44 [INFO]    🎯 195.209.67.124 (Россия) - 0.0Mbps, 1053ms UDP✅  []
09:53:45 [DEBUG] https://www.gstatic.com:443 "GET /generate_204 HTTP/1.1" 204 0
09:53:45 [INFO]    🎯 158.160.105.121 (Россия) - 6.8Mbps, 552ms UDP✅ Reality [yandex.ru]
09:53:45 [DEBUG] Starting new HTTPS connection (1): www.google.com:443
09:53:46 [DEBUG] Starting new HTTPS connection (1): dl.google.com:443
09:53:46 [INFO]    🎯 158.160.105.121 (Россия) - 4.6Mbps, 560ms UDP✅ Reality [yandex.ru]
09:53:46 [INFO]    📊 Whitelist: 63/78 (81%) | ✅56 ❌7
09:53:46 [DEBUG] https://dl.google.com:443 "GET /dl/android/studio/install/3.4.1.0/android-studio-ide-183.5522156-windows.exe HTTP/1.1" 200 1017327996
09:53:46 [INFO]    🎯 5.188.141.69 (Россия) - 5.0Mbps, 2585ms UDP✅ Reality [ads.x5.ru]
09:53:46 [DEBUG] https://www.google.com:443 "GET /generate_204 HTTP/1.1" 204 0
09:53:46 [DEBUG] Starting new HTTPS connection (1): cp.cloudflare.com:443
09:53:47 [DEBUG] Starting new HTTPS connection (1): www.google.com:443
09:53:47 [DEBUG] Starting new HTTPS connection (1): www.google.com:443
09:53:47 [DEBUG] https://www.google.com:443 "GET /generate_204 HTTP/1.1" 204 0
09:53:47 [DEBUG] Starting new HTTPS connection (1): cp.cloudflare.com:443
09:53:47 [DEBUG] Starting new HTTPS connection (1): dl.google.com:443
09:53:47 [DEBUG] Starting new HTTPS connection (1): dl.google.com:443
09:53:47 [DEBUG] https://www.google.com:443 "GET /generate_204 HTTP/1.1" 204 0
09:53:47 [DEBUG] Starting new HTTPS connection (1): cp.cloudflare.com:443
09:53:47 [DEBUG] Starting new HTTPS connection (1): www.google.com:443
09:53:48 [DEBUG] https://cp.cloudflare.com:443 "GET / HTTP/1.1" 204 0
09:53:48 [DEBUG] Starting new HTTPS connection (1): www.gstatic.com:443
09:53:48 [DEBUG] https://cp.cloudflare.com:443 "GET / HTTP/1.1" 204 0
09:53:48 [DEBUG] Starting new HTTPS connection (1): www.gstatic.com:443
09:53:48 [DEBUG] https://cp.cloudflare.com:443 "GET / HTTP/1.1" 204 0
09:53:48 [DEBUG] Starting new HTTPS connection (1): www.gstatic.com:443
09:53:48 [DEBUG] https://www.google.com:443 "GET /generate_204 HTTP/1.1" 204 0
09:53:48 [DEBUG] Starting new HTTPS connection (1): cp.cloudflare.com:443
09:53:48 [DEBUG] https://www.gstatic.com:443 "GET /generate_204 HTTP/1.1" 204 0
09:53:48 [DEBUG] Starting new HTTPS connection (1): dl.google.com:443
09:53:48 [DEBUG] Starting new HTTPS connection (1): www.gstatic.com:443
09:53:48 [DEBUG] https://www.gstatic.com:443 "GET /generate_204 HTTP/1.1" 204 0
09:53:48 [DEBUG] https://cp.cloudflare.com:443 "GET / HTTP/1.1" 204 0
09:53:48 [DEBUG] Starting new HTTPS connection (1): www.gstatic.com:443
09:53:48 [DEBUG] Starting new HTTPS connection (1): dl.google.com:443
09:53:49 [DEBUG] Starting new HTTPS connection (1): dl.google.com:443
09:53:49 [DEBUG] https://www.gstatic.com:443 "GET /generate_204 HTTP/1.1" 204 0
09:53:49 [DEBUG] https://dl.google.com:443 "GET /dl/android/studio/install/3.4.1.0/android-studio-ide-183.5522156-windows.exe HTTP/1.1" 200 1017327996
09:53:49 [DEBUG] https://dl.google.com:443 "GET /dl/android/studio/install/3.4.1.0/android-studio-ide-183.5522156-windows.exe HTTP/1.1" 200 1017327996
09:53:49 [DEBUG] Starting new HTTPS connection (1): dl.google.com:443
09:53:50 [DEBUG] https://www.gstatic.com:443 "GET /generate_204 HTTP/1.1" 204 0
09:53:50 [DEBUG] https://www.gstatic.com:443 "GET /generate_204 HTTP/1.1" 204 0
09:53:50 [DEBUG] https://dl.google.com:443 "GET /dl/android/studio/install/3.4.1.0/android-studio-ide-183.5522156-windows.exe HTTP/1.1" 200 1017327996
09:53:51 [DEBUG] Starting new HTTPS connection (1): dl.google.com:443
09:53:51 [DEBUG] https://dl.google.com:443 "GET /dl/android/studio/install/3.4.1.0/android-studio-ide-183.5522156-windows.exe HTTP/1.1" 200 1017327996
09:53:51 [INFO]    🎯 87.239.106.153 (Россия) - 5.0Mbps, 496ms UDP✅ Reality [m.vk.ru]
09:53:51 [DEBUG] Starting new HTTPS connection (1): dl.google.com:443
09:53:52 [DEBUG] https://dl.google.com:443 "GET /dl/android/studio/install/3.4.1.0/android-studio-ide-183.5522156-windows.exe HTTP/1.1" 200 1017327996
09:53:52 [DEBUG] https://dl.google.com:443 "GET /dl/android/studio/install/3.4.1.0/android-studio-ide-183.5522156-windows.exe HTTP/1.1" 200 1017327996
09:53:52 [DEBUG] Starting new HTTPS connection (1): www.google.com:443
09:53:53 [INFO]    🎯 46.243.232.142 (Россия) - 1.9Mbps, 3478ms UDP✅ Reality [sun6-22.userapi.com]
09:53:53 [INFO]    🎯 212.233.96.101 (Россия) - 2.4Mbps, 2738ms UDP✅ Reality [max.ru]
09:53:53 [INFO]    🎯 212.233.96.101 (Россия) - 2.4Mbps, 2707ms UDP✅ Reality [ads.x5.ru]
09:53:53 [DEBUG] https://www.google.com:443 "GET /generate_204 HTTP/1.1" 204 0
09:53:53 [DEBUG] Starting new HTTPS connection (1): cp.cloudflare.com:443
09:53:53 [DEBUG] https://cp.cloudflare.com:443 "GET / HTTP/1.1" 204 0
09:53:53 [DEBUG] Starting new HTTPS connection (1): www.gstatic.com:443
09:53:54 [DEBUG] Starting new HTTPS connection (1): www.google.com:443
09:53:54 [DEBUG] Starting new HTTPS connection (1): www.google.com:443
09:53:54 [DEBUG] Starting new HTTPS connection (1): www.google.com:443
09:53:54 [DEBUG] https://www.gstatic.com:443 "GET /generate_204 HTTP/1.1" 204 0
09:53:54 [INFO]    🎯 5.188.140.18 (Россия) - 0.0Mbps, 3447ms UDP❌ Reality [ads.x5.ru]
09:53:54 [DEBUG] https://www.google.com:443 "GET /generate_204 HTTP/1.1" 204 0
09:53:54 [DEBUG] Starting new HTTPS connection (1): cp.cloudflare.com:443
09:53:54 [DEBUG] Starting new HTTPS connection (1): dl.google.com:443
09:53:55 [DEBUG] https://www.google.com:443 "GET /generate_204 HTTP/1.1" 204 0
09:53:55 [DEBUG] Starting new HTTPS connection (1): cp.cloudflare.com:443
09:53:55 [DEBUG] https://www.google.com:443 "GET /generate_204 HTTP/1.1" 204 0
09:53:55 [DEBUG] Starting new HTTPS connection (1): cp.cloudflare.com:443
09:53:55 [DEBUG] https://cp.cloudflare.com:443 "GET / HTTP/1.1" 204 0
09:53:55 [DEBUG] Starting new HTTPS connection (1): www.gstatic.com:443
09:53:55 [DEBUG] https://dl.google.com:443 "GET /dl/android/studio/install/3.4.1.0/android-studio-ide-183.5522156-windows.exe HTTP/1.1" 200 1017327996
09:53:55 [DEBUG] https://www.gstatic.com:443 "GET /generate_204 HTTP/1.1" 204 0
09:53:56 [DEBUG] https://cp.cloudflare.com:443 "GET / HTTP/1.1" 204 0
09:53:56 [DEBUG] Starting new HTTPS connection (1): www.gstatic.com:443
09:53:56 [INFO]    🎯 89.169.162.214 (Россия) - 9.4Mbps, 567ms UDP✅ Reality [yandex.ru]
09:53:56 [INFO]    📊 Whitelist: 70/78 (90%) | ✅63 ❌7
09:53:56 [DEBUG] Starting new HTTPS connection (1): dl.google.com:443
09:53:56 [DEBUG] https://cp.cloudflare.com:443 "GET / HTTP/1.1" 204 0
09:53:56 [DEBUG] Starting new HTTPS connection (1): www.gstatic.com:443
09:53:56 [INFO]    🎯 90.156.217.130 (Россия) - 0.8Mbps, 417ms UDP✅ Reality [m.vk.ru]
09:53:56 [DEBUG] https://dl.google.com:443 "GET /dl/android/studio/install/3.4.1.0/android-studio-ide-183.5522156-windows.exe HTTP/1.1" 200 1017327996
09:53:56 [DEBUG] https://www.gstatic.com:443 "GET /generate_204 HTTP/1.1" 204 0
09:53:56 [DEBUG] https://dl.google.com:443 "GET /dl/android/studio/install/3.4.1.0/android-studio-ide-183.5522156-windows.exe HTTP/1.1" 200 1017327996
09:53:57 [INFO]    🎯 178.154.253.80 (Россия) - 0.0Mbps, 1102ms UDP✅ Reality [yandex.ru]
09:53:57 [DEBUG] https://www.gstatic.com:443 "GET /generate_204 HTTP/1.1" 204 0
09:53:57 [DEBUG] Starting new HTTPS connection (1): dl.google.com:443
09:53:57 [INFO]    🎯 89.169.162.214 (Россия) - 9.1Mbps, 564ms UDP✅ Reality [yandex.ru]
09:53:58 [DEBUG] Starting new HTTPS connection (1): dl.google.com:443
09:53:59 [DEBUG] https://dl.google.com:443 "GET /dl/android/studio/install/3.4.1.0/android-studio-ide-183.5522156-windows.exe HTTP/1.1" 200 1017327996
09:54:00 [DEBUG] https://dl.google.com:443 "GET /dl/android/studio/install/3.4.1.0/android-studio-ide-183.5522156-windows.exe HTTP/1.1" 200 1017327996
09:54:04 [INFO]    🎯 89.208.230.173 (Россия) - 1.0Mbps, 1721ms UDP✅ Reality [ads.x5.ru]
09:54:31 [INFO]    🎯 37.139.33.57 (Россия) - 0.3Mbps, 970ms UDP✅ Reality [m.vk.ru]
09:54:32 [INFO]    🎯 37.139.34.145 (Россия) - 0.3Mbps, 535ms UDP✅ Reality [m.vk.ru]
09:54:37 [INFO]    🎯 87.239.110.251 (Россия) - 0.3Mbps, 993ms UDP✅ Reality [m.vk.ru]
09:54:37 [INFO]    📊 Whitelist: 77/78 (99%) | ✅70 ❌7
09:54:45 [INFO]    🎯 87.239.110.251 (Россия) - 0.3Mbps, 897ms UDP✅ Reality [m.vk.ru]
09:54:45 [INFO] 
✅ Прошли: 77 (55 Reality), 71 WL
09:54:45 [INFO] 
══════════════════════════════════════════════════
09:54:45 [INFO] 🏆 ЭТАП 4: ФИНАЛЬНЫЙ ОТБОР
09:54:45 [INFO] ══════════════════════════════════════════════════
09:54:45 [INFO] 
📊 Пулы после фильтрации:
09:54:45 [INFO]    🎮 GAME (Reality, <150ms): 5
09:54:45 [INFO]    ⚡ UNIVERSAL: 18
09:54:45 [INFO]    🔄 WARP (Reality score≥50): 31
09:54:45 [INFO]    ⚪ WHITELIST: 71
09:54:45 [INFO] 
🎮 Выбор GAME серверов (Reality only!)...
09:54:45 [INFO]    GAME-1: 144.31.2.86 (Польша) - 140ms, 38.9Mbps, Reality✅
09:54:45 [INFO]    GAME-2: 57.129.53.182 (Германия) - 34ms, 46.4Mbps, Reality✅
09:54:45 [INFO] 
⚡ Выбор UNIVERSAL серверов (приоритет Reality)...
09:54:45 [INFO]    UNIVERSAL-1: 91.84.109.124 (Нидерланды) - 37.8Mbps Reality✅
09:54:45 [INFO]    UNIVERSAL-2: 91.84.113.47 (Нидерланды) - 35.2Mbps Reality✅
09:54:45 [INFO]    UNIVERSAL-3: 91.84.109.130 (Нидерланды) - 26.7Mbps Reality✅
09:54:45 [INFO] 
🔄 Выбор WARP серверов (Reality с высоким score)...
09:54:45 [INFO]    WARP-1: 45.43.79.73 (Латвия) - score=100
09:54:45 [INFO]    WARP-2: 188.253.26.39 (Нидерланды) - score=100
09:54:45 [INFO] 
⚪ Выбор WHITELIST серверов...
09:54:45 [INFO]    WHITELIST-1: 51.250.16.92 - 21.4Mbps
09:54:45 [INFO]    WHITELIST-2: 212.233.96.101 - 19.8Mbps
09:54:45 [INFO] 
✅ Итого: 9 серверов
09:54:45 [INFO] 📦 Резерв: 30 серверов
09:54:45 [INFO] 🛡️ Reality в финале: 9/9
09:54:45 [INFO] 🏆 THE FINAL 9 (Russia-Proof):
09:54:45 [INFO] 💾 Подписка: FL1PVPN (9 серверов)
09:54:45 [INFO] ✅ ГОТОВО за 396.2 сек
09:54:45 [INFO] 🛡️ Reality в финале: 9/9
