15:07:22 [INFO] 🚀 FL1P VPN V122 - PERFECT 9 EDITION
15:07:22 [INFO]    ⏰ 2026-02-06 18:07:22 MSK
15:07:22 [INFO]    📋 Структура: 2×GAME + 3×UNIVERSAL + 2×WARP + 2×WHITELIST = 9
15:07:22 [INFO]    🎨 Формат: 🎮🇫🇮 Финляндия | 📅15:30
15:07:22 [INFO] 📂 История: 9106 записей
15:07:22 [INFO] 🌍 GeoIP OK
15:07:22 [INFO] 
══════════════════════════════════════════════════
15:07:22 [INFO] 📥 ЭТАП 1: СБОР КОНФИГОВ
15:07:22 [INFO] ══════════════════════════════════════════════════
15:07:22 [INFO] 📥 Сбор конфигов...
15:07:22 [DEBUG] Starting new HTTPS connection (1): raw.githubusercontent.com:443
15:07:22 [DEBUG] Starting new HTTPS connection (1): raw.githubusercontent.com:443
15:07:22 [DEBUG] Starting new HTTPS connection (1): raw.githubusercontent.com:443
15:07:22 [DEBUG] Starting new HTTPS connection (1): raw.githubusercontent.com:443
15:07:22 [DEBUG] Starting new HTTPS connection (1): raw.githubusercontent.com:443
15:07:22 [DEBUG] Starting new HTTPS connection (1): raw.githubusercontent.com:443
15:07:22 [DEBUG] Starting new HTTPS connection (1): raw.githubusercontent.com:443
15:07:22 [DEBUG] Starting new HTTPS connection (1): raw.githubusercontent.com:443
15:07:22 [DEBUG] Starting new HTTPS connection (1): raw.githubusercontent.com:443
15:07:22 [DEBUG] Starting new HTTPS connection (1): raw.githubusercontent.com:443
15:07:22 [DEBUG] Starting new HTTPS connection (1): raw.githubusercontent.com:443
15:07:22 [DEBUG] Starting new HTTPS connection (1): raw.githubusercontent.com:443
15:07:22 [DEBUG] Starting new HTTPS connection (1): raw.githubusercontent.com:443
15:07:22 [DEBUG] Starting new HTTPS connection (1): raw.githubusercontent.com:443
15:07:22 [DEBUG] Starting new HTTPS connection (1): raw.githubusercontent.com:443
15:07:23 [DEBUG] https://raw.githubusercontent.com:443 "GET /barry-far/V2ray-Configs/main/Splitted-By-Protocol/vless.txt HTTP/1.1" 404 14
15:07:23 [DEBUG] https://raw.githubusercontent.com:443 "GET /mahdibland/V2RayAggregator/master/Eternity HTTP/1.1" 200 11840
15:07:23 [DEBUG] Starting new HTTPS connection (1): raw.githubusercontent.com:443
15:07:23 [DEBUG] https://raw.githubusercontent.com:443 "GET /w1770946466/Auto_proxy/main/Long_term_subscription_num HTTP/1.1" 200 48700
15:07:23 [DEBUG] Starting new HTTPS connection (1): raw.githubusercontent.com:443
15:07:23 [DEBUG] https://raw.githubusercontent.com:443 "GET /mfuu/v2ray/master/v2ray HTTP/1.1" 200 13458
15:07:23 [DEBUG] https://raw.githubusercontent.com:443 "GET /Epodonios/v2ray-configs/main/Splitted-By-Protocol/vless.txt HTTP/1.1" 200 295433
15:07:23 [DEBUG] https://raw.githubusercontent.com:443 "GET /soroushmirzaei/telegram-configs-collector/main/protocols/reality HTTP/1.1" 404 14
15:07:23 [DEBUG] Starting new HTTPS connection (1): raw.githubusercontent.com:443
15:07:23 [DEBUG] https://raw.githubusercontent.com:443 "GET /Yebekhe/TelegramV2rayCollector/main/sub/normal/reality HTTP/1.1" 404 14
15:07:23 [DEBUG] https://raw.githubusercontent.com:443 "GET /yebekhe/TVC/main/subscriptions/xray/reality HTTP/1.1" 404 14
15:07:23 [DEBUG] Starting new HTTPS connection (1): raw.githubusercontent.com:443
15:07:23 [DEBUG] Starting new HTTPS connection (1): raw.githubusercontent.com:443
15:07:23 [DEBUG] https://raw.githubusercontent.com:443 "GET /lagzian/SS-Collector/main/realitiy_api.txt HTTP/1.1" 404 14
15:07:23 [DEBUG] Starting new HTTPS connection (1): raw.githubusercontent.com:443
15:07:23 [DEBUG] https://raw.githubusercontent.com:443 "GET /Epodonios/v2ray-configs/main/Splitted-By-Protocol/reality.txt HTTP/1.1" 404 14
15:07:23 [DEBUG] Starting new HTTPS connection (1): raw.githubusercontent.com:443
15:07:23 [DEBUG] https://raw.githubusercontent.com:443 "GET /Pawdroid/Free-servers/main/sub HTTP/1.1" 200 2173
15:07:23 [DEBUG] https://raw.githubusercontent.com:443 "GET /MrMohebi/xray-proxy-grabber-telegram/master/collected-proxies/row-url/all.txt HTTP/1.1" 200 15975
15:07:23 [DEBUG] https://raw.githubusercontent.com:443 "GET /NiREvil/vless/main/sub/vless HTTP/1.1" 404 14
15:07:23 [DEBUG] https://raw.githubusercontent.com:443 "GET /mahdibland/V2RayAggregator/master/sub/splitted/reality.txt HTTP/1.1" 404 14
15:07:23 [DEBUG] Starting new HTTPS connection (1): t.me:443
15:07:23 [DEBUG] Starting new HTTPS connection (1): t.me:443
15:07:23 [DEBUG] Starting new HTTPS connection (1): raw.githubusercontent.com:443
15:07:23 [DEBUG] https://raw.githubusercontent.com:443 "GET /yebekhe/TVC/main/subscriptions/xray/vless HTTP/1.1" 404 14
15:07:23 [DEBUG] Starting new HTTPS connection (1): t.me:443
15:07:23 [DEBUG] Starting new HTTPS connection (1): raw.githubusercontent.com:443
15:07:23 [DEBUG] Starting new HTTPS connection (1): t.me:443
15:07:23 [DEBUG] Starting new HTTPS connection (1): t.me:443
15:07:24 [DEBUG] https://t.me:443 "GET /s/reality_daily HTTP/1.1" 302 20
15:07:24 [DEBUG] https://raw.githubusercontent.com:443 "GET /freefq/free/master/v2 HTTP/1.1" 200 3099
15:07:24 [DEBUG] https://raw.githubusercontent.com:443 "GET /igareck/vpn-configs-for-russia/refs/heads/main/Vless-Reality-White-Lists-Rus-Mobile-2.txt HTTP/1.1" 200 5985
15:07:24 [DEBUG] Starting new HTTPS connection (1): t.me:443
15:07:24 [DEBUG] https://raw.githubusercontent.com:443 "GET /igareck/vpn-configs-for-russia/main/Vless-Reality-White-Lists-Rus-Mobile.txt HTTP/1.1" 200 6066
15:07:24 [DEBUG] https://t.me:443 "GET /reality_daily HTTP/1.1" 200 3657
15:07:24 [DEBUG] https://t.me:443 "GET /s/PrivateVPNs HTTP/1.1" 200 9538
15:07:24 [DEBUG] Starting new HTTPS connection (1): t.me:443
15:07:24 [DEBUG] Starting new HTTPS connection (1): t.me:443
15:07:24 [DEBUG] https://t.me:443 "GET /s/RealityVpnChannel HTTP/1.1" 302 20
15:07:24 [DEBUG] Starting new HTTPS connection (1): t.me:443
15:07:24 [DEBUG] Starting new HTTPS connection (1): t.me:443
15:07:24 [DEBUG] https://t.me:443 "GET /RealityVpnChannel HTTP/1.1" 200 3661
15:07:24 [DEBUG] https://raw.githubusercontent.com:443 "GET /STARTER-X-0/STARTER-X-VPN/refs/heads/main/RU-WHITE-LIST HTTP/1.1" 404 14
15:07:24 [DEBUG] https://raw.githubusercontent.com:443 "GET /peasoft/NoMoreWalls/master/list.txt HTTP/1.1" 200 11353
15:07:24 [DEBUG] https://raw.githubusercontent.com:443 "GET /igareck/vpn-configs-for-russia/main/BLACK_VLESS_RUS.txt HTTP/1.1" 200 22953
15:07:24 [DEBUG] https://raw.githubusercontent.com:443 "GET /igareck/vpn-configs-for-russia/refs/heads/main/WHITE-CIDR-RU-all.txt HTTP/1.1" 200 31428
15:07:24 [DEBUG] https://raw.githubusercontent.com:443 "GET /AvenCores/goida-vpn-configs/main/configs/vless.txt HTTP/1.1" 404 14
15:07:24 [DEBUG] https://t.me:443 "GET /s/FarahVPN HTTP/1.1" 200 9883
15:07:24 [DEBUG] https://t.me:443 "GET /s/iSegaro HTTP/1.1" 200 18621
15:07:24 [DEBUG] Starting new HTTPS connection (1): t.me:443
15:07:24 [DEBUG] Starting new HTTPS connection (1): t.me:443
15:07:24 [DEBUG] Starting new HTTPS connection (1): t.me:443
15:07:24 [DEBUG] Starting new HTTPS connection (1): t.me:443
15:07:24 [DEBUG] https://raw.githubusercontent.com:443 "GET /igareck/vpn-configs-for-russia/main/configs/vless.txt HTTP/1.1" 404 14
15:07:24 [DEBUG] Starting new HTTPS connection (1): t.me:443
15:07:24 [DEBUG] Starting new HTTPS connection (1): t.me:443
15:07:24 [DEBUG] Starting new HTTPS connection (1): t.me:443
15:07:25 [DEBUG] Starting new HTTPS connection (1): t.me:443
15:07:25 [DEBUG] Starting new HTTPS connection (1): t.me:443
15:07:25 [DEBUG] https://t.me:443 "GET /s/v2ray_outlineir HTTP/1.1" 200 10138
15:07:25 [DEBUG] https://t.me:443 "GET /s/proxy_mtm HTTP/1.1" 302 20
15:07:25 [DEBUG] https://t.me:443 "GET /s/v2ray_configs_pool HTTP/1.1" 200 9531
15:07:25 [DEBUG] https://t.me:443 "GET /s/v2rayng_vpn HTTP/1.1" 200 15548
15:07:25 [DEBUG] https://t.me:443 "GET /proxy_mtm HTTP/1.1" 200 3650
15:07:25 [DEBUG] https://t.me:443 "GET /s/DirectVPN HTTP/1.1" 200 9190
15:07:25 [DEBUG] https://t.me:443 "GET /s/VlessConfig HTTP/1.1" 200 9298
15:07:25 [DEBUG] Starting new HTTPS connection (1): api.github.com:443
15:07:25 [DEBUG] https://t.me:443 "GET /s/ConfigsHUB HTTP/1.1" 200 8793
15:07:25 [DEBUG] Starting new HTTPS connection (1): api.github.com:443
15:07:25 [DEBUG] Starting new HTTPS connection (1): t.me:443
15:07:25 [DEBUG] Starting new HTTPS connection (1): api.github.com:443
15:07:25 [DEBUG] Starting new HTTPS connection (1): api.github.com:443
15:07:25 [DEBUG] https://t.me:443 "GET /s/customv2ray HTTP/1.1" 200 15214
15:07:25 [DEBUG] https://t.me:443 "GET /s/v2ray1_ng HTTP/1.1" 200 16709
15:07:25 [DEBUG] https://t.me:443 "GET /s/freev2rayssr HTTP/1.1" 200 22274
15:07:25 [DEBUG] https://t.me:443 "GET /s/ShadowProxy66 HTTP/1.1" 200 15457
15:07:25 [DEBUG] https://t.me:443 "GET /s/v2ray_alpha HTTP/1.1" 200 18929
15:07:25 [DEBUG] https://t.me:443 "GET /s/Proxy_PJ HTTP/1.1" 200 6965
15:07:25 [DEBUG] https://t.me:443 "GET /s/SafeNet_Server HTTP/1.1" 200 10450
15:07:25 [DEBUG] https://t.me:443 "GET /s/VmessProtocol HTTP/1.1" 200 13299
15:07:25 [DEBUG] https://api.github.com:443 "GET /repos/yebekhe/TelegramV2rayCollector/issues?state=all&per_page=10 HTTP/1.1" 404 125
15:07:25 [DEBUG] https://api.github.com:443 "GET /repos/barry-far/V2ray-Configs/issues?state=all&per_page=10 HTTP/1.1" 403 136
15:07:25 [DEBUG] https://api.github.com:443 "GET /repos/mahdibland/V2RayAggregator/issues?state=all&per_page=10 HTTP/1.1" 200 1949
15:07:26 [DEBUG] https://api.github.com:443 "GET /repos/Pawdroid/Free-servers/issues?state=all&per_page=10 HTTP/1.1" 200 1632
15:07:26 [INFO] 
📊 Собрано: 2965 глобальных (357 Reality), 2097 whitelist
15:07:26 [INFO] 🔄 Сбор WARP конфигов...
15:07:26 [DEBUG] Starting new HTTPS connection (1): raw.githubusercontent.com:443
15:07:26 [DEBUG] https://raw.githubusercontent.com:443 "GET /yebekhe/TVC/main/subscriptions/xray/warp HTTP/1.1" 404 14
15:07:26 [DEBUG] Starting new HTTPS connection (1): raw.githubusercontent.com:443
15:07:26 [DEBUG] https://raw.githubusercontent.com:443 "GET /NiREvil/vless/main/sub/warp HTTP/1.1" 404 14
15:07:26 [DEBUG] Starting new HTTPS connection (1): raw.githubusercontent.com:443
15:07:26 [DEBUG] https://raw.githubusercontent.com:443 "GET /ircfspace/warpsub/main/export/warp HTTP/1.1" 200 363
15:07:26 [INFO]    🔄 Найдено WARP: 7
15:07:26 [INFO] 🔍 Уникальных: 1672 глобальных, 607 whitelist
15:07:26 [INFO] 
══════════════════════════════════════════════════
15:07:26 [INFO] ⚡ ЭТАП 2: TCP ПРОВЕРКА
15:07:26 [INFO] ══════════════════════════════════════════════════
15:07:26 [INFO]    📊 Глобальные: 167/1672 (10%) | ✅129 ❌38
15:07:27 [INFO]    📊 Глобальные: 334/1672 (20%) | ✅199 ❌135
15:07:28 [INFO]    📊 Глобальные: 501/1672 (30%) | ✅278 ❌223
15:07:28 [INFO]    📊 Глобальные: 668/1672 (40%) | ✅381 ❌287
15:07:29 [INFO]    📊 Глобальные: 835/1672 (50%) | ✅493 ❌342
15:07:29 [INFO]    📊 Глобальные: 1002/1672 (60%) | ✅603 ❌399
15:07:29 [INFO]    📊 Глобальные: 1169/1672 (70%) | ✅708 ❌461
15:07:30 [INFO]    📊 Глобальные: 1336/1672 (80%) | ✅801 ❌535
15:07:30 [INFO]    📊 Глобальные: 1503/1672 (90%) | ✅914 ❌589
15:07:32 [INFO]    📊 Глобальные: 1670/1672 (100%) | ✅988 ❌682
15:07:46 [INFO]    📊 Whitelist: 60/607 (10%) | ✅22 ❌38
15:07:46 [INFO]    📊 Whitelist: 120/607 (20%) | ✅22 ❌98
15:07:46 [INFO]    📊 Whitelist: 180/607 (30%) | ✅24 ❌156
15:07:46 [INFO]    📊 Whitelist: 240/607 (40%) | ✅26 ❌214
15:07:46 [INFO]    📊 Whitelist: 300/607 (49%) | ✅28 ❌272
15:07:46 [INFO]    📊 Whitelist: 360/607 (59%) | ✅34 ❌326
15:07:46 [INFO]    📊 Whitelist: 420/607 (69%) | ✅35 ❌385
15:07:46 [INFO]    📊 Whitelist: 480/607 (79%) | ✅40 ❌440
15:07:46 [INFO]    📊 Whitelist: 540/607 (89%) | ✅64 ❌476
15:07:47 [INFO]    📊 Whitelist: 600/607 (99%) | ✅120 ❌480
15:07:47 [INFO] 
✅ Живых: 988 глобальных, 120 whitelist
15:07:47 [INFO] 
📊 Топ стран:
15:07:47 [INFO]    🇽🇽 XX (XX): 735 [T4]
15:07:47 [INFO]    🇳🇱 NL (Нидерланды): 47 [T3]
15:07:47 [INFO]    🇩🇪 DE (Германия): 42 [T3]
15:07:47 [INFO]    🇫🇮 FI (Финляндия): 19 [T1]
15:07:47 [INFO]    🇬🇧 GB (Британия): 14 [T4]
15:07:47 [INFO]    🇫🇷 FR (Франция): 13 [T4]
15:07:47 [INFO]    🇦🇪 AE (AE): 12 [T4]
15:07:47 [INFO]    🇸🇪 SE (Швеция): 11 [T2]
15:07:47 [INFO]    🇰🇿 KZ (KZ): 10 [T4]
15:07:47 [INFO]    🇨🇾 CY (CY): 9 [T4]
15:07:47 [INFO] 
══════════════════════════════════════════════════
15:07:47 [INFO] 🧪 ЭТАП 3: ГЛУБОКАЯ ПРОВЕРКА
15:07:47 [INFO] ══════════════════════════════════════════════════
15:07:47 [INFO]    К проверке: 500 глобальных, 100 whitelist
15:07:48 [DEBUG] Starting new HTTPS connection (1): www.google.com:443
15:07:48 [DEBUG] Starting new HTTPS connection (1): www.google.com:443
15:07:48 [DEBUG] Starting new HTTPS connection (1): www.google.com:443
15:07:48 [DEBUG] Starting new HTTPS connection (1): www.google.com:443
15:07:48 [DEBUG] Starting new HTTPS connection (1): www.google.com:443
15:07:48 [DEBUG] Starting new HTTPS connection (1): www.google.com:443
15:07:48 [DEBUG] Starting new HTTPS connection (1): www.google.com:443
15:07:48 [DEBUG] Starting new HTTPS connection (1): www.google.com:443
15:07:48 [DEBUG] Starting new HTTPS connection (1): www.google.com:443
15:07:48 [DEBUG] Starting new HTTPS connection (1): www.google.com:443
15:07:48 [DEBUG] Starting new HTTPS connection (1): www.google.com:443
15:07:48 [DEBUG] Starting new HTTPS connection (1): www.google.com:443
15:07:48 [DEBUG] Starting new HTTPS connection (1): cp.cloudflare.com:443
15:07:48 [DEBUG] Starting new HTTPS connection (1): cp.cloudflare.com:443
15:07:48 [DEBUG] Starting new HTTPS connection (1): cp.cloudflare.com:443
15:07:48 [DEBUG] Starting new HTTPS connection (1): cp.cloudflare.com:443
15:07:48 [DEBUG] Starting new HTTPS connection (1): www.gstatic.com:443
15:07:48 [DEBUG] Starting new HTTPS connection (1): www.gstatic.com:443
15:07:48 [DEBUG] https://www.google.com:443 "GET /generate_204 HTTP/1.1" 204 0
15:07:48 [DEBUG] Starting new HTTPS connection (1): cp.cloudflare.com:443
15:07:48 [DEBUG] Starting new HTTPS connection (1): www.gstatic.com:443
15:07:48 [DEBUG] https://www.google.com:443 "GET /generate_204 HTTP/1.1" 204 0
15:07:48 [DEBUG] Starting new HTTPS connection (1): cp.cloudflare.com:443
15:07:48 [DEBUG] Starting new HTTPS connection (1): www.gstatic.com:443
15:07:48 [DEBUG] https://www.google.com:443 "GET /generate_204 HTTP/1.1" 204 0
15:07:48 [DEBUG] Starting new HTTPS connection (1): cp.cloudflare.com:443
15:07:48 [DEBUG] https://cp.cloudflare.com:443 "GET / HTTP/1.1" 204 0
15:07:48 [DEBUG] Starting new HTTPS connection (1): www.gstatic.com:443
15:07:49 [DEBUG] https://www.google.com:443 "GET /generate_204 HTTP/1.1" 204 0
15:07:49 [DEBUG] Starting new HTTPS connection (1): cp.cloudflare.com:443
15:07:49 [DEBUG] https://www.gstatic.com:443 "GET /generate_204 HTTP/1.1" 204 0
15:07:49 [DEBUG] https://cp.cloudflare.com:443 "GET / HTTP/1.1" 204 0
15:07:49 [DEBUG] Starting new HTTPS connection (1): www.gstatic.com:443
15:07:49 [DEBUG] Starting new HTTPS connection (1): dl.google.com:443
15:07:49 [DEBUG] https://cp.cloudflare.com:443 "GET / HTTP/1.1" 204 0
15:07:49 [DEBUG] Starting new HTTPS connection (1): www.gstatic.com:443
15:07:49 [DEBUG] https://www.google.com:443 "GET /generate_204 HTTP/1.1" 204 0
15:07:49 [DEBUG] Starting new HTTPS connection (1): cp.cloudflare.com:443
15:07:49 [DEBUG] https://dl.google.com:443 "GET /dl/android/studio/install/3.4.1.0/android-studio-ide-183.5522156-windows.exe HTTP/1.1" 200 1017327996
15:07:49 [DEBUG] https://www.gstatic.com:443 "GET /generate_204 HTTP/1.1" 204 0
15:07:49 [DEBUG] https://cp.cloudflare.com:443 "GET / HTTP/1.1" 204 0
15:07:49 [DEBUG] Starting new HTTPS connection (1): www.gstatic.com:443
15:07:49 [DEBUG] https://www.gstatic.com:443 "GET /generate_204 HTTP/1.1" 204 0
15:07:49 [DEBUG] https://cp.cloudflare.com:443 "GET / HTTP/1.1" 204 0
15:07:49 [DEBUG] Starting new HTTPS connection (1): www.gstatic.com:443
15:07:49 [DEBUG] Starting new HTTPS connection (1): dl.google.com:443
15:07:49 [DEBUG] Starting new HTTPS connection (1): dl.google.com:443
15:07:49 [DEBUG] https://www.gstatic.com:443 "GET /generate_204 HTTP/1.1" 204 0
15:07:49 [DEBUG] Starting new HTTPS connection (1): www.google.com:443
15:07:49 [DEBUG] Starting new HTTPS connection (1): dl.google.com:443
15:07:49 [DEBUG] Starting new HTTPS connection (1): www.google.com:443
15:07:49 [DEBUG] https://www.google.com:443 "GET /generate_204 HTTP/1.1" 204 0
15:07:49 [DEBUG] Starting new HTTPS connection (1): cp.cloudflare.com:443
15:07:49 [DEBUG] Starting new HTTPS connection (1): www.google.com:443
15:07:49 [DEBUG] https://dl.google.com:443 "GET /dl/android/studio/install/3.4.1.0/android-studio-ide-183.5522156-windows.exe HTTP/1.1" 404 1449
15:07:49 [INFO]    🎯 46.62.128.207 (Финляндия) - 0.0Mbps, 324ms UDP✅ Reality
15:07:49 [DEBUG] https://www.google.com:443 "GET /generate_204 HTTP/1.1" 204 0
15:07:49 [DEBUG] Starting new HTTPS connection (1): cp.cloudflare.com:443
15:07:50 [DEBUG] Starting new HTTPS connection (1): www.google.com:443
15:07:50 [DEBUG] https://cp.cloudflare.com:443 "GET / HTTP/1.1" 204 0
15:07:50 [DEBUG] Starting new HTTPS connection (1): www.gstatic.com:443
15:07:50 [DEBUG] https://dl.google.com:443 "GET /dl/android/studio/install/3.4.1.0/android-studio-ide-183.5522156-windows.exe HTTP/1.1" 200 1017327996
15:07:50 [DEBUG] https://www.gstatic.com:443 "GET /generate_204 HTTP/1.1" 204 0
15:07:50 [DEBUG] https://www.gstatic.com:443 "GET /generate_204 HTTP/1.1" 204 0
15:07:50 [DEBUG] Starting new HTTPS connection (1): dl.google.com:443
15:07:50 [DEBUG] https://cp.cloudflare.com:443 "GET / HTTP/1.1" 204 0
15:07:50 [DEBUG] Starting new HTTPS connection (1): www.gstatic.com:443
15:07:50 [DEBUG] https://www.gstatic.com:443 "GET /generate_204 HTTP/1.1" 204 0
15:07:50 [INFO]    🎯 144.31.2.86 (Польша) - 13.4Mbps, 159ms UDP✅ Reality
15:07:50 [DEBUG] Starting new HTTPS connection (1): dl.google.com:443
15:07:50 [DEBUG] https://dl.google.com:443 "GET /dl/android/studio/install/3.4.1.0/android-studio-ide-183.5522156-windows.exe HTTP/1.1" 404 1449
15:07:50 [INFO]    🎯 65.108.108.151 (Финляндия) - 0.0Mbps, 390ms UDP✅ Reality
15:07:50 [INFO]    🎯 45.43.79.73 (Латвия) - 20.7Mbps, 297ms UDP✅ Reality
15:07:50 [DEBUG] Starting new HTTPS connection (1): dl.google.com:443
15:07:50 [DEBUG] https://dl.google.com:443 "GET /dl/android/studio/install/3.4.1.0/android-studio-ide-183.5522156-windows.exe HTTP/1.1" 200 1017327996
15:07:50 [INFO]    🎯 57.129.53.182 (Германия) - 30.7Mbps, 54ms UDP✅ Reality
15:07:50 [DEBUG] https://dl.google.com:443 "GET /dl/android/studio/install/3.4.1.0/android-studio-ide-183.5522156-windows.exe HTTP/1.1" 404 1449
15:07:50 [INFO]    🎯 57.129.49.1 (Германия) - 0.0Mbps, 64ms UDP✅ Reality
15:07:50 [DEBUG] https://dl.google.com:443 "GET /dl/android/studio/install/3.4.1.0/android-studio-ide-183.5522156-windows.exe HTTP/1.1" 404 1449
15:07:50 [INFO]    🎯 2.56.125.209 (Польша) - 0.0Mbps, 470ms UDP✅ Reality
15:07:50 [DEBUG] Starting new HTTPS connection (1): cp.cloudflare.com:443
15:07:50 [DEBUG] Starting new HTTPS connection (1): www.google.com:443
15:07:51 [DEBUG] Starting new HTTPS connection (1): www.google.com:443
15:07:51 [DEBUG] https://www.google.com:443 "GET /generate_204 HTTP/1.1" 204 0
15:07:51 [DEBUG] Starting new HTTPS connection (1): cp.cloudflare.com:443
15:07:51 [DEBUG] Starting new HTTPS connection (1): www.google.com:443
15:07:51 [DEBUG] https://cp.cloudflare.com:443 "GET / HTTP/1.1" 204 0
15:07:51 [DEBUG] Starting new HTTPS connection (1): www.gstatic.com:443
15:07:51 [DEBUG] Starting new HTTPS connection (1): cp.cloudflare.com:443
15:07:51 [DEBUG] Starting new HTTPS connection (1): www.google.com:443
15:07:51 [DEBUG] https://www.gstatic.com:443 "GET /generate_204 HTTP/1.1" 204 0
15:07:51 [DEBUG] Starting new HTTPS connection (1): www.gstatic.com:443
15:07:51 [DEBUG] Starting new HTTPS connection (1): dl.google.com:443
15:07:51 [DEBUG] Starting new HTTPS connection (1): cp.cloudflare.com:443
15:07:51 [DEBUG] Starting new HTTPS connection (1): www.google.com:443
15:07:51 [DEBUG] Starting new HTTPS connection (1): www.gstatic.com:443
15:07:51 [DEBUG] https://www.google.com:443 "GET /generate_204 HTTP/1.1" 204 0
15:07:51 [DEBUG] Starting new HTTPS connection (1): cp.cloudflare.com:443
15:07:51 [DEBUG] https://dl.google.com:443 "GET /dl/android/studio/install/3.4.1.0/android-studio-ide-183.5522156-windows.exe HTTP/1.1" 200 1017327996
15:07:51 [INFO]    🎯 144.31.94.99 (Швейцария) - 65.0Mbps, 60ms UDP✅ Reality
15:07:51 [DEBUG] Starting new HTTPS connection (1): www.google.com:443
15:07:51 [DEBUG] Starting new HTTPS connection (1): www.google.com:443
15:07:52 [DEBUG] Starting new HTTPS connection (1): cp.cloudflare.com:443
15:07:52 [DEBUG] Starting new HTTPS connection (1): www.google.com:443
15:07:52 [DEBUG] Starting new HTTPS connection (1): www.google.com:443
15:07:52 [DEBUG] Starting new HTTPS connection (1): www.google.com:443
15:07:52 [DEBUG] Starting new HTTPS connection (1): cp.cloudflare.com:443
15:07:52 [DEBUG] Starting new HTTPS connection (1): cp.cloudflare.com:443
15:07:53 [DEBUG] https://www.google.com:443 "GET /generate_204 HTTP/1.1" 204 0
15:07:53 [DEBUG] Starting new HTTPS connection (1): cp.cloudflare.com:443
15:07:53 [DEBUG] Starting new HTTPS connection (1): www.gstatic.com:443
15:07:53 [DEBUG] Starting new HTTPS connection (1): cp.cloudflare.com:443
15:07:53 [DEBUG] https://cp.cloudflare.com:443 "GET / HTTP/1.1" 204 0
15:07:53 [DEBUG] Starting new HTTPS connection (1): www.gstatic.com:443
15:07:53 [DEBUG] Starting new HTTPS connection (1): cp.cloudflare.com:443
15:07:53 [DEBUG] https://www.gstatic.com:443 "GET /generate_204 HTTP/1.1" 204 0
15:07:54 [DEBUG] Starting new HTTPS connection (1): dl.google.com:443
15:07:54 [DEBUG] Starting new HTTPS connection (1): cp.cloudflare.com:443
15:07:54 [DEBUG] https://dl.google.com:443 "GET /dl/android/studio/install/3.4.1.0/android-studio-ide-183.5522156-windows.exe HTTP/1.1" 200 1017327996
15:07:54 [INFO]    🎯 51.158.206.103 (Нидерланды) - 56.1Mbps, 458ms UDP✅ Reality
15:07:54 [DEBUG] Starting new HTTPS connection (1): www.gstatic.com:443
15:07:54 [DEBUG] Starting new HTTPS connection (1): cp.cloudflare.com:443
15:07:54 [DEBUG] https://cp.cloudflare.com:443 "GET / HTTP/1.1" 204 0
15:07:54 [DEBUG] Starting new HTTPS connection (1): www.gstatic.com:443
15:07:54 [DEBUG] Starting new HTTPS connection (1): cp.cloudflare.com:443
15:07:54 [DEBUG] https://www.gstatic.com:443 "GET /generate_204 HTTP/1.1" 204 0
15:07:54 [DEBUG] Starting new HTTPS connection (1): dl.google.com:443
15:07:55 [DEBUG] Starting new HTTPS connection (1): www.google.com:443
15:07:55 [DEBUG] Starting new HTTPS connection (1): cp.cloudflare.com:443
15:07:55 [DEBUG] https://dl.google.com:443 "GET /dl/android/studio/install/3.4.1.0/android-studio-ide-183.5522156-windows.exe HTTP/1.1" 200 1017327996
15:07:55 [DEBUG] Starting new HTTPS connection (1): www.gstatic.com:443
15:07:55 [DEBUG] Starting new HTTPS connection (1): www.gstatic.com:443
15:07:55 [DEBUG] Starting new HTTPS connection (1): www.gstatic.com:443
15:07:56 [DEBUG] Starting new HTTPS connection (1): www.gstatic.com:443
15:07:56 [DEBUG] Starting new HTTPS connection (1): www.gstatic.com:443
15:07:56 [DEBUG] Starting new HTTPS connection (1): www.gstatic.com:443
15:07:56 [DEBUG] Starting new HTTPS connection (1): www.gstatic.com:443
15:07:56 [DEBUG] Starting new HTTPS connection (1): www.google.com:443
15:07:56 [DEBUG] Starting new HTTPS connection (1): cp.cloudflare.com:443
15:07:56 [DEBUG] Starting new HTTPS connection (1): www.gstatic.com:443
15:07:57 [DEBUG] https://www.gstatic.com:443 "GET /generate_204 HTTP/1.1" 204 0
15:07:57 [DEBUG] Starting new HTTPS connection (1): www.google.com:443
15:07:57 [DEBUG] https://www.google.com:443 "GET /generate_204 HTTP/1.1" 204 0
15:07:57 [DEBUG] Starting new HTTPS connection (1): cp.cloudflare.com:443
15:07:57 [DEBUG] Starting new HTTPS connection (1): www.google.com:443
15:07:58 [DEBUG] Starting new HTTPS connection (1): www.google.com:443
15:07:58 [DEBUG] https://www.google.com:443 "GET /generate_204 HTTP/1.1" 204 0
15:07:58 [DEBUG] Starting new HTTPS connection (1): cp.cloudflare.com:443
15:07:58 [DEBUG] Starting new HTTPS connection (1): www.google.com:443
15:07:58 [DEBUG] https://cp.cloudflare.com:443 "GET / HTTP/1.1" 204 0
15:07:58 [DEBUG] Starting new HTTPS connection (1): www.gstatic.com:443
15:07:59 [DEBUG] Starting new HTTPS connection (1): cp.cloudflare.com:443
15:07:59 [DEBUG] https://www.gstatic.com:443 "GET /generate_204 HTTP/1.1" 204 0
15:07:59 [DEBUG] Starting new HTTPS connection (1): dl.google.com:443
15:07:59 [DEBUG] Starting new HTTPS connection (1): www.gstatic.com:443
15:07:59 [DEBUG] https://www.google.com:443 "GET /generate_204 HTTP/1.1" 204 0
15:07:59 [DEBUG] Starting new HTTPS connection (1): cp.cloudflare.com:443
15:07:59 [DEBUG] Starting new HTTPS connection (1): www.gstatic.com:443
15:07:59 [DEBUG] Starting new HTTPS connection (1): www.google.com:443
15:07:59 [DEBUG] https://cp.cloudflare.com:443 "GET / HTTP/1.1" 204 0
15:07:59 [DEBUG] Starting new HTTPS connection (1): www.gstatic.com:443
15:07:59 [DEBUG] Starting new HTTPS connection (1): www.google.com:443
15:07:59 [DEBUG] Starting new HTTPS connection (1): www.google.com:443
15:07:59 [DEBUG] https://cp.cloudflare.com:443 "GET / HTTP/1.1" 204 0
15:07:59 [DEBUG] Starting new HTTPS connection (1): www.gstatic.com:443
15:08:00 [DEBUG] Starting new HTTPS connection (1): dl.google.com:443
15:08:00 [DEBUG] Starting new HTTPS connection (1): cp.cloudflare.com:443
15:08:00 [DEBUG] Starting new HTTPS connection (1): www.google.com:443
15:08:00 [DEBUG] https://www.gstatic.com:443 "GET /generate_204 HTTP/1.1" 204 0
15:08:00 [DEBUG] https://www.google.com:443 "GET /generate_204 HTTP/1.1" 204 0
15:08:00 [DEBUG] Starting new HTTPS connection (1): cp.cloudflare.com:443
15:08:00 [DEBUG] https://cp.cloudflare.com:443 "GET / HTTP/1.1" 204 0
15:08:00 [DEBUG] Starting new HTTPS connection (1): www.gstatic.com:443
15:08:00 [DEBUG] https://www.gstatic.com:443 "GET /generate_204 HTTP/1.1" 204 0
15:08:00 [DEBUG] Starting new HTTPS connection (1): dl.google.com:443
15:08:00 [DEBUG] Starting new HTTPS connection (1): dl.google.com:443
15:08:00 [DEBUG] https://www.google.com:443 "GET /generate_204 HTTP/1.1" 204 0
15:08:00 [DEBUG] Starting new HTTPS connection (1): cp.cloudflare.com:443
15:08:00 [DEBUG] https://www.google.com:443 "GET /generate_204 HTTP/1.1" 204 0
15:08:00 [DEBUG] Starting new HTTPS connection (1): cp.cloudflare.com:443
15:08:01 [DEBUG] https://cp.cloudflare.com:443 "GET / HTTP/1.1" 204 0
15:08:01 [DEBUG] Starting new HTTPS connection (1): www.gstatic.com:443
15:08:01 [DEBUG] Starting new HTTPS connection (1): www.gstatic.com:443
15:08:01 [DEBUG] https://dl.google.com:443 "GET /dl/android/studio/install/3.4.1.0/android-studio-ide-183.5522156-windows.exe HTTP/1.1" 200 1017327996
15:08:01 [DEBUG] https://www.gstatic.com:443 "GET /generate_204 HTTP/1.1" 204 0
15:08:01 [INFO]    🎯 212.80.7.206 (Германия) - 44.2Mbps, 106ms UDP✅ Reality
15:08:01 [DEBUG] https://dl.google.com:443 "GET /dl/android/studio/install/3.4.1.0/android-studio-ide-183.5522156-windows.exe HTTP/1.1" 200 1017327996
15:08:01 [DEBUG] Starting new HTTPS connection (1): dl.google.com:443
15:08:01 [INFO]    🎯 51.158.206.80 (Нидерланды) - 29.2Mbps, 872ms UDP✅ Reality
15:08:01 [DEBUG] https://cp.cloudflare.com:443 "GET / HTTP/1.1" 204 0
15:08:01 [DEBUG] Starting new HTTPS connection (1): www.gstatic.com:443
15:08:01 [DEBUG] https://dl.google.com:443 "GET /dl/android/studio/install/3.4.1.0/android-studio-ide-183.5522156-windows.exe HTTP/1.1" 200 1017327996
15:08:01 [INFO]    🎯 37.218.247.35 (Нидерланды) - 41.0Mbps, 420ms UDP✅ Reality
15:08:01 [DEBUG] Starting new HTTPS connection (1): www.google.com:443
15:08:01 [DEBUG] https://www.google.com:443 "GET /generate_204 HTTP/1.1" 204 0
15:08:01 [DEBUG] Starting new HTTPS connection (1): cp.cloudflare.com:443
15:08:01 [DEBUG] https://cp.cloudflare.com:443 "GET / HTTP/1.1" 204 0
15:08:01 [DEBUG] Starting new HTTPS connection (1): www.gstatic.com:443
15:08:02 [INFO]    🎯 38.244.137.198 (Финляндия) - 1.8Mbps, 1084ms UDP✅ Reality
15:08:02 [DEBUG] https://www.gstatic.com:443 "GET /generate_204 HTTP/1.1" 204 0
15:08:02 [DEBUG] https://www.gstatic.com:443 "GET /generate_204 HTTP/1.1" 204 0
15:08:02 [DEBUG] Starting new HTTPS connection (1): dl.google.com:443
15:08:02 [DEBUG] Starting new HTTPS connection (1): cp.cloudflare.com:443
15:08:02 [DEBUG] Starting new HTTPS connection (1): dl.google.com:443
15:08:02 [DEBUG] Starting new HTTPS connection (1): www.google.com:443
15:08:02 [DEBUG] https://dl.google.com:443 "GET /dl/android/studio/install/3.4.1.0/android-studio-ide-183.5522156-windows.exe HTTP/1.1" 200 1017327996
15:08:02 [DEBUG] Starting new HTTPS connection (1): www.google.com:443
15:08:02 [DEBUG] https://www.gstatic.com:443 "GET /generate_204 HTTP/1.1" 204 0
15:08:02 [INFO]    🎯 152.53.51.199 (Австрия) - 46.1Mbps, 126ms UDP✅ Reality
15:08:02 [DEBUG] https://www.google.com:443 "GET /generate_204 HTTP/1.1" 204 0
15:08:02 [DEBUG] Starting new HTTPS connection (1): cp.cloudflare.com:443
15:08:02 [DEBUG] https://www.google.com:443 "GET /generate_204 HTTP/1.1" 204 0
15:08:02 [DEBUG] Starting new HTTPS connection (1): cp.cloudflare.com:443
15:08:02 [DEBUG] Starting new HTTPS connection (1): www.google.com:443
15:08:02 [DEBUG] https://cp.cloudflare.com:443 "GET / HTTP/1.1" 204 0
15:08:02 [DEBUG] Starting new HTTPS connection (1): www.gstatic.com:443
15:08:02 [DEBUG] https://dl.google.com:443 "GET /dl/android/studio/install/3.4.1.0/android-studio-ide-183.5522156-windows.exe HTTP/1.1" 200 1017327996
15:08:02 [DEBUG] Starting new HTTPS connection (1): www.google.com:443
15:08:02 [DEBUG] https://www.google.com:443 "GET /generate_204 HTTP/1.1" 204 0
15:08:02 [DEBUG] Starting new HTTPS connection (1): cp.cloudflare.com:443
15:08:02 [DEBUG] https://cp.cloudflare.com:443 "GET / HTTP/1.1" 204 0
15:08:02 [DEBUG] Starting new HTTPS connection (1): www.gstatic.com:443
15:08:02 [DEBUG] https://www.gstatic.com:443 "GET /generate_204 HTTP/1.1" 204 0
15:08:02 [DEBUG] https://cp.cloudflare.com:443 "GET / HTTP/1.1" 204 0
15:08:02 [DEBUG] Starting new HTTPS connection (1): www.gstatic.com:443
15:08:02 [DEBUG] Starting new HTTPS connection (1): dl.google.com:443
15:08:02 [DEBUG] https://www.gstatic.com:443 "GET /generate_204 HTTP/1.1" 204 0
15:08:02 [DEBUG] https://www.gstatic.com:443 "GET /generate_204 HTTP/1.1" 204 0
15:08:03 [DEBUG] Starting new HTTPS connection (1): www.google.com:443
15:08:03 [DEBUG] https://dl.google.com:443 "GET /dl/android/studio/install/3.4.1.0/android-studio-ide-183.5522156-windows.exe HTTP/1.1" 200 1017327996
15:08:03 [INFO]    🎯 217.154.254.198 (Германия) - 45.8Mbps, 152ms UDP✅ Reality
15:08:03 [DEBUG] Starting new HTTPS connection (1): dl.google.com:443
15:08:03 [DEBUG] https://dl.google.com:443 "GET /dl/android/studio/install/3.4.1.0/android-studio-ide-183.5522156-windows.exe HTTP/1.1" 200 1017327996
15:08:03 [DEBUG] Starting new HTTPS connection (1): www.google.com:443
15:08:03 [DEBUG] https://dl.google.com:443 "GET /dl/android/studio/install/3.4.1.0/android-studio-ide-183.5522156-windows.exe HTTP/1.1" 200 1017327996
15:08:03 [DEBUG] https://www.google.com:443 "GET /generate_204 HTTP/1.1" 204 0
15:08:03 [DEBUG] Starting new HTTPS connection (1): cp.cloudflare.com:443
15:08:03 [DEBUG] https://cp.cloudflare.com:443 "GET / HTTP/1.1" 204 0
15:08:03 [DEBUG] Starting new HTTPS connection (1): www.gstatic.com:443
15:08:03 [INFO]    🎯 94.103.1.230 (Нидерланды) - 27.9Mbps, 273ms UDP✅ Reality
15:08:03 [DEBUG] https://www.gstatic.com:443 "GET /generate_204 HTTP/1.1" 204 0
15:08:03 [DEBUG] Starting new HTTPS connection (1): dl.google.com:443
15:08:03 [DEBUG] https://dl.google.com:443 "GET /dl/android/studio/install/3.4.1.0/android-studio-ide-183.5522156-windows.exe HTTP/1.1" 200 1017327996
15:08:04 [DEBUG] https://www.google.com:443 "GET /generate_204 HTTP/1.1" 204 0
15:08:04 [DEBUG] Starting new HTTPS connection (1): cp.cloudflare.com:443
15:08:04 [DEBUG] Starting new HTTPS connection (1): www.google.com:443
15:08:04 [INFO]    🎯 94.228.215.11 (Нидерланды) - 0.0Mbps, 143ms UDP✅ Reality
15:08:04 [DEBUG] Starting new HTTPS connection (1): www.google.com:443
15:08:04 [DEBUG] https://www.google.com:443 "GET /generate_204 HTTP/1.1" 204 0
15:08:04 [DEBUG] Starting new HTTPS connection (1): cp.cloudflare.com:443
15:08:04 [DEBUG] https://cp.cloudflare.com:443 "GET / HTTP/1.1" 204 0
15:08:04 [DEBUG] Starting new HTTPS connection (1): www.gstatic.com:443
15:08:04 [DEBUG] Starting new HTTPS connection (1): www.google.com:443
15:08:04 [DEBUG] https://cp.cloudflare.com:443 "GET / HTTP/1.1" 204 0
15:08:04 [DEBUG] Starting new HTTPS connection (1): www.gstatic.com:443
15:08:05 [DEBUG] https://www.gstatic.com:443 "GET /generate_204 HTTP/1.1" 204 0
15:08:05 [DEBUG] https://www.gstatic.com:443 "GET /generate_204 HTTP/1.1" 204 0
15:08:05 [DEBUG] Starting new HTTPS connection (1): dl.google.com:443
15:08:05 [DEBUG] Starting new HTTPS connection (1): dl.google.com:443
15:08:05 [DEBUG] Starting new HTTPS connection (1): dl.google.com:443
15:08:05 [DEBUG] https://www.google.com:443 "GET /generate_204 HTTP/1.1" 204 0
15:08:05 [DEBUG] Starting new HTTPS connection (1): cp.cloudflare.com:443
15:08:05 [DEBUG] Starting new HTTPS connection (1): www.google.com:443
15:08:05 [DEBUG] https://dl.google.com:443 "GET /dl/android/studio/install/3.4.1.0/android-studio-ide-183.5522156-windows.exe HTTP/1.1" 200 1017327996
15:08:05 [DEBUG] https://dl.google.com:443 "GET /dl/android/studio/install/3.4.1.0/android-studio-ide-183.5522156-windows.exe HTTP/1.1" 200 1017327996
15:08:05 [DEBUG] https://www.google.com:443 "GET /generate_204 HTTP/1.1" 204 0
15:08:05 [DEBUG] Starting new HTTPS connection (1): cp.cloudflare.com:443
15:08:05 [DEBUG] https://cp.cloudflare.com:443 "GET / HTTP/1.1" 204 0
15:08:05 [DEBUG] Starting new HTTPS connection (1): www.gstatic.com:443
15:08:05 [DEBUG] Starting new HTTPS connection (1): dl.google.com:443
15:08:05 [DEBUG] https://cp.cloudflare.com:443 "GET / HTTP/1.1" 204 0
15:08:05 [DEBUG] Starting new HTTPS connection (1): www.gstatic.com:443
15:08:05 [INFO]    🎯 151.236.15.72 (Германия) - 23.0Mbps, 153ms UDP✅ Reality
15:08:05 [INFO]    🎯 152.53.182.235 (Австрия) - 3.5Mbps, 860ms UDP✅ Reality
15:08:05 [DEBUG] https://www.gstatic.com:443 "GET /generate_204 HTTP/1.1" 204 0
15:08:05 [DEBUG] https://www.gstatic.com:443 "GET /generate_204 HTTP/1.1" 204 0
15:08:05 [DEBUG] Starting new HTTPS connection (1): dl.google.com:443
15:08:05 [INFO]    🎯 38.180.144.156 (Австрия) - 16.1Mbps, 234ms UDP✅ Reality
15:08:05 [DEBUG] Starting new HTTPS connection (1): dl.google.com:443
15:08:06 [DEBUG] Starting new HTTPS connection (1): www.gstatic.com:443
15:08:06 [DEBUG] https://dl.google.com:443 "GET /dl/android/studio/install/3.4.1.0/android-studio-ide-183.5522156-windows.exe HTTP/1.1" 200 1017327996
15:08:06 [DEBUG] https://dl.google.com:443 "GET /dl/android/studio/install/3.4.1.0/android-studio-ide-183.5522156-windows.exe HTTP/1.1" 200 1017327996
15:08:06 [DEBUG] https://dl.google.com:443 "GET /dl/android/studio/install/3.4.1.0/android-studio-ide-183.5522156-windows.exe HTTP/1.1" 200 1017327996
15:08:06 [INFO]    🎯 91.84.109.124 (Нидерланды) - 31.9Mbps, 171ms UDP✅ Reality
15:08:06 [DEBUG] Starting new HTTPS connection (1): cp.cloudflare.com:443
15:08:06 [DEBUG] Starting new HTTPS connection (1): www.google.com:443
15:08:06 [INFO]    🎯 144.31.198.228 (Германия) - 11.0Mbps, 575ms UDP✅ Reality
15:08:06 [DEBUG] Starting new HTTPS connection (1): www.google.com:443
15:08:06 [INFO]    🎯 91.84.102.30 (Нидерланды) - 14.6Mbps, 377ms UDP✅ Reality
15:08:06 [DEBUG] https://www.google.com:443 "GET /generate_204 HTTP/1.1" 204 0
15:08:06 [DEBUG] Starting new HTTPS connection (1): cp.cloudflare.com:443
15:08:06 [DEBUG] Starting new HTTPS connection (1): www.google.com:443
15:08:07 [DEBUG] https://cp.cloudflare.com:443 "GET / HTTP/1.1" 204 0
15:08:07 [DEBUG] Starting new HTTPS connection (1): www.gstatic.com:443
15:08:07 [DEBUG] https://www.gstatic.com:443 "GET /generate_204 HTTP/1.1" 204 0
15:08:07 [DEBUG] Starting new HTTPS connection (1): www.google.com:443
15:08:07 [DEBUG] Starting new HTTPS connection (1): dl.google.com:443
15:08:07 [DEBUG] Starting new HTTPS connection (1): cp.cloudflare.com:443
15:08:07 [DEBUG] https://dl.google.com:443 "GET /dl/android/studio/install/3.4.1.0/android-studio-ide-183.5522156-windows.exe HTTP/1.1" 200 1017327996
15:08:07 [DEBUG] Starting new HTTPS connection (1): www.gstatic.com:443
15:08:07 [DEBUG] Starting new HTTPS connection (1): www.google.com:443
15:08:07 [INFO]    🎯 91.84.109.130 (Нидерланды) - 32.1Mbps, 192ms UDP✅ Reality
15:08:07 [DEBUG] Starting new HTTPS connection (1): www.google.com:443
15:08:07 [DEBUG] https://www.google.com:443 "GET /generate_204 HTTP/1.1" 204 0
15:08:07 [DEBUG] Starting new HTTPS connection (1): cp.cloudflare.com:443
15:08:08 [DEBUG] https://www.google.com:443 "GET /generate_204 HTTP/1.1" 204 0
15:08:08 [DEBUG] Starting new HTTPS connection (1): cp.cloudflare.com:443
15:08:08 [INFO]    🎯 152.53.51.29 (Австрия) - 2.9Mbps, 247ms UDP✅ Reality
15:08:08 [DEBUG] Starting new HTTPS connection (1): cp.cloudflare.com:443
15:08:08 [DEBUG] https://cp.cloudflare.com:443 "GET / HTTP/1.1" 204 0
15:08:08 [DEBUG] Starting new HTTPS connection (1): www.gstatic.com:443
15:08:08 [DEBUG] Starting new HTTPS connection (1): www.google.com:443
15:08:08 [DEBUG] https://cp.cloudflare.com:443 "GET / HTTP/1.1" 204 0
15:08:08 [DEBUG] Starting new HTTPS connection (1): www.gstatic.com:443
15:08:08 [DEBUG] Starting new HTTPS connection (1): www.google.com:443
15:08:08 [DEBUG] https://www.gstatic.com:443 "GET /generate_204 HTTP/1.1" 204 0
15:08:08 [DEBUG] https://www.google.com:443 "GET /generate_204 HTTP/1.1" 204 0
15:08:08 [DEBUG] Starting new HTTPS connection (1): cp.cloudflare.com:443
15:08:09 [DEBUG] https://cp.cloudflare.com:443 "GET / HTTP/1.1" 204 0
15:08:09 [DEBUG] Starting new HTTPS connection (1): www.gstatic.com:443
15:08:09 [DEBUG] https://www.gstatic.com:443 "GET /generate_204 HTTP/1.1" 204 0
15:08:09 [DEBUG] https://www.google.com:443 "GET /generate_204 HTTP/1.1" 204 0
15:08:09 [DEBUG] Starting new HTTPS connection (1): cp.cloudflare.com:443
15:08:09 [DEBUG] Starting new HTTPS connection (1): www.google.com:443
15:08:09 [DEBUG] Starting new HTTPS connection (1): dl.google.com:443
15:08:09 [DEBUG] Starting new HTTPS connection (1): dl.google.com:443
15:08:09 [DEBUG] https://cp.cloudflare.com:443 "GET / HTTP/1.1" 204 0
15:08:09 [DEBUG] Starting new HTTPS connection (1): www.gstatic.com:443
15:08:09 [DEBUG] https://dl.google.com:443 "GET /dl/android/studio/install/3.4.1.0/android-studio-ide-183.5522156-windows.exe HTTP/1.1" 200 1017327996
15:08:09 [INFO]    🎯 51.158.206.98 (Нидерланды) - 65.9Mbps, 74ms UDP✅ Reality
15:08:09 [DEBUG] https://www.gstatic.com:443 "GET /generate_204 HTTP/1.1" 204 0
15:08:09 [DEBUG] Starting new HTTPS connection (1): dl.google.com:443
15:08:09 [DEBUG] https://www.google.com:443 "GET /generate_204 HTTP/1.1" 204 0
15:08:09 [DEBUG] Starting new HTTPS connection (1): cp.cloudflare.com:443
15:08:09 [DEBUG] https://dl.google.com:443 "GET /dl/android/studio/install/3.4.1.0/android-studio-ide-183.5522156-windows.exe HTTP/1.1" 200 1017327996
15:08:09 [DEBUG] https://dl.google.com:443 "GET /dl/android/studio/install/3.4.1.0/android-studio-ide-183.5522156-windows.exe HTTP/1.1" 200 1017327996
15:08:09 [DEBUG] https://www.gstatic.com:443 "GET /generate_204 HTTP/1.1" 204 0
15:08:09 [INFO]    🎯 195.26.224.112 (Нидерланды) - 28.4Mbps, 173ms UDP✅ Reality
15:08:10 [DEBUG] https://www.google.com:443 "GET /generate_204 HTTP/1.1" 204 0
15:08:10 [DEBUG] Starting new HTTPS connection (1): cp.cloudflare.com:443
15:08:10 [DEBUG] https://www.google.com:443 "GET /generate_204 HTTP/1.1" 204 0
15:08:10 [DEBUG] Starting new HTTPS connection (1): cp.cloudflare.com:443
15:08:10 [DEBUG] https://dl.google.com:443 "GET /dl/android/studio/install/3.4.1.0/android-studio-ide-183.5522156-windows.exe HTTP/1.1" 200 1017327996
15:08:10 [DEBUG] Starting new HTTPS connection (1): www.google.com:443
15:08:10 [DEBUG] https://cp.cloudflare.com:443 "GET / HTTP/1.1" 204 0
15:08:10 [DEBUG] Starting new HTTPS connection (1): www.gstatic.com:443
15:08:10 [DEBUG] https://www.google.com:443 "GET /generate_204 HTTP/1.1" 204 0
15:08:10 [DEBUG] Starting new HTTPS connection (1): cp.cloudflare.com:443
15:08:10 [DEBUG] https://www.gstatic.com:443 "GET /generate_204 HTTP/1.1" 204 0
15:08:10 [DEBUG] Starting new HTTPS connection (1): www.gstatic.com:443
15:08:10 [DEBUG] https://cp.cloudflare.com:443 "GET / HTTP/1.1" 204 0
15:08:10 [DEBUG] Starting new HTTPS connection (1): www.gstatic.com:443
15:08:10 [DEBUG] Starting new HTTPS connection (1): dl.google.com:443
15:08:10 [INFO]    🎯 51.158.206.93 (Нидерланды) - 2.3Mbps, 2364ms UDP✅ Reality
15:08:10 [DEBUG] Starting new HTTPS connection (1): www.google.com:443
15:08:10 [DEBUG] https://www.google.com:443 "GET /generate_204 HTTP/1.1" 204 0
15:08:10 [DEBUG] Starting new HTTPS connection (1): cp.cloudflare.com:443
15:08:10 [DEBUG] https://www.gstatic.com:443 "GET /generate_204 HTTP/1.1" 204 0
15:08:10 [DEBUG] https://dl.google.com:443 "GET /dl/android/studio/install/3.4.1.0/android-studio-ide-183.5522156-windows.exe HTTP/1.1" 200 1017327996
15:08:10 [DEBUG] https://cp.cloudflare.com:443 "GET / HTTP/1.1" 204 0
15:08:10 [DEBUG] Starting new HTTPS connection (1): www.gstatic.com:443
15:08:11 [DEBUG] https://www.gstatic.com:443 "GET /generate_204 HTTP/1.1" 204 0
15:08:11 [DEBUG] Starting new HTTPS connection (1): dl.google.com:443
15:08:11 [DEBUG] Starting new HTTPS connection (1): dl.google.com:443
15:08:11 [DEBUG] Starting new HTTPS connection (1): www.google.com:443
15:08:11 [DEBUG] https://dl.google.com:443 "GET /dl/android/studio/install/3.4.1.0/android-studio-ide-183.5522156-windows.exe HTTP/1.1" 200 1017327996
15:08:11 [DEBUG] Starting new HTTPS connection (1): dl.google.com:443
15:08:11 [INFO]    🎯 144.31.94.36 (Британия) - 60.0Mbps, 60ms UDP✅ Reality
15:08:11 [DEBUG] https://dl.google.com:443 "GET /dl/android/studio/install/3.4.1.0/android-studio-ide-183.5522156-windows.exe HTTP/1.1" 200 1017327996
15:08:11 [DEBUG] Starting new HTTPS connection (1): cp.cloudflare.com:443
15:08:11 [INFO]    🎯 89.110.80.96 (Нидерланды) - 27.5Mbps, 200ms UDP✅ Reality
15:08:11 [INFO]    📊 Глобальные: 50/500 (10%) | ✅30 ❌20
15:08:11 [DEBUG] Starting new HTTPS connection (1): www.gstatic.com:443
15:08:11 [DEBUG] https://cp.cloudflare.com:443 "GET / HTTP/1.1" 204 0
15:08:11 [DEBUG] Starting new HTTPS connection (1): www.gstatic.com:443
15:08:11 [DEBUG] Starting new HTTPS connection (1): www.google.com:443
15:08:11 [DEBUG] https://www.google.com:443 "GET /generate_204 HTTP/1.1" 204 0
15:08:11 [DEBUG] Starting new HTTPS connection (1): cp.cloudflare.com:443
15:08:12 [DEBUG] https://cp.cloudflare.com:443 "GET / HTTP/1.1" 204 0
15:08:12 [DEBUG] Starting new HTTPS connection (1): www.gstatic.com:443
15:08:12 [DEBUG] https://www.gstatic.com:443 "GET /generate_204 HTTP/1.1" 204 0
15:08:12 [DEBUG] Starting new HTTPS connection (1): dl.google.com:443
15:08:12 [DEBUG] Starting new HTTPS connection (1): www.gstatic.com:443
15:08:12 [DEBUG] https://dl.google.com:443 "GET /dl/android/studio/install/3.4.1.0/android-studio-ide-183.5522156-windows.exe HTTP/1.1" 200 1017327996
15:08:12 [DEBUG] Starting new HTTPS connection (1): www.google.com:443
15:08:12 [INFO]    🎯 7.zaravds.cfd (XX) - 41.5Mbps, 79ms UDP✅ Reality
15:08:12 [DEBUG] Starting new HTTPS connection (1): www.google.com:443
15:08:12 [DEBUG] Starting new HTTPS connection (1): cp.cloudflare.com:443
15:08:12 [DEBUG] Starting new HTTPS connection (1): www.gstatic.com:443
15:08:12 [DEBUG] https://www.gstatic.com:443 "GET /generate_204 HTTP/1.1" 204 0
15:08:13 [DEBUG] Starting new HTTPS connection (1): www.google.com:443
15:08:13 [DEBUG] https://cp.cloudflare.com:443 "GET / HTTP/1.1" 204 0
15:08:13 [DEBUG] Starting new HTTPS connection (1): www.gstatic.com:443
15:08:13 [DEBUG] Starting new HTTPS connection (1): cp.cloudflare.com:443
15:08:13 [DEBUG] https://dl.google.com:443 "GET /dl/android/studio/install/3.4.1.0/android-studio-ide-183.5522156-windows.exe HTTP/1.1" 200 1017327996
15:08:13 [DEBUG] Starting new HTTPS connection (1): www.google.com:443
15:08:13 [DEBUG] Starting new HTTPS connection (1): www.gstatic.com:443
15:08:13 [DEBUG] Starting new HTTPS connection (1): cp.cloudflare.com:443
15:08:13 [DEBUG] Starting new HTTPS connection (1): www.google.com:443
15:08:13 [DEBUG] Starting new HTTPS connection (1): cp.cloudflare.com:443
15:08:13 [DEBUG] Starting new HTTPS connection (1): www.gstatic.com:443
15:08:13 [DEBUG] Starting new HTTPS connection (1): www.gstatic.com:443
15:08:14 [DEBUG] Starting new HTTPS connection (1): cp.cloudflare.com:443
15:08:14 [DEBUG] Starting new HTTPS connection (1): www.google.com:443
15:08:14 [DEBUG] Starting new HTTPS connection (1): www.google.com:443
15:08:15 [DEBUG] Starting new HTTPS connection (1): www.google.com:443
15:08:15 [DEBUG] Starting new HTTPS connection (1): cp.cloudflare.com:443
15:08:15 [DEBUG] https://www.google.com:443 "GET /generate_204 HTTP/1.1" 204 0
15:08:15 [DEBUG] Starting new HTTPS connection (1): cp.cloudflare.com:443
15:08:15 [DEBUG] https://www.gstatic.com:443 "GET /generate_204 HTTP/1.1" 204 0
15:08:15 [DEBUG] Starting new HTTPS connection (1): www.gstatic.com:443
15:08:15 [DEBUG] https://cp.cloudflare.com:443 "GET / HTTP/1.1" 204 0
15:08:15 [DEBUG] Starting new HTTPS connection (1): www.gstatic.com:443
15:08:15 [DEBUG] https://www.gstatic.com:443 "GET /generate_204 HTTP/1.1" 204 0
15:08:15 [DEBUG] Starting new HTTPS connection (1): www.google.com:443
15:08:15 [DEBUG] Starting new HTTPS connection (1): dl.google.com:443
15:08:15 [DEBUG] Starting new HTTPS connection (1): dl.google.com:443
15:08:16 [DEBUG] https://dl.google.com:443 "GET /dl/android/studio/install/3.4.1.0/android-studio-ide-183.5522156-windows.exe HTTP/1.1" 200 1017327996
15:08:16 [DEBUG] Starting new HTTPS connection (1): www.gstatic.com:443
15:08:16 [DEBUG] Starting new HTTPS connection (1): www.google.com:443
15:08:16 [DEBUG] Starting new HTTPS connection (1): cp.cloudflare.com:443
15:08:17 [DEBUG] Starting new HTTPS connection (1): dl.google.com:443
15:08:17 [DEBUG] Starting new HTTPS connection (1): cp.cloudflare.com:443
15:08:17 [DEBUG] Starting new HTTPS connection (1): www.google.com:443
15:08:17 [DEBUG] Starting new HTTPS connection (1): cp.cloudflare.com:443
15:08:17 [DEBUG] Starting new HTTPS connection (1): www.gstatic.com:443
15:08:17 [DEBUG] Starting new HTTPS connection (1): www.gstatic.com:443
15:08:17 [INFO]    🎯 de4.socialup.live (XX) - 7.3Mbps, 178ms UDP✅ Reality
15:08:17 [DEBUG] Starting new HTTPS connection (1): cp.cloudflare.com:443
15:08:18 [DEBUG] Starting new HTTPS connection (1): www.google.com:443
15:08:18 [DEBUG] Starting new HTTPS connection (1): cp.cloudflare.com:443
15:08:18 [DEBUG] Starting new HTTPS connection (1): www.gstatic.com:443
15:08:18 [DEBUG] Starting new HTTPS connection (1): www.google.com:443
15:08:18 [DEBUG] Starting new HTTPS connection (1): www.google.com:443
15:08:18 [DEBUG] https://www.google.com:443 "GET /generate_204 HTTP/1.1" 204 0
15:08:18 [DEBUG] Starting new HTTPS connection (1): cp.cloudflare.com:443
15:08:19 [DEBUG] https://cp.cloudflare.com:443 "GET / HTTP/1.1" 204 0
15:08:19 [DEBUG] Starting new HTTPS connection (1): www.gstatic.com:443
15:08:19 [DEBUG] Starting new HTTPS connection (1): www.gstatic.com:443
15:08:19 [DEBUG] https://www.gstatic.com:443 "GET /generate_204 HTTP/1.1" 204 0
15:08:19 [DEBUG] Starting new HTTPS connection (1): dl.google.com:443
15:08:19 [DEBUG] Starting new HTTPS connection (1): www.google.com:443
15:08:19 [DEBUG] https://dl.google.com:443 "GET /dl/android/studio/install/3.4.1.0/android-studio-ide-183.5522156-windows.exe HTTP/1.1" 200 1017327996
15:08:19 [DEBUG] Starting new HTTPS connection (1): www.google.com:443
15:08:20 [DEBUG] Starting new HTTPS connection (1): www.gstatic.com:443
15:08:20 [INFO]    🎯 216.106.189.101 (Франция) - 15.9Mbps, 154ms UDP✅ Reality
15:08:20 [DEBUG] Starting new HTTPS connection (1): cp.cloudflare.com:443
15:08:20 [DEBUG] https://www.google.com:443 "GET /generate_204 HTTP/1.1" 204 0
15:08:20 [DEBUG] Starting new HTTPS connection (1): cp.cloudflare.com:443
15:08:20 [DEBUG] https://dl.google.com:443 "GET /dl/android/studio/install/3.4.1.0/android-studio-ide-183.5522156-windows.exe HTTP/1.1" 200 1017327996
15:08:20 [DEBUG] Starting new HTTPS connection (1): www.gstatic.com:443
15:08:21 [DEBUG] Starting new HTTPS connection (1): www.google.com:443
15:08:21 [DEBUG] https://dl.google.com:443 "GET /dl/android/studio/install/3.4.1.0/android-studio-ide-183.5522156-windows.exe HTTP/1.1" 200 1017327996
15:08:22 [DEBUG] Starting new HTTPS connection (1): cp.cloudflare.com:443
15:08:22 [INFO]    🎯 46.246.98.74 (Швеция) - 0.6Mbps, 1645ms UDP❌ Reality
15:08:22 [DEBUG] Starting new HTTPS connection (1): www.google.com:443
15:08:22 [DEBUG] Starting new HTTPS connection (1): www.google.com:443
15:08:22 [DEBUG] Starting new HTTPS connection (1): cp.cloudflare.com:443
15:08:22 [DEBUG] Starting new HTTPS connection (1): www.gstatic.com:443
15:08:23 [DEBUG] Starting new HTTPS connection (1): www.google.com:443
15:08:23 [DEBUG] Starting new HTTPS connection (1): cp.cloudflare.com:443
15:08:23 [DEBUG] Starting new HTTPS connection (1): www.google.com:443
15:08:23 [DEBUG] Starting new HTTPS connection (1): cp.cloudflare.com:443
15:08:23 [DEBUG] Starting new HTTPS connection (1): www.gstatic.com:443
15:08:23 [INFO]    🎯 185.21.14.122 (Нидерланды) - 1.0Mbps, 493ms UDP✅ Reality
15:08:23 [DEBUG] Starting new HTTPS connection (1): www.google.com:443
15:08:23 [DEBUG] Starting new HTTPS connection (1): cp.cloudflare.com:443
15:08:23 [DEBUG] Starting new HTTPS connection (1): www.gstatic.com:443
15:08:24 [DEBUG] Starting new HTTPS connection (1): www.gstatic.com:443
15:08:24 [DEBUG] Starting new HTTPS connection (1): www.google.com:443
15:08:24 [DEBUG] Starting new HTTPS connection (1): www.gstatic.com:443
15:08:24 [DEBUG] Starting new HTTPS connection (1): www.google.com:443
15:08:24 [INFO]    🎯 91.84.113.114 (Нидерланды) - 0.0Mbps, 900ms UDP✅ Reality
15:08:24 [DEBUG] Starting new HTTPS connection (1): www.google.com:443
15:08:25 [DEBUG] Starting new HTTPS connection (1): cp.cloudflare.com:443
15:08:25 [DEBUG] Starting new HTTPS connection (1): www.gstatic.com:443
15:08:25 [DEBUG] Starting new HTTPS connection (1): www.gstatic.com:443
15:08:25 [DEBUG] Starting new HTTPS connection (1): www.google.com:443
15:08:26 [DEBUG] Starting new HTTPS connection (1): cp.cloudflare.com:443
15:08:26 [DEBUG] https://www.gstatic.com:443 "GET /generate_204 HTTP/1.1" 204 0
15:08:26 [DEBUG] Starting new HTTPS connection (1): www.gstatic.com:443
15:08:26 [DEBUG] Starting new HTTPS connection (1): cp.cloudflare.com:443
15:08:26 [DEBUG] Starting new HTTPS connection (1): www.google.com:443
15:08:27 [DEBUG] https://www.google.com:443 "GET /generate_204 HTTP/1.1" 204 0
15:08:27 [DEBUG] Starting new HTTPS connection (1): cp.cloudflare.com:443
15:08:27 [DEBUG] https://www.google.com:443 "GET /generate_204 HTTP/1.1" 204 0
15:08:27 [DEBUG] Starting new HTTPS connection (1): cp.cloudflare.com:443
15:08:27 [DEBUG] Starting new HTTPS connection (1): www.google.com:443
15:08:27 [DEBUG] Starting new HTTPS connection (1): cp.cloudflare.com:443
15:08:27 [INFO]    🎯 77.238.231.156 (Нидерланды) - 1.1Mbps, 1692ms UDP❌ Reality
15:08:27 [DEBUG] https://cp.cloudflare.com:443 "GET / HTTP/1.1" 204 0
15:08:27 [DEBUG] Starting new HTTPS connection (1): www.gstatic.com:443
15:08:27 [DEBUG] Starting new HTTPS connection (1): www.google.com:443
15:08:28 [DEBUG] https://www.gstatic.com:443 "GET /generate_204 HTTP/1.1" 204 0
15:08:28 [DEBUG] Starting new HTTPS connection (1): dl.google.com:443
15:08:28 [DEBUG] Starting new HTTPS connection (1): www.google.com:443
15:08:28 [DEBUG] https://dl.google.com:443 "GET /dl/android/studio/install/3.4.1.0/android-studio-ide-183.5522156-windows.exe HTTP/1.1" 200 1017327996
15:08:28 [DEBUG] Starting new HTTPS connection (1): cp.cloudflare.com:443
15:08:28 [INFO]    🎯 swe01-vlr01.tcp-reset-club.net (XX) - 31.1Mbps, 440ms UDP✅ Reality
15:08:28 [DEBUG] Starting new HTTPS connection (1): cp.cloudflare.com:443
15:08:28 [DEBUG] Starting new HTTPS connection (1): www.google.com:443
15:08:28 [DEBUG] https://www.google.com:443 "GET /generate_204 HTTP/1.1" 204 0
15:08:28 [DEBUG] Starting new HTTPS connection (1): cp.cloudflare.com:443
15:08:29 [DEBUG] Starting new HTTPS connection (1): www.gstatic.com:443
15:08:29 [DEBUG] Starting new HTTPS connection (1): dl.google.com:443
15:08:29 [DEBUG] https://cp.cloudflare.com:443 "GET / HTTP/1.1" 204 0
15:08:29 [DEBUG] Starting new HTTPS connection (1): www.gstatic.com:443
15:08:29 [DEBUG] Starting new HTTPS connection (1): www.google.com:443
15:08:29 [DEBUG] https://www.google.com:443 "GET /generate_204 HTTP/1.1" 204 0
15:08:29 [DEBUG] Starting new HTTPS connection (1): cp.cloudflare.com:443
15:08:29 [DEBUG] https://www.gstatic.com:443 "GET /generate_204 HTTP/1.1" 204 0
15:08:29 [DEBUG] https://cp.cloudflare.com:443 "GET / HTTP/1.1" 204 0
15:08:29 [DEBUG] Starting new HTTPS connection (1): www.gstatic.com:443
15:08:30 [DEBUG] https://www.gstatic.com:443 "GET /generate_204 HTTP/1.1" 204 0
15:08:30 [DEBUG] Starting new HTTPS connection (1): www.google.com:443
15:08:31 [DEBUG] https://www.google.com:443 "GET /generate_204 HTTP/1.1" 204 0
15:08:31 [DEBUG] Starting new HTTPS connection (1): cp.cloudflare.com:443
15:08:31 [DEBUG] https://cp.cloudflare.com:443 "GET / HTTP/1.1" 204 0
15:08:31 [DEBUG] Starting new HTTPS connection (1): www.gstatic.com:443
15:08:31 [DEBUG] Starting new HTTPS connection (1): www.gstatic.com:443
15:08:31 [DEBUG] https://cp.cloudflare.com:443 "GET / HTTP/1.1" 204 0
15:08:31 [DEBUG] Starting new HTTPS connection (1): www.gstatic.com:443
15:08:31 [DEBUG] https://dl.google.com:443 "GET /dl/android/studio/install/3.4.1.0/android-studio-ide-183.5522156-windows.exe HTTP/1.1" 200 1017327996
15:08:31 [DEBUG] Starting new HTTPS connection (1): cp.cloudflare.com:443
15:08:31 [INFO]    🎯 212.34.153.15 (Нидерланды) - 0.0Mbps, 390ms UDP✅ Reality
15:08:32 [INFO]    🎯 vnn.vpnfreedom.tech (XX) - 4.8Mbps, 1891ms UDP❌ Reality
15:08:32 [DEBUG] https://cp.cloudflare.com:443 "GET / HTTP/1.1" 204 0
15:08:32 [DEBUG] Starting new HTTPS connection (1): www.gstatic.com:443
15:08:32 [DEBUG] https://www.google.com:443 "GET /generate_204 HTTP/1.1" 204 0
15:08:32 [DEBUG] Starting new HTTPS connection (1): cp.cloudflare.com:443
15:08:32 [DEBUG] Starting new HTTPS connection (1): www.google.com:443
15:08:32 [DEBUG] Starting new HTTPS connection (1): www.gstatic.com:443
15:08:32 [DEBUG] Starting new HTTPS connection (1): cp.cloudflare.com:443
15:08:32 [DEBUG] Starting new HTTPS connection (1): www.gstatic.com:443
15:08:32 [DEBUG] Starting new HTTPS connection (1): www.google.com:443
15:08:32 [DEBUG] https://www.gstatic.com:443 "GET /generate_204 HTTP/1.1" 204 0
15:08:33 [DEBUG] Starting new HTTPS connection (1): www.google.com:443
15:08:33 [DEBUG] Starting new HTTPS connection (1): dl.google.com:443
15:08:33 [DEBUG] Starting new HTTPS connection (1): www.gstatic.com:443
15:08:33 [DEBUG] Starting new HTTPS connection (1): www.google.com:443
15:08:33 [DEBUG] Starting new HTTPS connection (1): cp.cloudflare.com:443
15:08:33 [DEBUG] Starting new HTTPS connection (1): www.gstatic.com:443
15:08:34 [DEBUG] https://dl.google.com:443 "GET /dl/android/studio/install/3.4.1.0/android-studio-ide-183.5522156-windows.exe HTTP/1.1" 200 1017327996
15:08:34 [DEBUG] https://www.gstatic.com:443 "GET /generate_204 HTTP/1.1" 204 0
15:08:34 [DEBUG] Starting new HTTPS connection (1): www.google.com:443
15:08:35 [DEBUG] Starting new HTTPS connection (1): cp.cloudflare.com:443
15:08:35 [DEBUG] Starting new HTTPS connection (1): www.google.com:443
15:08:35 [DEBUG] https://www.gstatic.com:443 "GET /generate_204 HTTP/1.1" 204 0
15:08:35 [DEBUG] Starting new HTTPS connection (1): cp.cloudflare.com:443
15:08:35 [DEBUG] Starting new HTTPS connection (1): www.gstatic.com:443
15:08:35 [DEBUG] Starting new HTTPS connection (1): dl.google.com:443
15:08:35 [DEBUG] https://www.gstatic.com:443 "GET /generate_204 HTTP/1.1" 204 0
15:08:35 [DEBUG] Starting new HTTPS connection (1): cp.cloudflare.com:443
15:08:35 [DEBUG] https://dl.google.com:443 "GET /dl/android/studio/install/3.4.1.0/android-studio-ide-183.5522156-windows.exe HTTP/1.1" 200 1017327996
15:08:35 [DEBUG] Starting new HTTPS connection (1): dl.google.com:443
15:08:35 [INFO]    🎯 158.58.172.189 (Италия) - 20.9Mbps, 793ms UDP✅ Reality
15:08:36 [DEBUG] Starting new HTTPS connection (1): www.google.com:443
15:08:36 [DEBUG] Starting new HTTPS connection (1): www.gstatic.com:443
15:08:36 [DEBUG] Starting new HTTPS connection (1): cp.cloudflare.com:443
15:08:36 [DEBUG] Starting new HTTPS connection (1): www.gstatic.com:443
15:08:36 [DEBUG] Starting new HTTPS connection (1): www.google.com:443
15:08:36 [DEBUG] Starting new HTTPS connection (1): cp.cloudflare.com:443
15:08:37 [DEBUG] Starting new HTTPS connection (1): www.gstatic.com:443
15:08:37 [DEBUG] Starting new HTTPS connection (1): dl.google.com:443
15:08:37 [DEBUG] https://www.gstatic.com:443 "GET /generate_204 HTTP/1.1" 204 0
15:08:37 [DEBUG] Starting new HTTPS connection (1): www.google.com:443
15:08:37 [DEBUG] Starting new HTTPS connection (1): www.gstatic.com:443
15:08:37 [DEBUG] Starting new HTTPS connection (1): dl.google.com:443
15:08:37 [DEBUG] https://dl.google.com:443 "GET /dl/android/studio/install/3.4.1.0/android-studio-ide-183.5522156-windows.exe HTTP/1.1" 200 1017327996
15:08:37 [DEBUG] https://dl.google.com:443 "GET /dl/android/studio/install/3.4.1.0/android-studio-ide-183.5522156-windows.exe HTTP/1.1" 200 1017327996
15:08:37 [DEBUG] Starting new HTTPS connection (1): www.google.com:443
15:08:38 [DEBUG] Starting new HTTPS connection (1): cp.cloudflare.com:443
15:08:38 [INFO]    🎯 95.141.36.10 (Италия) - 23.8Mbps, 2382ms UDP✅ Reality
15:08:38 [DEBUG] Starting new HTTPS connection (1): www.google.com:443
15:08:38 [DEBUG] Starting new HTTPS connection (1): www.gstatic.com:443
15:08:38 [DEBUG] https://www.google.com:443 "GET /generate_204 HTTP/1.1" 204 0
15:08:38 [DEBUG] Starting new HTTPS connection (1): cp.cloudflare.com:443
15:08:38 [DEBUG] Starting new HTTPS connection (1): dl.google.com:443
15:08:38 [INFO]    🎯 95.141.35.101 (Италия) - 4.8Mbps, 531ms UDP❌ Reality
15:08:38 [DEBUG] https://dl.google.com:443 "GET /dl/android/studio/install/3.4.1.0/android-studio-ide-183.5522156-windows.exe HTTP/1.1" 200 1017327996
15:08:38 [DEBUG] Starting new HTTPS connection (1): www.gstatic.com:443
15:08:38 [DEBUG] https://cp.cloudflare.com:443 "GET / HTTP/1.1" 204 0
15:08:38 [DEBUG] Starting new HTTPS connection (1): www.gstatic.com:443
15:08:39 [DEBUG] Starting new HTTPS connection (1): cp.cloudflare.com:443
15:08:39 [DEBUG] Starting new HTTPS connection (1): www.google.com:443
15:08:39 [DEBUG] https://www.google.com:443 "GET /generate_204 HTTP/1.1" 204 0
15:08:39 [DEBUG] Starting new HTTPS connection (1): cp.cloudflare.com:443
15:08:39 [INFO]    🎯 ten5.astralweb.tech (XX) - 13.7Mbps, 1497ms UDP❌ Reality
15:08:39 [DEBUG] Starting new HTTPS connection (1): www.google.com:443
15:08:39 [DEBUG] https://cp.cloudflare.com:443 "GET / HTTP/1.1" 204 0
15:08:39 [DEBUG] Starting new HTTPS connection (1): www.gstatic.com:443
15:08:39 [DEBUG] Starting new HTTPS connection (1): www.google.com:443
15:08:39 [DEBUG] https://www.gstatic.com:443 "GET /generate_204 HTTP/1.1" 204 0
15:08:39 [DEBUG] Starting new HTTPS connection (1): cp.cloudflare.com:443
15:08:39 [DEBUG] https://www.gstatic.com:443 "GET /generate_204 HTTP/1.1" 204 0
15:08:39 [DEBUG] Starting new HTTPS connection (1): dl.google.com:443
15:08:39 [DEBUG] Starting new HTTPS connection (1): www.gstatic.com:443
15:08:40 [DEBUG] https://dl.google.com:443 "GET /dl/android/studio/install/3.4.1.0/android-studio-ide-183.5522156-windows.exe HTTP/1.1" 200 1017327996
15:08:40 [DEBUG] Starting new HTTPS connection (1): dl.google.com:443
15:08:40 [DEBUG] Starting new HTTPS connection (1): www.google.com:443
15:08:40 [INFO]    🎯 nl04-vlr01.tcp-reset-club.net (XX) - 19.4Mbps, 169ms UDP✅ Reality
15:08:40 [DEBUG] https://dl.google.com:443 "GET /dl/android/studio/install/3.4.1.0/android-studio-ide-183.5522156-windows.exe HTTP/1.1" 404 1449
15:08:40 [INFO]    🎯 140.238.100.35 (Британия) - 0.0Mbps, 3855ms UDP✅ Reality
15:08:40 [INFO]    📊 Глобальные: 100/500 (20%) | ✅46 ❌54
15:08:40 [DEBUG] https://dl.google.com:443 "GET /dl/android/studio/install/3.4.1.0/android-studio-ide-183.5522156-windows.exe HTTP/1.1" 200 1017327996
15:08:40 [DEBUG] Starting new HTTPS connection (1): www.google.com:443
15:08:40 [DEBUG] Starting new HTTPS connection (1): www.google.com:443
15:08:41 [DEBUG] Starting new HTTPS connection (1): cp.cloudflare.com:443
15:08:41 [DEBUG] Starting new HTTPS connection (1): cp.cloudflare.com:443
15:08:41 [INFO]    🎯 45.12.143.191 (Турция) - 12.7Mbps, 661ms UDP✅ Reality
15:08:41 [DEBUG] Starting new HTTPS connection (1): www.gstatic.com:443
15:08:41 [DEBUG] Starting new HTTPS connection (1): www.google.com:443
15:08:41 [DEBUG] Starting new HTTPS connection (1): www.google.com:443
15:08:42 [DEBUG] https://www.google.com:443 "GET /generate_204 HTTP/1.1" 204 0
15:08:42 [DEBUG] Starting new HTTPS connection (1): cp.cloudflare.com:443
15:08:42 [DEBUG] Starting new HTTPS connection (1): www.google.com:443
15:08:42 [DEBUG] Starting new HTTPS connection (1): www.google.com:443
15:08:42 [DEBUG] Starting new HTTPS connection (1): cp.cloudflare.com:443
15:08:42 [DEBUG] Starting new HTTPS connection (1): www.google.com:443
15:08:42 [DEBUG] https://www.google.com:443 "GET /generate_204 HTTP/1.1" 204 0
15:08:42 [DEBUG] Starting new HTTPS connection (1): cp.cloudflare.com:443
15:08:42 [DEBUG] https://www.google.com:443 "GET /generate_204 HTTP/1.1" 204 0
15:08:42 [DEBUG] Starting new HTTPS connection (1): cp.cloudflare.com:443
15:08:42 [DEBUG] Starting new HTTPS connection (1): cp.cloudflare.com:443
15:08:42 [DEBUG] https://cp.cloudflare.com:443 "GET / HTTP/1.1" 204 0
15:08:42 [DEBUG] Starting new HTTPS connection (1): www.gstatic.com:443
15:08:42 [DEBUG] Starting new HTTPS connection (1): www.gstatic.com:443
15:08:42 [DEBUG] https://cp.cloudflare.com:443 "GET / HTTP/1.1" 204 0
15:08:42 [DEBUG] Starting new HTTPS connection (1): www.gstatic.com:443
15:08:43 [DEBUG] Starting new HTTPS connection (1): cp.cloudflare.com:443
15:08:43 [DEBUG] Starting new HTTPS connection (1): www.gstatic.com:443
15:08:43 [DEBUG] https://www.gstatic.com:443 "GET /generate_204 HTTP/1.1" 204 0
15:08:43 [DEBUG] Starting new HTTPS connection (1): dl.google.com:443
15:08:43 [DEBUG] https://cp.cloudflare.com:443 "GET / HTTP/1.1" 204 0
15:08:43 [DEBUG] Starting new HTTPS connection (1): www.gstatic.com:443
15:08:43 [DEBUG] Starting new HTTPS connection (1): cp.cloudflare.com:443
15:08:43 [DEBUG] Starting new HTTPS connection (1): www.gstatic.com:443
15:08:43 [INFO]    🎯 panelsaf.netvip1.ru (XX) - 1.2Mbps, 621ms UDP❌ Reality
15:08:43 [DEBUG] Starting new HTTPS connection (1): www.google.com:443
15:08:43 [DEBUG] https://dl.google.com:443 "GET /dl/android/studio/install/3.4.1.0/android-studio-ide-183.5522156-windows.exe HTTP/1.1" 200 1017327996
15:08:43 [DEBUG] https://www.google.com:443 "GET /generate_204 HTTP/1.1" 204 0
15:08:43 [DEBUG] Starting new HTTPS connection (1): cp.cloudflare.com:443
15:08:43 [DEBUG] Starting new HTTPS connection (1): cp.cloudflare.com:443
15:08:44 [DEBUG] Starting new HTTPS connection (1): www.gstatic.com:443
15:08:44 [DEBUG] https://www.gstatic.com:443 "GET /generate_204 HTTP/1.1" 204 0
15:08:44 [DEBUG] https://www.gstatic.com:443 "GET /generate_204 HTTP/1.1" 204 0
15:08:44 [INFO]    🎯 91.107.121.223 (Британия) - 13.2Mbps, 363ms UDP✅ Reality
15:08:44 [DEBUG] Starting new HTTPS connection (1): www.gstatic.com:443
15:08:44 [DEBUG] Starting new HTTPS connection (1): www.google.com:443
15:08:44 [DEBUG] Starting new HTTPS connection (1): dl.google.com:443
15:08:45 [DEBUG] Starting new HTTPS connection (1): www.google.com:443
15:08:45 [DEBUG] Starting new HTTPS connection (1): www.google.com:443
15:08:45 [DEBUG] https://dl.google.com:443 "GET /dl/android/studio/install/3.4.1.0/android-studio-ide-183.5522156-windows.exe HTTP/1.1" 200 1017327996
15:08:45 [INFO]    🎯 91.84.113.57 (Нидерланды) - 0.5Mbps, 2876ms UDP✅ Reality
15:08:45 [DEBUG] Starting new HTTPS connection (1): cp.cloudflare.com:443
15:08:46 [DEBUG] Starting new HTTPS connection (1): www.gstatic.com:443
15:08:46 [DEBUG] Starting new HTTPS connection (1): www.gstatic.com:443
15:08:46 [DEBUG] Starting new HTTPS connection (1): www.google.com:443
15:08:46 [DEBUG] Starting new HTTPS connection (1): www.gstatic.com:443
15:08:46 [DEBUG] https://www.google.com:443 "GET /generate_204 HTTP/1.1" 204 0
15:08:46 [DEBUG] Starting new HTTPS connection (1): cp.cloudflare.com:443
15:08:46 [DEBUG] https://cp.cloudflare.com:443 "GET / HTTP/1.1" 204 0
15:08:46 [DEBUG] Starting new HTTPS connection (1): www.gstatic.com:443
15:08:47 [DEBUG] https://cp.cloudflare.com:443 "GET / HTTP/1.1" 204 0
15:08:47 [DEBUG] Starting new HTTPS connection (1): www.gstatic.com:443
15:08:47 [DEBUG] Starting new HTTPS connection (1): dl.google.com:443
15:08:47 [DEBUG] Starting new HTTPS connection (1): www.google.com:443
15:08:48 [DEBUG] Starting new HTTPS connection (1): www.google.com:443
15:08:48 [DEBUG] Starting new HTTPS connection (1): www.google.com:443
15:08:48 [DEBUG] Starting new HTTPS connection (1): cp.cloudflare.com:443
15:08:48 [DEBUG] Starting new HTTPS connection (1): cp.cloudflare.com:443
15:08:48 [DEBUG] Starting new HTTPS connection (1): cp.cloudflare.com:443
15:08:48 [DEBUG] Starting new HTTPS connection (1): www.google.com:443
15:08:48 [DEBUG] Starting new HTTPS connection (1): www.gstatic.com:443
15:08:48 [DEBUG] Starting new HTTPS connection (1): www.gstatic.com:443
15:08:48 [DEBUG] Starting new HTTPS connection (1): www.gstatic.com:443
15:08:49 [DEBUG] Starting new HTTPS connection (1): cp.cloudflare.com:443
15:08:49 [DEBUG] Starting new HTTPS connection (1): www.google.com:443
15:08:50 [DEBUG] Starting new HTTPS connection (1): www.google.com:443
15:08:50 [DEBUG] https://dl.google.com:443 "GET /dl/android/studio/install/3.4.1.0/android-studio-ide-183.5522156-windows.exe HTTP/1.1" 200 1017327996
15:08:50 [DEBUG] Starting new HTTPS connection (1): www.google.com:443
15:08:50 [DEBUG] https://www.gstatic.com:443 "GET /generate_204 HTTP/1.1" 204 0
15:08:50 [DEBUG] https://www.google.com:443 "GET /generate_204 HTTP/1.1" 204 0
15:08:50 [DEBUG] Starting new HTTPS connection (1): cp.cloudflare.com:443
15:08:51 [DEBUG] Starting new HTTPS connection (1): www.google.com:443
15:08:51 [DEBUG] https://www.google.com:443 "GET /generate_204 HTTP/1.1" 204 0
15:08:51 [DEBUG] Starting new HTTPS connection (1): cp.cloudflare.com:443
15:08:52 [DEBUG] https://cp.cloudflare.com:443 "GET / HTTP/1.1" 204 0
15:08:52 [DEBUG] Starting new HTTPS connection (1): www.gstatic.com:443
15:08:52 [INFO]    🎯 nl01-gmn02-vlr01.tcp-reset-club.net (XX) - 2.6Mbps, 736ms UDP❌ Reality
15:08:52 [DEBUG] Starting new HTTPS connection (1): cp.cloudflare.com:443
15:08:52 [DEBUG] Starting new HTTPS connection (1): dl.google.com:443
15:08:53 [DEBUG] https://cp.cloudflare.com:443 "GET / HTTP/1.1" 204 0
15:08:53 [DEBUG] Starting new HTTPS connection (1): www.gstatic.com:443
15:08:53 [DEBUG] Starting new HTTPS connection (1): www.google.com:443
15:08:53 [DEBUG] Starting new HTTPS connection (1): www.gstatic.com:443
15:08:53 [DEBUG] Starting new HTTPS connection (1): cp.cloudflare.com:443
15:08:53 [DEBUG] Starting new HTTPS connection (1): dl.google.com:443
15:08:53 [DEBUG] https://www.google.com:443 "GET /generate_204 HTTP/1.1" 204 0
15:08:53 [DEBUG] Starting new HTTPS connection (1): cp.cloudflare.com:443
15:08:53 [DEBUG] Starting new HTTPS connection (1): www.google.com:443
15:08:54 [DEBUG] https://www.google.com:443 "GET /generate_204 HTTP/1.1" 204 0
15:08:54 [DEBUG] Starting new HTTPS connection (1): cp.cloudflare.com:443
15:08:54 [DEBUG] https://cp.cloudflare.com:443 "GET / HTTP/1.1" 204 0
15:08:54 [DEBUG] Starting new HTTPS connection (1): www.gstatic.com:443
15:08:54 [DEBUG] https://dl.google.com:443 "GET /dl/android/studio/install/3.4.1.0/android-studio-ide-183.5522156-windows.exe HTTP/1.1" 200 1017327996
15:08:54 [DEBUG] https://www.gstatic.com:443 "GET /generate_204 HTTP/1.1" 204 0
15:08:54 [DEBUG] https://www.gstatic.com:443 "GET /generate_204 HTTP/1.1" 204 0
15:08:55 [DEBUG] Starting new HTTPS connection (1): dl.google.com:443
15:08:55 [DEBUG] https://www.gstatic.com:443 "GET /generate_204 HTTP/1.1" 204 0
15:08:55 [INFO]    🎯 gr.nodesecure.ru (XX) - 7.9Mbps, 3000ms UDP✅ Reality
15:08:55 [DEBUG] Starting new HTTPS connection (1): cp.cloudflare.com:443
15:08:55 [DEBUG] Starting new HTTPS connection (1): dl.google.com:443
15:08:55 [INFO]    🎯 94.131.8.19 (Молдова) - 1.2Mbps, 965ms UDP✅ Reality
15:08:55 [DEBUG] https://dl.google.com:443 "GET /dl/android/studio/install/3.4.1.0/android-studio-ide-183.5522156-windows.exe HTTP/1.1" 200 1017327996
15:08:56 [DEBUG] Starting new HTTPS connection (1): cp.cloudflare.com:443
15:08:56 [DEBUG] Starting new HTTPS connection (1): www.google.com:443
15:08:56 [DEBUG] https://www.gstatic.com:443 "GET /generate_204 HTTP/1.1" 204 0
15:08:56 [DEBUG] Starting new HTTPS connection (1): www.google.com:443
15:08:56 [DEBUG] https://www.google.com:443 "GET /generate_204 HTTP/1.1" 204 0
15:08:56 [DEBUG] Starting new HTTPS connection (1): cp.cloudflare.com:443
15:08:56 [DEBUG] https://cp.cloudflare.com:443 "GET / HTTP/1.1" 204 0
15:08:56 [DEBUG] Starting new HTTPS connection (1): www.gstatic.com:443
15:08:56 [DEBUG] Starting new HTTPS connection (1): www.gstatic.com:443
15:08:56 [INFO]    🎯 94.131.101.203 (Молдова) - 7.8Mbps, 366ms UDP✅ Reality
15:08:56 [DEBUG] https://cp.cloudflare.com:443 "GET / HTTP/1.1" 204 0
15:08:56 [DEBUG] Starting new HTTPS connection (1): www.gstatic.com:443
15:08:56 [DEBUG] Starting new HTTPS connection (1): www.gstatic.com:443
15:08:57 [DEBUG] Starting new HTTPS connection (1): cp.cloudflare.com:443
15:08:57 [DEBUG] https://dl.google.com:443 "GET /dl/android/studio/install/3.4.1.0/android-studio-ide-183.5522156-windows.exe HTTP/1.1" 200 1017327996
15:08:57 [DEBUG] https://www.gstatic.com:443 "GET /generate_204 HTTP/1.1" 204 0
15:08:57 [DEBUG] Starting new HTTPS connection (1): www.google.com:443
15:08:57 [DEBUG] Starting new HTTPS connection (1): dl.google.com:443
15:08:57 [DEBUG] Starting new HTTPS connection (1): www.gstatic.com:443
15:08:57 [DEBUG] Starting new HTTPS connection (1): www.google.com:443
15:08:57 [INFO]    🎯 ten6.astralweb.tech (XX) - 0.0Mbps, 295ms UDP✅ Reality
15:08:58 [DEBUG] https://dl.google.com:443 "GET /dl/android/studio/install/3.4.1.0/android-studio-ide-183.5522156-windows.exe HTTP/1.1" 200 1017327996
15:08:58 [DEBUG] Starting new HTTPS connection (1): dl.google.com:443
15:08:58 [DEBUG] Starting new HTTPS connection (1): cp.cloudflare.com:443
15:08:58 [INFO]    🎯 45.83.140.34 (CY) - 12.1Mbps, 356ms UDP✅ Reality
15:08:58 [INFO]    🎯 ilta-wzxrxkdhbjpnprhkkpplsjwawhssvollvxzdhqshiqckwdgrdm.orbnet.xyz (XX) - 3.9Mbps, 2173ms UDP✅ Reality
15:08:58 [DEBUG] Starting new HTTPS connection (1): www.google.com:443
15:08:59 [DEBUG] Starting new HTTPS connection (1): www.gstatic.com:443
15:08:59 [DEBUG] Starting new HTTPS connection (1): www.gstatic.com:443
15:08:59 [DEBUG] Starting new HTTPS connection (1): www.google.com:443
15:08:59 [DEBUG] https://www.google.com:443 "GET /generate_204 HTTP/1.1" 204 0
15:08:59 [DEBUG] Starting new HTTPS connection (1): cp.cloudflare.com:443
15:08:59 [DEBUG] Starting new HTTPS connection (1): www.gstatic.com:443
15:08:59 [DEBUG] Starting new HTTPS connection (1): www.google.com:443
15:08:59 [DEBUG] https://www.gstatic.com:443 "GET /generate_204 HTTP/1.1" 204 0
15:08:59 [DEBUG] https://cp.cloudflare.com:443 "GET / HTTP/1.1" 204 0
15:08:59 [DEBUG] Starting new HTTPS connection (1): www.gstatic.com:443
15:08:59 [DEBUG] Starting new HTTPS connection (1): www.google.com:443
15:09:00 [DEBUG] https://www.gstatic.com:443 "GET /generate_204 HTTP/1.1" 204 0
15:09:00 [DEBUG] Starting new HTTPS connection (1): dl.google.com:443
15:09:00 [DEBUG] Starting new HTTPS connection (1): www.google.com:443
15:09:00 [DEBUG] https://dl.google.com:443 "GET /dl/android/studio/install/3.4.1.0/android-studio-ide-183.5522156-windows.exe HTTP/1.1" 200 1017327996
15:09:01 [DEBUG] Starting new HTTPS connection (1): dl.google.com:443
15:09:01 [DEBUG] https://www.google.com:443 "GET /generate_204 HTTP/1.1" 204 0
15:09:01 [DEBUG] Starting new HTTPS connection (1): cp.cloudflare.com:443
15:09:01 [DEBUG] Starting new HTTPS connection (1): cp.cloudflare.com:443
15:09:01 [DEBUG] https://dl.google.com:443 "GET /dl/android/studio/install/3.4.1.0/android-studio-ide-183.5522156-windows.exe HTTP/1.1" 404 1449
15:09:01 [INFO]    🎯 83.222.23.81 (KZ) - 0.0Mbps, 1836ms UDP❌ Reality
15:09:01 [DEBUG] Starting new HTTPS connection (1): www.google.com:443
15:09:01 [DEBUG] Starting new HTTPS connection (1): www.gstatic.com:443
15:09:01 [INFO]    🎯 103.113.70.30 (Молдова) - 12.0Mbps, 359ms UDP✅ Reality
15:09:01 [DEBUG] Starting new HTTPS connection (1): cp.cloudflare.com:443
15:09:01 [DEBUG] Starting new HTTPS connection (1): www.google.com:443
15:09:02 [DEBUG] https://cp.cloudflare.com:443 "GET / HTTP/1.1" 204 0
15:09:02 [DEBUG] Starting new HTTPS connection (1): www.gstatic.com:443
15:09:02 [DEBUG] Starting new HTTPS connection (1): www.google.com:443
15:09:02 [DEBUG] Starting new HTTPS connection (1): www.google.com:443
15:09:02 [DEBUG] Starting new HTTPS connection (1): www.google.com:443
15:09:02 [DEBUG] https://www.google.com:443 "GET /generate_204 HTTP/1.1" 204 0
15:09:02 [DEBUG] Starting new HTTPS connection (1): cp.cloudflare.com:443
15:09:02 [DEBUG] Starting new HTTPS connection (1): www.google.com:443
15:09:02 [DEBUG] Starting new HTTPS connection (1): cp.cloudflare.com:443
15:09:03 [DEBUG] Starting new HTTPS connection (1): cp.cloudflare.com:443
15:09:03 [DEBUG] Starting new HTTPS connection (1): cp.cloudflare.com:443
15:09:03 [DEBUG] https://dl.google.com:443 "GET /dl/android/studio/install/3.4.1.0/android-studio-ide-183.5522156-windows.exe HTTP/1.1" 200 1017327996
15:09:03 [DEBUG] https://www.gstatic.com:443 "GET /generate_204 HTTP/1.1" 204 0
15:09:04 [DEBUG] Starting new HTTPS connection (1): www.gstatic.com:443
15:09:04 [DEBUG] Starting new HTTPS connection (1): www.google.com:443
15:09:04 [DEBUG] Starting new HTTPS connection (1): dl.google.com:443
15:09:05 [DEBUG] Starting new HTTPS connection (1): cp.cloudflare.com:443
15:09:05 [DEBUG] Starting new HTTPS connection (1): www.gstatic.com:443
15:09:06 [DEBUG] Starting new HTTPS connection (1): cp.cloudflare.com:443
15:09:06 [DEBUG] Starting new HTTPS connection (1): cp.cloudflare.com:443
15:09:06 [DEBUG] Starting new HTTPS connection (1): www.gstatic.com:443
15:09:06 [DEBUG] Starting new HTTPS connection (1): www.gstatic.com:443
15:09:06 [DEBUG] Starting new HTTPS connection (1): cp.cloudflare.com:443
15:09:07 [DEBUG] Starting new HTTPS connection (1): www.gstatic.com:443
15:09:07 [DEBUG] Starting new HTTPS connection (1): www.gstatic.com:443
15:09:07 [DEBUG] Starting new HTTPS connection (1): www.gstatic.com:443
15:09:08 [DEBUG] Starting new HTTPS connection (1): cp.cloudflare.com:443
15:09:08 [DEBUG] Starting new HTTPS connection (1): www.google.com:443
15:09:09 [DEBUG] Starting new HTTPS connection (1): cp.cloudflare.com:443
15:09:09 [DEBUG] Starting new HTTPS connection (1): www.gstatic.com:443
15:09:09 [INFO]    🎯 109.248.170.119 (KZ) - 0.0Mbps, 1419ms UDP✅ Reality
15:09:10 [DEBUG] Starting new HTTPS connection (1): www.gstatic.com:443
15:09:10 [DEBUG] Starting new HTTPS connection (1): www.google.com:443
15:09:10 [DEBUG] Starting new HTTPS connection (1): www.google.com:443
15:09:10 [DEBUG] Starting new HTTPS connection (1): cp.cloudflare.com:443
15:09:10 [DEBUG] Starting new HTTPS connection (1): www.gstatic.com:443
15:09:11 [DEBUG] Starting new HTTPS connection (1): www.google.com:443
15:09:11 [DEBUG] Starting new HTTPS connection (1): www.gstatic.com:443
15:09:11 [DEBUG] Starting new HTTPS connection (1): www.google.com:443
15:09:11 [DEBUG] Starting new HTTPS connection (1): cp.cloudflare.com:443
15:09:11 [DEBUG] Starting new HTTPS connection (1): www.google.com:443
15:09:11 [DEBUG] Starting new HTTPS connection (1): www.google.com:443
15:09:12 [DEBUG] Starting new HTTPS connection (1): cp.cloudflare.com:443
15:09:12 [DEBUG] Starting new HTTPS connection (1): www.gstatic.com:443
15:09:12 [DEBUG] Starting new HTTPS connection (1): www.google.com:443
15:09:12 [DEBUG] Starting new HTTPS connection (1): www.gstatic.com:443
15:09:12 [DEBUG] Starting new HTTPS connection (1): www.gstatic.com:443
15:09:12 [DEBUG] Starting new HTTPS connection (1): www.google.com:443
15:09:12 [DEBUG] Starting new HTTPS connection (1): www.google.com:443
15:09:13 [DEBUG] Starting new HTTPS connection (1): cp.cloudflare.com:443
15:09:13 [DEBUG] https://www.google.com:443 "GET /generate_204 HTTP/1.1" 204 0
15:09:13 [DEBUG] Starting new HTTPS connection (1): cp.cloudflare.com:443
15:09:13 [DEBUG] Starting new HTTPS connection (1): www.google.com:443
15:09:13 [DEBUG] Starting new HTTPS connection (1): www.gstatic.com:443
15:09:14 [DEBUG] Starting new HTTPS connection (1): www.google.com:443
15:09:14 [DEBUG] Starting new HTTPS connection (1): www.google.com:443
15:09:14 [DEBUG] Starting new HTTPS connection (1): cp.cloudflare.com:443
15:09:14 [DEBUG] Starting new HTTPS connection (1): cp.cloudflare.com:443
15:09:14 [DEBUG] Starting new HTTPS connection (1): www.gstatic.com:443
15:09:14 [DEBUG] Starting new HTTPS connection (1): www.gstatic.com:443
15:09:14 [INFO]    📊 Глобальные: 150/500 (30%) | ✅60 ❌90
15:09:14 [DEBUG] https://cp.cloudflare.com:443 "GET / HTTP/1.1" 204 0
15:09:14 [DEBUG] Starting new HTTPS connection (1): www.gstatic.com:443
15:09:14 [DEBUG] Starting new HTTPS connection (1): cp.cloudflare.com:443
15:09:15 [DEBUG] Starting new HTTPS connection (1): www.google.com:443
15:09:15 [DEBUG] Starting new HTTPS connection (1): www.google.com:443
15:09:15 [DEBUG] Starting new HTTPS connection (1): www.google.com:443
15:09:15 [DEBUG] Starting new HTTPS connection (1): cp.cloudflare.com:443
15:09:15 [DEBUG] Starting new HTTPS connection (1): www.gstatic.com:443
15:09:15 [DEBUG] Starting new HTTPS connection (1): cp.cloudflare.com:443
15:09:15 [DEBUG] Starting new HTTPS connection (1): www.google.com:443
15:09:15 [DEBUG] Starting new HTTPS connection (1): cp.cloudflare.com:443
15:09:16 [DEBUG] Starting new HTTPS connection (1): www.gstatic.com:443
15:09:16 [DEBUG] https://www.gstatic.com:443 "GET /generate_204 HTTP/1.1" 204 0
15:09:16 [DEBUG] Starting new HTTPS connection (1): cp.cloudflare.com:443
15:09:16 [DEBUG] Starting new HTTPS connection (1): www.gstatic.com:443
15:09:16 [DEBUG] Starting new HTTPS connection (1): www.google.com:443
15:09:16 [DEBUG] Starting new HTTPS connection (1): cp.cloudflare.com:443
15:09:16 [DEBUG] Starting new HTTPS connection (1): cp.cloudflare.com:443
15:09:16 [DEBUG] Starting new HTTPS connection (1): www.gstatic.com:443
15:09:16 [DEBUG] Starting new HTTPS connection (1): cp.cloudflare.com:443
15:09:17 [DEBUG] Starting new HTTPS connection (1): dl.google.com:443
15:09:17 [DEBUG] Starting new HTTPS connection (1): www.google.com:443
15:09:17 [DEBUG] Starting new HTTPS connection (1): cp.cloudflare.com:443
15:09:17 [DEBUG] Starting new HTTPS connection (1): www.gstatic.com:443
15:09:17 [DEBUG] Starting new HTTPS connection (1): cp.cloudflare.com:443
15:09:17 [DEBUG] Starting new HTTPS connection (1): cp.cloudflare.com:443
15:09:17 [DEBUG] Starting new HTTPS connection (1): www.google.com:443
15:09:17 [DEBUG] Starting new HTTPS connection (1): cp.cloudflare.com:443
15:09:17 [DEBUG] Starting new HTTPS connection (1): www.gstatic.com:443
15:09:17 [DEBUG] Starting new HTTPS connection (1): www.gstatic.com:443
15:09:17 [DEBUG] Starting new HTTPS connection (1): www.google.com:443
15:09:17 [DEBUG] Starting new HTTPS connection (1): cp.cloudflare.com:443
15:09:17 [DEBUG] Starting new HTTPS connection (1): www.google.com:443
15:09:18 [DEBUG] Starting new HTTPS connection (1): www.gstatic.com:443
15:09:18 [DEBUG] Starting new HTTPS connection (1): www.google.com:443
15:09:18 [DEBUG] Starting new HTTPS connection (1): cp.cloudflare.com:443
15:09:18 [DEBUG] Starting new HTTPS connection (1): www.gstatic.com:443
15:09:18 [DEBUG] Starting new HTTPS connection (1): www.gstatic.com:443
15:09:18 [DEBUG] Starting new HTTPS connection (1): www.google.com:443
15:09:18 [DEBUG] Starting new HTTPS connection (1): cp.cloudflare.com:443
15:09:18 [DEBUG] https://dl.google.com:443 "GET /dl/android/studio/install/3.4.1.0/android-studio-ide-183.5522156-windows.exe HTTP/1.1" 200 1017327996
15:09:18 [DEBUG] Starting new HTTPS connection (1): www.gstatic.com:443
15:09:19 [DEBUG] Starting new HTTPS connection (1): www.google.com:443
15:09:19 [DEBUG] Starting new HTTPS connection (1): cp.cloudflare.com:443
15:09:19 [DEBUG] Starting new HTTPS connection (1): www.gstatic.com:443
15:09:19 [DEBUG] Starting new HTTPS connection (1): www.gstatic.com:443
15:09:19 [DEBUG] Starting new HTTPS connection (1): www.gstatic.com:443
15:09:19 [DEBUG] Starting new HTTPS connection (1): www.google.com:443
15:09:19 [DEBUG] Starting new HTTPS connection (1): cp.cloudflare.com:443
15:09:19 [DEBUG] Starting new HTTPS connection (1): www.gstatic.com:443
15:09:20 [DEBUG] Starting new HTTPS connection (1): www.google.com:443
15:09:20 [DEBUG] Starting new HTTPS connection (1): cp.cloudflare.com:443
15:09:20 [DEBUG] Starting new HTTPS connection (1): www.gstatic.com:443
15:09:20 [DEBUG] Starting new HTTPS connection (1): www.google.com:443
15:09:20 [INFO]    🎯 kr01-vlr01.tcp-reset-club.net (XX) - 3.9Mbps, 1442ms UDP✅ Reality
15:09:20 [DEBUG] Starting new HTTPS connection (1): cp.cloudflare.com:443
15:09:20 [DEBUG] Starting new HTTPS connection (1): www.gstatic.com:443
15:09:20 [DEBUG] Starting new HTTPS connection (1): www.google.com:443
15:09:20 [DEBUG] Starting new HTTPS connection (1): www.gstatic.com:443
15:09:20 [DEBUG] Starting new HTTPS connection (1): www.gstatic.com:443
15:09:20 [DEBUG] Starting new HTTPS connection (1): www.google.com:443
15:09:20 [DEBUG] Starting new HTTPS connection (1): cp.cloudflare.com:443
15:09:20 [DEBUG] Starting new HTTPS connection (1): cp.cloudflare.com:443
15:09:20 [DEBUG] Starting new HTTPS connection (1): www.gstatic.com:443
15:09:20 [DEBUG] Starting new HTTPS connection (1): www.gstatic.com:443
15:09:21 [DEBUG] Starting new HTTPS connection (1): www.google.com:443
15:09:21 [DEBUG] Starting new HTTPS connection (1): cp.cloudflare.com:443
15:09:21 [DEBUG] Starting new HTTPS connection (1): www.gstatic.com:443
15:09:21 [DEBUG] Starting new HTTPS connection (1): www.google.com:443
15:09:21 [DEBUG] Starting new HTTPS connection (1): cp.cloudflare.com:443
15:09:21 [DEBUG] Starting new HTTPS connection (1): www.gstatic.com:443
15:09:21 [DEBUG] Starting new HTTPS connection (1): www.google.com:443
15:09:21 [DEBUG] Starting new HTTPS connection (1): cp.cloudflare.com:443
15:09:22 [DEBUG] Starting new HTTPS connection (1): www.google.com:443
15:09:22 [DEBUG] Starting new HTTPS connection (1): cp.cloudflare.com:443
15:09:22 [DEBUG] Starting new HTTPS connection (1): www.gstatic.com:443
15:09:22 [DEBUG] Starting new HTTPS connection (1): www.google.com:443
15:09:22 [DEBUG] Starting new HTTPS connection (1): cp.cloudflare.com:443
15:09:22 [DEBUG] Starting new HTTPS connection (1): www.gstatic.com:443
15:09:22 [DEBUG] Starting new HTTPS connection (1): www.google.com:443
15:09:22 [DEBUG] Starting new HTTPS connection (1): cp.cloudflare.com:443
15:09:22 [DEBUG] Starting new HTTPS connection (1): www.gstatic.com:443
15:09:22 [DEBUG] Starting new HTTPS connection (1): www.google.com:443
15:09:22 [DEBUG] Starting new HTTPS connection (1): cp.cloudflare.com:443
15:09:22 [DEBUG] Starting new HTTPS connection (1): www.gstatic.com:443
15:09:22 [DEBUG] Starting new HTTPS connection (1): www.google.com:443
15:09:22 [DEBUG] Starting new HTTPS connection (1): cp.cloudflare.com:443
15:09:22 [DEBUG] Starting new HTTPS connection (1): www.gstatic.com:443
15:09:23 [DEBUG] Starting new HTTPS connection (1): www.google.com:443
15:09:23 [DEBUG] Starting new HTTPS connection (1): www.google.com:443
15:09:23 [DEBUG] Starting new HTTPS connection (1): cp.cloudflare.com:443
15:09:23 [DEBUG] Starting new HTTPS connection (1): www.gstatic.com:443
15:09:23 [DEBUG] Starting new HTTPS connection (1): www.google.com:443
15:09:23 [DEBUG] Starting new HTTPS connection (1): www.google.com:443
15:09:23 [DEBUG] Starting new HTTPS connection (1): cp.cloudflare.com:443
15:09:23 [DEBUG] Starting new HTTPS connection (1): cp.cloudflare.com:443
15:09:23 [DEBUG] Starting new HTTPS connection (1): www.google.com:443
15:09:23 [DEBUG] Starting new HTTPS connection (1): www.google.com:443
15:09:23 [DEBUG] Starting new HTTPS connection (1): www.gstatic.com:443
15:09:23 [DEBUG] Starting new HTTPS connection (1): cp.cloudflare.com:443
15:09:23 [DEBUG] Starting new HTTPS connection (1): www.gstatic.com:443
15:09:23 [DEBUG] Starting new HTTPS connection (1): cp.cloudflare.com:443
15:09:23 [DEBUG] Starting new HTTPS connection (1): www.google.com:443
15:09:23 [DEBUG] Starting new HTTPS connection (1): www.gstatic.com:443
15:09:23 [DEBUG] Starting new HTTPS connection (1): www.gstatic.com:443
15:09:23 [DEBUG] Starting new HTTPS connection (1): cp.cloudflare.com:443
15:09:24 [DEBUG] Starting new HTTPS connection (1): www.google.com:443
15:09:24 [DEBUG] Starting new HTTPS connection (1): cp.cloudflare.com:443
15:09:24 [DEBUG] Starting new HTTPS connection (1): www.gstatic.com:443
15:09:24 [DEBUG] Starting new HTTPS connection (1): www.google.com:443
15:09:24 [DEBUG] Starting new HTTPS connection (1): cp.cloudflare.com:443
15:09:24 [DEBUG] Starting new HTTPS connection (1): www.gstatic.com:443
15:09:24 [DEBUG] Starting new HTTPS connection (1): www.google.com:443
15:09:24 [DEBUG] Starting new HTTPS connection (1): cp.cloudflare.com:443
15:09:24 [DEBUG] Starting new HTTPS connection (1): www.gstatic.com:443
15:09:24 [DEBUG] Starting new HTTPS connection (1): www.google.com:443
15:09:24 [DEBUG] Starting new HTTPS connection (1): www.google.com:443
15:09:25 [DEBUG] Starting new HTTPS connection (1): cp.cloudflare.com:443
15:09:25 [DEBUG] Starting new HTTPS connection (1): www.google.com:443
15:09:25 [DEBUG] Starting new HTTPS connection (1): cp.cloudflare.com:443
15:09:25 [DEBUG] Starting new HTTPS connection (1): www.gstatic.com:443
15:09:25 [DEBUG] Starting new HTTPS connection (1): www.google.com:443
15:09:25 [DEBUG] Starting new HTTPS connection (1): cp.cloudflare.com:443
15:09:25 [DEBUG] Starting new HTTPS connection (1): www.google.com:443
15:09:25 [DEBUG] Starting new HTTPS connection (1): www.gstatic.com:443
15:09:25 [DEBUG] Starting new HTTPS connection (1): www.google.com:443
15:09:25 [DEBUG] Starting new HTTPS connection (1): www.google.com:443
15:09:25 [DEBUG] Starting new HTTPS connection (1): cp.cloudflare.com:443
15:09:25 [DEBUG] Starting new HTTPS connection (1): www.gstatic.com:443
15:09:25 [DEBUG] Starting new HTTPS connection (1): cp.cloudflare.com:443
15:09:25 [DEBUG] Starting new HTTPS connection (1): www.gstatic.com:443
15:09:25 [DEBUG] Starting new HTTPS connection (1): www.gstatic.com:443
15:09:25 [DEBUG] Starting new HTTPS connection (1): www.gstatic.com:443
15:09:26 [DEBUG] Starting new HTTPS connection (1): www.google.com:443
15:09:26 [DEBUG] Starting new HTTPS connection (1): www.google.com:443
15:09:26 [DEBUG] Starting new HTTPS connection (1): www.google.com:443
15:09:26 [DEBUG] Starting new HTTPS connection (1): cp.cloudflare.com:443
15:09:26 [DEBUG] Starting new HTTPS connection (1): www.gstatic.com:443
15:09:26 [DEBUG] Starting new HTTPS connection (1): www.google.com:443
15:09:27 [DEBUG] Starting new HTTPS connection (1): www.gstatic.com:443
15:09:27 [DEBUG] Starting new HTTPS connection (1): cp.cloudflare.com:443
15:09:27 [DEBUG] Starting new HTTPS connection (1): www.gstatic.com:443
15:09:27 [DEBUG] Starting new HTTPS connection (1): cp.cloudflare.com:443
15:09:27 [DEBUG] Starting new HTTPS connection (1): www.google.com:443
15:09:27 [DEBUG] Starting new HTTPS connection (1): cp.cloudflare.com:443
15:09:27 [DEBUG] Starting new HTTPS connection (1): www.gstatic.com:443
15:09:28 [DEBUG] Starting new HTTPS connection (1): cp.cloudflare.com:443
15:09:28 [DEBUG] Starting new HTTPS connection (1): cp.cloudflare.com:443
15:09:28 [DEBUG] Starting new HTTPS connection (1): cp.cloudflare.com:443
15:09:28 [DEBUG] Starting new HTTPS connection (1): www.google.com:443
15:09:28 [DEBUG] Starting new HTTPS connection (1): cp.cloudflare.com:443
15:09:28 [DEBUG] Starting new HTTPS connection (1): cp.cloudflare.com:443
15:09:28 [DEBUG] Starting new HTTPS connection (1): www.gstatic.com:443
15:09:28 [DEBUG] Starting new HTTPS connection (1): www.google.com:443
15:09:29 [DEBUG] Starting new HTTPS connection (1): www.google.com:443
15:09:29 [DEBUG] https://www.google.com:443 "GET /generate_204 HTTP/1.1" 204 0
15:09:29 [DEBUG] Starting new HTTPS connection (1): cp.cloudflare.com:443
15:09:29 [INFO]    📊 Глобальные: 200/500 (40%) | ✅61 ❌139
15:09:29 [DEBUG] Starting new HTTPS connection (1): www.google.com:443
15:09:29 [DEBUG] Starting new HTTPS connection (1): cp.cloudflare.com:443
15:09:30 [DEBUG] Starting new HTTPS connection (1): www.gstatic.com:443
15:09:30 [DEBUG] Starting new HTTPS connection (1): www.gstatic.com:443
15:09:30 [DEBUG] https://www.google.com:443 "GET /generate_204 HTTP/1.1" 204 0
15:09:30 [DEBUG] Starting new HTTPS connection (1): cp.cloudflare.com:443
15:09:30 [DEBUG] Starting new HTTPS connection (1): www.gstatic.com:443
15:09:30 [DEBUG] Starting new HTTPS connection (1): www.gstatic.com:443
15:09:31 [DEBUG] Starting new HTTPS connection (1): www.google.com:443
15:09:31 [DEBUG] Starting new HTTPS connection (1): cp.cloudflare.com:443
15:09:31 [DEBUG] Starting new HTTPS connection (1): www.gstatic.com:443
15:09:31 [DEBUG] Starting new HTTPS connection (1): www.google.com:443
15:09:31 [DEBUG] Starting new HTTPS connection (1): www.google.com:443
15:09:31 [DEBUG] Starting new HTTPS connection (1): cp.cloudflare.com:443
15:09:31 [DEBUG] Starting new HTTPS connection (1): www.gstatic.com:443
15:09:32 [DEBUG] Starting new HTTPS connection (1): www.google.com:443
15:09:32 [DEBUG] Starting new HTTPS connection (1): cp.cloudflare.com:443
15:09:32 [DEBUG] Starting new HTTPS connection (1): www.gstatic.com:443
15:09:32 [DEBUG] Starting new HTTPS connection (1): www.google.com:443
15:09:32 [DEBUG] Starting new HTTPS connection (1): cp.cloudflare.com:443
15:09:32 [DEBUG] Starting new HTTPS connection (1): www.gstatic.com:443
15:09:32 [DEBUG] Starting new HTTPS connection (1): www.gstatic.com:443
15:09:32 [DEBUG] Starting new HTTPS connection (1): www.gstatic.com:443
15:09:32 [DEBUG] Starting new HTTPS connection (1): cp.cloudflare.com:443
15:09:33 [DEBUG] Starting new HTTPS connection (1): www.google.com:443
15:09:33 [DEBUG] Starting new HTTPS connection (1): www.gstatic.com:443
15:09:33 [DEBUG] Starting new HTTPS connection (1): www.google.com:443
15:09:33 [DEBUG] Starting new HTTPS connection (1): cp.cloudflare.com:443
15:09:33 [DEBUG] https://www.gstatic.com:443 "GET /generate_204 HTTP/1.1" 204 0
15:09:33 [DEBUG] https://www.google.com:443 "GET /generate_204 HTTP/1.1" 204 0
15:09:33 [DEBUG] Starting new HTTPS connection (1): cp.cloudflare.com:443
15:09:33 [DEBUG] Starting new HTTPS connection (1): dl.google.com:443
15:09:33 [DEBUG] Starting new HTTPS connection (1): www.google.com:443
15:09:33 [DEBUG] https://cp.cloudflare.com:443 "GET / HTTP/1.1" 204 0
15:09:33 [DEBUG] Starting new HTTPS connection (1): www.gstatic.com:443
15:09:33 [DEBUG] https://dl.google.com:443 "GET /dl/android/studio/install/3.4.1.0/android-studio-ide-183.5522156-windows.exe HTTP/1.1" 200 1017327996
15:09:33 [DEBUG] Starting new HTTPS connection (1): www.google.com:443
15:09:33 [DEBUG] Starting new HTTPS connection (1): cp.cloudflare.com:443
15:09:33 [DEBUG] https://www.gstatic.com:443 "GET /generate_204 HTTP/1.1" 204 0
15:09:33 [DEBUG] Starting new HTTPS connection (1): www.gstatic.com:443
15:09:33 [DEBUG] Starting new HTTPS connection (1): dl.google.com:443
15:09:33 [INFO]    🎯 147.45.43.58 (Нидерланды) - 39.7Mbps, 139ms UDP✅ 
15:09:33 [DEBUG] https://dl.google.com:443 "GET /dl/android/studio/install/3.4.1.0/android-studio-ide-183.5522156-windows.exe HTTP/1.1" 200 1017327996
15:09:33 [DEBUG] Starting new HTTPS connection (1): www.google.com:443
15:09:34 [DEBUG] Starting new HTTPS connection (1): www.gstatic.com:443
15:09:34 [DEBUG] Starting new HTTPS connection (1): www.google.com:443
15:09:34 [DEBUG] Starting new HTTPS connection (1): www.google.com:443
15:09:35 [DEBUG] Starting new HTTPS connection (1): www.gstatic.com:443
15:09:35 [DEBUG] Starting new HTTPS connection (1): cp.cloudflare.com:443
15:09:35 [DEBUG] Starting new HTTPS connection (1): cp.cloudflare.com:443
15:09:35 [DEBUG] Starting new HTTPS connection (1): www.gstatic.com:443
15:09:36 [DEBUG] Starting new HTTPS connection (1): cp.cloudflare.com:443
15:09:36 [DEBUG] Starting new HTTPS connection (1): www.gstatic.com:443
15:09:37 [DEBUG] Starting new HTTPS connection (1): www.google.com:443
15:09:37 [DEBUG] Starting new HTTPS connection (1): cp.cloudflare.com:443
15:09:37 [DEBUG] Starting new HTTPS connection (1): cp.cloudflare.com:443
15:09:37 [DEBUG] Starting new HTTPS connection (1): www.gstatic.com:443
15:09:37 [DEBUG] Starting new HTTPS connection (1): www.gstatic.com:443
15:09:37 [DEBUG] Starting new HTTPS connection (1): www.google.com:443
15:09:37 [DEBUG] Starting new HTTPS connection (1): www.google.com:443
15:09:37 [DEBUG] Starting new HTTPS connection (1): cp.cloudflare.com:443
15:09:38 [DEBUG] Starting new HTTPS connection (1): www.gstatic.com:443
15:09:38 [DEBUG] Starting new HTTPS connection (1): www.gstatic.com:443
15:09:38 [DEBUG] Starting new HTTPS connection (1): www.google.com:443
15:09:38 [DEBUG] Starting new HTTPS connection (1): cp.cloudflare.com:443
15:09:38 [DEBUG] Starting new HTTPS connection (1): www.gstatic.com:443
15:09:38 [DEBUG] Starting new HTTPS connection (1): www.google.com:443
15:09:38 [DEBUG] Starting new HTTPS connection (1): cp.cloudflare.com:443
15:09:38 [DEBUG] https://www.google.com:443 "GET /generate_204 HTTP/1.1" 204 0
15:09:38 [DEBUG] Starting new HTTPS connection (1): cp.cloudflare.com:443
15:09:39 [DEBUG] Starting new HTTPS connection (1): www.google.com:443
15:09:39 [DEBUG] Starting new HTTPS connection (1): cp.cloudflare.com:443
15:09:39 [DEBUG] Starting new HTTPS connection (1): www.gstatic.com:443
15:09:39 [DEBUG] Starting new HTTPS connection (1): www.google.com:443
15:09:39 [DEBUG] Starting new HTTPS connection (1): cp.cloudflare.com:443
15:09:39 [DEBUG] Starting new HTTPS connection (1): www.google.com:443
15:09:39 [DEBUG] Starting new HTTPS connection (1): www.gstatic.com:443
15:09:40 [DEBUG] Starting new HTTPS connection (1): www.google.com:443
15:09:40 [DEBUG] Starting new HTTPS connection (1): www.google.com:443
15:09:40 [DEBUG] https://www.google.com:443 "GET /generate_204 HTTP/1.1" 204 0
15:09:40 [DEBUG] Starting new HTTPS connection (1): cp.cloudflare.com:443
15:09:40 [DEBUG] Starting new HTTPS connection (1): www.google.com:443
15:09:41 [DEBUG] https://www.google.com:443 "GET /generate_204 HTTP/1.1" 204 0
15:09:41 [DEBUG] Starting new HTTPS connection (1): cp.cloudflare.com:443
15:09:41 [DEBUG] Starting new HTTPS connection (1): www.gstatic.com:443
15:09:41 [DEBUG] Starting new HTTPS connection (1): www.google.com:443
15:09:41 [DEBUG] https://www.google.com:443 "GET /generate_204 HTTP/1.1" 204 0
15:09:41 [DEBUG] Starting new HTTPS connection (1): cp.cloudflare.com:443
15:09:41 [INFO]    🎯 5.255.114.61 (Нидерланды) - 1.6Mbps, 140ms UDP✅ 
15:09:41 [DEBUG] Starting new HTTPS connection (1): cp.cloudflare.com:443
15:09:42 [DEBUG] Starting new HTTPS connection (1): www.google.com:443
15:09:42 [DEBUG] https://www.google.com:443 "GET /generate_204 HTTP/1.1" 204 0
15:09:42 [DEBUG] Starting new HTTPS connection (1): cp.cloudflare.com:443
15:09:42 [DEBUG] Starting new HTTPS connection (1): www.google.com:443
15:09:42 [DEBUG] Starting new HTTPS connection (1): www.gstatic.com:443
15:09:42 [DEBUG] Starting new HTTPS connection (1): www.gstatic.com:443
15:09:42 [DEBUG] https://www.google.com:443 "GET /generate_204 HTTP/1.1" 204 0
15:09:42 [DEBUG] Starting new HTTPS connection (1): cp.cloudflare.com:443
15:09:42 [DEBUG] https://www.gstatic.com:443 "GET /generate_204 HTTP/1.1" 204 0
15:09:43 [DEBUG] Starting new HTTPS connection (1): dl.google.com:443
15:09:43 [DEBUG] https://dl.google.com:443 "GET /dl/android/studio/install/3.4.1.0/android-studio-ide-183.5522156-windows.exe HTTP/1.1" 200 1017327996
15:09:43 [DEBUG] Starting new HTTPS connection (1): cp.cloudflare.com:443
15:09:43 [INFO]    🎯 91.84.105.40 (Нидерланды) - 14.5Mbps, 229ms UDP✅ 
15:09:44 [DEBUG] Starting new HTTPS connection (1): cp.cloudflare.com:443
15:09:44 [DEBUG] Starting new HTTPS connection (1): www.gstatic.com:443
15:09:44 [DEBUG] https://www.gstatic.com:443 "GET /generate_204 HTTP/1.1" 204 0
15:09:44 [DEBUG] Starting new HTTPS connection (1): dl.google.com:443
15:09:44 [DEBUG] Starting new HTTPS connection (1): www.google.com:443
15:09:45 [DEBUG] Starting new HTTPS connection (1): www.gstatic.com:443
15:09:45 [DEBUG] https://dl.google.com:443 "GET /dl/android/studio/install/3.4.1.0/android-studio-ide-183.5522156-windows.exe HTTP/1.1" 200 1017327996
15:09:45 [DEBUG] https://www.gstatic.com:443 "GET /generate_204 HTTP/1.1" 204 0
15:09:45 [DEBUG] https://www.google.com:443 "GET /generate_204 HTTP/1.1" 204 0
15:09:45 [DEBUG] Starting new HTTPS connection (1): cp.cloudflare.com:443
15:09:45 [INFO]    🎯 185.193.158.71 (Нидерланды) - 39.3Mbps, 131ms UDP✅ 
15:09:45 [DEBUG] Starting new HTTPS connection (1): dl.google.com:443
15:09:45 [DEBUG] Starting new HTTPS connection (1): www.gstatic.com:443
15:09:45 [DEBUG] https://dl.google.com:443 "GET /dl/android/studio/install/3.4.1.0/android-studio-ide-183.5522156-windows.exe HTTP/1.1" 200 1017327996
15:09:45 [DEBUG] Starting new HTTPS connection (1): www.gstatic.com:443
15:09:46 [DEBUG] Starting new HTTPS connection (1): www.gstatic.com:443
15:09:46 [DEBUG] Starting new HTTPS connection (1): www.google.com:443
15:09:46 [DEBUG] Starting new HTTPS connection (1): cp.cloudflare.com:443
15:09:46 [DEBUG] https://www.gstatic.com:443 "GET /generate_204 HTTP/1.1" 204 0
15:09:46 [DEBUG] Starting new HTTPS connection (1): www.google.com:443
15:09:46 [DEBUG] Starting new HTTPS connection (1): www.gstatic.com:443
15:09:46 [DEBUG] Starting new HTTPS connection (1): dl.google.com:443
15:09:46 [DEBUG] https://dl.google.com:443 "GET /dl/android/studio/install/3.4.1.0/android-studio-ide-183.5522156-windows.exe HTTP/1.1" 200 1017327996
15:09:46 [INFO]    🎯 51.158.146.213 (Нидерланды) - 50.6Mbps, 125ms UDP✅ 
15:09:46 [DEBUG] Starting new HTTPS connection (1): www.gstatic.com:443
15:09:47 [DEBUG] https://www.gstatic.com:443 "GET /generate_204 HTTP/1.1" 204 0
15:09:47 [DEBUG] Starting new HTTPS connection (1): dl.google.com:443
15:09:47 [DEBUG] Starting new HTTPS connection (1): www.google.com:443
15:09:47 [DEBUG] https://dl.google.com:443 "GET /dl/android/studio/install/3.4.1.0/android-studio-ide-183.5522156-windows.exe HTTP/1.1" 200 1017327996
15:09:47 [DEBUG] Starting new HTTPS connection (1): www.gstatic.com:443
15:09:47 [DEBUG] Starting new HTTPS connection (1): www.google.com:443
15:09:47 [DEBUG] Starting new HTTPS connection (1): www.google.com:443
15:09:48 [INFO]    🎯 91.84.103.205 (Нидерланды) - 16.9Mbps, 214ms UDP✅ 
15:09:48 [DEBUG] https://www.google.com:443 "GET /generate_204 HTTP/1.1" 204 0
15:09:48 [DEBUG] Starting new HTTPS connection (1): cp.cloudflare.com:443
15:09:48 [DEBUG] Starting new HTTPS connection (1): cp.cloudflare.com:443
15:09:48 [DEBUG] Starting new HTTPS connection (1): www.gstatic.com:443
15:09:48 [DEBUG] https://cp.cloudflare.com:443 "GET / HTTP/1.1" 204 0
15:09:48 [DEBUG] Starting new HTTPS connection (1): www.gstatic.com:443
15:09:49 [DEBUG] Starting new HTTPS connection (1): www.google.com:443
15:09:49 [DEBUG] Starting new HTTPS connection (1): cp.cloudflare.com:443
15:09:49 [DEBUG] Starting new HTTPS connection (1): www.gstatic.com:443
15:09:49 [DEBUG] Starting new HTTPS connection (1): www.gstatic.com:443
15:09:49 [DEBUG] Starting new HTTPS connection (1): www.google.com:443
15:09:49 [DEBUG] https://www.gstatic.com:443 "GET /generate_204 HTTP/1.1" 204 0
15:09:49 [DEBUG] Starting new HTTPS connection (1): dl.google.com:443
15:09:49 [DEBUG] https://www.gstatic.com:443 "GET /generate_204 HTTP/1.1" 204 0
15:09:49 [DEBUG] Starting new HTTPS connection (1): cp.cloudflare.com:443
15:09:49 [DEBUG] Starting new HTTPS connection (1): dl.google.com:443
15:09:49 [DEBUG] https://dl.google.com:443 "GET /dl/android/studio/install/3.4.1.0/android-studio-ide-183.5522156-windows.exe HTTP/1.1" 200 1017327996
15:09:50 [DEBUG] Starting new HTTPS connection (1): www.google.com:443
15:09:50 [DEBUG] Starting new HTTPS connection (1): www.google.com:443
15:09:50 [DEBUG] Starting new HTTPS connection (1): www.gstatic.com:443
15:09:50 [DEBUG] https://dl.google.com:443 "GET /dl/android/studio/install/3.4.1.0/android-studio-ide-183.5522156-windows.exe HTTP/1.1" 200 1017327996
15:09:50 [INFO]    🎯 91.84.111.44 (Нидерланды) - 12.6Mbps, 227ms UDP✅ 
15:09:50 [DEBUG] Starting new HTTPS connection (1): www.google.com:443
15:09:51 [DEBUG] Starting new HTTPS connection (1): cp.cloudflare.com:443
15:09:51 [DEBUG] Starting new HTTPS connection (1): www.google.com:443
15:09:51 [DEBUG] Starting new HTTPS connection (1): cp.cloudflare.com:443
15:09:51 [INFO]    🎯 45.148.31.0 (Дания) - 7.1Mbps, 715ms UDP✅ 
15:09:51 [DEBUG] Starting new HTTPS connection (1): www.gstatic.com:443
15:09:52 [DEBUG] Starting new HTTPS connection (1): cp.cloudflare.com:443
15:09:52 [DEBUG] Starting new HTTPS connection (1): cp.cloudflare.com:443
15:09:52 [DEBUG] Starting new HTTPS connection (1): www.google.com:443
15:09:53 [DEBUG] Starting new HTTPS connection (1): cp.cloudflare.com:443
15:09:53 [DEBUG] Starting new HTTPS connection (1): www.gstatic.com:443
15:09:53 [DEBUG] Starting new HTTPS connection (1): www.google.com:443
15:09:53 [DEBUG] Starting new HTTPS connection (1): cp.cloudflare.com:443
15:09:53 [DEBUG] Starting new HTTPS connection (1): www.google.com:443
15:09:53 [DEBUG] Starting new HTTPS connection (1): cp.cloudflare.com:443
15:09:53 [DEBUG] Starting new HTTPS connection (1): www.gstatic.com:443
15:09:53 [DEBUG] Starting new HTTPS connection (1): cp.cloudflare.com:443
15:09:54 [INFO]    🎯 188.166.39.239 (Нидерланды) - 1.5Mbps, 134ms UDP✅ 
15:09:54 [DEBUG] Starting new HTTPS connection (1): www.gstatic.com:443
15:09:54 [DEBUG] Starting new HTTPS connection (1): www.google.com:443
15:09:54 [DEBUG] Starting new HTTPS connection (1): cp.cloudflare.com:443
15:09:54 [DEBUG] Starting new HTTPS connection (1): www.gstatic.com:443
15:09:54 [DEBUG] Starting new HTTPS connection (1): www.google.com:443
15:09:54 [DEBUG] Starting new HTTPS connection (1): cp.cloudflare.com:443
15:09:54 [DEBUG] Starting new HTTPS connection (1): www.gstatic.com:443
15:09:54 [DEBUG] Starting new HTTPS connection (1): cp.cloudflare.com:443
15:09:54 [DEBUG] Starting new HTTPS connection (1): www.gstatic.com:443
15:09:55 [DEBUG] Starting new HTTPS connection (1): www.google.com:443
15:09:55 [DEBUG] Starting new HTTPS connection (1): cp.cloudflare.com:443
15:09:55 [DEBUG] Starting new HTTPS connection (1): www.gstatic.com:443
15:09:55 [DEBUG] Starting new HTTPS connection (1): www.gstatic.com:443
15:09:55 [DEBUG] Starting new HTTPS connection (1): www.gstatic.com:443
15:09:55 [DEBUG] Starting new HTTPS connection (1): www.gstatic.com:443
15:09:55 [DEBUG] Starting new HTTPS connection (1): www.google.com:443
15:09:55 [DEBUG] Starting new HTTPS connection (1): www.google.com:443
15:09:56 [DEBUG] Starting new HTTPS connection (1): cp.cloudflare.com:443
15:09:56 [DEBUG] Starting new HTTPS connection (1): www.gstatic.com:443
15:09:56 [INFO]    📊 Глобальные: 250/500 (50%) | ✅70 ❌180
15:09:56 [DEBUG] Starting new HTTPS connection (1): www.google.com:443
15:09:56 [DEBUG] Starting new HTTPS connection (1): cp.cloudflare.com:443
15:09:56 [DEBUG] Starting new HTTPS connection (1): www.gstatic.com:443
15:09:56 [DEBUG] Starting new HTTPS connection (1): www.google.com:443
15:09:56 [DEBUG] Starting new HTTPS connection (1): www.google.com:443
15:09:56 [DEBUG] Starting new HTTPS connection (1): www.gstatic.com:443
15:09:57 [DEBUG] Starting new HTTPS connection (1): www.google.com:443
15:09:57 [DEBUG] Starting new HTTPS connection (1): www.google.com:443
15:09:57 [DEBUG] Starting new HTTPS connection (1): www.gstatic.com:443
15:09:57 [DEBUG] Starting new HTTPS connection (1): www.google.com:443
15:09:57 [DEBUG] Starting new HTTPS connection (1): cp.cloudflare.com:443
15:09:57 [DEBUG] Starting new HTTPS connection (1): www.google.com:443
15:09:58 [DEBUG] Starting new HTTPS connection (1): cp.cloudflare.com:443
15:09:58 [DEBUG] Starting new HTTPS connection (1): www.google.com:443
15:09:58 [DEBUG] Starting new HTTPS connection (1): www.google.com:443
15:09:58 [DEBUG] Starting new HTTPS connection (1): cp.cloudflare.com:443
15:09:58 [DEBUG] Starting new HTTPS connection (1): www.google.com:443
15:09:59 [DEBUG] Starting new HTTPS connection (1): cp.cloudflare.com:443
15:09:59 [DEBUG] Starting new HTTPS connection (1): cp.cloudflare.com:443
15:09:59 [DEBUG] Starting new HTTPS connection (1): www.google.com:443
15:09:59 [DEBUG] Starting new HTTPS connection (1): cp.cloudflare.com:443
15:09:59 [DEBUG] Starting new HTTPS connection (1): www.gstatic.com:443
15:10:00 [DEBUG] Starting new HTTPS connection (1): cp.cloudflare.com:443
15:10:00 [DEBUG] https://www.google.com:443 "GET /generate_204 HTTP/1.1" 204 0
15:10:00 [DEBUG] Starting new HTTPS connection (1): cp.cloudflare.com:443
15:10:00 [DEBUG] Starting new HTTPS connection (1): www.gstatic.com:443
15:10:00 [DEBUG] Starting new HTTPS connection (1): cp.cloudflare.com:443
15:10:00 [DEBUG] Starting new HTTPS connection (1): www.gstatic.com:443
15:10:00 [DEBUG] Starting new HTTPS connection (1): cp.cloudflare.com:443
15:10:00 [DEBUG] https://cp.cloudflare.com:443 "GET / HTTP/1.1" 204 0
15:10:00 [DEBUG] Starting new HTTPS connection (1): www.gstatic.com:443
15:10:00 [DEBUG] Starting new HTTPS connection (1): cp.cloudflare.com:443
15:10:01 [DEBUG] https://www.gstatic.com:443 "GET /generate_204 HTTP/1.1" 204 0
15:10:01 [DEBUG] Starting new HTTPS connection (1): www.gstatic.com:443
15:10:01 [DEBUG] Starting new HTTPS connection (1): www.gstatic.com:443
15:10:01 [DEBUG] Starting new HTTPS connection (1): dl.google.com:443
15:10:01 [DEBUG] Starting new HTTPS connection (1): www.gstatic.com:443
15:10:02 [DEBUG] Starting new HTTPS connection (1): www.gstatic.com:443
15:10:02 [DEBUG] https://dl.google.com:443 "GET /dl/android/studio/install/3.4.1.0/android-studio-ide-183.5522156-windows.exe HTTP/1.1" 404 1449
15:10:02 [INFO]    🎯 104.18.32.47 (XX) - 0.0Mbps, 467ms UDP✅ 
15:10:02 [DEBUG] Starting new HTTPS connection (1): www.gstatic.com:443
15:10:02 [DEBUG] Starting new HTTPS connection (1): www.gstatic.com:443
15:10:02 [DEBUG] Starting new HTTPS connection (1): www.gstatic.com:443
15:10:03 [DEBUG] Starting new HTTPS connection (1): www.google.com:443
15:10:03 [DEBUG] https://www.google.com:443 "GET /generate_204 HTTP/1.1" 204 0
15:10:03 [DEBUG] Starting new HTTPS connection (1): cp.cloudflare.com:443
15:10:03 [DEBUG] https://cp.cloudflare.com:443 "GET / HTTP/1.1" 204 0
15:10:03 [DEBUG] Starting new HTTPS connection (1): www.gstatic.com:443
15:10:03 [DEBUG] Starting new HTTPS connection (1): www.google.com:443
15:10:03 [DEBUG] https://www.gstatic.com:443 "GET /generate_204 HTTP/1.1" 204 0
15:10:03 [DEBUG] Starting new HTTPS connection (1): dl.google.com:443
15:10:03 [DEBUG] Starting new HTTPS connection (1): www.google.com:443
15:10:03 [DEBUG] https://dl.google.com:443 "GET /dl/android/studio/install/3.4.1.0/android-studio-ide-183.5522156-windows.exe HTTP/1.1" 404 1449
15:10:03 [INFO]    🎯 188.114.98.0 (XX) - 0.0Mbps, 131ms UDP✅ 
15:10:03 [DEBUG] Starting new HTTPS connection (1): www.google.com:443
15:10:04 [DEBUG] Starting new HTTPS connection (1): www.google.com:443
15:10:04 [DEBUG] Starting new HTTPS connection (1): www.google.com:443
15:10:04 [DEBUG] https://www.google.com:443 "GET /generate_204 HTTP/1.1" 204 0
15:10:04 [DEBUG] Starting new HTTPS connection (1): cp.cloudflare.com:443
15:10:04 [DEBUG] Starting new HTTPS connection (1): www.google.com:443
15:10:04 [DEBUG] Starting new HTTPS connection (1): www.google.com:443
15:10:05 [DEBUG] https://www.google.com:443 "GET /generate_204 HTTP/1.1" 204 0
15:10:05 [DEBUG] Starting new HTTPS connection (1): cp.cloudflare.com:443
15:10:05 [DEBUG] Starting new HTTPS connection (1): www.google.com:443
15:10:05 [DEBUG] https://cp.cloudflare.com:443 "GET / HTTP/1.1" 204 0
15:10:05 [DEBUG] Starting new HTTPS connection (1): www.gstatic.com:443
15:10:05 [DEBUG] https://cp.cloudflare.com:443 "GET / HTTP/1.1" 204 0
15:10:05 [DEBUG] Starting new HTTPS connection (1): www.gstatic.com:443
15:10:05 [DEBUG] Starting new HTTPS connection (1): cp.cloudflare.com:443
15:10:05 [DEBUG] https://www.gstatic.com:443 "GET /generate_204 HTTP/1.1" 204 0
15:10:05 [DEBUG] Starting new HTTPS connection (1): dl.google.com:443
15:10:05 [DEBUG] Starting new HTTPS connection (1): www.google.com:443
15:10:05 [DEBUG] Starting new HTTPS connection (1): cp.cloudflare.com:443
15:10:05 [DEBUG] Starting new HTTPS connection (1): www.gstatic.com:443
15:10:05 [DEBUG] https://dl.google.com:443 "GET /dl/android/studio/install/3.4.1.0/android-studio-ide-183.5522156-windows.exe HTTP/1.1" 200 1017327996
15:10:05 [DEBUG] Starting new HTTPS connection (1): cp.cloudflare.com:443
15:10:05 [INFO]    🎯 104.21.13.210 (XX) - 53.0Mbps, 163ms UDP✅ 
15:10:05 [DEBUG] Starting new HTTPS connection (1): www.google.com:443
15:10:05 [DEBUG] Starting new HTTPS connection (1): cp.cloudflare.com:443
15:10:05 [DEBUG] Starting new HTTPS connection (1): www.gstatic.com:443
15:10:05 [DEBUG] Starting new HTTPS connection (1): www.google.com:443
15:10:06 [DEBUG] https://www.gstatic.com:443 "GET /generate_204 HTTP/1.1" 204 0
15:10:06 [DEBUG] Starting new HTTPS connection (1): dl.google.com:443
15:10:06 [DEBUG] Starting new HTTPS connection (1): cp.cloudflare.com:443
15:10:06 [DEBUG] Starting new HTTPS connection (1): cp.cloudflare.com:443
15:10:06 [DEBUG] Starting new HTTPS connection (1): www.google.com:443
15:10:06 [DEBUG] https://dl.google.com:443 "GET /dl/android/studio/install/3.4.1.0/android-studio-ide-183.5522156-windows.exe HTTP/1.1" 404 1449
15:10:06 [INFO]    🎯 104.21.3.219 (XX) - 0.0Mbps, 751ms UDP✅ 
15:10:06 [DEBUG] Starting new HTTPS connection (1): www.google.com:443
15:10:06 [DEBUG] Starting new HTTPS connection (1): cp.cloudflare.com:443
15:10:06 [DEBUG] Starting new HTTPS connection (1): cp.cloudflare.com:443
15:10:06 [DEBUG] Starting new HTTPS connection (1): www.gstatic.com:443
15:10:06 [DEBUG] Starting new HTTPS connection (1): www.google.com:443
15:10:07 [DEBUG] Starting new HTTPS connection (1): cp.cloudflare.com:443
15:10:07 [DEBUG] Starting new HTTPS connection (1): www.gstatic.com:443
15:10:07 [DEBUG] Starting new HTTPS connection (1): www.google.com:443
15:10:07 [DEBUG] Starting new HTTPS connection (1): www.google.com:443
15:10:08 [DEBUG] Starting new HTTPS connection (1): www.gstatic.com:443
15:10:08 [DEBUG] Starting new HTTPS connection (1): www.gstatic.com:443
15:10:08 [DEBUG] Starting new HTTPS connection (1): www.gstatic.com:443
15:10:08 [DEBUG] Starting new HTTPS connection (1): cp.cloudflare.com:443
15:10:09 [DEBUG] Starting new HTTPS connection (1): www.gstatic.com:443
15:10:09 [DEBUG] Starting new HTTPS connection (1): cp.cloudflare.com:443
15:10:09 [DEBUG] Starting new HTTPS connection (1): cp.cloudflare.com:443
15:10:09 [DEBUG] Starting new HTTPS connection (1): www.gstatic.com:443
15:10:09 [DEBUG] Starting new HTTPS connection (1): cp.cloudflare.com:443
15:10:10 [DEBUG] Starting new HTTPS connection (1): www.google.com:443
15:10:10 [DEBUG] Starting new HTTPS connection (1): cp.cloudflare.com:443
15:10:10 [DEBUG] Starting new HTTPS connection (1): www.gstatic.com:443
15:10:10 [DEBUG] Starting new HTTPS connection (1): cp.cloudflare.com:443
15:10:11 [DEBUG] Starting new HTTPS connection (1): www.google.com:443
15:10:11 [DEBUG] Starting new HTTPS connection (1): www.gstatic.com:443
15:10:11 [DEBUG] Starting new HTTPS connection (1): www.gstatic.com:443
15:10:11 [DEBUG] Starting new HTTPS connection (1): www.google.com:443
15:10:11 [DEBUG] Starting new HTTPS connection (1): cp.cloudflare.com:443
15:10:11 [DEBUG] Starting new HTTPS connection (1): www.gstatic.com:443
15:10:11 [DEBUG] Starting new HTTPS connection (1): www.gstatic.com:443
15:10:11 [DEBUG] Starting new HTTPS connection (1): www.google.com:443
15:10:11 [DEBUG] Starting new HTTPS connection (1): www.google.com:443
15:10:12 [DEBUG] Starting new HTTPS connection (1): www.google.com:443
15:10:12 [DEBUG] Starting new HTTPS connection (1): www.gstatic.com:443
15:10:12 [DEBUG] Starting new HTTPS connection (1): cp.cloudflare.com:443
15:10:12 [DEBUG] Starting new HTTPS connection (1): www.gstatic.com:443
15:10:12 [DEBUG] Starting new HTTPS connection (1): www.google.com:443
15:10:12 [DEBUG] Starting new HTTPS connection (1): cp.cloudflare.com:443
15:10:12 [DEBUG] Starting new HTTPS connection (1): www.gstatic.com:443
15:10:12 [DEBUG] Starting new HTTPS connection (1): www.google.com:443
15:10:12 [DEBUG] Starting new HTTPS connection (1): www.gstatic.com:443
15:10:13 [DEBUG] Starting new HTTPS connection (1): www.google.com:443
15:10:13 [DEBUG] Starting new HTTPS connection (1): cp.cloudflare.com:443
15:10:13 [DEBUG] Starting new HTTPS connection (1): www.google.com:443
15:10:14 [DEBUG] Starting new HTTPS connection (1): cp.cloudflare.com:443
15:10:14 [DEBUG] Starting new HTTPS connection (1): cp.cloudflare.com:443
15:10:14 [DEBUG] Starting new HTTPS connection (1): www.google.com:443
15:10:14 [DEBUG] Starting new HTTPS connection (1): www.google.com:443
15:10:14 [DEBUG] Starting new HTTPS connection (1): cp.cloudflare.com:443
15:10:14 [DEBUG] Starting new HTTPS connection (1): www.google.com:443
15:10:15 [DEBUG] Starting new HTTPS connection (1): cp.cloudflare.com:443
15:10:15 [DEBUG] Starting new HTTPS connection (1): www.gstatic.com:443
15:10:15 [DEBUG] Starting new HTTPS connection (1): www.google.com:443
15:10:15 [DEBUG] Starting new HTTPS connection (1): cp.cloudflare.com:443
15:10:15 [INFO]    🎯 fn.takovpn.ru (XX) - 0.2Mbps, 3092ms UDP✅ Reality
15:10:16 [DEBUG] Starting new HTTPS connection (1): www.gstatic.com:443
15:10:16 [DEBUG] Starting new HTTPS connection (1): www.google.com:443
15:10:16 [DEBUG] Starting new HTTPS connection (1): www.gstatic.com:443
15:10:16 [DEBUG] Starting new HTTPS connection (1): cp.cloudflare.com:443
15:10:16 [DEBUG] Starting new HTTPS connection (1): cp.cloudflare.com:443
15:10:16 [DEBUG] Starting new HTTPS connection (1): www.google.com:443
15:10:16 [DEBUG] Starting new HTTPS connection (1): www.gstatic.com:443
15:10:17 [DEBUG] Starting new HTTPS connection (1): cp.cloudflare.com:443
15:10:17 [DEBUG] Starting new HTTPS connection (1): www.gstatic.com:443
15:10:17 [DEBUG] Starting new HTTPS connection (1): cp.cloudflare.com:443
15:10:17 [DEBUG] Starting new HTTPS connection (1): www.gstatic.com:443
15:10:18 [DEBUG] Starting new HTTPS connection (1): cp.cloudflare.com:443
15:10:18 [DEBUG] Starting new HTTPS connection (1): www.google.com:443
15:10:18 [DEBUG] Starting new HTTPS connection (1): www.gstatic.com:443
15:10:18 [DEBUG] Starting new HTTPS connection (1): www.gstatic.com:443
15:10:19 [DEBUG] Starting new HTTPS connection (1): www.gstatic.com:443
15:10:19 [DEBUG] Starting new HTTPS connection (1): cp.cloudflare.com:443
15:10:19 [DEBUG] Starting new HTTPS connection (1): www.gstatic.com:443
15:10:19 [DEBUG] Starting new HTTPS connection (1): www.google.com:443
15:10:20 [DEBUG] Starting new HTTPS connection (1): www.google.com:443
15:10:20 [DEBUG] Starting new HTTPS connection (1): www.google.com:443
15:10:20 [DEBUG] Starting new HTTPS connection (1): www.google.com:443
15:10:20 [DEBUG] Starting new HTTPS connection (1): cp.cloudflare.com:443
15:10:20 [DEBUG] Starting new HTTPS connection (1): www.gstatic.com:443
15:10:20 [DEBUG] Starting new HTTPS connection (1): www.gstatic.com:443
15:10:20 [DEBUG] Starting new HTTPS connection (1): cp.cloudflare.com:443
15:10:20 [DEBUG] Starting new HTTPS connection (1): www.google.com:443
15:10:20 [DEBUG] Starting new HTTPS connection (1): cp.cloudflare.com:443
15:10:20 [DEBUG] Starting new HTTPS connection (1): www.gstatic.com:443
15:10:20 [INFO]    📊 Глобальные: 300/500 (60%) | ✅75 ❌225
15:10:21 [DEBUG] Starting new HTTPS connection (1): www.gstatic.com:443
15:10:21 [DEBUG] Starting new HTTPS connection (1): www.google.com:443
15:10:21 [DEBUG] Starting new HTTPS connection (1): www.google.com:443
15:10:21 [DEBUG] Starting new HTTPS connection (1): cp.cloudflare.com:443
15:10:21 [DEBUG] Starting new HTTPS connection (1): www.google.com:443
15:10:21 [DEBUG] Starting new HTTPS connection (1): cp.cloudflare.com:443
15:10:21 [DEBUG] Starting new HTTPS connection (1): www.gstatic.com:443
15:10:21 [DEBUG] Starting new HTTPS connection (1): www.google.com:443
15:10:21 [DEBUG] Starting new HTTPS connection (1): cp.cloudflare.com:443
15:10:21 [DEBUG] Starting new HTTPS connection (1): www.gstatic.com:443
15:10:22 [DEBUG] Starting new HTTPS connection (1): www.google.com:443
15:10:22 [DEBUG] Starting new HTTPS connection (1): cp.cloudflare.com:443
15:10:22 [DEBUG] Starting new HTTPS connection (1): cp.cloudflare.com:443
15:10:22 [DEBUG] Starting new HTTPS connection (1): www.gstatic.com:443
15:10:22 [DEBUG] Starting new HTTPS connection (1): cp.cloudflare.com:443
15:10:22 [DEBUG] Starting new HTTPS connection (1): www.gstatic.com:443
15:10:22 [DEBUG] Starting new HTTPS connection (1): www.google.com:443
15:10:22 [DEBUG] Starting new HTTPS connection (1): cp.cloudflare.com:443
15:10:22 [DEBUG] Starting new HTTPS connection (1): www.google.com:443
15:10:22 [DEBUG] Starting new HTTPS connection (1): www.gstatic.com:443
15:10:22 [DEBUG] Starting new HTTPS connection (1): www.google.com:443
15:10:22 [DEBUG] Starting new HTTPS connection (1): cp.cloudflare.com:443
15:10:23 [DEBUG] Starting new HTTPS connection (1): www.gstatic.com:443
15:10:23 [DEBUG] Starting new HTTPS connection (1): www.google.com:443
15:10:23 [DEBUG] Starting new HTTPS connection (1): cp.cloudflare.com:443
15:10:23 [DEBUG] https://www.google.com:443 "GET /generate_204 HTTP/1.1" 204 0
15:10:23 [DEBUG] Starting new HTTPS connection (1): cp.cloudflare.com:443
15:10:23 [DEBUG] Starting new HTTPS connection (1): www.gstatic.com:443
15:10:24 [DEBUG] Starting new HTTPS connection (1): www.google.com:443
15:10:24 [DEBUG] Starting new HTTPS connection (1): www.google.com:443
15:10:24 [DEBUG] Starting new HTTPS connection (1): www.google.com:443
15:10:24 [DEBUG] Starting new HTTPS connection (1): www.google.com:443
15:10:24 [DEBUG] Starting new HTTPS connection (1): cp.cloudflare.com:443
15:10:24 [DEBUG] Starting new HTTPS connection (1): www.gstatic.com:443
15:10:24 [DEBUG] https://www.google.com:443 "GET /generate_204 HTTP/1.1" 204 0
15:10:24 [DEBUG] Starting new HTTPS connection (1): cp.cloudflare.com:443
15:10:24 [DEBUG] https://www.google.com:443 "GET /generate_204 HTTP/1.1" 204 0
15:10:24 [DEBUG] Starting new HTTPS connection (1): cp.cloudflare.com:443
15:10:24 [DEBUG] Starting new HTTPS connection (1): www.gstatic.com:443
15:10:24 [DEBUG] https://cp.cloudflare.com:443 "GET / HTTP/1.1" 204 0
15:10:24 [DEBUG] Starting new HTTPS connection (1): www.gstatic.com:443
15:10:24 [DEBUG] https://cp.cloudflare.com:443 "GET / HTTP/1.1" 204 0
15:10:24 [DEBUG] Starting new HTTPS connection (1): www.gstatic.com:443
15:10:24 [DEBUG] https://www.gstatic.com:443 "GET /generate_204 HTTP/1.1" 204 0
15:10:24 [DEBUG] Starting new HTTPS connection (1): dl.google.com:443
15:10:24 [DEBUG] Starting new HTTPS connection (1): cp.cloudflare.com:443
15:10:24 [DEBUG] https://dl.google.com:443 "GET /dl/android/studio/install/3.4.1.0/android-studio-ide-183.5522156-windows.exe HTTP/1.1" 404 1449
15:10:24 [INFO]    🎯 104.21.227.134 (XX) - 0.0Mbps, 162ms UDP✅ 
15:10:25 [DEBUG] Starting new HTTPS connection (1): cp.cloudflare.com:443
15:10:25 [DEBUG] Starting new HTTPS connection (1): www.gstatic.com:443
15:10:25 [DEBUG] Starting new HTTPS connection (1): www.google.com:443
15:10:25 [DEBUG] Starting new HTTPS connection (1): cp.cloudflare.com:443
15:10:25 [DEBUG] Starting new HTTPS connection (1): www.gstatic.com:443
15:10:25 [DEBUG] Starting new HTTPS connection (1): www.gstatic.com:443
15:10:25 [DEBUG] https://www.gstatic.com:443 "GET /generate_204 HTTP/1.1" 204 0
15:10:25 [DEBUG] Starting new HTTPS connection (1): www.google.com:443
15:10:25 [DEBUG] Starting new HTTPS connection (1): dl.google.com:443
15:10:25 [DEBUG] https://dl.google.com:443 "GET /dl/android/studio/install/3.4.1.0/android-studio-ide-183.5522156-windows.exe HTTP/1.1" 404 1449
15:10:25 [INFO]    🎯 104.21.224.5 (XX) - 0.0Mbps, 482ms UDP✅ 
15:10:25 [DEBUG] Starting new HTTPS connection (1): www.google.com:443
15:10:25 [DEBUG] Starting new HTTPS connection (1): cp.cloudflare.com:443
15:10:25 [DEBUG] Starting new HTTPS connection (1): www.gstatic.com:443
15:10:26 [DEBUG] Starting new HTTPS connection (1): cp.cloudflare.com:443
15:10:26 [DEBUG] Starting new HTTPS connection (1): www.google.com:443
15:10:26 [DEBUG] Starting new HTTPS connection (1): cp.cloudflare.com:443
15:10:26 [DEBUG] Starting new HTTPS connection (1): www.gstatic.com:443
15:10:26 [DEBUG] Starting new HTTPS connection (1): www.google.com:443
15:10:26 [DEBUG] Starting new HTTPS connection (1): www.google.com:443
15:10:27 [DEBUG] Starting new HTTPS connection (1): www.google.com:443
15:10:27 [DEBUG] Starting new HTTPS connection (1): www.gstatic.com:443
15:10:27 [DEBUG] Starting new HTTPS connection (1): www.gstatic.com:443
15:10:27 [DEBUG] Starting new HTTPS connection (1): www.google.com:443
15:10:27 [DEBUG] Starting new HTTPS connection (1): cp.cloudflare.com:443
15:10:27 [DEBUG] Starting new HTTPS connection (1): www.gstatic.com:443
15:10:27 [DEBUG] Starting new HTTPS connection (1): www.google.com:443
15:10:27 [DEBUG] Starting new HTTPS connection (1): www.gstatic.com:443
15:10:27 [DEBUG] https://www.gstatic.com:443 "GET /generate_204 HTTP/1.1" 204 0
15:10:28 [DEBUG] Starting new HTTPS connection (1): dl.google.com:443
15:10:28 [DEBUG] Starting new HTTPS connection (1): cp.cloudflare.com:443
15:10:28 [DEBUG] https://dl.google.com:443 "GET /dl/android/studio/install/3.4.1.0/android-studio-ide-183.5522156-windows.exe HTTP/1.1" 200 1017327996
15:10:28 [INFO]    🎯 162.159.12.151 (XX) - 55.1Mbps, 130ms UDP✅ 
15:10:28 [DEBUG] Starting new HTTPS connection (1): www.gstatic.com:443
15:10:28 [DEBUG] Starting new HTTPS connection (1): www.google.com:443
15:10:28 [DEBUG] Starting new HTTPS connection (1): cp.cloudflare.com:443
15:10:28 [DEBUG] Starting new HTTPS connection (1): www.gstatic.com:443
15:10:28 [DEBUG] Starting new HTTPS connection (1): www.google.com:443
15:10:28 [DEBUG] Starting new HTTPS connection (1): cp.cloudflare.com:443
15:10:28 [DEBUG] Starting new HTTPS connection (1): www.gstatic.com:443
15:10:28 [DEBUG] Starting new HTTPS connection (1): www.google.com:443
15:10:28 [DEBUG] Starting new HTTPS connection (1): cp.cloudflare.com:443
15:10:28 [DEBUG] Starting new HTTPS connection (1): www.gstatic.com:443
15:10:29 [DEBUG] Starting new HTTPS connection (1): cp.cloudflare.com:443
15:10:29 [DEBUG] Starting new HTTPS connection (1): cp.cloudflare.com:443
15:10:29 [DEBUG] Starting new HTTPS connection (1): www.google.com:443
15:10:29 [DEBUG] Starting new HTTPS connection (1): www.google.com:443
15:10:29 [DEBUG] Starting new HTTPS connection (1): www.google.com:443
15:10:29 [DEBUG] Starting new HTTPS connection (1): cp.cloudflare.com:443
15:10:29 [DEBUG] Starting new HTTPS connection (1): cp.cloudflare.com:443
15:10:29 [DEBUG] Starting new HTTPS connection (1): www.google.com:443
15:10:30 [DEBUG] Starting new HTTPS connection (1): www.google.com:443
15:10:30 [DEBUG] Starting new HTTPS connection (1): www.google.com:443
15:10:30 [DEBUG] Starting new HTTPS connection (1): www.gstatic.com:443
15:10:31 [DEBUG] Starting new HTTPS connection (1): www.gstatic.com:443
15:10:31 [DEBUG] Starting new HTTPS connection (1): www.google.com:443
15:10:31 [DEBUG] Starting new HTTPS connection (1): www.gstatic.com:443
15:10:31 [DEBUG] Starting new HTTPS connection (1): cp.cloudflare.com:443
15:10:31 [DEBUG] Starting new HTTPS connection (1): cp.cloudflare.com:443
15:10:31 [DEBUG] Starting new HTTPS connection (1): cp.cloudflare.com:443
15:10:31 [DEBUG] Starting new HTTPS connection (1): www.gstatic.com:443
15:10:31 [DEBUG] Starting new HTTPS connection (1): cp.cloudflare.com:443
15:10:32 [DEBUG] Starting new HTTPS connection (1): www.gstatic.com:443
15:10:32 [DEBUG] Starting new HTTPS connection (1): cp.cloudflare.com:443
15:10:33 [DEBUG] Starting new HTTPS connection (1): cp.cloudflare.com:443
15:10:33 [DEBUG] Starting new HTTPS connection (1): www.gstatic.com:443
15:10:33 [DEBUG] Starting new HTTPS connection (1): www.gstatic.com:443
15:10:33 [DEBUG] Starting new HTTPS connection (1): www.google.com:443
15:10:34 [DEBUG] Starting new HTTPS connection (1): cp.cloudflare.com:443
15:10:34 [DEBUG] Starting new HTTPS connection (1): www.gstatic.com:443
15:10:34 [DEBUG] Starting new HTTPS connection (1): www.gstatic.com:443
15:10:34 [DEBUG] Starting new HTTPS connection (1): www.gstatic.com:443
15:10:34 [DEBUG] Starting new HTTPS connection (1): www.google.com:443
15:10:34 [DEBUG] Starting new HTTPS connection (1): cp.cloudflare.com:443
15:10:34 [DEBUG] Starting new HTTPS connection (1): www.gstatic.com:443
15:10:34 [DEBUG] Starting new HTTPS connection (1): www.google.com:443
15:10:34 [DEBUG] Starting new HTTPS connection (1): www.google.com:443
15:10:35 [DEBUG] Starting new HTTPS connection (1): www.google.com:443
15:10:35 [DEBUG] Starting new HTTPS connection (1): cp.cloudflare.com:443
15:10:35 [DEBUG] Starting new HTTPS connection (1): www.gstatic.com:443
15:10:35 [DEBUG] Starting new HTTPS connection (1): www.gstatic.com:443
15:10:35 [DEBUG] Starting new HTTPS connection (1): www.google.com:443
15:10:36 [DEBUG] Starting new HTTPS connection (1): cp.cloudflare.com:443
15:10:36 [DEBUG] Starting new HTTPS connection (1): www.google.com:443
15:10:36 [DEBUG] Starting new HTTPS connection (1): www.google.com:443
15:10:36 [DEBUG] Starting new HTTPS connection (1): cp.cloudflare.com:443
15:10:36 [DEBUG] Starting new HTTPS connection (1): cp.cloudflare.com:443
15:10:37 [DEBUG] Starting new HTTPS connection (1): www.google.com:443
15:10:37 [DEBUG] Starting new HTTPS connection (1): www.google.com:443
15:10:37 [DEBUG] Starting new HTTPS connection (1): cp.cloudflare.com:443
15:10:37 [DEBUG] Starting new HTTPS connection (1): www.google.com:443
15:10:37 [DEBUG] Starting new HTTPS connection (1): www.google.com:443
15:10:37 [DEBUG] https://www.google.com:443 "GET /generate_204 HTTP/1.1" 204 0
15:10:37 [DEBUG] Starting new HTTPS connection (1): cp.cloudflare.com:443
15:10:37 [DEBUG] Starting new HTTPS connection (1): cp.cloudflare.com:443
15:10:37 [DEBUG] https://www.google.com:443 "GET /generate_204 HTTP/1.1" 204 0
15:10:37 [DEBUG] Starting new HTTPS connection (1): cp.cloudflare.com:443
15:10:37 [DEBUG] Starting new HTTPS connection (1): www.gstatic.com:443
15:10:37 [DEBUG] https://cp.cloudflare.com:443 "GET / HTTP/1.1" 204 0
15:10:37 [DEBUG] Starting new HTTPS connection (1): www.gstatic.com:443
15:10:38 [DEBUG] https://cp.cloudflare.com:443 "GET / HTTP/1.1" 204 0
15:10:38 [DEBUG] Starting new HTTPS connection (1): www.gstatic.com:443
15:10:38 [DEBUG] Starting new HTTPS connection (1): www.gstatic.com:443
15:10:38 [DEBUG] https://www.gstatic.com:443 "GET /generate_204 HTTP/1.1" 204 0
15:10:38 [DEBUG] https://www.gstatic.com:443 "GET /generate_204 HTTP/1.1" 204 0
15:10:38 [DEBUG] Starting new HTTPS connection (1): dl.google.com:443
15:10:38 [DEBUG] Starting new HTTPS connection (1): www.gstatic.com:443
15:10:38 [DEBUG] Starting new HTTPS connection (1): dl.google.com:443
15:10:38 [DEBUG] Starting new HTTPS connection (1): www.google.com:443
15:10:38 [DEBUG] Starting new HTTPS connection (1): cp.cloudflare.com:443
15:10:38 [DEBUG] Starting new HTTPS connection (1): www.google.com:443
15:10:38 [DEBUG] Starting new HTTPS connection (1): www.gstatic.com:443
15:10:39 [DEBUG] Starting new HTTPS connection (1): www.gstatic.com:443
15:10:39 [DEBUG] Starting new HTTPS connection (1): cp.cloudflare.com:443
15:10:39 [DEBUG] Starting new HTTPS connection (1): www.gstatic.com:443
15:10:39 [DEBUG] https://dl.google.com:443 "GET /dl/android/studio/install/3.4.1.0/android-studio-ide-183.5522156-windows.exe HTTP/1.1" 404 1449
15:10:39 [INFO]    🎯 104.16.9.20 (XX) - 0.0Mbps, 245ms UDP✅ 
15:10:39 [DEBUG] https://dl.google.com:443 "GET /dl/android/studio/install/3.4.1.0/android-studio-ide-183.5522156-windows.exe HTTP/1.1" 404 1449
15:10:39 [INFO]    🎯 172.67.249.36 (XX) - 0.0Mbps, 263ms UDP✅ 
15:10:40 [DEBUG] Starting new HTTPS connection (1): cp.cloudflare.com:443
15:10:40 [DEBUG] Starting new HTTPS connection (1): cp.cloudflare.com:443
15:10:40 [DEBUG] Starting new HTTPS connection (1): www.google.com:443
15:10:40 [DEBUG] Starting new HTTPS connection (1): www.google.com:443
15:10:40 [DEBUG] Starting new HTTPS connection (1): cp.cloudflare.com:443
15:10:40 [DEBUG] Starting new HTTPS connection (1): www.gstatic.com:443
15:10:41 [DEBUG] Starting new HTTPS connection (1): www.gstatic.com:443
15:10:41 [DEBUG] Starting new HTTPS connection (1): cp.cloudflare.com:443
15:10:41 [DEBUG] Starting new HTTPS connection (1): www.gstatic.com:443
15:10:41 [DEBUG] Starting new HTTPS connection (1): www.google.com:443
15:10:41 [DEBUG] Starting new HTTPS connection (1): cp.cloudflare.com:443
15:10:41 [DEBUG] Starting new HTTPS connection (1): www.gstatic.com:443
15:10:41 [INFO]    📊 Глобальные: 350/500 (70%) | ✅80 ❌270
15:10:41 [DEBUG] Starting new HTTPS connection (1): www.google.com:443
15:10:41 [DEBUG] Starting new HTTPS connection (1): cp.cloudflare.com:443
15:10:41 [DEBUG] Starting new HTTPS connection (1): www.gstatic.com:443
15:10:42 [DEBUG] Starting new HTTPS connection (1): www.google.com:443
15:10:42 [DEBUG] Starting new HTTPS connection (1): cp.cloudflare.com:443
15:10:42 [DEBUG] Starting new HTTPS connection (1): www.gstatic.com:443
15:10:42 [DEBUG] Starting new HTTPS connection (1): www.google.com:443
15:10:42 [DEBUG] Starting new HTTPS connection (1): www.gstatic.com:443
15:10:42 [DEBUG] Starting new HTTPS connection (1): www.google.com:443
15:10:42 [DEBUG] Starting new HTTPS connection (1): www.google.com:443
15:10:42 [DEBUG] Starting new HTTPS connection (1): cp.cloudflare.com:443
15:10:42 [DEBUG] Starting new HTTPS connection (1): www.gstatic.com:443
15:10:42 [DEBUG] Starting new HTTPS connection (1): cp.cloudflare.com:443
15:10:42 [DEBUG] Starting new HTTPS connection (1): www.google.com:443
15:10:42 [DEBUG] Starting new HTTPS connection (1): cp.cloudflare.com:443
15:10:42 [DEBUG] Starting new HTTPS connection (1): www.gstatic.com:443
15:10:42 [DEBUG] Starting new HTTPS connection (1): www.gstatic.com:443
15:10:43 [DEBUG] Starting new HTTPS connection (1): www.google.com:443
15:10:43 [DEBUG] Starting new HTTPS connection (1): cp.cloudflare.com:443
15:10:43 [DEBUG] Starting new HTTPS connection (1): www.gstatic.com:443
15:10:43 [DEBUG] Starting new HTTPS connection (1): www.google.com:443
15:10:43 [DEBUG] Starting new HTTPS connection (1): cp.cloudflare.com:443
15:10:43 [DEBUG] Starting new HTTPS connection (1): www.gstatic.com:443
15:10:43 [DEBUG] Starting new HTTPS connection (1): www.gstatic.com:443
15:10:43 [DEBUG] Starting new HTTPS connection (1): www.google.com:443
15:10:43 [DEBUG] Starting new HTTPS connection (1): cp.cloudflare.com:443
15:10:43 [DEBUG] Starting new HTTPS connection (1): www.gstatic.com:443
15:10:43 [DEBUG] Starting new HTTPS connection (1): www.google.com:443
15:10:43 [DEBUG] Starting new HTTPS connection (1): cp.cloudflare.com:443
15:10:43 [DEBUG] Starting new HTTPS connection (1): www.gstatic.com:443
15:10:44 [DEBUG] Starting new HTTPS connection (1): www.google.com:443
15:10:44 [DEBUG] Starting new HTTPS connection (1): cp.cloudflare.com:443
15:10:44 [DEBUG] Starting new HTTPS connection (1): www.gstatic.com:443
15:10:44 [DEBUG] Starting new HTTPS connection (1): www.google.com:443
15:10:44 [DEBUG] Starting new HTTPS connection (1): cp.cloudflare.com:443
15:10:44 [DEBUG] Starting new HTTPS connection (1): www.gstatic.com:443
15:10:44 [DEBUG] Starting new HTTPS connection (1): cp.cloudflare.com:443
15:10:44 [DEBUG] Starting new HTTPS connection (1): cp.cloudflare.com:443
15:10:44 [DEBUG] Starting new HTTPS connection (1): www.google.com:443
15:10:44 [DEBUG] Starting new HTTPS connection (1): www.google.com:443
15:10:44 [DEBUG] Starting new HTTPS connection (1): cp.cloudflare.com:443
15:10:44 [DEBUG] Starting new HTTPS connection (1): www.gstatic.com:443
15:10:44 [DEBUG] Starting new HTTPS connection (1): www.google.com:443
15:10:44 [DEBUG] Starting new HTTPS connection (1): cp.cloudflare.com:443
15:10:44 [DEBUG] Starting new HTTPS connection (1): www.gstatic.com:443
15:10:44 [DEBUG] Starting new HTTPS connection (1): www.gstatic.com:443
15:10:44 [DEBUG] Starting new HTTPS connection (1): www.google.com:443
15:10:45 [DEBUG] Starting new HTTPS connection (1): www.google.com:443
15:10:45 [DEBUG] Starting new HTTPS connection (1): cp.cloudflare.com:443
15:10:45 [DEBUG] Starting new HTTPS connection (1): www.gstatic.com:443
15:10:45 [DEBUG] Starting new HTTPS connection (1): www.google.com:443
15:10:45 [DEBUG] Starting new HTTPS connection (1): cp.cloudflare.com:443
15:10:45 [DEBUG] Starting new HTTPS connection (1): www.gstatic.com:443
15:10:45 [DEBUG] Starting new HTTPS connection (1): www.google.com:443
15:10:45 [DEBUG] Starting new HTTPS connection (1): cp.cloudflare.com:443
15:10:45 [DEBUG] Starting new HTTPS connection (1): www.gstatic.com:443
15:10:45 [DEBUG] Starting new HTTPS connection (1): www.google.com:443
15:10:45 [DEBUG] Starting new HTTPS connection (1): www.google.com:443
15:10:46 [DEBUG] Starting new HTTPS connection (1): www.google.com:443
15:10:46 [DEBUG] Starting new HTTPS connection (1): www.google.com:443
15:10:46 [DEBUG] Starting new HTTPS connection (1): www.google.com:443
15:10:46 [DEBUG] Starting new HTTPS connection (1): cp.cloudflare.com:443
15:10:46 [DEBUG] Starting new HTTPS connection (1): www.gstatic.com:443
15:10:46 [DEBUG] Starting new HTTPS connection (1): www.gstatic.com:443
15:10:46 [DEBUG] Starting new HTTPS connection (1): cp.cloudflare.com:443
15:10:46 [DEBUG] Starting new HTTPS connection (1): www.gstatic.com:443
15:10:46 [DEBUG] Starting new HTTPS connection (1): www.google.com:443
15:10:46 [DEBUG] Starting new HTTPS connection (1): cp.cloudflare.com:443
15:10:47 [DEBUG] Starting new HTTPS connection (1): www.google.com:443
15:10:47 [DEBUG] Starting new HTTPS connection (1): cp.cloudflare.com:443
15:10:47 [DEBUG] Starting new HTTPS connection (1): www.google.com:443
15:10:47 [DEBUG] Starting new HTTPS connection (1): www.gstatic.com:443
15:10:47 [DEBUG] Starting new HTTPS connection (1): cp.cloudflare.com:443
15:10:47 [DEBUG] Starting new HTTPS connection (1): www.gstatic.com:443
15:10:47 [DEBUG] Starting new HTTPS connection (1): cp.cloudflare.com:443
15:10:47 [DEBUG] Starting new HTTPS connection (1): cp.cloudflare.com:443
15:10:47 [DEBUG] Starting new HTTPS connection (1): www.google.com:443
15:10:48 [DEBUG] Starting new HTTPS connection (1): cp.cloudflare.com:443
15:10:48 [DEBUG] Starting new HTTPS connection (1): cp.cloudflare.com:443
15:10:48 [DEBUG] Starting new HTTPS connection (1): cp.cloudflare.com:443
15:10:48 [DEBUG] Starting new HTTPS connection (1): www.gstatic.com:443
15:10:48 [DEBUG] Starting new HTTPS connection (1): www.google.com:443
15:10:48 [DEBUG] Starting new HTTPS connection (1): www.gstatic.com:443
15:10:48 [DEBUG] Starting new HTTPS connection (1): cp.cloudflare.com:443
15:10:49 [DEBUG] Starting new HTTPS connection (1): www.gstatic.com:443
15:10:49 [DEBUG] Starting new HTTPS connection (1): www.google.com:443
15:10:49 [DEBUG] Starting new HTTPS connection (1): www.google.com:443
15:10:49 [DEBUG] Starting new HTTPS connection (1): www.google.com:443
15:10:49 [DEBUG] Starting new HTTPS connection (1): cp.cloudflare.com:443
15:10:49 [DEBUG] Starting new HTTPS connection (1): www.gstatic.com:443
15:10:49 [DEBUG] Starting new HTTPS connection (1): cp.cloudflare.com:443
15:10:49 [DEBUG] Starting new HTTPS connection (1): www.google.com:443
15:10:49 [DEBUG] Starting new HTTPS connection (1): cp.cloudflare.com:443
15:10:49 [DEBUG] Starting new HTTPS connection (1): www.gstatic.com:443
15:10:49 [DEBUG] Starting new HTTPS connection (1): www.gstatic.com:443
15:10:49 [DEBUG] Starting new HTTPS connection (1): www.gstatic.com:443
15:10:49 [DEBUG] Starting new HTTPS connection (1): cp.cloudflare.com:443
15:10:50 [DEBUG] Starting new HTTPS connection (1): cp.cloudflare.com:443
15:10:50 [DEBUG] Starting new HTTPS connection (1): www.gstatic.com:443
15:10:50 [DEBUG] Starting new HTTPS connection (1): www.gstatic.com:443
15:10:50 [DEBUG] Starting new HTTPS connection (1): www.gstatic.com:443
15:10:50 [DEBUG] Starting new HTTPS connection (1): www.gstatic.com:443
15:10:50 [DEBUG] Starting new HTTPS connection (1): www.google.com:443
15:10:50 [DEBUG] Starting new HTTPS connection (1): cp.cloudflare.com:443
15:10:50 [DEBUG] Starting new HTTPS connection (1): www.gstatic.com:443
15:10:50 [DEBUG] Starting new HTTPS connection (1): www.gstatic.com:443
15:10:50 [DEBUG] Starting new HTTPS connection (1): www.google.com:443
15:10:50 [DEBUG] Starting new HTTPS connection (1): cp.cloudflare.com:443
15:10:50 [DEBUG] Starting new HTTPS connection (1): www.gstatic.com:443
15:10:51 [DEBUG] Starting new HTTPS connection (1): www.gstatic.com:443
15:10:51 [DEBUG] Starting new HTTPS connection (1): www.google.com:443
15:10:51 [DEBUG] Starting new HTTPS connection (1): www.google.com:443
15:10:51 [DEBUG] Starting new HTTPS connection (1): cp.cloudflare.com:443
15:10:51 [DEBUG] Starting new HTTPS connection (1): www.gstatic.com:443
15:10:51 [DEBUG] Starting new HTTPS connection (1): www.google.com:443
15:10:51 [DEBUG] Starting new HTTPS connection (1): cp.cloudflare.com:443
15:10:51 [DEBUG] Starting new HTTPS connection (1): www.gstatic.com:443
15:10:51 [DEBUG] Starting new HTTPS connection (1): www.google.com:443
15:10:51 [DEBUG] Starting new HTTPS connection (1): cp.cloudflare.com:443
15:10:51 [DEBUG] Starting new HTTPS connection (1): www.gstatic.com:443
15:10:52 [DEBUG] Starting new HTTPS connection (1): www.google.com:443
15:10:52 [DEBUG] Starting new HTTPS connection (1): cp.cloudflare.com:443
15:10:52 [DEBUG] Starting new HTTPS connection (1): www.gstatic.com:443
15:10:52 [DEBUG] Starting new HTTPS connection (1): www.google.com:443
15:10:52 [DEBUG] Starting new HTTPS connection (1): cp.cloudflare.com:443
15:10:52 [DEBUG] Starting new HTTPS connection (1): www.gstatic.com:443
15:10:52 [DEBUG] Starting new HTTPS connection (1): www.google.com:443
15:10:52 [DEBUG] Starting new HTTPS connection (1): cp.cloudflare.com:443
15:10:52 [DEBUG] Starting new HTTPS connection (1): www.gstatic.com:443
15:10:52 [DEBUG] Starting new HTTPS connection (1): www.google.com:443
15:10:52 [DEBUG] Starting new HTTPS connection (1): cp.cloudflare.com:443
15:10:52 [DEBUG] Starting new HTTPS connection (1): www.gstatic.com:443
15:10:52 [DEBUG] Starting new HTTPS connection (1): www.google.com:443
15:10:52 [DEBUG] Starting new HTTPS connection (1): cp.cloudflare.com:443
15:10:52 [DEBUG] Starting new HTTPS connection (1): www.gstatic.com:443
15:10:52 [DEBUG] Starting new HTTPS connection (1): www.google.com:443
15:10:52 [DEBUG] Starting new HTTPS connection (1): www.google.com:443
15:10:52 [DEBUG] Starting new HTTPS connection (1): cp.cloudflare.com:443
15:10:52 [DEBUG] Starting new HTTPS connection (1): cp.cloudflare.com:443
15:10:52 [DEBUG] Starting new HTTPS connection (1): www.gstatic.com:443
15:10:52 [DEBUG] Starting new HTTPS connection (1): www.google.com:443
15:10:52 [DEBUG] Starting new HTTPS connection (1): www.gstatic.com:443
15:10:52 [DEBUG] Starting new HTTPS connection (1): cp.cloudflare.com:443
15:10:52 [INFO]    📊 Глобальные: 400/500 (80%) | ✅80 ❌320
15:10:52 [DEBUG] Starting new HTTPS connection (1): www.gstatic.com:443
15:10:53 [DEBUG] Starting new HTTPS connection (1): www.google.com:443
15:10:53 [DEBUG] Starting new HTTPS connection (1): cp.cloudflare.com:443
15:10:53 [DEBUG] Starting new HTTPS connection (1): www.google.com:443
15:10:53 [DEBUG] Starting new HTTPS connection (1): cp.cloudflare.com:443
15:10:53 [DEBUG] Starting new HTTPS connection (1): www.gstatic.com:443
15:10:53 [DEBUG] Starting new HTTPS connection (1): www.gstatic.com:443
15:10:53 [DEBUG] Starting new HTTPS connection (1): www.google.com:443
15:10:53 [DEBUG] Starting new HTTPS connection (1): cp.cloudflare.com:443
15:10:53 [DEBUG] Starting new HTTPS connection (1): www.gstatic.com:443
15:10:53 [DEBUG] Starting new HTTPS connection (1): www.google.com:443
15:10:53 [DEBUG] Starting new HTTPS connection (1): cp.cloudflare.com:443
15:10:53 [DEBUG] Starting new HTTPS connection (1): www.gstatic.com:443
15:10:53 [DEBUG] Starting new HTTPS connection (1): cp.cloudflare.com:443
15:10:53 [DEBUG] Starting new HTTPS connection (1): www.google.com:443
15:10:53 [DEBUG] Starting new HTTPS connection (1): www.google.com:443
15:10:53 [DEBUG] Starting new HTTPS connection (1): cp.cloudflare.com:443
15:10:53 [DEBUG] Starting new HTTPS connection (1): www.gstatic.com:443
15:10:53 [DEBUG] Starting new HTTPS connection (1): www.google.com:443
15:10:53 [DEBUG] Starting new HTTPS connection (1): www.google.com:443
15:10:53 [DEBUG] Starting new HTTPS connection (1): www.google.com:443
15:10:53 [DEBUG] Starting new HTTPS connection (1): www.google.com:443
15:10:54 [DEBUG] Starting new HTTPS connection (1): cp.cloudflare.com:443
15:10:54 [DEBUG] Starting new HTTPS connection (1): www.google.com:443
15:10:54 [DEBUG] Starting new HTTPS connection (1): www.google.com:443
15:10:54 [DEBUG] Starting new HTTPS connection (1): www.google.com:443
15:10:54 [DEBUG] Starting new HTTPS connection (1): www.google.com:443
15:10:54 [DEBUG] Starting new HTTPS connection (1): www.gstatic.com:443
15:10:54 [DEBUG] Starting new HTTPS connection (1): cp.cloudflare.com:443
15:10:54 [DEBUG] Starting new HTTPS connection (1): www.gstatic.com:443
15:10:54 [DEBUG] https://www.google.com:443 "GET /generate_204 HTTP/1.1" 204 0
15:10:54 [DEBUG] Starting new HTTPS connection (1): cp.cloudflare.com:443
15:10:54 [DEBUG] Starting new HTTPS connection (1): www.google.com:443
15:10:54 [DEBUG] Starting new HTTPS connection (1): www.google.com:443
15:10:55 [DEBUG] Starting new HTTPS connection (1): www.google.com:443
15:10:55 [DEBUG] Starting new HTTPS connection (1): www.google.com:443
15:10:55 [DEBUG] Starting new HTTPS connection (1): www.gstatic.com:443
15:10:55 [DEBUG] https://www.google.com:443 "GET /generate_204 HTTP/1.1" 204 0
15:10:55 [DEBUG] Starting new HTTPS connection (1): cp.cloudflare.com:443
15:10:55 [DEBUG] Starting new HTTPS connection (1): cp.cloudflare.com:443
15:10:56 [DEBUG] https://www.google.com:443 "GET /generate_204 HTTP/1.1" 204 0
15:10:56 [DEBUG] Starting new HTTPS connection (1): cp.cloudflare.com:443
15:10:56 [DEBUG] Starting new HTTPS connection (1): cp.cloudflare.com:443
15:10:56 [DEBUG] Starting new HTTPS connection (1): cp.cloudflare.com:443
15:10:56 [DEBUG] Starting new HTTPS connection (1): cp.cloudflare.com:443
15:10:56 [DEBUG] https://cp.cloudflare.com:443 "GET / HTTP/1.1" 204 0
15:10:56 [DEBUG] Starting new HTTPS connection (1): www.gstatic.com:443
15:10:57 [DEBUG] https://www.gstatic.com:443 "GET /generate_204 HTTP/1.1" 204 0
15:10:57 [DEBUG] Starting new HTTPS connection (1): cp.cloudflare.com:443
15:10:57 [DEBUG] Starting new HTTPS connection (1): dl.google.com:443
15:10:57 [DEBUG] Starting new HTTPS connection (1): cp.cloudflare.com:443
15:10:57 [DEBUG] Starting new HTTPS connection (1): cp.cloudflare.com:443
15:10:58 [DEBUG] Starting new HTTPS connection (1): www.gstatic.com:443
15:10:58 [DEBUG] Starting new HTTPS connection (1): www.gstatic.com:443
15:10:58 [DEBUG] Starting new HTTPS connection (1): www.gstatic.com:443
15:10:58 [DEBUG] https://www.gstatic.com:443 "GET /generate_204 HTTP/1.1" 204 0
15:10:58 [DEBUG] Starting new HTTPS connection (1): dl.google.com:443
15:10:58 [DEBUG] Starting new HTTPS connection (1): www.gstatic.com:443
15:10:58 [DEBUG] Starting new HTTPS connection (1): www.google.com:443
15:10:58 [DEBUG] Starting new HTTPS connection (1): cp.cloudflare.com:443
15:10:58 [DEBUG] https://dl.google.com:443 "GET /dl/android/studio/install/3.4.1.0/android-studio-ide-183.5522156-windows.exe HTTP/1.1" 200 1017327996
15:10:58 [DEBUG] Starting new HTTPS connection (1): www.gstatic.com:443
15:10:58 [INFO]    🎯 cfcdn.zopli.ir (XX) - 45.7Mbps, 86ms UDP✅ 
15:10:58 [DEBUG] Starting new HTTPS connection (1): www.gstatic.com:443
15:10:58 [DEBUG] https://dl.google.com:443 "GET /dl/android/studio/install/3.4.1.0/android-studio-ide-183.5522156-windows.exe HTTP/1.1" 404 1449
15:10:58 [INFO]    🎯 162.159.152.4 (XX) - 0.0Mbps, 824ms UDP✅ 
15:10:59 [DEBUG] Starting new HTTPS connection (1): cp.cloudflare.com:443
15:10:59 [DEBUG] Starting new HTTPS connection (1): www.gstatic.com:443
15:10:59 [DEBUG] Starting new HTTPS connection (1): www.google.com:443
15:10:59 [DEBUG] Starting new HTTPS connection (1): www.google.com:443
15:10:59 [DEBUG] Starting new HTTPS connection (1): www.google.com:443
15:11:00 [DEBUG] Starting new HTTPS connection (1): cp.cloudflare.com:443
15:11:00 [DEBUG] Starting new HTTPS connection (1): www.gstatic.com:443
15:11:00 [DEBUG] Starting new HTTPS connection (1): www.gstatic.com:443
15:11:00 [DEBUG] https://www.google.com:443 "GET /generate_204 HTTP/1.1" 204 0
15:11:00 [DEBUG] Starting new HTTPS connection (1): cp.cloudflare.com:443
15:11:01 [DEBUG] Starting new HTTPS connection (1): www.gstatic.com:443
15:11:01 [DEBUG] Starting new HTTPS connection (1): www.google.com:443
15:11:01 [DEBUG] Starting new HTTPS connection (1): www.google.com:443
15:11:01 [DEBUG] https://www.google.com:443 "GET /generate_204 HTTP/1.1" 204 0
15:11:01 [DEBUG] Starting new HTTPS connection (1): cp.cloudflare.com:443
15:11:01 [DEBUG] https://www.google.com:443 "GET /generate_204 HTTP/1.1" 204 0
15:11:01 [DEBUG] Starting new HTTPS connection (1): cp.cloudflare.com:443
15:11:01 [DEBUG] Starting new HTTPS connection (1): www.google.com:443
15:11:01 [DEBUG] Starting new HTTPS connection (1): www.google.com:443
15:11:01 [DEBUG] https://cp.cloudflare.com:443 "GET / HTTP/1.1" 204 0
15:11:01 [DEBUG] Starting new HTTPS connection (1): www.gstatic.com:443
15:11:01 [DEBUG] Starting new HTTPS connection (1): cp.cloudflare.com:443
15:11:01 [DEBUG] Starting new HTTPS connection (1): www.gstatic.com:443
15:11:01 [DEBUG] https://www.google.com:443 "GET /generate_204 HTTP/1.1" 204 0
15:11:01 [DEBUG] Starting new HTTPS connection (1): cp.cloudflare.com:443
15:11:01 [DEBUG] Starting new HTTPS connection (1): cp.cloudflare.com:443
15:11:01 [DEBUG] Starting new HTTPS connection (1): www.gstatic.com:443
15:11:01 [DEBUG] https://www.gstatic.com:443 "GET /generate_204 HTTP/1.1" 204 0
15:11:01 [DEBUG] https://cp.cloudflare.com:443 "GET / HTTP/1.1" 204 0
15:11:01 [DEBUG] Starting new HTTPS connection (1): www.gstatic.com:443
15:11:01 [DEBUG] Starting new HTTPS connection (1): www.google.com:443
15:11:02 [DEBUG] Starting new HTTPS connection (1): cp.cloudflare.com:443
15:11:02 [DEBUG] https://cp.cloudflare.com:443 "GET / HTTP/1.1" 204 0
15:11:02 [DEBUG] Starting new HTTPS connection (1): www.gstatic.com:443
15:11:02 [DEBUG] https://www.gstatic.com:443 "GET /generate_204 HTTP/1.1" 204 0
15:11:02 [DEBUG] Starting new HTTPS connection (1): www.gstatic.com:443
15:11:02 [DEBUG] Starting new HTTPS connection (1): dl.google.com:443
15:11:02 [DEBUG] Starting new HTTPS connection (1): www.google.com:443
15:11:02 [DEBUG] Starting new HTTPS connection (1): cp.cloudflare.com:443
15:11:02 [DEBUG] Starting new HTTPS connection (1): www.gstatic.com:443
15:11:02 [DEBUG] Starting new HTTPS connection (1): www.google.com:443
15:11:03 [DEBUG] Starting new HTTPS connection (1): cp.cloudflare.com:443
15:11:03 [DEBUG] Starting new HTTPS connection (1): www.gstatic.com:443
15:11:03 [DEBUG] Starting new HTTPS connection (1): www.google.com:443
15:11:03 [DEBUG] Starting new HTTPS connection (1): www.gstatic.com:443
15:11:03 [DEBUG] Starting new HTTPS connection (1): dl.google.com:443
15:11:03 [DEBUG] https://dl.google.com:443 "GET /dl/android/studio/install/3.4.1.0/android-studio-ide-183.5522156-windows.exe HTTP/1.1" 404 1449
15:11:03 [INFO]    🎯 104.18.32.47 (XX) - 0.0Mbps, 276ms UDP✅ 
15:11:03 [DEBUG] Starting new HTTPS connection (1): www.gstatic.com:443
15:11:03 [DEBUG] Starting new HTTPS connection (1): www.google.com:443
15:11:04 [DEBUG] Starting new HTTPS connection (1): www.google.com:443
15:11:04 [DEBUG] Starting new HTTPS connection (1): cp.cloudflare.com:443
15:11:04 [DEBUG] Starting new HTTPS connection (1): www.gstatic.com:443
15:11:04 [DEBUG] Starting new HTTPS connection (1): www.google.com:443
15:11:04 [DEBUG] Starting new HTTPS connection (1): cp.cloudflare.com:443
15:11:04 [DEBUG] Starting new HTTPS connection (1): dl.google.com:443
15:11:04 [DEBUG] Starting new HTTPS connection (1): www.gstatic.com:443
15:11:04 [DEBUG] https://dl.google.com:443 "GET /dl/android/studio/install/3.4.1.0/android-studio-ide-183.5522156-windows.exe HTTP/1.1" 200 1017327996
15:11:05 [INFO]    🎯 104.17.73.206 (XX) - 55.0Mbps, 216ms UDP❌ 
15:11:05 [DEBUG] Starting new HTTPS connection (1): www.google.com:443
15:11:05 [DEBUG] Starting new HTTPS connection (1): cp.cloudflare.com:443
15:11:05 [DEBUG] Starting new HTTPS connection (1): www.gstatic.com:443
15:11:05 [DEBUG] Starting new HTTPS connection (1): www.gstatic.com:443
15:11:05 [DEBUG] https://www.gstatic.com:443 "GET /generate_204 HTTP/1.1" 204 0
15:11:05 [DEBUG] Starting new HTTPS connection (1): dl.google.com:443
15:11:05 [DEBUG] Starting new HTTPS connection (1): www.google.com:443
15:11:05 [DEBUG] https://dl.google.com:443 "GET /dl/android/studio/install/3.4.1.0/android-studio-ide-183.5522156-windows.exe HTTP/1.1" 200 1017327996
15:11:05 [INFO]    🎯 94.140.0.1 (AE) - 58.5Mbps, 75ms UDP✅ 
15:11:06 [DEBUG] Starting new HTTPS connection (1): www.google.com:443
15:11:06 [DEBUG] Starting new HTTPS connection (1): cp.cloudflare.com:443
15:11:06 [DEBUG] Starting new HTTPS connection (1): www.google.com:443
15:11:06 [DEBUG] Starting new HTTPS connection (1): www.google.com:443
15:11:06 [DEBUG] Starting new HTTPS connection (1): cp.cloudflare.com:443
15:11:06 [DEBUG] Starting new HTTPS connection (1): cp.cloudflare.com:443
15:11:06 [DEBUG] Starting new HTTPS connection (1): www.gstatic.com:443
15:11:06 [DEBUG] Starting new HTTPS connection (1): www.gstatic.com:443
15:11:06 [DEBUG] Starting new HTTPS connection (1): www.google.com:443
15:11:06 [DEBUG] Starting new HTTPS connection (1): www.google.com:443
15:11:06 [DEBUG] Starting new HTTPS connection (1): www.google.com:443
15:11:06 [DEBUG] Starting new HTTPS connection (1): www.google.com:443
15:11:07 [DEBUG] Starting new HTTPS connection (1): www.google.com:443
15:11:07 [DEBUG] Starting new HTTPS connection (1): www.google.com:443
15:11:07 [DEBUG] Starting new HTTPS connection (1): cp.cloudflare.com:443
15:11:07 [DEBUG] Starting new HTTPS connection (1): cp.cloudflare.com:443
15:11:08 [DEBUG] Starting new HTTPS connection (1): www.gstatic.com:443
15:11:08 [DEBUG] Starting new HTTPS connection (1): cp.cloudflare.com:443
15:11:08 [DEBUG] Starting new HTTPS connection (1): www.google.com:443
15:11:08 [DEBUG] Starting new HTTPS connection (1): cp.cloudflare.com:443
15:11:08 [INFO]    🎯 gf.usa2030.indevs.in (XX) - 0.0Mbps, 1187ms UDP✅ 
15:11:08 [DEBUG] https://www.google.com:443 "GET /generate_204 HTTP/1.1" 204 0
15:11:08 [DEBUG] Starting new HTTPS connection (1): cp.cloudflare.com:443
15:11:08 [DEBUG] Starting new HTTPS connection (1): cp.cloudflare.com:443
15:11:08 [DEBUG] https://cp.cloudflare.com:443 "GET / HTTP/1.1" 204 0
15:11:08 [DEBUG] Starting new HTTPS connection (1): www.gstatic.com:443
15:11:08 [DEBUG] Starting new HTTPS connection (1): cp.cloudflare.com:443
15:11:08 [DEBUG] https://www.gstatic.com:443 "GET /generate_204 HTTP/1.1" 204 0
15:11:09 [DEBUG] Starting new HTTPS connection (1): dl.google.com:443
15:11:09 [DEBUG] Starting new HTTPS connection (1): cp.cloudflare.com:443
15:11:09 [DEBUG] https://dl.google.com:443 "GET /dl/android/studio/install/3.4.1.0/android-studio-ide-183.5522156-windows.exe HTTP/1.1" 200 1017327996
15:11:09 [INFO]    🎯 v1.dabache.top (XX) - 58.9Mbps, 206ms UDP✅ 
15:11:09 [DEBUG] Starting new HTTPS connection (1): cp.cloudflare.com:443
15:11:09 [DEBUG] Starting new HTTPS connection (1): cp.cloudflare.com:443
15:11:09 [DEBUG] Starting new HTTPS connection (1): www.google.com:443
15:11:09 [DEBUG] Starting new HTTPS connection (1): www.gstatic.com:443
15:11:10 [DEBUG] Starting new HTTPS connection (1): www.google.com:443
15:11:10 [DEBUG] https://www.google.com:443 "GET /generate_204 HTTP/1.1" 204 0
15:11:10 [DEBUG] Starting new HTTPS connection (1): www.gstatic.com:443
15:11:10 [DEBUG] Starting new HTTPS connection (1): cp.cloudflare.com:443
15:11:10 [DEBUG] Starting new HTTPS connection (1): www.gstatic.com:443
15:11:11 [DEBUG] Starting new HTTPS connection (1): www.gstatic.com:443
15:11:11 [DEBUG] Starting new HTTPS connection (1): www.google.com:443
15:11:11 [DEBUG] Starting new HTTPS connection (1): www.gstatic.com:443
15:11:11 [DEBUG] Starting new HTTPS connection (1): www.gstatic.com:443
15:11:11 [DEBUG] https://cp.cloudflare.com:443 "GET / HTTP/1.1" 204 0
15:11:11 [DEBUG] Starting new HTTPS connection (1): www.gstatic.com:443
15:11:11 [DEBUG] Starting new HTTPS connection (1): www.gstatic.com:443
15:11:11 [DEBUG] https://www.google.com:443 "GET /generate_204 HTTP/1.1" 204 0
15:11:11 [DEBUG] Starting new HTTPS connection (1): cp.cloudflare.com:443
15:11:11 [DEBUG] Starting new HTTPS connection (1): www.gstatic.com:443
15:11:11 [DEBUG] https://www.gstatic.com:443 "GET /generate_204 HTTP/1.1" 204 0
15:11:11 [DEBUG] Starting new HTTPS connection (1): dl.google.com:443
15:11:11 [DEBUG] Starting new HTTPS connection (1): cp.cloudflare.com:443
15:11:11 [DEBUG] https://dl.google.com:443 "GET /dl/android/studio/install/3.4.1.0/android-studio-ide-183.5522156-windows.exe HTTP/1.1" 200 1017327996
15:11:11 [DEBUG] Starting new HTTPS connection (1): www.gstatic.com:443
15:11:12 [INFO]    🎯 one.dash.cloudflare.com (XX) - 42.5Mbps, 453ms UDP✅ 
15:11:12 [DEBUG] https://cp.cloudflare.com:443 "GET / HTTP/1.1" 204 0
15:11:12 [DEBUG] Starting new HTTPS connection (1): www.gstatic.com:443
15:11:12 [DEBUG] https://www.gstatic.com:443 "GET /generate_204 HTTP/1.1" 204 0
15:11:12 [DEBUG] Starting new HTTPS connection (1): dl.google.com:443
15:11:12 [DEBUG] https://dl.google.com:443 "GET /dl/android/studio/install/3.4.1.0/android-studio-ide-183.5522156-windows.exe HTTP/1.1" 200 1017327996
15:11:12 [INFO]    🎯 china.embassy.gov.au (XX) - 32.2Mbps, 355ms UDP✅ 
15:11:12 [DEBUG] Starting new HTTPS connection (1): www.google.com:443
15:11:12 [DEBUG] Starting new HTTPS connection (1): cp.cloudflare.com:443
15:11:12 [DEBUG] Starting new HTTPS connection (1): www.gstatic.com:443
15:11:13 [DEBUG] Starting new HTTPS connection (1): www.google.com:443
15:11:13 [INFO]    📊 Глобальные: 450/500 (90%) | ✅89 ❌361
15:11:13 [DEBUG] Starting new HTTPS connection (1): www.google.com:443
15:11:13 [DEBUG] Starting new HTTPS connection (1): www.google.com:443
15:11:13 [DEBUG] Starting new HTTPS connection (1): www.google.com:443
15:11:13 [DEBUG] Starting new HTTPS connection (1): www.gstatic.com:443
15:11:13 [DEBUG] https://www.google.com:443 "GET /generate_204 HTTP/1.1" 204 0
15:11:13 [DEBUG] Starting new HTTPS connection (1): cp.cloudflare.com:443
15:11:14 [DEBUG] Starting new HTTPS connection (1): www.google.com:443
15:11:14 [DEBUG] https://www.google.com:443 "GET /generate_204 HTTP/1.1" 204 0
15:11:14 [DEBUG] Starting new HTTPS connection (1): cp.cloudflare.com:443
15:11:14 [DEBUG] https://cp.cloudflare.com:443 "GET / HTTP/1.1" 204 0
15:11:14 [DEBUG] Starting new HTTPS connection (1): www.gstatic.com:443
15:11:14 [DEBUG] https://cp.cloudflare.com:443 "GET / HTTP/1.1" 204 0
15:11:14 [DEBUG] Starting new HTTPS connection (1): www.gstatic.com:443
15:11:14 [DEBUG] Starting new HTTPS connection (1): www.google.com:443
15:11:14 [DEBUG] https://www.gstatic.com:443 "GET /generate_204 HTTP/1.1" 204 0
15:11:14 [DEBUG] Starting new HTTPS connection (1): www.google.com:443
15:11:14 [DEBUG] https://www.gstatic.com:443 "GET /generate_204 HTTP/1.1" 204 0
15:11:14 [DEBUG] Starting new HTTPS connection (1): dl.google.com:443
15:11:14 [DEBUG] Starting new HTTPS connection (1): www.google.com:443
15:11:14 [DEBUG] Starting new HTTPS connection (1): dl.google.com:443
15:11:14 [DEBUG] https://www.google.com:443 "GET /generate_204 HTTP/1.1" 204 0
15:11:14 [DEBUG] Starting new HTTPS connection (1): cp.cloudflare.com:443
15:11:14 [DEBUG] Starting new HTTPS connection (1): www.google.com:443
15:11:14 [DEBUG] https://www.google.com:443 "GET /generate_204 HTTP/1.1" 204 0
15:11:14 [DEBUG] Starting new HTTPS connection (1): cp.cloudflare.com:443
15:11:14 [DEBUG] https://cp.cloudflare.com:443 "GET / HTTP/1.1" 204 0
15:11:14 [DEBUG] Starting new HTTPS connection (1): www.gstatic.com:443
15:11:14 [DEBUG] https://www.google.com:443 "GET /generate_204 HTTP/1.1" 204 0
15:11:14 [DEBUG] Starting new HTTPS connection (1): cp.cloudflare.com:443
15:11:14 [DEBUG] https://dl.google.com:443 "GET /dl/android/studio/install/3.4.1.0/android-studio-ide-183.5522156-windows.exe HTTP/1.1" 200 1017327996
15:11:14 [DEBUG] https://www.gstatic.com:443 "GET /generate_204 HTTP/1.1" 204 0
15:11:14 [DEBUG] Starting new HTTPS connection (1): dl.google.com:443
15:11:14 [DEBUG] https://dl.google.com:443 "GET /dl/android/studio/install/3.4.1.0/android-studio-ide-183.5522156-windows.exe HTTP/1.1" 404 1449
15:11:14 [INFO]    🎯 104.21.40.34 (XX) - 0.0Mbps, 92ms UDP✅ 
15:11:14 [INFO]    🎯 chatgpt.com (XX) - 27.2Mbps, 179ms UDP✅ 
15:11:15 [DEBUG] https://dl.google.com:443 "GET /dl/android/studio/install/3.4.1.0/android-studio-ide-183.5522156-windows.exe HTTP/1.1" 404 1449
15:11:15 [INFO]    🎯 ipbaz.ping-box.com (XX) - 0.0Mbps, 159ms UDP✅ 
15:11:15 [DEBUG] https://cp.cloudflare.com:443 "GET / HTTP/1.1" 204 0
15:11:15 [DEBUG] Starting new HTTPS connection (1): www.gstatic.com:443
15:11:15 [DEBUG] Starting new HTTPS connection (1): www.google.com:443
15:11:15 [DEBUG] https://www.gstatic.com:443 "GET /generate_204 HTTP/1.1" 204 0
15:11:15 [DEBUG] https://cp.cloudflare.com:443 "GET / HTTP/1.1" 204 0
15:11:15 [DEBUG] Starting new HTTPS connection (1): www.gstatic.com:443
15:11:15 [DEBUG] Starting new HTTPS connection (1): dl.google.com:443
15:11:15 [DEBUG] https://dl.google.com:443 "GET /dl/android/studio/install/3.4.1.0/android-studio-ide-183.5522156-windows.exe HTTP/1.1" 200 1017327996
15:11:15 [INFO]    🎯 172.64.144.74 (XX) - 0.0Mbps, 295ms UDP✅ 
15:11:15 [DEBUG] Starting new HTTPS connection (1): cp.cloudflare.com:443
15:11:15 [DEBUG] https://www.gstatic.com:443 "GET /generate_204 HTTP/1.1" 204 0
15:11:15 [DEBUG] Starting new HTTPS connection (1): www.google.com:443
15:11:15 [DEBUG] Starting new HTTPS connection (1): www.google.com:443
15:11:15 [DEBUG] Starting new HTTPS connection (1): cp.cloudflare.com:443
15:11:16 [DEBUG] Starting new HTTPS connection (1): www.google.com:443
15:11:16 [DEBUG] Starting new HTTPS connection (1): www.gstatic.com:443
15:11:16 [DEBUG] Starting new HTTPS connection (1): dl.google.com:443
15:11:16 [DEBUG] Starting new HTTPS connection (1): www.google.com:443
15:11:16 [DEBUG] Starting new HTTPS connection (1): www.google.com:443
15:11:16 [DEBUG] Starting new HTTPS connection (1): cp.cloudflare.com:443
15:11:16 [DEBUG] Starting new HTTPS connection (1): cp.cloudflare.com:443
15:11:16 [DEBUG] Starting new HTTPS connection (1): cp.cloudflare.com:443
15:11:17 [DEBUG] Starting new HTTPS connection (1): www.google.com:443
15:11:17 [DEBUG] Starting new HTTPS connection (1): cp.cloudflare.com:443
15:11:17 [DEBUG] Starting new HTTPS connection (1): www.gstatic.com:443
15:11:17 [DEBUG] Starting new HTTPS connection (1): www.google.com:443
15:11:17 [DEBUG] Starting new HTTPS connection (1): cp.cloudflare.com:443
15:11:17 [DEBUG] https://dl.google.com:443 "GET /dl/android/studio/install/3.4.1.0/android-studio-ide-183.5522156-windows.exe HTTP/1.1" 200 1017327996
15:11:17 [DEBUG] Starting new HTTPS connection (1): www.gstatic.com:443
15:11:17 [DEBUG] Starting new HTTPS connection (1): cp.cloudflare.com:443
15:11:17 [INFO]    🎯 172.64.152.23 (XX) - 8.4Mbps, 911ms UDP✅ 
15:11:17 [DEBUG] Starting new HTTPS connection (1): www.gstatic.com:443
15:11:18 [DEBUG] Starting new HTTPS connection (1): www.google.com:443
15:11:18 [DEBUG] Starting new HTTPS connection (1): cp.cloudflare.com:443
15:11:18 [DEBUG] Starting new HTTPS connection (1): www.gstatic.com:443
15:11:18 [DEBUG] Starting new HTTPS connection (1): www.google.com:443
15:11:18 [DEBUG] Starting new HTTPS connection (1): cp.cloudflare.com:443
15:11:18 [DEBUG] Starting new HTTPS connection (1): cp.cloudflare.com:443
15:11:18 [DEBUG] Starting new HTTPS connection (1): www.gstatic.com:443
15:11:18 [DEBUG] Starting new HTTPS connection (1): www.google.com:443
15:11:18 [DEBUG] Starting new HTTPS connection (1): cp.cloudflare.com:443
15:11:18 [DEBUG] Starting new HTTPS connection (1): www.gstatic.com:443
15:11:19 [DEBUG] Starting new HTTPS connection (1): www.google.com:443
15:11:19 [DEBUG] Starting new HTTPS connection (1): www.gstatic.com:443
15:11:19 [DEBUG] Starting new HTTPS connection (1): www.gstatic.com:443
15:11:19 [DEBUG] Starting new HTTPS connection (1): cp.cloudflare.com:443
15:11:20 [DEBUG] Starting new HTTPS connection (1): cp.cloudflare.com:443
15:11:20 [DEBUG] Starting new HTTPS connection (1): www.gstatic.com:443
15:11:20 [DEBUG] Starting new HTTPS connection (1): www.gstatic.com:443
15:11:20 [DEBUG] Starting new HTTPS connection (1): www.google.com:443
15:11:21 [DEBUG] Starting new HTTPS connection (1): cp.cloudflare.com:443
15:11:21 [DEBUG] Starting new HTTPS connection (1): www.gstatic.com:443
15:11:21 [DEBUG] Starting new HTTPS connection (1): cp.cloudflare.com:443
15:11:21 [DEBUG] Starting new HTTPS connection (1): www.gstatic.com:443
15:11:21 [DEBUG] Starting new HTTPS connection (1): cp.cloudflare.com:443
15:11:21 [DEBUG] Starting new HTTPS connection (1): www.google.com:443
15:11:21 [DEBUG] Starting new HTTPS connection (1): cp.cloudflare.com:443
15:11:21 [DEBUG] Starting new HTTPS connection (1): www.gstatic.com:443
15:11:22 [DEBUG] Starting new HTTPS connection (1): www.google.com:443
15:11:22 [DEBUG] Starting new HTTPS connection (1): cp.cloudflare.com:443
15:11:22 [DEBUG] Starting new HTTPS connection (1): www.gstatic.com:443
15:11:22 [DEBUG] Starting new HTTPS connection (1): www.google.com:443
15:11:22 [DEBUG] Starting new HTTPS connection (1): cp.cloudflare.com:443
15:11:22 [DEBUG] Starting new HTTPS connection (1): www.gstatic.com:443
15:11:22 [DEBUG] Starting new HTTPS connection (1): www.gstatic.com:443
15:11:23 [DEBUG] Starting new HTTPS connection (1): www.google.com:443
15:11:23 [DEBUG] Starting new HTTPS connection (1): cp.cloudflare.com:443
15:11:23 [DEBUG] Starting new HTTPS connection (1): www.gstatic.com:443
15:11:23 [DEBUG] Starting new HTTPS connection (1): www.google.com:443
15:11:23 [DEBUG] Starting new HTTPS connection (1): cp.cloudflare.com:443
15:11:23 [DEBUG] Starting new HTTPS connection (1): www.gstatic.com:443
15:11:23 [DEBUG] Starting new HTTPS connection (1): www.google.com:443
15:11:23 [DEBUG] Starting new HTTPS connection (1): www.gstatic.com:443
15:11:23 [DEBUG] Starting new HTTPS connection (1): www.google.com:443
15:11:23 [DEBUG] Starting new HTTPS connection (1): www.gstatic.com:443
15:11:23 [DEBUG] Starting new HTTPS connection (1): www.google.com:443
15:11:23 [DEBUG] Starting new HTTPS connection (1): www.gstatic.com:443
15:11:23 [DEBUG] Starting new HTTPS connection (1): www.google.com:443
15:11:23 [DEBUG] Starting new HTTPS connection (1): www.google.com:443
15:11:23 [DEBUG] Starting new HTTPS connection (1): cp.cloudflare.com:443
15:11:23 [DEBUG] Starting new HTTPS connection (1): www.gstatic.com:443
15:11:23 [DEBUG] Starting new HTTPS connection (1): cp.cloudflare.com:443
15:11:23 [DEBUG] Starting new HTTPS connection (1): cp.cloudflare.com:443
15:11:23 [DEBUG] Starting new HTTPS connection (1): www.gstatic.com:443
15:11:23 [DEBUG] Starting new HTTPS connection (1): www.gstatic.com:443
15:11:24 [DEBUG] Starting new HTTPS connection (1): www.google.com:443
15:11:24 [DEBUG] Starting new HTTPS connection (1): www.google.com:443
15:11:24 [DEBUG] Starting new HTTPS connection (1): cp.cloudflare.com:443
15:11:24 [DEBUG] Starting new HTTPS connection (1): www.gstatic.com:443
15:11:24 [DEBUG] Starting new HTTPS connection (1): www.google.com:443
15:11:24 [DEBUG] Starting new HTTPS connection (1): www.google.com:443
15:11:24 [DEBUG] Starting new HTTPS connection (1): cp.cloudflare.com:443
15:11:24 [DEBUG] Starting new HTTPS connection (1): www.gstatic.com:443
15:11:24 [DEBUG] Starting new HTTPS connection (1): www.google.com:443
15:11:24 [DEBUG] Starting new HTTPS connection (1): www.google.com:443
15:11:24 [DEBUG] Starting new HTTPS connection (1): cp.cloudflare.com:443
15:11:25 [DEBUG] Starting new HTTPS connection (1): cp.cloudflare.com:443
15:11:25 [DEBUG] Starting new HTTPS connection (1): www.gstatic.com:443
15:11:25 [DEBUG] Starting new HTTPS connection (1): www.gstatic.com:443
15:11:25 [DEBUG] Starting new HTTPS connection (1): www.google.com:443
15:11:25 [DEBUG] Starting new HTTPS connection (1): cp.cloudflare.com:443
15:11:25 [DEBUG] Starting new HTTPS connection (1): www.gstatic.com:443
15:11:25 [DEBUG] Starting new HTTPS connection (1): cp.cloudflare.com:443
15:11:25 [DEBUG] Starting new HTTPS connection (1): www.google.com:443
15:11:25 [DEBUG] Starting new HTTPS connection (1): www.google.com:443
15:11:25 [DEBUG] Starting new HTTPS connection (1): cp.cloudflare.com:443
15:11:25 [DEBUG] Starting new HTTPS connection (1): www.gstatic.com:443
15:11:26 [DEBUG] Starting new HTTPS connection (1): www.google.com:443
15:11:26 [DEBUG] Starting new HTTPS connection (1): www.google.com:443
15:11:26 [DEBUG] Starting new HTTPS connection (1): cp.cloudflare.com:443
15:11:26 [DEBUG] Starting new HTTPS connection (1): www.gstatic.com:443
15:11:26 [DEBUG] Starting new HTTPS connection (1): cp.cloudflare.com:443
15:11:26 [DEBUG] Starting new HTTPS connection (1): www.gstatic.com:443
15:11:26 [DEBUG] Starting new HTTPS connection (1): cp.cloudflare.com:443
15:11:26 [DEBUG] Starting new HTTPS connection (1): www.google.com:443
15:11:26 [DEBUG] Starting new HTTPS connection (1): cp.cloudflare.com:443
15:11:26 [DEBUG] Starting new HTTPS connection (1): www.gstatic.com:443
15:11:26 [DEBUG] Starting new HTTPS connection (1): cp.cloudflare.com:443
15:11:26 [DEBUG] Starting new HTTPS connection (1): cp.cloudflare.com:443
15:11:26 [DEBUG] Starting new HTTPS connection (1): www.google.com:443
15:11:26 [DEBUG] Starting new HTTPS connection (1): www.google.com:443
15:11:26 [DEBUG] Starting new HTTPS connection (1): cp.cloudflare.com:443
15:11:26 [DEBUG] Starting new HTTPS connection (1): www.gstatic.com:443
15:11:26 [DEBUG] Starting new HTTPS connection (1): www.google.com:443
15:11:27 [DEBUG] Starting new HTTPS connection (1): cp.cloudflare.com:443
15:11:27 [DEBUG] Starting new HTTPS connection (1): www.gstatic.com:443
15:11:28 [DEBUG] Starting new HTTPS connection (1): www.gstatic.com:443
15:11:28 [DEBUG] Starting new HTTPS connection (1): www.gstatic.com:443
15:11:28 [DEBUG] Starting new HTTPS connection (1): www.gstatic.com:443
15:11:28 [DEBUG] Starting new HTTPS connection (1): cp.cloudflare.com:443
15:11:29 [DEBUG] Starting new HTTPS connection (1): cp.cloudflare.com:443
15:11:29 [DEBUG] Starting new HTTPS connection (1): www.gstatic.com:443
15:11:31 [DEBUG] Starting new HTTPS connection (1): www.gstatic.com:443
15:11:31 [DEBUG] Starting new HTTPS connection (1): www.gstatic.com:443
15:11:34 [INFO]    📊 Глобальные: 500/500 (100%) | ✅94 ❌406
15:11:35 [DEBUG] Starting new HTTPS connection (1): www.google.com:443
15:11:35 [DEBUG] Starting new HTTPS connection (1): www.google.com:443
15:11:35 [DEBUG] Starting new HTTPS connection (1): www.google.com:443
15:11:35 [DEBUG] Starting new HTTPS connection (1): www.google.com:443
15:11:35 [DEBUG] Starting new HTTPS connection (1): www.google.com:443
15:11:35 [DEBUG] Starting new HTTPS connection (1): www.google.com:443
15:11:35 [DEBUG] Starting new HTTPS connection (1): www.google.com:443
15:11:35 [DEBUG] Starting new HTTPS connection (1): www.google.com:443
15:11:35 [DEBUG] Starting new HTTPS connection (1): www.google.com:443
15:11:35 [DEBUG] Starting new HTTPS connection (1): www.google.com:443
15:11:35 [DEBUG] Starting new HTTPS connection (1): www.google.com:443
15:11:35 [DEBUG] Starting new HTTPS connection (1): www.google.com:443
15:11:36 [DEBUG] https://www.google.com:443 "GET /generate_204 HTTP/1.1" 204 0
15:11:36 [DEBUG] https://www.google.com:443 "GET /generate_204 HTTP/1.1" 204 0
15:11:36 [DEBUG] Starting new HTTPS connection (1): cp.cloudflare.com:443
15:11:36 [DEBUG] Starting new HTTPS connection (1): cp.cloudflare.com:443
15:11:36 [DEBUG] https://www.google.com:443 "GET /generate_204 HTTP/1.1" 204 0
15:11:36 [DEBUG] Starting new HTTPS connection (1): cp.cloudflare.com:443
15:11:36 [DEBUG] https://cp.cloudflare.com:443 "GET / HTTP/1.1" 204 0
15:11:36 [DEBUG] Starting new HTTPS connection (1): www.gstatic.com:443
15:11:36 [DEBUG] https://cp.cloudflare.com:443 "GET / HTTP/1.1" 204 0
15:11:36 [DEBUG] Starting new HTTPS connection (1): www.gstatic.com:443
15:11:37 [DEBUG] https://www.gstatic.com:443 "GET /generate_204 HTTP/1.1" 204 0
15:11:37 [DEBUG] https://www.gstatic.com:443 "GET /generate_204 HTTP/1.1" 204 0
15:11:37 [DEBUG] https://www.google.com:443 "GET /generate_204 HTTP/1.1" 204 0
15:11:37 [DEBUG] Starting new HTTPS connection (1): cp.cloudflare.com:443
15:11:37 [DEBUG] https://www.google.com:443 "GET /generate_204 HTTP/1.1" 204 0
15:11:37 [DEBUG] Starting new HTTPS connection (1): cp.cloudflare.com:443
15:11:37 [DEBUG] https://www.google.com:443 "GET /generate_204 HTTP/1.1" 204 0
15:11:37 [DEBUG] Starting new HTTPS connection (1): cp.cloudflare.com:443
15:11:37 [DEBUG] Starting new HTTPS connection (1): dl.google.com:443
15:11:37 [DEBUG] Starting new HTTPS connection (1): dl.google.com:443
15:11:37 [DEBUG] https://cp.cloudflare.com:443 "GET / HTTP/1.1" 204 0
15:11:37 [DEBUG] Starting new HTTPS connection (1): www.gstatic.com:443
15:11:37 [DEBUG] https://cp.cloudflare.com:443 "GET / HTTP/1.1" 204 0
15:11:37 [DEBUG] Starting new HTTPS connection (1): www.gstatic.com:443
15:11:37 [DEBUG] https://dl.google.com:443 "GET /dl/android/studio/install/3.4.1.0/android-studio-ide-183.5522156-windows.exe HTTP/1.1" 200 1017327996
15:11:38 [INFO]    🎯 178.154.224.33 (Россия) - 16.7Mbps, 451ms UDP✅ Reality
15:11:38 [DEBUG] https://www.gstatic.com:443 "GET /generate_204 HTTP/1.1" 204 0
15:11:38 [DEBUG] https://www.google.com:443 "GET /generate_204 HTTP/1.1" 204 0
15:11:38 [DEBUG] Starting new HTTPS connection (1): cp.cloudflare.com:443
15:11:38 [DEBUG] https://dl.google.com:443 "GET /dl/android/studio/install/3.4.1.0/android-studio-ide-183.5522156-windows.exe HTTP/1.1" 200 1017327996
15:11:38 [DEBUG] https://www.google.com:443 "GET /generate_204 HTTP/1.1" 204 0
15:11:38 [DEBUG] Starting new HTTPS connection (1): cp.cloudflare.com:443
15:11:38 [DEBUG] https://www.gstatic.com:443 "GET /generate_204 HTTP/1.1" 204 0
15:11:38 [DEBUG] https://www.google.com:443 "GET /generate_204 HTTP/1.1" 204 0
15:11:38 [DEBUG] Starting new HTTPS connection (1): cp.cloudflare.com:443
15:11:38 [DEBUG] https://www.google.com:443 "GET /generate_204 HTTP/1.1" 204 0
15:11:38 [DEBUG] Starting new HTTPS connection (1): cp.cloudflare.com:443
15:11:38 [INFO]    🎯 109.120.191.40 (Россия) - 12.8Mbps, 506ms UDP✅ Reality
15:11:38 [DEBUG] Starting new HTTPS connection (1): dl.google.com:443
15:11:39 [DEBUG] https://dl.google.com:443 "GET /dl/android/studio/install/3.4.1.0/android-studio-ide-183.5522156-windows.exe HTTP/1.1" 200 1017327996
15:11:39 [DEBUG] Starting new HTTPS connection (1): www.google.com:443
15:11:39 [DEBUG] https://cp.cloudflare.com:443 "GET / HTTP/1.1" 204 0
15:11:39 [DEBUG] Starting new HTTPS connection (1): www.gstatic.com:443
15:11:39 [INFO]    🎯 5.188.143.178 (Россия) - 15.9Mbps, 839ms UDP✅ Reality
15:11:39 [DEBUG] Starting new HTTPS connection (1): dl.google.com:443
15:11:39 [DEBUG] Starting new HTTPS connection (1): www.google.com:443
15:11:39 [DEBUG] Starting new HTTPS connection (1): cp.cloudflare.com:443
15:11:39 [DEBUG] https://cp.cloudflare.com:443 "GET / HTTP/1.1" 204 0
15:11:39 [DEBUG] Starting new HTTPS connection (1): www.gstatic.com:443
15:11:39 [DEBUG] Starting new HTTPS connection (1): cp.cloudflare.com:443
15:11:40 [DEBUG] https://www.gstatic.com:443 "GET /generate_204 HTTP/1.1" 204 0
15:11:40 [DEBUG] Starting new HTTPS connection (1): www.google.com:443
15:11:40 [DEBUG] https://dl.google.com:443 "GET /dl/android/studio/install/3.4.1.0/android-studio-ide-183.5522156-windows.exe HTTP/1.1" 200 1017327996
15:11:40 [DEBUG] https://cp.cloudflare.com:443 "GET / HTTP/1.1" 204 0
15:11:40 [DEBUG] Starting new HTTPS connection (1): www.gstatic.com:443
15:11:41 [INFO]    🎯 5.188.140.115 (Россия) - 8.6Mbps, 937ms UDP✅ Reality
15:11:41 [DEBUG] https://cp.cloudflare.com:443 "GET / HTTP/1.1" 204 0
15:11:41 [DEBUG] Starting new HTTPS connection (1): www.gstatic.com:443
15:11:41 [DEBUG] Starting new HTTPS connection (1): www.gstatic.com:443
15:11:41 [DEBUG] https://cp.cloudflare.com:443 "GET / HTTP/1.1" 204 0
15:11:41 [DEBUG] Starting new HTTPS connection (1): www.gstatic.com:443
15:11:41 [DEBUG] Starting new HTTPS connection (1): cp.cloudflare.com:443
15:11:41 [DEBUG] https://cp.cloudflare.com:443 "GET / HTTP/1.1" 204 0
15:11:41 [DEBUG] Starting new HTTPS connection (1): www.gstatic.com:443
15:11:41 [DEBUG] Starting new HTTPS connection (1): dl.google.com:443
15:11:42 [DEBUG] Starting new HTTPS connection (1): www.google.com:443
15:11:42 [DEBUG] https://www.google.com:443 "GET /generate_204 HTTP/1.1" 204 0
15:11:42 [DEBUG] Starting new HTTPS connection (1): cp.cloudflare.com:443
15:11:42 [DEBUG] https://www.gstatic.com:443 "GET /generate_204 HTTP/1.1" 204 0
15:11:42 [DEBUG] https://dl.google.com:443 "GET /dl/android/studio/install/3.4.1.0/android-studio-ide-183.5522156-windows.exe HTTP/1.1" 200 1017327996
15:11:42 [DEBUG] https://cp.cloudflare.com:443 "GET / HTTP/1.1" 204 0
15:11:42 [DEBUG] Starting new HTTPS connection (1): www.gstatic.com:443
15:11:43 [DEBUG] https://www.gstatic.com:443 "GET /generate_204 HTTP/1.1" 204 0
15:11:43 [DEBUG] Starting new HTTPS connection (1): dl.google.com:443
15:11:43 [DEBUG] Starting new HTTPS connection (1): dl.google.com:443
15:11:43 [DEBUG] https://www.gstatic.com:443 "GET /generate_204 HTTP/1.1" 204 0
15:11:43 [DEBUG] Starting new HTTPS connection (1): cp.cloudflare.com:443
15:11:43 [DEBUG] Starting new HTTPS connection (1): www.gstatic.com:443
15:11:43 [DEBUG] Starting new HTTPS connection (1): www.gstatic.com:443
15:11:43 [DEBUG] https://dl.google.com:443 "GET /dl/android/studio/install/3.4.1.0/android-studio-ide-183.5522156-windows.exe HTTP/1.1" 200 1017327996
15:11:44 [DEBUG] https://cp.cloudflare.com:443 "GET / HTTP/1.1" 204 0
15:11:44 [DEBUG] Starting new HTTPS connection (1): www.gstatic.com:443
15:11:44 [DEBUG] Starting new HTTPS connection (1): cp.cloudflare.com:443
15:11:44 [DEBUG] https://dl.google.com:443 "GET /dl/android/studio/install/3.4.1.0/android-studio-ide-183.5522156-windows.exe HTTP/1.1" 200 1017327996
15:11:44 [DEBUG] https://www.gstatic.com:443 "GET /generate_204 HTTP/1.1" 204 0
15:11:45 [DEBUG] https://www.gstatic.com:443 "GET /generate_204 HTTP/1.1" 204 0
15:11:45 [DEBUG] Starting new HTTPS connection (1): dl.google.com:443
15:11:45 [INFO]    🎯 195.209.67.124 (Россия) - 2.9Mbps, 1460ms UDP✅ 
15:11:46 [DEBUG] Starting new HTTPS connection (1): www.google.com:443
15:11:46 [DEBUG] Starting new HTTPS connection (1): www.google.com:443
15:11:46 [DEBUG] https://www.google.com:443 "GET /generate_204 HTTP/1.1" 204 0
15:11:46 [DEBUG] Starting new HTTPS connection (1): cp.cloudflare.com:443
15:11:46 [DEBUG] Starting new HTTPS connection (1): www.google.com:443
15:11:46 [DEBUG] Starting new HTTPS connection (1): www.google.com:443
15:11:47 [DEBUG] https://cp.cloudflare.com:443 "GET / HTTP/1.1" 204 0
15:11:47 [DEBUG] Starting new HTTPS connection (1): www.gstatic.com:443
15:11:47 [DEBUG] https://www.google.com:443 "GET /generate_204 HTTP/1.1" 204 0
15:11:47 [DEBUG] Starting new HTTPS connection (1): cp.cloudflare.com:443
15:11:47 [DEBUG] https://www.gstatic.com:443 "GET /generate_204 HTTP/1.1" 204 0
15:11:47 [DEBUG] Starting new HTTPS connection (1): www.gstatic.com:443
15:11:47 [DEBUG] https://www.google.com:443 "GET /generate_204 HTTP/1.1" 204 0
15:11:47 [DEBUG] Starting new HTTPS connection (1): cp.cloudflare.com:443
15:11:47 [DEBUG] Starting new HTTPS connection (1): dl.google.com:443
15:11:47 [DEBUG] Starting new HTTPS connection (1): dl.google.com:443
15:11:47 [DEBUG] Starting new HTTPS connection (1): dl.google.com:443
15:11:47 [DEBUG] https://cp.cloudflare.com:443 "GET / HTTP/1.1" 204 0
15:11:47 [DEBUG] Starting new HTTPS connection (1): www.gstatic.com:443
15:11:47 [DEBUG] https://www.gstatic.com:443 "GET /generate_204 HTTP/1.1" 204 0
15:11:47 [INFO]    📊 Whitelist: 10/100 (10%) | ✅5 ❌5
15:11:47 [DEBUG] https://dl.google.com:443 "GET /dl/android/studio/install/3.4.1.0/android-studio-ide-183.5522156-windows.exe HTTP/1.1" 200 1017327996
15:11:48 [DEBUG] Starting new HTTPS connection (1): dl.google.com:443
15:11:48 [INFO]    🎯 178.154.255.96 (Россия) - 15.0Mbps, 434ms UDP❌ Reality
15:11:48 [DEBUG] https://www.gstatic.com:443 "GET /generate_204 HTTP/1.1" 204 0
15:11:48 [DEBUG] Starting new HTTPS connection (1): dl.google.com:443
15:11:48 [DEBUG] Starting new HTTPS connection (1): www.google.com:443
15:11:48 [DEBUG] Starting new HTTPS connection (1): www.google.com:443
15:11:49 [DEBUG] https://dl.google.com:443 "GET /dl/android/studio/install/3.4.1.0/android-studio-ide-183.5522156-windows.exe HTTP/1.1" 200 1017327996
15:11:49 [INFO]    🎯 5.188.141.138 (Россия) - 2.2Mbps, 2247ms UDP✅ Reality
15:11:49 [DEBUG] https://www.google.com:443 "GET /generate_204 HTTP/1.1" 204 0
15:11:49 [DEBUG] Starting new HTTPS connection (1): cp.cloudflare.com:443
15:11:49 [DEBUG] Starting new HTTPS connection (1): www.google.com:443
15:11:49 [DEBUG] https://cp.cloudflare.com:443 "GET / HTTP/1.1" 204 0
15:11:49 [DEBUG] Starting new HTTPS connection (1): www.gstatic.com:443
15:11:50 [DEBUG] https://www.gstatic.com:443 "GET /generate_204 HTTP/1.1" 204 0
15:11:50 [DEBUG] Starting new HTTPS connection (1): www.google.com:443
15:11:50 [DEBUG] https://dl.google.com:443 "GET /dl/android/studio/install/3.4.1.0/android-studio-ide-183.5522156-windows.exe HTTP/1.1" 200 1017327996
15:11:50 [DEBUG] Starting new HTTPS connection (1): dl.google.com:443
15:11:50 [DEBUG] https://dl.google.com:443 "GET /dl/android/studio/install/3.4.1.0/android-studio-ide-183.5522156-windows.exe HTTP/1.1" 200 1017327996
15:11:50 [DEBUG] https://dl.google.com:443 "GET /dl/android/studio/install/3.4.1.0/android-studio-ide-183.5522156-windows.exe HTTP/1.1" 200 1017327996
15:11:50 [DEBUG] Starting new HTTPS connection (1): cp.cloudflare.com:443
15:11:51 [DEBUG] Starting new HTTPS connection (1): www.gstatic.com:443
15:11:51 [DEBUG] https://www.google.com:443 "GET /generate_204 HTTP/1.1" 204 0
15:11:51 [DEBUG] Starting new HTTPS connection (1): cp.cloudflare.com:443
15:11:51 [DEBUG] https://www.google.com:443 "GET /generate_204 HTTP/1.1" 204 0
15:11:51 [DEBUG] Starting new HTTPS connection (1): cp.cloudflare.com:443
15:11:51 [DEBUG] https://www.gstatic.com:443 "GET /generate_204 HTTP/1.1" 204 0
15:11:51 [INFO]    🎯 5.188.141.69 (Россия) - 3.4Mbps, 2861ms UDP✅ Reality
15:11:51 [DEBUG] https://cp.cloudflare.com:443 "GET / HTTP/1.1" 204 0
15:11:51 [DEBUG] Starting new HTTPS connection (1): www.gstatic.com:443
15:11:51 [DEBUG] https://dl.google.com:443 "GET /dl/android/studio/install/3.4.1.0/android-studio-ide-183.5522156-windows.exe HTTP/1.1" 200 1017327996
15:11:51 [DEBUG] https://www.google.com:443 "GET /generate_204 HTTP/1.1" 204 0
15:11:51 [DEBUG] Starting new HTTPS connection (1): cp.cloudflare.com:443
15:11:52 [INFO]    🎯 109.120.190.203 (Россия) - 3.3Mbps, 3199ms UDP❌ Reality
15:11:52 [DEBUG] Starting new HTTPS connection (1): www.google.com:443
15:11:52 [DEBUG] https://www.gstatic.com:443 "GET /generate_204 HTTP/1.1" 204 0
15:11:52 [INFO]    🎯 178.154.252.255 (Россия) - 0.0Mbps, 371ms UDP✅ Reality
15:11:52 [DEBUG] Starting new HTTPS connection (1): dl.google.com:443
15:11:52 [DEBUG] https://www.google.com:443 "GET /generate_204 HTTP/1.1" 204 0
15:11:52 [DEBUG] Starting new HTTPS connection (1): cp.cloudflare.com:443
15:11:53 [DEBUG] https://dl.google.com:443 "GET /dl/android/studio/install/3.4.1.0/android-studio-ide-183.5522156-windows.exe HTTP/1.1" 200 1017327996
15:11:53 [DEBUG] Starting new HTTPS connection (1): www.google.com:443
15:11:53 [INFO]    🎯 51.250.83.255 (Россия) - 22.0Mbps, 312ms UDP✅ Reality
15:11:53 [DEBUG] https://cp.cloudflare.com:443 "GET / HTTP/1.1" 204 0
15:11:53 [DEBUG] Starting new HTTPS connection (1): www.gstatic.com:443
15:11:53 [DEBUG] https://www.google.com:443 "GET /generate_204 HTTP/1.1" 204 0
15:11:53 [DEBUG] Starting new HTTPS connection (1): cp.cloudflare.com:443
15:11:53 [DEBUG] Starting new HTTPS connection (1): www.google.com:443
15:11:53 [DEBUG] https://cp.cloudflare.com:443 "GET / HTTP/1.1" 204 0
15:11:53 [DEBUG] Starting new HTTPS connection (1): www.gstatic.com:443
15:11:53 [DEBUG] https://cp.cloudflare.com:443 "GET / HTTP/1.1" 204 0
15:11:53 [DEBUG] Starting new HTTPS connection (1): www.gstatic.com:443
15:11:54 [DEBUG] https://www.google.com:443 "GET /generate_204 HTTP/1.1" 204 0
15:11:54 [DEBUG] Starting new HTTPS connection (1): cp.cloudflare.com:443
15:11:54 [DEBUG] https://cp.cloudflare.com:443 "GET / HTTP/1.1" 204 0
15:11:54 [DEBUG] Starting new HTTPS connection (1): www.gstatic.com:443
15:11:54 [DEBUG] https://www.gstatic.com:443 "GET /generate_204 HTTP/1.1" 204 0
15:11:54 [DEBUG] Starting new HTTPS connection (1): www.google.com:443
15:11:54 [DEBUG] https://www.gstatic.com:443 "GET /generate_204 HTTP/1.1" 204 0
15:11:54 [DEBUG] Starting new HTTPS connection (1): dl.google.com:443
15:11:54 [DEBUG] https://cp.cloudflare.com:443 "GET / HTTP/1.1" 204 0
15:11:54 [DEBUG] Starting new HTTPS connection (1): www.gstatic.com:443
15:11:54 [DEBUG] https://www.google.com:443 "GET /generate_204 HTTP/1.1" 204 0
15:11:54 [DEBUG] Starting new HTTPS connection (1): cp.cloudflare.com:443
15:11:54 [DEBUG] https://www.gstatic.com:443 "GET /generate_204 HTTP/1.1" 204 0
15:11:54 [DEBUG] Starting new HTTPS connection (1): www.gstatic.com:443
15:11:55 [DEBUG] Starting new HTTPS connection (1): dl.google.com:443
15:11:55 [DEBUG] https://dl.google.com:443 "GET /dl/android/studio/install/3.4.1.0/android-studio-ide-183.5522156-windows.exe HTTP/1.1" 200 1017327996
15:11:55 [DEBUG] Starting new HTTPS connection (1): dl.google.com:443
15:11:55 [DEBUG] https://cp.cloudflare.com:443 "GET / HTTP/1.1" 204 0
15:11:55 [DEBUG] Starting new HTTPS connection (1): www.gstatic.com:443
15:11:55 [DEBUG] https://www.gstatic.com:443 "GET /generate_204 HTTP/1.1" 204 0
15:11:55 [INFO]    🎯 5.188.140.55 (Россия) - 1.4Mbps, 2608ms UDP✅ Reality
15:11:55 [DEBUG] https://dl.google.com:443 "GET /dl/android/studio/install/3.4.1.0/android-studio-ide-183.5522156-windows.exe HTTP/1.1" 200 1017327996
15:11:55 [DEBUG] https://www.gstatic.com:443 "GET /generate_204 HTTP/1.1" 204 0
15:11:55 [DEBUG] https://dl.google.com:443 "GET /dl/android/studio/install/3.4.1.0/android-studio-ide-183.5522156-windows.exe HTTP/1.1" 200 1017327996
15:11:55 [DEBUG] Starting new HTTPS connection (1): dl.google.com:443
15:11:56 [INFO]    🎯 95.163.210.176 (Россия) - 8.1Mbps, 596ms UDP✅ Reality
15:11:56 [DEBUG] Starting new HTTPS connection (1): www.google.com:443
15:11:56 [DEBUG] Starting new HTTPS connection (1): www.google.com:443
15:11:56 [DEBUG] https://www.gstatic.com:443 "GET /generate_204 HTTP/1.1" 204 0
15:11:56 [DEBUG] https://dl.google.com:443 "GET /dl/android/studio/install/3.4.1.0/android-studio-ide-183.5522156-windows.exe HTTP/1.1" 200 1017327996
15:11:56 [DEBUG] https://www.google.com:443 "GET /generate_204 HTTP/1.1" 204 0
15:11:56 [DEBUG] Starting new HTTPS connection (1): cp.cloudflare.com:443
15:11:57 [DEBUG] https://cp.cloudflare.com:443 "GET / HTTP/1.1" 204 0
15:11:57 [DEBUG] Starting new HTTPS connection (1): www.gstatic.com:443
15:11:57 [DEBUG] Starting new HTTPS connection (1): www.google.com:443
15:11:57 [INFO]    🎯 84.23.52.70 (Россия) - 9.6Mbps, 427ms UDP✅ Reality
15:11:57 [INFO]    📊 Whitelist: 20/100 (20%) | ✅14 ❌6
15:11:57 [DEBUG] Starting new HTTPS connection (1): dl.google.com:443
15:11:57 [DEBUG] https://www.gstatic.com:443 "GET /generate_204 HTTP/1.1" 204 0
15:11:57 [DEBUG] https://www.google.com:443 "GET /generate_204 HTTP/1.1" 204 0
15:11:57 [DEBUG] Starting new HTTPS connection (1): cp.cloudflare.com:443
15:11:57 [DEBUG] https://www.google.com:443 "GET /generate_204 HTTP/1.1" 204 0
15:11:57 [DEBUG] Starting new HTTPS connection (1): cp.cloudflare.com:443
15:11:57 [DEBUG] https://dl.google.com:443 "GET /dl/android/studio/install/3.4.1.0/android-studio-ide-183.5522156-windows.exe HTTP/1.1" 200 1017327996
15:11:58 [DEBUG] Starting new HTTPS connection (1): www.google.com:443
15:11:58 [INFO]    🎯 158.160.221.132 (Россия) - 11.9Mbps, 403ms UDP❌ Reality
15:11:58 [DEBUG] https://www.google.com:443 "GET /generate_204 HTTP/1.1" 204 0
15:11:58 [DEBUG] Starting new HTTPS connection (1): cp.cloudflare.com:443
15:11:58 [DEBUG] https://cp.cloudflare.com:443 "GET / HTTP/1.1" 204 0
15:11:58 [DEBUG] Starting new HTTPS connection (1): www.gstatic.com:443
15:11:59 [INFO]    🎯 84.201.128.76 (Россия) - 3.2Mbps, 1262ms UDP✅ Reality
15:11:59 [DEBUG] https://cp.cloudflare.com:443 "GET / HTTP/1.1" 204 0
15:11:59 [DEBUG] Starting new HTTPS connection (1): www.gstatic.com:443
15:11:59 [DEBUG] https://cp.cloudflare.com:443 "GET / HTTP/1.1" 204 0
15:11:59 [DEBUG] Starting new HTTPS connection (1): www.gstatic.com:443
15:11:59 [DEBUG] Starting new HTTPS connection (1): dl.google.com:443
15:11:59 [DEBUG] Starting new HTTPS connection (1): www.google.com:443
15:11:59 [DEBUG] https://www.gstatic.com:443 "GET /generate_204 HTTP/1.1" 204 0
15:11:59 [DEBUG] Starting new HTTPS connection (1): dl.google.com:443
15:12:00 [DEBUG] Starting new HTTPS connection (1): www.google.com:443
15:12:00 [DEBUG] https://dl.google.com:443 "GET /dl/android/studio/install/3.4.1.0/android-studio-ide-183.5522156-windows.exe HTTP/1.1" 200 1017327996
15:12:00 [DEBUG] Starting new HTTPS connection (1): dl.google.com:443
15:12:00 [DEBUG] https://dl.google.com:443 "GET /dl/android/studio/install/3.4.1.0/android-studio-ide-183.5522156-windows.exe HTTP/1.1" 200 1017327996
15:12:00 [DEBUG] Starting new HTTPS connection (1): dl.google.com:443
15:12:01 [DEBUG] https://www.gstatic.com:443 "GET /generate_204 HTTP/1.1" 204 0
15:12:01 [INFO]    🎯 178.154.253.80 (Россия) - 11.5Mbps, 438ms UDP✅ Reality
15:12:01 [DEBUG] https://www.gstatic.com:443 "GET /generate_204 HTTP/1.1" 204 0
15:12:01 [DEBUG] https://dl.google.com:443 "GET /dl/android/studio/install/3.4.1.0/android-studio-ide-183.5522156-windows.exe HTTP/1.1" 200 1017327996
15:12:01 [DEBUG] Starting new HTTPS connection (1): dl.google.com:443
15:12:01 [INFO]    🎯 109.120.188.166 (Россия) - 5.3Mbps, 2359ms UDP❌ Reality
15:12:02 [DEBUG] Starting new HTTPS connection (1): www.google.com:443
15:12:02 [INFO]    🎯 90.156.217.130 (Россия) - 1.1Mbps, 406ms UDP✅ Reality
15:12:02 [INFO]    🎯 217.16.27.216 (Россия) - 0.9Mbps, 754ms UDP✅ 
15:12:02 [DEBUG] Starting new HTTPS connection (1): www.google.com:443
15:12:03 [DEBUG] Starting new HTTPS connection (1): www.google.com:443
15:12:03 [DEBUG] https://www.google.com:443 "GET /generate_204 HTTP/1.1" 204 0
15:12:03 [DEBUG] Starting new HTTPS connection (1): cp.cloudflare.com:443
15:12:03 [DEBUG] Starting new HTTPS connection (1): cp.cloudflare.com:443
15:12:03 [DEBUG] Starting new HTTPS connection (1): www.google.com:443
15:12:03 [DEBUG] https://cp.cloudflare.com:443 "GET / HTTP/1.1" 204 0
15:12:03 [DEBUG] Starting new HTTPS connection (1): www.gstatic.com:443
15:12:03 [DEBUG] https://www.google.com:443 "GET /generate_204 HTTP/1.1" 204 0
15:12:03 [DEBUG] Starting new HTTPS connection (1): cp.cloudflare.com:443
15:12:03 [DEBUG] https://www.google.com:443 "GET /generate_204 HTTP/1.1" 204 0
15:12:03 [DEBUG] Starting new HTTPS connection (1): cp.cloudflare.com:443
15:12:03 [DEBUG] https://www.gstatic.com:443 "GET /generate_204 HTTP/1.1" 204 0
15:12:03 [DEBUG] https://cp.cloudflare.com:443 "GET / HTTP/1.1" 204 0
15:12:03 [DEBUG] Starting new HTTPS connection (1): www.gstatic.com:443
15:12:04 [DEBUG] Starting new HTTPS connection (1): cp.cloudflare.com:443
15:12:04 [DEBUG] Starting new HTTPS connection (1): dl.google.com:443
15:12:04 [DEBUG] https://cp.cloudflare.com:443 "GET / HTTP/1.1" 204 0
15:12:04 [DEBUG] Starting new HTTPS connection (1): www.gstatic.com:443
15:12:04 [DEBUG] Starting new HTTPS connection (1): dl.google.com:443
15:12:04 [DEBUG] https://cp.cloudflare.com:443 "GET / HTTP/1.1" 204 0
15:12:04 [DEBUG] Starting new HTTPS connection (1): www.gstatic.com:443
15:12:04 [DEBUG] https://www.gstatic.com:443 "GET /generate_204 HTTP/1.1" 204 0
15:12:04 [INFO]    🎯 90.156.217.130 (Россия) - 3.1Mbps, 388ms UDP❌ Reality
15:12:04 [DEBUG] https://dl.google.com:443 "GET /dl/android/studio/install/3.4.1.0/android-studio-ide-183.5522156-windows.exe HTTP/1.1" 200 1017327996
15:12:04 [DEBUG] https://www.gstatic.com:443 "GET /generate_204 HTTP/1.1" 204 0
15:12:04 [DEBUG] https://cp.cloudflare.com:443 "GET / HTTP/1.1" 204 0
15:12:04 [DEBUG] Starting new HTTPS connection (1): www.gstatic.com:443
15:12:04 [DEBUG] https://www.gstatic.com:443 "GET /generate_204 HTTP/1.1" 204 0
15:12:04 [INFO]    🎯 37.139.33.57 (Россия) - 1.3Mbps, 382ms UDP✅ Reality
15:12:04 [DEBUG] Starting new HTTPS connection (1): dl.google.com:443
15:12:04 [DEBUG] Starting new HTTPS connection (1): dl.google.com:443
15:12:04 [INFO]    🎯 89.208.230.52 (Россия) - 17.3Mbps, 372ms UDP✅ Reality
15:12:05 [DEBUG] Starting new HTTPS connection (1): dl.google.com:443
15:12:05 [DEBUG] https://dl.google.com:443 "GET /dl/android/studio/install/3.4.1.0/android-studio-ide-183.5522156-windows.exe HTTP/1.1" 200 1017327996
15:12:05 [DEBUG] Starting new HTTPS connection (1): www.google.com:443
15:12:05 [DEBUG] https://www.gstatic.com:443 "GET /generate_204 HTTP/1.1" 204 0
15:12:05 [DEBUG] https://dl.google.com:443 "GET /dl/android/studio/install/3.4.1.0/android-studio-ide-183.5522156-windows.exe HTTP/1.1" 200 1017327996
15:12:05 [DEBUG] https://dl.google.com:443 "GET /dl/android/studio/install/3.4.1.0/android-studio-ide-183.5522156-windows.exe HTTP/1.1" 200 1017327996
15:12:05 [DEBUG] Starting new HTTPS connection (1): www.google.com:443
15:12:05 [DEBUG] Starting new HTTPS connection (1): www.google.com:443
15:12:05 [DEBUG] https://www.google.com:443 "GET /generate_204 HTTP/1.1" 204 0
15:12:05 [DEBUG] Starting new HTTPS connection (1): cp.cloudflare.com:443
15:12:06 [INFO]    🎯 178.250.243.98 (Россия) - 0.0Mbps, 2037ms UDP✅ Reality
15:12:06 [INFO]    📊 Whitelist: 30/100 (30%) | ✅24 ❌6
15:12:06 [INFO]    🎯 176.123.164.110 (Россия) - 10.6Mbps, 502ms UDP✅ Reality
15:12:06 [DEBUG] Starting new HTTPS connection (1): cp.cloudflare.com:443
15:12:06 [DEBUG] https://www.google.com:443 "GET /generate_204 HTTP/1.1" 204 0
15:12:06 [DEBUG] Starting new HTTPS connection (1): cp.cloudflare.com:443
15:12:06 [INFO]    🎯 79.137.175.44 (Россия) - 9.5Mbps, 454ms UDP✅ Reality
15:12:06 [INFO]    🎯 37.139.33.15 (Россия) - 10.6Mbps, 426ms UDP✅ Reality
15:12:06 [DEBUG] https://cp.cloudflare.com:443 "GET / HTTP/1.1" 204 0
15:12:06 [DEBUG] Starting new HTTPS connection (1): www.gstatic.com:443
15:12:06 [DEBUG] https://www.google.com:443 "GET /generate_204 HTTP/1.1" 204 0
15:12:06 [DEBUG] Starting new HTTPS connection (1): cp.cloudflare.com:443
15:12:06 [DEBUG] https://cp.cloudflare.com:443 "GET / HTTP/1.1" 204 0
15:12:06 [DEBUG] Starting new HTTPS connection (1): www.gstatic.com:443
15:12:06 [INFO]    🎯 185.130.115.55 (Россия) - 0.0Mbps, 1645ms UDP✅ Reality
15:12:06 [DEBUG] https://www.gstatic.com:443 "GET /generate_204 HTTP/1.1" 204 0
15:12:06 [DEBUG] https://dl.google.com:443 "GET /dl/android/studio/install/3.4.1.0/android-studio-ide-183.5522156-windows.exe HTTP/1.1" 200 1017327996
15:12:06 [DEBUG] https://cp.cloudflare.com:443 "GET / HTTP/1.1" 204 0
15:12:06 [DEBUG] Starting new HTTPS connection (1): www.gstatic.com:443
15:12:07 [DEBUG] Starting new HTTPS connection (1): www.google.com:443
15:12:07 [DEBUG] Starting new HTTPS connection (1): www.google.com:443
15:12:07 [DEBUG] https://www.gstatic.com:443 "GET /generate_204 HTTP/1.1" 204 0
15:12:07 [DEBUG] Starting new HTTPS connection (1): dl.google.com:443
15:12:07 [DEBUG] Starting new HTTPS connection (1): www.google.com:443
15:12:07 [DEBUG] Starting new HTTPS connection (1): www.google.com:443
15:12:07 [DEBUG] https://www.gstatic.com:443 "GET /generate_204 HTTP/1.1" 204 0
15:12:07 [DEBUG] Starting new HTTPS connection (1): cp.cloudflare.com:443
15:12:07 [DEBUG] Starting new HTTPS connection (1): dl.google.com:443
15:12:07 [DEBUG] https://www.google.com:443 "GET /generate_204 HTTP/1.1" 204 0
15:12:07 [DEBUG] Starting new HTTPS connection (1): cp.cloudflare.com:443
15:12:07 [DEBUG] https://www.google.com:443 "GET /generate_204 HTTP/1.1" 204 0
15:12:07 [DEBUG] Starting new HTTPS connection (1): cp.cloudflare.com:443
15:12:07 [DEBUG] Starting new HTTPS connection (1): www.gstatic.com:443
15:12:07 [DEBUG] https://cp.cloudflare.com:443 "GET / HTTP/1.1" 204 0
15:12:07 [DEBUG] Starting new HTTPS connection (1): www.gstatic.com:443
15:12:07 [DEBUG] Starting new HTTPS connection (1): dl.google.com:443
15:12:07 [DEBUG] Starting new HTTPS connection (1): www.google.com:443
15:12:07 [DEBUG] https://www.google.com:443 "GET /generate_204 HTTP/1.1" 204 0
15:12:07 [DEBUG] Starting new HTTPS connection (1): cp.cloudflare.com:443
15:12:07 [DEBUG] https://dl.google.com:443 "GET /dl/android/studio/install/3.4.1.0/android-studio-ide-183.5522156-windows.exe HTTP/1.1" 200 1017327996
15:12:07 [DEBUG] https://www.gstatic.com:443 "GET /generate_204 HTTP/1.1" 204 0
15:12:07 [DEBUG] https://dl.google.com:443 "GET /dl/android/studio/install/3.4.1.0/android-studio-ide-183.5522156-windows.exe HTTP/1.1" 200 1017327996
15:12:08 [DEBUG] Starting new HTTPS connection (1): dl.google.com:443
15:12:08 [DEBUG] https://cp.cloudflare.com:443 "GET / HTTP/1.1" 204 0
15:12:08 [DEBUG] Starting new HTTPS connection (1): www.gstatic.com:443
15:12:08 [DEBUG] https://cp.cloudflare.com:443 "GET / HTTP/1.1" 204 0
15:12:08 [DEBUG] Starting new HTTPS connection (1): www.gstatic.com:443
15:12:08 [DEBUG] https://www.google.com:443 "GET /generate_204 HTTP/1.1" 204 0
15:12:08 [DEBUG] Starting new HTTPS connection (1): cp.cloudflare.com:443
15:12:08 [DEBUG] https://dl.google.com:443 "GET /dl/android/studio/install/3.4.1.0/android-studio-ide-183.5522156-windows.exe HTTP/1.1" 200 1017327996
15:12:08 [DEBUG] https://cp.cloudflare.com:443 "GET / HTTP/1.1" 204 0
15:12:08 [DEBUG] Starting new HTTPS connection (1): www.gstatic.com:443
15:12:08 [DEBUG] https://www.gstatic.com:443 "GET /generate_204 HTTP/1.1" 204 0
15:12:08 [DEBUG] Starting new HTTPS connection (1): dl.google.com:443
15:12:08 [DEBUG] https://dl.google.com:443 "GET /dl/android/studio/install/3.4.1.0/android-studio-ide-183.5522156-windows.exe HTTP/1.1" 200 1017327996
15:12:08 [DEBUG] https://www.gstatic.com:443 "GET /generate_204 HTTP/1.1" 204 0
15:12:08 [INFO]    🎯 84.201.165.58 (Россия) - 13.6Mbps, 493ms UDP✅ Reality
15:12:08 [DEBUG] https://www.gstatic.com:443 "GET /generate_204 HTTP/1.1" 204 0
15:12:08 [DEBUG] Starting new HTTPS connection (1): www.google.com:443
15:12:08 [DEBUG] Starting new HTTPS connection (1): dl.google.com:443
15:12:08 [DEBUG] Starting new HTTPS connection (1): dl.google.com:443
15:12:09 [DEBUG] https://www.google.com:443 "GET /generate_204 HTTP/1.1" 204 0
15:12:09 [DEBUG] Starting new HTTPS connection (1): cp.cloudflare.com:443
15:12:09 [DEBUG] https://dl.google.com:443 "GET /dl/android/studio/install/3.4.1.0/android-studio-ide-183.5522156-windows.exe HTTP/1.1" 200 1017327996
15:12:09 [INFO]    🎯 89.169.128.105 (Россия) - 5.9Mbps, 435ms UDP✅ Reality
15:12:09 [DEBUG] https://dl.google.com:443 "GET /dl/android/studio/install/3.4.1.0/android-studio-ide-183.5522156-windows.exe HTTP/1.1" 200 1017327996
15:12:09 [INFO]    🎯 87.239.111.227 (Россия) - 8.6Mbps, 285ms UDP✅ Reality
15:12:09 [DEBUG] https://cp.cloudflare.com:443 "GET / HTTP/1.1" 204 0
15:12:09 [DEBUG] Starting new HTTPS connection (1): www.gstatic.com:443
15:12:09 [DEBUG] Starting new HTTPS connection (1): www.google.com:443
15:12:09 [DEBUG] https://cp.cloudflare.com:443 "GET / HTTP/1.1" 204 0
15:12:09 [DEBUG] Starting new HTTPS connection (1): www.gstatic.com:443
15:12:10 [DEBUG] https://www.gstatic.com:443 "GET /generate_204 HTTP/1.1" 204 0
15:12:10 [DEBUG] https://www.google.com:443 "GET /generate_204 HTTP/1.1" 204 0
15:12:10 [DEBUG] Starting new HTTPS connection (1): cp.cloudflare.com:443
15:12:10 [DEBUG] Starting new HTTPS connection (1): www.google.com:443
15:12:10 [DEBUG] https://dl.google.com:443 "GET /dl/android/studio/install/3.4.1.0/android-studio-ide-183.5522156-windows.exe HTTP/1.1" 200 1017327996
15:12:10 [DEBUG] Starting new HTTPS connection (1): www.google.com:443
15:12:10 [DEBUG] https://cp.cloudflare.com:443 "GET / HTTP/1.1" 204 0
15:12:10 [DEBUG] Starting new HTTPS connection (1): www.gstatic.com:443
15:12:10 [INFO]    🎯 178.250.243.102 (Россия) - 2.0Mbps, 1319ms UDP❌ Reality
15:12:10 [DEBUG] https://www.google.com:443 "GET /generate_204 HTTP/1.1" 204 0
15:12:10 [DEBUG] Starting new HTTPS connection (1): cp.cloudflare.com:443
15:12:10 [DEBUG] https://www.google.com:443 "GET /generate_204 HTTP/1.1" 204 0
15:12:10 [DEBUG] Starting new HTTPS connection (1): cp.cloudflare.com:443
15:12:11 [DEBUG] https://www.gstatic.com:443 "GET /generate_204 HTTP/1.1" 204 0
15:12:11 [DEBUG] https://cp.cloudflare.com:443 "GET / HTTP/1.1" 204 0
15:12:11 [DEBUG] Starting new HTTPS connection (1): www.gstatic.com:443
15:12:11 [DEBUG] https://cp.cloudflare.com:443 "GET / HTTP/1.1" 204 0
15:12:11 [DEBUG] Starting new HTTPS connection (1): www.gstatic.com:443
15:12:11 [DEBUG] Starting new HTTPS connection (1): dl.google.com:443
15:12:11 [DEBUG] https://www.gstatic.com:443 "GET /generate_204 HTTP/1.1" 204 0
15:12:11 [DEBUG] Starting new HTTPS connection (1): www.google.com:443
15:12:11 [DEBUG] Starting new HTTPS connection (1): dl.google.com:443
15:12:11 [INFO]    🎯 212.233.76.67 (Россия) - 4.0Mbps, 762ms UDP❌ Reality
15:12:11 [INFO]    📊 Whitelist: 40/100 (40%) | ✅33 ❌7
15:12:11 [DEBUG] https://www.gstatic.com:443 "GET /generate_204 HTTP/1.1" 204 0
15:12:11 [DEBUG] https://dl.google.com:443 "GET /dl/android/studio/install/3.4.1.0/android-studio-ide-183.5522156-windows.exe HTTP/1.1" 200 1017327996
15:12:12 [DEBUG] https://www.google.com:443 "GET /generate_204 HTTP/1.1" 204 0
15:12:12 [DEBUG] Starting new HTTPS connection (1): cp.cloudflare.com:443
15:12:12 [DEBUG] https://dl.google.com:443 "GET /dl/android/studio/install/3.4.1.0/android-studio-ide-183.5522156-windows.exe HTTP/1.1" 200 1017327996
15:12:12 [DEBUG] https://cp.cloudflare.com:443 "GET / HTTP/1.1" 204 0
15:12:12 [DEBUG] Starting new HTTPS connection (1): www.gstatic.com:443
15:12:12 [INFO]    🎯 79.137.175.44 (Россия) - 10.5Mbps, 466ms UDP✅ Reality
15:12:12 [DEBUG] Starting new HTTPS connection (1): www.google.com:443
15:12:12 [INFO]    🎯 178.154.253.80 (Россия) - 11.3Mbps, 452ms UDP❌ Reality
15:12:12 [DEBUG] https://www.gstatic.com:443 "GET /generate_204 HTTP/1.1" 204 0
15:12:13 [DEBUG] Starting new HTTPS connection (1): dl.google.com:443
15:12:13 [DEBUG] https://www.google.com:443 "GET /generate_204 HTTP/1.1" 204 0
15:12:13 [DEBUG] Starting new HTTPS connection (1): cp.cloudflare.com:443
15:12:13 [DEBUG] Starting new HTTPS connection (1): dl.google.com:443
15:12:13 [INFO]    🎯 178.154.223.188 (Россия) - 2.8Mbps, 325ms UDP✅ Reality
15:12:13 [DEBUG] Starting new HTTPS connection (1): www.google.com:443
15:12:13 [DEBUG] https://www.gstatic.com:443 "GET /generate_204 HTTP/1.1" 204 0
15:12:13 [DEBUG] https://cp.cloudflare.com:443 "GET / HTTP/1.1" 204 0
15:12:13 [DEBUG] Starting new HTTPS connection (1): www.gstatic.com:443
15:12:13 [DEBUG] https://dl.google.com:443 "GET /dl/android/studio/install/3.4.1.0/android-studio-ide-183.5522156-windows.exe HTTP/1.1" 200 1017327996
15:12:13 [DEBUG] https://dl.google.com:443 "GET /dl/android/studio/install/3.4.1.0/android-studio-ide-183.5522156-windows.exe HTTP/1.1" 200 1017327996
15:12:13 [DEBUG] Starting new HTTPS connection (1): www.google.com:443
15:12:14 [DEBUG] https://www.gstatic.com:443 "GET /generate_204 HTTP/1.1" 204 0
15:12:14 [INFO]    🎯 37.139.33.15 (Россия) - 10.9Mbps, 454ms UDP❌ Reality
15:12:14 [DEBUG] https://www.google.com:443 "GET /generate_204 HTTP/1.1" 204 0
15:12:14 [DEBUG] Starting new HTTPS connection (1): cp.cloudflare.com:443
15:12:14 [DEBUG] Starting new HTTPS connection (1): dl.google.com:443
15:12:14 [INFO]    🎯 212.233.73.212 (Россия) - 11.5Mbps, 460ms UDP✅ Reality
15:12:14 [DEBUG] Starting new HTTPS connection (1): www.google.com:443
15:12:14 [DEBUG] Starting new HTTPS connection (1): dl.google.com:443
15:12:14 [DEBUG] https://cp.cloudflare.com:443 "GET / HTTP/1.1" 204 0
15:12:14 [DEBUG] Starting new HTTPS connection (1): www.gstatic.com:443
15:12:14 [DEBUG] Starting new HTTPS connection (1): dl.google.com:443
15:12:14 [DEBUG] https://dl.google.com:443 "GET /dl/android/studio/install/3.4.1.0/android-studio-ide-183.5522156-windows.exe HTTP/1.1" 200 1017327996
15:12:14 [DEBUG] https://www.google.com:443 "GET /generate_204 HTTP/1.1" 204 0
15:12:14 [DEBUG] Starting new HTTPS connection (1): cp.cloudflare.com:443
15:12:15 [DEBUG] https://dl.google.com:443 "GET /dl/android/studio/install/3.4.1.0/android-studio-ide-183.5522156-windows.exe HTTP/1.1" 200 1017327996
15:12:15 [DEBUG] https://www.gstatic.com:443 "GET /generate_204 HTTP/1.1" 204 0
15:12:15 [DEBUG] Starting new HTTPS connection (1): www.google.com:443
15:12:15 [DEBUG] https://dl.google.com:443 "GET /dl/android/studio/install/3.4.1.0/android-studio-ide-183.5522156-windows.exe HTTP/1.1" 200 1017327996
15:12:15 [INFO]    🎯 178.154.230.75 (Россия) - 16.1Mbps, 395ms UDP❌ Reality
15:12:15 [DEBUG] https://cp.cloudflare.com:443 "GET / HTTP/1.1" 204 0
15:12:15 [DEBUG] Starting new HTTPS connection (1): www.gstatic.com:443
15:12:15 [DEBUG] Starting new HTTPS connection (1): www.google.com:443
15:12:15 [DEBUG] Starting new HTTPS connection (1): dl.google.com:443
15:12:15 [INFO]    🎯 89.169.128.105 (Россия) - 11.4Mbps, 435ms UDP✅ Reality
15:12:15 [DEBUG] https://www.google.com:443 "GET /generate_204 HTTP/1.1" 204 0
15:12:15 [DEBUG] Starting new HTTPS connection (1): cp.cloudflare.com:443
15:12:15 [DEBUG] https://www.google.com:443 "GET /generate_204 HTTP/1.1" 204 0
15:12:15 [DEBUG] Starting new HTTPS connection (1): cp.cloudflare.com:443
15:12:15 [DEBUG] https://www.gstatic.com:443 "GET /generate_204 HTTP/1.1" 204 0
15:12:15 [INFO]    🎯 158.160.221.132 (Россия) - 12.7Mbps, 448ms UDP❌ Reality
15:12:16 [DEBUG] https://dl.google.com:443 "GET /dl/android/studio/install/3.4.1.0/android-studio-ide-183.5522156-windows.exe HTTP/1.1" 200 1017327996
15:12:16 [DEBUG] https://cp.cloudflare.com:443 "GET / HTTP/1.1" 204 0
15:12:16 [DEBUG] Starting new HTTPS connection (1): www.gstatic.com:443
15:12:16 [DEBUG] Starting new HTTPS connection (1): www.google.com:443
15:12:16 [DEBUG] Starting new HTTPS connection (1): www.google.com:443
15:12:16 [DEBUG] https://www.gstatic.com:443 "GET /generate_204 HTTP/1.1" 204 0
15:12:16 [DEBUG] Starting new HTTPS connection (1): dl.google.com:443
15:12:16 [DEBUG] Starting new HTTPS connection (1): www.google.com:443
15:12:16 [DEBUG] https://www.google.com:443 "GET /generate_204 HTTP/1.1" 204 0
15:12:16 [DEBUG] Starting new HTTPS connection (1): cp.cloudflare.com:443
15:12:17 [DEBUG] https://www.google.com:443 "GET /generate_204 HTTP/1.1" 204 0
15:12:17 [DEBUG] Starting new HTTPS connection (1): cp.cloudflare.com:443
15:12:17 [DEBUG] https://www.google.com:443 "GET /generate_204 HTTP/1.1" 204 0
15:12:17 [DEBUG] Starting new HTTPS connection (1): cp.cloudflare.com:443
15:12:17 [INFO]    🎯 84.23.52.70 (Россия) - 6.6Mbps, 463ms UDP✅ Reality
15:12:17 [DEBUG] https://cp.cloudflare.com:443 "GET / HTTP/1.1" 204 0
15:12:17 [DEBUG] Starting new HTTPS connection (1): www.gstatic.com:443
15:12:17 [DEBUG] https://cp.cloudflare.com:443 "GET / HTTP/1.1" 204 0
15:12:17 [DEBUG] Starting new HTTPS connection (1): www.gstatic.com:443
15:12:17 [DEBUG] Starting new HTTPS connection (1): cp.cloudflare.com:443
15:12:17 [DEBUG] https://cp.cloudflare.com:443 "GET / HTTP/1.1" 204 0
15:12:17 [DEBUG] Starting new HTTPS connection (1): www.gstatic.com:443
15:12:17 [DEBUG] https://www.gstatic.com:443 "GET /generate_204 HTTP/1.1" 204 0
15:12:18 [DEBUG] https://www.gstatic.com:443 "GET /generate_204 HTTP/1.1" 204 0
15:12:18 [DEBUG] https://www.gstatic.com:443 "GET /generate_204 HTTP/1.1" 204 0
15:12:18 [DEBUG] Starting new HTTPS connection (1): www.google.com:443
15:12:18 [DEBUG] Starting new HTTPS connection (1): dl.google.com:443
15:12:18 [DEBUG] Starting new HTTPS connection (1): dl.google.com:443
15:12:18 [DEBUG] Starting new HTTPS connection (1): dl.google.com:443
15:12:18 [DEBUG] https://www.google.com:443 "GET /generate_204 HTTP/1.1" 204 0
15:12:18 [DEBUG] Starting new HTTPS connection (1): cp.cloudflare.com:443
15:12:19 [DEBUG] https://dl.google.com:443 "GET /dl/android/studio/install/3.4.1.0/android-studio-ide-183.5522156-windows.exe HTTP/1.1" 200 1017327996
15:12:19 [DEBUG] https://cp.cloudflare.com:443 "GET / HTTP/1.1" 204 0
15:12:19 [DEBUG] Starting new HTTPS connection (1): www.gstatic.com:443
15:12:19 [DEBUG] Starting new HTTPS connection (1): www.gstatic.com:443
15:12:19 [DEBUG] Starting new HTTPS connection (1): dl.google.com:443
15:12:19 [DEBUG] https://www.gstatic.com:443 "GET /generate_204 HTTP/1.1" 204 0
15:12:19 [DEBUG] Starting new HTTPS connection (1): dl.google.com:443
15:12:19 [DEBUG] https://dl.google.com:443 "GET /dl/android/studio/install/3.4.1.0/android-studio-ide-183.5522156-windows.exe HTTP/1.1" 200 1017327996
15:12:19 [DEBUG] https://dl.google.com:443 "GET /dl/android/studio/install/3.4.1.0/android-studio-ide-183.5522156-windows.exe HTTP/1.1" 200 1017327996
15:12:19 [INFO]    🎯 193.233.21.138 (Россия) - 45.7Mbps, 100ms UDP✅ 
15:12:19 [INFO]    📊 Whitelist: 50/100 (50%) | ✅43 ❌7
15:12:20 [INFO]    🎯 146.185.240.23 (Россия) - 8.6Mbps, 611ms UDP✅ Reality
15:12:20 [DEBUG] https://www.gstatic.com:443 "GET /generate_204 HTTP/1.1" 204 0
15:12:20 [DEBUG] https://dl.google.com:443 "GET /dl/android/studio/install/3.4.1.0/android-studio-ide-183.5522156-windows.exe HTTP/1.1" 200 1017327996
15:12:20 [DEBUG] https://dl.google.com:443 "GET /dl/android/studio/install/3.4.1.0/android-studio-ide-183.5522156-windows.exe HTTP/1.1" 200 1017327996
15:12:20 [DEBUG] https://dl.google.com:443 "GET /dl/android/studio/install/3.4.1.0/android-studio-ide-183.5522156-windows.exe HTTP/1.1" 200 1017327996
15:12:20 [DEBUG] Starting new HTTPS connection (1): dl.google.com:443
15:12:20 [INFO]    🎯 158.160.223.36 (Россия) - 7.0Mbps, 475ms UDP✅ Reality
15:12:20 [INFO]    🎯 109.120.188.14 (Россия) - 3.2Mbps, 3786ms UDP❌ Reality
15:12:20 [INFO]    🎯 176.109.109.58 (Россия) - 1.1Mbps, 472ms UDP✅ Reality
15:12:20 [DEBUG] Starting new HTTPS connection (1): dl.google.com:443
15:12:20 [INFO]    🎯 37.139.34.145 (Россия) - 5.9Mbps, 435ms UDP❌ Reality
15:12:20 [DEBUG] Starting new HTTPS connection (1): www.google.com:443
15:12:21 [DEBUG] Starting new HTTPS connection (1): www.google.com:443
15:12:21 [DEBUG] https://dl.google.com:443 "GET /dl/android/studio/install/3.4.1.0/android-studio-ide-183.5522156-windows.exe HTTP/1.1" 200 1017327996
15:12:21 [DEBUG] https://dl.google.com:443 "GET /dl/android/studio/install/3.4.1.0/android-studio-ide-183.5522156-windows.exe HTTP/1.1" 200 1017327996
15:12:21 [DEBUG] Starting new HTTPS connection (1): www.google.com:443
15:12:21 [DEBUG] Starting new HTTPS connection (1): www.google.com:443
15:12:21 [DEBUG] Starting new HTTPS connection (1): www.gstatic.com:443
15:12:21 [INFO]    🎯 212.233.73.212 (Россия) - 6.2Mbps, 453ms UDP❌ Reality
15:12:21 [INFO]    🎯 51.250.65.209 (Россия) - 0.3Mbps, 430ms UDP✅ Reality
15:12:21 [DEBUG] Starting new HTTPS connection (1): www.google.com:443
15:12:21 [DEBUG] Starting new HTTPS connection (1): cp.cloudflare.com:443
15:12:21 [INFO]    🎯 90.156.150.134 (Россия) - 9.1Mbps, 548ms UDP✅ Reality
15:12:21 [DEBUG] https://www.google.com:443 "GET /generate_204 HTTP/1.1" 204 0
15:12:21 [DEBUG] Starting new HTTPS connection (1): cp.cloudflare.com:443
15:12:21 [DEBUG] Starting new HTTPS connection (1): cp.cloudflare.com:443
15:12:21 [DEBUG] Starting new HTTPS connection (1): www.gstatic.com:443
15:12:21 [DEBUG] Starting new HTTPS connection (1): www.google.com:443
15:12:22 [DEBUG] Starting new HTTPS connection (1): www.gstatic.com:443
15:12:22 [INFO]    🎯 176.123.164.110 (Россия) - 10.7Mbps, 467ms UDP❌ Reality
15:12:22 [INFO]    📊 Whitelist: 60/100 (60%) | ✅52 ❌8
15:12:22 [DEBUG] https://cp.cloudflare.com:443 "GET / HTTP/1.1" 204 0
15:12:22 [DEBUG] Starting new HTTPS connection (1): www.gstatic.com:443
15:12:22 [DEBUG] https://www.google.com:443 "GET /generate_204 HTTP/1.1" 204 0
15:12:22 [DEBUG] Starting new HTTPS connection (1): cp.cloudflare.com:443
15:12:22 [DEBUG] https://cp.cloudflare.com:443 "GET / HTTP/1.1" 204 0
15:12:22 [DEBUG] Starting new HTTPS connection (1): www.gstatic.com:443
15:12:22 [DEBUG] https://www.gstatic.com:443 "GET /generate_204 HTTP/1.1" 204 0
15:12:22 [DEBUG] Starting new HTTPS connection (1): www.google.com:443
15:12:22 [DEBUG] Starting new HTTPS connection (1): www.google.com:443
15:12:22 [DEBUG] Starting new HTTPS connection (1): www.google.com:443
15:12:22 [DEBUG] Starting new HTTPS connection (1): dl.google.com:443
15:12:23 [DEBUG] https://www.gstatic.com:443 "GET /generate_204 HTTP/1.1" 204 0
15:12:23 [DEBUG] Starting new HTTPS connection (1): www.google.com:443
15:12:23 [DEBUG] https://www.google.com:443 "GET /generate_204 HTTP/1.1" 204 0
15:12:23 [DEBUG] Starting new HTTPS connection (1): cp.cloudflare.com:443
15:12:23 [DEBUG] Starting new HTTPS connection (1): dl.google.com:443
15:12:23 [DEBUG] Starting new HTTPS connection (1): www.google.com:443
15:12:23 [DEBUG] https://www.google.com:443 "GET /generate_204 HTTP/1.1" 204 0
15:12:23 [DEBUG] Starting new HTTPS connection (1): cp.cloudflare.com:443
15:12:23 [DEBUG] Starting new HTTPS connection (1): www.google.com:443
15:12:23 [DEBUG] https://www.google.com:443 "GET /generate_204 HTTP/1.1" 204 0
15:12:23 [DEBUG] Starting new HTTPS connection (1): cp.cloudflare.com:443
15:12:23 [DEBUG] https://dl.google.com:443 "GET /dl/android/studio/install/3.4.1.0/android-studio-ide-183.5522156-windows.exe HTTP/1.1" 200 1017327996
15:12:23 [DEBUG] https://dl.google.com:443 "GET /dl/android/studio/install/3.4.1.0/android-studio-ide-183.5522156-windows.exe HTTP/1.1" 200 1017327996
15:12:23 [DEBUG] https://www.google.com:443 "GET /generate_204 HTTP/1.1" 204 0
15:12:23 [DEBUG] Starting new HTTPS connection (1): cp.cloudflare.com:443
15:12:23 [DEBUG] https://www.google.com:443 "GET /generate_204 HTTP/1.1" 204 0
15:12:23 [DEBUG] Starting new HTTPS connection (1): cp.cloudflare.com:443
15:12:23 [DEBUG] https://cp.cloudflare.com:443 "GET / HTTP/1.1" 204 0
15:12:23 [DEBUG] Starting new HTTPS connection (1): www.gstatic.com:443
15:12:23 [DEBUG] https://cp.cloudflare.com:443 "GET / HTTP/1.1" 204 0
15:12:23 [DEBUG] Starting new HTTPS connection (1): www.gstatic.com:443
15:12:23 [DEBUG] https://www.google.com:443 "GET /generate_204 HTTP/1.1" 204 0
15:12:23 [DEBUG] Starting new HTTPS connection (1): cp.cloudflare.com:443
15:12:23 [INFO]    🎯 185.137.232.178 (Россия) - 19.6Mbps, 405ms UDP✅ Reality
15:12:23 [DEBUG] https://cp.cloudflare.com:443 "GET / HTTP/1.1" 204 0
15:12:23 [DEBUG] Starting new HTTPS connection (1): www.gstatic.com:443
15:12:23 [DEBUG] https://cp.cloudflare.com:443 "GET / HTTP/1.1" 204 0
15:12:23 [DEBUG] Starting new HTTPS connection (1): www.gstatic.com:443
15:12:24 [DEBUG] https://www.gstatic.com:443 "GET /generate_204 HTTP/1.1" 204 0
15:12:24 [DEBUG] https://cp.cloudflare.com:443 "GET / HTTP/1.1" 204 0
15:12:24 [DEBUG] Starting new HTTPS connection (1): www.gstatic.com:443
15:12:24 [DEBUG] https://www.gstatic.com:443 "GET /generate_204 HTTP/1.1" 204 0
15:12:24 [DEBUG] https://cp.cloudflare.com:443 "GET / HTTP/1.1" 204 0
15:12:24 [DEBUG] Starting new HTTPS connection (1): www.gstatic.com:443
15:12:24 [DEBUG] https://www.gstatic.com:443 "GET /generate_204 HTTP/1.1" 204 0
15:12:24 [INFO]    🎯 217.16.26.35 (Россия) - 11.8Mbps, 668ms UDP✅ 
15:12:24 [DEBUG] Starting new HTTPS connection (1): dl.google.com:443
15:12:24 [DEBUG] Starting new HTTPS connection (1): dl.google.com:443
15:12:24 [DEBUG] https://www.gstatic.com:443 "GET /generate_204 HTTP/1.1" 204 0
15:12:24 [DEBUG] https://www.gstatic.com:443 "GET /generate_204 HTTP/1.1" 204 0
15:12:24 [DEBUG] Starting new HTTPS connection (1): dl.google.com:443
15:12:24 [DEBUG] https://www.gstatic.com:443 "GET /generate_204 HTTP/1.1" 204 0
15:12:24 [DEBUG] Starting new HTTPS connection (1): www.google.com:443
15:12:24 [DEBUG] Starting new HTTPS connection (1): dl.google.com:443
15:12:24 [DEBUG] Starting new HTTPS connection (1): dl.google.com:443
15:12:24 [DEBUG] https://dl.google.com:443 "GET /dl/android/studio/install/3.4.1.0/android-studio-ide-183.5522156-windows.exe HTTP/1.1" 200 1017327996
15:12:24 [DEBUG] https://dl.google.com:443 "GET /dl/android/studio/install/3.4.1.0/android-studio-ide-183.5522156-windows.exe HTTP/1.1" 200 1017327996
15:12:24 [DEBUG] Starting new HTTPS connection (1): dl.google.com:443
15:12:24 [DEBUG] https://dl.google.com:443 "GET /dl/android/studio/install/3.4.1.0/android-studio-ide-183.5522156-windows.exe HTTP/1.1" 200 1017327996
15:12:24 [DEBUG] Starting new HTTPS connection (1): cp.cloudflare.com:443
15:12:25 [INFO]    🎯 185.234.59.59 (Россия) - 16.2Mbps, 432ms UDP✅ Reality
15:12:25 [INFO]    🎯 185.234.59.171 (Россия) - 16.3Mbps, 440ms UDP✅ Reality
15:12:25 [DEBUG] https://www.google.com:443 "GET /generate_204 HTTP/1.1" 204 0
15:12:25 [DEBUG] Starting new HTTPS connection (1): cp.cloudflare.com:443
15:12:25 [DEBUG] https://dl.google.com:443 "GET /dl/android/studio/install/3.4.1.0/android-studio-ide-183.5522156-windows.exe HTTP/1.1" 200 1017327996
15:12:25 [DEBUG] https://dl.google.com:443 "GET /dl/android/studio/install/3.4.1.0/android-studio-ide-183.5522156-windows.exe HTTP/1.1" 200 1017327996
15:12:25 [INFO]    🎯 185.234.59.172 (Россия) - 16.9Mbps, 435ms UDP✅ Reality
15:12:25 [DEBUG] https://dl.google.com:443 "GET /dl/android/studio/install/3.4.1.0/android-studio-ide-183.5522156-windows.exe HTTP/1.1" 200 1017327996
15:12:25 [DEBUG] Starting new HTTPS connection (1): www.google.com:443
15:12:25 [INFO]    🎯 185.234.59.176 (Россия) - 16.7Mbps, 429ms UDP✅ Reality
15:12:25 [INFO]    🎯 185.234.59.174 (Россия) - 16.4Mbps, 425ms UDP✅ Reality
15:12:25 [DEBUG] https://cp.cloudflare.com:443 "GET / HTTP/1.1" 204 0
15:12:25 [DEBUG] Starting new HTTPS connection (1): www.gstatic.com:443
15:12:25 [INFO]    🎯 185.234.59.177 (Россия) - 16.6Mbps, 422ms UDP✅ Reality
15:12:25 [INFO]    📊 Whitelist: 70/100 (70%) | ✅60 ❌10
15:12:25 [DEBUG] https://www.google.com:443 "GET /generate_204 HTTP/1.1" 204 0
15:12:25 [DEBUG] Starting new HTTPS connection (1): cp.cloudflare.com:443
15:12:25 [DEBUG] Starting new HTTPS connection (1): cp.cloudflare.com:443
15:12:26 [DEBUG] https://www.gstatic.com:443 "GET /generate_204 HTTP/1.1" 204 0
15:12:26 [DEBUG] Starting new HTTPS connection (1): www.google.com:443
15:12:26 [DEBUG] Starting new HTTPS connection (1): www.google.com:443
15:12:26 [DEBUG] https://cp.cloudflare.com:443 "GET / HTTP/1.1" 204 0
15:12:26 [DEBUG] Starting new HTTPS connection (1): www.gstatic.com:443
15:12:26 [DEBUG] Starting new HTTPS connection (1): www.google.com:443
15:12:26 [DEBUG] Starting new HTTPS connection (1): dl.google.com:443
15:12:26 [DEBUG] Starting new HTTPS connection (1): www.google.com:443
15:12:26 [DEBUG] https://cp.cloudflare.com:443 "GET / HTTP/1.1" 204 0
15:12:26 [DEBUG] Starting new HTTPS connection (1): www.gstatic.com:443
15:12:26 [DEBUG] Starting new HTTPS connection (1): www.google.com:443
15:12:26 [DEBUG] https://www.gstatic.com:443 "GET /generate_204 HTTP/1.1" 204 0
15:12:26 [DEBUG] Starting new HTTPS connection (1): www.google.com:443
15:12:26 [DEBUG] https://www.google.com:443 "GET /generate_204 HTTP/1.1" 204 0
15:12:26 [DEBUG] Starting new HTTPS connection (1): cp.cloudflare.com:443
15:12:26 [DEBUG] Starting new HTTPS connection (1): cp.cloudflare.com:443
15:12:26 [DEBUG] Starting new HTTPS connection (1): www.google.com:443
15:12:26 [DEBUG] https://dl.google.com:443 "GET /dl/android/studio/install/3.4.1.0/android-studio-ide-183.5522156-windows.exe HTTP/1.1" 200 1017327996
15:12:26 [DEBUG] Starting new HTTPS connection (1): cp.cloudflare.com:443
15:12:26 [DEBUG] https://www.google.com:443 "GET /generate_204 HTTP/1.1" 204 0
15:12:26 [DEBUG] Starting new HTTPS connection (1): cp.cloudflare.com:443
15:12:26 [DEBUG] Starting new HTTPS connection (1): www.gstatic.com:443
15:12:26 [DEBUG] Starting new HTTPS connection (1): dl.google.com:443
15:12:26 [DEBUG] Starting new HTTPS connection (1): www.gstatic.com:443
15:12:26 [DEBUG] https://www.gstatic.com:443 "GET /generate_204 HTTP/1.1" 204 0
15:12:26 [DEBUG] https://www.google.com:443 "GET /generate_204 HTTP/1.1" 204 0
15:12:26 [DEBUG] Starting new HTTPS connection (1): cp.cloudflare.com:443
15:12:26 [DEBUG] https://www.google.com:443 "GET /generate_204 HTTP/1.1" 204 0
15:12:26 [DEBUG] Starting new HTTPS connection (1): cp.cloudflare.com:443
15:12:27 [DEBUG] https://cp.cloudflare.com:443 "GET / HTTP/1.1" 204 0
15:12:27 [DEBUG] Starting new HTTPS connection (1): www.gstatic.com:443
15:12:27 [INFO]    🎯 185.234.59.175 (Россия) - 16.5Mbps, 452ms UDP✅ Reality
15:12:27 [DEBUG] Starting new HTTPS connection (1): dl.google.com:443
15:12:27 [DEBUG] https://cp.cloudflare.com:443 "GET / HTTP/1.1" 204 0
15:12:27 [DEBUG] Starting new HTTPS connection (1): www.gstatic.com:443
15:12:27 [DEBUG] https://www.google.com:443 "GET /generate_204 HTTP/1.1" 204 0
15:12:27 [DEBUG] Starting new HTTPS connection (1): cp.cloudflare.com:443
15:12:27 [DEBUG] https://dl.google.com:443 "GET /dl/android/studio/install/3.4.1.0/android-studio-ide-183.5522156-windows.exe HTTP/1.1" 200 1017327996
15:12:27 [DEBUG] https://cp.cloudflare.com:443 "GET / HTTP/1.1" 204 0
15:12:27 [DEBUG] https://cp.cloudflare.com:443 "GET / HTTP/1.1" 204 0
15:12:27 [DEBUG] Starting new HTTPS connection (1): www.gstatic.com:443
15:12:27 [DEBUG] Starting new HTTPS connection (1): www.gstatic.com:443
15:12:27 [DEBUG] https://www.gstatic.com:443 "GET /generate_204 HTTP/1.1" 204 0
15:12:27 [DEBUG] https://dl.google.com:443 "GET /dl/android/studio/install/3.4.1.0/android-studio-ide-183.5522156-windows.exe HTTP/1.1" 200 1017327996
15:12:27 [INFO]    🎯 185.234.59.55 (Россия) - 16.1Mbps, 441ms UDP✅ Reality
15:12:27 [DEBUG] https://www.gstatic.com:443 "GET /generate_204 HTTP/1.1" 204 0
15:12:27 [DEBUG] Starting new HTTPS connection (1): dl.google.com:443
15:12:27 [DEBUG] https://cp.cloudflare.com:443 "GET / HTTP/1.1" 204 0
15:12:27 [DEBUG] Starting new HTTPS connection (1): www.gstatic.com:443
15:12:27 [DEBUG] https://www.gstatic.com:443 "GET /generate_204 HTTP/1.1" 204 0
15:12:27 [DEBUG] https://www.gstatic.com:443 "GET /generate_204 HTTP/1.1" 204 0
15:12:27 [DEBUG] Starting new HTTPS connection (1): www.google.com:443
15:12:27 [DEBUG] Starting new HTTPS connection (1): dl.google.com:443
15:12:27 [DEBUG] Starting new HTTPS connection (1): www.google.com:443
15:12:28 [DEBUG] Starting new HTTPS connection (1): www.google.com:443
15:12:28 [DEBUG] Starting new HTTPS connection (1): dl.google.com:443
15:12:28 [DEBUG] Starting new HTTPS connection (1): dl.google.com:443
15:12:28 [DEBUG] https://dl.google.com:443 "GET /dl/android/studio/install/3.4.1.0/android-studio-ide-183.5522156-windows.exe HTTP/1.1" 200 1017327996
15:12:28 [DEBUG] https://dl.google.com:443 "GET /dl/android/studio/install/3.4.1.0/android-studio-ide-183.5522156-windows.exe HTTP/1.1" 200 1017327996
15:12:28 [DEBUG] https://www.gstatic.com:443 "GET /generate_204 HTTP/1.1" 204 0
15:12:28 [INFO]    🎯 185.234.59.58 (Россия) - 18.3Mbps, 462ms UDP✅ Reality
15:12:28 [DEBUG] https://dl.google.com:443 "GET /dl/android/studio/install/3.4.1.0/android-studio-ide-183.5522156-windows.exe HTTP/1.1" 200 1017327996
15:12:28 [DEBUG] https://dl.google.com:443 "GET /dl/android/studio/install/3.4.1.0/android-studio-ide-183.5522156-windows.exe HTTP/1.1" 200 1017327996
15:12:28 [INFO]    🎯 176.109.109.58 (Россия) - 0.6Mbps, 432ms UDP✅ Reality
15:12:28 [DEBUG] Starting new HTTPS connection (1): www.google.com:443
15:12:28 [INFO]    🎯 185.234.59.51 (Россия) - 16.3Mbps, 489ms UDP✅ Reality
15:12:28 [INFO]    🎯 185.234.59.178 (Россия) - 18.8Mbps, 461ms UDP✅ Reality
15:12:28 [DEBUG] Starting new HTTPS connection (1): dl.google.com:443
15:12:28 [INFO]    🎯 185.234.59.94 (Россия) - 17.4Mbps, 576ms UDP✅ Reality
15:12:29 [DEBUG] Starting new HTTPS connection (1): www.gstatic.com:443
15:12:29 [DEBUG] https://www.google.com:443 "GET /generate_204 HTTP/1.1" 204 0
15:12:29 [DEBUG] Starting new HTTPS connection (1): cp.cloudflare.com:443
15:12:29 [DEBUG] https://www.gstatic.com:443 "GET /generate_204 HTTP/1.1" 204 0
15:12:29 [INFO]    📊 Whitelist: 80/100 (80%) | ✅67 ❌13
15:12:29 [DEBUG] https://cp.cloudflare.com:443 "GET / HTTP/1.1" 204 0
15:12:29 [DEBUG] Starting new HTTPS connection (1): www.gstatic.com:443
15:12:29 [DEBUG] Starting new HTTPS connection (1): www.google.com:443
15:12:29 [DEBUG] https://www.google.com:443 "GET /generate_204 HTTP/1.1" 204 0
15:12:29 [DEBUG] Starting new HTTPS connection (1): cp.cloudflare.com:443
15:12:29 [DEBUG] https://dl.google.com:443 "GET /dl/android/studio/install/3.4.1.0/android-studio-ide-183.5522156-windows.exe HTTP/1.1" 200 1017327996
15:12:29 [DEBUG] Starting new HTTPS connection (1): www.google.com:443
15:12:29 [DEBUG] Starting new HTTPS connection (1): www.google.com:443
15:12:29 [DEBUG] Starting new HTTPS connection (1): www.google.com:443
15:12:29 [DEBUG] https://www.gstatic.com:443 "GET /generate_204 HTTP/1.1" 204 0
15:12:29 [DEBUG] Starting new HTTPS connection (1): www.google.com:443
15:12:29 [DEBUG] https://cp.cloudflare.com:443 "GET / HTTP/1.1" 204 0
15:12:29 [DEBUG] Starting new HTTPS connection (1): www.gstatic.com:443
15:12:30 [DEBUG] https://www.google.com:443 "GET /generate_204 HTTP/1.1" 204 0
15:12:30 [DEBUG] Starting new HTTPS connection (1): cp.cloudflare.com:443
15:12:30 [DEBUG] Starting new HTTPS connection (1): dl.google.com:443
15:12:30 [DEBUG] https://www.google.com:443 "GET /generate_204 HTTP/1.1" 204 0
15:12:30 [DEBUG] Starting new HTTPS connection (1): cp.cloudflare.com:443
15:12:30 [DEBUG] https://www.google.com:443 "GET /generate_204 HTTP/1.1" 204 0
15:12:30 [DEBUG] Starting new HTTPS connection (1): cp.cloudflare.com:443
15:12:30 [INFO]    🎯 146.185.240.23 (Россия) - 8.9Mbps, 591ms UDP✅ Reality
15:12:30 [DEBUG] Starting new HTTPS connection (1): www.google.com:443
15:12:30 [DEBUG] https://dl.google.com:443 "GET /dl/android/studio/install/3.4.1.0/android-studio-ide-183.5522156-windows.exe HTTP/1.1" 200 1017327996
15:12:30 [DEBUG] https://www.google.com:443 "GET /generate_204 HTTP/1.1" 204 0
15:12:30 [DEBUG] Starting new HTTPS connection (1): cp.cloudflare.com:443
15:12:30 [DEBUG] https://cp.cloudflare.com:443 "GET / HTTP/1.1" 204 0
15:12:30 [DEBUG] Starting new HTTPS connection (1): www.gstatic.com:443
15:12:30 [DEBUG] https://cp.cloudflare.com:443 "GET / HTTP/1.1" 204 0
15:12:30 [DEBUG] Starting new HTTPS connection (1): www.gstatic.com:443
15:12:30 [DEBUG] https://www.google.com:443 "GET /generate_204 HTTP/1.1" 204 0
15:12:30 [DEBUG] Starting new HTTPS connection (1): cp.cloudflare.com:443
15:12:30 [INFO]    🎯 91.142.72.101 (Россия) - 18.0Mbps, 384ms UDP✅ Reality
15:12:31 [DEBUG] https://www.google.com:443 "GET /generate_204 HTTP/1.1" 204 0
15:12:31 [DEBUG] Starting new HTTPS connection (1): cp.cloudflare.com:443
15:12:31 [DEBUG] https://cp.cloudflare.com:443 "GET / HTTP/1.1" 204 0
15:12:31 [DEBUG] Starting new HTTPS connection (1): www.gstatic.com:443
15:12:31 [DEBUG] https://www.gstatic.com:443 "GET /generate_204 HTTP/1.1" 204 0
15:12:31 [DEBUG] Starting new HTTPS connection (1): www.google.com:443
15:12:31 [DEBUG] https://www.gstatic.com:443 "GET /generate_204 HTTP/1.1" 204 0
15:12:31 [DEBUG] https://cp.cloudflare.com:443 "GET / HTTP/1.1" 204 0
15:12:31 [DEBUG] Starting new HTTPS connection (1): www.gstatic.com:443
15:12:31 [DEBUG] Starting new HTTPS connection (1): dl.google.com:443
15:12:31 [DEBUG] Starting new HTTPS connection (1): dl.google.com:443
15:12:31 [INFO]    🎯 217.114.15.157 (Россия) - 2.8Mbps, 451ms UDP✅ Reality
15:12:31 [DEBUG] https://www.gstatic.com:443 "GET /generate_204 HTTP/1.1" 204 0
15:12:31 [DEBUG] Starting new HTTPS connection (1): www.google.com:443
15:12:31 [DEBUG] https://www.google.com:443 "GET /generate_204 HTTP/1.1" 204 0
15:12:31 [DEBUG] Starting new HTTPS connection (1): cp.cloudflare.com:443
15:12:31 [DEBUG] https://cp.cloudflare.com:443 "GET / HTTP/1.1" 204 0
15:12:31 [DEBUG] Starting new HTTPS connection (1): www.gstatic.com:443
15:12:31 [DEBUG] Starting new HTTPS connection (1): cp.cloudflare.com:443
15:12:32 [DEBUG] Starting new HTTPS connection (1): cp.cloudflare.com:443
15:12:32 [DEBUG] Starting new HTTPS connection (1): dl.google.com:443
15:12:32 [DEBUG] https://www.gstatic.com:443 "GET /generate_204 HTTP/1.1" 204 0
15:12:32 [DEBUG] https://dl.google.com:443 "GET /dl/android/studio/install/3.4.1.0/android-studio-ide-183.5522156-windows.exe HTTP/1.1" 200 1017327996
15:12:32 [DEBUG] https://cp.cloudflare.com:443 "GET / HTTP/1.1" 204 0
15:12:32 [DEBUG] Starting new HTTPS connection (1): www.gstatic.com:443
15:12:32 [DEBUG] https://dl.google.com:443 "GET /dl/android/studio/install/3.4.1.0/android-studio-ide-183.5522156-windows.exe HTTP/1.1" 200 1017327996
15:12:32 [DEBUG] Starting new HTTPS connection (1): dl.google.com:443
15:12:32 [DEBUG] https://www.gstatic.com:443 "GET /generate_204 HTTP/1.1" 204 0
15:12:32 [DEBUG] Starting new HTTPS connection (1): www.google.com:443
15:12:32 [DEBUG] https://dl.google.com:443 "GET /dl/android/studio/install/3.4.1.0/android-studio-ide-183.5522156-windows.exe HTTP/1.1" 200 1017327996
15:12:32 [DEBUG] Starting new HTTPS connection (1): dl.google.com:443
15:12:33 [INFO]    🎯 89.169.162.214 (Россия) - 9.2Mbps, 570ms UDP✅ Reality
15:12:33 [INFO]    🎯 89.169.162.214 (Россия) - 9.2Mbps, 573ms UDP✅ Reality
15:12:33 [DEBUG] https://dl.google.com:443 "GET /dl/android/studio/install/3.4.1.0/android-studio-ide-183.5522156-windows.exe HTTP/1.1" 200 1017327996
15:12:33 [DEBUG] https://www.google.com:443 "GET /generate_204 HTTP/1.1" 204 0
15:12:33 [DEBUG] Starting new HTTPS connection (1): cp.cloudflare.com:443
15:12:33 [INFO]    🎯 84.252.136.245 (Россия) - 8.5Mbps, 624ms UDP✅ Reality
15:12:33 [DEBUG] https://www.gstatic.com:443 "GET /generate_204 HTTP/1.1" 204 0
15:12:34 [DEBUG] Starting new HTTPS connection (1): www.google.com:443
15:12:34 [INFO]    🎯 84.252.136.245 (Россия) - 9.0Mbps, 624ms UDP✅ Reality
15:12:34 [DEBUG] https://dl.google.com:443 "GET /dl/android/studio/install/3.4.1.0/android-studio-ide-183.5522156-windows.exe HTTP/1.1" 200 1017327996
15:12:34 [DEBUG] Starting new HTTPS connection (1): www.google.com:443
15:12:34 [DEBUG] Starting new HTTPS connection (1): www.gstatic.com:443
15:12:34 [DEBUG] https://cp.cloudflare.com:443 "GET / HTTP/1.1" 204 0
15:12:34 [DEBUG] Starting new HTTPS connection (1): www.gstatic.com:443
15:12:34 [DEBUG] https://www.google.com:443 "GET /generate_204 HTTP/1.1" 204 0
15:12:34 [DEBUG] Starting new HTTPS connection (1): cp.cloudflare.com:443
15:12:34 [INFO]    🎯 194.55.235.208 (Россия) - 8.8Mbps, 483ms UDP✅ Reality
15:12:34 [DEBUG] https://www.gstatic.com:443 "GET /generate_204 HTTP/1.1" 204 0
15:12:34 [DEBUG] Starting new HTTPS connection (1): dl.google.com:443
15:12:34 [DEBUG] https://www.gstatic.com:443 "GET /generate_204 HTTP/1.1" 204 0
15:12:34 [DEBUG] Starting new HTTPS connection (1): dl.google.com:443
15:12:34 [DEBUG] Starting new HTTPS connection (1): www.google.com:443
15:12:34 [DEBUG] https://cp.cloudflare.com:443 "GET / HTTP/1.1" 204 0
15:12:34 [DEBUG] Starting new HTTPS connection (1): www.gstatic.com:443
15:12:34 [DEBUG] https://www.google.com:443 "GET /generate_204 HTTP/1.1" 204 0
15:12:34 [DEBUG] Starting new HTTPS connection (1): cp.cloudflare.com:443
15:12:34 [DEBUG] https://dl.google.com:443 "GET /dl/android/studio/install/3.4.1.0/android-studio-ide-183.5522156-windows.exe HTTP/1.1" 200 1017327996
15:12:34 [DEBUG] Starting new HTTPS connection (1): dl.google.com:443
15:12:35 [DEBUG] Starting new HTTPS connection (1): www.google.com:443
15:12:35 [INFO]    🎯 212.113.123.230 (Россия) - 18.9Mbps, 350ms UDP✅ Reality
15:12:35 [DEBUG] Starting new HTTPS connection (1): www.google.com:443
15:12:35 [DEBUG] https://www.google.com:443 "GET /generate_204 HTTP/1.1" 204 0
15:12:35 [DEBUG] Starting new HTTPS connection (1): cp.cloudflare.com:443
15:12:35 [DEBUG] https://dl.google.com:443 "GET /dl/android/studio/install/3.4.1.0/android-studio-ide-183.5522156-windows.exe HTTP/1.1" 200 1017327996
15:12:35 [DEBUG] https://www.google.com:443 "GET /generate_204 HTTP/1.1" 204 0
15:12:35 [DEBUG] Starting new HTTPS connection (1): cp.cloudflare.com:443
15:12:35 [DEBUG] https://cp.cloudflare.com:443 "GET / HTTP/1.1" 204 0
15:12:35 [DEBUG] Starting new HTTPS connection (1): www.gstatic.com:443
15:12:35 [DEBUG] https://dl.google.com:443 "GET /dl/android/studio/install/3.4.1.0/android-studio-ide-183.5522156-windows.exe HTTP/1.1" 200 1017327996
15:12:36 [DEBUG] Starting new HTTPS connection (1): www.gstatic.com:443
15:12:36 [DEBUG] https://cp.cloudflare.com:443 "GET / HTTP/1.1" 204 0
15:12:36 [DEBUG] Starting new HTTPS connection (1): www.gstatic.com:443
15:12:36 [INFO]    🎯 51.250.68.39 (Россия) - 10.7Mbps, 927ms UDP✅ Reality
15:12:36 [INFO]    📊 Whitelist: 90/100 (90%) | ✅77 ❌13
15:12:36 [DEBUG] https://www.gstatic.com:443 "GET /generate_204 HTTP/1.1" 204 0
15:12:36 [DEBUG] Starting new HTTPS connection (1): dl.google.com:443
15:12:36 [DEBUG] https://www.gstatic.com:443 "GET /generate_204 HTTP/1.1" 204 0
15:12:36 [DEBUG] https://cp.cloudflare.com:443 "GET / HTTP/1.1" 204 0
15:12:36 [DEBUG] Starting new HTTPS connection (1): www.gstatic.com:443
15:12:36 [DEBUG] Starting new HTTPS connection (1): dl.google.com:443
15:12:36 [DEBUG] Starting new HTTPS connection (1): dl.google.com:443
15:12:36 [DEBUG] https://dl.google.com:443 "GET /dl/android/studio/install/3.4.1.0/android-studio-ide-183.5522156-windows.exe HTTP/1.1" 200 1017327996
15:12:37 [DEBUG] https://dl.google.com:443 "GET /dl/android/studio/install/3.4.1.0/android-studio-ide-183.5522156-windows.exe HTTP/1.1" 200 1017327996
15:12:37 [DEBUG] https://www.gstatic.com:443 "GET /generate_204 HTTP/1.1" 204 0
15:12:37 [DEBUG] https://www.gstatic.com:443 "GET /generate_204 HTTP/1.1" 204 0
15:12:38 [DEBUG] Starting new HTTPS connection (1): cp.cloudflare.com:443
15:12:38 [DEBUG] Starting new HTTPS connection (1): dl.google.com:443
15:12:38 [DEBUG] Starting new HTTPS connection (1): cp.cloudflare.com:443
15:12:38 [DEBUG] Starting new HTTPS connection (1): www.gstatic.com:443
15:12:39 [DEBUG] https://dl.google.com:443 "GET /dl/android/studio/install/3.4.1.0/android-studio-ide-183.5522156-windows.exe HTTP/1.1" 200 1017327996
15:12:39 [INFO]    🎯 217.16.26.158 (Россия) - 4.7Mbps, 904ms UDP❌ Reality
15:12:39 [DEBUG] https://cp.cloudflare.com:443 "GET / HTTP/1.1" 204 0
15:12:39 [DEBUG] Starting new HTTPS connection (1): www.gstatic.com:443
15:12:40 [DEBUG] https://www.gstatic.com:443 "GET /generate_204 HTTP/1.1" 204 0
15:12:40 [DEBUG] https://dl.google.com:443 "GET /dl/android/studio/install/3.4.1.0/android-studio-ide-183.5522156-windows.exe HTTP/1.1" 200 1017327996
15:12:40 [DEBUG] https://cp.cloudflare.com:443 "GET / HTTP/1.1" 204 0
15:12:40 [DEBUG] Starting new HTTPS connection (1): www.gstatic.com:443
15:12:40 [DEBUG] Starting new HTTPS connection (1): dl.google.com:443
15:12:41 [DEBUG] https://www.gstatic.com:443 "GET /generate_204 HTTP/1.1" 204 0
15:12:41 [INFO]    🎯 51.250.14.123 (Россия) - 4.2Mbps, 1567ms UDP✅ Reality
15:12:42 [DEBUG] Starting new HTTPS connection (1): dl.google.com:443
15:12:43 [DEBUG] https://www.gstatic.com:443 "GET /generate_204 HTTP/1.1" 204 0
15:12:43 [DEBUG] Starting new HTTPS connection (1): dl.google.com:443
15:12:43 [DEBUG] Starting new HTTPS connection (1): dl.google.com:443
15:12:44 [DEBUG] https://dl.google.com:443 "GET /dl/android/studio/install/3.4.1.0/android-studio-ide-183.5522156-windows.exe HTTP/1.1" 200 1017327996
15:12:45 [INFO]    🎯 109.120.188.154 (Россия) - 0.0Mbps, 2993ms UDP❌ Reality
15:12:48 [INFO]    🎯 37.139.33.57 (Россия) - 1.1Mbps, 397ms UDP✅ Reality
15:12:48 [INFO]    🎯 217.16.27.216 (Россия) - 0.0Mbps, 1188ms UDP❌ Reality
15:12:48 [INFO]    🎯 51.250.66.104 (Россия) - 2.3Mbps, 1308ms UDP✅ Reality
15:12:49 [INFO]    🎯 213.165.60.206 (Россия) - 0.0Mbps, 2647ms UDP✅ Reality
15:12:49 [INFO]    🎯 90.156.217.130 (Россия) - 1.0Mbps, 391ms UDP✅ Reality
15:12:50 [INFO]    🎯 213.165.60.36 (Россия) - 0.8Mbps, 1325ms UDP✅ Reality
15:12:50 [INFO]    📊 Whitelist: 100/100 (100%) | ✅86 ❌14
15:12:50 [INFO] 
✅ Прошли: 94 глобальных, 86 whitelist
15:12:50 [INFO] 
══════════════════════════════════════════════════
15:12:50 [INFO] 🏆 ЭТАП 4: ФИНАЛЬНЫЙ ОТБОР
15:12:50 [INFO] ══════════════════════════════════════════════════
15:12:50 [INFO] 
📊 Пулы: GAME=3, UNIVERSAL=94, WHITELIST=86, WARP=7
15:12:50 [INFO] 
🎮 Выбор GAME серверов...
15:12:50 [INFO]    GAME-1: 144.31.2.86 (Польша) - 159ms, 13.4Mbps
15:12:50 [INFO]    GAME-2: 45.43.79.73 (Латвия) - 297ms, 20.7Mbps
15:12:50 [INFO] 
⚡ Выбор UNIVERSAL серверов...
15:12:50 [INFO]    UNIVERSAL-1: 51.158.206.98 (Нидерланды) - 65.9Mbps
15:12:50 [INFO]    UNIVERSAL-2: 144.31.94.99 (Швейцария) - 65.0Mbps
15:12:50 [INFO]    UNIVERSAL-3: 144.31.94.36 (Британия) - 60.0Mbps
15:12:50 [INFO] 
🔄 Выбор WARP серверов...
15:12:50 [INFO]    WARP-1: 51.158.206.103 (Нидерланды) [fallback]
15:12:50 [INFO]    WARP-2: 152.53.51.199 (Австрия) [fallback]
15:12:50 [INFO] 
⚪ Выбор WHITELIST серверов...
15:12:50 [INFO]    WHITELIST-1: 193.233.21.138 - 45.7Mbps
15:12:50 [INFO]    WHITELIST-2: 51.250.83.255 - 22.0Mbps
15:12:50 [INFO] 
✅ Итого в подписке: 9 серверов
15:12:50 [INFO] 📦 Резервный пул: 30 серверов
15:12:50 [INFO] 🏆 THE FINAL 9:
15:12:50 [INFO] 💾 Подписка: FL1PVPN (9 серверов)
15:12:50 [INFO] 💾 Резерв: 30 серверов
15:12:50 [INFO] ✅ ГОТОВО за 328.4 сек
15:12:50 [INFO] 📊 2965→988→94→9 серверов
