07:30:07 [INFO] 🚀 FL1P VPN V123 - RUSSIA-PROOF EDITION
07:30:07 [INFO]    ⏰ 2026-02-07 10:30:07 MSK
07:30:07 [INFO]    🛡️ Приоритет: ТОЛЬКО Reality серверы
07:30:07 [INFO]    🎮 GAME: Reality + Tier 1-2 + пинг <150ms
07:30:07 [INFO]    ⚡ UNIVERSAL: Reality приоритет
07:30:07 [INFO] 📂 История: 6531 записей
07:30:07 [INFO] 🌍 GeoIP OK
07:30:07 [INFO] 
══════════════════════════════════════════════════
07:30:07 [INFO] 📥 ЭТАП 1: СБОР
07:30:07 [INFO] ══════════════════════════════════════════════════
07:30:07 [INFO] 📥 Сбор конфигов...
07:30:07 [DEBUG] Starting new HTTPS connection (1): raw.githubusercontent.com:443
07:30:07 [DEBUG] Starting new HTTPS connection (1): raw.githubusercontent.com:443
07:30:07 [DEBUG] Starting new HTTPS connection (1): raw.githubusercontent.com:443
07:30:07 [DEBUG] Starting new HTTPS connection (1): raw.githubusercontent.com:443
07:30:07 [DEBUG] Starting new HTTPS connection (1): raw.githubusercontent.com:443
07:30:07 [DEBUG] Starting new HTTPS connection (1): raw.githubusercontent.com:443
07:30:07 [DEBUG] Starting new HTTPS connection (1): raw.githubusercontent.com:443
07:30:07 [DEBUG] Starting new HTTPS connection (1): raw.githubusercontent.com:443
07:30:07 [DEBUG] Starting new HTTPS connection (1): raw.githubusercontent.com:443
07:30:07 [DEBUG] Starting new HTTPS connection (1): raw.githubusercontent.com:443
07:30:07 [DEBUG] Starting new HTTPS connection (1): raw.githubusercontent.com:443
07:30:07 [DEBUG] Starting new HTTPS connection (1): raw.githubusercontent.com:443
07:30:07 [DEBUG] Starting new HTTPS connection (1): raw.githubusercontent.com:443
07:30:07 [DEBUG] Starting new HTTPS connection (1): raw.githubusercontent.com:443
07:30:07 [DEBUG] Starting new HTTPS connection (1): raw.githubusercontent.com:443
07:30:08 [DEBUG] https://raw.githubusercontent.com:443 "GET /mahdibland/V2RayAggregator/master/Eternity HTTP/1.1" 200 13397
07:30:08 [DEBUG] https://raw.githubusercontent.com:443 "GET /lagzian/SS-Collector/main/realitiy_api.txt HTTP/1.1" 404 14
07:30:08 [DEBUG] https://raw.githubusercontent.com:443 "GET /Yebekhe/TelegramV2rayCollector/main/sub/normal/reality HTTP/1.1" 404 14
07:30:08 [DEBUG] Starting new HTTPS connection (1): raw.githubusercontent.com:443
07:30:08 [DEBUG] Starting new HTTPS connection (1): raw.githubusercontent.com:443
07:30:08 [DEBUG] https://raw.githubusercontent.com:443 "GET /barry-far/V2ray-Configs/main/Splitted-By-Protocol/vless.txt HTTP/1.1" 404 14
07:30:08 [DEBUG] https://raw.githubusercontent.com:443 "GET /soroushmirzaei/telegram-configs-collector/main/protocols/reality HTTP/1.1" 404 14
07:30:08 [DEBUG] Starting new HTTPS connection (1): raw.githubusercontent.com:443
07:30:08 [DEBUG] Starting new HTTPS connection (1): raw.githubusercontent.com:443
07:30:08 [DEBUG] https://raw.githubusercontent.com:443 "GET /yebekhe/TVC/main/subscriptions/xray/reality HTTP/1.1" 404 14
07:30:08 [DEBUG] Starting new HTTPS connection (1): t.me:443
07:30:08 [DEBUG] Starting new HTTPS connection (1): raw.githubusercontent.com:443
07:30:08 [DEBUG] https://raw.githubusercontent.com:443 "GET /Epodonios/v2ray-configs/main/Splitted-By-Protocol/reality.txt HTTP/1.1" 404 14
07:30:08 [DEBUG] Starting new HTTPS connection (1): t.me:443
07:30:08 [DEBUG] https://raw.githubusercontent.com:443 "GET /Epodonios/v2ray-configs/main/Splitted-By-Protocol/vless.txt HTTP/1.1" 200 297132
07:30:08 [DEBUG] https://raw.githubusercontent.com:443 "GET /mfuu/v2ray/master/v2ray HTTP/1.1" 200 13219
07:30:08 [DEBUG] https://raw.githubusercontent.com:443 "GET /yebekhe/TVC/main/subscriptions/xray/vless HTTP/1.1" 404 14
07:30:08 [DEBUG] Starting new HTTPS connection (1): t.me:443
07:30:08 [DEBUG] https://raw.githubusercontent.com:443 "GET /MrMohebi/xray-proxy-grabber-telegram/master/collected-proxies/row-url/all.txt HTTP/1.1" 200 21268
07:30:08 [DEBUG] https://raw.githubusercontent.com:443 "GET /NiREvil/vless/main/sub/vless HTTP/1.1" 404 14
07:30:08 [DEBUG] Starting new HTTPS connection (1): t.me:443
07:30:08 [DEBUG] https://raw.githubusercontent.com:443 "GET /mahdibland/V2RayAggregator/master/sub/splitted/reality.txt HTTP/1.1" 404 14
07:30:08 [DEBUG] Starting new HTTPS connection (1): t.me:443
07:30:08 [DEBUG] Starting new HTTPS connection (1): t.me:443
07:30:08 [DEBUG] https://raw.githubusercontent.com:443 "GET /Pawdroid/Free-servers/main/sub HTTP/1.1" 200 3351
07:30:08 [DEBUG] Starting new HTTPS connection (1): t.me:443
07:30:08 [DEBUG]    🚫 Заблокированный SNI: www.microsoft.com
07:30:08 [DEBUG] https://raw.githubusercontent.com:443 "GET /peasoft/NoMoreWalls/master/list.txt HTTP/1.1" 200 11265
07:30:08 [DEBUG] Starting new HTTPS connection (1): t.me:443
07:30:08 [DEBUG] Starting new HTTPS connection (1): t.me:443
07:30:08 [DEBUG] https://raw.githubusercontent.com:443 "GET /igareck/vpn-configs-for-russia/refs/heads/main/WHITE-CIDR-RU-all.txt HTTP/1.1" 200 31142
07:30:08 [DEBUG] https://t.me:443 "GET /s/reality_daily HTTP/1.1" 302 20
07:30:08 [DEBUG] https://raw.githubusercontent.com:443 "GET /igareck/vpn-configs-for-russia/main/Vless-Reality-White-Lists-Rus-Mobile.txt HTTP/1.1" 200 6489
07:30:08 [DEBUG] https://t.me:443 "GET /s/RealityVpnChannel HTTP/1.1" 302 20
07:30:08 [DEBUG] https://t.me:443 "GET /reality_daily HTTP/1.1" 200 3656
07:30:08 [DEBUG] Starting new HTTPS connection (1): t.me:443
07:30:08 [DEBUG] https://t.me:443 "GET /RealityVpnChannel HTTP/1.1" 200 3662
07:30:09 [DEBUG] https://t.me:443 "GET /s/FarahVPN HTTP/1.1" 200 10000
07:30:09 [DEBUG] Starting new HTTPS connection (1): api.github.com:443
07:30:09 [DEBUG] https://raw.githubusercontent.com:443 "GET /igareck/vpn-configs-for-russia/refs/heads/main/Vless-Reality-White-Lists-Rus-Mobile-2.txt HTTP/1.1" 200 6255
07:30:09 [DEBUG] Starting new HTTPS connection (1): t.me:443
07:30:09 [DEBUG] https://raw.githubusercontent.com:443 "GET /igareck/vpn-configs-for-russia/main/configs/vless.txt HTTP/1.1" 404 14
07:30:09 [DEBUG] Starting new HTTPS connection (1): t.me:443
07:30:09 [DEBUG] https://t.me:443 "GET /s/v2rayng_vpn HTTP/1.1" 200 15543
07:30:09 [DEBUG]    🚫 Заблокированный SNI: www.aparat.com
07:30:09 [DEBUG] https://t.me:443 "GET /s/v2ray_configs_pool HTTP/1.1" 200 9170
07:30:09 [DEBUG] https://t.me:443 "GET /s/iSegaro HTTP/1.1" 200 18617
07:30:09 [DEBUG] https://raw.githubusercontent.com:443 "GET /AvenCores/goida-vpn-configs/main/configs/vless.txt HTTP/1.1" 404 14
07:30:09 [DEBUG] Starting new HTTPS connection (1): api.github.com:443
07:30:09 [DEBUG] https://t.me:443 "GET /s/VlessConfig HTTP/1.1" 200 10156
07:30:09 [DEBUG] Starting new HTTPS connection (1): api.github.com:443
07:30:09 [DEBUG] https://t.me:443 "GET /s/DirectVPN HTTP/1.1" 200 10084
07:30:09 [DEBUG]    🚫 Заблокированный SNI: us.asbndx.com
07:30:09 [DEBUG]    🚫 Заблокированный SNI: de-two.asbndx.com
07:30:09 [DEBUG]    🚫 Заблокированный SNI: www.microsoft.com
07:30:09 [DEBUG]    🚫 Заблокированный SNI: eset.com
07:30:09 [DEBUG]    🚫 Заблокированный SNI: learn.microsoft.com
07:30:09 [DEBUG]    🚫 Заблокированный SNI: aparat.com
07:30:09 [DEBUG]    🚫 Заблокированный SNI: tr.eu-ffast.com
07:30:09 [DEBUG]    🚫 Заблокированный SNI: www.microsoft.com
07:30:09 [DEBUG]    🚫 Заблокированный SNI: www.pinterest.com
07:30:09 [DEBUG] https://t.me:443 "GET /s/PrivateVPNs HTTP/1.1" 200 10376
07:30:09 [DEBUG] https://t.me:443 "GET /s/ConfigsHUB HTTP/1.1" 200 10308
07:30:09 [DEBUG] https://api.github.com:443 "GET /repos/barry-far/V2ray-Configs/issues?state=all&per_page=10 HTTP/1.1" 403 136
07:30:09 [DEBUG] https://t.me:443 "GET /s/v2ray_alpha HTTP/1.1" 200 18983
07:30:09 [DEBUG] https://t.me:443 "GET /s/freev2rayssr HTTP/1.1" 200 22261
07:30:09 [DEBUG] https://api.github.com:443 "GET /repos/yebekhe/TelegramV2rayCollector/issues?state=all&per_page=10 HTTP/1.1" 404 125
07:30:09 [DEBUG] https://api.github.com:443 "GET /repos/mahdibland/V2RayAggregator/issues?state=all&per_page=10 HTTP/1.1" 200 1949
07:30:09 [INFO] 
📊 Собрано: 2955 глобальных
07:30:09 [INFO]    🛡️ Reality: 371 (хороших: 364)
07:30:09 [INFO]    🇷🇺 Whitelist: 1449
07:30:09 [INFO] 🔍 Уникальных: 1697 (270 Reality), 132 WL
07:30:09 [INFO] 
══════════════════════════════════════════════════
07:30:09 [INFO] ⚡ ЭТАП 2: TCP
07:30:09 [INFO] ══════════════════════════════════════════════════
07:30:10 [INFO]    📊 Global: 169/1697 (10%) | ✅130 ❌39
07:30:10 [INFO]    📊 Global: 338/1697 (20%) | ✅225 ❌113
07:30:11 [INFO]    📊 Global: 507/1697 (30%) | ✅308 ❌199
07:30:11 [INFO]    📊 Global: 676/1697 (40%) | ✅423 ❌253
07:30:12 [INFO]    📊 Global: 845/1697 (50%) | ✅533 ❌312
07:30:12 [INFO]    📊 Global: 1014/1697 (60%) | ✅650 ❌364
07:30:12 [INFO]    📊 Global: 1183/1697 (70%) | ✅760 ❌423
07:30:13 [INFO]    📊 Global: 1352/1697 (80%) | ✅865 ❌487
07:30:13 [INFO]    📊 Global: 1521/1697 (90%) | ✅989 ❌532
07:30:14 [INFO]    📊 Global: 1690/1697 (100%) | ✅1072 ❌618
07:30:15 [INFO]    📊 Whitelist: 13/132 (10%) | ✅0 ❌13
07:30:15 [INFO]    📊 Whitelist: 26/132 (20%) | ✅0 ❌26
07:30:15 [INFO]    📊 Whitelist: 39/132 (30%) | ✅6 ❌33
07:30:15 [INFO]    📊 Whitelist: 52/132 (39%) | ✅15 ❌37
07:30:15 [INFO]    📊 Whitelist: 65/132 (49%) | ✅22 ❌43
07:30:15 [INFO]    📊 Whitelist: 78/132 (59%) | ✅34 ❌44
07:30:16 [INFO]    📊 Whitelist: 91/132 (69%) | ✅47 ❌44
07:30:16 [INFO]    📊 Whitelist: 104/132 (79%) | ✅60 ❌44
07:30:16 [INFO]    📊 Whitelist: 117/132 (89%) | ✅73 ❌44
07:30:16 [INFO]    📊 Whitelist: 130/132 (98%) | ✅84 ❌46
07:30:16 [INFO] 
✅ Живых: 1072 (146 Reality), 84 WL
07:30:16 [INFO] 
📊 Топ стран:
07:30:16 [INFO]    🇽🇽 XX (XX): 782 [T5]
07:30:16 [INFO]    🇩🇪 DE (Германия): 55 [T3]
07:30:16 [INFO]    🇳🇱 NL (Нидерланды): 54 [T3]
07:30:16 [INFO]    🇫🇷 FR (Франция): 32 [T4]
07:30:16 [INFO]    🇬🇧 GB (Британия): 22 [T4]
07:30:16 [INFO]    🇫🇮 FI (Финляндия): 14 [T1]
07:30:16 [INFO]    🇸🇪 SE (Швеция): 10 [T2]
07:30:16 [INFO]    🇲🇩 MD (Молдова): 10 [T5]
07:30:16 [INFO] 
══════════════════════════════════════════════════
07:30:16 [INFO] 🧪 ЭТАП 3: ГЛУБОКАЯ ПРОВЕРКА
07:30:16 [INFO] ══════════════════════════════════════════════════
07:30:16 [INFO]    К проверке: 400 (146 Reality), 80 WL
07:30:17 [DEBUG] Starting new HTTPS connection (1): www.google.com:443
07:30:18 [DEBUG] Starting new HTTPS connection (1): www.google.com:443
07:30:18 [DEBUG] Starting new HTTPS connection (1): www.google.com:443
07:30:18 [DEBUG] Starting new HTTPS connection (1): www.google.com:443
07:30:18 [DEBUG] Starting new HTTPS connection (1): www.google.com:443
07:30:18 [DEBUG] Starting new HTTPS connection (1): www.google.com:443
07:30:18 [DEBUG] Starting new HTTPS connection (1): www.google.com:443
07:30:18 [DEBUG] Starting new HTTPS connection (1): www.google.com:443
07:30:18 [DEBUG] Starting new HTTPS connection (1): www.google.com:443
07:30:18 [DEBUG] Starting new HTTPS connection (1): www.google.com:443
07:30:18 [DEBUG] Starting new HTTPS connection (1): cp.cloudflare.com:443
07:30:18 [DEBUG] Starting new HTTPS connection (1): cp.cloudflare.com:443
07:30:18 [DEBUG] Starting new HTTPS connection (1): cp.cloudflare.com:443
07:30:18 [DEBUG] Starting new HTTPS connection (1): www.gstatic.com:443
07:30:18 [DEBUG] Starting new HTTPS connection (1): www.gstatic.com:443
07:30:18 [DEBUG] Starting new HTTPS connection (1): www.gstatic.com:443
07:30:18 [DEBUG] https://www.google.com:443 "GET /generate_204 HTTP/1.1" 204 0
07:30:18 [DEBUG] Starting new HTTPS connection (1): cp.cloudflare.com:443
07:30:18 [DEBUG] https://www.google.com:443 "GET /generate_204 HTTP/1.1" 204 0
07:30:18 [DEBUG] Starting new HTTPS connection (1): cp.cloudflare.com:443
07:30:18 [DEBUG] https://www.google.com:443 "GET /generate_204 HTTP/1.1" 204 0
07:30:18 [DEBUG] Starting new HTTPS connection (1): cp.cloudflare.com:443
07:30:18 [DEBUG] https://cp.cloudflare.com:443 "GET / HTTP/1.1" 204 0
07:30:18 [DEBUG] Starting new HTTPS connection (1): www.gstatic.com:443
07:30:18 [DEBUG] https://www.gstatic.com:443 "GET /generate_204 HTTP/1.1" 204 0
07:30:18 [DEBUG] https://cp.cloudflare.com:443 "GET / HTTP/1.1" 204 0
07:30:18 [DEBUG] Starting new HTTPS connection (1): www.gstatic.com:443
07:30:18 [DEBUG] https://www.google.com:443 "GET /generate_204 HTTP/1.1" 204 0
07:30:18 [DEBUG] Starting new HTTPS connection (1): cp.cloudflare.com:443
07:30:18 [DEBUG] Starting new HTTPS connection (1): dl.google.com:443
07:30:18 [DEBUG] https://cp.cloudflare.com:443 "GET / HTTP/1.1" 204 0
07:30:18 [DEBUG] Starting new HTTPS connection (1): www.gstatic.com:443
07:30:18 [DEBUG] https://dl.google.com:443 "GET /dl/android/studio/install/3.4.1.0/android-studio-ide-183.5522156-windows.exe HTTP/1.1" 200 1017327996
07:30:18 [DEBUG] https://www.gstatic.com:443 "GET /generate_204 HTTP/1.1" 204 0
07:30:18 [DEBUG] https://www.gstatic.com:443 "GET /generate_204 HTTP/1.1" 204 0
07:30:18 [INFO]    🎯 144.31.2.86 (Польша) - 40.3Mbps, 148ms UDP✅ Reality [google.com]
07:30:18 [DEBUG] https://cp.cloudflare.com:443 "GET / HTTP/1.1" 204 0
07:30:18 [DEBUG] Starting new HTTPS connection (1): www.gstatic.com:443
07:30:19 [DEBUG] Starting new HTTPS connection (1): dl.google.com:443
07:30:19 [DEBUG] Starting new HTTPS connection (1): dl.google.com:443
07:30:19 [DEBUG] https://dl.google.com:443 "GET /dl/android/studio/install/3.4.1.0/android-studio-ide-183.5522156-windows.exe HTTP/1.1" 404 1449
07:30:19 [INFO]    🎯 46.62.128.207 (Финляндия) - 0.0Mbps, 277ms UDP✅ Reality [www.cloudflare.com]
07:30:19 [DEBUG] https://dl.google.com:443 "GET /dl/android/studio/install/3.4.1.0/android-studio-ide-183.5522156-windows.exe HTTP/1.1" 200 1017327996
07:30:19 [DEBUG] Starting new HTTPS connection (1): www.google.com:443
07:30:19 [DEBUG] Starting new HTTPS connection (1): www.google.com:443
07:30:19 [DEBUG] Starting new HTTPS connection (1): www.google.com:443
07:30:19 [DEBUG] Starting new HTTPS connection (1): cp.cloudflare.com:443
07:30:19 [DEBUG] Starting new HTTPS connection (1): www.gstatic.com:443
07:30:19 [INFO]    🎯 144.31.2.154 (Польша) - 24.5Mbps, 239ms UDP✅ Reality [hls-svod.itunes.appl]
07:30:19 [DEBUG] https://www.gstatic.com:443 "GET /generate_204 HTTP/1.1" 204 0
07:30:19 [DEBUG] https://www.google.com:443 "GET /generate_204 HTTP/1.1" 204 0
07:30:19 [DEBUG] Starting new HTTPS connection (1): cp.cloudflare.com:443
07:30:19 [DEBUG] https://www.google.com:443 "GET /generate_204 HTTP/1.1" 204 0
07:30:19 [DEBUG] Starting new HTTPS connection (1): cp.cloudflare.com:443
07:30:19 [DEBUG] https://cp.cloudflare.com:443 "GET / HTTP/1.1" 204 0
07:30:19 [DEBUG] Starting new HTTPS connection (1): www.gstatic.com:443
07:30:19 [DEBUG] Starting new HTTPS connection (1): dl.google.com:443
07:30:20 [DEBUG] https://cp.cloudflare.com:443 "GET / HTTP/1.1" 204 0
07:30:20 [DEBUG] Starting new HTTPS connection (1): www.gstatic.com:443
07:30:20 [DEBUG] Starting new HTTPS connection (1): www.google.com:443
07:30:20 [DEBUG] https://www.gstatic.com:443 "GET /generate_204 HTTP/1.1" 204 0
07:30:20 [DEBUG] https://www.google.com:443 "GET /generate_204 HTTP/1.1" 204 0
07:30:20 [DEBUG] Starting new HTTPS connection (1): cp.cloudflare.com:443
07:30:20 [DEBUG] https://cp.cloudflare.com:443 "GET / HTTP/1.1" 204 0
07:30:20 [DEBUG] Starting new HTTPS connection (1): www.gstatic.com:443
07:30:20 [DEBUG] Starting new HTTPS connection (1): www.google.com:443
07:30:20 [DEBUG] Starting new HTTPS connection (1): cp.cloudflare.com:443
07:30:20 [DEBUG] https://dl.google.com:443 "GET /dl/android/studio/install/3.4.1.0/android-studio-ide-183.5522156-windows.exe HTTP/1.1" 404 1449
07:30:20 [INFO]    🎯 2.56.125.209 (Польша) - 0.0Mbps, 508ms UDP✅ Reality [yahoo.com]
07:30:20 [DEBUG] https://www.gstatic.com:443 "GET /generate_204 HTTP/1.1" 204 0
07:30:20 [DEBUG] https://www.gstatic.com:443 "GET /generate_204 HTTP/1.1" 204 0
07:30:20 [DEBUG] Starting new HTTPS connection (1): dl.google.com:443
07:30:20 [DEBUG] Starting new HTTPS connection (1): dl.google.com:443
07:30:20 [DEBUG] Starting new HTTPS connection (1): www.google.com:443
07:30:20 [DEBUG] Starting new HTTPS connection (1): www.google.com:443
07:30:20 [DEBUG] Starting new HTTPS connection (1): dl.google.com:443
07:30:20 [DEBUG] https://dl.google.com:443 "GET /dl/android/studio/install/3.4.1.0/android-studio-ide-183.5522156-windows.exe HTTP/1.1" 200 1017327996
07:30:20 [DEBUG] https://www.google.com:443 "GET /generate_204 HTTP/1.1" 204 0
07:30:20 [DEBUG] Starting new HTTPS connection (1): cp.cloudflare.com:443
07:30:20 [DEBUG] https://dl.google.com:443 "GET /dl/android/studio/install/3.4.1.0/android-studio-ide-183.5522156-windows.exe HTTP/1.1" 200 1017327996
07:30:21 [INFO]    🎯 91.84.109.124 (Нидерланды) - 33.6Mbps, 148ms UDP✅ Reality [apple.com]
07:30:21 [DEBUG] https://cp.cloudflare.com:443 "GET / HTTP/1.1" 204 0
07:30:21 [DEBUG] Starting new HTTPS connection (1): www.gstatic.com:443
07:30:21 [DEBUG] https://dl.google.com:443 "GET /dl/android/studio/install/3.4.1.0/android-studio-ide-183.5522156-windows.exe HTTP/1.1" 200 1017327996
07:30:21 [INFO]    🎯 188.253.26.39 (Нидерланды) - 40.8Mbps, 361ms UDP✅ Reality [yahoo.com]
07:30:21 [DEBUG] https://www.gstatic.com:443 "GET /generate_204 HTTP/1.1" 204 0
07:30:21 [DEBUG] Starting new HTTPS connection (1): dl.google.com:443
07:30:21 [DEBUG] Starting new HTTPS connection (1): cp.cloudflare.com:443
07:30:21 [DEBUG] https://dl.google.com:443 "GET /dl/android/studio/install/3.4.1.0/android-studio-ide-183.5522156-windows.exe HTTP/1.1" 200 1017327996
07:30:21 [INFO]    🎯 91.84.113.47 (Нидерланды) - 36.2Mbps, 163ms UDP✅ Reality [apple.com]
07:30:21 [DEBUG] Starting new HTTPS connection (1): www.google.com:443
07:30:21 [DEBUG] https://www.google.com:443 "GET /generate_204 HTTP/1.1" 204 0
07:30:21 [DEBUG] Starting new HTTPS connection (1): cp.cloudflare.com:443
07:30:22 [DEBUG] https://cp.cloudflare.com:443 "GET / HTTP/1.1" 204 0
07:30:22 [DEBUG] Starting new HTTPS connection (1): www.gstatic.com:443
07:30:22 [DEBUG] https://www.gstatic.com:443 "GET /generate_204 HTTP/1.1" 204 0
07:30:22 [DEBUG] Starting new HTTPS connection (1): www.google.com:443
07:30:22 [DEBUG] Starting new HTTPS connection (1): www.google.com:443
07:30:22 [DEBUG] Starting new HTTPS connection (1): dl.google.com:443
07:30:22 [DEBUG] https://dl.google.com:443 "GET /dl/android/studio/install/3.4.1.0/android-studio-ide-183.5522156-windows.exe HTTP/1.1" 200 1017327996
07:30:22 [INFO]    🎯 91.84.109.130 (Нидерланды) - 31.3Mbps, 187ms UDP✅ Reality [apple.com]
07:30:22 [DEBUG] Starting new HTTPS connection (1): www.gstatic.com:443
07:30:22 [DEBUG] Starting new HTTPS connection (1): www.google.com:443
07:30:23 [DEBUG] Starting new HTTPS connection (1): cp.cloudflare.com:443
07:30:23 [DEBUG] https://www.google.com:443 "GET /generate_204 HTTP/1.1" 204 0
07:30:23 [DEBUG] Starting new HTTPS connection (1): cp.cloudflare.com:443
07:30:23 [DEBUG] https://cp.cloudflare.com:443 "GET / HTTP/1.1" 204 0
07:30:23 [DEBUG] Starting new HTTPS connection (1): www.gstatic.com:443
07:30:23 [DEBUG] Starting new HTTPS connection (1): www.gstatic.com:443
07:30:23 [DEBUG] https://www.gstatic.com:443 "GET /generate_204 HTTP/1.1" 204 0
07:30:23 [DEBUG] Starting new HTTPS connection (1): www.google.com:443
07:30:24 [DEBUG] Starting new HTTPS connection (1): dl.google.com:443
07:30:24 [DEBUG] https://www.google.com:443 "GET /generate_204 HTTP/1.1" 204 0
07:30:24 [DEBUG] Starting new HTTPS connection (1): cp.cloudflare.com:443
07:30:24 [DEBUG] https://dl.google.com:443 "GET /dl/android/studio/install/3.4.1.0/android-studio-ide-183.5522156-windows.exe HTTP/1.1" 404 1449
07:30:24 [INFO]    🎯 188.34.193.153 (Германия) - 0.0Mbps, 521ms UDP✅ Reality [www.cloudflare.com]
07:30:25 [DEBUG] Starting new HTTPS connection (1): cp.cloudflare.com:443
07:30:25 [DEBUG] Starting new HTTPS connection (1): cp.cloudflare.com:443
07:30:26 [DEBUG] Starting new HTTPS connection (1): www.google.com:443
07:30:26 [DEBUG] Starting new HTTPS connection (1): www.google.com:443
07:30:26 [DEBUG] Starting new HTTPS connection (1): cp.cloudflare.com:443
07:30:26 [DEBUG] https://www.google.com:443 "GET /generate_204 HTTP/1.1" 204 0
07:30:26 [DEBUG] Starting new HTTPS connection (1): cp.cloudflare.com:443
07:30:26 [DEBUG] Starting new HTTPS connection (1): www.google.com:443
07:30:27 [DEBUG] https://cp.cloudflare.com:443 "GET / HTTP/1.1" 204 0
07:30:27 [DEBUG] Starting new HTTPS connection (1): www.gstatic.com:443
07:30:27 [DEBUG] https://cp.cloudflare.com:443 "GET / HTTP/1.1" 204 0
07:30:27 [DEBUG] Starting new HTTPS connection (1): www.gstatic.com:443
07:30:27 [INFO]    🎯 38.244.137.198 (Финляндия) - 2.0Mbps, 718ms UDP✅ Reality [google.com]
07:30:27 [DEBUG] Starting new HTTPS connection (1): cp.cloudflare.com:443
07:30:27 [DEBUG] https://www.gstatic.com:443 "GET /generate_204 HTTP/1.1" 204 0
07:30:27 [DEBUG] Starting new HTTPS connection (1): dl.google.com:443
07:30:28 [DEBUG] Starting new HTTPS connection (1): www.gstatic.com:443
07:30:28 [DEBUG] https://dl.google.com:443 "GET /dl/android/studio/install/3.4.1.0/android-studio-ide-183.5522156-windows.exe HTTP/1.1" 404 1449
07:30:28 [INFO]    🎯 5.182.38.91 (Венгрия) - 0.0Mbps, 452ms UDP✅ Reality [yahoo.com]
07:30:28 [DEBUG] Starting new HTTPS connection (1): www.google.com:443
07:30:28 [DEBUG] Starting new HTTPS connection (1): cp.cloudflare.com:443
07:30:28 [DEBUG] https://www.google.com:443 "GET /generate_204 HTTP/1.1" 204 0
07:30:29 [DEBUG] Starting new HTTPS connection (1): cp.cloudflare.com:443
07:30:29 [DEBUG] https://www.gstatic.com:443 "GET /generate_204 HTTP/1.1" 204 0
07:30:29 [DEBUG] Starting new HTTPS connection (1): cp.cloudflare.com:443
07:30:29 [DEBUG] Starting new HTTPS connection (1): www.google.com:443
07:30:29 [DEBUG] https://cp.cloudflare.com:443 "GET / HTTP/1.1" 204 0
07:30:29 [DEBUG] Starting new HTTPS connection (1): www.gstatic.com:443
07:30:29 [DEBUG] Starting new HTTPS connection (1): www.gstatic.com:443
07:30:30 [DEBUG] https://www.gstatic.com:443 "GET /generate_204 HTTP/1.1" 204 0
07:30:30 [DEBUG] Starting new HTTPS connection (1): www.gstatic.com:443
07:30:30 [DEBUG] Starting new HTTPS connection (1): dl.google.com:443
07:30:30 [DEBUG] Starting new HTTPS connection (1): www.gstatic.com:443
07:30:30 [DEBUG] Starting new HTTPS connection (1): dl.google.com:443
07:30:31 [DEBUG] Starting new HTTPS connection (1): www.gstatic.com:443
07:30:31 [DEBUG] https://dl.google.com:443 "GET /dl/android/studio/install/3.4.1.0/android-studio-ide-183.5522156-windows.exe HTTP/1.1" 404 1449
07:30:31 [INFO]    🎯 45.12.143.191 (Турция) - 0.0Mbps, 642ms UDP✅ Reality [yahoo.com]
07:30:31 [DEBUG] Starting new HTTPS connection (1): www.gstatic.com:443
07:30:32 [DEBUG] Starting new HTTPS connection (1): www.gstatic.com:443
07:30:32 [DEBUG] Starting new HTTPS connection (1): www.google.com:443
07:30:32 [DEBUG] Starting new HTTPS connection (1): cp.cloudflare.com:443
07:30:32 [DEBUG] https://dl.google.com:443 "GET /dl/android/studio/install/3.4.1.0/android-studio-ide-183.5522156-windows.exe HTTP/1.1" 404 1449
07:30:32 [INFO]    🎯 140.238.100.35 (Британия) - 0.0Mbps, 2048ms UDP✅ Reality [yahoo.com]
07:30:33 [DEBUG] Starting new HTTPS connection (1): www.gstatic.com:443
07:30:34 [DEBUG] Starting new HTTPS connection (1): www.google.com:443
07:30:34 [DEBUG] Starting new HTTPS connection (1): www.google.com:443
07:30:34 [DEBUG] Starting new HTTPS connection (1): www.google.com:443
07:30:34 [DEBUG] Starting new HTTPS connection (1): cp.cloudflare.com:443
07:30:34 [DEBUG] Starting new HTTPS connection (1): cp.cloudflare.com:443
07:30:34 [DEBUG] Starting new HTTPS connection (1): www.gstatic.com:443
07:30:34 [DEBUG] Starting new HTTPS connection (1): cp.cloudflare.com:443
07:30:34 [DEBUG] Starting new HTTPS connection (1): cp.cloudflare.com:443
07:30:34 [DEBUG] Starting new HTTPS connection (1): www.google.com:443
07:30:34 [DEBUG] Starting new HTTPS connection (1): www.google.com:443
07:30:34 [DEBUG] Starting new HTTPS connection (1): www.gstatic.com:443
07:30:34 [DEBUG] Starting new HTTPS connection (1): www.gstatic.com:443
07:30:34 [DEBUG] Starting new HTTPS connection (1): cp.cloudflare.com:443
07:30:34 [DEBUG] https://www.google.com:443 "GET /generate_204 HTTP/1.1" 204 0
07:30:34 [DEBUG] Starting new HTTPS connection (1): cp.cloudflare.com:443
07:30:35 [DEBUG] Starting new HTTPS connection (1): www.gstatic.com:443
07:30:35 [DEBUG] https://cp.cloudflare.com:443 "GET / HTTP/1.1" 204 0
07:30:35 [DEBUG] Starting new HTTPS connection (1): www.gstatic.com:443
07:30:35 [DEBUG] Starting new HTTPS connection (1): www.google.com:443
07:30:35 [DEBUG] Starting new HTTPS connection (1): www.google.com:443
07:30:35 [DEBUG] https://www.gstatic.com:443 "GET /generate_204 HTTP/1.1" 204 0
07:30:35 [DEBUG] Starting new HTTPS connection (1): cp.cloudflare.com:443
07:30:35 [DEBUG] Starting new HTTPS connection (1): www.gstatic.com:443
07:30:35 [DEBUG] Starting new HTTPS connection (1): cp.cloudflare.com:443
07:30:36 [DEBUG] Starting new HTTPS connection (1): dl.google.com:443
07:30:36 [DEBUG] Starting new HTTPS connection (1): www.google.com:443
07:30:36 [DEBUG] Starting new HTTPS connection (1): cp.cloudflare.com:443
07:30:36 [DEBUG] Starting new HTTPS connection (1): www.google.com:443
07:30:36 [DEBUG] Starting new HTTPS connection (1): www.gstatic.com:443
07:30:36 [DEBUG] Starting new HTTPS connection (1): www.gstatic.com:443
07:30:36 [DEBUG] Starting new HTTPS connection (1): www.google.com:443
07:30:36 [DEBUG] Starting new HTTPS connection (1): www.google.com:443
07:30:36 [DEBUG] Starting new HTTPS connection (1): www.google.com:443
07:30:36 [DEBUG] https://www.google.com:443 "GET /generate_204 HTTP/1.1" 204 0
07:30:37 [DEBUG] Starting new HTTPS connection (1): cp.cloudflare.com:443
07:30:37 [DEBUG] Starting new HTTPS connection (1): cp.cloudflare.com:443
07:30:37 [DEBUG] Starting new HTTPS connection (1): www.google.com:443
07:30:37 [DEBUG] https://cp.cloudflare.com:443 "GET / HTTP/1.1" 204 0
07:30:37 [DEBUG] Starting new HTTPS connection (1): www.gstatic.com:443
07:30:37 [DEBUG] Starting new HTTPS connection (1): www.gstatic.com:443
07:30:37 [DEBUG] https://www.gstatic.com:443 "GET /generate_204 HTTP/1.1" 204 0
07:30:37 [DEBUG] https://dl.google.com:443 "GET /dl/android/studio/install/3.4.1.0/android-studio-ide-183.5522156-windows.exe HTTP/1.1" 404 1449
07:30:37 [INFO]    🎯 94.232.247.168 (Молдова) - 0.0Mbps, 391ms UDP✅ Reality [yahoo.com]
07:30:37 [DEBUG] Starting new HTTPS connection (1): www.google.com:443
07:30:37 [DEBUG] Starting new HTTPS connection (1): cp.cloudflare.com:443
07:30:38 [DEBUG] https://www.google.com:443 "GET /generate_204 HTTP/1.1" 204 0
07:30:38 [DEBUG] Starting new HTTPS connection (1): cp.cloudflare.com:443
07:30:38 [DEBUG] Starting new HTTPS connection (1): www.gstatic.com:443
07:30:38 [DEBUG] https://cp.cloudflare.com:443 "GET / HTTP/1.1" 204 0
07:30:38 [DEBUG] Starting new HTTPS connection (1): www.gstatic.com:443
07:30:38 [DEBUG] Starting new HTTPS connection (1): www.google.com:443
07:30:38 [DEBUG] Starting new HTTPS connection (1): cp.cloudflare.com:443
07:30:38 [DEBUG] Starting new HTTPS connection (1): www.google.com:443
07:30:38 [DEBUG] Starting new HTTPS connection (1): www.gstatic.com:443
07:30:38 [DEBUG] Starting new HTTPS connection (1): cp.cloudflare.com:443
07:30:38 [DEBUG] Starting new HTTPS connection (1): www.google.com:443
07:30:38 [DEBUG] Starting new HTTPS connection (1): www.google.com:443
07:30:38 [DEBUG] Starting new HTTPS connection (1): www.gstatic.com:443
07:30:39 [DEBUG] Starting new HTTPS connection (1): cp.cloudflare.com:443
07:30:39 [DEBUG] Starting new HTTPS connection (1): cp.cloudflare.com:443
07:30:39 [DEBUG] Starting new HTTPS connection (1): www.gstatic.com:443
07:30:39 [DEBUG] Starting new HTTPS connection (1): www.google.com:443
07:30:39 [DEBUG] Starting new HTTPS connection (1): www.gstatic.com:443
07:30:39 [DEBUG] Starting new HTTPS connection (1): www.google.com:443
07:30:40 [INFO]    📊 Global: 40/400 (10%) | ✅14 ❌26
07:30:40 [DEBUG] Starting new HTTPS connection (1): www.google.com:443
07:30:40 [DEBUG] https://www.google.com:443 "GET /generate_204 HTTP/1.1" 204 0
07:30:40 [DEBUG] Starting new HTTPS connection (1): cp.cloudflare.com:443
07:30:40 [DEBUG] Starting new HTTPS connection (1): dl.google.com:443
07:30:40 [DEBUG] Starting new HTTPS connection (1): cp.cloudflare.com:443
07:30:40 [DEBUG] Starting new HTTPS connection (1): www.gstatic.com:443
07:30:40 [DEBUG] https://dl.google.com:443 "GET /dl/android/studio/install/3.4.1.0/android-studio-ide-183.5522156-windows.exe HTTP/1.1" 404 1449
07:30:40 [INFO]    🎯 DE.sattarlink.online (XX) - 0.0Mbps, 250ms UDP❌ Reality [google.com]
07:30:41 [DEBUG] Starting new HTTPS connection (1): www.google.com:443
07:30:41 [DEBUG] https://cp.cloudflare.com:443 "GET / HTTP/1.1" 204 0
07:30:41 [DEBUG] Starting new HTTPS connection (1): www.gstatic.com:443
07:30:41 [DEBUG] Starting new HTTPS connection (1): cp.cloudflare.com:443
07:30:41 [DEBUG] Starting new HTTPS connection (1): www.gstatic.com:443
07:30:41 [DEBUG] Starting new HTTPS connection (1): www.google.com:443
07:30:42 [DEBUG] Starting new HTTPS connection (1): www.google.com:443
07:30:42 [DEBUG] https://www.gstatic.com:443 "GET /generate_204 HTTP/1.1" 204 0
07:30:42 [DEBUG] https://www.google.com:443 "GET /generate_204 HTTP/1.1" 204 0
07:30:42 [DEBUG] Starting new HTTPS connection (1): cp.cloudflare.com:443
07:30:42 [DEBUG] Starting new HTTPS connection (1): dl.google.com:443
07:30:43 [DEBUG] Starting new HTTPS connection (1): cp.cloudflare.com:443
07:30:43 [DEBUG] Starting new HTTPS connection (1): cp.cloudflare.com:443
07:30:43 [DEBUG] https://dl.google.com:443 "GET /dl/android/studio/install/3.4.1.0/android-studio-ide-183.5522156-windows.exe HTTP/1.1" 404 1449
07:30:43 [INFO]    🎯 83.222.23.81 (KZ) - 0.0Mbps, 864ms UDP✅ Reality [yahoo.com]
07:30:43 [DEBUG] https://cp.cloudflare.com:443 "GET / HTTP/1.1" 204 0
07:30:43 [DEBUG] Starting new HTTPS connection (1): www.gstatic.com:443
07:30:44 [DEBUG] Starting new HTTPS connection (1): www.google.com:443
07:30:45 [DEBUG] https://www.gstatic.com:443 "GET /generate_204 HTTP/1.1" 204 0
07:30:45 [DEBUG] Starting new HTTPS connection (1): www.google.com:443
07:30:45 [DEBUG] Starting new HTTPS connection (1): cp.cloudflare.com:443
07:30:45 [DEBUG] Starting new HTTPS connection (1): www.gstatic.com:443
07:30:45 [DEBUG] Starting new HTTPS connection (1): www.google.com:443
07:30:46 [DEBUG] Starting new HTTPS connection (1): dl.google.com:443
07:30:46 [DEBUG] Starting new HTTPS connection (1): www.gstatic.com:443
07:30:46 [DEBUG] Starting new HTTPS connection (1): cp.cloudflare.com:443
07:30:46 [DEBUG] Starting new HTTPS connection (1): www.gstatic.com:443
07:30:46 [DEBUG] Starting new HTTPS connection (1): cp.cloudflare.com:443
07:30:47 [DEBUG] Starting new HTTPS connection (1): cp.cloudflare.com:443
07:30:47 [DEBUG] Starting new HTTPS connection (1): www.gstatic.com:443
07:30:47 [DEBUG] Starting new HTTPS connection (1): www.google.com:443
07:30:47 [DEBUG] https://cp.cloudflare.com:443 "GET / HTTP/1.1" 204 0
07:30:47 [DEBUG] Starting new HTTPS connection (1): www.gstatic.com:443
07:30:48 [DEBUG] Starting new HTTPS connection (1): dl.google.com:443
07:30:48 [DEBUG] Starting new HTTPS connection (1): www.gstatic.com:443
07:30:48 [DEBUG] Starting new HTTPS connection (1): cp.cloudflare.com:443
07:30:48 [DEBUG] Starting new HTTPS connection (1): www.google.com:443
07:30:48 [DEBUG] Starting new HTTPS connection (1): www.gstatic.com:443
07:30:49 [DEBUG] https://dl.google.com:443 "GET /dl/android/studio/install/3.4.1.0/android-studio-ide-183.5522156-windows.exe HTTP/1.1" 200 1017327996
07:30:50 [INFO]    🎯 109.248.170.119 (KZ) - 6.3Mbps, 1263ms UDP❌ Reality [yahoo.com]
07:30:50 [DEBUG] Starting new HTTPS connection (1): cp.cloudflare.com:443
07:30:51 [DEBUG] Starting new HTTPS connection (1): www.google.com:443
07:30:51 [DEBUG] Starting new HTTPS connection (1): cp.cloudflare.com:443
07:30:51 [DEBUG] Starting new HTTPS connection (1): www.gstatic.com:443
07:30:51 [DEBUG] Starting new HTTPS connection (1): www.google.com:443
07:30:51 [DEBUG] https://www.google.com:443 "GET /generate_204 HTTP/1.1" 204 0
07:30:51 [DEBUG] Starting new HTTPS connection (1): cp.cloudflare.com:443
07:30:51 [DEBUG] Starting new HTTPS connection (1): www.google.com:443
07:30:51 [DEBUG] Starting new HTTPS connection (1): cp.cloudflare.com:443
07:30:51 [DEBUG] Starting new HTTPS connection (1): www.gstatic.com:443
07:30:51 [DEBUG] https://cp.cloudflare.com:443 "GET / HTTP/1.1" 204 0
07:30:51 [DEBUG] Starting new HTTPS connection (1): www.gstatic.com:443
07:30:51 [DEBUG] https://www.gstatic.com:443 "GET /generate_204 HTTP/1.1" 204 0
07:30:51 [DEBUG] Starting new HTTPS connection (1): dl.google.com:443
07:30:51 [DEBUG] https://www.google.com:443 "GET /generate_204 HTTP/1.1" 204 0
07:30:51 [DEBUG] Starting new HTTPS connection (1): cp.cloudflare.com:443
07:30:52 [DEBUG] Starting new HTTPS connection (1): www.gstatic.com:443
07:30:52 [DEBUG] https://dl.google.com:443 "GET /dl/android/studio/install/3.4.1.0/android-studio-ide-183.5522156-windows.exe HTTP/1.1" 200 1017327996
07:30:52 [DEBUG] Starting new HTTPS connection (1): www.gstatic.com:443
07:30:52 [DEBUG] Starting new HTTPS connection (1): www.google.com:443
07:30:52 [INFO]    🎯 ten5.astralweb.tech (XX) - 0.0Mbps, 836ms UDP❌ Reality [apple.com]
07:30:52 [DEBUG] Starting new HTTPS connection (1): www.google.com:443
07:30:52 [DEBUG] Starting new HTTPS connection (1): cp.cloudflare.com:443
07:30:52 [DEBUG] Starting new HTTPS connection (1): cp.cloudflare.com:443
07:30:52 [DEBUG] Starting new HTTPS connection (1): www.gstatic.com:443
07:30:52 [DEBUG] Starting new HTTPS connection (1): www.google.com:443
07:30:52 [DEBUG] Starting new HTTPS connection (1): cp.cloudflare.com:443
07:30:52 [DEBUG] Starting new HTTPS connection (1): www.gstatic.com:443
07:30:53 [DEBUG] Starting new HTTPS connection (1): www.gstatic.com:443
07:30:53 [DEBUG] Starting new HTTPS connection (1): www.google.com:443
07:30:54 [DEBUG] Starting new HTTPS connection (1): www.google.com:443
07:30:54 [DEBUG] Starting new HTTPS connection (1): www.google.com:443
07:30:54 [DEBUG] https://www.google.com:443 "GET /generate_204 HTTP/1.1" 204 0
07:30:54 [DEBUG] Starting new HTTPS connection (1): cp.cloudflare.com:443
07:30:54 [DEBUG] https://www.google.com:443 "GET /generate_204 HTTP/1.1" 204 0
07:30:54 [DEBUG] Starting new HTTPS connection (1): cp.cloudflare.com:443
07:30:54 [DEBUG] https://cp.cloudflare.com:443 "GET / HTTP/1.1" 204 0
07:30:54 [DEBUG] Starting new HTTPS connection (1): www.gstatic.com:443
07:30:54 [DEBUG] https://cp.cloudflare.com:443 "GET / HTTP/1.1" 204 0
07:30:54 [DEBUG] Starting new HTTPS connection (1): www.gstatic.com:443
07:30:54 [DEBUG] https://www.gstatic.com:443 "GET /generate_204 HTTP/1.1" 204 0
07:30:54 [DEBUG] https://www.gstatic.com:443 "GET /generate_204 HTTP/1.1" 204 0
07:30:54 [DEBUG] Starting new HTTPS connection (1): dl.google.com:443
07:30:54 [DEBUG] Starting new HTTPS connection (1): dl.google.com:443
07:30:54 [DEBUG] Starting new HTTPS connection (1): www.google.com:443
07:30:54 [DEBUG] https://www.google.com:443 "GET /generate_204 HTTP/1.1" 204 0
07:30:54 [DEBUG] Starting new HTTPS connection (1): cp.cloudflare.com:443
07:30:54 [DEBUG] https://cp.cloudflare.com:443 "GET / HTTP/1.1" 204 0
07:30:54 [DEBUG] Starting new HTTPS connection (1): www.gstatic.com:443
07:30:54 [DEBUG] Starting new HTTPS connection (1): www.google.com:443
07:30:54 [DEBUG] https://www.gstatic.com:443 "GET /generate_204 HTTP/1.1" 204 0
07:30:54 [DEBUG] Starting new HTTPS connection (1): dl.google.com:443
07:30:54 [DEBUG] Starting new HTTPS connection (1): www.google.com:443
07:30:54 [DEBUG] Starting new HTTPS connection (1): cp.cloudflare.com:443
07:30:54 [DEBUG] Starting new HTTPS connection (1): cp.cloudflare.com:443
07:30:54 [DEBUG] Starting new HTTPS connection (1): www.gstatic.com:443
07:30:54 [DEBUG] https://dl.google.com:443 "GET /dl/android/studio/install/3.4.1.0/android-studio-ide-183.5522156-windows.exe HTTP/1.1" 200 1017327996
07:30:54 [DEBUG] Starting new HTTPS connection (1): www.gstatic.com:443
07:30:54 [DEBUG] https://dl.google.com:443 "GET /dl/android/studio/install/3.4.1.0/android-studio-ide-183.5522156-windows.exe HTTP/1.1" 200 1017327996
07:30:54 [DEBUG] https://dl.google.com:443 "GET /dl/android/studio/install/3.4.1.0/android-studio-ide-183.5522156-windows.exe HTTP/1.1" 200 1017327996
07:30:54 [INFO]    🎯 57.129.53.182 (Германия) - 33.2Mbps, 36ms UDP✅ Reality [fuck.rkn]
07:30:54 [INFO]    🎯 89.169.55.246 (Германия) - 24.8Mbps, 31ms UDP✅ Reality [krakenlabs.ru]
07:30:54 [INFO]    🎯 57.129.53.181 (Германия) - 32.8Mbps, 39ms UDP✅ Reality [fuck.rkn]
07:30:55 [DEBUG] Starting new HTTPS connection (1): www.google.com:443
07:30:55 [DEBUG] https://www.google.com:443 "GET /generate_204 HTTP/1.1" 204 0
07:30:55 [DEBUG] Starting new HTTPS connection (1): cp.cloudflare.com:443
07:30:55 [DEBUG] https://cp.cloudflare.com:443 "GET / HTTP/1.1" 204 0
07:30:55 [DEBUG] Starting new HTTPS connection (1): www.gstatic.com:443
07:30:55 [DEBUG] https://www.gstatic.com:443 "GET /generate_204 HTTP/1.1" 204 0
07:30:55 [DEBUG] Starting new HTTPS connection (1): dl.google.com:443
07:30:55 [DEBUG] https://dl.google.com:443 "GET /dl/android/studio/install/3.4.1.0/android-studio-ide-183.5522156-windows.exe HTTP/1.1" 404 1449
07:30:55 [INFO]    🎯 57.129.49.1 (Германия) - 0.0Mbps, 34ms UDP✅ Reality [fuck.rkn]
07:30:55 [DEBUG] Starting new HTTPS connection (1): www.google.com:443
07:30:55 [DEBUG] Starting new HTTPS connection (1): www.google.com:443
07:30:55 [DEBUG] Starting new HTTPS connection (1): www.google.com:443
07:30:55 [DEBUG] Starting new HTTPS connection (1): cp.cloudflare.com:443
07:30:55 [DEBUG] Starting new HTTPS connection (1): www.gstatic.com:443
07:30:55 [DEBUG] Starting new HTTPS connection (1): www.google.com:443
07:30:56 [DEBUG] Starting new HTTPS connection (1): www.google.com:443
07:30:56 [DEBUG] Starting new HTTPS connection (1): cp.cloudflare.com:443
07:30:56 [DEBUG] Starting new HTTPS connection (1): www.gstatic.com:443
07:30:56 [DEBUG] https://cp.cloudflare.com:443 "GET / HTTP/1.1" 204 0
07:30:56 [DEBUG] Starting new HTTPS connection (1): www.gstatic.com:443
07:30:56 [DEBUG] Starting new HTTPS connection (1): www.google.com:443
07:30:57 [DEBUG] https://www.google.com:443 "GET /generate_204 HTTP/1.1" 204 0
07:30:57 [DEBUG] Starting new HTTPS connection (1): cp.cloudflare.com:443
07:30:57 [DEBUG] https://cp.cloudflare.com:443 "GET / HTTP/1.1" 204 0
07:30:57 [DEBUG] Starting new HTTPS connection (1): www.gstatic.com:443
07:30:57 [DEBUG] https://www.gstatic.com:443 "GET /generate_204 HTTP/1.1" 204 0
07:30:57 [DEBUG] Starting new HTTPS connection (1): dl.google.com:443
07:30:57 [DEBUG] Starting new HTTPS connection (1): www.google.com:443
07:30:57 [DEBUG] https://www.google.com:443 "GET /generate_204 HTTP/1.1" 204 0
07:30:57 [DEBUG] Starting new HTTPS connection (1): cp.cloudflare.com:443
07:30:57 [DEBUG] https://www.google.com:443 "GET /generate_204 HTTP/1.1" 204 0
07:30:57 [DEBUG] Starting new HTTPS connection (1): cp.cloudflare.com:443
07:30:57 [DEBUG] https://dl.google.com:443 "GET /dl/android/studio/install/3.4.1.0/android-studio-ide-183.5522156-windows.exe HTTP/1.1" 200 1017327996
07:30:57 [DEBUG] https://cp.cloudflare.com:443 "GET / HTTP/1.1" 204 0
07:30:57 [DEBUG] Starting new HTTPS connection (1): www.gstatic.com:443
07:30:57 [DEBUG] Starting new HTTPS connection (1): www.google.com:443
07:30:57 [DEBUG] https://www.gstatic.com:443 "GET /generate_204 HTTP/1.1" 204 0
07:30:57 [INFO]    🎯 51.158.206.103 (Нидерланды) - 57.2Mbps, 75ms UDP✅ Reality [fuck.rkn]
07:30:57 [DEBUG] Starting new HTTPS connection (1): dl.google.com:443
07:30:57 [DEBUG] https://cp.cloudflare.com:443 "GET / HTTP/1.1" 204 0
07:30:57 [DEBUG] Starting new HTTPS connection (1): www.gstatic.com:443
07:30:57 [DEBUG] https://dl.google.com:443 "GET /dl/android/studio/install/3.4.1.0/android-studio-ide-183.5522156-windows.exe HTTP/1.1" 200 1017327996
07:30:57 [DEBUG] https://www.gstatic.com:443 "GET /generate_204 HTTP/1.1" 204 0
07:30:57 [INFO]    🎯 51.158.206.80 (Нидерланды) - 59.3Mbps, 70ms UDP✅ Reality [fuck.rkn]
07:30:57 [DEBUG] Starting new HTTPS connection (1): dl.google.com:443
07:30:57 [DEBUG] Starting new HTTPS connection (1): cp.cloudflare.com:443
07:30:57 [DEBUG] https://dl.google.com:443 "GET /dl/android/studio/install/3.4.1.0/android-studio-ide-183.5522156-windows.exe HTTP/1.1" 404 1449
07:30:57 [INFO]    🎯 65.108.108.151 (Финляндия) - 0.0Mbps, 1343ms UDP✅ Reality [fit.jojack.ru]
07:30:57 [DEBUG] Starting new HTTPS connection (1): cp.cloudflare.com:443
07:30:58 [DEBUG] Starting new HTTPS connection (1): cp.cloudflare.com:443
07:30:58 [DEBUG] https://www.gstatic.com:443 "GET /generate_204 HTTP/1.1" 204 0
07:30:58 [DEBUG] Starting new HTTPS connection (1): www.google.com:443
07:30:58 [DEBUG] Starting new HTTPS connection (1): www.google.com:443
07:30:58 [DEBUG] Starting new HTTPS connection (1): www.google.com:443
07:30:58 [DEBUG] https://www.google.com:443 "GET /generate_204 HTTP/1.1" 204 0
07:30:58 [DEBUG] Starting new HTTPS connection (1): cp.cloudflare.com:443
07:30:58 [DEBUG] https://www.google.com:443 "GET /generate_204 HTTP/1.1" 204 0
07:30:58 [DEBUG] Starting new HTTPS connection (1): cp.cloudflare.com:443
07:30:59 [DEBUG] Starting new HTTPS connection (1): www.google.com:443
07:30:59 [DEBUG] https://cp.cloudflare.com:443 "GET / HTTP/1.1" 204 0
07:30:59 [DEBUG] Starting new HTTPS connection (1): www.gstatic.com:443
07:30:59 [DEBUG] https://www.google.com:443 "GET /generate_204 HTTP/1.1" 204 0
07:30:59 [DEBUG] Starting new HTTPS connection (1): cp.cloudflare.com:443
07:30:59 [DEBUG] https://cp.cloudflare.com:443 "GET / HTTP/1.1" 204 0
07:30:59 [DEBUG] Starting new HTTPS connection (1): www.gstatic.com:443
07:30:59 [DEBUG] Starting new HTTPS connection (1): dl.google.com:443
07:30:59 [DEBUG] https://cp.cloudflare.com:443 "GET / HTTP/1.1" 204 0
07:30:59 [DEBUG] Starting new HTTPS connection (1): www.gstatic.com:443
07:30:59 [DEBUG] https://www.gstatic.com:443 "GET /generate_204 HTTP/1.1" 204 0
07:30:59 [DEBUG] Starting new HTTPS connection (1): dl.google.com:443
07:30:59 [DEBUG] https://www.gstatic.com:443 "GET /generate_204 HTTP/1.1" 204 0
07:30:59 [DEBUG] https://www.gstatic.com:443 "GET /generate_204 HTTP/1.1" 204 0
07:30:59 [DEBUG] Starting new HTTPS connection (1): dl.google.com:443
07:30:59 [DEBUG] https://dl.google.com:443 "GET /dl/android/studio/install/3.4.1.0/android-studio-ide-183.5522156-windows.exe HTTP/1.1" 200 1017327996
07:30:59 [DEBUG] Starting new HTTPS connection (1): cp.cloudflare.com:443
07:30:59 [INFO]    🎯 51.158.206.98 (Нидерланды) - 57.4Mbps, 71ms UDP✅ Reality [fuck.rkn]
07:30:59 [DEBUG] Starting new HTTPS connection (1): dl.google.com:443
07:30:59 [DEBUG] https://dl.google.com:443 "GET /dl/android/studio/install/3.4.1.0/android-studio-ide-183.5522156-windows.exe HTTP/1.1" 200 1017327996
07:30:59 [INFO]    🎯 51.158.206.93 (Нидерланды) - 0.0Mbps, 170ms UDP✅ Reality [fuck.rkn]
07:30:59 [DEBUG] Starting new HTTPS connection (1): www.gstatic.com:443
07:30:59 [DEBUG] https://dl.google.com:443 "GET /dl/android/studio/install/3.4.1.0/android-studio-ide-183.5522156-windows.exe HTTP/1.1" 200 1017327996
07:30:59 [DEBUG] Starting new HTTPS connection (1): www.gstatic.com:443
07:31:00 [DEBUG] Starting new HTTPS connection (1): www.gstatic.com:443
07:31:00 [DEBUG] Starting new HTTPS connection (1): cp.cloudflare.com:443
07:31:00 [INFO]    🎯 138.124.79.9 (Нидерланды) - 11.9Mbps, 257ms UDP✅ Reality [sun6-21.userapi.com]
07:31:00 [DEBUG] Starting new HTTPS connection (1): www.google.com:443
07:31:00 [DEBUG] Starting new HTTPS connection (1): www.google.com:443
07:31:01 [DEBUG] Starting new HTTPS connection (1): www.gstatic.com:443
07:31:01 [DEBUG] Starting new HTTPS connection (1): www.google.com:443
07:31:02 [DEBUG] https://www.google.com:443 "GET /generate_204 HTTP/1.1" 204 0
07:31:02 [DEBUG] Starting new HTTPS connection (1): cp.cloudflare.com:443
07:31:02 [DEBUG] https://cp.cloudflare.com:443 "GET / HTTP/1.1" 204 0
07:31:02 [DEBUG] Starting new HTTPS connection (1): www.gstatic.com:443
07:31:02 [DEBUG] https://www.gstatic.com:443 "GET /generate_204 HTTP/1.1" 204 0
07:31:02 [DEBUG] Starting new HTTPS connection (1): dl.google.com:443
07:31:02 [DEBUG] https://dl.google.com:443 "GET /dl/android/studio/install/3.4.1.0/android-studio-ide-183.5522156-windows.exe HTTP/1.1" 200 1017327996
07:31:02 [DEBUG] Starting new HTTPS connection (1): www.gstatic.com:443
07:31:02 [INFO]    🎯 195.26.224.102 (Нидерланды) - 37.3Mbps, 120ms UDP✅ Reality [vk.com]
07:31:03 [DEBUG] Starting new HTTPS connection (1): www.google.com:443
07:31:03 [DEBUG] Starting new HTTPS connection (1): www.google.com:443
07:31:03 [DEBUG] Starting new HTTPS connection (1): cp.cloudflare.com:443
07:31:03 [DEBUG] https://www.google.com:443 "GET /generate_204 HTTP/1.1" 204 0
07:31:03 [DEBUG] Starting new HTTPS connection (1): cp.cloudflare.com:443
07:31:03 [DEBUG] Starting new HTTPS connection (1): www.google.com:443
07:31:03 [DEBUG] Starting new HTTPS connection (1): www.gstatic.com:443
07:31:03 [DEBUG] https://cp.cloudflare.com:443 "GET / HTTP/1.1" 204 0
07:31:03 [DEBUG] Starting new HTTPS connection (1): www.gstatic.com:443
07:31:03 [INFO]    📊 Global: 80/400 (20%) | ✅29 ❌51
07:31:03 [DEBUG] https://www.gstatic.com:443 "GET /generate_204 HTTP/1.1" 204 0
07:31:03 [DEBUG] Starting new HTTPS connection (1): dl.google.com:443
07:31:03 [DEBUG] Starting new HTTPS connection (1): cp.cloudflare.com:443
07:31:03 [DEBUG] https://dl.google.com:443 "GET /dl/android/studio/install/3.4.1.0/android-studio-ide-183.5522156-windows.exe HTTP/1.1" 200 1017327996
07:31:03 [DEBUG] Starting new HTTPS connection (1): www.gstatic.com:443
07:31:03 [INFO]    🎯 195.26.224.112 (Нидерланды) - 36.7Mbps, 147ms UDP✅ Reality [vk.com]
07:31:03 [DEBUG] Starting new HTTPS connection (1): www.google.com:443
07:31:03 [DEBUG] Starting new HTTPS connection (1): cp.cloudflare.com:443
07:31:03 [DEBUG] Starting new HTTPS connection (1): www.gstatic.com:443
07:31:04 [DEBUG] Starting new HTTPS connection (1): www.google.com:443
07:31:04 [DEBUG] https://www.google.com:443 "GET /generate_204 HTTP/1.1" 204 0
07:31:04 [DEBUG] Starting new HTTPS connection (1): cp.cloudflare.com:443
07:31:04 [DEBUG] https://cp.cloudflare.com:443 "GET / HTTP/1.1" 204 0
07:31:04 [DEBUG] Starting new HTTPS connection (1): www.gstatic.com:443
07:31:05 [DEBUG] Starting new HTTPS connection (1): www.google.com:443
07:31:05 [DEBUG] Starting new HTTPS connection (1): www.google.com:443
07:31:05 [DEBUG] https://www.gstatic.com:443 "GET /generate_204 HTTP/1.1" 204 0
07:31:05 [DEBUG] https://www.google.com:443 "GET /generate_204 HTTP/1.1" 204 0
07:31:05 [DEBUG] Starting new HTTPS connection (1): cp.cloudflare.com:443
07:31:05 [DEBUG] Starting new HTTPS connection (1): www.google.com:443
07:31:05 [DEBUG] https://cp.cloudflare.com:443 "GET / HTTP/1.1" 204 0
07:31:05 [DEBUG] Starting new HTTPS connection (1): www.gstatic.com:443
07:31:05 [DEBUG] Starting new HTTPS connection (1): www.google.com:443
07:31:05 [DEBUG] https://www.google.com:443 "GET /generate_204 HTTP/1.1" 204 0
07:31:05 [DEBUG] Starting new HTTPS connection (1): cp.cloudflare.com:443
07:31:05 [DEBUG] Starting new HTTPS connection (1): dl.google.com:443
07:31:05 [DEBUG] https://www.gstatic.com:443 "GET /generate_204 HTTP/1.1" 204 0
07:31:05 [DEBUG] Starting new HTTPS connection (1): dl.google.com:443
07:31:05 [DEBUG] https://cp.cloudflare.com:443 "GET / HTTP/1.1" 204 0
07:31:05 [DEBUG] Starting new HTTPS connection (1): www.gstatic.com:443
07:31:05 [DEBUG] https://www.gstatic.com:443 "GET /generate_204 HTTP/1.1" 204 0
07:31:05 [DEBUG] Starting new HTTPS connection (1): dl.google.com:443
07:31:05 [DEBUG] https://dl.google.com:443 "GET /dl/android/studio/install/3.4.1.0/android-studio-ide-183.5522156-windows.exe HTTP/1.1" 200 1017327996
07:31:05 [DEBUG] https://dl.google.com:443 "GET /dl/android/studio/install/3.4.1.0/android-studio-ide-183.5522156-windows.exe HTTP/1.1" 200 1017327996
07:31:05 [INFO]    🎯 de4.socialup.live (XX) - 34.6Mbps, 171ms UDP✅ Reality [web.max.ru]
07:31:05 [INFO]    🎯 185.177.238.57 (AL) - 35.0Mbps, 74ms UDP✅ Reality [al.cdn.stun.su]
07:31:05 [DEBUG] https://dl.google.com:443 "GET /dl/android/studio/install/3.4.1.0/android-studio-ide-183.5522156-windows.exe HTTP/1.1" 200 1017327996
07:31:05 [DEBUG] https://dl.google.com:443 "GET /dl/android/studio/install/3.4.1.0/android-studio-ide-183.5522156-windows.exe HTTP/1.1" 404 1449
07:31:05 [INFO]    🎯 38.60.212.251 (JP) - 0.0Mbps, 3091ms UDP✅ Reality [mensura.cdn-apple.co]
07:31:05 [INFO]    🎯 nl.mobilezahra.lat (XX) - 36.8Mbps, 68ms UDP✅ Reality [excoino.com]
07:31:05 [DEBUG] Starting new HTTPS connection (1): cp.cloudflare.com:443
07:31:05 [DEBUG] Starting new HTTPS connection (1): cp.cloudflare.com:443
07:31:05 [DEBUG] Starting new HTTPS connection (1): www.google.com:443
07:31:06 [DEBUG] https://www.google.com:443 "GET /generate_204 HTTP/1.1" 204 0
07:31:06 [DEBUG] Starting new HTTPS connection (1): cp.cloudflare.com:443
07:31:06 [DEBUG] https://cp.cloudflare.com:443 "GET / HTTP/1.1" 204 0
07:31:06 [DEBUG] Starting new HTTPS connection (1): www.gstatic.com:443
07:31:06 [DEBUG] https://www.gstatic.com:443 "GET /generate_204 HTTP/1.1" 204 0
07:31:06 [DEBUG] Starting new HTTPS connection (1): dl.google.com:443
07:31:06 [DEBUG] https://dl.google.com:443 "GET /dl/android/studio/install/3.4.1.0/android-studio-ide-183.5522156-windows.exe HTTP/1.1" 404 1449
07:31:06 [INFO]    🎯 partners.dissertationhelpspecialist.com (XX) - 0.0Mbps, 95ms UDP✅ Reality [tgju.org]
07:31:06 [DEBUG] Starting new HTTPS connection (1): www.google.com:443
07:31:06 [DEBUG] Starting new HTTPS connection (1): www.google.com:443
07:31:06 [DEBUG] Starting new HTTPS connection (1): www.google.com:443
07:31:06 [DEBUG] Starting new HTTPS connection (1): www.google.com:443
07:31:07 [DEBUG] Starting new HTTPS connection (1): cp.cloudflare.com:443
07:31:07 [DEBUG] https://www.google.com:443 "GET /generate_204 HTTP/1.1" 204 0
07:31:07 [DEBUG] Starting new HTTPS connection (1): cp.cloudflare.com:443
07:31:07 [DEBUG] https://www.google.com:443 "GET /generate_204 HTTP/1.1" 204 0
07:31:07 [DEBUG] Starting new HTTPS connection (1): cp.cloudflare.com:443
07:31:07 [DEBUG] Starting new HTTPS connection (1): cp.cloudflare.com:443
07:31:07 [DEBUG] Starting new HTTPS connection (1): www.gstatic.com:443
07:31:07 [DEBUG] https://cp.cloudflare.com:443 "GET / HTTP/1.1" 204 0
07:31:07 [DEBUG] Starting new HTTPS connection (1): www.gstatic.com:443
07:31:07 [DEBUG] Starting new HTTPS connection (1): cp.cloudflare.com:443
07:31:07 [DEBUG] https://cp.cloudflare.com:443 "GET / HTTP/1.1" 204 0
07:31:07 [DEBUG] Starting new HTTPS connection (1): www.gstatic.com:443
07:31:07 [DEBUG] https://www.gstatic.com:443 "GET /generate_204 HTTP/1.1" 204 0
07:31:07 [DEBUG] Starting new HTTPS connection (1): www.google.com:443
07:31:07 [DEBUG] Starting new HTTPS connection (1): dl.google.com:443
07:31:07 [DEBUG] https://www.gstatic.com:443 "GET /generate_204 HTTP/1.1" 204 0
07:31:07 [DEBUG] Starting new HTTPS connection (1): www.gstatic.com:443
07:31:07 [DEBUG] https://dl.google.com:443 "GET /dl/android/studio/install/3.4.1.0/android-studio-ide-183.5522156-windows.exe HTTP/1.1" 404 1449
07:31:07 [INFO]    🎯 FI.sattarlink.online (XX) - 0.0Mbps, 179ms UDP✅ Reality [tgju.org]
07:31:07 [DEBUG] Starting new HTTPS connection (1): dl.google.com:443
07:31:08 [DEBUG] https://dl.google.com:443 "GET /dl/android/studio/install/3.4.1.0/android-studio-ide-183.5522156-windows.exe HTTP/1.1" 404 1449
07:31:08 [INFO]    🎯 DE.sattarlink.online (XX) - 0.0Mbps, 242ms UDP✅ Reality [tgju.org]
07:31:08 [DEBUG] https://www.google.com:443 "GET /generate_204 HTTP/1.1" 204 0
07:31:08 [DEBUG] Starting new HTTPS connection (1): cp.cloudflare.com:443
07:31:08 [DEBUG] https://cp.cloudflare.com:443 "GET / HTTP/1.1" 204 0
07:31:08 [DEBUG] Starting new HTTPS connection (1): www.gstatic.com:443
07:31:08 [DEBUG] https://www.gstatic.com:443 "GET /generate_204 HTTP/1.1" 204 0
07:31:08 [DEBUG] Starting new HTTPS connection (1): www.google.com:443
07:31:08 [DEBUG] Starting new HTTPS connection (1): dl.google.com:443
07:31:08 [DEBUG] Starting new HTTPS connection (1): cp.cloudflare.com:443
07:31:08 [DEBUG] Starting new HTTPS connection (1): www.gstatic.com:443
07:31:08 [DEBUG] Starting new HTTPS connection (1): cp.cloudflare.com:443
07:31:09 [DEBUG] Starting new HTTPS connection (1): www.google.com:443
07:31:09 [DEBUG] https://dl.google.com:443 "GET /dl/android/studio/install/3.4.1.0/android-studio-ide-183.5522156-windows.exe HTTP/1.1" 200 1017327996
07:31:09 [DEBUG] Starting new HTTPS connection (1): cp.cloudflare.com:443
07:31:09 [DEBUG] Starting new HTTPS connection (1): www.gstatic.com:443
07:31:09 [DEBUG] Starting new HTTPS connection (1): www.google.com:443
07:31:09 [DEBUG] Starting new HTTPS connection (1): www.gstatic.com:443
07:31:09 [DEBUG] Starting new HTTPS connection (1): cp.cloudflare.com:443
07:31:09 [DEBUG] Starting new HTTPS connection (1): www.gstatic.com:443
07:31:09 [DEBUG] Starting new HTTPS connection (1): www.gstatic.com:443
07:31:09 [INFO]    🎯 185.21.14.122 (Нидерланды) - 0.7Mbps, 175ms UDP✅ Reality [apple.com]
07:31:10 [DEBUG] Starting new HTTPS connection (1): www.google.com:443
07:31:10 [DEBUG] Starting new HTTPS connection (1): cp.cloudflare.com:443
07:31:10 [DEBUG] Starting new HTTPS connection (1): www.gstatic.com:443
07:31:10 [DEBUG] Starting new HTTPS connection (1): www.google.com:443
07:31:10 [DEBUG] Starting new HTTPS connection (1): www.gstatic.com:443
07:31:10 [DEBUG] Starting new HTTPS connection (1): www.google.com:443
07:31:10 [DEBUG] Starting new HTTPS connection (1): www.google.com:443
07:31:11 [DEBUG] Starting new HTTPS connection (1): www.google.com:443
07:31:11 [DEBUG] https://www.google.com:443 "GET /generate_204 HTTP/1.1" 204 0
07:31:11 [DEBUG] Starting new HTTPS connection (1): cp.cloudflare.com:443
07:31:11 [DEBUG] Starting new HTTPS connection (1): www.gstatic.com:443
07:31:11 [DEBUG] Starting new HTTPS connection (1): cp.cloudflare.com:443
07:31:11 [DEBUG] https://cp.cloudflare.com:443 "GET / HTTP/1.1" 204 0
07:31:11 [DEBUG] Starting new HTTPS connection (1): www.gstatic.com:443
07:31:11 [DEBUG] Starting new HTTPS connection (1): cp.cloudflare.com:443
07:31:11 [DEBUG] Starting new HTTPS connection (1): www.gstatic.com:443
07:31:11 [DEBUG] https://www.gstatic.com:443 "GET /generate_204 HTTP/1.1" 204 0
07:31:11 [DEBUG] Starting new HTTPS connection (1): www.gstatic.com:443
07:31:11 [DEBUG] Starting new HTTPS connection (1): www.google.com:443
07:31:11 [DEBUG] Starting new HTTPS connection (1): cp.cloudflare.com:443
07:31:12 [DEBUG] Starting new HTTPS connection (1): www.gstatic.com:443
07:31:12 [DEBUG] Starting new HTTPS connection (1): www.google.com:443
07:31:12 [DEBUG] Starting new HTTPS connection (1): www.google.com:443
07:31:12 [DEBUG] Starting new HTTPS connection (1): www.google.com:443
07:31:13 [DEBUG] Starting new HTTPS connection (1): www.google.com:443
07:31:13 [DEBUG] https://www.google.com:443 "GET /generate_204 HTTP/1.1" 204 0
07:31:13 [DEBUG] Starting new HTTPS connection (1): cp.cloudflare.com:443
07:31:13 [DEBUG] Starting new HTTPS connection (1): www.google.com:443
07:31:13 [DEBUG] https://www.google.com:443 "GET /generate_204 HTTP/1.1" 204 0
07:31:13 [DEBUG] Starting new HTTPS connection (1): cp.cloudflare.com:443
07:31:13 [DEBUG] https://www.google.com:443 "GET /generate_204 HTTP/1.1" 204 0
07:31:13 [DEBUG] Starting new HTTPS connection (1): cp.cloudflare.com:443
07:31:13 [DEBUG] https://www.google.com:443 "GET /generate_204 HTTP/1.1" 204 0
07:31:13 [DEBUG] Starting new HTTPS connection (1): cp.cloudflare.com:443
07:31:13 [DEBUG] https://cp.cloudflare.com:443 "GET / HTTP/1.1" 204 0
07:31:13 [DEBUG] Starting new HTTPS connection (1): www.gstatic.com:443
07:31:13 [DEBUG] https://cp.cloudflare.com:443 "GET / HTTP/1.1" 204 0
07:31:13 [DEBUG] Starting new HTTPS connection (1): www.gstatic.com:443
07:31:14 [DEBUG] https://cp.cloudflare.com:443 "GET / HTTP/1.1" 204 0
07:31:14 [DEBUG] Starting new HTTPS connection (1): www.gstatic.com:443
07:31:14 [DEBUG] Starting new HTTPS connection (1): cp.cloudflare.com:443
07:31:14 [DEBUG] Starting new HTTPS connection (1): dl.google.com:443
07:31:14 [DEBUG] Starting new HTTPS connection (1): www.google.com:443
07:31:14 [INFO]    🎯 dd.openaccessnode.com (XX) - 0.0Mbps, 177ms UDP❌ Reality [nobitex.ir]
07:31:14 [DEBUG] https://www.gstatic.com:443 "GET /generate_204 HTTP/1.1" 204 0
07:31:14 [DEBUG] https://www.gstatic.com:443 "GET /generate_204 HTTP/1.1" 204 0
07:31:14 [DEBUG] https://www.gstatic.com:443 "GET /generate_204 HTTP/1.1" 204 0
07:31:14 [DEBUG] Starting new HTTPS connection (1): dl.google.com:443
07:31:14 [DEBUG] https://www.google.com:443 "GET /generate_204 HTTP/1.1" 204 0
07:31:14 [DEBUG] Starting new HTTPS connection (1): cp.cloudflare.com:443
07:31:14 [DEBUG] Starting new HTTPS connection (1): dl.google.com:443
07:31:14 [DEBUG] Starting new HTTPS connection (1): dl.google.com:443
07:31:15 [DEBUG] https://cp.cloudflare.com:443 "GET / HTTP/1.1" 204 0
07:31:15 [DEBUG] Starting new HTTPS connection (1): www.gstatic.com:443
07:31:15 [DEBUG] https://cp.cloudflare.com:443 "GET / HTTP/1.1" 204 0
07:31:15 [DEBUG] Starting new HTTPS connection (1): www.gstatic.com:443
07:31:15 [DEBUG] https://dl.google.com:443 "GET /dl/android/studio/install/3.4.1.0/android-studio-ide-183.5522156-windows.exe HTTP/1.1" 200 1017327996
07:31:15 [DEBUG] https://www.gstatic.com:443 "GET /generate_204 HTTP/1.1" 204 0
07:31:15 [DEBUG] https://www.gstatic.com:443 "GET /generate_204 HTTP/1.1" 204 0
07:31:15 [DEBUG] https://dl.google.com:443 "GET /dl/android/studio/install/3.4.1.0/android-studio-ide-183.5522156-windows.exe HTTP/1.1" 200 1017327996
07:31:15 [DEBUG] Starting new HTTPS connection (1): www.google.com:443
07:31:15 [DEBUG] Starting new HTTPS connection (1): dl.google.com:443
07:31:15 [INFO]    🎯 45.83.140.34 (CY) - 10.9Mbps, 353ms UDP✅ Reality [tradingview.com]
07:31:16 [DEBUG] Starting new HTTPS connection (1): cp.cloudflare.com:443
07:31:16 [DEBUG] https://dl.google.com:443 "GET /dl/android/studio/install/3.4.1.0/android-studio-ide-183.5522156-windows.exe HTTP/1.1" 200 1017327996
07:31:16 [DEBUG] https://dl.google.com:443 "GET /dl/android/studio/install/3.4.1.0/android-studio-ide-183.5522156-windows.exe HTTP/1.1" 200 1017327996
07:31:16 [DEBUG] Starting new HTTPS connection (1): dl.google.com:443
07:31:16 [DEBUG] Starting new HTTPS connection (1): www.gstatic.com:443
07:31:16 [INFO]    🎯 103.113.70.30 (Молдова) - 11.9Mbps, 356ms UDP✅ Reality [tradingview.com]
07:31:17 [DEBUG] Starting new HTTPS connection (1): www.google.com:443
07:31:17 [DEBUG] Starting new HTTPS connection (1): www.google.com:443
07:31:17 [DEBUG] Starting new HTTPS connection (1): www.gstatic.com:443
07:31:17 [DEBUG] https://dl.google.com:443 "GET /dl/android/studio/install/3.4.1.0/android-studio-ide-183.5522156-windows.exe HTTP/1.1" 200 1017327996
07:31:17 [INFO]    🎯 94.131.101.203 (Молдова) - 5.3Mbps, 502ms UDP✅ Reality [tradingview.com]
07:31:17 [DEBUG] Starting new HTTPS connection (1): cp.cloudflare.com:443
07:31:17 [INFO]    🎯 ilta-wzxrxkdhbjpnprhkkpplsjwawhssvollvxzdhqshiqckwdgrdm.orbnet.xyz (XX) - 4.5Mbps, 616ms UDP✅ Reality [i2pd.website]
07:31:17 [DEBUG] Starting new HTTPS connection (1): cp.cloudflare.com:443
07:31:17 [DEBUG] Starting new HTTPS connection (1): www.google.com:443
07:31:18 [DEBUG] Starting new HTTPS connection (1): www.gstatic.com:443
07:31:18 [DEBUG] Starting new HTTPS connection (1): cp.cloudflare.com:443
07:31:18 [DEBUG] Starting new HTTPS connection (1): www.google.com:443
07:31:18 [DEBUG] Starting new HTTPS connection (1): www.google.com:443
07:31:18 [DEBUG] Starting new HTTPS connection (1): cp.cloudflare.com:443
07:31:18 [DEBUG] Starting new HTTPS connection (1): www.google.com:443
07:31:18 [INFO]    🎯 78.159.131.16 (AL) - 5.6Mbps, 922ms UDP✅ Reality [alb.denditop.site]
07:31:19 [DEBUG] Starting new HTTPS connection (1): www.gstatic.com:443
07:31:19 [DEBUG] Starting new HTTPS connection (1): www.google.com:443
07:31:20 [DEBUG] Starting new HTTPS connection (1): www.google.com:443
07:31:20 [DEBUG] Starting new HTTPS connection (1): www.google.com:443
07:31:21 [DEBUG] Starting new HTTPS connection (1): www.google.com:443
07:31:21 [DEBUG] https://www.google.com:443 "GET /generate_204 HTTP/1.1" 204 0
07:31:21 [DEBUG] Starting new HTTPS connection (1): cp.cloudflare.com:443
07:31:21 [DEBUG] https://cp.cloudflare.com:443 "GET / HTTP/1.1" 204 0
07:31:21 [DEBUG] Starting new HTTPS connection (1): www.gstatic.com:443
07:31:21 [DEBUG] Starting new HTTPS connection (1): www.gstatic.com:443
07:31:21 [DEBUG] https://www.gstatic.com:443 "GET /generate_204 HTTP/1.1" 204 0
07:31:21 [DEBUG] https://www.google.com:443 "GET /generate_204 HTTP/1.1" 204 0
07:31:21 [DEBUG] Starting new HTTPS connection (1): cp.cloudflare.com:443
07:31:21 [DEBUG] Starting new HTTPS connection (1): dl.google.com:443
07:31:21 [DEBUG] https://dl.google.com:443 "GET /dl/android/studio/install/3.4.1.0/android-studio-ide-183.5522156-windows.exe HTTP/1.1" 200 1017327996
07:31:22 [INFO]    🎯 217.154.254.198 (Германия) - 49.2Mbps, 146ms UDP✅ Reality [azure.com]
07:31:22 [DEBUG] Starting new HTTPS connection (1): cp.cloudflare.com:443
07:31:22 [DEBUG] https://www.google.com:443 "GET /generate_204 HTTP/1.1" 204 0
07:31:22 [DEBUG] Starting new HTTPS connection (1): cp.cloudflare.com:443
07:31:22 [DEBUG] Starting new HTTPS connection (1): cp.cloudflare.com:443
07:31:22 [DEBUG] https://cp.cloudflare.com:443 "GET / HTTP/1.1" 204 0
07:31:22 [DEBUG] Starting new HTTPS connection (1): www.gstatic.com:443
07:31:22 [DEBUG] Starting new HTTPS connection (1): www.gstatic.com:443
07:31:23 [DEBUG] Starting new HTTPS connection (1): www.google.com:443
07:31:23 [DEBUG] Starting new HTTPS connection (1): www.google.com:443
07:31:24 [DEBUG] https://www.gstatic.com:443 "GET /generate_204 HTTP/1.1" 204 0
07:31:25 [DEBUG] Starting new HTTPS connection (1): cp.cloudflare.com:443
07:31:25 [INFO]    🎯 panelsaf.netvip1.ru (XX) - 0.8Mbps, 387ms UDP✅ Reality [refersion.com]
07:31:25 [DEBUG] Starting new HTTPS connection (1): cp.cloudflare.com:443
07:31:26 [DEBUG] Starting new HTTPS connection (1): www.gstatic.com:443
07:31:26 [DEBUG] Starting new HTTPS connection (1): dl.google.com:443
07:31:26 [DEBUG] Starting new HTTPS connection (1): www.google.com:443
07:31:27 [DEBUG] Starting new HTTPS connection (1): www.gstatic.com:443
07:31:27 [DEBUG] Starting new HTTPS connection (1): www.gstatic.com:443
07:31:27 [INFO]    📊 Global: 120/400 (30%) | ✅46 ❌74
07:31:28 [DEBUG] Starting new HTTPS connection (1): cp.cloudflare.com:443
07:31:28 [DEBUG] Starting new HTTPS connection (1): cp.cloudflare.com:443
07:31:28 [DEBUG] https://www.google.com:443 "GET /generate_204 HTTP/1.1" 204 0
07:31:28 [DEBUG] Starting new HTTPS connection (1): cp.cloudflare.com:443
07:31:29 [DEBUG] Starting new HTTPS connection (1): www.google.com:443
07:31:29 [DEBUG] https://cp.cloudflare.com:443 "GET / HTTP/1.1" 204 0
07:31:29 [DEBUG] Starting new HTTPS connection (1): www.gstatic.com:443
07:31:30 [DEBUG] https://dl.google.com:443 "GET /dl/android/studio/install/3.4.1.0/android-studio-ide-183.5522156-windows.exe HTTP/1.1" 200 1017327996
07:31:30 [DEBUG] Starting new HTTPS connection (1): www.gstatic.com:443
07:31:30 [DEBUG] Starting new HTTPS connection (1): www.google.com:443
07:31:30 [DEBUG] Starting new HTTPS connection (1): www.gstatic.com:443
07:31:31 [DEBUG] Starting new HTTPS connection (1): cp.cloudflare.com:443
07:31:31 [DEBUG] Starting new HTTPS connection (1): www.gstatic.com:443
07:31:31 [DEBUG] Starting new HTTPS connection (1): cp.cloudflare.com:443
07:31:32 [DEBUG] Starting new HTTPS connection (1): www.google.com:443
07:31:32 [DEBUG] https://www.google.com:443 "GET /generate_204 HTTP/1.1" 204 0
07:31:32 [DEBUG] Starting new HTTPS connection (1): cp.cloudflare.com:443
07:31:32 [DEBUG] https://cp.cloudflare.com:443 "GET / HTTP/1.1" 204 0
07:31:32 [DEBUG] Starting new HTTPS connection (1): www.gstatic.com:443
07:31:32 [DEBUG] https://www.gstatic.com:443 "GET /generate_204 HTTP/1.1" 204 0
07:31:33 [DEBUG] https://www.gstatic.com:443 "GET /generate_204 HTTP/1.1" 204 0
07:31:33 [DEBUG] Starting new HTTPS connection (1): www.gstatic.com:443
07:31:33 [DEBUG] Starting new HTTPS connection (1): www.gstatic.com:443
07:31:33 [DEBUG] Starting new HTTPS connection (1): www.google.com:443
07:31:33 [DEBUG] Starting new HTTPS connection (1): dl.google.com:443
07:31:33 [DEBUG] Starting new HTTPS connection (1): www.google.com:443
07:31:33 [DEBUG] Starting new HTTPS connection (1): www.gstatic.com:443
07:31:33 [DEBUG] https://www.google.com:443 "GET /generate_204 HTTP/1.1" 204 0
07:31:33 [DEBUG] Starting new HTTPS connection (1): cp.cloudflare.com:443
07:31:33 [DEBUG] https://www.gstatic.com:443 "GET /generate_204 HTTP/1.1" 204 0
07:31:34 [DEBUG] https://cp.cloudflare.com:443 "GET / HTTP/1.1" 204 0
07:31:34 [DEBUG] Starting new HTTPS connection (1): www.gstatic.com:443
07:31:34 [DEBUG] https://www.gstatic.com:443 "GET /generate_204 HTTP/1.1" 204 0
07:31:35 [DEBUG] Starting new HTTPS connection (1): www.google.com:443
07:31:35 [DEBUG] https://dl.google.com:443 "GET /dl/android/studio/install/3.4.1.0/android-studio-ide-183.5522156-windows.exe HTTP/1.1" 200 1017327996
07:31:35 [DEBUG] https://www.google.com:443 "GET /generate_204 HTTP/1.1" 204 0
07:31:35 [DEBUG] Starting new HTTPS connection (1): cp.cloudflare.com:443
07:31:35 [DEBUG] Starting new HTTPS connection (1): dl.google.com:443
07:31:35 [DEBUG] https://cp.cloudflare.com:443 "GET / HTTP/1.1" 204 0
07:31:35 [DEBUG] Starting new HTTPS connection (1): www.gstatic.com:443
07:31:35 [DEBUG] https://dl.google.com:443 "GET /dl/android/studio/install/3.4.1.0/android-studio-ide-183.5522156-windows.exe HTTP/1.1" 404 1449
07:31:35 [INFO]    🎯 fr.locations-service.com (XX) - 0.0Mbps, 101ms UDP❌ Reality [refersion.com]
07:31:36 [DEBUG] https://www.gstatic.com:443 "GET /generate_204 HTTP/1.1" 204 0
07:31:36 [DEBUG] Starting new HTTPS connection (1): www.google.com:443
07:31:36 [DEBUG] Starting new HTTPS connection (1): dl.google.com:443
07:31:36 [DEBUG] https://www.google.com:443 "GET /generate_204 HTTP/1.1" 204 0
07:31:36 [DEBUG] Starting new HTTPS connection (1): cp.cloudflare.com:443
07:31:36 [DEBUG] https://dl.google.com:443 "GET /dl/android/studio/install/3.4.1.0/android-studio-ide-183.5522156-windows.exe HTTP/1.1" 200 1017327996
07:31:36 [DEBUG] Starting new HTTPS connection (1): www.google.com:443
07:31:36 [DEBUG] https://cp.cloudflare.com:443 "GET / HTTP/1.1" 204 0
07:31:36 [DEBUG] Starting new HTTPS connection (1): www.gstatic.com:443
07:31:37 [DEBUG] Starting new HTTPS connection (1): www.google.com:443
07:31:37 [DEBUG] Starting new HTTPS connection (1): www.google.com:443
07:31:37 [DEBUG] https://www.gstatic.com:443 "GET /generate_204 HTTP/1.1" 204 0
07:31:37 [DEBUG] https://www.google.com:443 "GET /generate_204 HTTP/1.1" 204 0
07:31:37 [DEBUG] Starting new HTTPS connection (1): cp.cloudflare.com:443
07:31:37 [DEBUG] Starting new HTTPS connection (1): dl.google.com:443
07:31:37 [DEBUG] https://cp.cloudflare.com:443 "GET / HTTP/1.1" 204 0
07:31:37 [DEBUG] Starting new HTTPS connection (1): www.gstatic.com:443
07:31:37 [DEBUG] Starting new HTTPS connection (1): dl.google.com:443
07:31:37 [INFO]    🎯 srv4.outlinekeys.com (XX) - 10.0Mbps, 356ms UDP✅ Reality [sun1-90.userapi.com]
07:31:37 [DEBUG] Starting new HTTPS connection (1): cp.cloudflare.com:443
07:31:37 [DEBUG] https://dl.google.com:443 "GET /dl/android/studio/install/3.4.1.0/android-studio-ide-183.5522156-windows.exe HTTP/1.1" 200 1017327996
07:31:38 [DEBUG] https://www.gstatic.com:443 "GET /generate_204 HTTP/1.1" 204 0
07:31:38 [DEBUG] Starting new HTTPS connection (1): dl.google.com:443
07:31:38 [DEBUG] https://dl.google.com:443 "GET /dl/android/studio/install/3.4.1.0/android-studio-ide-183.5522156-windows.exe HTTP/1.1" 200 1017327996
07:31:38 [DEBUG] Starting new HTTPS connection (1): cp.cloudflare.com:443
07:31:38 [DEBUG] https://dl.google.com:443 "GET /dl/android/studio/install/3.4.1.0/android-studio-ide-183.5522156-windows.exe HTTP/1.1" 200 1017327996
07:31:38 [INFO]    🎯 just-server.ru (XX) - 11.5Mbps, 275ms UDP✅ Reality [sun6-21.userapi.com]
07:31:38 [INFO]    🎯 77.83.245.220 (Турция) - 2.5Mbps, 2168ms UDP✅ Reality [mailru.ookcdn.ru]
07:31:38 [DEBUG] Starting new HTTPS connection (1): www.gstatic.com:443
07:31:38 [INFO]    🎯 dublin.pryanik.net.ru (XX) - 26.1Mbps, 366ms UDP✅ Reality [sun6-21.userapi.com]
07:31:38 [DEBUG] Starting new HTTPS connection (1): www.google.com:443
07:31:38 [INFO]    🎯 fin.pryanik.net.ru (XX) - 10.1Mbps, 444ms UDP❌ Reality [sun6-21.userapi.com]
07:31:39 [DEBUG] Starting new HTTPS connection (1): www.google.com:443
07:31:39 [DEBUG] Starting new HTTPS connection (1): www.google.com:443
07:31:39 [DEBUG] Starting new HTTPS connection (1): www.google.com:443
07:31:39 [DEBUG] Starting new HTTPS connection (1): www.google.com:443
07:31:40 [DEBUG] Starting new HTTPS connection (1): cp.cloudflare.com:443
07:31:40 [DEBUG] Starting new HTTPS connection (1): www.google.com:443
07:31:40 [DEBUG] https://cp.cloudflare.com:443 "GET / HTTP/1.1" 204 0
07:31:40 [DEBUG] Starting new HTTPS connection (1): www.gstatic.com:443
07:31:40 [DEBUG] Starting new HTTPS connection (1): cp.cloudflare.com:443
07:31:40 [DEBUG] Starting new HTTPS connection (1): cp.cloudflare.com:443
07:31:40 [DEBUG] Starting new HTTPS connection (1): cp.cloudflare.com:443
07:31:40 [DEBUG] Starting new HTTPS connection (1): www.gstatic.com:443
07:31:40 [DEBUG] Starting new HTTPS connection (1): www.gstatic.com:443
07:31:40 [DEBUG] Starting new HTTPS connection (1): www.gstatic.com:443
07:31:41 [DEBUG] Starting new HTTPS connection (1): www.gstatic.com:443
07:31:41 [DEBUG] Starting new HTTPS connection (1): www.google.com:443
07:31:41 [DEBUG] https://www.google.com:443 "GET /generate_204 HTTP/1.1" 204 0
07:31:41 [DEBUG] Starting new HTTPS connection (1): cp.cloudflare.com:443
07:31:41 [DEBUG] https://www.gstatic.com:443 "GET /generate_204 HTTP/1.1" 204 0
07:31:42 [DEBUG] https://cp.cloudflare.com:443 "GET / HTTP/1.1" 204 0
07:31:42 [DEBUG] Starting new HTTPS connection (1): www.gstatic.com:443
07:31:42 [DEBUG] Starting new HTTPS connection (1): cp.cloudflare.com:443
07:31:42 [DEBUG] https://www.gstatic.com:443 "GET /generate_204 HTTP/1.1" 204 0
07:31:42 [DEBUG] Starting new HTTPS connection (1): www.google.com:443
07:31:42 [DEBUG] Starting new HTTPS connection (1): www.gstatic.com:443
07:31:42 [DEBUG] Starting new HTTPS connection (1): dl.google.com:443
07:31:42 [DEBUG] Starting new HTTPS connection (1): www.google.com:443
07:31:42 [DEBUG] Starting new HTTPS connection (1): www.google.com:443
07:31:42 [DEBUG] https://dl.google.com:443 "GET /dl/android/studio/install/3.4.1.0/android-studio-ide-183.5522156-windows.exe HTTP/1.1" 200 1017327996
07:31:42 [DEBUG] Starting new HTTPS connection (1): www.google.com:443
07:31:42 [DEBUG] Starting new HTTPS connection (1): cp.cloudflare.com:443
07:31:42 [DEBUG] Starting new HTTPS connection (1): cp.cloudflare.com:443
07:31:42 [DEBUG] Starting new HTTPS connection (1): www.gstatic.com:443
07:31:42 [INFO]    🎯 94.103.1.230 (Нидерланды) - 30.1Mbps, 259ms UDP✅ Reality [sun6-21.userapi.com]
07:31:43 [DEBUG] Starting new HTTPS connection (1): cp.cloudflare.com:443
07:31:44 [DEBUG] Starting new HTTPS connection (1): www.google.com:443
07:31:44 [DEBUG] Starting new HTTPS connection (1): www.google.com:443
07:31:44 [DEBUG] Starting new HTTPS connection (1): www.google.com:443
07:31:44 [DEBUG] Starting new HTTPS connection (1): cp.cloudflare.com:443
07:31:44 [DEBUG] Starting new HTTPS connection (1): www.gstatic.com:443
07:31:44 [DEBUG] https://www.google.com:443 "GET /generate_204 HTTP/1.1" 204 0
07:31:44 [DEBUG] Starting new HTTPS connection (1): cp.cloudflare.com:443
07:31:44 [DEBUG] https://cp.cloudflare.com:443 "GET / HTTP/1.1" 204 0
07:31:44 [DEBUG] Starting new HTTPS connection (1): www.gstatic.com:443
07:31:44 [DEBUG] https://www.gstatic.com:443 "GET /generate_204 HTTP/1.1" 204 0
07:31:44 [DEBUG] Starting new HTTPS connection (1): dl.google.com:443
07:31:44 [DEBUG] Starting new HTTPS connection (1): cp.cloudflare.com:443
07:31:44 [DEBUG] Starting new HTTPS connection (1): cp.cloudflare.com:443
07:31:44 [DEBUG] https://dl.google.com:443 "GET /dl/android/studio/install/3.4.1.0/android-studio-ide-183.5522156-windows.exe HTTP/1.1" 200 1017327996
07:31:44 [DEBUG] Starting new HTTPS connection (1): cp.cloudflare.com:443
07:31:44 [INFO]    🎯 65.109.179.221 (Финляндия) - 35.0Mbps, 103ms UDP✅  []
07:31:44 [DEBUG] Starting new HTTPS connection (1): dl.google.com:443
07:31:45 [DEBUG] Starting new HTTPS connection (1): www.gstatic.com:443
07:31:45 [DEBUG] Starting new HTTPS connection (1): www.google.com:443
07:31:45 [DEBUG] Starting new HTTPS connection (1): cp.cloudflare.com:443
07:31:46 [DEBUG] Starting new HTTPS connection (1): www.google.com:443
07:31:46 [DEBUG] Starting new HTTPS connection (1): cp.cloudflare.com:443
07:31:46 [DEBUG] Starting new HTTPS connection (1): www.gstatic.com:443
07:31:46 [DEBUG] Starting new HTTPS connection (1): www.gstatic.com:443
07:31:46 [DEBUG] Starting new HTTPS connection (1): www.gstatic.com:443
07:31:46 [DEBUG] Starting new HTTPS connection (1): www.gstatic.com:443
07:31:46 [DEBUG] Starting new HTTPS connection (1): www.gstatic.com:443
07:31:47 [DEBUG] Starting new HTTPS connection (1): www.google.com:443
07:31:47 [DEBUG] Starting new HTTPS connection (1): www.google.com:443
07:31:49 [DEBUG] Starting new HTTPS connection (1): www.gstatic.com:443
07:31:49 [DEBUG] Starting new HTTPS connection (1): cp.cloudflare.com:443
07:31:49 [DEBUG] Starting new HTTPS connection (1): www.google.com:443
07:31:49 [DEBUG] Starting new HTTPS connection (1): cp.cloudflare.com:443
07:31:49 [DEBUG] Starting new HTTPS connection (1): www.gstatic.com:443
07:31:49 [DEBUG] Starting new HTTPS connection (1): www.google.com:443
07:31:49 [DEBUG] Starting new HTTPS connection (1): cp.cloudflare.com:443
07:31:49 [DEBUG] Starting new HTTPS connection (1): www.google.com:443
07:31:49 [DEBUG] Starting new HTTPS connection (1): www.google.com:443
07:31:50 [DEBUG] Starting new HTTPS connection (1): cp.cloudflare.com:443
07:31:50 [DEBUG] Starting new HTTPS connection (1): www.google.com:443
07:31:50 [DEBUG] Starting new HTTPS connection (1): cp.cloudflare.com:443
07:31:50 [DEBUG] Starting new HTTPS connection (1): www.gstatic.com:443
07:31:50 [DEBUG] https://dl.google.com:443 "GET /dl/android/studio/install/3.4.1.0/android-studio-ide-183.5522156-windows.exe HTTP/1.1" 200 1017327996
07:31:50 [INFO]    🎯 nld14.freednet.org (XX) - 2.2Mbps, 1830ms UDP❌ Reality [www.cybo.com]
07:31:51 [DEBUG] Starting new HTTPS connection (1): www.google.com:443
07:31:52 [DEBUG] Starting new HTTPS connection (1): www.google.com:443
07:31:52 [DEBUG] Starting new HTTPS connection (1): www.gstatic.com:443
07:31:52 [DEBUG] Starting new HTTPS connection (1): cp.cloudflare.com:443
07:31:52 [DEBUG] Starting new HTTPS connection (1): www.gstatic.com:443
07:31:53 [DEBUG] Starting new HTTPS connection (1): cp.cloudflare.com:443
07:31:54 [DEBUG] Starting new HTTPS connection (1): cp.cloudflare.com:443
07:31:54 [DEBUG] Starting new HTTPS connection (1): www.gstatic.com:443
07:31:54 [DEBUG] Starting new HTTPS connection (1): www.gstatic.com:443
07:31:54 [DEBUG] Starting new HTTPS connection (1): cp.cloudflare.com:443
07:31:54 [DEBUG] Starting new HTTPS connection (1): cp.cloudflare.com:443
07:31:55 [DEBUG] Starting new HTTPS connection (1): www.google.com:443
07:31:55 [DEBUG] Starting new HTTPS connection (1): cp.cloudflare.com:443
07:31:55 [DEBUG] Starting new HTTPS connection (1): www.gstatic.com:443
07:31:55 [DEBUG] Starting new HTTPS connection (1): www.google.com:443
07:31:55 [DEBUG] Starting new HTTPS connection (1): cp.cloudflare.com:443
07:31:55 [DEBUG] Starting new HTTPS connection (1): www.gstatic.com:443
07:31:55 [DEBUG] Starting new HTTPS connection (1): www.gstatic.com:443
07:31:56 [DEBUG] Starting new HTTPS connection (1): www.google.com:443
07:31:56 [DEBUG] Starting new HTTPS connection (1): cp.cloudflare.com:443
07:31:56 [DEBUG] Starting new HTTPS connection (1): www.gstatic.com:443
07:31:56 [INFO]    📊 Global: 160/400 (40%) | ✅55 ❌105
07:31:56 [DEBUG] Starting new HTTPS connection (1): www.gstatic.com:443
07:31:56 [DEBUG] Starting new HTTPS connection (1): www.google.com:443
07:31:56 [DEBUG] Starting new HTTPS connection (1): cp.cloudflare.com:443
07:31:56 [DEBUG] Starting new HTTPS connection (1): www.gstatic.com:443
07:31:56 [DEBUG] Starting new HTTPS connection (1): www.google.com:443
07:31:57 [DEBUG] Starting new HTTPS connection (1): www.google.com:443
07:31:57 [DEBUG] Starting new HTTPS connection (1): www.google.com:443
07:31:57 [DEBUG] Starting new HTTPS connection (1): cp.cloudflare.com:443
07:31:57 [DEBUG] Starting new HTTPS connection (1): www.gstatic.com:443
07:31:58 [DEBUG] Starting new HTTPS connection (1): www.google.com:443
07:31:58 [DEBUG] Starting new HTTPS connection (1): cp.cloudflare.com:443
07:31:59 [DEBUG] Starting new HTTPS connection (1): www.google.com:443
07:31:59 [DEBUG] Starting new HTTPS connection (1): www.google.com:443
07:31:59 [DEBUG] Starting new HTTPS connection (1): cp.cloudflare.com:443
07:31:59 [DEBUG] Starting new HTTPS connection (1): www.gstatic.com:443
07:31:59 [DEBUG] Starting new HTTPS connection (1): cp.cloudflare.com:443
07:31:59 [DEBUG] Starting new HTTPS connection (1): www.google.com:443
07:31:59 [DEBUG] Starting new HTTPS connection (1): www.gstatic.com:443
07:31:59 [DEBUG] Starting new HTTPS connection (1): www.gstatic.com:443
07:32:00 [DEBUG] Starting new HTTPS connection (1): www.google.com:443
07:32:00 [DEBUG] Starting new HTTPS connection (1): cp.cloudflare.com:443
07:32:00 [DEBUG] Starting new HTTPS connection (1): www.gstatic.com:443
07:32:00 [DEBUG] Starting new HTTPS connection (1): www.google.com:443
07:32:00 [DEBUG] Starting new HTTPS connection (1): cp.cloudflare.com:443
07:32:00 [DEBUG] Starting new HTTPS connection (1): www.gstatic.com:443
07:32:00 [DEBUG] Starting new HTTPS connection (1): cp.cloudflare.com:443
07:32:01 [DEBUG] Starting new HTTPS connection (1): www.gstatic.com:443
07:32:01 [DEBUG] Starting new HTTPS connection (1): cp.cloudflare.com:443
07:32:01 [DEBUG] https://www.google.com:443 "GET /generate_204 HTTP/1.1" 204 0
07:32:01 [DEBUG] Starting new HTTPS connection (1): cp.cloudflare.com:443
07:32:01 [DEBUG] Starting new HTTPS connection (1): www.gstatic.com:443
07:32:01 [DEBUG] Starting new HTTPS connection (1): www.google.com:443
07:32:01 [DEBUG] Starting new HTTPS connection (1): cp.cloudflare.com:443
07:32:01 [DEBUG] Starting new HTTPS connection (1): www.gstatic.com:443
07:32:01 [DEBUG] Starting new HTTPS connection (1): www.google.com:443
07:32:01 [DEBUG] https://cp.cloudflare.com:443 "GET / HTTP/1.1" 204 0
07:32:01 [DEBUG] Starting new HTTPS connection (1): www.gstatic.com:443
07:32:02 [DEBUG] https://www.google.com:443 "GET /generate_204 HTTP/1.1" 204 0
07:32:02 [DEBUG] Starting new HTTPS connection (1): cp.cloudflare.com:443
07:32:02 [DEBUG] Starting new HTTPS connection (1): www.gstatic.com:443
07:32:02 [DEBUG] https://www.gstatic.com:443 "GET /generate_204 HTTP/1.1" 204 0
07:32:02 [DEBUG] Starting new HTTPS connection (1): www.google.com:443
07:32:02 [DEBUG] https://www.google.com:443 "GET /generate_204 HTTP/1.1" 204 0
07:32:02 [DEBUG] Starting new HTTPS connection (1): cp.cloudflare.com:443
07:32:02 [DEBUG] Starting new HTTPS connection (1): dl.google.com:443
07:32:02 [DEBUG] https://cp.cloudflare.com:443 "GET / HTTP/1.1" 204 0
07:32:02 [DEBUG] Starting new HTTPS connection (1): www.gstatic.com:443
07:32:03 [DEBUG] https://www.gstatic.com:443 "GET /generate_204 HTTP/1.1" 204 0
07:32:03 [DEBUG] Starting new HTTPS connection (1): dl.google.com:443
07:32:03 [DEBUG] https://dl.google.com:443 "GET /dl/android/studio/install/3.4.1.0/android-studio-ide-183.5522156-windows.exe HTTP/1.1" 404 1449
07:32:03 [INFO]    🎯 185.18.250.252 (Швейцария) - 0.0Mbps, 80ms UDP✅  []
07:32:03 [DEBUG] Starting new HTTPS connection (1): www.gstatic.com:443
07:32:04 [DEBUG] Starting new HTTPS connection (1): www.google.com:443
07:32:04 [DEBUG] https://dl.google.com:443 "GET /dl/android/studio/install/3.4.1.0/android-studio-ide-183.5522156-windows.exe HTTP/1.1" 404 1449
07:32:04 [INFO]    🎯 45.131.209.130 (Нидерланды) - 0.0Mbps, 1094ms UDP✅  []
07:32:04 [DEBUG] https://www.google.com:443 "GET /generate_204 HTTP/1.1" 204 0
07:32:04 [DEBUG] Starting new HTTPS connection (1): cp.cloudflare.com:443
07:32:04 [DEBUG] Starting new HTTPS connection (1): www.google.com:443
07:32:04 [DEBUG] https://cp.cloudflare.com:443 "GET / HTTP/1.1" 204 0
07:32:04 [DEBUG] Starting new HTTPS connection (1): www.gstatic.com:443
07:32:04 [DEBUG] Starting new HTTPS connection (1): www.google.com:443
07:32:04 [DEBUG] Starting new HTTPS connection (1): cp.cloudflare.com:443
07:32:04 [DEBUG] Starting new HTTPS connection (1): www.gstatic.com:443
07:32:04 [DEBUG] https://cp.cloudflare.com:443 "GET / HTTP/1.1" 204 0
07:32:04 [DEBUG] Starting new HTTPS connection (1): www.gstatic.com:443
07:32:04 [DEBUG] https://www.gstatic.com:443 "GET /generate_204 HTTP/1.1" 204 0
07:32:04 [DEBUG] Starting new HTTPS connection (1): dl.google.com:443
07:32:05 [DEBUG] https://dl.google.com:443 "GET /dl/android/studio/install/3.4.1.0/android-studio-ide-183.5522156-windows.exe HTTP/1.1" 200 1017327996
07:32:05 [DEBUG] Starting new HTTPS connection (1): www.google.com:443
07:32:05 [DEBUG] Starting new HTTPS connection (1): www.google.com:443
07:32:05 [DEBUG] Starting new HTTPS connection (1): www.google.com:443
07:32:05 [DEBUG] Starting new HTTPS connection (1): cp.cloudflare.com:443
07:32:05 [DEBUG] Starting new HTTPS connection (1): www.gstatic.com:443
07:32:06 [DEBUG] Starting new HTTPS connection (1): www.google.com:443
07:32:06 [DEBUG] Starting new HTTPS connection (1): cp.cloudflare.com:443
07:32:06 [DEBUG] Starting new HTTPS connection (1): www.gstatic.com:443
07:32:06 [DEBUG] Starting new HTTPS connection (1): www.google.com:443
07:32:06 [INFO]    🎯 192.248.186.10 (Германия) - 8.3Mbps, 213ms UDP✅  []
07:32:06 [DEBUG] Starting new HTTPS connection (1): www.google.com:443
07:32:07 [DEBUG] Starting new HTTPS connection (1): www.google.com:443
07:32:07 [DEBUG] Starting new HTTPS connection (1): cp.cloudflare.com:443
07:32:07 [DEBUG] Starting new HTTPS connection (1): www.gstatic.com:443
07:32:07 [DEBUG] Starting new HTTPS connection (1): www.google.com:443
07:32:07 [DEBUG] Starting new HTTPS connection (1): cp.cloudflare.com:443
07:32:07 [DEBUG] Starting new HTTPS connection (1): www.google.com:443
07:32:07 [DEBUG] Starting new HTTPS connection (1): cp.cloudflare.com:443
07:32:08 [DEBUG] https://www.google.com:443 "GET /generate_204 HTTP/1.1" 204 0
07:32:08 [DEBUG] Starting new HTTPS connection (1): cp.cloudflare.com:443
07:32:08 [DEBUG] https://www.gstatic.com:443 "GET /generate_204 HTTP/1.1" 204 0
07:32:08 [DEBUG] Starting new HTTPS connection (1): www.google.com:443
07:32:08 [DEBUG] https://cp.cloudflare.com:443 "GET / HTTP/1.1" 204 0
07:32:08 [DEBUG] Starting new HTTPS connection (1): www.gstatic.com:443
07:32:08 [DEBUG] Starting new HTTPS connection (1): cp.cloudflare.com:443
07:32:08 [DEBUG] https://www.google.com:443 "GET /generate_204 HTTP/1.1" 204 0
07:32:08 [DEBUG] Starting new HTTPS connection (1): cp.cloudflare.com:443
07:32:09 [DEBUG] https://www.gstatic.com:443 "GET /generate_204 HTTP/1.1" 204 0
07:32:09 [DEBUG] Starting new HTTPS connection (1): dl.google.com:443
07:32:09 [DEBUG] https://cp.cloudflare.com:443 "GET / HTTP/1.1" 204 0
07:32:09 [DEBUG] Starting new HTTPS connection (1): www.gstatic.com:443
07:32:09 [DEBUG] Starting new HTTPS connection (1): cp.cloudflare.com:443
07:32:09 [DEBUG] Starting new HTTPS connection (1): www.gstatic.com:443
07:32:09 [DEBUG] Starting new HTTPS connection (1): dl.google.com:443
07:32:09 [DEBUG] Starting new HTTPS connection (1): www.gstatic.com:443
07:32:09 [DEBUG] https://dl.google.com:443 "GET /dl/android/studio/install/3.4.1.0/android-studio-ide-183.5522156-windows.exe HTTP/1.1" 200 1017327996
07:32:09 [DEBUG] https://www.gstatic.com:443 "GET /generate_204 HTTP/1.1" 204 0
07:32:10 [DEBUG] Starting new HTTPS connection (1): dl.google.com:443
07:32:10 [DEBUG] https://dl.google.com:443 "GET /dl/android/studio/install/3.4.1.0/android-studio-ide-183.5522156-windows.exe HTTP/1.1" 200 1017327996
07:32:10 [DEBUG] Starting new HTTPS connection (1): www.gstatic.com:443
07:32:11 [DEBUG] Starting new HTTPS connection (1): cp.cloudflare.com:443
07:32:11 [INFO]    🎯 159.69.162.184 (Германия) - 6.2Mbps, 445ms UDP✅  []
07:32:12 [DEBUG] Starting new HTTPS connection (1): www.gstatic.com:443
07:32:12 [DEBUG] Starting new HTTPS connection (1): cp.cloudflare.com:443
07:32:12 [DEBUG] Starting new HTTPS connection (1): www.google.com:443
07:32:12 [INFO]    🎯 159.69.162.184 (Германия) - 5.2Mbps, 534ms UDP✅  []
07:32:12 [DEBUG] Starting new HTTPS connection (1): www.google.com:443
07:32:12 [DEBUG] Starting new HTTPS connection (1): cp.cloudflare.com:443
07:32:12 [DEBUG] Starting new HTTPS connection (1): www.gstatic.com:443
07:32:13 [DEBUG] Starting new HTTPS connection (1): www.google.com:443
07:32:13 [DEBUG] https://www.google.com:443 "GET /generate_204 HTTP/1.1" 204 0
07:32:13 [DEBUG] Starting new HTTPS connection (1): cp.cloudflare.com:443
07:32:13 [DEBUG] https://dl.google.com:443 "GET /dl/android/studio/install/3.4.1.0/android-studio-ide-183.5522156-windows.exe HTTP/1.1" 200 1017327996
07:32:13 [DEBUG] https://cp.cloudflare.com:443 "GET / HTTP/1.1" 204 0
07:32:13 [DEBUG] Starting new HTTPS connection (1): www.gstatic.com:443
07:32:14 [DEBUG] Starting new HTTPS connection (1): www.google.com:443
07:32:14 [DEBUG] https://www.gstatic.com:443 "GET /generate_204 HTTP/1.1" 204 0
07:32:14 [DEBUG] Starting new HTTPS connection (1): cp.cloudflare.com:443
07:32:14 [DEBUG] Starting new HTTPS connection (1): www.google.com:443
07:32:14 [DEBUG] Starting new HTTPS connection (1): www.google.com:443
07:32:14 [DEBUG] Starting new HTTPS connection (1): www.gstatic.com:443
07:32:14 [DEBUG] Starting new HTTPS connection (1): dl.google.com:443
07:32:14 [DEBUG] Starting new HTTPS connection (1): www.gstatic.com:443
07:32:14 [DEBUG] https://dl.google.com:443 "GET /dl/android/studio/install/3.4.1.0/android-studio-ide-183.5522156-windows.exe HTTP/1.1" 200 1017327996
07:32:15 [DEBUG] Starting new HTTPS connection (1): cp.cloudflare.com:443
07:32:15 [DEBUG] Starting new HTTPS connection (1): www.google.com:443
07:32:16 [DEBUG] Starting new HTTPS connection (1): cp.cloudflare.com:443
07:32:16 [DEBUG] Starting new HTTPS connection (1): cp.cloudflare.com:443
07:32:16 [INFO]    🎯 159.69.162.184 (Германия) - 6.5Mbps, 486ms UDP✅  []
07:32:17 [DEBUG] Starting new HTTPS connection (1): www.gstatic.com:443
07:32:17 [DEBUG] Starting new HTTPS connection (1): www.gstatic.com:443
07:32:17 [DEBUG] Starting new HTTPS connection (1): cp.cloudflare.com:443
07:32:17 [DEBUG] Starting new HTTPS connection (1): www.google.com:443
07:32:18 [DEBUG] Starting new HTTPS connection (1): www.google.com:443
07:32:18 [DEBUG] Starting new HTTPS connection (1): www.gstatic.com:443
07:32:18 [DEBUG] Starting new HTTPS connection (1): www.gstatic.com:443
07:32:19 [DEBUG] Starting new HTTPS connection (1): www.gstatic.com:443
07:32:19 [DEBUG] Starting new HTTPS connection (1): cp.cloudflare.com:443
07:32:20 [DEBUG] Starting new HTTPS connection (1): cp.cloudflare.com:443
07:32:20 [DEBUG] Starting new HTTPS connection (1): www.google.com:443
07:32:20 [DEBUG] Starting new HTTPS connection (1): www.google.com:443
07:32:21 [DEBUG] Starting new HTTPS connection (1): www.google.com:443
07:32:21 [DEBUG] Starting new HTTPS connection (1): www.google.com:443
07:32:21 [DEBUG] Starting new HTTPS connection (1): cp.cloudflare.com:443
07:32:21 [DEBUG] Starting new HTTPS connection (1): www.gstatic.com:443
07:32:21 [DEBUG] Starting new HTTPS connection (1): www.gstatic.com:443
07:32:22 [DEBUG] Starting new HTTPS connection (1): www.gstatic.com:443
07:32:22 [DEBUG] Starting new HTTPS connection (1): cp.cloudflare.com:443
07:32:22 [DEBUG] Starting new HTTPS connection (1): www.google.com:443
07:32:22 [DEBUG] Starting new HTTPS connection (1): cp.cloudflare.com:443
07:32:22 [DEBUG] Starting new HTTPS connection (1): www.gstatic.com:443
07:32:22 [DEBUG] Starting new HTTPS connection (1): cp.cloudflare.com:443
07:32:22 [INFO]    📊 Global: 200/400 (50%) | ✅61 ❌139
07:32:23 [DEBUG] Starting new HTTPS connection (1): www.google.com:443
07:32:23 [DEBUG] Starting new HTTPS connection (1): www.google.com:443
07:32:23 [DEBUG] Starting new HTTPS connection (1): cp.cloudflare.com:443
07:32:23 [DEBUG] Starting new HTTPS connection (1): www.gstatic.com:443
07:32:23 [DEBUG] Starting new HTTPS connection (1): cp.cloudflare.com:443
07:32:24 [DEBUG] Starting new HTTPS connection (1): www.google.com:443
07:32:24 [DEBUG] https://www.google.com:443 "GET /generate_204 HTTP/1.1" 204 0
07:32:24 [DEBUG] Starting new HTTPS connection (1): cp.cloudflare.com:443
07:32:24 [DEBUG] Starting new HTTPS connection (1): www.google.com:443
07:32:24 [DEBUG] Starting new HTTPS connection (1): www.gstatic.com:443
07:32:24 [DEBUG] https://www.google.com:443 "GET /generate_204 HTTP/1.1" 204 0
07:32:24 [DEBUG] Starting new HTTPS connection (1): cp.cloudflare.com:443
07:32:24 [DEBUG] https://cp.cloudflare.com:443 "GET / HTTP/1.1" 204 0
07:32:24 [DEBUG] Starting new HTTPS connection (1): www.gstatic.com:443
07:32:24 [DEBUG] https://www.gstatic.com:443 "GET /generate_204 HTTP/1.1" 204 0
07:32:24 [DEBUG] Starting new HTTPS connection (1): dl.google.com:443
07:32:25 [DEBUG] https://cp.cloudflare.com:443 "GET / HTTP/1.1" 204 0
07:32:25 [DEBUG] Starting new HTTPS connection (1): www.gstatic.com:443
07:32:25 [DEBUG] https://dl.google.com:443 "GET /dl/android/studio/install/3.4.1.0/android-studio-ide-183.5522156-windows.exe HTTP/1.1" 200 1017327996
07:32:25 [DEBUG] Starting new HTTPS connection (1): cp.cloudflare.com:443
07:32:25 [DEBUG] Starting new HTTPS connection (1): www.google.com:443
07:32:25 [DEBUG] Starting new HTTPS connection (1): cp.cloudflare.com:443
07:32:25 [DEBUG] Starting new HTTPS connection (1): www.gstatic.com:443
07:32:25 [DEBUG] https://www.gstatic.com:443 "GET /generate_204 HTTP/1.1" 204 0
07:32:25 [DEBUG] Starting new HTTPS connection (1): www.google.com:443
07:32:25 [DEBUG] Starting new HTTPS connection (1): cp.cloudflare.com:443
07:32:25 [DEBUG] Starting new HTTPS connection (1): www.gstatic.com:443
07:32:25 [DEBUG] Starting new HTTPS connection (1): www.gstatic.com:443
07:32:25 [DEBUG] Starting new HTTPS connection (1): dl.google.com:443
07:32:26 [DEBUG] https://dl.google.com:443 "GET /dl/android/studio/install/3.4.1.0/android-studio-ide-183.5522156-windows.exe HTTP/1.1" 200 1017327996
07:32:26 [DEBUG] Starting new HTTPS connection (1): www.google.com:443
07:32:27 [DEBUG] Starting new HTTPS connection (1): www.google.com:443
07:32:27 [DEBUG] Starting new HTTPS connection (1): cp.cloudflare.com:443
07:32:27 [DEBUG] Starting new HTTPS connection (1): www.gstatic.com:443
07:32:27 [DEBUG] Starting new HTTPS connection (1): www.gstatic.com:443
07:32:27 [DEBUG] Starting new HTTPS connection (1): www.gstatic.com:443
07:32:27 [INFO]    🎯 159.69.162.184 (Германия) - 6.2Mbps, 477ms UDP✅  []
07:32:28 [DEBUG] Starting new HTTPS connection (1): www.google.com:443
07:32:28 [DEBUG] Starting new HTTPS connection (1): cp.cloudflare.com:443
07:32:28 [DEBUG] Starting new HTTPS connection (1): www.gstatic.com:443
07:32:28 [DEBUG] Starting new HTTPS connection (1): www.google.com:443
07:32:28 [DEBUG] Starting new HTTPS connection (1): cp.cloudflare.com:443
07:32:28 [DEBUG] Starting new HTTPS connection (1): www.gstatic.com:443
07:32:29 [DEBUG] Starting new HTTPS connection (1): www.google.com:443
07:32:29 [DEBUG] Starting new HTTPS connection (1): www.google.com:443
07:32:29 [DEBUG] Starting new HTTPS connection (1): www.google.com:443
07:32:29 [DEBUG] Starting new HTTPS connection (1): www.google.com:443
07:32:30 [DEBUG] Starting new HTTPS connection (1): www.google.com:443
07:32:31 [DEBUG] Starting new HTTPS connection (1): cp.cloudflare.com:443
07:32:31 [DEBUG] Starting new HTTPS connection (1): cp.cloudflare.com:443
07:32:31 [DEBUG] Starting new HTTPS connection (1): cp.cloudflare.com:443
07:32:31 [INFO]    🎯 185.18.250.179 (Швейцария) - 0.0Mbps, 2172ms UDP✅  []
07:32:32 [DEBUG] Starting new HTTPS connection (1): cp.cloudflare.com:443
07:32:32 [DEBUG] Starting new HTTPS connection (1): www.google.com:443
07:32:33 [DEBUG] Starting new HTTPS connection (1): cp.cloudflare.com:443
07:32:33 [DEBUG] Starting new HTTPS connection (1): www.gstatic.com:443
07:32:33 [DEBUG] Starting new HTTPS connection (1): cp.cloudflare.com:443
07:32:33 [DEBUG] Starting new HTTPS connection (1): www.gstatic.com:443
07:32:34 [DEBUG] Starting new HTTPS connection (1): www.google.com:443
07:32:35 [DEBUG] Starting new HTTPS connection (1): cp.cloudflare.com:443
07:32:35 [INFO]    🎯 85.9.207.253 (Германия) - 1.2Mbps, 36ms UDP✅  []
07:32:36 [DEBUG] Starting new HTTPS connection (1): www.gstatic.com:443
07:32:36 [DEBUG] Starting new HTTPS connection (1): cp.cloudflare.com:443
07:32:36 [DEBUG] Starting new HTTPS connection (1): www.gstatic.com:443
07:32:36 [DEBUG] Starting new HTTPS connection (1): www.google.com:443
07:32:36 [DEBUG] Starting new HTTPS connection (1): cp.cloudflare.com:443
07:32:36 [DEBUG] Starting new HTTPS connection (1): www.gstatic.com:443
07:32:37 [DEBUG] Starting new HTTPS connection (1): www.google.com:443
07:32:37 [DEBUG] Starting new HTTPS connection (1): cp.cloudflare.com:443
07:32:37 [DEBUG] Starting new HTTPS connection (1): www.gstatic.com:443
07:32:37 [DEBUG] Starting new HTTPS connection (1): www.google.com:443
07:32:37 [DEBUG] Starting new HTTPS connection (1): cp.cloudflare.com:443
07:32:37 [DEBUG] Starting new HTTPS connection (1): www.gstatic.com:443
07:32:37 [DEBUG] Starting new HTTPS connection (1): www.gstatic.com:443
07:32:37 [DEBUG] Starting new HTTPS connection (1): www.gstatic.com:443
07:32:37 [DEBUG] Starting new HTTPS connection (1): www.google.com:443
07:32:38 [DEBUG] Starting new HTTPS connection (1): cp.cloudflare.com:443
07:32:38 [DEBUG] Starting new HTTPS connection (1): www.gstatic.com:443
07:32:38 [DEBUG] Starting new HTTPS connection (1): www.gstatic.com:443
07:32:38 [DEBUG] Starting new HTTPS connection (1): www.google.com:443
07:32:38 [DEBUG] Starting new HTTPS connection (1): cp.cloudflare.com:443
07:32:38 [DEBUG] Starting new HTTPS connection (1): www.google.com:443
07:32:38 [DEBUG] Starting new HTTPS connection (1): www.gstatic.com:443
07:32:38 [DEBUG] Starting new HTTPS connection (1): cp.cloudflare.com:443
07:32:38 [DEBUG] Starting new HTTPS connection (1): www.gstatic.com:443
07:32:38 [DEBUG] Starting new HTTPS connection (1): www.gstatic.com:443
07:32:39 [DEBUG] Starting new HTTPS connection (1): www.google.com:443
07:32:39 [DEBUG] Starting new HTTPS connection (1): www.google.com:443
07:32:39 [DEBUG] Starting new HTTPS connection (1): www.google.com:443
07:32:39 [DEBUG] Starting new HTTPS connection (1): cp.cloudflare.com:443
07:32:39 [DEBUG] Starting new HTTPS connection (1): www.gstatic.com:443
07:32:40 [DEBUG] Starting new HTTPS connection (1): www.google.com:443
07:32:40 [DEBUG] Starting new HTTPS connection (1): www.google.com:443
07:32:40 [DEBUG] Starting new HTTPS connection (1): www.google.com:443
07:32:40 [DEBUG] https://www.google.com:443 "GET /generate_204 HTTP/1.1" 204 0
07:32:40 [DEBUG] Starting new HTTPS connection (1): cp.cloudflare.com:443
07:32:40 [DEBUG] https://cp.cloudflare.com:443 "GET / HTTP/1.1" 204 0
07:32:40 [DEBUG] Starting new HTTPS connection (1): www.gstatic.com:443
07:32:41 [DEBUG] https://www.gstatic.com:443 "GET /generate_204 HTTP/1.1" 204 0
07:32:41 [DEBUG] Starting new HTTPS connection (1): www.google.com:443
07:32:41 [DEBUG] Starting new HTTPS connection (1): dl.google.com:443
07:32:41 [DEBUG] Starting new HTTPS connection (1): cp.cloudflare.com:443
07:32:41 [DEBUG] Starting new HTTPS connection (1): www.gstatic.com:443
07:32:41 [DEBUG] Starting new HTTPS connection (1): www.google.com:443
07:32:41 [DEBUG] https://dl.google.com:443 "GET /dl/android/studio/install/3.4.1.0/android-studio-ide-183.5522156-windows.exe HTTP/1.1" 200 1017327996
07:32:41 [DEBUG] Starting new HTTPS connection (1): cp.cloudflare.com:443
07:32:41 [DEBUG] Starting new HTTPS connection (1): www.gstatic.com:443
07:32:41 [DEBUG] Starting new HTTPS connection (1): cp.cloudflare.com:443
07:32:41 [DEBUG] Starting new HTTPS connection (1): www.google.com:443
07:32:41 [DEBUG] Starting new HTTPS connection (1): www.google.com:443
07:32:42 [DEBUG] Starting new HTTPS connection (1): cp.cloudflare.com:443
07:32:42 [DEBUG] Starting new HTTPS connection (1): www.google.com:443
07:32:42 [DEBUG] Starting new HTTPS connection (1): cp.cloudflare.com:443
07:32:42 [DEBUG] Starting new HTTPS connection (1): www.google.com:443
07:32:42 [DEBUG] Starting new HTTPS connection (1): cp.cloudflare.com:443
07:32:42 [DEBUG] Starting new HTTPS connection (1): www.gstatic.com:443
07:32:43 [DEBUG] Starting new HTTPS connection (1): www.gstatic.com:443
07:32:43 [DEBUG] Starting new HTTPS connection (1): www.google.com:443
07:32:43 [DEBUG] Starting new HTTPS connection (1): cp.cloudflare.com:443
07:32:44 [DEBUG] https://www.google.com:443 "GET /generate_204 HTTP/1.1" 204 0
07:32:44 [DEBUG] Starting new HTTPS connection (1): cp.cloudflare.com:443
07:32:44 [DEBUG] Starting new HTTPS connection (1): cp.cloudflare.com:443
07:32:44 [DEBUG] Starting new HTTPS connection (1): www.gstatic.com:443
07:32:44 [DEBUG] Starting new HTTPS connection (1): cp.cloudflare.com:443
07:32:45 [DEBUG] Starting new HTTPS connection (1): cp.cloudflare.com:443
07:32:45 [DEBUG] https://cp.cloudflare.com:443 "GET / HTTP/1.1" 204 0
07:32:45 [DEBUG] Starting new HTTPS connection (1): www.gstatic.com:443
07:32:45 [DEBUG] https://www.gstatic.com:443 "GET /generate_204 HTTP/1.1" 204 0
07:32:45 [DEBUG] Starting new HTTPS connection (1): dl.google.com:443
07:32:45 [DEBUG] https://dl.google.com:443 "GET /dl/android/studio/install/3.4.1.0/android-studio-ide-183.5522156-windows.exe HTTP/1.1" 404 1449
07:32:45 [INFO]    🎯 45.148.31.0 (Дания) - 0.0Mbps, 480ms UDP✅  []
07:32:46 [DEBUG] Starting new HTTPS connection (1): www.gstatic.com:443
07:32:46 [DEBUG] Starting new HTTPS connection (1): www.gstatic.com:443
07:32:46 [DEBUG] Starting new HTTPS connection (1): www.google.com:443
07:32:46 [INFO]    🎯 5.255.114.61 (Нидерланды) - 2.2Mbps, 116ms UDP✅  []
07:32:47 [DEBUG] Starting new HTTPS connection (1): www.google.com:443
07:32:47 [DEBUG] Starting new HTTPS connection (1): www.gstatic.com:443
07:32:47 [DEBUG] Starting new HTTPS connection (1): www.google.com:443
07:32:48 [DEBUG] https://www.google.com:443 "GET /generate_204 HTTP/1.1" 204 0
07:32:48 [DEBUG] Starting new HTTPS connection (1): cp.cloudflare.com:443
07:32:48 [DEBUG] Starting new HTTPS connection (1): www.google.com:443
07:32:48 [DEBUG] Starting new HTTPS connection (1): www.gstatic.com:443
07:32:48 [DEBUG] https://www.gstatic.com:443 "GET /generate_204 HTTP/1.1" 204 0
07:32:48 [DEBUG] Starting new HTTPS connection (1): dl.google.com:443
07:32:48 [DEBUG] https://dl.google.com:443 "GET /dl/android/studio/install/3.4.1.0/android-studio-ide-183.5522156-windows.exe HTTP/1.1" 200 1017327996
07:32:49 [DEBUG] Starting new HTTPS connection (1): cp.cloudflare.com:443
07:32:49 [INFO]    🎯 91.84.111.44 (Нидерланды) - 15.1Mbps, 192ms UDP✅  []
07:32:49 [INFO]    📊 Global: 240/400 (60%) | ✅67 ❌173
07:32:49 [DEBUG] Starting new HTTPS connection (1): www.gstatic.com:443
07:32:49 [DEBUG] Starting new HTTPS connection (1): www.google.com:443
07:32:50 [DEBUG] Starting new HTTPS connection (1): www.gstatic.com:443
07:32:50 [DEBUG] Starting new HTTPS connection (1): www.google.com:443
07:32:50 [DEBUG] Starting new HTTPS connection (1): cp.cloudflare.com:443
07:32:50 [DEBUG] Starting new HTTPS connection (1): www.gstatic.com:443
07:32:50 [DEBUG] Starting new HTTPS connection (1): www.google.com:443
07:32:51 [DEBUG] Starting new HTTPS connection (1): www.google.com:443
07:32:51 [DEBUG] Starting new HTTPS connection (1): cp.cloudflare.com:443
07:32:51 [DEBUG] Starting new HTTPS connection (1): www.gstatic.com:443
07:32:51 [DEBUG] Starting new HTTPS connection (1): cp.cloudflare.com:443
07:32:51 [DEBUG] Starting new HTTPS connection (1): www.gstatic.com:443
07:32:52 [DEBUG] Starting new HTTPS connection (1): cp.cloudflare.com:443
07:32:52 [DEBUG] Starting new HTTPS connection (1): www.google.com:443
07:32:52 [DEBUG] Starting new HTTPS connection (1): cp.cloudflare.com:443
07:32:53 [DEBUG] Starting new HTTPS connection (1): cp.cloudflare.com:443
07:32:53 [DEBUG] Starting new HTTPS connection (1): www.google.com:443
07:32:53 [DEBUG] Starting new HTTPS connection (1): www.gstatic.com:443
07:32:54 [DEBUG] Starting new HTTPS connection (1): cp.cloudflare.com:443
07:32:54 [DEBUG] Starting new HTTPS connection (1): www.gstatic.com:443
07:32:55 [DEBUG] Starting new HTTPS connection (1): www.google.com:443
07:32:55 [DEBUG] Starting new HTTPS connection (1): cp.cloudflare.com:443
07:32:55 [DEBUG] Starting new HTTPS connection (1): www.google.com:443
07:32:56 [DEBUG] Starting new HTTPS connection (1): www.google.com:443
07:32:56 [DEBUG] Starting new HTTPS connection (1): www.gstatic.com:443
07:32:57 [DEBUG] Starting new HTTPS connection (1): www.google.com:443
07:32:57 [DEBUG] Starting new HTTPS connection (1): cp.cloudflare.com:443
07:32:57 [DEBUG] Starting new HTTPS connection (1): www.gstatic.com:443
07:32:57 [DEBUG] Starting new HTTPS connection (1): www.gstatic.com:443
07:32:57 [DEBUG] Starting new HTTPS connection (1): cp.cloudflare.com:443
07:32:57 [DEBUG] Starting new HTTPS connection (1): www.gstatic.com:443
07:32:57 [DEBUG] Starting new HTTPS connection (1): cp.cloudflare.com:443
07:32:58 [DEBUG] Starting new HTTPS connection (1): www.gstatic.com:443
07:32:58 [DEBUG] Starting new HTTPS connection (1): www.google.com:443
07:32:58 [DEBUG] Starting new HTTPS connection (1): cp.cloudflare.com:443
07:32:58 [DEBUG] Starting new HTTPS connection (1): www.gstatic.com:443
07:32:58 [DEBUG] Starting new HTTPS connection (1): cp.cloudflare.com:443
07:32:58 [DEBUG] Starting new HTTPS connection (1): www.google.com:443
07:32:59 [DEBUG] Starting new HTTPS connection (1): www.google.com:443
07:32:59 [DEBUG] Starting new HTTPS connection (1): www.gstatic.com:443
07:32:59 [DEBUG] Starting new HTTPS connection (1): www.google.com:443
07:33:00 [DEBUG] Starting new HTTPS connection (1): www.gstatic.com:443
07:33:00 [DEBUG] Starting new HTTPS connection (1): cp.cloudflare.com:443
07:33:00 [DEBUG] Starting new HTTPS connection (1): www.gstatic.com:443
07:33:00 [DEBUG] https://www.gstatic.com:443 "GET /generate_204 HTTP/1.1" 204 0
07:33:00 [DEBUG] Starting new HTTPS connection (1): www.google.com:443
07:33:00 [DEBUG] Starting new HTTPS connection (1): cp.cloudflare.com:443
07:33:00 [DEBUG] Starting new HTTPS connection (1): www.gstatic.com:443
07:33:01 [DEBUG] Starting new HTTPS connection (1): cp.cloudflare.com:443
07:33:01 [DEBUG] Starting new HTTPS connection (1): www.google.com:443
07:33:01 [DEBUG] Starting new HTTPS connection (1): cp.cloudflare.com:443
07:33:02 [DEBUG] Starting new HTTPS connection (1): www.google.com:443
07:33:02 [DEBUG] Starting new HTTPS connection (1): cp.cloudflare.com:443
07:33:02 [DEBUG] Starting new HTTPS connection (1): www.gstatic.com:443
07:33:02 [DEBUG] Starting new HTTPS connection (1): www.gstatic.com:443
07:33:02 [DEBUG] Starting new HTTPS connection (1): www.google.com:443
07:33:02 [DEBUG] Starting new HTTPS connection (1): cp.cloudflare.com:443
07:33:02 [DEBUG] Starting new HTTPS connection (1): www.gstatic.com:443
07:33:03 [DEBUG] Starting new HTTPS connection (1): www.google.com:443
07:33:03 [DEBUG] Starting new HTTPS connection (1): www.google.com:443
07:33:03 [DEBUG] Starting new HTTPS connection (1): cp.cloudflare.com:443
07:33:03 [DEBUG] Starting new HTTPS connection (1): cp.cloudflare.com:443
07:33:03 [DEBUG] Starting new HTTPS connection (1): www.gstatic.com:443
07:33:03 [DEBUG] Starting new HTTPS connection (1): www.gstatic.com:443
07:33:03 [DEBUG] Starting new HTTPS connection (1): www.gstatic.com:443
07:33:03 [DEBUG] Starting new HTTPS connection (1): www.google.com:443
07:33:03 [DEBUG] Starting new HTTPS connection (1): cp.cloudflare.com:443
07:33:04 [DEBUG] Starting new HTTPS connection (1): www.gstatic.com:443
07:33:04 [DEBUG] Starting new HTTPS connection (1): www.google.com:443
07:33:04 [DEBUG] Starting new HTTPS connection (1): www.google.com:443
07:33:04 [DEBUG] Starting new HTTPS connection (1): www.google.com:443
07:33:04 [DEBUG] Starting new HTTPS connection (1): cp.cloudflare.com:443
07:33:04 [DEBUG] Starting new HTTPS connection (1): www.google.com:443
07:33:04 [DEBUG] Starting new HTTPS connection (1): www.gstatic.com:443
07:33:04 [DEBUG] Starting new HTTPS connection (1): cp.cloudflare.com:443
07:33:04 [DEBUG] Starting new HTTPS connection (1): www.gstatic.com:443
07:33:05 [DEBUG] Starting new HTTPS connection (1): www.google.com:443
07:33:05 [DEBUG] Starting new HTTPS connection (1): cp.cloudflare.com:443
07:33:05 [DEBUG] Starting new HTTPS connection (1): www.gstatic.com:443
07:33:05 [DEBUG] Starting new HTTPS connection (1): cp.cloudflare.com:443
07:33:05 [DEBUG] Starting new HTTPS connection (1): www.google.com:443
07:33:05 [DEBUG] Starting new HTTPS connection (1): www.google.com:443
07:33:06 [DEBUG] https://www.google.com:443 "GET /generate_204 HTTP/1.1" 204 0
07:33:06 [DEBUG] Starting new HTTPS connection (1): cp.cloudflare.com:443
07:33:06 [DEBUG] Starting new HTTPS connection (1): www.gstatic.com:443
07:33:06 [DEBUG] Starting new HTTPS connection (1): cp.cloudflare.com:443
07:33:06 [DEBUG] https://cp.cloudflare.com:443 "GET / HTTP/1.1" 204 0
07:33:06 [DEBUG] Starting new HTTPS connection (1): www.gstatic.com:443
07:33:06 [DEBUG] https://www.gstatic.com:443 "GET /generate_204 HTTP/1.1" 204 0
07:33:06 [DEBUG] Starting new HTTPS connection (1): www.google.com:443
07:33:06 [DEBUG] Starting new HTTPS connection (1): cp.cloudflare.com:443
07:33:06 [DEBUG] Starting new HTTPS connection (1): dl.google.com:443
07:33:06 [DEBUG] Starting new HTTPS connection (1): www.gstatic.com:443
07:33:06 [DEBUG] Starting new HTTPS connection (1): www.google.com:443
07:33:06 [DEBUG] Starting new HTTPS connection (1): cp.cloudflare.com:443
07:33:06 [DEBUG] Starting new HTTPS connection (1): www.gstatic.com:443
07:33:07 [DEBUG] https://dl.google.com:443 "GET /dl/android/studio/install/3.4.1.0/android-studio-ide-183.5522156-windows.exe HTTP/1.1" 200 1017327996
07:33:07 [DEBUG] Starting new HTTPS connection (1): www.google.com:443
07:33:07 [DEBUG] Starting new HTTPS connection (1): cp.cloudflare.com:443
07:33:07 [DEBUG] Starting new HTTPS connection (1): www.gstatic.com:443
07:33:07 [INFO]    🎯 47.245.38.111 (JP) - 0.0Mbps, 1571ms UDP✅ Reality [www.autodesk.com]
07:33:08 [DEBUG] Starting new HTTPS connection (1): www.google.com:443
07:33:08 [DEBUG] Starting new HTTPS connection (1): cp.cloudflare.com:443
07:33:08 [DEBUG] Starting new HTTPS connection (1): www.gstatic.com:443
07:33:08 [DEBUG] Starting new HTTPS connection (1): www.google.com:443
07:33:08 [DEBUG] Starting new HTTPS connection (1): cp.cloudflare.com:443
07:33:08 [DEBUG] Starting new HTTPS connection (1): www.gstatic.com:443
07:33:08 [DEBUG] Starting new HTTPS connection (1): cp.cloudflare.com:443
07:33:08 [DEBUG] Starting new HTTPS connection (1): www.gstatic.com:443
07:33:08 [DEBUG] Starting new HTTPS connection (1): www.google.com:443
07:33:08 [DEBUG] Starting new HTTPS connection (1): cp.cloudflare.com:443
07:33:08 [DEBUG] Starting new HTTPS connection (1): www.gstatic.com:443
07:33:09 [DEBUG] Starting new HTTPS connection (1): www.google.com:443
07:33:09 [DEBUG] Starting new HTTPS connection (1): cp.cloudflare.com:443
07:33:09 [DEBUG] Starting new HTTPS connection (1): www.gstatic.com:443
07:33:09 [DEBUG] Starting new HTTPS connection (1): www.google.com:443
07:33:09 [DEBUG] Starting new HTTPS connection (1): cp.cloudflare.com:443
07:33:09 [DEBUG] Starting new HTTPS connection (1): www.google.com:443
07:33:09 [DEBUG] Starting new HTTPS connection (1): cp.cloudflare.com:443
07:33:09 [DEBUG] Starting new HTTPS connection (1): www.gstatic.com:443
07:33:09 [DEBUG] Starting new HTTPS connection (1): cp.cloudflare.com:443
07:33:09 [DEBUG] Starting new HTTPS connection (1): www.gstatic.com:443
07:33:09 [DEBUG] Starting new HTTPS connection (1): www.google.com:443
07:33:09 [DEBUG] Starting new HTTPS connection (1): cp.cloudflare.com:443
07:33:09 [DEBUG] Starting new HTTPS connection (1): www.gstatic.com:443
07:33:09 [INFO]    📊 Global: 280/400 (70%) | ✅68 ❌212
07:33:09 [INFO]    🎯 94.23.120.129 (Франция) - 4.5Mbps, 280ms UDP✅  []
07:33:10 [DEBUG] Starting new HTTPS connection (1): www.google.com:443
07:33:10 [DEBUG] Starting new HTTPS connection (1): cp.cloudflare.com:443
07:33:10 [DEBUG] Starting new HTTPS connection (1): www.gstatic.com:443
07:33:10 [DEBUG] Starting new HTTPS connection (1): www.google.com:443
07:33:10 [DEBUG] Starting new HTTPS connection (1): cp.cloudflare.com:443
07:33:10 [DEBUG] Starting new HTTPS connection (1): www.gstatic.com:443
07:33:10 [DEBUG] Starting new HTTPS connection (1): www.google.com:443
07:33:10 [DEBUG] Starting new HTTPS connection (1): cp.cloudflare.com:443
07:33:10 [DEBUG] Starting new HTTPS connection (1): www.google.com:443
07:33:10 [DEBUG] Starting new HTTPS connection (1): www.gstatic.com:443
07:33:10 [DEBUG] Starting new HTTPS connection (1): cp.cloudflare.com:443
07:33:10 [DEBUG] Starting new HTTPS connection (1): www.gstatic.com:443
07:33:10 [DEBUG] Starting new HTTPS connection (1): www.google.com:443
07:33:10 [DEBUG] Starting new HTTPS connection (1): cp.cloudflare.com:443
07:33:10 [DEBUG] Starting new HTTPS connection (1): www.google.com:443
07:33:10 [DEBUG] Starting new HTTPS connection (1): www.gstatic.com:443
07:33:10 [DEBUG] Starting new HTTPS connection (1): cp.cloudflare.com:443
07:33:10 [DEBUG] Starting new HTTPS connection (1): www.gstatic.com:443
07:33:11 [DEBUG] Starting new HTTPS connection (1): www.gstatic.com:443
07:33:11 [DEBUG] Starting new HTTPS connection (1): www.google.com:443
07:33:11 [DEBUG] Starting new HTTPS connection (1): cp.cloudflare.com:443
07:33:11 [DEBUG] Starting new HTTPS connection (1): www.gstatic.com:443
07:33:11 [DEBUG] Starting new HTTPS connection (1): www.google.com:443
07:33:11 [DEBUG] https://www.google.com:443 "GET /generate_204 HTTP/1.1" 204 0
07:33:11 [DEBUG] Starting new HTTPS connection (1): cp.cloudflare.com:443
07:33:11 [DEBUG] Starting new HTTPS connection (1): www.google.com:443
07:33:11 [DEBUG] Starting new HTTPS connection (1): cp.cloudflare.com:443
07:33:11 [DEBUG] Starting new HTTPS connection (1): www.gstatic.com:443
07:33:11 [DEBUG] Starting new HTTPS connection (1): www.google.com:443
07:33:12 [DEBUG] Starting new HTTPS connection (1): cp.cloudflare.com:443
07:33:12 [DEBUG] Starting new HTTPS connection (1): www.google.com:443
07:33:12 [DEBUG] Starting new HTTPS connection (1): www.gstatic.com:443
07:33:12 [DEBUG] Starting new HTTPS connection (1): cp.cloudflare.com:443
07:33:12 [DEBUG] Starting new HTTPS connection (1): www.gstatic.com:443
07:33:12 [DEBUG] Starting new HTTPS connection (1): www.google.com:443
07:33:12 [DEBUG] Starting new HTTPS connection (1): cp.cloudflare.com:443
07:33:12 [DEBUG] Starting new HTTPS connection (1): www.google.com:443
07:33:12 [DEBUG] Starting new HTTPS connection (1): www.gstatic.com:443
07:33:12 [DEBUG] Starting new HTTPS connection (1): cp.cloudflare.com:443
07:33:12 [DEBUG] Starting new HTTPS connection (1): www.gstatic.com:443
07:33:12 [DEBUG] Starting new HTTPS connection (1): www.google.com:443
07:33:12 [DEBUG] Starting new HTTPS connection (1): www.gstatic.com:443
07:33:13 [DEBUG] https://cp.cloudflare.com:443 "GET / HTTP/1.1" 204 0
07:33:13 [DEBUG] Starting new HTTPS connection (1): www.gstatic.com:443
07:33:13 [DEBUG] Starting new HTTPS connection (1): www.google.com:443
07:33:13 [DEBUG] Starting new HTTPS connection (1): cp.cloudflare.com:443
07:33:13 [DEBUG] Starting new HTTPS connection (1): www.gstatic.com:443
07:33:13 [DEBUG] Starting new HTTPS connection (1): www.google.com:443
07:33:13 [DEBUG] https://www.gstatic.com:443 "GET /generate_204 HTTP/1.1" 204 0
07:33:13 [DEBUG] Starting new HTTPS connection (1): www.google.com:443
07:33:13 [DEBUG] https://www.google.com:443 "GET /generate_204 HTTP/1.1" 204 0
07:33:13 [DEBUG] Starting new HTTPS connection (1): cp.cloudflare.com:443
07:33:13 [DEBUG] Starting new HTTPS connection (1): www.google.com:443
07:33:13 [DEBUG] https://cp.cloudflare.com:443 "GET / HTTP/1.1" 204 0
07:33:13 [DEBUG] Starting new HTTPS connection (1): www.gstatic.com:443
07:33:13 [DEBUG] Starting new HTTPS connection (1): dl.google.com:443
07:33:13 [DEBUG] Starting new HTTPS connection (1): www.google.com:443
07:33:13 [DEBUG] https://dl.google.com:443 "GET /dl/android/studio/install/3.4.1.0/android-studio-ide-183.5522156-windows.exe HTTP/1.1" 200 1017327996
07:33:13 [INFO]    🎯 57.129.137.54 (Британия) - 35.3Mbps, 567ms UDP✅  []
07:33:14 [DEBUG] https://www.gstatic.com:443 "GET /generate_204 HTTP/1.1" 204 0
07:33:14 [DEBUG] Starting new HTTPS connection (1): dl.google.com:443
07:33:14 [DEBUG] Starting new HTTPS connection (1): www.gstatic.com:443
07:33:14 [DEBUG] https://dl.google.com:443 "GET /dl/android/studio/install/3.4.1.0/android-studio-ide-183.5522156-windows.exe HTTP/1.1" 404 1449
07:33:14 [INFO]    🎯 46.226.167.138 (Франция) - 0.0Mbps, 320ms UDP✅  []
07:33:14 [DEBUG] Starting new HTTPS connection (1): www.google.com:443
07:33:14 [DEBUG] Starting new HTTPS connection (1): cp.cloudflare.com:443
07:33:14 [DEBUG] Starting new HTTPS connection (1): www.gstatic.com:443
07:33:14 [DEBUG] Starting new HTTPS connection (1): cp.cloudflare.com:443
07:33:15 [DEBUG] Starting new HTTPS connection (1): www.google.com:443
07:33:15 [DEBUG] Starting new HTTPS connection (1): cp.cloudflare.com:443
07:33:15 [DEBUG] Starting new HTTPS connection (1): www.gstatic.com:443
07:33:15 [DEBUG] Starting new HTTPS connection (1): cp.cloudflare.com:443
07:33:15 [DEBUG] Starting new HTTPS connection (1): cp.cloudflare.com:443
07:33:15 [DEBUG] Starting new HTTPS connection (1): www.google.com:443
07:33:15 [DEBUG] Starting new HTTPS connection (1): www.google.com:443
07:33:15 [DEBUG] Starting new HTTPS connection (1): cp.cloudflare.com:443
07:33:15 [DEBUG] Starting new HTTPS connection (1): www.gstatic.com:443
07:33:15 [DEBUG] Starting new HTTPS connection (1): www.google.com:443
07:33:16 [DEBUG] Starting new HTTPS connection (1): www.google.com:443
07:33:16 [DEBUG] Starting new HTTPS connection (1): www.google.com:443
07:33:16 [DEBUG] https://www.google.com:443 "GET /generate_204 HTTP/1.1" 204 0
07:33:16 [DEBUG] Starting new HTTPS connection (1): cp.cloudflare.com:443
07:33:16 [DEBUG] https://cp.cloudflare.com:443 "GET / HTTP/1.1" 204 0
07:33:16 [DEBUG] Starting new HTTPS connection (1): www.gstatic.com:443
07:33:16 [DEBUG] https://www.gstatic.com:443 "GET /generate_204 HTTP/1.1" 204 0
07:33:16 [DEBUG] Starting new HTTPS connection (1): dl.google.com:443
07:33:16 [DEBUG] https://dl.google.com:443 "GET /dl/android/studio/install/3.4.1.0/android-studio-ide-183.5522156-windows.exe HTTP/1.1" 404 1449
07:33:16 [INFO]    🎯 188.114.98.0 (XX) - 0.0Mbps, 78ms UDP✅  []
07:33:16 [DEBUG] Starting new HTTPS connection (1): www.google.com:443
07:33:17 [DEBUG] Starting new HTTPS connection (1): www.gstatic.com:443
07:33:17 [DEBUG] Starting new HTTPS connection (1): www.gstatic.com:443
07:33:17 [DEBUG] Starting new HTTPS connection (1): www.gstatic.com:443
07:33:17 [DEBUG] Starting new HTTPS connection (1): cp.cloudflare.com:443
07:33:17 [DEBUG] Starting new HTTPS connection (1): www.google.com:443
07:33:18 [DEBUG] Starting new HTTPS connection (1): cp.cloudflare.com:443
07:33:18 [DEBUG] Starting new HTTPS connection (1): cp.cloudflare.com:443
07:33:19 [DEBUG] Starting new HTTPS connection (1): cp.cloudflare.com:443
07:33:19 [DEBUG] Starting new HTTPS connection (1): www.google.com:443
07:33:19 [DEBUG] Starting new HTTPS connection (1): www.gstatic.com:443
07:33:20 [DEBUG] Starting new HTTPS connection (1): cp.cloudflare.com:443
07:33:20 [DEBUG] Starting new HTTPS connection (1): www.gstatic.com:443
07:33:20 [DEBUG] Starting new HTTPS connection (1): www.google.com:443
07:33:20 [DEBUG] Starting new HTTPS connection (1): www.google.com:443
07:33:20 [DEBUG] Starting new HTTPS connection (1): www.google.com:443
07:33:20 [DEBUG] Starting new HTTPS connection (1): cp.cloudflare.com:443
07:33:20 [DEBUG] Starting new HTTPS connection (1): cp.cloudflare.com:443
07:33:20 [DEBUG] Starting new HTTPS connection (1): www.gstatic.com:443
07:33:21 [DEBUG] Starting new HTTPS connection (1): www.gstatic.com:443
07:33:21 [DEBUG] Starting new HTTPS connection (1): cp.cloudflare.com:443
07:33:22 [DEBUG] Starting new HTTPS connection (1): www.google.com:443
07:33:22 [DEBUG] Starting new HTTPS connection (1): cp.cloudflare.com:443
07:33:22 [DEBUG] Starting new HTTPS connection (1): www.gstatic.com:443
07:33:22 [DEBUG] Starting new HTTPS connection (1): cp.cloudflare.com:443
07:33:22 [DEBUG] Starting new HTTPS connection (1): www.gstatic.com:443
07:33:22 [DEBUG] Starting new HTTPS connection (1): cp.cloudflare.com:443
07:33:23 [DEBUG] Starting new HTTPS connection (1): www.google.com:443
07:33:23 [DEBUG] https://www.google.com:443 "GET /generate_204 HTTP/1.1" 204 0
07:33:23 [DEBUG] Starting new HTTPS connection (1): cp.cloudflare.com:443
07:33:23 [DEBUG] https://cp.cloudflare.com:443 "GET / HTTP/1.1" 204 0
07:33:23 [DEBUG] Starting new HTTPS connection (1): www.gstatic.com:443
07:33:23 [DEBUG] Starting new HTTPS connection (1): www.gstatic.com:443
07:33:23 [DEBUG] Starting new HTTPS connection (1): www.google.com:443
07:33:23 [DEBUG] Starting new HTTPS connection (1): cp.cloudflare.com:443
07:33:23 [DEBUG] Starting new HTTPS connection (1): www.gstatic.com:443
07:33:23 [DEBUG] https://www.gstatic.com:443 "GET /generate_204 HTTP/1.1" 204 0
07:33:23 [DEBUG] Starting new HTTPS connection (1): dl.google.com:443
07:33:23 [DEBUG] Starting new HTTPS connection (1): www.gstatic.com:443
07:33:23 [DEBUG] Starting new HTTPS connection (1): www.google.com:443
07:33:23 [DEBUG] https://www.google.com:443 "GET /generate_204 HTTP/1.1" 204 0
07:33:23 [DEBUG] Starting new HTTPS connection (1): cp.cloudflare.com:443
07:33:23 [DEBUG] https://dl.google.com:443 "GET /dl/android/studio/install/3.4.1.0/android-studio-ide-183.5522156-windows.exe HTTP/1.1" 200 1017327996
07:33:23 [DEBUG] https://cp.cloudflare.com:443 "GET / HTTP/1.1" 204 0
07:33:23 [DEBUG] Starting new HTTPS connection (1): www.gstatic.com:443
07:33:23 [DEBUG] https://www.gstatic.com:443 "GET /generate_204 HTTP/1.1" 204 0
07:33:23 [INFO]    🎯 104.18.32.47 (XX) - 35.8Mbps, 143ms UDP✅  []
07:33:24 [DEBUG] Starting new HTTPS connection (1): dl.google.com:443
07:33:24 [DEBUG] https://dl.google.com:443 "GET /dl/android/studio/install/3.4.1.0/android-studio-ide-183.5522156-windows.exe HTTP/1.1" 404 1449
07:33:24 [INFO]    🎯 104.21.227.134 (XX) - 0.0Mbps, 98ms UDP✅  []
07:33:24 [DEBUG] Starting new HTTPS connection (1): www.google.com:443
07:33:24 [DEBUG] Starting new HTTPS connection (1): www.gstatic.com:443
07:33:24 [DEBUG] Starting new HTTPS connection (1): www.google.com:443
07:33:25 [DEBUG] Starting new HTTPS connection (1): www.gstatic.com:443
07:33:25 [DEBUG] Starting new HTTPS connection (1): www.google.com:443
07:33:25 [DEBUG] Starting new HTTPS connection (1): www.google.com:443
07:33:25 [DEBUG] Starting new HTTPS connection (1): www.gstatic.com:443
07:33:25 [DEBUG] Starting new HTTPS connection (1): www.google.com:443
07:33:26 [DEBUG] Starting new HTTPS connection (1): cp.cloudflare.com:443
07:33:26 [DEBUG] Starting new HTTPS connection (1): cp.cloudflare.com:443
07:33:26 [DEBUG] Starting new HTTPS connection (1): www.google.com:443
07:33:27 [DEBUG] Starting new HTTPS connection (1): cp.cloudflare.com:443
07:33:27 [DEBUG] Starting new HTTPS connection (1): cp.cloudflare.com:443
07:33:27 [DEBUG] Starting new HTTPS connection (1): www.google.com:443
07:33:28 [DEBUG] Starting new HTTPS connection (1): cp.cloudflare.com:443
07:33:28 [INFO]    📊 Global: 320/400 (80%) | ✅74 ❌246
07:33:28 [DEBUG] Starting new HTTPS connection (1): www.gstatic.com:443
07:33:28 [DEBUG] Starting new HTTPS connection (1): www.google.com:443
07:33:28 [DEBUG] Starting new HTTPS connection (1): www.gstatic.com:443
07:33:28 [DEBUG] Starting new HTTPS connection (1): cp.cloudflare.com:443
07:33:29 [DEBUG] Starting new HTTPS connection (1): www.gstatic.com:443
07:33:29 [DEBUG] Starting new HTTPS connection (1): www.gstatic.com:443
07:33:29 [DEBUG] Starting new HTTPS connection (1): www.google.com:443
07:33:29 [DEBUG] Starting new HTTPS connection (1): cp.cloudflare.com:443
07:33:30 [DEBUG] Starting new HTTPS connection (1): www.gstatic.com:443
07:33:30 [DEBUG] Starting new HTTPS connection (1): www.gstatic.com:443
07:33:31 [DEBUG] Starting new HTTPS connection (1): cp.cloudflare.com:443
07:33:31 [DEBUG] Starting new HTTPS connection (1): www.google.com:443
07:33:31 [DEBUG] Starting new HTTPS connection (1): cp.cloudflare.com:443
07:33:31 [DEBUG] https://www.google.com:443 "GET /generate_204 HTTP/1.1" 204 0
07:33:31 [DEBUG] Starting new HTTPS connection (1): cp.cloudflare.com:443
07:33:31 [DEBUG] https://cp.cloudflare.com:443 "GET / HTTP/1.1" 204 0
07:33:31 [DEBUG] Starting new HTTPS connection (1): www.gstatic.com:443
07:33:31 [DEBUG] https://www.gstatic.com:443 "GET /generate_204 HTTP/1.1" 204 0
07:33:31 [DEBUG] Starting new HTTPS connection (1): dl.google.com:443
07:33:31 [DEBUG] Starting new HTTPS connection (1): www.gstatic.com:443
07:33:31 [DEBUG] Starting new HTTPS connection (1): www.google.com:443
07:33:31 [DEBUG] https://dl.google.com:443 "GET /dl/android/studio/install/3.4.1.0/android-studio-ide-183.5522156-windows.exe HTTP/1.1" 404 1449
07:33:31 [INFO]    🎯 104.21.40.34 (XX) - 0.0Mbps, 71ms UDP✅  []
07:33:32 [DEBUG] Starting new HTTPS connection (1): www.google.com:443
07:33:32 [DEBUG] https://www.google.com:443 "GET /generate_204 HTTP/1.1" 204 0
07:33:32 [DEBUG] Starting new HTTPS connection (1): cp.cloudflare.com:443
07:33:32 [DEBUG] https://www.google.com:443 "GET /generate_204 HTTP/1.1" 204 0
07:33:32 [DEBUG] Starting new HTTPS connection (1): cp.cloudflare.com:443
07:33:32 [DEBUG] https://cp.cloudflare.com:443 "GET / HTTP/1.1" 204 0
07:33:32 [DEBUG] Starting new HTTPS connection (1): www.gstatic.com:443
07:33:32 [DEBUG] https://www.gstatic.com:443 "GET /generate_204 HTTP/1.1" 204 0
07:33:32 [DEBUG] Starting new HTTPS connection (1): dl.google.com:443
07:33:32 [DEBUG] Starting new HTTPS connection (1): www.google.com:443
07:33:32 [DEBUG] https://dl.google.com:443 "GET /dl/android/studio/install/3.4.1.0/android-studio-ide-183.5522156-windows.exe HTTP/1.1" 200 1017327996
07:33:32 [INFO]    🎯 8.6.112.0 (XX) - 58.5Mbps, 89ms UDP✅  []
07:33:32 [DEBUG] Starting new HTTPS connection (1): www.google.com:443
07:33:32 [DEBUG] https://www.google.com:443 "GET /generate_204 HTTP/1.1" 204 0
07:33:32 [DEBUG] Starting new HTTPS connection (1): cp.cloudflare.com:443
07:33:32 [DEBUG] https://cp.cloudflare.com:443 "GET / HTTP/1.1" 204 0
07:33:32 [DEBUG] Starting new HTTPS connection (1): www.gstatic.com:443
07:33:32 [DEBUG] https://www.gstatic.com:443 "GET /generate_204 HTTP/1.1" 204 0
07:33:33 [DEBUG] Starting new HTTPS connection (1): dl.google.com:443
07:33:33 [DEBUG] https://cp.cloudflare.com:443 "GET / HTTP/1.1" 204 0
07:33:33 [DEBUG] Starting new HTTPS connection (1): www.gstatic.com:443
07:33:33 [DEBUG] https://dl.google.com:443 "GET /dl/android/studio/install/3.4.1.0/android-studio-ide-183.5522156-windows.exe HTTP/1.1" 200 1017327996
07:33:33 [DEBUG] Starting new HTTPS connection (1): www.google.com:443
07:33:33 [DEBUG] Starting new HTTPS connection (1): www.google.com:443
07:33:33 [DEBUG] https://www.gstatic.com:443 "GET /generate_204 HTTP/1.1" 204 0
07:33:33 [INFO]    🎯 104.17.73.206 (XX) - 23.7Mbps, 330ms UDP✅  []
07:33:33 [DEBUG] Starting new HTTPS connection (1): www.gstatic.com:443
07:33:33 [DEBUG] Starting new HTTPS connection (1): dl.google.com:443
07:33:33 [DEBUG] Starting new HTTPS connection (1): www.google.com:443
07:33:34 [DEBUG] Starting new HTTPS connection (1): www.google.com:443
07:33:34 [DEBUG] https://dl.google.com:443 "GET /dl/android/studio/install/3.4.1.0/android-studio-ide-183.5522156-windows.exe HTTP/1.1" 404 1449
07:33:34 [INFO]    🎯 172.67.249.36 (XX) - 0.0Mbps, 373ms UDP✅  []
07:33:34 [DEBUG] Starting new HTTPS connection (1): www.gstatic.com:443
07:33:34 [DEBUG] https://www.google.com:443 "GET /generate_204 HTTP/1.1" 204 0
07:33:34 [DEBUG] Starting new HTTPS connection (1): cp.cloudflare.com:443
07:33:34 [DEBUG] Starting new HTTPS connection (1): www.google.com:443
07:33:34 [DEBUG] Starting new HTTPS connection (1): cp.cloudflare.com:443
07:33:34 [DEBUG] Starting new HTTPS connection (1): www.gstatic.com:443
07:33:34 [DEBUG] Starting new HTTPS connection (1): cp.cloudflare.com:443
07:33:35 [DEBUG] Starting new HTTPS connection (1): www.google.com:443
07:33:35 [DEBUG] Starting new HTTPS connection (1): cp.cloudflare.com:443
07:33:35 [DEBUG] Starting new HTTPS connection (1): www.gstatic.com:443
07:33:35 [DEBUG] https://cp.cloudflare.com:443 "GET / HTTP/1.1" 204 0
07:33:35 [DEBUG] Starting new HTTPS connection (1): www.gstatic.com:443
07:33:35 [DEBUG] Starting new HTTPS connection (1): www.google.com:443
07:33:35 [DEBUG] Starting new HTTPS connection (1): cp.cloudflare.com:443
07:33:35 [DEBUG] Starting new HTTPS connection (1): www.gstatic.com:443
07:33:35 [DEBUG] Starting new HTTPS connection (1): cp.cloudflare.com:443
07:33:36 [DEBUG] Starting new HTTPS connection (1): www.google.com:443
07:33:36 [DEBUG] Starting new HTTPS connection (1): cp.cloudflare.com:443
07:33:36 [DEBUG] https://www.gstatic.com:443 "GET /generate_204 HTTP/1.1" 204 0
07:33:36 [DEBUG] Starting new HTTPS connection (1): www.google.com:443
07:33:36 [DEBUG] Starting new HTTPS connection (1): dl.google.com:443
07:33:36 [DEBUG] Starting new HTTPS connection (1): www.google.com:443
07:33:36 [DEBUG] Starting new HTTPS connection (1): cp.cloudflare.com:443
07:33:36 [DEBUG] Starting new HTTPS connection (1): www.gstatic.com:443
07:33:36 [DEBUG] Starting new HTTPS connection (1): www.google.com:443
07:33:37 [DEBUG] Starting new HTTPS connection (1): www.gstatic.com:443
07:33:38 [DEBUG] Starting new HTTPS connection (1): www.google.com:443
07:33:38 [DEBUG] Starting new HTTPS connection (1): cp.cloudflare.com:443
07:33:38 [DEBUG] Starting new HTTPS connection (1): www.gstatic.com:443
07:33:38 [DEBUG] Starting new HTTPS connection (1): cp.cloudflare.com:443
07:33:38 [DEBUG] Starting new HTTPS connection (1): www.gstatic.com:443
07:33:38 [DEBUG] Starting new HTTPS connection (1): cp.cloudflare.com:443
07:33:38 [DEBUG] Starting new HTTPS connection (1): www.gstatic.com:443
07:33:38 [DEBUG] https://dl.google.com:443 "GET /dl/android/studio/install/3.4.1.0/android-studio-ide-183.5522156-windows.exe HTTP/1.1" 200 1017327996
07:33:38 [DEBUG] Starting new HTTPS connection (1): www.google.com:443
07:33:38 [DEBUG] Starting new HTTPS connection (1): cp.cloudflare.com:443
07:33:38 [DEBUG] Starting new HTTPS connection (1): cp.cloudflare.com:443
07:33:38 [DEBUG] Starting new HTTPS connection (1): www.gstatic.com:443
07:33:38 [DEBUG] Starting new HTTPS connection (1): cp.cloudflare.com:443
07:33:39 [DEBUG] Starting new HTTPS connection (1): www.google.com:443
07:33:39 [INFO]    🎯 104.21.3.219 (XX) - 4.0Mbps, 1023ms UDP✅  []
07:33:39 [DEBUG] Starting new HTTPS connection (1): www.google.com:443
07:33:40 [DEBUG] Starting new HTTPS connection (1): www.gstatic.com:443
07:33:40 [DEBUG] Starting new HTTPS connection (1): www.google.com:443
07:33:40 [DEBUG] Starting new HTTPS connection (1): www.gstatic.com:443
07:33:40 [DEBUG] Starting new HTTPS connection (1): www.google.com:443
07:33:40 [DEBUG] Starting new HTTPS connection (1): cp.cloudflare.com:443
07:33:40 [DEBUG] Starting new HTTPS connection (1): www.gstatic.com:443
07:33:40 [DEBUG] Starting new HTTPS connection (1): www.gstatic.com:443
07:33:41 [DEBUG] Starting new HTTPS connection (1): cp.cloudflare.com:443
07:33:41 [DEBUG] Starting new HTTPS connection (1): www.google.com:443
07:33:41 [DEBUG] Starting new HTTPS connection (1): www.google.com:443
07:33:41 [DEBUG] Starting new HTTPS connection (1): cp.cloudflare.com:443
07:33:42 [DEBUG] Starting new HTTPS connection (1): www.google.com:443
07:33:42 [DEBUG] Starting new HTTPS connection (1): cp.cloudflare.com:443
07:33:43 [DEBUG] Starting new HTTPS connection (1): www.gstatic.com:443
07:33:43 [DEBUG] Starting new HTTPS connection (1): www.google.com:443
07:33:43 [DEBUG] Starting new HTTPS connection (1): cp.cloudflare.com:443
07:33:43 [DEBUG] Starting new HTTPS connection (1): www.gstatic.com:443
07:33:43 [DEBUG] Starting new HTTPS connection (1): cp.cloudflare.com:443
07:33:43 [DEBUG] Starting new HTTPS connection (1): www.gstatic.com:443
07:33:43 [DEBUG] Starting new HTTPS connection (1): cp.cloudflare.com:443
07:33:43 [DEBUG] Starting new HTTPS connection (1): www.google.com:443
07:33:44 [DEBUG] Starting new HTTPS connection (1): www.gstatic.com:443
07:33:44 [DEBUG] Starting new HTTPS connection (1): www.google.com:443
07:33:44 [DEBUG] Starting new HTTPS connection (1): cp.cloudflare.com:443
07:33:44 [DEBUG] Starting new HTTPS connection (1): www.gstatic.com:443
07:33:44 [DEBUG] Starting new HTTPS connection (1): www.google.com:443
07:33:45 [DEBUG] Starting new HTTPS connection (1): www.gstatic.com:443
07:33:45 [DEBUG] Starting new HTTPS connection (1): www.gstatic.com:443
07:33:46 [DEBUG] Starting new HTTPS connection (1): cp.cloudflare.com:443
07:33:46 [DEBUG] Starting new HTTPS connection (1): www.gstatic.com:443
07:33:46 [DEBUG] Starting new HTTPS connection (1): cp.cloudflare.com:443
07:33:46 [DEBUG] Starting new HTTPS connection (1): cp.cloudflare.com:443
07:33:46 [DEBUG] Starting new HTTPS connection (1): www.google.com:443
07:33:47 [DEBUG] Starting new HTTPS connection (1): www.google.com:443
07:33:48 [DEBUG] Starting new HTTPS connection (1): www.google.com:443
07:33:48 [DEBUG] Starting new HTTPS connection (1): www.gstatic.com:443
07:33:48 [DEBUG] Starting new HTTPS connection (1): www.gstatic.com:443
07:33:48 [DEBUG] Starting new HTTPS connection (1): www.google.com:443
07:33:48 [DEBUG] Starting new HTTPS connection (1): www.gstatic.com:443
07:33:49 [DEBUG] Starting new HTTPS connection (1): www.google.com:443
07:33:49 [DEBUG] Starting new HTTPS connection (1): cp.cloudflare.com:443
07:33:49 [DEBUG] Starting new HTTPS connection (1): www.gstatic.com:443
07:33:49 [DEBUG] Starting new HTTPS connection (1): cp.cloudflare.com:443
07:33:49 [DEBUG] Starting new HTTPS connection (1): www.google.com:443
07:33:49 [DEBUG] Starting new HTTPS connection (1): www.google.com:443
07:33:49 [DEBUG] Starting new HTTPS connection (1): cp.cloudflare.com:443
07:33:50 [DEBUG] Starting new HTTPS connection (1): cp.cloudflare.com:443
07:33:50 [DEBUG] Starting new HTTPS connection (1): www.google.com:443
07:33:50 [DEBUG] Starting new HTTPS connection (1): cp.cloudflare.com:443
07:33:50 [DEBUG] Starting new HTTPS connection (1): www.gstatic.com:443
07:33:50 [INFO]    📊 Global: 360/400 (90%) | ✅79 ❌281
07:33:50 [DEBUG] Starting new HTTPS connection (1): cp.cloudflare.com:443
07:33:51 [DEBUG] Starting new HTTPS connection (1): www.gstatic.com:443
07:33:51 [DEBUG] Starting new HTTPS connection (1): www.google.com:443
07:33:51 [DEBUG] Starting new HTTPS connection (1): cp.cloudflare.com:443
07:33:51 [DEBUG] Starting new HTTPS connection (1): www.gstatic.com:443
07:33:51 [DEBUG] Starting new HTTPS connection (1): cp.cloudflare.com:443
07:33:51 [DEBUG] Starting new HTTPS connection (1): cp.cloudflare.com:443
07:33:51 [DEBUG] Starting new HTTPS connection (1): www.gstatic.com:443
07:33:51 [DEBUG] Starting new HTTPS connection (1): www.google.com:443
07:33:51 [DEBUG] Starting new HTTPS connection (1): www.google.com:443
07:33:52 [DEBUG] Starting new HTTPS connection (1): www.gstatic.com:443
07:33:52 [DEBUG] Starting new HTTPS connection (1): www.google.com:443
07:33:52 [DEBUG] Starting new HTTPS connection (1): www.google.com:443
07:33:52 [DEBUG] Starting new HTTPS connection (1): cp.cloudflare.com:443
07:33:52 [DEBUG] Starting new HTTPS connection (1): www.gstatic.com:443
07:33:53 [DEBUG] Starting new HTTPS connection (1): www.gstatic.com:443
07:33:53 [DEBUG] Starting new HTTPS connection (1): www.gstatic.com:443
07:33:53 [DEBUG] Starting new HTTPS connection (1): www.gstatic.com:443
07:33:53 [DEBUG] Starting new HTTPS connection (1): cp.cloudflare.com:443
07:33:53 [DEBUG] Starting new HTTPS connection (1): cp.cloudflare.com:443
07:33:54 [DEBUG] Starting new HTTPS connection (1): www.google.com:443
07:33:54 [DEBUG] Starting new HTTPS connection (1): cp.cloudflare.com:443
07:33:54 [DEBUG] Starting new HTTPS connection (1): www.google.com:443
07:33:54 [DEBUG] Starting new HTTPS connection (1): www.google.com:443
07:33:55 [DEBUG] Starting new HTTPS connection (1): www.google.com:443
07:33:55 [DEBUG] Starting new HTTPS connection (1): www.gstatic.com:443
07:33:56 [DEBUG] Starting new HTTPS connection (1): www.gstatic.com:443
07:33:56 [DEBUG] Starting new HTTPS connection (1): cp.cloudflare.com:443
07:33:56 [DEBUG] Starting new HTTPS connection (1): www.gstatic.com:443
07:33:56 [DEBUG] Starting new HTTPS connection (1): cp.cloudflare.com:443
07:33:56 [DEBUG] Starting new HTTPS connection (1): cp.cloudflare.com:443
07:33:56 [DEBUG] Starting new HTTPS connection (1): www.google.com:443
07:33:56 [DEBUG] Starting new HTTPS connection (1): cp.cloudflare.com:443
07:33:56 [DEBUG] Starting new HTTPS connection (1): www.gstatic.com:443
07:33:56 [DEBUG] Starting new HTTPS connection (1): www.google.com:443
07:33:57 [DEBUG] Starting new HTTPS connection (1): www.google.com:443
07:33:57 [DEBUG] Starting new HTTPS connection (1): cp.cloudflare.com:443
07:33:58 [DEBUG] Starting new HTTPS connection (1): www.google.com:443
07:33:58 [DEBUG] Starting new HTTPS connection (1): cp.cloudflare.com:443
07:33:58 [DEBUG] Starting new HTTPS connection (1): www.gstatic.com:443
07:33:58 [DEBUG] Starting new HTTPS connection (1): www.gstatic.com:443
07:33:58 [DEBUG] Starting new HTTPS connection (1): www.gstatic.com:443
07:33:58 [DEBUG] Starting new HTTPS connection (1): www.gstatic.com:443
07:33:59 [DEBUG] Starting new HTTPS connection (1): www.google.com:443
07:33:59 [DEBUG] Starting new HTTPS connection (1): cp.cloudflare.com:443
07:33:59 [DEBUG] Starting new HTTPS connection (1): www.gstatic.com:443
07:33:59 [DEBUG] Starting new HTTPS connection (1): www.google.com:443
07:33:59 [DEBUG] Starting new HTTPS connection (1): www.gstatic.com:443
07:33:59 [DEBUG] Starting new HTTPS connection (1): www.google.com:443
07:33:59 [DEBUG] Starting new HTTPS connection (1): www.google.com:443
07:34:00 [DEBUG] Starting new HTTPS connection (1): www.google.com:443
07:34:01 [DEBUG] Starting new HTTPS connection (1): cp.cloudflare.com:443
07:34:01 [DEBUG] Starting new HTTPS connection (1): www.google.com:443
07:34:01 [DEBUG] Starting new HTTPS connection (1): cp.cloudflare.com:443
07:34:01 [DEBUG] Starting new HTTPS connection (1): www.gstatic.com:443
07:34:01 [DEBUG] Starting new HTTPS connection (1): cp.cloudflare.com:443
07:34:01 [DEBUG] Starting new HTTPS connection (1): www.google.com:443
07:34:01 [DEBUG] Starting new HTTPS connection (1): cp.cloudflare.com:443
07:34:02 [DEBUG] https://www.google.com:443 "GET /generate_204 HTTP/1.1" 204 0
07:34:02 [DEBUG] Starting new HTTPS connection (1): cp.cloudflare.com:443
07:34:02 [DEBUG] Starting new HTTPS connection (1): cp.cloudflare.com:443
07:34:02 [DEBUG] Starting new HTTPS connection (1): cp.cloudflare.com:443
07:34:02 [DEBUG] https://cp.cloudflare.com:443 "GET / HTTP/1.1" 204 0
07:34:02 [DEBUG] Starting new HTTPS connection (1): www.gstatic.com:443
07:34:02 [DEBUG] Starting new HTTPS connection (1): www.gstatic.com:443
07:34:02 [DEBUG] Starting new HTTPS connection (1): www.google.com:443
07:34:02 [DEBUG] https://www.gstatic.com:443 "GET /generate_204 HTTP/1.1" 204 0
07:34:02 [DEBUG] Starting new HTTPS connection (1): cp.cloudflare.com:443
07:34:02 [DEBUG] Starting new HTTPS connection (1): www.gstatic.com:443
07:34:02 [DEBUG] Starting new HTTPS connection (1): www.google.com:443
07:34:02 [DEBUG] Starting new HTTPS connection (1): cp.cloudflare.com:443
07:34:02 [DEBUG] Starting new HTTPS connection (1): www.gstatic.com:443
07:34:02 [DEBUG] Starting new HTTPS connection (1): cp.cloudflare.com:443
07:34:02 [DEBUG] Starting new HTTPS connection (1): www.google.com:443
07:34:02 [DEBUG] Starting new HTTPS connection (1): cp.cloudflare.com:443
07:34:02 [DEBUG] Starting new HTTPS connection (1): www.gstatic.com:443
07:34:03 [DEBUG] Starting new HTTPS connection (1): www.google.com:443
07:34:03 [DEBUG] Starting new HTTPS connection (1): cp.cloudflare.com:443
07:34:03 [DEBUG] Starting new HTTPS connection (1): www.gstatic.com:443
07:34:03 [DEBUG] Starting new HTTPS connection (1): www.gstatic.com:443
07:34:03 [DEBUG] Starting new HTTPS connection (1): www.google.com:443
07:34:04 [DEBUG] Starting new HTTPS connection (1): www.google.com:443
07:34:04 [DEBUG] Starting new HTTPS connection (1): www.gstatic.com:443
07:34:04 [DEBUG] Starting new HTTPS connection (1): www.google.com:443
07:34:04 [DEBUG] Starting new HTTPS connection (1): www.gstatic.com:443
07:34:04 [DEBUG] Starting new HTTPS connection (1): www.google.com:443
07:34:05 [DEBUG] Starting new HTTPS connection (1): www.gstatic.com:443
07:34:05 [DEBUG] Starting new HTTPS connection (1): dl.google.com:443
07:34:05 [DEBUG] https://dl.google.com:443 "GET /dl/android/studio/install/3.4.1.0/android-studio-ide-183.5522156-windows.exe HTTP/1.1" 404 1449
07:34:05 [INFO]    🎯 104.21.224.5 (XX) - 0.0Mbps, 95ms UDP❌  []
07:34:05 [DEBUG] Starting new HTTPS connection (1): cp.cloudflare.com:443
07:34:06 [DEBUG] Starting new HTTPS connection (1): cp.cloudflare.com:443
07:34:06 [DEBUG] Starting new HTTPS connection (1): cp.cloudflare.com:443
07:34:06 [DEBUG] Starting new HTTPS connection (1): www.google.com:443
07:34:06 [DEBUG] Starting new HTTPS connection (1): www.google.com:443
07:34:06 [DEBUG] Starting new HTTPS connection (1): www.gstatic.com:443
07:34:07 [DEBUG] Starting new HTTPS connection (1): cp.cloudflare.com:443
07:34:07 [DEBUG] Starting new HTTPS connection (1): www.google.com:443
07:34:07 [DEBUG] Starting new HTTPS connection (1): www.google.com:443
07:34:07 [DEBUG] Starting new HTTPS connection (1): cp.cloudflare.com:443
07:34:07 [DEBUG] Starting new HTTPS connection (1): www.gstatic.com:443
07:34:08 [DEBUG] Starting new HTTPS connection (1): www.gstatic.com:443
07:34:08 [DEBUG] Starting new HTTPS connection (1): www.gstatic.com:443
07:34:08 [DEBUG] Starting new HTTPS connection (1): www.google.com:443
07:34:08 [DEBUG] Starting new HTTPS connection (1): www.gstatic.com:443
07:34:08 [DEBUG] Starting new HTTPS connection (1): cp.cloudflare.com:443
07:34:08 [DEBUG] Starting new HTTPS connection (1): www.gstatic.com:443
07:34:08 [DEBUG] Starting new HTTPS connection (1): cp.cloudflare.com:443
07:34:09 [DEBUG] Starting new HTTPS connection (1): cp.cloudflare.com:443
07:34:09 [DEBUG] Starting new HTTPS connection (1): www.gstatic.com:443
07:34:09 [DEBUG] Starting new HTTPS connection (1): cp.cloudflare.com:443
07:34:10 [DEBUG] Starting new HTTPS connection (1): www.gstatic.com:443
07:34:11 [DEBUG] Starting new HTTPS connection (1): www.gstatic.com:443
07:34:12 [DEBUG] Starting new HTTPS connection (1): www.gstatic.com:443
07:34:14 [INFO]    📊 Global: 400/400 (100%) | ✅80 ❌320
07:34:15 [DEBUG] Starting new HTTPS connection (1): www.google.com:443
07:34:15 [DEBUG] Starting new HTTPS connection (1): www.google.com:443
07:34:15 [DEBUG] Starting new HTTPS connection (1): www.google.com:443
07:34:15 [DEBUG] Starting new HTTPS connection (1): www.google.com:443
07:34:15 [DEBUG] Starting new HTTPS connection (1): www.google.com:443
07:34:15 [DEBUG] Starting new HTTPS connection (1): www.google.com:443
07:34:15 [DEBUG] Starting new HTTPS connection (1): www.google.com:443
07:34:15 [DEBUG] Starting new HTTPS connection (1): www.google.com:443
07:34:15 [DEBUG] Starting new HTTPS connection (1): www.google.com:443
07:34:15 [DEBUG] Starting new HTTPS connection (1): www.google.com:443
07:34:15 [DEBUG] https://www.google.com:443 "GET /generate_204 HTTP/1.1" 204 0
07:34:15 [DEBUG] Starting new HTTPS connection (1): cp.cloudflare.com:443
07:34:15 [DEBUG] https://www.google.com:443 "GET /generate_204 HTTP/1.1" 204 0
07:34:15 [DEBUG] Starting new HTTPS connection (1): cp.cloudflare.com:443
07:34:16 [DEBUG] https://cp.cloudflare.com:443 "GET / HTTP/1.1" 204 0
07:34:16 [DEBUG] Starting new HTTPS connection (1): www.gstatic.com:443
07:34:16 [DEBUG] https://cp.cloudflare.com:443 "GET / HTTP/1.1" 204 0
07:34:16 [DEBUG] Starting new HTTPS connection (1): www.gstatic.com:443
07:34:16 [DEBUG] https://www.google.com:443 "GET /generate_204 HTTP/1.1" 204 0
07:34:16 [DEBUG] Starting new HTTPS connection (1): cp.cloudflare.com:443
07:34:16 [DEBUG] https://www.gstatic.com:443 "GET /generate_204 HTTP/1.1" 204 0
07:34:16 [DEBUG] https://www.google.com:443 "GET /generate_204 HTTP/1.1" 204 0
07:34:16 [DEBUG] Starting new HTTPS connection (1): cp.cloudflare.com:443
07:34:17 [DEBUG] Starting new HTTPS connection (1): dl.google.com:443
07:34:17 [DEBUG] https://dl.google.com:443 "GET /dl/android/studio/install/3.4.1.0/android-studio-ide-183.5522156-windows.exe HTTP/1.1" 200 1017327996
07:34:17 [DEBUG] https://www.google.com:443 "GET /generate_204 HTTP/1.1" 204 0
07:34:17 [DEBUG] Starting new HTTPS connection (1): cp.cloudflare.com:443
07:34:17 [INFO]    🎯 178.154.224.33 (Россия) - 18.2Mbps, 418ms UDP✅ Reality [ads.x5.ru]
07:34:17 [DEBUG] https://www.google.com:443 "GET /generate_204 HTTP/1.1" 204 0
07:34:17 [DEBUG] Starting new HTTPS connection (1): cp.cloudflare.com:443
07:34:17 [DEBUG] https://cp.cloudflare.com:443 "GET / HTTP/1.1" 204 0
07:34:17 [DEBUG] Starting new HTTPS connection (1): www.gstatic.com:443
07:34:17 [DEBUG] https://www.google.com:443 "GET /generate_204 HTTP/1.1" 204 0
07:34:17 [DEBUG] Starting new HTTPS connection (1): cp.cloudflare.com:443
07:34:18 [DEBUG] https://cp.cloudflare.com:443 "GET / HTTP/1.1" 204 0
07:34:18 [DEBUG] Starting new HTTPS connection (1): www.gstatic.com:443
07:34:18 [DEBUG] Starting new HTTPS connection (1): www.google.com:443
07:34:19 [DEBUG] https://www.google.com:443 "GET /generate_204 HTTP/1.1" 204 0
07:34:19 [DEBUG] Starting new HTTPS connection (1): cp.cloudflare.com:443
07:34:19 [DEBUG] https://www.gstatic.com:443 "GET /generate_204 HTTP/1.1" 204 0
07:34:19 [DEBUG] https://cp.cloudflare.com:443 "GET / HTTP/1.1" 204 0
07:34:19 [DEBUG] Starting new HTTPS connection (1): www.gstatic.com:443
07:34:19 [DEBUG] https://www.gstatic.com:443 "GET /generate_204 HTTP/1.1" 204 0
07:34:19 [DEBUG] https://www.google.com:443 "GET /generate_204 HTTP/1.1" 204 0
07:34:19 [DEBUG] Starting new HTTPS connection (1): cp.cloudflare.com:443
07:34:19 [DEBUG] https://www.google.com:443 "GET /generate_204 HTTP/1.1" 204 0
07:34:19 [DEBUG] Starting new HTTPS connection (1): cp.cloudflare.com:443
07:34:19 [DEBUG] https://www.gstatic.com:443 "GET /generate_204 HTTP/1.1" 204 0
07:34:20 [DEBUG] https://cp.cloudflare.com:443 "GET / HTTP/1.1" 204 0
07:34:20 [DEBUG] Starting new HTTPS connection (1): www.gstatic.com:443
07:34:20 [DEBUG] https://cp.cloudflare.com:443 "GET / HTTP/1.1" 204 0
07:34:20 [DEBUG] Starting new HTTPS connection (1): dl.google.com:443
07:34:20 [DEBUG] Starting new HTTPS connection (1): www.gstatic.com:443
07:34:20 [DEBUG] https://cp.cloudflare.com:443 "GET / HTTP/1.1" 204 0
07:34:20 [DEBUG] Starting new HTTPS connection (1): www.gstatic.com:443
07:34:20 [DEBUG] https://cp.cloudflare.com:443 "GET / HTTP/1.1" 204 0
07:34:20 [DEBUG] Starting new HTTPS connection (1): www.gstatic.com:443
07:34:20 [DEBUG] https://www.gstatic.com:443 "GET /generate_204 HTTP/1.1" 204 0
07:34:20 [DEBUG] Starting new HTTPS connection (1): cp.cloudflare.com:443
07:34:20 [DEBUG] https://www.gstatic.com:443 "GET /generate_204 HTTP/1.1" 204 0
07:34:20 [DEBUG] https://dl.google.com:443 "GET /dl/android/studio/install/3.4.1.0/android-studio-ide-183.5522156-windows.exe HTTP/1.1" 200 1017327996
07:34:20 [INFO]    🎯 212.233.96.101 (Россия) - 20.2Mbps, 336ms UDP✅ Reality [yandex.ru]
07:34:20 [DEBUG] https://www.gstatic.com:443 "GET /generate_204 HTTP/1.1" 204 0
07:34:21 [DEBUG] Starting new HTTPS connection (1): www.gstatic.com:443
07:34:21 [DEBUG] Starting new HTTPS connection (1): dl.google.com:443
07:34:21 [DEBUG] Starting new HTTPS connection (1): dl.google.com:443
07:34:21 [DEBUG] Starting new HTTPS connection (1): dl.google.com:443
07:34:21 [DEBUG] Starting new HTTPS connection (1): dl.google.com:443
07:34:21 [DEBUG] https://dl.google.com:443 "GET /dl/android/studio/install/3.4.1.0/android-studio-ide-183.5522156-windows.exe HTTP/1.1" 200 1017327996
07:34:22 [DEBUG] Starting new HTTPS connection (1): www.google.com:443
07:34:22 [DEBUG] https://dl.google.com:443 "GET /dl/android/studio/install/3.4.1.0/android-studio-ide-183.5522156-windows.exe HTTP/1.1" 200 1017327996
07:34:22 [DEBUG] https://dl.google.com:443 "GET /dl/android/studio/install/3.4.1.0/android-studio-ide-183.5522156-windows.exe HTTP/1.1" 200 1017327996
07:34:22 [INFO]    🎯 109.120.191.92 (Россия) - 19.8Mbps, 1819ms UDP✅ Reality [ads.x5.ru]
07:34:22 [DEBUG] https://www.google.com:443 "GET /generate_204 HTTP/1.1" 204 0
07:34:22 [DEBUG] Starting new HTTPS connection (1): cp.cloudflare.com:443
07:34:22 [DEBUG] https://cp.cloudflare.com:443 "GET / HTTP/1.1" 204 0
07:34:22 [DEBUG] Starting new HTTPS connection (1): www.gstatic.com:443
07:34:22 [DEBUG] https://www.gstatic.com:443 "GET /generate_204 HTTP/1.1" 204 0
07:34:22 [DEBUG] https://dl.google.com:443 "GET /dl/android/studio/install/3.4.1.0/android-studio-ide-183.5522156-windows.exe HTTP/1.1" 200 1017327996
07:34:23 [DEBUG] https://www.gstatic.com:443 "GET /generate_204 HTTP/1.1" 204 0
07:34:23 [INFO]    🎯 5.188.141.69 (Россия) - 6.0Mbps, 1332ms UDP✅ Reality [ads.x5.ru]
07:34:23 [DEBUG] Starting new HTTPS connection (1): dl.google.com:443
07:34:23 [DEBUG] Starting new HTTPS connection (1): dl.google.com:443
07:34:23 [INFO]    🎯 5.188.141.138 (Россия) - 5.5Mbps, 1381ms UDP✅ Reality [ads.x5.ru]
07:34:23 [DEBUG] Starting new HTTPS connection (1): www.google.com:443
07:34:24 [DEBUG] Starting new HTTPS connection (1): www.google.com:443
07:34:24 [DEBUG] Starting new HTTPS connection (1): www.google.com:443
07:34:25 [DEBUG] Starting new HTTPS connection (1): dl.google.com:443
07:34:25 [DEBUG] https://www.google.com:443 "GET /generate_204 HTTP/1.1" 204 0
07:34:25 [DEBUG] Starting new HTTPS connection (1): cp.cloudflare.com:443
07:34:25 [DEBUG] Starting new HTTPS connection (1): www.gstatic.com:443
07:34:25 [DEBUG] https://cp.cloudflare.com:443 "GET / HTTP/1.1" 204 0
07:34:25 [DEBUG] Starting new HTTPS connection (1): www.gstatic.com:443
07:34:25 [DEBUG] https://www.google.com:443 "GET /generate_204 HTTP/1.1" 204 0
07:34:25 [DEBUG] Starting new HTTPS connection (1): cp.cloudflare.com:443
07:34:26 [DEBUG] Starting new HTTPS connection (1): dl.google.com:443
07:34:26 [DEBUG] https://dl.google.com:443 "GET /dl/android/studio/install/3.4.1.0/android-studio-ide-183.5522156-windows.exe HTTP/1.1" 200 1017327996
07:34:26 [DEBUG] https://dl.google.com:443 "GET /dl/android/studio/install/3.4.1.0/android-studio-ide-183.5522156-windows.exe HTTP/1.1" 200 1017327996
07:34:26 [DEBUG] https://www.gstatic.com:443 "GET /generate_204 HTTP/1.1" 204 0
07:34:26 [DEBUG] https://dl.google.com:443 "GET /dl/android/studio/install/3.4.1.0/android-studio-ide-183.5522156-windows.exe HTTP/1.1" 200 1017327996
07:34:26 [INFO]    🎯 212.233.96.101 (Россия) - 4.4Mbps, 1680ms UDP❌ Reality [max.ru]
07:34:26 [INFO]    🎯 212.233.96.101 (Россия) - 4.2Mbps, 1644ms UDP❌ Reality [ads.x5.ru]
07:34:26 [INFO]    📊 Whitelist: 8/80 (10%) | ✅7 ❌1
07:34:26 [INFO]    🎯 109.120.188.166 (Россия) - 20.1Mbps, 351ms UDP❌ Reality [ads.x5.ru]
07:34:27 [DEBUG] Starting new HTTPS connection (1): www.google.com:443
07:34:27 [DEBUG] https://cp.cloudflare.com:443 "GET / HTTP/1.1" 204 0
07:34:27 [DEBUG] Starting new HTTPS connection (1): www.gstatic.com:443
07:34:27 [DEBUG] https://www.google.com:443 "GET /generate_204 HTTP/1.1" 204 0
07:34:27 [DEBUG] Starting new HTTPS connection (1): cp.cloudflare.com:443
07:34:27 [DEBUG] Starting new HTTPS connection (1): www.google.com:443
07:34:27 [DEBUG] Starting new HTTPS connection (1): www.google.com:443
07:34:27 [DEBUG] https://cp.cloudflare.com:443 "GET / HTTP/1.1" 204 0
07:34:27 [DEBUG] Starting new HTTPS connection (1): www.gstatic.com:443
07:34:27 [DEBUG] https://dl.google.com:443 "GET /dl/android/studio/install/3.4.1.0/android-studio-ide-183.5522156-windows.exe HTTP/1.1" 200 1017327996
07:34:27 [DEBUG] Starting new HTTPS connection (1): www.google.com:443
07:34:28 [DEBUG] Starting new HTTPS connection (1): dl.google.com:443
07:34:28 [DEBUG] https://www.google.com:443 "GET /generate_204 HTTP/1.1" 204 0
07:34:28 [DEBUG] Starting new HTTPS connection (1): cp.cloudflare.com:443
07:34:28 [INFO]    🎯 5.188.140.55 (Россия) - 4.0Mbps, 2435ms UDP✅ Reality [ads.x5.ru]
07:34:28 [DEBUG] https://cp.cloudflare.com:443 "GET / HTTP/1.1" 204 0
07:34:28 [DEBUG] Starting new HTTPS connection (1): www.gstatic.com:443
07:34:28 [DEBUG] Starting new HTTPS connection (1): cp.cloudflare.com:443
07:34:28 [DEBUG] https://www.google.com:443 "GET /generate_204 HTTP/1.1" 204 0
07:34:28 [DEBUG] Starting new HTTPS connection (1): cp.cloudflare.com:443
07:34:29 [DEBUG] https://cp.cloudflare.com:443 "GET / HTTP/1.1" 204 0
07:34:29 [DEBUG] Starting new HTTPS connection (1): www.gstatic.com:443
07:34:29 [DEBUG] https://www.gstatic.com:443 "GET /generate_204 HTTP/1.1" 204 0
07:34:29 [DEBUG] https://www.gstatic.com:443 "GET /generate_204 HTTP/1.1" 204 0
07:34:29 [DEBUG] https://www.gstatic.com:443 "GET /generate_204 HTTP/1.1" 204 0
07:34:29 [DEBUG] Starting new HTTPS connection (1): dl.google.com:443
07:34:29 [DEBUG] https://dl.google.com:443 "GET /dl/android/studio/install/3.4.1.0/android-studio-ide-183.5522156-windows.exe HTTP/1.1" 200 1017327996
07:34:29 [DEBUG] Starting new HTTPS connection (1): www.google.com:443
07:34:29 [DEBUG] Starting new HTTPS connection (1): dl.google.com:443
07:34:29 [DEBUG] https://www.gstatic.com:443 "GET /generate_204 HTTP/1.1" 204 0
07:34:29 [DEBUG] Starting new HTTPS connection (1): dl.google.com:443
07:34:29 [DEBUG] https://dl.google.com:443 "GET /dl/android/studio/install/3.4.1.0/android-studio-ide-183.5522156-windows.exe HTTP/1.1" 200 1017327996
07:34:29 [INFO]    🎯 178.250.243.98 (Россия) - 7.2Mbps, 528ms UDP✅ Reality [eh.vk.com]
07:34:30 [DEBUG] https://dl.google.com:443 "GET /dl/android/studio/install/3.4.1.0/android-studio-ide-183.5522156-windows.exe HTTP/1.1" 200 1017327996
07:34:30 [DEBUG] https://dl.google.com:443 "GET /dl/android/studio/install/3.4.1.0/android-studio-ide-183.5522156-windows.exe HTTP/1.1" 200 1017327996
07:34:30 [INFO]    🎯 84.23.53.221 (Россия) - 9.0Mbps, 457ms UDP✅ Reality [api-maps.yandex.ru]
07:34:30 [INFO]    🎯 178.250.243.101 (Россия) - 11.0Mbps, 606ms UDP✅ Reality [eh.vk.com]
07:34:31 [DEBUG] Starting new HTTPS connection (1): www.google.com:443
07:34:31 [DEBUG] Starting new HTTPS connection (1): www.google.com:443
07:34:31 [DEBUG] Starting new HTTPS connection (1): www.google.com:443
07:34:31 [DEBUG] https://www.google.com:443 "GET /generate_204 HTTP/1.1" 204 0
07:34:31 [DEBUG] Starting new HTTPS connection (1): cp.cloudflare.com:443
07:34:31 [DEBUG] Starting new HTTPS connection (1): www.google.com:443
07:34:32 [DEBUG] https://cp.cloudflare.com:443 "GET / HTTP/1.1" 204 0
07:34:32 [DEBUG] Starting new HTTPS connection (1): www.gstatic.com:443
07:34:32 [DEBUG] https://www.google.com:443 "GET /generate_204 HTTP/1.1" 204 0
07:34:32 [DEBUG] Starting new HTTPS connection (1): cp.cloudflare.com:443
07:34:32 [DEBUG] Starting new HTTPS connection (1): dl.google.com:443
07:34:32 [DEBUG] https://www.google.com:443 "GET /generate_204 HTTP/1.1" 204 0
07:34:32 [DEBUG] Starting new HTTPS connection (1): cp.cloudflare.com:443
07:34:32 [DEBUG] https://www.google.com:443 "GET /generate_204 HTTP/1.1" 204 0
07:34:32 [DEBUG] Starting new HTTPS connection (1): cp.cloudflare.com:443
07:34:32 [DEBUG] Starting new HTTPS connection (1): cp.cloudflare.com:443
07:34:32 [DEBUG] https://cp.cloudflare.com:443 "GET / HTTP/1.1" 204 0
07:34:32 [DEBUG] Starting new HTTPS connection (1): www.gstatic.com:443
07:34:32 [DEBUG] https://cp.cloudflare.com:443 "GET / HTTP/1.1" 204 0
07:34:32 [DEBUG] Starting new HTTPS connection (1): www.gstatic.com:443
07:34:33 [INFO]    🎯 178.154.252.255 (Россия) - 1.1Mbps, 369ms UDP✅ Reality [eh.vk.com]
07:34:33 [DEBUG] https://www.gstatic.com:443 "GET /generate_204 HTTP/1.1" 204 0
07:34:33 [DEBUG] Starting new HTTPS connection (1): dl.google.com:443
07:34:33 [DEBUG] https://www.gstatic.com:443 "GET /generate_204 HTTP/1.1" 204 0
07:34:33 [DEBUG] https://dl.google.com:443 "GET /dl/android/studio/install/3.4.1.0/android-studio-ide-183.5522156-windows.exe HTTP/1.1" 200 1017327996
07:34:33 [DEBUG] https://www.google.com:443 "GET /generate_204 HTTP/1.1" 204 0
07:34:33 [DEBUG] Starting new HTTPS connection (1): cp.cloudflare.com:443
07:34:34 [INFO]    🎯 178.154.230.75 (Россия) - 17.0Mbps, 398ms UDP✅ Reality [max.ru]
07:34:34 [INFO]    📊 Whitelist: 16/80 (20%) | ✅14 ❌2
07:34:34 [DEBUG] Starting new HTTPS connection (1): dl.google.com:443
07:34:34 [DEBUG] Starting new HTTPS connection (1): www.google.com:443
07:34:34 [INFO]    🎯 217.16.27.216 (Россия) - 2.5Mbps, 552ms UDP✅  []
07:34:35 [DEBUG] https://www.gstatic.com:443 "GET /generate_204 HTTP/1.1" 204 0
07:34:35 [DEBUG] Starting new HTTPS connection (1): www.google.com:443
07:34:35 [DEBUG] https://dl.google.com:443 "GET /dl/android/studio/install/3.4.1.0/android-studio-ide-183.5522156-windows.exe HTTP/1.1" 200 1017327996
07:34:35 [INFO]    🎯 109.120.190.203 (Россия) - 9.2Mbps, 801ms UDP✅ Reality [ads.x5.ru]
07:34:35 [DEBUG] https://cp.cloudflare.com:443 "GET / HTTP/1.1" 204 0
07:34:35 [DEBUG] Starting new HTTPS connection (1): www.gstatic.com:443
07:34:35 [DEBUG] https://www.google.com:443 "GET /generate_204 HTTP/1.1" 204 0
07:34:35 [DEBUG] Starting new HTTPS connection (1): cp.cloudflare.com:443
07:34:36 [DEBUG] Starting new HTTPS connection (1): www.google.com:443
07:34:36 [DEBUG] https://cp.cloudflare.com:443 "GET / HTTP/1.1" 204 0
07:34:36 [DEBUG] Starting new HTTPS connection (1): www.gstatic.com:443
07:34:36 [DEBUG] https://www.gstatic.com:443 "GET /generate_204 HTTP/1.1" 204 0
07:34:36 [DEBUG] https://www.google.com:443 "GET /generate_204 HTTP/1.1" 204 0
07:34:36 [DEBUG] Starting new HTTPS connection (1): cp.cloudflare.com:443
07:34:36 [DEBUG] https://www.gstatic.com:443 "GET /generate_204 HTTP/1.1" 204 0
07:34:36 [DEBUG] https://cp.cloudflare.com:443 "GET / HTTP/1.1" 204 0
07:34:36 [DEBUG] Starting new HTTPS connection (1): www.gstatic.com:443
07:34:36 [DEBUG] Starting new HTTPS connection (1): www.google.com:443
07:34:36 [DEBUG] https://dl.google.com:443 "GET /dl/android/studio/install/3.4.1.0/android-studio-ide-183.5522156-windows.exe HTTP/1.1" 200 1017327996
07:34:37 [DEBUG] https://www.gstatic.com:443 "GET /generate_204 HTTP/1.1" 204 0
07:34:37 [DEBUG] Starting new HTTPS connection (1): dl.google.com:443
07:34:37 [DEBUG] Starting new HTTPS connection (1): dl.google.com:443
07:34:37 [DEBUG] https://cp.cloudflare.com:443 "GET / HTTP/1.1" 204 0
07:34:37 [DEBUG] Starting new HTTPS connection (1): www.gstatic.com:443
07:34:37 [DEBUG] Starting new HTTPS connection (1): dl.google.com:443
07:34:37 [DEBUG] Starting new HTTPS connection (1): www.gstatic.com:443
07:34:37 [DEBUG] https://dl.google.com:443 "GET /dl/android/studio/install/3.4.1.0/android-studio-ide-183.5522156-windows.exe HTTP/1.1" 200 1017327996
07:34:37 [INFO]    🎯 84.23.53.221 (Россия) - 2.2Mbps, 1588ms UDP❌ Reality [api-maps.yandex.ru]
07:34:37 [DEBUG] https://cp.cloudflare.com:443 "GET / HTTP/1.1" 204 0
07:34:37 [DEBUG] Starting new HTTPS connection (1): www.gstatic.com:443
07:34:38 [INFO]    🎯 51.250.12.100 (Россия) - 17.1Mbps, 349ms UDP✅ Reality [api-maps.yandex.ru]
07:34:38 [DEBUG] https://www.google.com:443 "GET /generate_204 HTTP/1.1" 204 0
07:34:38 [DEBUG] Starting new HTTPS connection (1): cp.cloudflare.com:443
07:34:38 [DEBUG] https://www.gstatic.com:443 "GET /generate_204 HTTP/1.1" 204 0
07:34:39 [DEBUG] Starting new HTTPS connection (1): www.google.com:443
07:34:39 [DEBUG] https://dl.google.com:443 "GET /dl/android/studio/install/3.4.1.0/android-studio-ide-183.5522156-windows.exe HTTP/1.1" 200 1017327996
07:34:39 [DEBUG] Starting new HTTPS connection (1): cp.cloudflare.com:443
07:34:39 [DEBUG] Starting new HTTPS connection (1): www.google.com:443
07:34:39 [DEBUG] Starting new HTTPS connection (1): www.gstatic.com:443
07:34:39 [DEBUG] Starting new HTTPS connection (1): dl.google.com:443
07:34:39 [INFO]    🎯 178.250.243.97 (Россия) - 6.5Mbps, 1612ms UDP✅ Reality [eh.vk.com]
07:34:39 [DEBUG] Starting new HTTPS connection (1): cp.cloudflare.com:443
07:34:39 [DEBUG] https://dl.google.com:443 "GET /dl/android/studio/install/3.4.1.0/android-studio-ide-183.5522156-windows.exe HTTP/1.1" 200 1017327996
07:34:40 [INFO]    🎯 109.120.188.227 (Россия) - 4.7Mbps, 3269ms UDP✅ Reality [ads.x5.ru]
07:34:40 [DEBUG] https://dl.google.com:443 "GET /dl/android/studio/install/3.4.1.0/android-studio-ide-183.5522156-windows.exe HTTP/1.1" 200 1017327996
07:34:40 [DEBUG] Starting new HTTPS connection (1): www.google.com:443
07:34:40 [DEBUG] Starting new HTTPS connection (1): www.google.com:443
07:34:40 [DEBUG] Starting new HTTPS connection (1): cp.cloudflare.com:443
07:34:41 [INFO]    🎯 51.250.65.209 (Россия) - 8.5Mbps, 405ms UDP❌ Reality [ads.x5.ru]
07:34:41 [INFO]    📊 Whitelist: 24/80 (30%) | ✅21 ❌3
07:34:41 [DEBUG] Starting new HTTPS connection (1): www.gstatic.com:443
07:34:41 [DEBUG] https://www.google.com:443 "GET /generate_204 HTTP/1.1" 204 0
07:34:41 [DEBUG] Starting new HTTPS connection (1): cp.cloudflare.com:443
07:34:41 [DEBUG] https://cp.cloudflare.com:443 "GET / HTTP/1.1" 204 0
07:34:41 [DEBUG] Starting new HTTPS connection (1): www.gstatic.com:443
07:34:41 [DEBUG] Starting new HTTPS connection (1): www.gstatic.com:443
07:34:41 [DEBUG] Starting new HTTPS connection (1): www.google.com:443
07:34:41 [DEBUG] https://www.gstatic.com:443 "GET /generate_204 HTTP/1.1" 204 0
07:34:41 [DEBUG] Starting new HTTPS connection (1): dl.google.com:443
07:34:41 [DEBUG] Starting new HTTPS connection (1): dl.google.com:443
07:34:41 [DEBUG] Starting new HTTPS connection (1): cp.cloudflare.com:443
07:34:41 [DEBUG] https://dl.google.com:443 "GET /dl/android/studio/install/3.4.1.0/android-studio-ide-183.5522156-windows.exe HTTP/1.1" 200 1017327996
07:34:41 [DEBUG] Starting new HTTPS connection (1): cp.cloudflare.com:443
07:34:42 [DEBUG] Starting new HTTPS connection (1): www.gstatic.com:443
07:34:42 [DEBUG] https://cp.cloudflare.com:443 "GET / HTTP/1.1" 204 0
07:34:42 [DEBUG] Starting new HTTPS connection (1): www.gstatic.com:443
07:34:42 [DEBUG] Starting new HTTPS connection (1): www.google.com:443
07:34:42 [INFO]    🎯 217.16.26.158 (Россия) - 17.0Mbps, 240ms UDP✅ Reality [ads.x5.ru]
07:34:42 [DEBUG] https://www.gstatic.com:443 "GET /generate_204 HTTP/1.1" 204 0
07:34:42 [DEBUG] https://www.gstatic.com:443 "GET /generate_204 HTTP/1.1" 204 0
07:34:42 [DEBUG] Starting new HTTPS connection (1): cp.cloudflare.com:443
07:34:42 [DEBUG] Starting new HTTPS connection (1): www.google.com:443
07:34:42 [DEBUG] Starting new HTTPS connection (1): dl.google.com:443
07:34:42 [DEBUG] Starting new HTTPS connection (1): www.google.com:443
07:34:43 [DEBUG] https://dl.google.com:443 "GET /dl/android/studio/install/3.4.1.0/android-studio-ide-183.5522156-windows.exe HTTP/1.1" 200 1017327996
07:34:43 [DEBUG] https://www.google.com:443 "GET /generate_204 HTTP/1.1" 204 0
07:34:43 [DEBUG] Starting new HTTPS connection (1): cp.cloudflare.com:443
07:34:43 [DEBUG] Starting new HTTPS connection (1): www.gstatic.com:443
07:34:43 [DEBUG] https://www.google.com:443 "GET /generate_204 HTTP/1.1" 204 0
07:34:43 [DEBUG] Starting new HTTPS connection (1): cp.cloudflare.com:443
07:34:43 [INFO]    🎯 51.250.83.255 (Россия) - 21.0Mbps, 316ms UDP✅ Reality [api-maps.yandex.ru]
07:34:43 [DEBUG] https://cp.cloudflare.com:443 "GET / HTTP/1.1" 204 0
07:34:43 [DEBUG] Starting new HTTPS connection (1): www.gstatic.com:443
07:34:43 [DEBUG] Starting new HTTPS connection (1): www.google.com:443
07:34:43 [DEBUG] Starting new HTTPS connection (1): www.gstatic.com:443
07:34:43 [DEBUG] Starting new HTTPS connection (1): www.google.com:443
07:34:43 [DEBUG] https://cp.cloudflare.com:443 "GET / HTTP/1.1" 204 0
07:34:43 [DEBUG] Starting new HTTPS connection (1): www.gstatic.com:443
07:34:43 [DEBUG] https://www.gstatic.com:443 "GET /generate_204 HTTP/1.1" 204 0
07:34:43 [DEBUG] https://dl.google.com:443 "GET /dl/android/studio/install/3.4.1.0/android-studio-ide-183.5522156-windows.exe HTTP/1.1" 200 1017327996
07:34:44 [DEBUG] https://www.gstatic.com:443 "GET /generate_204 HTTP/1.1" 204 0
07:34:44 [DEBUG] Starting new HTTPS connection (1): dl.google.com:443
07:34:44 [DEBUG] Starting new HTTPS connection (1): dl.google.com:443
07:34:44 [DEBUG] https://www.google.com:443 "GET /generate_204 HTTP/1.1" 204 0
07:34:44 [DEBUG] Starting new HTTPS connection (1): cp.cloudflare.com:443
07:34:44 [DEBUG] Starting new HTTPS connection (1): www.google.com:443
07:34:44 [DEBUG] https://dl.google.com:443 "GET /dl/android/studio/install/3.4.1.0/android-studio-ide-183.5522156-windows.exe HTTP/1.1" 200 1017327996
07:34:44 [INFO]    🎯 46.243.233.12 (Россия) - 4.3Mbps, 984ms UDP❌ Reality [web.max.ru]
07:34:44 [INFO]    📊 Whitelist: 32/80 (40%) | ✅24 ❌8
07:34:44 [DEBUG] Starting new HTTPS connection (1): www.google.com:443
07:34:44 [DEBUG] Starting new HTTPS connection (1): www.google.com:443
07:34:44 [DEBUG] https://cp.cloudflare.com:443 "GET / HTTP/1.1" 204 0
07:34:44 [DEBUG] Starting new HTTPS connection (1): www.gstatic.com:443
07:34:44 [DEBUG] https://www.google.com:443 "GET /generate_204 HTTP/1.1" 204 0
07:34:44 [DEBUG] Starting new HTTPS connection (1): cp.cloudflare.com:443
07:34:44 [DEBUG] https://dl.google.com:443 "GET /dl/android/studio/install/3.4.1.0/android-studio-ide-183.5522156-windows.exe HTTP/1.1" 200 1017327996
07:34:45 [DEBUG] https://www.google.com:443 "GET /generate_204 HTTP/1.1" 204 0
07:34:45 [DEBUG] Starting new HTTPS connection (1): cp.cloudflare.com:443
07:34:45 [DEBUG] https://www.gstatic.com:443 "GET /generate_204 HTTP/1.1" 204 0
07:34:45 [DEBUG] https://cp.cloudflare.com:443 "GET / HTTP/1.1" 204 0
07:34:45 [DEBUG] Starting new HTTPS connection (1): www.gstatic.com:443
07:34:45 [DEBUG] Starting new HTTPS connection (1): dl.google.com:443
07:34:45 [DEBUG] Starting new HTTPS connection (1): dl.google.com:443
07:34:45 [DEBUG] https://cp.cloudflare.com:443 "GET / HTTP/1.1" 204 0
07:34:45 [DEBUG] Starting new HTTPS connection (1): www.gstatic.com:443
07:34:45 [INFO]    🎯 90.156.217.130 (Россия) - 0.0Mbps, 399ms UDP✅ Reality [m.vk.ru]
07:34:45 [DEBUG] https://www.gstatic.com:443 "GET /generate_204 HTTP/1.1" 204 0
07:34:45 [DEBUG] Starting new HTTPS connection (1): www.google.com:443
07:34:45 [DEBUG] https://www.gstatic.com:443 "GET /generate_204 HTTP/1.1" 204 0
07:34:45 [DEBUG] https://dl.google.com:443 "GET /dl/android/studio/install/3.4.1.0/android-studio-ide-183.5522156-windows.exe HTTP/1.1" 200 1017327996
07:34:46 [DEBUG] Starting new HTTPS connection (1): dl.google.com:443
07:34:46 [DEBUG] Starting new HTTPS connection (1): dl.google.com:443
07:34:46 [DEBUG] https://dl.google.com:443 "GET /dl/android/studio/install/3.4.1.0/android-studio-ide-183.5522156-windows.exe HTTP/1.1" 200 1017327996
07:34:46 [DEBUG] https://www.gstatic.com:443 "GET /generate_204 HTTP/1.1" 204 0
07:34:46 [DEBUG] https://dl.google.com:443 "GET /dl/android/studio/install/3.4.1.0/android-studio-ide-183.5522156-windows.exe HTTP/1.1" 200 1017327996
07:34:46 [DEBUG] https://dl.google.com:443 "GET /dl/android/studio/install/3.4.1.0/android-studio-ide-183.5522156-windows.exe HTTP/1.1" 200 1017327996
07:34:46 [DEBUG] Starting new HTTPS connection (1): www.google.com:443
07:34:47 [INFO]    🎯 37.139.33.15 (Россия) - 12.2Mbps, 411ms UDP✅ Reality [m.vk.ru]
07:34:47 [DEBUG] https://www.google.com:443 "GET /generate_204 HTTP/1.1" 204 0
07:34:47 [DEBUG] Starting new HTTPS connection (1): cp.cloudflare.com:443
07:34:47 [INFO]    🎯 37.139.33.15 (Россия) - 12.3Mbps, 424ms UDP✅ Reality [m.vk.ru]
07:34:47 [DEBUG] https://cp.cloudflare.com:443 "GET / HTTP/1.1" 204 0
07:34:47 [DEBUG] Starting new HTTPS connection (1): www.gstatic.com:443
07:34:47 [INFO]    🎯 217.16.26.35 (Россия) - 5.7Mbps, 576ms UDP✅  []
07:34:48 [DEBUG] https://www.gstatic.com:443 "GET /generate_204 HTTP/1.1" 204 0
07:34:48 [DEBUG] https://www.google.com:443 "GET /generate_204 HTTP/1.1" 204 0
07:34:48 [DEBUG] Starting new HTTPS connection (1): cp.cloudflare.com:443
07:34:48 [DEBUG] Starting new HTTPS connection (1): dl.google.com:443
07:34:48 [DEBUG] Starting new HTTPS connection (1): www.google.com:443
07:34:48 [DEBUG] Starting new HTTPS connection (1): www.google.com:443
07:34:48 [DEBUG] https://www.google.com:443 "GET /generate_204 HTTP/1.1" 204 0
07:34:48 [DEBUG] Starting new HTTPS connection (1): cp.cloudflare.com:443
07:34:48 [DEBUG] Starting new HTTPS connection (1): cp.cloudflare.com:443
07:34:48 [DEBUG] https://www.google.com:443 "GET /generate_204 HTTP/1.1" 204 0
07:34:48 [DEBUG] Starting new HTTPS connection (1): cp.cloudflare.com:443
07:34:48 [DEBUG] https://dl.google.com:443 "GET /dl/android/studio/install/3.4.1.0/android-studio-ide-183.5522156-windows.exe HTTP/1.1" 200 1017327996
07:34:48 [INFO]    🎯 46.243.232.142 (Россия) - 3.6Mbps, 4265ms UDP❌ Reality [sun6-22.userapi.com]
07:34:48 [DEBUG] Starting new HTTPS connection (1): www.google.com:443
07:34:48 [DEBUG] https://www.google.com:443 "GET /generate_204 HTTP/1.1" 204 0
07:34:48 [DEBUG] Starting new HTTPS connection (1): cp.cloudflare.com:443
07:34:49 [DEBUG] https://cp.cloudflare.com:443 "GET / HTTP/1.1" 204 0
07:34:49 [DEBUG] Starting new HTTPS connection (1): www.gstatic.com:443
07:34:49 [DEBUG] https://www.google.com:443 "GET /generate_204 HTTP/1.1" 204 0
07:34:49 [DEBUG] Starting new HTTPS connection (1): cp.cloudflare.com:443
07:34:49 [DEBUG] https://cp.cloudflare.com:443 "GET / HTTP/1.1" 204 0
07:34:49 [DEBUG] Starting new HTTPS connection (1): www.gstatic.com:443
07:34:49 [INFO]    🎯 212.233.73.212 (Россия) - 11.9Mbps, 410ms UDP✅ Reality [m.vk.ru]
07:34:49 [DEBUG] https://cp.cloudflare.com:443 "GET / HTTP/1.1" 204 0
07:34:49 [DEBUG] Starting new HTTPS connection (1): www.gstatic.com:443
07:34:49 [DEBUG] https://www.gstatic.com:443 "GET /generate_204 HTTP/1.1" 204 0
07:34:49 [DEBUG] Starting new HTTPS connection (1): dl.google.com:443
07:34:49 [DEBUG] https://cp.cloudflare.com:443 "GET / HTTP/1.1" 204 0
07:34:49 [DEBUG] Starting new HTTPS connection (1): www.gstatic.com:443
07:34:49 [DEBUG] https://www.gstatic.com:443 "GET /generate_204 HTTP/1.1" 204 0
07:34:49 [DEBUG] https://cp.cloudflare.com:443 "GET / HTTP/1.1" 204 0
07:34:49 [DEBUG] Starting new HTTPS connection (1): www.gstatic.com:443
07:34:49 [DEBUG] Starting new HTTPS connection (1): dl.google.com:443
07:34:50 [DEBUG] Starting new HTTPS connection (1): www.google.com:443
07:34:50 [DEBUG] Starting new HTTPS connection (1): dl.google.com:443
07:34:50 [DEBUG] https://www.gstatic.com:443 "GET /generate_204 HTTP/1.1" 204 0
07:34:50 [DEBUG] https://www.gstatic.com:443 "GET /generate_204 HTTP/1.1" 204 0
07:34:50 [DEBUG] https://dl.google.com:443 "GET /dl/android/studio/install/3.4.1.0/android-studio-ide-183.5522156-windows.exe HTTP/1.1" 200 1017327996
07:34:50 [DEBUG] https://www.google.com:443 "GET /generate_204 HTTP/1.1" 204 0
07:34:50 [DEBUG] Starting new HTTPS connection (1): cp.cloudflare.com:443
07:34:50 [DEBUG] https://dl.google.com:443 "GET /dl/android/studio/install/3.4.1.0/android-studio-ide-183.5522156-windows.exe HTTP/1.1" 200 1017327996
07:34:50 [DEBUG] https://www.gstatic.com:443 "GET /generate_204 HTTP/1.1" 204 0
07:34:50 [DEBUG] Starting new HTTPS connection (1): www.google.com:443
07:34:50 [DEBUG] Starting new HTTPS connection (1): dl.google.com:443
07:34:50 [DEBUG] Starting new HTTPS connection (1): dl.google.com:443
07:34:50 [DEBUG] https://cp.cloudflare.com:443 "GET / HTTP/1.1" 204 0
07:34:50 [DEBUG] Starting new HTTPS connection (1): www.gstatic.com:443
07:34:51 [INFO]    🎯 89.169.128.105 (Россия) - 12.0Mbps, 431ms UDP✅ Reality [yandex.ru]
07:34:51 [DEBUG] https://www.google.com:443 "GET /generate_204 HTTP/1.1" 204 0
07:34:51 [DEBUG] Starting new HTTPS connection (1): cp.cloudflare.com:443
07:34:51 [INFO]    🎯 158.160.105.121 (Россия) - 12.0Mbps, 430ms UDP✅ Reality [yandex.ru]
07:34:51 [INFO]    📊 Whitelist: 40/80 (50%) | ✅32 ❌8
07:34:51 [DEBUG] https://dl.google.com:443 "GET /dl/android/studio/install/3.4.1.0/android-studio-ide-183.5522156-windows.exe HTTP/1.1" 200 1017327996
07:34:51 [DEBUG] https://cp.cloudflare.com:443 "GET / HTTP/1.1" 204 0
07:34:51 [DEBUG] Starting new HTTPS connection (1): www.gstatic.com:443
07:34:51 [DEBUG] https://www.gstatic.com:443 "GET /generate_204 HTTP/1.1" 204 0
07:34:51 [DEBUG] https://cp.cloudflare.com:443 "GET / HTTP/1.1" 204 0
07:34:51 [DEBUG] Starting new HTTPS connection (1): www.gstatic.com:443
07:34:51 [DEBUG] https://www.gstatic.com:443 "GET /generate_204 HTTP/1.1" 204 0
07:34:51 [DEBUG] Starting new HTTPS connection (1): dl.google.com:443
07:34:52 [INFO]    🎯 79.137.175.44 (Россия) - 8.9Mbps, 453ms UDP✅ Reality [m.vk.ru]
07:34:52 [DEBUG] Starting new HTTPS connection (1): www.google.com:443
07:34:52 [DEBUG] Starting new HTTPS connection (1): dl.google.com:443
07:34:52 [DEBUG] https://dl.google.com:443 "GET /dl/android/studio/install/3.4.1.0/android-studio-ide-183.5522156-windows.exe HTTP/1.1" 200 1017327996
07:34:52 [DEBUG] https://dl.google.com:443 "GET /dl/android/studio/install/3.4.1.0/android-studio-ide-183.5522156-windows.exe HTTP/1.1" 200 1017327996
07:34:52 [DEBUG] Starting new HTTPS connection (1): www.google.com:443
07:34:52 [DEBUG] https://www.google.com:443 "GET /generate_204 HTTP/1.1" 204 0
07:34:52 [DEBUG] Starting new HTTPS connection (1): cp.cloudflare.com:443
07:34:52 [DEBUG] https://dl.google.com:443 "GET /dl/android/studio/install/3.4.1.0/android-studio-ide-183.5522156-windows.exe HTTP/1.1" 200 1017327996
07:34:52 [DEBUG] https://www.google.com:443 "GET /generate_204 HTTP/1.1" 204 0
07:34:52 [DEBUG] Starting new HTTPS connection (1): cp.cloudflare.com:443
07:34:52 [INFO]    🎯 176.109.109.58 (Россия) - 12.9Mbps, 508ms UDP✅ Reality [tradingview.com]
07:34:53 [DEBUG] https://cp.cloudflare.com:443 "GET / HTTP/1.1" 204 0
07:34:53 [DEBUG] Starting new HTTPS connection (1): www.gstatic.com:443
07:34:53 [DEBUG] Starting new HTTPS connection (1): www.google.com:443
07:34:53 [DEBUG] https://cp.cloudflare.com:443 "GET / HTTP/1.1" 204 0
07:34:53 [DEBUG] Starting new HTTPS connection (1): www.gstatic.com:443
07:34:53 [DEBUG] Starting new HTTPS connection (1): dl.google.com:443
07:34:53 [DEBUG] https://www.gstatic.com:443 "GET /generate_204 HTTP/1.1" 204 0
07:34:53 [DEBUG] https://dl.google.com:443 "GET /dl/android/studio/install/3.4.1.0/android-studio-ide-183.5522156-windows.exe HTTP/1.1" 200 1017327996
07:34:53 [DEBUG] https://www.google.com:443 "GET /generate_204 HTTP/1.1" 204 0
07:34:53 [DEBUG] Starting new HTTPS connection (1): cp.cloudflare.com:443
07:34:53 [DEBUG] https://www.gstatic.com:443 "GET /generate_204 HTTP/1.1" 204 0
07:34:53 [DEBUG] Starting new HTTPS connection (1): dl.google.com:443
07:34:54 [DEBUG] Starting new HTTPS connection (1): dl.google.com:443
07:34:54 [DEBUG] Starting new HTTPS connection (1): www.google.com:443
07:34:54 [DEBUG] https://cp.cloudflare.com:443 "GET / HTTP/1.1" 204 0
07:34:54 [DEBUG] Starting new HTTPS connection (1): www.gstatic.com:443
07:34:54 [DEBUG] https://dl.google.com:443 "GET /dl/android/studio/install/3.4.1.0/android-studio-ide-183.5522156-windows.exe HTTP/1.1" 200 1017327996
07:34:54 [DEBUG] https://dl.google.com:443 "GET /dl/android/studio/install/3.4.1.0/android-studio-ide-183.5522156-windows.exe HTTP/1.1" 200 1017327996
07:34:54 [DEBUG] https://www.google.com:443 "GET /generate_204 HTTP/1.1" 204 0
07:34:54 [DEBUG] Starting new HTTPS connection (1): cp.cloudflare.com:443
07:34:54 [DEBUG] https://www.gstatic.com:443 "GET /generate_204 HTTP/1.1" 204 0
07:34:54 [DEBUG] https://dl.google.com:443 "GET /dl/android/studio/install/3.4.1.0/android-studio-ide-183.5522156-windows.exe HTTP/1.1" 200 1017327996
07:34:55 [DEBUG] Starting new HTTPS connection (1): dl.google.com:443
07:34:55 [DEBUG] https://www.gstatic.com:443 "GET /generate_204 HTTP/1.1" 204 0
07:34:55 [INFO]    🎯 176.123.164.110 (Россия) - 11.0Mbps, 475ms UDP✅ Reality [m.vk.com]
07:34:55 [DEBUG] https://cp.cloudflare.com:443 "GET / HTTP/1.1" 204 0
07:34:55 [DEBUG] Starting new HTTPS connection (1): www.gstatic.com:443
07:34:55 [INFO]    🎯 79.137.175.44 (Россия) - 9.3Mbps, 453ms UDP✅ Reality [m.vk.ru]
07:34:55 [INFO]    🎯 90.156.217.130 (Россия) - 1.2Mbps, 392ms UDP✅ Reality [m.vk.ru]
07:34:55 [DEBUG] https://www.gstatic.com:443 "GET /generate_204 HTTP/1.1" 204 0
07:34:55 [DEBUG] https://dl.google.com:443 "GET /dl/android/studio/install/3.4.1.0/android-studio-ide-183.5522156-windows.exe HTTP/1.1" 200 1017327996
07:34:55 [DEBUG] Starting new HTTPS connection (1): dl.google.com:443
07:34:56 [DEBUG] https://dl.google.com:443 "GET /dl/android/studio/install/3.4.1.0/android-studio-ide-183.5522156-windows.exe HTTP/1.1" 200 1017327996
07:34:56 [DEBUG] Starting new HTTPS connection (1): www.google.com:443
07:34:56 [INFO]    🎯 158.160.223.36 (Россия) - 8.8Mbps, 481ms UDP✅ Reality [yandex.ru]
07:34:56 [DEBUG] Starting new HTTPS connection (1): www.google.com:443
07:34:56 [DEBUG] Starting new HTTPS connection (1): www.google.com:443
07:34:56 [DEBUG] https://www.google.com:443 "GET /generate_204 HTTP/1.1" 204 0
07:34:56 [DEBUG] Starting new HTTPS connection (1): cp.cloudflare.com:443
07:34:57 [INFO]    🎯 185.130.115.55 (Россия) - 3.8Mbps, 1583ms UDP❌ Reality [web.max.ru]
07:34:57 [DEBUG] https://www.google.com:443 "GET /generate_204 HTTP/1.1" 204 0
07:34:57 [DEBUG] Starting new HTTPS connection (1): cp.cloudflare.com:443
07:34:57 [DEBUG] https://www.google.com:443 "GET /generate_204 HTTP/1.1" 204 0
07:34:57 [DEBUG] Starting new HTTPS connection (1): cp.cloudflare.com:443
07:34:57 [DEBUG] https://cp.cloudflare.com:443 "GET / HTTP/1.1" 204 0
07:34:57 [DEBUG] Starting new HTTPS connection (1): www.gstatic.com:443
07:34:57 [DEBUG] https://cp.cloudflare.com:443 "GET / HTTP/1.1" 204 0
07:34:57 [DEBUG] Starting new HTTPS connection (1): www.gstatic.com:443
07:34:57 [DEBUG] https://cp.cloudflare.com:443 "GET / HTTP/1.1" 204 0
07:34:57 [DEBUG] Starting new HTTPS connection (1): www.gstatic.com:443
07:34:57 [DEBUG] Starting new HTTPS connection (1): www.google.com:443
07:34:57 [DEBUG] https://www.gstatic.com:443 "GET /generate_204 HTTP/1.1" 204 0
07:34:58 [DEBUG] https://www.google.com:443 "GET /generate_204 HTTP/1.1" 204 0
07:34:58 [DEBUG] Starting new HTTPS connection (1): cp.cloudflare.com:443
07:34:58 [DEBUG] Starting new HTTPS connection (1): dl.google.com:443
07:34:58 [DEBUG] Starting new HTTPS connection (1): www.google.com:443
07:34:58 [DEBUG] https://www.gstatic.com:443 "GET /generate_204 HTTP/1.1" 204 0
07:34:58 [DEBUG] https://www.gstatic.com:443 "GET /generate_204 HTTP/1.1" 204 0
07:34:58 [DEBUG] Starting new HTTPS connection (1): dl.google.com:443
07:34:58 [DEBUG] https://cp.cloudflare.com:443 "GET / HTTP/1.1" 204 0
07:34:58 [DEBUG] Starting new HTTPS connection (1): www.gstatic.com:443
07:34:58 [DEBUG] Starting new HTTPS connection (1): dl.google.com:443
07:34:58 [DEBUG] Starting new HTTPS connection (1): dl.google.com:443
07:34:58 [DEBUG] https://www.google.com:443 "GET /generate_204 HTTP/1.1" 204 0
07:34:58 [DEBUG] Starting new HTTPS connection (1): cp.cloudflare.com:443
07:34:58 [DEBUG] https://www.gstatic.com:443 "GET /generate_204 HTTP/1.1" 204 0
07:34:58 [DEBUG] https://dl.google.com:443 "GET /dl/android/studio/install/3.4.1.0/android-studio-ide-183.5522156-windows.exe HTTP/1.1" 200 1017327996
07:34:59 [DEBUG] https://cp.cloudflare.com:443 "GET / HTTP/1.1" 204 0
07:34:59 [DEBUG] Starting new HTTPS connection (1): www.gstatic.com:443
07:34:59 [DEBUG] https://dl.google.com:443 "GET /dl/android/studio/install/3.4.1.0/android-studio-ide-183.5522156-windows.exe HTTP/1.1" 200 1017327996
07:34:59 [INFO]    🎯 195.209.67.124 (Россия) - 1.5Mbps, 842ms UDP✅  []
07:34:59 [INFO]    📊 Whitelist: 48/80 (60%) | ✅40 ❌8
07:34:59 [DEBUG] Starting new HTTPS connection (1): dl.google.com:443
07:34:59 [DEBUG] https://dl.google.com:443 "GET /dl/android/studio/install/3.4.1.0/android-studio-ide-183.5522156-windows.exe HTTP/1.1" 200 1017327996
07:34:59 [DEBUG] https://www.gstatic.com:443 "GET /generate_204 HTTP/1.1" 204 0
07:34:59 [DEBUG] https://dl.google.com:443 "GET /dl/android/studio/install/3.4.1.0/android-studio-ide-183.5522156-windows.exe HTTP/1.1" 200 1017327996
07:34:59 [INFO]    🎯 90.156.150.134 (Россия) - 9.6Mbps, 555ms UDP✅ Reality [m.vk.ru]
07:34:59 [DEBUG] Starting new HTTPS connection (1): dl.google.com:443
07:34:59 [INFO]    🎯 90.156.150.134 (Россия) - 9.8Mbps, 529ms UDP✅ Reality [m.vk.ru]
07:35:00 [INFO]    🎯 158.160.223.36 (Россия) - 8.1Mbps, 561ms UDP✅ Reality [yandex.ru]
07:35:00 [DEBUG] Starting new HTTPS connection (1): www.google.com:443
07:35:00 [DEBUG] https://dl.google.com:443 "GET /dl/android/studio/install/3.4.1.0/android-studio-ide-183.5522156-windows.exe HTTP/1.1" 200 1017327996
07:35:00 [INFO]    🎯 84.201.128.76 (Россия) - 1.2Mbps, 3711ms UDP❌ Reality [smartcaptcha.yandexc]
07:35:00 [DEBUG] Starting new HTTPS connection (1): www.google.com:443
07:35:01 [DEBUG] Starting new HTTPS connection (1): www.google.com:443
07:35:01 [DEBUG] https://www.google.com:443 "GET /generate_204 HTTP/1.1" 204 0
07:35:01 [DEBUG] Starting new HTTPS connection (1): cp.cloudflare.com:443
07:35:01 [INFO]    🎯 37.139.33.52 (Россия) - 8.8Mbps, 486ms UDP✅ Reality [m.vk.com]
07:35:01 [DEBUG] Starting new HTTPS connection (1): www.google.com:443
07:35:01 [DEBUG] https://cp.cloudflare.com:443 "GET / HTTP/1.1" 204 0
07:35:01 [DEBUG] Starting new HTTPS connection (1): www.gstatic.com:443
07:35:01 [DEBUG] https://www.google.com:443 "GET /generate_204 HTTP/1.1" 204 0
07:35:01 [DEBUG] Starting new HTTPS connection (1): cp.cloudflare.com:443
07:35:01 [DEBUG] Starting new HTTPS connection (1): www.google.com:443
07:35:02 [DEBUG] https://www.gstatic.com:443 "GET /generate_204 HTTP/1.1" 204 0
07:35:02 [DEBUG] https://cp.cloudflare.com:443 "GET / HTTP/1.1" 204 0
07:35:02 [DEBUG] Starting new HTTPS connection (1): www.gstatic.com:443
07:35:02 [DEBUG] Starting new HTTPS connection (1): dl.google.com:443
07:35:02 [DEBUG] https://www.google.com:443 "GET /generate_204 HTTP/1.1" 204 0
07:35:02 [DEBUG] Starting new HTTPS connection (1): cp.cloudflare.com:443
07:35:02 [DEBUG] https://www.gstatic.com:443 "GET /generate_204 HTTP/1.1" 204 0
07:35:02 [DEBUG] Starting new HTTPS connection (1): www.google.com:443
07:35:02 [DEBUG] Starting new HTTPS connection (1): dl.google.com:443
07:35:02 [DEBUG] https://dl.google.com:443 "GET /dl/android/studio/install/3.4.1.0/android-studio-ide-183.5522156-windows.exe HTTP/1.1" 200 1017327996
07:35:03 [DEBUG] https://www.google.com:443 "GET /generate_204 HTTP/1.1" 204 0
07:35:03 [DEBUG] Starting new HTTPS connection (1): cp.cloudflare.com:443
07:35:03 [INFO]    🎯 51.250.16.92 (Россия) - 21.4Mbps, 328ms UDP✅ Reality [ads.x5.ru]
07:35:03 [DEBUG] https://cp.cloudflare.com:443 "GET / HTTP/1.1" 204 0
07:35:03 [DEBUG] Starting new HTTPS connection (1): www.gstatic.com:443
07:35:03 [DEBUG] https://dl.google.com:443 "GET /dl/android/studio/install/3.4.1.0/android-studio-ide-183.5522156-windows.exe HTTP/1.1" 200 1017327996
07:35:04 [DEBUG] Starting new HTTPS connection (1): cp.cloudflare.com:443
07:35:04 [INFO]    🎯 84.23.52.70 (Россия) - 0.0Mbps, 3452ms UDP❌ Reality [m.vk.ru]
07:35:04 [DEBUG] https://www.gstatic.com:443 "GET /generate_204 HTTP/1.1" 204 0
07:35:04 [DEBUG] Starting new HTTPS connection (1): www.google.com:443
07:35:04 [DEBUG] Starting new HTTPS connection (1): dl.google.com:443
07:35:04 [INFO]    🎯 51.250.16.92 (Россия) - 5.4Mbps, 386ms UDP✅ Reality [sun6-21.userapi.com]
07:35:04 [DEBUG] https://www.google.com:443 "GET /generate_204 HTTP/1.1" 204 0
07:35:04 [INFO]    📊 Whitelist: 56/80 (70%) | ✅48 ❌8
07:35:04 [DEBUG] Starting new HTTPS connection (1): cp.cloudflare.com:443
07:35:04 [DEBUG] https://cp.cloudflare.com:443 "GET / HTTP/1.1" 204 0
07:35:04 [DEBUG] Starting new HTTPS connection (1): www.gstatic.com:443
07:35:05 [DEBUG] https://www.gstatic.com:443 "GET /generate_204 HTTP/1.1" 204 0
07:35:05 [DEBUG] https://www.google.com:443 "GET /generate_204 HTTP/1.1" 204 0
07:35:05 [DEBUG] Starting new HTTPS connection (1): cp.cloudflare.com:443
07:35:05 [DEBUG] https://dl.google.com:443 "GET /dl/android/studio/install/3.4.1.0/android-studio-ide-183.5522156-windows.exe HTTP/1.1" 200 1017327996
07:35:05 [DEBUG] Starting new HTTPS connection (1): dl.google.com:443
07:35:05 [DEBUG] Starting new HTTPS connection (1): www.google.com:443
07:35:05 [DEBUG] https://cp.cloudflare.com:443 "GET / HTTP/1.1" 204 0
07:35:05 [DEBUG] Starting new HTTPS connection (1): www.gstatic.com:443
07:35:05 [DEBUG] https://dl.google.com:443 "GET /dl/android/studio/install/3.4.1.0/android-studio-ide-183.5522156-windows.exe HTTP/1.1" 200 1017327996
07:35:05 [INFO]    🎯 51.250.32.69 (Россия) - 23.6Mbps, 249ms UDP✅ Reality [www.yandex.ru]
07:35:05 [DEBUG] Starting new HTTPS connection (1): www.google.com:443
07:35:05 [INFO]    🎯 89.169.162.214 (Россия) - 9.2Mbps, 564ms UDP✅ Reality [yandex.ru]
07:35:06 [DEBUG] https://www.google.com:443 "GET /generate_204 HTTP/1.1" 204 0
07:35:06 [DEBUG] Starting new HTTPS connection (1): cp.cloudflare.com:443
07:35:06 [DEBUG] https://www.gstatic.com:443 "GET /generate_204 HTTP/1.1" 204 0
07:35:06 [DEBUG] https://cp.cloudflare.com:443 "GET / HTTP/1.1" 204 0
07:35:06 [DEBUG] Starting new HTTPS connection (1): www.gstatic.com:443
07:35:07 [DEBUG] Starting new HTTPS connection (1): www.gstatic.com:443
07:35:07 [DEBUG] Starting new HTTPS connection (1): www.google.com:443
07:35:07 [DEBUG] Starting new HTTPS connection (1): www.google.com:443
07:35:07 [DEBUG] https://www.gstatic.com:443 "GET /generate_204 HTTP/1.1" 204 0
07:35:07 [DEBUG] Starting new HTTPS connection (1): www.gstatic.com:443
07:35:07 [DEBUG] https://www.google.com:443 "GET /generate_204 HTTP/1.1" 204 0
07:35:07 [DEBUG] Starting new HTTPS connection (1): cp.cloudflare.com:443
07:35:07 [DEBUG] https://www.google.com:443 "GET /generate_204 HTTP/1.1" 204 0
07:35:07 [DEBUG] Starting new HTTPS connection (1): cp.cloudflare.com:443
07:35:07 [DEBUG] Starting new HTTPS connection (1): dl.google.com:443
07:35:07 [DEBUG] https://cp.cloudflare.com:443 "GET / HTTP/1.1" 204 0
07:35:07 [DEBUG] Starting new HTTPS connection (1): www.gstatic.com:443
07:35:08 [DEBUG] https://www.gstatic.com:443 "GET /generate_204 HTTP/1.1" 204 0
07:35:08 [DEBUG] https://cp.cloudflare.com:443 "GET / HTTP/1.1" 204 0
07:35:08 [DEBUG] Starting new HTTPS connection (1): www.gstatic.com:443
07:35:08 [DEBUG] https://www.gstatic.com:443 "GET /generate_204 HTTP/1.1" 204 0
07:35:08 [DEBUG] https://www.gstatic.com:443 "GET /generate_204 HTTP/1.1" 204 0
07:35:08 [DEBUG] https://dl.google.com:443 "GET /dl/android/studio/install/3.4.1.0/android-studio-ide-183.5522156-windows.exe HTTP/1.1" 200 1017327996
07:35:08 [DEBUG] Starting new HTTPS connection (1): dl.google.com:443
07:35:08 [DEBUG] Starting new HTTPS connection (1): dl.google.com:443
07:35:09 [DEBUG] https://dl.google.com:443 "GET /dl/android/studio/install/3.4.1.0/android-studio-ide-183.5522156-windows.exe HTTP/1.1" 200 1017327996
07:35:09 [DEBUG] Starting new HTTPS connection (1): dl.google.com:443
07:35:09 [DEBUG] https://www.gstatic.com:443 "GET /generate_204 HTTP/1.1" 204 0
07:35:09 [DEBUG] Starting new HTTPS connection (1): www.google.com:443
07:35:09 [INFO]    🎯 84.252.136.245 (Россия) - 7.6Mbps, 617ms UDP✅ Reality [yandex.ru]
07:35:09 [DEBUG] https://dl.google.com:443 "GET /dl/android/studio/install/3.4.1.0/android-studio-ide-183.5522156-windows.exe HTTP/1.1" 200 1017327996
07:35:09 [DEBUG] https://www.google.com:443 "GET /generate_204 HTTP/1.1" 204 0
07:35:09 [DEBUG] Starting new HTTPS connection (1): cp.cloudflare.com:443
07:35:10 [DEBUG] https://cp.cloudflare.com:443 "GET / HTTP/1.1" 204 0
07:35:10 [DEBUG] Starting new HTTPS connection (1): www.gstatic.com:443
07:35:10 [INFO]    🎯 212.233.76.67 (Россия) - 7.5Mbps, 1383ms UDP✅ Reality [google.com]
07:35:10 [DEBUG] https://www.gstatic.com:443 "GET /generate_204 HTTP/1.1" 204 0
07:35:10 [DEBUG] Starting new HTTPS connection (1): www.google.com:443
07:35:10 [DEBUG] Starting new HTTPS connection (1): dl.google.com:443
07:35:10 [DEBUG] https://www.google.com:443 "GET /generate_204 HTTP/1.1" 204 0
07:35:10 [DEBUG] Starting new HTTPS connection (1): cp.cloudflare.com:443
07:35:11 [DEBUG] https://cp.cloudflare.com:443 "GET / HTTP/1.1" 204 0
07:35:11 [DEBUG] https://dl.google.com:443 "GET /dl/android/studio/install/3.4.1.0/android-studio-ide-183.5522156-windows.exe HTTP/1.1" 200 1017327996
07:35:11 [DEBUG] Starting new HTTPS connection (1): www.gstatic.com:443
07:35:11 [DEBUG] https://dl.google.com:443 "GET /dl/android/studio/install/3.4.1.0/android-studio-ide-183.5522156-windows.exe HTTP/1.1" 200 1017327996
07:35:11 [DEBUG] Starting new HTTPS connection (1): www.google.com:443
07:35:11 [DEBUG] https://www.gstatic.com:443 "GET /generate_204 HTTP/1.1" 204 0
07:35:11 [INFO]    🎯 212.233.73.212 (Россия) - 12.2Mbps, 444ms UDP✅ Reality [m.vk.ru]
07:35:11 [DEBUG] https://www.google.com:443 "GET /generate_204 HTTP/1.1" 204 0
07:35:11 [DEBUG] Starting new HTTPS connection (1): cp.cloudflare.com:443
07:35:12 [DEBUG] Starting new HTTPS connection (1): dl.google.com:443
07:35:12 [DEBUG] Starting new HTTPS connection (1): cp.cloudflare.com:443
07:35:12 [INFO]    🎯 217.16.27.216 (Россия) - 4.0Mbps, 1414ms UDP❌ Reality [web.max.ru]
07:35:12 [DEBUG] https://cp.cloudflare.com:443 "GET / HTTP/1.1" 204 0
07:35:12 [DEBUG] Starting new HTTPS connection (1): www.gstatic.com:443
07:35:12 [DEBUG] https://cp.cloudflare.com:443 "GET / HTTP/1.1" 204 0
07:35:12 [DEBUG] Starting new HTTPS connection (1): www.gstatic.com:443
07:35:12 [DEBUG] https://dl.google.com:443 "GET /dl/android/studio/install/3.4.1.0/android-studio-ide-183.5522156-windows.exe HTTP/1.1" 200 1017327996
07:35:12 [DEBUG] https://www.gstatic.com:443 "GET /generate_204 HTTP/1.1" 204 0
07:35:13 [DEBUG] Starting new HTTPS connection (1): www.google.com:443
07:35:13 [DEBUG] Starting new HTTPS connection (1): dl.google.com:443
07:35:13 [INFO]    🎯 158.160.221.132 (Россия) - 10.7Mbps, 1065ms UDP❌ Reality [yandex.ru]
07:35:13 [INFO]    📊 Whitelist: 64/80 (80%) | ✅55 ❌9
07:35:13 [DEBUG] Starting new HTTPS connection (1): www.google.com:443
07:35:13 [DEBUG] https://www.google.com:443 "GET /generate_204 HTTP/1.1" 204 0
07:35:13 [DEBUG] Starting new HTTPS connection (1): cp.cloudflare.com:443
07:35:13 [DEBUG] https://dl.google.com:443 "GET /dl/android/studio/install/3.4.1.0/android-studio-ide-183.5522156-windows.exe HTTP/1.1" 200 1017327996
07:35:14 [DEBUG] https://cp.cloudflare.com:443 "GET / HTTP/1.1" 204 0
07:35:14 [DEBUG] Starting new HTTPS connection (1): www.gstatic.com:443
07:35:14 [DEBUG] https://www.google.com:443 "GET /generate_204 HTTP/1.1" 204 0
07:35:14 [DEBUG] Starting new HTTPS connection (1): cp.cloudflare.com:443
07:35:14 [INFO]    🎯 158.160.105.121 (Россия) - 11.2Mbps, 436ms UDP✅ Reality [yandex.ru]
07:35:14 [DEBUG] Starting new HTTPS connection (1): www.google.com:443
07:35:14 [DEBUG] https://cp.cloudflare.com:443 "GET / HTTP/1.1" 204 0
07:35:14 [DEBUG] Starting new HTTPS connection (1): www.gstatic.com:443
07:35:14 [DEBUG] https://www.gstatic.com:443 "GET /generate_204 HTTP/1.1" 204 0
07:35:14 [DEBUG] Starting new HTTPS connection (1): dl.google.com:443
07:35:14 [DEBUG] Starting new HTTPS connection (1): dl.google.com:443
07:35:14 [DEBUG] https://www.google.com:443 "GET /generate_204 HTTP/1.1" 204 0
07:35:14 [DEBUG] Starting new HTTPS connection (1): cp.cloudflare.com:443
07:35:14 [INFO]    🎯 37.139.33.57 (Россия) - 0.7Mbps, 481ms UDP✅ Reality [m.vk.ru]
07:35:15 [DEBUG] https://www.gstatic.com:443 "GET /generate_204 HTTP/1.1" 204 0
07:35:15 [DEBUG] https://dl.google.com:443 "GET /dl/android/studio/install/3.4.1.0/android-studio-ide-183.5522156-windows.exe HTTP/1.1" 200 1017327996
07:35:15 [DEBUG] https://cp.cloudflare.com:443 "GET / HTTP/1.1" 204 0
07:35:15 [DEBUG] Starting new HTTPS connection (1): www.gstatic.com:443
07:35:15 [DEBUG] Starting new HTTPS connection (1): dl.google.com:443
07:35:15 [DEBUG] Starting new HTTPS connection (1): www.google.com:443
07:35:15 [DEBUG] https://dl.google.com:443 "GET /dl/android/studio/install/3.4.1.0/android-studio-ide-183.5522156-windows.exe HTTP/1.1" 200 1017327996
07:35:15 [DEBUG] https://www.gstatic.com:443 "GET /generate_204 HTTP/1.1" 204 0
07:35:15 [DEBUG] https://dl.google.com:443 "GET /dl/android/studio/install/3.4.1.0/android-studio-ide-183.5522156-windows.exe HTTP/1.1" 200 1017327996
07:35:16 [DEBUG] Starting new HTTPS connection (1): www.google.com:443
07:35:16 [DEBUG] https://www.google.com:443 "GET /generate_204 HTTP/1.1" 204 0
07:35:16 [DEBUG] Starting new HTTPS connection (1): cp.cloudflare.com:443
07:35:16 [DEBUG] Starting new HTTPS connection (1): dl.google.com:443
07:35:16 [INFO]    🎯 176.123.164.110 (Россия) - 10.8Mbps, 517ms UDP✅ Reality [m.vk.com]
07:35:16 [DEBUG] https://www.google.com:443 "GET /generate_204 HTTP/1.1" 204 0
07:35:16 [DEBUG] Starting new HTTPS connection (1): cp.cloudflare.com:443
07:35:16 [INFO]    🎯 87.239.106.153 (Россия) - 7.1Mbps, 487ms UDP✅ Reality [m.vk.ru]
07:35:16 [DEBUG] https://cp.cloudflare.com:443 "GET / HTTP/1.1" 204 0
07:35:16 [DEBUG] Starting new HTTPS connection (1): www.gstatic.com:443
07:35:17 [DEBUG] https://cp.cloudflare.com:443 "GET / HTTP/1.1" 204 0
07:35:17 [DEBUG] Starting new HTTPS connection (1): www.gstatic.com:443
07:35:17 [DEBUG] https://www.gstatic.com:443 "GET /generate_204 HTTP/1.1" 204 0
07:35:17 [DEBUG] https://dl.google.com:443 "GET /dl/android/studio/install/3.4.1.0/android-studio-ide-183.5522156-windows.exe HTTP/1.1" 200 1017327996
07:35:17 [DEBUG] https://www.gstatic.com:443 "GET /generate_204 HTTP/1.1" 204 0
07:35:17 [DEBUG] Starting new HTTPS connection (1): dl.google.com:443
07:35:17 [DEBUG] Starting new HTTPS connection (1): www.google.com:443
07:35:17 [DEBUG] Starting new HTTPS connection (1): www.google.com:443
07:35:18 [DEBUG] Starting new HTTPS connection (1): dl.google.com:443
07:35:18 [DEBUG] https://www.google.com:443 "GET /generate_204 HTTP/1.1" 204 0
07:35:18 [DEBUG] Starting new HTTPS connection (1): cp.cloudflare.com:443
07:35:18 [DEBUG] https://dl.google.com:443 "GET /dl/android/studio/install/3.4.1.0/android-studio-ide-183.5522156-windows.exe HTTP/1.1" 200 1017327996
07:35:18 [DEBUG] Starting new HTTPS connection (1): www.google.com:443
07:35:18 [DEBUG] https://dl.google.com:443 "GET /dl/android/studio/install/3.4.1.0/android-studio-ide-183.5522156-windows.exe HTTP/1.1" 200 1017327996
07:35:19 [DEBUG] https://cp.cloudflare.com:443 "GET / HTTP/1.1" 204 0
07:35:19 [DEBUG] Starting new HTTPS connection (1): www.gstatic.com:443
07:35:19 [DEBUG] https://www.google.com:443 "GET /generate_204 HTTP/1.1" 204 0
07:35:19 [DEBUG] Starting new HTTPS connection (1): cp.cloudflare.com:443
07:35:19 [INFO]    🎯 84.252.136.245 (Россия) - 7.6Mbps, 634ms UDP✅ Reality [yandex.ru]
07:35:19 [INFO]    🎯 84.252.143.25 (Россия) - 8.2Mbps, 496ms UDP✅ Reality [yandex.ru]
07:35:19 [DEBUG] https://www.gstatic.com:443 "GET /generate_204 HTTP/1.1" 204 0
07:35:19 [INFO]    🎯 176.109.109.58 (Россия) - 0.5Mbps, 430ms UDP✅ Reality [tradingview.com]
07:35:19 [INFO]    📊 Whitelist: 72/80 (90%) | ✅62 ❌10
07:35:19 [DEBUG] https://www.google.com:443 "GET /generate_204 HTTP/1.1" 204 0
07:35:19 [DEBUG] Starting new HTTPS connection (1): cp.cloudflare.com:443
07:35:19 [DEBUG] Starting new HTTPS connection (1): dl.google.com:443
07:35:19 [DEBUG] https://cp.cloudflare.com:443 "GET / HTTP/1.1" 204 0
07:35:19 [DEBUG] Starting new HTTPS connection (1): www.gstatic.com:443
07:35:20 [DEBUG] https://www.gstatic.com:443 "GET /generate_204 HTTP/1.1" 204 0
07:35:20 [DEBUG] https://dl.google.com:443 "GET /dl/android/studio/install/3.4.1.0/android-studio-ide-183.5522156-windows.exe HTTP/1.1" 200 1017327996
07:35:20 [DEBUG] Starting new HTTPS connection (1): www.google.com:443
07:35:20 [DEBUG] Starting new HTTPS connection (1): dl.google.com:443
07:35:21 [DEBUG] https://www.google.com:443 "GET /generate_204 HTTP/1.1" 204 0
07:35:21 [DEBUG] Starting new HTTPS connection (1): cp.cloudflare.com:443
07:35:21 [INFO]    🎯 89.169.162.214 (Россия) - 8.8Mbps, 551ms UDP✅ Reality [yandex.ru]
07:35:21 [DEBUG] https://cp.cloudflare.com:443 "GET / HTTP/1.1" 204 0
07:35:21 [DEBUG] Starting new HTTPS connection (1): www.gstatic.com:443
07:35:21 [INFO]    🎯 90.156.217.130 (Россия) - 1.9Mbps, 393ms UDP❌ Reality [m.vk.ru]
07:35:21 [DEBUG] https://dl.google.com:443 "GET /dl/android/studio/install/3.4.1.0/android-studio-ide-183.5522156-windows.exe HTTP/1.1" 200 1017327996
07:35:21 [DEBUG] https://cp.cloudflare.com:443 "GET / HTTP/1.1" 204 0
07:35:21 [DEBUG] Starting new HTTPS connection (1): www.gstatic.com:443
07:35:22 [DEBUG] https://www.gstatic.com:443 "GET /generate_204 HTTP/1.1" 204 0
07:35:22 [INFO]    🎯 146.185.240.23 (Россия) - 8.4Mbps, 592ms UDP✅ Reality [m.vk.ru]
07:35:22 [DEBUG] Starting new HTTPS connection (1): dl.google.com:443
07:35:23 [DEBUG] https://dl.google.com:443 "GET /dl/android/studio/install/3.4.1.0/android-studio-ide-183.5522156-windows.exe HTTP/1.1" 200 1017327996
07:35:24 [INFO]    🎯 146.185.240.23 (Россия) - 7.0Mbps, 598ms UDP✅ Reality [m.vk.ru]
07:35:25 [DEBUG] https://www.gstatic.com:443 "GET /generate_204 HTTP/1.1" 204 0
07:35:27 [INFO]    🎯 37.139.33.57 (Россия) - 0.5Mbps, 395ms UDP✅ Reality [m.vk.ru]
07:35:28 [DEBUG] Starting new HTTPS connection (1): dl.google.com:443
07:35:29 [DEBUG] https://dl.google.com:443 "GET /dl/android/studio/install/3.4.1.0/android-studio-ide-183.5522156-windows.exe HTTP/1.1" 200 1017327996
07:35:31 [INFO]    🎯 37.139.34.145 (Россия) - 4.8Mbps, 2529ms UDP❌ Reality [m.vk.ru]
07:35:31 [INFO]    🎯 37.139.33.57 (Россия) - 0.8Mbps, 452ms UDP✅ Reality [m.vk.ru]
07:35:32 [INFO]    🎯 176.109.109.58 (Россия) - 0.5Mbps, 419ms UDP✅ Reality [m.vk.ru]
07:35:32 [INFO]    📊 Whitelist: 80/80 (100%) | ✅70 ❌10
07:35:32 [INFO] 
✅ Прошли: 80 (55 Reality), 70 WL
07:35:32 [INFO] 
══════════════════════════════════════════════════
07:35:32 [INFO] 🏆 ЭТАП 4: ФИНАЛЬНЫЙ ОТБОР
07:35:32 [INFO] ══════════════════════════════════════════════════
07:35:32 [INFO] 
📊 Пулы после фильтрации:
07:35:32 [INFO]    🎮 GAME (Reality, <150ms): 11
07:35:32 [INFO]    ⚡ UNIVERSAL: 25
07:35:32 [INFO]    🔄 WARP (Reality score≥50): 29
07:35:32 [INFO]    ⚪ WHITELIST: 70
07:35:32 [INFO] 
🎮 Выбор GAME серверов (Reality only!)...
07:35:32 [INFO]    GAME-1: 144.31.2.86 (Польша) - 148ms, 40.3Mbps, Reality✅
07:35:32 [INFO]    GAME-2: 89.169.55.246 (Германия) - 31ms, 24.8Mbps, Reality✅
07:35:32 [INFO] 
⚡ Выбор UNIVERSAL серверов (приоритет Reality)...
07:35:32 [INFO]    UNIVERSAL-1: 91.84.113.47 (Нидерланды) - 36.2Mbps Reality✅
07:35:32 [INFO]    UNIVERSAL-2: 91.84.109.124 (Нидерланды) - 33.6Mbps Reality✅
07:35:32 [INFO]    UNIVERSAL-3: 91.84.109.130 (Нидерланды) - 31.3Mbps Reality✅
07:35:32 [INFO] 
🔄 Выбор WARP серверов (Reality с высоким score)...
07:35:32 [INFO]    WARP-1: 188.253.26.39 (Нидерланды) - score=100
07:35:32 [INFO]    WARP-2: 144.31.2.154 (Польша) - score=100
07:35:32 [INFO] 
⚪ Выбор WHITELIST серверов...
07:35:32 [INFO]    WHITELIST-1: 51.250.32.69 - 23.6Mbps
07:35:32 [INFO]    WHITELIST-2: 51.250.16.92 - 21.4Mbps
07:35:32 [INFO] 
✅ Итого: 9 серверов
07:35:32 [INFO] 📦 Резерв: 30 серверов
07:35:32 [INFO] 🛡️ Reality в финале: 9/9
07:35:32 [INFO] 🏆 THE FINAL 9 (Russia-Proof):
07:35:32 [INFO] 💾 Подписка: FL1PVPN (9 серверов)
07:35:32 [INFO] ✅ ГОТОВО за 325.5 сек
07:35:32 [INFO] 🛡️ Reality в финале: 9/9
