10:24:06 [INFO] 🚀 FL1P VPN V123 - RUSSIA-PROOF EDITION
10:24:06 [INFO]    ⏰ 2026-02-07 13:24:06 MSK
10:24:06 [INFO]    🛡️ Приоритет: ТОЛЬКО Reality серверы
10:24:06 [INFO]    🎮 GAME: Reality + Tier 1-2 + пинг <150ms
10:24:06 [INFO]    ⚡ UNIVERSAL: Reality приоритет
10:24:06 [INFO] 📂 История: 6222 записей
10:24:06 [INFO] 🌍 GeoIP OK
10:24:06 [INFO] 
══════════════════════════════════════════════════
10:24:06 [INFO] 📥 ЭТАП 1: СБОР
10:24:06 [INFO] ══════════════════════════════════════════════════
10:24:06 [INFO] 📥 Сбор конфигов...
10:24:06 [DEBUG] Starting new HTTPS connection (1): raw.githubusercontent.com:443
10:24:06 [DEBUG] Starting new HTTPS connection (1): raw.githubusercontent.com:443
10:24:06 [DEBUG] Starting new HTTPS connection (1): raw.githubusercontent.com:443
10:24:06 [DEBUG] Starting new HTTPS connection (1): raw.githubusercontent.com:443
10:24:06 [DEBUG] Starting new HTTPS connection (1): raw.githubusercontent.com:443
10:24:06 [DEBUG] Starting new HTTPS connection (1): raw.githubusercontent.com:443
10:24:06 [DEBUG] Starting new HTTPS connection (1): raw.githubusercontent.com:443
10:24:06 [DEBUG] Starting new HTTPS connection (1): raw.githubusercontent.com:443
10:24:06 [DEBUG] Starting new HTTPS connection (1): raw.githubusercontent.com:443
10:24:06 [DEBUG] Starting new HTTPS connection (1): raw.githubusercontent.com:443
10:24:06 [DEBUG] Starting new HTTPS connection (1): raw.githubusercontent.com:443
10:24:06 [DEBUG] Starting new HTTPS connection (1): raw.githubusercontent.com:443
10:24:06 [DEBUG] Starting new HTTPS connection (1): raw.githubusercontent.com:443
10:24:06 [DEBUG] Starting new HTTPS connection (1): raw.githubusercontent.com:443
10:24:06 [DEBUG] Starting new HTTPS connection (1): raw.githubusercontent.com:443
10:24:07 [DEBUG] https://raw.githubusercontent.com:443 "GET /barry-far/V2ray-Configs/main/Splitted-By-Protocol/vless.txt HTTP/1.1" 404 14
10:24:07 [DEBUG] https://raw.githubusercontent.com:443 "GET /Epodonios/v2ray-configs/main/Splitted-By-Protocol/vless.txt HTTP/1.1" 200 314922
10:24:07 [DEBUG] Starting new HTTPS connection (1): raw.githubusercontent.com:443
10:24:07 [DEBUG] https://raw.githubusercontent.com:443 "GET /mfuu/v2ray/master/v2ray HTTP/1.1" 200 13219
10:24:07 [DEBUG] https://raw.githubusercontent.com:443 "GET /Pawdroid/Free-servers/main/sub HTTP/1.1" 200 3285
10:24:07 [DEBUG] Starting new HTTPS connection (1): raw.githubusercontent.com:443
10:24:07 [DEBUG] Starting new HTTPS connection (1): raw.githubusercontent.com:443
10:24:07 [DEBUG] https://raw.githubusercontent.com:443 "GET /peasoft/NoMoreWalls/master/list.txt HTTP/1.1" 200 11424
10:24:07 [DEBUG] Starting new HTTPS connection (1): raw.githubusercontent.com:443
10:24:07 [DEBUG] https://raw.githubusercontent.com:443 "GET /yebekhe/TVC/main/subscriptions/xray/reality HTTP/1.1" 404 14
10:24:07 [DEBUG] Starting new HTTPS connection (1): raw.githubusercontent.com:443
10:24:07 [DEBUG] https://raw.githubusercontent.com:443 "GET /Yebekhe/TelegramV2rayCollector/main/sub/normal/reality HTTP/1.1" 404 14
10:24:07 [DEBUG] https://raw.githubusercontent.com:443 "GET /NiREvil/vless/main/sub/vless HTTP/1.1" 404 14
10:24:07 [DEBUG] https://raw.githubusercontent.com:443 "GET /soroushmirzaei/telegram-configs-collector/main/protocols/reality HTTP/1.1" 404 14
10:24:07 [DEBUG] https://raw.githubusercontent.com:443 "GET /lagzian/SS-Collector/main/realitiy_api.txt HTTP/1.1" 404 14
10:24:07 [DEBUG] https://raw.githubusercontent.com:443 "GET /mahdibland/V2RayAggregator/master/sub/splitted/reality.txt HTTP/1.1" 404 14
10:24:07 [DEBUG] https://raw.githubusercontent.com:443 "GET /yebekhe/TVC/main/subscriptions/xray/vless HTTP/1.1" 404 14
10:24:07 [DEBUG] Starting new HTTPS connection (1): t.me:443
10:24:07 [DEBUG] https://raw.githubusercontent.com:443 "GET /mahdibland/V2RayAggregator/master/Eternity HTTP/1.1" 200 13397
10:24:07 [DEBUG] Starting new HTTPS connection (1): t.me:443
10:24:07 [DEBUG] https://raw.githubusercontent.com:443 "GET /MrMohebi/xray-proxy-grabber-telegram/master/collected-proxies/row-url/all.txt HTTP/1.1" 200 16062
10:24:07 [DEBUG] https://raw.githubusercontent.com:443 "GET /Epodonios/v2ray-configs/main/Splitted-By-Protocol/reality.txt HTTP/1.1" 404 14
10:24:07 [DEBUG] Starting new HTTPS connection (1): t.me:443
10:24:07 [DEBUG] Starting new HTTPS connection (1): t.me:443
10:24:07 [DEBUG] Starting new HTTPS connection (1): t.me:443
10:24:07 [DEBUG] Starting new HTTPS connection (1): t.me:443
10:24:07 [DEBUG] Starting new HTTPS connection (1): t.me:443
10:24:07 [DEBUG] Starting new HTTPS connection (1): t.me:443
10:24:07 [DEBUG]    🚫 Заблокированный SNI: www.microsoft.com
10:24:07 [DEBUG]    🚫 Заблокированный SNI: www.microsoft.com
10:24:07 [DEBUG]    🚫 Заблокированный SNI: dropbox.com
10:24:07 [DEBUG] Starting new HTTPS connection (1): t.me:443
10:24:08 [DEBUG] https://raw.githubusercontent.com:443 "GET /igareck/vpn-configs-for-russia/main/Vless-Reality-White-Lists-Rus-Mobile.txt HTTP/1.1" 200 6533
10:24:08 [DEBUG] https://raw.githubusercontent.com:443 "GET /igareck/vpn-configs-for-russia/refs/heads/main/WHITE-CIDR-RU-all.txt HTTP/1.1" 200 32023
10:24:08 [DEBUG] https://raw.githubusercontent.com:443 "GET /igareck/vpn-configs-for-russia/refs/heads/main/Vless-Reality-White-Lists-Rus-Mobile-2.txt HTTP/1.1" 200 6358
10:24:08 [DEBUG] https://t.me:443 "GET /s/reality_daily HTTP/1.1" 302 20
10:24:08 [DEBUG] https://t.me:443 "GET /s/RealityVpnChannel HTTP/1.1" 302 20
10:24:08 [DEBUG] Starting new HTTPS connection (1): t.me:443
10:24:08 [DEBUG] Starting new HTTPS connection (1): t.me:443
10:24:08 [DEBUG] https://t.me:443 "GET /reality_daily HTTP/1.1" 200 None
10:24:08 [DEBUG] https://t.me:443 "GET /RealityVpnChannel HTTP/1.1" 200 3662
10:24:08 [DEBUG] Starting new HTTPS connection (1): api.github.com:443
10:24:08 [DEBUG] https://t.me:443 "GET /s/FarahVPN HTTP/1.1" 200 10089
10:24:08 [DEBUG] https://t.me:443 "GET /s/PrivateVPNs HTTP/1.1" 200 11609
10:24:08 [DEBUG] Starting new HTTPS connection (1): t.me:443
10:24:08 [DEBUG]    🚫 Заблокированный SNI: www.aparat.com
10:24:08 [DEBUG] Starting new HTTPS connection (1): api.github.com:443
10:24:08 [DEBUG] https://t.me:443 "GET /s/v2ray_configs_pool HTTP/1.1" 200 6422
10:24:08 [DEBUG] Starting new HTTPS connection (1): api.github.com:443
10:24:08 [DEBUG] https://t.me:443 "GET /s/iSegaro HTTP/1.1" 200 18613
10:24:08 [DEBUG] https://raw.githubusercontent.com:443 "GET /AvenCores/goida-vpn-configs/main/configs/vless.txt HTTP/1.1" 404 14
10:24:08 [DEBUG] https://raw.githubusercontent.com:443 "GET /igareck/vpn-configs-for-russia/main/configs/vless.txt HTTP/1.1" 404 14
10:24:08 [DEBUG] https://t.me:443 "GET /s/VlessConfig HTTP/1.1" 200 11384
10:24:08 [DEBUG] https://t.me:443 "GET /s/DirectVPN HTTP/1.1" 200 11331
10:24:08 [DEBUG] https://t.me:443 "GET /s/v2rayng_vpn HTTP/1.1" 200 15536
10:24:08 [DEBUG]    🚫 Заблокированный SNI: us.asbndx.com
10:24:08 [DEBUG]    🚫 Заблокированный SNI: de-two.asbndx.com
10:24:08 [DEBUG]    🚫 Заблокированный SNI: www.microsoft.com
10:24:08 [DEBUG]    🚫 Заблокированный SNI: eset.com
10:24:08 [DEBUG]    🚫 Заблокированный SNI: learn.microsoft.com
10:24:08 [DEBUG]    🚫 Заблокированный SNI: aparat.com
10:24:08 [DEBUG]    🚫 Заблокированный SNI: tr.eu-ffast.com
10:24:08 [DEBUG]    🚫 Заблокированный SNI: www.microsoft.com
10:24:08 [DEBUG]    🚫 Заблокированный SNI: www.microsoft.com
10:24:08 [DEBUG]    🚫 Заблокированный SNI: www.pinterest.com
10:24:08 [DEBUG] https://t.me:443 "GET /s/ConfigsHUB HTTP/1.1" 200 10298
10:24:08 [DEBUG] https://api.github.com:443 "GET /repos/yebekhe/TelegramV2rayCollector/issues?state=all&per_page=10 HTTP/1.1" 404 125
10:24:08 [DEBUG] https://api.github.com:443 "GET /repos/barry-far/V2ray-Configs/issues?state=all&per_page=10 HTTP/1.1" 403 136
10:24:08 [DEBUG] https://t.me:443 "GET /s/v2ray_alpha HTTP/1.1" 200 18993
10:24:08 [DEBUG] https://t.me:443 "GET /s/freev2rayssr HTTP/1.1" 200 22267
10:24:08 [DEBUG] https://api.github.com:443 "GET /repos/mahdibland/V2RayAggregator/issues?state=all&per_page=10 HTTP/1.1" 200 1949
10:24:08 [INFO] 
📊 Собрано: 2988 глобальных
10:24:08 [INFO]    🛡️ Reality: 410 (хороших: 403)
10:24:08 [INFO]    🇷🇺 Whitelist: 1452
10:24:08 [INFO] 🔍 Уникальных: 1662 (287 Reality), 126 WL
10:24:08 [INFO] 
══════════════════════════════════════════════════
10:24:08 [INFO] ⚡ ЭТАП 2: TCP
10:24:09 [INFO] ══════════════════════════════════════════════════
10:24:09 [INFO]    📊 Global: 166/1662 (10%) | ✅121 ❌45
10:24:09 [INFO]    📊 Global: 332/1662 (20%) | ✅221 ❌111
10:24:10 [INFO]    📊 Global: 498/1662 (30%) | ✅294 ❌204
10:24:11 [INFO]    📊 Global: 664/1662 (40%) | ✅412 ❌252
10:24:11 [INFO]    📊 Global: 830/1662 (50%) | ✅527 ❌303
10:24:11 [INFO]    📊 Global: 996/1662 (60%) | ✅625 ❌371
10:24:12 [INFO]    📊 Global: 1162/1662 (70%) | ✅730 ❌432
10:24:12 [INFO]    📊 Global: 1328/1662 (80%) | ✅823 ❌505
10:24:13 [INFO]    📊 Global: 1494/1662 (90%) | ✅943 ❌551
10:24:14 [INFO]    📊 Global: 1660/1662 (100%) | ✅1024 ❌636
10:24:19 [INFO]    📊 Whitelist: 12/126 (10%) | ✅0 ❌12
10:24:19 [INFO]    📊 Whitelist: 24/126 (19%) | ✅0 ❌24
10:24:19 [INFO]    📊 Whitelist: 36/126 (29%) | ✅7 ❌29
10:24:19 [INFO]    📊 Whitelist: 48/126 (38%) | ✅19 ❌29
10:24:19 [INFO]    📊 Whitelist: 60/126 (48%) | ✅27 ❌33
10:24:19 [INFO]    📊 Whitelist: 72/126 (57%) | ✅34 ❌38
10:24:19 [INFO]    📊 Whitelist: 84/126 (67%) | ✅46 ❌38
10:24:19 [INFO]    📊 Whitelist: 96/126 (76%) | ✅58 ❌38
10:24:19 [INFO]    📊 Whitelist: 108/126 (86%) | ✅70 ❌38
10:24:20 [INFO]    📊 Whitelist: 120/126 (95%) | ✅75 ❌45
10:24:20 [INFO] 
✅ Живых: 1024 (158 Reality), 75 WL
10:24:20 [INFO] 
📊 Топ стран:
10:24:20 [INFO]    🇽🇽 XX (XX): 755 [T5]
10:24:20 [INFO]    🇳🇱 NL (Нидерланды): 57 [T3]
10:24:20 [INFO]    🇩🇪 DE (Германия): 55 [T3]
10:24:20 [INFO]    🇫🇷 FR (Франция): 29 [T4]
10:24:20 [INFO]    🇫🇮 FI (Финляндия): 12 [T1]
10:24:20 [INFO]    🇸🇪 SE (Швеция): 10 [T2]
10:24:20 [INFO]    🇰🇿 KZ (KZ): 10 [T5]
10:24:20 [INFO]    🇦🇪 AE (AE): 9 [T5]
10:24:20 [INFO] 
══════════════════════════════════════════════════
10:24:20 [INFO] 🧪 ЭТАП 3: ГЛУБОКАЯ ПРОВЕРКА
10:24:20 [INFO] ══════════════════════════════════════════════════
10:24:20 [INFO]    К проверке: 400 (158 Reality), 75 WL
10:24:21 [DEBUG] Starting new HTTPS connection (1): www.google.com:443
10:24:21 [DEBUG] Starting new HTTPS connection (1): www.google.com:443
10:24:21 [DEBUG] Starting new HTTPS connection (1): www.google.com:443
10:24:21 [DEBUG] Starting new HTTPS connection (1): www.google.com:443
10:24:21 [DEBUG] Starting new HTTPS connection (1): www.google.com:443
10:24:21 [DEBUG] Starting new HTTPS connection (1): www.google.com:443
10:24:21 [DEBUG] Starting new HTTPS connection (1): www.google.com:443
10:24:21 [DEBUG] Starting new HTTPS connection (1): www.google.com:443
10:24:21 [DEBUG] Starting new HTTPS connection (1): www.google.com:443
10:24:21 [DEBUG] Starting new HTTPS connection (1): www.google.com:443
10:24:21 [DEBUG] https://www.google.com:443 "GET /generate_204 HTTP/1.1" 204 0
10:24:21 [DEBUG] Starting new HTTPS connection (1): cp.cloudflare.com:443
10:24:21 [DEBUG] https://www.google.com:443 "GET /generate_204 HTTP/1.1" 204 0
10:24:21 [DEBUG] Starting new HTTPS connection (1): cp.cloudflare.com:443
10:24:21 [DEBUG] https://cp.cloudflare.com:443 "GET / HTTP/1.1" 204 0
10:24:21 [DEBUG] Starting new HTTPS connection (1): www.gstatic.com:443
10:24:21 [DEBUG] https://www.google.com:443 "GET /generate_204 HTTP/1.1" 204 0
10:24:21 [DEBUG] Starting new HTTPS connection (1): cp.cloudflare.com:443
10:24:21 [DEBUG] https://cp.cloudflare.com:443 "GET / HTTP/1.1" 204 0
10:24:21 [DEBUG] Starting new HTTPS connection (1): www.gstatic.com:443
10:24:21 [DEBUG] https://www.google.com:443 "GET /generate_204 HTTP/1.1" 204 0
10:24:21 [DEBUG] Starting new HTTPS connection (1): cp.cloudflare.com:443
10:24:21 [DEBUG] https://www.gstatic.com:443 "GET /generate_204 HTTP/1.1" 204 0
10:24:21 [DEBUG] Starting new HTTPS connection (1): dl.google.com:443
10:24:21 [DEBUG] https://cp.cloudflare.com:443 "GET / HTTP/1.1" 204 0
10:24:21 [DEBUG] Starting new HTTPS connection (1): www.gstatic.com:443
10:24:22 [DEBUG] https://www.gstatic.com:443 "GET /generate_204 HTTP/1.1" 204 0
10:24:22 [DEBUG] https://dl.google.com:443 "GET /dl/android/studio/install/3.4.1.0/android-studio-ide-183.5522156-windows.exe HTTP/1.1" 200 1017327996
10:24:22 [DEBUG] https://cp.cloudflare.com:443 "GET / HTTP/1.1" 204 0
10:24:22 [DEBUG] Starting new HTTPS connection (1): www.gstatic.com:443
10:24:22 [DEBUG] Starting new HTTPS connection (1): dl.google.com:443
10:24:22 [DEBUG] https://www.gstatic.com:443 "GET /generate_204 HTTP/1.1" 204 0
10:24:22 [DEBUG] https://www.google.com:443 "GET /generate_204 HTTP/1.1" 204 0
10:24:22 [DEBUG] Starting new HTTPS connection (1): cp.cloudflare.com:443
10:24:22 [DEBUG] https://dl.google.com:443 "GET /dl/android/studio/install/3.4.1.0/android-studio-ide-183.5522156-windows.exe HTTP/1.1" 200 1017327996
10:24:22 [DEBUG] Starting new HTTPS connection (1): dl.google.com:443
10:24:22 [INFO]    🎯 144.31.2.86 (Польша) - 17.7Mbps, 157ms UDP✅ Reality [google.com]
10:24:22 [DEBUG] https://www.gstatic.com:443 "GET /generate_204 HTTP/1.1" 204 0
10:24:22 [DEBUG] https://dl.google.com:443 "GET /dl/android/studio/install/3.4.1.0/android-studio-ide-183.5522156-windows.exe HTTP/1.1" 404 1449
10:24:22 [INFO]    🎯 46.62.128.207 (Финляндия) - 0.0Mbps, 345ms UDP✅ Reality [www.cloudflare.com]
10:24:23 [DEBUG] Starting new HTTPS connection (1): dl.google.com:443
10:24:23 [DEBUG] https://dl.google.com:443 "GET /dl/android/studio/install/3.4.1.0/android-studio-ide-183.5522156-windows.exe HTTP/1.1" 404 1449
10:24:23 [INFO]    🎯 2.56.125.209 (Польша) - 0.0Mbps, 460ms UDP✅ Reality [yahoo.com]
10:24:23 [DEBUG] Starting new HTTPS connection (1): cp.cloudflare.com:443
10:24:23 [DEBUG] Starting new HTTPS connection (1): www.google.com:443
10:24:23 [DEBUG] https://www.google.com:443 "GET /generate_204 HTTP/1.1" 204 0
10:24:23 [DEBUG] Starting new HTTPS connection (1): cp.cloudflare.com:443
10:24:23 [DEBUG] https://www.google.com:443 "GET /generate_204 HTTP/1.1" 204 0
10:24:23 [DEBUG] Starting new HTTPS connection (1): cp.cloudflare.com:443
10:24:23 [DEBUG] Starting new HTTPS connection (1): www.google.com:443
10:24:24 [DEBUG] Starting new HTTPS connection (1): cp.cloudflare.com:443
10:24:24 [DEBUG] Starting new HTTPS connection (1): www.gstatic.com:443
10:24:24 [DEBUG] https://cp.cloudflare.com:443 "GET / HTTP/1.1" 204 0
10:24:24 [DEBUG] Starting new HTTPS connection (1): www.gstatic.com:443
10:24:24 [DEBUG] Starting new HTTPS connection (1): www.google.com:443
10:24:24 [DEBUG] Starting new HTTPS connection (1): cp.cloudflare.com:443
10:24:24 [DEBUG] Starting new HTTPS connection (1): www.gstatic.com:443
10:24:25 [DEBUG] Starting new HTTPS connection (1): www.google.com:443
10:24:25 [DEBUG] https://www.gstatic.com:443 "GET /generate_204 HTTP/1.1" 204 0
10:24:25 [DEBUG] https://cp.cloudflare.com:443 "GET / HTTP/1.1" 204 0
10:24:25 [DEBUG] Starting new HTTPS connection (1): www.gstatic.com:443
10:24:25 [DEBUG] Starting new HTTPS connection (1): cp.cloudflare.com:443
10:24:26 [DEBUG] Starting new HTTPS connection (1): www.gstatic.com:443
10:24:26 [DEBUG] Starting new HTTPS connection (1): www.gstatic.com:443
10:24:26 [DEBUG] Starting new HTTPS connection (1): www.google.com:443
10:24:26 [DEBUG] Starting new HTTPS connection (1): cp.cloudflare.com:443
10:24:26 [DEBUG] Starting new HTTPS connection (1): www.gstatic.com:443
10:24:26 [DEBUG] Starting new HTTPS connection (1): cp.cloudflare.com:443
10:24:26 [DEBUG] Starting new HTTPS connection (1): cp.cloudflare.com:443
10:24:26 [DEBUG] Starting new HTTPS connection (1): dl.google.com:443
10:24:27 [DEBUG] https://dl.google.com:443 "GET /dl/android/studio/install/3.4.1.0/android-studio-ide-183.5522156-windows.exe HTTP/1.1" 200 1017327996
10:24:27 [DEBUG] Starting new HTTPS connection (1): www.google.com:443
10:24:27 [DEBUG] Starting new HTTPS connection (1): cp.cloudflare.com:443
10:24:27 [DEBUG] Starting new HTTPS connection (1): www.google.com:443
10:24:27 [DEBUG] Starting new HTTPS connection (1): www.gstatic.com:443
10:24:27 [INFO]    🎯 144.31.2.154 (Польша) - 22.0Mbps, 1426ms UDP✅ Reality [hls-svod.itunes.appl]
10:24:27 [DEBUG] https://www.gstatic.com:443 "GET /generate_204 HTTP/1.1" 204 0
10:24:27 [DEBUG] https://www.google.com:443 "GET /generate_204 HTTP/1.1" 204 0
10:24:27 [DEBUG] Starting new HTTPS connection (1): cp.cloudflare.com:443
10:24:27 [DEBUG] https://cp.cloudflare.com:443 "GET / HTTP/1.1" 204 0
10:24:27 [DEBUG] Starting new HTTPS connection (1): www.gstatic.com:443
10:24:28 [DEBUG] https://www.gstatic.com:443 "GET /generate_204 HTTP/1.1" 204 0
10:24:28 [DEBUG] Starting new HTTPS connection (1): dl.google.com:443
10:24:28 [DEBUG] https://www.gstatic.com:443 "GET /generate_204 HTTP/1.1" 204 0
10:24:28 [DEBUG] Starting new HTTPS connection (1): www.google.com:443
10:24:28 [DEBUG] https://cp.cloudflare.com:443 "GET / HTTP/1.1" 204 0
10:24:28 [DEBUG] Starting new HTTPS connection (1): www.gstatic.com:443
10:24:28 [DEBUG] Starting new HTTPS connection (1): dl.google.com:443
10:24:28 [DEBUG] https://dl.google.com:443 "GET /dl/android/studio/install/3.4.1.0/android-studio-ide-183.5522156-windows.exe HTTP/1.1" 200 1017327996
10:24:28 [DEBUG] Starting new HTTPS connection (1): dl.google.com:443
10:24:29 [DEBUG] https://www.gstatic.com:443 "GET /generate_204 HTTP/1.1" 204 0
10:24:29 [DEBUG] Starting new HTTPS connection (1): www.gstatic.com:443
10:24:29 [DEBUG] Starting new HTTPS connection (1): dl.google.com:443
10:24:29 [DEBUG] Starting new HTTPS connection (1): www.google.com:443
10:24:29 [DEBUG] https://www.google.com:443 "GET /generate_204 HTTP/1.1" 204 0
10:24:29 [DEBUG] Starting new HTTPS connection (1): cp.cloudflare.com:443
10:24:29 [DEBUG] https://cp.cloudflare.com:443 "GET / HTTP/1.1" 204 0
10:24:29 [DEBUG] Starting new HTTPS connection (1): www.gstatic.com:443
10:24:30 [DEBUG] https://dl.google.com:443 "GET /dl/android/studio/install/3.4.1.0/android-studio-ide-183.5522156-windows.exe HTTP/1.1" 200 1017327996
10:24:30 [DEBUG] https://www.gstatic.com:443 "GET /generate_204 HTTP/1.1" 204 0
10:24:30 [DEBUG] Starting new HTTPS connection (1): dl.google.com:443
10:24:30 [INFO]    🎯 93.152.207.254 (Финляндия) - 17.4Mbps, 1463ms UDP✅ Reality [yahoo.com]
10:24:30 [DEBUG] https://dl.google.com:443 "GET /dl/android/studio/install/3.4.1.0/android-studio-ide-183.5522156-windows.exe HTTP/1.1" 200 1017327996
10:24:30 [DEBUG] https://dl.google.com:443 "GET /dl/android/studio/install/3.4.1.0/android-studio-ide-183.5522156-windows.exe HTTP/1.1" 200 1017327996
10:24:30 [INFO]    🎯 91.84.113.47 (Нидерланды) - 30.9Mbps, 159ms UDP✅ Reality [apple.com]
10:24:30 [INFO]    🎯 84.32.151.60 (Литва) - 6.9Mbps, 1163ms UDP✅ Reality [yahoo.com]
10:24:31 [DEBUG] Starting new HTTPS connection (1): www.gstatic.com:443
10:24:31 [DEBUG] Starting new HTTPS connection (1): www.google.com:443
10:24:31 [DEBUG] https://dl.google.com:443 "GET /dl/android/studio/install/3.4.1.0/android-studio-ide-183.5522156-windows.exe HTTP/1.1" 200 1017327996
10:24:31 [DEBUG] Starting new HTTPS connection (1): www.google.com:443
10:24:31 [DEBUG] Starting new HTTPS connection (1): www.google.com:443
10:24:32 [DEBUG] https://www.google.com:443 "GET /generate_204 HTTP/1.1" 204 0
10:24:32 [DEBUG] Starting new HTTPS connection (1): cp.cloudflare.com:443
10:24:32 [DEBUG] Starting new HTTPS connection (1): cp.cloudflare.com:443
10:24:32 [DEBUG] https://cp.cloudflare.com:443 "GET / HTTP/1.1" 204 0
10:24:32 [DEBUG] Starting new HTTPS connection (1): www.gstatic.com:443
10:24:32 [DEBUG] https://www.gstatic.com:443 "GET /generate_204 HTTP/1.1" 204 0
10:24:32 [DEBUG] Starting new HTTPS connection (1): dl.google.com:443
10:24:32 [DEBUG] https://dl.google.com:443 "GET /dl/android/studio/install/3.4.1.0/android-studio-ide-183.5522156-windows.exe HTTP/1.1" 200 1017327996
10:24:32 [DEBUG] Starting new HTTPS connection (1): www.google.com:443
10:24:32 [INFO]    🎯 91.84.109.124 (Нидерланды) - 38.1Mbps, 147ms UDP✅ Reality [apple.com]
10:24:33 [DEBUG] Starting new HTTPS connection (1): cp.cloudflare.com:443
10:24:34 [DEBUG] Starting new HTTPS connection (1): www.google.com:443
10:24:34 [DEBUG] https://www.google.com:443 "GET /generate_204 HTTP/1.1" 204 0
10:24:34 [DEBUG] Starting new HTTPS connection (1): cp.cloudflare.com:443
10:24:34 [DEBUG] https://cp.cloudflare.com:443 "GET / HTTP/1.1" 204 0
10:24:34 [DEBUG] Starting new HTTPS connection (1): www.gstatic.com:443
10:24:34 [DEBUG] https://www.gstatic.com:443 "GET /generate_204 HTTP/1.1" 204 0
10:24:35 [DEBUG] Starting new HTTPS connection (1): dl.google.com:443
10:24:35 [DEBUG] https://dl.google.com:443 "GET /dl/android/studio/install/3.4.1.0/android-studio-ide-183.5522156-windows.exe HTTP/1.1" 200 1017327996
10:24:35 [INFO]    🎯 188.253.26.39 (Нидерланды) - 1.8Mbps, 277ms UDP✅ Reality [yahoo.com]
10:24:35 [INFO]    🎯 91.84.109.130 (Нидерланды) - 15.3Mbps, 288ms UDP✅ Reality [apple.com]
10:24:36 [INFO]    🎯 38.244.137.198 (Финляндия) - 0.0Mbps, 245ms UDP✅ Reality [google.com]
10:24:36 [DEBUG] Starting new HTTPS connection (1): cp.cloudflare.com:443
10:24:36 [DEBUG] Starting new HTTPS connection (1): cp.cloudflare.com:443
10:24:37 [DEBUG] Starting new HTTPS connection (1): www.google.com:443
10:24:37 [DEBUG] Starting new HTTPS connection (1): www.google.com:443
10:24:37 [DEBUG] Starting new HTTPS connection (1): www.gstatic.com:443
10:24:37 [DEBUG] Starting new HTTPS connection (1): www.google.com:443
10:24:37 [DEBUG] Starting new HTTPS connection (1): www.google.com:443
10:24:37 [DEBUG] Starting new HTTPS connection (1): cp.cloudflare.com:443
10:24:38 [DEBUG] https://www.google.com:443 "GET /generate_204 HTTP/1.1" 204 0
10:24:38 [DEBUG] Starting new HTTPS connection (1): cp.cloudflare.com:443
10:24:38 [DEBUG] Starting new HTTPS connection (1): www.gstatic.com:443
10:24:38 [DEBUG] https://cp.cloudflare.com:443 "GET / HTTP/1.1" 204 0
10:24:38 [DEBUG] Starting new HTTPS connection (1): www.gstatic.com:443
10:24:39 [DEBUG] https://www.gstatic.com:443 "GET /generate_204 HTTP/1.1" 204 0
10:24:39 [DEBUG] Starting new HTTPS connection (1): cp.cloudflare.com:443
10:24:40 [DEBUG] Starting new HTTPS connection (1): dl.google.com:443
10:24:40 [DEBUG] https://www.google.com:443 "GET /generate_204 HTTP/1.1" 204 0
10:24:40 [DEBUG] Starting new HTTPS connection (1): cp.cloudflare.com:443
10:24:40 [DEBUG] https://dl.google.com:443 "GET /dl/android/studio/install/3.4.1.0/android-studio-ide-183.5522156-windows.exe HTTP/1.1" 404 1449
10:24:40 [INFO]    🎯 45.12.143.191 (Турция) - 0.0Mbps, 602ms UDP✅ Reality [yahoo.com]
10:24:41 [DEBUG] Starting new HTTPS connection (1): www.gstatic.com:443
10:24:41 [DEBUG] Starting new HTTPS connection (1): www.gstatic.com:443
10:24:42 [DEBUG] Starting new HTTPS connection (1): cp.cloudflare.com:443
10:24:42 [DEBUG] Starting new HTTPS connection (1): www.google.com:443
10:24:42 [DEBUG] Starting new HTTPS connection (1): www.gstatic.com:443
10:24:42 [DEBUG] Starting new HTTPS connection (1): www.gstatic.com:443
10:24:43 [DEBUG] Starting new HTTPS connection (1): www.google.com:443
10:24:43 [DEBUG] Starting new HTTPS connection (1): cp.cloudflare.com:443
10:24:43 [DEBUG] Starting new HTTPS connection (1): www.gstatic.com:443
10:24:44 [DEBUG] https://cp.cloudflare.com:443 "GET / HTTP/1.1" 204 0
10:24:44 [DEBUG] Starting new HTTPS connection (1): www.gstatic.com:443
10:24:44 [DEBUG] Starting new HTTPS connection (1): www.google.com:443
10:24:45 [DEBUG] Starting new HTTPS connection (1): cp.cloudflare.com:443
10:24:45 [DEBUG] Starting new HTTPS connection (1): www.gstatic.com:443
10:24:45 [DEBUG] Starting new HTTPS connection (1): www.google.com:443
10:24:45 [DEBUG] Starting new HTTPS connection (1): cp.cloudflare.com:443
10:24:45 [DEBUG] Starting new HTTPS connection (1): www.google.com:443
10:24:45 [DEBUG] Starting new HTTPS connection (1): cp.cloudflare.com:443
10:24:45 [DEBUG] Starting new HTTPS connection (1): www.gstatic.com:443
10:24:45 [DEBUG] Starting new HTTPS connection (1): www.gstatic.com:443
10:24:46 [DEBUG] Starting new HTTPS connection (1): www.google.com:443
10:24:46 [DEBUG] Starting new HTTPS connection (1): www.google.com:443
10:24:46 [DEBUG] Starting new HTTPS connection (1): cp.cloudflare.com:443
10:24:47 [DEBUG] Starting new HTTPS connection (1): www.gstatic.com:443
10:24:47 [DEBUG] Starting new HTTPS connection (1): www.gstatic.com:443
10:24:47 [DEBUG] Starting new HTTPS connection (1): www.google.com:443
10:24:47 [DEBUG] Starting new HTTPS connection (1): cp.cloudflare.com:443
10:24:47 [DEBUG] Starting new HTTPS connection (1): cp.cloudflare.com:443
10:24:47 [DEBUG] Starting new HTTPS connection (1): www.gstatic.com:443
10:24:47 [DEBUG] Starting new HTTPS connection (1): cp.cloudflare.com:443
10:24:47 [DEBUG] Starting new HTTPS connection (1): www.google.com:443
10:24:47 [DEBUG] Starting new HTTPS connection (1): cp.cloudflare.com:443
10:24:47 [DEBUG] Starting new HTTPS connection (1): www.gstatic.com:443
10:24:48 [DEBUG] Starting new HTTPS connection (1): www.google.com:443
10:24:48 [DEBUG] Starting new HTTPS connection (1): www.google.com:443
10:24:48 [DEBUG] Starting new HTTPS connection (1): www.gstatic.com:443
10:24:48 [DEBUG] https://www.google.com:443 "GET /generate_204 HTTP/1.1" 204 0
10:24:48 [DEBUG] Starting new HTTPS connection (1): cp.cloudflare.com:443
10:24:48 [DEBUG] https://cp.cloudflare.com:443 "GET / HTTP/1.1" 204 0
10:24:48 [DEBUG] Starting new HTTPS connection (1): www.gstatic.com:443
10:24:48 [DEBUG] https://www.gstatic.com:443 "GET /generate_204 HTTP/1.1" 204 0
10:24:48 [DEBUG] Starting new HTTPS connection (1): dl.google.com:443
10:24:48 [DEBUG] https://www.gstatic.com:443 "GET /generate_204 HTTP/1.1" 204 0
10:24:48 [DEBUG] https://dl.google.com:443 "GET /dl/android/studio/install/3.4.1.0/android-studio-ide-183.5522156-windows.exe HTTP/1.1" 200 1017327996
10:24:48 [INFO]    🎯 gbr11.tcpdoor.net (XX) - 41.7Mbps, 91ms UDP✅ Reality [www.samsung.com]
10:24:48 [DEBUG] Starting new HTTPS connection (1): www.google.com:443
10:24:49 [DEBUG] Starting new HTTPS connection (1): cp.cloudflare.com:443
10:24:49 [DEBUG] Starting new HTTPS connection (1): www.google.com:443
10:24:49 [DEBUG] Starting new HTTPS connection (1): www.gstatic.com:443
10:24:49 [DEBUG] Starting new HTTPS connection (1): www.google.com:443
10:24:50 [DEBUG] Starting new HTTPS connection (1): www.google.com:443
10:24:50 [DEBUG] Starting new HTTPS connection (1): www.google.com:443
10:24:50 [DEBUG] Starting new HTTPS connection (1): cp.cloudflare.com:443
10:24:50 [DEBUG] Starting new HTTPS connection (1): www.gstatic.com:443
10:24:50 [DEBUG] Starting new HTTPS connection (1): cp.cloudflare.com:443
10:24:50 [DEBUG] Starting new HTTPS connection (1): www.gstatic.com:443
10:24:50 [DEBUG] Starting new HTTPS connection (1): www.google.com:443
10:24:50 [DEBUG] Starting new HTTPS connection (1): cp.cloudflare.com:443
10:24:51 [DEBUG] Starting new HTTPS connection (1): www.gstatic.com:443
10:24:51 [DEBUG] Starting new HTTPS connection (1): dl.google.com:443
10:24:51 [DEBUG] Starting new HTTPS connection (1): cp.cloudflare.com:443
10:24:51 [DEBUG] Starting new HTTPS connection (1): www.google.com:443
10:24:51 [DEBUG] Starting new HTTPS connection (1): www.google.com:443
10:24:52 [DEBUG] Starting new HTTPS connection (1): cp.cloudflare.com:443
10:24:52 [DEBUG] Starting new HTTPS connection (1): www.gstatic.com:443
10:24:52 [DEBUG] Starting new HTTPS connection (1): www.gstatic.com:443
10:24:52 [INFO]    📊 Global: 40/400 (10%) | ✅13 ❌27
10:24:52 [DEBUG] Starting new HTTPS connection (1): www.google.com:443
10:24:52 [INFO]    🎯 64.188.104.168 (Германия) - 0.5Mbps, 2072ms UDP✅ Reality [yahoo.com]
10:24:53 [DEBUG] Starting new HTTPS connection (1): cp.cloudflare.com:443
10:24:53 [DEBUG] Starting new HTTPS connection (1): www.google.com:443
10:24:53 [DEBUG] Starting new HTTPS connection (1): www.google.com:443
10:24:53 [DEBUG] Starting new HTTPS connection (1): cp.cloudflare.com:443
10:24:53 [DEBUG] Starting new HTTPS connection (1): www.gstatic.com:443
10:24:53 [DEBUG] Starting new HTTPS connection (1): www.gstatic.com:443
10:24:54 [DEBUG] Starting new HTTPS connection (1): www.google.com:443
10:24:54 [DEBUG] Starting new HTTPS connection (1): cp.cloudflare.com:443
10:24:54 [DEBUG] https://dl.google.com:443 "GET /dl/android/studio/install/3.4.1.0/android-studio-ide-183.5522156-windows.exe HTTP/1.1" 404 1449
10:24:54 [INFO]    🎯 140.238.100.35 (Британия) - 0.0Mbps, 3836ms UDP✅ Reality [yahoo.com]
10:24:54 [DEBUG] https://cp.cloudflare.com:443 "GET / HTTP/1.1" 204 0
10:24:54 [DEBUG] Starting new HTTPS connection (1): www.gstatic.com:443
10:24:54 [DEBUG] Starting new HTTPS connection (1): cp.cloudflare.com:443
10:24:54 [DEBUG] Starting new HTTPS connection (1): www.google.com:443
10:24:55 [DEBUG] Starting new HTTPS connection (1): www.google.com:443
10:24:55 [DEBUG] https://www.gstatic.com:443 "GET /generate_204 HTTP/1.1" 204 0
10:24:55 [DEBUG] Starting new HTTPS connection (1): cp.cloudflare.com:443
10:24:55 [DEBUG] Starting new HTTPS connection (1): cp.cloudflare.com:443
10:24:56 [DEBUG] Starting new HTTPS connection (1): www.gstatic.com:443
10:24:56 [DEBUG] https://www.google.com:443 "GET /generate_204 HTTP/1.1" 204 0
10:24:56 [DEBUG] Starting new HTTPS connection (1): cp.cloudflare.com:443
10:24:57 [DEBUG] Starting new HTTPS connection (1): www.gstatic.com:443
10:24:57 [DEBUG] Starting new HTTPS connection (1): www.google.com:443
10:24:57 [DEBUG] Starting new HTTPS connection (1): www.google.com:443
10:24:58 [DEBUG] Starting new HTTPS connection (1): www.gstatic.com:443
10:24:58 [DEBUG] Starting new HTTPS connection (1): www.google.com:443
10:24:58 [DEBUG] Starting new HTTPS connection (1): cp.cloudflare.com:443
10:24:58 [DEBUG] Starting new HTTPS connection (1): dl.google.com:443
10:24:58 [DEBUG] https://www.google.com:443 "GET /generate_204 HTTP/1.1" 204 0
10:24:58 [DEBUG] Starting new HTTPS connection (1): cp.cloudflare.com:443
10:24:58 [DEBUG] Starting new HTTPS connection (1): cp.cloudflare.com:443
10:24:59 [DEBUG] https://www.google.com:443 "GET /generate_204 HTTP/1.1" 204 0
10:24:59 [DEBUG] Starting new HTTPS connection (1): cp.cloudflare.com:443
10:24:59 [DEBUG] https://www.google.com:443 "GET /generate_204 HTTP/1.1" 204 0
10:24:59 [DEBUG] Starting new HTTPS connection (1): cp.cloudflare.com:443
10:24:59 [DEBUG] Starting new HTTPS connection (1): www.gstatic.com:443
10:24:59 [DEBUG] https://cp.cloudflare.com:443 "GET / HTTP/1.1" 204 0
10:24:59 [DEBUG] Starting new HTTPS connection (1): www.gstatic.com:443
10:24:59 [DEBUG] https://cp.cloudflare.com:443 "GET / HTTP/1.1" 204 0
10:24:59 [DEBUG] Starting new HTTPS connection (1): www.gstatic.com:443
10:24:59 [DEBUG] Starting new HTTPS connection (1): www.gstatic.com:443
10:25:00 [DEBUG] https://cp.cloudflare.com:443 "GET / HTTP/1.1" 204 0
10:25:00 [DEBUG] Starting new HTTPS connection (1): www.gstatic.com:443
10:25:00 [DEBUG] https://cp.cloudflare.com:443 "GET / HTTP/1.1" 204 0
10:25:00 [DEBUG] Starting new HTTPS connection (1): www.gstatic.com:443
10:25:00 [DEBUG] https://dl.google.com:443 "GET /dl/android/studio/install/3.4.1.0/android-studio-ide-183.5522156-windows.exe HTTP/1.1" 200 1017327996
10:25:00 [DEBUG] https://www.gstatic.com:443 "GET /generate_204 HTTP/1.1" 204 0
10:25:00 [DEBUG] https://www.gstatic.com:443 "GET /generate_204 HTTP/1.1" 204 0
10:25:01 [DEBUG] Starting new HTTPS connection (1): www.google.com:443
10:25:01 [DEBUG] Starting new HTTPS connection (1): www.gstatic.com:443
10:25:01 [DEBUG] Starting new HTTPS connection (1): dl.google.com:443
10:25:01 [DEBUG] Starting new HTTPS connection (1): dl.google.com:443
10:25:01 [DEBUG] Starting new HTTPS connection (1): www.google.com:443
10:25:01 [DEBUG] https://www.google.com:443 "GET /generate_204 HTTP/1.1" 204 0
10:25:01 [DEBUG] Starting new HTTPS connection (1): cp.cloudflare.com:443
10:25:02 [DEBUG] https://cp.cloudflare.com:443 "GET / HTTP/1.1" 204 0
10:25:02 [DEBUG] Starting new HTTPS connection (1): www.gstatic.com:443
10:25:02 [DEBUG] https://www.gstatic.com:443 "GET /generate_204 HTTP/1.1" 204 0
10:25:02 [DEBUG] Starting new HTTPS connection (1): dl.google.com:443
10:25:02 [DEBUG] https://dl.google.com:443 "GET /dl/android/studio/install/3.4.1.0/android-studio-ide-183.5522156-windows.exe HTTP/1.1" 200 1017327996
10:25:02 [DEBUG] https://dl.google.com:443 "GET /dl/android/studio/install/3.4.1.0/android-studio-ide-183.5522156-windows.exe HTTP/1.1" 200 1017327996
10:25:02 [DEBUG] https://dl.google.com:443 "GET /dl/android/studio/install/3.4.1.0/android-studio-ide-183.5522156-windows.exe HTTP/1.1" 404 1449
10:25:02 [INFO]    🎯 83.222.23.81 (KZ) - 0.0Mbps, 1127ms UDP✅ Reality [yahoo.com]
10:25:03 [DEBUG] Starting new HTTPS connection (1): www.google.com:443
10:25:03 [INFO]    🎯 jp-gy2.xem.lat (XX) - 5.5Mbps, 893ms UDP✅ Reality [swdist.apple.com]
10:25:03 [DEBUG] Starting new HTTPS connection (1): www.google.com:443
10:25:04 [DEBUG] Starting new HTTPS connection (1): www.google.com:443
10:25:04 [DEBUG] https://www.google.com:443 "GET /generate_204 HTTP/1.1" 204 0
10:25:04 [DEBUG] Starting new HTTPS connection (1): cp.cloudflare.com:443
10:25:04 [DEBUG] https://cp.cloudflare.com:443 "GET / HTTP/1.1" 204 0
10:25:04 [DEBUG] Starting new HTTPS connection (1): www.gstatic.com:443
10:25:05 [DEBUG] Starting new HTTPS connection (1): www.google.com:443
10:25:05 [DEBUG] Starting new HTTPS connection (1): cp.cloudflare.com:443
10:25:05 [DEBUG] Starting new HTTPS connection (1): www.gstatic.com:443
10:25:05 [DEBUG] https://www.gstatic.com:443 "GET /generate_204 HTTP/1.1" 204 0
10:25:05 [DEBUG] Starting new HTTPS connection (1): www.google.com:443
10:25:05 [DEBUG] Starting new HTTPS connection (1): dl.google.com:443
10:25:05 [DEBUG] Starting new HTTPS connection (1): cp.cloudflare.com:443
10:25:05 [DEBUG] https://dl.google.com:443 "GET /dl/android/studio/install/3.4.1.0/android-studio-ide-183.5522156-windows.exe HTTP/1.1" 200 1017327996
10:25:06 [DEBUG] Starting new HTTPS connection (1): www.gstatic.com:443
10:25:06 [DEBUG] Starting new HTTPS connection (1): cp.cloudflare.com:443
10:25:06 [INFO]    🎯 pl.griffon-guard.com (XX) - 21.9Mbps, 374ms UDP✅ Reality [apple.com]
10:25:06 [DEBUG] Starting new HTTPS connection (1): www.google.com:443
10:25:07 [DEBUG] Starting new HTTPS connection (1): www.google.com:443
10:25:07 [DEBUG] Starting new HTTPS connection (1): www.google.com:443
10:25:07 [DEBUG] Starting new HTTPS connection (1): cp.cloudflare.com:443
10:25:07 [DEBUG] Starting new HTTPS connection (1): www.gstatic.com:443
10:25:07 [DEBUG] Starting new HTTPS connection (1): www.google.com:443
10:25:07 [DEBUG] Starting new HTTPS connection (1): cp.cloudflare.com:443
10:25:08 [DEBUG] Starting new HTTPS connection (1): www.gstatic.com:443
10:25:08 [DEBUG] Starting new HTTPS connection (1): dl.google.com:443
10:25:08 [DEBUG] Starting new HTTPS connection (1): cp.cloudflare.com:443
10:25:08 [DEBUG] Starting new HTTPS connection (1): cp.cloudflare.com:443
10:25:09 [DEBUG] Starting new HTTPS connection (1): www.google.com:443
10:25:09 [DEBUG] Starting new HTTPS connection (1): cp.cloudflare.com:443
10:25:09 [DEBUG] Starting new HTTPS connection (1): www.google.com:443
10:25:09 [DEBUG] https://cp.cloudflare.com:443 "GET / HTTP/1.1" 204 0
10:25:09 [DEBUG] Starting new HTTPS connection (1): www.gstatic.com:443
10:25:09 [DEBUG] Starting new HTTPS connection (1): www.gstatic.com:443
10:25:09 [DEBUG] Starting new HTTPS connection (1): cp.cloudflare.com:443
10:25:09 [DEBUG] Starting new HTTPS connection (1): www.gstatic.com:443
10:25:10 [DEBUG] https://dl.google.com:443 "GET /dl/android/studio/install/3.4.1.0/android-studio-ide-183.5522156-windows.exe HTTP/1.1" 404 1449
10:25:10 [INFO]    🎯 kz.accesspoints.cloakify.app (XX) - 0.0Mbps, 2988ms UDP❌ Reality [dl.google.com]
10:25:10 [DEBUG] https://www.google.com:443 "GET /generate_204 HTTP/1.1" 204 0
10:25:10 [DEBUG] Starting new HTTPS connection (1): cp.cloudflare.com:443
10:25:10 [DEBUG] Starting new HTTPS connection (1): www.google.com:443
10:25:10 [DEBUG] Starting new HTTPS connection (1): www.google.com:443
10:25:10 [DEBUG] https://www.google.com:443 "GET /generate_204 HTTP/1.1" 204 0
10:25:10 [DEBUG] Starting new HTTPS connection (1): cp.cloudflare.com:443
10:25:11 [DEBUG] https://cp.cloudflare.com:443 "GET / HTTP/1.1" 204 0
10:25:11 [DEBUG] Starting new HTTPS connection (1): www.gstatic.com:443
10:25:11 [DEBUG] https://www.gstatic.com:443 "GET /generate_204 HTTP/1.1" 204 0
10:25:11 [DEBUG] Starting new HTTPS connection (1): dl.google.com:443
10:25:11 [DEBUG] https://dl.google.com:443 "GET /dl/android/studio/install/3.4.1.0/android-studio-ide-183.5522156-windows.exe HTTP/1.1" 404 1449
10:25:11 [INFO]    🎯 57.129.49.1 (Германия) - 0.0Mbps, 34ms UDP✅ Reality [fuck.rkn]
10:25:11 [DEBUG] Starting new HTTPS connection (1): www.google.com:443
10:25:11 [DEBUG] https://www.google.com:443 "GET /generate_204 HTTP/1.1" 204 0
10:25:11 [DEBUG] Starting new HTTPS connection (1): cp.cloudflare.com:443
10:25:11 [DEBUG] https://cp.cloudflare.com:443 "GET / HTTP/1.1" 204 0
10:25:11 [DEBUG] Starting new HTTPS connection (1): www.gstatic.com:443
10:25:11 [DEBUG] https://www.gstatic.com:443 "GET /generate_204 HTTP/1.1" 204 0
10:25:11 [DEBUG] Starting new HTTPS connection (1): dl.google.com:443
10:25:11 [DEBUG] https://dl.google.com:443 "GET /dl/android/studio/install/3.4.1.0/android-studio-ide-183.5522156-windows.exe HTTP/1.1" 200 1017327996
10:25:11 [INFO]    🎯 57.129.53.182 (Германия) - 79.1Mbps, 37ms UDP✅ Reality [fuck.rkn]
10:25:12 [DEBUG] Starting new HTTPS connection (1): www.google.com:443
10:25:12 [DEBUG] https://www.google.com:443 "GET /generate_204 HTTP/1.1" 204 0
10:25:12 [DEBUG] Starting new HTTPS connection (1): cp.cloudflare.com:443
10:25:12 [DEBUG] https://www.google.com:443 "GET /generate_204 HTTP/1.1" 204 0
10:25:12 [DEBUG] Starting new HTTPS connection (1): cp.cloudflare.com:443
10:25:12 [INFO]    🎯 ten5.astralweb.tech (XX) - 0.9Mbps, 702ms UDP❌ Reality [apple.com]
10:25:12 [DEBUG] https://cp.cloudflare.com:443 "GET / HTTP/1.1" 204 0
10:25:12 [DEBUG] Starting new HTTPS connection (1): www.gstatic.com:443
10:25:12 [DEBUG] https://www.gstatic.com:443 "GET /generate_204 HTTP/1.1" 204 0
10:25:12 [DEBUG] Starting new HTTPS connection (1): dl.google.com:443
10:25:12 [DEBUG] https://cp.cloudflare.com:443 "GET / HTTP/1.1" 204 0
10:25:12 [DEBUG] Starting new HTTPS connection (1): www.gstatic.com:443
10:25:12 [DEBUG] https://dl.google.com:443 "GET /dl/android/studio/install/3.4.1.0/android-studio-ide-183.5522156-windows.exe HTTP/1.1" 200 1017327996
10:25:12 [DEBUG] https://www.gstatic.com:443 "GET /generate_204 HTTP/1.1" 204 0
10:25:12 [DEBUG] Starting new HTTPS connection (1): www.google.com:443
10:25:12 [DEBUG] Starting new HTTPS connection (1): dl.google.com:443
10:25:12 [INFO]    🎯 57.129.53.181 (Германия) - 33.6Mbps, 56ms UDP✅ Reality [fuck.rkn]
10:25:13 [DEBUG] https://dl.google.com:443 "GET /dl/android/studio/install/3.4.1.0/android-studio-ide-183.5522156-windows.exe HTTP/1.1" 404 1449
10:25:13 [INFO]    🎯 65.108.108.151 (Финляндия) - 0.0Mbps, 1803ms UDP✅ Reality [fit.jojack.ru]
10:25:13 [DEBUG] Starting new HTTPS connection (1): www.google.com:443
10:25:13 [DEBUG] Starting new HTTPS connection (1): cp.cloudflare.com:443
10:25:13 [DEBUG] Starting new HTTPS connection (1): www.gstatic.com:443
10:25:13 [DEBUG] Starting new HTTPS connection (1): www.gstatic.com:443
10:25:13 [DEBUG] Starting new HTTPS connection (1): www.gstatic.com:443
10:25:14 [DEBUG] Starting new HTTPS connection (1): www.google.com:443
10:25:14 [DEBUG] Starting new HTTPS connection (1): www.google.com:443
10:25:14 [DEBUG] Starting new HTTPS connection (1): www.google.com:443
10:25:14 [DEBUG] Starting new HTTPS connection (1): cp.cloudflare.com:443
10:25:15 [DEBUG] Starting new HTTPS connection (1): www.gstatic.com:443
10:25:15 [DEBUG] Starting new HTTPS connection (1): www.google.com:443
10:25:15 [DEBUG] https://cp.cloudflare.com:443 "GET / HTTP/1.1" 204 0
10:25:15 [DEBUG] Starting new HTTPS connection (1): www.gstatic.com:443
10:25:15 [DEBUG] Starting new HTTPS connection (1): cp.cloudflare.com:443
10:25:15 [DEBUG] https://cp.cloudflare.com:443 "GET / HTTP/1.1" 204 0
10:25:15 [DEBUG] Starting new HTTPS connection (1): www.gstatic.com:443
10:25:15 [DEBUG] https://www.gstatic.com:443 "GET /generate_204 HTTP/1.1" 204 0
10:25:15 [DEBUG] Starting new HTTPS connection (1): dl.google.com:443
10:25:16 [DEBUG] https://dl.google.com:443 "GET /dl/android/studio/install/3.4.1.0/android-studio-ide-183.5522156-windows.exe HTTP/1.1" 200 1017327996
10:25:16 [DEBUG] Starting new HTTPS connection (1): cp.cloudflare.com:443
10:25:16 [DEBUG] Starting new HTTPS connection (1): www.google.com:443
10:25:16 [INFO]    🎯 89.169.55.246 (Германия) - 33.6Mbps, 46ms UDP✅ Reality [krakenlabs.ru]
10:25:16 [DEBUG] Starting new HTTPS connection (1): cp.cloudflare.com:443
10:25:16 [DEBUG] Starting new HTTPS connection (1): www.gstatic.com:443
10:25:16 [DEBUG] Starting new HTTPS connection (1): cp.cloudflare.com:443
10:25:17 [DEBUG] Starting new HTTPS connection (1): www.google.com:443
10:25:17 [DEBUG] Starting new HTTPS connection (1): www.google.com:443
10:25:17 [DEBUG] Starting new HTTPS connection (1): cp.cloudflare.com:443
10:25:17 [DEBUG] Starting new HTTPS connection (1): cp.cloudflare.com:443
10:25:17 [DEBUG] Starting new HTTPS connection (1): www.gstatic.com:443
10:25:17 [DEBUG] Starting new HTTPS connection (1): cp.cloudflare.com:443
10:25:18 [DEBUG] https://www.google.com:443 "GET /generate_204 HTTP/1.1" 204 0
10:25:18 [DEBUG] Starting new HTTPS connection (1): cp.cloudflare.com:443
10:25:18 [DEBUG] Starting new HTTPS connection (1): www.gstatic.com:443
10:25:18 [DEBUG] Starting new HTTPS connection (1): www.gstatic.com:443
10:25:19 [DEBUG] Starting new HTTPS connection (1): www.google.com:443
10:25:19 [DEBUG] Starting new HTTPS connection (1): www.gstatic.com:443
10:25:19 [DEBUG] https://www.google.com:443 "GET /generate_204 HTTP/1.1" 204 0
10:25:19 [DEBUG] Starting new HTTPS connection (1): cp.cloudflare.com:443
10:25:19 [DEBUG] https://cp.cloudflare.com:443 "GET / HTTP/1.1" 204 0
10:25:19 [DEBUG] Starting new HTTPS connection (1): www.gstatic.com:443
10:25:20 [DEBUG] https://www.gstatic.com:443 "GET /generate_204 HTTP/1.1" 204 0
10:25:20 [DEBUG] Starting new HTTPS connection (1): www.google.com:443
10:25:20 [DEBUG] https://cp.cloudflare.com:443 "GET / HTTP/1.1" 204 0
10:25:20 [DEBUG] Starting new HTTPS connection (1): www.gstatic.com:443
10:25:20 [DEBUG] Starting new HTTPS connection (1): www.google.com:443
10:25:20 [DEBUG] Starting new HTTPS connection (1): www.gstatic.com:443
10:25:20 [DEBUG] https://www.gstatic.com:443 "GET /generate_204 HTTP/1.1" 204 0
10:25:20 [DEBUG] Starting new HTTPS connection (1): dl.google.com:443
10:25:20 [DEBUG] https://dl.google.com:443 "GET /dl/android/studio/install/3.4.1.0/android-studio-ide-183.5522156-windows.exe HTTP/1.1" 200 1017327996
10:25:20 [INFO]    🎯 51.158.206.98 (Нидерланды) - 62.0Mbps, 403ms UDP✅ Reality [fuck.rkn]
10:25:21 [DEBUG] Starting new HTTPS connection (1): www.google.com:443
10:25:21 [DEBUG] Starting new HTTPS connection (1): www.google.com:443
10:25:21 [DEBUG] https://www.google.com:443 "GET /generate_204 HTTP/1.1" 204 0
10:25:21 [DEBUG] Starting new HTTPS connection (1): cp.cloudflare.com:443
10:25:21 [DEBUG] https://www.google.com:443 "GET /generate_204 HTTP/1.1" 204 0
10:25:21 [DEBUG] Starting new HTTPS connection (1): cp.cloudflare.com:443
10:25:21 [INFO]    📊 Global: 80/400 (20%) | ✅26 ❌54
10:25:21 [DEBUG] Starting new HTTPS connection (1): www.google.com:443
10:25:21 [DEBUG] Starting new HTTPS connection (1): www.google.com:443
10:25:21 [DEBUG] Starting new HTTPS connection (1): dl.google.com:443
10:25:21 [DEBUG] https://www.google.com:443 "GET /generate_204 HTTP/1.1" 204 0
10:25:21 [DEBUG] Starting new HTTPS connection (1): cp.cloudflare.com:443
10:25:21 [DEBUG] https://cp.cloudflare.com:443 "GET / HTTP/1.1" 204 0
10:25:21 [DEBUG] Starting new HTTPS connection (1): www.gstatic.com:443
10:25:22 [DEBUG] https://cp.cloudflare.com:443 "GET / HTTP/1.1" 204 0
10:25:22 [DEBUG] Starting new HTTPS connection (1): www.gstatic.com:443
10:25:22 [DEBUG] https://www.gstatic.com:443 "GET /generate_204 HTTP/1.1" 204 0
10:25:22 [DEBUG] https://www.google.com:443 "GET /generate_204 HTTP/1.1" 204 0
10:25:22 [DEBUG] Starting new HTTPS connection (1): cp.cloudflare.com:443
10:25:22 [DEBUG] Starting new HTTPS connection (1): dl.google.com:443
10:25:22 [DEBUG] https://www.gstatic.com:443 "GET /generate_204 HTTP/1.1" 204 0
10:25:22 [DEBUG] Starting new HTTPS connection (1): www.google.com:443
10:25:22 [DEBUG] https://dl.google.com:443 "GET /dl/android/studio/install/3.4.1.0/android-studio-ide-183.5522156-windows.exe HTTP/1.1" 200 1017327996
10:25:23 [DEBUG] https://cp.cloudflare.com:443 "GET / HTTP/1.1" 204 0
10:25:23 [DEBUG] Starting new HTTPS connection (1): www.gstatic.com:443
10:25:23 [DEBUG] https://cp.cloudflare.com:443 "GET / HTTP/1.1" 204 0
10:25:23 [DEBUG] Starting new HTTPS connection (1): www.gstatic.com:443
10:25:23 [DEBUG] https://www.gstatic.com:443 "GET /generate_204 HTTP/1.1" 204 0
10:25:23 [DEBUG] https://dl.google.com:443 "GET /dl/android/studio/install/3.4.1.0/android-studio-ide-183.5522156-windows.exe HTTP/1.1" 404 1449
10:25:23 [INFO]    🎯 hk.griffon-guard.com (XX) - 0.0Mbps, 4506ms UDP✅ Reality [yahoo.com]
10:25:24 [DEBUG] Starting new HTTPS connection (1): dl.google.com:443
10:25:24 [DEBUG] Starting new HTTPS connection (1): dl.google.com:443
10:25:24 [DEBUG] Starting new HTTPS connection (1): www.google.com:443
10:25:25 [DEBUG] https://www.google.com:443 "GET /generate_204 HTTP/1.1" 204 0
10:25:25 [DEBUG] Starting new HTTPS connection (1): cp.cloudflare.com:443
10:25:25 [DEBUG] Starting new HTTPS connection (1): cp.cloudflare.com:443
10:25:25 [DEBUG] https://cp.cloudflare.com:443 "GET / HTTP/1.1" 204 0
10:25:25 [DEBUG] Starting new HTTPS connection (1): www.gstatic.com:443
10:25:25 [INFO]    🎯 138.124.79.9 (Нидерланды) - 4.3Mbps, 278ms UDP✅ Reality [sun6-21.userapi.com]
10:25:25 [DEBUG] https://www.gstatic.com:443 "GET /generate_204 HTTP/1.1" 204 0
10:25:25 [DEBUG] https://dl.google.com:443 "GET /dl/android/studio/install/3.4.1.0/android-studio-ide-183.5522156-windows.exe HTTP/1.1" 200 1017327996
10:25:25 [DEBUG] https://dl.google.com:443 "GET /dl/android/studio/install/3.4.1.0/android-studio-ide-183.5522156-windows.exe HTTP/1.1" 200 1017327996
10:25:25 [INFO]    🎯 51.158.206.103 (Нидерланды) - 7.9Mbps, 1710ms UDP✅ Reality [fuck.rkn]
10:25:25 [DEBUG] https://www.gstatic.com:443 "GET /generate_204 HTTP/1.1" 204 0
10:25:25 [INFO]    🎯 51.158.206.93 (Нидерланды) - 11.4Mbps, 654ms UDP✅ Reality [fuck.rkn]
10:25:25 [DEBUG] Starting new HTTPS connection (1): dl.google.com:443
10:25:26 [DEBUG] https://dl.google.com:443 "GET /dl/android/studio/install/3.4.1.0/android-studio-ide-183.5522156-windows.exe HTTP/1.1" 200 1017327996
10:25:26 [DEBUG] Starting new HTTPS connection (1): dl.google.com:443
10:25:26 [DEBUG] Starting new HTTPS connection (1): cp.cloudflare.com:443
10:25:26 [DEBUG] Starting new HTTPS connection (1): www.google.com:443
10:25:26 [DEBUG] Starting new HTTPS connection (1): dl.google.com:443
10:25:26 [INFO]    🎯 144.31.198.228 (Германия) - 12.9Mbps, 309ms UDP✅ Reality [canva.com]
10:25:26 [DEBUG] Starting new HTTPS connection (1): www.google.com:443
10:25:27 [DEBUG] https://www.google.com:443 "GET /generate_204 HTTP/1.1" 204 0
10:25:27 [DEBUG] Starting new HTTPS connection (1): cp.cloudflare.com:443
10:25:27 [DEBUG] Starting new HTTPS connection (1): www.google.com:443
10:25:27 [DEBUG] https://dl.google.com:443 "GET /dl/android/studio/install/3.4.1.0/android-studio-ide-183.5522156-windows.exe HTTP/1.1" 200 1017327996
10:25:27 [DEBUG] Starting new HTTPS connection (1): cp.cloudflare.com:443
10:25:27 [INFO]    🎯 194.87.31.160 (Нидерланды) - 50.3Mbps, 182ms UDP✅ Reality [ir.ozone.ru]
10:25:27 [DEBUG] https://cp.cloudflare.com:443 "GET / HTTP/1.1" 204 0
10:25:27 [DEBUG] Starting new HTTPS connection (1): www.gstatic.com:443
10:25:27 [DEBUG] Starting new HTTPS connection (1): www.gstatic.com:443
10:25:27 [DEBUG] https://www.gstatic.com:443 "GET /generate_204 HTTP/1.1" 204 0
10:25:27 [DEBUG] https://dl.google.com:443 "GET /dl/android/studio/install/3.4.1.0/android-studio-ide-183.5522156-windows.exe HTTP/1.1" 200 1017327996
10:25:27 [DEBUG] Starting new HTTPS connection (1): dl.google.com:443
10:25:27 [INFO]    🎯 51.158.206.80 (Нидерланды) - 11.5Mbps, 1830ms UDP✅ Reality [fuck.rkn]
10:25:27 [DEBUG] https://dl.google.com:443 "GET /dl/android/studio/install/3.4.1.0/android-studio-ide-183.5522156-windows.exe HTTP/1.1" 200 1017327996
10:25:27 [DEBUG] Starting new HTTPS connection (1): cp.cloudflare.com:443
10:25:28 [INFO]    🎯 195.26.224.112 (Нидерланды) - 27.2Mbps, 234ms UDP✅ Reality [vk.com]
10:25:28 [DEBUG] Starting new HTTPS connection (1): www.google.com:443
10:25:28 [DEBUG] Starting new HTTPS connection (1): cp.cloudflare.com:443
10:25:28 [DEBUG] Starting new HTTPS connection (1): www.google.com:443
10:25:28 [DEBUG] Starting new HTTPS connection (1): www.gstatic.com:443
10:25:28 [DEBUG] Starting new HTTPS connection (1): www.google.com:443
10:25:28 [DEBUG] Starting new HTTPS connection (1): www.gstatic.com:443
10:25:28 [DEBUG] Starting new HTTPS connection (1): cp.cloudflare.com:443
10:25:28 [DEBUG] Starting new HTTPS connection (1): www.google.com:443
10:25:28 [DEBUG] Starting new HTTPS connection (1): cp.cloudflare.com:443
10:25:28 [DEBUG] Starting new HTTPS connection (1): www.gstatic.com:443
10:25:28 [DEBUG] Starting new HTTPS connection (1): www.gstatic.com:443
10:25:29 [DEBUG] Starting new HTTPS connection (1): www.google.com:443
10:25:29 [DEBUG] https://www.google.com:443 "GET /generate_204 HTTP/1.1" 204 0
10:25:29 [DEBUG] Starting new HTTPS connection (1): cp.cloudflare.com:443
10:25:29 [DEBUG] https://cp.cloudflare.com:443 "GET / HTTP/1.1" 204 0
10:25:29 [DEBUG] Starting new HTTPS connection (1): www.gstatic.com:443
10:25:29 [DEBUG] https://www.gstatic.com:443 "GET /generate_204 HTTP/1.1" 204 0
10:25:29 [DEBUG] Starting new HTTPS connection (1): www.google.com:443
10:25:29 [DEBUG] Starting new HTTPS connection (1): dl.google.com:443
10:25:30 [DEBUG] https://dl.google.com:443 "GET /dl/android/studio/install/3.4.1.0/android-studio-ide-183.5522156-windows.exe HTTP/1.1" 200 1017327996
10:25:30 [INFO]    🎯 de4.socialup.live (XX) - 44.0Mbps, 175ms UDP✅ Reality [web.max.ru]
10:25:30 [DEBUG] Starting new HTTPS connection (1): www.gstatic.com:443
10:25:30 [DEBUG] Starting new HTTPS connection (1): www.google.com:443
10:25:30 [DEBUG] https://www.google.com:443 "GET /generate_204 HTTP/1.1" 204 0
10:25:30 [DEBUG] Starting new HTTPS connection (1): cp.cloudflare.com:443
10:25:30 [DEBUG] Starting new HTTPS connection (1): www.google.com:443
10:25:30 [DEBUG] https://www.google.com:443 "GET /generate_204 HTTP/1.1" 204 0
10:25:30 [DEBUG] Starting new HTTPS connection (1): cp.cloudflare.com:443
10:25:30 [DEBUG] https://cp.cloudflare.com:443 "GET / HTTP/1.1" 204 0
10:25:30 [DEBUG] Starting new HTTPS connection (1): www.gstatic.com:443
10:25:30 [DEBUG] https://www.gstatic.com:443 "GET /generate_204 HTTP/1.1" 204 0
10:25:30 [DEBUG] Starting new HTTPS connection (1): dl.google.com:443
10:25:31 [DEBUG] https://dl.google.com:443 "GET /dl/android/studio/install/3.4.1.0/android-studio-ide-183.5522156-windows.exe HTTP/1.1" 200 1017327996
10:25:31 [INFO]    🎯 netherland.boot-lee.ru (XX) - 48.9Mbps, 154ms UDP✅ Reality [yandex.ru]
10:25:31 [DEBUG] Starting new HTTPS connection (1): www.google.com:443
10:25:31 [DEBUG] Starting new HTTPS connection (1): cp.cloudflare.com:443
10:25:31 [DEBUG] Starting new HTTPS connection (1): www.gstatic.com:443
10:25:31 [DEBUG] Starting new HTTPS connection (1): www.google.com:443
10:25:32 [DEBUG] Starting new HTTPS connection (1): cp.cloudflare.com:443
10:25:32 [DEBUG] Starting new HTTPS connection (1): www.google.com:443
10:25:32 [DEBUG] Starting new HTTPS connection (1): www.google.com:443
10:25:32 [DEBUG] Starting new HTTPS connection (1): cp.cloudflare.com:443
10:25:32 [DEBUG] Starting new HTTPS connection (1): cp.cloudflare.com:443
10:25:32 [DEBUG] Starting new HTTPS connection (1): www.gstatic.com:443
10:25:32 [DEBUG] Starting new HTTPS connection (1): www.gstatic.com:443
10:25:33 [DEBUG] Starting new HTTPS connection (1): www.gstatic.com:443
10:25:33 [DEBUG] Starting new HTTPS connection (1): cp.cloudflare.com:443
10:25:34 [DEBUG] Starting new HTTPS connection (1): cp.cloudflare.com:443
10:25:34 [DEBUG] Starting new HTTPS connection (1): www.google.com:443
10:25:34 [DEBUG] Starting new HTTPS connection (1): www.google.com:443
10:25:34 [DEBUG] Starting new HTTPS connection (1): www.gstatic.com:443
10:25:34 [DEBUG] Starting new HTTPS connection (1): cp.cloudflare.com:443
10:25:35 [DEBUG] Starting new HTTPS connection (1): www.gstatic.com:443
10:25:35 [DEBUG] Starting new HTTPS connection (1): www.gstatic.com:443
10:25:36 [DEBUG] Starting new HTTPS connection (1): www.gstatic.com:443
10:25:36 [DEBUG] Starting new HTTPS connection (1): www.google.com:443
10:25:37 [INFO]    🎯 185.21.14.122 (Нидерланды) - 0.4Mbps, 192ms UDP✅ Reality [apple.com]
10:25:37 [DEBUG] Starting new HTTPS connection (1): www.google.com:443
10:25:38 [DEBUG] Starting new HTTPS connection (1): cp.cloudflare.com:443
10:25:38 [DEBUG] Starting new HTTPS connection (1): www.gstatic.com:443
10:25:38 [DEBUG] Starting new HTTPS connection (1): www.google.com:443
10:25:38 [DEBUG] Starting new HTTPS connection (1): cp.cloudflare.com:443
10:25:38 [DEBUG] Starting new HTTPS connection (1): www.gstatic.com:443
10:25:39 [DEBUG] Starting new HTTPS connection (1): cp.cloudflare.com:443
10:25:39 [DEBUG] Starting new HTTPS connection (1): www.google.com:443
10:25:39 [DEBUG] Starting new HTTPS connection (1): www.google.com:443
10:25:39 [DEBUG] Starting new HTTPS connection (1): www.google.com:443
10:25:39 [DEBUG] Starting new HTTPS connection (1): cp.cloudflare.com:443
10:25:39 [DEBUG] Starting new HTTPS connection (1): cp.cloudflare.com:443
10:25:39 [DEBUG] Starting new HTTPS connection (1): www.gstatic.com:443
10:25:39 [DEBUG] Starting new HTTPS connection (1): www.gstatic.com:443
10:25:40 [DEBUG] https://www.google.com:443 "GET /generate_204 HTTP/1.1" 204 0
10:25:40 [DEBUG] Starting new HTTPS connection (1): cp.cloudflare.com:443
10:25:40 [DEBUG] Starting new HTTPS connection (1): www.google.com:443
10:25:40 [DEBUG] https://www.gstatic.com:443 "GET /generate_204 HTTP/1.1" 204 0
10:25:40 [DEBUG] Starting new HTTPS connection (1): www.google.com:443
10:25:41 [DEBUG] https://www.google.com:443 "GET /generate_204 HTTP/1.1" 204 0
10:25:41 [DEBUG] Starting new HTTPS connection (1): cp.cloudflare.com:443
10:25:41 [DEBUG] Starting new HTTPS connection (1): www.gstatic.com:443
10:25:41 [DEBUG] Starting new HTTPS connection (1): www.google.com:443
10:25:41 [DEBUG] Starting new HTTPS connection (1): cp.cloudflare.com:443
10:25:41 [DEBUG] Starting new HTTPS connection (1): www.gstatic.com:443
10:25:41 [DEBUG] Starting new HTTPS connection (1): www.gstatic.com:443
10:25:41 [DEBUG] Starting new HTTPS connection (1): www.google.com:443
10:25:42 [DEBUG] Starting new HTTPS connection (1): www.google.com:443
10:25:42 [DEBUG] https://www.google.com:443 "GET /generate_204 HTTP/1.1" 204 0
10:25:42 [DEBUG] Starting new HTTPS connection (1): cp.cloudflare.com:443
10:25:42 [DEBUG] https://www.google.com:443 "GET /generate_204 HTTP/1.1" 204 0
10:25:42 [DEBUG] Starting new HTTPS connection (1): cp.cloudflare.com:443
10:25:42 [DEBUG] Starting new HTTPS connection (1): cp.cloudflare.com:443
10:25:42 [DEBUG] https://cp.cloudflare.com:443 "GET / HTTP/1.1" 204 0
10:25:42 [DEBUG] Starting new HTTPS connection (1): www.gstatic.com:443
10:25:42 [DEBUG] https://cp.cloudflare.com:443 "GET / HTTP/1.1" 204 0
10:25:42 [DEBUG] Starting new HTTPS connection (1): www.gstatic.com:443
10:25:43 [DEBUG] https://www.gstatic.com:443 "GET /generate_204 HTTP/1.1" 204 0
10:25:43 [DEBUG] https://cp.cloudflare.com:443 "GET / HTTP/1.1" 204 0
10:25:43 [DEBUG] Starting new HTTPS connection (1): www.gstatic.com:443
10:25:43 [DEBUG] Starting new HTTPS connection (1): dl.google.com:443
10:25:43 [DEBUG] https://www.gstatic.com:443 "GET /generate_204 HTTP/1.1" 204 0
10:25:43 [DEBUG] https://dl.google.com:443 "GET /dl/android/studio/install/3.4.1.0/android-studio-ide-183.5522156-windows.exe HTTP/1.1" 200 1017327996
10:25:43 [DEBUG] Starting new HTTPS connection (1): cp.cloudflare.com:443
10:25:43 [INFO]    🎯 finland.boot-lee.ru (XX) - 31.7Mbps, 1350ms UDP✅ Reality [sun6-22.userapi.com]
10:25:43 [DEBUG] Starting new HTTPS connection (1): dl.google.com:443
10:25:44 [DEBUG] Starting new HTTPS connection (1): www.google.com:443
10:25:44 [DEBUG] https://cp.cloudflare.com:443 "GET / HTTP/1.1" 204 0
10:25:44 [DEBUG] Starting new HTTPS connection (1): www.gstatic.com:443
10:25:44 [DEBUG] Starting new HTTPS connection (1): cp.cloudflare.com:443
10:25:44 [DEBUG] Starting new HTTPS connection (1): www.gstatic.com:443
10:25:44 [DEBUG] https://dl.google.com:443 "GET /dl/android/studio/install/3.4.1.0/android-studio-ide-183.5522156-windows.exe HTTP/1.1" 200 1017327996
10:25:44 [DEBUG] Starting new HTTPS connection (1): www.google.com:443
10:25:44 [INFO]    🎯 turkey.boot-lee.ru (XX) - 13.3Mbps, 458ms UDP✅ Reality [sun6-22.userapi.com]
10:25:44 [DEBUG] https://www.gstatic.com:443 "GET /generate_204 HTTP/1.1" 204 0
10:25:44 [DEBUG] Starting new HTTPS connection (1): www.google.com:443
10:25:44 [DEBUG] Starting new HTTPS connection (1): cp.cloudflare.com:443
10:25:45 [DEBUG] Starting new HTTPS connection (1): www.gstatic.com:443
10:25:45 [DEBUG] https://www.google.com:443 "GET /generate_204 HTTP/1.1" 204 0
10:25:45 [DEBUG] Starting new HTTPS connection (1): cp.cloudflare.com:443
10:25:45 [DEBUG] Starting new HTTPS connection (1): www.google.com:443
10:25:45 [DEBUG] Starting new HTTPS connection (1): www.google.com:443
10:25:45 [DEBUG] Starting new HTTPS connection (1): www.google.com:443
10:25:46 [DEBUG] https://www.google.com:443 "GET /generate_204 HTTP/1.1" 204 0
10:25:46 [DEBUG] Starting new HTTPS connection (1): cp.cloudflare.com:443
10:25:46 [DEBUG] Starting new HTTPS connection (1): dl.google.com:443
10:25:46 [DEBUG] https://cp.cloudflare.com:443 "GET / HTTP/1.1" 204 0
10:25:46 [DEBUG] Starting new HTTPS connection (1): www.gstatic.com:443
10:25:46 [DEBUG] https://www.google.com:443 "GET /generate_204 HTTP/1.1" 204 0
10:25:46 [DEBUG] Starting new HTTPS connection (1): cp.cloudflare.com:443
10:25:46 [DEBUG] https://www.google.com:443 "GET /generate_204 HTTP/1.1" 204 0
10:25:46 [DEBUG] Starting new HTTPS connection (1): cp.cloudflare.com:443
10:25:46 [DEBUG] Starting new HTTPS connection (1): www.gstatic.com:443
10:25:46 [DEBUG] Starting new HTTPS connection (1): www.google.com:443
10:25:46 [DEBUG] Starting new HTTPS connection (1): www.gstatic.com:443
10:25:46 [DEBUG] https://cp.cloudflare.com:443 "GET / HTTP/1.1" 204 0
10:25:46 [DEBUG] Starting new HTTPS connection (1): www.gstatic.com:443
10:25:46 [DEBUG] https://cp.cloudflare.com:443 "GET / HTTP/1.1" 204 0
10:25:46 [DEBUG] Starting new HTTPS connection (1): www.gstatic.com:443
10:25:46 [DEBUG] https://cp.cloudflare.com:443 "GET / HTTP/1.1" 204 0
10:25:46 [DEBUG] Starting new HTTPS connection (1): www.gstatic.com:443
10:25:46 [DEBUG] Starting new HTTPS connection (1): cp.cloudflare.com:443
10:25:46 [DEBUG] https://www.gstatic.com:443 "GET /generate_204 HTTP/1.1" 204 0
10:25:46 [DEBUG] Starting new HTTPS connection (1): cp.cloudflare.com:443
10:25:46 [DEBUG] https://www.gstatic.com:443 "GET /generate_204 HTTP/1.1" 204 0
10:25:47 [DEBUG] https://www.gstatic.com:443 "GET /generate_204 HTTP/1.1" 204 0
10:25:47 [DEBUG] https://www.gstatic.com:443 "GET /generate_204 HTTP/1.1" 204 0
10:25:47 [DEBUG] Starting new HTTPS connection (1): dl.google.com:443
10:25:47 [DEBUG] Starting new HTTPS connection (1): dl.google.com:443
10:25:47 [DEBUG] Starting new HTTPS connection (1): dl.google.com:443
10:25:47 [DEBUG] Starting new HTTPS connection (1): dl.google.com:443
10:25:47 [DEBUG] Starting new HTTPS connection (1): www.gstatic.com:443
10:25:47 [DEBUG] https://dl.google.com:443 "GET /dl/android/studio/install/3.4.1.0/android-studio-ide-183.5522156-windows.exe HTTP/1.1" 200 1017327996
10:25:47 [DEBUG] https://dl.google.com:443 "GET /dl/android/studio/install/3.4.1.0/android-studio-ide-183.5522156-windows.exe HTTP/1.1" 200 1017327996
10:25:47 [DEBUG] https://dl.google.com:443 "GET /dl/android/studio/install/3.4.1.0/android-studio-ide-183.5522156-windows.exe HTTP/1.1" 200 1017327996
10:25:48 [DEBUG] https://dl.google.com:443 "GET /dl/android/studio/install/3.4.1.0/android-studio-ide-183.5522156-windows.exe HTTP/1.1" 200 1017327996
10:25:48 [DEBUG] https://www.gstatic.com:443 "GET /generate_204 HTTP/1.1" 204 0
10:25:48 [INFO]    🎯 103.113.70.30 (Молдова) - 11.9Mbps, 353ms UDP✅ Reality [tradingview.com]
10:25:48 [INFO]    🎯 45.83.140.34 (CY) - 12.6Mbps, 353ms UDP✅ Reality [tradingview.com]
10:25:48 [DEBUG] https://dl.google.com:443 "GET /dl/android/studio/install/3.4.1.0/android-studio-ide-183.5522156-windows.exe HTTP/1.1" 200 1017327996
10:25:48 [INFO]    🎯 94.131.101.203 (Молдова) - 10.8Mbps, 489ms UDP✅ Reality [tradingview.com]
10:25:48 [INFO]    📊 Global: 120/400 (30%) | ✅42 ❌78
10:25:49 [DEBUG] Starting new HTTPS connection (1): www.google.com:443
10:25:49 [DEBUG] Starting new HTTPS connection (1): cp.cloudflare.com:443
10:25:49 [DEBUG] Starting new HTTPS connection (1): www.google.com:443
10:25:49 [DEBUG] Starting new HTTPS connection (1): www.gstatic.com:443
10:25:49 [DEBUG] Starting new HTTPS connection (1): www.google.com:443
10:25:49 [DEBUG] Starting new HTTPS connection (1): www.google.com:443
10:25:49 [DEBUG] Starting new HTTPS connection (1): cp.cloudflare.com:443
10:25:49 [INFO]    🎯 ilta-wzxrxkdhbjpnprhkkpplsjwawhssvollvxzdhqshiqckwdgrdm.orbnet.xyz (XX) - 5.4Mbps, 649ms UDP✅ Reality [i2pd.website]
10:25:50 [DEBUG] Starting new HTTPS connection (1): cp.cloudflare.com:443
10:25:50 [DEBUG] Starting new HTTPS connection (1): www.google.com:443
10:25:50 [DEBUG] Starting new HTTPS connection (1): www.google.com:443
10:25:50 [DEBUG] Starting new HTTPS connection (1): dl.google.com:443
10:25:50 [DEBUG] Starting new HTTPS connection (1): cp.cloudflare.com:443
10:25:50 [DEBUG] Starting new HTTPS connection (1): www.gstatic.com:443
10:25:50 [DEBUG] Starting new HTTPS connection (1): www.google.com:443
10:25:51 [DEBUG] Starting new HTTPS connection (1): www.google.com:443
10:25:51 [DEBUG] Starting new HTTPS connection (1): www.gstatic.com:443
10:25:51 [DEBUG] https://www.google.com:443 "GET /generate_204 HTTP/1.1" 204 0
10:25:51 [DEBUG] Starting new HTTPS connection (1): cp.cloudflare.com:443
10:25:51 [DEBUG] Starting new HTTPS connection (1): www.gstatic.com:443
10:25:52 [DEBUG] Starting new HTTPS connection (1): www.google.com:443
10:25:52 [DEBUG] Starting new HTTPS connection (1): www.google.com:443
10:25:52 [DEBUG] https://dl.google.com:443 "GET /dl/android/studio/install/3.4.1.0/android-studio-ide-183.5522156-windows.exe HTTP/1.1" 200 1017327996
10:25:54 [DEBUG] Starting new HTTPS connection (1): cp.cloudflare.com:443
10:25:54 [DEBUG] Starting new HTTPS connection (1): cp.cloudflare.com:443
10:25:55 [DEBUG] Starting new HTTPS connection (1): cp.cloudflare.com:443
10:25:55 [DEBUG] Starting new HTTPS connection (1): www.gstatic.com:443
10:25:55 [DEBUG] Starting new HTTPS connection (1): cp.cloudflare.com:443
10:25:56 [DEBUG] Starting new HTTPS connection (1): www.gstatic.com:443
10:25:56 [DEBUG] Starting new HTTPS connection (1): www.google.com:443
10:25:56 [DEBUG] https://www.gstatic.com:443 "GET /generate_204 HTTP/1.1" 204 0
10:25:57 [DEBUG] Starting new HTTPS connection (1): cp.cloudflare.com:443
10:25:58 [DEBUG] Starting new HTTPS connection (1): www.google.com:443
10:25:58 [DEBUG] Starting new HTTPS connection (1): www.gstatic.com:443
10:25:58 [DEBUG] Starting new HTTPS connection (1): www.gstatic.com:443
10:25:59 [DEBUG] Starting new HTTPS connection (1): www.gstatic.com:443
10:25:59 [DEBUG] Starting new HTTPS connection (1): dl.google.com:443
10:26:00 [INFO]    🎯 92.60.78.221 (SI) - 0.9Mbps, 1809ms UDP✅ Reality [www.tradingview.com]
10:26:00 [DEBUG] Starting new HTTPS connection (1): www.gstatic.com:443
10:26:01 [DEBUG] Starting new HTTPS connection (1): www.google.com:443
10:26:01 [DEBUG] https://www.google.com:443 "GET /generate_204 HTTP/1.1" 204 0
10:26:01 [DEBUG] Starting new HTTPS connection (1): cp.cloudflare.com:443
10:26:01 [DEBUG] Starting new HTTPS connection (1): www.google.com:443
10:26:01 [DEBUG] https://cp.cloudflare.com:443 "GET / HTTP/1.1" 204 0
10:26:01 [DEBUG] Starting new HTTPS connection (1): www.gstatic.com:443
10:26:01 [DEBUG] Starting new HTTPS connection (1): cp.cloudflare.com:443
10:26:01 [DEBUG] https://www.gstatic.com:443 "GET /generate_204 HTTP/1.1" 204 0
10:26:01 [DEBUG] Starting new HTTPS connection (1): dl.google.com:443
10:26:01 [DEBUG] https://dl.google.com:443 "GET /dl/android/studio/install/3.4.1.0/android-studio-ide-183.5522156-windows.exe HTTP/1.1" 200 1017327996
10:26:02 [DEBUG] Starting new HTTPS connection (1): www.google.com:443
10:26:02 [INFO]    🎯 217.154.254.198 (Германия) - 49.1Mbps, 150ms UDP✅ Reality [azure.com]
10:26:02 [DEBUG] Starting new HTTPS connection (1): www.gstatic.com:443
10:26:03 [DEBUG] Starting new HTTPS connection (1): cp.cloudflare.com:443
10:26:03 [DEBUG] Starting new HTTPS connection (1): www.google.com:443
10:26:04 [DEBUG] Starting new HTTPS connection (1): www.google.com:443
10:26:05 [DEBUG] Starting new HTTPS connection (1): www.google.com:443
10:26:06 [INFO]    🎯 212.111.84.82 (KZ) - 0.0Mbps, 463ms UDP❌ Reality [m.vk.ru]
10:26:06 [DEBUG] Starting new HTTPS connection (1): cp.cloudflare.com:443
10:26:06 [DEBUG] Starting new HTTPS connection (1): cp.cloudflare.com:443
10:26:06 [DEBUG] Starting new HTTPS connection (1): www.gstatic.com:443
10:26:07 [DEBUG] Starting new HTTPS connection (1): cp.cloudflare.com:443
10:26:07 [DEBUG] Starting new HTTPS connection (1): www.google.com:443
10:26:07 [DEBUG] Starting new HTTPS connection (1): cp.cloudflare.com:443
10:26:07 [DEBUG] Starting new HTTPS connection (1): www.gstatic.com:443
10:26:07 [DEBUG] https://www.google.com:443 "GET /generate_204 HTTP/1.1" 204 0
10:26:07 [DEBUG] Starting new HTTPS connection (1): cp.cloudflare.com:443
10:26:08 [DEBUG] Starting new HTTPS connection (1): www.gstatic.com:443
10:26:08 [DEBUG] Starting new HTTPS connection (1): www.gstatic.com:443
10:26:08 [DEBUG] Starting new HTTPS connection (1): www.google.com:443
10:26:08 [DEBUG] Starting new HTTPS connection (1): www.google.com:443
10:26:09 [DEBUG] https://www.google.com:443 "GET /generate_204 HTTP/1.1" 204 0
10:26:09 [DEBUG] Starting new HTTPS connection (1): cp.cloudflare.com:443
10:26:09 [DEBUG] https://cp.cloudflare.com:443 "GET / HTTP/1.1" 204 0
10:26:09 [DEBUG] Starting new HTTPS connection (1): www.gstatic.com:443
10:26:09 [DEBUG] https://www.gstatic.com:443 "GET /generate_204 HTTP/1.1" 204 0
10:26:09 [DEBUG] Starting new HTTPS connection (1): dl.google.com:443
10:26:10 [DEBUG] https://www.google.com:443 "GET /generate_204 HTTP/1.1" 204 0
10:26:10 [DEBUG] Starting new HTTPS connection (1): cp.cloudflare.com:443
10:26:10 [DEBUG] https://dl.google.com:443 "GET /dl/android/studio/install/3.4.1.0/android-studio-ide-183.5522156-windows.exe HTTP/1.1" 200 1017327996
10:26:10 [DEBUG] https://cp.cloudflare.com:443 "GET / HTTP/1.1" 204 0
10:26:10 [DEBUG] Starting new HTTPS connection (1): www.gstatic.com:443
10:26:10 [INFO]    🎯 dublin.pryanik.net.ru (XX) - 20.4Mbps, 259ms UDP✅ Reality [sun6-21.userapi.com]
10:26:10 [DEBUG] https://cp.cloudflare.com:443 "GET / HTTP/1.1" 204 0
10:26:10 [DEBUG] Starting new HTTPS connection (1): www.gstatic.com:443
10:26:10 [DEBUG] Starting new HTTPS connection (1): cp.cloudflare.com:443
10:26:10 [DEBUG] https://www.gstatic.com:443 "GET /generate_204 HTTP/1.1" 204 0
10:26:11 [DEBUG] Starting new HTTPS connection (1): dl.google.com:443
10:26:11 [DEBUG] https://dl.google.com:443 "GET /dl/android/studio/install/3.4.1.0/android-studio-ide-183.5522156-windows.exe HTTP/1.1" 200 1017327996
10:26:11 [DEBUG] Starting new HTTPS connection (1): www.gstatic.com:443
10:26:11 [DEBUG] Starting new HTTPS connection (1): www.google.com:443
10:26:11 [INFO]    🎯 frankfurt.just-server.ru (XX) - 23.8Mbps, 727ms UDP✅ Reality [sun6-21.userapi.com]
10:26:11 [DEBUG] https://www.gstatic.com:443 "GET /generate_204 HTTP/1.1" 204 0
10:26:11 [DEBUG] Starting new HTTPS connection (1): www.google.com:443
10:26:12 [DEBUG] Starting new HTTPS connection (1): www.gstatic.com:443
10:26:12 [DEBUG] https://www.google.com:443 "GET /generate_204 HTTP/1.1" 204 0
10:26:12 [DEBUG] Starting new HTTPS connection (1): cp.cloudflare.com:443
10:26:12 [DEBUG] Starting new HTTPS connection (1): www.google.com:443
10:26:12 [DEBUG] https://cp.cloudflare.com:443 "GET / HTTP/1.1" 204 0
10:26:12 [DEBUG] Starting new HTTPS connection (1): www.gstatic.com:443
10:26:12 [DEBUG] Starting new HTTPS connection (1): www.google.com:443
10:26:13 [DEBUG] https://www.gstatic.com:443 "GET /generate_204 HTTP/1.1" 204 0
10:26:13 [DEBUG] https://www.google.com:443 "GET /generate_204 HTTP/1.1" 204 0
10:26:13 [DEBUG] Starting new HTTPS connection (1): cp.cloudflare.com:443
10:26:13 [DEBUG] Starting new HTTPS connection (1): dl.google.com:443
10:26:13 [DEBUG] https://cp.cloudflare.com:443 "GET / HTTP/1.1" 204 0
10:26:13 [DEBUG] Starting new HTTPS connection (1): www.gstatic.com:443
10:26:13 [DEBUG] https://dl.google.com:443 "GET /dl/android/studio/install/3.4.1.0/android-studio-ide-183.5522156-windows.exe HTTP/1.1" 200 1017327996
10:26:13 [DEBUG] Starting new HTTPS connection (1): cp.cloudflare.com:443
10:26:13 [DEBUG] https://www.gstatic.com:443 "GET /generate_204 HTTP/1.1" 204 0
10:26:13 [INFO]    🎯 fin.pryanik.net.ru (XX) - 21.0Mbps, 417ms UDP✅ Reality [sun6-21.userapi.com]
10:26:14 [DEBUG] Starting new HTTPS connection (1): dl.google.com:443
10:26:14 [DEBUG] https://www.google.com:443 "GET /generate_204 HTTP/1.1" 204 0
10:26:14 [DEBUG] Starting new HTTPS connection (1): cp.cloudflare.com:443
10:26:14 [DEBUG] Starting new HTTPS connection (1): www.google.com:443
10:26:14 [DEBUG] https://dl.google.com:443 "GET /dl/android/studio/install/3.4.1.0/android-studio-ide-183.5522156-windows.exe HTTP/1.1" 200 1017327996
10:26:14 [DEBUG] https://www.google.com:443 "GET /generate_204 HTTP/1.1" 204 0
10:26:14 [DEBUG] Starting new HTTPS connection (1): cp.cloudflare.com:443
10:26:14 [INFO]    🎯 just-server.ru (XX) - 22.5Mbps, 369ms UDP✅ Reality [sun6-21.userapi.com]
10:26:14 [DEBUG] Starting new HTTPS connection (1): dl.google.com:443
10:26:14 [DEBUG] https://cp.cloudflare.com:443 "GET / HTTP/1.1" 204 0
10:26:14 [DEBUG] Starting new HTTPS connection (1): www.gstatic.com:443
10:26:15 [DEBUG] https://cp.cloudflare.com:443 "GET / HTTP/1.1" 204 0
10:26:15 [DEBUG] Starting new HTTPS connection (1): www.gstatic.com:443
10:26:15 [DEBUG] Starting new HTTPS connection (1): www.google.com:443
10:26:15 [DEBUG] https://www.gstatic.com:443 "GET /generate_204 HTTP/1.1" 204 0
10:26:15 [DEBUG] Starting new HTTPS connection (1): dl.google.com:443
10:26:15 [DEBUG] Starting new HTTPS connection (1): cp.cloudflare.com:443
10:26:15 [DEBUG] Starting new HTTPS connection (1): www.gstatic.com:443
10:26:15 [DEBUG] https://dl.google.com:443 "GET /dl/android/studio/install/3.4.1.0/android-studio-ide-183.5522156-windows.exe HTTP/1.1" 200 1017327996
10:26:15 [DEBUG] Starting new HTTPS connection (1): www.google.com:443
10:26:16 [DEBUG] Starting new HTTPS connection (1): www.gstatic.com:443
10:26:16 [DEBUG] Starting new HTTPS connection (1): www.gstatic.com:443
10:26:16 [INFO]    🎯 austria.pryanik.net.ru (XX) - 19.5Mbps, 320ms UDP✅ Reality [sun6-21.userapi.com]
10:26:16 [DEBUG] Starting new HTTPS connection (1): cp.cloudflare.com:443
10:26:17 [DEBUG] Starting new HTTPS connection (1): www.gstatic.com:443
10:26:17 [DEBUG] https://dl.google.com:443 "GET /dl/android/studio/install/3.4.1.0/android-studio-ide-183.5522156-windows.exe HTTP/1.1" 200 1017327996
10:26:17 [DEBUG] https://www.gstatic.com:443 "GET /generate_204 HTTP/1.1" 204 0
10:26:17 [DEBUG] Starting new HTTPS connection (1): www.google.com:443
10:26:17 [DEBUG] Starting new HTTPS connection (1): www.google.com:443
10:26:17 [DEBUG] Starting new HTTPS connection (1): www.google.com:443
10:26:17 [DEBUG] Starting new HTTPS connection (1): dl.google.com:443
10:26:18 [DEBUG] Starting new HTTPS connection (1): cp.cloudflare.com:443
10:26:18 [DEBUG] Starting new HTTPS connection (1): www.google.com:443
10:26:18 [DEBUG] https://www.google.com:443 "GET /generate_204 HTTP/1.1" 204 0
10:26:18 [DEBUG] Starting new HTTPS connection (1): cp.cloudflare.com:443
10:26:18 [DEBUG] Starting new HTTPS connection (1): www.gstatic.com:443
10:26:18 [DEBUG] Starting new HTTPS connection (1): www.google.com:443
10:26:18 [DEBUG] https://cp.cloudflare.com:443 "GET / HTTP/1.1" 204 0
10:26:18 [DEBUG] Starting new HTTPS connection (1): www.gstatic.com:443
10:26:19 [DEBUG] https://dl.google.com:443 "GET /dl/android/studio/install/3.4.1.0/android-studio-ide-183.5522156-windows.exe HTTP/1.1" 200 1017327996
10:26:19 [DEBUG] https://www.gstatic.com:443 "GET /generate_204 HTTP/1.1" 204 0
10:26:19 [DEBUG] Starting new HTTPS connection (1): dl.google.com:443
10:26:19 [DEBUG] Starting new HTTPS connection (1): www.google.com:443
10:26:19 [DEBUG] https://dl.google.com:443 "GET /dl/android/studio/install/3.4.1.0/android-studio-ide-183.5522156-windows.exe HTTP/1.1" 200 1017327996
10:26:19 [DEBUG] https://www.google.com:443 "GET /generate_204 HTTP/1.1" 204 0
10:26:19 [DEBUG] Starting new HTTPS connection (1): cp.cloudflare.com:443
10:26:19 [DEBUG] https://cp.cloudflare.com:443 "GET / HTTP/1.1" 204 0
10:26:19 [DEBUG] Starting new HTTPS connection (1): www.gstatic.com:443
10:26:19 [DEBUG] https://www.gstatic.com:443 "GET /generate_204 HTTP/1.1" 204 0
10:26:19 [INFO]    🎯 94.103.1.230 (Нидерланды) - 24.0Mbps, 263ms UDP✅ Reality [sun6-21.userapi.com]
10:26:19 [INFO]    🎯 77.83.245.220 (Турция) - 2.6Mbps, 2864ms UDP❌ Reality [mailru.ookcdn.ru]
10:26:19 [DEBUG] Starting new HTTPS connection (1): dl.google.com:443
10:26:19 [DEBUG] https://dl.google.com:443 "GET /dl/android/studio/install/3.4.1.0/android-studio-ide-183.5522156-windows.exe HTTP/1.1" 200 1017327996
10:26:20 [INFO]    🎯 65.109.179.221 (Финляндия) - 47.6Mbps, 102ms UDP✅  []
10:26:20 [DEBUG] Starting new HTTPS connection (1): cp.cloudflare.com:443
10:26:20 [DEBUG] Starting new HTTPS connection (1): www.google.com:443
10:26:20 [INFO]    🎯 srv4.outlinekeys.com (XX) - 4.7Mbps, 1486ms UDP✅ Reality [sun1-90.userapi.com]
10:26:20 [DEBUG] Starting new HTTPS connection (1): cp.cloudflare.com:443
10:26:20 [DEBUG] Starting new HTTPS connection (1): www.google.com:443
10:26:21 [DEBUG] Starting new HTTPS connection (1): www.google.com:443
10:26:21 [DEBUG] Starting new HTTPS connection (1): cp.cloudflare.com:443
10:26:21 [DEBUG] Starting new HTTPS connection (1): www.gstatic.com:443
10:26:21 [DEBUG] Starting new HTTPS connection (1): www.google.com:443
10:26:21 [DEBUG] Starting new HTTPS connection (1): cp.cloudflare.com:443
10:26:21 [DEBUG] Starting new HTTPS connection (1): www.gstatic.com:443
10:26:21 [DEBUG] Starting new HTTPS connection (1): www.google.com:443
10:26:21 [DEBUG] Starting new HTTPS connection (1): www.google.com:443
10:26:22 [DEBUG] Starting new HTTPS connection (1): www.google.com:443
10:26:22 [DEBUG] Starting new HTTPS connection (1): cp.cloudflare.com:443
10:26:22 [DEBUG] Starting new HTTPS connection (1): www.gstatic.com:443
10:26:22 [DEBUG] Starting new HTTPS connection (1): www.google.com:443
10:26:22 [DEBUG] Starting new HTTPS connection (1): cp.cloudflare.com:443
10:26:22 [DEBUG] Starting new HTTPS connection (1): www.gstatic.com:443
10:26:22 [DEBUG] Starting new HTTPS connection (1): www.gstatic.com:443
10:26:23 [DEBUG] Starting new HTTPS connection (1): cp.cloudflare.com:443
10:26:23 [DEBUG] Starting new HTTPS connection (1): www.google.com:443
10:26:24 [DEBUG] Starting new HTTPS connection (1): cp.cloudflare.com:443
10:26:24 [DEBUG] Starting new HTTPS connection (1): cp.cloudflare.com:443
10:26:24 [INFO]    📊 Global: 160/400 (40%) | ✅55 ❌105
10:26:25 [DEBUG] Starting new HTTPS connection (1): cp.cloudflare.com:443
10:26:25 [DEBUG] Starting new HTTPS connection (1): www.gstatic.com:443
10:26:25 [DEBUG] Starting new HTTPS connection (1): cp.cloudflare.com:443
10:26:26 [DEBUG] Starting new HTTPS connection (1): www.google.com:443
10:26:26 [DEBUG] Starting new HTTPS connection (1): cp.cloudflare.com:443
10:26:26 [DEBUG] Starting new HTTPS connection (1): www.gstatic.com:443
10:26:26 [DEBUG] Starting new HTTPS connection (1): www.google.com:443
10:26:26 [DEBUG] Starting new HTTPS connection (1): www.gstatic.com:443
10:26:26 [DEBUG] Starting new HTTPS connection (1): www.gstatic.com:443
10:26:27 [DEBUG] Starting new HTTPS connection (1): www.google.com:443
10:26:27 [DEBUG] Starting new HTTPS connection (1): cp.cloudflare.com:443
10:26:27 [DEBUG] Starting new HTTPS connection (1): www.gstatic.com:443
10:26:27 [DEBUG] Starting new HTTPS connection (1): www.gstatic.com:443
10:26:28 [DEBUG] Starting new HTTPS connection (1): cp.cloudflare.com:443
10:26:29 [DEBUG] Starting new HTTPS connection (1): cp.cloudflare.com:443
10:26:29 [DEBUG] Starting new HTTPS connection (1): www.google.com:443
10:26:29 [DEBUG] Starting new HTTPS connection (1): cp.cloudflare.com:443
10:26:29 [DEBUG] Starting new HTTPS connection (1): www.gstatic.com:443
10:26:30 [DEBUG] Starting new HTTPS connection (1): www.google.com:443
10:26:30 [DEBUG] Starting new HTTPS connection (1): cp.cloudflare.com:443
10:26:30 [DEBUG] Starting new HTTPS connection (1): www.gstatic.com:443
10:26:30 [DEBUG] Starting new HTTPS connection (1): www.google.com:443
10:26:30 [DEBUG] Starting new HTTPS connection (1): cp.cloudflare.com:443
10:26:30 [DEBUG] Starting new HTTPS connection (1): www.gstatic.com:443
10:26:30 [DEBUG] Starting new HTTPS connection (1): www.gstatic.com:443
10:26:30 [DEBUG] Starting new HTTPS connection (1): www.gstatic.com:443
10:26:30 [DEBUG] Starting new HTTPS connection (1): www.google.com:443
10:26:30 [DEBUG] Starting new HTTPS connection (1): cp.cloudflare.com:443
10:26:31 [DEBUG] Starting new HTTPS connection (1): www.gstatic.com:443
10:26:31 [DEBUG] Starting new HTTPS connection (1): www.google.com:443
10:26:31 [DEBUG] Starting new HTTPS connection (1): www.gstatic.com:443
10:26:31 [DEBUG] Starting new HTTPS connection (1): www.google.com:443
10:26:31 [DEBUG] Starting new HTTPS connection (1): cp.cloudflare.com:443
10:26:31 [DEBUG] Starting new HTTPS connection (1): www.gstatic.com:443
10:26:31 [DEBUG] Starting new HTTPS connection (1): www.google.com:443
10:26:31 [DEBUG] Starting new HTTPS connection (1): cp.cloudflare.com:443
10:26:31 [DEBUG] Starting new HTTPS connection (1): www.gstatic.com:443
10:26:32 [DEBUG] Starting new HTTPS connection (1): www.google.com:443
10:26:32 [DEBUG] Starting new HTTPS connection (1): www.gstatic.com:443
10:26:32 [DEBUG] Starting new HTTPS connection (1): cp.cloudflare.com:443
10:26:32 [DEBUG] Starting new HTTPS connection (1): www.gstatic.com:443
10:26:32 [DEBUG] Starting new HTTPS connection (1): www.google.com:443
10:26:32 [DEBUG] Starting new HTTPS connection (1): www.google.com:443
10:26:32 [DEBUG] https://www.google.com:443 "GET /generate_204 HTTP/1.1" 204 0
10:26:32 [DEBUG] Starting new HTTPS connection (1): cp.cloudflare.com:443
10:26:32 [DEBUG] https://cp.cloudflare.com:443 "GET / HTTP/1.1" 204 0
10:26:32 [DEBUG] Starting new HTTPS connection (1): www.gstatic.com:443
10:26:33 [DEBUG] https://www.gstatic.com:443 "GET /generate_204 HTTP/1.1" 204 0
10:26:33 [DEBUG] Starting new HTTPS connection (1): dl.google.com:443
10:26:33 [DEBUG] Starting new HTTPS connection (1): cp.cloudflare.com:443
10:26:33 [DEBUG] Starting new HTTPS connection (1): www.google.com:443
10:26:33 [DEBUG] Starting new HTTPS connection (1): www.google.com:443
10:26:33 [DEBUG] Starting new HTTPS connection (1): www.google.com:443
10:26:33 [DEBUG] https://dl.google.com:443 "GET /dl/android/studio/install/3.4.1.0/android-studio-ide-183.5522156-windows.exe HTTP/1.1" 404 1449
10:26:33 [INFO]    🎯 185.18.250.252 (Швейцария) - 0.0Mbps, 97ms UDP✅  []
10:26:34 [DEBUG] Starting new HTTPS connection (1): www.google.com:443
10:26:34 [DEBUG] Starting new HTTPS connection (1): cp.cloudflare.com:443
10:26:34 [DEBUG] Starting new HTTPS connection (1): www.google.com:443
10:26:34 [DEBUG] https://www.google.com:443 "GET /generate_204 HTTP/1.1" 204 0
10:26:34 [DEBUG] Starting new HTTPS connection (1): cp.cloudflare.com:443
10:26:35 [DEBUG] https://cp.cloudflare.com:443 "GET / HTTP/1.1" 204 0
10:26:35 [DEBUG] Starting new HTTPS connection (1): www.gstatic.com:443
10:26:35 [DEBUG] https://www.gstatic.com:443 "GET /generate_204 HTTP/1.1" 204 0
10:26:35 [DEBUG] Starting new HTTPS connection (1): dl.google.com:443
10:26:35 [DEBUG] https://dl.google.com:443 "GET /dl/android/studio/install/3.4.1.0/android-studio-ide-183.5522156-windows.exe HTTP/1.1" 200 1017327996
10:26:35 [INFO]    🎯 172.104.249.116 (Германия) - 85.9Mbps, 26ms UDP✅  []
10:26:35 [DEBUG] Starting new HTTPS connection (1): www.gstatic.com:443
10:26:35 [DEBUG] Starting new HTTPS connection (1): cp.cloudflare.com:443
10:26:35 [DEBUG] Starting new HTTPS connection (1): www.google.com:443
10:26:35 [DEBUG] Starting new HTTPS connection (1): cp.cloudflare.com:443
10:26:35 [DEBUG] Starting new HTTPS connection (1): cp.cloudflare.com:443
10:26:35 [DEBUG] Starting new HTTPS connection (1): www.gstatic.com:443
10:26:35 [DEBUG] Starting new HTTPS connection (1): cp.cloudflare.com:443
10:26:36 [DEBUG] Starting new HTTPS connection (1): www.google.com:443
10:26:36 [DEBUG] Starting new HTTPS connection (1): www.google.com:443
10:26:36 [DEBUG] Starting new HTTPS connection (1): cp.cloudflare.com:443
10:26:36 [DEBUG] Starting new HTTPS connection (1): www.gstatic.com:443
10:26:36 [DEBUG] Starting new HTTPS connection (1): www.gstatic.com:443
10:26:36 [DEBUG] Starting new HTTPS connection (1): cp.cloudflare.com:443
10:26:36 [DEBUG] Starting new HTTPS connection (1): www.google.com:443
10:26:36 [DEBUG] https://www.google.com:443 "GET /generate_204 HTTP/1.1" 204 0
10:26:36 [DEBUG] Starting new HTTPS connection (1): cp.cloudflare.com:443
10:26:37 [DEBUG] https://www.google.com:443 "GET /generate_204 HTTP/1.1" 204 0
10:26:37 [DEBUG] Starting new HTTPS connection (1): cp.cloudflare.com:443
10:26:37 [DEBUG] Starting new HTTPS connection (1): www.gstatic.com:443
10:26:37 [DEBUG] https://cp.cloudflare.com:443 "GET / HTTP/1.1" 403 None
10:26:37 [DEBUG] Starting new HTTPS connection (1): www.gstatic.com:443
10:26:37 [DEBUG] https://www.gstatic.com:443 "GET /generate_204 HTTP/1.1" 204 0
10:26:37 [DEBUG] Starting new HTTPS connection (1): www.gstatic.com:443
10:26:37 [DEBUG] Starting new HTTPS connection (1): dl.google.com:443
10:26:37 [DEBUG] Starting new HTTPS connection (1): www.gstatic.com:443
10:26:37 [DEBUG] Starting new HTTPS connection (1): www.google.com:443
10:26:37 [DEBUG] Starting new HTTPS connection (1): cp.cloudflare.com:443
10:26:37 [DEBUG] Starting new HTTPS connection (1): www.gstatic.com:443
10:26:37 [DEBUG] https://dl.google.com:443 "GET /dl/android/studio/install/3.4.1.0/android-studio-ide-183.5522156-windows.exe HTTP/1.1" 200 1017327996
10:26:38 [INFO]    🎯 185.18.250.238 (Швейцария) - 57.9Mbps, 70ms UDP✅  []
10:26:38 [DEBUG] Starting new HTTPS connection (1): www.google.com:443
10:26:38 [DEBUG] Starting new HTTPS connection (1): www.gstatic.com:443
10:26:39 [DEBUG] https://cp.cloudflare.com:443 "GET / HTTP/1.1" 204 0
10:26:39 [DEBUG] Starting new HTTPS connection (1): www.gstatic.com:443
10:26:39 [DEBUG] Starting new HTTPS connection (1): www.google.com:443
10:26:39 [DEBUG] Starting new HTTPS connection (1): cp.cloudflare.com:443
10:26:39 [DEBUG] Starting new HTTPS connection (1): www.gstatic.com:443
10:26:39 [DEBUG] Starting new HTTPS connection (1): www.google.com:443
10:26:39 [DEBUG] Starting new HTTPS connection (1): cp.cloudflare.com:443
10:26:39 [DEBUG] Starting new HTTPS connection (1): www.gstatic.com:443
10:26:39 [DEBUG] Starting new HTTPS connection (1): cp.cloudflare.com:443
10:26:39 [DEBUG] Starting new HTTPS connection (1): www.google.com:443
10:26:39 [DEBUG] Starting new HTTPS connection (1): cp.cloudflare.com:443
10:26:39 [DEBUG] Starting new HTTPS connection (1): www.gstatic.com:443
10:26:40 [DEBUG] Starting new HTTPS connection (1): www.google.com:443
10:26:40 [DEBUG] Starting new HTTPS connection (1): cp.cloudflare.com:443
10:26:40 [DEBUG] Starting new HTTPS connection (1): www.gstatic.com:443
10:26:40 [DEBUG] Starting new HTTPS connection (1): www.google.com:443
10:26:40 [DEBUG] Starting new HTTPS connection (1): www.google.com:443
10:26:40 [DEBUG] Starting new HTTPS connection (1): www.google.com:443
10:26:41 [DEBUG] Starting new HTTPS connection (1): www.google.com:443
10:26:41 [DEBUG] Starting new HTTPS connection (1): www.google.com:443
10:26:41 [DEBUG] Starting new HTTPS connection (1): cp.cloudflare.com:443
10:26:41 [DEBUG] Starting new HTTPS connection (1): www.gstatic.com:443
10:26:41 [DEBUG] https://www.google.com:443 "GET /generate_204 HTTP/1.1" 204 0
10:26:41 [DEBUG] Starting new HTTPS connection (1): cp.cloudflare.com:443
10:26:41 [DEBUG] Starting new HTTPS connection (1): www.google.com:443
10:26:41 [DEBUG] https://www.google.com:443 "GET /generate_204 HTTP/1.1" 204 0
10:26:41 [DEBUG] Starting new HTTPS connection (1): cp.cloudflare.com:443
10:26:41 [DEBUG] https://www.gstatic.com:443 "GET /generate_204 HTTP/1.1" 204 0
10:26:41 [DEBUG] https://www.google.com:443 "GET /generate_204 HTTP/1.1" 204 0
10:26:41 [DEBUG] Starting new HTTPS connection (1): cp.cloudflare.com:443
10:26:41 [DEBUG] https://cp.cloudflare.com:443 "GET / HTTP/1.1" 204 0
10:26:41 [DEBUG] Starting new HTTPS connection (1): www.gstatic.com:443
10:26:41 [DEBUG] https://www.gstatic.com:443 "GET /generate_204 HTTP/1.1" 204 0
10:26:41 [DEBUG] Starting new HTTPS connection (1): dl.google.com:443
10:26:41 [DEBUG] https://cp.cloudflare.com:443 "GET / HTTP/1.1" 204 0
10:26:41 [DEBUG] Starting new HTTPS connection (1): www.gstatic.com:443
10:26:41 [DEBUG] https://dl.google.com:443 "GET /dl/android/studio/install/3.4.1.0/android-studio-ide-183.5522156-windows.exe HTTP/1.1" 200 1017327996
10:26:41 [INFO]    🎯 91.107.251.197 (Германия) - 75.0Mbps, 56ms UDP✅  []
10:26:42 [DEBUG] Starting new HTTPS connection (1): www.google.com:443
10:26:42 [DEBUG] https://www.google.com:443 "GET /generate_204 HTTP/1.1" 204 0
10:26:42 [DEBUG] Starting new HTTPS connection (1): cp.cloudflare.com:443
10:26:42 [DEBUG] https://cp.cloudflare.com:443 "GET / HTTP/1.1" 204 0
10:26:42 [DEBUG] Starting new HTTPS connection (1): www.gstatic.com:443
10:26:42 [DEBUG] https://cp.cloudflare.com:443 "GET / HTTP/1.1" 204 0
10:26:42 [DEBUG] Starting new HTTPS connection (1): www.gstatic.com:443
10:26:42 [DEBUG] Starting new HTTPS connection (1): dl.google.com:443
10:26:42 [DEBUG] https://www.gstatic.com:443 "GET /generate_204 HTTP/1.1" 204 0
10:26:42 [DEBUG] Starting new HTTPS connection (1): dl.google.com:443
10:26:42 [DEBUG] https://www.gstatic.com:443 "GET /generate_204 HTTP/1.1" 204 0
10:26:42 [DEBUG] Starting new HTTPS connection (1): www.google.com:443
10:26:42 [DEBUG] https://dl.google.com:443 "GET /dl/android/studio/install/3.4.1.0/android-studio-ide-183.5522156-windows.exe HTTP/1.1" 200 1017327996
10:26:42 [INFO]    🎯 91.107.251.197 (Германия) - 62.7Mbps, 48ms UDP✅  []
10:26:42 [DEBUG] Starting new HTTPS connection (1): cp.cloudflare.com:443
10:26:42 [DEBUG] Starting new HTTPS connection (1): dl.google.com:443
10:26:42 [DEBUG] https://www.gstatic.com:443 "GET /generate_204 HTTP/1.1" 204 0
10:26:42 [DEBUG] Starting new HTTPS connection (1): cp.cloudflare.com:443
10:26:43 [DEBUG] Starting new HTTPS connection (1): dl.google.com:443
10:26:43 [DEBUG] https://dl.google.com:443 "GET /dl/android/studio/install/3.4.1.0/android-studio-ide-183.5522156-windows.exe HTTP/1.1" 200 1017327996
10:26:43 [DEBUG] Starting new HTTPS connection (1): www.google.com:443
10:26:43 [DEBUG] https://dl.google.com:443 "GET /dl/android/studio/install/3.4.1.0/android-studio-ide-183.5522156-windows.exe HTTP/1.1" 404 1449
10:26:43 [INFO]    🎯 45.131.209.130 (Нидерланды) - 0.0Mbps, 1747ms UDP✅  []
10:26:43 [DEBUG] https://dl.google.com:443 "GET /dl/android/studio/install/3.4.1.0/android-studio-ide-183.5522156-windows.exe HTTP/1.1" 200 1017327996
10:26:43 [DEBUG] Starting new HTTPS connection (1): www.google.com:443
10:26:44 [DEBUG] Starting new HTTPS connection (1): www.google.com:443
10:26:44 [DEBUG] Starting new HTTPS connection (1): www.gstatic.com:443
10:26:44 [DEBUG] Starting new HTTPS connection (1): cp.cloudflare.com:443
10:26:44 [INFO]    🎯 159.69.162.184 (Германия) - 6.3Mbps, 459ms UDP✅  []
10:26:44 [DEBUG] Starting new HTTPS connection (1): www.gstatic.com:443
10:26:44 [DEBUG] Starting new HTTPS connection (1): www.gstatic.com:443
10:26:45 [INFO]    🎯 159.69.162.184 (Германия) - 6.0Mbps, 557ms UDP✅  []
10:26:45 [INFO]    📊 Global: 200/400 (50%) | ✅63 ❌137
10:26:45 [DEBUG] Starting new HTTPS connection (1): cp.cloudflare.com:443
10:26:45 [DEBUG] Starting new HTTPS connection (1): www.google.com:443
10:26:45 [DEBUG] Starting new HTTPS connection (1): cp.cloudflare.com:443
10:26:45 [DEBUG] Starting new HTTPS connection (1): www.gstatic.com:443
10:26:46 [DEBUG] Starting new HTTPS connection (1): www.google.com:443
10:26:46 [DEBUG] Starting new HTTPS connection (1): cp.cloudflare.com:443
10:26:46 [DEBUG] Starting new HTTPS connection (1): www.gstatic.com:443
10:26:46 [DEBUG] Starting new HTTPS connection (1): www.gstatic.com:443
10:26:47 [DEBUG] Starting new HTTPS connection (1): www.google.com:443
10:26:47 [DEBUG] Starting new HTTPS connection (1): cp.cloudflare.com:443
10:26:47 [DEBUG] Starting new HTTPS connection (1): www.gstatic.com:443
10:26:47 [DEBUG] Starting new HTTPS connection (1): www.gstatic.com:443
10:26:47 [DEBUG] Starting new HTTPS connection (1): www.google.com:443
10:26:47 [DEBUG] Starting new HTTPS connection (1): cp.cloudflare.com:443
10:26:48 [DEBUG] Starting new HTTPS connection (1): www.google.com:443
10:26:48 [DEBUG] Starting new HTTPS connection (1): www.google.com:443
10:26:48 [DEBUG] Starting new HTTPS connection (1): cp.cloudflare.com:443
10:26:48 [DEBUG] Starting new HTTPS connection (1): www.gstatic.com:443
10:26:48 [DEBUG] Starting new HTTPS connection (1): www.google.com:443
10:26:48 [DEBUG] Starting new HTTPS connection (1): cp.cloudflare.com:443
10:26:48 [DEBUG] Starting new HTTPS connection (1): www.gstatic.com:443
10:26:48 [DEBUG] Starting new HTTPS connection (1): www.google.com:443
10:26:48 [DEBUG] Starting new HTTPS connection (1): cp.cloudflare.com:443
10:26:48 [DEBUG] Starting new HTTPS connection (1): www.gstatic.com:443
10:26:48 [DEBUG] Starting new HTTPS connection (1): cp.cloudflare.com:443
10:26:49 [DEBUG] Starting new HTTPS connection (1): www.google.com:443
10:26:49 [DEBUG] Starting new HTTPS connection (1): cp.cloudflare.com:443
10:26:49 [DEBUG] Starting new HTTPS connection (1): www.gstatic.com:443
10:26:49 [DEBUG] Starting new HTTPS connection (1): www.google.com:443
10:26:49 [DEBUG] Starting new HTTPS connection (1): cp.cloudflare.com:443
10:26:49 [DEBUG] Starting new HTTPS connection (1): www.gstatic.com:443
10:26:49 [DEBUG] Starting new HTTPS connection (1): www.google.com:443
10:26:49 [DEBUG] Starting new HTTPS connection (1): cp.cloudflare.com:443
10:26:50 [DEBUG] Starting new HTTPS connection (1): www.gstatic.com:443
10:26:50 [DEBUG] Starting new HTTPS connection (1): www.google.com:443
10:26:50 [DEBUG] Starting new HTTPS connection (1): cp.cloudflare.com:443
10:26:50 [DEBUG] Starting new HTTPS connection (1): www.google.com:443
10:26:50 [DEBUG] Starting new HTTPS connection (1): cp.cloudflare.com:443
10:26:50 [DEBUG] Starting new HTTPS connection (1): www.google.com:443
10:26:50 [DEBUG] Starting new HTTPS connection (1): www.gstatic.com:443
10:26:50 [DEBUG] Starting new HTTPS connection (1): www.google.com:443
10:26:51 [DEBUG] Starting new HTTPS connection (1): cp.cloudflare.com:443
10:26:52 [DEBUG] Starting new HTTPS connection (1): cp.cloudflare.com:443
10:26:52 [DEBUG] Starting new HTTPS connection (1): www.google.com:443
10:26:52 [DEBUG] Starting new HTTPS connection (1): cp.cloudflare.com:443
10:26:52 [DEBUG] Starting new HTTPS connection (1): www.gstatic.com:443
10:26:53 [DEBUG] Starting new HTTPS connection (1): www.google.com:443
10:26:53 [DEBUG] Starting new HTTPS connection (1): cp.cloudflare.com:443
10:26:53 [DEBUG] Starting new HTTPS connection (1): www.gstatic.com:443
10:26:53 [DEBUG] Starting new HTTPS connection (1): www.gstatic.com:443
10:26:53 [DEBUG] Starting new HTTPS connection (1): cp.cloudflare.com:443
10:26:54 [DEBUG] Starting new HTTPS connection (1): www.gstatic.com:443
10:26:54 [DEBUG] Starting new HTTPS connection (1): www.gstatic.com:443
10:26:54 [DEBUG] Starting new HTTPS connection (1): www.google.com:443
10:26:54 [DEBUG] Starting new HTTPS connection (1): cp.cloudflare.com:443
10:26:54 [DEBUG] Starting new HTTPS connection (1): www.gstatic.com:443
10:26:54 [DEBUG] Starting new HTTPS connection (1): www.gstatic.com:443
10:26:55 [DEBUG] Starting new HTTPS connection (1): www.gstatic.com:443
10:26:55 [DEBUG] Starting new HTTPS connection (1): cp.cloudflare.com:443
10:26:55 [DEBUG] Starting new HTTPS connection (1): www.google.com:443
10:26:55 [DEBUG] Starting new HTTPS connection (1): cp.cloudflare.com:443
10:26:55 [DEBUG] Starting new HTTPS connection (1): www.gstatic.com:443
10:26:55 [DEBUG] Starting new HTTPS connection (1): www.google.com:443
10:26:56 [DEBUG] Starting new HTTPS connection (1): www.google.com:443
10:26:56 [DEBUG] Starting new HTTPS connection (1): www.gstatic.com:443
10:26:57 [DEBUG] Starting new HTTPS connection (1): www.google.com:443
10:26:57 [DEBUG] Starting new HTTPS connection (1): cp.cloudflare.com:443
10:26:57 [DEBUG] Starting new HTTPS connection (1): www.gstatic.com:443
10:26:57 [DEBUG] Starting new HTTPS connection (1): www.google.com:443
10:26:57 [DEBUG] Starting new HTTPS connection (1): cp.cloudflare.com:443
10:26:57 [DEBUG] Starting new HTTPS connection (1): www.gstatic.com:443
10:26:57 [DEBUG] Starting new HTTPS connection (1): www.google.com:443
10:26:57 [DEBUG] Starting new HTTPS connection (1): www.gstatic.com:443
10:26:58 [DEBUG] Starting new HTTPS connection (1): cp.cloudflare.com:443
10:26:58 [DEBUG] Starting new HTTPS connection (1): www.google.com:443
10:26:58 [DEBUG] Starting new HTTPS connection (1): www.google.com:443
10:26:58 [INFO]    🎯 panelsaf.netvip1.ru (XX) - 0.2Mbps, 4574ms UDP✅ Reality [refersion.com]
10:26:59 [DEBUG] Starting new HTTPS connection (1): www.google.com:443
10:26:59 [DEBUG] Starting new HTTPS connection (1): www.google.com:443
10:27:00 [DEBUG] Starting new HTTPS connection (1): www.gstatic.com:443
10:27:00 [DEBUG] Starting new HTTPS connection (1): www.google.com:443
10:27:00 [DEBUG] https://www.google.com:443 "GET /generate_204 HTTP/1.1" 204 0
10:27:00 [DEBUG] Starting new HTTPS connection (1): cp.cloudflare.com:443
10:27:00 [DEBUG] https://cp.cloudflare.com:443 "GET / HTTP/1.1" 204 0
10:27:00 [DEBUG] Starting new HTTPS connection (1): www.gstatic.com:443
10:27:01 [DEBUG] https://www.gstatic.com:443 "GET /generate_204 HTTP/1.1" 204 0
10:27:01 [DEBUG] Starting new HTTPS connection (1): www.google.com:443
10:27:01 [DEBUG] Starting new HTTPS connection (1): cp.cloudflare.com:443
10:27:01 [DEBUG] Starting new HTTPS connection (1): www.gstatic.com:443
10:27:01 [DEBUG] Starting new HTTPS connection (1): dl.google.com:443
10:27:01 [DEBUG] Starting new HTTPS connection (1): cp.cloudflare.com:443
10:27:01 [DEBUG] https://dl.google.com:443 "GET /dl/android/studio/install/3.4.1.0/android-studio-ide-183.5522156-windows.exe HTTP/1.1" 200 1017327996
10:27:02 [DEBUG] Starting new HTTPS connection (1): cp.cloudflare.com:443
10:27:02 [DEBUG] Starting new HTTPS connection (1): cp.cloudflare.com:443
10:27:02 [DEBUG] Starting new HTTPS connection (1): www.google.com:443
10:27:02 [DEBUG] Starting new HTTPS connection (1): www.google.com:443
10:27:02 [DEBUG] Starting new HTTPS connection (1): cp.cloudflare.com:443
10:27:02 [DEBUG] Starting new HTTPS connection (1): cp.cloudflare.com:443
10:27:02 [DEBUG] Starting new HTTPS connection (1): www.gstatic.com:443
10:27:03 [INFO]    🎯 5.255.114.61 (Нидерланды) - 6.8Mbps, 147ms UDP✅  []
10:27:03 [DEBUG] Starting new HTTPS connection (1): cp.cloudflare.com:443
10:27:03 [DEBUG] Starting new HTTPS connection (1): www.google.com:443
10:27:03 [DEBUG] Starting new HTTPS connection (1): cp.cloudflare.com:443
10:27:03 [DEBUG] Starting new HTTPS connection (1): www.gstatic.com:443
10:27:03 [DEBUG] Starting new HTTPS connection (1): cp.cloudflare.com:443
10:27:03 [DEBUG] Starting new HTTPS connection (1): www.google.com:443
10:27:04 [DEBUG] Starting new HTTPS connection (1): www.gstatic.com:443
10:27:04 [DEBUG] Starting new HTTPS connection (1): www.gstatic.com:443
10:27:04 [DEBUG] Starting new HTTPS connection (1): www.google.com:443
10:27:04 [DEBUG] Starting new HTTPS connection (1): cp.cloudflare.com:443
10:27:04 [DEBUG] Starting new HTTPS connection (1): www.google.com:443
10:27:04 [DEBUG] Starting new HTTPS connection (1): cp.cloudflare.com:443
10:27:04 [DEBUG] Starting new HTTPS connection (1): www.gstatic.com:443
10:27:05 [DEBUG] Starting new HTTPS connection (1): cp.cloudflare.com:443
10:27:06 [DEBUG] Starting new HTTPS connection (1): www.google.com:443
10:27:06 [DEBUG] Starting new HTTPS connection (1): www.gstatic.com:443
10:27:06 [DEBUG] Starting new HTTPS connection (1): www.gstatic.com:443
10:27:07 [DEBUG] Starting new HTTPS connection (1): www.google.com:443
10:27:07 [DEBUG] Starting new HTTPS connection (1): www.gstatic.com:443
10:27:07 [DEBUG] Starting new HTTPS connection (1): www.gstatic.com:443
10:27:08 [DEBUG] Starting new HTTPS connection (1): www.gstatic.com:443
10:27:08 [DEBUG] Starting new HTTPS connection (1): www.gstatic.com:443
10:27:09 [DEBUG] Starting new HTTPS connection (1): cp.cloudflare.com:443
10:27:09 [DEBUG] Starting new HTTPS connection (1): cp.cloudflare.com:443
10:27:10 [DEBUG] Starting new HTTPS connection (1): www.google.com:443
10:27:10 [DEBUG] Starting new HTTPS connection (1): www.google.com:443
10:27:10 [DEBUG] Starting new HTTPS connection (1): cp.cloudflare.com:443
10:27:10 [DEBUG] Starting new HTTPS connection (1): www.gstatic.com:443
10:27:10 [INFO]    📊 Global: 240/400 (60%) | ✅65 ❌175
10:27:11 [DEBUG] Starting new HTTPS connection (1): www.google.com:443
10:27:11 [DEBUG] Starting new HTTPS connection (1): cp.cloudflare.com:443
10:27:11 [DEBUG] Starting new HTTPS connection (1): www.google.com:443
10:27:12 [DEBUG] Starting new HTTPS connection (1): www.gstatic.com:443
10:27:12 [DEBUG] Starting new HTTPS connection (1): cp.cloudflare.com:443
10:27:12 [DEBUG] Starting new HTTPS connection (1): www.google.com:443
10:27:13 [DEBUG] Starting new HTTPS connection (1): cp.cloudflare.com:443
10:27:13 [DEBUG] Starting new HTTPS connection (1): www.google.com:443
10:27:14 [DEBUG] Starting new HTTPS connection (1): cp.cloudflare.com:443
10:27:14 [DEBUG] Starting new HTTPS connection (1): www.gstatic.com:443
10:27:14 [DEBUG] Starting new HTTPS connection (1): www.google.com:443
10:27:14 [DEBUG] Starting new HTTPS connection (1): www.gstatic.com:443
10:27:14 [DEBUG] Starting new HTTPS connection (1): www.google.com:443
10:27:15 [DEBUG] Starting new HTTPS connection (1): www.google.com:443
10:27:15 [DEBUG] Starting new HTTPS connection (1): www.gstatic.com:443
10:27:15 [DEBUG] Starting new HTTPS connection (1): cp.cloudflare.com:443
10:27:15 [DEBUG] https://www.google.com:443 "GET /generate_204 HTTP/1.1" 204 0
10:27:15 [DEBUG] Starting new HTTPS connection (1): cp.cloudflare.com:443
10:27:15 [DEBUG] Starting new HTTPS connection (1): cp.cloudflare.com:443
10:27:16 [DEBUG] Starting new HTTPS connection (1): www.gstatic.com:443
10:27:16 [DEBUG] Starting new HTTPS connection (1): www.gstatic.com:443
10:27:17 [DEBUG] https://cp.cloudflare.com:443 "GET / HTTP/1.1" 204 0
10:27:17 [DEBUG] Starting new HTTPS connection (1): www.gstatic.com:443
10:27:17 [DEBUG] Starting new HTTPS connection (1): cp.cloudflare.com:443
10:27:17 [DEBUG] https://www.gstatic.com:443 "GET /generate_204 HTTP/1.1" 204 0
10:27:18 [DEBUG] Starting new HTTPS connection (1): www.gstatic.com:443
10:27:18 [DEBUG] Starting new HTTPS connection (1): dl.google.com:443
10:27:18 [DEBUG] Starting new HTTPS connection (1): www.gstatic.com:443
10:27:18 [DEBUG] Starting new HTTPS connection (1): www.google.com:443
10:27:18 [DEBUG] https://dl.google.com:443 "GET /dl/android/studio/install/3.4.1.0/android-studio-ide-183.5522156-windows.exe HTTP/1.1" 404 1449
10:27:18 [INFO]    🎯 45.148.31.0 (Дания) - 0.0Mbps, 1051ms UDP✅  []
10:27:19 [DEBUG] Starting new HTTPS connection (1): www.gstatic.com:443
10:27:19 [DEBUG] Starting new HTTPS connection (1): cp.cloudflare.com:443
10:27:19 [DEBUG] Starting new HTTPS connection (1): www.google.com:443
10:27:19 [DEBUG] Starting new HTTPS connection (1): cp.cloudflare.com:443
10:27:19 [DEBUG] Starting new HTTPS connection (1): www.gstatic.com:443
10:27:19 [DEBUG] Starting new HTTPS connection (1): www.google.com:443
10:27:20 [DEBUG] Starting new HTTPS connection (1): cp.cloudflare.com:443
10:27:20 [DEBUG] Starting new HTTPS connection (1): www.google.com:443
10:27:20 [DEBUG] Starting new HTTPS connection (1): cp.cloudflare.com:443
10:27:20 [DEBUG] Starting new HTTPS connection (1): www.gstatic.com:443
10:27:20 [DEBUG] Starting new HTTPS connection (1): www.google.com:443
10:27:20 [DEBUG] Starting new HTTPS connection (1): cp.cloudflare.com:443
10:27:20 [DEBUG] Starting new HTTPS connection (1): www.gstatic.com:443
10:27:20 [DEBUG] Starting new HTTPS connection (1): www.google.com:443
10:27:20 [DEBUG] Starting new HTTPS connection (1): cp.cloudflare.com:443
10:27:21 [DEBUG] Starting new HTTPS connection (1): www.google.com:443
10:27:21 [DEBUG] https://cp.cloudflare.com:443 "GET / HTTP/1.1" 204 0
10:27:21 [DEBUG] Starting new HTTPS connection (1): www.gstatic.com:443
10:27:21 [DEBUG] Starting new HTTPS connection (1): www.google.com:443
10:27:21 [DEBUG] Starting new HTTPS connection (1): www.google.com:443
10:27:21 [DEBUG] https://www.gstatic.com:443 "GET /generate_204 HTTP/1.1" 204 0
10:27:22 [DEBUG] Starting new HTTPS connection (1): cp.cloudflare.com:443
10:27:22 [DEBUG] Starting new HTTPS connection (1): dl.google.com:443
10:27:22 [DEBUG] Starting new HTTPS connection (1): www.gstatic.com:443
10:27:22 [DEBUG] Starting new HTTPS connection (1): www.google.com:443
10:27:22 [DEBUG] Starting new HTTPS connection (1): www.gstatic.com:443
10:27:22 [DEBUG] Starting new HTTPS connection (1): www.google.com:443
10:27:22 [DEBUG] https://www.google.com:443 "GET /generate_204 HTTP/1.1" 204 0
10:27:22 [DEBUG] Starting new HTTPS connection (1): cp.cloudflare.com:443
10:27:22 [DEBUG] https://cp.cloudflare.com:443 "GET / HTTP/1.1" 204 0
10:27:22 [DEBUG] Starting new HTTPS connection (1): www.gstatic.com:443
10:27:22 [DEBUG] https://dl.google.com:443 "GET /dl/android/studio/install/3.4.1.0/android-studio-ide-183.5522156-windows.exe HTTP/1.1" 404 1449
10:27:22 [INFO]    🎯 46.226.167.138 (Франция) - 0.0Mbps, 668ms UDP✅  []
10:27:22 [DEBUG] https://www.gstatic.com:443 "GET /generate_204 HTTP/1.1" 204 0
10:27:22 [DEBUG] Starting new HTTPS connection (1): dl.google.com:443
10:27:23 [DEBUG] Starting new HTTPS connection (1): cp.cloudflare.com:443
10:27:23 [DEBUG] Starting new HTTPS connection (1): cp.cloudflare.com:443
10:27:23 [DEBUG] Starting new HTTPS connection (1): cp.cloudflare.com:443
10:27:23 [DEBUG] https://dl.google.com:443 "GET /dl/android/studio/install/3.4.1.0/android-studio-ide-183.5522156-windows.exe HTTP/1.1" 404 1449
10:27:23 [INFO]    🎯 162.19.228.119 (Франция) - 0.0Mbps, 95ms UDP✅  []
10:27:24 [DEBUG] Starting new HTTPS connection (1): www.google.com:443
10:27:24 [DEBUG] Starting new HTTPS connection (1): cp.cloudflare.com:443
10:27:24 [DEBUG] Starting new HTTPS connection (1): www.gstatic.com:443
10:27:24 [DEBUG] Starting new HTTPS connection (1): www.gstatic.com:443
10:27:24 [DEBUG] Starting new HTTPS connection (1): www.google.com:443
10:27:24 [DEBUG] Starting new HTTPS connection (1): cp.cloudflare.com:443
10:27:24 [DEBUG] Starting new HTTPS connection (1): www.google.com:443
10:27:25 [DEBUG] Starting new HTTPS connection (1): www.google.com:443
10:27:25 [DEBUG] Starting new HTTPS connection (1): www.gstatic.com:443
10:27:25 [DEBUG] Starting new HTTPS connection (1): www.google.com:443
10:27:25 [DEBUG] Starting new HTTPS connection (1): cp.cloudflare.com:443
10:27:25 [DEBUG] Starting new HTTPS connection (1): www.gstatic.com:443
10:27:25 [DEBUG] Starting new HTTPS connection (1): www.gstatic.com:443
10:27:25 [DEBUG] Starting new HTTPS connection (1): www.gstatic.com:443
10:27:26 [DEBUG] Starting new HTTPS connection (1): cp.cloudflare.com:443
10:27:26 [DEBUG] Starting new HTTPS connection (1): www.gstatic.com:443
10:27:26 [DEBUG] Starting new HTTPS connection (1): www.google.com:443
10:27:26 [DEBUG] Starting new HTTPS connection (1): cp.cloudflare.com:443
10:27:26 [DEBUG] Starting new HTTPS connection (1): www.gstatic.com:443
10:27:27 [DEBUG] Starting new HTTPS connection (1): cp.cloudflare.com:443
10:27:27 [DEBUG] Starting new HTTPS connection (1): cp.cloudflare.com:443
10:27:27 [DEBUG] Starting new HTTPS connection (1): www.google.com:443
10:27:27 [DEBUG] Starting new HTTPS connection (1): cp.cloudflare.com:443
10:27:27 [DEBUG] Starting new HTTPS connection (1): www.gstatic.com:443
10:27:28 [DEBUG] Starting new HTTPS connection (1): www.google.com:443
10:27:28 [DEBUG] Starting new HTTPS connection (1): cp.cloudflare.com:443
10:27:28 [DEBUG] Starting new HTTPS connection (1): www.gstatic.com:443
10:27:28 [DEBUG] Starting new HTTPS connection (1): www.gstatic.com:443
10:27:28 [DEBUG] Starting new HTTPS connection (1): www.google.com:443
10:27:28 [DEBUG] Starting new HTTPS connection (1): cp.cloudflare.com:443
10:27:28 [DEBUG] Starting new HTTPS connection (1): www.gstatic.com:443
10:27:28 [DEBUG] Starting new HTTPS connection (1): www.google.com:443
10:27:28 [DEBUG] Starting new HTTPS connection (1): cp.cloudflare.com:443
10:27:28 [DEBUG] Starting new HTTPS connection (1): www.google.com:443
10:27:28 [DEBUG] Starting new HTTPS connection (1): www.gstatic.com:443
10:27:28 [DEBUG] Starting new HTTPS connection (1): cp.cloudflare.com:443
10:27:28 [DEBUG] Starting new HTTPS connection (1): www.gstatic.com:443
10:27:28 [DEBUG] Starting new HTTPS connection (1): www.google.com:443
10:27:28 [DEBUG] Starting new HTTPS connection (1): cp.cloudflare.com:443
10:27:28 [DEBUG] Starting new HTTPS connection (1): www.gstatic.com:443
10:27:28 [DEBUG] Starting new HTTPS connection (1): www.google.com:443
10:27:29 [DEBUG] Starting new HTTPS connection (1): cp.cloudflare.com:443
10:27:29 [DEBUG] Starting new HTTPS connection (1): www.gstatic.com:443
10:27:29 [DEBUG] Starting new HTTPS connection (1): www.gstatic.com:443
10:27:29 [DEBUG] Starting new HTTPS connection (1): www.google.com:443
10:27:29 [DEBUG] Starting new HTTPS connection (1): www.gstatic.com:443
10:27:29 [DEBUG] Starting new HTTPS connection (1): www.google.com:443
10:27:29 [DEBUG] Starting new HTTPS connection (1): cp.cloudflare.com:443
10:27:29 [DEBUG] Starting new HTTPS connection (1): www.gstatic.com:443
10:27:29 [DEBUG] Starting new HTTPS connection (1): www.google.com:443
10:27:30 [DEBUG] Starting new HTTPS connection (1): www.google.com:443
10:27:30 [DEBUG] Starting new HTTPS connection (1): www.google.com:443
10:27:30 [DEBUG] Starting new HTTPS connection (1): www.google.com:443
10:27:30 [DEBUG] Starting new HTTPS connection (1): cp.cloudflare.com:443
10:27:30 [DEBUG] https://www.google.com:443 "GET /generate_204 HTTP/1.1" 204 0
10:27:30 [DEBUG] Starting new HTTPS connection (1): cp.cloudflare.com:443
10:27:30 [DEBUG] Starting new HTTPS connection (1): www.gstatic.com:443
10:27:30 [DEBUG] Starting new HTTPS connection (1): www.google.com:443
10:27:30 [DEBUG] Starting new HTTPS connection (1): cp.cloudflare.com:443
10:27:30 [DEBUG] Starting new HTTPS connection (1): www.gstatic.com:443
10:27:30 [INFO]    📊 Global: 280/400 (70%) | ✅68 ❌212
10:27:31 [DEBUG] Starting new HTTPS connection (1): www.google.com:443
10:27:31 [DEBUG] Starting new HTTPS connection (1): cp.cloudflare.com:443
10:27:31 [DEBUG] Starting new HTTPS connection (1): www.gstatic.com:443
10:27:31 [DEBUG] Starting new HTTPS connection (1): www.google.com:443
10:27:31 [DEBUG] https://cp.cloudflare.com:443 "GET / HTTP/1.1" 204 0
10:27:31 [DEBUG] Starting new HTTPS connection (1): www.gstatic.com:443
10:27:31 [DEBUG] Starting new HTTPS connection (1): cp.cloudflare.com:443
10:27:31 [DEBUG] Starting new HTTPS connection (1): www.google.com:443
10:27:31 [DEBUG] https://www.gstatic.com:443 "GET /generate_204 HTTP/1.1" 204 0
10:27:31 [DEBUG] Starting new HTTPS connection (1): www.google.com:443
10:27:31 [DEBUG] Starting new HTTPS connection (1): dl.google.com:443
10:27:31 [DEBUG] https://dl.google.com:443 "GET /dl/android/studio/install/3.4.1.0/android-studio-ide-183.5522156-windows.exe HTTP/1.1" 200 1017327996
10:27:32 [DEBUG] Starting new HTTPS connection (1): www.google.com:443
10:27:32 [DEBUG] Starting new HTTPS connection (1): www.google.com:443
10:27:32 [INFO]    🎯 94.23.120.129 (Франция) - 15.2Mbps, 514ms UDP✅  []
10:27:33 [DEBUG] Starting new HTTPS connection (1): cp.cloudflare.com:443
10:27:33 [DEBUG] Starting new HTTPS connection (1): www.google.com:443
10:27:33 [DEBUG] Starting new HTTPS connection (1): www.gstatic.com:443
10:27:33 [DEBUG] Starting new HTTPS connection (1): cp.cloudflare.com:443
10:27:33 [DEBUG] Starting new HTTPS connection (1): www.google.com:443
10:27:33 [DEBUG] Starting new HTTPS connection (1): cp.cloudflare.com:443
10:27:33 [DEBUG] Starting new HTTPS connection (1): www.gstatic.com:443
10:27:34 [DEBUG] Starting new HTTPS connection (1): cp.cloudflare.com:443
10:27:35 [DEBUG] Starting new HTTPS connection (1): www.google.com:443
10:27:35 [DEBUG] Starting new HTTPS connection (1): cp.cloudflare.com:443
10:27:35 [DEBUG] Starting new HTTPS connection (1): www.gstatic.com:443
10:27:35 [DEBUG] Starting new HTTPS connection (1): cp.cloudflare.com:443
10:27:35 [DEBUG] Starting new HTTPS connection (1): www.gstatic.com:443
10:27:35 [DEBUG] Starting new HTTPS connection (1): www.gstatic.com:443
10:27:36 [DEBUG] Starting new HTTPS connection (1): cp.cloudflare.com:443
10:27:36 [DEBUG] Starting new HTTPS connection (1): www.google.com:443
10:27:36 [DEBUG] Starting new HTTPS connection (1): cp.cloudflare.com:443
10:27:36 [DEBUG] https://www.google.com:443 "GET /generate_204 HTTP/1.1" 204 0
10:27:36 [DEBUG] Starting new HTTPS connection (1): cp.cloudflare.com:443
10:27:37 [DEBUG] Starting new HTTPS connection (1): www.google.com:443
10:27:37 [DEBUG] Starting new HTTPS connection (1): www.gstatic.com:443
10:27:37 [DEBUG] Starting new HTTPS connection (1): cp.cloudflare.com:443
10:27:37 [DEBUG] Starting new HTTPS connection (1): cp.cloudflare.com:443
10:27:37 [DEBUG] https://cp.cloudflare.com:443 "GET / HTTP/1.1" 204 0
10:27:37 [DEBUG] Starting new HTTPS connection (1): www.gstatic.com:443
10:27:37 [DEBUG] https://www.gstatic.com:443 "GET /generate_204 HTTP/1.1" 204 0
10:27:37 [DEBUG] Starting new HTTPS connection (1): dl.google.com:443
10:27:37 [DEBUG] https://dl.google.com:443 "GET /dl/android/studio/install/3.4.1.0/android-studio-ide-183.5522156-windows.exe HTTP/1.1" 200 1017327996
10:27:38 [INFO]    🎯 104.18.32.47 (XX) - 28.9Mbps, 378ms UDP✅  []
10:27:39 [DEBUG] Starting new HTTPS connection (1): www.google.com:443
10:27:39 [DEBUG] Starting new HTTPS connection (1): www.gstatic.com:443
10:27:40 [DEBUG] Starting new HTTPS connection (1): www.google.com:443
10:27:40 [DEBUG] Starting new HTTPS connection (1): cp.cloudflare.com:443
10:27:40 [DEBUG] Starting new HTTPS connection (1): www.gstatic.com:443
10:27:40 [DEBUG] Starting new HTTPS connection (1): www.google.com:443
10:27:40 [DEBUG] Starting new HTTPS connection (1): www.gstatic.com:443
10:27:40 [DEBUG] Starting new HTTPS connection (1): www.google.com:443
10:27:40 [DEBUG] Starting new HTTPS connection (1): www.gstatic.com:443
10:27:41 [DEBUG] Starting new HTTPS connection (1): www.gstatic.com:443
10:27:41 [DEBUG] Starting new HTTPS connection (1): www.google.com:443
10:27:41 [DEBUG] Starting new HTTPS connection (1): cp.cloudflare.com:443
10:27:42 [DEBUG] Starting new HTTPS connection (1): cp.cloudflare.com:443
10:27:42 [DEBUG] Starting new HTTPS connection (1): cp.cloudflare.com:443
10:27:42 [DEBUG] https://cp.cloudflare.com:443 "GET / HTTP/1.1" 204 0
10:27:42 [DEBUG] Starting new HTTPS connection (1): www.gstatic.com:443
10:27:42 [DEBUG] Starting new HTTPS connection (1): www.gstatic.com:443
10:27:43 [DEBUG] Starting new HTTPS connection (1): cp.cloudflare.com:443
10:27:43 [DEBUG] Starting new HTTPS connection (1): cp.cloudflare.com:443
10:27:43 [DEBUG] Starting new HTTPS connection (1): www.gstatic.com:443
10:27:44 [DEBUG] Starting new HTTPS connection (1): www.gstatic.com:443
10:27:44 [DEBUG] Starting new HTTPS connection (1): www.google.com:443
10:27:44 [DEBUG] Starting new HTTPS connection (1): www.google.com:443
10:27:44 [DEBUG] https://www.google.com:443 "GET /generate_204 HTTP/1.1" 204 0
10:27:44 [DEBUG] Starting new HTTPS connection (1): cp.cloudflare.com:443
10:27:44 [DEBUG] https://cp.cloudflare.com:443 "GET / HTTP/1.1" 204 0
10:27:44 [DEBUG] Starting new HTTPS connection (1): www.gstatic.com:443
10:27:45 [DEBUG] https://www.gstatic.com:443 "GET /generate_204 HTTP/1.1" 204 0
10:27:45 [DEBUG] Starting new HTTPS connection (1): dl.google.com:443
10:27:45 [DEBUG] Starting new HTTPS connection (1): www.gstatic.com:443
10:27:45 [DEBUG] https://dl.google.com:443 "GET /dl/android/studio/install/3.4.1.0/android-studio-ide-183.5522156-windows.exe HTTP/1.1" 200 1017327996
10:27:45 [INFO]    🎯 104.18.4.130 (XX) - 46.8Mbps, 72ms UDP✅  []
10:27:45 [DEBUG] Starting new HTTPS connection (1): www.gstatic.com:443
10:27:45 [DEBUG] Starting new HTTPS connection (1): www.google.com:443
10:27:46 [DEBUG] Starting new HTTPS connection (1): cp.cloudflare.com:443
10:27:46 [DEBUG] Starting new HTTPS connection (1): www.google.com:443
10:27:46 [DEBUG] Starting new HTTPS connection (1): cp.cloudflare.com:443
10:27:46 [DEBUG] Starting new HTTPS connection (1): www.gstatic.com:443
10:27:46 [DEBUG] Starting new HTTPS connection (1): www.google.com:443
10:27:46 [DEBUG] Starting new HTTPS connection (1): www.google.com:443
10:27:47 [DEBUG] Starting new HTTPS connection (1): www.google.com:443
10:27:47 [DEBUG] Starting new HTTPS connection (1): www.google.com:443
10:27:47 [DEBUG] Starting new HTTPS connection (1): cp.cloudflare.com:443
10:27:48 [DEBUG] Starting new HTTPS connection (1): www.google.com:443
10:27:48 [DEBUG] Starting new HTTPS connection (1): www.google.com:443
10:27:48 [DEBUG] Starting new HTTPS connection (1): www.gstatic.com:443
10:27:48 [DEBUG] Starting new HTTPS connection (1): www.google.com:443
10:27:48 [DEBUG] Starting new HTTPS connection (1): cp.cloudflare.com:443
10:27:48 [DEBUG] Starting new HTTPS connection (1): cp.cloudflare.com:443
10:27:48 [DEBUG] Starting new HTTPS connection (1): www.google.com:443
10:27:48 [DEBUG] Starting new HTTPS connection (1): cp.cloudflare.com:443
10:27:48 [DEBUG] Starting new HTTPS connection (1): www.gstatic.com:443
10:27:49 [DEBUG] Starting new HTTPS connection (1): cp.cloudflare.com:443
10:27:49 [DEBUG] Starting new HTTPS connection (1): cp.cloudflare.com:443
10:27:50 [DEBUG] Starting new HTTPS connection (1): www.google.com:443
10:27:50 [DEBUG] Starting new HTTPS connection (1): www.gstatic.com:443
10:27:50 [DEBUG] Starting new HTTPS connection (1): cp.cloudflare.com:443
10:27:50 [DEBUG] Starting new HTTPS connection (1): cp.cloudflare.com:443
10:27:50 [DEBUG] Starting new HTTPS connection (1): cp.cloudflare.com:443
10:27:50 [DEBUG] Starting new HTTPS connection (1): www.gstatic.com:443
10:27:50 [DEBUG] Starting new HTTPS connection (1): www.gstatic.com:443
10:27:51 [DEBUG] Starting new HTTPS connection (1): www.gstatic.com:443
10:27:51 [DEBUG] Starting new HTTPS connection (1): www.google.com:443
10:27:51 [DEBUG] Starting new HTTPS connection (1): www.gstatic.com:443
10:27:52 [DEBUG] https://www.google.com:443 "GET /generate_204 HTTP/1.1" 204 0
10:27:52 [DEBUG] Starting new HTTPS connection (1): cp.cloudflare.com:443
10:27:52 [DEBUG] Starting new HTTPS connection (1): cp.cloudflare.com:443
10:27:52 [DEBUG] https://cp.cloudflare.com:443 "GET / HTTP/1.1" 204 0
10:27:52 [DEBUG] Starting new HTTPS connection (1): www.gstatic.com:443
10:27:52 [DEBUG] Starting new HTTPS connection (1): www.gstatic.com:443
10:27:52 [DEBUG] Starting new HTTPS connection (1): www.gstatic.com:443
10:27:52 [DEBUG] Starting new HTTPS connection (1): www.gstatic.com:443
10:27:52 [DEBUG] https://www.gstatic.com:443 "GET /generate_204 HTTP/1.1" 204 0
10:27:53 [DEBUG] Starting new HTTPS connection (1): dl.google.com:443
10:27:53 [DEBUG] Starting new HTTPS connection (1): www.google.com:443
10:27:53 [DEBUG] https://dl.google.com:443 "GET /dl/android/studio/install/3.4.1.0/android-studio-ide-183.5522156-windows.exe HTTP/1.1" 404 1449
10:27:53 [INFO]    🎯 173.245.49.254 (XX) - 0.0Mbps, 431ms UDP✅  []
10:27:54 [DEBUG] Starting new HTTPS connection (1): www.google.com:443
10:27:54 [DEBUG] Starting new HTTPS connection (1): www.google.com:443
10:27:54 [DEBUG] Starting new HTTPS connection (1): www.gstatic.com:443
10:27:54 [DEBUG] Starting new HTTPS connection (1): www.google.com:443
10:27:55 [DEBUG] Starting new HTTPS connection (1): www.google.com:443
10:27:55 [DEBUG] Starting new HTTPS connection (1): www.google.com:443
10:27:55 [DEBUG] Starting new HTTPS connection (1): cp.cloudflare.com:443
10:27:55 [DEBUG] Starting new HTTPS connection (1): www.google.com:443
10:27:56 [DEBUG] Starting new HTTPS connection (1): www.google.com:443
10:27:56 [DEBUG] Starting new HTTPS connection (1): cp.cloudflare.com:443
10:27:56 [DEBUG] Starting new HTTPS connection (1): cp.cloudflare.com:443
10:27:56 [DEBUG] Starting new HTTPS connection (1): www.google.com:443
10:27:56 [DEBUG] https://www.google.com:443 "GET /generate_204 HTTP/1.1" 204 0
10:27:56 [DEBUG] Starting new HTTPS connection (1): cp.cloudflare.com:443
10:27:56 [DEBUG] https://cp.cloudflare.com:443 "GET / HTTP/1.1" 204 0
10:27:56 [DEBUG] Starting new HTTPS connection (1): www.gstatic.com:443
10:27:56 [DEBUG] https://www.gstatic.com:443 "GET /generate_204 HTTP/1.1" 204 0
10:27:56 [DEBUG] Starting new HTTPS connection (1): dl.google.com:443
10:27:56 [DEBUG] https://dl.google.com:443 "GET /dl/android/studio/install/3.4.1.0/android-studio-ide-183.5522156-windows.exe HTTP/1.1" 200 1017327996
10:27:56 [INFO]    🎯 8.6.112.0 (XX) - 41.7Mbps, 87ms UDP✅  []
10:27:56 [DEBUG] Starting new HTTPS connection (1): cp.cloudflare.com:443
10:27:57 [DEBUG] Starting new HTTPS connection (1): cp.cloudflare.com:443
10:27:57 [DEBUG] Starting new HTTPS connection (1): cp.cloudflare.com:443
10:27:57 [DEBUG] Starting new HTTPS connection (1): www.google.com:443
10:27:57 [DEBUG] Starting new HTTPS connection (1): www.gstatic.com:443
10:27:57 [DEBUG] Starting new HTTPS connection (1): www.google.com:443
10:27:57 [DEBUG] Starting new HTTPS connection (1): cp.cloudflare.com:443
10:27:58 [DEBUG] Starting new HTTPS connection (1): www.gstatic.com:443
10:27:58 [DEBUG] Starting new HTTPS connection (1): www.gstatic.com:443
10:27:58 [DEBUG] Starting new HTTPS connection (1): cp.cloudflare.com:443
10:27:58 [DEBUG] https://www.google.com:443 "GET /generate_204 HTTP/1.1" 204 0
10:27:58 [DEBUG] Starting new HTTPS connection (1): cp.cloudflare.com:443
10:27:58 [DEBUG] https://cp.cloudflare.com:443 "GET / HTTP/1.1" 204 0
10:27:58 [DEBUG] Starting new HTTPS connection (1): www.gstatic.com:443
10:27:58 [DEBUG] Starting new HTTPS connection (1): www.gstatic.com:443
10:27:59 [DEBUG] Starting new HTTPS connection (1): www.gstatic.com:443
10:27:59 [DEBUG] Starting new HTTPS connection (1): www.gstatic.com:443
10:27:59 [DEBUG] https://www.gstatic.com:443 "GET /generate_204 HTTP/1.1" 204 0
10:27:59 [DEBUG] Starting new HTTPS connection (1): dl.google.com:443
10:27:59 [DEBUG] Starting new HTTPS connection (1): www.gstatic.com:443
10:28:00 [INFO]    📊 Global: 320/400 (80%) | ✅73 ❌247
10:28:00 [DEBUG] Starting new HTTPS connection (1): www.gstatic.com:443
10:28:00 [DEBUG] Starting new HTTPS connection (1): www.google.com:443
10:28:01 [DEBUG] https://dl.google.com:443 "GET /dl/android/studio/install/3.4.1.0/android-studio-ide-183.5522156-windows.exe HTTP/1.1" 404 1449
10:28:01 [INFO]    🎯 104.21.3.219 (XX) - 0.0Mbps, 452ms UDP✅  []
10:28:01 [DEBUG] Starting new HTTPS connection (1): www.google.com:443
10:28:01 [DEBUG] Starting new HTTPS connection (1): www.google.com:443
10:28:02 [DEBUG] Starting new HTTPS connection (1): www.google.com:443
10:28:02 [DEBUG] Starting new HTTPS connection (1): cp.cloudflare.com:443
10:28:02 [DEBUG] Starting new HTTPS connection (1): www.google.com:443
10:28:02 [DEBUG] Starting new HTTPS connection (1): www.gstatic.com:443
10:28:02 [DEBUG] Starting new HTTPS connection (1): cp.cloudflare.com:443
10:28:02 [DEBUG] Starting new HTTPS connection (1): www.gstatic.com:443
10:28:02 [DEBUG] Starting new HTTPS connection (1): www.google.com:443
10:28:02 [DEBUG] Starting new HTTPS connection (1): cp.cloudflare.com:443
10:28:02 [DEBUG] Starting new HTTPS connection (1): cp.cloudflare.com:443
10:28:02 [DEBUG] Starting new HTTPS connection (1): www.gstatic.com:443
10:28:02 [DEBUG] Starting new HTTPS connection (1): www.google.com:443
10:28:03 [DEBUG] Starting new HTTPS connection (1): cp.cloudflare.com:443
10:28:03 [DEBUG] Starting new HTTPS connection (1): www.google.com:443
10:28:03 [DEBUG] Starting new HTTPS connection (1): cp.cloudflare.com:443
10:28:03 [DEBUG] Starting new HTTPS connection (1): www.google.com:443
10:28:03 [DEBUG] Starting new HTTPS connection (1): cp.cloudflare.com:443
10:28:03 [DEBUG] Starting new HTTPS connection (1): cp.cloudflare.com:443
10:28:03 [DEBUG] Starting new HTTPS connection (1): www.google.com:443
10:28:03 [DEBUG] Starting new HTTPS connection (1): www.gstatic.com:443
10:28:03 [DEBUG] Starting new HTTPS connection (1): www.google.com:443
10:28:03 [DEBUG] Starting new HTTPS connection (1): cp.cloudflare.com:443
10:28:03 [DEBUG] Starting new HTTPS connection (1): www.gstatic.com:443
10:28:03 [DEBUG] Starting new HTTPS connection (1): www.google.com:443
10:28:04 [DEBUG] Starting new HTTPS connection (1): cp.cloudflare.com:443
10:28:04 [DEBUG] Starting new HTTPS connection (1): www.google.com:443
10:28:04 [DEBUG] Starting new HTTPS connection (1): www.google.com:443
10:28:05 [DEBUG] Starting new HTTPS connection (1): www.gstatic.com:443
10:28:05 [DEBUG] Starting new HTTPS connection (1): cp.cloudflare.com:443
10:28:05 [DEBUG] Starting new HTTPS connection (1): www.gstatic.com:443
10:28:05 [DEBUG] Starting new HTTPS connection (1): cp.cloudflare.com:443
10:28:05 [DEBUG] Starting new HTTPS connection (1): www.gstatic.com:443
10:28:06 [DEBUG] Starting new HTTPS connection (1): cp.cloudflare.com:443
10:28:06 [DEBUG] Starting new HTTPS connection (1): www.gstatic.com:443
10:28:06 [DEBUG] Starting new HTTPS connection (1): cp.cloudflare.com:443
10:28:07 [DEBUG] Starting new HTTPS connection (1): cp.cloudflare.com:443
10:28:07 [DEBUG] Starting new HTTPS connection (1): www.gstatic.com:443
10:28:07 [DEBUG] Starting new HTTPS connection (1): www.gstatic.com:443
10:28:07 [DEBUG] Starting new HTTPS connection (1): www.gstatic.com:443
10:28:08 [DEBUG] Starting new HTTPS connection (1): www.gstatic.com:443
10:28:08 [DEBUG] Starting new HTTPS connection (1): www.google.com:443
10:28:08 [DEBUG] Starting new HTTPS connection (1): www.google.com:443
10:28:08 [DEBUG] Starting new HTTPS connection (1): cp.cloudflare.com:443
10:28:08 [DEBUG] Starting new HTTPS connection (1): www.gstatic.com:443
10:28:08 [DEBUG] Starting new HTTPS connection (1): www.gstatic.com:443
10:28:09 [DEBUG] Starting new HTTPS connection (1): www.google.com:443
10:28:09 [DEBUG] Starting new HTTPS connection (1): www.gstatic.com:443
10:28:09 [DEBUG] Starting new HTTPS connection (1): www.google.com:443
10:28:09 [DEBUG] Starting new HTTPS connection (1): www.google.com:443
10:28:10 [DEBUG] Starting new HTTPS connection (1): cp.cloudflare.com:443
10:28:10 [DEBUG] Starting new HTTPS connection (1): www.gstatic.com:443
10:28:10 [DEBUG] Starting new HTTPS connection (1): www.google.com:443
10:28:10 [DEBUG] Starting new HTTPS connection (1): cp.cloudflare.com:443
10:28:11 [DEBUG] Starting new HTTPS connection (1): www.google.com:443
10:28:11 [DEBUG] Starting new HTTPS connection (1): cp.cloudflare.com:443
10:28:11 [DEBUG] Starting new HTTPS connection (1): www.google.com:443
10:28:11 [DEBUG] Starting new HTTPS connection (1): www.google.com:443
10:28:12 [DEBUG] Starting new HTTPS connection (1): cp.cloudflare.com:443
10:28:12 [DEBUG] Starting new HTTPS connection (1): www.google.com:443
10:28:12 [DEBUG] Starting new HTTPS connection (1): cp.cloudflare.com:443
10:28:12 [DEBUG] Starting new HTTPS connection (1): www.google.com:443
10:28:13 [DEBUG] Starting new HTTPS connection (1): www.gstatic.com:443
10:28:13 [DEBUG] Starting new HTTPS connection (1): cp.cloudflare.com:443
10:28:13 [DEBUG] Starting new HTTPS connection (1): cp.cloudflare.com:443
10:28:13 [DEBUG] Starting new HTTPS connection (1): www.google.com:443
10:28:13 [DEBUG] Starting new HTTPS connection (1): www.gstatic.com:443
10:28:13 [DEBUG] Starting new HTTPS connection (1): cp.cloudflare.com:443
10:28:14 [DEBUG] Starting new HTTPS connection (1): www.gstatic.com:443
10:28:14 [DEBUG] Starting new HTTPS connection (1): cp.cloudflare.com:443
10:28:14 [DEBUG] Starting new HTTPS connection (1): www.gstatic.com:443
10:28:15 [DEBUG] Starting new HTTPS connection (1): www.gstatic.com:443
10:28:15 [DEBUG] Starting new HTTPS connection (1): cp.cloudflare.com:443
10:28:15 [DEBUG] Starting new HTTPS connection (1): www.gstatic.com:443
10:28:15 [DEBUG] Starting new HTTPS connection (1): cp.cloudflare.com:443
10:28:16 [DEBUG] Starting new HTTPS connection (1): www.google.com:443
10:28:16 [DEBUG] Starting new HTTPS connection (1): www.gstatic.com:443
10:28:16 [DEBUG] Starting new HTTPS connection (1): www.gstatic.com:443
10:28:17 [DEBUG] Starting new HTTPS connection (1): www.google.com:443
10:28:17 [DEBUG] Starting new HTTPS connection (1): www.gstatic.com:443
10:28:17 [DEBUG] Starting new HTTPS connection (1): www.google.com:443
10:28:17 [DEBUG] Starting new HTTPS connection (1): www.gstatic.com:443
10:28:18 [DEBUG] Starting new HTTPS connection (1): www.google.com:443
10:28:18 [DEBUG] Starting new HTTPS connection (1): cp.cloudflare.com:443
10:28:18 [DEBUG] Starting new HTTPS connection (1): www.gstatic.com:443
10:28:18 [DEBUG] Starting new HTTPS connection (1): www.google.com:443
10:28:18 [DEBUG] Starting new HTTPS connection (1): cp.cloudflare.com:443
10:28:18 [DEBUG] Starting new HTTPS connection (1): www.google.com:443
10:28:19 [DEBUG] Starting new HTTPS connection (1): cp.cloudflare.com:443
10:28:19 [DEBUG] Starting new HTTPS connection (1): www.google.com:443
10:28:19 [DEBUG] Starting new HTTPS connection (1): cp.cloudflare.com:443
10:28:19 [DEBUG] Starting new HTTPS connection (1): www.gstatic.com:443
10:28:19 [DEBUG] Starting new HTTPS connection (1): www.google.com:443
10:28:19 [DEBUG] Starting new HTTPS connection (1): cp.cloudflare.com:443
10:28:19 [DEBUG] Starting new HTTPS connection (1): www.gstatic.com:443
10:28:19 [DEBUG] Starting new HTTPS connection (1): cp.cloudflare.com:443
10:28:20 [DEBUG] Starting new HTTPS connection (1): www.google.com:443
10:28:20 [DEBUG] Starting new HTTPS connection (1): cp.cloudflare.com:443
10:28:20 [DEBUG] Starting new HTTPS connection (1): www.gstatic.com:443
10:28:20 [DEBUG] Starting new HTTPS connection (1): www.google.com:443
10:28:20 [DEBUG] Starting new HTTPS connection (1): cp.cloudflare.com:443
10:28:20 [DEBUG] Starting new HTTPS connection (1): www.google.com:443
10:28:20 [DEBUG] Starting new HTTPS connection (1): www.gstatic.com:443
10:28:21 [DEBUG] Starting new HTTPS connection (1): cp.cloudflare.com:443
10:28:21 [DEBUG] Starting new HTTPS connection (1): www.google.com:443
10:28:21 [DEBUG] Starting new HTTPS connection (1): www.google.com:443
10:28:21 [DEBUG] Starting new HTTPS connection (1): www.google.com:443
10:28:21 [DEBUG] Starting new HTTPS connection (1): www.gstatic.com:443
10:28:22 [DEBUG] Starting new HTTPS connection (1): www.gstatic.com:443
10:28:22 [DEBUG] Starting new HTTPS connection (1): www.gstatic.com:443
10:28:23 [DEBUG] Starting new HTTPS connection (1): cp.cloudflare.com:443
10:28:23 [DEBUG] Starting new HTTPS connection (1): cp.cloudflare.com:443
10:28:23 [DEBUG] Starting new HTTPS connection (1): cp.cloudflare.com:443
10:28:23 [DEBUG] Starting new HTTPS connection (1): www.gstatic.com:443
10:28:23 [DEBUG] Starting new HTTPS connection (1): cp.cloudflare.com:443
10:28:24 [DEBUG] Starting new HTTPS connection (1): www.google.com:443
10:28:24 [INFO]    📊 Global: 360/400 (90%) | ✅74 ❌286
10:28:24 [DEBUG] Starting new HTTPS connection (1): www.google.com:443
10:28:25 [DEBUG] Starting new HTTPS connection (1): www.gstatic.com:443
10:28:25 [DEBUG] Starting new HTTPS connection (1): www.gstatic.com:443
10:28:25 [DEBUG] Starting new HTTPS connection (1): www.google.com:443
10:28:25 [DEBUG] Starting new HTTPS connection (1): www.gstatic.com:443
10:28:25 [DEBUG] Starting new HTTPS connection (1): cp.cloudflare.com:443
10:28:25 [DEBUG] Starting new HTTPS connection (1): www.gstatic.com:443
10:28:26 [DEBUG] Starting new HTTPS connection (1): www.google.com:443
10:28:26 [DEBUG] Starting new HTTPS connection (1): cp.cloudflare.com:443
10:28:26 [DEBUG] Starting new HTTPS connection (1): www.gstatic.com:443
10:28:26 [DEBUG] Starting new HTTPS connection (1): cp.cloudflare.com:443
10:28:26 [DEBUG] Starting new HTTPS connection (1): www.google.com:443
10:28:26 [DEBUG] Starting new HTTPS connection (1): cp.cloudflare.com:443
10:28:26 [DEBUG] Starting new HTTPS connection (1): www.gstatic.com:443
10:28:26 [DEBUG] Starting new HTTPS connection (1): cp.cloudflare.com:443
10:28:27 [DEBUG] Starting new HTTPS connection (1): www.google.com:443
10:28:27 [DEBUG] Starting new HTTPS connection (1): cp.cloudflare.com:443
10:28:27 [DEBUG] Starting new HTTPS connection (1): www.gstatic.com:443
10:28:27 [DEBUG] Starting new HTTPS connection (1): cp.cloudflare.com:443
10:28:27 [DEBUG] Starting new HTTPS connection (1): www.google.com:443
10:28:28 [DEBUG] Starting new HTTPS connection (1): www.gstatic.com:443
10:28:28 [DEBUG] Starting new HTTPS connection (1): www.google.com:443
10:28:28 [DEBUG] Starting new HTTPS connection (1): www.google.com:443
10:28:28 [DEBUG] https://www.google.com:443 "GET /generate_204 HTTP/1.1" 204 0
10:28:28 [DEBUG] Starting new HTTPS connection (1): cp.cloudflare.com:443
10:28:28 [DEBUG] Starting new HTTPS connection (1): www.google.com:443
10:28:28 [DEBUG] Starting new HTTPS connection (1): www.google.com:443
10:28:28 [DEBUG] Starting new HTTPS connection (1): www.google.com:443
10:28:29 [DEBUG] Starting new HTTPS connection (1): www.gstatic.com:443
10:28:29 [DEBUG] https://www.google.com:443 "GET /generate_204 HTTP/1.1" 204 0
10:28:29 [DEBUG] Starting new HTTPS connection (1): cp.cloudflare.com:443
10:28:29 [DEBUG] Starting new HTTPS connection (1): www.gstatic.com:443
10:28:29 [DEBUG] https://cp.cloudflare.com:443 "GET / HTTP/1.1" 204 0
10:28:29 [DEBUG] Starting new HTTPS connection (1): www.gstatic.com:443
10:28:30 [DEBUG] https://cp.cloudflare.com:443 "GET / HTTP/1.1" 204 0
10:28:30 [DEBUG] Starting new HTTPS connection (1): www.gstatic.com:443
10:28:30 [DEBUG] Starting new HTTPS connection (1): www.gstatic.com:443
10:28:30 [DEBUG] Starting new HTTPS connection (1): cp.cloudflare.com:443
10:28:30 [DEBUG] Starting new HTTPS connection (1): cp.cloudflare.com:443
10:28:30 [DEBUG] Starting new HTTPS connection (1): cp.cloudflare.com:443
10:28:31 [DEBUG] Starting new HTTPS connection (1): cp.cloudflare.com:443
10:28:31 [DEBUG] https://www.gstatic.com:443 "GET /generate_204 HTTP/1.1" 204 0
10:28:31 [DEBUG] Starting new HTTPS connection (1): dl.google.com:443
10:28:31 [DEBUG] Starting new HTTPS connection (1): www.google.com:443
10:28:31 [DEBUG] Starting new HTTPS connection (1): cp.cloudflare.com:443
10:28:31 [DEBUG] Starting new HTTPS connection (1): www.gstatic.com:443
10:28:31 [DEBUG] https://www.gstatic.com:443 "GET /generate_204 HTTP/1.1" 204 0
10:28:31 [DEBUG] Starting new HTTPS connection (1): dl.google.com:443
10:28:31 [DEBUG] https://dl.google.com:443 "GET /dl/android/studio/install/3.4.1.0/android-studio-ide-183.5522156-windows.exe HTTP/1.1" 404 1449
10:28:31 [INFO]    🎯 172.67.153.156 (XX) - 0.0Mbps, 888ms UDP✅  []
10:28:32 [DEBUG] Starting new HTTPS connection (1): www.google.com:443
10:28:32 [DEBUG] Starting new HTTPS connection (1): cp.cloudflare.com:443
10:28:32 [DEBUG] Starting new HTTPS connection (1): www.gstatic.com:443
10:28:32 [DEBUG] Starting new HTTPS connection (1): www.google.com:443
10:28:32 [DEBUG] Starting new HTTPS connection (1): www.google.com:443
10:28:32 [DEBUG] Starting new HTTPS connection (1): www.gstatic.com:443
10:28:33 [DEBUG] https://dl.google.com:443 "GET /dl/android/studio/install/3.4.1.0/android-studio-ide-183.5522156-windows.exe HTTP/1.1" 200 1017327996
10:28:33 [DEBUG] Starting new HTTPS connection (1): www.gstatic.com:443
10:28:33 [DEBUG] Starting new HTTPS connection (1): www.google.com:443
10:28:33 [DEBUG] Starting new HTTPS connection (1): www.gstatic.com:443
10:28:33 [DEBUG] https://www.google.com:443 "GET /generate_204 HTTP/1.1" 204 0
10:28:33 [DEBUG] Starting new HTTPS connection (1): cp.cloudflare.com:443
10:28:33 [DEBUG] Starting new HTTPS connection (1): www.google.com:443
10:28:33 [DEBUG] https://cp.cloudflare.com:443 "GET / HTTP/1.1" 204 0
10:28:33 [DEBUG] Starting new HTTPS connection (1): www.gstatic.com:443
10:28:33 [DEBUG] https://www.gstatic.com:443 "GET /generate_204 HTTP/1.1" 204 0
10:28:33 [DEBUG] https://www.google.com:443 "GET /generate_204 HTTP/1.1" 204 0
10:28:33 [DEBUG] Starting new HTTPS connection (1): cp.cloudflare.com:443
10:28:33 [DEBUG] Starting new HTTPS connection (1): dl.google.com:443
10:28:33 [DEBUG] https://cp.cloudflare.com:443 "GET / HTTP/1.1" 204 0
10:28:33 [DEBUG] Starting new HTTPS connection (1): www.gstatic.com:443
10:28:33 [DEBUG] https://dl.google.com:443 "GET /dl/android/studio/install/3.4.1.0/android-studio-ide-183.5522156-windows.exe HTTP/1.1" 404 1449
10:28:33 [INFO]    🎯 104.21.224.5 (XX) - 0.0Mbps, 133ms UDP✅  []
10:28:33 [DEBUG] https://www.gstatic.com:443 "GET /generate_204 HTTP/1.1" 204 0
10:28:33 [DEBUG] Starting new HTTPS connection (1): dl.google.com:443
10:28:34 [INFO]    🎯 162.159.152.4 (XX) - 6.1Mbps, 1237ms UDP✅  []
10:28:34 [DEBUG] https://dl.google.com:443 "GET /dl/android/studio/install/3.4.1.0/android-studio-ide-183.5522156-windows.exe HTTP/1.1" 404 1449
10:28:34 [INFO]    🎯 162.159.152.4 (XX) - 0.0Mbps, 115ms UDP✅  []
10:28:34 [DEBUG] Starting new HTTPS connection (1): www.gstatic.com:443
10:28:34 [DEBUG] Starting new HTTPS connection (1): www.google.com:443
10:28:34 [DEBUG] Starting new HTTPS connection (1): cp.cloudflare.com:443
10:28:35 [DEBUG] Starting new HTTPS connection (1): cp.cloudflare.com:443
10:28:35 [DEBUG] Starting new HTTPS connection (1): www.gstatic.com:443
10:28:35 [DEBUG] Starting new HTTPS connection (1): www.google.com:443
10:28:35 [DEBUG] Starting new HTTPS connection (1): www.google.com:443
10:28:35 [DEBUG] Starting new HTTPS connection (1): cp.cloudflare.com:443
10:28:35 [DEBUG] Starting new HTTPS connection (1): www.gstatic.com:443
10:28:36 [DEBUG] Starting new HTTPS connection (1): www.google.com:443
10:28:36 [DEBUG] Starting new HTTPS connection (1): cp.cloudflare.com:443
10:28:36 [DEBUG] Starting new HTTPS connection (1): www.gstatic.com:443
10:28:36 [DEBUG] Starting new HTTPS connection (1): www.google.com:443
10:28:36 [DEBUG] Starting new HTTPS connection (1): cp.cloudflare.com:443
10:28:36 [DEBUG] Starting new HTTPS connection (1): www.gstatic.com:443
10:28:36 [DEBUG] https://www.google.com:443 "GET /generate_204 HTTP/1.1" 204 0
10:28:36 [DEBUG] Starting new HTTPS connection (1): cp.cloudflare.com:443
10:28:36 [DEBUG] Starting new HTTPS connection (1): www.google.com:443
10:28:36 [DEBUG] Starting new HTTPS connection (1): www.google.com:443
10:28:36 [DEBUG] Starting new HTTPS connection (1): www.google.com:443
10:28:36 [DEBUG] Starting new HTTPS connection (1): www.google.com:443
10:28:37 [DEBUG] Starting new HTTPS connection (1): www.gstatic.com:443
10:28:37 [DEBUG] Starting new HTTPS connection (1): cp.cloudflare.com:443
10:28:37 [DEBUG] Starting new HTTPS connection (1): www.google.com:443
10:28:37 [DEBUG] https://cp.cloudflare.com:443 "GET / HTTP/1.1" 204 0
10:28:37 [DEBUG] Starting new HTTPS connection (1): www.gstatic.com:443
10:28:37 [DEBUG] Starting new HTTPS connection (1): www.google.com:443
10:28:37 [DEBUG] Starting new HTTPS connection (1): www.google.com:443
10:28:37 [DEBUG] https://www.gstatic.com:443 "GET /generate_204 HTTP/1.1" 204 0
10:28:37 [DEBUG] Starting new HTTPS connection (1): dl.google.com:443
10:28:37 [DEBUG] https://dl.google.com:443 "GET /dl/android/studio/install/3.4.1.0/android-studio-ide-183.5522156-windows.exe HTTP/1.1" 404 1449
10:28:37 [INFO]    🎯 172.64.145.3 (XX) - 0.0Mbps, 1642ms UDP✅  []
10:28:38 [DEBUG] Starting new HTTPS connection (1): cp.cloudflare.com:443
10:28:39 [DEBUG] Starting new HTTPS connection (1): cp.cloudflare.com:443
10:28:39 [DEBUG] Starting new HTTPS connection (1): cp.cloudflare.com:443
10:28:39 [DEBUG] Starting new HTTPS connection (1): www.google.com:443
10:28:39 [DEBUG] Starting new HTTPS connection (1): cp.cloudflare.com:443
10:28:39 [DEBUG] Starting new HTTPS connection (1): www.gstatic.com:443
10:28:39 [DEBUG] Starting new HTTPS connection (1): cp.cloudflare.com:443
10:28:39 [DEBUG] Starting new HTTPS connection (1): cp.cloudflare.com:443
10:28:40 [DEBUG] Starting new HTTPS connection (1): cp.cloudflare.com:443
10:28:40 [DEBUG] Starting new HTTPS connection (1): www.google.com:443
10:28:41 [DEBUG] Starting new HTTPS connection (1): www.gstatic.com:443
10:28:41 [DEBUG] Starting new HTTPS connection (1): cp.cloudflare.com:443
10:28:41 [DEBUG] Starting new HTTPS connection (1): www.gstatic.com:443
10:28:41 [DEBUG] Starting new HTTPS connection (1): www.gstatic.com:443
10:28:41 [DEBUG] Starting new HTTPS connection (1): www.gstatic.com:443
10:28:41 [DEBUG] Starting new HTTPS connection (1): www.gstatic.com:443
10:28:41 [DEBUG] Starting new HTTPS connection (1): www.gstatic.com:443
10:28:42 [DEBUG] Starting new HTTPS connection (1): www.gstatic.com:443
10:28:42 [DEBUG] Starting new HTTPS connection (1): www.google.com:443
10:28:42 [DEBUG] Starting new HTTPS connection (1): cp.cloudflare.com:443
10:28:42 [DEBUG] Starting new HTTPS connection (1): www.gstatic.com:443
10:28:43 [DEBUG] Starting new HTTPS connection (1): cp.cloudflare.com:443
10:28:43 [DEBUG] Starting new HTTPS connection (1): www.gstatic.com:443
10:28:45 [DEBUG] Starting new HTTPS connection (1): www.gstatic.com:443
10:28:47 [INFO]    📊 Global: 400/400 (100%) | ✅79 ❌321
10:28:48 [DEBUG] Starting new HTTPS connection (1): www.google.com:443
10:28:48 [DEBUG] Starting new HTTPS connection (1): www.google.com:443
10:28:48 [DEBUG] Starting new HTTPS connection (1): www.google.com:443
10:28:48 [DEBUG] Starting new HTTPS connection (1): www.google.com:443
10:28:48 [DEBUG] Starting new HTTPS connection (1): www.google.com:443
10:28:48 [DEBUG] Starting new HTTPS connection (1): www.google.com:443
10:28:48 [DEBUG] Starting new HTTPS connection (1): www.google.com:443
10:28:48 [DEBUG] Starting new HTTPS connection (1): www.google.com:443
10:28:48 [DEBUG] Starting new HTTPS connection (1): www.google.com:443
10:28:48 [DEBUG] Starting new HTTPS connection (1): www.google.com:443
10:28:49 [DEBUG] https://www.google.com:443 "GET /generate_204 HTTP/1.1" 204 0
10:28:49 [DEBUG] Starting new HTTPS connection (1): cp.cloudflare.com:443
10:28:49 [DEBUG] https://www.google.com:443 "GET /generate_204 HTTP/1.1" 204 0
10:28:49 [DEBUG] Starting new HTTPS connection (1): cp.cloudflare.com:443
10:28:49 [DEBUG] https://www.google.com:443 "GET /generate_204 HTTP/1.1" 204 0
10:28:49 [DEBUG] Starting new HTTPS connection (1): cp.cloudflare.com:443
10:28:49 [DEBUG] https://www.google.com:443 "GET /generate_204 HTTP/1.1" 204 0
10:28:49 [DEBUG] Starting new HTTPS connection (1): cp.cloudflare.com:443
10:28:49 [DEBUG] https://www.google.com:443 "GET /generate_204 HTTP/1.1" 204 0
10:28:49 [DEBUG] Starting new HTTPS connection (1): cp.cloudflare.com:443
10:28:49 [DEBUG] https://cp.cloudflare.com:443 "GET / HTTP/1.1" 204 0
10:28:49 [DEBUG] Starting new HTTPS connection (1): www.gstatic.com:443
10:28:49 [DEBUG] https://cp.cloudflare.com:443 "GET / HTTP/1.1" 204 0
10:28:49 [DEBUG] Starting new HTTPS connection (1): www.gstatic.com:443
10:28:49 [DEBUG] https://cp.cloudflare.com:443 "GET / HTTP/1.1" 204 0
10:28:49 [DEBUG] Starting new HTTPS connection (1): www.gstatic.com:443
10:28:49 [DEBUG] https://cp.cloudflare.com:443 "GET / HTTP/1.1" 204 0
10:28:49 [DEBUG] Starting new HTTPS connection (1): www.gstatic.com:443
10:28:49 [DEBUG] https://cp.cloudflare.com:443 "GET / HTTP/1.1" 204 0
10:28:49 [DEBUG] Starting new HTTPS connection (1): www.gstatic.com:443
10:28:49 [DEBUG] https://www.gstatic.com:443 "GET /generate_204 HTTP/1.1" 204 0
10:28:49 [DEBUG] https://www.gstatic.com:443 "GET /generate_204 HTTP/1.1" 204 0
10:28:49 [DEBUG] https://www.gstatic.com:443 "GET /generate_204 HTTP/1.1" 204 0
10:28:50 [DEBUG] https://www.google.com:443 "GET /generate_204 HTTP/1.1" 204 0
10:28:50 [DEBUG] Starting new HTTPS connection (1): cp.cloudflare.com:443
10:28:50 [DEBUG] https://www.gstatic.com:443 "GET /generate_204 HTTP/1.1" 204 0
10:28:50 [DEBUG] https://www.google.com:443 "GET /generate_204 HTTP/1.1" 204 0
10:28:50 [DEBUG] Starting new HTTPS connection (1): cp.cloudflare.com:443
10:28:50 [DEBUG] Starting new HTTPS connection (1): dl.google.com:443
10:28:50 [DEBUG] https://www.gstatic.com:443 "GET /generate_204 HTTP/1.1" 204 0
10:28:50 [DEBUG] Starting new HTTPS connection (1): dl.google.com:443
10:28:50 [DEBUG] Starting new HTTPS connection (1): dl.google.com:443
10:28:50 [DEBUG] Starting new HTTPS connection (1): dl.google.com:443
10:28:50 [DEBUG] Starting new HTTPS connection (1): dl.google.com:443
10:28:50 [DEBUG] https://dl.google.com:443 "GET /dl/android/studio/install/3.4.1.0/android-studio-ide-183.5522156-windows.exe HTTP/1.1" 200 1017327996
10:28:50 [DEBUG] https://dl.google.com:443 "GET /dl/android/studio/install/3.4.1.0/android-studio-ide-183.5522156-windows.exe HTTP/1.1" 200 1017327996
10:28:50 [DEBUG] https://dl.google.com:443 "GET /dl/android/studio/install/3.4.1.0/android-studio-ide-183.5522156-windows.exe HTTP/1.1" 200 1017327996
10:28:50 [DEBUG] https://cp.cloudflare.com:443 "GET / HTTP/1.1" 204 0
10:28:50 [DEBUG] Starting new HTTPS connection (1): www.gstatic.com:443
10:28:50 [INFO]    🎯 212.233.96.101 (Россия) - 19.1Mbps, 342ms UDP✅ Reality [yandex.ru]
10:28:50 [DEBUG] https://dl.google.com:443 "GET /dl/android/studio/install/3.4.1.0/android-studio-ide-183.5522156-windows.exe HTTP/1.1" 200 1017327996
10:28:51 [DEBUG] https://dl.google.com:443 "GET /dl/android/studio/install/3.4.1.0/android-studio-ide-183.5522156-windows.exe HTTP/1.1" 200 1017327996
10:28:51 [DEBUG] https://www.gstatic.com:443 "GET /generate_204 HTTP/1.1" 204 0
10:28:51 [INFO]    🎯 178.154.224.33 (Россия) - 16.3Mbps, 414ms UDP✅ Reality [ads.x5.ru]
10:28:51 [DEBUG] Starting new HTTPS connection (1): dl.google.com:443
10:28:51 [DEBUG] https://cp.cloudflare.com:443 "GET / HTTP/1.1" 204 0
10:28:51 [DEBUG] Starting new HTTPS connection (1): www.gstatic.com:443
10:28:51 [INFO]    🎯 51.250.83.255 (Россия) - 8.3Mbps, 437ms UDP✅ Reality [ads.x5.ru]
10:28:51 [DEBUG] https://dl.google.com:443 "GET /dl/android/studio/install/3.4.1.0/android-studio-ide-183.5522156-windows.exe HTTP/1.1" 200 1017327996
10:28:52 [DEBUG] Starting new HTTPS connection (1): www.google.com:443
10:28:52 [DEBUG] https://www.google.com:443 "GET /generate_204 HTTP/1.1" 204 0
10:28:52 [DEBUG] Starting new HTTPS connection (1): cp.cloudflare.com:443
10:28:52 [DEBUG] Starting new HTTPS connection (1): www.google.com:443
10:28:52 [DEBUG] Starting new HTTPS connection (1): cp.cloudflare.com:443
10:28:52 [DEBUG] https://cp.cloudflare.com:443 "GET / HTTP/1.1" 204 0
10:28:52 [DEBUG] Starting new HTTPS connection (1): www.gstatic.com:443
10:28:52 [DEBUG] Starting new HTTPS connection (1): www.gstatic.com:443
10:28:52 [DEBUG] https://www.gstatic.com:443 "GET /generate_204 HTTP/1.1" 204 0
10:28:52 [DEBUG] Starting new HTTPS connection (1): dl.google.com:443
10:28:53 [DEBUG] Starting new HTTPS connection (1): www.google.com:443
10:28:53 [DEBUG] https://dl.google.com:443 "GET /dl/android/studio/install/3.4.1.0/android-studio-ide-183.5522156-windows.exe HTTP/1.1" 200 1017327996
10:28:53 [DEBUG] https://www.google.com:443 "GET /generate_204 HTTP/1.1" 204 0
10:28:53 [DEBUG] Starting new HTTPS connection (1): cp.cloudflare.com:443
10:28:53 [DEBUG] https://www.gstatic.com:443 "GET /generate_204 HTTP/1.1" 204 0
10:28:53 [DEBUG] https://www.google.com:443 "GET /generate_204 HTTP/1.1" 204 0
10:28:53 [DEBUG] Starting new HTTPS connection (1): cp.cloudflare.com:443
10:28:53 [INFO]    🎯 217.16.26.158 (Россия) - 15.9Mbps, 253ms UDP✅ Reality [ads.x5.ru]
10:28:53 [DEBUG] https://cp.cloudflare.com:443 "GET / HTTP/1.1" 204 0
10:28:53 [DEBUG] Starting new HTTPS connection (1): www.gstatic.com:443
10:28:53 [DEBUG] Starting new HTTPS connection (1): cp.cloudflare.com:443
10:28:53 [DEBUG] Starting new HTTPS connection (1): cp.cloudflare.com:443
10:28:53 [DEBUG] https://cp.cloudflare.com:443 "GET / HTTP/1.1" 204 0
10:28:53 [DEBUG] Starting new HTTPS connection (1): www.gstatic.com:443
10:28:54 [DEBUG] https://www.gstatic.com:443 "GET /generate_204 HTTP/1.1" 204 0
10:28:54 [DEBUG] Starting new HTTPS connection (1): www.google.com:443
10:28:54 [DEBUG] https://www.gstatic.com:443 "GET /generate_204 HTTP/1.1" 204 0
10:28:54 [DEBUG] Starting new HTTPS connection (1): dl.google.com:443
10:28:54 [DEBUG] Starting new HTTPS connection (1): dl.google.com:443
10:28:54 [INFO]    🎯 178.154.252.255 (Россия) - 2.9Mbps, 389ms UDP✅ Reality [eh.vk.com]
10:28:54 [DEBUG] https://www.google.com:443 "GET /generate_204 HTTP/1.1" 204 0
10:28:54 [DEBUG] Starting new HTTPS connection (1): cp.cloudflare.com:443
10:28:54 [DEBUG] Starting new HTTPS connection (1): www.google.com:443
10:28:55 [DEBUG] https://dl.google.com:443 "GET /dl/android/studio/install/3.4.1.0/android-studio-ide-183.5522156-windows.exe HTTP/1.1" 200 1017327996
10:28:55 [INFO]    🎯 51.250.117.136 (Россия) - 18.4Mbps, 391ms UDP✅ Reality [nl36.tcpdoor.net]
10:28:55 [INFO]    📊 Whitelist: 7/75 (9%) | ✅6 ❌1
10:28:55 [DEBUG] https://dl.google.com:443 "GET /dl/android/studio/install/3.4.1.0/android-studio-ide-183.5522156-windows.exe HTTP/1.1" 200 1017327996
10:28:55 [DEBUG] Starting new HTTPS connection (1): dl.google.com:443
10:28:55 [DEBUG] Starting new HTTPS connection (1): www.google.com:443
10:28:56 [DEBUG] https://www.google.com:443 "GET /generate_204 HTTP/1.1" 204 0
10:28:56 [DEBUG] Starting new HTTPS connection (1): cp.cloudflare.com:443
10:28:56 [DEBUG] Starting new HTTPS connection (1): www.google.com:443
10:28:56 [DEBUG] https://www.google.com:443 "GET /generate_204 HTTP/1.1" 204 0
10:28:56 [DEBUG] Starting new HTTPS connection (1): cp.cloudflare.com:443
10:28:57 [DEBUG] https://dl.google.com:443 "GET /dl/android/studio/install/3.4.1.0/android-studio-ide-183.5522156-windows.exe HTTP/1.1" 200 1017327996
10:28:57 [DEBUG] https://cp.cloudflare.com:443 "GET / HTTP/1.1" 204 0
10:28:57 [DEBUG] Starting new HTTPS connection (1): www.gstatic.com:443
10:28:58 [DEBUG] https://www.gstatic.com:443 "GET /generate_204 HTTP/1.1" 204 0
10:28:58 [DEBUG] Starting new HTTPS connection (1): dl.google.com:443
10:28:58 [DEBUG] https://dl.google.com:443 "GET /dl/android/studio/install/3.4.1.0/android-studio-ide-183.5522156-windows.exe HTTP/1.1" 200 1017327996
10:28:58 [DEBUG] Starting new HTTPS connection (1): www.gstatic.com:443
10:28:58 [DEBUG] Starting new HTTPS connection (1): www.gstatic.com:443
10:28:59 [DEBUG] https://www.gstatic.com:443 "GET /generate_204 HTTP/1.1" 204 0
10:28:59 [INFO]    🎯 217.16.27.216 (Россия) - 1.6Mbps, 771ms UDP✅  []
10:28:59 [DEBUG] Starting new HTTPS connection (1): www.gstatic.com:443
10:29:00 [DEBUG] https://www.gstatic.com:443 "GET /generate_204 HTTP/1.1" 204 0
10:29:00 [DEBUG] Starting new HTTPS connection (1): www.google.com:443
10:29:00 [DEBUG] https://www.google.com:443 "GET /generate_204 HTTP/1.1" 204 0
10:29:00 [DEBUG] Starting new HTTPS connection (1): cp.cloudflare.com:443
10:29:00 [DEBUG] Starting new HTTPS connection (1): www.google.com:443
10:29:00 [DEBUG] Starting new HTTPS connection (1): dl.google.com:443
10:29:01 [DEBUG] https://cp.cloudflare.com:443 "GET / HTTP/1.1" 204 0
10:29:01 [DEBUG] Starting new HTTPS connection (1): www.gstatic.com:443
10:29:01 [DEBUG] Starting new HTTPS connection (1): www.gstatic.com:443
10:29:01 [DEBUG] https://www.google.com:443 "GET /generate_204 HTTP/1.1" 204 0
10:29:01 [DEBUG] Starting new HTTPS connection (1): cp.cloudflare.com:443
10:29:01 [DEBUG] Starting new HTTPS connection (1): cp.cloudflare.com:443
10:29:01 [INFO]    🎯 185.86.144.32 (Россия) - 3.9Mbps, 722ms UDP✅ Reality [www.vk.com]
10:29:01 [DEBUG] https://www.gstatic.com:443 "GET /generate_204 HTTP/1.1" 204 0
10:29:01 [DEBUG] https://dl.google.com:443 "GET /dl/android/studio/install/3.4.1.0/android-studio-ide-183.5522156-windows.exe HTTP/1.1" 200 1017327996
10:29:02 [DEBUG] https://cp.cloudflare.com:443 "GET / HTTP/1.1" 204 0
10:29:02 [DEBUG] Starting new HTTPS connection (1): www.gstatic.com:443
10:29:02 [INFO]    🎯 51.250.12.100 (Россия) - 1.1Mbps, 370ms UDP✅ Reality [api-maps.yandex.ru]
10:29:02 [DEBUG] https://www.gstatic.com:443 "GET /generate_204 HTTP/1.1" 204 0
10:29:02 [INFO]    🎯 84.201.128.76 (Россия) - 7.2Mbps, 534ms UDP✅ Reality [smartcaptcha.yandexc]
10:29:02 [DEBUG] Starting new HTTPS connection (1): dl.google.com:443
10:29:02 [DEBUG] Starting new HTTPS connection (1): www.google.com:443
10:29:03 [DEBUG] https://www.google.com:443 "GET /generate_204 HTTP/1.1" 204 0
10:29:03 [DEBUG] Starting new HTTPS connection (1): cp.cloudflare.com:443
10:29:03 [DEBUG] Starting new HTTPS connection (1): www.google.com:443
10:29:03 [DEBUG] Starting new HTTPS connection (1): www.google.com:443
10:29:03 [DEBUG] https://www.google.com:443 "GET /generate_204 HTTP/1.1" 204 0
10:29:03 [DEBUG] Starting new HTTPS connection (1): cp.cloudflare.com:443
10:29:03 [DEBUG] https://cp.cloudflare.com:443 "GET / HTTP/1.1" 204 0
10:29:03 [DEBUG] Starting new HTTPS connection (1): www.gstatic.com:443
10:29:04 [DEBUG] Starting new HTTPS connection (1): dl.google.com:443
10:29:04 [DEBUG] https://dl.google.com:443 "GET /dl/android/studio/install/3.4.1.0/android-studio-ide-183.5522156-windows.exe HTTP/1.1" 200 1017327996
10:29:04 [DEBUG] https://cp.cloudflare.com:443 "GET / HTTP/1.1" 204 0
10:29:04 [DEBUG] Starting new HTTPS connection (1): www.gstatic.com:443
10:29:04 [INFO]    🎯 178.250.243.101 (Россия) - 15.3Mbps, 625ms UDP✅ Reality [eh.vk.com]
10:29:04 [INFO]    📊 Whitelist: 14/75 (19%) | ✅11 ❌3
10:29:05 [DEBUG] Starting new HTTPS connection (1): www.google.com:443
10:29:05 [DEBUG] https://www.gstatic.com:443 "GET /generate_204 HTTP/1.1" 204 0
10:29:05 [DEBUG] Starting new HTTPS connection (1): dl.google.com:443
10:29:06 [DEBUG] https://www.gstatic.com:443 "GET /generate_204 HTTP/1.1" 204 0
10:29:06 [DEBUG] Starting new HTTPS connection (1): www.google.com:443
10:29:06 [INFO]    🎯 5.188.141.138 (Россия) - 1.2Mbps, 1550ms UDP✅ Reality [ads.x5.ru]
10:29:06 [DEBUG] https://dl.google.com:443 "GET /dl/android/studio/install/3.4.1.0/android-studio-ide-183.5522156-windows.exe HTTP/1.1" 200 1017327996
10:29:06 [DEBUG] Starting new HTTPS connection (1): dl.google.com:443
10:29:06 [DEBUG] Starting new HTTPS connection (1): www.gstatic.com:443
10:29:06 [DEBUG] https://dl.google.com:443 "GET /dl/android/studio/install/3.4.1.0/android-studio-ide-183.5522156-windows.exe HTTP/1.1" 200 1017327996
10:29:06 [INFO]    🎯 178.250.243.97 (Россия) - 3.3Mbps, 451ms UDP✅ Reality [eh.vk.com]
10:29:06 [DEBUG] https://www.google.com:443 "GET /generate_204 HTTP/1.1" 204 0
10:29:06 [DEBUG] Starting new HTTPS connection (1): cp.cloudflare.com:443
10:29:06 [DEBUG] https://cp.cloudflare.com:443 "GET / HTTP/1.1" 204 0
10:29:06 [DEBUG] Starting new HTTPS connection (1): www.gstatic.com:443
10:29:07 [DEBUG] https://dl.google.com:443 "GET /dl/android/studio/install/3.4.1.0/android-studio-ide-183.5522156-windows.exe HTTP/1.1" 200 1017327996
10:29:07 [INFO]    🎯 178.250.243.102 (Россия) - 9.5Mbps, 848ms UDP✅ Reality [eh.vk.com]
10:29:07 [DEBUG] Starting new HTTPS connection (1): www.google.com:443
10:29:07 [DEBUG] Starting new HTTPS connection (1): www.google.com:443
10:29:07 [DEBUG] https://www.gstatic.com:443 "GET /generate_204 HTTP/1.1" 204 0
10:29:07 [DEBUG] Starting new HTTPS connection (1): dl.google.com:443
10:29:07 [DEBUG] https://www.google.com:443 "GET /generate_204 HTTP/1.1" 204 0
10:29:07 [DEBUG] Starting new HTTPS connection (1): cp.cloudflare.com:443
10:29:07 [DEBUG] Starting new HTTPS connection (1): www.google.com:443
10:29:07 [DEBUG] https://www.google.com:443 "GET /generate_204 HTTP/1.1" 204 0
10:29:07 [DEBUG] Starting new HTTPS connection (1): cp.cloudflare.com:443
10:29:08 [DEBUG] https://www.google.com:443 "GET /generate_204 HTTP/1.1" 204 0
10:29:08 [DEBUG] Starting new HTTPS connection (1): cp.cloudflare.com:443
10:29:08 [DEBUG] https://cp.cloudflare.com:443 "GET / HTTP/1.1" 204 0
10:29:08 [DEBUG] Starting new HTTPS connection (1): www.gstatic.com:443
10:29:08 [DEBUG] https://www.google.com:443 "GET /generate_204 HTTP/1.1" 204 0
10:29:08 [DEBUG] Starting new HTTPS connection (1): cp.cloudflare.com:443
10:29:08 [DEBUG] https://cp.cloudflare.com:443 "GET / HTTP/1.1" 204 0
10:29:08 [DEBUG] Starting new HTTPS connection (1): www.gstatic.com:443
10:29:08 [DEBUG] Starting new HTTPS connection (1): www.google.com:443
10:29:08 [DEBUG] https://cp.cloudflare.com:443 "GET / HTTP/1.1" 204 0
10:29:08 [DEBUG] Starting new HTTPS connection (1): www.gstatic.com:443
10:29:08 [INFO]    🎯 178.250.243.98 (Россия) - 5.5Mbps, 851ms UDP✅ Reality [eh.vk.com]
10:29:08 [DEBUG] https://www.gstatic.com:443 "GET /generate_204 HTTP/1.1" 204 0
10:29:08 [DEBUG] https://cp.cloudflare.com:443 "GET / HTTP/1.1" 204 0
10:29:08 [DEBUG] Starting new HTTPS connection (1): www.gstatic.com:443
10:29:08 [DEBUG] https://www.gstatic.com:443 "GET /generate_204 HTTP/1.1" 204 0
10:29:08 [DEBUG] https://www.google.com:443 "GET /generate_204 HTTP/1.1" 204 0
10:29:08 [DEBUG] Starting new HTTPS connection (1): cp.cloudflare.com:443
10:29:08 [DEBUG] Starting new HTTPS connection (1): dl.google.com:443
10:29:09 [DEBUG] https://www.gstatic.com:443 "GET /generate_204 HTTP/1.1" 204 0
10:29:09 [DEBUG] https://cp.cloudflare.com:443 "GET / HTTP/1.1" 204 0
10:29:09 [DEBUG] Starting new HTTPS connection (1): www.gstatic.com:443
10:29:09 [DEBUG] https://dl.google.com:443 "GET /dl/android/studio/install/3.4.1.0/android-studio-ide-183.5522156-windows.exe HTTP/1.1" 200 1017327996
10:29:09 [DEBUG] https://dl.google.com:443 "GET /dl/android/studio/install/3.4.1.0/android-studio-ide-183.5522156-windows.exe HTTP/1.1" 200 1017327996
10:29:09 [DEBUG] Starting new HTTPS connection (1): dl.google.com:443
10:29:09 [DEBUG] https://www.gstatic.com:443 "GET /generate_204 HTTP/1.1" 204 0
10:29:09 [DEBUG] Starting new HTTPS connection (1): www.google.com:443
10:29:09 [DEBUG] https://dl.google.com:443 "GET /dl/android/studio/install/3.4.1.0/android-studio-ide-183.5522156-windows.exe HTTP/1.1" 200 1017327996
10:29:09 [DEBUG] Starting new HTTPS connection (1): dl.google.com:443
10:29:09 [INFO]    🎯 37.139.33.15 (Россия) - 12.1Mbps, 412ms UDP✅ Reality [m.vk.ru]
10:29:10 [DEBUG] Starting new HTTPS connection (1): cp.cloudflare.com:443
10:29:10 [INFO]    🎯 212.233.76.209 (Россия) - 5.1Mbps, 474ms UDP✅ Reality [api-maps.yandex.ru]
10:29:10 [INFO]    📊 Whitelist: 21/75 (28%) | ✅17 ❌4
10:29:10 [DEBUG] https://dl.google.com:443 "GET /dl/android/studio/install/3.4.1.0/android-studio-ide-183.5522156-windows.exe HTTP/1.1" 200 1017327996
10:29:10 [INFO]    🎯 212.233.73.212 (Россия) - 12.2Mbps, 419ms UDP✅ Reality [m.vk.ru]
10:29:11 [INFO]    🎯 37.139.33.15 (Россия) - 11.9Mbps, 417ms UDP✅ Reality [m.vk.ru]
10:29:11 [DEBUG] Starting new HTTPS connection (1): www.google.com:443
10:29:11 [DEBUG] Starting new HTTPS connection (1): www.google.com:443
10:29:11 [DEBUG] Starting new HTTPS connection (1): www.google.com:443
10:29:11 [DEBUG] Starting new HTTPS connection (1): dl.google.com:443
10:29:12 [DEBUG] Starting new HTTPS connection (1): www.google.com:443
10:29:12 [DEBUG] https://dl.google.com:443 "GET /dl/android/studio/install/3.4.1.0/android-studio-ide-183.5522156-windows.exe HTTP/1.1" 200 1017327996
10:29:12 [DEBUG] https://www.google.com:443 "GET /generate_204 HTTP/1.1" 204 0
10:29:12 [DEBUG] Starting new HTTPS connection (1): cp.cloudflare.com:443
10:29:12 [DEBUG] https://www.google.com:443 "GET /generate_204 HTTP/1.1" 204 0
10:29:12 [DEBUG] Starting new HTTPS connection (1): cp.cloudflare.com:443
10:29:12 [DEBUG] Starting new HTTPS connection (1): www.google.com:443
10:29:12 [INFO]    🎯 212.233.73.212 (Россия) - 12.2Mbps, 420ms UDP❌ Reality [m.vk.ru]
10:29:12 [DEBUG] https://cp.cloudflare.com:443 "GET / HTTP/1.1" 204 0
10:29:12 [DEBUG] Starting new HTTPS connection (1): www.gstatic.com:443
10:29:13 [DEBUG] https://cp.cloudflare.com:443 "GET / HTTP/1.1" 204 0
10:29:13 [DEBUG] Starting new HTTPS connection (1): www.gstatic.com:443
10:29:13 [DEBUG] https://www.gstatic.com:443 "GET /generate_204 HTTP/1.1" 204 0
10:29:13 [DEBUG] https://www.gstatic.com:443 "GET /generate_204 HTTP/1.1" 204 0
10:29:13 [DEBUG] https://www.google.com:443 "GET /generate_204 HTTP/1.1" 204 0
10:29:13 [DEBUG] Starting new HTTPS connection (1): cp.cloudflare.com:443
10:29:13 [DEBUG] Starting new HTTPS connection (1): dl.google.com:443
10:29:13 [DEBUG] Starting new HTTPS connection (1): dl.google.com:443
10:29:13 [DEBUG] Starting new HTTPS connection (1): dl.google.com:443
10:29:14 [DEBUG] Starting new HTTPS connection (1): www.google.com:443
10:29:14 [DEBUG] https://cp.cloudflare.com:443 "GET / HTTP/1.1" 204 0
10:29:14 [DEBUG] Starting new HTTPS connection (1): www.gstatic.com:443
10:29:14 [DEBUG] https://dl.google.com:443 "GET /dl/android/studio/install/3.4.1.0/android-studio-ide-183.5522156-windows.exe HTTP/1.1" 200 1017327996
10:29:14 [DEBUG] https://dl.google.com:443 "GET /dl/android/studio/install/3.4.1.0/android-studio-ide-183.5522156-windows.exe HTTP/1.1" 200 1017327996
10:29:14 [DEBUG] https://dl.google.com:443 "GET /dl/android/studio/install/3.4.1.0/android-studio-ide-183.5522156-windows.exe HTTP/1.1" 200 1017327996
10:29:14 [DEBUG] https://www.google.com:443 "GET /generate_204 HTTP/1.1" 204 0
10:29:14 [DEBUG] Starting new HTTPS connection (1): cp.cloudflare.com:443
10:29:14 [DEBUG] https://www.gstatic.com:443 "GET /generate_204 HTTP/1.1" 204 0
10:29:14 [DEBUG] Starting new HTTPS connection (1): cp.cloudflare.com:443
10:29:14 [INFO]    🎯 176.123.164.110 (Россия) - 11.5Mbps, 588ms UDP✅ Reality [m.vk.com]
10:29:14 [INFO]    🎯 89.169.128.105 (Россия) - 11.7Mbps, 432ms UDP✅ Reality [yandex.ru]
10:29:14 [DEBUG] https://cp.cloudflare.com:443 "GET / HTTP/1.1" 204 0
10:29:14 [DEBUG] Starting new HTTPS connection (1): www.gstatic.com:443
10:29:15 [DEBUG] Starting new HTTPS connection (1): www.gstatic.com:443
10:29:15 [INFO]    🎯 217.16.27.216 (Россия) - 8.4Mbps, 2368ms UDP✅ Reality [web.max.ru]
10:29:15 [INFO]    📊 Whitelist: 28/75 (37%) | ✅23 ❌5
10:29:15 [DEBUG] https://www.gstatic.com:443 "GET /generate_204 HTTP/1.1" 204 0
10:29:15 [DEBUG] Starting new HTTPS connection (1): dl.google.com:443
10:29:16 [DEBUG] Starting new HTTPS connection (1): www.google.com:443
10:29:16 [DEBUG] Starting new HTTPS connection (1): www.google.com:443
10:29:16 [DEBUG] Starting new HTTPS connection (1): cp.cloudflare.com:443
10:29:16 [DEBUG] Starting new HTTPS connection (1): cp.cloudflare.com:443
10:29:16 [DEBUG] Starting new HTTPS connection (1): www.google.com:443
10:29:16 [DEBUG] https://dl.google.com:443 "GET /dl/android/studio/install/3.4.1.0/android-studio-ide-183.5522156-windows.exe HTTP/1.1" 200 1017327996
10:29:17 [DEBUG] Starting new HTTPS connection (1): dl.google.com:443
10:29:18 [DEBUG] https://dl.google.com:443 "GET /dl/android/studio/install/3.4.1.0/android-studio-ide-183.5522156-windows.exe HTTP/1.1" 200 1017327996
10:29:18 [DEBUG] https://www.google.com:443 "GET /generate_204 HTTP/1.1" 204 0
10:29:18 [DEBUG] Starting new HTTPS connection (1): cp.cloudflare.com:443
10:29:18 [INFO]    🎯 79.137.175.44 (Россия) - 4.4Mbps, 478ms UDP✅ Reality [m.vk.ru]
10:29:18 [INFO]    🎯 158.160.221.132 (Россия) - 10.9Mbps, 616ms UDP❌ Reality [yandex.ru]
10:29:18 [DEBUG] https://cp.cloudflare.com:443 "GET / HTTP/1.1" 204 0
10:29:18 [DEBUG] Starting new HTTPS connection (1): www.gstatic.com:443
10:29:19 [INFO]    🎯 84.201.178.31 (Россия) - 0.5Mbps, 1750ms UDP✅ Reality [01.img.avito.st]
10:29:19 [DEBUG] Starting new HTTPS connection (1): www.gstatic.com:443
10:29:19 [DEBUG] Starting new HTTPS connection (1): www.google.com:443
10:29:19 [DEBUG] Starting new HTTPS connection (1): www.google.com:443
10:29:20 [DEBUG] Starting new HTTPS connection (1): www.google.com:443
10:29:20 [DEBUG] https://www.google.com:443 "GET /generate_204 HTTP/1.1" 204 0
10:29:20 [DEBUG] Starting new HTTPS connection (1): cp.cloudflare.com:443
10:29:20 [DEBUG] https://www.gstatic.com:443 "GET /generate_204 HTTP/1.1" 204 0
10:29:20 [DEBUG] https://www.google.com:443 "GET /generate_204 HTTP/1.1" 204 0
10:29:20 [DEBUG] Starting new HTTPS connection (1): cp.cloudflare.com:443
10:29:20 [DEBUG] https://cp.cloudflare.com:443 "GET / HTTP/1.1" 204 0
10:29:20 [DEBUG] Starting new HTTPS connection (1): www.gstatic.com:443
10:29:20 [DEBUG] https://www.google.com:443 "GET /generate_204 HTTP/1.1" 204 0
10:29:20 [DEBUG] Starting new HTTPS connection (1): cp.cloudflare.com:443
10:29:21 [DEBUG] https://cp.cloudflare.com:443 "GET / HTTP/1.1" 204 0
10:29:21 [DEBUG] Starting new HTTPS connection (1): www.gstatic.com:443
10:29:21 [DEBUG] Starting new HTTPS connection (1): cp.cloudflare.com:443
10:29:21 [DEBUG] Starting new HTTPS connection (1): www.gstatic.com:443
10:29:21 [DEBUG] Starting new HTTPS connection (1): www.google.com:443
10:29:21 [DEBUG] https://cp.cloudflare.com:443 "GET / HTTP/1.1" 204 0
10:29:21 [DEBUG] Starting new HTTPS connection (1): www.gstatic.com:443
10:29:21 [DEBUG] https://www.gstatic.com:443 "GET /generate_204 HTTP/1.1" 204 0
10:29:21 [DEBUG] Starting new HTTPS connection (1): www.gstatic.com:443
10:29:21 [DEBUG] Starting new HTTPS connection (1): cp.cloudflare.com:443
10:29:21 [DEBUG] https://www.gstatic.com:443 "GET /generate_204 HTTP/1.1" 204 0
10:29:21 [DEBUG] https://www.gstatic.com:443 "GET /generate_204 HTTP/1.1" 204 0
10:29:21 [DEBUG] Starting new HTTPS connection (1): dl.google.com:443
10:29:21 [DEBUG] https://www.google.com:443 "GET /generate_204 HTTP/1.1" 204 0
10:29:21 [DEBUG] Starting new HTTPS connection (1): cp.cloudflare.com:443
10:29:22 [DEBUG] Starting new HTTPS connection (1): dl.google.com:443
10:29:22 [DEBUG] https://dl.google.com:443 "GET /dl/android/studio/install/3.4.1.0/android-studio-ide-183.5522156-windows.exe HTTP/1.1" 200 1017327996
10:29:22 [DEBUG] https://cp.cloudflare.com:443 "GET / HTTP/1.1" 204 0
10:29:22 [DEBUG] Starting new HTTPS connection (1): www.gstatic.com:443
10:29:22 [DEBUG] https://dl.google.com:443 "GET /dl/android/studio/install/3.4.1.0/android-studio-ide-183.5522156-windows.exe HTTP/1.1" 200 1017327996
10:29:22 [DEBUG] https://www.gstatic.com:443 "GET /generate_204 HTTP/1.1" 204 0
10:29:23 [INFO]    🎯 87.239.106.153 (Россия) - 9.3Mbps, 524ms UDP✅ Reality [m.vk.ru]
10:29:23 [DEBUG] Starting new HTTPS connection (1): dl.google.com:443
10:29:23 [DEBUG] Starting new HTTPS connection (1): dl.google.com:443
10:29:23 [DEBUG] https://dl.google.com:443 "GET /dl/android/studio/install/3.4.1.0/android-studio-ide-183.5522156-windows.exe HTTP/1.1" 200 1017327996
10:29:24 [DEBUG] https://dl.google.com:443 "GET /dl/android/studio/install/3.4.1.0/android-studio-ide-183.5522156-windows.exe HTTP/1.1" 200 1017327996
10:29:24 [DEBUG] Starting new HTTPS connection (1): dl.google.com:443
10:29:24 [DEBUG] Starting new HTTPS connection (1): www.google.com:443
10:29:24 [INFO]    🎯 158.160.221.132 (Россия) - 10.7Mbps, 1457ms UDP❌ Reality [yandex.ru]
10:29:24 [INFO]    📊 Whitelist: 35/75 (47%) | ✅28 ❌7
10:29:24 [DEBUG] https://dl.google.com:443 "GET /dl/android/studio/install/3.4.1.0/android-studio-ide-183.5522156-windows.exe HTTP/1.1" 200 1017327996
10:29:25 [INFO]    🎯 79.137.175.44 (Россия) - 9.1Mbps, 491ms UDP❌ Reality [m.vk.ru]
10:29:25 [DEBUG] Starting new HTTPS connection (1): www.google.com:443
10:29:26 [DEBUG] Starting new HTTPS connection (1): www.google.com:443
10:29:26 [DEBUG] Starting new HTTPS connection (1): www.gstatic.com:443
10:29:26 [DEBUG] Starting new HTTPS connection (1): cp.cloudflare.com:443
10:29:26 [DEBUG] Starting new HTTPS connection (1): www.gstatic.com:443
10:29:26 [DEBUG] Starting new HTTPS connection (1): www.gstatic.com:443
10:29:26 [DEBUG] https://www.google.com:443 "GET /generate_204 HTTP/1.1" 204 0
10:29:26 [DEBUG] Starting new HTTPS connection (1): cp.cloudflare.com:443
10:29:27 [DEBUG] Starting new HTTPS connection (1): www.google.com:443
10:29:27 [DEBUG] https://cp.cloudflare.com:443 "GET / HTTP/1.1" 204 0
10:29:27 [DEBUG] Starting new HTTPS connection (1): www.gstatic.com:443
10:29:27 [DEBUG] Starting new HTTPS connection (1): www.google.com:443
10:29:27 [DEBUG] Starting new HTTPS connection (1): www.google.com:443
10:29:27 [DEBUG] Starting new HTTPS connection (1): www.google.com:443
10:29:27 [DEBUG] https://www.gstatic.com:443 "GET /generate_204 HTTP/1.1" 204 0
10:29:28 [DEBUG] https://www.gstatic.com:443 "GET /generate_204 HTTP/1.1" 204 0
10:29:28 [DEBUG] https://www.google.com:443 "GET /generate_204 HTTP/1.1" 204 0
10:29:28 [DEBUG] Starting new HTTPS connection (1): cp.cloudflare.com:443
10:29:28 [DEBUG] https://www.google.com:443 "GET /generate_204 HTTP/1.1" 204 0
10:29:28 [DEBUG] Starting new HTTPS connection (1): cp.cloudflare.com:443
10:29:28 [DEBUG] https://cp.cloudflare.com:443 "GET / HTTP/1.1" 204 0
10:29:28 [DEBUG] Starting new HTTPS connection (1): www.gstatic.com:443
10:29:28 [DEBUG] Starting new HTTPS connection (1): dl.google.com:443
10:29:28 [DEBUG] https://cp.cloudflare.com:443 "GET / HTTP/1.1" 204 0
10:29:28 [DEBUG] Starting new HTTPS connection (1): www.gstatic.com:443
10:29:28 [DEBUG] https://www.gstatic.com:443 "GET /generate_204 HTTP/1.1" 204 0
10:29:29 [DEBUG] https://www.gstatic.com:443 "GET /generate_204 HTTP/1.1" 204 0
10:29:29 [DEBUG] https://dl.google.com:443 "GET /dl/android/studio/install/3.4.1.0/android-studio-ide-183.5522156-windows.exe HTTP/1.1" 200 1017327996
10:29:29 [DEBUG] Starting new HTTPS connection (1): dl.google.com:443
10:29:29 [DEBUG] Starting new HTTPS connection (1): www.google.com:443
10:29:29 [DEBUG] https://www.google.com:443 "GET /generate_204 HTTP/1.1" 204 0
10:29:29 [DEBUG] Starting new HTTPS connection (1): cp.cloudflare.com:443
10:29:29 [DEBUG] Starting new HTTPS connection (1): dl.google.com:443
10:29:29 [DEBUG] Starting new HTTPS connection (1): cp.cloudflare.com:443
10:29:29 [DEBUG] https://dl.google.com:443 "GET /dl/android/studio/install/3.4.1.0/android-studio-ide-183.5522156-windows.exe HTTP/1.1" 200 1017327996
10:29:29 [INFO]    🎯 5.188.140.115 (Россия) - 19.4Mbps, 403ms UDP✅ Reality [ads.x5.ru]
10:29:29 [DEBUG] https://dl.google.com:443 "GET /dl/android/studio/install/3.4.1.0/android-studio-ide-183.5522156-windows.exe HTTP/1.1" 200 1017327996
10:29:29 [DEBUG] https://cp.cloudflare.com:443 "GET / HTTP/1.1" 204 0
10:29:29 [DEBUG] Starting new HTTPS connection (1): www.gstatic.com:443
10:29:30 [DEBUG] https://www.google.com:443 "GET /generate_204 HTTP/1.1" 204 0
10:29:30 [DEBUG] Starting new HTTPS connection (1): cp.cloudflare.com:443
10:29:30 [DEBUG] https://www.gstatic.com:443 "GET /generate_204 HTTP/1.1" 204 0
10:29:30 [INFO]    🎯 176.123.164.110 (Россия) - 10.4Mbps, 458ms UDP✅ Reality [m.vk.com]
10:29:30 [INFO]    📊 Whitelist: 42/75 (56%) | ✅31 ❌11
10:29:30 [DEBUG] Starting new HTTPS connection (1): dl.google.com:443
10:29:31 [DEBUG] Starting new HTTPS connection (1): www.google.com:443
10:29:31 [DEBUG] https://dl.google.com:443 "GET /dl/android/studio/install/3.4.1.0/android-studio-ide-183.5522156-windows.exe HTTP/1.1" 200 1017327996
10:29:31 [DEBUG] https://cp.cloudflare.com:443 "GET / HTTP/1.1" 204 0
10:29:31 [DEBUG] Starting new HTTPS connection (1): www.gstatic.com:443
10:29:31 [DEBUG] https://www.google.com:443 "GET /generate_204 HTTP/1.1" 204 0
10:29:31 [DEBUG] Starting new HTTPS connection (1): cp.cloudflare.com:443
10:29:31 [DEBUG] Starting new HTTPS connection (1): www.google.com:443
10:29:32 [DEBUG] Starting new HTTPS connection (1): cp.cloudflare.com:443
10:29:32 [DEBUG] https://cp.cloudflare.com:443 "GET / HTTP/1.1" 204 0
10:29:32 [DEBUG] Starting new HTTPS connection (1): www.gstatic.com:443
10:29:32 [INFO]    🎯 84.252.143.25 (Россия) - 9.3Mbps, 495ms UDP✅ Reality [yandex.ru]
10:29:32 [DEBUG] https://www.google.com:443 "GET /generate_204 HTTP/1.1" 204 0
10:29:32 [DEBUG] Starting new HTTPS connection (1): cp.cloudflare.com:443
10:29:32 [DEBUG] https://cp.cloudflare.com:443 "GET / HTTP/1.1" 204 0
10:29:32 [DEBUG] Starting new HTTPS connection (1): www.gstatic.com:443
10:29:32 [INFO]    🎯 158.160.105.121 (Россия) - 3.3Mbps, 707ms UDP✅ Reality [yandex.ru]
10:29:32 [DEBUG] https://cp.cloudflare.com:443 "GET / HTTP/1.1" 204 0
10:29:32 [DEBUG] Starting new HTTPS connection (1): www.gstatic.com:443
10:29:32 [DEBUG] https://www.gstatic.com:443 "GET /generate_204 HTTP/1.1" 204 0
10:29:32 [DEBUG] Starting new HTTPS connection (1): www.google.com:443
10:29:32 [DEBUG] https://www.gstatic.com:443 "GET /generate_204 HTTP/1.1" 204 0
10:29:33 [DEBUG] https://www.gstatic.com:443 "GET /generate_204 HTTP/1.1" 204 0
10:29:33 [DEBUG] https://www.google.com:443 "GET /generate_204 HTTP/1.1" 204 0
10:29:33 [DEBUG] Starting new HTTPS connection (1): cp.cloudflare.com:443
10:29:33 [DEBUG] Starting new HTTPS connection (1): dl.google.com:443
10:29:33 [DEBUG] Starting new HTTPS connection (1): dl.google.com:443
10:29:33 [DEBUG] Starting new HTTPS connection (1): dl.google.com:443
10:29:33 [DEBUG] https://cp.cloudflare.com:443 "GET / HTTP/1.1" 204 0
10:29:33 [DEBUG] Starting new HTTPS connection (1): www.gstatic.com:443
10:29:33 [DEBUG] Starting new HTTPS connection (1): www.google.com:443
10:29:33 [DEBUG] https://dl.google.com:443 "GET /dl/android/studio/install/3.4.1.0/android-studio-ide-183.5522156-windows.exe HTTP/1.1" 200 1017327996
10:29:33 [DEBUG] https://dl.google.com:443 "GET /dl/android/studio/install/3.4.1.0/android-studio-ide-183.5522156-windows.exe HTTP/1.1" 200 1017327996
10:29:33 [DEBUG] Starting new HTTPS connection (1): www.google.com:443
10:29:33 [DEBUG] https://www.gstatic.com:443 "GET /generate_204 HTTP/1.1" 204 0
10:29:33 [DEBUG] https://dl.google.com:443 "GET /dl/android/studio/install/3.4.1.0/android-studio-ide-183.5522156-windows.exe HTTP/1.1" 200 1017327996
10:29:33 [DEBUG] Starting new HTTPS connection (1): dl.google.com:443
10:29:33 [INFO]    🎯 178.154.230.75 (Россия) - 17.0Mbps, 1243ms UDP✅ Reality [max.ru]
10:29:33 [INFO]    🎯 51.250.16.92 (Россия) - 19.6Mbps, 384ms UDP✅ Reality [sun6-21.userapi.com]
10:29:34 [DEBUG] https://dl.google.com:443 "GET /dl/android/studio/install/3.4.1.0/android-studio-ide-183.5522156-windows.exe HTTP/1.1" 200 1017327996
10:29:34 [DEBUG] Starting new HTTPS connection (1): www.gstatic.com:443
10:29:34 [INFO]    🎯 90.156.150.134 (Россия) - 9.3Mbps, 554ms UDP✅ Reality [m.vk.ru]
10:29:34 [INFO]    🎯 51.250.16.92 (Россия) - 20.6Mbps, 312ms UDP✅ Reality [ads.x5.ru]
10:29:34 [INFO]    📊 Whitelist: 49/75 (65%) | ✅37 ❌12
10:29:34 [INFO]    🎯 158.160.223.36 (Россия) - 1.1Mbps, 545ms UDP✅ Reality [yandex.ru]
10:29:34 [INFO]    🎯 158.160.223.36 (Россия) - 1.0Mbps, 483ms UDP✅ Reality [yandex.ru]
10:29:35 [DEBUG] Starting new HTTPS connection (1): www.google.com:443
10:29:35 [DEBUG] Starting new HTTPS connection (1): www.google.com:443
10:29:35 [DEBUG] https://www.google.com:443 "GET /generate_204 HTTP/1.1" 204 0
10:29:35 [DEBUG] Starting new HTTPS connection (1): cp.cloudflare.com:443
10:29:35 [DEBUG] Starting new HTTPS connection (1): www.google.com:443
10:29:35 [DEBUG] Starting new HTTPS connection (1): www.google.com:443
10:29:35 [DEBUG] Starting new HTTPS connection (1): www.google.com:443
10:29:35 [DEBUG] Starting new HTTPS connection (1): www.google.com:443
10:29:36 [DEBUG] https://www.gstatic.com:443 "GET /generate_204 HTTP/1.1" 204 0
10:29:36 [DEBUG] https://www.google.com:443 "GET /generate_204 HTTP/1.1" 204 0
10:29:36 [DEBUG] Starting new HTTPS connection (1): cp.cloudflare.com:443
10:29:36 [DEBUG] Starting new HTTPS connection (1): dl.google.com:443
10:29:37 [DEBUG] https://www.google.com:443 "GET /generate_204 HTTP/1.1" 204 0
10:29:37 [DEBUG] Starting new HTTPS connection (1): cp.cloudflare.com:443
10:29:37 [DEBUG] https://www.google.com:443 "GET /generate_204 HTTP/1.1" 204 0
10:29:37 [DEBUG] Starting new HTTPS connection (1): cp.cloudflare.com:443
10:29:37 [DEBUG] https://cp.cloudflare.com:443 "GET / HTTP/1.1" 204 0
10:29:37 [DEBUG] Starting new HTTPS connection (1): www.gstatic.com:443
10:29:37 [DEBUG] https://cp.cloudflare.com:443 "GET / HTTP/1.1" 204 0
10:29:37 [DEBUG] Starting new HTTPS connection (1): www.gstatic.com:443
10:29:37 [DEBUG] https://cp.cloudflare.com:443 "GET / HTTP/1.1" 204 0
10:29:37 [DEBUG] Starting new HTTPS connection (1): www.gstatic.com:443
10:29:37 [DEBUG] https://www.google.com:443 "GET /generate_204 HTTP/1.1" 204 0
10:29:37 [DEBUG] Starting new HTTPS connection (1): cp.cloudflare.com:443
10:29:38 [DEBUG] https://www.google.com:443 "GET /generate_204 HTTP/1.1" 204 0
10:29:38 [DEBUG] Starting new HTTPS connection (1): cp.cloudflare.com:443
10:29:38 [DEBUG] Starting new HTTPS connection (1): www.google.com:443
10:29:38 [DEBUG] Starting new HTTPS connection (1): cp.cloudflare.com:443
10:29:38 [DEBUG] Starting new HTTPS connection (1): www.gstatic.com:443
10:29:39 [DEBUG] https://dl.google.com:443 "GET /dl/android/studio/install/3.4.1.0/android-studio-ide-183.5522156-windows.exe HTTP/1.1" 200 1017327996
10:29:40 [DEBUG] https://www.google.com:443 "GET /generate_204 HTTP/1.1" 204 0
10:29:40 [DEBUG] Starting new HTTPS connection (1): cp.cloudflare.com:443
10:29:40 [DEBUG] Starting new HTTPS connection (1): www.google.com:443
10:29:40 [DEBUG] Starting new HTTPS connection (1): cp.cloudflare.com:443
10:29:40 [DEBUG] Starting new HTTPS connection (1): www.gstatic.com:443
10:29:40 [INFO]    🎯 212.233.76.67 (Россия) - 3.3Mbps, 1834ms UDP✅ Reality [google.com]
10:29:40 [DEBUG] https://www.google.com:443 "GET /generate_204 HTTP/1.1" 204 0
10:29:40 [DEBUG] Starting new HTTPS connection (1): cp.cloudflare.com:443
10:29:40 [DEBUG] https://cp.cloudflare.com:443 "GET / HTTP/1.1" 204 0
10:29:40 [DEBUG] Starting new HTTPS connection (1): www.gstatic.com:443
10:29:41 [DEBUG] https://cp.cloudflare.com:443 "GET / HTTP/1.1" 204 0
10:29:41 [DEBUG] Starting new HTTPS connection (1): www.gstatic.com:443
10:29:41 [DEBUG] https://cp.cloudflare.com:443 "GET / HTTP/1.1" 204 0
10:29:41 [DEBUG] Starting new HTTPS connection (1): www.gstatic.com:443
10:29:41 [DEBUG] Starting new HTTPS connection (1): www.google.com:443
10:29:41 [DEBUG] https://www.gstatic.com:443 "GET /generate_204 HTTP/1.1" 204 0
10:29:42 [DEBUG] https://www.gstatic.com:443 "GET /generate_204 HTTP/1.1" 204 0
10:29:42 [DEBUG] Starting new HTTPS connection (1): dl.google.com:443
10:29:42 [DEBUG] Starting new HTTPS connection (1): dl.google.com:443
10:29:42 [DEBUG] https://www.gstatic.com:443 "GET /generate_204 HTTP/1.1" 204 0
10:29:43 [DEBUG] https://dl.google.com:443 "GET /dl/android/studio/install/3.4.1.0/android-studio-ide-183.5522156-windows.exe HTTP/1.1" 200 1017327996
10:29:43 [DEBUG] https://dl.google.com:443 "GET /dl/android/studio/install/3.4.1.0/android-studio-ide-183.5522156-windows.exe HTTP/1.1" 200 1017327996
10:29:43 [DEBUG] https://www.gstatic.com:443 "GET /generate_204 HTTP/1.1" 204 0
10:29:43 [DEBUG] https://cp.cloudflare.com:443 "GET / HTTP/1.1" 204 0
10:29:43 [DEBUG] Starting new HTTPS connection (1): www.gstatic.com:443
10:29:44 [DEBUG] Starting new HTTPS connection (1): dl.google.com:443
10:29:44 [DEBUG] Starting new HTTPS connection (1): dl.google.com:443
10:29:44 [INFO]    🎯 158.160.105.121 (Россия) - 5.3Mbps, 655ms UDP✅ Reality [yandex.ru]
10:29:45 [DEBUG] Starting new HTTPS connection (1): www.gstatic.com:443
10:29:45 [DEBUG] Starting new HTTPS connection (1): dl.google.com:443
10:29:46 [DEBUG] Starting new HTTPS connection (1): www.google.com:443
10:29:46 [DEBUG] https://www.google.com:443 "GET /generate_204 HTTP/1.1" 204 0
10:29:46 [DEBUG] Starting new HTTPS connection (1): cp.cloudflare.com:443
10:29:46 [DEBUG] https://www.gstatic.com:443 "GET /generate_204 HTTP/1.1" 204 0
10:29:46 [DEBUG] https://www.google.com:443 "GET /generate_204 HTTP/1.1" 204 0
10:29:46 [DEBUG] Starting new HTTPS connection (1): cp.cloudflare.com:443
10:29:47 [DEBUG] https://cp.cloudflare.com:443 "GET / HTTP/1.1" 204 0
10:29:47 [DEBUG] Starting new HTTPS connection (1): www.gstatic.com:443
10:29:47 [DEBUG] https://dl.google.com:443 "GET /dl/android/studio/install/3.4.1.0/android-studio-ide-183.5522156-windows.exe HTTP/1.1" 200 1017327996
10:29:47 [INFO]    🎯 109.120.191.92 (Россия) - 6.5Mbps, 2620ms UDP✅ Reality [ads.x5.ru]
10:29:47 [INFO]    📊 Whitelist: 56/75 (75%) | ✅42 ❌14
10:29:47 [DEBUG] https://www.gstatic.com:443 "GET /generate_204 HTTP/1.1" 204 0
10:29:47 [DEBUG] Starting new HTTPS connection (1): dl.google.com:443
10:29:48 [DEBUG] https://dl.google.com:443 "GET /dl/android/studio/install/3.4.1.0/android-studio-ide-183.5522156-windows.exe HTTP/1.1" 200 1017327996
10:29:48 [DEBUG] https://dl.google.com:443 "GET /dl/android/studio/install/3.4.1.0/android-studio-ide-183.5522156-windows.exe HTTP/1.1" 200 1017327996
10:29:48 [INFO]    🎯 212.233.96.101 (Россия) - 2.7Mbps, 3020ms UDP✅ Reality [max.ru]
10:29:48 [DEBUG] Starting new HTTPS connection (1): www.google.com:443
10:29:48 [DEBUG] Starting new HTTPS connection (1): dl.google.com:443
10:29:49 [DEBUG] Starting new HTTPS connection (1): dl.google.com:443
10:29:49 [DEBUG] https://www.google.com:443 "GET /generate_204 HTTP/1.1" 204 0
10:29:49 [DEBUG] Starting new HTTPS connection (1): cp.cloudflare.com:443
10:29:49 [DEBUG] https://dl.google.com:443 "GET /dl/android/studio/install/3.4.1.0/android-studio-ide-183.5522156-windows.exe HTTP/1.1" 200 1017327996
10:29:49 [DEBUG] Starting new HTTPS connection (1): dl.google.com:443
10:29:49 [INFO]    🎯 212.233.96.101 (Россия) - 2.3Mbps, 1270ms UDP✅ Reality [ads.x5.ru]
10:29:49 [DEBUG] Starting new HTTPS connection (1): www.google.com:443
10:29:49 [DEBUG] https://cp.cloudflare.com:443 "GET / HTTP/1.1" 204 0
10:29:49 [DEBUG] Starting new HTTPS connection (1): www.gstatic.com:443
10:29:50 [INFO]    🎯 195.209.67.124 (Россия) - 1.6Mbps, 1993ms UDP✅  []
10:29:50 [INFO]    🎯 217.16.26.35 (Россия) - 5.2Mbps, 546ms UDP✅  []
10:29:50 [DEBUG] https://www.gstatic.com:443 "GET /generate_204 HTTP/1.1" 204 0
10:29:50 [DEBUG] https://www.google.com:443 "GET /generate_204 HTTP/1.1" 204 0
10:29:50 [DEBUG] Starting new HTTPS connection (1): cp.cloudflare.com:443
10:29:50 [DEBUG] Starting new HTTPS connection (1): dl.google.com:443
10:29:50 [DEBUG] Starting new HTTPS connection (1): www.google.com:443
10:29:51 [DEBUG] https://dl.google.com:443 "GET /dl/android/studio/install/3.4.1.0/android-studio-ide-183.5522156-windows.exe HTTP/1.1" 200 1017327996
10:29:51 [DEBUG] https://cp.cloudflare.com:443 "GET / HTTP/1.1" 204 0
10:29:51 [DEBUG] Starting new HTTPS connection (1): www.gstatic.com:443
10:29:51 [DEBUG] Starting new HTTPS connection (1): www.google.com:443
10:29:51 [DEBUG] Starting new HTTPS connection (1): www.gstatic.com:443
10:29:51 [DEBUG] Starting new HTTPS connection (1): www.google.com:443
10:29:51 [DEBUG] https://dl.google.com:443 "GET /dl/android/studio/install/3.4.1.0/android-studio-ide-183.5522156-windows.exe HTTP/1.1" 200 1017327996
10:29:51 [DEBUG] Starting new HTTPS connection (1): www.google.com:443
10:29:51 [DEBUG] https://www.google.com:443 "GET /generate_204 HTTP/1.1" 204 0
10:29:51 [DEBUG] Starting new HTTPS connection (1): cp.cloudflare.com:443
10:29:51 [DEBUG] https://www.gstatic.com:443 "GET /generate_204 HTTP/1.1" 204 0
10:29:51 [DEBUG] https://www.google.com:443 "GET /generate_204 HTTP/1.1" 204 0
10:29:51 [DEBUG] Starting new HTTPS connection (1): cp.cloudflare.com:443
10:29:51 [DEBUG] https://www.google.com:443 "GET /generate_204 HTTP/1.1" 204 0
10:29:51 [DEBUG] Starting new HTTPS connection (1): cp.cloudflare.com:443
10:29:52 [DEBUG] https://dl.google.com:443 "GET /dl/android/studio/install/3.4.1.0/android-studio-ide-183.5522156-windows.exe HTTP/1.1" 200 1017327996
10:29:52 [DEBUG] Starting new HTTPS connection (1): dl.google.com:443
10:29:52 [DEBUG] https://cp.cloudflare.com:443 "GET / HTTP/1.1" 204 0
10:29:52 [DEBUG] Starting new HTTPS connection (1): www.gstatic.com:443
10:29:52 [INFO]    🎯 90.156.150.134 (Россия) - 9.4Mbps, 545ms UDP✅ Reality [m.vk.ru]
10:29:52 [INFO]    🎯 5.188.140.18 (Россия) - 4.7Mbps, 3663ms UDP❌ Reality [ads.x5.ru]
10:29:52 [INFO]    📊 Whitelist: 63/75 (84%) | ✅48 ❌15
10:29:52 [DEBUG] https://cp.cloudflare.com:443 "GET / HTTP/1.1" 204 0
10:29:52 [DEBUG] Starting new HTTPS connection (1): www.gstatic.com:443
10:29:52 [DEBUG] https://cp.cloudflare.com:443 "GET / HTTP/1.1" 204 0
10:29:52 [DEBUG] Starting new HTTPS connection (1): www.gstatic.com:443
10:29:52 [DEBUG] https://www.google.com:443 "GET /generate_204 HTTP/1.1" 204 0
10:29:52 [DEBUG] Starting new HTTPS connection (1): cp.cloudflare.com:443
10:29:52 [DEBUG] https://www.gstatic.com:443 "GET /generate_204 HTTP/1.1" 204 0
10:29:53 [DEBUG] https://dl.google.com:443 "GET /dl/android/studio/install/3.4.1.0/android-studio-ide-183.5522156-windows.exe HTTP/1.1" 200 1017327996
10:29:53 [DEBUG] https://www.gstatic.com:443 "GET /generate_204 HTTP/1.1" 204 0
10:29:53 [DEBUG] Starting new HTTPS connection (1): dl.google.com:443
10:29:53 [DEBUG] https://www.gstatic.com:443 "GET /generate_204 HTTP/1.1" 204 0
10:29:53 [DEBUG] Starting new HTTPS connection (1): www.google.com:443
10:29:53 [DEBUG] Starting new HTTPS connection (1): dl.google.com:443
10:29:53 [DEBUG] Starting new HTTPS connection (1): dl.google.com:443
10:29:53 [DEBUG] Starting new HTTPS connection (1): www.google.com:443
10:29:53 [DEBUG] https://cp.cloudflare.com:443 "GET / HTTP/1.1" 204 0
10:29:53 [DEBUG] Starting new HTTPS connection (1): www.gstatic.com:443
10:29:53 [INFO]    🎯 146.185.240.23 (Россия) - 7.2Mbps, 615ms UDP✅ Reality [m.vk.ru]
10:29:54 [DEBUG] https://dl.google.com:443 "GET /dl/android/studio/install/3.4.1.0/android-studio-ide-183.5522156-windows.exe HTTP/1.1" 200 1017327996
10:29:54 [DEBUG] https://www.gstatic.com:443 "GET /generate_204 HTTP/1.1" 204 0
10:29:54 [DEBUG] https://dl.google.com:443 "GET /dl/android/studio/install/3.4.1.0/android-studio-ide-183.5522156-windows.exe HTTP/1.1" 200 1017327996
10:29:54 [DEBUG] https://www.google.com:443 "GET /generate_204 HTTP/1.1" 204 0
10:29:54 [DEBUG] Starting new HTTPS connection (1): cp.cloudflare.com:443
10:29:54 [DEBUG] https://dl.google.com:443 "GET /dl/android/studio/install/3.4.1.0/android-studio-ide-183.5522156-windows.exe HTTP/1.1" 200 1017327996
10:29:54 [INFO]    🎯 146.185.240.23 (Россия) - 8.0Mbps, 626ms UDP✅ Reality [m.vk.ru]
10:29:54 [DEBUG] https://www.gstatic.com:443 "GET /generate_204 HTTP/1.1" 204 0
10:29:55 [DEBUG] Starting new HTTPS connection (1): www.google.com:443
10:29:55 [INFO]    🎯 84.252.136.245 (Россия) - 7.7Mbps, 633ms UDP✅ Reality [yandex.ru]
10:29:55 [INFO]    🎯 5.188.141.69 (Россия) - 0.0Mbps, 2698ms UDP❌ Reality [ads.x5.ru]
10:29:55 [INFO]    🎯 84.252.136.245 (Россия) - 6.9Mbps, 632ms UDP✅ Reality [yandex.ru]
10:29:55 [DEBUG] https://cp.cloudflare.com:443 "GET / HTTP/1.1" 204 0
10:29:55 [DEBUG] Starting new HTTPS connection (1): www.gstatic.com:443
10:29:55 [DEBUG] https://www.google.com:443 "GET /generate_204 HTTP/1.1" 204 0
10:29:55 [DEBUG] Starting new HTTPS connection (1): cp.cloudflare.com:443
10:29:55 [INFO]    🎯 185.130.115.55 (Россия) - 1.9Mbps, 2526ms UDP❌ Reality [web.max.ru]
10:29:56 [DEBUG] Starting new HTTPS connection (1): www.google.com:443
10:29:56 [DEBUG] https://cp.cloudflare.com:443 "GET / HTTP/1.1" 204 0
10:29:56 [DEBUG] Starting new HTTPS connection (1): www.gstatic.com:443
10:29:56 [DEBUG] Starting new HTTPS connection (1): dl.google.com:443
10:29:56 [DEBUG] https://www.google.com:443 "GET /generate_204 HTTP/1.1" 204 0
10:29:56 [DEBUG] Starting new HTTPS connection (1): cp.cloudflare.com:443
10:29:56 [DEBUG] https://www.gstatic.com:443 "GET /generate_204 HTTP/1.1" 204 0
10:29:56 [DEBUG] https://www.gstatic.com:443 "GET /generate_204 HTTP/1.1" 204 0
10:29:57 [DEBUG] https://cp.cloudflare.com:443 "GET / HTTP/1.1" 204 0
10:29:57 [DEBUG] Starting new HTTPS connection (1): www.gstatic.com:443
10:29:57 [DEBUG] Starting new HTTPS connection (1): dl.google.com:443
10:29:57 [DEBUG] Starting new HTTPS connection (1): dl.google.com:443
10:29:57 [DEBUG] https://www.gstatic.com:443 "GET /generate_204 HTTP/1.1" 204 0
10:29:57 [DEBUG] https://dl.google.com:443 "GET /dl/android/studio/install/3.4.1.0/android-studio-ide-183.5522156-windows.exe HTTP/1.1" 200 1017327996
10:29:58 [DEBUG] https://dl.google.com:443 "GET /dl/android/studio/install/3.4.1.0/android-studio-ide-183.5522156-windows.exe HTTP/1.1" 200 1017327996
10:29:58 [DEBUG] Starting new HTTPS connection (1): dl.google.com:443
10:29:58 [INFO]    🎯 89.169.162.214 (Россия) - 9.3Mbps, 577ms UDP✅ Reality [yandex.ru]
10:29:58 [INFO]    📊 Whitelist: 70/75 (93%) | ✅55 ❌15
10:29:58 [DEBUG] https://dl.google.com:443 "GET /dl/android/studio/install/3.4.1.0/android-studio-ide-183.5522156-windows.exe HTTP/1.1" 200 1017327996
10:29:58 [DEBUG] Starting new HTTPS connection (1): cp.cloudflare.com:443
10:29:59 [INFO]    🎯 89.169.162.214 (Россия) - 9.2Mbps, 553ms UDP✅ Reality [yandex.ru]
10:29:59 [DEBUG] Starting new HTTPS connection (1): dl.google.com:443
10:30:00 [DEBUG] https://dl.google.com:443 "GET /dl/android/studio/install/3.4.1.0/android-studio-ide-183.5522156-windows.exe HTTP/1.1" 200 1017327996
10:30:02 [DEBUG] https://dl.google.com:443 "GET /dl/android/studio/install/3.4.1.0/android-studio-ide-183.5522156-windows.exe HTTP/1.1" 200 1017327996
10:30:03 [INFO]    🎯 46.243.232.142 (Россия) - 2.1Mbps, 3791ms UDP❌ Reality [sun6-22.userapi.com]
10:30:03 [DEBUG] Starting new HTTPS connection (1): www.gstatic.com:443
10:30:48 [INFO]    🎯 87.239.110.251 (Россия) - 0.3Mbps, 1102ms UDP❌ Reality [m.vk.ru]
10:30:49 [INFO]    🎯 87.239.110.251 (Россия) - 0.2Mbps, 1099ms UDP✅ Reality [m.vk.ru]
10:30:49 [INFO] 
✅ Прошли: 79 (55 Reality), 59 WL
10:30:49 [INFO] 
══════════════════════════════════════════════════
10:30:49 [INFO] 🏆 ЭТАП 4: ФИНАЛЬНЫЙ ОТБОР
10:30:49 [INFO] ══════════════════════════════════════════════════
10:30:49 [INFO] 
📊 Пулы после фильтрации:
10:30:49 [INFO]    🎮 GAME (Reality, <150ms): 4
10:30:49 [INFO]    ⚡ UNIVERSAL: 23
10:30:49 [INFO]    🔄 WARP (Reality score≥50): 35
10:30:49 [INFO]    ⚪ WHITELIST: 59
10:30:49 [INFO] 
🎮 Выбор GAME серверов (Reality only!)...
10:30:49 [INFO]    GAME-1: 57.129.53.182 (Германия) - 37ms, 79.1Mbps, Reality✅
10:30:49 [INFO]    GAME-2: 89.169.55.246 (Германия) - 46ms, 33.6Mbps, Reality✅
10:30:49 [INFO] 
⚡ Выбор UNIVERSAL серверов (приоритет Reality)...
10:30:49 [INFO]    UNIVERSAL-1: gbr11.tcpdoor.net (XX) - 41.7Mbps Reality✅
10:30:49 [INFO]    UNIVERSAL-2: 91.84.109.124 (Нидерланды) - 38.1Mbps Reality✅
10:30:49 [INFO]    UNIVERSAL-3: 91.84.113.47 (Нидерланды) - 30.9Mbps Reality✅
10:30:49 [INFO] 
🔄 Выбор WARP серверов (Reality с высоким score)...
10:30:49 [INFO]    WARP-1: 144.31.2.154 (Польша) - score=100
10:30:49 [INFO]    WARP-2: 144.31.2.86 (Польша) - score=100
10:30:49 [INFO] 
⚪ Выбор WHITELIST серверов...
10:30:49 [INFO]    WHITELIST-1: 51.250.16.92 - 20.6Mbps
10:30:49 [INFO]    WHITELIST-2: 51.250.16.92 - 19.6Mbps
10:30:49 [INFO] 
✅ Итого: 9 серверов
10:30:49 [INFO] 📦 Резерв: 30 серверов
10:30:49 [INFO] 🛡️ Reality в финале: 9/9
10:30:49 [INFO] 🏆 THE FINAL 9 (Russia-Proof):
10:30:49 [INFO] 💾 Подписка: FL1PVPN (9 серверов)
10:30:49 [INFO] ✅ ГОТОВО за 403.3 сек
10:30:49 [INFO] 🛡️ Reality в финале: 9/9
