14:25:33 [INFO] 🚀 FL1P VPN SCANNER V120 - PREMIUM EDITION
14:25:33 [INFO]    ⏰ Запуск: 2026-02-06 17:25:33 MSK
14:25:33 [INFO]    📋 Структура: 2 GAME + 3 UNIVERSAL + 2 WARP + 2 WHITELIST
14:25:33 [INFO]    🌍 Приоритет: FI, EE, LV, LT (Tier 1)
14:25:33 [INFO] 📂 История: 6994 записей
14:25:33 [INFO] ✅ Xray: ./xray
14:25:33 [INFO] 🌍 GeoIP инициализирован
14:25:33 [INFO] 
══════════════════════════════════════════════════
14:25:33 [INFO] 📥 ЭТАП 1: СБОР КОНФИГОВ
14:25:33 [INFO] ══════════════════════════════════════════════════
14:25:33 [INFO] 📥 Сбор конфигов из всех источников...
14:25:33 [DEBUG] Starting new HTTPS connection (1): raw.githubusercontent.com:443
14:25:33 [DEBUG] Starting new HTTPS connection (1): raw.githubusercontent.com:443
14:25:33 [DEBUG] Starting new HTTPS connection (1): raw.githubusercontent.com:443
14:25:33 [DEBUG] Starting new HTTPS connection (1): raw.githubusercontent.com:443
14:25:33 [DEBUG] Starting new HTTPS connection (1): raw.githubusercontent.com:443
14:25:33 [DEBUG] Starting new HTTPS connection (1): raw.githubusercontent.com:443
14:25:33 [DEBUG] Starting new HTTPS connection (1): raw.githubusercontent.com:443
14:25:33 [DEBUG] Starting new HTTPS connection (1): raw.githubusercontent.com:443
14:25:33 [DEBUG] Starting new HTTPS connection (1): raw.githubusercontent.com:443
14:25:33 [DEBUG] Starting new HTTPS connection (1): raw.githubusercontent.com:443
14:25:33 [DEBUG] Starting new HTTPS connection (1): raw.githubusercontent.com:443
14:25:33 [DEBUG] Starting new HTTPS connection (1): raw.githubusercontent.com:443
14:25:33 [DEBUG] Starting new HTTPS connection (1): raw.githubusercontent.com:443
14:25:33 [DEBUG] Starting new HTTPS connection (1): raw.githubusercontent.com:443
14:25:33 [DEBUG] Starting new HTTPS connection (1): raw.githubusercontent.com:443
14:25:33 [DEBUG] https://raw.githubusercontent.com:443 "GET /soroushmirzaei/telegram-configs-collector/main/protocols/reality HTTP/1.1" 404 14
14:25:33 [DEBUG] Starting new HTTPS connection (1): raw.githubusercontent.com:443
14:25:33 [DEBUG] https://raw.githubusercontent.com:443 "GET /Yebekhe/TelegramV2rayCollector/main/sub/normal/reality HTTP/1.1" 404 14
14:25:33 [DEBUG] Starting new HTTPS connection (1): raw.githubusercontent.com:443
14:25:33 [DEBUG] https://raw.githubusercontent.com:443 "GET /barry-far/V2ray-Configs/main/Splitted-By-Protocol/vless.txt HTTP/1.1" 404 14
14:25:34 [DEBUG] https://raw.githubusercontent.com:443 "GET /mahdibland/V2RayAggregator/master/Eternity HTTP/1.1" 200 11840
14:25:34 [DEBUG] https://raw.githubusercontent.com:443 "GET /yebekhe/TVC/main/subscriptions/xray/reality HTTP/1.1" 404 14
14:25:34 [DEBUG] Starting new HTTPS connection (1): raw.githubusercontent.com:443
14:25:34 [DEBUG] https://raw.githubusercontent.com:443 "GET /lagzian/SS-Collector/main/realitiy_api.txt HTTP/1.1" 404 14
14:25:34 [DEBUG] Starting new HTTPS connection (1): raw.githubusercontent.com:443
14:25:34 [DEBUG] Starting new HTTPS connection (1): raw.githubusercontent.com:443
14:25:34 [DEBUG] https://raw.githubusercontent.com:443 "GET /Epodonios/v2ray-configs/main/Splitted-By-Protocol/reality.txt HTTP/1.1" 404 14
14:25:34 [DEBUG] https://raw.githubusercontent.com:443 "GET /w1770946466/Auto_proxy/main/Long_term_subscription_num HTTP/1.1" 200 48700
14:25:34 [DEBUG] https://raw.githubusercontent.com:443 "GET /Epodonios/v2ray-configs/main/Splitted-By-Protocol/vless.txt HTTP/1.1" 200 295433
14:25:34 [DEBUG] https://raw.githubusercontent.com:443 "GET /mahdibland/V2RayAggregator/master/sub/splitted/reality.txt HTTP/1.1" 404 14
14:25:34 [DEBUG] https://raw.githubusercontent.com:443 "GET /mfuu/v2ray/master/v2ray HTTP/1.1" 200 13458
14:25:34 [DEBUG] Starting new HTTPS connection (1): raw.githubusercontent.com:443
14:25:34 [DEBUG] Starting new HTTPS connection (1): raw.githubusercontent.com:443
14:25:34 [DEBUG] Starting new HTTPS connection (1): raw.githubusercontent.com:443
14:25:34 [DEBUG] https://raw.githubusercontent.com:443 "GET /NiREvil/vless/main/sub/vless HTTP/1.1" 404 14
14:25:34 [DEBUG] Starting new HTTPS connection (1): raw.githubusercontent.com:443
14:25:34 [DEBUG] Starting new HTTPS connection (1): raw.githubusercontent.com:443
14:25:34 [DEBUG] https://raw.githubusercontent.com:443 "GET /V2RayRoot/V2RayConfig/main/Config/vless.txt HTTP/1.1" 200 30334
14:25:34 [DEBUG] https://raw.githubusercontent.com:443 "GET /yebekhe/TVC/main/subscriptions/xray/vless HTTP/1.1" 404 14
14:25:34 [DEBUG] Starting new HTTPS connection (1): raw.githubusercontent.com:443
14:25:34 [DEBUG] https://raw.githubusercontent.com:443 "GET /yebekhe/TVC/main/subscriptions/xray/hysteria2 HTTP/1.1" 404 14
14:25:34 [DEBUG] Starting new HTTPS connection (1): raw.githubusercontent.com:443
14:25:34 [DEBUG]    ✅ Long_term_subscription_nu: 125
14:25:34 [DEBUG] Starting new HTTPS connection (1): raw.githubusercontent.com:443
14:25:34 [DEBUG]    ✅ vless.txt: 433
14:25:34 [DEBUG] https://raw.githubusercontent.com:443 "GET /ebrasha/free-v2ray-public-list/refs/heads/main/all_extracted_configs.txt HTTP/1.1" 200 994247
14:25:34 [DEBUG] https://raw.githubusercontent.com:443 "GET /Pawdroid/Free-servers/main/sub HTTP/1.1" 200 2435
14:25:34 [DEBUG] https://raw.githubusercontent.com:443 "GET /MrMohebi/xray-proxy-grabber-telegram/master/collected-proxies/row-url/all.txt HTTP/1.1" 200 11743
14:25:34 [DEBUG] https://raw.githubusercontent.com:443 "GET /igareck/vpn-configs-for-russia/main/Vless-Reality-White-Lists-Rus-Mobile.txt HTTP/1.1" 200 6066
14:25:34 [DEBUG] Starting new HTTPS connection (1): raw.githubusercontent.com:443
14:25:34 [DEBUG] https://raw.githubusercontent.com:443 "GET /peasoft/NoMoreWalls/master/list.txt HTTP/1.1" 200 11353
14:25:34 [DEBUG]    ✅ list.txt: 90
14:25:34 [DEBUG] Starting new HTTPS connection (1): raw.githubusercontent.com:443
14:25:34 [DEBUG]    ✅ all.txt: 141
14:25:34 [DEBUG] https://raw.githubusercontent.com:443 "GET /aiboboxx/v2rayfree/main/v2 HTTP/1.1" 404 14
14:25:34 [DEBUG] https://raw.githubusercontent.com:443 "GET /freefq/free/master/v2 HTTP/1.1" 200 3099
14:25:34 [DEBUG]    ✅ Vless-Reality-White-Lists: 124
14:25:34 [DEBUG] https://raw.githubusercontent.com:443 "GET /igareck/vpn-configs-for-russia/refs/heads/main/WHITE-CIDR-RU-all.txt HTTP/1.1" 200 31428
14:25:34 [DEBUG] https://raw.githubusercontent.com:443 "GET /Leon406/SubCrawler/master/sub/share/vless HTTP/1.1" 200 2724206
14:25:34 [DEBUG] Starting new HTTPS connection (1): raw.githubusercontent.com:443
14:25:34 [DEBUG] Starting new HTTPS connection (1): raw.githubusercontent.com:443
14:25:34 [DEBUG] Starting new HTTPS connection (1): t.me:443
14:25:34 [DEBUG] Starting new HTTPS connection (1): t.me:443
14:25:35 [DEBUG] Starting new HTTPS connection (1): t.me:443
14:25:35 [DEBUG] https://raw.githubusercontent.com:443 "GET /igareck/vpn-configs-for-russia/main/BLACK_VLESS_RUS.txt HTTP/1.1" 200 22953
14:25:35 [DEBUG] https://raw.githubusercontent.com:443 "GET /igareck/vpn-configs-for-russia/refs/heads/main/Vless-Reality-White-Lists-Rus-Mobile-2.txt HTTP/1.1" 200 5985
14:25:35 [DEBUG] https://raw.githubusercontent.com:443 "GET /igareck/vpn-configs-for-russia/main/configs/vless.txt HTTP/1.1" 404 14
14:25:35 [DEBUG] Starting new HTTPS connection (1): t.me:443
14:25:35 [DEBUG]    ✅ Vless-Reality-White-Lists: 143
14:25:35 [DEBUG] Starting new HTTPS connection (1): t.me:443
14:25:35 [DEBUG] https://raw.githubusercontent.com:443 "GET /AvenCores/goida-vpn-configs/main/configs/vless.txt HTTP/1.1" 404 14
14:25:35 [DEBUG] Starting new HTTPS connection (1): t.me:443
14:25:35 [DEBUG]    ✅ BLACK_VLESS_RUS.txt: 656
14:25:35 [DEBUG] https://t.me:443 "GET /s/reality_daily HTTP/1.1" 302 20
14:25:35 [DEBUG] https://raw.githubusercontent.com:443 "GET /ircfspace/warpsub/main/export/warp HTTP/1.1" 200 363
14:25:35 [DEBUG]    ✅ warp: 5
14:25:35 [DEBUG] Starting new HTTPS connection (1): t.me:443
14:25:35 [DEBUG] Starting new HTTPS connection (1): t.me:443
14:25:35 [DEBUG] https://t.me:443 "GET /reality_daily HTTP/1.1" 200 3656
14:25:35 [DEBUG] https://t.me:443 "GET /s/PrivateVPNs HTTP/1.1" 200 9538
14:25:35 [DEBUG] Starting new HTTPS connection (1): t.me:443
14:25:35 [DEBUG] Starting new HTTPS connection (1): t.me:443
14:25:35 [DEBUG] https://raw.githubusercontent.com:443 "GET /STARTER-X-0/STARTER-X-VPN/refs/heads/main/RU-WHITE-LIST HTTP/1.1" 404 14
14:25:35 [DEBUG] https://t.me:443 "GET /s/iSegaro HTTP/1.1" 200 18619
14:25:35 [DEBUG] https://raw.githubusercontent.com:443 "GET /NiREvil/vless/main/sub/warp HTTP/1.1" 404 14
14:25:35 [DEBUG] Starting new HTTPS connection (1): t.me:443
14:25:35 [DEBUG] https://raw.githubusercontent.com:443 "GET /yebekhe/TVC/main/subscriptions/xray/warp HTTP/1.1" 404 14
14:25:35 [DEBUG] Starting new HTTPS connection (1): t.me:443
14:25:35 [DEBUG] Starting new HTTPS connection (1): t.me:443
14:25:35 [DEBUG] Starting new HTTPS connection (1): t.me:443
14:25:35 [DEBUG]    ✅ vless.txt: 2372
14:25:35 [DEBUG] Starting new HTTPS connection (1): t.me:443
14:25:35 [DEBUG]    ✅ WHITE-CIDR-RU-all.txt: 1174
14:25:36 [DEBUG] https://t.me:443 "GET /s/RealityVpnChannel HTTP/1.1" 302 20
14:25:36 [DEBUG] Starting new HTTPS connection (1): t.me:443
14:25:36 [DEBUG] https://t.me:443 "GET /RealityVpnChannel HTTP/1.1" 200 3662
14:25:36 [DEBUG] Starting new HTTPS connection (1): t.me:443
14:25:36 [DEBUG] https://t.me:443 "GET /s/proxy_mtm HTTP/1.1" 302 20
14:25:36 [DEBUG] https://t.me:443 "GET /proxy_mtm HTTP/1.1" 200 3652
14:25:36 [DEBUG] Starting new HTTPS connection (1): t.me:443
14:25:36 [DEBUG] https://t.me:443 "GET /s/DirectVPN HTTP/1.1" 200 9201
14:25:36 [DEBUG] https://t.me:443 "GET /s/ConfigsHUB HTTP/1.1" 200 11183
14:25:36 [DEBUG] https://t.me:443 "GET /s/VlessConfig HTTP/1.1" 200 9305
14:25:36 [DEBUG] https://t.me:443 "GET /s/v2ray_outlineir HTTP/1.1" 200 10138
14:25:36 [DEBUG] Starting new HTTPS connection (1): t.me:443
14:25:36 [DEBUG] Starting new HTTPS connection (1): t.me:443
14:25:36 [DEBUG]    📱 VlessConfig: 18
14:25:36 [DEBUG] https://t.me:443 "GET /s/FarahVPN HTTP/1.1" 200 9940
14:25:36 [DEBUG] https://t.me:443 "GET /s/v2ray_configs_pool HTTP/1.1" 200 9442
14:25:36 [DEBUG]    📱 FarahVPN: 7
14:25:36 [DEBUG] https://t.me:443 "GET /s/customv2ray HTTP/1.1" 200 15546
14:25:36 [DEBUG] https://t.me:443 "GET /s/v2rayng_vpn HTTP/1.1" 200 15544
14:25:36 [DEBUG] Starting new HTTPS connection (1): t.me:443
14:25:36 [DEBUG]    📱 v2ray_outlineir: 11
14:25:36 [DEBUG]    📱 customv2ray: 18
14:25:36 [DEBUG] Starting new HTTPS connection (1): t.me:443
14:25:36 [DEBUG] Starting new HTTPS connection (1): api.github.com:443
14:25:36 [DEBUG] Starting new HTTPS connection (1): t.me:443
14:25:36 [DEBUG] Starting new HTTPS connection (1): t.me:443
14:25:36 [DEBUG] https://t.me:443 "GET /s/v2ray_alpha HTTP/1.1" 200 18922
14:25:36 [DEBUG] https://t.me:443 "GET /s/freev2rayssr HTTP/1.1" 200 22269
14:25:36 [DEBUG] https://t.me:443 "GET /s/v2ray1_ng HTTP/1.1" 200 16716
14:25:36 [DEBUG]    📱 freev2rayssr: 70
14:25:37 [DEBUG]    📱 v2ray_alpha: 56
14:25:37 [DEBUG]    📱 v2ray1_ng: 9
14:25:36 [DEBUG] Starting new HTTPS connection (1): api.github.com:443
14:25:37 [DEBUG] Starting new HTTPS connection (1): api.github.com:443
14:25:37 [DEBUG] Starting new HTTPS connection (1): api.github.com:443
14:25:37 [DEBUG] Starting new HTTPS connection (1): api.github.com:443
14:25:37 [DEBUG] https://t.me:443 "GET /s/ShadowProxy66 HTTP/1.1" 200 15448
14:25:37 [DEBUG] https://t.me:443 "GET /s/Proxy_PJ HTTP/1.1" 200 6973
14:25:37 [DEBUG] https://t.me:443 "GET /s/SafeNet_Server HTTP/1.1" 200 10452
14:25:37 [DEBUG] https://t.me:443 "GET /s/V2RayTz HTTP/1.1" 200 6128
14:25:37 [DEBUG] https://t.me:443 "GET /s/VmessProtocol HTTP/1.1" 200 13312
14:25:37 [DEBUG] https://t.me:443 "GET /s/VpnProSec HTTP/1.1" 200 6796
14:25:37 [DEBUG] https://t.me:443 "GET /s/Awlix_ir HTTP/1.1" 200 11573
14:25:37 [DEBUG]    📱 Awlix_ir: 1
14:25:37 [DEBUG] https://t.me:443 "GET /s/ServerNett HTTP/1.1" 200 None
14:25:37 [DEBUG] https://api.github.com:443 "GET /repos/barry-far/V2ray-Configs/issues?state=all&per_page=10 HTTP/1.1" 403 136
14:25:37 [DEBUG] https://api.github.com:443 "GET /repos/yebekhe/TelegramV2rayCollector/issues?state=all&per_page=10 HTTP/1.1" 404 125
14:25:38 [DEBUG] https://api.github.com:443 "GET /repos/NiREvil/vless/issues?state=all&per_page=10 HTTP/1.1" 200 None
14:25:38 [DEBUG] https://api.github.com:443 "GET /repos/Pawdroid/Free-servers/issues?state=all&per_page=10 HTTP/1.1" 200 1632
14:25:38 [DEBUG] https://api.github.com:443 "GET /repos/mahdibland/V2RayAggregator/issues?state=all&per_page=10 HTTP/1.1" 200 None
14:25:38 [DEBUG]    ✅ all_extracted_configs.txt: 11043
14:25:39 [DEBUG]    ✅ vless: 21399
14:25:39 [INFO] 
📊 Источники:
14:25:39 [INFO]    🛡️ Reality: 0 | 🥇 Premium: 2930
14:25:39 [INFO]    📦 General: 32673 | 📱 Telegram: 190
14:25:39 [INFO]    🇷🇺 Whitelist: 2097 | ☁️ WARP: 5
14:25:39 [INFO]    🐙 GitHub: 0
14:25:39 [INFO]    ═══════════════════════════
14:25:39 [INFO]    📈 Всего: 35793 глобальных (2920 Reality)
14:25:39 [INFO]    🇷🇺 Whitelist: 2097 | ☁️ WARP: 5
14:25:39 [INFO] 
🔍 Уникальных: 18220 глобальных, 607 whitelist
14:25:39 [INFO] 
══════════════════════════════════════════════════
14:25:39 [INFO] ⚡ ЭТАП 2: TCP ПРОВЕРКА
14:25:39 [INFO] ══════════════════════════════════════════════════
14:25:44 [INFO]    📊 Глобальные: 1822/18220 (10%) | ✅1091 ❌731
14:25:50 [INFO]    📊 Глобальные: 3644/18220 (20%) | ✅1824 ❌1820
14:25:57 [INFO]    📊 Глобальные: 5466/18220 (30%) | ✅2497 ❌2969
14:26:01 [INFO]    📊 Глобальные: 7288/18220 (40%) | ✅3680 ❌3608
14:26:02 [INFO]    📊 Глобальные: 9110/18220 (50%) | ✅5465 ❌3645
14:26:07 [INFO]    📊 Глобальные: 10932/18220 (60%) | ✅6912 ❌4020
14:26:16 [INFO]    📊 Глобальные: 12754/18220 (70%) | ✅7841 ❌4913
14:26:36 [INFO]    📊 Глобальные: 14576/18220 (80%) | ✅9230 ❌5346
14:27:01 [INFO]    📊 Глобальные: 16398/18220 (90%) | ✅9964 ❌6434
14:27:39 [INFO]    📊 Глобальные: 18220/18220 (100%) | ✅10439 ❌7781
14:27:39 [INFO]    📊 Whitelist: 60/607 (10%) | ✅17 ❌43
14:27:39 [INFO]    📊 Whitelist: 120/607 (20%) | ✅17 ❌103
14:27:39 [INFO]    📊 Whitelist: 180/607 (30%) | ✅17 ❌163
14:27:39 [INFO]    📊 Whitelist: 240/607 (40%) | ✅17 ❌223
14:27:39 [INFO]    📊 Whitelist: 300/607 (49%) | ✅17 ❌283
14:27:39 [INFO]    📊 Whitelist: 360/607 (59%) | ✅17 ❌343
14:27:39 [INFO]    📊 Whitelist: 420/607 (69%) | ✅17 ❌403
14:27:39 [INFO]    📊 Whitelist: 480/607 (79%) | ✅17 ❌463
14:27:39 [INFO]    📊 Whitelist: 540/607 (89%) | ✅19 ❌521
14:27:40 [INFO]    📊 Whitelist: 600/607 (99%) | ✅28 ❌572
14:27:40 [INFO] 
✅ Живых: 10439 глобальных (678 Reality), 28 whitelist
14:27:40 [INFO] 
📊 Топ стран:
14:27:40 [INFO]    🇽🇽 XX (XX): 7796 [Tier 5]
14:27:40 [INFO]    🇩🇪 DE (Германия): 475 [Tier 3]
14:27:40 [INFO]    🇳🇱 NL (Нидерланды): 410 [Tier 3]
14:27:40 [INFO]    🇫🇷 FR (Франция): 167 [Tier 4]
14:27:40 [INFO]    🇬🇧 GB (Британия): 159 [Tier 4]
14:27:40 [INFO]    🇸🇬 SG (Сингапур): 124 [Tier 5]
14:27:40 [INFO]    🇸🇪 SE (Швеция): 100 [Tier 2]
14:27:40 [INFO]    🇰🇿 KZ (Казахстан): 99 [Tier 5]
14:27:40 [INFO] 
══════════════════════════════════════════════════
14:27:40 [INFO] 🧪 ЭТАП 3: ГЛУБОКАЯ ПРОВЕРКА
14:27:40 [INFO] ══════════════════════════════════════════════════
14:27:41 [INFO]    🌍 Глобальных к проверке: 400
14:27:41 [INFO]    🇷🇺 Whitelist к проверке: 28
14:27:42 [DEBUG] Starting new HTTPS connection (1): www.google.com:443
14:27:42 [DEBUG] Starting new HTTPS connection (1): www.google.com:443
14:27:42 [DEBUG] Starting new HTTPS connection (1): www.google.com:443
14:27:42 [DEBUG] Starting new HTTPS connection (1): www.google.com:443
14:27:42 [DEBUG] Starting new HTTPS connection (1): www.google.com:443
14:27:42 [DEBUG] Starting new HTTPS connection (1): www.google.com:443
14:27:42 [DEBUG] Starting new HTTPS connection (1): cp.cloudflare.com:443
14:27:42 [DEBUG] Starting new HTTPS connection (1): www.google.com:443
14:27:42 [DEBUG] Starting new HTTPS connection (1): www.google.com:443
14:27:42 [DEBUG] Starting new HTTPS connection (1): www.google.com:443
14:27:42 [DEBUG] Starting new HTTPS connection (1): www.google.com:443
14:27:42 [DEBUG] Starting new HTTPS connection (1): cp.cloudflare.com:443
14:27:43 [DEBUG] Starting new HTTPS connection (1): www.gstatic.com:443
14:27:43 [DEBUG] Starting new HTTPS connection (1): cp.cloudflare.com:443
14:27:43 [DEBUG] Starting new HTTPS connection (1): cp.cloudflare.com:443
14:27:43 [DEBUG] Starting new HTTPS connection (1): cp.cloudflare.com:443
14:27:43 [DEBUG] Starting new HTTPS connection (1): www.gstatic.com:443
14:27:44 [DEBUG] Starting new HTTPS connection (1): www.gstatic.com:443
14:27:44 [DEBUG] https://www.gstatic.com:443 "GET /generate_204 HTTP/1.1" 204 0
14:27:44 [DEBUG] Starting new HTTPS connection (1): www.google.com:443
14:27:44 [DEBUG] Starting new HTTPS connection (1): cp.cloudflare.com:443
14:27:44 [DEBUG] Starting new HTTPS connection (1): www.gstatic.com:443
14:27:45 [DEBUG] Starting new HTTPS connection (1): cp.cloudflare.com:443
14:27:45 [DEBUG] Starting new HTTPS connection (1): www.google.com:443
14:27:45 [DEBUG] Starting new HTTPS connection (1): www.gstatic.com:443
14:27:45 [DEBUG] Starting new HTTPS connection (1): www.google.com:443
14:27:45 [DEBUG] Starting new HTTPS connection (1): cp.cloudflare.com:443
14:27:46 [DEBUG] Error connecting to SOCKS5 proxy 127.0.0.1:46423 due to: timed out
14:27:46 [DEBUG] Starting new HTTPS connection (1): cp.cloudflare.com:443
14:27:46 [DEBUG] Starting new HTTPS connection (1): www.gstatic.com:443
14:27:46 [DEBUG] Starting new HTTPS connection (1): www.gstatic.com:443
14:27:46 [DEBUG] Starting new HTTPS connection (1): cp.cloudflare.com:443
14:27:46 [DEBUG] Starting new HTTPS connection (1): www.google.com:443
14:27:46 [DEBUG] Starting new HTTPS connection (1): www.gstatic.com:443
14:27:46 [DEBUG] Starting new HTTPS connection (1): www.google.com:443
14:27:47 [DEBUG] Starting new HTTPS connection (1): cp.cloudflare.com:443
14:27:47 [DEBUG] Starting new HTTPS connection (1): cp.cloudflare.com:443
14:27:47 [DEBUG] Starting new HTTPS connection (1): www.gstatic.com:443
14:27:47 [DEBUG] Starting new HTTPS connection (1): www.gstatic.com:443
14:27:47 [DEBUG] Starting new HTTPS connection (1): www.google.com:443
14:27:47 [DEBUG] Starting new HTTPS connection (1): www.gstatic.com:443
14:27:47 [DEBUG] https://www.google.com:443 "GET /generate_204 HTTP/1.1" 204 0
14:27:47 [DEBUG] Starting new HTTPS connection (1): cp.cloudflare.com:443
14:27:47 [DEBUG] Starting new HTTPS connection (1): cp.cloudflare.com:443
14:27:47 [DEBUG] https://cp.cloudflare.com:443 "GET / HTTP/1.1" 204 0
14:27:47 [DEBUG] Starting new HTTPS connection (1): www.gstatic.com:443
14:27:47 [DEBUG] Starting new HTTPS connection (1): www.google.com:443
14:27:47 [DEBUG] https://www.gstatic.com:443 "GET /generate_204 HTTP/1.1" 204 0
14:27:47 [DEBUG] Starting new HTTPS connection (1): cp.cloudflare.com:443
14:27:47 [DEBUG] Starting new HTTPS connection (1): dl.google.com:443
14:27:47 [DEBUG] Starting new HTTPS connection (1): www.gstatic.com:443
14:27:48 [DEBUG] https://dl.google.com:443 "GET /dl/android/studio/install/3.4.1.0/android-studio-ide-183.5522156-windows.exe HTTP/1.1" 404 1449
14:27:48 [INFO]    🎯 65.108.108.151 (Финляндия) - 0.0Mbps, 1932ms UDP✅ 🛡️
14:27:48 [DEBUG] Starting new HTTPS connection (1): www.google.com:443
14:27:48 [DEBUG] Starting new HTTPS connection (1): www.google.com:443
14:27:48 [DEBUG] Starting new HTTPS connection (1): cp.cloudflare.com:443
14:27:48 [DEBUG] Starting new HTTPS connection (1): cp.cloudflare.com:443
14:27:48 [DEBUG] Starting new HTTPS connection (1): www.gstatic.com:443
14:27:48 [DEBUG] Starting new HTTPS connection (1): www.gstatic.com:443
14:27:48 [DEBUG] Starting new HTTPS connection (1): www.gstatic.com:443
14:27:49 [DEBUG] Starting new HTTPS connection (1): www.google.com:443
14:27:49 [DEBUG] Starting new HTTPS connection (1): www.google.com:443
14:27:49 [DEBUG] Starting new HTTPS connection (1): www.google.com:443
14:27:49 [DEBUG] Starting new HTTPS connection (1): www.google.com:443
14:27:49 [DEBUG] Starting new HTTPS connection (1): cp.cloudflare.com:443
14:27:49 [DEBUG] Starting new HTTPS connection (1): cp.cloudflare.com:443
14:27:49 [DEBUG] Starting new HTTPS connection (1): www.gstatic.com:443
14:27:49 [DEBUG] Starting new HTTPS connection (1): www.gstatic.com:443
14:27:49 [DEBUG] Starting new HTTPS connection (1): www.google.com:443
14:27:50 [DEBUG] Starting new HTTPS connection (1): www.google.com:443
14:27:50 [DEBUG] Starting new HTTPS connection (1): cp.cloudflare.com:443
14:27:50 [DEBUG] Starting new HTTPS connection (1): cp.cloudflare.com:443
14:27:50 [DEBUG] Starting new HTTPS connection (1): www.gstatic.com:443
14:27:50 [DEBUG] Starting new HTTPS connection (1): www.gstatic.com:443
14:27:50 [DEBUG] Starting new HTTPS connection (1): cp.cloudflare.com:443
14:27:50 [DEBUG] Starting new HTTPS connection (1): www.gstatic.com:443
14:27:50 [DEBUG] https://www.google.com:443 "GET /generate_204 HTTP/1.1" 204 0
14:27:50 [DEBUG] Starting new HTTPS connection (1): cp.cloudflare.com:443
14:27:50 [DEBUG] Starting new HTTPS connection (1): cp.cloudflare.com:443
14:27:50 [DEBUG] Starting new HTTPS connection (1): cp.cloudflare.com:443
14:27:50 [DEBUG] Starting new HTTPS connection (1): www.google.com:443
14:27:50 [DEBUG] Starting new HTTPS connection (1): cp.cloudflare.com:443
14:27:50 [DEBUG] Starting new HTTPS connection (1): www.google.com:443
14:27:50 [DEBUG] Starting new HTTPS connection (1): www.gstatic.com:443
14:27:50 [DEBUG] Starting new HTTPS connection (1): www.google.com:443
14:27:51 [DEBUG] Starting new HTTPS connection (1): www.gstatic.com:443
14:27:51 [DEBUG] Starting new HTTPS connection (1): cp.cloudflare.com:443
14:27:51 [DEBUG] Starting new HTTPS connection (1): www.gstatic.com:443
14:27:51 [DEBUG] https://cp.cloudflare.com:443 "GET / HTTP/1.1" 204 0
14:27:51 [DEBUG] Starting new HTTPS connection (1): www.gstatic.com:443
14:27:51 [DEBUG] Starting new HTTPS connection (1): www.google.com:443
14:27:51 [DEBUG] Starting new HTTPS connection (1): www.google.com:443
14:27:51 [DEBUG] Starting new HTTPS connection (1): cp.cloudflare.com:443
14:27:51 [DEBUG] Starting new HTTPS connection (1): www.google.com:443
14:27:51 [DEBUG] Starting new HTTPS connection (1): cp.cloudflare.com:443
14:27:51 [DEBUG] Starting new HTTPS connection (1): www.gstatic.com:443
14:27:51 [DEBUG] Starting new HTTPS connection (1): www.gstatic.com:443
14:27:51 [DEBUG] Starting new HTTPS connection (1): cp.cloudflare.com:443
14:27:52 [DEBUG] Starting new HTTPS connection (1): www.google.com:443
14:27:52 [DEBUG] Starting new HTTPS connection (1): cp.cloudflare.com:443
14:27:52 [DEBUG] https://www.gstatic.com:443 "GET /generate_204 HTTP/1.1" 204 0
14:27:52 [DEBUG] Starting new HTTPS connection (1): www.google.com:443
14:27:52 [DEBUG] Starting new HTTPS connection (1): www.gstatic.com:443
14:27:52 [DEBUG] Starting new HTTPS connection (1): dl.google.com:443
14:27:52 [DEBUG] Starting new HTTPS connection (1): cp.cloudflare.com:443
14:27:52 [DEBUG] Starting new HTTPS connection (1): www.gstatic.com:443
14:27:52 [DEBUG] Starting new HTTPS connection (1): www.gstatic.com:443
14:27:52 [DEBUG] Starting new HTTPS connection (1): www.google.com:443
14:27:52 [DEBUG] https://dl.google.com:443 "GET /dl/android/studio/install/3.4.1.0/android-studio-ide-183.5522156-windows.exe HTTP/1.1" 200 1017327996
14:27:52 [DEBUG] Starting new HTTPS connection (1): www.google.com:443
14:27:52 [DEBUG] Starting new HTTPS connection (1): cp.cloudflare.com:443
14:27:52 [DEBUG] Starting new HTTPS connection (1): cp.cloudflare.com:443
14:27:52 [DEBUG] Starting new HTTPS connection (1): www.gstatic.com:443
14:27:53 [DEBUG] Starting new HTTPS connection (1): www.gstatic.com:443
14:27:53 [DEBUG] Starting new HTTPS connection (1): www.google.com:443
14:27:53 [DEBUG] Starting new HTTPS connection (1): www.google.com:443
14:27:53 [DEBUG] Starting new HTTPS connection (1): cp.cloudflare.com:443
14:27:53 [DEBUG] Starting new HTTPS connection (1): cp.cloudflare.com:443
14:27:53 [DEBUG] Starting new HTTPS connection (1): cp.cloudflare.com:443
14:27:54 [DEBUG] Starting new HTTPS connection (1): www.gstatic.com:443
14:27:54 [DEBUG] Starting new HTTPS connection (1): www.gstatic.com:443
14:27:54 [DEBUG] Starting new HTTPS connection (1): www.google.com:443
14:27:54 [DEBUG] Starting new HTTPS connection (1): www.gstatic.com:443
14:27:54 [DEBUG] Starting new HTTPS connection (1): www.google.com:443
14:27:54 [DEBUG] Starting new HTTPS connection (1): cp.cloudflare.com:443
14:27:54 [DEBUG] Starting new HTTPS connection (1): cp.cloudflare.com:443
14:27:54 [DEBUG] Starting new HTTPS connection (1): www.gstatic.com:443
14:27:54 [DEBUG] Starting new HTTPS connection (1): www.gstatic.com:443
14:27:54 [DEBUG] Starting new HTTPS connection (1): www.google.com:443
14:27:54 [DEBUG] Starting new HTTPS connection (1): www.gstatic.com:443
14:27:54 [DEBUG] Starting new HTTPS connection (1): www.gstatic.com:443
14:27:54 [DEBUG] Starting new HTTPS connection (1): www.google.com:443
14:27:55 [DEBUG] Starting new HTTPS connection (1): www.google.com:443
14:27:55 [DEBUG] Starting new HTTPS connection (1): www.google.com:443
14:27:55 [DEBUG] Starting new HTTPS connection (1): www.google.com:443
14:27:55 [DEBUG] Starting new HTTPS connection (1): www.google.com:443
14:27:56 [DEBUG] Starting new HTTPS connection (1): www.google.com:443
14:27:56 [DEBUG] Starting new HTTPS connection (1): cp.cloudflare.com:443
14:27:56 [DEBUG] Starting new HTTPS connection (1): www.gstatic.com:443
14:27:56 [DEBUG] Starting new HTTPS connection (1): cp.cloudflare.com:443
14:27:56 [DEBUG] Starting new HTTPS connection (1): www.gstatic.com:443
14:27:56 [DEBUG] Starting new HTTPS connection (1): www.google.com:443
14:27:56 [DEBUG] Starting new HTTPS connection (1): cp.cloudflare.com:443
14:27:57 [DEBUG] Starting new HTTPS connection (1): www.google.com:443
14:27:57 [INFO]    🎯 38.244.137.198 (Финляндия) - 2.6Mbps, 1077ms UDP✅ 🛡️
14:27:57 [DEBUG] Starting new HTTPS connection (1): cp.cloudflare.com:443
14:27:57 [DEBUG] Starting new HTTPS connection (1): cp.cloudflare.com:443
14:27:58 [DEBUG] Starting new HTTPS connection (1): cp.cloudflare.com:443
14:27:58 [DEBUG] Starting new HTTPS connection (1): www.google.com:443
14:27:58 [INFO]    📊 Глобальные: 40/400 (10%) | ✅2 ❌38
14:27:58 [DEBUG] https://www.google.com:443 "GET /generate_204 HTTP/1.1" 204 0
14:27:58 [DEBUG] Starting new HTTPS connection (1): cp.cloudflare.com:443
14:27:58 [DEBUG] https://cp.cloudflare.com:443 "GET / HTTP/1.1" 204 0
14:27:58 [DEBUG] Starting new HTTPS connection (1): www.gstatic.com:443
14:27:58 [DEBUG] https://www.gstatic.com:443 "GET /generate_204 HTTP/1.1" 204 0
14:27:59 [DEBUG] Starting new HTTPS connection (1): dl.google.com:443
14:27:59 [DEBUG] https://dl.google.com:443 "GET /dl/android/studio/install/3.4.1.0/android-studio-ide-183.5522156-windows.exe HTTP/1.1" 200 1017327996
14:27:59 [INFO]    🎯 144.31.2.86 (Польша) - 33.8Mbps, 157ms UDP✅ 🛡️
14:27:59 [DEBUG] Starting new HTTPS connection (1): cp.cloudflare.com:443
14:27:59 [DEBUG] Starting new HTTPS connection (1): www.google.com:443
14:27:59 [DEBUG] Starting new HTTPS connection (1): cp.cloudflare.com:443
14:27:59 [DEBUG] Starting new HTTPS connection (1): www.gstatic.com:443
14:28:00 [DEBUG] Starting new HTTPS connection (1): www.gstatic.com:443
14:28:00 [DEBUG] Starting new HTTPS connection (1): www.gstatic.com:443
14:28:00 [DEBUG] Starting new HTTPS connection (1): www.google.com:443
14:28:00 [DEBUG] Starting new HTTPS connection (1): cp.cloudflare.com:443
14:28:00 [DEBUG] Starting new HTTPS connection (1): www.gstatic.com:443
14:28:00 [DEBUG] Starting new HTTPS connection (1): cp.cloudflare.com:443
14:28:00 [DEBUG] Starting new HTTPS connection (1): www.gstatic.com:443
14:28:00 [DEBUG] Starting new HTTPS connection (1): www.google.com:443
14:28:01 [DEBUG] https://www.google.com:443 "GET /generate_204 HTTP/1.1" 204 0
14:28:01 [DEBUG] Starting new HTTPS connection (1): cp.cloudflare.com:443
14:28:01 [DEBUG] https://cp.cloudflare.com:443 "GET / HTTP/1.1" 204 0
14:28:01 [DEBUG] Starting new HTTPS connection (1): www.gstatic.com:443
14:28:01 [DEBUG] Starting new HTTPS connection (1): cp.cloudflare.com:443
14:28:01 [DEBUG] https://www.gstatic.com:443 "GET /generate_204 HTTP/1.1" 204 0
14:28:01 [DEBUG] Starting new HTTPS connection (1): www.google.com:443
14:28:01 [DEBUG] Starting new HTTPS connection (1): dl.google.com:443
14:28:01 [DEBUG] Starting new HTTPS connection (1): cp.cloudflare.com:443
14:28:01 [DEBUG] Starting new HTTPS connection (1): www.gstatic.com:443
14:28:01 [DEBUG] Starting new HTTPS connection (1): www.google.com:443
14:28:01 [DEBUG] Starting new HTTPS connection (1): www.google.com:443
14:28:01 [DEBUG] Starting new HTTPS connection (1): cp.cloudflare.com:443
14:28:02 [DEBUG] https://dl.google.com:443 "GET /dl/android/studio/install/3.4.1.0/android-studio-ide-183.5522156-windows.exe HTTP/1.1" 200 1017327996
14:28:02 [DEBUG] Starting new HTTPS connection (1): cp.cloudflare.com:443
14:28:02 [DEBUG] Starting new HTTPS connection (1): www.gstatic.com:443
14:28:02 [DEBUG] Starting new HTTPS connection (1): www.gstatic.com:443
14:28:02 [INFO]    🎯 144.31.0.58 (Польша) - 18.3Mbps, 180ms UDP✅ 🛡️
14:28:02 [DEBUG] Starting new HTTPS connection (1): www.gstatic.com:443
14:28:02 [DEBUG] Starting new HTTPS connection (1): www.google.com:443
14:28:02 [DEBUG] Starting new HTTPS connection (1): cp.cloudflare.com:443
14:28:02 [DEBUG] Starting new HTTPS connection (1): www.gstatic.com:443
14:28:03 [DEBUG] Starting new HTTPS connection (1): www.google.com:443
14:28:03 [DEBUG] Starting new HTTPS connection (1): www.google.com:443
14:28:03 [DEBUG] Starting new HTTPS connection (1): www.google.com:443
14:28:03 [DEBUG] https://www.google.com:443 "GET /generate_204 HTTP/1.1" 204 0
14:28:03 [DEBUG] Starting new HTTPS connection (1): cp.cloudflare.com:443
14:28:03 [DEBUG] Starting new HTTPS connection (1): www.gstatic.com:443
14:28:03 [DEBUG] https://cp.cloudflare.com:443 "GET / HTTP/1.1" 204 0
14:28:03 [DEBUG] Starting new HTTPS connection (1): www.gstatic.com:443
14:28:03 [DEBUG] Starting new HTTPS connection (1): www.google.com:443
14:28:03 [DEBUG] https://www.gstatic.com:443 "GET /generate_204 HTTP/1.1" 204 0
14:28:03 [DEBUG] Starting new HTTPS connection (1): dl.google.com:443
14:28:03 [DEBUG] https://dl.google.com:443 "GET /dl/android/studio/install/3.4.1.0/android-studio-ide-183.5522156-windows.exe HTTP/1.1" 200 1017327996
14:28:04 [DEBUG] Starting new HTTPS connection (1): www.google.com:443
14:28:04 [DEBUG] Starting new HTTPS connection (1): www.google.com:443
14:28:04 [DEBUG] Starting new HTTPS connection (1): cp.cloudflare.com:443
14:28:04 [INFO]    🎯 144.31.3.167 (Польша) - 36.4Mbps, 156ms UDP✅ 🛡️
14:28:04 [DEBUG] Starting new HTTPS connection (1): www.gstatic.com:443
14:28:04 [DEBUG] https://www.google.com:443 "GET /generate_204 HTTP/1.1" 204 0
14:28:04 [DEBUG] Starting new HTTPS connection (1): cp.cloudflare.com:443
14:28:04 [DEBUG] https://www.google.com:443 "GET /generate_204 HTTP/1.1" 204 0
14:28:04 [DEBUG] Starting new HTTPS connection (1): cp.cloudflare.com:443
14:28:04 [DEBUG] https://cp.cloudflare.com:443 "GET / HTTP/1.1" 204 0
14:28:04 [DEBUG] Starting new HTTPS connection (1): www.gstatic.com:443
14:28:04 [DEBUG] Starting new HTTPS connection (1): www.gstatic.com:443
14:28:04 [DEBUG] https://cp.cloudflare.com:443 "GET / HTTP/1.1" 204 0
14:28:04 [DEBUG] Starting new HTTPS connection (1): www.gstatic.com:443
14:28:04 [DEBUG] https://www.gstatic.com:443 "GET /generate_204 HTTP/1.1" 204 0
14:28:04 [DEBUG] Starting new HTTPS connection (1): dl.google.com:443
14:28:05 [DEBUG] Starting new HTTPS connection (1): www.google.com:443
14:28:05 [DEBUG] https://www.gstatic.com:443 "GET /generate_204 HTTP/1.1" 204 0
14:28:05 [DEBUG] Starting new HTTPS connection (1): cp.cloudflare.com:443
14:28:05 [DEBUG] Starting new HTTPS connection (1): www.gstatic.com:443
14:28:05 [DEBUG] Starting new HTTPS connection (1): www.gstatic.com:443
14:28:05 [DEBUG] Starting new HTTPS connection (1): dl.google.com:443
14:28:05 [DEBUG] Starting new HTTPS connection (1): www.google.com:443
14:28:05 [DEBUG] Starting new HTTPS connection (1): cp.cloudflare.com:443
14:28:05 [DEBUG] Starting new HTTPS connection (1): cp.cloudflare.com:443
14:28:05 [DEBUG] Starting new HTTPS connection (1): cp.cloudflare.com:443
14:28:05 [DEBUG] Starting new HTTPS connection (1): www.gstatic.com:443
14:28:06 [DEBUG] https://dl.google.com:443 "GET /dl/android/studio/install/3.4.1.0/android-studio-ide-183.5522156-windows.exe HTTP/1.1" 404 1449
14:28:06 [INFO]    🎯 2.56.125.209 (Польша) - 0.0Mbps, 514ms UDP✅ 🛡️
14:28:06 [DEBUG] Starting new HTTPS connection (1): www.google.com:443
14:28:06 [DEBUG] Starting new HTTPS connection (1): www.google.com:443
14:28:07 [DEBUG] Starting new HTTPS connection (1): www.google.com:443
14:28:07 [DEBUG] Starting new HTTPS connection (1): cp.cloudflare.com:443
14:28:07 [DEBUG] Starting new HTTPS connection (1): cp.cloudflare.com:443
14:28:07 [DEBUG] Starting new HTTPS connection (1): www.gstatic.com:443
14:28:07 [DEBUG] Starting new HTTPS connection (1): www.gstatic.com:443
14:28:07 [DEBUG] Starting new HTTPS connection (1): www.google.com:443
14:28:08 [DEBUG] Starting new HTTPS connection (1): www.gstatic.com:443
14:28:08 [DEBUG] Starting new HTTPS connection (1): www.gstatic.com:443
14:28:08 [DEBUG] Starting new HTTPS connection (1): www.google.com:443
14:28:08 [DEBUG] Starting new HTTPS connection (1): www.google.com:443
14:28:08 [DEBUG] Starting new HTTPS connection (1): cp.cloudflare.com:443
14:28:08 [DEBUG] Starting new HTTPS connection (1): www.google.com:443
14:28:08 [DEBUG] Starting new HTTPS connection (1): cp.cloudflare.com:443
14:28:08 [DEBUG] Starting new HTTPS connection (1): www.gstatic.com:443
14:28:09 [DEBUG] https://dl.google.com:443 "GET /dl/android/studio/install/3.4.1.0/android-studio-ide-183.5522156-windows.exe HTTP/1.1" 200 1017327996
14:28:09 [DEBUG] Starting new HTTPS connection (1): cp.cloudflare.com:443
14:28:09 [INFO]    🎯 151.115.96.243 (Польша) - 2.9Mbps, 259ms UDP✅ 🛡️
14:28:09 [DEBUG] Starting new HTTPS connection (1): www.google.com:443
14:28:09 [DEBUG] Starting new HTTPS connection (1): cp.cloudflare.com:443
14:28:09 [DEBUG] Starting new HTTPS connection (1): www.google.com:443
14:28:09 [DEBUG] Starting new HTTPS connection (1): cp.cloudflare.com:443
14:28:09 [DEBUG] Starting new HTTPS connection (1): www.gstatic.com:443
14:28:10 [DEBUG] Starting new HTTPS connection (1): www.gstatic.com:443
14:28:10 [DEBUG] Starting new HTTPS connection (1): www.google.com:443
14:28:10 [DEBUG] https://www.google.com:443 "GET /generate_204 HTTP/1.1" 204 0
14:28:10 [DEBUG] Starting new HTTPS connection (1): cp.cloudflare.com:443
14:28:10 [DEBUG] Starting new HTTPS connection (1): www.google.com:443
14:28:10 [DEBUG] https://cp.cloudflare.com:443 "GET / HTTP/1.1" 204 0
14:28:10 [DEBUG] Starting new HTTPS connection (1): www.gstatic.com:443
14:28:10 [DEBUG] https://www.google.com:443 "GET /generate_204 HTTP/1.1" 204 0
14:28:10 [DEBUG] Starting new HTTPS connection (1): cp.cloudflare.com:443
14:28:10 [DEBUG] https://www.gstatic.com:443 "GET /generate_204 HTTP/1.1" 204 0
14:28:10 [DEBUG] Starting new HTTPS connection (1): dl.google.com:443
14:28:10 [DEBUG] https://cp.cloudflare.com:443 "GET / HTTP/1.1" 204 0
14:28:10 [DEBUG] Starting new HTTPS connection (1): www.gstatic.com:443
14:28:10 [DEBUG] Starting new HTTPS connection (1): www.gstatic.com:443
14:28:10 [DEBUG] https://www.gstatic.com:443 "GET /generate_204 HTTP/1.1" 204 0
14:28:10 [DEBUG] Starting new HTTPS connection (1): dl.google.com:443
14:28:10 [DEBUG] https://dl.google.com:443 "GET /dl/android/studio/install/3.4.1.0/android-studio-ide-183.5522156-windows.exe HTTP/1.1" 200 1017327996
14:28:10 [INFO]    🎯 89.169.55.246 (Германия) - 47.3Mbps, 39ms UDP✅ 🛡️
14:28:11 [DEBUG] Starting new HTTPS connection (1): www.google.com:443
14:28:11 [DEBUG] https://dl.google.com:443 "GET /dl/android/studio/install/3.4.1.0/android-studio-ide-183.5522156-windows.exe HTTP/1.1" 404 1449
14:28:11 [DEBUG] Starting new HTTPS connection (1): www.google.com:443
14:28:11 [INFO]    🎯 57.129.49.1 (Германия) - 0.0Mbps, 50ms UDP✅ 🛡️
14:28:11 [DEBUG] Starting new HTTPS connection (1): cp.cloudflare.com:443
14:28:11 [DEBUG] https://www.google.com:443 "GET /generate_204 HTTP/1.1" 204 0
14:28:11 [DEBUG] Starting new HTTPS connection (1): cp.cloudflare.com:443
14:28:11 [DEBUG] Starting new HTTPS connection (1): www.gstatic.com:443
14:28:11 [DEBUG] https://cp.cloudflare.com:443 "GET / HTTP/1.1" 204 0
14:28:11 [DEBUG] Starting new HTTPS connection (1): www.gstatic.com:443
14:28:11 [DEBUG] https://www.gstatic.com:443 "GET /generate_204 HTTP/1.1" 204 0
14:28:11 [DEBUG] Starting new HTTPS connection (1): dl.google.com:443
14:28:11 [DEBUG] https://dl.google.com:443 "GET /dl/android/studio/install/3.4.1.0/android-studio-ide-183.5522156-windows.exe HTTP/1.1" 200 1017327996
14:28:11 [DEBUG] Starting new HTTPS connection (1): www.google.com:443
14:28:11 [DEBUG] Starting new HTTPS connection (1): www.google.com:443
14:28:11 [DEBUG] Starting new HTTPS connection (1): www.google.com:443
14:28:11 [DEBUG] https://www.google.com:443 "GET /generate_204 HTTP/1.1" 204 0
14:28:11 [DEBUG] Starting new HTTPS connection (1): cp.cloudflare.com:443
14:28:11 [DEBUG] https://cp.cloudflare.com:443 "GET / HTTP/1.1" 204 0
14:28:11 [DEBUG] Starting new HTTPS connection (1): www.gstatic.com:443
14:28:11 [INFO]    🎯 144.31.94.99 (Швейцария) - 42.2Mbps, 92ms UDP✅ 🛡️
14:28:11 [DEBUG] https://www.gstatic.com:443 "GET /generate_204 HTTP/1.1" 204 0
14:28:11 [DEBUG] Starting new HTTPS connection (1): dl.google.com:443
14:28:11 [DEBUG] https://dl.google.com:443 "GET /dl/android/studio/install/3.4.1.0/android-studio-ide-183.5522156-windows.exe HTTP/1.1" 200 1017327996
14:28:12 [INFO]    🎯 57.129.53.180 (Германия) - 78.8Mbps, 40ms UDP✅ 🛡️
14:28:12 [DEBUG] Starting new HTTPS connection (1): www.google.com:443
14:28:12 [DEBUG] Starting new HTTPS connection (1): cp.cloudflare.com:443
14:28:12 [DEBUG] Starting new HTTPS connection (1): www.google.com:443
14:28:12 [DEBUG] Starting new HTTPS connection (1): cp.cloudflare.com:443
14:28:12 [DEBUG] Starting new HTTPS connection (1): www.gstatic.com:443
14:28:12 [DEBUG] Starting new HTTPS connection (1): www.google.com:443
14:28:12 [DEBUG] https://www.google.com:443 "GET /generate_204 HTTP/1.1" 204 0
14:28:12 [DEBUG] Starting new HTTPS connection (1): cp.cloudflare.com:443
14:28:13 [DEBUG] https://cp.cloudflare.com:443 "GET / HTTP/1.1" 204 0
14:28:13 [DEBUG] Starting new HTTPS connection (1): www.gstatic.com:443
14:28:13 [DEBUG] Starting new HTTPS connection (1): www.google.com:443
14:28:13 [DEBUG] Starting new HTTPS connection (1): cp.cloudflare.com:443
14:28:13 [DEBUG] Starting new HTTPS connection (1): www.gstatic.com:443
14:28:13 [DEBUG] https://www.gstatic.com:443 "GET /generate_204 HTTP/1.1" 204 0
14:28:13 [DEBUG] Starting new HTTPS connection (1): cp.cloudflare.com:443
14:28:13 [DEBUG] Starting new HTTPS connection (1): dl.google.com:443
14:28:13 [DEBUG] Starting new HTTPS connection (1): www.gstatic.com:443
14:28:13 [DEBUG] https://dl.google.com:443 "GET /dl/android/studio/install/3.4.1.0/android-studio-ide-183.5522156-windows.exe HTTP/1.1" 404 1449
14:28:13 [INFO]    🎯 142.93.101.216 (Германия) - 0.0Mbps, 82ms UDP✅ 🛡️
14:28:13 [DEBUG] Starting new HTTPS connection (1): www.google.com:443
14:28:13 [DEBUG] Starting new HTTPS connection (1): cp.cloudflare.com:443
14:28:13 [DEBUG] Starting new HTTPS connection (1): www.gstatic.com:443
14:28:13 [DEBUG] Starting new HTTPS connection (1): www.google.com:443
14:28:13 [DEBUG] Starting new HTTPS connection (1): cp.cloudflare.com:443
14:28:13 [DEBUG] Starting new HTTPS connection (1): www.gstatic.com:443
14:28:13 [INFO]    📊 Глобальные: 80/400 (20%) | ✅12 ❌68
14:28:13 [DEBUG] Starting new HTTPS connection (1): cp.cloudflare.com:443
14:28:14 [DEBUG] Starting new HTTPS connection (1): www.google.com:443
14:28:14 [DEBUG] Starting new HTTPS connection (1): cp.cloudflare.com:443
14:28:14 [DEBUG] Starting new HTTPS connection (1): www.gstatic.com:443
14:28:14 [DEBUG] Starting new HTTPS connection (1): www.google.com:443
14:28:14 [DEBUG] Starting new HTTPS connection (1): cp.cloudflare.com:443
14:28:14 [DEBUG] Starting new HTTPS connection (1): www.gstatic.com:443
14:28:14 [DEBUG] Starting new HTTPS connection (1): www.google.com:443
14:28:14 [DEBUG] Starting new HTTPS connection (1): www.google.com:443
14:28:14 [DEBUG] Starting new HTTPS connection (1): cp.cloudflare.com:443
14:28:14 [DEBUG] Starting new HTTPS connection (1): www.gstatic.com:443
14:28:15 [DEBUG] https://www.google.com:443 "GET /generate_204 HTTP/1.1" 204 0
14:28:15 [DEBUG] Starting new HTTPS connection (1): cp.cloudflare.com:443
14:28:15 [DEBUG] Starting new HTTPS connection (1): www.google.com:443
14:28:15 [DEBUG] https://www.google.com:443 "GET /generate_204 HTTP/1.1" 204 0
14:28:15 [DEBUG] Starting new HTTPS connection (1): cp.cloudflare.com:443
14:28:15 [DEBUG] Starting new HTTPS connection (1): www.gstatic.com:443
14:28:15 [DEBUG] https://cp.cloudflare.com:443 "GET / HTTP/1.1" 204 0
14:28:15 [DEBUG] Starting new HTTPS connection (1): www.gstatic.com:443
14:28:15 [DEBUG] https://www.gstatic.com:443 "GET /generate_204 HTTP/1.1" 204 0
14:28:15 [DEBUG] Starting new HTTPS connection (1): dl.google.com:443
14:28:15 [DEBUG] Starting new HTTPS connection (1): www.google.com:443
14:28:15 [DEBUG] Starting new HTTPS connection (1): www.google.com:443
14:28:15 [DEBUG] Starting new HTTPS connection (1): cp.cloudflare.com:443
14:28:15 [DEBUG] https://dl.google.com:443 "GET /dl/android/studio/install/3.4.1.0/android-studio-ide-183.5522156-windows.exe HTTP/1.1" 200 1017327996
14:28:15 [DEBUG] Starting new HTTPS connection (1): www.gstatic.com:443
14:28:15 [INFO]    🎯 57.129.53.182 (Германия) - 54.6Mbps, 43ms UDP✅ 🛡️
14:28:15 [DEBUG] Starting new HTTPS connection (1): cp.cloudflare.com:443
14:28:15 [DEBUG] https://cp.cloudflare.com:443 "GET / HTTP/1.1" 204 0
14:28:15 [DEBUG] Starting new HTTPS connection (1): www.gstatic.com:443
14:28:15 [DEBUG] Starting new HTTPS connection (1): www.google.com:443
14:28:15 [DEBUG] Starting new HTTPS connection (1): www.gstatic.com:443
14:28:15 [DEBUG] https://www.gstatic.com:443 "GET /generate_204 HTTP/1.1" 204 0
14:28:16 [DEBUG] Starting new HTTPS connection (1): dl.google.com:443
14:28:16 [DEBUG] Starting new HTTPS connection (1): cp.cloudflare.com:443
14:28:16 [DEBUG] https://dl.google.com:443 "GET /dl/android/studio/install/3.4.1.0/android-studio-ide-183.5522156-windows.exe HTTP/1.1" 200 1017327996
14:28:16 [DEBUG] https://www.google.com:443 "GET /generate_204 HTTP/1.1" 204 0
14:28:16 [DEBUG] Starting new HTTPS connection (1): cp.cloudflare.com:443
14:28:16 [DEBUG] Starting new HTTPS connection (1): www.google.com:443
14:28:16 [DEBUG] Starting new HTTPS connection (1): www.google.com:443
14:28:16 [DEBUG] Starting new HTTPS connection (1): www.gstatic.com:443
14:28:16 [DEBUG] Starting new HTTPS connection (1): www.gstatic.com:443
14:28:16 [DEBUG] https://cp.cloudflare.com:443 "GET / HTTP/1.1" 204 0
14:28:16 [DEBUG] Starting new HTTPS connection (1): www.gstatic.com:443
14:28:16 [DEBUG] https://www.gstatic.com:443 "GET /generate_204 HTTP/1.1" 204 0
14:28:16 [DEBUG] Starting new HTTPS connection (1): dl.google.com:443
14:28:16 [DEBUG] https://dl.google.com:443 "GET /dl/android/studio/install/3.4.1.0/android-studio-ide-183.5522156-windows.exe HTTP/1.1" 200 1017327996
14:28:17 [INFO]    🎯 57.129.53.181 (Германия) - 68.4Mbps, 501ms UDP✅ 🛡️
14:28:17 [DEBUG] Starting new HTTPS connection (1): cp.cloudflare.com:443
14:28:18 [DEBUG] Starting new HTTPS connection (1): www.google.com:443
14:28:18 [DEBUG] Starting new HTTPS connection (1): www.google.com:443
14:28:18 [DEBUG] https://www.gstatic.com:443 "GET /generate_204 HTTP/1.1" 204 0
14:28:18 [DEBUG] Starting new HTTPS connection (1): cp.cloudflare.com:443
14:28:18 [DEBUG] Starting new HTTPS connection (1): www.google.com:443
14:28:18 [DEBUG] Starting new HTTPS connection (1): www.gstatic.com:443
14:28:18 [DEBUG] Starting new HTTPS connection (1): www.google.com:443
14:28:19 [DEBUG] Starting new HTTPS connection (1): www.google.com:443
14:28:19 [INFO]    🎯 193.23.219.163 (Германия) - 3.9Mbps, 1238ms UDP✅ 🛡️
14:28:19 [DEBUG] https://www.google.com:443 "GET /generate_204 HTTP/1.1" 204 0
14:28:19 [DEBUG] Starting new HTTPS connection (1): cp.cloudflare.com:443
14:28:19 [DEBUG] https://cp.cloudflare.com:443 "GET / HTTP/1.1" 204 0
14:28:19 [DEBUG] Starting new HTTPS connection (1): www.gstatic.com:443
14:28:19 [DEBUG] Starting new HTTPS connection (1): www.google.com:443
14:28:20 [DEBUG] Starting new HTTPS connection (1): cp.cloudflare.com:443
14:28:20 [DEBUG] Starting new HTTPS connection (1): cp.cloudflare.com:443
14:28:20 [DEBUG] https://cp.cloudflare.com:443 "GET / HTTP/1.1" 204 0
14:28:20 [DEBUG] Starting new HTTPS connection (1): www.gstatic.com:443
14:28:20 [DEBUG] Starting new HTTPS connection (1): www.google.com:443
14:28:20 [DEBUG] Starting new HTTPS connection (1): cp.cloudflare.com:443
14:28:20 [DEBUG] Starting new HTTPS connection (1): cp.cloudflare.com:443
14:28:20 [DEBUG] Starting new HTTPS connection (1): www.gstatic.com:443
14:28:20 [DEBUG] https://www.gstatic.com:443 "GET /generate_204 HTTP/1.1" 204 0
14:28:21 [DEBUG] Starting new HTTPS connection (1): dl.google.com:443
14:28:21 [DEBUG] Starting new HTTPS connection (1): cp.cloudflare.com:443
14:28:21 [DEBUG] Starting new HTTPS connection (1): cp.cloudflare.com:443
14:28:21 [DEBUG] Starting new HTTPS connection (1): www.google.com:443
14:28:21 [DEBUG] Starting new HTTPS connection (1): cp.cloudflare.com:443
14:28:21 [DEBUG] Starting new HTTPS connection (1): www.gstatic.com:443
14:28:21 [DEBUG] Starting new HTTPS connection (1): www.gstatic.com:443
14:28:21 [DEBUG] https://dl.google.com:443 "GET /dl/android/studio/install/3.4.1.0/android-studio-ide-183.5522156-windows.exe HTTP/1.1" 200 1017327996
14:28:21 [DEBUG] Starting new HTTPS connection (1): cp.cloudflare.com:443
14:28:22 [DEBUG] Starting new HTTPS connection (1): www.gstatic.com:443
14:28:22 [DEBUG] Starting new HTTPS connection (1): www.gstatic.com:443
14:28:22 [DEBUG] Starting new HTTPS connection (1): www.gstatic.com:443
14:28:22 [DEBUG] Starting new HTTPS connection (1): www.google.com:443
14:28:22 [DEBUG] https://www.gstatic.com:443 "GET /generate_204 HTTP/1.1" 204 0
14:28:22 [INFO]    🎯 193.23.219.163 (Германия) - 8.3Mbps, 1385ms UDP✅ 🛡️
14:28:23 [DEBUG] Starting new HTTPS connection (1): www.gstatic.com:443
14:28:23 [DEBUG] Starting new HTTPS connection (1): www.gstatic.com:443
14:28:23 [DEBUG] Starting new HTTPS connection (1): www.google.com:443
14:28:23 [DEBUG] Starting new HTTPS connection (1): cp.cloudflare.com:443
14:28:23 [DEBUG] Starting new HTTPS connection (1): www.gstatic.com:443
14:28:23 [DEBUG] Starting new HTTPS connection (1): www.gstatic.com:443
14:28:24 [DEBUG] Starting new HTTPS connection (1): dl.google.com:443
14:28:24 [DEBUG] Starting new HTTPS connection (1): www.google.com:443
14:28:25 [DEBUG] Starting new HTTPS connection (1): www.google.com:443
14:28:25 [DEBUG] Starting new HTTPS connection (1): www.google.com:443
14:28:25 [DEBUG] https://www.google.com:443 "GET /generate_204 HTTP/1.1" 204 0
14:28:25 [DEBUG] Starting new HTTPS connection (1): cp.cloudflare.com:443
14:28:25 [DEBUG] https://cp.cloudflare.com:443 "GET / HTTP/1.1" 204 0
14:28:25 [DEBUG] Starting new HTTPS connection (1): www.gstatic.com:443
14:28:25 [DEBUG] Starting new HTTPS connection (1): www.google.com:443
14:28:25 [DEBUG] Starting new HTTPS connection (1): cp.cloudflare.com:443
14:28:25 [DEBUG] https://www.gstatic.com:443 "GET /generate_204 HTTP/1.1" 204 0
14:28:25 [DEBUG] Starting new HTTPS connection (1): www.gstatic.com:443
14:28:25 [DEBUG] Starting new HTTPS connection (1): www.google.com:443
14:28:25 [DEBUG] Starting new HTTPS connection (1): dl.google.com:443
14:28:25 [DEBUG] Starting new HTTPS connection (1): cp.cloudflare.com:443
14:28:25 [DEBUG] Starting new HTTPS connection (1): www.gstatic.com:443
14:28:25 [DEBUG] https://dl.google.com:443 "GET /dl/android/studio/install/3.4.1.0/android-studio-ide-183.5522156-windows.exe HTTP/1.1" 200 1017327996
14:28:25 [INFO]    🎯 51.158.206.103 (Нидерланды) - 45.4Mbps, 141ms UDP✅ 🛡️
14:28:26 [DEBUG] Starting new HTTPS connection (1): cp.cloudflare.com:443
14:28:26 [DEBUG] Starting new HTTPS connection (1): www.google.com:443
14:28:26 [DEBUG] Starting new HTTPS connection (1): cp.cloudflare.com:443
14:28:26 [DEBUG] Starting new HTTPS connection (1): www.gstatic.com:443
14:28:26 [DEBUG] Starting new HTTPS connection (1): www.google.com:443
14:28:26 [DEBUG] Starting new HTTPS connection (1): www.google.com:443
14:28:26 [DEBUG] https://www.google.com:443 "GET /generate_204 HTTP/1.1" 204 0
14:28:26 [DEBUG] Starting new HTTPS connection (1): cp.cloudflare.com:443
14:28:26 [DEBUG] Starting new HTTPS connection (1): cp.cloudflare.com:443
14:28:26 [DEBUG] Starting new HTTPS connection (1): www.gstatic.com:443
14:28:26 [DEBUG] Starting new HTTPS connection (1): www.google.com:443
14:28:26 [DEBUG] Starting new HTTPS connection (1): www.google.com:443
14:28:26 [DEBUG] https://cp.cloudflare.com:443 "GET / HTTP/1.1" 204 0
14:28:26 [DEBUG] Starting new HTTPS connection (1): www.gstatic.com:443
14:28:26 [DEBUG] Starting new HTTPS connection (1): cp.cloudflare.com:443
14:28:26 [DEBUG] https://www.gstatic.com:443 "GET /generate_204 HTTP/1.1" 204 0
14:28:27 [DEBUG] Starting new HTTPS connection (1): dl.google.com:443
14:28:27 [DEBUG] Starting new HTTPS connection (1): www.google.com:443
14:28:27 [DEBUG] https://dl.google.com:443 "GET /dl/android/studio/install/3.4.1.0/android-studio-ide-183.5522156-windows.exe HTTP/1.1" 200 1017327996
14:28:27 [DEBUG] https://www.google.com:443 "GET /generate_204 HTTP/1.1" 204 0
14:28:27 [DEBUG] Starting new HTTPS connection (1): cp.cloudflare.com:443
14:28:27 [DEBUG] https://cp.cloudflare.com:443 "GET / HTTP/1.1" 204 0
14:28:27 [DEBUG] Starting new HTTPS connection (1): www.gstatic.com:443
14:28:27 [DEBUG] https://www.gstatic.com:443 "GET /generate_204 HTTP/1.1" 204 0
14:28:27 [DEBUG] Starting new HTTPS connection (1): dl.google.com:443
14:28:27 [INFO]    🎯 91.99.106.117 (Германия) - 23.8Mbps, 92ms UDP✅ 🛡️
14:28:27 [DEBUG] Starting new HTTPS connection (1): www.google.com:443
14:28:27 [DEBUG] https://www.google.com:443 "GET /generate_204 HTTP/1.1" 204 0
14:28:27 [DEBUG] Starting new HTTPS connection (1): cp.cloudflare.com:443
14:28:27 [DEBUG] https://dl.google.com:443 "GET /dl/android/studio/install/3.4.1.0/android-studio-ide-183.5522156-windows.exe HTTP/1.1" 200 1017327996
14:28:27 [DEBUG] https://cp.cloudflare.com:443 "GET / HTTP/1.1" 204 0
14:28:27 [DEBUG] Starting new HTTPS connection (1): www.gstatic.com:443
14:28:27 [DEBUG] Starting new HTTPS connection (1): www.google.com:443
14:28:27 [DEBUG] https://www.gstatic.com:443 "GET /generate_204 HTTP/1.1" 204 0
14:28:27 [INFO]    🎯 51.158.206.29 (Нидерланды) - 38.1Mbps, 74ms UDP✅ 🛡️
14:28:27 [DEBUG] Starting new HTTPS connection (1): dl.google.com:443
14:28:27 [DEBUG] https://www.google.com:443 "GET /generate_204 HTTP/1.1" 204 0
14:28:27 [DEBUG] Starting new HTTPS connection (1): cp.cloudflare.com:443
14:28:27 [DEBUG] https://dl.google.com:443 "GET /dl/android/studio/install/3.4.1.0/android-studio-ide-183.5522156-windows.exe HTTP/1.1" 200 1017327996
14:28:27 [DEBUG] https://cp.cloudflare.com:443 "GET / HTTP/1.1" 204 0
14:28:27 [DEBUG] Starting new HTTPS connection (1): www.gstatic.com:443
14:28:28 [DEBUG] https://dl.google.com:443 "GET /dl/android/studio/install/3.4.1.0/android-studio-ide-183.5522156-windows.exe HTTP/1.1" 200 1017327996
14:28:28 [DEBUG] https://www.gstatic.com:443 "GET /generate_204 HTTP/1.1" 204 0
14:28:28 [DEBUG] Starting new HTTPS connection (1): dl.google.com:443
14:28:28 [INFO]    🎯 51.158.206.34 (Нидерланды) - 48.8Mbps, 69ms UDP✅ 🛡️
14:28:28 [DEBUG] https://dl.google.com:443 "GET /dl/android/studio/install/3.4.1.0/android-studio-ide-183.5522156-windows.exe HTTP/1.1" 200 1017327996
14:28:28 [INFO]    🎯 51.158.206.87 (Нидерланды) - 51.8Mbps, 75ms UDP✅ 🛡️
14:28:28 [DEBUG] Starting new HTTPS connection (1): www.gstatic.com:443
14:28:28 [DEBUG] Starting new HTTPS connection (1): www.google.com:443
14:28:28 [DEBUG] https://www.google.com:443 "GET /generate_204 HTTP/1.1" 204 0
14:28:28 [DEBUG] Starting new HTTPS connection (1): cp.cloudflare.com:443
14:28:28 [DEBUG] https://cp.cloudflare.com:443 "GET / HTTP/1.1" 204 0
14:28:28 [DEBUG] Starting new HTTPS connection (1): www.gstatic.com:443
14:28:28 [DEBUG] https://www.gstatic.com:443 "GET /generate_204 HTTP/1.1" 204 0
14:28:28 [DEBUG] Starting new HTTPS connection (1): www.google.com:443
14:28:28 [DEBUG] Starting new HTTPS connection (1): www.gstatic.com:443
14:28:28 [DEBUG] Starting new HTTPS connection (1): dl.google.com:443
14:28:28 [DEBUG] Starting new HTTPS connection (1): cp.cloudflare.com:443
14:28:28 [DEBUG] Starting new HTTPS connection (1): cp.cloudflare.com:443
14:28:28 [DEBUG] Starting new HTTPS connection (1): cp.cloudflare.com:443
14:28:28 [DEBUG] Starting new HTTPS connection (1): www.gstatic.com:443
14:28:29 [DEBUG] https://dl.google.com:443 "GET /dl/android/studio/install/3.4.1.0/android-studio-ide-183.5522156-windows.exe HTTP/1.1" 200 1017327996
14:28:29 [INFO]    🎯 51.158.206.8 (Нидерланды) - 64.8Mbps, 83ms UDP✅ 🛡️
14:28:29 [DEBUG] Starting new HTTPS connection (1): cp.cloudflare.com:443
14:28:29 [DEBUG] Starting new HTTPS connection (1): www.google.com:443
14:28:29 [DEBUG] Starting new HTTPS connection (1): cp.cloudflare.com:443
14:28:29 [DEBUG] Starting new HTTPS connection (1): www.gstatic.com:443
14:28:29 [DEBUG] Starting new HTTPS connection (1): www.google.com:443
14:28:29 [DEBUG] Starting new HTTPS connection (1): cp.cloudflare.com:443
14:28:29 [DEBUG] Starting new HTTPS connection (1): www.gstatic.com:443
14:28:29 [DEBUG] https://cp.cloudflare.com:443 "GET / HTTP/1.1" 204 0
14:28:29 [DEBUG] Starting new HTTPS connection (1): www.gstatic.com:443
14:28:29 [DEBUG] https://www.gstatic.com:443 "GET /generate_204 HTTP/1.1" 204 0
14:28:29 [DEBUG] Starting new HTTPS connection (1): dl.google.com:443
14:28:30 [DEBUG] Starting new HTTPS connection (1): www.google.com:443
14:28:30 [DEBUG] Starting new HTTPS connection (1): cp.cloudflare.com:443
14:28:30 [DEBUG] Starting new HTTPS connection (1): www.gstatic.com:443
14:28:30 [DEBUG] Starting new HTTPS connection (1): www.google.com:443
14:28:30 [DEBUG] Starting new HTTPS connection (1): cp.cloudflare.com:443
14:28:30 [DEBUG] Starting new HTTPS connection (1): www.gstatic.com:443
14:28:30 [DEBUG] Starting new HTTPS connection (1): www.google.com:443
14:28:30 [DEBUG] https://dl.google.com:443 "GET /dl/android/studio/install/3.4.1.0/android-studio-ide-183.5522156-windows.exe HTTP/1.1" 200 1017327996
14:28:30 [DEBUG] https://www.google.com:443 "GET /generate_204 HTTP/1.1" 204 0
14:28:30 [DEBUG] Starting new HTTPS connection (1): cp.cloudflare.com:443
14:28:30 [DEBUG] Starting new HTTPS connection (1): www.google.com:443
14:28:30 [DEBUG] https://cp.cloudflare.com:443 "GET / HTTP/1.1" 204 0
14:28:30 [DEBUG] Starting new HTTPS connection (1): www.gstatic.com:443
14:28:30 [INFO]    📊 Глобальные: 120/400 (30%) | ✅22 ❌98
14:28:30 [DEBUG] Starting new HTTPS connection (1): cp.cloudflare.com:443
14:28:30 [DEBUG] Starting new HTTPS connection (1): www.gstatic.com:443
14:28:30 [DEBUG] https://www.gstatic.com:443 "GET /generate_204 HTTP/1.1" 204 0
14:28:30 [DEBUG] Starting new HTTPS connection (1): dl.google.com:443
14:28:30 [DEBUG] Starting new HTTPS connection (1): www.gstatic.com:443
14:28:31 [DEBUG] Starting new HTTPS connection (1): www.gstatic.com:443
14:28:31 [DEBUG] Starting new HTTPS connection (1): www.google.com:443
14:28:31 [DEBUG] Starting new HTTPS connection (1): cp.cloudflare.com:443
14:28:31 [DEBUG] Starting new HTTPS connection (1): www.gstatic.com:443
14:28:31 [DEBUG] Starting new HTTPS connection (1): www.google.com:443
14:28:31 [DEBUG] https://dl.google.com:443 "GET /dl/android/studio/install/3.4.1.0/android-studio-ide-183.5522156-windows.exe HTTP/1.1" 200 1017327996
14:28:31 [DEBUG] Starting new HTTPS connection (1): www.google.com:443
14:28:31 [INFO]    🎯 51.158.206.98 (Нидерланды) - 17.3Mbps, 111ms UDP✅ 🛡️
14:28:31 [DEBUG] Starting new HTTPS connection (1): www.google.com:443
14:28:31 [DEBUG] https://www.google.com:443 "GET /generate_204 HTTP/1.1" 204 0
14:28:31 [DEBUG] Starting new HTTPS connection (1): cp.cloudflare.com:443
14:28:31 [DEBUG] https://cp.cloudflare.com:443 "GET / HTTP/1.1" 204 0
14:28:31 [DEBUG] Starting new HTTPS connection (1): www.gstatic.com:443
14:28:31 [INFO]    🎯 152.53.182.235 (Австрия) - 6.7Mbps, 383ms UDP✅ 🛡️
14:28:31 [DEBUG] https://www.gstatic.com:443 "GET /generate_204 HTTP/1.1" 204 0
14:28:31 [DEBUG] Starting new HTTPS connection (1): www.google.com:443
14:28:31 [DEBUG] Starting new HTTPS connection (1): dl.google.com:443
14:28:31 [DEBUG] https://www.google.com:443 "GET /generate_204 HTTP/1.1" 204 0
14:28:31 [DEBUG] Starting new HTTPS connection (1): cp.cloudflare.com:443
14:28:32 [DEBUG] https://cp.cloudflare.com:443 "GET / HTTP/1.1" 204 0
14:28:32 [DEBUG] Starting new HTTPS connection (1): www.gstatic.com:443
14:28:32 [DEBUG] https://dl.google.com:443 "GET /dl/android/studio/install/3.4.1.0/android-studio-ide-183.5522156-windows.exe HTTP/1.1" 200 1017327996
14:28:32 [DEBUG] https://www.gstatic.com:443 "GET /generate_204 HTTP/1.1" 204 0
14:28:32 [INFO]    🎯 51.158.206.25 (Нидерланды) - 58.0Mbps, 78ms UDP✅ 🛡️
14:28:32 [DEBUG] Starting new HTTPS connection (1): dl.google.com:443
14:28:32 [DEBUG] https://dl.google.com:443 "GET /dl/android/studio/install/3.4.1.0/android-studio-ide-183.5522156-windows.exe HTTP/1.1" 200 1017327996
14:28:32 [DEBUG] Starting new HTTPS connection (1): www.google.com:443
14:28:32 [DEBUG] https://www.google.com:443 "GET /generate_204 HTTP/1.1" 204 0
14:28:32 [DEBUG] Starting new HTTPS connection (1): cp.cloudflare.com:443
14:28:32 [DEBUG] https://cp.cloudflare.com:443 "GET / HTTP/1.1" 204 0
14:28:32 [DEBUG] Starting new HTTPS connection (1): www.gstatic.com:443
14:28:32 [INFO]    🎯 51.158.206.86 (Нидерланды) - 43.7Mbps, 76ms UDP✅ 🛡️
14:28:32 [DEBUG] https://www.gstatic.com:443 "GET /generate_204 HTTP/1.1" 204 0
14:28:32 [DEBUG] Starting new HTTPS connection (1): dl.google.com:443
14:28:32 [DEBUG] Starting new HTTPS connection (1): www.google.com:443
14:28:32 [DEBUG] https://www.google.com:443 "GET /generate_204 HTTP/1.1" 204 0
14:28:32 [DEBUG] Starting new HTTPS connection (1): cp.cloudflare.com:443
14:28:32 [DEBUG] https://dl.google.com:443 "GET /dl/android/studio/install/3.4.1.0/android-studio-ide-183.5522156-windows.exe HTTP/1.1" 200 1017327996
14:28:32 [DEBUG] https://cp.cloudflare.com:443 "GET / HTTP/1.1" 204 0
14:28:32 [DEBUG] Starting new HTTPS connection (1): www.gstatic.com:443
14:28:32 [INFO]    🎯 51.158.206.96 (Нидерланды) - 67.8Mbps, 71ms UDP✅ 🛡️
14:28:32 [DEBUG] https://www.gstatic.com:443 "GET /generate_204 HTTP/1.1" 204 0
14:28:32 [DEBUG] Starting new HTTPS connection (1): dl.google.com:443
14:28:32 [DEBUG] Starting new HTTPS connection (1): www.google.com:443
14:28:32 [DEBUG] Starting new HTTPS connection (1): cp.cloudflare.com:443
14:28:32 [DEBUG] Starting new HTTPS connection (1): www.gstatic.com:443
14:28:32 [DEBUG] https://dl.google.com:443 "GET /dl/android/studio/install/3.4.1.0/android-studio-ide-183.5522156-windows.exe HTTP/1.1" 200 1017327996
14:28:33 [INFO]    🎯 51.158.206.97 (Нидерланды) - 55.8Mbps, 83ms UDP✅ 🛡️
14:28:33 [DEBUG] Starting new HTTPS connection (1): www.google.com:443
14:28:33 [DEBUG] Starting new HTTPS connection (1): cp.cloudflare.com:443
14:28:33 [DEBUG] Starting new HTTPS connection (1): www.gstatic.com:443
14:28:33 [DEBUG] Starting new HTTPS connection (1): cp.cloudflare.com:443
14:28:33 [DEBUG] Starting new HTTPS connection (1): www.google.com:443
14:28:33 [DEBUG] https://www.google.com:443 "GET /generate_204 HTTP/1.1" 204 0
14:28:33 [DEBUG] Starting new HTTPS connection (1): cp.cloudflare.com:443
14:28:33 [DEBUG] https://cp.cloudflare.com:443 "GET / HTTP/1.1" 204 0
14:28:33 [DEBUG] Starting new HTTPS connection (1): www.gstatic.com:443
14:28:33 [DEBUG] Starting new HTTPS connection (1): cp.cloudflare.com:443
14:28:33 [DEBUG] https://www.gstatic.com:443 "GET /generate_204 HTTP/1.1" 204 0
14:28:33 [DEBUG] Starting new HTTPS connection (1): www.google.com:443
14:28:33 [DEBUG] Starting new HTTPS connection (1): cp.cloudflare.com:443
14:28:33 [DEBUG] Starting new HTTPS connection (1): dl.google.com:443
14:28:33 [DEBUG] Starting new HTTPS connection (1): www.gstatic.com:443
14:28:33 [DEBUG] Starting new HTTPS connection (1): www.google.com:443
14:28:33 [DEBUG] Starting new HTTPS connection (1): www.google.com:443
14:28:33 [DEBUG] https://dl.google.com:443 "GET /dl/android/studio/install/3.4.1.0/android-studio-ide-183.5522156-windows.exe HTTP/1.1" 200 1017327996
14:28:34 [DEBUG] https://www.google.com:443 "GET /generate_204 HTTP/1.1" 204 0
14:28:34 [DEBUG] Starting new HTTPS connection (1): cp.cloudflare.com:443
14:28:34 [DEBUG] Starting new HTTPS connection (1): www.google.com:443
14:28:34 [DEBUG] Starting new HTTPS connection (1): cp.cloudflare.com:443
14:28:34 [INFO]    🎯 149.115.110.173 (Нидерланды) - 38.1Mbps, 89ms UDP✅ 🛡️
14:28:34 [DEBUG] Starting new HTTPS connection (1): www.gstatic.com:443
14:28:34 [DEBUG] https://cp.cloudflare.com:443 "GET / HTTP/1.1" 204 0
14:28:34 [DEBUG] Starting new HTTPS connection (1): www.gstatic.com:443
14:28:34 [DEBUG] Starting new HTTPS connection (1): www.google.com:443
14:28:34 [DEBUG] Starting new HTTPS connection (1): cp.cloudflare.com:443
14:28:34 [DEBUG] Starting new HTTPS connection (1): www.google.com:443
14:28:34 [DEBUG] https://www.gstatic.com:443 "GET /generate_204 HTTP/1.1" 204 0
14:28:34 [DEBUG] Starting new HTTPS connection (1): www.gstatic.com:443
14:28:34 [DEBUG] Starting new HTTPS connection (1): dl.google.com:443
14:28:34 [DEBUG] Starting new HTTPS connection (1): cp.cloudflare.com:443
14:28:34 [DEBUG] Starting new HTTPS connection (1): www.gstatic.com:443
14:28:34 [DEBUG] https://dl.google.com:443 "GET /dl/android/studio/install/3.4.1.0/android-studio-ide-183.5522156-windows.exe HTTP/1.1" 200 1017327996
14:28:34 [INFO]    🎯 51.158.206.93 (Нидерланды) - 38.3Mbps, 103ms UDP✅ 🛡️
14:28:34 [DEBUG] Starting new HTTPS connection (1): www.google.com:443
14:28:35 [DEBUG] Starting new HTTPS connection (1): www.google.com:443
14:28:35 [DEBUG] Starting new HTTPS connection (1): www.google.com:443
14:28:35 [DEBUG] Starting new HTTPS connection (1): www.google.com:443
14:28:35 [DEBUG] https://www.google.com:443 "GET /generate_204 HTTP/1.1" 204 0
14:28:35 [DEBUG] Starting new HTTPS connection (1): cp.cloudflare.com:443
14:28:35 [DEBUG] Starting new HTTPS connection (1): www.google.com:443
14:28:35 [DEBUG] https://www.google.com:443 "GET /generate_204 HTTP/1.1" 204 0
14:28:35 [DEBUG] Starting new HTTPS connection (1): cp.cloudflare.com:443
14:28:35 [DEBUG] Starting new HTTPS connection (1): www.gstatic.com:443
14:28:35 [DEBUG] https://cp.cloudflare.com:443 "GET / HTTP/1.1" 204 0
14:28:35 [DEBUG] Starting new HTTPS connection (1): www.gstatic.com:443
14:28:35 [DEBUG] Starting new HTTPS connection (1): www.google.com:443
14:28:35 [DEBUG] https://cp.cloudflare.com:443 "GET / HTTP/1.1" 204 0
14:28:35 [DEBUG] Starting new HTTPS connection (1): www.gstatic.com:443
14:28:35 [DEBUG] https://www.gstatic.com:443 "GET /generate_204 HTTP/1.1" 204 0
14:28:35 [DEBUG] https://www.google.com:443 "GET /generate_204 HTTP/1.1" 204 0
14:28:35 [DEBUG] Starting new HTTPS connection (1): cp.cloudflare.com:443
14:28:35 [DEBUG] Starting new HTTPS connection (1): dl.google.com:443
14:28:35 [DEBUG] Starting new HTTPS connection (1): www.gstatic.com:443
14:28:35 [DEBUG] https://cp.cloudflare.com:443 "GET / HTTP/1.1" 204 0
14:28:35 [DEBUG] Starting new HTTPS connection (1): www.gstatic.com:443
14:28:35 [DEBUG] https://dl.google.com:443 "GET /dl/android/studio/install/3.4.1.0/android-studio-ide-183.5522156-windows.exe HTTP/1.1" 200 1017327996
14:28:35 [DEBUG] https://www.gstatic.com:443 "GET /generate_204 HTTP/1.1" 204 0
14:28:35 [DEBUG] https://www.gstatic.com:443 "GET /generate_204 HTTP/1.1" 204 0
14:28:36 [INFO]    🎯 51.158.206.80 (Нидерланды) - 41.8Mbps, 171ms UDP✅ 🛡️
14:28:36 [DEBUG] Starting new HTTPS connection (1): dl.google.com:443
14:28:36 [DEBUG] Starting new HTTPS connection (1): dl.google.com:443
14:28:36 [DEBUG] https://dl.google.com:443 "GET /dl/android/studio/install/3.4.1.0/android-studio-ide-183.5522156-windows.exe HTTP/1.1" 200 1017327996
14:28:36 [DEBUG] https://dl.google.com:443 "GET /dl/android/studio/install/3.4.1.0/android-studio-ide-183.5522156-windows.exe HTTP/1.1" 200 1017327996
14:28:36 [INFO]    🎯 144.31.198.228 (Германия) - 31.8Mbps, 111ms UDP✅ 🛡️
14:28:36 [INFO]    🎯 94.103.1.230 (Нидерланды) - 28.3Mbps, 281ms UDP✅ 🛡️
14:28:37 [DEBUG] Starting new HTTPS connection (1): www.google.com:443
14:28:37 [DEBUG] Starting new HTTPS connection (1): cp.cloudflare.com:443
14:28:37 [DEBUG] Starting new HTTPS connection (1): www.google.com:443
14:28:37 [DEBUG] Starting new HTTPS connection (1): www.google.com:443
14:28:37 [DEBUG] Starting new HTTPS connection (1): cp.cloudflare.com:443
14:28:37 [DEBUG] https://www.google.com:443 "GET /generate_204 HTTP/1.1" 204 0
14:28:37 [DEBUG] Starting new HTTPS connection (1): cp.cloudflare.com:443
14:28:38 [DEBUG] Starting new HTTPS connection (1): cp.cloudflare.com:443
14:28:38 [DEBUG] Starting new HTTPS connection (1): www.gstatic.com:443
14:28:38 [DEBUG] Starting new HTTPS connection (1): www.google.com:443
14:28:38 [DEBUG] Starting new HTTPS connection (1): www.google.com:443
14:28:38 [DEBUG] Starting new HTTPS connection (1): cp.cloudflare.com:443
14:28:38 [DEBUG] Starting new HTTPS connection (1): www.gstatic.com:443
14:28:39 [DEBUG] Starting new HTTPS connection (1): cp.cloudflare.com:443
14:28:39 [DEBUG] Starting new HTTPS connection (1): www.gstatic.com:443
14:28:39 [DEBUG] Starting new HTTPS connection (1): cp.cloudflare.com:443
14:28:39 [DEBUG] Starting new HTTPS connection (1): www.google.com:443
14:28:39 [DEBUG] Starting new HTTPS connection (1): cp.cloudflare.com:443
14:28:39 [DEBUG] https://cp.cloudflare.com:443 "GET / HTTP/1.1" 204 0
14:28:39 [DEBUG] Starting new HTTPS connection (1): www.gstatic.com:443
14:28:39 [DEBUG] Starting new HTTPS connection (1): www.gstatic.com:443
14:28:40 [DEBUG] Starting new HTTPS connection (1): www.google.com:443
14:28:40 [DEBUG] https://www.google.com:443 "GET /generate_204 HTTP/1.1" 204 0
14:28:40 [DEBUG] Starting new HTTPS connection (1): cp.cloudflare.com:443
14:28:40 [DEBUG] https://cp.cloudflare.com:443 "GET / HTTP/1.1" 204 0
14:28:40 [DEBUG] Starting new HTTPS connection (1): www.gstatic.com:443
14:28:40 [DEBUG] Starting new HTTPS connection (1): www.gstatic.com:443
14:28:40 [DEBUG] https://www.gstatic.com:443 "GET /generate_204 HTTP/1.1" 204 0
14:28:40 [DEBUG] Starting new HTTPS connection (1): dl.google.com:443
14:28:40 [DEBUG] https://cp.cloudflare.com:443 "GET / HTTP/1.1" 204 0
14:28:40 [DEBUG] Starting new HTTPS connection (1): www.gstatic.com:443
14:28:40 [DEBUG] Starting new HTTPS connection (1): cp.cloudflare.com:443
14:28:40 [DEBUG] Starting new HTTPS connection (1): www.google.com:443
14:28:41 [DEBUG] https://www.google.com:443 "GET /generate_204 HTTP/1.1" 204 0
14:28:41 [DEBUG] Starting new HTTPS connection (1): cp.cloudflare.com:443
14:28:41 [DEBUG] https://cp.cloudflare.com:443 "GET / HTTP/1.1" 204 0
14:28:41 [DEBUG] Starting new HTTPS connection (1): www.gstatic.com:443
14:28:41 [DEBUG] https://www.gstatic.com:443 "GET /generate_204 HTTP/1.1" 204 0
14:28:41 [DEBUG] Starting new HTTPS connection (1): dl.google.com:443
14:28:41 [DEBUG] https://dl.google.com:443 "GET /dl/android/studio/install/3.4.1.0/android-studio-ide-183.5522156-windows.exe HTTP/1.1" 200 1017327996
14:28:41 [DEBUG] https://dl.google.com:443 "GET /dl/android/studio/install/3.4.1.0/android-studio-ide-183.5522156-windows.exe HTTP/1.1" 200 1017327996
14:28:41 [INFO]    🎯 5.253.59.44 (Нидерланды) - 13.2Mbps, 110ms UDP✅ 🛡️
14:28:41 [INFO]    🎯 51.158.206.20 (Нидерланды) - 48.2Mbps, 81ms UDP✅ 🛡️
14:28:41 [DEBUG] Starting new HTTPS connection (1): cp.cloudflare.com:443
14:28:42 [DEBUG] Starting new HTTPS connection (1): www.google.com:443
14:28:42 [DEBUG] Starting new HTTPS connection (1): www.google.com:443
14:28:42 [DEBUG] Starting new HTTPS connection (1): www.google.com:443
14:28:42 [DEBUG] https://www.google.com:443 "GET /generate_204 HTTP/1.1" 204 0
14:28:42 [DEBUG] Starting new HTTPS connection (1): cp.cloudflare.com:443
14:28:42 [DEBUG] https://cp.cloudflare.com:443 "GET / HTTP/1.1" 204 0
14:28:42 [DEBUG] Starting new HTTPS connection (1): www.gstatic.com:443
14:28:42 [DEBUG] https://www.gstatic.com:443 "GET /generate_204 HTTP/1.1" 204 0
14:28:42 [DEBUG] Starting new HTTPS connection (1): dl.google.com:443
14:28:42 [DEBUG] https://cp.cloudflare.com:443 "GET / HTTP/1.1" 204 0
14:28:42 [DEBUG] Starting new HTTPS connection (1): www.gstatic.com:443
14:28:42 [DEBUG] Starting new HTTPS connection (1): www.gstatic.com:443
14:28:42 [DEBUG] https://dl.google.com:443 "GET /dl/android/studio/install/3.4.1.0/android-studio-ide-183.5522156-windows.exe HTTP/1.1" 200 1017327996
14:28:42 [INFO]    🎯 51.158.206.26 (Нидерланды) - 61.4Mbps, 73ms UDP✅ 🛡️
14:28:43 [DEBUG] https://www.gstatic.com:443 "GET /generate_204 HTTP/1.1" 204 0
14:28:43 [DEBUG] Starting new HTTPS connection (1): dl.google.com:443
14:28:43 [DEBUG] https://dl.google.com:443 "GET /dl/android/studio/install/3.4.1.0/android-studio-ide-183.5522156-windows.exe HTTP/1.1" 200 1017327996
14:28:43 [DEBUG] Starting new HTTPS connection (1): www.gstatic.com:443
14:28:43 [DEBUG] https://www.gstatic.com:443 "GET /generate_204 HTTP/1.1" 204 0
14:28:43 [INFO]    🎯 94.228.215.11 (Нидерланды) - 19.8Mbps, 668ms UDP✅ 🛡️
14:28:43 [DEBUG] Starting new HTTPS connection (1): www.google.com:443
14:28:44 [DEBUG] https://www.google.com:443 "GET /generate_204 HTTP/1.1" 204 0
14:28:44 [DEBUG] Starting new HTTPS connection (1): cp.cloudflare.com:443
14:28:44 [DEBUG] https://cp.cloudflare.com:443 "GET / HTTP/1.1" 204 0
14:28:44 [DEBUG] Starting new HTTPS connection (1): www.gstatic.com:443
14:28:44 [DEBUG] Starting new HTTPS connection (1): www.google.com:443
14:28:44 [DEBUG] https://www.google.com:443 "GET /generate_204 HTTP/1.1" 204 0
14:28:44 [DEBUG] Starting new HTTPS connection (1): cp.cloudflare.com:443
14:28:44 [DEBUG] Starting new HTTPS connection (1): cp.cloudflare.com:443
14:28:44 [DEBUG] https://cp.cloudflare.com:443 "GET / HTTP/1.1" 204 0
14:28:44 [DEBUG] Starting new HTTPS connection (1): www.gstatic.com:443
14:28:44 [DEBUG] https://www.gstatic.com:443 "GET /generate_204 HTTP/1.1" 204 0
14:28:44 [DEBUG] Starting new HTTPS connection (1): www.google.com:443
14:28:44 [DEBUG] https://www.gstatic.com:443 "GET /generate_204 HTTP/1.1" 204 0
14:28:44 [DEBUG] Starting new HTTPS connection (1): dl.google.com:443
14:28:44 [DEBUG] https://www.google.com:443 "GET /generate_204 HTTP/1.1" 204 0
14:28:44 [DEBUG] Starting new HTTPS connection (1): cp.cloudflare.com:443
14:28:44 [DEBUG] Starting new HTTPS connection (1): dl.google.com:443
14:28:45 [DEBUG] https://dl.google.com:443 "GET /dl/android/studio/install/3.4.1.0/android-studio-ide-183.5522156-windows.exe HTTP/1.1" 200 1017327996
14:28:45 [DEBUG] https://cp.cloudflare.com:443 "GET / HTTP/1.1" 204 0
14:28:45 [DEBUG] Starting new HTTPS connection (1): www.gstatic.com:443
14:28:45 [INFO]    🎯 212.80.7.206 (Германия) - 45.7Mbps, 99ms UDP✅ 🛡️
14:28:45 [DEBUG] https://www.gstatic.com:443 "GET /generate_204 HTTP/1.1" 204 0
14:28:45 [DEBUG] https://dl.google.com:443 "GET /dl/android/studio/install/3.4.1.0/android-studio-ide-183.5522156-windows.exe HTTP/1.1" 200 1017327996
14:28:45 [DEBUG] Starting new HTTPS connection (1): www.google.com:443
14:28:45 [INFO]    🎯 138.124.79.4 (Нидерланды) - 26.6Mbps, 274ms UDP✅ 🛡️
14:28:45 [DEBUG] Starting new HTTPS connection (1): www.google.com:443
14:28:45 [DEBUG] https://www.google.com:443 "GET /generate_204 HTTP/1.1" 204 0
14:28:45 [DEBUG] Starting new HTTPS connection (1): cp.cloudflare.com:443
14:28:45 [DEBUG] Starting new HTTPS connection (1): www.google.com:443
14:28:45 [DEBUG] Starting new HTTPS connection (1): cp.cloudflare.com:443
14:28:45 [DEBUG] Starting new HTTPS connection (1): www.gstatic.com:443
14:28:46 [DEBUG] Starting new HTTPS connection (1): www.google.com:443
14:28:46 [DEBUG] Starting new HTTPS connection (1): www.google.com:443
14:28:46 [DEBUG] Starting new HTTPS connection (1): cp.cloudflare.com:443
14:28:46 [DEBUG] https://www.google.com:443 "GET /generate_204 HTTP/1.1" 204 0
14:28:46 [DEBUG] Starting new HTTPS connection (1): cp.cloudflare.com:443
14:28:46 [DEBUG] Starting new HTTPS connection (1): www.gstatic.com:443
14:28:46 [DEBUG] https://cp.cloudflare.com:443 "GET / HTTP/1.1" 204 0
14:28:46 [DEBUG] Starting new HTTPS connection (1): www.gstatic.com:443
14:28:46 [DEBUG] Starting new HTTPS connection (1): www.google.com:443
14:28:46 [DEBUG] https://www.gstatic.com:443 "GET /generate_204 HTTP/1.1" 204 0
14:28:46 [DEBUG] Starting new HTTPS connection (1): dl.google.com:443
14:28:46 [DEBUG] Starting new HTTPS connection (1): dl.google.com:443
14:28:47 [DEBUG] https://www.google.com:443 "GET /generate_204 HTTP/1.1" 204 0
14:28:47 [DEBUG] Starting new HTTPS connection (1): cp.cloudflare.com:443
14:28:47 [DEBUG] https://dl.google.com:443 "GET /dl/android/studio/install/3.4.1.0/android-studio-ide-183.5522156-windows.exe HTTP/1.1" 200 1017327996
14:28:47 [INFO]    🎯 217.154.254.198 (Германия) - 48.3Mbps, 144ms UDP✅ 🛡️
14:28:47 [INFO]    📊 Глобальные: 160/400 (40%) | ✅40 ❌120
14:28:47 [DEBUG] https://cp.cloudflare.com:443 "GET / HTTP/1.1" 204 0
14:28:47 [DEBUG] Starting new HTTPS connection (1): www.gstatic.com:443
14:28:47 [DEBUG] https://www.google.com:443 "GET /generate_204 HTTP/1.1" 204 0
14:28:47 [DEBUG] Starting new HTTPS connection (1): cp.cloudflare.com:443
14:28:47 [DEBUG] https://www.gstatic.com:443 "GET /generate_204 HTTP/1.1" 204 0
14:28:47 [DEBUG] Starting new HTTPS connection (1): dl.google.com:443
14:28:47 [DEBUG] https://dl.google.com:443 "GET /dl/android/studio/install/3.4.1.0/android-studio-ide-183.5522156-windows.exe HTTP/1.1" 200 1017327996
14:28:47 [DEBUG] https://cp.cloudflare.com:443 "GET / HTTP/1.1" 204 0
14:28:47 [DEBUG] Starting new HTTPS connection (1): www.gstatic.com:443
14:28:48 [DEBUG] Starting new HTTPS connection (1): cp.cloudflare.com:443
14:28:48 [DEBUG] Starting new HTTPS connection (1): dl.google.com:443
14:28:48 [DEBUG] Starting new HTTPS connection (1): www.google.com:443
14:28:48 [DEBUG] https://www.gstatic.com:443 "GET /generate_204 HTTP/1.1" 204 0
14:28:48 [DEBUG] Starting new HTTPS connection (1): cp.cloudflare.com:443
14:28:48 [DEBUG] https://dl.google.com:443 "GET /dl/android/studio/install/3.4.1.0/android-studio-ide-183.5522156-windows.exe HTTP/1.1" 200 1017327996
14:28:48 [DEBUG] Starting new HTTPS connection (1): www.gstatic.com:443
14:28:48 [INFO]    🎯 152.53.51.199 (Австрия) - 44.6Mbps, 126ms UDP❌ 🛡️
14:28:48 [DEBUG] Starting new HTTPS connection (1): dl.google.com:443
14:28:49 [DEBUG] Starting new HTTPS connection (1): www.google.com:443
14:28:49 [DEBUG] Starting new HTTPS connection (1): www.google.com:443
14:28:49 [DEBUG] Starting new HTTPS connection (1): www.gstatic.com:443
14:28:49 [DEBUG] Starting new HTTPS connection (1): cp.cloudflare.com:443
14:28:49 [DEBUG] https://dl.google.com:443 "GET /dl/android/studio/install/3.4.1.0/android-studio-ide-183.5522156-windows.exe HTTP/1.1" 200 1017327996
14:28:49 [DEBUG] Starting new HTTPS connection (1): www.gstatic.com:443
14:28:49 [DEBUG] https://www.gstatic.com:443 "GET /generate_204 HTTP/1.1" 204 0
14:28:49 [DEBUG] Starting new HTTPS connection (1): dl.google.com:443
14:28:49 [DEBUG] Starting new HTTPS connection (1): www.google.com:443
14:28:50 [INFO]    🎯 152.53.51.29 (Австрия) - 4.5Mbps, 172ms UDP✅ 🛡️
14:28:50 [DEBUG] Starting new HTTPS connection (1): www.gstatic.com:443
14:28:50 [DEBUG] https://dl.google.com:443 "GET /dl/android/studio/install/3.4.1.0/android-studio-ide-183.5522156-windows.exe HTTP/1.1" 200 1017327996
14:28:50 [INFO]    🎯 151.236.15.72 (Германия) - 14.4Mbps, 150ms UDP✅ 🛡️
14:28:50 [DEBUG] Starting new HTTPS connection (1): www.gstatic.com:443
14:28:50 [DEBUG] Starting new HTTPS connection (1): www.google.com:443
14:28:50 [DEBUG] https://www.google.com:443 "GET /generate_204 HTTP/1.1" 204 0
14:28:50 [DEBUG] Starting new HTTPS connection (1): cp.cloudflare.com:443
14:28:51 [DEBUG] https://cp.cloudflare.com:443 "GET / HTTP/1.1" 204 0
14:28:51 [DEBUG] Starting new HTTPS connection (1): www.gstatic.com:443
14:28:51 [DEBUG] https://dl.google.com:443 "GET /dl/android/studio/install/3.4.1.0/android-studio-ide-183.5522156-windows.exe HTTP/1.1" 200 1017327996
14:28:51 [INFO]    🎯 37.218.247.35 (Нидерланды) - 3.0Mbps, 1112ms UDP❌ 🛡️
14:28:51 [DEBUG] https://www.gstatic.com:443 "GET /generate_204 HTTP/1.1" 204 0
14:28:51 [DEBUG] Starting new HTTPS connection (1): www.google.com:443
14:28:51 [DEBUG] Starting new HTTPS connection (1): dl.google.com:443
14:28:51 [DEBUG] Starting new HTTPS connection (1): cp.cloudflare.com:443
14:28:51 [INFO]    🎯 188.253.26.39 (Нидерланды) - 4.2Mbps, 701ms UDP✅ 🛡️
14:28:51 [DEBUG] Starting new HTTPS connection (1): www.google.com:443
14:28:51 [DEBUG] Starting new HTTPS connection (1): www.gstatic.com:443
14:28:51 [DEBUG] Starting new HTTPS connection (1): cp.cloudflare.com:443
14:28:51 [DEBUG] https://dl.google.com:443 "GET /dl/android/studio/install/3.4.1.0/android-studio-ide-183.5522156-windows.exe HTTP/1.1" 200 1017327996
14:28:51 [DEBUG] Starting new HTTPS connection (1): www.gstatic.com:443
14:28:51 [DEBUG] Starting new HTTPS connection (1): cp.cloudflare.com:443
14:28:52 [INFO]    🎯 38.180.144.156 (Австрия) - 16.2Mbps, 207ms UDP✅ 🛡️
14:28:52 [DEBUG] Starting new HTTPS connection (1): www.google.com:443
14:28:52 [DEBUG] Starting new HTTPS connection (1): cp.cloudflare.com:443
14:28:52 [DEBUG] Starting new HTTPS connection (1): cp.cloudflare.com:443
14:28:52 [DEBUG] Starting new HTTPS connection (1): www.gstatic.com:443
14:28:52 [DEBUG] Starting new HTTPS connection (1): www.google.com:443
14:28:52 [DEBUG] Starting new HTTPS connection (1): www.google.com:443
14:28:52 [DEBUG] Starting new HTTPS connection (1): www.google.com:443
14:28:53 [DEBUG] Starting new HTTPS connection (1): www.google.com:443
14:28:53 [DEBUG] https://www.google.com:443 "GET /generate_204 HTTP/1.1" 204 0
14:28:53 [DEBUG] Starting new HTTPS connection (1): cp.cloudflare.com:443
14:28:53 [DEBUG] Starting new HTTPS connection (1): www.google.com:443
14:28:53 [DEBUG] https://www.google.com:443 "GET /generate_204 HTTP/1.1" 204 0
14:28:53 [DEBUG] Starting new HTTPS connection (1): cp.cloudflare.com:443
14:28:53 [DEBUG] https://cp.cloudflare.com:443 "GET / HTTP/1.1" 204 0
14:28:53 [DEBUG] Starting new HTTPS connection (1): www.gstatic.com:443
14:28:53 [DEBUG] Starting new HTTPS connection (1): cp.cloudflare.com:443
14:28:53 [DEBUG] https://cp.cloudflare.com:443 "GET / HTTP/1.1" 204 0
14:28:53 [DEBUG] Starting new HTTPS connection (1): www.gstatic.com:443
14:28:53 [DEBUG] https://www.gstatic.com:443 "GET /generate_204 HTTP/1.1" 204 0
14:28:53 [DEBUG] Starting new HTTPS connection (1): www.gstatic.com:443
14:28:53 [DEBUG] Starting new HTTPS connection (1): dl.google.com:443
14:28:53 [DEBUG] https://www.gstatic.com:443 "GET /generate_204 HTTP/1.1" 204 0
14:28:53 [DEBUG] Starting new HTTPS connection (1): dl.google.com:443
14:28:54 [DEBUG] https://dl.google.com:443 "GET /dl/android/studio/install/3.4.1.0/android-studio-ide-183.5522156-windows.exe HTTP/1.1" 404 1449
14:28:54 [INFO]    🎯 38.180.144.156 (Австрия) - 0.0Mbps, 178ms UDP✅ 🛡️
14:28:54 [DEBUG] Starting new HTTPS connection (1): www.google.com:443
14:28:54 [DEBUG] Starting new HTTPS connection (1): www.gstatic.com:443
14:28:54 [DEBUG] https://dl.google.com:443 "GET /dl/android/studio/install/3.4.1.0/android-studio-ide-183.5522156-windows.exe HTTP/1.1" 200 1017327996
14:28:54 [DEBUG] https://www.google.com:443 "GET /generate_204 HTTP/1.1" 204 0
14:28:54 [DEBUG] Starting new HTTPS connection (1): cp.cloudflare.com:443
14:28:54 [DEBUG] https://cp.cloudflare.com:443 "GET / HTTP/1.1" 204 0
14:28:54 [DEBUG] Starting new HTTPS connection (1): www.gstatic.com:443
14:28:54 [DEBUG] https://www.gstatic.com:443 "GET /generate_204 HTTP/1.1" 204 0
14:28:54 [DEBUG] https://www.google.com:443 "GET /generate_204 HTTP/1.1" 204 0
14:28:54 [DEBUG] Starting new HTTPS connection (1): cp.cloudflare.com:443
14:28:54 [DEBUG] Starting new HTTPS connection (1): dl.google.com:443
14:28:54 [DEBUG] Starting new HTTPS connection (1): www.google.com:443
14:28:55 [DEBUG] Starting new HTTPS connection (1): www.google.com:443
14:28:55 [DEBUG] Starting new HTTPS connection (1): cp.cloudflare.com:443
14:28:55 [DEBUG] https://dl.google.com:443 "GET /dl/android/studio/install/3.4.1.0/android-studio-ide-183.5522156-windows.exe HTTP/1.1" 200 1017327996
14:28:55 [DEBUG] https://cp.cloudflare.com:443 "GET / HTTP/1.1" 204 0
14:28:55 [DEBUG] Starting new HTTPS connection (1): www.gstatic.com:443
14:28:55 [DEBUG] Starting new HTTPS connection (1): www.gstatic.com:443
14:28:55 [INFO]    🎯 91.84.109.124 (Нидерланды) - 29.5Mbps, 161ms UDP✅ 🛡️
14:28:55 [DEBUG] https://www.gstatic.com:443 "GET /generate_204 HTTP/1.1" 204 0
14:28:55 [DEBUG] Starting new HTTPS connection (1): www.gstatic.com:443
14:28:55 [DEBUG] Starting new HTTPS connection (1): www.google.com:443
14:28:55 [DEBUG] Starting new HTTPS connection (1): dl.google.com:443
14:28:55 [DEBUG] https://www.google.com:443 "GET /generate_204 HTTP/1.1" 204 0
14:28:55 [DEBUG] Starting new HTTPS connection (1): cp.cloudflare.com:443
14:28:55 [DEBUG] https://dl.google.com:443 "GET /dl/android/studio/install/3.4.1.0/android-studio-ide-183.5522156-windows.exe HTTP/1.1" 200 1017327996
14:28:55 [DEBUG] https://cp.cloudflare.com:443 "GET / HTTP/1.1" 204 0
14:28:55 [DEBUG] Starting new HTTPS connection (1): www.gstatic.com:443
14:28:56 [DEBUG] https://www.gstatic.com:443 "GET /generate_204 HTTP/1.1" 204 0
14:28:56 [DEBUG] Starting new HTTPS connection (1): dl.google.com:443
14:28:56 [DEBUG] Starting new HTTPS connection (1): www.google.com:443
14:28:56 [DEBUG] Starting new HTTPS connection (1): cp.cloudflare.com:443
14:28:56 [DEBUG] https://dl.google.com:443 "GET /dl/android/studio/install/3.4.1.0/android-studio-ide-183.5522156-windows.exe HTTP/1.1" 200 1017327996
14:28:56 [DEBUG] Starting new HTTPS connection (1): www.google.com:443
14:28:56 [DEBUG] Starting new HTTPS connection (1): www.gstatic.com:443
14:28:56 [DEBUG] Starting new HTTPS connection (1): cp.cloudflare.com:443
14:28:56 [DEBUG] https://www.google.com:443 "GET /generate_204 HTTP/1.1" 204 0
14:28:56 [DEBUG] Starting new HTTPS connection (1): cp.cloudflare.com:443
14:28:56 [DEBUG] https://cp.cloudflare.com:443 "GET / HTTP/1.1" 204 0
14:28:56 [DEBUG] Starting new HTTPS connection (1): www.gstatic.com:443
14:28:57 [DEBUG] https://www.gstatic.com:443 "GET /generate_204 HTTP/1.1" 204 0
14:28:57 [INFO]    🎯 89.110.80.96 (Нидерланды) - 14.7Mbps, 170ms UDP✅ 🛡️
14:28:57 [DEBUG] Starting new HTTPS connection (1): dl.google.com:443
14:28:57 [DEBUG] https://www.google.com:443 "GET /generate_204 HTTP/1.1" 204 0
14:28:57 [DEBUG] Starting new HTTPS connection (1): cp.cloudflare.com:443
14:28:57 [DEBUG] https://dl.google.com:443 "GET /dl/android/studio/install/3.4.1.0/android-studio-ide-183.5522156-windows.exe HTTP/1.1" 200 1017327996
14:28:57 [DEBUG] Starting new HTTPS connection (1): www.google.com:443
14:28:57 [DEBUG] Starting new HTTPS connection (1): www.google.com:443
14:28:57 [DEBUG] Starting new HTTPS connection (1): cp.cloudflare.com:443
14:28:57 [DEBUG] https://www.google.com:443 "GET /generate_204 HTTP/1.1" 204 0
14:28:57 [DEBUG] Starting new HTTPS connection (1): cp.cloudflare.com:443
14:28:57 [DEBUG] https://cp.cloudflare.com:443 "GET / HTTP/1.1" 204 0
14:28:57 [DEBUG] Starting new HTTPS connection (1): www.gstatic.com:443
14:28:57 [INFO]    🎯 212.111.88.50 (Нидерланды) - 17.7Mbps, 202ms UDP✅ 🛡️
14:28:57 [DEBUG] https://www.gstatic.com:443 "GET /generate_204 HTTP/1.1" 204 0
14:28:57 [DEBUG] Starting new HTTPS connection (1): dl.google.com:443
14:28:58 [DEBUG] Starting new HTTPS connection (1): www.google.com:443
14:28:58 [DEBUG] Starting new HTTPS connection (1): cp.cloudflare.com:443
14:28:58 [DEBUG] https://dl.google.com:443 "GET /dl/android/studio/install/3.4.1.0/android-studio-ide-183.5522156-windows.exe HTTP/1.1" 200 1017327996
14:28:58 [DEBUG] Starting new HTTPS connection (1): www.gstatic.com:443
14:28:58 [INFO]    🎯 212.34.138.33 (Нидерланды) - 37.0Mbps, 133ms UDP✅ 🛡️
14:28:58 [DEBUG] Starting new HTTPS connection (1): www.gstatic.com:443
14:28:58 [DEBUG] Starting new HTTPS connection (1): www.google.com:443
14:28:58 [DEBUG] Starting new HTTPS connection (1): www.google.com:443
14:28:59 [DEBUG] Starting new HTTPS connection (1): www.google.com:443
14:28:59 [DEBUG] Starting new HTTPS connection (1): www.google.com:443
14:28:59 [DEBUG] Starting new HTTPS connection (1): cp.cloudflare.com:443
14:28:59 [DEBUG] https://www.google.com:443 "GET /generate_204 HTTP/1.1" 204 0
14:28:59 [DEBUG] Starting new HTTPS connection (1): cp.cloudflare.com:443
14:28:59 [DEBUG] Starting new HTTPS connection (1): www.gstatic.com:443
14:28:59 [DEBUG] https://cp.cloudflare.com:443 "GET / HTTP/1.1" 204 0
14:28:59 [DEBUG] Starting new HTTPS connection (1): www.gstatic.com:443
14:28:59 [DEBUG] https://www.gstatic.com:443 "GET /generate_204 HTTP/1.1" 204 0
14:28:59 [DEBUG] Starting new HTTPS connection (1): dl.google.com:443
14:29:00 [DEBUG] https://dl.google.com:443 "GET /dl/android/studio/install/3.4.1.0/android-studio-ide-183.5522156-windows.exe HTTP/1.1" 200 1017327996
14:29:00 [DEBUG] https://www.google.com:443 "GET /generate_204 HTTP/1.1" 204 0
14:29:00 [DEBUG] Starting new HTTPS connection (1): cp.cloudflare.com:443
14:29:00 [INFO]    🎯 195.26.224.112 (Нидерланды) - 23.9Mbps, 168ms UDP✅ 🛡️
14:29:00 [DEBUG] Starting new HTTPS connection (1): www.gstatic.com:443
14:29:00 [DEBUG] Starting new HTTPS connection (1): www.google.com:443
14:29:00 [DEBUG] Starting new HTTPS connection (1): www.google.com:443
14:29:01 [DEBUG] Starting new HTTPS connection (1): www.google.com:443
14:29:01 [DEBUG] https://cp.cloudflare.com:443 "GET / HTTP/1.1" 204 0
14:29:01 [DEBUG] Starting new HTTPS connection (1): www.gstatic.com:443
14:29:02 [DEBUG] https://www.google.com:443 "GET /generate_204 HTTP/1.1" 204 0
14:29:02 [DEBUG] Starting new HTTPS connection (1): cp.cloudflare.com:443
14:29:03 [DEBUG] https://www.google.com:443 "GET /generate_204 HTTP/1.1" 204 0
14:29:03 [DEBUG] Starting new HTTPS connection (1): cp.cloudflare.com:443
14:29:04 [DEBUG] https://www.gstatic.com:443 "GET /generate_204 HTTP/1.1" 204 0
14:29:04 [DEBUG] Starting new HTTPS connection (1): www.gstatic.com:443
14:29:04 [DEBUG] Starting new HTTPS connection (1): cp.cloudflare.com:443
14:29:04 [DEBUG] Starting new HTTPS connection (1): www.gstatic.com:443
14:29:04 [DEBUG] Starting new HTTPS connection (1): cp.cloudflare.com:443
14:29:05 [DEBUG] Starting new HTTPS connection (1): dl.google.com:443
14:29:05 [DEBUG] Starting new HTTPS connection (1): www.google.com:443
14:29:05 [DEBUG] Starting new HTTPS connection (1): www.google.com:443
14:29:06 [INFO]    🎯 212.34.153.15 (Нидерланды) - 1.0Mbps, 311ms UDP✅ 🛡️
14:29:06 [DEBUG] https://www.google.com:443 "GET /generate_204 HTTP/1.1" 204 0
14:29:06 [DEBUG] Starting new HTTPS connection (1): cp.cloudflare.com:443
14:29:06 [DEBUG] https://dl.google.com:443 "GET /dl/android/studio/install/3.4.1.0/android-studio-ide-183.5522156-windows.exe HTTP/1.1" 200 1017327996
14:29:07 [DEBUG] https://cp.cloudflare.com:443 "GET / HTTP/1.1" 204 0
14:29:07 [DEBUG] Starting new HTTPS connection (1): www.gstatic.com:443
14:29:07 [DEBUG] https://www.google.com:443 "GET /generate_204 HTTP/1.1" 204 0
14:29:07 [DEBUG] Starting new HTTPS connection (1): cp.cloudflare.com:443
14:29:07 [DEBUG] Starting new HTTPS connection (1): www.google.com:443
14:29:07 [DEBUG] Starting new HTTPS connection (1): cp.cloudflare.com:443
14:29:07 [DEBUG] Starting new HTTPS connection (1): www.gstatic.com:443
14:29:07 [DEBUG] https://cp.cloudflare.com:443 "GET / HTTP/1.1" 204 0
14:29:07 [DEBUG] Starting new HTTPS connection (1): www.gstatic.com:443
14:29:07 [DEBUG] Starting new HTTPS connection (1): www.gstatic.com:443
14:29:08 [DEBUG] https://www.gstatic.com:443 "GET /generate_204 HTTP/1.1" 204 0
14:29:08 [DEBUG] Starting new HTTPS connection (1): www.google.com:443
14:29:08 [DEBUG] Starting new HTTPS connection (1): cp.cloudflare.com:443
14:29:08 [DEBUG] Starting new HTTPS connection (1): www.gstatic.com:443
14:29:08 [DEBUG] Starting new HTTPS connection (1): www.gstatic.com:443
14:29:09 [DEBUG] https://www.gstatic.com:443 "GET /generate_204 HTTP/1.1" 204 0
14:29:09 [DEBUG] https://www.gstatic.com:443 "GET /generate_204 HTTP/1.1" 204 0
14:29:09 [DEBUG] Starting new HTTPS connection (1): www.google.com:443
14:29:09 [DEBUG] Starting new HTTPS connection (1): dl.google.com:443
14:29:10 [DEBUG] Starting new HTTPS connection (1): cp.cloudflare.com:443
14:29:10 [DEBUG] Starting new HTTPS connection (1): www.gstatic.com:443
14:29:10 [INFO]    🎯 185.21.14.122 (Нидерланды) - 0.9Mbps, 853ms UDP✅ 🛡️
14:29:10 [DEBUG] Starting new HTTPS connection (1): dl.google.com:443
14:29:10 [DEBUG] Starting new HTTPS connection (1): dl.google.com:443
14:29:10 [DEBUG] https://cp.cloudflare.com:443 "GET / HTTP/1.1" 204 0
14:29:10 [DEBUG] Starting new HTTPS connection (1): www.gstatic.com:443
14:29:11 [DEBUG] Starting new HTTPS connection (1): www.google.com:443
14:29:11 [DEBUG] Starting new HTTPS connection (1): www.google.com:443
14:29:11 [DEBUG] Starting new HTTPS connection (1): cp.cloudflare.com:443
14:29:11 [DEBUG] Starting new HTTPS connection (1): www.gstatic.com:443
14:29:12 [DEBUG] Starting new HTTPS connection (1): www.google.com:443
14:29:12 [DEBUG] https://dl.google.com:443 "GET /dl/android/studio/install/3.4.1.0/android-studio-ide-183.5522156-windows.exe HTTP/1.1" 200 1017327996
14:29:12 [DEBUG] Starting new HTTPS connection (1): cp.cloudflare.com:443
14:29:12 [DEBUG] Starting new HTTPS connection (1): www.gstatic.com:443
14:29:12 [DEBUG] https://dl.google.com:443 "GET /dl/android/studio/install/3.4.1.0/android-studio-ide-183.5522156-windows.exe HTTP/1.1" 200 1017327996
14:29:13 [DEBUG] Starting new HTTPS connection (1): www.google.com:443
14:29:13 [DEBUG] https://dl.google.com:443 "GET /dl/android/studio/install/3.4.1.0/android-studio-ide-183.5522156-windows.exe HTTP/1.1" 200 1017327996
14:29:13 [DEBUG] Starting new HTTPS connection (1): cp.cloudflare.com:443
14:29:13 [DEBUG] Starting new HTTPS connection (1): www.gstatic.com:443
14:29:13 [INFO]    🎯 77.238.231.156 (Нидерланды) - 1.7Mbps, 3059ms UDP✅ 🛡️
14:29:13 [INFO]    📊 Глобальные: 200/400 (50%) | ✅55 ❌145
14:29:13 [DEBUG] Starting new HTTPS connection (1): cp.cloudflare.com:443
14:29:13 [INFO]    🎯 91.84.112.93 (Нидерланды) - 3.9Mbps, 2789ms UDP✅ 🛡️
14:29:13 [DEBUG] Starting new HTTPS connection (1): www.google.com:443
14:29:13 [DEBUG] https://www.google.com:443 "GET /generate_204 HTTP/1.1" 204 0
14:29:13 [DEBUG] Starting new HTTPS connection (1): cp.cloudflare.com:443
14:29:13 [DEBUG] https://cp.cloudflare.com:443 "GET / HTTP/1.1" 204 0
14:29:13 [DEBUG] Starting new HTTPS connection (1): www.gstatic.com:443
14:29:13 [DEBUG] https://www.gstatic.com:443 "GET /generate_204 HTTP/1.1" 204 0
14:29:13 [DEBUG] Starting new HTTPS connection (1): dl.google.com:443
14:29:14 [DEBUG] Starting new HTTPS connection (1): www.google.com:443
14:29:14 [DEBUG] Starting new HTTPS connection (1): www.google.com:443
14:29:14 [DEBUG] Starting new HTTPS connection (1): cp.cloudflare.com:443
14:29:14 [DEBUG] Starting new HTTPS connection (1): www.gstatic.com:443
14:29:14 [DEBUG] Starting new HTTPS connection (1): www.google.com:443
14:29:14 [DEBUG] https://www.google.com:443 "GET /generate_204 HTTP/1.1" 204 0
14:29:14 [DEBUG] Starting new HTTPS connection (1): cp.cloudflare.com:443
14:29:14 [DEBUG] https://cp.cloudflare.com:443 "GET / HTTP/1.1" 204 0
14:29:14 [DEBUG] Starting new HTTPS connection (1): www.gstatic.com:443
14:29:14 [DEBUG] https://www.gstatic.com:443 "GET /generate_204 HTTP/1.1" 204 0
14:29:14 [DEBUG] https://www.gstatic.com:443 "GET /generate_204 HTTP/1.1" 204 0
14:29:14 [DEBUG] Starting new HTTPS connection (1): dl.google.com:443
14:29:15 [DEBUG] https://dl.google.com:443 "GET /dl/android/studio/install/3.4.1.0/android-studio-ide-183.5522156-windows.exe HTTP/1.1" 200 1017327996
14:29:15 [DEBUG] https://dl.google.com:443 "GET /dl/android/studio/install/3.4.1.0/android-studio-ide-183.5522156-windows.exe HTTP/1.1" 200 1017327996
14:29:15 [DEBUG] Starting new HTTPS connection (1): www.google.com:443
14:29:15 [DEBUG] Starting new HTTPS connection (1): www.gstatic.com:443
14:29:15 [DEBUG] https://www.google.com:443 "GET /generate_204 HTTP/1.1" 204 0
14:29:15 [DEBUG] Starting new HTTPS connection (1): cp.cloudflare.com:443
14:29:15 [INFO]    🎯 62.210.91.10 (Франция) - 24.3Mbps, 186ms UDP✅ 🛡️
14:29:15 [DEBUG] https://cp.cloudflare.com:443 "GET / HTTP/1.1" 204 0
14:29:15 [DEBUG] Starting new HTTPS connection (1): www.gstatic.com:443
14:29:15 [DEBUG] Starting new HTTPS connection (1): cp.cloudflare.com:443
14:29:15 [DEBUG] Starting new HTTPS connection (1): www.google.com:443
14:29:15 [DEBUG] Starting new HTTPS connection (1): www.gstatic.com:443
14:29:15 [DEBUG] https://www.gstatic.com:443 "GET /generate_204 HTTP/1.1" 204 0
14:29:15 [DEBUG] Starting new HTTPS connection (1): dl.google.com:443
14:29:15 [DEBUG] https://dl.google.com:443 "GET /dl/android/studio/install/3.4.1.0/android-studio-ide-183.5522156-windows.exe HTTP/1.1" 200 1017327996
14:29:15 [DEBUG] Starting new HTTPS connection (1): dl.google.com:443
14:29:15 [INFO]    🎯 62.210.91.2 (Франция) - 46.3Mbps, 120ms UDP✅ 🛡️
14:29:16 [DEBUG] Starting new HTTPS connection (1): www.google.com:443
14:29:16 [DEBUG] Starting new HTTPS connection (1): cp.cloudflare.com:443
14:29:16 [DEBUG] Starting new HTTPS connection (1): www.gstatic.com:443
14:29:16 [DEBUG] Starting new HTTPS connection (1): www.google.com:443
14:29:16 [DEBUG] Starting new HTTPS connection (1): cp.cloudflare.com:443
14:29:16 [DEBUG] Starting new HTTPS connection (1): www.gstatic.com:443
14:29:16 [DEBUG] Starting new HTTPS connection (1): www.google.com:443
14:29:17 [DEBUG] Starting new HTTPS connection (1): cp.cloudflare.com:443
14:29:17 [INFO]    🎯 216.106.189.101 (Франция) - 4.1Mbps, 151ms UDP✅ 🛡️
14:29:17 [DEBUG] Starting new HTTPS connection (1): www.gstatic.com:443
14:29:17 [DEBUG] Starting new HTTPS connection (1): www.google.com:443
14:29:17 [DEBUG] Starting new HTTPS connection (1): cp.cloudflare.com:443
14:29:17 [DEBUG] Starting new HTTPS connection (1): www.google.com:443
14:29:18 [DEBUG] Starting new HTTPS connection (1): cp.cloudflare.com:443
14:29:18 [DEBUG] Starting new HTTPS connection (1): www.gstatic.com:443
14:29:18 [DEBUG] Starting new HTTPS connection (1): www.google.com:443
14:29:18 [DEBUG] Starting new HTTPS connection (1): cp.cloudflare.com:443
14:29:18 [DEBUG] Starting new HTTPS connection (1): www.google.com:443
14:29:18 [DEBUG] Starting new HTTPS connection (1): www.gstatic.com:443
14:29:18 [DEBUG] Starting new HTTPS connection (1): www.google.com:443
14:29:18 [DEBUG] Starting new HTTPS connection (1): cp.cloudflare.com:443
14:29:18 [DEBUG] Starting new HTTPS connection (1): www.gstatic.com:443
14:29:18 [DEBUG] https://www.google.com:443 "GET /generate_204 HTTP/1.1" 204 0
14:29:18 [DEBUG] Starting new HTTPS connection (1): cp.cloudflare.com:443
14:29:19 [DEBUG] Starting new HTTPS connection (1): www.google.com:443
14:29:19 [DEBUG] Starting new HTTPS connection (1): cp.cloudflare.com:443
14:29:19 [DEBUG] https://cp.cloudflare.com:443 "GET / HTTP/1.1" 204 0
14:29:19 [DEBUG] Starting new HTTPS connection (1): www.gstatic.com:443
14:29:19 [DEBUG] Starting new HTTPS connection (1): www.gstatic.com:443
14:29:19 [DEBUG] Starting new HTTPS connection (1): www.google.com:443
14:29:19 [DEBUG] Starting new HTTPS connection (1): cp.cloudflare.com:443
14:29:19 [DEBUG] Starting new HTTPS connection (1): www.gstatic.com:443
14:29:19 [DEBUG] https://www.gstatic.com:443 "GET /generate_204 HTTP/1.1" 204 0
14:29:19 [DEBUG] Starting new HTTPS connection (1): www.google.com:443
14:29:19 [DEBUG] Starting new HTTPS connection (1): cp.cloudflare.com:443
14:29:19 [DEBUG] Starting new HTTPS connection (1): www.gstatic.com:443
14:29:19 [DEBUG] Starting new HTTPS connection (1): dl.google.com:443
14:29:20 [DEBUG] Starting new HTTPS connection (1): www.gstatic.com:443
14:29:20 [DEBUG] Starting new HTTPS connection (1): www.google.com:443
14:29:20 [DEBUG] Starting new HTTPS connection (1): www.google.com:443
14:29:20 [DEBUG] https://dl.google.com:443 "GET /dl/android/studio/install/3.4.1.0/android-studio-ide-183.5522156-windows.exe HTTP/1.1" 404 1449
14:29:20 [INFO]    🎯 5.182.38.91 (Венгрия) - 0.0Mbps, 486ms UDP✅ 🛡️
14:29:20 [DEBUG] Starting new HTTPS connection (1): cp.cloudflare.com:443
14:29:20 [DEBUG] Starting new HTTPS connection (1): www.google.com:443
14:29:20 [DEBUG] Starting new HTTPS connection (1): www.gstatic.com:443
14:29:20 [DEBUG] https://www.google.com:443 "GET /generate_204 HTTP/1.1" 204 0
14:29:20 [DEBUG] Starting new HTTPS connection (1): cp.cloudflare.com:443
14:29:21 [INFO]    🎯 91.84.102.30 (Нидерланды) - 0.0Mbps, 2449ms UDP✅ 🛡️
14:29:21 [DEBUG] Starting new HTTPS connection (1): www.google.com:443
14:29:21 [DEBUG] Starting new HTTPS connection (1): cp.cloudflare.com:443
14:29:21 [DEBUG] Starting new HTTPS connection (1): www.gstatic.com:443
14:29:22 [DEBUG] Starting new HTTPS connection (1): www.google.com:443
14:29:22 [DEBUG] Starting new HTTPS connection (1): www.google.com:443
14:29:22 [DEBUG] Starting new HTTPS connection (1): cp.cloudflare.com:443
14:29:22 [DEBUG] Starting new HTTPS connection (1): www.gstatic.com:443
14:29:22 [DEBUG] Starting new HTTPS connection (1): www.google.com:443
14:29:23 [DEBUG] Starting new HTTPS connection (1): cp.cloudflare.com:443
14:29:23 [DEBUG] Starting new HTTPS connection (1): www.google.com:443
14:29:23 [DEBUG] Starting new HTTPS connection (1): www.google.com:443
14:29:23 [DEBUG] Starting new HTTPS connection (1): www.gstatic.com:443
14:29:24 [DEBUG] Starting new HTTPS connection (1): cp.cloudflare.com:443
14:29:24 [DEBUG] Starting new HTTPS connection (1): cp.cloudflare.com:443
14:29:24 [DEBUG] Starting new HTTPS connection (1): www.google.com:443
14:29:24 [DEBUG] Starting new HTTPS connection (1): cp.cloudflare.com:443
14:29:24 [DEBUG] Starting new HTTPS connection (1): cp.cloudflare.com:443
14:29:24 [DEBUG] Starting new HTTPS connection (1): www.gstatic.com:443
14:29:24 [DEBUG] Starting new HTTPS connection (1): www.gstatic.com:443
14:29:25 [DEBUG] https://www.google.com:443 "GET /generate_204 HTTP/1.1" 204 0
14:29:25 [DEBUG] Starting new HTTPS connection (1): cp.cloudflare.com:443
14:29:25 [DEBUG] https://cp.cloudflare.com:443 "GET / HTTP/1.1" 204 0
14:29:25 [DEBUG] Starting new HTTPS connection (1): www.gstatic.com:443
14:29:26 [DEBUG] Starting new HTTPS connection (1): www.google.com:443
14:29:26 [DEBUG] Starting new HTTPS connection (1): cp.cloudflare.com:443
14:29:26 [DEBUG] Starting new HTTPS connection (1): www.gstatic.com:443
14:29:26 [DEBUG] Starting new HTTPS connection (1): www.gstatic.com:443
14:29:27 [DEBUG] Starting new HTTPS connection (1): cp.cloudflare.com:443
14:29:27 [DEBUG] Starting new HTTPS connection (1): www.google.com:443
14:29:27 [DEBUG] https://cp.cloudflare.com:443 "GET / HTTP/1.1" 204 0
14:29:27 [DEBUG] Starting new HTTPS connection (1): www.gstatic.com:443
14:29:28 [DEBUG] Starting new HTTPS connection (1): www.gstatic.com:443
14:29:29 [DEBUG] Starting new HTTPS connection (1): www.gstatic.com:443
14:29:29 [DEBUG] https://www.gstatic.com:443 "GET /generate_204 HTTP/1.1" 204 0
14:29:29 [DEBUG] Starting new HTTPS connection (1): cp.cloudflare.com:443
14:29:30 [DEBUG] Starting new HTTPS connection (1): www.google.com:443
14:29:30 [DEBUG] Starting new HTTPS connection (1): cp.cloudflare.com:443
14:29:30 [DEBUG] Starting new HTTPS connection (1): www.gstatic.com:443
14:29:30 [DEBUG] Starting new HTTPS connection (1): www.google.com:443
14:29:30 [DEBUG] https://www.gstatic.com:443 "GET /generate_204 HTTP/1.1" 204 0
14:29:31 [DEBUG] Starting new HTTPS connection (1): www.google.com:443
14:29:31 [DEBUG] https://www.google.com:443 "GET /generate_204 HTTP/1.1" 204 0
14:29:31 [DEBUG] Starting new HTTPS connection (1): cp.cloudflare.com:443
14:29:32 [DEBUG] Starting new HTTPS connection (1): dl.google.com:443
14:29:32 [DEBUG] Starting new HTTPS connection (1): www.gstatic.com:443
14:29:32 [DEBUG] https://cp.cloudflare.com:443 "GET / HTTP/1.1" 204 0
14:29:32 [DEBUG] Starting new HTTPS connection (1): www.gstatic.com:443
14:29:32 [DEBUG] https://dl.google.com:443 "GET /dl/android/studio/install/3.4.1.0/android-studio-ide-183.5522156-windows.exe HTTP/1.1" 200 1017327996
14:29:32 [INFO]    🎯 158.58.172.189 (Италия) - 31.9Mbps, 1782ms UDP✅ 🛡️
14:29:32 [DEBUG] https://www.gstatic.com:443 "GET /generate_204 HTTP/1.1" 204 0
14:29:32 [DEBUG] Starting new HTTPS connection (1): dl.google.com:443
14:29:32 [DEBUG] Starting new HTTPS connection (1): www.google.com:443
14:29:32 [DEBUG] Starting new HTTPS connection (1): dl.google.com:443
14:29:33 [DEBUG] https://dl.google.com:443 "GET /dl/android/studio/install/3.4.1.0/android-studio-ide-183.5522156-windows.exe HTTP/1.1" 200 1017327996
14:29:33 [DEBUG] Starting new HTTPS connection (1): www.google.com:443
14:29:33 [DEBUG] Starting new HTTPS connection (1): cp.cloudflare.com:443
14:29:33 [DEBUG] Starting new HTTPS connection (1): www.gstatic.com:443
14:29:33 [DEBUG] Starting new HTTPS connection (1): www.google.com:443
14:29:33 [DEBUG] Starting new HTTPS connection (1): cp.cloudflare.com:443
14:29:33 [INFO]    🎯 91.107.121.223 (Британия) - 17.8Mbps, 376ms UDP✅ 🛡️
14:29:33 [DEBUG] Starting new HTTPS connection (1): www.gstatic.com:443
14:29:34 [DEBUG] Starting new HTTPS connection (1): www.google.com:443
14:29:34 [DEBUG] Starting new HTTPS connection (1): cp.cloudflare.com:443
14:29:34 [DEBUG] Starting new HTTPS connection (1): www.gstatic.com:443
14:29:34 [DEBUG] Starting new HTTPS connection (1): www.google.com:443
14:29:34 [DEBUG] Starting new HTTPS connection (1): cp.cloudflare.com:443
14:29:34 [DEBUG] Starting new HTTPS connection (1): www.google.com:443
14:29:34 [DEBUG] Starting new HTTPS connection (1): www.gstatic.com:443
14:29:34 [DEBUG] Starting new HTTPS connection (1): cp.cloudflare.com:443
14:29:34 [DEBUG] Starting new HTTPS connection (1): cp.cloudflare.com:443
14:29:34 [DEBUG] Starting new HTTPS connection (1): www.gstatic.com:443
14:29:35 [DEBUG] Starting new HTTPS connection (1): www.google.com:443
14:29:35 [INFO]    🎯 91.84.113.114 (Нидерланды) - 0.5Mbps, 3569ms UDP✅ 🛡️
14:29:35 [INFO]    📊 Глобальные: 240/400 (60%) | ✅64 ❌176
14:29:35 [DEBUG] Starting new HTTPS connection (1): www.google.com:443
14:29:35 [DEBUG] Starting new HTTPS connection (1): www.google.com:443
14:29:35 [DEBUG] Starting new HTTPS connection (1): cp.cloudflare.com:443
14:29:35 [DEBUG] Starting new HTTPS connection (1): cp.cloudflare.com:443
14:29:35 [DEBUG] Starting new HTTPS connection (1): www.gstatic.com:443
14:29:35 [DEBUG] Starting new HTTPS connection (1): www.google.com:443
14:29:35 [DEBUG] Starting new HTTPS connection (1): cp.cloudflare.com:443
14:29:35 [DEBUG] Starting new HTTPS connection (1): www.gstatic.com:443
14:29:36 [DEBUG] Starting new HTTPS connection (1): www.gstatic.com:443
14:29:36 [DEBUG] Starting new HTTPS connection (1): www.google.com:443
14:29:36 [DEBUG] https://www.google.com:443 "GET /generate_204 HTTP/1.1" 204 0
14:29:36 [DEBUG] Starting new HTTPS connection (1): cp.cloudflare.com:443
14:29:36 [DEBUG] Starting new HTTPS connection (1): cp.cloudflare.com:443
14:29:36 [DEBUG] https://cp.cloudflare.com:443 "GET / HTTP/1.1" 204 0
14:29:36 [DEBUG] Starting new HTTPS connection (1): www.gstatic.com:443
14:29:36 [DEBUG] Starting new HTTPS connection (1): www.google.com:443
14:29:36 [DEBUG] https://www.gstatic.com:443 "GET /generate_204 HTTP/1.1" 204 0
14:29:36 [DEBUG] Starting new HTTPS connection (1): www.google.com:443
14:29:36 [DEBUG] Starting new HTTPS connection (1): cp.cloudflare.com:443
14:29:36 [DEBUG] Starting new HTTPS connection (1): www.gstatic.com:443
14:29:37 [DEBUG] Starting new HTTPS connection (1): dl.google.com:443
14:29:37 [DEBUG] https://cp.cloudflare.com:443 "GET / HTTP/1.1" 204 0
14:29:37 [DEBUG] Starting new HTTPS connection (1): www.gstatic.com:443
14:29:37 [DEBUG] https://dl.google.com:443 "GET /dl/android/studio/install/3.4.1.0/android-studio-ide-183.5522156-windows.exe HTTP/1.1" 200 1017327996
14:29:37 [DEBUG] Starting new HTTPS connection (1): www.google.com:443
14:29:37 [DEBUG] Starting new HTTPS connection (1): cp.cloudflare.com:443
14:29:37 [INFO]    🎯 nl04-vlr01.tcp-reset-club.net (XX) - 22.9Mbps, 155ms UDP✅ 🛡️
14:29:37 [DEBUG] Starting new HTTPS connection (1): www.gstatic.com:443
14:29:37 [DEBUG] Starting new HTTPS connection (1): www.google.com:443
14:29:38 [DEBUG] https://www.google.com:443 "GET /generate_204 HTTP/1.1" 204 0
14:29:38 [DEBUG] Starting new HTTPS connection (1): cp.cloudflare.com:443
14:29:38 [DEBUG] https://cp.cloudflare.com:443 "GET / HTTP/1.1" 204 0
14:29:38 [DEBUG] Starting new HTTPS connection (1): www.gstatic.com:443
14:29:38 [DEBUG] https://www.gstatic.com:443 "GET /generate_204 HTTP/1.1" 204 0
14:29:38 [DEBUG] https://dl.google.com:443 "GET /dl/android/studio/install/3.4.1.0/android-studio-ide-183.5522156-windows.exe HTTP/1.1" 404 1449
14:29:38 [INFO]    🎯 140.238.100.35 (Британия) - 0.0Mbps, 4002ms UDP❌ 🛡️
14:29:38 [DEBUG] Starting new HTTPS connection (1): dl.google.com:443
14:29:38 [DEBUG] https://dl.google.com:443 "GET /dl/android/studio/install/3.4.1.0/android-studio-ide-183.5522156-windows.exe HTTP/1.1" 200 1017327996
14:29:38 [DEBUG] Starting new HTTPS connection (1): www.google.com:443
14:29:38 [INFO]    🎯 45.15.162.85 (CY) - 51.5Mbps, 116ms UDP✅ 🛡️
14:29:38 [DEBUG] Starting new HTTPS connection (1): www.google.com:443
14:29:39 [DEBUG] Starting new HTTPS connection (1): cp.cloudflare.com:443
14:29:39 [DEBUG] Starting new HTTPS connection (1): www.google.com:443
14:29:39 [DEBUG] Starting new HTTPS connection (1): www.gstatic.com:443
14:29:39 [DEBUG] Starting new HTTPS connection (1): cp.cloudflare.com:443
14:29:39 [DEBUG] Starting new HTTPS connection (1): cp.cloudflare.com:443
14:29:39 [DEBUG] Starting new HTTPS connection (1): www.gstatic.com:443
14:29:39 [DEBUG] Starting new HTTPS connection (1): www.google.com:443
14:29:39 [DEBUG] Starting new HTTPS connection (1): cp.cloudflare.com:443
14:29:39 [DEBUG] Starting new HTTPS connection (1): www.gstatic.com:443
14:29:40 [DEBUG] Starting new HTTPS connection (1): www.google.com:443
14:29:40 [DEBUG] Starting new HTTPS connection (1): www.gstatic.com:443
14:29:40 [DEBUG] Starting new HTTPS connection (1): www.google.com:443
14:29:40 [DEBUG] Starting new HTTPS connection (1): cp.cloudflare.com:443
14:29:40 [DEBUG] Starting new HTTPS connection (1): www.gstatic.com:443
14:29:40 [DEBUG] Starting new HTTPS connection (1): cp.cloudflare.com:443
14:29:40 [DEBUG] Starting new HTTPS connection (1): www.gstatic.com:443
14:29:40 [DEBUG] Starting new HTTPS connection (1): cp.cloudflare.com:443
14:29:40 [DEBUG] Starting new HTTPS connection (1): cp.cloudflare.com:443
14:29:41 [DEBUG] Starting new HTTPS connection (1): www.google.com:443
14:29:41 [DEBUG] Starting new HTTPS connection (1): cp.cloudflare.com:443
14:29:41 [DEBUG] Starting new HTTPS connection (1): www.gstatic.com:443
14:29:41 [DEBUG] Starting new HTTPS connection (1): www.gstatic.com:443
14:29:41 [DEBUG] Starting new HTTPS connection (1): www.google.com:443
14:29:41 [DEBUG] Starting new HTTPS connection (1): www.google.com:443
14:29:41 [DEBUG] https://cp.cloudflare.com:443 "GET / HTTP/1.1" 204 0
14:29:41 [DEBUG] Starting new HTTPS connection (1): www.gstatic.com:443
14:29:41 [DEBUG] https://www.google.com:443 "GET /generate_204 HTTP/1.1" 204 0
14:29:41 [DEBUG] Starting new HTTPS connection (1): cp.cloudflare.com:443
14:29:42 [DEBUG] Starting new HTTPS connection (1): cp.cloudflare.com:443
14:29:42 [DEBUG] Starting new HTTPS connection (1): www.google.com:443
14:29:42 [DEBUG] Starting new HTTPS connection (1): www.google.com:443
14:29:42 [DEBUG] https://cp.cloudflare.com:443 "GET / HTTP/1.1" 204 0
14:29:42 [DEBUG] Starting new HTTPS connection (1): cp.cloudflare.com:443
14:29:42 [DEBUG] Starting new HTTPS connection (1): www.gstatic.com:443
14:29:42 [DEBUG] Starting new HTTPS connection (1): www.gstatic.com:443
14:29:42 [DEBUG] Starting new HTTPS connection (1): www.gstatic.com:443
14:29:42 [DEBUG] https://www.gstatic.com:443 "GET /generate_204 HTTP/1.1" 204 0
14:29:42 [INFO]    🎯 64.188.104.168 (Германия) - 0.2Mbps, 3438ms UDP✅ 🛡️
14:29:42 [DEBUG] Starting new HTTPS connection (1): dl.google.com:443
14:29:42 [DEBUG] https://www.gstatic.com:443 "GET /generate_204 HTTP/1.1" 204 0
14:29:42 [DEBUG] https://dl.google.com:443 "GET /dl/android/studio/install/3.4.1.0/android-studio-ide-183.5522156-windows.exe HTTP/1.1" 200 1017327996
14:29:42 [INFO]    🎯 de4.socialup.live (XX) - 40.7Mbps, 190ms UDP✅ 🛡️
14:29:42 [DEBUG] Starting new HTTPS connection (1): www.google.com:443
14:29:43 [DEBUG] Starting new HTTPS connection (1): www.gstatic.com:443
14:29:43 [DEBUG] Starting new HTTPS connection (1): www.google.com:443
14:29:43 [DEBUG] https://www.google.com:443 "GET /generate_204 HTTP/1.1" 204 0
14:29:43 [DEBUG] Starting new HTTPS connection (1): cp.cloudflare.com:443
14:29:43 [DEBUG] Starting new HTTPS connection (1): www.google.com:443
14:29:43 [DEBUG] https://cp.cloudflare.com:443 "GET / HTTP/1.1" 204 0
14:29:43 [DEBUG] Starting new HTTPS connection (1): www.gstatic.com:443
14:29:43 [DEBUG] Starting new HTTPS connection (1): cp.cloudflare.com:443
14:29:43 [DEBUG] Starting new HTTPS connection (1): www.gstatic.com:443
14:29:43 [DEBUG] Starting new HTTPS connection (1): www.google.com:443
14:29:43 [DEBUG] https://www.gstatic.com:443 "GET /generate_204 HTTP/1.1" 204 0
14:29:43 [DEBUG] Starting new HTTPS connection (1): dl.google.com:443
14:29:43 [DEBUG] https://dl.google.com:443 "GET /dl/android/studio/install/3.4.1.0/android-studio-ide-183.5522156-windows.exe HTTP/1.1" 200 1017327996
14:29:43 [DEBUG] Starting new HTTPS connection (1): www.google.com:443
14:29:43 [DEBUG] Starting new HTTPS connection (1): cp.cloudflare.com:443
14:29:43 [DEBUG] Starting new HTTPS connection (1): www.gstatic.com:443
14:29:43 [INFO]    🎯 c6.play2go.cloud (XX) - 38.0Mbps, 103ms UDP✅ 🛡️
14:29:44 [DEBUG] Starting new HTTPS connection (1): cp.cloudflare.com:443
14:29:44 [DEBUG] Starting new HTTPS connection (1): www.google.com:443
14:29:44 [DEBUG] Starting new HTTPS connection (1): www.gstatic.com:443
14:29:44 [DEBUG] Starting new HTTPS connection (1): www.google.com:443
14:29:44 [DEBUG] Starting new HTTPS connection (1): www.google.com:443
14:29:45 [DEBUG] Starting new HTTPS connection (1): cp.cloudflare.com:443
14:29:45 [DEBUG] Starting new HTTPS connection (1): www.gstatic.com:443
14:29:45 [DEBUG] Starting new HTTPS connection (1): dl.google.com:443
14:29:45 [DEBUG] Starting new HTTPS connection (1): www.google.com:443
14:29:46 [DEBUG] https://www.google.com:443 "GET /generate_204 HTTP/1.1" 204 0
14:29:46 [DEBUG] Starting new HTTPS connection (1): cp.cloudflare.com:443
14:29:46 [DEBUG] Starting new HTTPS connection (1): www.google.com:443
14:29:46 [DEBUG] Starting new HTTPS connection (1): www.google.com:443
14:29:46 [DEBUG] Starting new HTTPS connection (1): cp.cloudflare.com:443
14:29:46 [DEBUG] Starting new HTTPS connection (1): cp.cloudflare.com:443
14:29:46 [DEBUG] Starting new HTTPS connection (1): www.gstatic.com:443
14:29:46 [DEBUG] https://www.google.com:443 "GET /generate_204 HTTP/1.1" 204 0
14:29:46 [DEBUG] Starting new HTTPS connection (1): cp.cloudflare.com:443
14:29:46 [DEBUG] https://www.google.com:443 "GET /generate_204 HTTP/1.1" 204 0
14:29:46 [DEBUG] Starting new HTTPS connection (1): cp.cloudflare.com:443
14:29:46 [DEBUG] Starting new HTTPS connection (1): cp.cloudflare.com:443
14:29:46 [DEBUG] Starting new HTTPS connection (1): www.gstatic.com:443
14:29:47 [DEBUG] Starting new HTTPS connection (1): cp.cloudflare.com:443
14:29:47 [DEBUG] https://cp.cloudflare.com:443 "GET / HTTP/1.1" 204 0
14:29:47 [DEBUG] Starting new HTTPS connection (1): www.gstatic.com:443
14:29:47 [DEBUG] Starting new HTTPS connection (1): www.google.com:443
14:29:47 [DEBUG] Starting new HTTPS connection (1): cp.cloudflare.com:443
14:29:47 [DEBUG] Starting new HTTPS connection (1): www.gstatic.com:443
14:29:47 [DEBUG] https://www.gstatic.com:443 "GET /generate_204 HTTP/1.1" 204 0
14:29:48 [DEBUG] Starting new HTTPS connection (1): dl.google.com:443
14:29:48 [DEBUG] Starting new HTTPS connection (1): www.google.com:443
14:29:48 [DEBUG] https://dl.google.com:443 "GET /dl/android/studio/install/3.4.1.0/android-studio-ide-183.5522156-windows.exe HTTP/1.1" 200 1017327996
14:29:48 [DEBUG] https://dl.google.com:443 "GET /dl/android/studio/install/3.4.1.0/android-studio-ide-183.5522156-windows.exe HTTP/1.1" 200 1017327996
14:29:48 [DEBUG] Starting new HTTPS connection (1): www.google.com:443
14:29:49 [DEBUG] Starting new HTTPS connection (1): www.gstatic.com:443
14:29:49 [INFO]    🎯 nl01-gmn02-vlr01.tcp-reset-club.net (XX) - 3.5Mbps, 806ms UDP❌ 🛡️
14:29:49 [DEBUG] Starting new HTTPS connection (1): www.gstatic.com:443
14:29:49 [DEBUG] Starting new HTTPS connection (1): www.google.com:443
14:29:49 [INFO]    🎯 austria.pryanik.net.ru (XX) - 8.3Mbps, 537ms UDP✅ 🛡️
14:29:50 [DEBUG] Starting new HTTPS connection (1): www.gstatic.com:443
14:29:50 [DEBUG] Starting new HTTPS connection (1): www.google.com:443
14:29:50 [DEBUG] Starting new HTTPS connection (1): www.gstatic.com:443
14:29:50 [DEBUG] Starting new HTTPS connection (1): www.google.com:443
14:29:51 [DEBUG] Starting new HTTPS connection (1): cp.cloudflare.com:443
14:29:52 [DEBUG] Starting new HTTPS connection (1): www.google.com:443
14:29:52 [DEBUG] Starting new HTTPS connection (1): www.google.com:443
14:29:52 [DEBUG] Starting new HTTPS connection (1): cp.cloudflare.com:443
14:29:52 [DEBUG] Starting new HTTPS connection (1): www.gstatic.com:443
14:29:52 [DEBUG] Starting new HTTPS connection (1): cp.cloudflare.com:443
14:29:52 [DEBUG] Starting new HTTPS connection (1): cp.cloudflare.com:443
14:29:52 [DEBUG] Starting new HTTPS connection (1): www.gstatic.com:443
14:29:52 [DEBUG] Starting new HTTPS connection (1): cp.cloudflare.com:443
14:29:52 [DEBUG] Starting new HTTPS connection (1): www.gstatic.com:443
14:29:53 [DEBUG] Starting new HTTPS connection (1): www.google.com:443
14:29:53 [DEBUG] Starting new HTTPS connection (1): cp.cloudflare.com:443
14:29:53 [DEBUG] Starting new HTTPS connection (1): cp.cloudflare.com:443
14:29:53 [DEBUG] Starting new HTTPS connection (1): www.google.com:443
14:29:53 [DEBUG] Starting new HTTPS connection (1): www.gstatic.com:443
14:29:53 [DEBUG] Starting new HTTPS connection (1): cp.cloudflare.com:443
14:29:54 [DEBUG] Starting new HTTPS connection (1): www.google.com:443
14:29:54 [DEBUG] Starting new HTTPS connection (1): www.gstatic.com:443
14:29:54 [INFO]    📊 Глобальные: 280/400 (70%) | ✅72 ❌208
14:29:54 [DEBUG] Starting new HTTPS connection (1): cp.cloudflare.com:443
14:29:54 [DEBUG] Starting new HTTPS connection (1): www.gstatic.com:443
14:29:54 [DEBUG] Starting new HTTPS connection (1): www.google.com:443
14:29:54 [DEBUG] Starting new HTTPS connection (1): www.gstatic.com:443
14:29:54 [DEBUG] Starting new HTTPS connection (1): cp.cloudflare.com:443
14:29:54 [DEBUG] Starting new HTTPS connection (1): www.gstatic.com:443
14:29:54 [DEBUG] Starting new HTTPS connection (1): cp.cloudflare.com:443
14:29:54 [DEBUG] Starting new HTTPS connection (1): www.gstatic.com:443
14:29:55 [DEBUG] Starting new HTTPS connection (1): www.google.com:443
14:29:55 [DEBUG] Starting new HTTPS connection (1): www.google.com:443
14:29:55 [DEBUG] Starting new HTTPS connection (1): cp.cloudflare.com:443
14:29:55 [DEBUG] Starting new HTTPS connection (1): www.gstatic.com:443
14:29:55 [DEBUG] Starting new HTTPS connection (1): www.google.com:443
14:29:55 [DEBUG] Starting new HTTPS connection (1): cp.cloudflare.com:443
14:29:56 [DEBUG] Starting new HTTPS connection (1): www.google.com:443
14:29:56 [DEBUG] Starting new HTTPS connection (1): www.gstatic.com:443
14:29:56 [DEBUG] Starting new HTTPS connection (1): cp.cloudflare.com:443
14:29:56 [DEBUG] Starting new HTTPS connection (1): www.google.com:443
14:29:56 [DEBUG] https://cp.cloudflare.com:443 "GET / HTTP/1.1" 204 0
14:29:56 [DEBUG] Starting new HTTPS connection (1): www.gstatic.com:443
14:29:56 [DEBUG] Starting new HTTPS connection (1): cp.cloudflare.com:443
14:29:56 [DEBUG] Starting new HTTPS connection (1): www.gstatic.com:443
14:29:57 [DEBUG] Starting new HTTPS connection (1): www.gstatic.com:443
14:29:57 [DEBUG] Starting new HTTPS connection (1): www.google.com:443
14:29:57 [DEBUG] https://www.google.com:443 "GET /generate_204 HTTP/1.1" 204 0
14:29:57 [DEBUG] Starting new HTTPS connection (1): cp.cloudflare.com:443
14:29:57 [DEBUG] Starting new HTTPS connection (1): cp.cloudflare.com:443
14:29:57 [DEBUG] Starting new HTTPS connection (1): www.google.com:443
14:29:57 [DEBUG] https://cp.cloudflare.com:443 "GET / HTTP/1.1" 204 0
14:29:57 [DEBUG] Starting new HTTPS connection (1): www.gstatic.com:443
14:29:58 [DEBUG] Starting new HTTPS connection (1): www.google.com:443
14:29:58 [DEBUG] https://www.gstatic.com:443 "GET /generate_204 HTTP/1.1" 204 0
14:29:58 [DEBUG] https://www.gstatic.com:443 "GET /generate_204 HTTP/1.1" 204 0
14:29:58 [DEBUG] Starting new HTTPS connection (1): www.google.com:443
14:29:58 [DEBUG] Starting new HTTPS connection (1): cp.cloudflare.com:443
14:29:58 [DEBUG] Starting new HTTPS connection (1): dl.google.com:443
14:29:58 [DEBUG] Starting new HTTPS connection (1): www.gstatic.com:443
14:29:58 [DEBUG] Starting new HTTPS connection (1): www.gstatic.com:443
14:29:58 [DEBUG] Starting new HTTPS connection (1): www.google.com:443
14:29:59 [DEBUG] https://dl.google.com:443 "GET /dl/android/studio/install/3.4.1.0/android-studio-ide-183.5522156-windows.exe HTTP/1.1" 200 1017327996
14:29:59 [DEBUG] Starting new HTTPS connection (1): cp.cloudflare.com:443
14:29:59 [INFO]    🎯 swe01-vlr01.tcp-reset-club.net (XX) - 22.1Mbps, 350ms UDP✅ 🛡️
14:29:59 [DEBUG] Starting new HTTPS connection (1): www.google.com:443
14:29:59 [DEBUG] https://www.google.com:443 "GET /generate_204 HTTP/1.1" 204 0
14:29:59 [DEBUG] Starting new HTTPS connection (1): cp.cloudflare.com:443
14:29:59 [DEBUG] https://cp.cloudflare.com:443 "GET / HTTP/1.1" 204 0
14:29:59 [DEBUG] Starting new HTTPS connection (1): www.gstatic.com:443
14:29:59 [DEBUG] https://www.gstatic.com:443 "GET /generate_204 HTTP/1.1" 204 0
14:29:59 [DEBUG] Starting new HTTPS connection (1): dl.google.com:443
14:29:59 [DEBUG] https://dl.google.com:443 "GET /dl/android/studio/install/3.4.1.0/android-studio-ide-183.5522156-windows.exe HTTP/1.1" 200 1017327996
14:29:59 [INFO]    🎯 7.zaravds.cfd (XX) - 40.2Mbps, 68ms UDP✅ 🛡️
14:29:59 [DEBUG] Starting new HTTPS connection (1): www.google.com:443
14:29:59 [DEBUG] Starting new HTTPS connection (1): cp.cloudflare.com:443
14:29:59 [DEBUG] Starting new HTTPS connection (1): www.gstatic.com:443
14:29:59 [DEBUG] Starting new HTTPS connection (1): www.gstatic.com:443
14:30:00 [DEBUG] Starting new HTTPS connection (1): www.google.com:443
14:30:00 [DEBUG] Starting new HTTPS connection (1): cp.cloudflare.com:443
14:30:00 [DEBUG] Starting new HTTPS connection (1): cp.cloudflare.com:443
14:30:00 [DEBUG] Starting new HTTPS connection (1): www.gstatic.com:443
14:30:00 [DEBUG] Starting new HTTPS connection (1): cp.cloudflare.com:443
14:30:00 [DEBUG] Starting new HTTPS connection (1): www.gstatic.com:443
14:30:00 [DEBUG] Starting new HTTPS connection (1): www.google.com:443
14:30:01 [DEBUG] Starting new HTTPS connection (1): www.google.com:443
14:30:01 [DEBUG] Starting new HTTPS connection (1): dl.google.com:443
14:30:01 [DEBUG] Starting new HTTPS connection (1): cp.cloudflare.com:443
14:30:01 [DEBUG] Starting new HTTPS connection (1): www.gstatic.com:443
14:30:01 [DEBUG] Starting new HTTPS connection (1): www.google.com:443
14:30:01 [DEBUG] Starting new HTTPS connection (1): www.google.com:443
14:30:01 [DEBUG] Starting new HTTPS connection (1): www.gstatic.com:443
14:30:01 [DEBUG] Starting new HTTPS connection (1): cp.cloudflare.com:443
14:30:01 [DEBUG] Starting new HTTPS connection (1): www.gstatic.com:443
14:30:02 [DEBUG] Starting new HTTPS connection (1): www.google.com:443
14:30:02 [DEBUG] Starting new HTTPS connection (1): cp.cloudflare.com:443
14:30:02 [DEBUG] Starting new HTTPS connection (1): www.gstatic.com:443
14:30:02 [DEBUG] Starting new HTTPS connection (1): www.gstatic.com:443
14:30:02 [DEBUG] Starting new HTTPS connection (1): www.google.com:443
14:30:03 [DEBUG] Starting new HTTPS connection (1): www.google.com:443
14:30:03 [DEBUG] Starting new HTTPS connection (1): cp.cloudflare.com:443
14:30:03 [DEBUG] Starting new HTTPS connection (1): cp.cloudflare.com:443
14:30:03 [DEBUG] https://www.google.com:443 "GET /generate_204 HTTP/1.1" 204 0
14:30:03 [DEBUG] Starting new HTTPS connection (1): cp.cloudflare.com:443
14:30:03 [DEBUG] Starting new HTTPS connection (1): www.google.com:443
14:30:03 [DEBUG] Starting new HTTPS connection (1): cp.cloudflare.com:443
14:30:03 [DEBUG] https://cp.cloudflare.com:443 "GET / HTTP/1.1" 204 0
14:30:03 [DEBUG] Starting new HTTPS connection (1): www.gstatic.com:443
14:30:03 [DEBUG] Starting new HTTPS connection (1): www.gstatic.com:443
14:30:03 [DEBUG] Starting new HTTPS connection (1): www.gstatic.com:443
14:30:03 [DEBUG] Starting new HTTPS connection (1): www.google.com:443
14:30:03 [DEBUG] https://www.gstatic.com:443 "GET /generate_204 HTTP/1.1" 204 0
14:30:03 [DEBUG] Starting new HTTPS connection (1): cp.cloudflare.com:443
14:30:03 [DEBUG] Starting new HTTPS connection (1): www.google.com:443
14:30:03 [DEBUG] Starting new HTTPS connection (1): dl.google.com:443
14:30:03 [DEBUG] Starting new HTTPS connection (1): www.gstatic.com:443
14:30:03 [DEBUG] Starting new HTTPS connection (1): cp.cloudflare.com:443
14:30:03 [DEBUG] Starting new HTTPS connection (1): cp.cloudflare.com:443
14:30:04 [DEBUG] Starting new HTTPS connection (1): www.gstatic.com:443
14:30:04 [DEBUG] https://dl.google.com:443 "GET /dl/android/studio/install/3.4.1.0/android-studio-ide-183.5522156-windows.exe HTTP/1.1" 200 1017327996
14:30:04 [INFO]    🎯 poland.pryanik.net.ru (XX) - 31.8Mbps, 226ms UDP✅ 🛡️
14:30:04 [DEBUG] Starting new HTTPS connection (1): www.google.com:443
14:30:04 [DEBUG] Starting new HTTPS connection (1): cp.cloudflare.com:443
14:30:04 [DEBUG] Starting new HTTPS connection (1): www.gstatic.com:443
14:30:04 [DEBUG] Starting new HTTPS connection (1): www.google.com:443
14:30:04 [DEBUG] Starting new HTTPS connection (1): www.google.com:443
14:30:04 [DEBUG] Starting new HTTPS connection (1): cp.cloudflare.com:443
14:30:05 [DEBUG] Starting new HTTPS connection (1): www.gstatic.com:443
14:30:05 [DEBUG] Starting new HTTPS connection (1): www.google.com:443
14:30:05 [DEBUG] Starting new HTTPS connection (1): cp.cloudflare.com:443
14:30:05 [DEBUG] Starting new HTTPS connection (1): www.google.com:443
14:30:05 [DEBUG] Starting new HTTPS connection (1): www.gstatic.com:443
14:30:05 [DEBUG] Starting new HTTPS connection (1): cp.cloudflare.com:443
14:30:05 [DEBUG] Starting new HTTPS connection (1): www.gstatic.com:443
14:30:05 [DEBUG] https://www.google.com:443 "GET /generate_204 HTTP/1.1" 204 0
14:30:05 [DEBUG] Starting new HTTPS connection (1): cp.cloudflare.com:443
14:30:05 [DEBUG] Starting new HTTPS connection (1): www.gstatic.com:443
14:30:05 [DEBUG] Starting new HTTPS connection (1): www.google.com:443
14:30:06 [DEBUG] Starting new HTTPS connection (1): www.google.com:443
14:30:06 [DEBUG] Starting new HTTPS connection (1): cp.cloudflare.com:443
14:30:06 [DEBUG] Starting new HTTPS connection (1): www.gstatic.com:443
14:30:06 [DEBUG] Starting new HTTPS connection (1): cp.cloudflare.com:443
14:30:06 [DEBUG] Starting new HTTPS connection (1): www.gstatic.com:443
14:30:06 [INFO]    🎯 nl01-vlr01.tcp-reset-club.net (XX) - 0.0Mbps, 2394ms UDP❌ 🛡️
14:30:06 [DEBUG] Starting new HTTPS connection (1): www.google.com:443
14:30:06 [DEBUG] Starting new HTTPS connection (1): www.gstatic.com:443
14:30:06 [DEBUG] Starting new HTTPS connection (1): www.google.com:443
14:30:06 [DEBUG] Starting new HTTPS connection (1): www.google.com:443
14:30:06 [DEBUG] Starting new HTTPS connection (1): cp.cloudflare.com:443
14:30:06 [DEBUG] Starting new HTTPS connection (1): www.gstatic.com:443
14:30:07 [DEBUG] Starting new HTTPS connection (1): www.google.com:443
14:30:07 [DEBUG] Starting new HTTPS connection (1): www.google.com:443
14:30:07 [DEBUG] Starting new HTTPS connection (1): cp.cloudflare.com:443
14:30:07 [DEBUG] Starting new HTTPS connection (1): cp.cloudflare.com:443
14:30:07 [DEBUG] Starting new HTTPS connection (1): www.gstatic.com:443
14:30:07 [DEBUG] Starting new HTTPS connection (1): www.google.com:443
14:30:07 [DEBUG] Starting new HTTPS connection (1): www.gstatic.com:443
14:30:07 [DEBUG] Starting new HTTPS connection (1): cp.cloudflare.com:443
14:30:08 [DEBUG] Starting new HTTPS connection (1): www.gstatic.com:443
14:30:08 [DEBUG] Starting new HTTPS connection (1): www.google.com:443
14:30:08 [DEBUG] Starting new HTTPS connection (1): cp.cloudflare.com:443
14:30:08 [DEBUG] Starting new HTTPS connection (1): www.gstatic.com:443
14:30:08 [INFO]    📊 Глобальные: 320/400 (80%) | ✅76 ❌244
14:30:08 [DEBUG] Starting new HTTPS connection (1): www.google.com:443
14:30:08 [DEBUG] Starting new HTTPS connection (1): www.google.com:443
14:30:08 [DEBUG] Starting new HTTPS connection (1): cp.cloudflare.com:443
14:30:08 [DEBUG] Starting new HTTPS connection (1): cp.cloudflare.com:443
14:30:08 [DEBUG] Starting new HTTPS connection (1): www.google.com:443
14:30:08 [DEBUG] Starting new HTTPS connection (1): www.gstatic.com:443
14:30:08 [DEBUG] Starting new HTTPS connection (1): cp.cloudflare.com:443
14:30:09 [DEBUG] Starting new HTTPS connection (1): www.gstatic.com:443
14:30:09 [DEBUG] Starting new HTTPS connection (1): www.google.com:443
14:30:09 [DEBUG] Starting new HTTPS connection (1): cp.cloudflare.com:443
14:30:09 [DEBUG] Starting new HTTPS connection (1): www.google.com:443
14:30:09 [DEBUG] Starting new HTTPS connection (1): www.google.com:443
14:30:09 [DEBUG] Starting new HTTPS connection (1): www.gstatic.com:443
14:30:09 [DEBUG] Starting new HTTPS connection (1): cp.cloudflare.com:443
14:30:09 [DEBUG] Starting new HTTPS connection (1): www.gstatic.com:443
14:30:09 [DEBUG] Starting new HTTPS connection (1): www.gstatic.com:443
14:30:09 [DEBUG] Starting new HTTPS connection (1): cp.cloudflare.com:443
14:30:09 [DEBUG] Starting new HTTPS connection (1): www.gstatic.com:443
14:30:09 [DEBUG] Starting new HTTPS connection (1): cp.cloudflare.com:443
14:30:09 [DEBUG] Starting new HTTPS connection (1): www.google.com:443
14:30:10 [DEBUG] https://cp.cloudflare.com:443 "GET / HTTP/1.1" 204 0
14:30:10 [DEBUG] Starting new HTTPS connection (1): www.gstatic.com:443
14:30:10 [DEBUG] Starting new HTTPS connection (1): www.google.com:443
14:30:10 [DEBUG] Starting new HTTPS connection (1): cp.cloudflare.com:443
14:30:10 [DEBUG] Starting new HTTPS connection (1): cp.cloudflare.com:443
14:30:10 [DEBUG] Starting new HTTPS connection (1): www.gstatic.com:443
14:30:10 [DEBUG] Starting new HTTPS connection (1): www.google.com:443
14:30:10 [DEBUG] Starting new HTTPS connection (1): www.google.com:443
14:30:10 [DEBUG] Starting new HTTPS connection (1): www.gstatic.com:443
14:30:10 [DEBUG] Starting new HTTPS connection (1): www.google.com:443
14:30:10 [DEBUG] Starting new HTTPS connection (1): cp.cloudflare.com:443
14:30:10 [DEBUG] https://www.gstatic.com:443 "GET /generate_204 HTTP/1.1" 204 0
14:30:10 [DEBUG] Starting new HTTPS connection (1): cp.cloudflare.com:443
14:30:10 [DEBUG] Starting new HTTPS connection (1): www.gstatic.com:443
14:30:11 [DEBUG] Starting new HTTPS connection (1): www.gstatic.com:443
14:30:11 [DEBUG] Starting new HTTPS connection (1): www.gstatic.com:443
14:30:11 [DEBUG] Starting new HTTPS connection (1): www.google.com:443
14:30:11 [DEBUG] Starting new HTTPS connection (1): cp.cloudflare.com:443
14:30:11 [DEBUG] Starting new HTTPS connection (1): www.gstatic.com:443
14:30:11 [DEBUG] Starting new HTTPS connection (1): www.google.com:443
14:30:11 [DEBUG] Starting new HTTPS connection (1): cp.cloudflare.com:443
14:30:12 [DEBUG] Starting new HTTPS connection (1): www.gstatic.com:443
14:30:12 [DEBUG] Starting new HTTPS connection (1): www.google.com:443
14:30:12 [DEBUG] Starting new HTTPS connection (1): www.google.com:443
14:30:12 [DEBUG] Starting new HTTPS connection (1): www.google.com:443
14:30:12 [DEBUG] Starting new HTTPS connection (1): www.google.com:443
14:30:12 [DEBUG] Starting new HTTPS connection (1): cp.cloudflare.com:443
14:30:12 [DEBUG] Starting new HTTPS connection (1): cp.cloudflare.com:443
14:30:12 [DEBUG] Starting new HTTPS connection (1): cp.cloudflare.com:443
14:30:12 [DEBUG] Starting new HTTPS connection (1): www.gstatic.com:443
14:30:12 [DEBUG] Starting new HTTPS connection (1): www.gstatic.com:443
14:30:12 [DEBUG] Starting new HTTPS connection (1): www.gstatic.com:443
14:30:12 [DEBUG] Starting new HTTPS connection (1): cp.cloudflare.com:443
14:30:13 [DEBUG] Starting new HTTPS connection (1): www.google.com:443
14:30:13 [DEBUG] Starting new HTTPS connection (1): cp.cloudflare.com:443
14:30:13 [DEBUG] Starting new HTTPS connection (1): www.gstatic.com:443
14:30:13 [DEBUG] Starting new HTTPS connection (1): www.google.com:443
14:30:13 [DEBUG] Starting new HTTPS connection (1): www.google.com:443
14:30:13 [DEBUG] Starting new HTTPS connection (1): dl.google.com:443
14:30:13 [DEBUG] Starting new HTTPS connection (1): www.google.com:443
14:30:13 [DEBUG] Starting new HTTPS connection (1): cp.cloudflare.com:443
14:30:13 [DEBUG] https://www.google.com:443 "GET /generate_204 HTTP/1.1" 204 0
14:30:13 [DEBUG] Starting new HTTPS connection (1): cp.cloudflare.com:443
14:30:14 [DEBUG] https://cp.cloudflare.com:443 "GET / HTTP/1.1" 204 0
14:30:14 [DEBUG] Starting new HTTPS connection (1): www.gstatic.com:443
14:30:14 [DEBUG] https://www.gstatic.com:443 "GET /generate_204 HTTP/1.1" 204 0
14:30:14 [DEBUG] Starting new HTTPS connection (1): www.gstatic.com:443
14:30:14 [DEBUG] Starting new HTTPS connection (1): dl.google.com:443
14:30:14 [DEBUG] Starting new HTTPS connection (1): www.google.com:443
14:30:14 [DEBUG] Starting new HTTPS connection (1): cp.cloudflare.com:443
14:30:14 [DEBUG] Starting new HTTPS connection (1): www.google.com:443
14:30:14 [DEBUG] https://dl.google.com:443 "GET /dl/android/studio/install/3.4.1.0/android-studio-ide-183.5522156-windows.exe HTTP/1.1" 200 1017327996
14:30:14 [DEBUG] https://www.google.com:443 "GET /generate_204 HTTP/1.1" 204 0
14:30:14 [DEBUG] Starting new HTTPS connection (1): cp.cloudflare.com:443
14:30:14 [DEBUG] Starting new HTTPS connection (1): cp.cloudflare.com:443
14:30:14 [DEBUG] https://cp.cloudflare.com:443 "GET / HTTP/1.1" 204 0
14:30:14 [DEBUG] Starting new HTTPS connection (1): www.gstatic.com:443
14:30:14 [DEBUG] Starting new HTTPS connection (1): www.gstatic.com:443
14:30:15 [DEBUG] Starting new HTTPS connection (1): www.gstatic.com:443
14:30:15 [INFO]    🎯 uk1.miyazono-kaori.com (XX) - 12.6Mbps, 113ms UDP✅ 🛡️
14:30:15 [DEBUG] Starting new HTTPS connection (1): www.google.com:443
14:30:15 [DEBUG] Starting new HTTPS connection (1): cp.cloudflare.com:443
14:30:15 [DEBUG] https://www.google.com:443 "GET /generate_204 HTTP/1.1" 204 0
14:30:15 [DEBUG] Starting new HTTPS connection (1): cp.cloudflare.com:443
14:30:15 [DEBUG] Starting new HTTPS connection (1): www.gstatic.com:443
14:30:15 [INFO]    🎯 91.108.245.133 (Германия) - 0.2Mbps, 1392ms UDP✅ 🛡️
14:30:15 [DEBUG] https://cp.cloudflare.com:443 "GET / HTTP/1.1" 204 0
14:30:15 [DEBUG] Starting new HTTPS connection (1): www.gstatic.com:443
14:30:16 [DEBUG] Starting new HTTPS connection (1): www.google.com:443
14:30:16 [DEBUG] Starting new HTTPS connection (1): www.google.com:443
14:30:16 [DEBUG] Starting new HTTPS connection (1): cp.cloudflare.com:443
14:30:16 [DEBUG] Starting new HTTPS connection (1): www.gstatic.com:443
14:30:16 [DEBUG] https://www.google.com:443 "GET /generate_204 HTTP/1.1" 204 0
14:30:16 [DEBUG] Starting new HTTPS connection (1): cp.cloudflare.com:443
14:30:16 [DEBUG] Starting new HTTPS connection (1): www.google.com:443
14:30:16 [DEBUG] https://www.gstatic.com:443 "GET /generate_204 HTTP/1.1" 204 0
14:30:16 [DEBUG] Starting new HTTPS connection (1): www.gstatic.com:443
14:30:16 [DEBUG] Starting new HTTPS connection (1): www.google.com:443
14:30:16 [DEBUG] https://www.google.com:443 "GET /generate_204 HTTP/1.1" 204 0
14:30:16 [DEBUG] Starting new HTTPS connection (1): cp.cloudflare.com:443
14:30:17 [DEBUG] Starting new HTTPS connection (1): dl.google.com:443
14:30:17 [DEBUG] https://cp.cloudflare.com:443 "GET / HTTP/1.1" 204 0
14:30:17 [DEBUG] Starting new HTTPS connection (1): www.gstatic.com:443
14:30:17 [DEBUG] https://www.gstatic.com:443 "GET /generate_204 HTTP/1.1" 204 0
14:30:17 [DEBUG] Starting new HTTPS connection (1): www.google.com:443
14:30:17 [DEBUG] Starting new HTTPS connection (1): cp.cloudflare.com:443
14:30:17 [DEBUG] Starting new HTTPS connection (1): dl.google.com:443
14:30:17 [DEBUG] Starting new HTTPS connection (1): cp.cloudflare.com:443
14:30:17 [DEBUG] https://dl.google.com:443 "GET /dl/android/studio/install/3.4.1.0/android-studio-ide-183.5522156-windows.exe HTTP/1.1" 200 1017327996
14:30:17 [DEBUG] Starting new HTTPS connection (1): www.gstatic.com:443
14:30:17 [DEBUG] https://dl.google.com:443 "GET /dl/android/studio/install/3.4.1.0/android-studio-ide-183.5522156-windows.exe HTTP/1.1" 200 1017327996
14:30:17 [DEBUG] Starting new HTTPS connection (1): www.gstatic.com:443
14:30:17 [INFO]    🎯 45.12.143.191 (Турция) - 14.1Mbps, 760ms UDP✅ 🛡️
14:30:18 [DEBUG] https://dl.google.com:443 "GET /dl/android/studio/install/3.4.1.0/android-studio-ide-183.5522156-windows.exe HTTP/1.1" 200 1017327996
14:30:18 [INFO]    🎯 94.131.123.167 (Турция) - 19.6Mbps, 293ms UDP✅ 🛡️
14:30:18 [DEBUG] Starting new HTTPS connection (1): www.google.com:443
14:30:18 [DEBUG] Starting new HTTPS connection (1): cp.cloudflare.com:443
14:30:18 [DEBUG] Starting new HTTPS connection (1): cp.cloudflare.com:443
14:30:18 [DEBUG] Starting new HTTPS connection (1): www.gstatic.com:443
14:30:18 [DEBUG] Starting new HTTPS connection (1): www.google.com:443
14:30:18 [DEBUG] Starting new HTTPS connection (1): www.google.com:443
14:30:19 [DEBUG] https://www.google.com:443 "GET /generate_204 HTTP/1.1" 204 0
14:30:19 [DEBUG] Starting new HTTPS connection (1): cp.cloudflare.com:443
14:30:19 [DEBUG] Starting new HTTPS connection (1): www.google.com:443
14:30:19 [DEBUG] Starting new HTTPS connection (1): cp.cloudflare.com:443
14:30:19 [DEBUG] https://cp.cloudflare.com:443 "GET / HTTP/1.1" 204 0
14:30:19 [DEBUG] Starting new HTTPS connection (1): www.gstatic.com:443
14:30:19 [DEBUG] Starting new HTTPS connection (1): cp.cloudflare.com:443
14:30:19 [DEBUG] Starting new HTTPS connection (1): www.google.com:443
14:30:19 [DEBUG] Starting new HTTPS connection (1): cp.cloudflare.com:443
14:30:19 [DEBUG] Starting new HTTPS connection (1): www.gstatic.com:443
14:30:19 [DEBUG] Starting new HTTPS connection (1): www.gstatic.com:443
14:30:19 [DEBUG] https://www.gstatic.com:443 "GET /generate_204 HTTP/1.1" 204 0
14:30:19 [DEBUG] Starting new HTTPS connection (1): dl.google.com:443
14:30:19 [DEBUG] Starting new HTTPS connection (1): www.gstatic.com:443
14:30:19 [DEBUG] https://dl.google.com:443 "GET /dl/android/studio/install/3.4.1.0/android-studio-ide-183.5522156-windows.exe HTTP/1.1" 200 1017327996
14:30:20 [DEBUG] Starting new HTTPS connection (1): www.google.com:443
14:30:20 [INFO]    🎯 93.114.98.171 (Турция) - 26.0Mbps, 214ms UDP✅ 🛡️
14:30:20 [DEBUG] Starting new HTTPS connection (1): www.google.com:443
14:30:20 [DEBUG] Starting new HTTPS connection (1): cp.cloudflare.com:443
14:30:20 [DEBUG] Starting new HTTPS connection (1): cp.cloudflare.com:443
14:30:20 [DEBUG] Starting new HTTPS connection (1): www.gstatic.com:443
14:30:20 [DEBUG] Starting new HTTPS connection (1): www.gstatic.com:443
14:30:20 [DEBUG] Starting new HTTPS connection (1): www.gstatic.com:443
14:30:20 [DEBUG] Starting new HTTPS connection (1): www.google.com:443
14:30:20 [DEBUG] Starting new HTTPS connection (1): dl.google.com:443
14:30:20 [DEBUG] Starting new HTTPS connection (1): www.google.com:443
14:30:20 [DEBUG] Starting new HTTPS connection (1): www.google.com:443
14:30:20 [DEBUG] Starting new HTTPS connection (1): cp.cloudflare.com:443
14:30:20 [DEBUG] Starting new HTTPS connection (1): www.gstatic.com:443
14:30:20 [DEBUG] Starting new HTTPS connection (1): cp.cloudflare.com:443
14:30:21 [DEBUG] Starting new HTTPS connection (1): www.gstatic.com:443
14:30:21 [DEBUG] Starting new HTTPS connection (1): www.gstatic.com:443
14:30:21 [DEBUG] Starting new HTTPS connection (1): www.google.com:443
14:30:21 [DEBUG] Starting new HTTPS connection (1): www.google.com:443
14:30:21 [DEBUG] Starting new HTTPS connection (1): www.google.com:443
14:30:21 [DEBUG] https://www.google.com:443 "GET /generate_204 HTTP/1.1" 204 0
14:30:21 [DEBUG] Starting new HTTPS connection (1): cp.cloudflare.com:443
14:30:21 [DEBUG] Starting new HTTPS connection (1): cp.cloudflare.com:443
14:30:21 [DEBUG] https://cp.cloudflare.com:443 "GET / HTTP/1.1" 204 0
14:30:21 [DEBUG] Starting new HTTPS connection (1): www.gstatic.com:443
14:30:21 [DEBUG] Starting new HTTPS connection (1): www.gstatic.com:443
14:30:22 [DEBUG] https://www.gstatic.com:443 "GET /generate_204 HTTP/1.1" 204 0
14:30:22 [INFO]    📊 Глобальные: 360/400 (90%) | ✅81 ❌279
14:30:22 [DEBUG] Starting new HTTPS connection (1): www.google.com:443
14:30:22 [DEBUG] Starting new HTTPS connection (1): www.google.com:443
14:30:22 [DEBUG] Starting new HTTPS connection (1): dl.google.com:443
14:30:22 [DEBUG] Starting new HTTPS connection (1): cp.cloudflare.com:443
14:30:22 [DEBUG] Starting new HTTPS connection (1): www.gstatic.com:443
14:30:22 [DEBUG] Starting new HTTPS connection (1): cp.cloudflare.com:443
14:30:22 [DEBUG] https://dl.google.com:443 "GET /dl/android/studio/install/3.4.1.0/android-studio-ide-183.5522156-windows.exe HTTP/1.1" 200 1017327996
14:30:22 [DEBUG] Starting new HTTPS connection (1): www.gstatic.com:443
14:30:23 [DEBUG] Starting new HTTPS connection (1): www.google.com:443
14:30:23 [DEBUG] Starting new HTTPS connection (1): cp.cloudflare.com:443
14:30:23 [DEBUG] Starting new HTTPS connection (1): cp.cloudflare.com:443
14:30:23 [DEBUG] Starting new HTTPS connection (1): www.gstatic.com:443
14:30:23 [DEBUG] Starting new HTTPS connection (1): www.google.com:443
14:30:23 [DEBUG] Starting new HTTPS connection (1): cp.cloudflare.com:443
14:30:23 [DEBUG] Starting new HTTPS connection (1): www.gstatic.com:443
14:30:24 [DEBUG] Starting new HTTPS connection (1): www.google.com:443
14:30:24 [DEBUG] Starting new HTTPS connection (1): www.google.com:443
14:30:24 [DEBUG] Starting new HTTPS connection (1): cp.cloudflare.com:443
14:30:24 [DEBUG] Starting new HTTPS connection (1): www.gstatic.com:443
14:30:24 [DEBUG] https://www.google.com:443 "GET /generate_204 HTTP/1.1" 204 0
14:30:24 [DEBUG] Starting new HTTPS connection (1): cp.cloudflare.com:443
14:30:24 [DEBUG] Starting new HTTPS connection (1): www.google.com:443
14:30:24 [DEBUG] Starting new HTTPS connection (1): cp.cloudflare.com:443
14:30:24 [DEBUG] Starting new HTTPS connection (1): www.gstatic.com:443
14:30:24 [DEBUG] Starting new HTTPS connection (1): www.google.com:443
14:30:25 [DEBUG] Starting new HTTPS connection (1): cp.cloudflare.com:443
14:30:25 [DEBUG] Starting new HTTPS connection (1): www.gstatic.com:443
14:30:25 [DEBUG] https://dl.google.com:443 "GET /dl/android/studio/install/3.4.1.0/android-studio-ide-183.5522156-windows.exe HTTP/1.1" 200 1017327996
14:30:25 [DEBUG] Starting new HTTPS connection (1): www.google.com:443
14:30:25 [DEBUG] Starting new HTTPS connection (1): www.google.com:443
14:30:26 [DEBUG] Starting new HTTPS connection (1): www.google.com:443
14:30:26 [DEBUG] Starting new HTTPS connection (1): www.gstatic.com:443
14:30:26 [DEBUG] Starting new HTTPS connection (1): cp.cloudflare.com:443
14:30:26 [DEBUG] Starting new HTTPS connection (1): www.google.com:443
14:30:26 [DEBUG] Starting new HTTPS connection (1): cp.cloudflare.com:443
14:30:26 [DEBUG] Starting new HTTPS connection (1): www.gstatic.com:443
14:30:27 [INFO]    🎯 ten6.astralweb.tech (XX) - 2.0Mbps, 518ms UDP✅ 🛡️
14:30:28 [DEBUG] Starting new HTTPS connection (1): www.google.com:443
14:30:28 [DEBUG] Starting new HTTPS connection (1): cp.cloudflare.com:443
14:30:28 [DEBUG] Starting new HTTPS connection (1): www.gstatic.com:443
14:30:28 [DEBUG] Starting new HTTPS connection (1): cp.cloudflare.com:443
14:30:28 [DEBUG] https://cp.cloudflare.com:443 "GET / HTTP/1.1" 204 0
14:30:28 [DEBUG] Starting new HTTPS connection (1): www.gstatic.com:443
14:30:28 [DEBUG] Starting new HTTPS connection (1): www.google.com:443
14:30:28 [DEBUG] Starting new HTTPS connection (1): www.gstatic.com:443
14:30:29 [DEBUG] Starting new HTTPS connection (1): www.google.com:443
14:30:29 [DEBUG] Starting new HTTPS connection (1): cp.cloudflare.com:443
14:30:29 [DEBUG] Starting new HTTPS connection (1): cp.cloudflare.com:443
14:30:29 [DEBUG] https://www.gstatic.com:443 "GET /generate_204 HTTP/1.1" 204 0
14:30:29 [DEBUG] Starting new HTTPS connection (1): www.gstatic.com:443
14:30:29 [DEBUG] Starting new HTTPS connection (1): www.google.com:443
14:30:29 [DEBUG] Starting new HTTPS connection (1): cp.cloudflare.com:443
14:30:30 [DEBUG] Starting new HTTPS connection (1): cp.cloudflare.com:443
14:30:30 [DEBUG] Starting new HTTPS connection (1): www.google.com:443
14:30:30 [DEBUG] Starting new HTTPS connection (1): cp.cloudflare.com:443
14:30:30 [DEBUG] Starting new HTTPS connection (1): www.gstatic.com:443
14:30:30 [DEBUG] Starting new HTTPS connection (1): www.gstatic.com:443
14:30:30 [DEBUG] Starting new HTTPS connection (1): www.gstatic.com:443
14:30:30 [DEBUG] Starting new HTTPS connection (1): www.google.com:443
14:30:30 [DEBUG] Starting new HTTPS connection (1): dl.google.com:443
14:30:31 [DEBUG] Starting new HTTPS connection (1): cp.cloudflare.com:443
14:30:31 [DEBUG] Starting new HTTPS connection (1): www.google.com:443
14:30:31 [DEBUG] Starting new HTTPS connection (1): www.google.com:443
14:30:31 [DEBUG] Starting new HTTPS connection (1): cp.cloudflare.com:443
14:30:31 [DEBUG] Starting new HTTPS connection (1): www.gstatic.com:443
14:30:32 [DEBUG] Starting new HTTPS connection (1): cp.cloudflare.com:443
14:30:32 [DEBUG] Starting new HTTPS connection (1): www.gstatic.com:443
14:30:33 [DEBUG] Starting new HTTPS connection (1): www.google.com:443
14:30:33 [DEBUG] Starting new HTTPS connection (1): cp.cloudflare.com:443
14:30:33 [DEBUG] Starting new HTTPS connection (1): www.gstatic.com:443
14:30:33 [DEBUG] Starting new HTTPS connection (1): www.gstatic.com:443
14:30:33 [DEBUG] Starting new HTTPS connection (1): www.gstatic.com:443
14:30:33 [DEBUG] Starting new HTTPS connection (1): www.google.com:443
14:30:34 [DEBUG] Starting new HTTPS connection (1): www.gstatic.com:443
14:30:34 [DEBUG] Starting new HTTPS connection (1): www.google.com:443
14:30:34 [DEBUG] Starting new HTTPS connection (1): cp.cloudflare.com:443
14:30:34 [DEBUG] Starting new HTTPS connection (1): www.gstatic.com:443
14:30:34 [DEBUG] Starting new HTTPS connection (1): www.google.com:443
14:30:35 [DEBUG] Starting new HTTPS connection (1): cp.cloudflare.com:443
14:30:35 [DEBUG] Starting new HTTPS connection (1): www.gstatic.com:443
14:30:35 [DEBUG] Starting new HTTPS connection (1): cp.cloudflare.com:443
14:30:35 [DEBUG] Starting new HTTPS connection (1): www.google.com:443
14:30:35 [DEBUG] Starting new HTTPS connection (1): cp.cloudflare.com:443
14:30:35 [DEBUG] Starting new HTTPS connection (1): www.gstatic.com:443
14:30:36 [INFO]    🎯 v622430.hosted-by-vdsina.com (XX) - 0.0Mbps, 2700ms UDP✅ 🛡️
14:30:36 [DEBUG] Starting new HTTPS connection (1): www.google.com:443
14:30:36 [DEBUG] Starting new HTTPS connection (1): cp.cloudflare.com:443
14:30:37 [DEBUG] Starting new HTTPS connection (1): www.google.com:443
14:30:37 [DEBUG] Starting new HTTPS connection (1): www.google.com:443
14:30:37 [DEBUG] Starting new HTTPS connection (1): www.google.com:443
14:30:37 [DEBUG] Starting new HTTPS connection (1): www.google.com:443
14:30:37 [DEBUG] Starting new HTTPS connection (1): cp.cloudflare.com:443
14:30:37 [DEBUG] Starting new HTTPS connection (1): cp.cloudflare.com:443
14:30:37 [DEBUG] Starting new HTTPS connection (1): www.gstatic.com:443
14:30:37 [DEBUG] Starting new HTTPS connection (1): www.gstatic.com:443
14:30:38 [DEBUG] Starting new HTTPS connection (1): www.google.com:443
14:30:38 [DEBUG] Starting new HTTPS connection (1): www.gstatic.com:443
14:30:38 [DEBUG] Starting new HTTPS connection (1): www.google.com:443
14:30:39 [DEBUG] Starting new HTTPS connection (1): www.google.com:443
14:30:39 [DEBUG] Starting new HTTPS connection (1): cp.cloudflare.com:443
14:30:39 [DEBUG] Starting new HTTPS connection (1): cp.cloudflare.com:443
14:30:39 [DEBUG] Starting new HTTPS connection (1): www.gstatic.com:443
14:30:39 [DEBUG] Starting new HTTPS connection (1): www.gstatic.com:443
14:30:39 [DEBUG] Starting new HTTPS connection (1): www.gstatic.com:443
14:30:39 [DEBUG] https://www.google.com:443 "GET /generate_204 HTTP/1.1" 204 0
14:30:39 [DEBUG] Starting new HTTPS connection (1): cp.cloudflare.com:443
14:30:40 [DEBUG] Starting new HTTPS connection (1): cp.cloudflare.com:443
14:30:41 [DEBUG] Starting new HTTPS connection (1): cp.cloudflare.com:443
14:30:42 [DEBUG] https://www.google.com:443 "GET /generate_204 HTTP/1.1" 204 0
14:30:42 [DEBUG] Starting new HTTPS connection (1): cp.cloudflare.com:443
14:30:43 [DEBUG] Starting new HTTPS connection (1): www.gstatic.com:443
14:30:44 [DEBUG] Starting new HTTPS connection (1): www.gstatic.com:443
14:30:45 [DEBUG] Starting new HTTPS connection (1): www.gstatic.com:443
14:30:45 [DEBUG] https://cp.cloudflare.com:443 "GET / HTTP/1.1" 204 0
14:30:45 [DEBUG] Starting new HTTPS connection (1): www.gstatic.com:443
14:30:46 [DEBUG] https://www.gstatic.com:443 "GET /generate_204 HTTP/1.1" 204 0
14:30:46 [DEBUG] Starting new HTTPS connection (1): dl.google.com:443
14:30:46 [INFO]    🎯 ten5.astralweb.tech (XX) - 0.4Mbps, 870ms UDP❌ 🛡️
14:30:47 [DEBUG] https://dl.google.com:443 "GET /dl/android/studio/install/3.4.1.0/android-studio-ide-183.5522156-windows.exe HTTP/1.1" 200 1017327996
14:30:50 [DEBUG] Starting new HTTPS connection (1): dl.google.com:443
14:30:52 [DEBUG] https://dl.google.com:443 "GET /dl/android/studio/install/3.4.1.0/android-studio-ide-183.5522156-windows.exe HTTP/1.1" 200 1017327996
14:30:59 [INFO]    🎯 panelsaf.netvip1.ru (XX) - 0.3Mbps, 335ms UDP✅ 🛡️
14:31:03 [INFO]    🎯 gr.nodesecure.ru (XX) - 0.8Mbps, 2652ms UDP✅ 🛡️
14:31:03 [INFO]    🎯 92.60.78.221 (SI) - 1.0Mbps, 3149ms UDP✅ 🛡️
14:31:03 [INFO]    📊 Глобальные: 400/400 (100%) | ✅87 ❌313
14:31:04 [DEBUG] Starting new HTTPS connection (1): www.google.com:443
14:31:04 [DEBUG] Starting new HTTPS connection (1): www.google.com:443
14:31:04 [DEBUG] Starting new HTTPS connection (1): www.google.com:443
14:31:04 [DEBUG] Starting new HTTPS connection (1): www.google.com:443
14:31:04 [DEBUG] Starting new HTTPS connection (1): www.google.com:443
14:31:04 [DEBUG] Starting new HTTPS connection (1): www.google.com:443
14:31:04 [DEBUG] Starting new HTTPS connection (1): www.google.com:443
14:31:04 [DEBUG] Starting new HTTPS connection (1): www.google.com:443
14:31:04 [DEBUG] Starting new HTTPS connection (1): www.google.com:443
14:31:04 [DEBUG] Starting new HTTPS connection (1): www.google.com:443
14:31:04 [DEBUG] https://www.google.com:443 "GET /generate_204 HTTP/1.1" 204 0
14:31:04 [DEBUG] Starting new HTTPS connection (1): cp.cloudflare.com:443
14:31:04 [DEBUG] https://www.google.com:443 "GET /generate_204 HTTP/1.1" 204 0
14:31:04 [DEBUG] Starting new HTTPS connection (1): cp.cloudflare.com:443
14:31:04 [DEBUG] https://www.google.com:443 "GET /generate_204 HTTP/1.1" 204 0
14:31:04 [DEBUG] Starting new HTTPS connection (1): cp.cloudflare.com:443
14:31:04 [DEBUG] https://www.google.com:443 "GET /generate_204 HTTP/1.1" 204 0
14:31:04 [DEBUG] Starting new HTTPS connection (1): cp.cloudflare.com:443
14:31:04 [DEBUG] https://www.google.com:443 "GET /generate_204 HTTP/1.1" 204 0
14:31:04 [DEBUG] Starting new HTTPS connection (1): cp.cloudflare.com:443
14:31:04 [DEBUG] https://www.google.com:443 "GET /generate_204 HTTP/1.1" 204 0
14:31:04 [DEBUG] Starting new HTTPS connection (1): cp.cloudflare.com:443
14:31:04 [DEBUG] https://www.google.com:443 "GET /generate_204 HTTP/1.1" 204 0
14:31:04 [DEBUG] Starting new HTTPS connection (1): cp.cloudflare.com:443
14:31:05 [DEBUG] https://cp.cloudflare.com:443 "GET / HTTP/1.1" 204 0
14:31:05 [DEBUG] Starting new HTTPS connection (1): www.gstatic.com:443
14:31:05 [DEBUG] https://cp.cloudflare.com:443 "GET / HTTP/1.1" 204 0
14:31:05 [DEBUG] Starting new HTTPS connection (1): www.gstatic.com:443
14:31:05 [DEBUG] https://cp.cloudflare.com:443 "GET / HTTP/1.1" 204 0
14:31:05 [DEBUG] Starting new HTTPS connection (1): www.gstatic.com:443
14:31:05 [DEBUG] https://cp.cloudflare.com:443 "GET / HTTP/1.1" 204 0
14:31:05 [DEBUG] Starting new HTTPS connection (1): www.gstatic.com:443
14:31:05 [DEBUG] https://cp.cloudflare.com:443 "GET / HTTP/1.1" 204 0
14:31:05 [DEBUG] Starting new HTTPS connection (1): www.gstatic.com:443
14:31:05 [DEBUG] https://cp.cloudflare.com:443 "GET / HTTP/1.1" 204 0
14:31:05 [DEBUG] Starting new HTTPS connection (1): www.gstatic.com:443
14:31:05 [DEBUG] https://www.google.com:443 "GET /generate_204 HTTP/1.1" 204 0
14:31:05 [DEBUG] Starting new HTTPS connection (1): cp.cloudflare.com:443
14:31:05 [DEBUG] https://www.gstatic.com:443 "GET /generate_204 HTTP/1.1" 204 0
14:31:05 [DEBUG] https://cp.cloudflare.com:443 "GET / HTTP/1.1" 204 0
14:31:05 [DEBUG] Starting new HTTPS connection (1): www.gstatic.com:443
14:31:05 [DEBUG] https://www.gstatic.com:443 "GET /generate_204 HTTP/1.1" 204 0
14:31:05 [DEBUG] https://www.gstatic.com:443 "GET /generate_204 HTTP/1.1" 204 0
14:31:05 [DEBUG] https://www.gstatic.com:443 "GET /generate_204 HTTP/1.1" 204 0
14:31:05 [DEBUG] Starting new HTTPS connection (1): dl.google.com:443
14:31:05 [DEBUG] https://www.gstatic.com:443 "GET /generate_204 HTTP/1.1" 204 0
14:31:05 [DEBUG] https://www.gstatic.com:443 "GET /generate_204 HTTP/1.1" 204 0
14:31:05 [DEBUG] Starting new HTTPS connection (1): dl.google.com:443
14:31:05 [DEBUG] Starting new HTTPS connection (1): dl.google.com:443
14:31:05 [DEBUG] Starting new HTTPS connection (1): dl.google.com:443
14:31:06 [DEBUG] Starting new HTTPS connection (1): dl.google.com:443
14:31:06 [DEBUG] https://dl.google.com:443 "GET /dl/android/studio/install/3.4.1.0/android-studio-ide-183.5522156-windows.exe HTTP/1.1" 200 1017327996
14:31:06 [DEBUG] https://www.gstatic.com:443 "GET /generate_204 HTTP/1.1" 204 0
14:31:06 [DEBUG] Starting new HTTPS connection (1): dl.google.com:443
14:31:06 [DEBUG] https://dl.google.com:443 "GET /dl/android/studio/install/3.4.1.0/android-studio-ide-183.5522156-windows.exe HTTP/1.1" 200 1017327996
14:31:06 [DEBUG] https://www.google.com:443 "GET /generate_204 HTTP/1.1" 204 0
14:31:06 [DEBUG] Starting new HTTPS connection (1): cp.cloudflare.com:443
14:31:06 [INFO]    🎯 89.208.230.52 (Россия) - 17.4Mbps, 401ms UDP✅ 🛡️
14:31:06 [DEBUG] https://dl.google.com:443 "GET /dl/android/studio/install/3.4.1.0/android-studio-ide-183.5522156-windows.exe HTTP/1.1" 200 1017327996
14:31:06 [DEBUG] https://dl.google.com:443 "GET /dl/android/studio/install/3.4.1.0/android-studio-ide-183.5522156-windows.exe HTTP/1.1" 200 1017327996
14:31:06 [DEBUG] https://dl.google.com:443 "GET /dl/android/studio/install/3.4.1.0/android-studio-ide-183.5522156-windows.exe HTTP/1.1" 200 1017327996
14:31:06 [DEBUG] https://cp.cloudflare.com:443 "GET / HTTP/1.1" 204 0
14:31:06 [DEBUG] Starting new HTTPS connection (1): www.gstatic.com:443
14:31:07 [INFO]    🎯 37.139.33.15 (Россия) - 10.8Mbps, 431ms UDP✅ 🛡️
14:31:07 [INFO]    📊 Whitelist: 2/28 (7%) | ✅2 ❌0
14:31:07 [DEBUG] https://dl.google.com:443 "GET /dl/android/studio/install/3.4.1.0/android-studio-ide-183.5522156-windows.exe HTTP/1.1" 200 1017327996
14:31:07 [INFO]    🎯 84.23.52.70 (Россия) - 10.2Mbps, 458ms UDP✅ 🛡️
14:31:07 [DEBUG] Starting new HTTPS connection (1): www.google.com:443
14:31:07 [DEBUG] https://www.google.com:443 "GET /generate_204 HTTP/1.1" 204 0
14:31:07 [DEBUG] Starting new HTTPS connection (1): cp.cloudflare.com:443
14:31:07 [DEBUG] https://www.gstatic.com:443 "GET /generate_204 HTTP/1.1" 204 0
14:31:07 [DEBUG] https://www.google.com:443 "GET /generate_204 HTTP/1.1" 204 0
14:31:07 [DEBUG] Starting new HTTPS connection (1): cp.cloudflare.com:443
14:31:08 [INFO]    🎯 195.209.67.124 (Россия) - 7.6Mbps, 602ms UDP✅ 
14:31:08 [INFO]    📊 Whitelist: 4/28 (14%) | ✅4 ❌0
14:31:08 [DEBUG] https://cp.cloudflare.com:443 "GET / HTTP/1.1" 204 0
14:31:08 [DEBUG] Starting new HTTPS connection (1): www.gstatic.com:443
14:31:08 [DEBUG] Starting new HTTPS connection (1): www.google.com:443
14:31:08 [DEBUG] Starting new HTTPS connection (1): www.google.com:443
14:31:08 [DEBUG] https://www.gstatic.com:443 "GET /generate_204 HTTP/1.1" 204 0
14:31:08 [DEBUG] Starting new HTTPS connection (1): dl.google.com:443
14:31:08 [DEBUG] https://cp.cloudflare.com:443 "GET / HTTP/1.1" 204 0
14:31:08 [DEBUG] Starting new HTTPS connection (1): www.gstatic.com:443
14:31:08 [DEBUG] Starting new HTTPS connection (1): dl.google.com:443
14:31:08 [INFO]    🎯 79.137.175.44 (Россия) - 5.0Mbps, 439ms UDP✅ 🛡️
14:31:08 [DEBUG] https://www.google.com:443 "GET /generate_204 HTTP/1.1" 204 0
14:31:08 [DEBUG] Starting new HTTPS connection (1): cp.cloudflare.com:443
14:31:08 [DEBUG] https://www.google.com:443 "GET /generate_204 HTTP/1.1" 204 0
14:31:08 [DEBUG] Starting new HTTPS connection (1): cp.cloudflare.com:443
14:31:08 [DEBUG] Starting new HTTPS connection (1): dl.google.com:443
14:31:08 [DEBUG] https://dl.google.com:443 "GET /dl/android/studio/install/3.4.1.0/android-studio-ide-183.5522156-windows.exe HTTP/1.1" 200 1017327996
14:31:09 [DEBUG] https://cp.cloudflare.com:443 "GET / HTTP/1.1" 204 0
14:31:09 [DEBUG] Starting new HTTPS connection (1): www.gstatic.com:443
14:31:09 [DEBUG] Starting new HTTPS connection (1): www.google.com:443
14:31:09 [DEBUG] https://cp.cloudflare.com:443 "GET / HTTP/1.1" 204 0
14:31:09 [DEBUG] Starting new HTTPS connection (1): www.gstatic.com:443
14:31:09 [DEBUG] https://www.gstatic.com:443 "GET /generate_204 HTTP/1.1" 204 0
14:31:09 [DEBUG] https://dl.google.com:443 "GET /dl/android/studio/install/3.4.1.0/android-studio-ide-183.5522156-windows.exe HTTP/1.1" 200 1017327996
14:31:09 [DEBUG] Starting new HTTPS connection (1): www.google.com:443
14:31:09 [DEBUG] https://www.gstatic.com:443 "GET /generate_204 HTTP/1.1" 204 0
14:31:09 [DEBUG] https://dl.google.com:443 "GET /dl/android/studio/install/3.4.1.0/android-studio-ide-183.5522156-windows.exe HTTP/1.1" 200 1017327996
14:31:09 [DEBUG] Starting new HTTPS connection (1): dl.google.com:443
14:31:09 [DEBUG] Starting new HTTPS connection (1): dl.google.com:443
14:31:10 [DEBUG] https://dl.google.com:443 "GET /dl/android/studio/install/3.4.1.0/android-studio-ide-183.5522156-windows.exe HTTP/1.1" 200 1017327996
14:31:10 [INFO]    🎯 158.160.223.36 (Россия) - 8.5Mbps, 468ms UDP❌ 🛡️
14:31:10 [INFO]    📊 Whitelist: 6/28 (21%) | ✅6 ❌0
14:31:10 [DEBUG] https://dl.google.com:443 "GET /dl/android/studio/install/3.4.1.0/android-studio-ide-183.5522156-windows.exe HTTP/1.1" 200 1017327996
14:31:10 [DEBUG] https://www.google.com:443 "GET /generate_204 HTTP/1.1" 204 0
14:31:10 [DEBUG] Starting new HTTPS connection (1): cp.cloudflare.com:443
14:31:10 [INFO]    🎯 178.154.255.96 (Россия) - 15.1Mbps, 446ms UDP✅ 🛡️
14:31:10 [INFO]    🎯 84.201.159.179 (Россия) - 15.2Mbps, 456ms UDP✅ 🛡️
14:31:10 [INFO]    📊 Whitelist: 8/28 (29%) | ✅8 ❌0
14:31:10 [DEBUG] https://cp.cloudflare.com:443 "GET / HTTP/1.1" 204 0
14:31:10 [DEBUG] Starting new HTTPS connection (1): www.gstatic.com:443
14:31:10 [DEBUG] https://www.gstatic.com:443 "GET /generate_204 HTTP/1.1" 204 0
14:31:11 [DEBUG] Starting new HTTPS connection (1): www.google.com:443
14:31:11 [DEBUG] Starting new HTTPS connection (1): www.google.com:443
14:31:11 [DEBUG] Starting new HTTPS connection (1): www.gstatic.com:443
14:31:11 [DEBUG] Starting new HTTPS connection (1): www.google.com:443
14:31:11 [DEBUG] https://www.google.com:443 "GET /generate_204 HTTP/1.1" 204 0
14:31:11 [DEBUG] Starting new HTTPS connection (1): cp.cloudflare.com:443
14:31:12 [DEBUG] https://www.gstatic.com:443 "GET /generate_204 HTTP/1.1" 204 0
14:31:12 [DEBUG] Starting new HTTPS connection (1): dl.google.com:443
14:31:12 [DEBUG] Starting new HTTPS connection (1): dl.google.com:443
14:31:13 [DEBUG] https://dl.google.com:443 "GET /dl/android/studio/install/3.4.1.0/android-studio-ide-183.5522156-windows.exe HTTP/1.1" 200 1017327996
14:31:13 [DEBUG] Starting new HTTPS connection (1): cp.cloudflare.com:443
14:31:13 [INFO]    🎯 178.154.230.75 (Россия) - 15.7Mbps, 958ms UDP✅ 🛡️
14:31:14 [INFO]    🎯 5.188.141.138 (Россия) - 2.3Mbps, 1195ms UDP✅ 🛡️
14:31:14 [INFO]    📊 Whitelist: 10/28 (36%) | ✅10 ❌0
14:31:14 [DEBUG] https://dl.google.com:443 "GET /dl/android/studio/install/3.4.1.0/android-studio-ide-183.5522156-windows.exe HTTP/1.1" 200 1017327996
14:31:14 [DEBUG] Starting new HTTPS connection (1): www.google.com:443
14:31:14 [INFO]    🎯 5.188.141.69 (Россия) - 6.6Mbps, 2207ms UDP✅ 🛡️
14:31:14 [DEBUG] https://cp.cloudflare.com:443 "GET / HTTP/1.1" 204 0
14:31:14 [DEBUG] Starting new HTTPS connection (1): www.gstatic.com:443
14:31:14 [DEBUG] https://www.google.com:443 "GET /generate_204 HTTP/1.1" 204 0
14:31:14 [DEBUG] Starting new HTTPS connection (1): cp.cloudflare.com:443
14:31:14 [DEBUG] https://www.gstatic.com:443 "GET /generate_204 HTTP/1.1" 204 0
14:31:15 [DEBUG] Starting new HTTPS connection (1): dl.google.com:443
14:31:15 [DEBUG] Starting new HTTPS connection (1): www.google.com:443
14:31:15 [DEBUG] https://cp.cloudflare.com:443 "GET / HTTP/1.1" 204 0
14:31:15 [DEBUG] Starting new HTTPS connection (1): www.gstatic.com:443
14:31:15 [DEBUG] Starting new HTTPS connection (1): www.google.com:443
14:31:15 [INFO]    🎯 178.154.223.188 (Россия) - 1.8Mbps, 311ms UDP✅ 🛡️
14:31:15 [INFO]    📊 Whitelist: 12/28 (43%) | ✅12 ❌0
14:31:15 [DEBUG] https://www.google.com:443 "GET /generate_204 HTTP/1.1" 204 0
14:31:15 [DEBUG] Starting new HTTPS connection (1): cp.cloudflare.com:443
14:31:15 [DEBUG] Starting new HTTPS connection (1): cp.cloudflare.com:443
14:31:15 [DEBUG] https://www.gstatic.com:443 "GET /generate_204 HTTP/1.1" 204 0
14:31:15 [DEBUG] https://www.google.com:443 "GET /generate_204 HTTP/1.1" 204 0
14:31:15 [DEBUG] Starting new HTTPS connection (1): cp.cloudflare.com:443
14:31:15 [DEBUG] Starting new HTTPS connection (1): www.gstatic.com:443
14:31:15 [DEBUG] https://cp.cloudflare.com:443 "GET / HTTP/1.1" 204 0
14:31:15 [DEBUG] Starting new HTTPS connection (1): www.gstatic.com:443
14:31:16 [DEBUG] https://www.gstatic.com:443 "GET /generate_204 HTTP/1.1" 204 0
14:31:16 [DEBUG] Starting new HTTPS connection (1): dl.google.com:443
14:31:16 [DEBUG] https://cp.cloudflare.com:443 "GET / HTTP/1.1" 204 0
14:31:16 [DEBUG] Starting new HTTPS connection (1): www.gstatic.com:443
14:31:16 [DEBUG] Starting new HTTPS connection (1): dl.google.com:443
14:31:16 [DEBUG] https://www.gstatic.com:443 "GET /generate_204 HTTP/1.1" 204 0
14:31:16 [DEBUG] https://dl.google.com:443 "GET /dl/android/studio/install/3.4.1.0/android-studio-ide-183.5522156-windows.exe HTTP/1.1" 200 1017327996
14:31:16 [INFO]    🎯 193.233.21.138 (Россия) - 45.7Mbps, 137ms UDP✅ 
14:31:16 [INFO]    📊 Whitelist: 14/28 (50%) | ✅13 ❌1
14:31:16 [DEBUG] https://dl.google.com:443 "GET /dl/android/studio/install/3.4.1.0/android-studio-ide-183.5522156-windows.exe HTTP/1.1" 200 1017327996
14:31:16 [DEBUG] Starting new HTTPS connection (1): dl.google.com:443
14:31:16 [DEBUG] Starting new HTTPS connection (1): www.google.com:443
14:31:16 [DEBUG] https://www.gstatic.com:443 "GET /generate_204 HTTP/1.1" 204 0
14:31:16 [DEBUG] Starting new HTTPS connection (1): www.google.com:443
14:31:16 [DEBUG] Starting new HTTPS connection (1): dl.google.com:443
14:31:16 [DEBUG] https://dl.google.com:443 "GET /dl/android/studio/install/3.4.1.0/android-studio-ide-183.5522156-windows.exe HTTP/1.1" 200 1017327996
14:31:16 [DEBUG] https://dl.google.com:443 "GET /dl/android/studio/install/3.4.1.0/android-studio-ide-183.5522156-windows.exe HTTP/1.1" 200 1017327996
14:31:17 [INFO]    🎯 185.234.59.94 (Россия) - 20.5Mbps, 361ms UDP✅ 🛡️
14:31:17 [DEBUG] https://dl.google.com:443 "GET /dl/android/studio/install/3.4.1.0/android-studio-ide-183.5522156-windows.exe HTTP/1.1" 200 1017327996
14:31:17 [DEBUG] https://www.google.com:443 "GET /generate_204 HTTP/1.1" 204 0
14:31:17 [DEBUG] Starting new HTTPS connection (1): cp.cloudflare.com:443
14:31:17 [INFO]    🎯 176.109.109.58 (Россия) - 1.1Mbps, 427ms UDP✅ 🛡️
14:31:17 [INFO]    📊 Whitelist: 16/28 (57%) | ✅15 ❌1
14:31:17 [INFO]    🎯 185.234.59.59 (Россия) - 20.2Mbps, 357ms UDP✅ 🛡️
14:31:17 [DEBUG] Starting new HTTPS connection (1): www.google.com:443
14:31:17 [DEBUG] https://cp.cloudflare.com:443 "GET / HTTP/1.1" 204 0
14:31:17 [DEBUG] Starting new HTTPS connection (1): www.gstatic.com:443
14:31:17 [INFO]    🎯 5.188.140.55 (Россия) - 9.2Mbps, 1486ms UDP✅ 🛡️
14:31:17 [INFO]    📊 Whitelist: 18/28 (64%) | ✅17 ❌1
14:31:17 [DEBUG] https://www.google.com:443 "GET /generate_204 HTTP/1.1" 204 0
14:31:17 [DEBUG] Starting new HTTPS connection (1): cp.cloudflare.com:443
14:31:18 [INFO]    🎯 51.250.83.255 (Россия) - 4.3Mbps, 884ms UDP✅ 🛡️
14:31:18 [DEBUG] https://www.gstatic.com:443 "GET /generate_204 HTTP/1.1" 204 0
14:31:18 [DEBUG] Starting new HTTPS connection (1): www.google.com:443
14:31:18 [DEBUG] Starting new HTTPS connection (1): dl.google.com:443
14:31:18 [DEBUG] Starting new HTTPS connection (1): www.google.com:443
14:31:18 [DEBUG] https://cp.cloudflare.com:443 "GET / HTTP/1.1" 204 0
14:31:18 [DEBUG] Starting new HTTPS connection (1): www.gstatic.com:443
14:31:18 [DEBUG] Starting new HTTPS connection (1): www.google.com:443
14:31:18 [DEBUG] Starting new HTTPS connection (1): cp.cloudflare.com:443
14:31:18 [DEBUG] Starting new HTTPS connection (1): www.google.com:443
14:31:18 [DEBUG] https://dl.google.com:443 "GET /dl/android/studio/install/3.4.1.0/android-studio-ide-183.5522156-windows.exe HTTP/1.1" 200 1017327996
14:31:18 [DEBUG] https://www.gstatic.com:443 "GET /generate_204 HTTP/1.1" 204 0
14:31:18 [DEBUG] https://www.google.com:443 "GET /generate_204 HTTP/1.1" 204 0
14:31:18 [DEBUG] Starting new HTTPS connection (1): cp.cloudflare.com:443
14:31:19 [DEBUG] https://cp.cloudflare.com:443 "GET / HTTP/1.1" 204 0
14:31:19 [DEBUG] Starting new HTTPS connection (1): www.gstatic.com:443
14:31:19 [DEBUG] https://www.google.com:443 "GET /generate_204 HTTP/1.1" 204 0
14:31:19 [DEBUG] Starting new HTTPS connection (1): cp.cloudflare.com:443
14:31:19 [DEBUG] Starting new HTTPS connection (1): dl.google.com:443
14:31:19 [DEBUG] https://cp.cloudflare.com:443 "GET / HTTP/1.1" 204 0
14:31:19 [DEBUG] Starting new HTTPS connection (1): www.gstatic.com:443
14:31:19 [DEBUG] https://www.google.com:443 "GET /generate_204 HTTP/1.1" 204 0
14:31:19 [DEBUG] Starting new HTTPS connection (1): cp.cloudflare.com:443
14:31:19 [DEBUG] https://www.gstatic.com:443 "GET /generate_204 HTTP/1.1" 204 0
14:31:19 [DEBUG] https://cp.cloudflare.com:443 "GET / HTTP/1.1" 204 0
14:31:19 [DEBUG] Starting new HTTPS connection (1): www.gstatic.com:443
14:31:19 [DEBUG] https://www.gstatic.com:443 "GET /generate_204 HTTP/1.1" 204 0
14:31:19 [DEBUG] Starting new HTTPS connection (1): dl.google.com:443
14:31:20 [DEBUG] https://cp.cloudflare.com:443 "GET / HTTP/1.1" 204 0
14:31:20 [DEBUG] Starting new HTTPS connection (1): www.gstatic.com:443
14:31:20 [DEBUG] https://dl.google.com:443 "GET /dl/android/studio/install/3.4.1.0/android-studio-ide-183.5522156-windows.exe HTTP/1.1" 200 1017327996
14:31:20 [DEBUG] https://www.gstatic.com:443 "GET /generate_204 HTTP/1.1" 204 0
14:31:20 [DEBUG] https://dl.google.com:443 "GET /dl/android/studio/install/3.4.1.0/android-studio-ide-183.5522156-windows.exe HTTP/1.1" 200 1017327996
14:31:20 [DEBUG] https://www.gstatic.com:443 "GET /generate_204 HTTP/1.1" 204 0
14:31:20 [INFO]    🎯 217.114.15.157 (Россия) - 6.0Mbps, 510ms UDP✅ 🛡️
14:31:20 [INFO]    📊 Whitelist: 20/28 (71%) | ✅19 ❌1
14:31:20 [DEBUG] Starting new HTTPS connection (1): dl.google.com:443
14:31:20 [INFO]    🎯 109.120.191.65 (Россия) - 16.9Mbps, 1993ms UDP✅ 🛡️
14:31:20 [DEBUG] Starting new HTTPS connection (1): dl.google.com:443
14:31:20 [INFO]    🎯 87.239.106.153 (Россия) - 8.7Mbps, 485ms UDP✅ 🛡️
14:31:20 [INFO]    📊 Whitelist: 22/28 (79%) | ✅21 ❌1
14:31:21 [DEBUG] https://dl.google.com:443 "GET /dl/android/studio/install/3.4.1.0/android-studio-ide-183.5522156-windows.exe HTTP/1.1" 200 1017327996
14:31:21 [DEBUG] https://dl.google.com:443 "GET /dl/android/studio/install/3.4.1.0/android-studio-ide-183.5522156-windows.exe HTTP/1.1" 200 1017327996
14:31:21 [INFO]    🎯 51.250.16.92 (Россия) - 13.7Mbps, 523ms UDP✅ 🛡️
14:31:21 [INFO]    🎯 84.201.129.193 (Россия) - 13.2Mbps, 1238ms UDP✅ 🛡️
14:31:21 [INFO]    📊 Whitelist: 24/28 (86%) | ✅23 ❌1
14:31:22 [DEBUG] Starting new HTTPS connection (1): cp.cloudflare.com:443
14:31:22 [DEBUG] Starting new HTTPS connection (1): cp.cloudflare.com:443
14:31:22 [DEBUG] Starting new HTTPS connection (1): www.gstatic.com:443
14:31:22 [DEBUG] Starting new HTTPS connection (1): dl.google.com:443
14:31:23 [DEBUG] https://dl.google.com:443 "GET /dl/android/studio/install/3.4.1.0/android-studio-ide-183.5522156-windows.exe HTTP/1.1" 200 1017327996
14:31:24 [INFO]    🎯 84.252.143.25 (Россия) - 8.5Mbps, 507ms UDP❌ 🛡️
14:31:24 [DEBUG] https://cp.cloudflare.com:443 "GET / HTTP/1.1" 204 0
14:31:24 [DEBUG] Starting new HTTPS connection (1): www.gstatic.com:443
14:31:26 [DEBUG] Starting new HTTPS connection (1): www.gstatic.com:443
14:31:26 [INFO]    📊 Whitelist: 26/28 (93%) | ✅24 ❌2
14:31:27 [DEBUG] https://www.gstatic.com:443 "GET /generate_204 HTTP/1.1" 204 0
14:31:29 [DEBUG] Starting new HTTPS connection (1): dl.google.com:443
14:31:29 [DEBUG] https://www.gstatic.com:443 "GET /generate_204 HTTP/1.1" 204 0
14:31:32 [DEBUG] https://dl.google.com:443 "GET /dl/android/studio/install/3.4.1.0/android-studio-ide-183.5522156-windows.exe HTTP/1.1" 200 1017327996
14:31:43 [INFO]    🎯 51.250.66.104 (Россия) - 0.9Mbps, 2727ms UDP✅ 🛡️
14:31:43 [INFO]    📊 Whitelist: 28/28 (100%) | ✅25 ❌3
14:31:43 [INFO] 
✅ Прошли проверку: 87 глобальных (87 Reality), 25 whitelist
14:31:43 [INFO] 
══════════════════════════════════════════════════
14:31:43 [INFO] 🏆 ЭТАП 4: ФИНАЛЬНЫЙ ОТБОР
14:31:43 [INFO] ══════════════════════════════════════════════════
14:31:43 [INFO] 
📊 Пулы после фильтрации:
14:31:43 [INFO]    🎮 GAME: 0 серверов
14:31:43 [INFO]    🌐 UNIVERSAL: 41 серверов
14:31:43 [INFO]    ☁️ WARP: 5 конфигов
14:31:43 [INFO]    🇷🇺 WHITELIST: 25 серверов
14:31:43 [INFO] 
🎮 Выбор GAME серверов...
14:31:43 [WARNING]    ⚠️ Не найден сервер для GAME-1
14:31:43 [WARNING]    ⚠️ Не найден сервер для GAME-2
14:31:43 [INFO] 
🌐 Выбор UNIVERSAL серверов...
14:31:43 [INFO]    UNIVERSAL-1: 144.31.2.86 (Польша) - 33.8Mbps, 157ms
14:31:43 [INFO]    UNIVERSAL-2: 144.31.0.58 (Польша) - 18.3Mbps, 180ms
14:31:43 [INFO]    UNIVERSAL-3: 212.80.7.206 (Германия) - 45.7Mbps, 99ms
14:31:43 [INFO] 
☁️ Выбор WARP серверов...
14:31:43 [INFO]    WARP-1: Cloudflare WARP
14:31:43 [INFO]    WARP-2: Cloudflare WARP
14:31:43 [INFO] 
🇷🇺 Выбор WHITELIST серверов...
14:31:43 [INFO]    WHITELIST-1: 193.233.21.138 (Россия) - 45.7Mbps
14:31:43 [INFO]    WHITELIST-2: 185.234.59.94 (Россия) - 20.5Mbps
14:31:43 [INFO] 
📦 Резервный пул: 25 серверов
14:31:43 [INFO] 🏆 THE FINAL 9:
14:31:43 [INFO] 💾 Подписка: FL1PVPN (7 серверов)
14:31:43 [INFO] 💾 Статистика: stats.json
14:31:43 [INFO] 💾 Резерв: reserve_pool.json (25 серверов)
14:31:43 [DEBUG] 💾 История сохранена: 9106 записей
14:31:43 [INFO] ✅ ГОТОВО за 370.6 секунд
14:31:43 [INFO] 📊 Pipeline: 35793→18220→10439→87→7
14:31:43 [INFO] 📄 Лог: vpn_scanner.log
