21:57:13 [INFO] 🚀 FL1P VPN SCANNER V109 - RUSSIA-PROOF EDITION
21:57:13 [INFO]    🛡️ Приоритет: Reality с доверенным SNI
21:57:13 [INFO]    🌐 Источников Reality: 6
21:57:13 [INFO]    📱 Telegram каналов: 22
21:57:13 [INFO]    🚫 Черный список: CN, IR, KP, US
21:57:13 [INFO] 📂 Загружена история: 5343 записей
21:57:13 [INFO] ✅ Xray найден: ./xray
21:57:13 [INFO] 🌍 GeoIP инициализирован
21:57:13 [INFO] 
════════════════════════════════════════
21:57:13 [INFO] 📥 ЭТАП 1: СБОР КОНФИГОВ
21:57:13 [INFO] ════════════════════════════════════════
21:57:13 [INFO] 📥 Загрузка из всех источников...
21:57:13 [DEBUG] Starting new HTTPS connection (1): raw.githubusercontent.com:443
21:57:13 [DEBUG] Starting new HTTPS connection (1): raw.githubusercontent.com:443
21:57:13 [DEBUG] Starting new HTTPS connection (1): raw.githubusercontent.com:443
21:57:13 [DEBUG] Starting new HTTPS connection (1): raw.githubusercontent.com:443
21:57:13 [DEBUG] Starting new HTTPS connection (1): raw.githubusercontent.com:443
21:57:13 [DEBUG] Starting new HTTPS connection (1): raw.githubusercontent.com:443
21:57:13 [DEBUG] Starting new HTTPS connection (1): raw.githubusercontent.com:443
21:57:13 [DEBUG] Starting new HTTPS connection (1): raw.githubusercontent.com:443
21:57:13 [DEBUG] Starting new HTTPS connection (1): raw.githubusercontent.com:443
21:57:13 [DEBUG] Starting new HTTPS connection (1): raw.githubusercontent.com:443
21:57:13 [DEBUG] Starting new HTTPS connection (1): raw.githubusercontent.com:443
21:57:13 [DEBUG] Starting new HTTPS connection (1): raw.githubusercontent.com:443
21:57:13 [DEBUG] Starting new HTTPS connection (1): raw.githubusercontent.com:443
21:57:13 [DEBUG] Starting new HTTPS connection (1): raw.githubusercontent.com:443
21:57:13 [DEBUG] Starting new HTTPS connection (1): raw.githubusercontent.com:443
21:57:13 [DEBUG] Starting new HTTPS connection (1): raw.githubusercontent.com:443
21:57:13 [DEBUG] Starting new HTTPS connection (1): raw.githubusercontent.com:443
21:57:13 [DEBUG] Starting new HTTPS connection (1): raw.githubusercontent.com:443
21:57:13 [DEBUG] Starting new HTTPS connection (1): raw.githubusercontent.com:443
21:57:13 [DEBUG] Starting new HTTPS connection (1): raw.githubusercontent.com:443
21:57:14 [DEBUG] https://raw.githubusercontent.com:443 "GET /mahdibland/V2RayAggregator/master/Eternity HTTP/1.1" 200 11419
21:57:14 [DEBUG] https://raw.githubusercontent.com:443 "GET /yebekhe/TVC/main/subscriptions/xray/reality HTTP/1.1" 404 14
21:57:14 [DEBUG] https://raw.githubusercontent.com:443 "GET /w1770946466/Auto_proxy/main/Long_term_subscription_num HTTP/1.1" 200 48700
21:57:14 [DEBUG] https://raw.githubusercontent.com:443 "GET /Epodonios/v2ray-configs/main/Splitted-By-Protocol/reality.txt HTTP/1.1" 404 14
21:57:14 [DEBUG] https://raw.githubusercontent.com:443 "GET /lagzian/SS-Collector/main/realitiy_api.txt HTTP/1.1" 404 14
21:57:14 [DEBUG] https://raw.githubusercontent.com:443 "GET /Yebekhe/TelegramV2rayCollector/main/sub/normal/reality HTTP/1.1" 404 14
21:57:14 [DEBUG] https://raw.githubusercontent.com:443 "GET /soroushmirzaei/telegram-configs-collector/main/protocols/reality HTTP/1.1" 404 14
21:57:14 [DEBUG] Starting new HTTPS connection (1): raw.githubusercontent.com:443
21:57:14 [DEBUG] Starting new HTTPS connection (1): raw.githubusercontent.com:443
21:57:14 [DEBUG] Starting new HTTPS connection (1): raw.githubusercontent.com:443
21:57:14 [DEBUG] Starting new HTTPS connection (1): raw.githubusercontent.com:443
21:57:14 [DEBUG] Starting new HTTPS connection (1): raw.githubusercontent.com:443
21:57:14 [DEBUG] Starting new HTTPS connection (1): raw.githubusercontent.com:443
21:57:14 [DEBUG] https://raw.githubusercontent.com:443 "GET /mahdibland/V2RayAggregator/master/sub/splitted/reality.txt HTTP/1.1" 404 14
21:57:14 [DEBUG] Starting new HTTPS connection (1): raw.githubusercontent.com:443
21:57:14 [DEBUG] https://raw.githubusercontent.com:443 "GET /Epodonios/v2ray-configs/main/Splitted-By-Protocol/vless.txt HTTP/1.1" 200 286994
21:57:14 [DEBUG] https://raw.githubusercontent.com:443 "GET /MrMohebi/xray-proxy-grabber-telegram/master/collected-proxies/row-url/all.txt HTTP/1.1" 200 10553
21:57:14 [DEBUG] https://raw.githubusercontent.com:443 "GET /barry-far/V2ray-Configs/main/Splitted-By-Protocol/vless.txt HTTP/1.1" 404 14
21:57:14 [DEBUG] Starting new HTTPS connection (1): t.me:443
21:57:14 [DEBUG] https://raw.githubusercontent.com:443 "GET /igareck/vpn-configs-for-russia/main/Vless-Reality-White-Lists-Rus-Mobile.txt HTTP/1.1" 200 7093
21:57:14 [DEBUG] https://raw.githubusercontent.com:443 "GET /igareck/vpn-configs-for-russia/refs/heads/main/WHITE-CIDR-RU-all.txt HTTP/1.1" 200 36512
21:57:14 [DEBUG] https://raw.githubusercontent.com:443 "GET /igareck/vpn-configs-for-russia/main/BLACK_VLESS_RUS.txt HTTP/1.1" 200 20908
21:57:14 [DEBUG] https://raw.githubusercontent.com:443 "GET /yebekhe/TVC/main/subscriptions/xray/vless HTTP/1.1" 404 14
21:57:14 [DEBUG] Starting new HTTPS connection (1): t.me:443
21:57:14 [DEBUG]    ✅ all.txt: 119 конфигов
21:57:14 [DEBUG] Starting new HTTPS connection (1): t.me:443
21:57:14 [DEBUG] https://raw.githubusercontent.com:443 "GET /V2RayRoot/V2RayConfig/main/Config/vless.txt HTTP/1.1" 200 32175
21:57:14 [DEBUG] https://raw.githubusercontent.com:443 "GET /yebekhe/TVC/main/subscriptions/xray/hysteria2 HTTP/1.1" 404 14
21:57:14 [DEBUG] https://raw.githubusercontent.com:443 "GET /ebrasha/free-v2ray-public-list/refs/heads/main/all_extracted_configs.txt HTTP/1.1" 200 985587
21:57:14 [DEBUG] Starting new HTTPS connection (1): t.me:443
21:57:14 [DEBUG]    ✅ Vless-Reality-White-Lists-Rus-: 133 конфигов
21:57:14 [DEBUG] Starting new HTTPS connection (1): t.me:443
21:57:14 [DEBUG] https://raw.githubusercontent.com:443 "GET /AvenCores/goida-vpn-configs/main/configs/vless.txt HTTP/1.1" 404 14
21:57:14 [DEBUG] https://raw.githubusercontent.com:443 "GET /igareck/vpn-configs-for-russia/main/configs/vless.txt HTTP/1.1" 404 14
21:57:14 [DEBUG] Starting new HTTPS connection (1): t.me:443
21:57:14 [DEBUG]    🚫 Заблокированный SNI: pl.asbndx.com
21:57:14 [DEBUG] Starting new HTTPS connection (1): t.me:443
21:57:14 [DEBUG]    ✅ Long_term_subscription_num: 125 конфигов
21:57:15 [DEBUG] Starting new HTTPS connection (1): t.me:443
21:57:15 [DEBUG]    🚫 Заблокированный SNI: pl.asbndx.com
21:57:15 [DEBUG]    ✅ BLACK_VLESS_RUS.txt: 490 конфигов
21:57:15 [DEBUG]    🚫 Заблокированный SNI: sg.asbndx.com
21:57:15 [DEBUG]    🚫 Заблокированный SNI: dropbox.com
21:57:15 [DEBUG]    ✅ vless.txt: 462 конфигов
21:57:15 [DEBUG] Starting new HTTPS connection (1): t.me:443
21:57:15 [DEBUG]    🚫 Заблокированный SNI: no-most.asbndx.com
21:57:15 [DEBUG] Starting new HTTPS connection (1): t.me:443
21:57:15 [DEBUG] https://raw.githubusercontent.com:443 "GET /mfuu/v2ray/master/v2ray HTTP/1.1" 200 15722
21:57:15 [DEBUG] https://raw.githubusercontent.com:443 "GET /ermaozi/get_subscribe/main/subscribe/v2ray.txt HTTP/1.1" 200 1679
21:57:15 [DEBUG]    ✅ v2ray.txt: 23 конфигов
21:57:15 [DEBUG] https://raw.githubusercontent.com:443 "GET /aiboboxx/v2rayfree/main/v2 HTTP/1.1" 404 14
21:57:15 [DEBUG] https://raw.githubusercontent.com:443 "GET /peasoft/NoMoreWalls/master/list.txt HTTP/1.1" 200 11006
21:57:15 [DEBUG] https://raw.githubusercontent.com:443 "GET /Pawdroid/Free-servers/main/sub HTTP/1.1" 200 1824
21:57:15 [DEBUG] https://raw.githubusercontent.com:443 "GET /freefq/free/master/v2 HTTP/1.1" 200 3099
21:57:15 [DEBUG]    ✅ list.txt: 88 конфигов
21:57:15 [DEBUG] Starting new HTTPS connection (1): t.me:443
21:57:15 [DEBUG] https://t.me:443 "GET /s/PrivateVPNs HTTP/1.1" 200 11695
21:57:15 [DEBUG] Starting new HTTPS connection (1): t.me:443
21:57:15 [DEBUG] Starting new HTTPS connection (1): t.me:443
21:57:15 [DEBUG] Starting new HTTPS connection (1): t.me:443
21:57:15 [DEBUG] Starting new HTTPS connection (1): t.me:443
21:57:15 [DEBUG] https://t.me:443 "GET /s/reality_daily HTTP/1.1" 302 20
21:57:15 [DEBUG] https://t.me:443 "GET /s/FarahVPN HTTP/1.1" 200 9918
21:57:15 [DEBUG] Starting new HTTPS connection (1): t.me:443
21:57:15 [DEBUG] https://raw.githubusercontent.com:443 "GET /Leon406/SubCrawler/master/sub/share/vless HTTP/1.1" 200 2687023
21:57:15 [DEBUG] https://t.me:443 "GET /reality_daily HTTP/1.1" 200 3656
21:57:15 [DEBUG] Starting new HTTPS connection (1): t.me:443
21:57:15 [DEBUG]    📱 FarahVPN: 10 конфигов
21:57:15 [DEBUG] https://t.me:443 "GET /s/iSegaro HTTP/1.1" 200 18613
21:57:15 [DEBUG] Starting new HTTPS connection (1): t.me:443
21:57:15 [DEBUG] https://t.me:443 "GET /s/v2ray_configs_pool HTTP/1.1" 200 10974
21:57:15 [DEBUG] Starting new HTTPS connection (1): t.me:443
21:57:15 [DEBUG] https://t.me:443 "GET /s/v2ray_outlineir HTTP/1.1" 200 10143
21:57:15 [DEBUG]    📱 v2ray_outlineir: 11 конфигов
21:57:15 [DEBUG] https://t.me:443 "GET /s/VlessConfig HTTP/1.1" 200 11438
21:57:15 [DEBUG]    📱 VlessConfig: 14 конфигов
21:57:15 [DEBUG] https://t.me:443 "GET /s/v2rayng_vpn HTTP/1.1" 200 15545
21:57:15 [DEBUG] Starting new HTTPS connection (1): t.me:443
21:57:16 [DEBUG] Starting new HTTPS connection (1): t.me:443
21:57:16 [DEBUG] Starting new HTTPS connection (1): t.me:443
21:57:16 [DEBUG] Starting new HTTPS connection (1): api.github.com:443
21:57:16 [DEBUG] Starting new HTTPS connection (1): api.github.com:443
21:57:16 [DEBUG]    🚫 Заблокированный SNI: us.asbndx.com
21:57:16 [DEBUG]    🚫 Заблокированный SNI: pl.asbndx.com
21:57:16 [DEBUG]    🚫 Заблокированный SNI: de-two.asbndx.com
21:57:16 [DEBUG]    🚫 Заблокированный SNI: de-two.asbndx.com
21:57:16 [DEBUG]    ✅ WHITE-CIDR-RU-all.txt: 1364 конфигов
21:57:16 [DEBUG] https://t.me:443 "GET /s/proxy_mtm HTTP/1.1" 302 20
21:57:16 [DEBUG] https://t.me:443 "GET /s/ConfigsHUB HTTP/1.1" 200 9465
21:57:16 [DEBUG] https://t.me:443 "GET /s/V2RayTz HTTP/1.1" 200 6124
21:57:16 [DEBUG] https://t.me:443 "GET /proxy_mtm HTTP/1.1" 200 3654
21:57:16 [DEBUG] Starting new HTTPS connection (1): api.github.com:443
21:57:16 [DEBUG] Starting new HTTPS connection (1): api.github.com:443
21:57:16 [DEBUG] https://t.me:443 "GET /s/Proxy_PJ HTTP/1.1" 200 6974
21:57:16 [DEBUG] https://t.me:443 "GET /s/VmessProtocol HTTP/1.1" 200 13260
21:57:16 [DEBUG] https://t.me:443 "GET /s/customv2ray HTTP/1.1" 200 14700
21:57:16 [DEBUG]    📱 customv2ray: 9 конфигов
21:57:17 [DEBUG] https://t.me:443 "GET /s/Awlix_ir HTTP/1.1" 200 11534
21:57:17 [DEBUG] https://t.me:443 "GET /s/DirectVPN HTTP/1.1" 200 11394
21:57:17 [DEBUG] https://t.me:443 "GET /s/v2ray1_ng HTTP/1.1" 200 16652
21:57:17 [DEBUG] https://t.me:443 "GET /s/SafeNet_Server HTTP/1.1" 200 10749
21:57:17 [DEBUG] https://t.me:443 "GET /s/ShadowProxy66 HTTP/1.1" 200 16567
21:57:17 [DEBUG]    📱 v2ray1_ng: 8 конфигов
21:57:17 [DEBUG]    📱 Awlix_ir: 1 конфигов
21:57:17 [DEBUG] https://t.me:443 "GET /s/ServerNett HTTP/1.1" 200 11352
21:57:17 [DEBUG] https://api.github.com:443 "GET /repos/barry-far/V2ray-Configs/issues?state=all&per_page=10 HTTP/1.1" 403 136
21:57:17 [DEBUG] https://t.me:443 "GET /s/v2ray_alpha HTTP/1.1" 200 18923
21:57:17 [DEBUG]    📱 v2ray_alpha: 56 конфигов
21:57:17 [DEBUG] https://t.me:443 "GET /s/freev2rayssr HTTP/1.1" 200 22264
21:57:17 [DEBUG]    ✅ vless.txt: 2290 конфигов
21:57:17 [DEBUG] https://api.github.com:443 "GET /repos/Pawdroid/Free-servers/issues?state=all&per_page=10 HTTP/1.1" 200 1632
21:57:17 [DEBUG]    📱 freev2rayssr: 70 конфигов
21:57:17 [DEBUG] https://api.github.com:443 "GET /repos/yebekhe/TelegramV2rayCollector/issues?state=all&per_page=10 HTTP/1.1" 404 125
21:57:17 [DEBUG] https://api.github.com:443 "GET /repos/mahdibland/V2RayAggregator/issues?state=all&per_page=10 HTTP/1.1" 200 1949
21:57:18 [DEBUG]    ✅ all_extracted_configs.txt: 10991 конфигов
21:57:18 [DEBUG]    🚫 Заблокированный SNI: dropbox.com
21:57:18 [DEBUG]    🚫 Заблокированный SNI: kz.asbndx.com
21:57:18 [DEBUG]    🚫 Заблокированный SNI: fr.asbndx.com
21:57:18 [DEBUG]    🚫 Заблокированный SNI: us.asbndx.com
21:57:18 [DEBUG]    🚫 Заблокированный SNI: in-most.asbndx.com
21:57:18 [DEBUG]    🚫 Заблокированный SNI: ru.asbndx.com
21:57:18 [DEBUG]    🚫 Заблокированный SNI: irl-most.asbndx.com
21:57:18 [DEBUG]    🚫 Заблокированный SNI: ae-most.asbndx.com
21:57:18 [DEBUG]    🚫 Заблокированный SNI: ru.asbndx.com
21:57:18 [DEBUG]    🚫 Заблокированный SNI: ru.asbndx.com
21:57:18 [DEBUG]    🚫 Заблокированный SNI: ca.asbndx.com
21:57:18 [DEBUG]    🚫 Заблокированный SNI: at.asbndx.com
21:57:18 [DEBUG]    🚫 Заблокированный SNI: nl.asbndx.com
21:57:18 [DEBUG]    🚫 Заблокированный SNI: de-two.asbndx.com
21:57:18 [DEBUG]    🚫 Заблокированный SNI: de-two.asbndx.com
21:57:18 [DEBUG]    🚫 Заблокированный SNI: sw.asbndx.com
21:57:18 [DEBUG]    🚫 Заблокированный SNI: services.3cx.com
21:57:18 [DEBUG]    🚫 Заблокированный SNI: api.3cx.com
21:57:18 [DEBUG]    🚫 Заблокированный SNI: sg.asbndx.com
21:57:19 [DEBUG]    🚫 Заблокированный SNI: pl.asbndx.com
21:57:19 [DEBUG]    🚫 Заблокированный SNI: ch.asbndx.com
21:57:19 [DEBUG]    🚫 Заблокированный SNI: lt.asbndx.com
21:57:19 [DEBUG]    🚫 Заблокированный SNI: us.asbndx.com
21:57:19 [DEBUG]    🚫 Заблокированный SNI: us.asbndx.com
21:57:19 [DEBUG]    🚫 Заблокированный SNI: gb.asbndx.com
21:57:19 [DEBUG]    🚫 Заблокированный SNI: nl.asbndx.com
21:57:19 [DEBUG]    🚫 Заблокированный SNI: esp.asbndx.com
21:57:19 [DEBUG]    🚫 Заблокированный SNI: hk.asbndx.com
21:57:19 [DEBUG]    🚫 Заблокированный SNI: msk.asbndx.com
21:57:19 [DEBUG]    🚫 Заблокированный SNI: msk.asbndx.com
21:57:19 [DEBUG]    🚫 Заблокированный SNI: msk.asbndx.com
21:57:19 [DEBUG]    🚫 Заблокированный SNI: msk.asbndx.com
21:57:19 [DEBUG]    ✅ vless: 20795 конфигов
21:57:19 [INFO] 
📊 Статистика источников:
21:57:19 [INFO]    🛡️ Reality:      0
21:57:19 [INFO]    🥇 Premium:      2877
21:57:19 [INFO]    📦 General:      11110
21:57:19 [INFO]    🇷🇺 Whitelist:    1987
21:57:19 [INFO]    🔄 Subscription: 20906
21:57:19 [INFO]    📱 Telegram:     179
21:57:19 [INFO]    🐙 GitHub Issues: 0
21:57:19 [INFO]    ═══════════════════════
21:57:19 [INFO]    📈 ВСЕГО:        37059
21:57:19 [INFO]    🛡️ Из них Reality: 4720 (с довер. SNI: 3358)
21:57:19 [INFO] 
🔍 Уникальных серверов: 18008 (Reality: 2017)
21:57:19 [INFO] 
════════════════════════════════════════
21:57:19 [INFO] ⚡ ЭТАП 2: TCP ПРОВЕРКА
21:57:19 [INFO] ════════════════════════════════════════
21:57:22 [INFO]    📊 TCP-пинг: 1800/18008 (10%) | ✅1260 ❌540
21:57:26 [INFO]    📊 TCP-пинг: 3600/18008 (20%) | ✅2074 ❌1526
21:57:30 [INFO]    📊 TCP-пинг: 5400/18008 (30%) | ✅2791 ❌2609
21:57:34 [INFO]    📊 TCP-пинг: 7200/18008 (40%) | ✅3725 ❌3475
21:57:34 [INFO]    📊 TCP-пинг: 9000/18008 (50%) | ✅5500 ❌3500
21:57:38 [INFO]    📊 TCP-пинг: 10800/18008 (60%) | ✅6951 ❌3849
21:57:47 [INFO]    📊 TCP-пинг: 12600/18008 (70%) | ✅7851 ❌4749
21:58:06 [INFO]    📊 TCP-пинг: 14400/18008 (80%) | ✅8848 ❌5552
21:58:26 [INFO]    📊 TCP-пинг: 16200/18008 (90%) | ✅9477 ❌6723
21:58:53 [INFO]    📊 TCP-пинг: 18000/18008 (100%) | ✅9704 ❌8296
21:58:58 [INFO] 
✅ Живых TCP: 9704 (Reality: 930)
21:58:58 [INFO] 📊 Топ стран:
21:58:58 [INFO]    🏳️ None (None): 5300
21:58:58 [INFO]    🇽🇽 XX (XX): 1949
21:58:58 [INFO]    🇷🇺 RU (Россия): 436
21:58:58 [INFO]    🇩🇪 DE (Германия): 320
21:58:58 [INFO]    🇳🇱 NL (Нидерланды): 262
21:58:58 [INFO]    🇬🇧 GB (Великобритания): 154
21:58:58 [INFO]    🇫🇷 FR (Франция): 127
21:58:58 [INFO]    🇸🇬 SG (Сингапур): 109
21:58:58 [INFO]    🇰🇿 KZ (Казахстан): 89
21:58:58 [INFO]    🇸🇪 SE (Швеция): 84
21:58:59 [INFO] 
════════════════════════════════════════
21:58:59 [INFO] 🧪 ЭТАП 3: ГЛУБОКАЯ ПРОВЕРКА (1936 серверов)
21:58:59 [INFO] ════════════════════════════════════════
21:59:00 [DEBUG] Starting new HTTPS connection (1): www.google.com:443
21:59:00 [DEBUG] Starting new HTTPS connection (1): www.google.com:443
21:59:00 [DEBUG] Starting new HTTPS connection (1): www.google.com:443
21:59:00 [DEBUG] Starting new HTTPS connection (1): www.google.com:443
21:59:00 [DEBUG] Starting new HTTPS connection (1): www.google.com:443
21:59:00 [DEBUG] Starting new HTTPS connection (1): www.google.com:443
21:59:00 [DEBUG] Starting new HTTPS connection (1): www.google.com:443
21:59:00 [DEBUG] Starting new HTTPS connection (1): www.google.com:443
21:59:00 [DEBUG] Starting new HTTPS connection (1): www.google.com:443
21:59:00 [DEBUG] Starting new HTTPS connection (1): www.google.com:443
21:59:00 [DEBUG] Starting new HTTPS connection (1): www.google.com:443
21:59:00 [DEBUG] Starting new HTTPS connection (1): www.google.com:443
21:59:00 [DEBUG] Starting new HTTPS connection (1): www.google.com:443
21:59:00 [DEBUG] Starting new HTTPS connection (1): www.google.com:443
21:59:00 [DEBUG] Starting new HTTPS connection (1): www.google.com:443
21:59:03 [DEBUG] Starting new HTTPS connection (1): cp.cloudflare.com:443
21:59:05 [DEBUG] Error connecting to SOCKS5 proxy 127.0.0.1:59117 due to: timed out
21:59:05 [DEBUG] Starting new HTTPS connection (1): cp.cloudflare.com:443
21:59:05 [DEBUG] Error connecting to SOCKS5 proxy 127.0.0.1:14939 due to: timed out
21:59:05 [DEBUG] Starting new HTTPS connection (1): cp.cloudflare.com:443
21:59:05 [DEBUG] Error connecting to SOCKS5 proxy 127.0.0.1:38090 due to: timed out
21:59:05 [DEBUG] Starting new HTTPS connection (1): cp.cloudflare.com:443
21:59:05 [DEBUG] Error connecting to SOCKS5 proxy 127.0.0.1:14720 due to: timed out
21:59:05 [DEBUG] Starting new HTTPS connection (1): cp.cloudflare.com:443
21:59:05 [DEBUG] Error connecting to SOCKS5 proxy 127.0.0.1:27518 due to: timed out
21:59:05 [DEBUG] Starting new HTTPS connection (1): cp.cloudflare.com:443
21:59:05 [DEBUG] Error connecting to SOCKS5 proxy 127.0.0.1:46242 due to: timed out
21:59:05 [DEBUG] Starting new HTTPS connection (1): cp.cloudflare.com:443
21:59:05 [DEBUG] Error connecting to SOCKS5 proxy 127.0.0.1:12685 due to: timed out
21:59:05 [DEBUG] Starting new HTTPS connection (1): cp.cloudflare.com:443
21:59:05 [DEBUG] Error connecting to SOCKS5 proxy 127.0.0.1:34051 due to: timed out
21:59:05 [DEBUG] Starting new HTTPS connection (1): cp.cloudflare.com:443
21:59:05 [DEBUG] Starting new HTTPS connection (1): www.gstatic.com:443
21:59:05 [DEBUG] Error connecting to SOCKS5 proxy 127.0.0.1:32731 due to: timed out
21:59:05 [DEBUG] Starting new HTTPS connection (1): cp.cloudflare.com:443
21:59:05 [DEBUG] Error connecting to SOCKS5 proxy 127.0.0.1:30141 due to: timed out
21:59:05 [DEBUG] Starting new HTTPS connection (1): cp.cloudflare.com:443
21:59:05 [DEBUG] Error connecting to SOCKS5 proxy 127.0.0.1:22860 due to: timed out
21:59:05 [DEBUG] Starting new HTTPS connection (1): cp.cloudflare.com:443
21:59:05 [DEBUG] Error connecting to SOCKS5 proxy 127.0.0.1:55535 due to: timed out
21:59:05 [DEBUG] Starting new HTTPS connection (1): cp.cloudflare.com:443
21:59:05 [DEBUG] Error connecting to SOCKS5 proxy 127.0.0.1:48562 due to: timed out
21:59:05 [DEBUG] Starting new HTTPS connection (1): cp.cloudflare.com:443
21:59:05 [DEBUG] Error connecting to SOCKS5 proxy 127.0.0.1:42450 due to: timed out
21:59:05 [DEBUG] Starting new HTTPS connection (1): cp.cloudflare.com:443
21:59:08 [DEBUG] Error connecting to SOCKS5 proxy 127.0.0.1:40656 due to: timed out
21:59:08 [DEBUG] Starting new HTTPS connection (1): www.gstatic.com:443
21:59:08 [DEBUG] https://cp.cloudflare.com:443 "GET / HTTP/1.1" 204 0
21:59:08 [DEBUG] Starting new HTTPS connection (1): www.gstatic.com:443
21:59:08 [DEBUG] Starting new HTTPS connection (1): www.gstatic.com:443
21:59:08 [DEBUG] Starting new HTTPS connection (1): www.gstatic.com:443
21:59:08 [DEBUG] Starting new HTTPS connection (1): www.gstatic.com:443
21:59:08 [DEBUG] https://cp.cloudflare.com:443 "GET / HTTP/1.1" 204 0
21:59:08 [DEBUG] Starting new HTTPS connection (1): www.gstatic.com:443
21:59:08 [DEBUG] Starting new HTTPS connection (1): www.gstatic.com:443
21:59:08 [DEBUG] Starting new HTTPS connection (1): www.gstatic.com:443
21:59:08 [DEBUG] https://www.gstatic.com:443 "GET /generate_204 HTTP/1.1" 204 0
21:59:08 [DEBUG] Starting new HTTPS connection (1): www.gstatic.com:443
21:59:08 [DEBUG] Starting new HTTPS connection (1): www.gstatic.com:443
21:59:08 [DEBUG] Starting new HTTPS connection (1): www.gstatic.com:443
21:59:08 [DEBUG] https://www.gstatic.com:443 "GET /generate_204 HTTP/1.1" 204 0
21:59:08 [DEBUG] https://cp.cloudflare.com:443 "GET / HTTP/1.1" 204 0
21:59:08 [DEBUG] Starting new HTTPS connection (1): www.gstatic.com:443
21:59:08 [DEBUG] Starting new HTTPS connection (1): dl.google.com:443
21:59:08 [DEBUG] Starting new HTTPS connection (1): www.gstatic.com:443
21:59:08 [DEBUG] https://www.gstatic.com:443 "GET /generate_204 HTTP/1.1" 204 0
21:59:08 [DEBUG] https://dl.google.com:443 "GET /dl/android/studio/install/3.4.1.0/android-studio-ide-183.5522156-windows.exe HTTP/1.1" 200 1017327996
21:59:08 [DEBUG] Starting new HTTPS connection (1): dl.google.com:443
21:59:09 [INFO]    🎯 92.61.71.170 (Эстония) - 37.9 Mbps, 1658ms, UDP✅ 🛡️Reality
21:59:09 [DEBUG] https://dl.google.com:443 "GET /dl/android/studio/install/3.4.1.0/android-studio-ide-183.5522156-windows.exe HTTP/1.1" 200 1017327996
21:59:09 [DEBUG] Starting new HTTPS connection (1): www.google.com:443
21:59:09 [DEBUG] Starting new HTTPS connection (1): www.google.com:443
21:59:09 [DEBUG] Starting new HTTPS connection (1): www.google.com:443
21:59:09 [DEBUG] Starting new HTTPS connection (1): www.google.com:443
21:59:09 [DEBUG] Starting new HTTPS connection (1): cp.cloudflare.com:443
21:59:09 [DEBUG] Starting new HTTPS connection (1): cp.cloudflare.com:443
21:59:09 [DEBUG] Starting new HTTPS connection (1): www.google.com:443
21:59:09 [DEBUG] Starting new HTTPS connection (1): www.google.com:443
21:59:09 [DEBUG] Starting new HTTPS connection (1): www.google.com:443
21:59:09 [DEBUG] Starting new HTTPS connection (1): www.google.com:443
21:59:09 [DEBUG] Starting new HTTPS connection (1): www.google.com:443
21:59:09 [DEBUG] Starting new HTTPS connection (1): cp.cloudflare.com:443
21:59:09 [DEBUG] Starting new HTTPS connection (1): www.google.com:443
21:59:09 [DEBUG] Starting new HTTPS connection (1): cp.cloudflare.com:443
21:59:09 [DEBUG] https://cp.cloudflare.com:443 "GET / HTTP/1.1" 204 0
21:59:09 [DEBUG] Starting new HTTPS connection (1): www.gstatic.com:443
21:59:09 [DEBUG] Starting new HTTPS connection (1): www.gstatic.com:443
21:59:09 [DEBUG] Starting new HTTPS connection (1): cp.cloudflare.com:443
21:59:09 [DEBUG] Starting new HTTPS connection (1): www.gstatic.com:443
21:59:09 [DEBUG] Starting new HTTPS connection (1): cp.cloudflare.com:443
21:59:09 [DEBUG] Starting new HTTPS connection (1): www.google.com:443
21:59:09 [DEBUG] Starting new HTTPS connection (1): cp.cloudflare.com:443
21:59:10 [DEBUG] Starting new HTTPS connection (1): www.gstatic.com:443
21:59:10 [DEBUG] Starting new HTTPS connection (1): www.gstatic.com:443
21:59:10 [DEBUG] Starting new HTTPS connection (1): www.gstatic.com:443
21:59:10 [DEBUG] Starting new HTTPS connection (1): www.gstatic.com:443
21:59:10 [DEBUG] Starting new HTTPS connection (1): cp.cloudflare.com:443
21:59:10 [DEBUG] Starting new HTTPS connection (1): www.gstatic.com:443
21:59:10 [DEBUG] https://www.gstatic.com:443 "GET /generate_204 HTTP/1.1" 204 0
21:59:10 [DEBUG] Starting new HTTPS connection (1): www.gstatic.com:443
21:59:10 [DEBUG] Starting new HTTPS connection (1): dl.google.com:443
21:59:10 [DEBUG] Starting new HTTPS connection (1): www.google.com:443
21:59:10 [DEBUG] Starting new HTTPS connection (1): cp.cloudflare.com:443
21:59:10 [DEBUG] https://dl.google.com:443 "GET /dl/android/studio/install/3.4.1.0/android-studio-ide-183.5522156-windows.exe HTTP/1.1" 200 1017327996
21:59:10 [DEBUG] Starting new HTTPS connection (1): www.gstatic.com:443
21:59:10 [INFO]    🎯 144.31.178.168 (Эстония) - 24.4 Mbps, 2393ms, UDP✅ 🛡️Reality
21:59:11 [DEBUG] Starting new HTTPS connection (1): www.google.com:443
21:59:11 [DEBUG] Starting new HTTPS connection (1): www.google.com:443
21:59:11 [DEBUG] Starting new HTTPS connection (1): www.google.com:443
21:59:11 [DEBUG] Starting new HTTPS connection (1): www.google.com:443
21:59:11 [DEBUG] Starting new HTTPS connection (1): www.google.com:443
21:59:11 [DEBUG] Starting new HTTPS connection (1): www.google.com:443
21:59:11 [DEBUG] Starting new HTTPS connection (1): www.google.com:443
21:59:11 [DEBUG] Starting new HTTPS connection (1): www.google.com:443
21:59:11 [DEBUG] Starting new HTTPS connection (1): dl.google.com:443
21:59:11 [DEBUG] Starting new HTTPS connection (1): cp.cloudflare.com:443
21:59:11 [DEBUG] Starting new HTTPS connection (1): cp.cloudflare.com:443
21:59:11 [DEBUG] https://www.google.com:443 "GET /generate_204 HTTP/1.1" 204 0
21:59:11 [DEBUG] Starting new HTTPS connection (1): cp.cloudflare.com:443
21:59:11 [DEBUG] Starting new HTTPS connection (1): www.gstatic.com:443
21:59:11 [DEBUG] Starting new HTTPS connection (1): www.gstatic.com:443
21:59:11 [DEBUG] https://cp.cloudflare.com:443 "GET / HTTP/1.1" 204 0
21:59:11 [DEBUG] Starting new HTTPS connection (1): www.gstatic.com:443
21:59:11 [DEBUG] https://www.google.com:443 "GET /generate_204 HTTP/1.1" 204 0
21:59:11 [DEBUG] Starting new HTTPS connection (1): cp.cloudflare.com:443
21:59:11 [DEBUG] Starting new HTTPS connection (1): www.google.com:443
21:59:11 [DEBUG] https://www.gstatic.com:443 "GET /generate_204 HTTP/1.1" 204 0
21:59:12 [DEBUG] https://cp.cloudflare.com:443 "GET / HTTP/1.1" 204 0
21:59:12 [DEBUG] Starting new HTTPS connection (1): www.gstatic.com:443
21:59:12 [DEBUG] Starting new HTTPS connection (1): www.google.com:443
21:59:12 [DEBUG] Starting new HTTPS connection (1): dl.google.com:443
21:59:12 [DEBUG] https://www.gstatic.com:443 "GET /generate_204 HTTP/1.1" 204 0
21:59:12 [DEBUG] https://dl.google.com:443 "GET /dl/android/studio/install/3.4.1.0/android-studio-ide-183.5522156-windows.exe HTTP/1.1" 200 1017327996
21:59:12 [DEBUG] Starting new HTTPS connection (1): dl.google.com:443
21:59:12 [DEBUG] https://dl.google.com:443 "GET /dl/android/studio/install/3.4.1.0/android-studio-ide-183.5522156-windows.exe HTTP/1.1" 200 1017327996
21:59:12 [DEBUG] https://www.google.com:443 "GET /generate_204 HTTP/1.1" 204 0
21:59:12 [DEBUG] Starting new HTTPS connection (1): cp.cloudflare.com:443
21:59:12 [DEBUG] Starting new HTTPS connection (1): www.google.com:443
21:59:12 [INFO]    🎯 38.244.137.198 (Финляндия) - 21.0 Mbps, 238ms, UDP✅ 🛡️Reality
21:59:12 [INFO]    🎯 5.61.89.225 (Финляндия) - 37.4 Mbps, 293ms, UDP✅ 🛡️Reality
21:59:12 [DEBUG] Starting new HTTPS connection (1): www.google.com:443
21:59:13 [DEBUG] https://www.google.com:443 "GET /generate_204 HTTP/1.1" 204 0
21:59:13 [DEBUG] Starting new HTTPS connection (1): cp.cloudflare.com:443
21:59:13 [DEBUG] https://www.google.com:443 "GET /generate_204 HTTP/1.1" 204 0
21:59:13 [DEBUG] Starting new HTTPS connection (1): cp.cloudflare.com:443
21:59:13 [DEBUG] Starting new HTTPS connection (1): www.gstatic.com:443
21:59:13 [DEBUG] Starting new HTTPS connection (1): cp.cloudflare.com:443
21:59:13 [DEBUG] https://www.google.com:443 "GET /generate_204 HTTP/1.1" 204 0
21:59:13 [DEBUG] Starting new HTTPS connection (1): cp.cloudflare.com:443
21:59:14 [DEBUG] Starting new HTTPS connection (1): www.google.com:443
21:59:14 [DEBUG] Starting new HTTPS connection (1): www.google.com:443
21:59:14 [DEBUG] https://www.google.com:443 "GET /generate_204 HTTP/1.1" 204 0
21:59:14 [DEBUG] Starting new HTTPS connection (1): cp.cloudflare.com:443
21:59:15 [DEBUG] https://www.google.com:443 "GET /generate_204 HTTP/1.1" 204 0
21:59:15 [DEBUG] Starting new HTTPS connection (1): cp.cloudflare.com:443
21:59:15 [DEBUG] https://dl.google.com:443 "GET /dl/android/studio/install/3.4.1.0/android-studio-ide-183.5522156-windows.exe HTTP/1.1" 200 1017327996
21:59:15 [INFO]    🎯 185.73.125.42 (Эстония) - 3.8 Mbps, 1616ms, UDP❌ 🛡️Reality
21:59:16 [DEBUG] Starting new HTTPS connection (1): cp.cloudflare.com:443
21:59:16 [DEBUG] Starting new HTTPS connection (1): cp.cloudflare.com:443
21:59:17 [INFO]    🎯 46.62.128.207 (Финляндия) - 0.0 Mbps, 1803ms, UDP✅ 🛡️Reality
21:59:17 [DEBUG] Starting new HTTPS connection (1): www.google.com:443
21:59:17 [DEBUG] Error connecting to SOCKS5 proxy 127.0.0.1:24991 due to: timed out
21:59:17 [DEBUG] Starting new HTTPS connection (1): www.gstatic.com:443
21:59:17 [DEBUG] Starting new HTTPS connection (1): cp.cloudflare.com:443
21:59:17 [DEBUG] Error connecting to SOCKS5 proxy 127.0.0.1:32476 due to: timed out
21:59:17 [DEBUG] Starting new HTTPS connection (1): cp.cloudflare.com:443
21:59:18 [DEBUG] Error connecting to SOCKS5 proxy 127.0.0.1:30863 due to: timed out
21:59:18 [DEBUG] Starting new HTTPS connection (1): www.gstatic.com:443
21:59:18 [DEBUG] Starting new HTTPS connection (1): www.gstatic.com:443
21:59:18 [DEBUG] Starting new HTTPS connection (1): www.google.com:443
21:59:18 [DEBUG] Error connecting to SOCKS5 proxy 127.0.0.1:36364 due to: timed out
21:59:18 [DEBUG] Error connecting to SOCKS5 proxy 127.0.0.1:10267 due to: timed out
21:59:18 [DEBUG] Starting new HTTPS connection (1): www.gstatic.com:443
21:59:18 [DEBUG] Error connecting to SOCKS5 proxy 127.0.0.1:32992 due to: timed out
21:59:18 [DEBUG] Starting new HTTPS connection (1): www.gstatic.com:443
21:59:19 [DEBUG] Starting new HTTPS connection (1): cp.cloudflare.com:443
21:59:19 [DEBUG] Starting new HTTPS connection (1): www.gstatic.com:443
21:59:19 [DEBUG] Starting new HTTPS connection (1): www.google.com:443
21:59:20 [DEBUG] https://www.gstatic.com:443 "GET /generate_204 HTTP/1.1" 204 0
21:59:20 [DEBUG] Starting new HTTPS connection (1): dl.google.com:443
21:59:20 [DEBUG] Starting new HTTPS connection (1): cp.cloudflare.com:443
21:59:20 [DEBUG] Error connecting to SOCKS5 proxy 127.0.0.1:42417 due to: timed out
21:59:20 [DEBUG] Starting new HTTPS connection (1): www.gstatic.com:443
21:59:20 [DEBUG] Starting new HTTPS connection (1): www.google.com:443
21:59:20 [DEBUG] Starting new HTTPS connection (1): www.gstatic.com:443
21:59:20 [DEBUG] https://www.gstatic.com:443 "GET /generate_204 HTTP/1.1" 204 0
21:59:21 [DEBUG] Starting new HTTPS connection (1): www.gstatic.com:443
21:59:21 [DEBUG] Starting new HTTPS connection (1): www.gstatic.com:443
21:59:22 [DEBUG] Starting new HTTPS connection (1): cp.cloudflare.com:443
21:59:22 [DEBUG] Error connecting to SOCKS5 proxy 127.0.0.1:35644 due to: timed out
21:59:22 [DEBUG] Starting new HTTPS connection (1): cp.cloudflare.com:443
21:59:22 [DEBUG] Starting new HTTPS connection (1): www.google.com:443
21:59:22 [DEBUG] https://www.google.com:443 "GET /generate_204 HTTP/1.1" 204 0
21:59:22 [DEBUG] Starting new HTTPS connection (1): cp.cloudflare.com:443
21:59:22 [DEBUG] Starting new HTTPS connection (1): www.gstatic.com:443
21:59:22 [DEBUG] https://cp.cloudflare.com:443 "GET / HTTP/1.1" 204 0
21:59:22 [DEBUG] Starting new HTTPS connection (1): www.gstatic.com:443
21:59:22 [DEBUG] Starting new HTTPS connection (1): www.google.com:443
21:59:22 [DEBUG] Starting new HTTPS connection (1): cp.cloudflare.com:443
21:59:22 [DEBUG] Starting new HTTPS connection (1): www.gstatic.com:443
21:59:23 [DEBUG] Error connecting to SOCKS5 proxy 127.0.0.1:34917 due to: timed out
21:59:23 [DEBUG] Starting new HTTPS connection (1): cp.cloudflare.com:443
21:59:23 [DEBUG] https://www.gstatic.com:443 "GET /generate_204 HTTP/1.1" 204 0
21:59:23 [DEBUG] Starting new HTTPS connection (1): dl.google.com:443
21:59:23 [DEBUG] Starting new HTTPS connection (1): www.gstatic.com:443
21:59:24 [DEBUG] Starting new HTTPS connection (1): dl.google.com:443
21:59:24 [DEBUG] Starting new HTTPS connection (1): www.google.com:443
21:59:24 [DEBUG] Starting new HTTPS connection (1): www.google.com:443
21:59:24 [DEBUG] https://www.google.com:443 "GET /generate_204 HTTP/1.1" 204 0
21:59:24 [DEBUG] Starting new HTTPS connection (1): cp.cloudflare.com:443
21:59:24 [DEBUG] https://www.google.com:443 "GET /generate_204 HTTP/1.1" 204 0
21:59:24 [DEBUG] Starting new HTTPS connection (1): cp.cloudflare.com:443
21:59:24 [DEBUG] Starting new HTTPS connection (1): www.gstatic.com:443
21:59:24 [DEBUG] https://cp.cloudflare.com:443 "GET / HTTP/1.1" 204 0
21:59:24 [DEBUG] Starting new HTTPS connection (1): www.gstatic.com:443
21:59:24 [DEBUG] https://cp.cloudflare.com:443 "GET / HTTP/1.1" 204 0
21:59:24 [DEBUG] Starting new HTTPS connection (1): www.gstatic.com:443
21:59:24 [DEBUG] https://www.gstatic.com:443 "GET /generate_204 HTTP/1.1" 204 0
21:59:24 [DEBUG] Starting new HTTPS connection (1): dl.google.com:443
21:59:24 [DEBUG] https://www.gstatic.com:443 "GET /generate_204 HTTP/1.1" 204 0
21:59:24 [DEBUG] Starting new HTTPS connection (1): dl.google.com:443
21:59:24 [DEBUG] https://dl.google.com:443 "GET /dl/android/studio/install/3.4.1.0/android-studio-ide-183.5522156-windows.exe HTTP/1.1" 200 1017327996
21:59:24 [DEBUG] https://dl.google.com:443 "GET /dl/android/studio/install/3.4.1.0/android-studio-ide-183.5522156-windows.exe HTTP/1.1" 200 1017327996
21:59:24 [DEBUG] https://dl.google.com:443 "GET /dl/android/studio/install/3.4.1.0/android-studio-ide-183.5522156-windows.exe HTTP/1.1" 200 1017327996
21:59:24 [INFO]    🎯 193.23.219.163 (Германия) - 52.3 Mbps, 92ms, UDP✅ 🛡️Reality
21:59:24 [INFO]    🎯 193.23.219.163 (Германия) - 42.8 Mbps, 95ms, UDP✅ 🛡️Reality
21:59:24 [DEBUG] Starting new HTTPS connection (1): www.google.com:443
21:59:25 [DEBUG] https://www.google.com:443 "GET /generate_204 HTTP/1.1" 204 0
21:59:25 [DEBUG] Starting new HTTPS connection (1): cp.cloudflare.com:443
21:59:25 [DEBUG] Starting new HTTPS connection (1): www.gstatic.com:443
21:59:25 [DEBUG] https://cp.cloudflare.com:443 "GET / HTTP/1.1" 204 0
21:59:25 [DEBUG] Starting new HTTPS connection (1): www.gstatic.com:443
21:59:25 [DEBUG] https://www.gstatic.com:443 "GET /generate_204 HTTP/1.1" 204 0
21:59:25 [DEBUG] https://www.gstatic.com:443 "GET /generate_204 HTTP/1.1" 204 0
21:59:25 [DEBUG] Starting new HTTPS connection (1): dl.google.com:443
21:59:25 [DEBUG] https://dl.google.com:443 "GET /dl/android/studio/install/3.4.1.0/android-studio-ide-183.5522156-windows.exe HTTP/1.1" 200 1017327996
21:59:25 [INFO]    🎯 193.23.219.163 (Германия) - 78.9 Mbps, 128ms, UDP✅ 🛡️Reality
21:59:25 [DEBUG] Starting new HTTPS connection (1): dl.google.com:443
21:59:25 [INFO]    🎯 185.215.186.249 (Эстония) - 3.0 Mbps, 1484ms, UDP❌ 🛡️Reality
21:59:25 [DEBUG] Starting new HTTPS connection (1): www.gstatic.com:443
21:59:25 [DEBUG] https://dl.google.com:443 "GET /dl/android/studio/install/3.4.1.0/android-studio-ide-183.5522156-windows.exe HTTP/1.1" 200 1017327996
21:59:25 [DEBUG] Starting new HTTPS connection (1): www.google.com:443
21:59:25 [DEBUG] Starting new HTTPS connection (1): www.google.com:443
21:59:25 [DEBUG] https://www.google.com:443 "GET /generate_204 HTTP/1.1" 204 0
21:59:25 [DEBUG] Starting new HTTPS connection (1): cp.cloudflare.com:443
21:59:26 [DEBUG] https://www.google.com:443 "GET /generate_204 HTTP/1.1" 204 0
21:59:26 [DEBUG] Starting new HTTPS connection (1): cp.cloudflare.com:443
21:59:26 [DEBUG] https://cp.cloudflare.com:443 "GET / HTTP/1.1" 204 0
21:59:26 [DEBUG] Starting new HTTPS connection (1): www.gstatic.com:443
21:59:26 [DEBUG] https://dl.google.com:443 "GET /dl/android/studio/install/3.4.1.0/android-studio-ide-183.5522156-windows.exe HTTP/1.1" 200 1017327996
21:59:26 [DEBUG] https://www.gstatic.com:443 "GET /generate_204 HTTP/1.1" 204 0
21:59:26 [DEBUG] https://cp.cloudflare.com:443 "GET / HTTP/1.1" 204 0
21:59:26 [DEBUG] Starting new HTTPS connection (1): www.gstatic.com:443
21:59:26 [DEBUG] Starting new HTTPS connection (1): www.google.com:443
21:59:26 [DEBUG] Starting new HTTPS connection (1): dl.google.com:443
21:59:26 [DEBUG] https://www.gstatic.com:443 "GET /generate_204 HTTP/1.1" 204 0
21:59:26 [DEBUG] https://www.google.com:443 "GET /generate_204 HTTP/1.1" 204 0
21:59:26 [DEBUG] Starting new HTTPS connection (1): cp.cloudflare.com:443
21:59:26 [DEBUG] Starting new HTTPS connection (1): www.google.com:443
21:59:26 [DEBUG] Starting new HTTPS connection (1): dl.google.com:443
21:59:26 [DEBUG] Starting new HTTPS connection (1): cp.cloudflare.com:443
21:59:26 [DEBUG] Starting new HTTPS connection (1): www.gstatic.com:443
21:59:26 [DEBUG] https://cp.cloudflare.com:443 "GET / HTTP/1.1" 204 0
21:59:26 [DEBUG] Starting new HTTPS connection (1): www.gstatic.com:443
21:59:26 [INFO]    🎯 45.43.79.73 (Латвия) - 34.8 Mbps, 995ms, UDP✅ 🛡️Reality
21:59:26 [DEBUG] https://www.gstatic.com:443 "GET /generate_204 HTTP/1.1" 204 0
21:59:26 [DEBUG] Starting new HTTPS connection (1): dl.google.com:443
21:59:26 [INFO]    🎯 185.155.96.152 (Эстония) - 7.4 Mbps, 2010ms, UDP❌ 🛡️Reality
21:59:26 [DEBUG] Starting new HTTPS connection (1): www.google.com:443
21:59:26 [DEBUG] https://dl.google.com:443 "GET /dl/android/studio/install/3.4.1.0/android-studio-ide-183.5522156-windows.exe HTTP/1.1" 200 1017327996
21:59:26 [DEBUG] https://dl.google.com:443 "GET /dl/android/studio/install/3.4.1.0/android-studio-ide-183.5522156-windows.exe HTTP/1.1" 200 1017327996
21:59:26 [INFO]    🎯 57.129.53.182 (Германия) - 36.2 Mbps, 35ms, UDP✅ 🛡️Reality
21:59:26 [INFO]    🎯 57.129.53.181 (Германия) - 51.4 Mbps, 59ms, UDP✅ 🛡️Reality
21:59:26 [DEBUG] Starting new HTTPS connection (1): cp.cloudflare.com:443
21:59:26 [DEBUG] https://dl.google.com:443 "GET /dl/android/studio/install/3.4.1.0/android-studio-ide-183.5522156-windows.exe HTTP/1.1" 200 1017327996
21:59:26 [INFO]    🎯 57.129.49.1 (Германия) - 25.9 Mbps, 43ms, UDP✅ 🛡️Reality
21:59:26 [DEBUG] Starting new HTTPS connection (1): www.google.com:443
21:59:26 [DEBUG] https://www.google.com:443 "GET /generate_204 HTTP/1.1" 204 0
21:59:26 [DEBUG] Starting new HTTPS connection (1): cp.cloudflare.com:443
21:59:26 [DEBUG] Starting new HTTPS connection (1): www.google.com:443
21:59:26 [DEBUG] Starting new HTTPS connection (1): cp.cloudflare.com:443
21:59:26 [DEBUG] Starting new HTTPS connection (1): www.gstatic.com:443
21:59:26 [DEBUG] https://cp.cloudflare.com:443 "GET / HTTP/1.1" 204 0
21:59:26 [DEBUG] Starting new HTTPS connection (1): www.gstatic.com:443
21:59:26 [DEBUG] Starting new HTTPS connection (1): www.gstatic.com:443
21:59:26 [DEBUG] https://www.gstatic.com:443 "GET /generate_204 HTTP/1.1" 204 0
21:59:26 [DEBUG] Starting new HTTPS connection (1): dl.google.com:443
21:59:27 [DEBUG] https://dl.google.com:443 "GET /dl/android/studio/install/3.4.1.0/android-studio-ide-183.5522156-windows.exe HTTP/1.1" 200 1017327996
21:59:27 [INFO]    🎯 57.129.53.180 (Германия) - 106.0 Mbps, 34ms, UDP✅ 🛡️Reality
21:59:27 [DEBUG] Starting new HTTPS connection (1): cp.cloudflare.com:443
21:59:27 [DEBUG] Starting new HTTPS connection (1): www.google.com:443
21:59:27 [DEBUG] Starting new HTTPS connection (1): cp.cloudflare.com:443
21:59:27 [DEBUG] Starting new HTTPS connection (1): www.google.com:443
21:59:27 [DEBUG] Starting new HTTPS connection (1): www.gstatic.com:443
21:59:27 [DEBUG] Starting new HTTPS connection (1): cp.cloudflare.com:443
21:59:27 [DEBUG] Starting new HTTPS connection (1): www.gstatic.com:443
21:59:27 [DEBUG] Starting new HTTPS connection (1): www.google.com:443
21:59:27 [DEBUG] Starting new HTTPS connection (1): cp.cloudflare.com:443
21:59:27 [DEBUG] Starting new HTTPS connection (1): www.gstatic.com:443
21:59:27 [DEBUG] Starting new HTTPS connection (1): www.google.com:443
21:59:27 [DEBUG] Starting new HTTPS connection (1): www.google.com:443
21:59:27 [DEBUG] Starting new HTTPS connection (1): cp.cloudflare.com:443
21:59:27 [DEBUG] Starting new HTTPS connection (1): cp.cloudflare.com:443
21:59:27 [DEBUG] Starting new HTTPS connection (1): www.gstatic.com:443
21:59:27 [DEBUG] Starting new HTTPS connection (1): www.gstatic.com:443
21:59:27 [DEBUG] Starting new HTTPS connection (1): www.google.com:443
21:59:28 [DEBUG] Starting new HTTPS connection (1): www.google.com:443
21:59:28 [DEBUG] Starting new HTTPS connection (1): www.google.com:443
21:59:28 [DEBUG] Starting new HTTPS connection (1): www.google.com:443
21:59:28 [DEBUG] https://www.google.com:443 "GET /generate_204 HTTP/1.1" 204 0
21:59:28 [DEBUG] Starting new HTTPS connection (1): cp.cloudflare.com:443
21:59:28 [DEBUG] https://www.google.com:443 "GET /generate_204 HTTP/1.1" 204 0
21:59:28 [DEBUG] Starting new HTTPS connection (1): cp.cloudflare.com:443
21:59:28 [DEBUG] Starting new HTTPS connection (1): www.google.com:443
21:59:28 [DEBUG] https://cp.cloudflare.com:443 "GET / HTTP/1.1" 204 0
21:59:28 [DEBUG] Starting new HTTPS connection (1): www.gstatic.com:443
21:59:28 [DEBUG] Starting new HTTPS connection (1): www.google.com:443
21:59:28 [DEBUG] Starting new HTTPS connection (1): www.google.com:443
21:59:28 [DEBUG] Starting new HTTPS connection (1): www.google.com:443
21:59:28 [DEBUG] https://cp.cloudflare.com:443 "GET / HTTP/1.1" 204 0
21:59:28 [DEBUG] Starting new HTTPS connection (1): www.gstatic.com:443
21:59:28 [DEBUG] Starting new HTTPS connection (1): www.google.com:443
21:59:28 [DEBUG] https://dl.google.com:443 "GET /dl/android/studio/install/3.4.1.0/android-studio-ide-183.5522156-windows.exe HTTP/1.1" 200 1017327996
21:59:29 [DEBUG] Starting new HTTPS connection (1): www.google.com:443
21:59:29 [DEBUG] Starting new HTTPS connection (1): www.google.com:443
21:59:29 [INFO]    🎯 185.215.186.115 (Эстония) - 3.0 Mbps, 4358ms, UDP✅ 🛡️Reality
21:59:29 [DEBUG] Starting new HTTPS connection (1): www.google.com:443
21:59:29 [DEBUG] https://www.google.com:443 "GET /generate_204 HTTP/1.1" 204 0
21:59:29 [DEBUG] Starting new HTTPS connection (1): cp.cloudflare.com:443
21:59:29 [DEBUG] https://cp.cloudflare.com:443 "GET / HTTP/1.1" 204 0
21:59:29 [DEBUG] Starting new HTTPS connection (1): www.gstatic.com:443
21:59:29 [DEBUG] https://www.gstatic.com:443 "GET /generate_204 HTTP/1.1" 204 0
21:59:29 [DEBUG] Starting new HTTPS connection (1): dl.google.com:443
21:59:29 [DEBUG] https://www.gstatic.com:443 "GET /generate_204 HTTP/1.1" 204 0
21:59:29 [DEBUG] https://dl.google.com:443 "GET /dl/android/studio/install/3.4.1.0/android-studio-ide-183.5522156-windows.exe HTTP/1.1" 200 1017327996
21:59:29 [INFO]    🎯 192.76.160.216 (Германия) - 91.8 Mbps, 65ms, UDP✅ 🛡️Reality
21:59:29 [DEBUG] Starting new HTTPS connection (1): www.google.com:443
21:59:30 [DEBUG] Starting new HTTPS connection (1): cp.cloudflare.com:443
21:59:30 [DEBUG] Starting new HTTPS connection (1): www.gstatic.com:443
21:59:30 [DEBUG] Starting new HTTPS connection (1): cp.cloudflare.com:443
21:59:30 [DEBUG] Starting new HTTPS connection (1): www.google.com:443
21:59:30 [DEBUG] Starting new HTTPS connection (1): cp.cloudflare.com:443
21:59:30 [DEBUG] Starting new HTTPS connection (1): dl.google.com:443
21:59:30 [DEBUG] Starting new HTTPS connection (1): cp.cloudflare.com:443
21:59:30 [DEBUG] Starting new HTTPS connection (1): cp.cloudflare.com:443
21:59:30 [DEBUG] Starting new HTTPS connection (1): www.gstatic.com:443
21:59:30 [DEBUG] Starting new HTTPS connection (1): cp.cloudflare.com:443
21:59:30 [DEBUG] Starting new HTTPS connection (1): cp.cloudflare.com:443
21:59:30 [DEBUG] Starting new HTTPS connection (1): cp.cloudflare.com:443
21:59:31 [DEBUG] Starting new HTTPS connection (1): cp.cloudflare.com:443
21:59:31 [DEBUG] Starting new HTTPS connection (1): www.google.com:443
21:59:31 [DEBUG] Starting new HTTPS connection (1): cp.cloudflare.com:443
21:59:31 [DEBUG] Starting new HTTPS connection (1): www.gstatic.com:443
21:59:31 [DEBUG] Starting new HTTPS connection (1): cp.cloudflare.com:443
21:59:31 [DEBUG] Starting new HTTPS connection (1): www.google.com:443
21:59:31 [DEBUG] https://dl.google.com:443 "GET /dl/android/studio/install/3.4.1.0/android-studio-ide-183.5522156-windows.exe HTTP/1.1" 200 1017327996
21:59:31 [DEBUG] Starting new HTTPS connection (1): www.google.com:443
21:59:31 [DEBUG] Starting new HTTPS connection (1): cp.cloudflare.com:443
21:59:31 [DEBUG] Starting new HTTPS connection (1): www.gstatic.com:443
21:59:31 [INFO]    🎯 64.188.104.168 (Германия) - 12.7 Mbps, 592ms, UDP✅ 🛡️Reality
21:59:31 [DEBUG] Starting new HTTPS connection (1): cp.cloudflare.com:443
21:59:32 [DEBUG] Starting new HTTPS connection (1): www.gstatic.com:443
21:59:32 [DEBUG] Starting new HTTPS connection (1): www.gstatic.com:443
21:59:32 [DEBUG] Starting new HTTPS connection (1): www.google.com:443
21:59:32 [DEBUG] Starting new HTTPS connection (1): www.gstatic.com:443
21:59:32 [DEBUG] Starting new HTTPS connection (1): www.gstatic.com:443
21:59:32 [DEBUG] https://www.google.com:443 "GET /generate_204 HTTP/1.1" 204 0
21:59:32 [DEBUG] Starting new HTTPS connection (1): cp.cloudflare.com:443
21:59:32 [DEBUG] https://cp.cloudflare.com:443 "GET / HTTP/1.1" 204 0
21:59:32 [DEBUG] Starting new HTTPS connection (1): www.gstatic.com:443
21:59:32 [DEBUG] https://www.gstatic.com:443 "GET /generate_204 HTTP/1.1" 204 0
21:59:32 [DEBUG] Starting new HTTPS connection (1): www.gstatic.com:443
21:59:32 [DEBUG] Starting new HTTPS connection (1): dl.google.com:443
21:59:33 [DEBUG] Starting new HTTPS connection (1): www.gstatic.com:443
21:59:33 [DEBUG] Starting new HTTPS connection (1): www.gstatic.com:443
21:59:33 [DEBUG] https://dl.google.com:443 "GET /dl/android/studio/install/3.4.1.0/android-studio-ide-183.5522156-windows.exe HTTP/1.1" 200 1017327996
21:59:33 [INFO]    🎯 87.120.84.221 (Германия) - 81.3 Mbps, 170ms, UDP✅ 🛡️Reality
21:59:33 [DEBUG] Starting new HTTPS connection (1): www.google.com:443
21:59:33 [DEBUG] Starting new HTTPS connection (1): www.google.com:443
21:59:33 [DEBUG] Starting new HTTPS connection (1): www.gstatic.com:443
21:59:33 [DEBUG] Starting new HTTPS connection (1): www.gstatic.com:443
21:59:33 [DEBUG] Starting new HTTPS connection (1): cp.cloudflare.com:443
21:59:33 [DEBUG] Starting new HTTPS connection (1): dl.google.com:443
21:59:33 [DEBUG] https://dl.google.com:443 "GET /dl/android/studio/install/3.4.1.0/android-studio-ide-183.5522156-windows.exe HTTP/1.1" 404 1449
21:59:33 [INFO]    🎯 188.34.193.153 (Германия) - 0.0 Mbps, 105ms, UDP✅ 🛡️Reality
21:59:34 [DEBUG] Starting new HTTPS connection (1): www.gstatic.com:443
21:59:34 [DEBUG] Starting new HTTPS connection (1): www.google.com:443
21:59:35 [DEBUG] Starting new HTTPS connection (1): www.google.com:443
21:59:35 [DEBUG] Starting new HTTPS connection (1): cp.cloudflare.com:443
21:59:35 [DEBUG] Starting new HTTPS connection (1): cp.cloudflare.com:443
21:59:35 [DEBUG] Starting new HTTPS connection (1): www.gstatic.com:443
21:59:35 [DEBUG] Starting new HTTPS connection (1): www.google.com:443
21:59:35 [DEBUG] Starting new HTTPS connection (1): www.gstatic.com:443
21:59:35 [DEBUG] https://www.google.com:443 "GET /generate_204 HTTP/1.1" 204 0
21:59:35 [DEBUG] Starting new HTTPS connection (1): cp.cloudflare.com:443
21:59:35 [DEBUG] Starting new HTTPS connection (1): www.google.com:443
21:59:35 [DEBUG] Starting new HTTPS connection (1): www.google.com:443
21:59:36 [DEBUG] Starting new HTTPS connection (1): www.google.com:443
21:59:36 [DEBUG] https://www.google.com:443 "GET /generate_204 HTTP/1.1" 204 0
21:59:36 [DEBUG] Starting new HTTPS connection (1): cp.cloudflare.com:443
21:59:36 [DEBUG] Starting new HTTPS connection (1): www.google.com:443
21:59:36 [DEBUG] https://cp.cloudflare.com:443 "GET / HTTP/1.1" 204 0
21:59:36 [DEBUG] Starting new HTTPS connection (1): www.gstatic.com:443
21:59:36 [DEBUG] https://www.google.com:443 "GET /generate_204 HTTP/1.1" 204 0
21:59:36 [DEBUG] Starting new HTTPS connection (1): cp.cloudflare.com:443
21:59:36 [DEBUG] https://cp.cloudflare.com:443 "GET / HTTP/1.1" 204 0
21:59:36 [DEBUG] Starting new HTTPS connection (1): www.gstatic.com:443
21:59:36 [DEBUG] Starting new HTTPS connection (1): www.google.com:443
21:59:36 [DEBUG] https://www.gstatic.com:443 "GET /generate_204 HTTP/1.1" 204 0
21:59:36 [DEBUG] https://www.gstatic.com:443 "GET /generate_204 HTTP/1.1" 204 0
21:59:36 [DEBUG] Starting new HTTPS connection (1): www.google.com:443
21:59:36 [DEBUG] Starting new HTTPS connection (1): dl.google.com:443
21:59:36 [DEBUG] Starting new HTTPS connection (1): www.google.com:443
21:59:36 [DEBUG] Starting new HTTPS connection (1): dl.google.com:443
21:59:36 [DEBUG] https://www.google.com:443 "GET /generate_204 HTTP/1.1" 204 0
21:59:36 [DEBUG] Starting new HTTPS connection (1): cp.cloudflare.com:443
21:59:36 [DEBUG] Starting new HTTPS connection (1): www.google.com:443
21:59:36 [DEBUG] https://www.google.com:443 "GET /generate_204 HTTP/1.1" 204 0
21:59:36 [DEBUG] Starting new HTTPS connection (1): cp.cloudflare.com:443
21:59:36 [DEBUG] Starting new HTTPS connection (1): cp.cloudflare.com:443
21:59:36 [DEBUG] https://cp.cloudflare.com:443 "GET / HTTP/1.1" 204 0
21:59:36 [DEBUG] Starting new HTTPS connection (1): www.gstatic.com:443
21:59:36 [DEBUG] Starting new HTTPS connection (1): www.gstatic.com:443
21:59:36 [DEBUG] https://dl.google.com:443 "GET /dl/android/studio/install/3.4.1.0/android-studio-ide-183.5522156-windows.exe HTTP/1.1" 200 1017327996
21:59:36 [DEBUG] https://cp.cloudflare.com:443 "GET / HTTP/1.1" 204 0
21:59:36 [DEBUG] Starting new HTTPS connection (1): www.gstatic.com:443
21:59:36 [DEBUG] https://dl.google.com:443 "GET /dl/android/studio/install/3.4.1.0/android-studio-ide-183.5522156-windows.exe HTTP/1.1" 200 1017327996
21:59:36 [DEBUG] https://www.gstatic.com:443 "GET /generate_204 HTTP/1.1" 204 0
21:59:36 [INFO]    🎯 217.154.254.198 (Германия) - 46.9 Mbps, 140ms, UDP✅ 🛡️Reality
21:59:36 [DEBUG] https://www.gstatic.com:443 "GET /generate_204 HTTP/1.1" 204 0
21:59:37 [DEBUG] Starting new HTTPS connection (1): dl.google.com:443
21:59:37 [DEBUG] Starting new HTTPS connection (1): dl.google.com:443
21:59:37 [DEBUG] https://dl.google.com:443 "GET /dl/android/studio/install/3.4.1.0/android-studio-ide-183.5522156-windows.exe HTTP/1.1" 200 1017327996
21:59:37 [DEBUG] https://dl.google.com:443 "GET /dl/android/studio/install/3.4.1.0/android-studio-ide-183.5522156-windows.exe HTTP/1.1" 200 1017327996
21:59:37 [INFO]    🎯 45.139.196.194 (Германия) - 58.8 Mbps, 154ms, UDP✅ 🛡️Reality
21:59:37 [DEBUG] Starting new HTTPS connection (1): www.google.com:443
21:59:37 [DEBUG] Starting new HTTPS connection (1): www.gstatic.com:443
21:59:37 [DEBUG] https://www.google.com:443 "GET /generate_204 HTTP/1.1" 204 0
21:59:37 [DEBUG] Starting new HTTPS connection (1): cp.cloudflare.com:443
21:59:37 [DEBUG] https://cp.cloudflare.com:443 "GET / HTTP/1.1" 204 0
21:59:37 [DEBUG] Starting new HTTPS connection (1): www.gstatic.com:443
21:59:37 [DEBUG] https://cp.cloudflare.com:443 "GET / HTTP/1.1" 204 0
21:59:37 [DEBUG] Starting new HTTPS connection (1): www.gstatic.com:443
21:59:37 [DEBUG] https://www.gstatic.com:443 "GET /generate_204 HTTP/1.1" 204 0
21:59:37 [INFO]    🎯 45.139.196.195 (Германия) - 23.5 Mbps, 148ms, UDP✅ 🛡️Reality
21:59:37 [DEBUG] Starting new HTTPS connection (1): dl.google.com:443
21:59:37 [DEBUG] Starting new HTTPS connection (1): cp.cloudflare.com:443
21:59:38 [DEBUG] https://dl.google.com:443 "GET /dl/android/studio/install/3.4.1.0/android-studio-ide-183.5522156-windows.exe HTTP/1.1" 200 1017327996
21:59:38 [DEBUG] Starting new HTTPS connection (1): www.google.com:443
21:59:38 [DEBUG] https://www.gstatic.com:443 "GET /generate_204 HTTP/1.1" 204 0
21:59:38 [DEBUG] Starting new HTTPS connection (1): cp.cloudflare.com:443
21:59:38 [INFO]    🎯 144.31.2.86 (Польша) - 55.3 Mbps, 139ms, UDP✅ 🛡️Reality
21:59:38 [DEBUG] Starting new HTTPS connection (1): www.google.com:443
21:59:38 [DEBUG] https://www.google.com:443 "GET /generate_204 HTTP/1.1" 204 0
21:59:38 [DEBUG] Starting new HTTPS connection (1): cp.cloudflare.com:443
21:59:38 [INFO]    🎯 87.120.166.214 (Германия) - 10.3 Mbps, 64ms, UDP✅ 🛡️Reality
21:59:38 [DEBUG] https://www.google.com:443 "GET /generate_204 HTTP/1.1" 204 0
21:59:38 [DEBUG] Starting new HTTPS connection (1): cp.cloudflare.com:443
21:59:38 [DEBUG] Starting new HTTPS connection (1): dl.google.com:443
21:59:38 [DEBUG] https://cp.cloudflare.com:443 "GET / HTTP/1.1" 204 0
21:59:38 [DEBUG] Starting new HTTPS connection (1): www.gstatic.com:443
21:59:38 [DEBUG] https://cp.cloudflare.com:443 "GET / HTTP/1.1" 204 0
21:59:38 [DEBUG] Starting new HTTPS connection (1): www.gstatic.com:443
21:59:38 [DEBUG] Starting new HTTPS connection (1): www.google.com:443
21:59:38 [DEBUG] Starting new HTTPS connection (1): www.google.com:443
21:59:38 [DEBUG] https://dl.google.com:443 "GET /dl/android/studio/install/3.4.1.0/android-studio-ide-183.5522156-windows.exe HTTP/1.1" 200 1017327996
21:59:38 [DEBUG] https://www.gstatic.com:443 "GET /generate_204 HTTP/1.1" 204 0
21:59:38 [DEBUG] https://www.gstatic.com:443 "GET /generate_204 HTTP/1.1" 204 0
21:59:38 [DEBUG] Starting new HTTPS connection (1): cp.cloudflare.com:443
21:59:38 [DEBUG] https://www.google.com:443 "GET /generate_204 HTTP/1.1" 204 0
21:59:38 [DEBUG] Starting new HTTPS connection (1): cp.cloudflare.com:443
21:59:38 [DEBUG] Starting new HTTPS connection (1): dl.google.com:443
21:59:38 [DEBUG] Starting new HTTPS connection (1): dl.google.com:443
21:59:38 [DEBUG] Starting new HTTPS connection (1): www.google.com:443
21:59:38 [DEBUG] https://www.google.com:443 "GET /generate_204 HTTP/1.1" 204 0
21:59:38 [DEBUG] Starting new HTTPS connection (1): cp.cloudflare.com:443
21:59:38 [DEBUG] Starting new HTTPS connection (1): www.gstatic.com:443
21:59:38 [DEBUG] https://cp.cloudflare.com:443 "GET / HTTP/1.1" 204 0
21:59:38 [DEBUG] Starting new HTTPS connection (1): www.gstatic.com:443
21:59:38 [DEBUG] https://cp.cloudflare.com:443 "GET / HTTP/1.1" 204 0
21:59:38 [DEBUG] Starting new HTTPS connection (1): www.gstatic.com:443
21:59:38 [DEBUG] Starting new HTTPS connection (1): cp.cloudflare.com:443
21:59:38 [DEBUG] https://www.gstatic.com:443 "GET /generate_204 HTTP/1.1" 204 0
21:59:38 [DEBUG] Starting new HTTPS connection (1): cp.cloudflare.com:443
21:59:38 [DEBUG] https://dl.google.com:443 "GET /dl/android/studio/install/3.4.1.0/android-studio-ide-183.5522156-windows.exe HTTP/1.1" 200 1017327996
21:59:38 [DEBUG] https://dl.google.com:443 "GET /dl/android/studio/install/3.4.1.0/android-studio-ide-183.5522156-windows.exe HTTP/1.1" 200 1017327996
21:59:38 [DEBUG] Starting new HTTPS connection (1): www.google.com:443
21:59:39 [DEBUG] Starting new HTTPS connection (1): www.gstatic.com:443
21:59:39 [DEBUG] Starting new HTTPS connection (1): dl.google.com:443
21:59:39 [DEBUG] Starting new HTTPS connection (1): cp.cloudflare.com:443
21:59:39 [DEBUG] https://www.google.com:443 "GET /generate_204 HTTP/1.1" 204 0
21:59:39 [DEBUG] Starting new HTTPS connection (1): cp.cloudflare.com:443
21:59:39 [INFO]    🎯 144.31.3.167 (Польша) - 34.6 Mbps, 141ms, UDP✅ 🛡️Reality
21:59:39 [INFO]    🎯 144.31.2.154 (Польша) - 32.2 Mbps, 170ms, UDP✅ 🛡️Reality
21:59:39 [DEBUG] Starting new HTTPS connection (1): www.gstatic.com:443
21:59:39 [DEBUG] https://cp.cloudflare.com:443 "GET / HTTP/1.1" 204 0
21:59:39 [DEBUG] Starting new HTTPS connection (1): www.gstatic.com:443
21:59:39 [DEBUG] Starting new HTTPS connection (1): www.google.com:443
21:59:39 [DEBUG] https://dl.google.com:443 "GET /dl/android/studio/install/3.4.1.0/android-studio-ide-183.5522156-windows.exe HTTP/1.1" 200 1017327996
21:59:39 [DEBUG] Starting new HTTPS connection (1): www.google.com:443
21:59:39 [DEBUG] Starting new HTTPS connection (1): cp.cloudflare.com:443
21:59:39 [INFO]    🎯 144.31.0.58 (Польша) - 34.5 Mbps, 146ms, UDP✅ 🛡️Reality
21:59:39 [DEBUG] Starting new HTTPS connection (1): cp.cloudflare.com:443
21:59:39 [DEBUG] Starting new HTTPS connection (1): www.gstatic.com:443
21:59:39 [DEBUG] Starting new HTTPS connection (1): www.gstatic.com:443
21:59:39 [DEBUG] Starting new HTTPS connection (1): www.gstatic.com:443
21:59:40 [DEBUG] Starting new HTTPS connection (1): www.google.com:443
21:59:40 [DEBUG] Starting new HTTPS connection (1): www.google.com:443
21:59:40 [DEBUG] Starting new HTTPS connection (1): www.google.com:443
21:59:40 [DEBUG] Starting new HTTPS connection (1): www.google.com:443
21:59:40 [DEBUG] Starting new HTTPS connection (1): www.google.com:443
21:59:40 [DEBUG] Starting new HTTPS connection (1): cp.cloudflare.com:443
21:59:40 [DEBUG] Starting new HTTPS connection (1): www.gstatic.com:443
21:59:40 [DEBUG] https://www.google.com:443 "GET /generate_204 HTTP/1.1" 204 0
21:59:40 [DEBUG] Starting new HTTPS connection (1): cp.cloudflare.com:443
21:59:40 [DEBUG] Starting new HTTPS connection (1): www.google.com:443
21:59:40 [DEBUG] https://cp.cloudflare.com:443 "GET / HTTP/1.1" 204 0
21:59:40 [DEBUG] Starting new HTTPS connection (1): www.gstatic.com:443
21:59:40 [DEBUG] https://www.google.com:443 "GET /generate_204 HTTP/1.1" 204 0
21:59:40 [DEBUG] Starting new HTTPS connection (1): cp.cloudflare.com:443
21:59:40 [DEBUG] Starting new HTTPS connection (1): www.google.com:443
21:59:40 [DEBUG] https://www.gstatic.com:443 "GET /generate_204 HTTP/1.1" 204 0
21:59:40 [DEBUG] Starting new HTTPS connection (1): www.google.com:443
21:59:41 [DEBUG] Starting new HTTPS connection (1): cp.cloudflare.com:443
21:59:41 [DEBUG] https://www.google.com:443 "GET /generate_204 HTTP/1.1" 204 0
21:59:41 [DEBUG] Starting new HTTPS connection (1): cp.cloudflare.com:443
21:59:41 [DEBUG] https://cp.cloudflare.com:443 "GET / HTTP/1.1" 204 0
21:59:41 [DEBUG] Starting new HTTPS connection (1): www.gstatic.com:443
21:59:41 [DEBUG] Starting new HTTPS connection (1): dl.google.com:443
21:59:41 [DEBUG] Starting new HTTPS connection (1): cp.cloudflare.com:443
21:59:41 [DEBUG] Starting new HTTPS connection (1): www.gstatic.com:443
21:59:41 [DEBUG] https://www.gstatic.com:443 "GET /generate_204 HTTP/1.1" 204 0
21:59:41 [DEBUG] https://dl.google.com:443 "GET /dl/android/studio/install/3.4.1.0/android-studio-ide-183.5522156-windows.exe HTTP/1.1" 200 1017327996
21:59:41 [DEBUG] Starting new HTTPS connection (1): www.gstatic.com:443
21:59:41 [DEBUG] Starting new HTTPS connection (1): www.gstatic.com:443
21:59:41 [DEBUG] Starting new HTTPS connection (1): dl.google.com:443
21:59:41 [DEBUG] Starting new HTTPS connection (1): www.google.com:443
21:59:41 [DEBUG] https://dl.google.com:443 "GET /dl/android/studio/install/3.4.1.0/android-studio-ide-183.5522156-windows.exe HTTP/1.1" 200 1017327996
21:59:41 [INFO]    🎯 45.144.51.22 (Польша) - 40.9 Mbps, 181ms, UDP✅ 🛡️Reality
21:59:41 [DEBUG] https://cp.cloudflare.com:443 "GET / HTTP/1.1" 204 0
21:59:41 [DEBUG] Starting new HTTPS connection (1): www.gstatic.com:443
21:59:41 [INFO]    🎯 151.115.96.243 (Польша) - 45.6 Mbps, 162ms, UDP✅ 🛡️Reality
21:59:41 [DEBUG] Starting new HTTPS connection (1): www.google.com:443
21:59:41 [DEBUG] https://cp.cloudflare.com:443 "GET / HTTP/1.1" 204 0
21:59:41 [DEBUG] Starting new HTTPS connection (1): www.gstatic.com:443
21:59:41 [DEBUG] https://www.gstatic.com:443 "GET /generate_204 HTTP/1.1" 204 0
21:59:42 [DEBUG] https://www.gstatic.com:443 "GET /generate_204 HTTP/1.1" 204 0
21:59:42 [DEBUG] Starting new HTTPS connection (1): dl.google.com:443
21:59:42 [DEBUG] Starting new HTTPS connection (1): www.google.com:443
21:59:42 [DEBUG] Starting new HTTPS connection (1): cp.cloudflare.com:443
21:59:42 [DEBUG] Starting new HTTPS connection (1): cp.cloudflare.com:443
21:59:42 [DEBUG] Starting new HTTPS connection (1): www.google.com:443
21:59:42 [DEBUG] Starting new HTTPS connection (1): cp.cloudflare.com:443
21:59:42 [DEBUG] Starting new HTTPS connection (1): www.gstatic.com:443
21:59:42 [DEBUG] Starting new HTTPS connection (1): www.google.com:443
21:59:42 [DEBUG] Starting new HTTPS connection (1): cp.cloudflare.com:443
21:59:42 [DEBUG] Starting new HTTPS connection (1): www.gstatic.com:443
21:59:42 [DEBUG] Starting new HTTPS connection (1): www.google.com:443
21:59:42 [DEBUG] https://dl.google.com:443 "GET /dl/android/studio/install/3.4.1.0/android-studio-ide-183.5522156-windows.exe HTTP/1.1" 200 1017327996
21:59:42 [DEBUG] Starting new HTTPS connection (1): cp.cloudflare.com:443
21:59:43 [DEBUG] Starting new HTTPS connection (1): www.gstatic.com:443
21:59:43 [DEBUG] https://www.google.com:443 "GET /generate_204 HTTP/1.1" 204 0
21:59:43 [DEBUG] Starting new HTTPS connection (1): cp.cloudflare.com:443
21:59:43 [INFO]    🎯 2.56.125.209 (Польша) - 23.0 Mbps, 476ms, UDP✅ 🛡️Reality
21:59:43 [DEBUG] Starting new HTTPS connection (1): www.google.com:443
21:59:43 [DEBUG] https://www.google.com:443 "GET /generate_204 HTTP/1.1" 204 0
21:59:43 [DEBUG] Starting new HTTPS connection (1): cp.cloudflare.com:443
21:59:43 [DEBUG] https://cp.cloudflare.com:443 "GET / HTTP/1.1" 204 0
21:59:43 [DEBUG] Starting new HTTPS connection (1): www.gstatic.com:443
21:59:43 [INFO]    🎯 159.195.70.95 (Германия) - 3.2 Mbps, 887ms, UDP✅ 🛡️Reality
21:59:43 [DEBUG] https://cp.cloudflare.com:443 "GET / HTTP/1.1" 204 0
21:59:43 [DEBUG] Starting new HTTPS connection (1): www.gstatic.com:443
21:59:43 [DEBUG] Starting new HTTPS connection (1): cp.cloudflare.com:443
21:59:43 [DEBUG] Starting new HTTPS connection (1): cp.cloudflare.com:443
21:59:44 [DEBUG] https://www.gstatic.com:443 "GET /generate_204 HTTP/1.1" 204 0
21:59:44 [DEBUG] Starting new HTTPS connection (1): www.google.com:443
21:59:44 [DEBUG] Starting new HTTPS connection (1): dl.google.com:443
21:59:44 [DEBUG] Starting new HTTPS connection (1): www.google.com:443
21:59:44 [DEBUG] Starting new HTTPS connection (1): www.google.com:443
21:59:44 [DEBUG] https://dl.google.com:443 "GET /dl/android/studio/install/3.4.1.0/android-studio-ide-183.5522156-windows.exe HTTP/1.1" 200 1017327996
21:59:44 [DEBUG] https://www.google.com:443 "GET /generate_204 HTTP/1.1" 204 0
21:59:44 [DEBUG] Starting new HTTPS connection (1): cp.cloudflare.com:443
21:59:44 [DEBUG] Starting new HTTPS connection (1): www.google.com:443
21:59:44 [DEBUG] Starting new HTTPS connection (1): www.gstatic.com:443
21:59:44 [DEBUG] Starting new HTTPS connection (1): cp.cloudflare.com:443
21:59:44 [DEBUG] Starting new HTTPS connection (1): www.google.com:443
21:59:44 [INFO]    🎯 195.3.223.143 (Польша) - 20.8 Mbps, 452ms, UDP✅ 🛡️Reality
21:59:44 [DEBUG] https://www.google.com:443 "GET /generate_204 HTTP/1.1" 204 0
21:59:44 [DEBUG] Starting new HTTPS connection (1): cp.cloudflare.com:443
21:59:45 [DEBUG] Starting new HTTPS connection (1): dl.google.com:443
21:59:45 [DEBUG] Starting new HTTPS connection (1): www.gstatic.com:443
21:59:45 [DEBUG] https://cp.cloudflare.com:443 "GET / HTTP/1.1" 204 0
21:59:45 [DEBUG] Starting new HTTPS connection (1): www.gstatic.com:443
21:59:45 [DEBUG] https://www.gstatic.com:443 "GET /generate_204 HTTP/1.1" 204 0
21:59:45 [DEBUG] Starting new HTTPS connection (1): www.gstatic.com:443
21:59:45 [DEBUG] Starting new HTTPS connection (1): dl.google.com:443
21:59:45 [DEBUG] Starting new HTTPS connection (1): www.google.com:443
21:59:45 [DEBUG] https://cp.cloudflare.com:443 "GET / HTTP/1.1" 204 0
21:59:45 [DEBUG] Starting new HTTPS connection (1): www.gstatic.com:443
21:59:45 [DEBUG] https://dl.google.com:443 "GET /dl/android/studio/install/3.4.1.0/android-studio-ide-183.5522156-windows.exe HTTP/1.1" 200 1017327996
21:59:45 [INFO]    🎯 151.245.92.242 (Нидерланды) - 37.6 Mbps, 52ms, UDP✅ 🛡️Reality
21:59:45 [DEBUG] https://www.google.com:443 "GET /generate_204 HTTP/1.1" 204 0
21:59:45 [DEBUG] Starting new HTTPS connection (1): cp.cloudflare.com:443
21:59:45 [DEBUG] Starting new HTTPS connection (1): www.gstatic.com:443
21:59:46 [DEBUG] Starting new HTTPS connection (1): www.google.com:443
21:59:46 [DEBUG] https://www.google.com:443 "GET /generate_204 HTTP/1.1" 204 0
21:59:46 [DEBUG] Starting new HTTPS connection (1): cp.cloudflare.com:443
21:59:46 [DEBUG] https://cp.cloudflare.com:443 "GET / HTTP/1.1" 204 0
21:59:46 [DEBUG] Starting new HTTPS connection (1): www.gstatic.com:443
21:59:46 [DEBUG] Starting new HTTPS connection (1): www.gstatic.com:443
21:59:46 [DEBUG] Starting new HTTPS connection (1): www.google.com:443
21:59:46 [DEBUG] https://www.gstatic.com:443 "GET /generate_204 HTTP/1.1" 204 0
21:59:46 [DEBUG] https://www.google.com:443 "GET /generate_204 HTTP/1.1" 204 0
21:59:46 [DEBUG] Starting new HTTPS connection (1): cp.cloudflare.com:443
21:59:46 [DEBUG] https://cp.cloudflare.com:443 "GET / HTTP/1.1" 204 0
21:59:46 [DEBUG] Starting new HTTPS connection (1): www.gstatic.com:443
21:59:46 [DEBUG] https://cp.cloudflare.com:443 "GET / HTTP/1.1" 204 0
21:59:46 [DEBUG] Starting new HTTPS connection (1): www.gstatic.com:443
21:59:46 [DEBUG] https://www.gstatic.com:443 "GET /generate_204 HTTP/1.1" 204 0
21:59:46 [DEBUG] Starting new HTTPS connection (1): dl.google.com:443
21:59:46 [DEBUG] Starting new HTTPS connection (1): cp.cloudflare.com:443
21:59:46 [DEBUG] Starting new HTTPS connection (1): www.google.com:443
21:59:46 [DEBUG] Starting new HTTPS connection (1): cp.cloudflare.com:443
21:59:46 [DEBUG] Starting new HTTPS connection (1): dl.google.com:443
21:59:46 [DEBUG] Starting new HTTPS connection (1): www.gstatic.com:443
21:59:46 [DEBUG] Starting new HTTPS connection (1): dl.google.com:443
21:59:47 [DEBUG] https://dl.google.com:443 "GET /dl/android/studio/install/3.4.1.0/android-studio-ide-183.5522156-windows.exe HTTP/1.1" 200 1017327996
21:59:47 [DEBUG] https://dl.google.com:443 "GET /dl/android/studio/install/3.4.1.0/android-studio-ide-183.5522156-windows.exe HTTP/1.1" 200 1017327996
21:59:47 [DEBUG] Starting new HTTPS connection (1): dl.google.com:443
21:59:47 [INFO]    🎯 51.158.206.93 (Нидерланды) - 39.5 Mbps, 82ms, UDP✅ 🛡️Reality
21:59:47 [INFO]    🎯 93.186.201.45 (Германия) - 7.1 Mbps, 1940ms, UDP❌ 🛡️Reality
21:59:47 [DEBUG] https://dl.google.com:443 "GET /dl/android/studio/install/3.4.1.0/android-studio-ide-183.5522156-windows.exe HTTP/1.1" 200 1017327996
21:59:47 [DEBUG] https://dl.google.com:443 "GET /dl/android/studio/install/3.4.1.0/android-studio-ide-183.5522156-windows.exe HTTP/1.1" 200 1017327996
21:59:47 [INFO]    🎯 151.236.15.72 (Германия) - 37.5 Mbps, 1694ms, UDP❌ 🛡️Reality
21:59:47 [DEBUG] https://www.gstatic.com:443 "GET /generate_204 HTTP/1.1" 204 0
21:59:48 [DEBUG] Starting new HTTPS connection (1): www.google.com:443
21:59:48 [DEBUG] https://www.google.com:443 "GET /generate_204 HTTP/1.1" 204 0
21:59:48 [DEBUG] Starting new HTTPS connection (1): cp.cloudflare.com:443
21:59:48 [DEBUG] https://cp.cloudflare.com:443 "GET / HTTP/1.1" 204 0
21:59:48 [DEBUG] Starting new HTTPS connection (1): www.gstatic.com:443
21:59:48 [DEBUG] Starting new HTTPS connection (1): www.google.com:443
21:59:48 [DEBUG] https://www.gstatic.com:443 "GET /generate_204 HTTP/1.1" 204 0
21:59:48 [DEBUG] Starting new HTTPS connection (1): dl.google.com:443
21:59:48 [DEBUG] https://www.google.com:443 "GET /generate_204 HTTP/1.1" 204 0
21:59:48 [DEBUG] Starting new HTTPS connection (1): cp.cloudflare.com:443
21:59:48 [DEBUG] https://cp.cloudflare.com:443 "GET / HTTP/1.1" 204 0
21:59:48 [DEBUG] Starting new HTTPS connection (1): www.gstatic.com:443
21:59:48 [DEBUG] https://www.gstatic.com:443 "GET /generate_204 HTTP/1.1" 204 0
21:59:48 [DEBUG] https://dl.google.com:443 "GET /dl/android/studio/install/3.4.1.0/android-studio-ide-183.5522156-windows.exe HTTP/1.1" 200 1017327996
21:59:48 [DEBUG] Starting new HTTPS connection (1): www.google.com:443
21:59:48 [DEBUG] Starting new HTTPS connection (1): dl.google.com:443
21:59:48 [INFO]    🎯 51.158.206.20 (Нидерланды) - 80.5 Mbps, 83ms, UDP✅ 🛡️Reality
21:59:48 [DEBUG] Starting new HTTPS connection (1): www.google.com:443
21:59:48 [DEBUG] https://www.google.com:443 "GET /generate_204 HTTP/1.1" 204 0
21:59:48 [DEBUG] Starting new HTTPS connection (1): cp.cloudflare.com:443
21:59:48 [DEBUG] https://cp.cloudflare.com:443 "GET / HTTP/1.1" 204 0
21:59:48 [DEBUG] Starting new HTTPS connection (1): www.gstatic.com:443
21:59:48 [DEBUG] Starting new HTTPS connection (1): dl.google.com:443
21:59:48 [DEBUG] https://www.google.com:443 "GET /generate_204 HTTP/1.1" 204 0
21:59:48 [DEBUG] Starting new HTTPS connection (1): cp.cloudflare.com:443
21:59:48 [DEBUG] https://dl.google.com:443 "GET /dl/android/studio/install/3.4.1.0/android-studio-ide-183.5522156-windows.exe HTTP/1.1" 200 1017327996
21:59:48 [DEBUG] https://cp.cloudflare.com:443 "GET / HTTP/1.1" 204 0
21:59:48 [DEBUG] Starting new HTTPS connection (1): www.gstatic.com:443
21:59:48 [DEBUG] https://www.gstatic.com:443 "GET /generate_204 HTTP/1.1" 204 0
21:59:48 [DEBUG] Starting new HTTPS connection (1): www.google.com:443
21:59:48 [DEBUG] Starting new HTTPS connection (1): dl.google.com:443
21:59:48 [DEBUG] https://www.gstatic.com:443 "GET /generate_204 HTTP/1.1" 204 0
21:59:48 [INFO]    🎯 51.158.206.19 (Нидерланды) - 57.6 Mbps, 65ms, UDP✅ 🛡️Reality
21:59:48 [DEBUG] https://www.google.com:443 "GET /generate_204 HTTP/1.1" 204 0
21:59:48 [DEBUG] Starting new HTTPS connection (1): cp.cloudflare.com:443
21:59:48 [DEBUG] Starting new HTTPS connection (1): dl.google.com:443
21:59:48 [DEBUG] Starting new HTTPS connection (1): www.google.com:443
21:59:48 [DEBUG] Starting new HTTPS connection (1): dl.google.com:443
21:59:48 [DEBUG] https://cp.cloudflare.com:443 "GET / HTTP/1.1" 204 0
21:59:48 [DEBUG] Starting new HTTPS connection (1): www.gstatic.com:443
21:59:49 [DEBUG] https://www.google.com:443 "GET /generate_204 HTTP/1.1" 204 0
21:59:49 [DEBUG] Starting new HTTPS connection (1): cp.cloudflare.com:443
21:59:49 [DEBUG] https://dl.google.com:443 "GET /dl/android/studio/install/3.4.1.0/android-studio-ide-183.5522156-windows.exe HTTP/1.1" 200 1017327996
21:59:49 [DEBUG] https://www.gstatic.com:443 "GET /generate_204 HTTP/1.1" 204 0
21:59:49 [DEBUG] https://cp.cloudflare.com:443 "GET / HTTP/1.1" 204 0
21:59:49 [DEBUG] Starting new HTTPS connection (1): www.gstatic.com:443
21:59:49 [DEBUG] https://dl.google.com:443 "GET /dl/android/studio/install/3.4.1.0/android-studio-ide-183.5522156-windows.exe HTTP/1.1" 200 1017327996
21:59:49 [DEBUG] Starting new HTTPS connection (1): dl.google.com:443
21:59:49 [DEBUG] Starting new HTTPS connection (1): www.google.com:443
21:59:49 [DEBUG] https://www.gstatic.com:443 "GET /generate_204 HTTP/1.1" 204 0
21:59:49 [DEBUG] Starting new HTTPS connection (1): cp.cloudflare.com:443
21:59:49 [DEBUG] Starting new HTTPS connection (1): www.gstatic.com:443
21:59:49 [DEBUG] Starting new HTTPS connection (1): dl.google.com:443
21:59:49 [DEBUG] Starting new HTTPS connection (1): www.gstatic.com:443
21:59:49 [DEBUG] https://dl.google.com:443 "GET /dl/android/studio/install/3.4.1.0/android-studio-ide-183.5522156-windows.exe HTTP/1.1" 200 1017327996
21:59:49 [DEBUG] Starting new HTTPS connection (1): cp.cloudflare.com:443
21:59:49 [INFO]    🎯 62.141.42.201 (Германия) - 6.7 Mbps, 2263ms, UDP❌ 🛡️Reality
21:59:49 [INFO]    🎯 51.158.206.86 (Нидерланды) - 31.1 Mbps, 76ms, UDP✅ 🛡️Reality
21:59:49 [INFO]    🎯 51.158.206.87 (Нидерланды) - 29.2 Mbps, 77ms, UDP✅ 🛡️Reality
21:59:49 [DEBUG] https://dl.google.com:443 "GET /dl/android/studio/install/3.4.1.0/android-studio-ide-183.5522156-windows.exe HTTP/1.1" 200 1017327996
21:59:49 [DEBUG] https://dl.google.com:443 "GET /dl/android/studio/install/3.4.1.0/android-studio-ide-183.5522156-windows.exe HTTP/1.1" 200 1017327996
21:59:49 [INFO]    🎯 51.158.206.96 (Нидерланды) - 38.1 Mbps, 86ms, UDP✅ 🛡️Reality
21:59:49 [DEBUG] Starting new HTTPS connection (1): www.google.com:443
21:59:49 [DEBUG] https://www.google.com:443 "GET /generate_204 HTTP/1.1" 204 0
21:59:49 [DEBUG] Starting new HTTPS connection (1): cp.cloudflare.com:443
21:59:49 [DEBUG] https://cp.cloudflare.com:443 "GET / HTTP/1.1" 204 0
21:59:49 [INFO]    🎯 51.158.206.8 (Нидерланды) - 21.9 Mbps, 104ms, UDP✅ 🛡️Reality
21:59:49 [DEBUG] Starting new HTTPS connection (1): www.gstatic.com:443
21:59:49 [DEBUG] Starting new HTTPS connection (1): www.google.com:443
21:59:49 [DEBUG] https://www.gstatic.com:443 "GET /generate_204 HTTP/1.1" 204 0
21:59:50 [DEBUG] Starting new HTTPS connection (1): dl.google.com:443
21:59:50 [DEBUG] Starting new HTTPS connection (1): www.google.com:443
21:59:50 [DEBUG] https://www.google.com:443 "GET /generate_204 HTTP/1.1" 204 0
21:59:50 [DEBUG] Starting new HTTPS connection (1): cp.cloudflare.com:443
21:59:50 [DEBUG] https://dl.google.com:443 "GET /dl/android/studio/install/3.4.1.0/android-studio-ide-183.5522156-windows.exe HTTP/1.1" 200 1017327996
21:59:50 [DEBUG] https://cp.cloudflare.com:443 "GET / HTTP/1.1" 204 0
21:59:50 [DEBUG] Starting new HTTPS connection (1): www.gstatic.com:443
21:59:50 [INFO]    🎯 193.178.226.248 (Нидерланды) - 91.3 Mbps, 54ms, UDP✅ 🛡️Reality
21:59:50 [DEBUG] https://dl.google.com:443 "GET /dl/android/studio/install/3.4.1.0/android-studio-ide-183.5522156-windows.exe HTTP/1.1" 200 1017327996
21:59:50 [DEBUG] https://www.google.com:443 "GET /generate_204 HTTP/1.1" 204 0
21:59:50 [DEBUG] Starting new HTTPS connection (1): cp.cloudflare.com:443
21:59:50 [DEBUG] https://www.gstatic.com:443 "GET /generate_204 HTTP/1.1" 204 0
21:59:50 [DEBUG] https://cp.cloudflare.com:443 "GET / HTTP/1.1" 204 0
21:59:50 [DEBUG] Starting new HTTPS connection (1): www.gstatic.com:443
21:59:50 [DEBUG] Starting new HTTPS connection (1): dl.google.com:443
21:59:50 [DEBUG] https://www.gstatic.com:443 "GET /generate_204 HTTP/1.1" 204 0
21:59:50 [DEBUG] Starting new HTTPS connection (1): www.google.com:443
21:59:50 [DEBUG] Starting new HTTPS connection (1): dl.google.com:443
21:59:50 [DEBUG] https://dl.google.com:443 "GET /dl/android/studio/install/3.4.1.0/android-studio-ide-183.5522156-windows.exe HTTP/1.1" 200 1017327996
21:59:50 [DEBUG] Starting new HTTPS connection (1): www.google.com:443
21:59:50 [DEBUG] Starting new HTTPS connection (1): www.google.com:443
21:59:50 [DEBUG] https://www.google.com:443 "GET /generate_204 HTTP/1.1" 204 0
21:59:50 [DEBUG] Starting new HTTPS connection (1): cp.cloudflare.com:443
21:59:50 [DEBUG] Starting new HTTPS connection (1): www.google.com:443
21:59:50 [DEBUG] https://www.google.com:443 "GET /generate_204 HTTP/1.1" 204 0
21:59:50 [DEBUG] Starting new HTTPS connection (1): cp.cloudflare.com:443
21:59:50 [DEBUG] https://dl.google.com:443 "GET /dl/android/studio/install/3.4.1.0/android-studio-ide-183.5522156-windows.exe HTTP/1.1" 200 1017327996
21:59:50 [DEBUG] https://cp.cloudflare.com:443 "GET / HTTP/1.1" 204 0
21:59:50 [DEBUG] Starting new HTTPS connection (1): www.gstatic.com:443
21:59:50 [INFO]    🎯 94.228.213.219 (Нидерланды) - 47.9 Mbps, 131ms, UDP✅ 🛡️Reality
21:59:50 [DEBUG] https://www.google.com:443 "GET /generate_204 HTTP/1.1" 204 0
21:59:50 [DEBUG] Starting new HTTPS connection (1): cp.cloudflare.com:443
21:59:50 [DEBUG] https://www.google.com:443 "GET /generate_204 HTTP/1.1" 204 0
21:59:50 [DEBUG] Starting new HTTPS connection (1): cp.cloudflare.com:443
21:59:50 [DEBUG] https://cp.cloudflare.com:443 "GET / HTTP/1.1" 204 0
21:59:50 [DEBUG] Starting new HTTPS connection (1): www.gstatic.com:443
21:59:50 [INFO]    🎯 94.228.213.239 (Нидерланды) - 59.6 Mbps, 133ms, UDP✅ 🛡️Reality
21:59:50 [DEBUG] https://www.gstatic.com:443 "GET /generate_204 HTTP/1.1" 204 0
21:59:50 [DEBUG] https://cp.cloudflare.com:443 "GET / HTTP/1.1" 204 0
21:59:50 [DEBUG] Starting new HTTPS connection (1): www.gstatic.com:443
21:59:50 [DEBUG] https://cp.cloudflare.com:443 "GET / HTTP/1.1" 204 0
21:59:50 [DEBUG] Starting new HTTPS connection (1): www.gstatic.com:443
21:59:50 [DEBUG] Starting new HTTPS connection (1): www.google.com:443
21:59:50 [DEBUG] https://www.gstatic.com:443 "GET /generate_204 HTTP/1.1" 204 0
21:59:50 [DEBUG] Starting new HTTPS connection (1): dl.google.com:443
21:59:51 [DEBUG] Starting new HTTPS connection (1): dl.google.com:443
21:59:51 [DEBUG] https://www.gstatic.com:443 "GET /generate_204 HTTP/1.1" 204 0
21:59:51 [DEBUG] https://www.google.com:443 "GET /generate_204 HTTP/1.1" 204 0
21:59:51 [DEBUG] Starting new HTTPS connection (1): cp.cloudflare.com:443
21:59:51 [DEBUG] https://www.gstatic.com:443 "GET /generate_204 HTTP/1.1" 204 0
21:59:51 [DEBUG] Starting new HTTPS connection (1): www.google.com:443
21:59:51 [DEBUG] https://dl.google.com:443 "GET /dl/android/studio/install/3.4.1.0/android-studio-ide-183.5522156-windows.exe HTTP/1.1" 200 1017327996
21:59:51 [DEBUG] https://cp.cloudflare.com:443 "GET / HTTP/1.1" 204 0
21:59:51 [DEBUG] Starting new HTTPS connection (1): www.gstatic.com:443
21:59:51 [DEBUG] Starting new HTTPS connection (1): dl.google.com:443
21:59:51 [DEBUG] Starting new HTTPS connection (1): dl.google.com:443
21:59:51 [DEBUG] https://dl.google.com:443 "GET /dl/android/studio/install/3.4.1.0/android-studio-ide-183.5522156-windows.exe HTTP/1.1" 200 1017327996
21:59:51 [DEBUG] https://www.google.com:443 "GET /generate_204 HTTP/1.1" 204 0
21:59:51 [DEBUG] Starting new HTTPS connection (1): cp.cloudflare.com:443
21:59:51 [DEBUG] https://www.gstatic.com:443 "GET /generate_204 HTTP/1.1" 204 0
21:59:51 [DEBUG] Starting new HTTPS connection (1): www.gstatic.com:443
21:59:51 [DEBUG] Starting new HTTPS connection (1): www.google.com:443
21:59:51 [DEBUG] https://cp.cloudflare.com:443 "GET / HTTP/1.1" 204 0
21:59:51 [DEBUG] Starting new HTTPS connection (1): www.gstatic.com:443
21:59:51 [DEBUG] Starting new HTTPS connection (1): dl.google.com:443
21:59:51 [DEBUG] https://dl.google.com:443 "GET /dl/android/studio/install/3.4.1.0/android-studio-ide-183.5522156-windows.exe HTTP/1.1" 200 1017327996
21:59:51 [DEBUG] https://dl.google.com:443 "GET /dl/android/studio/install/3.4.1.0/android-studio-ide-183.5522156-windows.exe HTTP/1.1" 200 1017327996
21:59:51 [DEBUG] https://www.google.com:443 "GET /generate_204 HTTP/1.1" 204 0
21:59:51 [DEBUG] Starting new HTTPS connection (1): cp.cloudflare.com:443
21:59:51 [INFO]    🎯 86.54.30.51 (Нидерланды) - 3.5 Mbps, 68ms, UDP✅ 🛡️Reality
21:59:51 [INFO]    🎯 94.228.213.240 (Нидерланды) - 29.7 Mbps, 109ms, UDP✅ 🛡️Reality
21:59:51 [DEBUG] https://www.gstatic.com:443 "GET /generate_204 HTTP/1.1" 204 0
21:59:51 [DEBUG] https://cp.cloudflare.com:443 "GET / HTTP/1.1" 204 0
21:59:51 [DEBUG] Starting new HTTPS connection (1): dl.google.com:443
21:59:51 [DEBUG] Starting new HTTPS connection (1): www.gstatic.com:443
21:59:51 [INFO]    🎯 94.228.215.14 (Нидерланды) - 29.1 Mbps, 106ms, UDP✅ 🛡️Reality
21:59:51 [DEBUG] https://www.gstatic.com:443 "GET /generate_204 HTTP/1.1" 204 0
21:59:51 [INFO]    🎯 94.228.215.12 (Нидерланды) - 25.4 Mbps, 161ms, UDP✅ 🛡️Reality
21:59:51 [INFO]    🎯 94.228.215.11 (Нидерланды) - 25.6 Mbps, 133ms, UDP✅ 🛡️Reality
21:59:51 [DEBUG] https://dl.google.com:443 "GET /dl/android/studio/install/3.4.1.0/android-studio-ide-183.5522156-windows.exe HTTP/1.1" 200 1017327996
21:59:51 [DEBUG] https://dl.google.com:443 "GET /dl/android/studio/install/3.4.1.0/android-studio-ide-183.5522156-windows.exe HTTP/1.1" 200 1017327996
21:59:51 [DEBUG] Starting new HTTPS connection (1): dl.google.com:443
21:59:51 [DEBUG] Starting new HTTPS connection (1): www.google.com:443
21:59:52 [DEBUG] Starting new HTTPS connection (1): www.google.com:443
21:59:52 [INFO]    🎯 94.228.213.205 (Нидерланды) - 27.8 Mbps, 158ms, UDP✅ 🛡️Reality
21:59:52 [INFO]    🎯 94.228.215.13 (Нидерланды) - 41.1 Mbps, 140ms, UDP✅ 🛡️Reality
21:59:52 [DEBUG] https://www.google.com:443 "GET /generate_204 HTTP/1.1" 204 0
21:59:52 [DEBUG] Starting new HTTPS connection (1): cp.cloudflare.com:443
21:59:52 [DEBUG] https://www.google.com:443 "GET /generate_204 HTTP/1.1" 204 0
21:59:52 [DEBUG] Starting new HTTPS connection (1): cp.cloudflare.com:443
21:59:52 [DEBUG] https://cp.cloudflare.com:443 "GET / HTTP/1.1" 204 0
21:59:52 [DEBUG] Starting new HTTPS connection (1): www.gstatic.com:443
21:59:52 [DEBUG] https://dl.google.com:443 "GET /dl/android/studio/install/3.4.1.0/android-studio-ide-183.5522156-windows.exe HTTP/1.1" 200 1017327996
21:59:52 [DEBUG] https://cp.cloudflare.com:443 "GET / HTTP/1.1" 204 0
21:59:52 [DEBUG] Starting new HTTPS connection (1): www.gstatic.com:443
21:59:52 [DEBUG] https://www.gstatic.com:443 "GET /generate_204 HTTP/1.1" 204 0
21:59:52 [DEBUG] Starting new HTTPS connection (1): dl.google.com:443
21:59:52 [DEBUG] https://www.gstatic.com:443 "GET /generate_204 HTTP/1.1" 204 0
21:59:52 [DEBUG] https://dl.google.com:443 "GET /dl/android/studio/install/3.4.1.0/android-studio-ide-183.5522156-windows.exe HTTP/1.1" 200 1017327996
21:59:52 [DEBUG] Starting new HTTPS connection (1): dl.google.com:443
21:59:52 [INFO]    🎯 94.228.215.16 (Нидерланды) - 25.1 Mbps, 149ms, UDP✅ 🛡️Reality
21:59:52 [INFO]    🎯 94.228.215.17 (Нидерланды) - 68.3 Mbps, 125ms, UDP✅ 🛡️Reality
21:59:52 [DEBUG] Starting new HTTPS connection (1): www.google.com:443
21:59:52 [DEBUG] Starting new HTTPS connection (1): www.google.com:443
21:59:52 [DEBUG] Starting new HTTPS connection (1): www.google.com:443
21:59:52 [DEBUG] https://www.google.com:443 "GET /generate_204 HTTP/1.1" 204 0
21:59:52 [DEBUG] Starting new HTTPS connection (1): cp.cloudflare.com:443
21:59:52 [DEBUG] https://cp.cloudflare.com:443 "GET / HTTP/1.1" 204 0
21:59:52 [DEBUG] Starting new HTTPS connection (1): www.gstatic.com:443
21:59:52 [DEBUG] Starting new HTTPS connection (1): www.google.com:443
21:59:52 [DEBUG] https://dl.google.com:443 "GET /dl/android/studio/install/3.4.1.0/android-studio-ide-183.5522156-windows.exe HTTP/1.1" 200 1017327996
21:59:52 [DEBUG] https://www.google.com:443 "GET /generate_204 HTTP/1.1" 204 0
21:59:52 [DEBUG] Starting new HTTPS connection (1): cp.cloudflare.com:443
21:59:52 [DEBUG] https://www.google.com:443 "GET /generate_204 HTTP/1.1" 204 0
21:59:52 [DEBUG] Starting new HTTPS connection (1): cp.cloudflare.com:443
21:59:52 [DEBUG] https://www.gstatic.com:443 "GET /generate_204 HTTP/1.1" 204 0
21:59:53 [DEBUG] https://www.google.com:443 "GET /generate_204 HTTP/1.1" 204 0
21:59:53 [DEBUG] Starting new HTTPS connection (1): cp.cloudflare.com:443
21:59:53 [DEBUG] Starting new HTTPS connection (1): dl.google.com:443
21:59:53 [DEBUG] https://cp.cloudflare.com:443 "GET / HTTP/1.1" 204 0
21:59:53 [DEBUG] https://cp.cloudflare.com:443 "GET / HTTP/1.1" 204 0
21:59:53 [DEBUG] Starting new HTTPS connection (1): www.gstatic.com:443
21:59:53 [DEBUG] Starting new HTTPS connection (1): www.gstatic.com:443
21:59:53 [DEBUG] Starting new HTTPS connection (1): www.google.com:443
21:59:53 [DEBUG] Starting new HTTPS connection (1): www.google.com:443
21:59:53 [DEBUG] https://www.gstatic.com:443 "GET /generate_204 HTTP/1.1" 204 0
21:59:53 [DEBUG] https://cp.cloudflare.com:443 "GET / HTTP/1.1" 204 0
21:59:53 [DEBUG] Starting new HTTPS connection (1): www.gstatic.com:443
21:59:53 [DEBUG] https://www.gstatic.com:443 "GET /generate_204 HTTP/1.1" 204 0
21:59:53 [DEBUG] Starting new HTTPS connection (1): dl.google.com:443
21:59:53 [INFO]    🎯 94.228.215.18 (Нидерланды) - 26.2 Mbps, 154ms, UDP✅ 🛡️Reality
21:59:53 [DEBUG] Starting new HTTPS connection (1): dl.google.com:443
21:59:53 [DEBUG] Starting new HTTPS connection (1): www.google.com:443
21:59:53 [DEBUG] Starting new HTTPS connection (1): www.google.com:443
21:59:53 [DEBUG] https://dl.google.com:443 "GET /dl/android/studio/install/3.4.1.0/android-studio-ide-183.5522156-windows.exe HTTP/1.1" 200 1017327996
21:59:53 [DEBUG] Starting new HTTPS connection (1): dl.google.com:443
21:59:53 [DEBUG] https://www.google.com:443 "GET /generate_204 HTTP/1.1" 204 0
21:59:53 [DEBUG] Starting new HTTPS connection (1): cp.cloudflare.com:443
21:59:53 [DEBUG] https://www.gstatic.com:443 "GET /generate_204 HTTP/1.1" 204 0
21:59:53 [DEBUG] https://www.google.com:443 "GET /generate_204 HTTP/1.1" 204 0
21:59:53 [DEBUG] Starting new HTTPS connection (1): cp.cloudflare.com:443
21:59:53 [DEBUG] https://www.google.com:443 "GET /generate_204 HTTP/1.1" 204 0
21:59:53 [DEBUG] Starting new HTTPS connection (1): cp.cloudflare.com:443
21:59:53 [DEBUG] https://cp.cloudflare.com:443 "GET / HTTP/1.1" 204 0
21:59:53 [DEBUG] Starting new HTTPS connection (1): www.gstatic.com:443
21:59:53 [DEBUG] https://cp.cloudflare.com:443 "GET / HTTP/1.1" 204 0
21:59:53 [DEBUG] Starting new HTTPS connection (1): www.gstatic.com:443
21:59:53 [DEBUG] Starting new HTTPS connection (1): dl.google.com:443
21:59:53 [DEBUG] https://dl.google.com:443 "GET /dl/android/studio/install/3.4.1.0/android-studio-ide-183.5522156-windows.exe HTTP/1.1" 200 1017327996
21:59:53 [DEBUG] https://cp.cloudflare.com:443 "GET / HTTP/1.1" 204 0
21:59:53 [DEBUG] Starting new HTTPS connection (1): www.gstatic.com:443
21:59:53 [DEBUG] https://www.google.com:443 "GET /generate_204 HTTP/1.1" 204 0
21:59:53 [DEBUG] Starting new HTTPS connection (1): cp.cloudflare.com:443
21:59:53 [INFO]    🎯 94.228.215.19 (Нидерланды) - 27.4 Mbps, 98ms, UDP✅ 🛡️Reality
21:59:53 [DEBUG] https://dl.google.com:443 "GET /dl/android/studio/install/3.4.1.0/android-studio-ide-183.5522156-windows.exe HTTP/1.1" 200 1017327996
21:59:53 [DEBUG] https://www.gstatic.com:443 "GET /generate_204 HTTP/1.1" 204 0
21:59:53 [INFO]    🎯 94.228.215.22 (Нидерланды) - 38.1 Mbps, 130ms, UDP✅ 🛡️Reality
21:59:53 [DEBUG] https://www.gstatic.com:443 "GET /generate_204 HTTP/1.1" 204 0
21:59:53 [DEBUG] https://www.gstatic.com:443 "GET /generate_204 HTTP/1.1" 204 0
21:59:53 [DEBUG] https://cp.cloudflare.com:443 "GET / HTTP/1.1" 204 0
21:59:53 [DEBUG] Starting new HTTPS connection (1): www.gstatic.com:443
21:59:53 [DEBUG] Starting new HTTPS connection (1): dl.google.com:443
21:59:53 [DEBUG] Starting new HTTPS connection (1): dl.google.com:443
21:59:53 [DEBUG] Starting new HTTPS connection (1): dl.google.com:443
21:59:53 [DEBUG] Starting new HTTPS connection (1): www.google.com:443
21:59:53 [INFO]    🎯 94.228.215.20 (Нидерланды) - 30.8 Mbps, 158ms, UDP✅ 🛡️Reality
21:59:53 [DEBUG] Starting new HTTPS connection (1): www.google.com:443
21:59:53 [DEBUG] https://www.gstatic.com:443 "GET /generate_204 HTTP/1.1" 204 0
21:59:53 [DEBUG] https://dl.google.com:443 "GET /dl/android/studio/install/3.4.1.0/android-studio-ide-183.5522156-windows.exe HTTP/1.1" 200 1017327996
21:59:54 [DEBUG] https://www.google.com:443 "GET /generate_204 HTTP/1.1" 204 0
21:59:54 [DEBUG] Starting new HTTPS connection (1): cp.cloudflare.com:443
21:59:54 [DEBUG] https://www.google.com:443 "GET /generate_204 HTTP/1.1" 204 0
21:59:54 [DEBUG] Starting new HTTPS connection (1): cp.cloudflare.com:443
21:59:54 [DEBUG] Starting new HTTPS connection (1): dl.google.com:443
21:59:54 [DEBUG] https://cp.cloudflare.com:443 "GET / HTTP/1.1" 204 0
21:59:54 [DEBUG] Starting new HTTPS connection (1): www.gstatic.com:443
21:59:54 [DEBUG] https://cp.cloudflare.com:443 "GET / HTTP/1.1" 204 0
21:59:54 [DEBUG] Starting new HTTPS connection (1): www.gstatic.com:443
21:59:54 [DEBUG] https://dl.google.com:443 "GET /dl/android/studio/install/3.4.1.0/android-studio-ide-183.5522156-windows.exe HTTP/1.1" 200 1017327996
21:59:54 [DEBUG] https://www.gstatic.com:443 "GET /generate_204 HTTP/1.1" 204 0
21:59:54 [DEBUG] https://dl.google.com:443 "GET /dl/android/studio/install/3.4.1.0/android-studio-ide-183.5522156-windows.exe HTTP/1.1" 200 1017327996
21:59:54 [DEBUG] https://dl.google.com:443 "GET /dl/android/studio/install/3.4.1.0/android-studio-ide-183.5522156-windows.exe HTTP/1.1" 200 1017327996
21:59:54 [DEBUG] Starting new HTTPS connection (1): dl.google.com:443
21:59:54 [INFO]    🎯 94.228.210.83 (Нидерланды) - 21.1 Mbps, 174ms, UDP✅ 🛡️Reality
21:59:54 [DEBUG] https://dl.google.com:443 "GET /dl/android/studio/install/3.4.1.0/android-studio-ide-183.5522156-windows.exe HTTP/1.1" 200 1017327996
21:59:54 [DEBUG] https://dl.google.com:443 "GET /dl/android/studio/install/3.4.1.0/android-studio-ide-183.5522156-windows.exe HTTP/1.1" 200 1017327996
21:59:54 [DEBUG] https://www.gstatic.com:443 "GET /generate_204 HTTP/1.1" 204 0
21:59:54 [DEBUG] Starting new HTTPS connection (1): www.google.com:443
21:59:54 [INFO]    🎯 94.228.210.81 (Нидерланды) - 26.8 Mbps, 150ms, UDP✅ 🛡️Reality
21:59:54 [INFO]    🎯 85.158.109.149 (Польша) - 3.1 Mbps, 216ms, UDP✅ 🛡️Reality
21:59:54 [DEBUG] Starting new HTTPS connection (1): dl.google.com:443
21:59:54 [DEBUG] https://dl.google.com:443 "GET /dl/android/studio/install/3.4.1.0/android-studio-ide-183.5522156-windows.exe HTTP/1.1" 200 1017327996
21:59:54 [DEBUG] Starting new HTTPS connection (1): www.google.com:443
21:59:54 [DEBUG] https://www.google.com:443 "GET /generate_204 HTTP/1.1" 204 0
21:59:54 [DEBUG] Starting new HTTPS connection (1): cp.cloudflare.com:443
21:59:54 [INFO]    🎯 94.228.213.206 (Нидерланды) - 20.5 Mbps, 143ms, UDP✅ 🛡️Reality
21:59:54 [DEBUG] https://cp.cloudflare.com:443 "GET / HTTP/1.1" 204 0
21:59:54 [INFO]    🎯 94.228.210.67 (Нидерланды) - 25.3 Mbps, 288ms, UDP✅ 🛡️Reality
21:59:54 [DEBUG] Starting new HTTPS connection (1): www.gstatic.com:443
21:59:54 [INFO]    🎯 94.228.213.202 (Нидерланды) - 34.8 Mbps, 120ms, UDP✅ 🛡️Reality
21:59:54 [INFO]    🎯 94.228.210.69 (Нидерланды) - 18.4 Mbps, 215ms, UDP✅ 🛡️Reality
21:59:54 [DEBUG] https://dl.google.com:443 "GET /dl/android/studio/install/3.4.1.0/android-studio-ide-183.5522156-windows.exe HTTP/1.1" 200 1017327996
21:59:54 [DEBUG] https://www.gstatic.com:443 "GET /generate_204 HTTP/1.1" 204 0
21:59:54 [DEBUG] Starting new HTTPS connection (1): www.google.com:443
21:59:54 [DEBUG] https://www.google.com:443 "GET /generate_204 HTTP/1.1" 204 0
21:59:54 [DEBUG] Starting new HTTPS connection (1): cp.cloudflare.com:443
21:59:54 [DEBUG] Starting new HTTPS connection (1): dl.google.com:443
21:59:54 [DEBUG] Starting new HTTPS connection (1): www.google.com:443
21:59:54 [DEBUG] https://www.google.com:443 "GET /generate_204 HTTP/1.1" 204 0
21:59:54 [DEBUG] Starting new HTTPS connection (1): cp.cloudflare.com:443
21:59:55 [DEBUG] https://cp.cloudflare.com:443 "GET / HTTP/1.1" 204 0
21:59:55 [DEBUG] Starting new HTTPS connection (1): www.gstatic.com:443
21:59:55 [DEBUG] https://cp.cloudflare.com:443 "GET / HTTP/1.1" 204 0
21:59:55 [DEBUG] Starting new HTTPS connection (1): www.gstatic.com:443
21:59:55 [DEBUG] Starting new HTTPS connection (1): www.google.com:443
21:59:55 [DEBUG] https://www.google.com:443 "GET /generate_204 HTTP/1.1" 204 0
21:59:55 [DEBUG] Starting new HTTPS connection (1): cp.cloudflare.com:443
21:59:55 [INFO]    🎯 94.228.210.86 (Нидерланды) - 27.5 Mbps, 178ms, UDP✅ 🛡️Reality
21:59:55 [DEBUG] https://dl.google.com:443 "GET /dl/android/studio/install/3.4.1.0/android-studio-ide-183.5522156-windows.exe HTTP/1.1" 200 1017327996
21:59:55 [DEBUG] https://cp.cloudflare.com:443 "GET / HTTP/1.1" 204 0
21:59:55 [DEBUG] https://www.google.com:443 "GET /generate_204 HTTP/1.1" 204 0
21:59:55 [DEBUG] Starting new HTTPS connection (1): cp.cloudflare.com:443
21:59:55 [DEBUG] Starting new HTTPS connection (1): www.gstatic.com:443
21:59:55 [DEBUG] https://www.gstatic.com:443 "GET /generate_204 HTTP/1.1" 204 0
21:59:55 [DEBUG] https://www.gstatic.com:443 "GET /generate_204 HTTP/1.1" 204 0
21:59:55 [DEBUG] https://cp.cloudflare.com:443 "GET / HTTP/1.1" 204 0
21:59:55 [DEBUG] Starting new HTTPS connection (1): www.gstatic.com:443
21:59:55 [DEBUG] Starting new HTTPS connection (1): dl.google.com:443
21:59:55 [DEBUG] https://www.gstatic.com:443 "GET /generate_204 HTTP/1.1" 204 0
21:59:55 [DEBUG] Starting new HTTPS connection (1): dl.google.com:443
21:59:55 [DEBUG] https://www.gstatic.com:443 "GET /generate_204 HTTP/1.1" 204 0
21:59:55 [DEBUG] Starting new HTTPS connection (1): dl.google.com:443
21:59:55 [DEBUG] Starting new HTTPS connection (1): dl.google.com:443
21:59:55 [DEBUG] Starting new HTTPS connection (1): www.google.com:443
21:59:55 [INFO]    🎯 94.228.213.200 (Нидерланды) - 27.5 Mbps, 140ms, UDP✅ 🛡️Reality
21:59:55 [DEBUG] https://dl.google.com:443 "GET /dl/android/studio/install/3.4.1.0/android-studio-ide-183.5522156-windows.exe HTTP/1.1" 200 1017327996
21:59:55 [DEBUG] Starting new HTTPS connection (1): www.google.com:443
21:59:55 [DEBUG] Starting new HTTPS connection (1): www.google.com:443
21:59:55 [DEBUG] https://dl.google.com:443 "GET /dl/android/studio/install/3.4.1.0/android-studio-ide-183.5522156-windows.exe HTTP/1.1" 200 1017327996
21:59:55 [INFO]    🎯 94.228.213.204 (Нидерланды) - 47.5 Mbps, 129ms, UDP✅ 🛡️Reality
21:59:55 [DEBUG] Starting new HTTPS connection (1): cp.cloudflare.com:443
21:59:55 [DEBUG] https://dl.google.com:443 "GET /dl/android/studio/install/3.4.1.0/android-studio-ide-183.5522156-windows.exe HTTP/1.1" 200 1017327996
21:59:55 [DEBUG] Starting new HTTPS connection (1): cp.cloudflare.com:443
21:59:55 [DEBUG] https://dl.google.com:443 "GET /dl/android/studio/install/3.4.1.0/android-studio-ide-183.5522156-windows.exe HTTP/1.1" 200 1017327996
21:59:55 [DEBUG] https://www.google.com:443 "GET /generate_204 HTTP/1.1" 204 0
21:59:55 [DEBUG] Starting new HTTPS connection (1): cp.cloudflare.com:443
21:59:55 [DEBUG] Starting new HTTPS connection (1): www.gstatic.com:443
21:59:55 [DEBUG] Starting new HTTPS connection (1): www.gstatic.com:443
21:59:55 [DEBUG] https://dl.google.com:443 "GET /dl/android/studio/install/3.4.1.0/android-studio-ide-183.5522156-windows.exe HTTP/1.1" 200 1017327996
21:59:55 [DEBUG] Starting new HTTPS connection (1): www.google.com:443
21:59:55 [DEBUG] https://cp.cloudflare.com:443 "GET / HTTP/1.1" 204 0
21:59:55 [DEBUG] Starting new HTTPS connection (1): www.gstatic.com:443
21:59:55 [DEBUG] Starting new HTTPS connection (1): cp.cloudflare.com:443
21:59:55 [INFO]    🎯 94.228.213.199 (Нидерланды) - 40.1 Mbps, 154ms, UDP✅ 🛡️Reality
21:59:55 [INFO]    🎯 94.228.213.203 (Нидерланды) - 42.5 Mbps, 106ms, UDP✅ 🛡️Reality
21:59:55 [DEBUG] Starting new HTTPS connection (1): www.gstatic.com:443
21:59:55 [DEBUG] Starting new HTTPS connection (1): www.google.com:443
21:59:55 [DEBUG] Starting new HTTPS connection (1): www.google.com:443
21:59:55 [DEBUG] Starting new HTTPS connection (1): www.google.com:443
21:59:56 [DEBUG] Starting new HTTPS connection (1): cp.cloudflare.com:443
21:59:56 [DEBUG] Starting new HTTPS connection (1): cp.cloudflare.com:443
21:59:56 [DEBUG] https://www.google.com:443 "GET /generate_204 HTTP/1.1" 204 0
21:59:56 [DEBUG] Starting new HTTPS connection (1): cp.cloudflare.com:443
21:59:56 [DEBUG] Starting new HTTPS connection (1): www.gstatic.com:443
21:59:56 [DEBUG] https://www.gstatic.com:443 "GET /generate_204 HTTP/1.1" 204 0
21:59:56 [DEBUG] Starting new HTTPS connection (1): www.gstatic.com:443
21:59:56 [DEBUG] https://cp.cloudflare.com:443 "GET / HTTP/1.1" 204 0
21:59:56 [DEBUG] Starting new HTTPS connection (1): www.gstatic.com:443
21:59:56 [DEBUG] https://www.gstatic.com:443 "GET /generate_204 HTTP/1.1" 204 0
21:59:56 [DEBUG] Starting new HTTPS connection (1): dl.google.com:443
21:59:56 [DEBUG] Starting new HTTPS connection (1): dl.google.com:443
21:59:56 [INFO]    🎯 94.228.210.80 (Нидерланды) - 19.8 Mbps, 208ms, UDP✅ 🛡️Reality
21:59:56 [DEBUG] Starting new HTTPS connection (1): www.google.com:443
21:59:56 [DEBUG] https://www.google.com:443 "GET /generate_204 HTTP/1.1" 204 0
21:59:56 [DEBUG] Starting new HTTPS connection (1): cp.cloudflare.com:443
21:59:56 [DEBUG] https://dl.google.com:443 "GET /dl/android/studio/install/3.4.1.0/android-studio-ide-183.5522156-windows.exe HTTP/1.1" 200 1017327996
21:59:56 [DEBUG] https://cp.cloudflare.com:443 "GET / HTTP/1.1" 204 0
21:59:56 [DEBUG] Starting new HTTPS connection (1): www.gstatic.com:443
21:59:56 [DEBUG] https://dl.google.com:443 "GET /dl/android/studio/install/3.4.1.0/android-studio-ide-183.5522156-windows.exe HTTP/1.1" 200 1017327996
21:59:56 [DEBUG] https://www.gstatic.com:443 "GET /generate_204 HTTP/1.1" 204 0
21:59:56 [INFO]    🎯 51.158.206.12 (Нидерланды) - 59.4 Mbps, 72ms, UDP✅ 🛡️Reality
21:59:56 [DEBUG] Starting new HTTPS connection (1): dl.google.com:443
21:59:56 [DEBUG] https://dl.google.com:443 "GET /dl/android/studio/install/3.4.1.0/android-studio-ide-183.5522156-windows.exe HTTP/1.1" 200 1017327996
21:59:56 [INFO]    🎯 149.115.110.173 (Нидерланды) - 120.0 Mbps, 58ms, UDP✅ 🛡️Reality
21:59:56 [DEBUG] Starting new HTTPS connection (1): www.google.com:443
21:59:56 [DEBUG] Starting new HTTPS connection (1): www.google.com:443
21:59:56 [INFO]    🎯 94.228.210.82 (Нидерланды) - 23.1 Mbps, 188ms, UDP✅ 🛡️Reality
21:59:57 [DEBUG] Starting new HTTPS connection (1): cp.cloudflare.com:443
21:59:57 [DEBUG] Starting new HTTPS connection (1): www.google.com:443
21:59:57 [DEBUG] Starting new HTTPS connection (1): www.google.com:443
21:59:57 [DEBUG] Starting new HTTPS connection (1): www.gstatic.com:443
21:59:57 [DEBUG] Starting new HTTPS connection (1): www.google.com:443
21:59:57 [DEBUG] Starting new HTTPS connection (1): www.google.com:443
21:59:57 [DEBUG] Starting new HTTPS connection (1): www.google.com:443
21:59:57 [DEBUG] https://www.google.com:443 "GET /generate_204 HTTP/1.1" 204 0
21:59:57 [DEBUG] Starting new HTTPS connection (1): cp.cloudflare.com:443
21:59:57 [DEBUG] https://www.google.com:443 "GET /generate_204 HTTP/1.1" 204 0
21:59:57 [DEBUG] Starting new HTTPS connection (1): cp.cloudflare.com:443
21:59:57 [DEBUG] https://www.google.com:443 "GET /generate_204 HTTP/1.1" 204 0
21:59:57 [DEBUG] Starting new HTTPS connection (1): cp.cloudflare.com:443
21:59:57 [DEBUG] Starting new HTTPS connection (1): www.google.com:443
21:59:57 [DEBUG] https://www.google.com:443 "GET /generate_204 HTTP/1.1" 204 0
21:59:57 [DEBUG] Starting new HTTPS connection (1): cp.cloudflare.com:443
21:59:57 [DEBUG] https://cp.cloudflare.com:443 "GET / HTTP/1.1" 204 0
21:59:57 [DEBUG] https://cp.cloudflare.com:443 "GET / HTTP/1.1" 204 0
21:59:57 [DEBUG] Starting new HTTPS connection (1): www.gstatic.com:443
21:59:57 [DEBUG] https://cp.cloudflare.com:443 "GET / HTTP/1.1" 204 0
21:59:57 [DEBUG] Starting new HTTPS connection (1): www.gstatic.com:443
21:59:57 [DEBUG] Starting new HTTPS connection (1): www.gstatic.com:443
21:59:57 [DEBUG] Starting new HTTPS connection (1): www.google.com:443
21:59:57 [DEBUG] https://www.google.com:443 "GET /generate_204 HTTP/1.1" 204 0
21:59:57 [DEBUG] Starting new HTTPS connection (1): cp.cloudflare.com:443
21:59:57 [DEBUG] https://cp.cloudflare.com:443 "GET / HTTP/1.1" 204 0
21:59:57 [DEBUG] Starting new HTTPS connection (1): www.gstatic.com:443
21:59:57 [DEBUG] https://www.gstatic.com:443 "GET /generate_204 HTTP/1.1" 204 0
21:59:57 [DEBUG] https://www.gstatic.com:443 "GET /generate_204 HTTP/1.1" 204 0
21:59:57 [DEBUG] Starting new HTTPS connection (1): www.google.com:443
21:59:57 [DEBUG] https://cp.cloudflare.com:443 "GET / HTTP/1.1" 204 0
21:59:57 [DEBUG] Starting new HTTPS connection (1): www.gstatic.com:443
21:59:57 [DEBUG] Starting new HTTPS connection (1): dl.google.com:443
21:59:57 [DEBUG] Starting new HTTPS connection (1): dl.google.com:443
21:59:57 [DEBUG] https://www.gstatic.com:443 "GET /generate_204 HTTP/1.1" 204 0
21:59:57 [DEBUG] https://www.gstatic.com:443 "GET /generate_204 HTTP/1.1" 204 0
21:59:57 [DEBUG] Starting new HTTPS connection (1): dl.google.com:443
21:59:57 [DEBUG] Starting new HTTPS connection (1): dl.google.com:443
21:59:57 [DEBUG] https://www.gstatic.com:443 "GET /generate_204 HTTP/1.1" 204 0
21:59:57 [DEBUG] Starting new HTTPS connection (1): www.google.com:443
21:59:57 [DEBUG] https://dl.google.com:443 "GET /dl/android/studio/install/3.4.1.0/android-studio-ide-183.5522156-windows.exe HTTP/1.1" 200 1017327996
21:59:57 [DEBUG] Starting new HTTPS connection (1): dl.google.com:443
21:59:57 [DEBUG] https://dl.google.com:443 "GET /dl/android/studio/install/3.4.1.0/android-studio-ide-183.5522156-windows.exe HTTP/1.1" 200 1017327996
21:59:57 [DEBUG] https://dl.google.com:443 "GET /dl/android/studio/install/3.4.1.0/android-studio-ide-183.5522156-windows.exe HTTP/1.1" 200 1017327996
21:59:57 [DEBUG] Starting new HTTPS connection (1): www.google.com:443
21:59:57 [INFO]    🎯 94.228.213.197 (Нидерланды) - 42.4 Mbps, 123ms, UDP✅ 🛡️Reality
21:59:57 [DEBUG] https://dl.google.com:443 "GET /dl/android/studio/install/3.4.1.0/android-studio-ide-183.5522156-windows.exe HTTP/1.1" 200 1017327996
21:59:58 [INFO]    🎯 94.228.215.15 (Нидерланды) - 39.7 Mbps, 148ms, UDP✅ 🛡️Reality
21:59:58 [DEBUG] https://dl.google.com:443 "GET /dl/android/studio/install/3.4.1.0/android-studio-ide-183.5522156-windows.exe HTTP/1.1" 200 1017327996
21:59:58 [DEBUG] Starting new HTTPS connection (1): www.google.com:443
21:59:58 [INFO]    🎯 94.228.213.207 (Нидерланды) - 23.7 Mbps, 104ms, UDP✅ 🛡️Reality
21:59:58 [INFO]    🎯 94.228.213.201 (Нидерланды) - 24.3 Mbps, 163ms, UDP✅ 🛡️Reality
21:59:58 [DEBUG] Starting new HTTPS connection (1): www.google.com:443
21:59:58 [DEBUG] https://www.google.com:443 "GET /generate_204 HTTP/1.1" 204 0
21:59:58 [DEBUG] Starting new HTTPS connection (1): cp.cloudflare.com:443
21:59:58 [DEBUG] https://www.google.com:443 "GET /generate_204 HTTP/1.1" 204 0
21:59:58 [DEBUG] Starting new HTTPS connection (1): cp.cloudflare.com:443
21:59:58 [INFO]    🎯 94.228.213.198 (Нидерланды) - 23.1 Mbps, 159ms, UDP✅ 🛡️Reality
21:59:58 [DEBUG] https://cp.cloudflare.com:443 "GET / HTTP/1.1" 204 0
21:59:58 [DEBUG] Starting new HTTPS connection (1): www.gstatic.com:443
21:59:58 [DEBUG] https://www.gstatic.com:443 "GET /generate_204 HTTP/1.1" 204 0
21:59:58 [DEBUG] https://cp.cloudflare.com:443 "GET / HTTP/1.1" 204 0
21:59:58 [DEBUG] Starting new HTTPS connection (1): www.gstatic.com:443
21:59:58 [DEBUG] Starting new HTTPS connection (1): dl.google.com:443
21:59:58 [DEBUG] https://dl.google.com:443 "GET /dl/android/studio/install/3.4.1.0/android-studio-ide-183.5522156-windows.exe HTTP/1.1" 200 1017327996
21:59:58 [INFO]    🎯 144.31.100.120 (Нидерланды) - 98.3 Mbps, 92ms, UDP✅ 🛡️Reality
21:59:58 [DEBUG] Starting new HTTPS connection (1): cp.cloudflare.com:443
21:59:58 [DEBUG] https://www.gstatic.com:443 "GET /generate_204 HTTP/1.1" 204 0
21:59:59 [DEBUG] Starting new HTTPS connection (1): www.google.com:443
21:59:59 [DEBUG] Starting new HTTPS connection (1): dl.google.com:443
21:59:59 [DEBUG] https://www.google.com:443 "GET /generate_204 HTTP/1.1" 204 0
21:59:59 [DEBUG] Starting new HTTPS connection (1): cp.cloudflare.com:443
21:59:59 [DEBUG] Starting new HTTPS connection (1): www.google.com:443
21:59:59 [DEBUG] https://cp.cloudflare.com:443 "GET / HTTP/1.1" 204 0
21:59:59 [DEBUG] Starting new HTTPS connection (1): www.gstatic.com:443
21:59:59 [DEBUG] Starting new HTTPS connection (1): cp.cloudflare.com:443
21:59:59 [DEBUG] https://www.gstatic.com:443 "GET /generate_204 HTTP/1.1" 204 0
21:59:59 [DEBUG] Starting new HTTPS connection (1): dl.google.com:443
21:59:59 [DEBUG] Starting new HTTPS connection (1): www.google.com:443
21:59:59 [DEBUG] Starting new HTTPS connection (1): www.google.com:443
21:59:59 [DEBUG] https://dl.google.com:443 "GET /dl/android/studio/install/3.4.1.0/android-studio-ide-183.5522156-windows.exe HTTP/1.1" 200 1017327996
21:59:59 [DEBUG] https://www.google.com:443 "GET /generate_204 HTTP/1.1" 204 0
21:59:59 [DEBUG] Starting new HTTPS connection (1): cp.cloudflare.com:443
21:59:59 [DEBUG] https://www.google.com:443 "GET /generate_204 HTTP/1.1" 204 0
21:59:59 [DEBUG] Starting new HTTPS connection (1): cp.cloudflare.com:443
21:59:59 [DEBUG] https://dl.google.com:443 "GET /dl/android/studio/install/3.4.1.0/android-studio-ide-183.5522156-windows.exe HTTP/1.1" 200 1017327996
21:59:59 [DEBUG] https://cp.cloudflare.com:443 "GET / HTTP/1.1" 204 0
21:59:59 [DEBUG] Starting new HTTPS connection (1): www.gstatic.com:443
21:59:59 [INFO]    🎯 51.158.206.98 (Нидерланды) - 73.8 Mbps, 81ms, UDP✅ 🛡️Reality
21:59:59 [DEBUG] https://cp.cloudflare.com:443 "GET / HTTP/1.1" 204 0
21:59:59 [DEBUG] Starting new HTTPS connection (1): www.gstatic.com:443
21:59:59 [DEBUG] https://www.gstatic.com:443 "GET /generate_204 HTTP/1.1" 204 0
21:59:59 [DEBUG] Starting new HTTPS connection (1): www.google.com:443
21:59:59 [DEBUG] Starting new HTTPS connection (1): dl.google.com:443
21:59:59 [DEBUG] https://www.gstatic.com:443 "GET /generate_204 HTTP/1.1" 204 0
21:59:59 [DEBUG] https://www.google.com:443 "GET /generate_204 HTTP/1.1" 204 0
21:59:59 [DEBUG] Starting new HTTPS connection (1): cp.cloudflare.com:443
21:59:59 [DEBUG] Starting new HTTPS connection (1): dl.google.com:443
21:59:59 [DEBUG] Starting new HTTPS connection (1): cp.cloudflare.com:443
21:59:59 [INFO]    🎯 138.124.79.9 (Нидерланды) - 25.3 Mbps, 266ms, UDP✅ 🛡️Reality
21:59:59 [DEBUG] https://cp.cloudflare.com:443 "GET / HTTP/1.1" 204 0
21:59:59 [DEBUG] Starting new HTTPS connection (1): www.gstatic.com:443
21:59:59 [DEBUG] https://dl.google.com:443 "GET /dl/android/studio/install/3.4.1.0/android-studio-ide-183.5522156-windows.exe HTTP/1.1" 200 1017327996
21:59:59 [DEBUG] Starting new HTTPS connection (1): cp.cloudflare.com:443
21:59:59 [DEBUG] https://www.gstatic.com:443 "GET /generate_204 HTTP/1.1" 204 0
22:00:00 [INFO]    🎯 185.82.73.189 (Нидерланды) - 67.2 Mbps, 91ms, UDP✅ 🛡️Reality
22:00:00 [DEBUG] Starting new HTTPS connection (1): dl.google.com:443
22:00:00 [DEBUG] Starting new HTTPS connection (1): www.google.com:443
22:00:00 [DEBUG] https://dl.google.com:443 "GET /dl/android/studio/install/3.4.1.0/android-studio-ide-183.5522156-windows.exe HTTP/1.1" 200 1017327996
22:00:00 [DEBUG] Starting new HTTPS connection (1): cp.cloudflare.com:443
22:00:00 [DEBUG] Starting new HTTPS connection (1): www.gstatic.com:443
22:00:00 [DEBUG] https://dl.google.com:443 "GET /dl/android/studio/install/3.4.1.0/android-studio-ide-183.5522156-windows.exe HTTP/1.1" 200 1017327996
22:00:00 [INFO]    🎯 185.82.73.196 (Нидерланды) - 41.0 Mbps, 95ms, UDP✅ 🛡️Reality
22:00:00 [INFO]    🎯 185.82.73.195 (Нидерланды) - 70.0 Mbps, 91ms, UDP✅ 🛡️Reality
22:00:00 [DEBUG] Starting new HTTPS connection (1): www.gstatic.com:443
22:00:00 [DEBUG] Starting new HTTPS connection (1): cp.cloudflare.com:443
22:00:00 [DEBUG] Starting new HTTPS connection (1): www.google.com:443
22:00:00 [DEBUG] Starting new HTTPS connection (1): www.gstatic.com:443
22:00:01 [DEBUG] Starting new HTTPS connection (1): www.google.com:443
22:00:01 [DEBUG] https://www.google.com:443 "GET /generate_204 HTTP/1.1" 204 0
22:00:01 [DEBUG] Starting new HTTPS connection (1): cp.cloudflare.com:443
22:00:01 [DEBUG] Starting new HTTPS connection (1): www.google.com:443
22:00:01 [DEBUG] Starting new HTTPS connection (1): www.gstatic.com:443
22:00:01 [DEBUG] https://cp.cloudflare.com:443 "GET / HTTP/1.1" 204 0
22:00:01 [DEBUG] Starting new HTTPS connection (1): www.gstatic.com:443
22:00:01 [DEBUG] Starting new HTTPS connection (1): www.google.com:443
22:00:01 [DEBUG] Starting new HTTPS connection (1): www.google.com:443
22:00:01 [DEBUG] Starting new HTTPS connection (1): cp.cloudflare.com:443
22:00:01 [DEBUG] Starting new HTTPS connection (1): www.gstatic.com:443
22:00:01 [DEBUG] Starting new HTTPS connection (1): www.google.com:443
22:00:01 [DEBUG] https://www.google.com:443 "GET /generate_204 HTTP/1.1" 204 0
22:00:01 [DEBUG] Starting new HTTPS connection (1): cp.cloudflare.com:443
22:00:01 [DEBUG] https://www.gstatic.com:443 "GET /generate_204 HTTP/1.1" 204 0
22:00:01 [DEBUG] https://www.google.com:443 "GET /generate_204 HTTP/1.1" 204 0
22:00:01 [DEBUG] Starting new HTTPS connection (1): cp.cloudflare.com:443
22:00:01 [DEBUG] https://cp.cloudflare.com:443 "GET / HTTP/1.1" 204 0
22:00:01 [DEBUG] Starting new HTTPS connection (1): www.gstatic.com:443
22:00:01 [DEBUG] https://www.gstatic.com:443 "GET /generate_204 HTTP/1.1" 204 0
22:00:01 [DEBUG] Starting new HTTPS connection (1): dl.google.com:443
22:00:01 [DEBUG] Starting new HTTPS connection (1): dl.google.com:443
22:00:01 [DEBUG] https://dl.google.com:443 "GET /dl/android/studio/install/3.4.1.0/android-studio-ide-183.5522156-windows.exe HTTP/1.1" 200 1017327996
22:00:02 [DEBUG] https://cp.cloudflare.com:443 "GET / HTTP/1.1" 204 0
22:00:02 [DEBUG] Starting new HTTPS connection (1): www.gstatic.com:443
22:00:02 [DEBUG] Starting new HTTPS connection (1): www.gstatic.com:443
22:00:02 [DEBUG] https://dl.google.com:443 "GET /dl/android/studio/install/3.4.1.0/android-studio-ide-183.5522156-windows.exe HTTP/1.1" 200 1017327996
22:00:02 [DEBUG] Starting new HTTPS connection (1): www.google.com:443
22:00:02 [INFO]    🎯 152.53.51.24 (Австрия) - 33.2 Mbps, 110ms, UDP✅ 🛡️Reality
22:00:02 [DEBUG] https://www.google.com:443 "GET /generate_204 HTTP/1.1" 204 0
22:00:02 [DEBUG] Starting new HTTPS connection (1): cp.cloudflare.com:443
22:00:02 [INFO]    🎯 94.103.1.230 (Нидерланды) - 31.3 Mbps, 262ms, UDP✅ 🛡️Reality
22:00:02 [DEBUG] https://www.gstatic.com:443 "GET /generate_204 HTTP/1.1" 204 0
22:00:02 [DEBUG] Starting new HTTPS connection (1): cp.cloudflare.com:443
22:00:02 [DEBUG] Starting new HTTPS connection (1): dl.google.com:443
22:00:02 [DEBUG] Starting new HTTPS connection (1): www.gstatic.com:443
22:00:02 [DEBUG] https://www.google.com:443 "GET /generate_204 HTTP/1.1" 204 0
22:00:02 [DEBUG] Starting new HTTPS connection (1): cp.cloudflare.com:443
22:00:02 [DEBUG] Starting new HTTPS connection (1): www.google.com:443
22:00:02 [DEBUG] https://dl.google.com:443 "GET /dl/android/studio/install/3.4.1.0/android-studio-ide-183.5522156-windows.exe HTTP/1.1" 200 1017327996
22:00:02 [DEBUG] https://www.google.com:443 "GET /generate_204 HTTP/1.1" 204 0
22:00:02 [DEBUG] Starting new HTTPS connection (1): cp.cloudflare.com:443
22:00:03 [DEBUG] https://cp.cloudflare.com:443 "GET / HTTP/1.1" 204 0
22:00:03 [DEBUG] Starting new HTTPS connection (1): www.gstatic.com:443
22:00:03 [DEBUG] https://www.gstatic.com:443 "GET /generate_204 HTTP/1.1" 204 0
22:00:03 [DEBUG] Starting new HTTPS connection (1): dl.google.com:443
22:00:03 [INFO]    🎯 152.53.182.235 (Австрия) - 19.1 Mbps, 465ms, UDP✅ 🛡️Reality
22:00:03 [DEBUG] https://dl.google.com:443 "GET /dl/android/studio/install/3.4.1.0/android-studio-ide-183.5522156-windows.exe HTTP/1.1" 200 1017327996
22:00:03 [DEBUG] Starting new HTTPS connection (1): www.google.com:443
22:00:03 [DEBUG] Starting new HTTPS connection (1): www.google.com:443
22:00:03 [DEBUG] Starting new HTTPS connection (1): cp.cloudflare.com:443
22:00:03 [DEBUG] Starting new HTTPS connection (1): www.gstatic.com:443
22:00:03 [DEBUG] Starting new HTTPS connection (1): cp.cloudflare.com:443
22:00:04 [DEBUG] https://www.google.com:443 "GET /generate_204 HTTP/1.1" 204 0
22:00:04 [DEBUG] Starting new HTTPS connection (1): cp.cloudflare.com:443
22:00:04 [DEBUG] https://cp.cloudflare.com:443 "GET / HTTP/1.1" 204 0
22:00:04 [DEBUG] Starting new HTTPS connection (1): www.gstatic.com:443
22:00:04 [DEBUG] Starting new HTTPS connection (1): www.google.com:443
22:00:04 [DEBUG] https://www.gstatic.com:443 "GET /generate_204 HTTP/1.1" 204 0
22:00:04 [DEBUG] Starting new HTTPS connection (1): dl.google.com:443
22:00:04 [DEBUG] https://www.google.com:443 "GET /generate_204 HTTP/1.1" 204 0
22:00:04 [DEBUG] Starting new HTTPS connection (1): cp.cloudflare.com:443
22:00:04 [DEBUG] https://www.google.com:443 "GET /generate_204 HTTP/1.1" 204 0
22:00:04 [DEBUG] Starting new HTTPS connection (1): cp.cloudflare.com:443
22:00:04 [DEBUG] https://dl.google.com:443 "GET /dl/android/studio/install/3.4.1.0/android-studio-ide-183.5522156-windows.exe HTTP/1.1" 200 1017327996
22:00:04 [DEBUG] Starting new HTTPS connection (1): www.google.com:443
22:00:04 [DEBUG] https://cp.cloudflare.com:443 "GET / HTTP/1.1" 204 0
22:00:04 [DEBUG] Starting new HTTPS connection (1): www.gstatic.com:443
22:00:04 [DEBUG] https://cp.cloudflare.com:443 "GET / HTTP/1.1" 204 0
22:00:04 [DEBUG] Starting new HTTPS connection (1): www.gstatic.com:443
22:00:04 [DEBUG] Starting new HTTPS connection (1): www.google.com:443
22:00:04 [DEBUG] https://cp.cloudflare.com:443 "GET / HTTP/1.1" 204 0
22:00:04 [DEBUG] Starting new HTTPS connection (1): www.gstatic.com:443
22:00:04 [DEBUG] https://www.gstatic.com:443 "GET /generate_204 HTTP/1.1" 204 0
22:00:04 [DEBUG] https://www.google.com:443 "GET /generate_204 HTTP/1.1" 204 0
22:00:04 [DEBUG] Starting new HTTPS connection (1): cp.cloudflare.com:443
22:00:04 [DEBUG] Starting new HTTPS connection (1): dl.google.com:443
22:00:04 [DEBUG] https://www.gstatic.com:443 "GET /generate_204 HTTP/1.1" 204 0
22:00:04 [DEBUG] https://www.google.com:443 "GET /generate_204 HTTP/1.1" 204 0
22:00:04 [DEBUG] Starting new HTTPS connection (1): cp.cloudflare.com:443
22:00:04 [DEBUG] https://cp.cloudflare.com:443 "GET / HTTP/1.1" 204 0
22:00:04 [DEBUG] Starting new HTTPS connection (1): www.gstatic.com:443
22:00:04 [DEBUG] https://cp.cloudflare.com:443 "GET / HTTP/1.1" 204 0
22:00:04 [DEBUG] Starting new HTTPS connection (1): www.gstatic.com:443
22:00:04 [DEBUG] https://dl.google.com:443 "GET /dl/android/studio/install/3.4.1.0/android-studio-ide-183.5522156-windows.exe HTTP/1.1" 200 1017327996
22:00:05 [DEBUG] https://www.gstatic.com:443 "GET /generate_204 HTTP/1.1" 204 0
22:00:05 [INFO]    🎯 51.158.206.103 (Нидерланды) - 62.1 Mbps, 366ms, UDP✅ 🛡️Reality
22:00:05 [DEBUG] Starting new HTTPS connection (1): dl.google.com:443
22:00:05 [DEBUG] https://www.gstatic.com:443 "GET /generate_204 HTTP/1.1" 204 0
22:00:05 [DEBUG] Starting new HTTPS connection (1): www.google.com:443
22:00:05 [DEBUG] Starting new HTTPS connection (1): dl.google.com:443
22:00:05 [DEBUG] Starting new HTTPS connection (1): dl.google.com:443
22:00:05 [DEBUG] https://www.google.com:443 "GET /generate_204 HTTP/1.1" 204 0
22:00:05 [DEBUG] Starting new HTTPS connection (1): cp.cloudflare.com:443
22:00:05 [DEBUG] https://dl.google.com:443 "GET /dl/android/studio/install/3.4.1.0/android-studio-ide-183.5522156-windows.exe HTTP/1.1" 200 1017327996
22:00:05 [INFO]    🎯 51.158.206.80 (Нидерланды) - 50.3 Mbps, 162ms, UDP✅ 🛡️Reality
22:00:05 [DEBUG] https://cp.cloudflare.com:443 "GET / HTTP/1.1" 204 0
22:00:05 [DEBUG] Starting new HTTPS connection (1): www.gstatic.com:443
22:00:05 [DEBUG] https://dl.google.com:443 "GET /dl/android/studio/install/3.4.1.0/android-studio-ide-183.5522156-windows.exe HTTP/1.1" 200 1017327996
22:00:05 [DEBUG] https://dl.google.com:443 "GET /dl/android/studio/install/3.4.1.0/android-studio-ide-183.5522156-windows.exe HTTP/1.1" 200 1017327996
22:00:05 [DEBUG] https://www.gstatic.com:443 "GET /generate_204 HTTP/1.1" 204 0
22:00:05 [INFO]    🎯 91.84.118.23 (Нидерланды) - 34.5 Mbps, 140ms, UDP✅ 🛡️Reality
22:00:05 [DEBUG] https://cp.cloudflare.com:443 "GET / HTTP/1.1" 204 0
22:00:05 [DEBUG] Starting new HTTPS connection (1): www.gstatic.com:443
22:00:05 [DEBUG] Starting new HTTPS connection (1): dl.google.com:443
22:00:05 [DEBUG] https://dl.google.com:443 "GET /dl/android/studio/install/3.4.1.0/android-studio-ide-183.5522156-windows.exe HTTP/1.1" 200 1017327996
22:00:06 [INFO]    🎯 38.180.144.156 (Австрия) - 18.7 Mbps, 169ms, UDP✅ 🛡️Reality
22:00:06 [INFO]    📊 Глубокая проверка: 193/1936 (10%) | ✅95 ❌98
22:00:06 [INFO]    🎯 152.53.51.29 (Австрия) - 5.9 Mbps, 145ms, UDP✅ 🛡️Reality
22:00:06 [INFO]    🎯 91.84.113.57 (Нидерланды) - 42.5 Mbps, 174ms, UDP✅ 🛡️Reality
22:00:06 [DEBUG] Starting new HTTPS connection (1): www.google.com:443
22:00:06 [DEBUG] Starting new HTTPS connection (1): www.gstatic.com:443
22:00:06 [DEBUG] https://www.gstatic.com:443 "GET /generate_204 HTTP/1.1" 204 0
22:00:06 [DEBUG] Starting new HTTPS connection (1): www.google.com:443
22:00:06 [DEBUG] https://www.gstatic.com:443 "GET /generate_204 HTTP/1.1" 204 0
22:00:06 [DEBUG] https://www.google.com:443 "GET /generate_204 HTTP/1.1" 204 0
22:00:06 [DEBUG] Starting new HTTPS connection (1): cp.cloudflare.com:443
22:00:06 [DEBUG] https://www.google.com:443 "GET /generate_204 HTTP/1.1" 204 0
22:00:06 [DEBUG] Starting new HTTPS connection (1): cp.cloudflare.com:443
22:00:06 [DEBUG] Starting new HTTPS connection (1): www.google.com:443
22:00:06 [DEBUG] Starting new HTTPS connection (1): dl.google.com:443
22:00:06 [DEBUG] https://cp.cloudflare.com:443 "GET / HTTP/1.1" 204 0
22:00:06 [DEBUG] Starting new HTTPS connection (1): www.gstatic.com:443
22:00:06 [DEBUG] https://www.google.com:443 "GET /generate_204 HTTP/1.1" 204 0
22:00:06 [DEBUG] Starting new HTTPS connection (1): cp.cloudflare.com:443
22:00:07 [DEBUG] https://www.gstatic.com:443 "GET /generate_204 HTTP/1.1" 204 0
22:00:07 [INFO]    🎯 152.53.49.144 (Австрия) - 6.1 Mbps, 927ms, UDP✅ 🛡️Reality
22:00:07 [DEBUG] Starting new HTTPS connection (1): dl.google.com:443
22:00:07 [DEBUG] Starting new HTTPS connection (1): www.google.com:443
22:00:07 [DEBUG] https://cp.cloudflare.com:443 "GET / HTTP/1.1" 204 0
22:00:07 [DEBUG] Starting new HTTPS connection (1): www.gstatic.com:443
22:00:07 [INFO]    🎯 46.246.98.74 (Швеция) - 1.2 Mbps, 575ms, UDP❌ 🛡️Reality
22:00:07 [DEBUG] https://cp.cloudflare.com:443 "GET / HTTP/1.1" 204 0
22:00:07 [DEBUG] Starting new HTTPS connection (1): www.gstatic.com:443
22:00:07 [DEBUG] Starting new HTTPS connection (1): www.google.com:443
22:00:07 [DEBUG] Starting new HTTPS connection (1): www.google.com:443
22:00:07 [DEBUG] https://dl.google.com:443 "GET /dl/android/studio/install/3.4.1.0/android-studio-ide-183.5522156-windows.exe HTTP/1.1" 200 1017327996
22:00:07 [DEBUG] Starting new HTTPS connection (1): cp.cloudflare.com:443
22:00:07 [DEBUG] https://dl.google.com:443 "GET /dl/android/studio/install/3.4.1.0/android-studio-ide-183.5522156-windows.exe HTTP/1.1" 200 1017327996
22:00:07 [DEBUG] Starting new HTTPS connection (1): cp.cloudflare.com:443
22:00:07 [DEBUG] https://www.google.com:443 "GET /generate_204 HTTP/1.1" 204 0
22:00:07 [DEBUG] Starting new HTTPS connection (1): cp.cloudflare.com:443
22:00:07 [DEBUG] Starting new HTTPS connection (1): www.gstatic.com:443
22:00:07 [DEBUG] Starting new HTTPS connection (1): www.gstatic.com:443
22:00:07 [DEBUG] https://www.gstatic.com:443 "GET /generate_204 HTTP/1.1" 204 0
22:00:07 [DEBUG] Starting new HTTPS connection (1): www.gstatic.com:443
22:00:07 [DEBUG] Starting new HTTPS connection (1): dl.google.com:443
22:00:07 [DEBUG] https://www.gstatic.com:443 "GET /generate_204 HTTP/1.1" 204 0
22:00:07 [DEBUG] Starting new HTTPS connection (1): dl.google.com:443
22:00:07 [DEBUG] https://cp.cloudflare.com:443 "GET / HTTP/1.1" 204 0
22:00:07 [DEBUG] Starting new HTTPS connection (1): www.gstatic.com:443
22:00:07 [DEBUG] Starting new HTTPS connection (1): dl.google.com:443
22:00:07 [DEBUG] https://dl.google.com:443 "GET /dl/android/studio/install/3.4.1.0/android-studio-ide-183.5522156-windows.exe HTTP/1.1" 200 1017327996
22:00:07 [DEBUG] https://dl.google.com:443 "GET /dl/android/studio/install/3.4.1.0/android-studio-ide-183.5522156-windows.exe HTTP/1.1" 200 1017327996
22:00:07 [DEBUG] https://www.gstatic.com:443 "GET /generate_204 HTTP/1.1" 204 0
22:00:07 [INFO]    🎯 77.239.124.88 (Нидерланды) - 60.3 Mbps, 1473ms, UDP✅ 🛡️Reality
22:00:08 [INFO]    🎯 80.85.245.242 (Нидерланды) - 20.9 Mbps, 161ms, UDP✅ 🛡️Reality
22:00:08 [DEBUG] https://dl.google.com:443 "GET /dl/android/studio/install/3.4.1.0/android-studio-ide-183.5522156-windows.exe HTTP/1.1" 200 1017327996
22:00:08 [INFO]    🎯 212.34.130.185 (Нидерланды) - 36.7 Mbps, 413ms, UDP✅ 🛡️Reality
22:00:08 [DEBUG] Starting new HTTPS connection (1): dl.google.com:443
22:00:08 [DEBUG] Starting new HTTPS connection (1): www.google.com:443
22:00:08 [DEBUG] Starting new HTTPS connection (1): www.google.com:443
22:00:08 [INFO]    🎯 85.17.145.174 (Нидерланды) - 11.8 Mbps, 2901ms, UDP✅ 🛡️Reality
22:00:08 [DEBUG] https://dl.google.com:443 "GET /dl/android/studio/install/3.4.1.0/android-studio-ide-183.5522156-windows.exe HTTP/1.1" 200 1017327996
22:00:08 [DEBUG] https://www.google.com:443 "GET /generate_204 HTTP/1.1" 204 0
22:00:08 [DEBUG] Starting new HTTPS connection (1): cp.cloudflare.com:443
22:00:08 [DEBUG] Starting new HTTPS connection (1): www.google.com:443
22:00:08 [DEBUG] https://www.google.com:443 "GET /generate_204 HTTP/1.1" 204 0
22:00:08 [DEBUG] Starting new HTTPS connection (1): cp.cloudflare.com:443
22:00:08 [INFO]    🎯 144.124.242.141 (Нидерланды) - 38.3 Mbps, 230ms, UDP✅ 🛡️Reality
22:00:08 [DEBUG] https://cp.cloudflare.com:443 "GET / HTTP/1.1" 204 0
22:00:08 [DEBUG] Starting new HTTPS connection (1): www.gstatic.com:443
22:00:08 [DEBUG] https://www.google.com:443 "GET /generate_204 HTTP/1.1" 204 0
22:00:08 [DEBUG] Starting new HTTPS connection (1): cp.cloudflare.com:443
22:00:08 [DEBUG] https://cp.cloudflare.com:443 "GET / HTTP/1.1" 204 0
22:00:08 [DEBUG] Starting new HTTPS connection (1): www.gstatic.com:443
22:00:08 [DEBUG] https://www.gstatic.com:443 "GET /generate_204 HTTP/1.1" 204 0
22:00:08 [DEBUG] Starting new HTTPS connection (1): www.google.com:443
22:00:08 [DEBUG] Starting new HTTPS connection (1): www.google.com:443
22:00:08 [DEBUG] Starting new HTTPS connection (1): dl.google.com:443
22:00:08 [DEBUG] Starting new HTTPS connection (1): www.google.com:443
22:00:08 [DEBUG] https://www.gstatic.com:443 "GET /generate_204 HTTP/1.1" 204 0
22:00:08 [DEBUG] https://www.google.com:443 "GET /generate_204 HTTP/1.1" 204 0
22:00:08 [DEBUG] Starting new HTTPS connection (1): cp.cloudflare.com:443
22:00:08 [DEBUG] https://cp.cloudflare.com:443 "GET / HTTP/1.1" 204 0
22:00:08 [DEBUG] Starting new HTTPS connection (1): www.gstatic.com:443
22:00:08 [DEBUG] https://www.google.com:443 "GET /generate_204 HTTP/1.1" 204 0
22:00:08 [DEBUG] Starting new HTTPS connection (1): cp.cloudflare.com:443
22:00:09 [DEBUG] Starting new HTTPS connection (1): dl.google.com:443
22:00:09 [DEBUG] https://dl.google.com:443 "GET /dl/android/studio/install/3.4.1.0/android-studio-ide-183.5522156-windows.exe HTTP/1.1" 200 1017327996
22:00:09 [DEBUG] https://cp.cloudflare.com:443 "GET / HTTP/1.1" 204 0
22:00:09 [DEBUG] Starting new HTTPS connection (1): www.gstatic.com:443
22:00:09 [DEBUG] https://cp.cloudflare.com:443 "GET / HTTP/1.1" 204 0
22:00:09 [DEBUG] Starting new HTTPS connection (1): www.gstatic.com:443
22:00:09 [DEBUG] Starting new HTTPS connection (1): www.google.com:443
22:00:09 [DEBUG] https://www.gstatic.com:443 "GET /generate_204 HTTP/1.1" 204 0
22:00:09 [DEBUG] Starting new HTTPS connection (1): www.google.com:443
22:00:09 [DEBUG] Starting new HTTPS connection (1): www.google.com:443
22:00:09 [DEBUG] https://www.gstatic.com:443 "GET /generate_204 HTTP/1.1" 204 0
22:00:09 [DEBUG] https://www.google.com:443 "GET /generate_204 HTTP/1.1" 204 0
22:00:09 [DEBUG] https://www.gstatic.com:443 "GET /generate_204 HTTP/1.1" 204 0
22:00:09 [DEBUG] Starting new HTTPS connection (1): cp.cloudflare.com:443
22:00:09 [DEBUG] Starting new HTTPS connection (1): dl.google.com:443
22:00:09 [DEBUG] https://dl.google.com:443 "GET /dl/android/studio/install/3.4.1.0/android-studio-ide-183.5522156-windows.exe HTTP/1.1" 200 1017327996
22:00:09 [DEBUG] https://www.google.com:443 "GET /generate_204 HTTP/1.1" 204 0
22:00:09 [DEBUG] Starting new HTTPS connection (1): cp.cloudflare.com:443
22:00:09 [DEBUG] Starting new HTTPS connection (1): dl.google.com:443
22:00:09 [DEBUG] Starting new HTTPS connection (1): dl.google.com:443
22:00:09 [DEBUG] https://www.google.com:443 "GET /generate_204 HTTP/1.1" 204 0
22:00:09 [DEBUG] Starting new HTTPS connection (1): cp.cloudflare.com:443
22:00:09 [DEBUG] https://cp.cloudflare.com:443 "GET / HTTP/1.1" 204 0
22:00:09 [DEBUG] Starting new HTTPS connection (1): www.gstatic.com:443
22:00:09 [DEBUG] https://cp.cloudflare.com:443 "GET / HTTP/1.1" 204 0
22:00:09 [DEBUG] Starting new HTTPS connection (1): www.gstatic.com:443
22:00:09 [DEBUG] Starting new HTTPS connection (1): www.google.com:443
22:00:09 [INFO]    🎯 212.111.88.50 (Нидерланды) - 31.8 Mbps, 192ms, UDP✅ 🛡️Reality
22:00:09 [DEBUG] https://dl.google.com:443 "GET /dl/android/studio/install/3.4.1.0/android-studio-ide-183.5522156-windows.exe HTTP/1.1" 200 1017327996
22:00:09 [DEBUG] https://www.gstatic.com:443 "GET /generate_204 HTTP/1.1" 204 0
22:00:09 [DEBUG] https://cp.cloudflare.com:443 "GET / HTTP/1.1" 204 0
22:00:09 [DEBUG] Starting new HTTPS connection (1): www.gstatic.com:443
22:00:09 [DEBUG] https://www.gstatic.com:443 "GET /generate_204 HTTP/1.1" 204 0
22:00:09 [DEBUG] https://www.google.com:443 "GET /generate_204 HTTP/1.1" 204 0
22:00:09 [DEBUG] Starting new HTTPS connection (1): cp.cloudflare.com:443
22:00:09 [DEBUG] Starting new HTTPS connection (1): dl.google.com:443
22:00:09 [DEBUG] Starting new HTTPS connection (1): www.google.com:443
22:00:09 [INFO]    🎯 91.84.102.165 (Нидерланды) - 36.3 Mbps, 235ms, UDP✅ 🛡️Reality
22:00:09 [DEBUG] Starting new HTTPS connection (1): dl.google.com:443
22:00:09 [DEBUG] https://www.gstatic.com:443 "GET /generate_204 HTTP/1.1" 204 0
22:00:09 [DEBUG] https://dl.google.com:443 "GET /dl/android/studio/install/3.4.1.0/android-studio-ide-183.5522156-windows.exe HTTP/1.1" 200 1017327996
22:00:09 [DEBUG] https://cp.cloudflare.com:443 "GET / HTTP/1.1" 204 0
22:00:09 [DEBUG] Starting new HTTPS connection (1): www.gstatic.com:443
22:00:09 [DEBUG] Starting new HTTPS connection (1): dl.google.com:443
22:00:09 [DEBUG] https://dl.google.com:443 "GET /dl/android/studio/install/3.4.1.0/android-studio-ide-183.5522156-windows.exe HTTP/1.1" 200 1017327996
22:00:10 [INFO]    🎯 185.21.14.199 (Нидерланды) - 27.2 Mbps, 165ms, UDP✅ 🛡️Reality
22:00:10 [DEBUG] https://dl.google.com:443 "GET /dl/android/studio/install/3.4.1.0/android-studio-ide-183.5522156-windows.exe HTTP/1.1" 200 1017327996
22:00:10 [DEBUG] https://dl.google.com:443 "GET /dl/android/studio/install/3.4.1.0/android-studio-ide-183.5522156-windows.exe HTTP/1.1" 200 1017327996
22:00:10 [DEBUG] https://www.gstatic.com:443 "GET /generate_204 HTTP/1.1" 204 0
22:00:10 [DEBUG] Starting new HTTPS connection (1): www.google.com:443
22:00:10 [INFO]    🎯 77.238.233.188 (Нидерланды) - 23.8 Mbps, 182ms, UDP✅ 🛡️Reality
22:00:10 [DEBUG] Starting new HTTPS connection (1): dl.google.com:443
22:00:10 [DEBUG] https://dl.google.com:443 "GET /dl/android/studio/install/3.4.1.0/android-studio-ide-183.5522156-windows.exe HTTP/1.1" 200 1017327996
22:00:10 [INFO]    🎯 91.84.113.47 (Нидерланды) - 32.5 Mbps, 156ms, UDP✅ 🛡️Reality
22:00:10 [INFO]    🎯 62.84.101.121 (Нидерланды) - 32.6 Mbps, 163ms, UDP✅ 🛡️Reality
22:00:10 [INFO]    🎯 91.84.113.36 (Нидерланды) - 35.7 Mbps, 187ms, UDP✅ 🛡️Reality
22:00:10 [DEBUG] https://dl.google.com:443 "GET /dl/android/studio/install/3.4.1.0/android-studio-ide-183.5522156-windows.exe HTTP/1.1" 200 1017327996
22:00:10 [DEBUG] https://www.google.com:443 "GET /generate_204 HTTP/1.1" 204 0
22:00:10 [DEBUG] Starting new HTTPS connection (1): cp.cloudflare.com:443
22:00:10 [INFO]    🎯 5.35.44.110 (Нидерланды) - 35.8 Mbps, 193ms, UDP✅ 🛡️Reality
22:00:10 [DEBUG] https://cp.cloudflare.com:443 "GET / HTTP/1.1" 204 0
22:00:10 [DEBUG] Starting new HTTPS connection (1): www.gstatic.com:443
22:00:10 [DEBUG] Starting new HTTPS connection (1): www.google.com:443
22:00:10 [DEBUG] https://www.gstatic.com:443 "GET /generate_204 HTTP/1.1" 204 0
22:00:10 [DEBUG] https://www.google.com:443 "GET /generate_204 HTTP/1.1" 204 0
22:00:10 [DEBUG] Starting new HTTPS connection (1): cp.cloudflare.com:443
22:00:11 [DEBUG] Starting new HTTPS connection (1): www.google.com:443
22:00:11 [DEBUG] Starting new HTTPS connection (1): dl.google.com:443
22:00:11 [DEBUG] https://cp.cloudflare.com:443 "GET / HTTP/1.1" 204 0
22:00:11 [DEBUG] Starting new HTTPS connection (1): www.gstatic.com:443
22:00:11 [DEBUG] https://dl.google.com:443 "GET /dl/android/studio/install/3.4.1.0/android-studio-ide-183.5522156-windows.exe HTTP/1.1" 200 1017327996
22:00:11 [DEBUG] https://www.gstatic.com:443 "GET /generate_204 HTTP/1.1" 204 0
22:00:11 [DEBUG] https://www.google.com:443 "GET /generate_204 HTTP/1.1" 204 0
22:00:11 [DEBUG] Starting new HTTPS connection (1): cp.cloudflare.com:443
22:00:11 [DEBUG] Starting new HTTPS connection (1): www.google.com:443
22:00:11 [DEBUG] Starting new HTTPS connection (1): dl.google.com:443
22:00:11 [DEBUG] Starting new HTTPS connection (1): www.google.com:443
22:00:11 [INFO]    🎯 91.84.109.130 (Нидерланды) - 48.6 Mbps, 388ms, UDP✅ 🛡️Reality
22:00:11 [DEBUG] Starting new HTTPS connection (1): cp.cloudflare.com:443
22:00:11 [DEBUG] https://cp.cloudflare.com:443 "GET / HTTP/1.1" 204 0
22:00:11 [DEBUG] Starting new HTTPS connection (1): www.gstatic.com:443
22:00:11 [DEBUG] Starting new HTTPS connection (1): www.google.com:443
22:00:11 [DEBUG] https://www.google.com:443 "GET /generate_204 HTTP/1.1" 204 0
22:00:11 [DEBUG] Starting new HTTPS connection (1): cp.cloudflare.com:443
22:00:11 [DEBUG] https://www.google.com:443 "GET /generate_204 HTTP/1.1" 204 0
22:00:11 [DEBUG] Starting new HTTPS connection (1): cp.cloudflare.com:443
22:00:11 [DEBUG] Starting new HTTPS connection (1): www.google.com:443
22:00:11 [DEBUG] https://dl.google.com:443 "GET /dl/android/studio/install/3.4.1.0/android-studio-ide-183.5522156-windows.exe HTTP/1.1" 200 1017327996
22:00:11 [DEBUG] Starting new HTTPS connection (1): www.gstatic.com:443
22:00:11 [DEBUG] Starting new HTTPS connection (1): cp.cloudflare.com:443
22:00:11 [DEBUG] https://www.google.com:443 "GET /generate_204 HTTP/1.1" 204 0
22:00:11 [DEBUG] Starting new HTTPS connection (1): cp.cloudflare.com:443
22:00:11 [DEBUG] Starting new HTTPS connection (1): www.google.com:443
22:00:11 [DEBUG] https://cp.cloudflare.com:443 "GET / HTTP/1.1" 204 0
22:00:11 [DEBUG] Starting new HTTPS connection (1): www.gstatic.com:443
22:00:11 [DEBUG] Starting new HTTPS connection (1): www.gstatic.com:443
22:00:11 [DEBUG] https://www.gstatic.com:443 "GET /generate_204 HTTP/1.1" 204 0
22:00:11 [DEBUG] Starting new HTTPS connection (1): cp.cloudflare.com:443
22:00:11 [INFO]    🎯 91.84.109.124 (Нидерланды) - 37.7 Mbps, 147ms, UDP✅ 🛡️Reality
22:00:11 [DEBUG] https://cp.cloudflare.com:443 "GET / HTTP/1.1" 204 0
22:00:11 [DEBUG] Starting new HTTPS connection (1): www.gstatic.com:443
22:00:11 [DEBUG] Starting new HTTPS connection (1): www.gstatic.com:443
22:00:11 [DEBUG] https://www.gstatic.com:443 "GET /generate_204 HTTP/1.1" 204 0
22:00:11 [DEBUG] Starting new HTTPS connection (1): www.google.com:443
22:00:11 [DEBUG] Starting new HTTPS connection (1): dl.google.com:443
22:00:11 [DEBUG] Starting new HTTPS connection (1): www.google.com:443
22:00:11 [DEBUG] Starting new HTTPS connection (1): dl.google.com:443
22:00:11 [DEBUG] https://www.gstatic.com:443 "GET /generate_204 HTTP/1.1" 204 0
22:00:11 [DEBUG] Starting new HTTPS connection (1): cp.cloudflare.com:443
22:00:12 [DEBUG] Starting new HTTPS connection (1): cp.cloudflare.com:443
22:00:12 [DEBUG] Starting new HTTPS connection (1): www.gstatic.com:443
22:00:12 [DEBUG] Starting new HTTPS connection (1): dl.google.com:443
22:00:12 [DEBUG] Starting new HTTPS connection (1): www.gstatic.com:443
22:00:12 [DEBUG] https://dl.google.com:443 "GET /dl/android/studio/install/3.4.1.0/android-studio-ide-183.5522156-windows.exe HTTP/1.1" 200 1017327996
22:00:12 [DEBUG] https://dl.google.com:443 "GET /dl/android/studio/install/3.4.1.0/android-studio-ide-183.5522156-windows.exe HTTP/1.1" 200 1017327996
22:00:12 [DEBUG] https://dl.google.com:443 "GET /dl/android/studio/install/3.4.1.0/android-studio-ide-183.5522156-windows.exe HTTP/1.1" 200 1017327996
22:00:12 [INFO]    🎯 212.34.153.15 (Нидерланды) - 37.0 Mbps, 153ms, UDP✅ 🛡️Reality
22:00:12 [INFO]    🎯 77.246.99.24 (Нидерланды) - 28.6 Mbps, 240ms, UDP✅ 🛡️Reality
22:00:12 [DEBUG] https://cp.cloudflare.com:443 "GET / HTTP/1.1" 204 0
22:00:12 [DEBUG] Starting new HTTPS connection (1): www.gstatic.com:443
22:00:12 [INFO]    🎯 89.110.110.126 (Нидерланды) - 36.4 Mbps, 159ms, UDP✅ 🛡️Reality
22:00:12 [DEBUG] Starting new HTTPS connection (1): www.google.com:443
22:00:12 [DEBUG] https://www.google.com:443 "GET /generate_204 HTTP/1.1" 204 0
22:00:12 [DEBUG] Starting new HTTPS connection (1): cp.cloudflare.com:443
22:00:12 [DEBUG] https://cp.cloudflare.com:443 "GET / HTTP/1.1" 204 0
22:00:12 [DEBUG] Starting new HTTPS connection (1): www.gstatic.com:443
22:00:12 [DEBUG] https://www.gstatic.com:443 "GET /generate_204 HTTP/1.1" 204 0
22:00:12 [DEBUG] https://www.gstatic.com:443 "GET /generate_204 HTTP/1.1" 204 0
22:00:12 [DEBUG] Starting new HTTPS connection (1): www.google.com:443
22:00:13 [DEBUG] Starting new HTTPS connection (1): www.google.com:443
22:00:13 [DEBUG] Starting new HTTPS connection (1): dl.google.com:443
22:00:13 [DEBUG] Starting new HTTPS connection (1): www.google.com:443
22:00:13 [DEBUG] Starting new HTTPS connection (1): cp.cloudflare.com:443
22:00:13 [DEBUG] Starting new HTTPS connection (1): www.google.com:443
22:00:13 [DEBUG] https://dl.google.com:443 "GET /dl/android/studio/install/3.4.1.0/android-studio-ide-183.5522156-windows.exe HTTP/1.1" 200 1017327996
22:00:13 [DEBUG] Starting new HTTPS connection (1): www.gstatic.com:443
22:00:13 [DEBUG] https://www.google.com:443 "GET /generate_204 HTTP/1.1" 204 0
22:00:13 [DEBUG] Starting new HTTPS connection (1): cp.cloudflare.com:443
22:00:13 [DEBUG] Starting new HTTPS connection (1): dl.google.com:443
22:00:13 [DEBUG] https://cp.cloudflare.com:443 "GET / HTTP/1.1" 204 0
22:00:13 [DEBUG] https://www.google.com:443 "GET /generate_204 HTTP/1.1" 204 0
22:00:13 [DEBUG] Starting new HTTPS connection (1): cp.cloudflare.com:443
22:00:13 [DEBUG] Starting new HTTPS connection (1): www.google.com:443
22:00:13 [DEBUG] Starting new HTTPS connection (1): www.gstatic.com:443
22:00:13 [DEBUG] Starting new HTTPS connection (1): www.google.com:443
22:00:13 [INFO]    🎯 212.34.138.33 (Нидерланды) - 48.0 Mbps, 123ms, UDP✅ 🛡️Reality
22:00:13 [DEBUG] https://www.google.com:443 "GET /generate_204 HTTP/1.1" 204 0
22:00:13 [DEBUG] Starting new HTTPS connection (1): cp.cloudflare.com:443
22:00:13 [DEBUG] https://www.gstatic.com:443 "GET /generate_204 HTTP/1.1" 204 0
22:00:13 [DEBUG] Starting new HTTPS connection (1): dl.google.com:443
22:00:13 [DEBUG] Starting new HTTPS connection (1): cp.cloudflare.com:443
22:00:13 [DEBUG] https://www.google.com:443 "GET /generate_204 HTTP/1.1" 204 0
22:00:13 [DEBUG] Starting new HTTPS connection (1): cp.cloudflare.com:443
22:00:13 [DEBUG] https://dl.google.com:443 "GET /dl/android/studio/install/3.4.1.0/android-studio-ide-183.5522156-windows.exe HTTP/1.1" 200 1017327996
22:00:13 [DEBUG] Starting new HTTPS connection (1): www.gstatic.com:443
22:00:13 [DEBUG] Starting new HTTPS connection (1): www.google.com:443
22:00:13 [DEBUG] https://cp.cloudflare.com:443 "GET / HTTP/1.1" 204 0
22:00:13 [DEBUG] Starting new HTTPS connection (1): www.gstatic.com:443
22:00:13 [DEBUG] Starting new HTTPS connection (1): www.google.com:443
22:00:13 [DEBUG] Starting new HTTPS connection (1): www.google.com:443
22:00:13 [DEBUG] https://www.google.com:443 "GET /generate_204 HTTP/1.1" 204 0
22:00:13 [DEBUG] Starting new HTTPS connection (1): cp.cloudflare.com:443
22:00:13 [INFO]    🎯 195.26.224.112 (Нидерланды) - 47.5 Mbps, 154ms, UDP✅ 🛡️Reality
22:00:13 [DEBUG] https://cp.cloudflare.com:443 "GET / HTTP/1.1" 204 0
22:00:13 [DEBUG] https://cp.cloudflare.com:443 "GET / HTTP/1.1" 204 0
22:00:13 [DEBUG] Starting new HTTPS connection (1): www.gstatic.com:443
22:00:13 [DEBUG] Starting new HTTPS connection (1): www.gstatic.com:443
22:00:13 [DEBUG] https://www.gstatic.com:443 "GET /generate_204 HTTP/1.1" 204 0
22:00:13 [DEBUG] https://dl.google.com:443 "GET /dl/android/studio/install/3.4.1.0/android-studio-ide-183.5522156-windows.exe HTTP/1.1" 200 1017327996
22:00:13 [DEBUG] https://cp.cloudflare.com:443 "GET / HTTP/1.1" 204 0
22:00:13 [DEBUG] Starting new HTTPS connection (1): www.gstatic.com:443
22:00:13 [DEBUG] https://www.gstatic.com:443 "GET /generate_204 HTTP/1.1" 204 0
22:00:13 [DEBUG] Starting new HTTPS connection (1): dl.google.com:443
22:00:14 [DEBUG] Starting new HTTPS connection (1): dl.google.com:443
22:00:14 [INFO]    🎯 91.84.112.93 (Нидерланды) - 20.7 Mbps, 1365ms, UDP✅ 🛡️Reality
22:00:14 [DEBUG] https://www.gstatic.com:443 "GET /generate_204 HTTP/1.1" 204 0
22:00:14 [DEBUG] https://dl.google.com:443 "GET /dl/android/studio/install/3.4.1.0/android-studio-ide-183.5522156-windows.exe HTTP/1.1" 200 1017327996
22:00:14 [DEBUG] https://dl.google.com:443 "GET /dl/android/studio/install/3.4.1.0/android-studio-ide-183.5522156-windows.exe HTTP/1.1" 200 1017327996
22:00:14 [DEBUG] Starting new HTTPS connection (1): dl.google.com:443
22:00:14 [DEBUG] Starting new HTTPS connection (1): www.google.com:443
22:00:14 [DEBUG] https://dl.google.com:443 "GET /dl/android/studio/install/3.4.1.0/android-studio-ide-183.5522156-windows.exe HTTP/1.1" 200 1017327996
22:00:14 [INFO]    🎯 144.31.94.36 (Великобритания) - 31.2 Mbps, 60ms, UDP✅ 🛡️Reality
22:00:14 [INFO]    🎯 77.238.231.156 (Нидерланды) - 37.3 Mbps, 184ms, UDP✅ 🛡️Reality
22:00:14 [DEBUG] Starting new HTTPS connection (1): cp.cloudflare.com:443
22:00:14 [DEBUG] Starting new HTTPS connection (1): www.google.com:443
22:00:14 [DEBUG] Starting new HTTPS connection (1): cp.cloudflare.com:443
22:00:14 [DEBUG] Starting new HTTPS connection (1): www.gstatic.com:443
22:00:14 [DEBUG] Starting new HTTPS connection (1): www.gstatic.com:443
22:00:15 [DEBUG] Starting new HTTPS connection (1): www.google.com:443
22:00:15 [DEBUG] Starting new HTTPS connection (1): www.google.com:443
22:00:15 [DEBUG] Starting new HTTPS connection (1): cp.cloudflare.com:443
22:00:15 [DEBUG] Starting new HTTPS connection (1): www.gstatic.com:443
22:00:15 [DEBUG] https://www.google.com:443 "GET /generate_204 HTTP/1.1" 204 0
22:00:15 [DEBUG] Starting new HTTPS connection (1): cp.cloudflare.com:443
22:00:15 [DEBUG] Starting new HTTPS connection (1): www.google.com:443
22:00:15 [DEBUG] https://cp.cloudflare.com:443 "GET / HTTP/1.1" 204 0
22:00:15 [DEBUG] Starting new HTTPS connection (1): www.gstatic.com:443
22:00:15 [DEBUG] Starting new HTTPS connection (1): cp.cloudflare.com:443
22:00:15 [DEBUG] https://www.gstatic.com:443 "GET /generate_204 HTTP/1.1" 204 0
22:00:15 [DEBUG] Starting new HTTPS connection (1): www.gstatic.com:443
22:00:15 [DEBUG] Starting new HTTPS connection (1): dl.google.com:443
22:00:15 [DEBUG] Starting new HTTPS connection (1): www.google.com:443
22:00:15 [DEBUG] Starting new HTTPS connection (1): www.google.com:443
22:00:15 [DEBUG] https://dl.google.com:443 "GET /dl/android/studio/install/3.4.1.0/android-studio-ide-183.5522156-windows.exe HTTP/1.1" 200 1017327996
22:00:15 [DEBUG] Starting new HTTPS connection (1): www.google.com:443
22:00:15 [DEBUG] Starting new HTTPS connection (1): www.google.com:443
22:00:16 [INFO]    🎯 de4.socialup.live (XX) - 59.0 Mbps, 175ms, UDP✅ 🛡️Reality
22:00:16 [DEBUG] https://www.google.com:443 "GET /generate_204 HTTP/1.1" 204 0
22:00:16 [DEBUG] Starting new HTTPS connection (1): cp.cloudflare.com:443
22:00:16 [DEBUG] https://cp.cloudflare.com:443 "GET / HTTP/1.1" 204 0
22:00:16 [DEBUG] Starting new HTTPS connection (1): www.gstatic.com:443
22:00:16 [DEBUG] https://www.gstatic.com:443 "GET /generate_204 HTTP/1.1" 204 0
22:00:16 [DEBUG] Starting new HTTPS connection (1): dl.google.com:443
22:00:16 [DEBUG] Starting new HTTPS connection (1): www.google.com:443
22:00:16 [DEBUG] Starting new HTTPS connection (1): cp.cloudflare.com:443
22:00:16 [DEBUG] Starting new HTTPS connection (1): www.gstatic.com:443
22:00:16 [DEBUG] https://dl.google.com:443 "GET /dl/android/studio/install/3.4.1.0/android-studio-ide-183.5522156-windows.exe HTTP/1.1" 200 1017327996
22:00:16 [INFO]    🎯 194.238.57.161 (Великобритания) - 46.9 Mbps, 113ms, UDP✅ 🛡️Reality
22:00:16 [DEBUG] Starting new HTTPS connection (1): www.google.com:443
22:00:17 [DEBUG] https://www.google.com:443 "GET /generate_204 HTTP/1.1" 204 0
22:00:17 [DEBUG] Starting new HTTPS connection (1): cp.cloudflare.com:443
22:00:17 [DEBUG] https://cp.cloudflare.com:443 "GET / HTTP/1.1" 204 0
22:00:17 [DEBUG] Starting new HTTPS connection (1): www.gstatic.com:443
22:00:17 [DEBUG] Starting new HTTPS connection (1): www.google.com:443
22:00:17 [DEBUG] https://www.gstatic.com:443 "GET /generate_204 HTTP/1.1" 204 0
22:00:17 [DEBUG] Starting new HTTPS connection (1): cp.cloudflare.com:443
22:00:17 [DEBUG] Starting new HTTPS connection (1): dl.google.com:443
22:00:17 [DEBUG] https://www.gstatic.com:443 "GET /generate_204 HTTP/1.1" 204 0
22:00:17 [DEBUG] Starting new HTTPS connection (1): www.gstatic.com:443
22:00:17 [DEBUG] https://dl.google.com:443 "GET /dl/android/studio/install/3.4.1.0/android-studio-ide-183.5522156-windows.exe HTTP/1.1" 200 1017327996
22:00:17 [DEBUG] Starting new HTTPS connection (1): dl.google.com:443
22:00:17 [INFO]    🎯 45.15.162.85 (CY) - 67.4 Mbps, 86ms, UDP✅ 🛡️Reality
22:00:17 [DEBUG] Starting new HTTPS connection (1): www.google.com:443
22:00:17 [DEBUG] https://dl.google.com:443 "GET /dl/android/studio/install/3.4.1.0/android-studio-ide-183.5522156-windows.exe HTTP/1.1" 200 1017327996
22:00:17 [INFO]    🎯 185.21.14.122 (Нидерланды) - 1.9 Mbps, 154ms, UDP✅ 🛡️Reality
22:00:17 [DEBUG] Starting new HTTPS connection (1): www.google.com:443
22:00:18 [INFO]    🎯 89.110.114.23 (Нидерланды) - 35.3 Mbps, 1386ms, UDP✅ 🛡️Reality
22:00:18 [DEBUG] Starting new HTTPS connection (1): cp.cloudflare.com:443
22:00:18 [DEBUG] Starting new HTTPS connection (1): cp.cloudflare.com:443
22:00:18 [DEBUG] Starting new HTTPS connection (1): cp.cloudflare.com:443
22:00:18 [DEBUG] Starting new HTTPS connection (1): www.gstatic.com:443
22:00:18 [DEBUG] Starting new HTTPS connection (1): www.google.com:443
22:00:18 [DEBUG] Starting new HTTPS connection (1): cp.cloudflare.com:443
22:00:18 [DEBUG] Starting new HTTPS connection (1): www.google.com:443
22:00:18 [DEBUG] Starting new HTTPS connection (1): cp.cloudflare.com:443
22:00:18 [DEBUG] Starting new HTTPS connection (1): cp.cloudflare.com:443
22:00:19 [DEBUG] Starting new HTTPS connection (1): www.gstatic.com:443
22:00:19 [DEBUG] Starting new HTTPS connection (1): www.google.com:443
22:00:19 [DEBUG] https://www.google.com:443 "GET /generate_204 HTTP/1.1" 204 0
22:00:19 [DEBUG] Starting new HTTPS connection (1): cp.cloudflare.com:443
22:00:19 [DEBUG] Starting new HTTPS connection (1): www.google.com:443
22:00:19 [DEBUG] https://cp.cloudflare.com:443 "GET / HTTP/1.1" 204 0
22:00:19 [DEBUG] Starting new HTTPS connection (1): www.gstatic.com:443
22:00:19 [DEBUG] Starting new HTTPS connection (1): www.google.com:443
22:00:19 [DEBUG] https://www.google.com:443 "GET /generate_204 HTTP/1.1" 204 0
22:00:19 [DEBUG] Starting new HTTPS connection (1): cp.cloudflare.com:443
22:00:19 [DEBUG] https://www.google.com:443 "GET /generate_204 HTTP/1.1" 204 0
22:00:19 [DEBUG] Starting new HTTPS connection (1): cp.cloudflare.com:443
22:00:19 [DEBUG] Starting new HTTPS connection (1): cp.cloudflare.com:443
22:00:19 [DEBUG] Starting new HTTPS connection (1): www.gstatic.com:443
22:00:19 [DEBUG] https://cp.cloudflare.com:443 "GET / HTTP/1.1" 204 0
22:00:19 [DEBUG] Starting new HTTPS connection (1): www.gstatic.com:443
22:00:19 [DEBUG] https://cp.cloudflare.com:443 "GET / HTTP/1.1" 204 0
22:00:19 [DEBUG] Starting new HTTPS connection (1): www.gstatic.com:443
22:00:19 [DEBUG] https://www.gstatic.com:443 "GET /generate_204 HTTP/1.1" 204 0
22:00:19 [DEBUG] https://www.gstatic.com:443 "GET /generate_204 HTTP/1.1" 204 0
22:00:19 [DEBUG] Starting new HTTPS connection (1): dl.google.com:443
22:00:19 [DEBUG] Starting new HTTPS connection (1): cp.cloudflare.com:443
22:00:20 [DEBUG] https://cp.cloudflare.com:443 "GET / HTTP/1.1" 204 0
22:00:20 [DEBUG] Starting new HTTPS connection (1): www.gstatic.com:443
22:00:20 [DEBUG] Starting new HTTPS connection (1): dl.google.com:443
22:00:20 [DEBUG] https://dl.google.com:443 "GET /dl/android/studio/install/3.4.1.0/android-studio-ide-183.5522156-windows.exe HTTP/1.1" 200 1017327996
22:00:20 [DEBUG] https://www.gstatic.com:443 "GET /generate_204 HTTP/1.1" 204 0
22:00:20 [DEBUG] https://dl.google.com:443 "GET /dl/android/studio/install/3.4.1.0/android-studio-ide-183.5522156-windows.exe HTTP/1.1" 200 1017327996
22:00:20 [DEBUG] Starting new HTTPS connection (1): www.google.com:443
22:00:20 [INFO]    🎯 nl02-rblx01.tcp-reset-club.net (XX) - 38.2 Mbps, 208ms, UDP✅ 🛡️Reality
22:00:20 [DEBUG] Starting new HTTPS connection (1): www.gstatic.com:443
22:00:20 [INFO]    🎯 nl01-gmn02-vlr01.tcp-reset-club.net (XX) - 42.6 Mbps, 181ms, UDP✅ 🛡️Reality
22:00:20 [DEBUG] https://www.google.com:443 "GET /generate_204 HTTP/1.1" 204 0
22:00:20 [DEBUG] Starting new HTTPS connection (1): cp.cloudflare.com:443
22:00:20 [DEBUG] Starting new HTTPS connection (1): dl.google.com:443
22:00:20 [INFO]    🎯 91.84.113.114 (Нидерланды) - 1.3 Mbps, 283ms, UDP✅ 🛡️Reality
22:00:20 [DEBUG] https://cp.cloudflare.com:443 "GET / HTTP/1.1" 204 0
22:00:20 [DEBUG] Starting new HTTPS connection (1): www.gstatic.com:443
22:00:20 [DEBUG] https://www.gstatic.com:443 "GET /generate_204 HTTP/1.1" 204 0
22:00:20 [DEBUG] Starting new HTTPS connection (1): dl.google.com:443
22:00:21 [DEBUG] https://dl.google.com:443 "GET /dl/android/studio/install/3.4.1.0/android-studio-ide-183.5522156-windows.exe HTTP/1.1" 200 1017327996
22:00:21 [INFO]    🎯 nl03-vlr01.tcp-reset-club.net (XX) - 64.2 Mbps, 155ms, UDP✅ 🛡️Reality
22:00:21 [DEBUG] Starting new HTTPS connection (1): www.google.com:443
22:00:21 [DEBUG] https://www.google.com:443 "GET /generate_204 HTTP/1.1" 204 0
22:00:21 [DEBUG] Starting new HTTPS connection (1): cp.cloudflare.com:443
22:00:21 [DEBUG] https://dl.google.com:443 "GET /dl/android/studio/install/3.4.1.0/android-studio-ide-183.5522156-windows.exe HTTP/1.1" 200 1017327996
22:00:21 [DEBUG] https://cp.cloudflare.com:443 "GET / HTTP/1.1" 204 0
22:00:21 [DEBUG] Starting new HTTPS connection (1): www.gstatic.com:443
22:00:21 [DEBUG] https://www.google.com:443 "GET /generate_204 HTTP/1.1" 204 0
22:00:21 [DEBUG] Starting new HTTPS connection (1): cp.cloudflare.com:443
22:00:21 [DEBUG] Starting new HTTPS connection (1): www.google.com:443
22:00:21 [DEBUG] Starting new HTTPS connection (1): www.google.com:443
22:00:21 [DEBUG] https://cp.cloudflare.com:443 "GET / HTTP/1.1" 204 0
22:00:21 [DEBUG] Starting new HTTPS connection (1): www.gstatic.com:443
22:00:21 [DEBUG] Starting new HTTPS connection (1): cp.cloudflare.com:443
22:00:21 [DEBUG] Starting new HTTPS connection (1): cp.cloudflare.com:443
22:00:21 [DEBUG] Starting new HTTPS connection (1): www.gstatic.com:443
22:00:21 [DEBUG] https://www.gstatic.com:443 "GET /generate_204 HTTP/1.1" 204 0
22:00:21 [DEBUG] Starting new HTTPS connection (1): www.gstatic.com:443
22:00:21 [DEBUG] https://www.gstatic.com:443 "GET /generate_204 HTTP/1.1" 204 0
22:00:21 [DEBUG] Starting new HTTPS connection (1): www.google.com:443
22:00:21 [DEBUG] Starting new HTTPS connection (1): dl.google.com:443
22:00:22 [DEBUG] https://dl.google.com:443 "GET /dl/android/studio/install/3.4.1.0/android-studio-ide-183.5522156-windows.exe HTTP/1.1" 200 1017327996
22:00:22 [DEBUG] Starting new HTTPS connection (1): www.gstatic.com:443
22:00:22 [DEBUG] Starting new HTTPS connection (1): cp.cloudflare.com:443
22:00:22 [INFO]    🎯 nl02-vlr01.tcp-reset-club.net (XX) - 57.6 Mbps, 184ms, UDP✅ 🛡️Reality
22:00:22 [DEBUG] Starting new HTTPS connection (1): www.google.com:443
22:00:22 [DEBUG] https://www.google.com:443 "GET /generate_204 HTTP/1.1" 204 0
22:00:22 [DEBUG] Starting new HTTPS connection (1): cp.cloudflare.com:443
22:00:22 [DEBUG] Starting new HTTPS connection (1): www.gstatic.com:443
22:00:22 [INFO]    🎯 212.34.142.191 (Нидерланды) - 7.4 Mbps, 811ms, UDP✅ 🛡️Reality
22:00:22 [DEBUG] Starting new HTTPS connection (1): www.google.com:443
22:00:23 [DEBUG] Starting new HTTPS connection (1): cp.cloudflare.com:443
22:00:23 [DEBUG] Starting new HTTPS connection (1): www.gstatic.com:443
22:00:23 [DEBUG] Starting new HTTPS connection (1): www.gstatic.com:443
22:00:23 [DEBUG] Starting new HTTPS connection (1): www.google.com:443
22:00:23 [DEBUG] Starting new HTTPS connection (1): cp.cloudflare.com:443
22:00:23 [DEBUG] Starting new HTTPS connection (1): www.gstatic.com:443
22:00:23 [DEBUG] Starting new HTTPS connection (1): www.google.com:443
22:00:23 [DEBUG] Starting new HTTPS connection (1): cp.cloudflare.com:443
22:00:23 [DEBUG] Starting new HTTPS connection (1): www.gstatic.com:443
22:00:23 [DEBUG] https://www.gstatic.com:443 "GET /generate_204 HTTP/1.1" 204 0
22:00:23 [DEBUG] Starting new HTTPS connection (1): www.google.com:443
22:00:23 [DEBUG] Starting new HTTPS connection (1): www.google.com:443
22:00:23 [DEBUG] Starting new HTTPS connection (1): cp.cloudflare.com:443
22:00:23 [DEBUG] Starting new HTTPS connection (1): dl.google.com:443
22:00:24 [DEBUG] Starting new HTTPS connection (1): www.gstatic.com:443
22:00:24 [DEBUG] Starting new HTTPS connection (1): www.google.com:443
22:00:24 [DEBUG] https://dl.google.com:443 "GET /dl/android/studio/install/3.4.1.0/android-studio-ide-183.5522156-windows.exe HTTP/1.1" 200 1017327996
22:00:24 [DEBUG] https://www.google.com:443 "GET /generate_204 HTTP/1.1" 204 0
22:00:24 [DEBUG] Starting new HTTPS connection (1): cp.cloudflare.com:443
22:00:24 [INFO]    🎯 nl04-vlr01.tcp-reset-club.net (XX) - 64.0 Mbps, 1613ms, UDP✅ 🛡️Reality
22:00:24 [DEBUG] Starting new HTTPS connection (1): www.google.com:443
22:00:24 [DEBUG] Starting new HTTPS connection (1): cp.cloudflare.com:443
22:00:24 [DEBUG] https://cp.cloudflare.com:443 "GET / HTTP/1.1" 204 0
22:00:24 [DEBUG] Starting new HTTPS connection (1): www.gstatic.com:443
22:00:24 [DEBUG] Starting new HTTPS connection (1): cp.cloudflare.com:443
22:00:24 [DEBUG] Starting new HTTPS connection (1): www.gstatic.com:443
22:00:24 [DEBUG] https://www.gstatic.com:443 "GET /generate_204 HTTP/1.1" 204 0
22:00:24 [DEBUG] Starting new HTTPS connection (1): www.google.com:443
22:00:24 [DEBUG] Starting new HTTPS connection (1): dl.google.com:443
22:00:24 [DEBUG] Starting new HTTPS connection (1): www.gstatic.com:443
22:00:24 [DEBUG] Starting new HTTPS connection (1): dl.google.com:443
22:00:25 [DEBUG] Starting new HTTPS connection (1): www.google.com:443
22:00:25 [DEBUG] Starting new HTTPS connection (1): www.google.com:443
22:00:25 [DEBUG] Starting new HTTPS connection (1): www.google.com:443
22:00:25 [DEBUG] Starting new HTTPS connection (1): cp.cloudflare.com:443
22:00:25 [DEBUG] Starting new HTTPS connection (1): www.gstatic.com:443
22:00:25 [DEBUG] Starting new HTTPS connection (1): cp.cloudflare.com:443
22:00:25 [DEBUG] Starting new HTTPS connection (1): www.google.com:443
22:00:25 [DEBUG] Starting new HTTPS connection (1): cp.cloudflare.com:443
22:00:25 [DEBUG] https://www.google.com:443 "GET /generate_204 HTTP/1.1" 204 0
22:00:25 [DEBUG] Starting new HTTPS connection (1): cp.cloudflare.com:443
22:00:25 [DEBUG] https://cp.cloudflare.com:443 "GET / HTTP/1.1" 204 0
22:00:25 [DEBUG] Starting new HTTPS connection (1): www.gstatic.com:443
22:00:25 [DEBUG] https://www.gstatic.com:443 "GET /generate_204 HTTP/1.1" 204 0
22:00:25 [DEBUG] Starting new HTTPS connection (1): www.gstatic.com:443
22:00:25 [DEBUG] Starting new HTTPS connection (1): dl.google.com:443
22:00:26 [DEBUG] Starting new HTTPS connection (1): www.google.com:443
22:00:26 [DEBUG] https://dl.google.com:443 "GET /dl/android/studio/install/3.4.1.0/android-studio-ide-183.5522156-windows.exe HTTP/1.1" 200 1017327996
22:00:26 [INFO]    🎯 91.84.102.30 (Нидерланды) - 1.4 Mbps, 1346ms, UDP✅ 🛡️Reality
22:00:26 [INFO]    🎯 62.210.91.10 (Франция) - 20.5 Mbps, 98ms, UDP✅ 🛡️Reality
22:00:26 [DEBUG] Starting new HTTPS connection (1): www.google.com:443
22:00:26 [DEBUG] Starting new HTTPS connection (1): cp.cloudflare.com:443
22:00:26 [DEBUG] Starting new HTTPS connection (1): www.gstatic.com:443
22:00:27 [DEBUG] https://cp.cloudflare.com:443 "GET / HTTP/1.1" 204 0
22:00:27 [DEBUG] Starting new HTTPS connection (1): www.gstatic.com:443
22:00:27 [DEBUG] https://www.gstatic.com:443 "GET /generate_204 HTTP/1.1" 204 0
22:00:27 [DEBUG] https://dl.google.com:443 "GET /dl/android/studio/install/3.4.1.0/android-studio-ide-183.5522156-windows.exe HTTP/1.1" 200 1017327996
22:00:27 [DEBUG] Starting new HTTPS connection (1): dl.google.com:443
22:00:27 [DEBUG] Starting new HTTPS connection (1): www.google.com:443
22:00:27 [DEBUG] Starting new HTTPS connection (1): www.gstatic.com:443
22:00:27 [DEBUG] https://www.gstatic.com:443 "GET /generate_204 HTTP/1.1" 204 0
22:00:27 [DEBUG] Starting new HTTPS connection (1): dl.google.com:443
22:00:27 [DEBUG] https://dl.google.com:443 "GET /dl/android/studio/install/3.4.1.0/android-studio-ide-183.5522156-windows.exe HTTP/1.1" 200 1017327996
22:00:27 [DEBUG] https://dl.google.com:443 "GET /dl/android/studio/install/3.4.1.0/android-studio-ide-183.5522156-windows.exe HTTP/1.1" 200 1017327996
22:00:27 [DEBUG] Starting new HTTPS connection (1): www.gstatic.com:443
22:00:27 [DEBUG] Starting new HTTPS connection (1): cp.cloudflare.com:443
22:00:27 [DEBUG] Starting new HTTPS connection (1): www.google.com:443
22:00:27 [INFO]    🎯 78.159.131.76 (AL) - 44.5 Mbps, 81ms, UDP✅ 🛡️Reality
22:00:28 [DEBUG] Starting new HTTPS connection (1): cp.cloudflare.com:443
22:00:28 [DEBUG] Starting new HTTPS connection (1): www.gstatic.com:443
22:00:28 [DEBUG] Starting new HTTPS connection (1): cp.cloudflare.com:443
22:00:28 [DEBUG] Starting new HTTPS connection (1): www.google.com:443
22:00:28 [DEBUG] Starting new HTTPS connection (1): cp.cloudflare.com:443
22:00:28 [DEBUG] Starting new HTTPS connection (1): www.gstatic.com:443
22:00:28 [INFO]    🎯 179.43.191.100 (Швейцария) - 4.5 Mbps, 1088ms, UDP❌ 🛡️Reality
22:00:28 [DEBUG] https://dl.google.com:443 "GET /dl/android/studio/install/3.4.1.0/android-studio-ide-183.5522156-windows.exe HTTP/1.1" 200 1017327996
22:00:28 [INFO]    🎯 c6.play2go.cloud (XX) - 3.9 Mbps, 101ms, UDP✅ 🛡️Reality
22:00:29 [DEBUG] Starting new HTTPS connection (1): www.google.com:443
22:00:29 [DEBUG] Starting new HTTPS connection (1): www.google.com:443
22:00:29 [DEBUG] Starting new HTTPS connection (1): www.google.com:443
22:00:29 [DEBUG] https://www.google.com:443 "GET /generate_204 HTTP/1.1" 204 0
22:00:29 [DEBUG] Starting new HTTPS connection (1): cp.cloudflare.com:443
22:00:29 [DEBUG] Starting new HTTPS connection (1): cp.cloudflare.com:443
22:00:29 [DEBUG] Starting new HTTPS connection (1): cp.cloudflare.com:443
22:00:29 [DEBUG] https://cp.cloudflare.com:443 "GET / HTTP/1.1" 204 0
22:00:29 [DEBUG] Starting new HTTPS connection (1): www.gstatic.com:443
22:00:29 [DEBUG] https://www.gstatic.com:443 "GET /generate_204 HTTP/1.1" 204 0
22:00:29 [DEBUG] Starting new HTTPS connection (1): dl.google.com:443
22:00:29 [DEBUG] Starting new HTTPS connection (1): www.google.com:443
22:00:29 [DEBUG] https://dl.google.com:443 "GET /dl/android/studio/install/3.4.1.0/android-studio-ide-183.5522156-windows.exe HTTP/1.1" 200 1017327996
22:00:29 [DEBUG] Starting new HTTPS connection (1): cp.cloudflare.com:443
22:00:29 [DEBUG] Starting new HTTPS connection (1): www.gstatic.com:443
22:00:29 [DEBUG] Starting new HTTPS connection (1): www.google.com:443
22:00:29 [INFO]    🎯 numarz1.gptpersian.ir (XX) - 71.2 Mbps, 103ms, UDP✅ 🛡️Reality
22:00:29 [DEBUG] Starting new HTTPS connection (1): cp.cloudflare.com:443
22:00:29 [DEBUG] Starting new HTTPS connection (1): www.gstatic.com:443
22:00:29 [DEBUG] Starting new HTTPS connection (1): www.google.com:443
22:00:30 [DEBUG] Starting new HTTPS connection (1): cp.cloudflare.com:443
22:00:30 [DEBUG] Starting new HTTPS connection (1): www.google.com:443
22:00:30 [DEBUG] Starting new HTTPS connection (1): www.gstatic.com:443
22:00:30 [INFO]    🎯 179.43.191.99 (Швейцария) - 6.0 Mbps, 1692ms, UDP✅ 🛡️Reality
22:00:30 [DEBUG] Starting new HTTPS connection (1): www.gstatic.com:443
22:00:30 [DEBUG] https://www.google.com:443 "GET /generate_204 HTTP/1.1" 204 0
22:00:30 [DEBUG] Starting new HTTPS connection (1): cp.cloudflare.com:443
22:00:30 [DEBUG] https://cp.cloudflare.com:443 "GET / HTTP/1.1" 204 0
22:00:30 [DEBUG] Starting new HTTPS connection (1): www.gstatic.com:443
22:00:30 [DEBUG] Starting new HTTPS connection (1): www.gstatic.com:443
22:00:30 [DEBUG] Starting new HTTPS connection (1): cp.cloudflare.com:443
22:00:30 [DEBUG] Starting new HTTPS connection (1): www.google.com:443
22:00:30 [DEBUG] https://www.google.com:443 "GET /generate_204 HTTP/1.1" 204 0
22:00:30 [DEBUG] Starting new HTTPS connection (1): cp.cloudflare.com:443
22:00:30 [DEBUG] Starting new HTTPS connection (1): cp.cloudflare.com:443
22:00:30 [DEBUG] https://cp.cloudflare.com:443 "GET / HTTP/1.1" 204 0
22:00:30 [DEBUG] Starting new HTTPS connection (1): www.gstatic.com:443
22:00:30 [DEBUG] Starting new HTTPS connection (1): www.google.com:443
22:00:31 [DEBUG] https://www.gstatic.com:443 "GET /generate_204 HTTP/1.1" 204 0
22:00:31 [DEBUG] Starting new HTTPS connection (1): cp.cloudflare.com:443
22:00:31 [DEBUG] Starting new HTTPS connection (1): www.gstatic.com:443
22:00:31 [DEBUG] Starting new HTTPS connection (1): www.google.com:443
22:00:31 [DEBUG] Starting new HTTPS connection (1): cp.cloudflare.com:443
22:00:31 [DEBUG] Starting new HTTPS connection (1): dl.google.com:443
22:00:31 [DEBUG] Starting new HTTPS connection (1): www.google.com:443
22:00:31 [DEBUG] Starting new HTTPS connection (1): www.gstatic.com:443
22:00:31 [DEBUG] Starting new HTTPS connection (1): www.google.com:443
22:00:31 [DEBUG] Starting new HTTPS connection (1): cp.cloudflare.com:443
22:00:31 [DEBUG] Starting new HTTPS connection (1): www.google.com:443
22:00:31 [DEBUG] Starting new HTTPS connection (1): www.google.com:443
22:00:31 [DEBUG] Starting new HTTPS connection (1): www.gstatic.com:443
22:00:31 [DEBUG] Starting new HTTPS connection (1): cp.cloudflare.com:443
22:00:31 [DEBUG] Starting new HTTPS connection (1): www.gstatic.com:443
22:00:31 [DEBUG] Starting new HTTPS connection (1): www.gstatic.com:443
22:00:31 [DEBUG] https://dl.google.com:443 "GET /dl/android/studio/install/3.4.1.0/android-studio-ide-183.5522156-windows.exe HTTP/1.1" 200 1017327996
22:00:31 [DEBUG] https://www.google.com:443 "GET /generate_204 HTTP/1.1" 204 0
22:00:31 [DEBUG] Starting new HTTPS connection (1): cp.cloudflare.com:443
22:00:31 [INFO]    🎯 86.110.243.171 (Словакия) - 24.6 Mbps, 182ms, UDP✅ 🛡️Reality
22:00:31 [DEBUG] Starting new HTTPS connection (1): www.gstatic.com:443
22:00:32 [DEBUG] Starting new HTTPS connection (1): www.google.com:443
22:00:32 [DEBUG] https://cp.cloudflare.com:443 "GET / HTTP/1.1" 204 0
22:00:32 [DEBUG] Starting new HTTPS connection (1): www.gstatic.com:443
22:00:32 [DEBUG] Starting new HTTPS connection (1): cp.cloudflare.com:443
22:00:32 [DEBUG] Starting new HTTPS connection (1): www.google.com:443
22:00:32 [DEBUG] Starting new HTTPS connection (1): www.gstatic.com:443
22:00:32 [DEBUG] Starting new HTTPS connection (1): www.google.com:443
22:00:32 [DEBUG] Starting new HTTPS connection (1): www.google.com:443
22:00:32 [DEBUG] Starting new HTTPS connection (1): cp.cloudflare.com:443
22:00:32 [DEBUG] Starting new HTTPS connection (1): www.gstatic.com:443
22:00:32 [DEBUG] https://www.gstatic.com:443 "GET /generate_204 HTTP/1.1" 204 0
22:00:32 [DEBUG] https://www.google.com:443 "GET /generate_204 HTTP/1.1" 204 0
22:00:32 [DEBUG] Starting new HTTPS connection (1): cp.cloudflare.com:443
22:00:32 [DEBUG] Starting new HTTPS connection (1): cp.cloudflare.com:443
22:00:32 [DEBUG] https://www.google.com:443 "GET /generate_204 HTTP/1.1" 204 0
22:00:32 [DEBUG] Starting new HTTPS connection (1): cp.cloudflare.com:443
22:00:32 [DEBUG] https://cp.cloudflare.com:443 "GET / HTTP/1.1" 204 0
22:00:32 [DEBUG] Starting new HTTPS connection (1): www.gstatic.com:443
22:00:32 [DEBUG] Starting new HTTPS connection (1): www.gstatic.com:443
22:00:33 [DEBUG] Starting new HTTPS connection (1): www.google.com:443
22:00:33 [DEBUG] Starting new HTTPS connection (1): dl.google.com:443
22:00:33 [DEBUG] Starting new HTTPS connection (1): www.google.com:443
22:00:33 [DEBUG] https://www.google.com:443 "GET /generate_204 HTTP/1.1" 204 0
22:00:33 [DEBUG] Starting new HTTPS connection (1): cp.cloudflare.com:443
22:00:33 [DEBUG] https://www.gstatic.com:443 "GET /generate_204 HTTP/1.1" 204 0
22:00:33 [DEBUG] https://cp.cloudflare.com:443 "GET / HTTP/1.1" 204 0
22:00:33 [DEBUG] Starting new HTTPS connection (1): www.gstatic.com:443
22:00:33 [DEBUG] https://www.google.com:443 "GET /generate_204 HTTP/1.1" 204 0
22:00:33 [DEBUG] Starting new HTTPS connection (1): cp.cloudflare.com:443
22:00:33 [DEBUG] https://www.gstatic.com:443 "GET /generate_204 HTTP/1.1" 204 0
22:00:33 [DEBUG] Starting new HTTPS connection (1): dl.google.com:443
22:00:33 [DEBUG] Starting new HTTPS connection (1): dl.google.com:443
22:00:33 [DEBUG] Starting new HTTPS connection (1): www.google.com:443
22:00:33 [DEBUG] Starting new HTTPS connection (1): www.google.com:443
22:00:33 [DEBUG] https://dl.google.com:443 "GET /dl/android/studio/install/3.4.1.0/android-studio-ide-183.5522156-windows.exe HTTP/1.1" 404 1449
22:00:33 [INFO]    🎯 5.182.38.91 (Венгрия) - 0.0 Mbps, 490ms, UDP✅ 🛡️Reality
22:00:33 [DEBUG] https://dl.google.com:443 "GET /dl/android/studio/install/3.4.1.0/android-studio-ide-183.5522156-windows.exe HTTP/1.1" 200 1017327996
22:00:33 [INFO]    🎯 voip.khakshouri.ir (XX) - 91.8 Mbps, 76ms, UDP✅ 🛡️Reality
22:00:33 [DEBUG] https://cp.cloudflare.com:443 "GET / HTTP/1.1" 204 0
22:00:33 [DEBUG] Starting new HTTPS connection (1): www.gstatic.com:443
22:00:33 [DEBUG] https://www.google.com:443 "GET /generate_204 HTTP/1.1" 204 0
22:00:33 [DEBUG] Starting new HTTPS connection (1): cp.cloudflare.com:443
22:00:33 [DEBUG] https://cp.cloudflare.com:443 "GET / HTTP/1.1" 204 0
22:00:33 [DEBUG] Starting new HTTPS connection (1): www.gstatic.com:443
22:00:33 [DEBUG] https://www.gstatic.com:443 "GET /generate_204 HTTP/1.1" 204 0
22:00:33 [DEBUG] Starting new HTTPS connection (1): dl.google.com:443
22:00:33 [DEBUG] Starting new HTTPS connection (1): www.google.com:443
22:00:33 [DEBUG] https://dl.google.com:443 "GET /dl/android/studio/install/3.4.1.0/android-studio-ide-183.5522156-windows.exe HTTP/1.1" 200 1017327996
22:00:33 [DEBUG] https://www.gstatic.com:443 "GET /generate_204 HTTP/1.1" 204 0
22:00:33 [DEBUG] Starting new HTTPS connection (1): www.google.com:443
22:00:34 [DEBUG] https://dl.google.com:443 "GET /dl/android/studio/install/3.4.1.0/android-studio-ide-183.5522156-windows.exe HTTP/1.1" 404 1449
22:00:34 [INFO]    🎯 prime.dissertationhelpspecialist.com (XX) - 0.0 Mbps, 97ms, UDP✅ 🛡️Reality
22:00:34 [DEBUG] https://www.google.com:443 "GET /generate_204 HTTP/1.1" 204 0
22:00:34 [DEBUG] Starting new HTTPS connection (1): cp.cloudflare.com:443
22:00:34 [DEBUG] https://www.google.com:443 "GET /generate_204 HTTP/1.1" 204 0
22:00:34 [DEBUG] Starting new HTTPS connection (1): cp.cloudflare.com:443
22:00:34 [DEBUG] Starting new HTTPS connection (1): www.google.com:443
22:00:34 [DEBUG] Starting new HTTPS connection (1): dl.google.com:443
22:00:34 [DEBUG] Starting new HTTPS connection (1): cp.cloudflare.com:443
22:00:34 [DEBUG] Starting new HTTPS connection (1): www.gstatic.com:443
22:00:34 [DEBUG] Starting new HTTPS connection (1): www.gstatic.com:443
22:00:34 [DEBUG] https://cp.cloudflare.com:443 "GET / HTTP/1.1" 204 0
22:00:34 [DEBUG] Starting new HTTPS connection (1): www.gstatic.com:443
22:00:34 [DEBUG] https://cp.cloudflare.com:443 "GET / HTTP/1.1" 204 0
22:00:34 [DEBUG] Starting new HTTPS connection (1): www.gstatic.com:443
22:00:34 [DEBUG] https://cp.cloudflare.com:443 "GET / HTTP/1.1" 204 0
22:00:34 [DEBUG] Starting new HTTPS connection (1): www.gstatic.com:443
22:00:34 [DEBUG] https://dl.google.com:443 "GET /dl/android/studio/install/3.4.1.0/android-studio-ide-183.5522156-windows.exe HTTP/1.1" 200 1017327996
22:00:34 [INFO]    🎯 nl01-vlr01.tcp-reset-club.net (XX) - 15.5 Mbps, 280ms, UDP✅ 🛡️Reality
22:00:34 [INFO]    🎯 voip.khakshouri.ir (XX) - 46.0 Mbps, 287ms, UDP✅ 🛡️Reality
22:00:34 [DEBUG] https://www.gstatic.com:443 "GET /generate_204 HTTP/1.1" 204 0
22:00:34 [DEBUG] https://www.gstatic.com:443 "GET /generate_204 HTTP/1.1" 204 0
22:00:34 [DEBUG] Starting new HTTPS connection (1): www.google.com:443
22:00:34 [DEBUG] Starting new HTTPS connection (1): www.google.com:443
22:00:34 [DEBUG] Starting new HTTPS connection (1): cp.cloudflare.com:443
22:00:34 [DEBUG] Starting new HTTPS connection (1): dl.google.com:443
22:00:34 [DEBUG] Starting new HTTPS connection (1): cp.cloudflare.com:443
22:00:34 [DEBUG] Starting new HTTPS connection (1): dl.google.com:443
22:00:34 [DEBUG] Starting new HTTPS connection (1): www.gstatic.com:443
22:00:34 [DEBUG] Starting new HTTPS connection (1): www.gstatic.com:443
22:00:35 [DEBUG] https://dl.google.com:443 "GET /dl/android/studio/install/3.4.1.0/android-studio-ide-183.5522156-windows.exe HTTP/1.1" 200 1017327996
22:00:35 [DEBUG] Starting new HTTPS connection (1): www.google.com:443
22:00:35 [DEBUG] Starting new HTTPS connection (1): www.google.com:443
22:00:35 [DEBUG] https://dl.google.com:443 "GET /dl/android/studio/install/3.4.1.0/android-studio-ide-183.5522156-windows.exe HTTP/1.1" 200 1017327996
22:00:35 [DEBUG] Starting new HTTPS connection (1): cp.cloudflare.com:443
22:00:35 [DEBUG] Starting new HTTPS connection (1): www.gstatic.com:443
22:00:35 [DEBUG] https://www.google.com:443 "GET /generate_204 HTTP/1.1" 204 0
22:00:35 [DEBUG] Starting new HTTPS connection (1): cp.cloudflare.com:443
22:00:35 [DEBUG] Starting new HTTPS connection (1): www.gstatic.com:443
22:00:35 [INFO]    🎯 217.13.104.128 (Венгрия) - 30.1 Mbps, 286ms, UDP✅ 🛡️Reality
22:00:35 [DEBUG] Starting new HTTPS connection (1): cp.cloudflare.com:443
22:00:35 [DEBUG] https://cp.cloudflare.com:443 "GET / HTTP/1.1" 204 0
22:00:35 [DEBUG] Starting new HTTPS connection (1): www.gstatic.com:443
22:00:35 [DEBUG] Starting new HTTPS connection (1): www.google.com:443
22:00:35 [DEBUG] Starting new HTTPS connection (1): www.google.com:443
22:00:35 [DEBUG] https://www.gstatic.com:443 "GET /generate_204 HTTP/1.1" 204 0
22:00:35 [DEBUG] Starting new HTTPS connection (1): www.google.com:443
22:00:35 [INFO]    🎯 217.13.104.15 (Венгрия) - 19.1 Mbps, 255ms, UDP✅ 🛡️Reality
22:00:35 [DEBUG] Starting new HTTPS connection (1): cp.cloudflare.com:443
22:00:35 [DEBUG] Starting new HTTPS connection (1): www.google.com:443
22:00:35 [DEBUG] Starting new HTTPS connection (1): cp.cloudflare.com:443
22:00:35 [DEBUG] Starting new HTTPS connection (1): dl.google.com:443
22:00:35 [DEBUG] Starting new HTTPS connection (1): cp.cloudflare.com:443
22:00:35 [DEBUG] Starting new HTTPS connection (1): www.gstatic.com:443
22:00:36 [DEBUG] Starting new HTTPS connection (1): www.gstatic.com:443
22:00:36 [DEBUG] Starting new HTTPS connection (1): www.gstatic.com:443
22:00:36 [DEBUG] https://dl.google.com:443 "GET /dl/android/studio/install/3.4.1.0/android-studio-ide-183.5522156-windows.exe HTTP/1.1" 200 1017327996
22:00:36 [DEBUG] Starting new HTTPS connection (1): www.google.com:443
22:00:36 [DEBUG] Starting new HTTPS connection (1): www.google.com:443
22:00:36 [DEBUG] Starting new HTTPS connection (1): cp.cloudflare.com:443
22:00:36 [DEBUG] Starting new HTTPS connection (1): www.gstatic.com:443
22:00:36 [DEBUG] https://www.gstatic.com:443 "GET /generate_204 HTTP/1.1" 204 0
22:00:36 [INFO]    🎯 95.141.35.101 (Италия) - 29.4 Mbps, 168ms, UDP✅ 🛡️Reality
22:00:36 [DEBUG] Starting new HTTPS connection (1): www.google.com:443
22:00:36 [DEBUG] Starting new HTTPS connection (1): www.google.com:443
22:00:36 [DEBUG] https://www.google.com:443 "GET /generate_204 HTTP/1.1" 204 0
22:00:36 [DEBUG] Starting new HTTPS connection (1): cp.cloudflare.com:443
22:00:37 [DEBUG] Starting new HTTPS connection (1): www.google.com:443
22:00:37 [DEBUG] https://cp.cloudflare.com:443 "GET / HTTP/1.1" 204 0
22:00:37 [DEBUG] Starting new HTTPS connection (1): www.gstatic.com:443
22:00:37 [DEBUG] https://www.google.com:443 "GET /generate_204 HTTP/1.1" 204 0
22:00:37 [DEBUG] Starting new HTTPS connection (1): cp.cloudflare.com:443
22:00:37 [DEBUG] Starting new HTTPS connection (1): www.google.com:443
22:00:37 [DEBUG] https://www.gstatic.com:443 "GET /generate_204 HTTP/1.1" 204 0
22:00:37 [DEBUG] Starting new HTTPS connection (1): www.google.com:443
22:00:37 [DEBUG] Starting new HTTPS connection (1): www.google.com:443
22:00:37 [DEBUG] https://cp.cloudflare.com:443 "GET / HTTP/1.1" 204 0
22:00:37 [DEBUG] Starting new HTTPS connection (1): www.gstatic.com:443
22:00:37 [DEBUG] Starting new HTTPS connection (1): dl.google.com:443
22:00:37 [DEBUG] https://www.google.com:443 "GET /generate_204 HTTP/1.1" 204 0
22:00:37 [DEBUG] Starting new HTTPS connection (1): cp.cloudflare.com:443
22:00:37 [DEBUG] Starting new HTTPS connection (1): www.gstatic.com:443
22:00:37 [DEBUG] https://www.google.com:443 "GET /generate_204 HTTP/1.1" 204 0
22:00:37 [DEBUG] Starting new HTTPS connection (1): cp.cloudflare.com:443
22:00:37 [DEBUG] Starting new HTTPS connection (1): www.google.com:443
22:00:37 [DEBUG] https://www.gstatic.com:443 "GET /generate_204 HTTP/1.1" 204 0
22:00:37 [DEBUG] Starting new HTTPS connection (1): cp.cloudflare.com:443
22:00:37 [DEBUG] Starting new HTTPS connection (1): www.google.com:443
22:00:37 [DEBUG] https://dl.google.com:443 "GET /dl/android/studio/install/3.4.1.0/android-studio-ide-183.5522156-windows.exe HTTP/1.1" 200 1017327996
22:00:37 [DEBUG] https://cp.cloudflare.com:443 "GET / HTTP/1.1" 204 0
22:00:37 [DEBUG] Starting new HTTPS connection (1): www.gstatic.com:443
22:00:37 [DEBUG] Starting new HTTPS connection (1): www.gstatic.com:443
22:00:37 [DEBUG] https://www.google.com:443 "GET /generate_204 HTTP/1.1" 204 0
22:00:37 [DEBUG] Starting new HTTPS connection (1): cp.cloudflare.com:443
22:00:37 [DEBUG] https://cp.cloudflare.com:443 "GET / HTTP/1.1" 204 0
22:00:37 [DEBUG] Starting new HTTPS connection (1): www.gstatic.com:443
22:00:37 [DEBUG] Starting new HTTPS connection (1): dl.google.com:443
22:00:37 [INFO]    🎯 217.13.104.154 (Венгрия) - 43.7 Mbps, 219ms, UDP✅ 🛡️Reality
22:00:37 [DEBUG] Starting new HTTPS connection (1): dl.google.com:443
22:00:38 [DEBUG] https://www.gstatic.com:443 "GET /generate_204 HTTP/1.1" 204 0
22:00:38 [DEBUG] https://www.gstatic.com:443 "GET /generate_204 HTTP/1.1" 204 0
22:00:38 [DEBUG] https://dl.google.com:443 "GET /dl/android/studio/install/3.4.1.0/android-studio-ide-183.5522156-windows.exe HTTP/1.1" 200 1017327996
22:00:38 [DEBUG] Starting new HTTPS connection (1): dl.google.com:443
22:00:38 [DEBUG] Starting new HTTPS connection (1): dl.google.com:443
22:00:38 [DEBUG] Starting new HTTPS connection (1): dl.google.com:443
22:00:38 [INFO]    🎯 217.13.104.148 (Венгрия) - 39.6 Mbps, 228ms, UDP✅ 🛡️Reality
22:00:38 [DEBUG] https://cp.cloudflare.com:443 "GET / HTTP/1.1" 204 0
22:00:38 [DEBUG] Starting new HTTPS connection (1): www.gstatic.com:443
22:00:38 [DEBUG] Starting new HTTPS connection (1): cp.cloudflare.com:443
22:00:38 [DEBUG] https://dl.google.com:443 "GET /dl/android/studio/install/3.4.1.0/android-studio-ide-183.5522156-windows.exe HTTP/1.1" 200 1017327996
22:00:38 [DEBUG] Starting new HTTPS connection (1): cp.cloudflare.com:443
22:00:38 [DEBUG] https://dl.google.com:443 "GET /dl/android/studio/install/3.4.1.0/android-studio-ide-183.5522156-windows.exe HTTP/1.1" 200 1017327996
22:00:38 [DEBUG] https://www.gstatic.com:443 "GET /generate_204 HTTP/1.1" 204 0
22:00:39 [DEBUG] Starting new HTTPS connection (1): www.google.com:443
22:00:39 [DEBUG] Starting new HTTPS connection (1): www.google.com:443
22:00:39 [INFO]    🎯 217.13.104.149 (Венгрия) - 17.6 Mbps, 221ms, UDP✅ 🛡️Reality
22:00:39 [INFO]    🎯 217.13.104.134 (Венгрия) - 17.5 Mbps, 236ms, UDP✅ 🛡️Reality
22:00:39 [DEBUG] Starting new HTTPS connection (1): cp.cloudflare.com:443
22:00:39 [DEBUG] Starting new HTTPS connection (1): dl.google.com:443
22:00:39 [DEBUG] https://www.google.com:443 "GET /generate_204 HTTP/1.1" 204 0
22:00:39 [DEBUG] Starting new HTTPS connection (1): cp.cloudflare.com:443
22:00:39 [DEBUG] Starting new HTTPS connection (1): www.gstatic.com:443
22:00:39 [DEBUG] Starting new HTTPS connection (1): www.google.com:443
22:00:39 [DEBUG] https://cp.cloudflare.com:443 "GET / HTTP/1.1" 204 0
22:00:39 [DEBUG] Starting new HTTPS connection (1): www.gstatic.com:443
22:00:39 [DEBUG] https://www.gstatic.com:443 "GET /generate_204 HTTP/1.1" 204 0
22:00:39 [DEBUG] Starting new HTTPS connection (1): dl.google.com:443
22:00:39 [DEBUG] https://dl.google.com:443 "GET /dl/android/studio/install/3.4.1.0/android-studio-ide-183.5522156-windows.exe HTTP/1.1" 200 1017327996
22:00:39 [DEBUG] https://dl.google.com:443 "GET /dl/android/studio/install/3.4.1.0/android-studio-ide-183.5522156-windows.exe HTTP/1.1" 404 1449
22:00:39 [INFO]    🎯 140.238.100.35 (Великобритания) - 0.0 Mbps, 1759ms, UDP✅ 🛡️Reality
22:00:40 [DEBUG] https://dl.google.com:443 "GET /dl/android/studio/install/3.4.1.0/android-studio-ide-183.5522156-windows.exe HTTP/1.1" 200 1017327996
22:00:40 [DEBUG] Starting new HTTPS connection (1): www.google.com:443
22:00:40 [DEBUG] Starting new HTTPS connection (1): cp.cloudflare.com:443
22:00:40 [DEBUG] Starting new HTTPS connection (1): www.google.com:443
22:00:40 [DEBUG] Starting new HTTPS connection (1): www.gstatic.com:443
22:00:40 [INFO]    🎯 217.13.104.115 (Венгрия) - 14.4 Mbps, 559ms, UDP✅ 🛡️Reality
22:00:40 [DEBUG] Starting new HTTPS connection (1): cp.cloudflare.com:443
22:00:40 [DEBUG] Starting new HTTPS connection (1): www.gstatic.com:443
22:00:40 [DEBUG] Starting new HTTPS connection (1): www.google.com:443
22:00:40 [DEBUG] Starting new HTTPS connection (1): www.google.com:443
22:00:40 [DEBUG] Starting new HTTPS connection (1): www.gstatic.com:443
22:00:40 [DEBUG] https://www.google.com:443 "GET /generate_204 HTTP/1.1" 204 0
22:00:40 [DEBUG] Starting new HTTPS connection (1): cp.cloudflare.com:443
22:00:40 [DEBUG] Starting new HTTPS connection (1): cp.cloudflare.com:443
22:00:40 [DEBUG] https://cp.cloudflare.com:443 "GET / HTTP/1.1" 204 0
22:00:40 [DEBUG] Starting new HTTPS connection (1): www.gstatic.com:443
22:00:41 [DEBUG] https://www.gstatic.com:443 "GET /generate_204 HTTP/1.1" 204 0
22:00:41 [DEBUG] Starting new HTTPS connection (1): www.gstatic.com:443
22:00:41 [DEBUG] Starting new HTTPS connection (1): dl.google.com:443
22:00:41 [DEBUG] Starting new HTTPS connection (1): cp.cloudflare.com:443
22:00:41 [DEBUG] https://dl.google.com:443 "GET /dl/android/studio/install/3.4.1.0/android-studio-ide-183.5522156-windows.exe HTTP/1.1" 200 1017327996
22:00:41 [DEBUG] Starting new HTTPS connection (1): www.google.com:443
22:00:41 [INFO]    🎯 osn.takovpn.ru (XX) - 101.0 Mbps, 95ms, UDP✅ 🛡️Reality
22:00:41 [DEBUG] Starting new HTTPS connection (1): cp.cloudflare.com:443
22:00:41 [DEBUG] https://www.google.com:443 "GET /generate_204 HTTP/1.1" 204 0
22:00:41 [DEBUG] Starting new HTTPS connection (1): cp.cloudflare.com:443
22:00:41 [DEBUG] Starting new HTTPS connection (1): www.gstatic.com:443
22:00:41 [DEBUG] Starting new HTTPS connection (1): www.google.com:443
22:00:41 [DEBUG] Starting new HTTPS connection (1): cp.cloudflare.com:443
22:00:41 [DEBUG] Starting new HTTPS connection (1): www.google.com:443
22:00:41 [DEBUG] Starting new HTTPS connection (1): www.gstatic.com:443
22:00:41 [DEBUG] Starting new HTTPS connection (1): www.google.com:443
22:00:41 [DEBUG] Starting new HTTPS connection (1): cp.cloudflare.com:443
22:00:41 [DEBUG] https://www.google.com:443 "GET /generate_204 HTTP/1.1" 204 0
22:00:41 [DEBUG] Starting new HTTPS connection (1): cp.cloudflare.com:443
22:00:42 [DEBUG] https://cp.cloudflare.com:443 "GET / HTTP/1.1" 204 0
22:00:42 [DEBUG] Starting new HTTPS connection (1): www.gstatic.com:443
22:00:42 [DEBUG] Starting new HTTPS connection (1): www.google.com:443
22:00:42 [DEBUG] https://www.gstatic.com:443 "GET /generate_204 HTTP/1.1" 204 0
22:00:42 [DEBUG] Starting new HTTPS connection (1): dl.google.com:443
22:00:42 [DEBUG] Starting new HTTPS connection (1): www.google.com:443
22:00:42 [DEBUG] Starting new HTTPS connection (1): cp.cloudflare.com:443
22:00:42 [DEBUG] Starting new HTTPS connection (1): www.gstatic.com:443
22:00:42 [DEBUG] https://dl.google.com:443 "GET /dl/android/studio/install/3.4.1.0/android-studio-ide-183.5522156-windows.exe HTTP/1.1" 200 1017327996
22:00:42 [DEBUG] https://www.google.com:443 "GET /generate_204 HTTP/1.1" 204 0
22:00:42 [DEBUG] Starting new HTTPS connection (1): cp.cloudflare.com:443
22:00:42 [DEBUG] Starting new HTTPS connection (1): www.google.com:443
22:00:42 [INFO]    🎯 158.58.172.189 (Италия) - 43.3 Mbps, 196ms, UDP✅ 🛡️Reality
22:00:42 [DEBUG] Starting new HTTPS connection (1): cp.cloudflare.com:443
22:00:42 [DEBUG] Starting new HTTPS connection (1): www.google.com:443
22:00:43 [DEBUG] https://cp.cloudflare.com:443 "GET / HTTP/1.1" 204 0
22:00:43 [DEBUG] Starting new HTTPS connection (1): www.gstatic.com:443
22:00:43 [DEBUG] https://www.gstatic.com:443 "GET /generate_204 HTTP/1.1" 204 0
22:00:43 [DEBUG] https://www.google.com:443 "GET /generate_204 HTTP/1.1" 204 0
22:00:43 [DEBUG] Starting new HTTPS connection (1): cp.cloudflare.com:443
22:00:43 [DEBUG] Starting new HTTPS connection (1): dl.google.com:443
22:00:43 [DEBUG] https://cp.cloudflare.com:443 "GET / HTTP/1.1" 204 0
22:00:43 [DEBUG] Starting new HTTPS connection (1): www.gstatic.com:443
22:00:43 [DEBUG] Starting new HTTPS connection (1): www.google.com:443
22:00:43 [DEBUG] Starting new HTTPS connection (1): www.gstatic.com:443
22:00:43 [DEBUG] Starting new HTTPS connection (1): cp.cloudflare.com:443
22:00:44 [DEBUG] https://www.gstatic.com:443 "GET /generate_204 HTTP/1.1" 204 0
22:00:44 [DEBUG] Starting new HTTPS connection (1): www.google.com:443
22:00:44 [DEBUG] Starting new HTTPS connection (1): www.gstatic.com:443
22:00:44 [DEBUG] https://www.google.com:443 "GET /generate_204 HTTP/1.1" 204 0
22:00:44 [DEBUG] Starting new HTTPS connection (1): cp.cloudflare.com:443
22:00:44 [DEBUG] Starting new HTTPS connection (1): www.google.com:443
22:00:44 [DEBUG] Starting new HTTPS connection (1): dl.google.com:443
22:00:44 [DEBUG] Starting new HTTPS connection (1): www.gstatic.com:443
22:00:44 [DEBUG] Starting new HTTPS connection (1): cp.cloudflare.com:443
22:00:44 [DEBUG] https://dl.google.com:443 "GET /dl/android/studio/install/3.4.1.0/android-studio-ide-183.5522156-windows.exe HTTP/1.1" 200 1017327996
22:00:44 [INFO]    🎯 world-of.ru (XX) - 0.0 Mbps, 454ms, UDP✅ 🛡️Reality
22:00:44 [DEBUG] Starting new HTTPS connection (1): www.gstatic.com:443
22:00:44 [DEBUG] https://dl.google.com:443 "GET /dl/android/studio/install/3.4.1.0/android-studio-ide-183.5522156-windows.exe HTTP/1.1" 200 1017327996
22:00:44 [DEBUG] Starting new HTTPS connection (1): www.gstatic.com:443
22:00:44 [INFO]    🎯 panelsaf.netvip1.ru (XX) - 43.3 Mbps, 349ms, UDP✅ 🛡️Reality
22:00:44 [DEBUG] https://www.google.com:443 "GET /generate_204 HTTP/1.1" 204 0
22:00:44 [DEBUG] Starting new HTTPS connection (1): cp.cloudflare.com:443
22:00:45 [DEBUG] https://cp.cloudflare.com:443 "GET / HTTP/1.1" 204 0
22:00:45 [DEBUG] Starting new HTTPS connection (1): www.gstatic.com:443
22:00:45 [DEBUG] Starting new HTTPS connection (1): www.google.com:443
22:00:45 [DEBUG] Starting new HTTPS connection (1): cp.cloudflare.com:443
22:00:45 [DEBUG] Starting new HTTPS connection (1): www.google.com:443
22:00:45 [DEBUG] Starting new HTTPS connection (1): www.gstatic.com:443
22:00:45 [DEBUG] Starting new HTTPS connection (1): www.google.com:443
22:00:45 [DEBUG] Starting new HTTPS connection (1): www.google.com:443
22:00:45 [DEBUG] Starting new HTTPS connection (1): www.google.com:443
22:00:45 [DEBUG] https://dl.google.com:443 "GET /dl/android/studio/install/3.4.1.0/android-studio-ide-183.5522156-windows.exe HTTP/1.1" 200 1017327996
22:00:45 [DEBUG] https://www.google.com:443 "GET /generate_204 HTTP/1.1" 204 0
22:00:45 [DEBUG] Starting new HTTPS connection (1): cp.cloudflare.com:443
22:00:45 [DEBUG] https://www.gstatic.com:443 "GET /generate_204 HTTP/1.1" 204 0
22:00:45 [DEBUG] Starting new HTTPS connection (1): www.google.com:443
22:00:45 [DEBUG] https://www.google.com:443 "GET /generate_204 HTTP/1.1" 204 0
22:00:45 [DEBUG] Starting new HTTPS connection (1): cp.cloudflare.com:443
22:00:45 [DEBUG] Starting new HTTPS connection (1): www.gstatic.com:443
22:00:45 [INFO]    🎯 vnn.vpnfreedom.tech (XX) - 2.3 Mbps, 322ms, UDP❌ 🛡️Reality
22:00:45 [DEBUG] https://cp.cloudflare.com:443 "GET / HTTP/1.1" 204 0
22:00:45 [DEBUG] Starting new HTTPS connection (1): dl.google.com:443
22:00:45 [DEBUG] Starting new HTTPS connection (1): www.gstatic.com:443
22:00:45 [DEBUG] Starting new HTTPS connection (1): cp.cloudflare.com:443
22:00:45 [DEBUG] https://cp.cloudflare.com:443 "GET / HTTP/1.1" 204 0
22:00:45 [DEBUG] Starting new HTTPS connection (1): www.gstatic.com:443
22:00:46 [DEBUG] Starting new HTTPS connection (1): www.gstatic.com:443
22:00:46 [DEBUG] https://www.gstatic.com:443 "GET /generate_204 HTTP/1.1" 204 0
22:00:46 [DEBUG] Starting new HTTPS connection (1): dl.google.com:443
22:00:46 [DEBUG] https://dl.google.com:443 "GET /dl/android/studio/install/3.4.1.0/android-studio-ide-183.5522156-windows.exe HTTP/1.1" 200 1017327996
22:00:46 [DEBUG] Starting new HTTPS connection (1): www.gstatic.com:443
22:00:46 [DEBUG] https://www.gstatic.com:443 "GET /generate_204 HTTP/1.1" 204 0
22:00:46 [DEBUG] https://dl.google.com:443 "GET /dl/android/studio/install/3.4.1.0/android-studio-ide-183.5522156-windows.exe HTTP/1.1" 200 1017327996
22:00:46 [DEBUG] Starting new HTTPS connection (1): dl.google.com:443
22:00:46 [INFO]    🎯 swe01-vlr01.tcp-reset-club.net (XX) - 22.1 Mbps, 518ms, UDP✅ 🛡️Reality
22:00:46 [INFO]    🎯 ten6.astralweb.tech (XX) - 48.6 Mbps, 201ms, UDP✅ 🛡️Reality
22:00:46 [DEBUG] https://dl.google.com:443 "GET /dl/android/studio/install/3.4.1.0/android-studio-ide-183.5522156-windows.exe HTTP/1.1" 200 1017327996
22:00:46 [DEBUG] Starting new HTTPS connection (1): www.google.com:443
22:00:47 [DEBUG] Starting new HTTPS connection (1): www.google.com:443
22:00:47 [DEBUG] Starting new HTTPS connection (1): www.google.com:443
22:00:47 [INFO]    🎯 ten5.astralweb.tech (XX) - 19.4 Mbps, 309ms, UDP✅ 🛡️Reality
22:00:47 [DEBUG] https://www.google.com:443 "GET /generate_204 HTTP/1.1" 204 0
22:00:47 [DEBUG] Starting new HTTPS connection (1): cp.cloudflare.com:443
22:00:47 [DEBUG] Starting new HTTPS connection (1): www.google.com:443
22:00:47 [DEBUG] Starting new HTTPS connection (1): cp.cloudflare.com:443
22:00:47 [DEBUG] Starting new HTTPS connection (1): cp.cloudflare.com:443
22:00:47 [DEBUG] Starting new HTTPS connection (1): www.google.com:443
22:00:47 [DEBUG] Starting new HTTPS connection (1): www.gstatic.com:443
22:00:47 [DEBUG] Starting new HTTPS connection (1): www.google.com:443
22:00:47 [DEBUG] Starting new HTTPS connection (1): cp.cloudflare.com:443
22:00:47 [DEBUG] https://cp.cloudflare.com:443 "GET / HTTP/1.1" 204 0
22:00:47 [DEBUG] Starting new HTTPS connection (1): www.gstatic.com:443
22:00:48 [DEBUG] Starting new HTTPS connection (1): www.gstatic.com:443
22:00:48 [DEBUG] Starting new HTTPS connection (1): cp.cloudflare.com:443
22:00:48 [DEBUG] Starting new HTTPS connection (1): www.gstatic.com:443
22:00:48 [DEBUG] Starting new HTTPS connection (1): cp.cloudflare.com:443
22:00:48 [DEBUG] https://www.gstatic.com:443 "GET /generate_204 HTTP/1.1" 204 0
22:00:48 [DEBUG] Starting new HTTPS connection (1): www.google.com:443
22:00:48 [DEBUG] Starting new HTTPS connection (1): cp.cloudflare.com:443
22:00:48 [DEBUG] Starting new HTTPS connection (1): dl.google.com:443
22:00:48 [DEBUG] Starting new HTTPS connection (1): www.gstatic.com:443
22:00:49 [DEBUG] Starting new HTTPS connection (1): www.gstatic.com:443
22:00:49 [DEBUG] Starting new HTTPS connection (1): www.google.com:443
22:00:49 [DEBUG] Starting new HTTPS connection (1): www.google.com:443
22:00:49 [DEBUG] https://dl.google.com:443 "GET /dl/android/studio/install/3.4.1.0/android-studio-ide-183.5522156-windows.exe HTTP/1.1" 200 1017327996
22:00:49 [DEBUG] Starting new HTTPS connection (1): www.google.com:443
22:00:49 [DEBUG] Starting new HTTPS connection (1): cp.cloudflare.com:443
22:00:49 [DEBUG] Starting new HTTPS connection (1): www.google.com:443
22:00:49 [DEBUG] Starting new HTTPS connection (1): cp.cloudflare.com:443
22:00:49 [INFO]    🎯 tunnyl.ru (XX) - 18.2 Mbps, 491ms, UDP✅ 🛡️Reality
22:00:49 [DEBUG] Starting new HTTPS connection (1): cp.cloudflare.com:443
22:00:49 [DEBUG] Starting new HTTPS connection (1): www.gstatic.com:443
22:00:50 [DEBUG] Starting new HTTPS connection (1): www.gstatic.com:443
22:00:50 [DEBUG] Starting new HTTPS connection (1): www.google.com:443
22:00:50 [DEBUG] Starting new HTTPS connection (1): www.gstatic.com:443
22:00:50 [DEBUG] Starting new HTTPS connection (1): cp.cloudflare.com:443
22:00:50 [DEBUG] Starting new HTTPS connection (1): www.google.com:443
22:00:51 [DEBUG] Starting new HTTPS connection (1): www.google.com:443
22:00:51 [DEBUG] Starting new HTTPS connection (1): cp.cloudflare.com:443
22:00:51 [DEBUG] Starting new HTTPS connection (1): cp.cloudflare.com:443
22:00:51 [DEBUG] Starting new HTTPS connection (1): www.gstatic.com:443
22:00:51 [DEBUG] Starting new HTTPS connection (1): www.google.com:443
22:00:51 [DEBUG] https://www.google.com:443 "GET /generate_204 HTTP/1.1" 204 0
22:00:51 [DEBUG] Starting new HTTPS connection (1): cp.cloudflare.com:443
22:00:51 [DEBUG] Starting new HTTPS connection (1): www.google.com:443
22:00:51 [DEBUG] Starting new HTTPS connection (1): cp.cloudflare.com:443
22:00:51 [DEBUG] Starting new HTTPS connection (1): www.gstatic.com:443
22:00:51 [DEBUG] Starting new HTTPS connection (1): www.gstatic.com:443
22:00:51 [DEBUG] Starting new HTTPS connection (1): cp.cloudflare.com:443
22:00:51 [DEBUG] Starting new HTTPS connection (1): cp.cloudflare.com:443
22:00:51 [DEBUG] Starting new HTTPS connection (1): www.gstatic.com:443
22:00:51 [DEBUG] Starting new HTTPS connection (1): www.gstatic.com:443
22:00:52 [DEBUG] https://cp.cloudflare.com:443 "GET / HTTP/1.1" 204 0
22:00:52 [DEBUG] Starting new HTTPS connection (1): www.gstatic.com:443
22:00:52 [DEBUG] Starting new HTTPS connection (1): www.google.com:443
22:00:52 [DEBUG] Starting new HTTPS connection (1): cp.cloudflare.com:443
22:00:52 [DEBUG] Starting new HTTPS connection (1): www.google.com:443
22:00:52 [DEBUG] https://www.google.com:443 "GET /generate_204 HTTP/1.1" 204 0
22:00:52 [DEBUG] Starting new HTTPS connection (1): cp.cloudflare.com:443
22:00:52 [DEBUG] Starting new HTTPS connection (1): cp.cloudflare.com:443
22:00:52 [DEBUG] Starting new HTTPS connection (1): www.gstatic.com:443
22:00:52 [DEBUG] Starting new HTTPS connection (1): www.gstatic.com:443
22:00:53 [DEBUG] Starting new HTTPS connection (1): www.google.com:443
22:00:53 [DEBUG] Starting new HTTPS connection (1): www.google.com:443
22:00:53 [DEBUG] Starting new HTTPS connection (1): www.google.com:443
22:00:53 [DEBUG] Starting new HTTPS connection (1): cp.cloudflare.com:443
22:00:53 [DEBUG] Starting new HTTPS connection (1): www.gstatic.com:443
22:00:53 [DEBUG] https://www.google.com:443 "GET /generate_204 HTTP/1.1" 204 0
22:00:53 [DEBUG] Starting new HTTPS connection (1): cp.cloudflare.com:443
22:00:53 [DEBUG] Starting new HTTPS connection (1): www.gstatic.com:443
22:00:53 [DEBUG] https://cp.cloudflare.com:443 "GET / HTTP/1.1" 204 0
22:00:53 [DEBUG] Starting new HTTPS connection (1): www.gstatic.com:443
22:00:54 [DEBUG] https://www.gstatic.com:443 "GET /generate_204 HTTP/1.1" 204 0
22:00:54 [DEBUG] Starting new HTTPS connection (1): www.google.com:443
22:00:54 [DEBUG] https://cp.cloudflare.com:443 "GET / HTTP/1.1" 204 0
22:00:54 [DEBUG] Starting new HTTPS connection (1): www.gstatic.com:443
22:00:54 [DEBUG] Starting new HTTPS connection (1): www.google.com:443
22:00:54 [DEBUG] Starting new HTTPS connection (1): www.gstatic.com:443
22:00:54 [DEBUG] https://www.google.com:443 "GET /generate_204 HTTP/1.1" 204 0
22:00:54 [DEBUG] Starting new HTTPS connection (1): cp.cloudflare.com:443
22:00:54 [DEBUG] Starting new HTTPS connection (1): dl.google.com:443
22:00:54 [DEBUG] Starting new HTTPS connection (1): cp.cloudflare.com:443
22:00:54 [DEBUG] https://cp.cloudflare.com:443 "GET / HTTP/1.1" 204 0
22:00:54 [DEBUG] Starting new HTTPS connection (1): www.gstatic.com:443
22:00:54 [DEBUG] Starting new HTTPS connection (1): www.gstatic.com:443
22:00:54 [DEBUG] https://www.gstatic.com:443 "GET /generate_204 HTTP/1.1" 204 0
22:00:54 [DEBUG] https://dl.google.com:443 "GET /dl/android/studio/install/3.4.1.0/android-studio-ide-183.5522156-windows.exe HTTP/1.1" 200 1017327996
22:00:54 [DEBUG] Starting new HTTPS connection (1): www.google.com:443
22:00:54 [DEBUG] Starting new HTTPS connection (1): www.gstatic.com:443
22:00:54 [DEBUG] Starting new HTTPS connection (1): dl.google.com:443
22:00:55 [DEBUG] Starting new HTTPS connection (1): cp.cloudflare.com:443
22:00:55 [INFO]    🎯 srv4.outlinekeys.com (XX) - 21.8 Mbps, 299ms, UDP✅ 🛡️Reality
22:00:55 [DEBUG] Starting new HTTPS connection (1): www.google.com:443
22:00:55 [DEBUG] https://dl.google.com:443 "GET /dl/android/studio/install/3.4.1.0/android-studio-ide-183.5522156-windows.exe HTTP/1.1" 200 1017327996
22:00:55 [DEBUG] Starting new HTTPS connection (1): www.gstatic.com:443
22:00:55 [DEBUG] Starting new HTTPS connection (1): www.google.com:443
22:00:55 [DEBUG] Starting new HTTPS connection (1): cp.cloudflare.com:443
22:00:55 [DEBUG] Starting new HTTPS connection (1): cp.cloudflare.com:443
22:00:55 [DEBUG] Starting new HTTPS connection (1): www.gstatic.com:443
22:00:55 [DEBUG] Starting new HTTPS connection (1): www.gstatic.com:443
22:00:55 [INFO]    🎯 93.114.98.171 (Турция) - 29.8 Mbps, 217ms, UDP✅ 🛡️Reality
22:00:55 [DEBUG] Starting new HTTPS connection (1): www.google.com:443
22:00:55 [DEBUG] https://www.gstatic.com:443 "GET /generate_204 HTTP/1.1" 204 0
22:00:55 [DEBUG] Starting new HTTPS connection (1): cp.cloudflare.com:443
22:00:56 [DEBUG] Starting new HTTPS connection (1): www.google.com:443
22:00:56 [DEBUG] https://www.google.com:443 "GET /generate_204 HTTP/1.1" 204 0
22:00:56 [DEBUG] Starting new HTTPS connection (1): cp.cloudflare.com:443
22:00:56 [DEBUG] Starting new HTTPS connection (1): www.google.com:443
22:00:56 [DEBUG] Starting new HTTPS connection (1): cp.cloudflare.com:443
22:00:56 [DEBUG] Starting new HTTPS connection (1): www.gstatic.com:443
22:00:56 [DEBUG] Starting new HTTPS connection (1): www.google.com:443
22:00:56 [DEBUG] Starting new HTTPS connection (1): www.google.com:443
22:00:56 [DEBUG] Starting new HTTPS connection (1): www.google.com:443
22:00:56 [DEBUG] https://cp.cloudflare.com:443 "GET / HTTP/1.1" 204 0
22:00:56 [DEBUG] Starting new HTTPS connection (1): www.gstatic.com:443
22:00:56 [DEBUG] Starting new HTTPS connection (1): cp.cloudflare.com:443
22:00:56 [DEBUG] Starting new HTTPS connection (1): www.google.com:443
22:00:56 [DEBUG] Starting new HTTPS connection (1): www.gstatic.com:443
22:00:56 [DEBUG] Starting new HTTPS connection (1): cp.cloudflare.com:443
22:00:56 [DEBUG] Starting new HTTPS connection (1): cp.cloudflare.com:443
22:00:57 [DEBUG] Starting new HTTPS connection (1): dl.google.com:443
22:00:57 [DEBUG] Starting new HTTPS connection (1): www.gstatic.com:443
22:00:57 [DEBUG] Starting new HTTPS connection (1): www.google.com:443
22:00:57 [DEBUG] Starting new HTTPS connection (1): www.gstatic.com:443
22:00:57 [DEBUG] Starting new HTTPS connection (1): cp.cloudflare.com:443
22:00:57 [DEBUG] https://www.gstatic.com:443 "GET /generate_204 HTTP/1.1" 204 0
22:00:57 [DEBUG] Starting new HTTPS connection (1): www.gstatic.com:443
22:00:57 [DEBUG] Starting new HTTPS connection (1): dl.google.com:443
22:00:57 [DEBUG] Starting new HTTPS connection (1): www.google.com:443
22:00:58 [DEBUG] Starting new HTTPS connection (1): www.gstatic.com:443
22:00:58 [DEBUG] Starting new HTTPS connection (1): www.google.com:443
22:00:58 [DEBUG] https://dl.google.com:443 "GET /dl/android/studio/install/3.4.1.0/android-studio-ide-183.5522156-windows.exe HTTP/1.1" 200 1017327996
22:00:58 [DEBUG] Starting new HTTPS connection (1): www.google.com:443
22:00:58 [DEBUG] https://dl.google.com:443 "GET /dl/android/studio/install/3.4.1.0/android-studio-ide-183.5522156-windows.exe HTTP/1.1" 200 1017327996
22:00:58 [INFO]    🎯 45.12.143.191 (Турция) - 21.3 Mbps, 585ms, UDP✅ 🛡️Reality
22:00:58 [DEBUG] Starting new HTTPS connection (1): cp.cloudflare.com:443
22:00:58 [DEBUG] Starting new HTTPS connection (1): cp.cloudflare.com:443
22:00:58 [DEBUG] Starting new HTTPS connection (1): www.google.com:443
22:00:58 [DEBUG] Starting new HTTPS connection (1): www.google.com:443
22:00:58 [DEBUG] Starting new HTTPS connection (1): www.google.com:443
22:00:58 [DEBUG] Starting new HTTPS connection (1): cp.cloudflare.com:443
22:00:58 [DEBUG] Starting new HTTPS connection (1): cp.cloudflare.com:443
22:00:58 [DEBUG] Starting new HTTPS connection (1): www.gstatic.com:443
22:00:58 [DEBUG] Starting new HTTPS connection (1): www.google.com:443
22:00:58 [DEBUG] https://www.google.com:443 "GET /generate_204 HTTP/1.1" 204 0
22:00:58 [DEBUG] Starting new HTTPS connection (1): cp.cloudflare.com:443
22:00:59 [DEBUG] Starting new HTTPS connection (1): www.gstatic.com:443
22:00:59 [DEBUG] https://cp.cloudflare.com:443 "GET / HTTP/1.1" 204 0
22:00:59 [DEBUG] Starting new HTTPS connection (1): www.gstatic.com:443
22:00:59 [DEBUG] Starting new HTTPS connection (1): www.gstatic.com:443
22:00:59 [DEBUG] Starting new HTTPS connection (1): cp.cloudflare.com:443
22:00:59 [DEBUG] https://www.gstatic.com:443 "GET /generate_204 HTTP/1.1" 204 0
22:00:59 [DEBUG] Starting new HTTPS connection (1): dl.google.com:443
22:00:59 [DEBUG] Starting new HTTPS connection (1): www.gstatic.com:443
22:00:59 [DEBUG] https://www.google.com:443 "GET /generate_204 HTTP/1.1" 204 0
22:00:59 [DEBUG] Starting new HTTPS connection (1): cp.cloudflare.com:443
22:00:59 [DEBUG] Starting new HTTPS connection (1): dl.google.com:443
22:00:59 [DEBUG] https://dl.google.com:443 "GET /dl/android/studio/install/3.4.1.0/android-studio-ide-183.5522156-windows.exe HTTP/1.1" 200 1017327996
22:00:59 [DEBUG] https://cp.cloudflare.com:443 "GET / HTTP/1.1" 204 0
22:00:59 [DEBUG] Starting new HTTPS connection (1): www.gstatic.com:443
22:00:59 [DEBUG] Starting new HTTPS connection (1): www.google.com:443
22:01:00 [DEBUG] https://www.google.com:443 "GET /generate_204 HTTP/1.1" 204 0
22:01:00 [DEBUG] Starting new HTTPS connection (1): cp.cloudflare.com:443
22:01:00 [DEBUG] Starting new HTTPS connection (1): www.google.com:443
22:01:00 [DEBUG] https://cp.cloudflare.com:443 "GET / HTTP/1.1" 204 0
22:01:00 [DEBUG] Starting new HTTPS connection (1): www.gstatic.com:443
22:01:00 [DEBUG] Starting new HTTPS connection (1): www.google.com:443
22:01:00 [DEBUG] https://www.gstatic.com:443 "GET /generate_204 HTTP/1.1" 204 0
22:01:00 [DEBUG] Starting new HTTPS connection (1): www.google.com:443
22:01:00 [DEBUG] https://www.gstatic.com:443 "GET /generate_204 HTTP/1.1" 204 0
22:01:00 [DEBUG] Starting new HTTPS connection (1): www.google.com:443
22:01:00 [DEBUG] Starting new HTTPS connection (1): dl.google.com:443
22:01:00 [DEBUG] Starting new HTTPS connection (1): cp.cloudflare.com:443
22:01:00 [DEBUG] Starting new HTTPS connection (1): www.gstatic.com:443
22:01:00 [DEBUG] https://www.google.com:443 "GET /generate_204 HTTP/1.1" 204 0
22:01:00 [DEBUG] Starting new HTTPS connection (1): cp.cloudflare.com:443
22:01:00 [DEBUG] https://dl.google.com:443 "GET /dl/android/studio/install/3.4.1.0/android-studio-ide-183.5522156-windows.exe HTTP/1.1" 200 1017327996
22:01:00 [DEBUG] Starting new HTTPS connection (1): dl.google.com:443
22:01:01 [DEBUG] https://www.google.com:443 "GET /generate_204 HTTP/1.1" 204 0
22:01:01 [DEBUG] Starting new HTTPS connection (1): cp.cloudflare.com:443
22:01:01 [DEBUG] Starting new HTTPS connection (1): cp.cloudflare.com:443
22:01:01 [DEBUG] https://cp.cloudflare.com:443 "GET / HTTP/1.1" 204 0
22:01:01 [DEBUG] Starting new HTTPS connection (1): www.gstatic.com:443
22:01:01 [INFO]    🎯 spb.morgentop.ru (XX) - 28.9 Mbps, 237ms, UDP✅ 🛡️Reality
22:01:01 [INFO]    📊 Глубокая проверка: 386/1936 (20%) | ✅169 ❌217
22:01:01 [DEBUG] Starting new HTTPS connection (1): www.gstatic.com:443
22:01:01 [DEBUG] https://dl.google.com:443 "GET /dl/android/studio/install/3.4.1.0/android-studio-ide-183.5522156-windows.exe HTTP/1.1" 200 1017327996
22:01:01 [DEBUG] https://www.gstatic.com:443 "GET /generate_204 HTTP/1.1" 204 0
22:01:01 [DEBUG] Starting new HTTPS connection (1): www.google.com:443
22:01:01 [DEBUG] Starting new HTTPS connection (1): cp.cloudflare.com:443
22:01:01 [DEBUG] Starting new HTTPS connection (1): www.gstatic.com:443
22:01:01 [DEBUG] https://dl.google.com:443 "GET /dl/android/studio/install/3.4.1.0/android-studio-ide-183.5522156-windows.exe HTTP/1.1" 200 1017327996
22:01:01 [DEBUG] Starting new HTTPS connection (1): dl.google.com:443
22:01:02 [INFO]    🎯 free.spectrum.vu (XX) - 0.8 Mbps, 214ms, UDP✅ 🛡️Reality
22:01:02 [DEBUG] https://cp.cloudflare.com:443 "GET / HTTP/1.1" 204 0
22:01:02 [DEBUG] Starting new HTTPS connection (1): www.gstatic.com:443
22:01:02 [DEBUG] Starting new HTTPS connection (1): www.google.com:443
22:01:02 [DEBUG] https://dl.google.com:443 "GET /dl/android/studio/install/3.4.1.0/android-studio-ide-183.5522156-windows.exe HTTP/1.1" 200 1017327996
22:01:02 [DEBUG] https://www.google.com:443 "GET /generate_204 HTTP/1.1" 204 0
22:01:02 [DEBUG] Starting new HTTPS connection (1): cp.cloudflare.com:443
22:01:02 [DEBUG] https://cp.cloudflare.com:443 "GET / HTTP/1.1" 204 0
22:01:02 [DEBUG] Starting new HTTPS connection (1): www.gstatic.com:443
22:01:02 [DEBUG] Starting new HTTPS connection (1): www.google.com:443
22:01:02 [DEBUG] https://www.gstatic.com:443 "GET /generate_204 HTTP/1.1" 204 0
22:01:02 [DEBUG] Starting new HTTPS connection (1): dl.google.com:443
22:01:02 [DEBUG] https://dl.google.com:443 "GET /dl/android/studio/install/3.4.1.0/android-studio-ide-183.5522156-windows.exe HTTP/1.1" 200 1017327996
22:01:02 [DEBUG] https://www.gstatic.com:443 "GET /generate_204 HTTP/1.1" 204 0
22:01:03 [INFO]    🎯 fl-2.bot-iphone.ru (XX) - 4.7 Mbps, 694ms, UDP✅ 🛡️Reality
22:01:03 [INFO]    🎯 ws.vpnfreedom.tech (XX) - 42.6 Mbps, 137ms, UDP✅ 🛡️Reality
22:01:03 [INFO]    🎯 91.107.121.223 (Великобритания) - 13.7 Mbps, 407ms, UDP✅ 🛡️Reality
22:01:03 [DEBUG] Starting new HTTPS connection (1): www.google.com:443
22:01:03 [INFO]    🎯 free.spectrum.vu (XX) - 4.0 Mbps, 151ms, UDP✅ 🛡️Reality
22:01:03 [DEBUG] Starting new HTTPS connection (1): www.google.com:443
22:01:03 [DEBUG] Starting new HTTPS connection (1): dl.google.com:443
22:01:03 [DEBUG] Starting new HTTPS connection (1): cp.cloudflare.com:443
22:01:03 [DEBUG] Starting new HTTPS connection (1): www.gstatic.com:443
22:01:03 [DEBUG] Starting new HTTPS connection (1): cp.cloudflare.com:443
22:01:04 [DEBUG] Starting new HTTPS connection (1): www.google.com:443
22:01:04 [DEBUG] Starting new HTTPS connection (1): www.google.com:443
22:01:04 [DEBUG] Starting new HTTPS connection (1): cp.cloudflare.com:443
22:01:04 [DEBUG] Starting new HTTPS connection (1): www.google.com:443
22:01:04 [DEBUG] Starting new HTTPS connection (1): www.gstatic.com:443
22:01:04 [INFO]    🎯 94.131.8.19 (Молдова) - 4.8 Mbps, 581ms, UDP✅ 🛡️Reality
22:01:04 [DEBUG] https://www.google.com:443 "GET /generate_204 HTTP/1.1" 204 0
22:01:04 [DEBUG] Starting new HTTPS connection (1): cp.cloudflare.com:443
22:01:04 [DEBUG] https://dl.google.com:443 "GET /dl/android/studio/install/3.4.1.0/android-studio-ide-183.5522156-windows.exe HTTP/1.1" 200 1017327996
22:01:04 [DEBUG] Starting new HTTPS connection (1): www.google.com:443
22:01:04 [DEBUG] https://www.google.com:443 "GET /generate_204 HTTP/1.1" 204 0
22:01:04 [DEBUG] Starting new HTTPS connection (1): cp.cloudflare.com:443
22:01:04 [INFO]    🎯 92.60.78.221 (SI) - 2.2 Mbps, 1878ms, UDP✅ 🛡️Reality
22:01:04 [DEBUG] https://cp.cloudflare.com:443 "GET / HTTP/1.1" 204 0
22:01:04 [DEBUG] Starting new HTTPS connection (1): www.gstatic.com:443
22:01:05 [DEBUG] https://cp.cloudflare.com:443 "GET / HTTP/1.1" 204 0
22:01:05 [DEBUG] Starting new HTTPS connection (1): www.gstatic.com:443
22:01:05 [DEBUG] Starting new HTTPS connection (1): www.google.com:443
22:01:05 [DEBUG] https://www.gstatic.com:443 "GET /generate_204 HTTP/1.1" 204 0
22:01:05 [DEBUG] Starting new HTTPS connection (1): cp.cloudflare.com:443
22:01:05 [DEBUG] Starting new HTTPS connection (1): www.google.com:443
22:01:05 [DEBUG] https://www.google.com:443 "GET /generate_204 HTTP/1.1" 204 0
22:01:05 [DEBUG] Starting new HTTPS connection (1): cp.cloudflare.com:443
22:01:05 [DEBUG] Starting new HTTPS connection (1): dl.google.com:443
22:01:05 [DEBUG] https://dl.google.com:443 "GET /dl/android/studio/install/3.4.1.0/android-studio-ide-183.5522156-windows.exe HTTP/1.1" 200 1017327996
22:01:05 [DEBUG] https://www.gstatic.com:443 "GET /generate_204 HTTP/1.1" 204 0
22:01:05 [DEBUG] Starting new HTTPS connection (1): www.google.com:443
22:01:05 [DEBUG] Starting new HTTPS connection (1): cp.cloudflare.com:443
22:01:05 [INFO]    🎯 ya.asbndx.com (XX) - 32.7 Mbps, 265ms, UDP✅ 🛡️Reality
22:01:05 [DEBUG] Starting new HTTPS connection (1): www.google.com:443
22:01:05 [DEBUG] https://www.google.com:443 "GET /generate_204 HTTP/1.1" 204 0
22:01:05 [DEBUG] Starting new HTTPS connection (1): cp.cloudflare.com:443
22:01:06 [DEBUG] Starting new HTTPS connection (1): www.google.com:443
22:01:06 [DEBUG] https://www.google.com:443 "GET /generate_204 HTTP/1.1" 204 0
22:01:06 [DEBUG] Starting new HTTPS connection (1): cp.cloudflare.com:443
22:01:06 [DEBUG] https://cp.cloudflare.com:443 "GET / HTTP/1.1" 204 0
22:01:06 [DEBUG] Starting new HTTPS connection (1): www.gstatic.com:443
22:01:06 [INFO]    🎯 us01-vlr01-gmn03.vpnvezdehod.net (XX) - 6.8 Mbps, 905ms, UDP✅ 🛡️Reality
22:01:06 [DEBUG] Starting new HTTPS connection (1): www.gstatic.com:443
22:01:06 [DEBUG] https://www.gstatic.com:443 "GET /generate_204 HTTP/1.1" 204 0
22:01:06 [DEBUG] Starting new HTTPS connection (1): dl.google.com:443
22:01:06 [DEBUG] https://cp.cloudflare.com:443 "GET / HTTP/1.1" 204 0
22:01:06 [DEBUG] Starting new HTTPS connection (1): www.gstatic.com:443
22:01:06 [DEBUG] https://dl.google.com:443 "GET /dl/android/studio/install/3.4.1.0/android-studio-ide-183.5522156-windows.exe HTTP/1.1" 200 1017327996
22:01:06 [DEBUG] https://cp.cloudflare.com:443 "GET / HTTP/1.1" 204 0
22:01:06 [DEBUG] Starting new HTTPS connection (1): www.gstatic.com:443
22:01:06 [DEBUG] Starting new HTTPS connection (1): cp.cloudflare.com:443
22:01:06 [DEBUG] Starting new HTTPS connection (1): cp.cloudflare.com:443
22:01:06 [DEBUG] Starting new HTTPS connection (1): www.gstatic.com:443
22:01:06 [DEBUG] https://www.gstatic.com:443 "GET /generate_204 HTTP/1.1" 204 0
22:01:06 [DEBUG] https://www.gstatic.com:443 "GET /generate_204 HTTP/1.1" 204 0
22:01:06 [DEBUG] Starting new HTTPS connection (1): www.gstatic.com:443
22:01:07 [INFO]    🎯 gb01-vlr01.tcp-reset-club.net (XX) - 26.4 Mbps, 152ms, UDP✅ 🛡️Reality
22:01:07 [DEBUG] Starting new HTTPS connection (1): www.google.com:443
22:01:07 [DEBUG] Starting new HTTPS connection (1): dl.google.com:443
22:01:07 [DEBUG] Starting new HTTPS connection (1): www.google.com:443
22:01:07 [DEBUG] Starting new HTTPS connection (1): dl.google.com:443
22:01:07 [DEBUG] https://dl.google.com:443 "GET /dl/android/studio/install/3.4.1.0/android-studio-ide-183.5522156-windows.exe HTTP/1.1" 200 1017327996
22:01:07 [DEBUG] Starting new HTTPS connection (1): cp.cloudflare.com:443
22:01:07 [DEBUG] Starting new HTTPS connection (1): www.gstatic.com:443
22:01:07 [INFO]    🎯 fin01-vlr01.tcp-reset-club.net (XX) - 25.2 Mbps, 395ms, UDP✅ 🛡️Reality
22:01:07 [DEBUG] https://www.google.com:443 "GET /generate_204 HTTP/1.1" 204 0
22:01:07 [DEBUG] Starting new HTTPS connection (1): cp.cloudflare.com:443
22:01:07 [DEBUG] Starting new HTTPS connection (1): www.google.com:443
22:01:07 [DEBUG] https://www.gstatic.com:443 "GET /generate_204 HTTP/1.1" 204 0
22:01:08 [DEBUG] Starting new HTTPS connection (1): cp.cloudflare.com:443
22:01:08 [DEBUG] https://cp.cloudflare.com:443 "GET / HTTP/1.1" 204 0
22:01:08 [DEBUG] Starting new HTTPS connection (1): www.gstatic.com:443
22:01:08 [DEBUG] Starting new HTTPS connection (1): www.google.com:443
22:01:08 [DEBUG] Starting new HTTPS connection (1): www.gstatic.com:443
22:01:08 [DEBUG] Starting new HTTPS connection (1): www.gstatic.com:443
22:01:08 [DEBUG] Starting new HTTPS connection (1): www.google.com:443
22:01:08 [DEBUG] https://www.gstatic.com:443 "GET /generate_204 HTTP/1.1" 204 0
22:01:08 [DEBUG] Starting new HTTPS connection (1): dl.google.com:443
22:01:08 [DEBUG] https://dl.google.com:443 "GET /dl/android/studio/install/3.4.1.0/android-studio-ide-183.5522156-windows.exe HTTP/1.1" 200 1017327996
22:01:08 [DEBUG] https://www.google.com:443 "GET /generate_204 HTTP/1.1" 204 0
22:01:08 [DEBUG] Starting new HTTPS connection (1): cp.cloudflare.com:443
22:01:08 [DEBUG] https://www.google.com:443 "GET /generate_204 HTTP/1.1" 204 0
22:01:08 [DEBUG] Starting new HTTPS connection (1): cp.cloudflare.com:443
22:01:08 [DEBUG] Starting new HTTPS connection (1): dl.google.com:443
22:01:08 [DEBUG] https://dl.google.com:443 "GET /dl/android/studio/install/3.4.1.0/android-studio-ide-183.5522156-windows.exe HTTP/1.1" 200 1017327996
22:01:08 [INFO]    🎯 fastcon-tg.harknmav.fun (XX) - 10.5 Mbps, 699ms, UDP✅ 🛡️Reality
22:01:09 [DEBUG] Starting new HTTPS connection (1): www.google.com:443
22:01:09 [DEBUG] https://dl.google.com:443 "GET /dl/android/studio/install/3.4.1.0/android-studio-ide-183.5522156-windows.exe HTTP/1.1" 200 1017327996
22:01:09 [DEBUG] https://cp.cloudflare.com:443 "GET / HTTP/1.1" 204 0
22:01:09 [DEBUG] Starting new HTTPS connection (1): www.gstatic.com:443
22:01:09 [DEBUG] Starting new HTTPS connection (1): www.google.com:443
22:01:09 [DEBUG] https://cp.cloudflare.com:443 "GET / HTTP/1.1" 204 0
22:01:09 [DEBUG] Starting new HTTPS connection (1): www.gstatic.com:443
22:01:09 [DEBUG] Starting new HTTPS connection (1): cp.cloudflare.com:443
22:01:09 [INFO]    🎯 ru39.theabvp.org (XX) - 31.5 Mbps, 412ms, UDP✅ 🛡️Reality
22:01:09 [DEBUG] https://www.gstatic.com:443 "GET /generate_204 HTTP/1.1" 204 0
22:01:09 [DEBUG] Starting new HTTPS connection (1): cp.cloudflare.com:443
22:01:09 [DEBUG] Starting new HTTPS connection (1): dl.google.com:443
22:01:09 [DEBUG] https://www.gstatic.com:443 "GET /generate_204 HTTP/1.1" 204 0
22:01:09 [DEBUG] Starting new HTTPS connection (1): www.google.com:443
22:01:09 [DEBUG] Starting new HTTPS connection (1): cp.cloudflare.com:443
22:01:10 [DEBUG] https://dl.google.com:443 "GET /dl/android/studio/install/3.4.1.0/android-studio-ide-183.5522156-windows.exe HTTP/1.1" 200 1017327996
22:01:10 [DEBUG] Starting new HTTPS connection (1): dl.google.com:443
22:01:10 [DEBUG] Starting new HTTPS connection (1): www.google.com:443
22:01:10 [DEBUG] Starting new HTTPS connection (1): www.gstatic.com:443
22:01:10 [DEBUG] Starting new HTTPS connection (1): www.gstatic.com:443
22:01:10 [INFO]    🎯 dd.openaccessnode.com (XX) - 10.4 Mbps, 443ms, UDP❌ 🛡️Reality
22:01:10 [DEBUG] https://www.google.com:443 "GET /generate_204 HTTP/1.1" 204 0
22:01:10 [DEBUG] Starting new HTTPS connection (1): cp.cloudflare.com:443
22:01:10 [DEBUG] https://www.google.com:443 "GET /generate_204 HTTP/1.1" 204 0
22:01:10 [DEBUG] Starting new HTTPS connection (1): cp.cloudflare.com:443
22:01:10 [DEBUG] Starting new HTTPS connection (1): www.google.com:443
22:01:10 [DEBUG] https://www.google.com:443 "GET /generate_204 HTTP/1.1" 204 0
22:01:10 [DEBUG] Starting new HTTPS connection (1): cp.cloudflare.com:443
22:01:10 [DEBUG] Starting new HTTPS connection (1): cp.cloudflare.com:443
22:01:10 [DEBUG] Starting new HTTPS connection (1): www.gstatic.com:443
22:01:10 [DEBUG] https://dl.google.com:443 "GET /dl/android/studio/install/3.4.1.0/android-studio-ide-183.5522156-windows.exe HTTP/1.1" 200 1017327996
22:01:10 [DEBUG] https://cp.cloudflare.com:443 "GET / HTTP/1.1" 204 0
22:01:10 [DEBUG] Starting new HTTPS connection (1): www.gstatic.com:443
22:01:10 [INFO]    🎯 91.108.245.133 (Германия) - 0.2 Mbps, 1166ms, UDP✅ 🛡️Reality
22:01:11 [DEBUG] https://cp.cloudflare.com:443 "GET / HTTP/1.1" 204 0
22:01:11 [DEBUG] Starting new HTTPS connection (1): www.gstatic.com:443
22:01:11 [INFO]    🎯 ru01-vlr01.tcp-reset-club.net (XX) - 12.2 Mbps, 338ms, UDP✅ 🛡️Reality
22:01:11 [DEBUG] https://www.gstatic.com:443 "GET /generate_204 HTTP/1.1" 204 0
22:01:11 [DEBUG] Starting new HTTPS connection (1): www.google.com:443
22:01:11 [DEBUG] https://www.gstatic.com:443 "GET /generate_204 HTTP/1.1" 204 0
22:01:11 [DEBUG] Starting new HTTPS connection (1): dl.google.com:443
22:01:11 [DEBUG] Starting new HTTPS connection (1): www.gstatic.com:443
22:01:11 [INFO]    🎯 ru-nl01-vlr01.tcp-reset-club.net (XX) - 10.8 Mbps, 505ms, UDP✅ 🛡️Reality
22:01:11 [DEBUG] https://www.google.com:443 "GET /generate_204 HTTP/1.1" 204 0
22:01:11 [DEBUG] Starting new HTTPS connection (1): dl.google.com:443
22:01:11 [DEBUG] Starting new HTTPS connection (1): cp.cloudflare.com:443
22:01:11 [DEBUG] https://cp.cloudflare.com:443 "GET / HTTP/1.1" 204 0
22:01:11 [DEBUG] Starting new HTTPS connection (1): www.gstatic.com:443
22:01:12 [DEBUG] Starting new HTTPS connection (1): www.google.com:443
22:01:12 [DEBUG] https://dl.google.com:443 "GET /dl/android/studio/install/3.4.1.0/android-studio-ide-183.5522156-windows.exe HTTP/1.1" 200 1017327996
22:01:12 [DEBUG] Starting new HTTPS connection (1): www.google.com:443
22:01:12 [DEBUG] Starting new HTTPS connection (1): www.google.com:443
22:01:12 [DEBUG] https://cp.cloudflare.com:443 "GET / HTTP/1.1" 204 0
22:01:12 [DEBUG] Starting new HTTPS connection (1): www.gstatic.com:443
22:01:12 [DEBUG] Starting new HTTPS connection (1): www.google.com:443
22:01:12 [DEBUG] https://cp.cloudflare.com:443 "GET / HTTP/1.1" 204 0
22:01:12 [DEBUG] Starting new HTTPS connection (1): www.gstatic.com:443
22:01:12 [INFO]    🎯 yandex-1.ultima.foundation (XX) - 22.7 Mbps, 399ms, UDP✅ 🛡️Reality
22:01:12 [DEBUG] https://www.google.com:443 "GET /generate_204 HTTP/1.1" 204 0
22:01:12 [DEBUG] Starting new HTTPS connection (1): cp.cloudflare.com:443
22:01:12 [DEBUG] Starting new HTTPS connection (1): cp.cloudflare.com:443
22:01:12 [DEBUG] https://dl.google.com:443 "GET /dl/android/studio/install/3.4.1.0/android-studio-ide-183.5522156-windows.exe HTTP/1.1" 200 1017327996
22:01:12 [DEBUG] Starting new HTTPS connection (1): www.gstatic.com:443
22:01:12 [DEBUG] https://www.gstatic.com:443 "GET /generate_204 HTTP/1.1" 204 0
22:01:12 [DEBUG] Starting new HTTPS connection (1): www.google.com:443
22:01:12 [DEBUG] https://cp.cloudflare.com:443 "GET / HTTP/1.1" 204 0
22:01:12 [DEBUG] Starting new HTTPS connection (1): www.gstatic.com:443
22:01:12 [DEBUG] Starting new HTTPS connection (1): dl.google.com:443
22:01:13 [DEBUG] Starting new HTTPS connection (1): cp.cloudflare.com:443
22:01:13 [DEBUG] https://www.google.com:443 "GET /generate_204 HTTP/1.1" 204 0
22:01:13 [DEBUG] Starting new HTTPS connection (1): cp.cloudflare.com:443
22:01:13 [DEBUG] https://www.gstatic.com:443 "GET /generate_204 HTTP/1.1" 204 0
22:01:13 [DEBUG] https://dl.google.com:443 "GET /dl/android/studio/install/3.4.1.0/android-studio-ide-183.5522156-windows.exe HTTP/1.1" 200 1017327996
22:01:13 [DEBUG] Starting new HTTPS connection (1): www.gstatic.com:443
22:01:13 [DEBUG] Starting new HTTPS connection (1): www.google.com:443
22:01:13 [DEBUG] Starting new HTTPS connection (1): dl.google.com:443
22:01:13 [DEBUG] https://cp.cloudflare.com:443 "GET / HTTP/1.1" 204 0
22:01:13 [DEBUG] Starting new HTTPS connection (1): www.gstatic.com:443
22:01:13 [DEBUG] Starting new HTTPS connection (1): www.gstatic.com:443
22:01:13 [DEBUG] Starting new HTTPS connection (1): cp.cloudflare.com:443
22:01:13 [INFO]    🎯 ru103.tcpnet.fun (XX) - 19.9 Mbps, 386ms, UDP✅ 🛡️Reality
22:01:13 [DEBUG] Starting new HTTPS connection (1): www.google.com:443
22:01:13 [DEBUG] https://www.gstatic.com:443 "GET /generate_204 HTTP/1.1" 204 0
22:01:13 [DEBUG] Starting new HTTPS connection (1): www.gstatic.com:443
22:01:13 [DEBUG] Starting new HTTPS connection (1): cp.cloudflare.com:443
22:01:14 [DEBUG] Starting new HTTPS connection (1): www.google.com:443
22:01:14 [DEBUG] Starting new HTTPS connection (1): www.gstatic.com:443
22:01:14 [DEBUG] Starting new HTTPS connection (1): cp.cloudflare.com:443
22:01:14 [DEBUG] Starting new HTTPS connection (1): www.google.com:443
22:01:14 [DEBUG] https://dl.google.com:443 "GET /dl/android/studio/install/3.4.1.0/android-studio-ide-183.5522156-windows.exe HTTP/1.1" 200 1017327996
22:01:14 [DEBUG] Starting new HTTPS connection (1): www.gstatic.com:443
22:01:14 [DEBUG] https://www.google.com:443 "GET /generate_204 HTTP/1.1" 204 0
22:01:14 [DEBUG] Starting new HTTPS connection (1): cp.cloudflare.com:443
22:01:14 [DEBUG] Starting new HTTPS connection (1): www.google.com:443
22:01:14 [DEBUG] https://cp.cloudflare.com:443 "GET / HTTP/1.1" 204 0
22:01:14 [DEBUG] Starting new HTTPS connection (1): www.gstatic.com:443
22:01:14 [INFO]    🎯 ilta-wzxrxkdhbjpnprhkkpplsjwawhssvollvxzdhqshiqckwdgrdm.orbnet.xyz (XX) - 13.8 Mbps, 422ms, UDP✅ 🛡️Reality
22:01:14 [DEBUG] Starting new HTTPS connection (1): www.google.com:443
22:01:15 [DEBUG] Starting new HTTPS connection (1): www.google.com:443
22:01:15 [DEBUG] https://www.google.com:443 "GET /generate_204 HTTP/1.1" 204 0
22:01:15 [DEBUG] Starting new HTTPS connection (1): cp.cloudflare.com:443
22:01:15 [DEBUG] Starting new HTTPS connection (1): www.google.com:443
22:01:15 [DEBUG] Starting new HTTPS connection (1): dl.google.com:443
22:01:15 [DEBUG] Starting new HTTPS connection (1): www.google.com:443
22:01:15 [DEBUG] Starting new HTTPS connection (1): www.google.com:443
22:01:15 [DEBUG] https://cp.cloudflare.com:443 "GET / HTTP/1.1" 204 0
22:01:15 [DEBUG] Starting new HTTPS connection (1): www.gstatic.com:443
22:01:15 [DEBUG] Starting new HTTPS connection (1): cp.cloudflare.com:443
22:01:15 [DEBUG] Starting new HTTPS connection (1): www.google.com:443
22:01:15 [DEBUG] https://www.google.com:443 "GET /generate_204 HTTP/1.1" 204 0
22:01:15 [DEBUG] Starting new HTTPS connection (1): cp.cloudflare.com:443
22:01:15 [DEBUG] Starting new HTTPS connection (1): www.gstatic.com:443
22:01:15 [DEBUG] Starting new HTTPS connection (1): cp.cloudflare.com:443
22:01:15 [DEBUG] https://cp.cloudflare.com:443 "GET / HTTP/1.1" 204 0
22:01:15 [DEBUG] Starting new HTTPS connection (1): www.gstatic.com:443
22:01:15 [DEBUG] Starting new HTTPS connection (1): www.gstatic.com:443
22:01:15 [DEBUG] https://www.gstatic.com:443 "GET /generate_204 HTTP/1.1" 204 0
22:01:16 [DEBUG] Starting new HTTPS connection (1): www.google.com:443
22:01:16 [DEBUG] Starting new HTTPS connection (1): dl.google.com:443
22:01:16 [DEBUG] https://dl.google.com:443 "GET /dl/android/studio/install/3.4.1.0/android-studio-ide-183.5522156-windows.exe HTTP/1.1" 200 1017327996
22:01:16 [DEBUG] Starting new HTTPS connection (1): cp.cloudflare.com:443
22:01:16 [INFO]    🎯 rogbypass1.suio.me (XX) - 3.7 Mbps, 570ms, UDP✅ 🛡️Reality
22:01:16 [INFO]    🎯 neth.adrtun.ru (XX) - 43.2 Mbps, 184ms, UDP✅ 🛡️Reality
22:01:16 [DEBUG] https://dl.google.com:443 "GET /dl/android/studio/install/3.4.1.0/android-studio-ide-183.5522156-windows.exe HTTP/1.1" 200 1017327996
22:01:16 [DEBUG] Starting new HTTPS connection (1): www.gstatic.com:443
22:01:16 [DEBUG] https://www.gstatic.com:443 "GET /generate_204 HTTP/1.1" 204 0
22:01:17 [DEBUG] Starting new HTTPS connection (1): cp.cloudflare.com:443
22:01:17 [DEBUG] Starting new HTTPS connection (1): www.google.com:443
22:01:17 [DEBUG] Starting new HTTPS connection (1): www.google.com:443
22:01:17 [DEBUG] Starting new HTTPS connection (1): cp.cloudflare.com:443
22:01:17 [DEBUG] https://www.google.com:443 "GET /generate_204 HTTP/1.1" 204 0
22:01:17 [DEBUG] Starting new HTTPS connection (1): cp.cloudflare.com:443
22:01:17 [DEBUG] Starting new HTTPS connection (1): www.google.com:443
22:01:17 [DEBUG] Starting new HTTPS connection (1): www.google.com:443
22:01:17 [DEBUG] https://www.google.com:443 "GET /generate_204 HTTP/1.1" 204 0
22:01:17 [DEBUG] Starting new HTTPS connection (1): cp.cloudflare.com:443
22:01:18 [DEBUG] https://www.google.com:443 "GET /generate_204 HTTP/1.1" 204 0
22:01:18 [DEBUG] Starting new HTTPS connection (1): cp.cloudflare.com:443
22:01:18 [DEBUG] https://www.gstatic.com:443 "GET /generate_204 HTTP/1.1" 204 0
22:01:18 [DEBUG] https://cp.cloudflare.com:443 "GET / HTTP/1.1" 204 0
22:01:18 [DEBUG] Starting new HTTPS connection (1): www.gstatic.com:443
22:01:18 [DEBUG] https://cp.cloudflare.com:443 "GET / HTTP/1.1" 204 0
22:01:18 [DEBUG] Starting new HTTPS connection (1): www.gstatic.com:443
22:01:18 [DEBUG] Starting new HTTPS connection (1): www.google.com:443
22:01:18 [DEBUG] https://www.gstatic.com:443 "GET /generate_204 HTTP/1.1" 204 0
22:01:18 [DEBUG] Starting new HTTPS connection (1): dl.google.com:443
22:01:18 [DEBUG] https://www.gstatic.com:443 "GET /generate_204 HTTP/1.1" 204 0
22:01:18 [DEBUG] Starting new HTTPS connection (1): www.google.com:443
22:01:18 [DEBUG] Starting new HTTPS connection (1): dl.google.com:443
22:01:18 [DEBUG] Starting new HTTPS connection (1): dl.google.com:443
22:01:18 [DEBUG] https://dl.google.com:443 "GET /dl/android/studio/install/3.4.1.0/android-studio-ide-183.5522156-windows.exe HTTP/1.1" 200 1017327996
22:01:18 [DEBUG] https://www.gstatic.com:443 "GET /generate_204 HTTP/1.1" 204 0
22:01:18 [DEBUG] Starting new HTTPS connection (1): dl.google.com:443
22:01:18 [DEBUG] Starting new HTTPS connection (1): dl.google.com:443
22:01:19 [DEBUG] https://dl.google.com:443 "GET /dl/android/studio/install/3.4.1.0/android-studio-ide-183.5522156-windows.exe HTTP/1.1" 200 1017327996
22:01:19 [INFO]    🎯 ru61.tcpnet.fun (XX) - 27.2 Mbps, 277ms, UDP✅ 🛡️Reality
22:01:19 [DEBUG] https://dl.google.com:443 "GET /dl/android/studio/install/3.4.1.0/android-studio-ide-183.5522156-windows.exe HTTP/1.1" 200 1017327996
22:01:19 [DEBUG] https://dl.google.com:443 "GET /dl/android/studio/install/3.4.1.0/android-studio-ide-183.5522156-windows.exe HTTP/1.1" 200 1017327996
22:01:19 [INFO]    🎯 rogbypass5.suio.me (XX) - 24.4 Mbps, 672ms, UDP✅ 🛡️Reality
22:01:19 [INFO]    🎯 cze01-vlr01.tcp-reset-club.net (XX) - 21.9 Mbps, 427ms, UDP✅ 🛡️Reality
22:01:19 [DEBUG] Starting new HTTPS connection (1): www.gstatic.com:443
22:01:19 [INFO]    🎯 staging.lastilhame.monster (XX) - 3.7 Mbps, 3532ms, UDP✅ 🛡️Reality
22:01:19 [DEBUG] https://www.google.com:443 "GET /generate_204 HTTP/1.1" 204 0
22:01:19 [DEBUG] Starting new HTTPS connection (1): cp.cloudflare.com:443
22:01:19 [DEBUG] Starting new HTTPS connection (1): cp.cloudflare.com:443
22:01:20 [DEBUG] https://cp.cloudflare.com:443 "GET / HTTP/1.1" 204 0
22:01:20 [DEBUG] Starting new HTTPS connection (1): www.gstatic.com:443
22:01:20 [DEBUG] https://www.gstatic.com:443 "GET /generate_204 HTTP/1.1" 204 0
22:01:20 [DEBUG] Starting new HTTPS connection (1): dl.google.com:443
22:01:20 [DEBUG] Starting new HTTPS connection (1): www.google.com:443
22:01:20 [DEBUG] Starting new HTTPS connection (1): cp.cloudflare.com:443
22:01:20 [DEBUG] https://www.google.com:443 "GET /generate_204 HTTP/1.1" 204 0
22:01:20 [DEBUG] Starting new HTTPS connection (1): cp.cloudflare.com:443
22:01:20 [DEBUG] Starting new HTTPS connection (1): www.google.com:443
22:01:20 [DEBUG] Starting new HTTPS connection (1): www.google.com:443
22:01:21 [DEBUG] Starting new HTTPS connection (1): www.google.com:443
22:01:21 [DEBUG] https://cp.cloudflare.com:443 "GET / HTTP/1.1" 204 0
22:01:21 [DEBUG] Starting new HTTPS connection (1): www.gstatic.com:443
22:01:21 [DEBUG] https://www.google.com:443 "GET /generate_204 HTTP/1.1" 204 0
22:01:21 [DEBUG] Starting new HTTPS connection (1): cp.cloudflare.com:443
22:01:21 [DEBUG] https://www.google.com:443 "GET /generate_204 HTTP/1.1" 204 0
22:01:21 [DEBUG] Starting new HTTPS connection (1): cp.cloudflare.com:443
22:01:21 [DEBUG] https://www.gstatic.com:443 "GET /generate_204 HTTP/1.1" 204 0
22:01:21 [DEBUG] https://cp.cloudflare.com:443 "GET / HTTP/1.1" 204 0
22:01:21 [DEBUG] Starting new HTTPS connection (1): www.gstatic.com:443
22:01:21 [DEBUG] https://cp.cloudflare.com:443 "GET / HTTP/1.1" 204 0
22:01:21 [DEBUG] Starting new HTTPS connection (1): www.gstatic.com:443
22:01:21 [DEBUG] Starting new HTTPS connection (1): dl.google.com:443
22:01:21 [DEBUG] Starting new HTTPS connection (1): dl.google.com:443
22:01:21 [DEBUG] https://dl.google.com:443 "GET /dl/android/studio/install/3.4.1.0/android-studio-ide-183.5522156-windows.exe HTTP/1.1" 200 1017327996
22:01:21 [DEBUG] https://www.gstatic.com:443 "GET /generate_204 HTTP/1.1" 204 0
22:01:21 [DEBUG] https://www.google.com:443 "GET /generate_204 HTTP/1.1" 204 0
22:01:21 [DEBUG] Starting new HTTPS connection (1): cp.cloudflare.com:443
22:01:22 [DEBUG] https://www.gstatic.com:443 "GET /generate_204 HTTP/1.1" 204 0
22:01:22 [DEBUG] Starting new HTTPS connection (1): www.gstatic.com:443
22:01:22 [DEBUG] https://dl.google.com:443 "GET /dl/android/studio/install/3.4.1.0/android-studio-ide-183.5522156-windows.exe HTTP/1.1" 200 1017327996
22:01:22 [DEBUG] Starting new HTTPS connection (1): dl.google.com:443
22:01:22 [INFO]    🎯 est01-vlr01.tcp-reset-club.net (XX) - 9.0 Mbps, 1736ms, UDP✅ 🛡️Reality
22:01:22 [DEBUG] Starting new HTTPS connection (1): dl.google.com:443
22:01:22 [DEBUG] Starting new HTTPS connection (1): cp.cloudflare.com:443
22:01:22 [DEBUG] https://dl.google.com:443 "GET /dl/android/studio/install/3.4.1.0/android-studio-ide-183.5522156-windows.exe HTTP/1.1" 200 1017327996
22:01:22 [INFO]    🎯 103.35.188.18 (Молдова) - 15.6 Mbps, 366ms, UDP✅ 🛡️Reality
22:01:22 [DEBUG] https://cp.cloudflare.com:443 "GET / HTTP/1.1" 204 0
22:01:22 [DEBUG] Starting new HTTPS connection (1): www.gstatic.com:443
22:01:23 [INFO]    🎯 94.131.101.112 (Молдова) - 18.1 Mbps, 363ms, UDP✅ 🛡️Reality
22:01:23 [DEBUG] https://dl.google.com:443 "GET /dl/android/studio/install/3.4.1.0/android-studio-ide-183.5522156-windows.exe HTTP/1.1" 200 1017327996
22:01:23 [DEBUG] Starting new HTTPS connection (1): www.google.com:443
22:01:23 [DEBUG] Starting new HTTPS connection (1): www.google.com:443
22:01:23 [DEBUG] Starting new HTTPS connection (1): cp.cloudflare.com:443
22:01:23 [DEBUG] https://www.google.com:443 "GET /generate_204 HTTP/1.1" 204 0
22:01:23 [DEBUG] Starting new HTTPS connection (1): cp.cloudflare.com:443
22:01:23 [INFO]    🎯 45.83.140.9 (CY) - 11.3 Mbps, 356ms, UDP✅ 🛡️Reality
22:01:23 [DEBUG] https://www.google.com:443 "GET /generate_204 HTTP/1.1" 204 0
22:01:23 [DEBUG] Starting new HTTPS connection (1): cp.cloudflare.com:443
22:01:23 [DEBUG] https://www.gstatic.com:443 "GET /generate_204 HTTP/1.1" 204 0
22:01:23 [DEBUG] https://cp.cloudflare.com:443 "GET / HTTP/1.1" 204 0
22:01:23 [DEBUG] Starting new HTTPS connection (1): www.gstatic.com:443
22:01:23 [DEBUG] Starting new HTTPS connection (1): www.gstatic.com:443
22:01:24 [DEBUG] Starting new HTTPS connection (1): www.google.com:443
22:01:24 [INFO]    🎯 pol01-rblx01.tcp-reset-club.net (XX) - 3.2 Mbps, 1340ms, UDP✅ 🛡️Reality
22:01:24 [DEBUG] https://cp.cloudflare.com:443 "GET / HTTP/1.1" 204 0
22:01:24 [DEBUG] Starting new HTTPS connection (1): www.gstatic.com:443
22:01:24 [DEBUG] https://www.gstatic.com:443 "GET /generate_204 HTTP/1.1" 204 0
22:01:24 [DEBUG] Starting new HTTPS connection (1): www.google.com:443
22:01:24 [DEBUG] https://www.google.com:443 "GET /generate_204 HTTP/1.1" 204 0
22:01:24 [DEBUG] Starting new HTTPS connection (1): cp.cloudflare.com:443
22:01:24 [DEBUG] https://www.gstatic.com:443 "GET /generate_204 HTTP/1.1" 204 0
22:01:24 [DEBUG] Starting new HTTPS connection (1): dl.google.com:443
22:01:24 [DEBUG] Starting new HTTPS connection (1): dl.google.com:443
22:01:24 [DEBUG] https://www.google.com:443 "GET /generate_204 HTTP/1.1" 204 0
22:01:24 [DEBUG] Starting new HTTPS connection (1): cp.cloudflare.com:443
22:01:24 [DEBUG] https://cp.cloudflare.com:443 "GET / HTTP/1.1" 204 0
22:01:24 [DEBUG] Starting new HTTPS connection (1): www.gstatic.com:443
22:01:24 [DEBUG] Starting new HTTPS connection (1): dl.google.com:443
22:01:24 [DEBUG] Starting new HTTPS connection (1): www.gstatic.com:443
22:01:24 [DEBUG] Starting new HTTPS connection (1): www.gstatic.com:443
22:01:25 [DEBUG] https://dl.google.com:443 "GET /dl/android/studio/install/3.4.1.0/android-studio-ide-183.5522156-windows.exe HTTP/1.1" 200 1017327996
22:01:25 [DEBUG] Starting new HTTPS connection (1): www.google.com:443
22:01:25 [DEBUG] https://cp.cloudflare.com:443 "GET / HTTP/1.1" 204 0
22:01:25 [DEBUG] Starting new HTTPS connection (1): www.gstatic.com:443
22:01:25 [DEBUG] https://www.gstatic.com:443 "GET /generate_204 HTTP/1.1" 204 0
22:01:25 [DEBUG] https://dl.google.com:443 "GET /dl/android/studio/install/3.4.1.0/android-studio-ide-183.5522156-windows.exe HTTP/1.1" 200 1017327996
22:01:25 [DEBUG] Starting new HTTPS connection (1): www.google.com:443
22:01:25 [DEBUG] https://www.google.com:443 "GET /generate_204 HTTP/1.1" 204 0
22:01:25 [DEBUG] Starting new HTTPS connection (1): cp.cloudflare.com:443
22:01:25 [DEBUG] Starting new HTTPS connection (1): dl.google.com:443
22:01:25 [DEBUG] https://dl.google.com:443 "GET /dl/android/studio/install/3.4.1.0/android-studio-ide-183.5522156-windows.exe HTTP/1.1" 404 1449
22:01:25 [INFO]    🎯 107.181.147.22 (Великобритания) - 0.0 Mbps, 2648ms, UDP✅ 🛡️Reality
22:01:25 [DEBUG] https://www.gstatic.com:443 "GET /generate_204 HTTP/1.1" 204 0
22:01:25 [INFO]    🎯 103.35.188.30 (Молдова) - 18.1 Mbps, 355ms, UDP✅ 🛡️Reality
22:01:25 [DEBUG] https://www.google.com:443 "GET /generate_204 HTTP/1.1" 204 0
22:01:25 [DEBUG] Starting new HTTPS connection (1): cp.cloudflare.com:443
22:01:25 [DEBUG] https://dl.google.com:443 "GET /dl/android/studio/install/3.4.1.0/android-studio-ide-183.5522156-windows.exe HTTP/1.1" 200 1017327996
22:01:25 [DEBUG] Starting new HTTPS connection (1): dl.google.com:443
22:01:25 [DEBUG] https://cp.cloudflare.com:443 "GET / HTTP/1.1" 204 0
22:01:25 [DEBUG] Starting new HTTPS connection (1): www.gstatic.com:443
22:01:25 [DEBUG] https://dl.google.com:443 "GET /dl/android/studio/install/3.4.1.0/android-studio-ide-183.5522156-windows.exe HTTP/1.1" 404 1449
22:01:25 [INFO]    🎯 83.222.23.81 (Казахстан) - 0.0 Mbps, 1005ms, UDP✅ 🛡️Reality
22:01:25 [DEBUG] https://dl.google.com:443 "GET /dl/android/studio/install/3.4.1.0/android-studio-ide-183.5522156-windows.exe HTTP/1.1" 200 1017327996
22:01:26 [DEBUG] https://cp.cloudflare.com:443 "GET / HTTP/1.1" 204 0
22:01:26 [DEBUG] Starting new HTTPS connection (1): www.gstatic.com:443
22:01:26 [INFO]    🎯 fast-brooklyn.ru (XX) - 4.1 Mbps, 1460ms, UDP❌ 🛡️Reality
22:01:26 [DEBUG] https://www.gstatic.com:443 "GET /generate_204 HTTP/1.1" 204 0
22:01:26 [DEBUG] https://www.gstatic.com:443 "GET /generate_204 HTTP/1.1" 204 0
22:01:26 [DEBUG] https://dl.google.com:443 "GET /dl/android/studio/install/3.4.1.0/android-studio-ide-183.5522156-windows.exe HTTP/1.1" 200 1017327996
22:01:26 [INFO]    🎯 103.35.188.22 (Молдова) - 11.8 Mbps, 356ms, UDP✅ 🛡️Reality
22:01:26 [INFO]    🎯 94.131.101.18 (Молдова) - 18.1 Mbps, 358ms, UDP✅ 🛡️Reality
22:01:26 [DEBUG] Starting new HTTPS connection (1): dl.google.com:443
22:01:26 [DEBUG] https://www.gstatic.com:443 "GET /generate_204 HTTP/1.1" 204 0
22:01:26 [DEBUG] Starting new HTTPS connection (1): dl.google.com:443
22:01:26 [DEBUG] Starting new HTTPS connection (1): www.google.com:443
22:01:26 [INFO]    🎯 94.131.101.43 (Молдова) - 18.0 Mbps, 366ms, UDP✅ 🛡️Reality
22:01:26 [DEBUG] Starting new HTTPS connection (1): www.google.com:443
22:01:26 [DEBUG] https://dl.google.com:443 "GET /dl/android/studio/install/3.4.1.0/android-studio-ide-183.5522156-windows.exe HTTP/1.1" 200 1017327996
22:01:26 [DEBUG] Starting new HTTPS connection (1): www.google.com:443
22:01:26 [DEBUG] Starting new HTTPS connection (1): dl.google.com:443
22:01:27 [DEBUG] https://www.google.com:443 "GET /generate_204 HTTP/1.1" 204 0
22:01:27 [DEBUG] Starting new HTTPS connection (1): cp.cloudflare.com:443
22:01:27 [DEBUG] https://dl.google.com:443 "GET /dl/android/studio/install/3.4.1.0/android-studio-ide-183.5522156-windows.exe HTTP/1.1" 200 1017327996
22:01:27 [DEBUG] Starting new HTTPS connection (1): www.google.com:443
22:01:27 [INFO]    🎯 45.83.140.34 (CY) - 18.4 Mbps, 356ms, UDP✅ 🛡️Reality
22:01:27 [DEBUG] https://cp.cloudflare.com:443 "GET / HTTP/1.1" 204 0
22:01:27 [DEBUG] Starting new HTTPS connection (1): www.gstatic.com:443
22:01:27 [DEBUG] Starting new HTTPS connection (1): www.google.com:443
22:01:27 [DEBUG] Starting new HTTPS connection (1): cp.cloudflare.com:443
22:01:27 [DEBUG] Starting new HTTPS connection (1): cp.cloudflare.com:443
22:01:27 [DEBUG] Starting new HTTPS connection (1): www.google.com:443
22:01:27 [INFO]    🎯 94.131.101.203 (Молдова) - 18.1 Mbps, 364ms, UDP✅ 🛡️Reality
22:01:27 [DEBUG] Starting new HTTPS connection (1): www.gstatic.com:443
22:01:27 [DEBUG] Starting new HTTPS connection (1): www.gstatic.com:443
22:01:27 [DEBUG] Starting new HTTPS connection (1): cp.cloudflare.com:443
22:01:27 [DEBUG] Starting new HTTPS connection (1): www.google.com:443
22:01:27 [DEBUG] https://www.gstatic.com:443 "GET /generate_204 HTTP/1.1" 204 0
22:01:28 [DEBUG] https://dl.google.com:443 "GET /dl/android/studio/install/3.4.1.0/android-studio-ide-183.5522156-windows.exe HTTP/1.1" 200 1017327996
22:01:28 [DEBUG] Starting new HTTPS connection (1): www.gstatic.com:443
22:01:28 [DEBUG] Starting new HTTPS connection (1): dl.google.com:443
22:01:28 [DEBUG] Starting new HTTPS connection (1): cp.cloudflare.com:443
22:01:28 [DEBUG] Starting new HTTPS connection (1): www.gstatic.com:443
22:01:28 [DEBUG] Starting new HTTPS connection (1): www.google.com:443
22:01:28 [DEBUG] Starting new HTTPS connection (1): www.gstatic.com:443
22:01:28 [DEBUG] Starting new HTTPS connection (1): www.google.com:443
22:01:28 [DEBUG] Starting new HTTPS connection (1): www.gstatic.com:443
22:01:28 [DEBUG] Starting new HTTPS connection (1): www.google.com:443
22:01:28 [DEBUG] https://dl.google.com:443 "GET /dl/android/studio/install/3.4.1.0/android-studio-ide-183.5522156-windows.exe HTTP/1.1" 200 1017327996
22:01:28 [DEBUG] Starting new HTTPS connection (1): cp.cloudflare.com:443
22:01:28 [DEBUG] Starting new HTTPS connection (1): cp.cloudflare.com:443
22:01:28 [DEBUG] Starting new HTTPS connection (1): www.google.com:443
22:01:28 [DEBUG] Starting new HTTPS connection (1): cp.cloudflare.com:443
22:01:29 [DEBUG] Starting new HTTPS connection (1): cp.cloudflare.com:443
22:01:29 [DEBUG] Starting new HTTPS connection (1): www.gstatic.com:443
22:01:29 [INFO]    🎯 103.113.70.30 (Молдова) - 17.8 Mbps, 397ms, UDP✅ 🛡️Reality
22:01:29 [DEBUG] Starting new HTTPS connection (1): www.gstatic.com:443
22:01:29 [DEBUG] Starting new HTTPS connection (1): www.google.com:443
22:01:29 [DEBUG] Starting new HTTPS connection (1): www.gstatic.com:443
22:01:29 [DEBUG] Starting new HTTPS connection (1): www.google.com:443
22:01:29 [DEBUG] Starting new HTTPS connection (1): www.google.com:443
22:01:29 [DEBUG] Starting new HTTPS connection (1): www.google.com:443
22:01:30 [DEBUG] https://www.gstatic.com:443 "GET /generate_204 HTTP/1.1" 204 0
22:01:30 [DEBUG] Starting new HTTPS connection (1): cp.cloudflare.com:443
22:01:30 [DEBUG] https://www.google.com:443 "GET /generate_204 HTTP/1.1" 204 0
22:01:30 [DEBUG] Starting new HTTPS connection (1): cp.cloudflare.com:443
22:01:30 [DEBUG] Starting new HTTPS connection (1): www.google.com:443
22:01:30 [DEBUG] Starting new HTTPS connection (1): cp.cloudflare.com:443
22:01:30 [DEBUG] Starting new HTTPS connection (1): www.gstatic.com:443
22:01:30 [DEBUG] Starting new HTTPS connection (1): www.google.com:443
22:01:30 [DEBUG] https://cp.cloudflare.com:443 "GET / HTTP/1.1" 204 0
22:01:30 [DEBUG] Starting new HTTPS connection (1): www.gstatic.com:443
22:01:30 [DEBUG] Starting new HTTPS connection (1): www.google.com:443
22:01:31 [DEBUG] https://www.google.com:443 "GET /generate_204 HTTP/1.1" 204 0
22:01:31 [DEBUG] Starting new HTTPS connection (1): cp.cloudflare.com:443
22:01:31 [DEBUG] https://www.gstatic.com:443 "GET /generate_204 HTTP/1.1" 204 0
22:01:31 [DEBUG] Starting new HTTPS connection (1): cp.cloudflare.com:443
22:01:31 [DEBUG] Starting new HTTPS connection (1): www.google.com:443
22:01:31 [DEBUG] Starting new HTTPS connection (1): www.google.com:443
22:01:31 [DEBUG] https://cp.cloudflare.com:443 "GET / HTTP/1.1" 204 0
22:01:31 [DEBUG] Starting new HTTPS connection (1): www.gstatic.com:443
22:01:31 [DEBUG] Starting new HTTPS connection (1): dl.google.com:443
22:01:31 [DEBUG] Starting new HTTPS connection (1): cp.cloudflare.com:443
22:01:31 [DEBUG] https://www.google.com:443 "GET /generate_204 HTTP/1.1" 204 0
22:01:31 [DEBUG] Starting new HTTPS connection (1): cp.cloudflare.com:443
22:01:31 [DEBUG] Starting new HTTPS connection (1): cp.cloudflare.com:443
22:01:31 [DEBUG] Starting new HTTPS connection (1): www.gstatic.com:443
22:01:31 [DEBUG] https://www.google.com:443 "GET /generate_204 HTTP/1.1" 204 0
22:01:31 [DEBUG] Starting new HTTPS connection (1): cp.cloudflare.com:443
22:01:31 [DEBUG] https://www.gstatic.com:443 "GET /generate_204 HTTP/1.1" 204 0
22:01:31 [DEBUG] https://dl.google.com:443 "GET /dl/android/studio/install/3.4.1.0/android-studio-ide-183.5522156-windows.exe HTTP/1.1" 200 1017327996
22:01:32 [DEBUG] Starting new HTTPS connection (1): www.google.com:443
22:01:32 [DEBUG] Starting new HTTPS connection (1): www.google.com:443
22:01:32 [DEBUG] https://cp.cloudflare.com:443 "GET / HTTP/1.1" 204 0
22:01:32 [DEBUG] Starting new HTTPS connection (1): www.gstatic.com:443
22:01:32 [DEBUG] Starting new HTTPS connection (1): cp.cloudflare.com:443
22:01:32 [INFO]    🎯 212.111.84.82 (Казахстан) - 16.9 Mbps, 415ms, UDP✅ 🛡️Reality
22:01:32 [INFO]    🎯 77.73.232.61 (Казахстан) - 3.1 Mbps, 1233ms, UDP✅ 🛡️Reality
22:01:32 [DEBUG] Starting new HTTPS connection (1): cp.cloudflare.com:443
22:01:32 [DEBUG] Starting new HTTPS connection (1): www.gstatic.com:443
22:01:32 [DEBUG] https://www.gstatic.com:443 "GET /generate_204 HTTP/1.1" 204 0
22:01:32 [DEBUG] Starting new HTTPS connection (1): www.gstatic.com:443
22:01:33 [DEBUG] Starting new HTTPS connection (1): www.google.com:443
22:01:33 [DEBUG] https://cp.cloudflare.com:443 "GET / HTTP/1.1" 204 0
22:01:33 [DEBUG] Starting new HTTPS connection (1): www.gstatic.com:443
22:01:33 [DEBUG] Starting new HTTPS connection (1): www.google.com:443
22:01:33 [DEBUG] Starting new HTTPS connection (1): www.google.com:443
22:01:33 [DEBUG] Starting new HTTPS connection (1): www.gstatic.com:443
22:01:34 [DEBUG] Starting new HTTPS connection (1): www.google.com:443
22:01:34 [DEBUG] Starting new HTTPS connection (1): www.google.com:443
22:01:34 [DEBUG] https://www.google.com:443 "GET /generate_204 HTTP/1.1" 204 0
22:01:34 [DEBUG] Starting new HTTPS connection (1): cp.cloudflare.com:443
22:01:34 [DEBUG] Starting new HTTPS connection (1): cp.cloudflare.com:443
22:01:34 [DEBUG] Starting new HTTPS connection (1): cp.cloudflare.com:443
22:01:34 [DEBUG] Starting new HTTPS connection (1): www.google.com:443
22:01:34 [DEBUG] Starting new HTTPS connection (1): dl.google.com:443
22:01:34 [DEBUG] Starting new HTTPS connection (1): www.gstatic.com:443
22:01:35 [DEBUG] Starting new HTTPS connection (1): dl.google.com:443
22:01:35 [DEBUG] Starting new HTTPS connection (1): www.google.com:443
22:01:35 [DEBUG] https://dl.google.com:443 "GET /dl/android/studio/install/3.4.1.0/android-studio-ide-183.5522156-windows.exe HTTP/1.1" 200 1017327996
22:01:35 [DEBUG] https://cp.cloudflare.com:443 "GET / HTTP/1.1" 204 0
22:01:35 [DEBUG] Starting new HTTPS connection (1): www.gstatic.com:443
22:01:35 [DEBUG] Starting new HTTPS connection (1): cp.cloudflare.com:443
22:01:35 [DEBUG] Starting new HTTPS connection (1): www.gstatic.com:443
22:01:35 [DEBUG] Starting new HTTPS connection (1): dl.google.com:443
22:01:35 [INFO]    🎯 212.111.84.187 (Казахстан) - 15.9 Mbps, 410ms, UDP❌ 🛡️Reality
22:01:35 [DEBUG] https://www.google.com:443 "GET /generate_204 HTTP/1.1" 204 0
22:01:35 [DEBUG] Starting new HTTPS connection (1): cp.cloudflare.com:443
22:01:36 [DEBUG] https://dl.google.com:443 "GET /dl/android/studio/install/3.4.1.0/android-studio-ide-183.5522156-windows.exe HTTP/1.1" 200 1017327996
22:01:36 [DEBUG] Starting new HTTPS connection (1): www.gstatic.com:443
22:01:36 [DEBUG] https://cp.cloudflare.com:443 "GET / HTTP/1.1" 204 0
22:01:36 [DEBUG] Starting new HTTPS connection (1): www.gstatic.com:443
22:01:36 [DEBUG] Starting new HTTPS connection (1): www.gstatic.com:443
22:01:36 [INFO]    🎯 rrrt.7777125.xyz (XX) - 0.0 Mbps, 2098ms, UDP✅ 🛡️Reality
22:01:36 [INFO]    🎯 212.111.84.187 (Казахстан) - 16.3 Mbps, 431ms, UDP❌ 🛡️Reality
22:01:36 [DEBUG] https://www.google.com:443 "GET /generate_204 HTTP/1.1" 204 0
22:01:36 [DEBUG] Starting new HTTPS connection (1): cp.cloudflare.com:443
22:01:37 [DEBUG] Starting new HTTPS connection (1): www.google.com:443
22:01:37 [DEBUG] Starting new HTTPS connection (1): cp.cloudflare.com:443
22:01:37 [DEBUG] Starting new HTTPS connection (1): www.gstatic.com:443
22:01:37 [DEBUG] Starting new HTTPS connection (1): cp.cloudflare.com:443
22:01:37 [DEBUG] Starting new HTTPS connection (1): www.google.com:443
22:01:37 [DEBUG] Starting new HTTPS connection (1): www.google.com:443
22:01:37 [DEBUG] Starting new HTTPS connection (1): www.google.com:443
22:01:38 [DEBUG] Starting new HTTPS connection (1): cp.cloudflare.com:443
22:01:38 [DEBUG] https://www.google.com:443 "GET /generate_204 HTTP/1.1" 204 0
22:01:38 [DEBUG] Starting new HTTPS connection (1): cp.cloudflare.com:443
22:01:38 [DEBUG] Starting new HTTPS connection (1): www.google.com:443
22:01:38 [DEBUG] https://cp.cloudflare.com:443 "GET / HTTP/1.1" 204 0
22:01:38 [DEBUG] Starting new HTTPS connection (1): www.gstatic.com:443
22:01:38 [DEBUG] Starting new HTTPS connection (1): cp.cloudflare.com:443
22:01:39 [DEBUG] https://www.google.com:443 "GET /generate_204 HTTP/1.1" 204 0
22:01:39 [DEBUG] Starting new HTTPS connection (1): cp.cloudflare.com:443
22:01:39 [DEBUG] Starting new HTTPS connection (1): www.gstatic.com:443
22:01:39 [DEBUG] Starting new HTTPS connection (1): www.gstatic.com:443
22:01:39 [DEBUG] https://www.gstatic.com:443 "GET /generate_204 HTTP/1.1" 204 0
22:01:39 [DEBUG] https://cp.cloudflare.com:443 "GET / HTTP/1.1" 204 0
22:01:39 [DEBUG] Starting new HTTPS connection (1): www.gstatic.com:443
22:01:40 [DEBUG] Starting new HTTPS connection (1): dl.google.com:443
22:01:40 [DEBUG] Starting new HTTPS connection (1): www.gstatic.com:443
22:01:40 [DEBUG] https://dl.google.com:443 "GET /dl/android/studio/install/3.4.1.0/android-studio-ide-183.5522156-windows.exe HTTP/1.1" 200 1017327996
22:01:40 [DEBUG] https://cp.cloudflare.com:443 "GET / HTTP/1.1" 204 0
22:01:40 [DEBUG] Starting new HTTPS connection (1): www.gstatic.com:443
22:01:40 [DEBUG] Starting new HTTPS connection (1): www.gstatic.com:443
22:01:41 [DEBUG] Starting new HTTPS connection (1): www.google.com:443
22:01:41 [DEBUG] Starting new HTTPS connection (1): www.google.com:443
22:01:41 [DEBUG] https://www.gstatic.com:443 "GET /generate_204 HTTP/1.1" 204 0
22:01:41 [DEBUG] Starting new HTTPS connection (1): www.google.com:443
22:01:41 [DEBUG] Starting new HTTPS connection (1): cp.cloudflare.com:443
22:01:42 [DEBUG] https://www.google.com:443 "GET /generate_204 HTTP/1.1" 204 0
22:01:42 [DEBUG] Starting new HTTPS connection (1): cp.cloudflare.com:443
22:01:42 [DEBUG] Starting new HTTPS connection (1): www.gstatic.com:443
22:01:42 [DEBUG] Starting new HTTPS connection (1): dl.google.com:443
22:01:42 [DEBUG] Starting new HTTPS connection (1): www.google.com:443
22:01:42 [INFO]    🎯 188.130.238.6 (Казахстан) - 6.8 Mbps, 652ms, UDP✅ 🛡️Reality
22:01:42 [DEBUG] https://www.google.com:443 "GET /generate_204 HTTP/1.1" 204 0
22:01:42 [DEBUG] Starting new HTTPS connection (1): cp.cloudflare.com:443
22:01:42 [DEBUG] Starting new HTTPS connection (1): dl.google.com:443
22:01:42 [DEBUG] https://cp.cloudflare.com:443 "GET / HTTP/1.1" 204 0
22:01:42 [DEBUG] Starting new HTTPS connection (1): www.gstatic.com:443
22:01:42 [DEBUG] https://www.gstatic.com:443 "GET /generate_204 HTTP/1.1" 204 0
22:01:42 [DEBUG] Starting new HTTPS connection (1): www.google.com:443
22:01:42 [DEBUG] https://cp.cloudflare.com:443 "GET / HTTP/1.1" 204 0
22:01:42 [DEBUG] Starting new HTTPS connection (1): www.gstatic.com:443
22:01:42 [DEBUG] Starting new HTTPS connection (1): cp.cloudflare.com:443
22:01:42 [DEBUG] https://dl.google.com:443 "GET /dl/android/studio/install/3.4.1.0/android-studio-ide-183.5522156-windows.exe HTTP/1.1" 200 1017327996
22:01:42 [DEBUG] Starting new HTTPS connection (1): dl.google.com:443
22:01:43 [DEBUG] https://dl.google.com:443 "GET /dl/android/studio/install/3.4.1.0/android-studio-ide-183.5522156-windows.exe HTTP/1.1" 200 1017327996
22:01:43 [DEBUG] https://www.google.com:443 "GET /generate_204 HTTP/1.1" 204 0
22:01:43 [DEBUG] Starting new HTTPS connection (1): cp.cloudflare.com:443
22:01:43 [INFO]    🎯 alb.pineappled.org (XX) - 77.6 Mbps, 160ms, UDP✅ 🛡️Reality
22:01:43 [DEBUG] Starting new HTTPS connection (1): www.gstatic.com:443
22:01:43 [DEBUG] https://www.gstatic.com:443 "GET /generate_204 HTTP/1.1" 204 0
22:01:43 [DEBUG] https://cp.cloudflare.com:443 "GET / HTTP/1.1" 204 0
22:01:43 [DEBUG] Starting new HTTPS connection (1): www.gstatic.com:443
22:01:43 [DEBUG] Starting new HTTPS connection (1): www.google.com:443
22:01:43 [INFO]    🎯 77.240.39.112 (Казахстан) - 12.1 Mbps, 1229ms, UDP✅ 🛡️Reality
22:01:43 [DEBUG] Starting new HTTPS connection (1): cp.cloudflare.com:443
22:01:43 [DEBUG] Starting new HTTPS connection (1): www.gstatic.com:443
22:01:43 [DEBUG] https://dl.google.com:443 "GET /dl/android/studio/install/3.4.1.0/android-studio-ide-183.5522156-windows.exe HTTP/1.1" 200 1017327996
22:01:43 [DEBUG] https://www.gstatic.com:443 "GET /generate_204 HTTP/1.1" 204 0
22:01:43 [DEBUG] Starting new HTTPS connection (1): www.google.com:443
22:01:43 [DEBUG] https://www.gstatic.com:443 "GET /generate_204 HTTP/1.1" 204 0
22:01:43 [DEBUG] Starting new HTTPS connection (1): cp.cloudflare.com:443
22:01:43 [DEBUG] Starting new HTTPS connection (1): dl.google.com:443
22:01:44 [DEBUG] https://dl.google.com:443 "GET /dl/android/studio/install/3.4.1.0/android-studio-ide-183.5522156-windows.exe HTTP/1.1" 200 1017327996
22:01:44 [DEBUG] Starting new HTTPS connection (1): dl.google.com:443
22:01:44 [DEBUG] Starting new HTTPS connection (1): www.google.com:443
22:01:44 [INFO]    🎯 morgentop.ru (XX) - 31.2 Mbps, 275ms, UDP✅ 🛡️Reality
22:01:44 [DEBUG] https://www.google.com:443 "GET /generate_204 HTTP/1.1" 204 0
22:01:44 [DEBUG] Starting new HTTPS connection (1): cp.cloudflare.com:443
22:01:44 [DEBUG] Starting new HTTPS connection (1): www.google.com:443
22:01:45 [DEBUG] https://dl.google.com:443 "GET /dl/android/studio/install/3.4.1.0/android-studio-ide-183.5522156-windows.exe HTTP/1.1" 200 1017327996
22:01:45 [DEBUG] https://www.google.com:443 "GET /generate_204 HTTP/1.1" 204 0
22:01:45 [DEBUG] Starting new HTTPS connection (1): cp.cloudflare.com:443
22:01:45 [DEBUG] Starting new HTTPS connection (1): cp.cloudflare.com:443
22:01:45 [DEBUG] https://cp.cloudflare.com:443 "GET / HTTP/1.1" 204 0
22:01:45 [DEBUG] Starting new HTTPS connection (1): www.gstatic.com:443
22:01:45 [DEBUG] Starting new HTTPS connection (1): www.gstatic.com:443
22:01:45 [DEBUG] Starting new HTTPS connection (1): www.google.com:443
22:01:45 [INFO]    🎯 kz01-vlr01.tcp-reset-club.net (XX) - 12.4 Mbps, 856ms, UDP✅ 🛡️Reality
22:01:45 [DEBUG] Starting new HTTPS connection (1): www.google.com:443
22:01:45 [DEBUG] https://cp.cloudflare.com:443 "GET / HTTP/1.1" 204 0
22:01:45 [DEBUG] Starting new HTTPS connection (1): www.gstatic.com:443
22:01:45 [DEBUG] Starting new HTTPS connection (1): www.gstatic.com:443
22:01:45 [DEBUG] Starting new HTTPS connection (1): www.google.com:443
22:01:45 [DEBUG] https://www.google.com:443 "GET /generate_204 HTTP/1.1" 204 0
22:01:45 [DEBUG] Starting new HTTPS connection (1): cp.cloudflare.com:443
22:01:46 [DEBUG] https://www.google.com:443 "GET /generate_204 HTTP/1.1" 204 0
22:01:46 [DEBUG] Starting new HTTPS connection (1): cp.cloudflare.com:443
22:01:46 [DEBUG] https://www.gstatic.com:443 "GET /generate_204 HTTP/1.1" 204 0
22:01:46 [DEBUG] Starting new HTTPS connection (1): cp.cloudflare.com:443
22:01:46 [DEBUG] https://www.google.com:443 "GET /generate_204 HTTP/1.1" 204 0
22:01:46 [DEBUG] Starting new HTTPS connection (1): cp.cloudflare.com:443
22:01:46 [DEBUG] Starting new HTTPS connection (1): dl.google.com:443
22:01:46 [DEBUG] https://cp.cloudflare.com:443 "GET / HTTP/1.1" 204 0
22:01:46 [DEBUG] Starting new HTTPS connection (1): www.gstatic.com:443
22:01:46 [DEBUG] Starting new HTTPS connection (1): www.google.com:443
22:01:46 [DEBUG] https://cp.cloudflare.com:443 "GET / HTTP/1.1" 204 0
22:01:46 [DEBUG] Starting new HTTPS connection (1): www.gstatic.com:443
22:01:46 [DEBUG] https://www.gstatic.com:443 "GET /generate_204 HTTP/1.1" 204 0
22:01:46 [DEBUG] Starting new HTTPS connection (1): www.gstatic.com:443
22:01:46 [DEBUG] https://www.gstatic.com:443 "GET /generate_204 HTTP/1.1" 204 0
22:01:46 [DEBUG] Starting new HTTPS connection (1): dl.google.com:443
22:01:46 [DEBUG] https://cp.cloudflare.com:443 "GET / HTTP/1.1" 204 0
22:01:46 [DEBUG] Starting new HTTPS connection (1): www.gstatic.com:443
22:01:46 [DEBUG] Starting new HTTPS connection (1): www.google.com:443
22:01:46 [DEBUG] https://www.gstatic.com:443 "GET /generate_204 HTTP/1.1" 204 0
22:01:46 [DEBUG] Starting new HTTPS connection (1): dl.google.com:443
22:01:47 [DEBUG] Starting new HTTPS connection (1): dl.google.com:443
22:01:47 [DEBUG] Starting new HTTPS connection (1): dl.google.com:443
22:01:47 [DEBUG] Starting new HTTPS connection (1): www.google.com:443
22:01:47 [DEBUG] https://dl.google.com:443 "GET /dl/android/studio/install/3.4.1.0/android-studio-ide-183.5522156-windows.exe HTTP/1.1" 200 1017327996
22:01:47 [DEBUG] Starting new HTTPS connection (1): cp.cloudflare.com:443
22:01:47 [DEBUG] https://dl.google.com:443 "GET /dl/android/studio/install/3.4.1.0/android-studio-ide-183.5522156-windows.exe HTTP/1.1" 200 1017327996
22:01:47 [INFO]    🎯 vk146.asbndx.com (XX) - 27.2 Mbps, 357ms, UDP✅ 🛡️Reality
22:01:47 [DEBUG] https://www.gstatic.com:443 "GET /generate_204 HTTP/1.1" 204 0
22:01:47 [DEBUG] https://dl.google.com:443 "GET /dl/android/studio/install/3.4.1.0/android-studio-ide-183.5522156-windows.exe HTTP/1.1" 200 1017327996
22:01:47 [DEBUG] Starting new HTTPS connection (1): www.gstatic.com:443
22:01:47 [DEBUG] Starting new HTTPS connection (1): cp.cloudflare.com:443
22:01:47 [INFO]    🎯 rogbypass4.suio.me (XX) - 21.2 Mbps, 347ms, UDP✅ 🛡️Reality
22:01:47 [DEBUG] https://dl.google.com:443 "GET /dl/android/studio/install/3.4.1.0/android-studio-ide-183.5522156-windows.exe HTTP/1.1" 200 1017327996
22:01:48 [DEBUG] Starting new HTTPS connection (1): dl.google.com:443
22:01:48 [DEBUG] Starting new HTTPS connection (1): www.gstatic.com:443
22:01:48 [DEBUG] Starting new HTTPS connection (1): www.google.com:443
22:01:48 [INFO]    🎯 194.32.142.55 (Казахстан) - 11.1 Mbps, 826ms, UDP✅ 🛡️Reality
22:01:48 [DEBUG] Starting new HTTPS connection (1): www.gstatic.com:443
22:01:48 [INFO]    🎯 82.115.43.39 (Казахстан) - 11.5 Mbps, 737ms, UDP✅ 🛡️Reality
22:01:48 [DEBUG] Starting new HTTPS connection (1): www.google.com:443
22:01:48 [DEBUG] https://www.google.com:443 "GET /generate_204 HTTP/1.1" 204 0
22:01:48 [DEBUG] Starting new HTTPS connection (1): cp.cloudflare.com:443
22:01:49 [DEBUG] https://dl.google.com:443 "GET /dl/android/studio/install/3.4.1.0/android-studio-ide-183.5522156-windows.exe HTTP/1.1" 200 1017327996
22:01:49 [DEBUG] Starting new HTTPS connection (1): www.google.com:443
22:01:49 [DEBUG] Starting new HTTPS connection (1): www.google.com:443
22:01:49 [DEBUG] https://dl.google.com:443 "GET /dl/android/studio/install/3.4.1.0/android-studio-ide-183.5522156-windows.exe HTTP/1.1" 200 1017327996
22:01:49 [DEBUG] Starting new HTTPS connection (1): www.google.com:443
22:01:49 [DEBUG] Starting new HTTPS connection (1): www.google.com:443
22:01:49 [DEBUG] https://cp.cloudflare.com:443 "GET / HTTP/1.1" 204 0
22:01:49 [DEBUG] Starting new HTTPS connection (1): www.gstatic.com:443
22:01:49 [DEBUG] Starting new HTTPS connection (1): www.google.com:443
22:01:49 [INFO]    🎯 194.110.55.21 (Казахстан) - 12.1 Mbps, 1367ms, UDP✅ 🛡️Reality
22:01:49 [DEBUG] Starting new HTTPS connection (1): www.google.com:443
22:01:49 [DEBUG] Starting new HTTPS connection (1): www.google.com:443
22:01:49 [DEBUG] Starting new HTTPS connection (1): www.google.com:443
22:01:50 [DEBUG] https://www.gstatic.com:443 "GET /generate_204 HTTP/1.1" 204 0
22:01:50 [DEBUG] https://www.google.com:443 "GET /generate_204 HTTP/1.1" 204 0
22:01:50 [DEBUG] Starting new HTTPS connection (1): cp.cloudflare.com:443
22:01:50 [DEBUG] https://www.google.com:443 "GET /generate_204 HTTP/1.1" 204 0
22:01:50 [DEBUG] Starting new HTTPS connection (1): cp.cloudflare.com:443
22:01:50 [DEBUG] Starting new HTTPS connection (1): dl.google.com:443
22:01:50 [DEBUG] https://cp.cloudflare.com:443 "GET / HTTP/1.1" 204 0
22:01:50 [DEBUG] Starting new HTTPS connection (1): www.gstatic.com:443
22:01:50 [DEBUG] https://www.google.com:443 "GET /generate_204 HTTP/1.1" 204 0
22:01:50 [DEBUG] Starting new HTTPS connection (1): cp.cloudflare.com:443
22:01:50 [DEBUG] Starting new HTTPS connection (1): www.google.com:443
22:01:51 [DEBUG] https://www.gstatic.com:443 "GET /generate_204 HTTP/1.1" 204 0
22:01:51 [DEBUG] https://cp.cloudflare.com:443 "GET / HTTP/1.1" 204 0
22:01:51 [DEBUG] Starting new HTTPS connection (1): www.gstatic.com:443
22:01:51 [DEBUG] https://www.google.com:443 "GET /generate_204 HTTP/1.1" 204 0
22:01:51 [DEBUG] Starting new HTTPS connection (1): cp.cloudflare.com:443
22:01:51 [DEBUG] https://cp.cloudflare.com:443 "GET / HTTP/1.1" 204 0
22:01:51 [DEBUG] Starting new HTTPS connection (1): www.gstatic.com:443
22:01:51 [DEBUG] https://dl.google.com:443 "GET /dl/android/studio/install/3.4.1.0/android-studio-ide-183.5522156-windows.exe HTTP/1.1" 200 1017327996
22:01:51 [DEBUG] Starting new HTTPS connection (1): dl.google.com:443
22:01:51 [DEBUG] https://www.google.com:443 "GET /generate_204 HTTP/1.1" 204 0
22:01:51 [DEBUG] Starting new HTTPS connection (1): cp.cloudflare.com:443
22:01:51 [DEBUG] Starting new HTTPS connection (1): cp.cloudflare.com:443
22:01:51 [DEBUG] Starting new HTTPS connection (1): cp.cloudflare.com:443
22:01:51 [DEBUG] https://www.gstatic.com:443 "GET /generate_204 HTTP/1.1" 204 0
22:01:51 [DEBUG] https://dl.google.com:443 "GET /dl/android/studio/install/3.4.1.0/android-studio-ide-183.5522156-windows.exe HTTP/1.1" 200 1017327996
22:01:52 [DEBUG] Starting new HTTPS connection (1): www.gstatic.com:443
22:01:52 [DEBUG] Starting new HTTPS connection (1): dl.google.com:443
22:01:52 [INFO]    🎯 ltu01-vlr01.tcp-reset-club.net (XX) - 23.1 Mbps, 419ms, UDP✅ 🛡️Reality
22:01:52 [DEBUG] https://cp.cloudflare.com:443 "GET / HTTP/1.1" 204 0
22:01:52 [DEBUG] Starting new HTTPS connection (1): www.gstatic.com:443
22:01:52 [DEBUG] Starting new HTTPS connection (1): cp.cloudflare.com:443
22:01:52 [INFO]    🎯 1002.kingfisher.top (XX) - 9.7 Mbps, 609ms, UDP✅ 🛡️Reality
22:01:52 [DEBUG] https://cp.cloudflare.com:443 "GET / HTTP/1.1" 204 0
22:01:52 [DEBUG] Starting new HTTPS connection (1): www.gstatic.com:443
22:01:52 [DEBUG] https://www.gstatic.com:443 "GET /generate_204 HTTP/1.1" 204 0
22:01:52 [DEBUG] https://dl.google.com:443 "GET /dl/android/studio/install/3.4.1.0/android-studio-ide-183.5522156-windows.exe HTTP/1.1" 200 1017327996
22:01:52 [DEBUG] https://www.google.com:443 "GET /generate_204 HTTP/1.1" 204 0
22:01:52 [DEBUG] Starting new HTTPS connection (1): cp.cloudflare.com:443
22:01:53 [DEBUG] Starting new HTTPS connection (1): dl.google.com:443
22:01:53 [INFO]    🎯 bgr01-vlr01.tcp-reset-club.net (XX) - 14.9 Mbps, 571ms, UDP✅ 🛡️Reality
22:01:53 [DEBUG] Starting new HTTPS connection (1): www.google.com:443
22:01:53 [DEBUG] Starting new HTTPS connection (1): www.google.com:443
22:01:53 [DEBUG] https://dl.google.com:443 "GET /dl/android/studio/install/3.4.1.0/android-studio-ide-183.5522156-windows.exe HTTP/1.1" 200 1017327996
22:01:53 [DEBUG] Starting new HTTPS connection (1): cp.cloudflare.com:443
22:01:53 [DEBUG] https://www.gstatic.com:443 "GET /generate_204 HTTP/1.1" 204 0
22:01:53 [DEBUG] https://www.gstatic.com:443 "GET /generate_204 HTTP/1.1" 204 0
22:01:54 [DEBUG] Starting new HTTPS connection (1): cp.cloudflare.com:443
22:01:54 [DEBUG] Starting new HTTPS connection (1): www.google.com:443
22:01:54 [DEBUG] Starting new HTTPS connection (1): dl.google.com:443
22:01:54 [DEBUG] Starting new HTTPS connection (1): www.gstatic.com:443
22:01:54 [DEBUG] https://www.google.com:443 "GET /generate_204 HTTP/1.1" 204 0
22:01:54 [DEBUG] Starting new HTTPS connection (1): cp.cloudflare.com:443
22:01:54 [DEBUG] Starting new HTTPS connection (1): dl.google.com:443
22:01:54 [DEBUG] Starting new HTTPS connection (1): www.google.com:443
22:01:54 [DEBUG] Starting new HTTPS connection (1): www.google.com:443
22:01:54 [INFO]    🎯 8.222.181.231 (Сингапур) - 10.0 Mbps, 1100ms, UDP✅ 🛡️Reality
22:01:55 [DEBUG] https://dl.google.com:443 "GET /dl/android/studio/install/3.4.1.0/android-studio-ide-183.5522156-windows.exe HTTP/1.1" 200 1017327996
22:01:55 [DEBUG] https://cp.cloudflare.com:443 "GET / HTTP/1.1" 204 0
22:01:55 [DEBUG] Starting new HTTPS connection (1): www.gstatic.com:443
22:01:55 [DEBUG] https://www.google.com:443 "GET /generate_204 HTTP/1.1" 204 0
22:01:55 [DEBUG] Starting new HTTPS connection (1): cp.cloudflare.com:443
22:01:55 [DEBUG] Starting new HTTPS connection (1): www.gstatic.com:443
22:01:56 [DEBUG] Starting new HTTPS connection (1): www.google.com:443
22:01:56 [DEBUG] https://dl.google.com:443 "GET /dl/android/studio/install/3.4.1.0/android-studio-ide-183.5522156-windows.exe HTTP/1.1" 200 1017327996
22:01:56 [DEBUG] Starting new HTTPS connection (1): www.google.com:443
22:01:56 [INFO]    🎯 47.254.207.127 (MY) - 9.4 Mbps, 1366ms, UDP✅ 🛡️Reality
22:01:56 [DEBUG] https://www.google.com:443 "GET /generate_204 HTTP/1.1" 204 0
22:01:56 [DEBUG] Starting new HTTPS connection (1): cp.cloudflare.com:443
22:01:56 [DEBUG] https://www.google.com:443 "GET /generate_204 HTTP/1.1" 204 0
22:01:56 [DEBUG] Starting new HTTPS connection (1): cp.cloudflare.com:443
22:01:56 [DEBUG] Starting new HTTPS connection (1): www.gstatic.com:443
22:01:56 [DEBUG] https://cp.cloudflare.com:443 "GET / HTTP/1.1" 204 0
22:01:56 [DEBUG] Starting new HTTPS connection (1): www.gstatic.com:443
22:01:56 [DEBUG] Starting new HTTPS connection (1): cp.cloudflare.com:443
22:01:56 [DEBUG] https://www.google.com:443 "GET /generate_204 HTTP/1.1" 204 0
22:01:56 [DEBUG] Starting new HTTPS connection (1): cp.cloudflare.com:443
22:01:57 [DEBUG] Starting new HTTPS connection (1): www.gstatic.com:443
22:01:57 [INFO]    🎯 45.89.107.200 (MY) - 7.1 Mbps, 1463ms, UDP✅ 🛡️Reality
22:01:57 [DEBUG] https://cp.cloudflare.com:443 "GET / HTTP/1.1" 204 0
22:01:57 [DEBUG] Starting new HTTPS connection (1): www.gstatic.com:443
22:01:57 [DEBUG] https://cp.cloudflare.com:443 "GET / HTTP/1.1" 204 0
22:01:57 [DEBUG] Starting new HTTPS connection (1): www.gstatic.com:443
22:01:57 [DEBUG] Starting new HTTPS connection (1): www.google.com:443
22:01:57 [DEBUG] https://www.gstatic.com:443 "GET /generate_204 HTTP/1.1" 204 0
22:01:57 [DEBUG] https://cp.cloudflare.com:443 "GET / HTTP/1.1" 204 0
22:01:57 [DEBUG] Starting new HTTPS connection (1): www.gstatic.com:443
22:01:57 [DEBUG] Starting new HTTPS connection (1): www.gstatic.com:443
22:01:57 [DEBUG] Starting new HTTPS connection (1): cp.cloudflare.com:443
22:01:57 [DEBUG] https://www.gstatic.com:443 "GET /generate_204 HTTP/1.1" 204 0
22:01:58 [DEBUG] Starting new HTTPS connection (1): www.gstatic.com:443
22:01:58 [DEBUG] Starting new HTTPS connection (1): www.google.com:443
22:01:58 [DEBUG] https://www.gstatic.com:443 "GET /generate_204 HTTP/1.1" 204 0
22:01:58 [DEBUG] Starting new HTTPS connection (1): dl.google.com:443
22:01:58 [DEBUG] Starting new HTTPS connection (1): www.google.com:443
22:01:58 [DEBUG] https://www.gstatic.com:443 "GET /generate_204 HTTP/1.1" 204 0
22:01:58 [DEBUG] Starting new HTTPS connection (1): www.google.com:443
22:01:58 [DEBUG] https://www.gstatic.com:443 "GET /generate_204 HTTP/1.1" 204 0
22:01:58 [DEBUG] https://cp.cloudflare.com:443 "GET / HTTP/1.1" 204 0
22:01:58 [DEBUG] Starting new HTTPS connection (1): www.gstatic.com:443
22:01:59 [DEBUG] Starting new HTTPS connection (1): dl.google.com:443
22:01:59 [DEBUG] https://www.google.com:443 "GET /generate_204 HTTP/1.1" 204 0
22:01:59 [DEBUG] Starting new HTTPS connection (1): cp.cloudflare.com:443
22:01:59 [DEBUG] Starting new HTTPS connection (1): cp.cloudflare.com:443
22:01:59 [DEBUG] Starting new HTTPS connection (1): dl.google.com:443
22:01:59 [DEBUG] Starting new HTTPS connection (1): dl.google.com:443
22:01:59 [DEBUG] https://dl.google.com:443 "GET /dl/android/studio/install/3.4.1.0/android-studio-ide-183.5522156-windows.exe HTTP/1.1" 200 1017327996
22:01:59 [DEBUG] Starting new HTTPS connection (1): www.google.com:443
22:01:59 [DEBUG] Starting new HTTPS connection (1): www.gstatic.com:443
22:02:00 [DEBUG] https://dl.google.com:443 "GET /dl/android/studio/install/3.4.1.0/android-studio-ide-183.5522156-windows.exe HTTP/1.1" 200 1017327996
22:02:00 [DEBUG] https://cp.cloudflare.com:443 "GET / HTTP/1.1" 204 0
22:02:00 [DEBUG] Starting new HTTPS connection (1): www.gstatic.com:443
22:02:00 [DEBUG] https://dl.google.com:443 "GET /dl/android/studio/install/3.4.1.0/android-studio-ide-183.5522156-windows.exe HTTP/1.1" 200 1017327996
22:02:00 [DEBUG] https://dl.google.com:443 "GET /dl/android/studio/install/3.4.1.0/android-studio-ide-183.5522156-windows.exe HTTP/1.1" 200 1017327996
22:02:00 [DEBUG] Starting new HTTPS connection (1): dl.google.com:443
22:02:00 [DEBUG] Starting new HTTPS connection (1): www.google.com:443
22:02:00 [INFO]    🎯 167.234.255.2 (Бразилия) - 7.5 Mbps, 1189ms, UDP✅ 🛡️Reality
22:02:01 [DEBUG] Starting new HTTPS connection (1): cp.cloudflare.com:443
22:02:01 [INFO]    🎯 hk01-vlr01.tcp-reset-club.net (XX) - 6.8 Mbps, 837ms, UDP✅ 🛡️Reality
22:02:02 [DEBUG] Starting new HTTPS connection (1): www.google.com:443
22:02:02 [DEBUG] Starting new HTTPS connection (1): cp.cloudflare.com:443
22:02:02 [DEBUG] https://www.gstatic.com:443 "GET /generate_204 HTTP/1.1" 204 0
22:02:02 [DEBUG] https://www.gstatic.com:443 "GET /generate_204 HTTP/1.1" 204 0
22:02:02 [DEBUG] Starting new HTTPS connection (1): www.google.com:443
22:02:02 [DEBUG] Starting new HTTPS connection (1): dl.google.com:443
22:02:03 [DEBUG] Starting new HTTPS connection (1): www.google.com:443
22:02:03 [DEBUG] Starting new HTTPS connection (1): www.gstatic.com:443
22:02:03 [DEBUG] Starting new HTTPS connection (1): cp.cloudflare.com:443
22:02:03 [DEBUG] Starting new HTTPS connection (1): cp.cloudflare.com:443
22:02:03 [DEBUG] Starting new HTTPS connection (1): www.gstatic.com:443
22:02:03 [DEBUG] https://dl.google.com:443 "GET /dl/android/studio/install/3.4.1.0/android-studio-ide-183.5522156-windows.exe HTTP/1.1" 200 1017327996
22:02:03 [DEBUG] Starting new HTTPS connection (1): www.google.com:443
22:02:04 [DEBUG] Starting new HTTPS connection (1): cp.cloudflare.com:443
22:02:04 [DEBUG] Starting new HTTPS connection (1): cp.cloudflare.com:443
22:02:05 [DEBUG] https://www.google.com:443 "GET /generate_204 HTTP/1.1" 204 0
22:02:05 [DEBUG] Starting new HTTPS connection (1): cp.cloudflare.com:443
22:02:05 [DEBUG] Starting new HTTPS connection (1): dl.google.com:443
22:02:05 [DEBUG] https://dl.google.com:443 "GET /dl/android/studio/install/3.4.1.0/android-studio-ide-183.5522156-windows.exe HTTP/1.1" 200 1017327996
22:02:06 [DEBUG] Starting new HTTPS connection (1): www.google.com:443
22:02:06 [DEBUG] Starting new HTTPS connection (1): www.gstatic.com:443
22:02:06 [DEBUG] Starting new HTTPS connection (1): www.gstatic.com:443
22:02:06 [DEBUG] https://cp.cloudflare.com:443 "GET / HTTP/1.1" 204 0
22:02:06 [DEBUG] Starting new HTTPS connection (1): www.gstatic.com:443
22:02:06 [DEBUG] Starting new HTTPS connection (1): www.google.com:443
22:02:06 [INFO]    🎯 2.hk.1.cdn-bilibili.cn (XX) - 2.3 Mbps, 1330ms, UDP✅ 🛡️Reality
22:02:07 [DEBUG] Starting new HTTPS connection (1): cp.cloudflare.com:443
22:02:07 [INFO]    🎯 2.hk.2.cdn-bilibili.cn (XX) - 2.2 Mbps, 1358ms, UDP✅ 🛡️Reality
22:02:07 [DEBUG] Starting new HTTPS connection (1): cp.cloudflare.com:443
22:02:07 [INFO]    🎯 che01-plr-vlr01.tcp-reset-club.net (XX) - 2.3 Mbps, 2857ms, UDP✅ 🛡️Reality
22:02:07 [DEBUG] https://www.gstatic.com:443 "GET /generate_204 HTTP/1.1" 204 0
22:02:07 [DEBUG] Starting new HTTPS connection (1): cp.cloudflare.com:443
22:02:07 [INFO]    🎯 rogbypass2.suio.me (XX) - 3.5 Mbps, 1324ms, UDP✅ 🛡️Reality
22:02:08 [DEBUG] Starting new HTTPS connection (1): www.google.com:443
22:02:08 [DEBUG] Starting new HTTPS connection (1): www.gstatic.com:443
22:02:08 [DEBUG] Starting new HTTPS connection (1): www.gstatic.com:443
22:02:08 [DEBUG] Starting new HTTPS connection (1): www.google.com:443
22:02:08 [DEBUG] Starting new HTTPS connection (1): dl.google.com:443
22:02:08 [DEBUG] Starting new HTTPS connection (1): www.gstatic.com:443
22:02:08 [DEBUG] Starting new HTTPS connection (1): cp.cloudflare.com:443
22:02:08 [DEBUG] Starting new HTTPS connection (1): www.google.com:443
22:02:09 [DEBUG] Starting new HTTPS connection (1): www.google.com:443
22:02:09 [DEBUG] Starting new HTTPS connection (1): www.google.com:443
22:02:09 [DEBUG] Starting new HTTPS connection (1): www.google.com:443
22:02:09 [DEBUG] Starting new HTTPS connection (1): www.gstatic.com:443
22:02:09 [DEBUG] Starting new HTTPS connection (1): www.gstatic.com:443
22:02:09 [DEBUG] Starting new HTTPS connection (1): www.google.com:443
22:02:10 [DEBUG] Starting new HTTPS connection (1): cp.cloudflare.com:443
22:02:10 [DEBUG] https://www.google.com:443 "GET /generate_204 HTTP/1.1" 204 0
22:02:10 [DEBUG] Starting new HTTPS connection (1): cp.cloudflare.com:443
22:02:10 [DEBUG] https://dl.google.com:443 "GET /dl/android/studio/install/3.4.1.0/android-studio-ide-183.5522156-windows.exe HTTP/1.1" 200 1017327996
22:02:10 [DEBUG] Starting new HTTPS connection (1): cp.cloudflare.com:443
22:02:10 [INFO]    🎯 us-2.bot-iphone.ru (XX) - 0.0 Mbps, 589ms, UDP✅ 🛡️Reality
22:02:11 [DEBUG] Starting new HTTPS connection (1): www.gstatic.com:443
22:02:11 [DEBUG] Starting new HTTPS connection (1): www.google.com:443
22:02:11 [DEBUG] https://dl.google.com:443 "GET /dl/android/studio/install/3.4.1.0/android-studio-ide-183.5522156-windows.exe HTTP/1.1" 200 1017327996
22:02:11 [DEBUG] https://www.gstatic.com:443 "GET /generate_204 HTTP/1.1" 204 0
22:02:11 [DEBUG] https://cp.cloudflare.com:443 "GET / HTTP/1.1" 204 0
22:02:11 [DEBUG] Starting new HTTPS connection (1): www.gstatic.com:443
22:02:11 [INFO]    🎯 jp01-vlr01.tcp-reset-club.net (XX) - 6.2 Mbps, 1252ms, UDP✅ 🛡️Reality
22:02:11 [DEBUG] https://cp.cloudflare.com:443 "GET / HTTP/1.1" 204 0
22:02:11 [DEBUG] Starting new HTTPS connection (1): www.gstatic.com:443
22:02:11 [DEBUG] Starting new HTTPS connection (1): www.gstatic.com:443
22:02:11 [DEBUG] https://www.google.com:443 "GET /generate_204 HTTP/1.1" 204 0
22:02:11 [DEBUG] Starting new HTTPS connection (1): cp.cloudflare.com:443
22:02:12 [DEBUG] Starting new HTTPS connection (1): www.google.com:443
22:02:12 [DEBUG] Starting new HTTPS connection (1): www.google.com:443
22:02:12 [DEBUG] https://cp.cloudflare.com:443 "GET / HTTP/1.1" 204 0
22:02:12 [DEBUG] Starting new HTTPS connection (1): www.gstatic.com:443
22:02:12 [DEBUG] Starting new HTTPS connection (1): www.google.com:443
22:02:12 [DEBUG] Starting new HTTPS connection (1): www.google.com:443
22:02:13 [DEBUG] Starting new HTTPS connection (1): cp.cloudflare.com:443
22:02:13 [DEBUG] https://www.google.com:443 "GET /generate_204 HTTP/1.1" 204 0
22:02:13 [DEBUG] Starting new HTTPS connection (1): cp.cloudflare.com:443
22:02:13 [DEBUG] https://www.gstatic.com:443 "GET /generate_204 HTTP/1.1" 204 0
22:02:13 [DEBUG] Starting new HTTPS connection (1): cp.cloudflare.com:443
22:02:13 [DEBUG] Starting new HTTPS connection (1): www.gstatic.com:443
22:02:13 [DEBUG] Starting new HTTPS connection (1): www.google.com:443
22:02:13 [DEBUG] https://www.google.com:443 "GET /generate_204 HTTP/1.1" 204 0
22:02:13 [DEBUG] Starting new HTTPS connection (1): cp.cloudflare.com:443
22:02:14 [DEBUG] Starting new HTTPS connection (1): www.google.com:443
22:02:14 [DEBUG] https://cp.cloudflare.com:443 "GET / HTTP/1.1" 204 0
22:02:14 [DEBUG] Starting new HTTPS connection (1): www.gstatic.com:443
22:02:14 [DEBUG] https://www.google.com:443 "GET /generate_204 HTTP/1.1" 204 0
22:02:14 [DEBUG] Starting new HTTPS connection (1): cp.cloudflare.com:443
22:02:14 [DEBUG] Starting new HTTPS connection (1): cp.cloudflare.com:443
22:02:14 [DEBUG] https://www.google.com:443 "GET /generate_204 HTTP/1.1" 204 0
22:02:14 [DEBUG] Starting new HTTPS connection (1): cp.cloudflare.com:443
22:02:14 [DEBUG] Starting new HTTPS connection (1): dl.google.com:443
22:02:14 [DEBUG] https://www.gstatic.com:443 "GET /generate_204 HTTP/1.1" 204 0
22:02:14 [DEBUG] https://cp.cloudflare.com:443 "GET / HTTP/1.1" 204 0
22:02:14 [DEBUG] Starting new HTTPS connection (1): www.gstatic.com:443
22:02:15 [DEBUG] https://cp.cloudflare.com:443 "GET / HTTP/1.1" 204 0
22:02:15 [DEBUG] Starting new HTTPS connection (1): www.gstatic.com:443
22:02:15 [DEBUG] Starting new HTTPS connection (1): www.google.com:443
22:02:15 [DEBUG] Starting new HTTPS connection (1): dl.google.com:443
22:02:15 [DEBUG] https://cp.cloudflare.com:443 "GET / HTTP/1.1" 204 0
22:02:15 [DEBUG] Starting new HTTPS connection (1): www.gstatic.com:443
22:02:15 [DEBUG] https://www.google.com:443 "GET /generate_204 HTTP/1.1" 204 0
22:02:15 [DEBUG] Starting new HTTPS connection (1): cp.cloudflare.com:443
22:02:15 [DEBUG] Starting new HTTPS connection (1): www.google.com:443
22:02:15 [DEBUG] https://www.gstatic.com:443 "GET /generate_204 HTTP/1.1" 204 0
22:02:15 [DEBUG] https://dl.google.com:443 "GET /dl/android/studio/install/3.4.1.0/android-studio-ide-183.5522156-windows.exe HTTP/1.1" 200 1017327996
22:02:16 [DEBUG] https://dl.google.com:443 "GET /dl/android/studio/install/3.4.1.0/android-studio-ide-183.5522156-windows.exe HTTP/1.1" 200 1017327996
22:02:16 [DEBUG] Starting new HTTPS connection (1): dl.google.com:443
22:02:16 [DEBUG] https://www.gstatic.com:443 "GET /generate_204 HTTP/1.1" 204 0
22:02:16 [DEBUG] https://cp.cloudflare.com:443 "GET / HTTP/1.1" 204 0
22:02:16 [DEBUG] Starting new HTTPS connection (1): www.gstatic.com:443
22:02:16 [DEBUG] https://www.gstatic.com:443 "GET /generate_204 HTTP/1.1" 204 0
22:02:16 [DEBUG] https://www.gstatic.com:443 "GET /generate_204 HTTP/1.1" 204 0
22:02:17 [DEBUG] https://www.google.com:443 "GET /generate_204 HTTP/1.1" 204 0
22:02:17 [DEBUG] Starting new HTTPS connection (1): cp.cloudflare.com:443
22:02:17 [DEBUG] Starting new HTTPS connection (1): dl.google.com:443
22:02:17 [DEBUG] https://www.google.com:443 "GET /generate_204 HTTP/1.1" 204 0
22:02:17 [DEBUG] Starting new HTTPS connection (1): cp.cloudflare.com:443
22:02:17 [DEBUG] Starting new HTTPS connection (1): dl.google.com:443
22:02:17 [DEBUG] https://dl.google.com:443 "GET /dl/android/studio/install/3.4.1.0/android-studio-ide-183.5522156-windows.exe HTTP/1.1" 200 1017327996
22:02:17 [INFO]    🎯 45.82.249.129 (CY) - 4.9 Mbps, 1666ms, UDP✅ 🛡️Reality
22:02:17 [INFO]    🎯 pq.vmjp3.yydjc.top (XX) - 6.3 Mbps, 1484ms, UDP✅ 🛡️Reality
22:02:17 [DEBUG] Starting new HTTPS connection (1): www.gstatic.com:443
22:02:17 [DEBUG] Starting new HTTPS connection (1): dl.google.com:443
22:02:17 [DEBUG] https://www.gstatic.com:443 "GET /generate_204 HTTP/1.1" 204 0
22:02:18 [DEBUG] https://dl.google.com:443 "GET /dl/android/studio/install/3.4.1.0/android-studio-ide-183.5522156-windows.exe HTTP/1.1" 200 1017327996
22:02:18 [DEBUG] https://dl.google.com:443 "GET /dl/android/studio/install/3.4.1.0/android-studio-ide-183.5522156-windows.exe HTTP/1.1" 200 1017327996
22:02:18 [DEBUG] https://www.gstatic.com:443 "GET /generate_204 HTTP/1.1" 204 0
22:02:18 [DEBUG] Starting new HTTPS connection (1): www.google.com:443
22:02:19 [DEBUG] Starting new HTTPS connection (1): www.google.com:443
22:02:19 [DEBUG] Starting new HTTPS connection (1): www.gstatic.com:443
22:02:19 [INFO]    🎯 pq.vmjp2.yydjc.top (XX) - 6.1 Mbps, 1471ms, UDP✅ 🛡️Reality
22:02:19 [DEBUG] Starting new HTTPS connection (1): dl.google.com:443
22:02:19 [DEBUG] https://dl.google.com:443 "GET /dl/android/studio/install/3.4.1.0/android-studio-ide-183.5522156-windows.exe HTTP/1.1" 200 1017327996
22:02:19 [DEBUG] https://cp.cloudflare.com:443 "GET / HTTP/1.1" 204 0
22:02:19 [DEBUG] Starting new HTTPS connection (1): www.gstatic.com:443
22:02:19 [DEBUG] Starting new HTTPS connection (1): cp.cloudflare.com:443
22:02:19 [DEBUG] Starting new HTTPS connection (1): cp.cloudflare.com:443
22:02:19 [DEBUG] Starting new HTTPS connection (1): dl.google.com:443
22:02:20 [DEBUG] Starting new HTTPS connection (1): www.gstatic.com:443
22:02:20 [DEBUG] Starting new HTTPS connection (1): www.google.com:443
22:02:20 [DEBUG] Starting new HTTPS connection (1): cp.cloudflare.com:443
22:02:20 [DEBUG] Starting new HTTPS connection (1): www.gstatic.com:443
22:02:20 [INFO]    🎯 kr01-vlr01.tcp-reset-club.net (XX) - 5.7 Mbps, 1448ms, UDP✅ 🛡️Reality
22:02:21 [DEBUG] https://dl.google.com:443 "GET /dl/android/studio/install/3.4.1.0/android-studio-ide-183.5522156-windows.exe HTTP/1.1" 200 1017327996
22:02:21 [DEBUG] Starting new HTTPS connection (1): cp.cloudflare.com:443
22:02:22 [DEBUG] https://www.gstatic.com:443 "GET /generate_204 HTTP/1.1" 204 0
22:02:22 [DEBUG] Starting new HTTPS connection (1): www.gstatic.com:443
22:02:22 [DEBUG] Starting new HTTPS connection (1): www.gstatic.com:443
22:02:22 [DEBUG] Starting new HTTPS connection (1): www.google.com:443
22:02:22 [DEBUG] Starting new HTTPS connection (1): www.google.com:443
22:02:22 [DEBUG] https://www.google.com:443 "GET /generate_204 HTTP/1.1" 204 0
22:02:22 [DEBUG] Starting new HTTPS connection (1): cp.cloudflare.com:443
22:02:23 [INFO]    🎯 2.kr.1.cdn-bilibili.cn (XX) - 4.7 Mbps, 1659ms, UDP✅ 🛡️Reality
22:02:23 [DEBUG] https://cp.cloudflare.com:443 "GET / HTTP/1.1" 204 0
22:02:23 [DEBUG] Starting new HTTPS connection (1): www.gstatic.com:443
22:02:23 [DEBUG] Starting new HTTPS connection (1): dl.google.com:443
22:02:23 [DEBUG] Starting new HTTPS connection (1): www.google.com:443
22:02:23 [DEBUG] https://www.gstatic.com:443 "GET /generate_204 HTTP/1.1" 204 0
22:02:23 [DEBUG] https://www.google.com:443 "GET /generate_204 HTTP/1.1" 204 0
22:02:23 [DEBUG] Starting new HTTPS connection (1): cp.cloudflare.com:443
22:02:24 [DEBUG] Starting new HTTPS connection (1): dl.google.com:443
22:02:24 [DEBUG] Starting new HTTPS connection (1): www.google.com:443
22:02:24 [DEBUG] Starting new HTTPS connection (1): www.google.com:443
22:02:24 [INFO]    🎯 2.tw.1.cdn-bilibili.cn (XX) - 2.5 Mbps, 1495ms, UDP✅ 🛡️Reality
22:02:24 [DEBUG] Starting new HTTPS connection (1): cp.cloudflare.com:443
22:02:24 [DEBUG] Starting new HTTPS connection (1): www.gstatic.com:443
22:02:24 [DEBUG] Starting new HTTPS connection (1): cp.cloudflare.com:443
22:02:24 [INFO]    🎯 2.tw.2.cdn-bilibili.cn (XX) - 2.4 Mbps, 1491ms, UDP✅ 🛡️Reality
22:02:24 [DEBUG] Starting new HTTPS connection (1): www.gstatic.com:443
22:02:24 [DEBUG] https://dl.google.com:443 "GET /dl/android/studio/install/3.4.1.0/android-studio-ide-183.5522156-windows.exe HTTP/1.1" 200 1017327996
22:02:24 [DEBUG] https://www.google.com:443 "GET /generate_204 HTTP/1.1" 204 0
22:02:24 [DEBUG] Starting new HTTPS connection (1): cp.cloudflare.com:443
22:02:24 [DEBUG] https://cp.cloudflare.com:443 "GET / HTTP/1.1" 204 0
22:02:24 [DEBUG] Starting new HTTPS connection (1): www.gstatic.com:443
22:02:25 [DEBUG] Starting new HTTPS connection (1): www.google.com:443
22:02:25 [DEBUG] Starting new HTTPS connection (1): www.google.com:443
22:02:25 [DEBUG] Starting new HTTPS connection (1): www.gstatic.com:443
22:02:25 [DEBUG] Starting new HTTPS connection (1): www.google.com:443
22:02:25 [DEBUG] Starting new HTTPS connection (1): www.google.com:443
22:02:25 [DEBUG] Starting new HTTPS connection (1): cp.cloudflare.com:443
22:02:25 [DEBUG] https://dl.google.com:443 "GET /dl/android/studio/install/3.4.1.0/android-studio-ide-183.5522156-windows.exe HTTP/1.1" 200 1017327996
22:02:25 [DEBUG] Starting new HTTPS connection (1): www.gstatic.com:443
22:02:25 [DEBUG] Starting new HTTPS connection (1): cp.cloudflare.com:443
22:02:25 [DEBUG] Starting new HTTPS connection (1): cp.cloudflare.com:443
22:02:26 [DEBUG] Starting new HTTPS connection (1): www.gstatic.com:443
22:02:26 [DEBUG] Starting new HTTPS connection (1): www.gstatic.com:443
22:02:26 [DEBUG] https://cp.cloudflare.com:443 "GET / HTTP/1.1" 204 0
22:02:26 [DEBUG] Starting new HTTPS connection (1): www.gstatic.com:443
22:02:26 [DEBUG] Starting new HTTPS connection (1): www.google.com:443
22:02:26 [DEBUG] Starting new HTTPS connection (1): cp.cloudflare.com:443
22:02:26 [DEBUG] Starting new HTTPS connection (1): www.google.com:443
22:02:26 [DEBUG] Starting new HTTPS connection (1): www.gstatic.com:443
22:02:26 [DEBUG] https://www.gstatic.com:443 "GET /generate_204 HTTP/1.1" 204 0
22:02:27 [DEBUG] Starting new HTTPS connection (1): www.google.com:443
22:02:27 [DEBUG] https://www.gstatic.com:443 "GET /generate_204 HTTP/1.1" 204 0
22:02:27 [DEBUG] Starting new HTTPS connection (1): www.google.com:443
22:02:27 [DEBUG] Starting new HTTPS connection (1): www.google.com:443
22:02:27 [DEBUG] Starting new HTTPS connection (1): dl.google.com:443
22:02:27 [INFO]    🎯 45.15.185.69 (Австралия) - 3.9 Mbps, 2317ms, UDP✅ 🛡️Reality
22:02:27 [DEBUG] https://www.gstatic.com:443 "GET /generate_204 HTTP/1.1" 204 0
22:02:27 [DEBUG] Starting new HTTPS connection (1): cp.cloudflare.com:443
22:02:28 [INFO]    🎯 47.74.6.60 (Япония) - 0.0 Mbps, 5449ms, UDP✅ 🛡️Reality
22:02:28 [DEBUG] Starting new HTTPS connection (1): www.google.com:443
22:02:28 [DEBUG] Starting new HTTPS connection (1): cp.cloudflare.com:443
22:02:28 [DEBUG] Starting new HTTPS connection (1): www.gstatic.com:443
22:02:28 [DEBUG] https://dl.google.com:443 "GET /dl/android/studio/install/3.4.1.0/android-studio-ide-183.5522156-windows.exe HTTP/1.1" 200 1017327996
22:02:28 [DEBUG] Starting new HTTPS connection (1): cp.cloudflare.com:443
22:02:28 [DEBUG] Starting new HTTPS connection (1): dl.google.com:443
22:02:29 [DEBUG] Starting new HTTPS connection (1): www.google.com:443
22:02:29 [DEBUG] Starting new HTTPS connection (1): cp.cloudflare.com:443
22:02:29 [DEBUG] Starting new HTTPS connection (1): www.gstatic.com:443
22:02:29 [DEBUG] Starting new HTTPS connection (1): www.google.com:443
22:02:29 [DEBUG] Starting new HTTPS connection (1): dl.google.com:443
22:02:29 [DEBUG] Starting new HTTPS connection (1): cp.cloudflare.com:443
22:02:29 [DEBUG] Starting new HTTPS connection (1): www.google.com:443
22:02:30 [DEBUG] https://dl.google.com:443 "GET /dl/android/studio/install/3.4.1.0/android-studio-ide-183.5522156-windows.exe HTTP/1.1" 200 1017327996
22:02:30 [INFO]    🎯 pq.vmjp.yydjc.top (XX) - 6.4 Mbps, 1522ms, UDP✅ 🛡️Reality
22:02:30 [DEBUG] Starting new HTTPS connection (1): www.gstatic.com:443
22:02:30 [DEBUG] Starting new HTTPS connection (1): www.google.com:443
22:02:30 [DEBUG] Starting new HTTPS connection (1): www.gstatic.com:443
22:02:30 [DEBUG] Starting new HTTPS connection (1): cp.cloudflare.com:443
22:02:31 [DEBUG] Starting new HTTPS connection (1): cp.cloudflare.com:443
22:02:31 [DEBUG] Starting new HTTPS connection (1): www.google.com:443
22:02:31 [DEBUG] https://dl.google.com:443 "GET /dl/android/studio/install/3.4.1.0/android-studio-ide-183.5522156-windows.exe HTTP/1.1" 200 1017327996
22:02:31 [DEBUG] Starting new HTTPS connection (1): www.gstatic.com:443
22:02:31 [DEBUG] Starting new HTTPS connection (1): www.google.com:443
22:02:31 [DEBUG] Starting new HTTPS connection (1): cp.cloudflare.com:443
22:02:31 [DEBUG] Starting new HTTPS connection (1): cp.cloudflare.com:443
22:02:32 [INFO]    🎯 85.235.149.184 (Италия) - 2.0 Mbps, 528ms, UDP✅ 🛡️Reality
22:02:33 [DEBUG] Starting new HTTPS connection (1): cp.cloudflare.com:443
22:02:33 [DEBUG] Starting new HTTPS connection (1): www.google.com:443
22:02:33 [DEBUG] Starting new HTTPS connection (1): cp.cloudflare.com:443
22:02:33 [DEBUG] Starting new HTTPS connection (1): cp.cloudflare.com:443
22:02:33 [DEBUG] Starting new HTTPS connection (1): www.gstatic.com:443
22:02:33 [DEBUG] Starting new HTTPS connection (1): www.google.com:443
22:02:34 [DEBUG] Starting new HTTPS connection (1): www.google.com:443
22:02:34 [DEBUG] Starting new HTTPS connection (1): cp.cloudflare.com:443
22:02:34 [DEBUG] Starting new HTTPS connection (1): www.gstatic.com:443
22:02:34 [DEBUG] Starting new HTTPS connection (1): www.gstatic.com:443
22:02:34 [DEBUG] Starting new HTTPS connection (1): www.gstatic.com:443
22:02:35 [DEBUG] Starting new HTTPS connection (1): www.google.com:443
22:02:35 [DEBUG] Starting new HTTPS connection (1): www.gstatic.com:443
22:02:35 [DEBUG] Starting new HTTPS connection (1): www.google.com:443
22:02:35 [DEBUG] Starting new HTTPS connection (1): www.gstatic.com:443
22:02:35 [DEBUG] Starting new HTTPS connection (1): cp.cloudflare.com:443
22:02:35 [DEBUG] Starting new HTTPS connection (1): www.gstatic.com:443
22:02:36 [DEBUG] Starting new HTTPS connection (1): www.gstatic.com:443
22:02:36 [DEBUG] Starting new HTTPS connection (1): cp.cloudflare.com:443
22:02:37 [DEBUG] Starting new HTTPS connection (1): cp.cloudflare.com:443
22:02:37 [DEBUG] Starting new HTTPS connection (1): www.google.com:443
22:02:37 [DEBUG] Starting new HTTPS connection (1): cp.cloudflare.com:443
22:02:37 [DEBUG] Starting new HTTPS connection (1): www.gstatic.com:443
22:02:37 [INFO]    🎯 download.lastilhame.monster (XX) - 1.9 Mbps, 1446ms, UDP✅ 🛡️Reality
22:02:38 [DEBUG] Starting new HTTPS connection (1): www.gstatic.com:443
22:02:38 [DEBUG] Starting new HTTPS connection (1): www.google.com:443
22:02:39 [DEBUG] Starting new HTTPS connection (1): www.google.com:443
22:02:39 [DEBUG] Starting new HTTPS connection (1): www.google.com:443
22:02:39 [DEBUG] Starting new HTTPS connection (1): www.gstatic.com:443
22:02:39 [DEBUG] Starting new HTTPS connection (1): cp.cloudflare.com:443
22:02:39 [DEBUG] Starting new HTTPS connection (1): www.google.com:443
22:02:39 [DEBUG] Starting new HTTPS connection (1): www.google.com:443
22:02:39 [DEBUG] Starting new HTTPS connection (1): www.gstatic.com:443
22:02:39 [INFO]    📊 Глубокая проверка: 579/1936 (30%) | ✅251 ❌328
22:02:40 [DEBUG] Starting new HTTPS connection (1): www.google.com:443
22:02:40 [DEBUG] Starting new HTTPS connection (1): cp.cloudflare.com:443
22:02:40 [DEBUG] Starting new HTTPS connection (1): www.google.com:443
22:02:41 [DEBUG] Starting new HTTPS connection (1): www.google.com:443
22:02:41 [DEBUG] Starting new HTTPS connection (1): cp.cloudflare.com:443
22:02:41 [DEBUG] Starting new HTTPS connection (1): cp.cloudflare.com:443
22:02:41 [DEBUG] Starting new HTTPS connection (1): www.google.com:443
22:02:41 [DEBUG] Starting new HTTPS connection (1): www.gstatic.com:443
22:02:41 [DEBUG] Starting new HTTPS connection (1): cp.cloudflare.com:443
22:02:41 [DEBUG] Starting new HTTPS connection (1): cp.cloudflare.com:443
22:02:42 [DEBUG] Starting new HTTPS connection (1): www.gstatic.com:443
22:02:42 [DEBUG] Starting new HTTPS connection (1): www.google.com:443
22:02:42 [DEBUG] Starting new HTTPS connection (1): cp.cloudflare.com:443
22:02:42 [DEBUG] Starting new HTTPS connection (1): cp.cloudflare.com:443
22:02:43 [DEBUG] Starting new HTTPS connection (1): www.google.com:443
22:02:43 [DEBUG] Starting new HTTPS connection (1): www.gstatic.com:443
22:02:43 [DEBUG] Starting new HTTPS connection (1): www.gstatic.com:443
22:02:43 [DEBUG] Starting new HTTPS connection (1): cp.cloudflare.com:443
22:02:43 [DEBUG] Starting new HTTPS connection (1): cp.cloudflare.com:443
22:02:43 [DEBUG] Starting new HTTPS connection (1): www.gstatic.com:443
22:02:44 [DEBUG] Starting new HTTPS connection (1): www.gstatic.com:443
22:02:44 [DEBUG] Starting new HTTPS connection (1): cp.cloudflare.com:443
22:02:44 [DEBUG] Starting new HTTPS connection (1): www.gstatic.com:443
22:02:44 [DEBUG] Starting new HTTPS connection (1): www.google.com:443
22:02:44 [DEBUG] Starting new HTTPS connection (1): www.gstatic.com:443
22:02:45 [DEBUG] Starting new HTTPS connection (1): cp.cloudflare.com:443
22:02:45 [DEBUG] Starting new HTTPS connection (1): www.gstatic.com:443
22:02:45 [DEBUG] Starting new HTTPS connection (1): www.google.com:443
22:02:46 [DEBUG] Starting new HTTPS connection (1): www.gstatic.com:443
22:02:46 [DEBUG] Starting new HTTPS connection (1): www.google.com:443
22:02:46 [DEBUG] Starting new HTTPS connection (1): www.gstatic.com:443
22:02:46 [DEBUG] Starting new HTTPS connection (1): www.google.com:443
22:02:47 [DEBUG] Starting new HTTPS connection (1): cp.cloudflare.com:443
22:02:47 [DEBUG] Starting new HTTPS connection (1): www.google.com:443
22:02:47 [DEBUG] Starting new HTTPS connection (1): www.google.com:443
22:02:47 [DEBUG] Starting new HTTPS connection (1): www.gstatic.com:443
22:02:48 [DEBUG] Starting new HTTPS connection (1): www.google.com:443
22:02:48 [DEBUG] Starting new HTTPS connection (1): cp.cloudflare.com:443
22:02:48 [DEBUG] Starting new HTTPS connection (1): www.google.com:443
22:02:48 [DEBUG] Starting new HTTPS connection (1): cp.cloudflare.com:443
22:02:48 [DEBUG] Starting new HTTPS connection (1): cp.cloudflare.com:443
22:02:48 [DEBUG] Starting new HTTPS connection (1): www.google.com:443
22:02:49 [DEBUG] Starting new HTTPS connection (1): www.gstatic.com:443
22:02:49 [DEBUG] Starting new HTTPS connection (1): cp.cloudflare.com:443
22:02:49 [DEBUG] Starting new HTTPS connection (1): cp.cloudflare.com:443
22:02:49 [DEBUG] Starting new HTTPS connection (1): www.google.com:443
22:02:49 [DEBUG] Starting new HTTPS connection (1): www.google.com:443
22:02:50 [DEBUG] Starting new HTTPS connection (1): cp.cloudflare.com:443
22:02:50 [DEBUG] Starting new HTTPS connection (1): www.gstatic.com:443
22:02:50 [DEBUG] Starting new HTTPS connection (1): www.google.com:443
22:02:50 [DEBUG] Starting new HTTPS connection (1): www.gstatic.com:443
22:02:51 [DEBUG] Starting new HTTPS connection (1): www.gstatic.com:443
22:02:51 [DEBUG] Starting new HTTPS connection (1): cp.cloudflare.com:443
22:02:51 [DEBUG] Starting new HTTPS connection (1): www.gstatic.com:443
22:02:51 [DEBUG] Starting new HTTPS connection (1): www.gstatic.com:443
22:02:51 [DEBUG] Starting new HTTPS connection (1): cp.cloudflare.com:443
22:02:51 [DEBUG] Starting new HTTPS connection (1): cp.cloudflare.com:443
22:02:52 [DEBUG] Starting new HTTPS connection (1): cp.cloudflare.com:443
22:02:52 [DEBUG] Starting new HTTPS connection (1): www.gstatic.com:443
22:02:52 [DEBUG] Starting new HTTPS connection (1): www.google.com:443
22:02:52 [DEBUG] Starting new HTTPS connection (1): cp.cloudflare.com:443
22:02:53 [DEBUG] Starting new HTTPS connection (1): www.gstatic.com:443
22:02:53 [DEBUG] Starting new HTTPS connection (1): www.google.com:443
22:02:53 [DEBUG] Starting new HTTPS connection (1): www.gstatic.com:443
22:02:54 [DEBUG] Starting new HTTPS connection (1): www.gstatic.com:443
22:02:54 [DEBUG] Starting new HTTPS connection (1): www.google.com:443
22:02:54 [DEBUG] Starting new HTTPS connection (1): www.google.com:443
22:02:54 [DEBUG] Starting new HTTPS connection (1): www.google.com:443
22:02:55 [DEBUG] Starting new HTTPS connection (1): cp.cloudflare.com:443
22:02:55 [DEBUG] Starting new HTTPS connection (1): www.gstatic.com:443
22:02:55 [DEBUG] Starting new HTTPS connection (1): www.gstatic.com:443
22:02:55 [DEBUG] Starting new HTTPS connection (1): www.google.com:443
22:02:55 [DEBUG] Starting new HTTPS connection (1): www.gstatic.com:443
22:02:55 [DEBUG] Starting new HTTPS connection (1): cp.cloudflare.com:443
22:02:55 [DEBUG] Starting new HTTPS connection (1): www.google.com:443
22:02:55 [DEBUG] Starting new HTTPS connection (1): cp.cloudflare.com:443
22:02:56 [DEBUG] Starting new HTTPS connection (1): www.google.com:443
22:02:56 [DEBUG] Starting new HTTPS connection (1): www.google.com:443
22:02:56 [DEBUG] Starting new HTTPS connection (1): cp.cloudflare.com:443
22:02:57 [DEBUG] Starting new HTTPS connection (1): www.google.com:443
22:02:57 [DEBUG] Starting new HTTPS connection (1): cp.cloudflare.com:443
22:02:57 [DEBUG] Starting new HTTPS connection (1): cp.cloudflare.com:443
22:02:57 [DEBUG] Starting new HTTPS connection (1): www.google.com:443
22:02:57 [DEBUG] Starting new HTTPS connection (1): cp.cloudflare.com:443
22:02:57 [DEBUG] Starting new HTTPS connection (1): www.gstatic.com:443
22:02:57 [DEBUG] Starting new HTTPS connection (1): www.gstatic.com:443
22:02:58 [DEBUG] Starting new HTTPS connection (1): www.google.com:443
22:02:58 [DEBUG] Starting new HTTPS connection (1): cp.cloudflare.com:443
22:02:59 [DEBUG] Starting new HTTPS connection (1): www.gstatic.com:443
22:02:59 [DEBUG] Starting new HTTPS connection (1): www.gstatic.com:443
22:02:59 [DEBUG] Starting new HTTPS connection (1): www.gstatic.com:443
22:02:59 [DEBUG] Starting new HTTPS connection (1): cp.cloudflare.com:443
22:02:59 [DEBUG] Starting new HTTPS connection (1): www.google.com:443
22:02:59 [DEBUG] Starting new HTTPS connection (1): www.gstatic.com:443
22:03:00 [DEBUG] Starting new HTTPS connection (1): cp.cloudflare.com:443
22:03:00 [DEBUG] Starting new HTTPS connection (1): www.gstatic.com:443
22:03:00 [DEBUG] Starting new HTTPS connection (1): www.google.com:443
22:03:01 [DEBUG] Starting new HTTPS connection (1): www.google.com:443
22:03:01 [DEBUG] Starting new HTTPS connection (1): www.gstatic.com:443
22:03:01 [DEBUG] Starting new HTTPS connection (1): cp.cloudflare.com:443
22:03:01 [DEBUG] Starting new HTTPS connection (1): cp.cloudflare.com:443
22:03:02 [DEBUG] Starting new HTTPS connection (1): cp.cloudflare.com:443
22:03:02 [DEBUG] Starting new HTTPS connection (1): www.google.com:443
22:03:02 [DEBUG] Starting new HTTPS connection (1): www.gstatic.com:443
22:03:02 [DEBUG] Starting new HTTPS connection (1): www.google.com:443
22:03:02 [DEBUG] Starting new HTTPS connection (1): www.google.com:443
22:03:02 [DEBUG] Starting new HTTPS connection (1): www.google.com:443
22:03:03 [DEBUG] Starting new HTTPS connection (1): cp.cloudflare.com:443
22:03:03 [DEBUG] Starting new HTTPS connection (1): www.google.com:443
22:03:03 [DEBUG] Starting new HTTPS connection (1): www.gstatic.com:443
22:03:04 [DEBUG] Starting new HTTPS connection (1): cp.cloudflare.com:443
22:03:04 [DEBUG] Starting new HTTPS connection (1): www.google.com:443
22:03:04 [DEBUG] Starting new HTTPS connection (1): cp.cloudflare.com:443
22:03:04 [DEBUG] Starting new HTTPS connection (1): cp.cloudflare.com:443
22:03:05 [DEBUG] Starting new HTTPS connection (1): www.gstatic.com:443
22:03:05 [DEBUG] Starting new HTTPS connection (1): www.google.com:443
22:03:05 [DEBUG] Starting new HTTPS connection (1): cp.cloudflare.com:443
22:03:06 [DEBUG] Starting new HTTPS connection (1): cp.cloudflare.com:443
22:03:06 [DEBUG] Starting new HTTPS connection (1): www.gstatic.com:443
22:03:06 [DEBUG] Starting new HTTPS connection (1): www.gstatic.com:443
22:03:07 [DEBUG] Starting new HTTPS connection (1): cp.cloudflare.com:443
22:03:07 [DEBUG] Starting new HTTPS connection (1): www.gstatic.com:443
22:03:07 [DEBUG] Starting new HTTPS connection (1): cp.cloudflare.com:443
22:03:07 [DEBUG] Starting new HTTPS connection (1): www.google.com:443
22:03:07 [DEBUG] Starting new HTTPS connection (1): www.gstatic.com:443
22:03:07 [DEBUG] Starting new HTTPS connection (1): www.gstatic.com:443
22:03:08 [DEBUG] Starting new HTTPS connection (1): www.gstatic.com:443
22:03:08 [DEBUG] Starting new HTTPS connection (1): www.google.com:443
22:03:09 [DEBUG] Starting new HTTPS connection (1): www.gstatic.com:443
22:03:10 [DEBUG] Starting new HTTPS connection (1): www.google.com:443
22:03:10 [DEBUG] Starting new HTTPS connection (1): www.gstatic.com:443
22:03:10 [DEBUG] Starting new HTTPS connection (1): cp.cloudflare.com:443
22:03:10 [DEBUG] Starting new HTTPS connection (1): www.google.com:443
22:03:10 [DEBUG] Starting new HTTPS connection (1): cp.cloudflare.com:443
22:03:11 [DEBUG] Starting new HTTPS connection (1): www.gstatic.com:443
22:03:11 [DEBUG] Starting new HTTPS connection (1): www.google.com:443
22:03:11 [DEBUG] Starting new HTTPS connection (1): cp.cloudflare.com:443
22:03:11 [DEBUG] Starting new HTTPS connection (1): www.google.com:443
22:03:12 [DEBUG] Starting new HTTPS connection (1): cp.cloudflare.com:443
22:03:12 [DEBUG] Starting new HTTPS connection (1): cp.cloudflare.com:443
22:03:12 [DEBUG] Starting new HTTPS connection (1): www.google.com:443
22:03:12 [DEBUG] Starting new HTTPS connection (1): www.gstatic.com:443
22:03:13 [DEBUG] Starting new HTTPS connection (1): www.google.com:443
22:03:13 [DEBUG] Starting new HTTPS connection (1): www.google.com:443
22:03:13 [DEBUG] Starting new HTTPS connection (1): cp.cloudflare.com:443
22:03:13 [DEBUG] Starting new HTTPS connection (1): cp.cloudflare.com:443
22:03:13 [DEBUG] Starting new HTTPS connection (1): www.gstatic.com:443
22:03:14 [DEBUG] Starting new HTTPS connection (1): www.gstatic.com:443
22:03:14 [DEBUG] Starting new HTTPS connection (1): www.gstatic.com:443
22:03:15 [DEBUG] Starting new HTTPS connection (1): www.gstatic.com:443
22:03:15 [DEBUG] Starting new HTTPS connection (1): cp.cloudflare.com:443
22:03:15 [DEBUG] Starting new HTTPS connection (1): www.gstatic.com:443
22:03:15 [DEBUG] Starting new HTTPS connection (1): cp.cloudflare.com:443
22:03:16 [DEBUG] Starting new HTTPS connection (1): www.gstatic.com:443
22:03:16 [DEBUG] Starting new HTTPS connection (1): www.google.com:443
22:03:16 [DEBUG] Starting new HTTPS connection (1): cp.cloudflare.com:443
22:03:16 [DEBUG] Starting new HTTPS connection (1): www.google.com:443
22:03:17 [DEBUG] Starting new HTTPS connection (1): www.google.com:443
22:03:17 [DEBUG] Starting new HTTPS connection (1): www.google.com:443
22:03:18 [DEBUG] Starting new HTTPS connection (1): www.gstatic.com:443
22:03:18 [DEBUG] Starting new HTTPS connection (1): www.gstatic.com:443
22:03:18 [DEBUG] Starting new HTTPS connection (1): www.google.com:443
22:03:18 [DEBUG] Starting new HTTPS connection (1): www.google.com:443
22:03:18 [DEBUG] Starting new HTTPS connection (1): cp.cloudflare.com:443
22:03:18 [DEBUG] Starting new HTTPS connection (1): www.gstatic.com:443
22:03:18 [DEBUG] Starting new HTTPS connection (1): cp.cloudflare.com:443
22:03:19 [DEBUG] Starting new HTTPS connection (1): www.google.com:443
22:03:19 [INFO]    🎯 fn.takovpn.ru (XX) - 0.2 Mbps, 3066ms, UDP❌ 🛡️Reality
22:03:19 [DEBUG] Starting new HTTPS connection (1): cp.cloudflare.com:443
22:03:19 [DEBUG] Starting new HTTPS connection (1): www.google.com:443
22:03:20 [DEBUG] Starting new HTTPS connection (1): cp.cloudflare.com:443
22:03:20 [DEBUG] Starting new HTTPS connection (1): cp.cloudflare.com:443
22:03:20 [DEBUG] Starting new HTTPS connection (1): www.google.com:443
22:03:20 [DEBUG] Starting new HTTPS connection (1): www.google.com:443
22:03:20 [DEBUG] Starting new HTTPS connection (1): cp.cloudflare.com:443
22:03:20 [DEBUG] Starting new HTTPS connection (1): www.gstatic.com:443
22:03:21 [DEBUG] Starting new HTTPS connection (1): www.gstatic.com:443
22:03:21 [DEBUG] Starting new HTTPS connection (1): www.google.com:443
22:03:21 [DEBUG] Starting new HTTPS connection (1): cp.cloudflare.com:443
22:03:21 [DEBUG] Starting new HTTPS connection (1): www.google.com:443
22:03:22 [DEBUG] Starting new HTTPS connection (1): www.gstatic.com:443
22:03:22 [DEBUG] Starting new HTTPS connection (1): www.google.com:443
22:03:22 [DEBUG] Starting new HTTPS connection (1): cp.cloudflare.com:443
22:03:22 [DEBUG] Starting new HTTPS connection (1): www.gstatic.com:443
22:03:23 [DEBUG] Starting new HTTPS connection (1): www.gstatic.com:443
22:03:23 [DEBUG] Starting new HTTPS connection (1): cp.cloudflare.com:443
22:03:23 [DEBUG] Starting new HTTPS connection (1): www.gstatic.com:443
22:03:23 [DEBUG] Starting new HTTPS connection (1): cp.cloudflare.com:443
22:03:24 [DEBUG] Starting new HTTPS connection (1): cp.cloudflare.com:443
22:03:24 [DEBUG] Starting new HTTPS connection (1): www.gstatic.com:443
22:03:24 [DEBUG] Starting new HTTPS connection (1): www.google.com:443
22:03:24 [DEBUG] Starting new HTTPS connection (1): cp.cloudflare.com:443
22:03:24 [DEBUG] Starting new HTTPS connection (1): cp.cloudflare.com:443
22:03:24 [DEBUG] Starting new HTTPS connection (1): www.google.com:443
22:03:25 [DEBUG] Starting new HTTPS connection (1): www.gstatic.com:443
22:03:25 [DEBUG] Starting new HTTPS connection (1): www.google.com:443
22:03:25 [DEBUG] Starting new HTTPS connection (1): www.gstatic.com:443
22:03:26 [DEBUG] Starting new HTTPS connection (1): www.gstatic.com:443
22:03:26 [DEBUG] Starting new HTTPS connection (1): www.gstatic.com:443
22:03:26 [DEBUG] Starting new HTTPS connection (1): www.google.com:443
22:03:26 [DEBUG] Starting new HTTPS connection (1): www.gstatic.com:443
22:03:26 [DEBUG] Starting new HTTPS connection (1): www.google.com:443
22:03:26 [DEBUG] Starting new HTTPS connection (1): cp.cloudflare.com:443
22:03:26 [DEBUG] Starting new HTTPS connection (1): www.google.com:443
22:03:27 [DEBUG] Starting new HTTPS connection (1): cp.cloudflare.com:443
22:03:27 [DEBUG] Starting new HTTPS connection (1): www.gstatic.com:443
22:03:28 [DEBUG] Starting new HTTPS connection (1): cp.cloudflare.com:443
22:03:28 [DEBUG] Starting new HTTPS connection (1): www.google.com:443
22:03:29 [DEBUG] Starting new HTTPS connection (1): cp.cloudflare.com:443
22:03:29 [DEBUG] Starting new HTTPS connection (1): www.google.com:443
22:03:29 [DEBUG] Starting new HTTPS connection (1): www.gstatic.com:443
22:03:29 [DEBUG] Starting new HTTPS connection (1): cp.cloudflare.com:443
22:03:29 [DEBUG] Starting new HTTPS connection (1): www.google.com:443
22:03:29 [DEBUG] Starting new HTTPS connection (1): cp.cloudflare.com:443
22:03:29 [DEBUG] Starting new HTTPS connection (1): www.gstatic.com:443
22:03:29 [DEBUG] Starting new HTTPS connection (1): www.google.com:443
22:03:29 [DEBUG] Starting new HTTPS connection (1): www.google.com:443
22:03:30 [DEBUG] Starting new HTTPS connection (1): www.google.com:443
22:03:31 [DEBUG] Starting new HTTPS connection (1): cp.cloudflare.com:443
22:03:31 [DEBUG] Starting new HTTPS connection (1): www.gstatic.com:443
22:03:31 [DEBUG] Starting new HTTPS connection (1): www.gstatic.com:443
22:03:31 [DEBUG] Starting new HTTPS connection (1): www.gstatic.com:443
22:03:32 [DEBUG] Starting new HTTPS connection (1): cp.cloudflare.com:443
22:03:32 [DEBUG] Starting new HTTPS connection (1): cp.cloudflare.com:443
22:03:32 [DEBUG] Starting new HTTPS connection (1): www.gstatic.com:443
22:03:32 [DEBUG] Starting new HTTPS connection (1): cp.cloudflare.com:443
22:03:32 [DEBUG] Starting new HTTPS connection (1): www.google.com:443
22:03:32 [DEBUG] Starting new HTTPS connection (1): www.google.com:443
22:03:33 [DEBUG] Starting new HTTPS connection (1): cp.cloudflare.com:443
22:03:33 [DEBUG] Starting new HTTPS connection (1): www.google.com:443
22:03:33 [DEBUG] Starting new HTTPS connection (1): www.gstatic.com:443
22:03:34 [DEBUG] Starting new HTTPS connection (1): www.gstatic.com:443
22:03:34 [DEBUG] Starting new HTTPS connection (1): cp.cloudflare.com:443
22:03:34 [DEBUG] Starting new HTTPS connection (1): www.gstatic.com:443
22:03:35 [DEBUG] Starting new HTTPS connection (1): www.google.com:443
22:03:35 [DEBUG] Starting new HTTPS connection (1): www.google.com:443
22:03:35 [DEBUG] Starting new HTTPS connection (1): cp.cloudflare.com:443
22:03:35 [DEBUG] Starting new HTTPS connection (1): www.gstatic.com:443
22:03:35 [DEBUG] Starting new HTTPS connection (1): www.gstatic.com:443
22:03:35 [DEBUG] Starting new HTTPS connection (1): www.google.com:443
22:03:36 [DEBUG] Starting new HTTPS connection (1): www.gstatic.com:443
22:03:36 [DEBUG] Starting new HTTPS connection (1): www.google.com:443
22:03:36 [DEBUG] Starting new HTTPS connection (1): www.google.com:443
22:03:37 [DEBUG] Starting new HTTPS connection (1): www.google.com:443
22:03:37 [DEBUG] Starting new HTTPS connection (1): cp.cloudflare.com:443
22:03:37 [DEBUG] Starting new HTTPS connection (1): cp.cloudflare.com:443
22:03:38 [DEBUG] Starting new HTTPS connection (1): www.google.com:443
22:03:38 [DEBUG] Starting new HTTPS connection (1): cp.cloudflare.com:443
22:03:39 [DEBUG] Starting new HTTPS connection (1): www.google.com:443
22:03:39 [DEBUG] Starting new HTTPS connection (1): cp.cloudflare.com:443
22:03:39 [DEBUG] Starting new HTTPS connection (1): www.gstatic.com:443
22:03:39 [DEBUG] Starting new HTTPS connection (1): cp.cloudflare.com:443
22:03:39 [DEBUG] Starting new HTTPS connection (1): www.google.com:443
22:03:39 [DEBUG] Starting new HTTPS connection (1): cp.cloudflare.com:443
22:03:40 [DEBUG] Starting new HTTPS connection (1): www.google.com:443
22:03:40 [DEBUG] https://www.google.com:443 "GET /generate_204 HTTP/1.1" 204 0
22:03:40 [DEBUG] Starting new HTTPS connection (1): cp.cloudflare.com:443
22:03:40 [DEBUG] Starting new HTTPS connection (1): cp.cloudflare.com:443
22:03:41 [DEBUG] Starting new HTTPS connection (1): cp.cloudflare.com:443
22:03:42 [DEBUG] Starting new HTTPS connection (1): www.gstatic.com:443
22:03:42 [DEBUG] Starting new HTTPS connection (1): www.gstatic.com:443
22:03:42 [DEBUG] Starting new HTTPS connection (1): www.gstatic.com:443
22:03:42 [DEBUG] Starting new HTTPS connection (1): www.gstatic.com:443
22:03:42 [DEBUG] Starting new HTTPS connection (1): cp.cloudflare.com:443
22:03:43 [DEBUG] Starting new HTTPS connection (1): www.gstatic.com:443
22:03:43 [INFO]    🎯 8.222.196.37 (Сингапур) - 0.0 Mbps, 4212ms, UDP❌ 🛡️Reality
22:03:43 [DEBUG] Starting new HTTPS connection (1): cp.cloudflare.com:443
22:03:44 [DEBUG] Starting new HTTPS connection (1): cp.cloudflare.com:443
22:03:44 [DEBUG] Starting new HTTPS connection (1): www.gstatic.com:443
22:03:44 [DEBUG] Starting new HTTPS connection (1): www.google.com:443
22:03:44 [DEBUG] Starting new HTTPS connection (1): cp.cloudflare.com:443
22:03:44 [DEBUG] Starting new HTTPS connection (1): www.gstatic.com:443
22:03:44 [DEBUG] Starting new HTTPS connection (1): www.gstatic.com:443
22:03:44 [DEBUG] Starting new HTTPS connection (1): www.google.com:443
22:03:44 [DEBUG] Starting new HTTPS connection (1): cp.cloudflare.com:443
22:03:44 [DEBUG] Starting new HTTPS connection (1): www.gstatic.com:443
22:03:45 [DEBUG] Starting new HTTPS connection (1): www.gstatic.com:443
22:03:45 [DEBUG] https://www.gstatic.com:443 "GET /generate_204 HTTP/1.1" 204 0
22:03:45 [DEBUG] Starting new HTTPS connection (1): dl.google.com:443
22:03:45 [DEBUG] https://dl.google.com:443 "GET /dl/android/studio/install/3.4.1.0/android-studio-ide-183.5522156-windows.exe HTTP/1.1" 200 1017327996
22:03:45 [INFO]    🎯 89.116.250.138 (Литва) - 78.8 Mbps, 77ms, UDP✅ 
22:03:46 [DEBUG] Starting new HTTPS connection (1): www.google.com:443
22:03:46 [DEBUG] Starting new HTTPS connection (1): www.google.com:443
22:03:46 [DEBUG] Starting new HTTPS connection (1): cp.cloudflare.com:443
22:03:46 [DEBUG] Starting new HTTPS connection (1): www.gstatic.com:443
22:03:46 [DEBUG] Starting new HTTPS connection (1): www.gstatic.com:443
22:03:46 [DEBUG] Starting new HTTPS connection (1): www.google.com:443
22:03:46 [DEBUG] Starting new HTTPS connection (1): cp.cloudflare.com:443
22:03:46 [DEBUG] Starting new HTTPS connection (1): www.gstatic.com:443
22:03:47 [DEBUG] Starting new HTTPS connection (1): www.google.com:443
22:03:47 [DEBUG] Starting new HTTPS connection (1): www.gstatic.com:443
22:03:47 [DEBUG] Starting new HTTPS connection (1): www.google.com:443
22:03:47 [DEBUG] Starting new HTTPS connection (1): www.google.com:443
22:03:47 [DEBUG] Starting new HTTPS connection (1): cp.cloudflare.com:443
22:03:47 [DEBUG] Starting new HTTPS connection (1): www.gstatic.com:443
22:03:48 [DEBUG] Starting new HTTPS connection (1): www.google.com:443
22:03:48 [DEBUG] Starting new HTTPS connection (1): cp.cloudflare.com:443
22:03:48 [DEBUG] Starting new HTTPS connection (1): www.gstatic.com:443
22:03:48 [DEBUG] Starting new HTTPS connection (1): cp.cloudflare.com:443
22:03:48 [DEBUG] Starting new HTTPS connection (1): www.gstatic.com:443
22:03:48 [DEBUG] Starting new HTTPS connection (1): www.google.com:443
22:03:48 [DEBUG] Starting new HTTPS connection (1): cp.cloudflare.com:443
22:03:48 [DEBUG] Starting new HTTPS connection (1): www.gstatic.com:443
22:03:48 [DEBUG] Starting new HTTPS connection (1): www.google.com:443
22:03:48 [DEBUG] Starting new HTTPS connection (1): cp.cloudflare.com:443
22:03:48 [DEBUG] Starting new HTTPS connection (1): www.gstatic.com:443
22:03:49 [DEBUG] Starting new HTTPS connection (1): cp.cloudflare.com:443
22:03:49 [DEBUG] Starting new HTTPS connection (1): www.google.com:443
22:03:49 [DEBUG] Starting new HTTPS connection (1): www.google.com:443
22:03:49 [DEBUG] Starting new HTTPS connection (1): www.google.com:443
22:03:49 [DEBUG] Starting new HTTPS connection (1): cp.cloudflare.com:443
22:03:49 [DEBUG] Starting new HTTPS connection (1): www.gstatic.com:443
22:03:49 [DEBUG] Starting new HTTPS connection (1): www.google.com:443
22:03:49 [DEBUG] Starting new HTTPS connection (1): www.google.com:443
22:03:50 [DEBUG] Starting new HTTPS connection (1): www.google.com:443
22:03:50 [DEBUG] Starting new HTTPS connection (1): www.gstatic.com:443
22:03:50 [DEBUG] Starting new HTTPS connection (1): www.google.com:443
22:03:50 [INFO]    🎯 38.60.212.251 (Япония) - 0.2 Mbps, 4095ms, UDP✅ 🛡️Reality
22:03:51 [DEBUG] Starting new HTTPS connection (1): www.gstatic.com:443
22:03:51 [DEBUG] Starting new HTTPS connection (1): cp.cloudflare.com:443
22:03:51 [DEBUG] Starting new HTTPS connection (1): www.gstatic.com:443
22:03:51 [DEBUG] Starting new HTTPS connection (1): cp.cloudflare.com:443
22:03:51 [DEBUG] Starting new HTTPS connection (1): www.google.com:443
22:03:51 [DEBUG] Starting new HTTPS connection (1): cp.cloudflare.com:443
22:03:52 [DEBUG] Starting new HTTPS connection (1): cp.cloudflare.com:443
22:03:52 [DEBUG] Starting new HTTPS connection (1): www.google.com:443
22:03:52 [DEBUG] Starting new HTTPS connection (1): cp.cloudflare.com:443
22:03:52 [DEBUG] Starting new HTTPS connection (1): www.google.com:443
22:03:53 [DEBUG] Starting new HTTPS connection (1): www.gstatic.com:443
22:03:53 [DEBUG] Starting new HTTPS connection (1): www.google.com:443
22:03:53 [DEBUG] Starting new HTTPS connection (1): www.gstatic.com:443
22:03:53 [DEBUG] Starting new HTTPS connection (1): cp.cloudflare.com:443
22:03:53 [DEBUG] Starting new HTTPS connection (1): www.gstatic.com:443
22:03:54 [DEBUG] Starting new HTTPS connection (1): www.gstatic.com:443
22:03:54 [DEBUG] Starting new HTTPS connection (1): cp.cloudflare.com:443
22:03:54 [DEBUG] Starting new HTTPS connection (1): cp.cloudflare.com:443
22:03:54 [DEBUG] Starting new HTTPS connection (1): cp.cloudflare.com:443
22:03:54 [DEBUG] Starting new HTTPS connection (1): www.google.com:443
22:03:54 [DEBUG] Starting new HTTPS connection (1): www.google.com:443
22:03:54 [DEBUG] Starting new HTTPS connection (1): www.gstatic.com:443
22:03:54 [DEBUG] Starting new HTTPS connection (1): www.google.com:443
22:03:54 [DEBUG] Starting new HTTPS connection (1): cp.cloudflare.com:443
22:03:55 [DEBUG] Starting new HTTPS connection (1): cp.cloudflare.com:443
22:03:55 [DEBUG] Starting new HTTPS connection (1): www.gstatic.com:443
22:03:55 [DEBUG] Starting new HTTPS connection (1): www.google.com:443
22:03:56 [DEBUG] Starting new HTTPS connection (1): www.gstatic.com:443
22:03:56 [DEBUG] Starting new HTTPS connection (1): cp.cloudflare.com:443
22:03:56 [DEBUG] Starting new HTTPS connection (1): cp.cloudflare.com:443
22:03:56 [DEBUG] Starting new HTTPS connection (1): www.google.com:443
22:03:56 [DEBUG] Starting new HTTPS connection (1): cp.cloudflare.com:443
22:03:56 [DEBUG] Starting new HTTPS connection (1): www.gstatic.com:443
22:03:57 [DEBUG] Starting new HTTPS connection (1): www.google.com:443
22:03:57 [DEBUG] Starting new HTTPS connection (1): www.google.com:443
22:03:57 [DEBUG] Starting new HTTPS connection (1): www.google.com:443
22:03:57 [DEBUG] Starting new HTTPS connection (1): www.gstatic.com:443
22:03:57 [DEBUG] Starting new HTTPS connection (1): cp.cloudflare.com:443
22:03:57 [DEBUG] Starting new HTTPS connection (1): www.gstatic.com:443
22:03:57 [DEBUG] Starting new HTTPS connection (1): www.google.com:443
22:03:57 [DEBUG] Starting new HTTPS connection (1): cp.cloudflare.com:443
22:03:58 [DEBUG] Starting new HTTPS connection (1): www.gstatic.com:443
22:03:58 [DEBUG] Starting new HTTPS connection (1): www.gstatic.com:443
22:03:58 [DEBUG] Starting new HTTPS connection (1): cp.cloudflare.com:443
22:03:58 [DEBUG] Starting new HTTPS connection (1): www.gstatic.com:443
22:03:58 [DEBUG] Starting new HTTPS connection (1): www.google.com:443
22:03:59 [DEBUG] Starting new HTTPS connection (1): www.google.com:443
22:03:59 [DEBUG] Starting new HTTPS connection (1): cp.cloudflare.com:443
22:03:59 [DEBUG] Starting new HTTPS connection (1): www.gstatic.com:443
22:03:59 [DEBUG] Starting new HTTPS connection (1): cp.cloudflare.com:443
22:03:59 [DEBUG] Starting new HTTPS connection (1): www.gstatic.com:443
22:03:59 [DEBUG] Starting new HTTPS connection (1): www.google.com:443
22:03:59 [DEBUG] Starting new HTTPS connection (1): cp.cloudflare.com:443
22:03:59 [DEBUG] Starting new HTTPS connection (1): www.gstatic.com:443
22:03:59 [DEBUG] Starting new HTTPS connection (1): cp.cloudflare.com:443
22:03:59 [DEBUG] Starting new HTTPS connection (1): www.gstatic.com:443
22:04:00 [DEBUG] Starting new HTTPS connection (1): www.google.com:443
22:04:00 [DEBUG] Starting new HTTPS connection (1): www.google.com:443
22:04:00 [DEBUG] Starting new HTTPS connection (1): www.gstatic.com:443
22:04:00 [DEBUG] Starting new HTTPS connection (1): www.google.com:443
22:04:00 [DEBUG] Starting new HTTPS connection (1): cp.cloudflare.com:443
22:04:00 [DEBUG] Starting new HTTPS connection (1): cp.cloudflare.com:443
22:04:00 [DEBUG] Starting new HTTPS connection (1): www.gstatic.com:443
22:04:01 [DEBUG] Starting new HTTPS connection (1): www.gstatic.com:443
22:04:01 [DEBUG] Starting new HTTPS connection (1): cp.cloudflare.com:443
22:04:01 [DEBUG] Starting new HTTPS connection (1): www.gstatic.com:443
22:04:01 [DEBUG] Starting new HTTPS connection (1): www.google.com:443
22:04:01 [DEBUG] Starting new HTTPS connection (1): www.google.com:443
22:04:01 [DEBUG] Starting new HTTPS connection (1): www.gstatic.com:443
22:04:01 [DEBUG] Starting new HTTPS connection (1): www.google.com:443
22:04:01 [DEBUG] Starting new HTTPS connection (1): cp.cloudflare.com:443
22:04:01 [DEBUG] Starting new HTTPS connection (1): www.gstatic.com:443
22:04:02 [DEBUG] Starting new HTTPS connection (1): www.google.com:443
22:04:02 [DEBUG] Starting new HTTPS connection (1): cp.cloudflare.com:443
22:04:02 [DEBUG] Starting new HTTPS connection (1): www.gstatic.com:443
22:04:02 [DEBUG] Starting new HTTPS connection (1): cp.cloudflare.com:443
22:04:02 [DEBUG] Starting new HTTPS connection (1): cp.cloudflare.com:443
22:04:02 [DEBUG] Starting new HTTPS connection (1): www.gstatic.com:443
22:04:03 [DEBUG] Starting new HTTPS connection (1): www.gstatic.com:443
22:04:03 [DEBUG] Starting new HTTPS connection (1): www.google.com:443
22:04:03 [DEBUG] Starting new HTTPS connection (1): www.google.com:443
22:04:03 [DEBUG] https://www.google.com:443 "GET /generate_204 HTTP/1.1" 204 0
22:04:03 [DEBUG] Starting new HTTPS connection (1): cp.cloudflare.com:443
22:04:03 [DEBUG] Starting new HTTPS connection (1): www.google.com:443
22:04:03 [DEBUG] Starting new HTTPS connection (1): cp.cloudflare.com:443
22:04:03 [DEBUG] Starting new HTTPS connection (1): www.gstatic.com:443
22:04:03 [DEBUG] Starting new HTTPS connection (1): cp.cloudflare.com:443
22:04:03 [DEBUG] Starting new HTTPS connection (1): cp.cloudflare.com:443
22:04:03 [DEBUG] Starting new HTTPS connection (1): www.google.com:443
22:04:04 [DEBUG] Starting new HTTPS connection (1): www.gstatic.com:443
22:04:04 [DEBUG] Starting new HTTPS connection (1): www.google.com:443
22:04:04 [DEBUG] Starting new HTTPS connection (1): cp.cloudflare.com:443
22:04:04 [DEBUG] Starting new HTTPS connection (1): www.gstatic.com:443
22:04:04 [DEBUG] Starting new HTTPS connection (1): www.google.com:443
22:04:04 [DEBUG] Starting new HTTPS connection (1): cp.cloudflare.com:443
22:04:04 [DEBUG] Starting new HTTPS connection (1): www.gstatic.com:443
22:04:04 [DEBUG] Starting new HTTPS connection (1): www.google.com:443
22:04:04 [DEBUG] Starting new HTTPS connection (1): cp.cloudflare.com:443
22:04:04 [DEBUG] Starting new HTTPS connection (1): www.gstatic.com:443
22:04:04 [DEBUG] Starting new HTTPS connection (1): www.gstatic.com:443
22:04:05 [DEBUG] Starting new HTTPS connection (1): www.google.com:443
22:04:05 [DEBUG] Starting new HTTPS connection (1): cp.cloudflare.com:443
22:04:05 [DEBUG] Starting new HTTPS connection (1): www.gstatic.com:443
22:04:05 [DEBUG] Starting new HTTPS connection (1): cp.cloudflare.com:443
22:04:05 [DEBUG] Starting new HTTPS connection (1): www.google.com:443
22:04:05 [DEBUG] Starting new HTTPS connection (1): www.google.com:443
22:04:05 [DEBUG] Starting new HTTPS connection (1): cp.cloudflare.com:443
22:04:05 [DEBUG] Starting new HTTPS connection (1): www.gstatic.com:443
22:04:05 [DEBUG] Starting new HTTPS connection (1): www.google.com:443
22:04:05 [DEBUG] Starting new HTTPS connection (1): www.google.com:443
22:04:05 [DEBUG] Starting new HTTPS connection (1): www.google.com:443
22:04:05 [DEBUG] Starting new HTTPS connection (1): www.gstatic.com:443
22:04:05 [DEBUG] Starting new HTTPS connection (1): www.gstatic.com:443
22:04:05 [DEBUG] Starting new HTTPS connection (1): cp.cloudflare.com:443
22:04:06 [DEBUG] Starting new HTTPS connection (1): www.google.com:443
22:04:06 [DEBUG] Starting new HTTPS connection (1): www.google.com:443
22:04:06 [DEBUG] Starting new HTTPS connection (1): www.google.com:443
22:04:06 [DEBUG] Starting new HTTPS connection (1): www.google.com:443
22:04:07 [DEBUG] Starting new HTTPS connection (1): www.gstatic.com:443
22:04:07 [DEBUG] Starting new HTTPS connection (1): www.google.com:443
22:04:07 [DEBUG] Starting new HTTPS connection (1): cp.cloudflare.com:443
22:04:07 [DEBUG] Starting new HTTPS connection (1): cp.cloudflare.com:443
22:04:07 [DEBUG] Starting new HTTPS connection (1): cp.cloudflare.com:443
22:04:08 [DEBUG] Starting new HTTPS connection (1): www.gstatic.com:443
22:04:08 [DEBUG] Starting new HTTPS connection (1): www.google.com:443
22:04:08 [DEBUG] Starting new HTTPS connection (1): cp.cloudflare.com:443
22:04:08 [DEBUG] Starting new HTTPS connection (1): www.gstatic.com:443
22:04:08 [DEBUG] https://www.gstatic.com:443 "GET /generate_204 HTTP/1.1" 204 0
22:04:08 [DEBUG] Starting new HTTPS connection (1): dl.google.com:443
22:04:08 [DEBUG] Starting new HTTPS connection (1): cp.cloudflare.com:443
22:04:08 [DEBUG] Starting new HTTPS connection (1): cp.cloudflare.com:443
22:04:08 [DEBUG] https://dl.google.com:443 "GET /dl/android/studio/install/3.4.1.0/android-studio-ide-183.5522156-windows.exe HTTP/1.1" 200 1017327996
22:04:08 [INFO]    🎯 89.116.180.138 (Литва) - 73.3 Mbps, 70ms, UDP✅ 
22:04:08 [DEBUG] Starting new HTTPS connection (1): cp.cloudflare.com:443
22:04:09 [DEBUG] Starting new HTTPS connection (1): www.google.com:443
22:04:09 [DEBUG] Starting new HTTPS connection (1): www.google.com:443
22:04:09 [DEBUG] Starting new HTTPS connection (1): cp.cloudflare.com:443
22:04:09 [DEBUG] Starting new HTTPS connection (1): www.gstatic.com:443
22:04:09 [DEBUG] Starting new HTTPS connection (1): www.google.com:443
22:04:09 [DEBUG] Starting new HTTPS connection (1): cp.cloudflare.com:443
22:04:09 [DEBUG] Starting new HTTPS connection (1): www.gstatic.com:443
22:04:09 [DEBUG] Starting new HTTPS connection (1): www.gstatic.com:443
22:04:09 [DEBUG] Starting new HTTPS connection (1): www.gstatic.com:443
22:04:10 [DEBUG] Starting new HTTPS connection (1): cp.cloudflare.com:443
22:04:10 [DEBUG] Starting new HTTPS connection (1): www.gstatic.com:443
22:04:10 [DEBUG] Starting new HTTPS connection (1): cp.cloudflare.com:443
22:04:10 [DEBUG] Starting new HTTPS connection (1): www.gstatic.com:443
22:04:10 [DEBUG] Starting new HTTPS connection (1): www.gstatic.com:443
22:04:10 [DEBUG] Starting new HTTPS connection (1): www.google.com:443
22:04:10 [DEBUG] Starting new HTTPS connection (1): www.gstatic.com:443
22:04:11 [DEBUG] Starting new HTTPS connection (1): www.google.com:443
22:04:11 [DEBUG] Starting new HTTPS connection (1): cp.cloudflare.com:443
22:04:11 [DEBUG] Starting new HTTPS connection (1): cp.cloudflare.com:443
22:04:11 [DEBUG] Starting new HTTPS connection (1): www.gstatic.com:443
22:04:11 [DEBUG] Starting new HTTPS connection (1): cp.cloudflare.com:443
22:04:11 [DEBUG] Starting new HTTPS connection (1): www.google.com:443
22:04:11 [DEBUG] Starting new HTTPS connection (1): www.gstatic.com:443
22:04:12 [DEBUG] Starting new HTTPS connection (1): www.gstatic.com:443
22:04:12 [DEBUG] Starting new HTTPS connection (1): www.google.com:443
22:04:12 [DEBUG] Starting new HTTPS connection (1): cp.cloudflare.com:443
22:04:12 [DEBUG] Starting new HTTPS connection (1): www.google.com:443
22:04:13 [DEBUG] Starting new HTTPS connection (1): cp.cloudflare.com:443
22:04:13 [DEBUG] Starting new HTTPS connection (1): www.gstatic.com:443
22:04:13 [DEBUG] Starting new HTTPS connection (1): www.google.com:443
22:04:13 [DEBUG] Starting new HTTPS connection (1): www.google.com:443
22:04:13 [DEBUG] Starting new HTTPS connection (1): cp.cloudflare.com:443
22:04:13 [DEBUG] Starting new HTTPS connection (1): cp.cloudflare.com:443
22:04:13 [DEBUG] Starting new HTTPS connection (1): www.gstatic.com:443
22:04:13 [DEBUG] Starting new HTTPS connection (1): www.gstatic.com:443
22:04:13 [DEBUG] Starting new HTTPS connection (1): www.gstatic.com:443
22:04:13 [DEBUG] Starting new HTTPS connection (1): cp.cloudflare.com:443
22:04:13 [DEBUG] Starting new HTTPS connection (1): www.gstatic.com:443
22:04:13 [DEBUG] Starting new HTTPS connection (1): www.google.com:443
22:04:13 [DEBUG] Starting new HTTPS connection (1): www.google.com:443
22:04:13 [DEBUG] Starting new HTTPS connection (1): www.google.com:443
22:04:13 [DEBUG] Starting new HTTPS connection (1): cp.cloudflare.com:443
22:04:13 [DEBUG] Starting new HTTPS connection (1): www.gstatic.com:443
22:04:14 [DEBUG] Starting new HTTPS connection (1): www.google.com:443
22:04:14 [DEBUG] Starting new HTTPS connection (1): www.google.com:443
22:04:14 [DEBUG] Starting new HTTPS connection (1): cp.cloudflare.com:443
22:04:14 [DEBUG] Starting new HTTPS connection (1): www.google.com:443
22:04:14 [DEBUG] Starting new HTTPS connection (1): cp.cloudflare.com:443
22:04:14 [DEBUG] Starting new HTTPS connection (1): www.google.com:443
22:04:14 [DEBUG] Starting new HTTPS connection (1): www.gstatic.com:443
22:04:14 [DEBUG] Starting new HTTPS connection (1): www.gstatic.com:443
22:04:14 [DEBUG] https://www.google.com:443 "GET /generate_204 HTTP/1.1" 204 0
22:04:14 [DEBUG] Starting new HTTPS connection (1): cp.cloudflare.com:443
22:04:14 [DEBUG] https://www.google.com:443 "GET /generate_204 HTTP/1.1" 204 0
22:04:14 [DEBUG] Starting new HTTPS connection (1): cp.cloudflare.com:443
22:04:14 [DEBUG] Starting new HTTPS connection (1): www.google.com:443
22:04:15 [DEBUG] Starting new HTTPS connection (1): www.google.com:443
22:04:15 [DEBUG] Starting new HTTPS connection (1): www.gstatic.com:443
22:04:15 [DEBUG] Starting new HTTPS connection (1): www.google.com:443
22:04:15 [DEBUG] Starting new HTTPS connection (1): www.gstatic.com:443
22:04:15 [DEBUG] https://www.google.com:443 "GET /generate_204 HTTP/1.1" 204 0
22:04:15 [DEBUG] Starting new HTTPS connection (1): cp.cloudflare.com:443
22:04:15 [DEBUG] Starting new HTTPS connection (1): cp.cloudflare.com:443
22:04:15 [DEBUG] Starting new HTTPS connection (1): www.google.com:443
22:04:16 [DEBUG] Starting new HTTPS connection (1): cp.cloudflare.com:443
22:04:16 [DEBUG] Starting new HTTPS connection (1): www.gstatic.com:443
22:04:16 [DEBUG] Starting new HTTPS connection (1): www.google.com:443
22:04:16 [DEBUG] Starting new HTTPS connection (1): www.gstatic.com:443
22:04:16 [DEBUG] Starting new HTTPS connection (1): cp.cloudflare.com:443
22:04:16 [DEBUG] Starting new HTTPS connection (1): www.gstatic.com:443
22:04:16 [DEBUG] Starting new HTTPS connection (1): www.google.com:443
22:04:16 [DEBUG] Starting new HTTPS connection (1): cp.cloudflare.com:443
22:04:17 [DEBUG] Starting new HTTPS connection (1): www.google.com:443
22:04:17 [DEBUG] Starting new HTTPS connection (1): cp.cloudflare.com:443
22:04:17 [DEBUG] Starting new HTTPS connection (1): www.gstatic.com:443
22:04:17 [DEBUG] Starting new HTTPS connection (1): cp.cloudflare.com:443
22:04:17 [DEBUG] Starting new HTTPS connection (1): www.google.com:443
22:04:17 [DEBUG] Starting new HTTPS connection (1): www.google.com:443
22:04:17 [DEBUG] Starting new HTTPS connection (1): cp.cloudflare.com:443
22:04:17 [DEBUG] Starting new HTTPS connection (1): cp.cloudflare.com:443
22:04:18 [DEBUG] https://www.google.com:443 "GET /generate_204 HTTP/1.1" 204 0
22:04:18 [DEBUG] Starting new HTTPS connection (1): cp.cloudflare.com:443
22:04:18 [DEBUG] Starting new HTTPS connection (1): www.gstatic.com:443
22:04:18 [DEBUG] https://cp.cloudflare.com:443 "GET / HTTP/1.1" 204 0
22:04:18 [DEBUG] Starting new HTTPS connection (1): www.gstatic.com:443
22:04:18 [DEBUG] Starting new HTTPS connection (1): www.gstatic.com:443
22:04:18 [DEBUG] https://www.gstatic.com:443 "GET /generate_204 HTTP/1.1" 204 0
22:04:18 [DEBUG] Starting new HTTPS connection (1): dl.google.com:443
22:04:18 [DEBUG] https://dl.google.com:443 "GET /dl/android/studio/install/3.4.1.0/android-studio-ide-183.5522156-windows.exe HTTP/1.1" 200 1017327996
22:04:18 [DEBUG] Starting new HTTPS connection (1): www.google.com:443
22:04:18 [DEBUG] Starting new HTTPS connection (1): cp.cloudflare.com:443
22:04:18 [DEBUG] Starting new HTTPS connection (1): www.google.com:443
22:04:18 [DEBUG] Starting new HTTPS connection (1): cp.cloudflare.com:443
22:04:18 [DEBUG] Starting new HTTPS connection (1): www.gstatic.com:443
22:04:18 [INFO]    🎯 45.144.53.98 (Финляндия) - 52.6 Mbps, 158ms, UDP✅ 
22:04:18 [DEBUG] Starting new HTTPS connection (1): cp.cloudflare.com:443
22:04:19 [DEBUG] Starting new HTTPS connection (1): www.gstatic.com:443
22:04:19 [DEBUG] Starting new HTTPS connection (1): www.google.com:443
22:04:19 [DEBUG] Starting new HTTPS connection (1): www.gstatic.com:443
22:04:19 [DEBUG] Starting new HTTPS connection (1): www.google.com:443
22:04:19 [DEBUG] Starting new HTTPS connection (1): www.gstatic.com:443
22:04:19 [DEBUG] https://www.google.com:443 "GET /generate_204 HTTP/1.1" 204 0
22:04:19 [DEBUG] Starting new HTTPS connection (1): cp.cloudflare.com:443
22:04:19 [DEBUG] Starting new HTTPS connection (1): www.google.com:443
22:04:19 [DEBUG] Starting new HTTPS connection (1): www.google.com:443
22:04:20 [DEBUG] https://www.gstatic.com:443 "GET /generate_204 HTTP/1.1" 204 0
22:04:20 [DEBUG] https://www.gstatic.com:443 "GET /generate_204 HTTP/1.1" 204 0
22:04:20 [DEBUG] https://cp.cloudflare.com:443 "GET / HTTP/1.1" 204 0
22:04:20 [DEBUG] Starting new HTTPS connection (1): www.gstatic.com:443
22:04:20 [DEBUG] Starting new HTTPS connection (1): dl.google.com:443
22:04:20 [DEBUG] https://www.gstatic.com:443 "GET /generate_204 HTTP/1.1" 204 0
22:04:20 [DEBUG] Starting new HTTPS connection (1): dl.google.com:443
22:04:20 [DEBUG] Starting new HTTPS connection (1): dl.google.com:443
22:04:20 [DEBUG] Starting new HTTPS connection (1): www.gstatic.com:443
22:04:20 [DEBUG] https://dl.google.com:443 "GET /dl/android/studio/install/3.4.1.0/android-studio-ide-183.5522156-windows.exe HTTP/1.1" 200 1017327996
22:04:20 [DEBUG] https://dl.google.com:443 "GET /dl/android/studio/install/3.4.1.0/android-studio-ide-183.5522156-windows.exe HTTP/1.1" 200 1017327996
22:04:20 [DEBUG] Starting new HTTPS connection (1): www.gstatic.com:443
22:04:20 [DEBUG] https://dl.google.com:443 "GET /dl/android/studio/install/3.4.1.0/android-studio-ide-183.5522156-windows.exe HTTP/1.1" 200 1017327996
22:04:20 [DEBUG] Starting new HTTPS connection (1): cp.cloudflare.com:443
22:04:20 [DEBUG] Starting new HTTPS connection (1): www.gstatic.com:443
22:04:20 [DEBUG] Starting new HTTPS connection (1): www.gstatic.com:443
22:04:20 [INFO]    🎯 45.144.53.118 (Финляндия) - 38.7 Mbps, 142ms, UDP✅ 
22:04:20 [INFO]    🎯 83.147.216.182 (Финляндия) - 28.2 Mbps, 278ms, UDP✅ 
22:04:20 [DEBUG] Starting new HTTPS connection (1): www.gstatic.com:443
22:04:20 [DEBUG] https://www.gstatic.com:443 "GET /generate_204 HTTP/1.1" 204 0
22:04:20 [INFO]    🎯 83.147.192.189 (Финляндия) - 21.9 Mbps, 277ms, UDP✅ 
22:04:21 [DEBUG] Starting new HTTPS connection (1): cp.cloudflare.com:443
22:04:21 [DEBUG] Starting new HTTPS connection (1): dl.google.com:443
22:04:21 [DEBUG] https://dl.google.com:443 "GET /dl/android/studio/install/3.4.1.0/android-studio-ide-183.5522156-windows.exe HTTP/1.1" 200 1017327996
22:04:21 [INFO]    🎯 83.147.216.31 (Финляндия) - 34.5 Mbps, 259ms, UDP✅ 
22:04:21 [DEBUG] Starting new HTTPS connection (1): www.google.com:443
22:04:21 [DEBUG] Starting new HTTPS connection (1): www.google.com:443
22:04:21 [DEBUG] Starting new HTTPS connection (1): cp.cloudflare.com:443
22:04:21 [DEBUG] Starting new HTTPS connection (1): www.gstatic.com:443
22:04:21 [DEBUG] Starting new HTTPS connection (1): www.google.com:443
22:04:21 [DEBUG] Starting new HTTPS connection (1): www.google.com:443
22:04:22 [DEBUG] Starting new HTTPS connection (1): www.google.com:443
22:04:22 [DEBUG] Starting new HTTPS connection (1): www.google.com:443
22:04:22 [DEBUG] Starting new HTTPS connection (1): cp.cloudflare.com:443
22:04:22 [DEBUG] Starting new HTTPS connection (1): cp.cloudflare.com:443
22:04:22 [DEBUG] https://www.google.com:443 "GET /generate_204 HTTP/1.1" 204 0
22:04:22 [DEBUG] Starting new HTTPS connection (1): cp.cloudflare.com:443
22:04:22 [DEBUG] https://cp.cloudflare.com:443 "GET / HTTP/1.1" 204 0
22:04:22 [DEBUG] Starting new HTTPS connection (1): www.gstatic.com:443
22:04:22 [DEBUG] Starting new HTTPS connection (1): www.google.com:443
22:04:22 [DEBUG] https://www.gstatic.com:443 "GET /generate_204 HTTP/1.1" 204 0
22:04:23 [DEBUG] Starting new HTTPS connection (1): dl.google.com:443
22:04:23 [DEBUG] Starting new HTTPS connection (1): www.google.com:443
22:04:23 [DEBUG] Starting new HTTPS connection (1): cp.cloudflare.com:443
22:04:23 [DEBUG] Starting new HTTPS connection (1): www.gstatic.com:443
22:04:23 [DEBUG] Starting new HTTPS connection (1): www.gstatic.com:443
22:04:23 [DEBUG] https://dl.google.com:443 "GET /dl/android/studio/install/3.4.1.0/android-studio-ide-183.5522156-windows.exe HTTP/1.1" 200 1017327996
22:04:23 [DEBUG] Starting new HTTPS connection (1): www.gstatic.com:443
22:04:23 [DEBUG] Starting new HTTPS connection (1): www.google.com:443
22:04:23 [DEBUG] Starting new HTTPS connection (1): cp.cloudflare.com:443
22:04:23 [DEBUG] Starting new HTTPS connection (1): www.google.com:443
22:04:23 [DEBUG] Starting new HTTPS connection (1): cp.cloudflare.com:443
22:04:23 [DEBUG] Starting new HTTPS connection (1): www.gstatic.com:443
22:04:23 [DEBUG] Starting new HTTPS connection (1): www.gstatic.com:443
22:04:24 [DEBUG] Starting new HTTPS connection (1): cp.cloudflare.com:443
22:04:24 [DEBUG] Starting new HTTPS connection (1): cp.cloudflare.com:443
22:04:24 [DEBUG] Starting new HTTPS connection (1): cp.cloudflare.com:443
22:04:24 [DEBUG] Starting new HTTPS connection (1): www.google.com:443
22:04:24 [DEBUG] Starting new HTTPS connection (1): cp.cloudflare.com:443
22:04:24 [DEBUG] Starting new HTTPS connection (1): www.gstatic.com:443
22:04:24 [INFO]    📊 Глубокая проверка: 772/1936 (40%) | ✅261 ❌511
22:04:24 [DEBUG] Starting new HTTPS connection (1): cp.cloudflare.com:443
22:04:24 [DEBUG] Starting new HTTPS connection (1): www.google.com:443
22:04:24 [DEBUG] Starting new HTTPS connection (1): cp.cloudflare.com:443
22:04:24 [DEBUG] Starting new HTTPS connection (1): www.gstatic.com:443
22:04:24 [DEBUG] Starting new HTTPS connection (1): www.gstatic.com:443
22:04:24 [DEBUG] Starting new HTTPS connection (1): www.gstatic.com:443
22:04:24 [DEBUG] Starting new HTTPS connection (1): cp.cloudflare.com:443
22:04:24 [DEBUG] Starting new HTTPS connection (1): www.google.com:443
22:04:25 [DEBUG] Starting new HTTPS connection (1): www.google.com:443
22:04:25 [DEBUG] Starting new HTTPS connection (1): www.google.com:443
22:04:25 [DEBUG] Starting new HTTPS connection (1): cp.cloudflare.com:443
22:04:25 [DEBUG] Starting new HTTPS connection (1): cp.cloudflare.com:443
22:04:25 [DEBUG] Starting new HTTPS connection (1): www.gstatic.com:443
22:04:25 [DEBUG] Starting new HTTPS connection (1): www.gstatic.com:443
22:04:25 [DEBUG] Starting new HTTPS connection (1): www.google.com:443
22:04:25 [DEBUG] Starting new HTTPS connection (1): www.google.com:443
22:04:25 [DEBUG] Starting new HTTPS connection (1): cp.cloudflare.com:443
22:04:25 [DEBUG] Starting new HTTPS connection (1): www.gstatic.com:443
22:04:26 [DEBUG] Starting new HTTPS connection (1): www.gstatic.com:443
22:04:26 [DEBUG] Starting new HTTPS connection (1): www.gstatic.com:443
22:04:26 [DEBUG] Starting new HTTPS connection (1): www.google.com:443
22:04:26 [DEBUG] Starting new HTTPS connection (1): www.google.com:443
22:04:26 [DEBUG] Starting new HTTPS connection (1): cp.cloudflare.com:443
22:04:26 [DEBUG] Starting new HTTPS connection (1): cp.cloudflare.com:443
22:04:26 [DEBUG] Starting new HTTPS connection (1): www.gstatic.com:443
22:04:26 [DEBUG] Starting new HTTPS connection (1): www.gstatic.com:443
22:04:26 [DEBUG] Starting new HTTPS connection (1): www.gstatic.com:443
22:04:26 [DEBUG] Starting new HTTPS connection (1): www.gstatic.com:443
22:04:26 [DEBUG] Starting new HTTPS connection (1): www.gstatic.com:443
22:04:26 [DEBUG] Starting new HTTPS connection (1): www.google.com:443
22:04:26 [DEBUG] Starting new HTTPS connection (1): cp.cloudflare.com:443
22:04:26 [DEBUG] Starting new HTTPS connection (1): www.gstatic.com:443
22:04:26 [DEBUG] Starting new HTTPS connection (1): www.google.com:443
22:04:26 [DEBUG] Starting new HTTPS connection (1): cp.cloudflare.com:443
22:04:26 [DEBUG] Starting new HTTPS connection (1): www.gstatic.com:443
22:04:26 [DEBUG] Starting new HTTPS connection (1): cp.cloudflare.com:443
22:04:27 [DEBUG] Starting new HTTPS connection (1): cp.cloudflare.com:443
22:04:27 [DEBUG] Starting new HTTPS connection (1): www.google.com:443
22:04:27 [DEBUG] Starting new HTTPS connection (1): cp.cloudflare.com:443
22:04:27 [DEBUG] Starting new HTTPS connection (1): www.google.com:443
22:04:27 [DEBUG] Starting new HTTPS connection (1): cp.cloudflare.com:443
22:04:27 [DEBUG] Starting new HTTPS connection (1): www.gstatic.com:443
22:04:27 [DEBUG] Starting new HTTPS connection (1): www.gstatic.com:443
22:04:27 [DEBUG] Starting new HTTPS connection (1): www.google.com:443
22:04:28 [DEBUG] Starting new HTTPS connection (1): cp.cloudflare.com:443
22:04:28 [DEBUG] Starting new HTTPS connection (1): www.gstatic.com:443
22:04:28 [DEBUG] Starting new HTTPS connection (1): www.google.com:443
22:04:28 [DEBUG] Starting new HTTPS connection (1): cp.cloudflare.com:443
22:04:28 [DEBUG] Starting new HTTPS connection (1): www.gstatic.com:443
22:04:28 [DEBUG] Starting new HTTPS connection (1): www.google.com:443
22:04:28 [DEBUG] Starting new HTTPS connection (1): cp.cloudflare.com:443
22:04:28 [DEBUG] Starting new HTTPS connection (1): www.gstatic.com:443
22:04:28 [DEBUG] Starting new HTTPS connection (1): www.google.com:443
22:04:28 [DEBUG] Starting new HTTPS connection (1): cp.cloudflare.com:443
22:04:28 [DEBUG] Starting new HTTPS connection (1): www.gstatic.com:443
22:04:28 [DEBUG] Starting new HTTPS connection (1): www.google.com:443
22:04:28 [DEBUG] Starting new HTTPS connection (1): www.google.com:443
22:04:28 [DEBUG] Starting new HTTPS connection (1): cp.cloudflare.com:443
22:04:28 [DEBUG] Starting new HTTPS connection (1): cp.cloudflare.com:443
22:04:28 [DEBUG] Starting new HTTPS connection (1): www.gstatic.com:443
22:04:28 [DEBUG] Starting new HTTPS connection (1): www.gstatic.com:443
22:04:29 [DEBUG] Starting new HTTPS connection (1): www.gstatic.com:443
22:04:29 [DEBUG] Starting new HTTPS connection (1): www.google.com:443
22:04:29 [DEBUG] Starting new HTTPS connection (1): www.google.com:443
22:04:29 [DEBUG] Starting new HTTPS connection (1): cp.cloudflare.com:443
22:04:29 [DEBUG] Starting new HTTPS connection (1): www.gstatic.com:443
22:04:29 [DEBUG] Starting new HTTPS connection (1): www.google.com:443
22:04:29 [DEBUG] Starting new HTTPS connection (1): cp.cloudflare.com:443
22:04:29 [DEBUG] Starting new HTTPS connection (1): www.gstatic.com:443
22:04:29 [DEBUG] Starting new HTTPS connection (1): www.google.com:443
22:04:29 [DEBUG] Starting new HTTPS connection (1): cp.cloudflare.com:443
22:04:29 [DEBUG] Starting new HTTPS connection (1): www.gstatic.com:443
22:04:29 [DEBUG] Starting new HTTPS connection (1): www.google.com:443
22:04:29 [DEBUG] Starting new HTTPS connection (1): www.google.com:443
22:04:29 [DEBUG] Starting new HTTPS connection (1): cp.cloudflare.com:443
22:04:29 [DEBUG] Starting new HTTPS connection (1): www.gstatic.com:443
22:04:29 [DEBUG] Starting new HTTPS connection (1): www.gstatic.com:443
22:04:29 [DEBUG] Starting new HTTPS connection (1): www.google.com:443
22:04:29 [DEBUG] Starting new HTTPS connection (1): cp.cloudflare.com:443
22:04:29 [DEBUG] Starting new HTTPS connection (1): www.gstatic.com:443
22:04:30 [DEBUG] Starting new HTTPS connection (1): www.google.com:443
22:04:30 [DEBUG] Starting new HTTPS connection (1): cp.cloudflare.com:443
22:04:30 [DEBUG] Starting new HTTPS connection (1): www.gstatic.com:443
22:04:30 [DEBUG] Starting new HTTPS connection (1): www.google.com:443
22:04:30 [DEBUG] Starting new HTTPS connection (1): www.google.com:443
22:04:30 [DEBUG] Starting new HTTPS connection (1): cp.cloudflare.com:443
22:04:30 [DEBUG] Starting new HTTPS connection (1): cp.cloudflare.com:443
22:04:30 [DEBUG] Starting new HTTPS connection (1): www.gstatic.com:443
22:04:30 [DEBUG] Starting new HTTPS connection (1): www.gstatic.com:443
22:04:30 [DEBUG] Starting new HTTPS connection (1): www.google.com:443
22:04:30 [DEBUG] Starting new HTTPS connection (1): cp.cloudflare.com:443
22:04:30 [DEBUG] Starting new HTTPS connection (1): www.gstatic.com:443
22:04:30 [DEBUG] Starting new HTTPS connection (1): www.google.com:443
22:04:30 [DEBUG] Starting new HTTPS connection (1): cp.cloudflare.com:443
22:04:30 [DEBUG] Starting new HTTPS connection (1): www.gstatic.com:443
22:04:30 [DEBUG] Starting new HTTPS connection (1): www.google.com:443
22:04:30 [DEBUG] Starting new HTTPS connection (1): cp.cloudflare.com:443
22:04:30 [DEBUG] Starting new HTTPS connection (1): www.gstatic.com:443
22:04:30 [DEBUG] Starting new HTTPS connection (1): www.google.com:443
22:04:30 [DEBUG] Starting new HTTPS connection (1): cp.cloudflare.com:443
22:04:30 [DEBUG] Starting new HTTPS connection (1): www.gstatic.com:443
22:04:30 [DEBUG] Starting new HTTPS connection (1): www.google.com:443
22:04:30 [DEBUG] Starting new HTTPS connection (1): cp.cloudflare.com:443
22:04:30 [DEBUG] Starting new HTTPS connection (1): www.gstatic.com:443
22:04:30 [DEBUG] Starting new HTTPS connection (1): www.google.com:443
22:04:30 [DEBUG] Starting new HTTPS connection (1): cp.cloudflare.com:443
22:04:30 [DEBUG] Starting new HTTPS connection (1): www.gstatic.com:443
22:04:31 [DEBUG] Starting new HTTPS connection (1): www.google.com:443
22:04:31 [DEBUG] Starting new HTTPS connection (1): cp.cloudflare.com:443
22:04:31 [DEBUG] Starting new HTTPS connection (1): www.gstatic.com:443
22:04:31 [DEBUG] Starting new HTTPS connection (1): www.google.com:443
22:04:31 [DEBUG] Starting new HTTPS connection (1): cp.cloudflare.com:443
22:04:31 [DEBUG] Starting new HTTPS connection (1): www.gstatic.com:443
22:04:31 [DEBUG] Starting new HTTPS connection (1): cp.cloudflare.com:443
22:04:31 [DEBUG] Starting new HTTPS connection (1): www.google.com:443
22:04:31 [DEBUG] Starting new HTTPS connection (1): www.google.com:443
22:04:31 [DEBUG] Starting new HTTPS connection (1): cp.cloudflare.com:443
22:04:31 [DEBUG] Starting new HTTPS connection (1): cp.cloudflare.com:443
22:04:31 [DEBUG] Starting new HTTPS connection (1): www.gstatic.com:443
22:04:31 [DEBUG] Starting new HTTPS connection (1): www.gstatic.com:443
22:04:31 [DEBUG] Starting new HTTPS connection (1): cp.cloudflare.com:443
22:04:31 [DEBUG] Starting new HTTPS connection (1): www.google.com:443
22:04:31 [DEBUG] Starting new HTTPS connection (1): cp.cloudflare.com:443
22:04:31 [DEBUG] Starting new HTTPS connection (1): www.gstatic.com:443
22:04:31 [DEBUG] Starting new HTTPS connection (1): www.google.com:443
22:04:31 [DEBUG] Starting new HTTPS connection (1): www.google.com:443
22:04:31 [DEBUG] Starting new HTTPS connection (1): www.google.com:443
22:04:31 [DEBUG] Starting new HTTPS connection (1): www.google.com:443
22:04:31 [DEBUG] Starting new HTTPS connection (1): www.google.com:443
22:04:31 [DEBUG] Starting new HTTPS connection (1): cp.cloudflare.com:443
22:04:31 [DEBUG] Starting new HTTPS connection (1): www.gstatic.com:443
22:04:32 [DEBUG] Starting new HTTPS connection (1): www.google.com:443
22:04:32 [DEBUG] Starting new HTTPS connection (1): cp.cloudflare.com:443
22:04:32 [DEBUG] Starting new HTTPS connection (1): www.gstatic.com:443
22:04:32 [DEBUG] Starting new HTTPS connection (1): www.google.com:443
22:04:32 [DEBUG] Starting new HTTPS connection (1): www.google.com:443
22:04:32 [DEBUG] Starting new HTTPS connection (1): cp.cloudflare.com:443
22:04:32 [DEBUG] Starting new HTTPS connection (1): www.gstatic.com:443
22:04:32 [DEBUG] Starting new HTTPS connection (1): www.google.com:443
22:04:32 [DEBUG] Starting new HTTPS connection (1): www.google.com:443
22:04:32 [DEBUG] Starting new HTTPS connection (1): www.google.com:443
22:04:32 [DEBUG] Starting new HTTPS connection (1): www.google.com:443
22:04:32 [DEBUG] Starting new HTTPS connection (1): cp.cloudflare.com:443
22:04:32 [DEBUG] Starting new HTTPS connection (1): www.gstatic.com:443
22:04:33 [DEBUG] Starting new HTTPS connection (1): www.google.com:443
22:04:33 [DEBUG] Starting new HTTPS connection (1): www.gstatic.com:443
22:04:33 [DEBUG] Starting new HTTPS connection (1): www.google.com:443
22:04:33 [DEBUG] Starting new HTTPS connection (1): www.gstatic.com:443
22:04:33 [DEBUG] Starting new HTTPS connection (1): cp.cloudflare.com:443
22:04:33 [DEBUG] Starting new HTTPS connection (1): www.google.com:443
22:04:33 [DEBUG] Starting new HTTPS connection (1): cp.cloudflare.com:443
22:04:33 [DEBUG] Starting new HTTPS connection (1): cp.cloudflare.com:443
22:04:34 [DEBUG] Starting new HTTPS connection (1): cp.cloudflare.com:443
22:04:34 [DEBUG] Starting new HTTPS connection (1): www.google.com:443
22:04:34 [DEBUG] Starting new HTTPS connection (1): cp.cloudflare.com:443
22:04:34 [DEBUG] Starting new HTTPS connection (1): cp.cloudflare.com:443
22:04:34 [DEBUG] Starting new HTTPS connection (1): cp.cloudflare.com:443
22:04:34 [DEBUG] Starting new HTTPS connection (1): cp.cloudflare.com:443
22:04:35 [DEBUG] Starting new HTTPS connection (1): cp.cloudflare.com:443
22:04:35 [DEBUG] Starting new HTTPS connection (1): cp.cloudflare.com:443
22:04:35 [DEBUG] Starting new HTTPS connection (1): www.gstatic.com:443
22:04:35 [DEBUG] Starting new HTTPS connection (1): cp.cloudflare.com:443
22:04:36 [DEBUG] Starting new HTTPS connection (1): cp.cloudflare.com:443
22:04:36 [DEBUG] Starting new HTTPS connection (1): www.gstatic.com:443
22:04:36 [DEBUG] Starting new HTTPS connection (1): www.gstatic.com:443
22:04:36 [DEBUG] Starting new HTTPS connection (1): www.gstatic.com:443
22:04:36 [DEBUG] Starting new HTTPS connection (1): www.google.com:443
22:04:36 [DEBUG] Starting new HTTPS connection (1): cp.cloudflare.com:443
22:04:36 [DEBUG] Starting new HTTPS connection (1): www.gstatic.com:443
22:04:36 [DEBUG] Starting new HTTPS connection (1): www.gstatic.com:443
22:04:36 [DEBUG] Starting new HTTPS connection (1): www.gstatic.com:443
22:04:36 [DEBUG] Starting new HTTPS connection (1): www.google.com:443
22:04:36 [DEBUG] Starting new HTTPS connection (1): www.gstatic.com:443
22:04:36 [DEBUG] Starting new HTTPS connection (1): www.gstatic.com:443
22:04:37 [DEBUG] Starting new HTTPS connection (1): www.gstatic.com:443
22:04:37 [DEBUG] Starting new HTTPS connection (1): www.gstatic.com:443
22:04:37 [DEBUG] Starting new HTTPS connection (1): www.google.com:443
22:04:37 [DEBUG] Starting new HTTPS connection (1): www.gstatic.com:443
22:04:38 [DEBUG] Starting new HTTPS connection (1): www.gstatic.com:443
22:04:38 [DEBUG] Starting new HTTPS connection (1): cp.cloudflare.com:443
22:04:38 [DEBUG] Starting new HTTPS connection (1): www.google.com:443
22:04:39 [DEBUG] Starting new HTTPS connection (1): www.google.com:443
22:04:39 [DEBUG] Starting new HTTPS connection (1): www.google.com:443
22:04:39 [DEBUG] Starting new HTTPS connection (1): cp.cloudflare.com:443
22:04:39 [DEBUG] Starting new HTTPS connection (1): www.google.com:443
22:04:39 [DEBUG] Starting new HTTPS connection (1): www.gstatic.com:443
22:04:39 [DEBUG] Starting new HTTPS connection (1): cp.cloudflare.com:443
22:04:39 [DEBUG] Starting new HTTPS connection (1): www.gstatic.com:443
22:04:39 [DEBUG] Starting new HTTPS connection (1): cp.cloudflare.com:443
22:04:39 [DEBUG] Starting new HTTPS connection (1): www.google.com:443
22:04:39 [DEBUG] Starting new HTTPS connection (1): www.google.com:443
22:04:40 [DEBUG] Starting new HTTPS connection (1): www.google.com:443
22:04:40 [DEBUG] Starting new HTTPS connection (1): www.google.com:443
22:04:40 [DEBUG] Starting new HTTPS connection (1): cp.cloudflare.com:443
22:04:40 [DEBUG] Starting new HTTPS connection (1): www.gstatic.com:443
22:04:40 [DEBUG] Starting new HTTPS connection (1): www.google.com:443
22:04:40 [DEBUG] Starting new HTTPS connection (1): cp.cloudflare.com:443
22:04:40 [DEBUG] Starting new HTTPS connection (1): www.gstatic.com:443
22:04:40 [DEBUG] Starting new HTTPS connection (1): www.google.com:443
22:04:40 [DEBUG] Starting new HTTPS connection (1): www.google.com:443
22:04:40 [DEBUG] Starting new HTTPS connection (1): www.gstatic.com:443
22:04:40 [DEBUG] Starting new HTTPS connection (1): www.google.com:443
22:04:40 [DEBUG] Starting new HTTPS connection (1): cp.cloudflare.com:443
22:04:41 [DEBUG] Starting new HTTPS connection (1): www.google.com:443
22:04:41 [DEBUG] Starting new HTTPS connection (1): www.google.com:443
22:04:41 [DEBUG] Starting new HTTPS connection (1): cp.cloudflare.com:443
22:04:41 [DEBUG] Starting new HTTPS connection (1): www.google.com:443
22:04:41 [DEBUG] Starting new HTTPS connection (1): www.google.com:443
22:04:41 [DEBUG] Starting new HTTPS connection (1): www.gstatic.com:443
22:04:41 [DEBUG] Starting new HTTPS connection (1): cp.cloudflare.com:443
22:04:42 [DEBUG] Starting new HTTPS connection (1): cp.cloudflare.com:443
22:04:42 [DEBUG] Starting new HTTPS connection (1): cp.cloudflare.com:443
22:04:42 [DEBUG] Starting new HTTPS connection (1): cp.cloudflare.com:443
22:04:43 [DEBUG] Starting new HTTPS connection (1): www.gstatic.com:443
22:04:43 [DEBUG] Starting new HTTPS connection (1): cp.cloudflare.com:443
22:04:43 [DEBUG] Starting new HTTPS connection (1): www.gstatic.com:443
22:04:43 [DEBUG] Starting new HTTPS connection (1): cp.cloudflare.com:443
22:04:43 [DEBUG] Starting new HTTPS connection (1): cp.cloudflare.com:443
22:04:43 [DEBUG] Starting new HTTPS connection (1): www.gstatic.com:443
22:04:44 [DEBUG] Starting new HTTPS connection (1): www.google.com:443
22:04:44 [DEBUG] Starting new HTTPS connection (1): www.gstatic.com:443
22:04:44 [DEBUG] Starting new HTTPS connection (1): www.gstatic.com:443
22:04:45 [DEBUG] Starting new HTTPS connection (1): www.gstatic.com:443
22:04:45 [DEBUG] Starting new HTTPS connection (1): www.google.com:443
22:04:45 [DEBUG] Starting new HTTPS connection (1): www.gstatic.com:443
22:04:45 [DEBUG] Starting new HTTPS connection (1): www.gstatic.com:443
22:04:45 [DEBUG] Starting new HTTPS connection (1): cp.cloudflare.com:443
22:04:45 [DEBUG] Starting new HTTPS connection (1): cp.cloudflare.com:443
22:04:45 [DEBUG] Starting new HTTPS connection (1): www.gstatic.com:443
22:04:46 [DEBUG] Starting new HTTPS connection (1): cp.cloudflare.com:443
22:04:46 [DEBUG] Starting new HTTPS connection (1): cp.cloudflare.com:443
22:04:46 [DEBUG] Starting new HTTPS connection (1): www.google.com:443
22:04:46 [DEBUG] Starting new HTTPS connection (1): www.google.com:443
22:04:47 [DEBUG] Starting new HTTPS connection (1): www.google.com:443
22:04:47 [DEBUG] Starting new HTTPS connection (1): cp.cloudflare.com:443
22:04:47 [DEBUG] Starting new HTTPS connection (1): cp.cloudflare.com:443
22:04:47 [DEBUG] Starting new HTTPS connection (1): www.gstatic.com:443
22:04:47 [DEBUG] Starting new HTTPS connection (1): www.google.com:443
22:04:47 [DEBUG] Starting new HTTPS connection (1): www.google.com:443
22:04:47 [DEBUG] Starting new HTTPS connection (1): cp.cloudflare.com:443
22:04:47 [DEBUG] Starting new HTTPS connection (1): www.gstatic.com:443
22:04:48 [DEBUG] Starting new HTTPS connection (1): www.gstatic.com:443
22:04:48 [DEBUG] Starting new HTTPS connection (1): cp.cloudflare.com:443
22:04:48 [DEBUG] Starting new HTTPS connection (1): www.google.com:443
22:04:48 [DEBUG] Starting new HTTPS connection (1): cp.cloudflare.com:443
22:04:48 [DEBUG] Starting new HTTPS connection (1): www.gstatic.com:443
22:04:48 [DEBUG] Starting new HTTPS connection (1): www.google.com:443
22:04:48 [DEBUG] Starting new HTTPS connection (1): cp.cloudflare.com:443
22:04:48 [DEBUG] Starting new HTTPS connection (1): www.gstatic.com:443
22:04:48 [DEBUG] Starting new HTTPS connection (1): www.google.com:443
22:04:48 [DEBUG] Starting new HTTPS connection (1): cp.cloudflare.com:443
22:04:48 [DEBUG] Starting new HTTPS connection (1): www.google.com:443
22:04:48 [DEBUG] Starting new HTTPS connection (1): www.google.com:443
22:04:48 [DEBUG] Starting new HTTPS connection (1): cp.cloudflare.com:443
22:04:48 [DEBUG] Starting new HTTPS connection (1): www.gstatic.com:443
22:04:49 [DEBUG] Starting new HTTPS connection (1): www.google.com:443
22:04:49 [DEBUG] Starting new HTTPS connection (1): www.gstatic.com:443
22:04:49 [DEBUG] Starting new HTTPS connection (1): cp.cloudflare.com:443
22:04:49 [DEBUG] Starting new HTTPS connection (1): www.gstatic.com:443
22:04:49 [DEBUG] Starting new HTTPS connection (1): cp.cloudflare.com:443
22:04:49 [DEBUG] Starting new HTTPS connection (1): www.google.com:443
22:04:49 [DEBUG] Starting new HTTPS connection (1): www.google.com:443
22:04:49 [DEBUG] Starting new HTTPS connection (1): cp.cloudflare.com:443
22:04:49 [DEBUG] Starting new HTTPS connection (1): www.gstatic.com:443
22:04:50 [DEBUG] Starting new HTTPS connection (1): www.google.com:443
22:04:50 [DEBUG] Starting new HTTPS connection (1): cp.cloudflare.com:443
22:04:50 [DEBUG] Starting new HTTPS connection (1): www.gstatic.com:443
22:04:50 [DEBUG] Starting new HTTPS connection (1): www.gstatic.com:443
22:04:50 [DEBUG] Starting new HTTPS connection (1): www.google.com:443
22:04:50 [DEBUG] Starting new HTTPS connection (1): cp.cloudflare.com:443
22:04:50 [DEBUG] Starting new HTTPS connection (1): www.gstatic.com:443
22:04:50 [DEBUG] Starting new HTTPS connection (1): www.google.com:443
22:04:50 [DEBUG] Starting new HTTPS connection (1): www.gstatic.com:443
22:04:50 [DEBUG] Starting new HTTPS connection (1): cp.cloudflare.com:443
22:04:50 [DEBUG] Starting new HTTPS connection (1): www.gstatic.com:443
22:04:51 [DEBUG] Starting new HTTPS connection (1): www.gstatic.com:443
22:04:51 [DEBUG] Starting new HTTPS connection (1): www.google.com:443
22:04:51 [DEBUG] Starting new HTTPS connection (1): www.google.com:443
22:04:51 [DEBUG] Starting new HTTPS connection (1): www.gstatic.com:443
22:04:51 [DEBUG] Starting new HTTPS connection (1): cp.cloudflare.com:443
22:04:52 [DEBUG] Starting new HTTPS connection (1): www.google.com:443
22:04:52 [DEBUG] Starting new HTTPS connection (1): cp.cloudflare.com:443
22:04:52 [DEBUG] Starting new HTTPS connection (1): cp.cloudflare.com:443
22:04:52 [DEBUG] Starting new HTTPS connection (1): www.gstatic.com:443
22:04:52 [DEBUG] Starting new HTTPS connection (1): www.gstatic.com:443
22:04:52 [DEBUG] Starting new HTTPS connection (1): cp.cloudflare.com:443
22:04:52 [DEBUG] Starting new HTTPS connection (1): www.gstatic.com:443
22:04:53 [DEBUG] Starting new HTTPS connection (1): cp.cloudflare.com:443
22:04:53 [DEBUG] Starting new HTTPS connection (1): www.google.com:443
22:04:53 [DEBUG] Starting new HTTPS connection (1): www.gstatic.com:443
22:04:53 [DEBUG] Starting new HTTPS connection (1): cp.cloudflare.com:443
22:04:53 [DEBUG] Starting new HTTPS connection (1): www.google.com:443
22:04:54 [DEBUG] Starting new HTTPS connection (1): www.google.com:443
22:04:54 [DEBUG] Starting new HTTPS connection (1): cp.cloudflare.com:443
22:04:54 [DEBUG] Starting new HTTPS connection (1): www.gstatic.com:443
22:04:54 [DEBUG] Starting new HTTPS connection (1): www.gstatic.com:443
22:04:54 [DEBUG] Starting new HTTPS connection (1): www.google.com:443
22:04:54 [DEBUG] Starting new HTTPS connection (1): www.gstatic.com:443
22:04:55 [DEBUG] Starting new HTTPS connection (1): www.gstatic.com:443
22:04:55 [DEBUG] Starting new HTTPS connection (1): www.google.com:443
22:04:55 [DEBUG] Starting new HTTPS connection (1): cp.cloudflare.com:443
22:04:55 [DEBUG] Starting new HTTPS connection (1): www.gstatic.com:443
22:04:55 [DEBUG] Starting new HTTPS connection (1): cp.cloudflare.com:443
22:04:56 [DEBUG] Starting new HTTPS connection (1): www.google.com:443
22:04:56 [DEBUG] Starting new HTTPS connection (1): cp.cloudflare.com:443
22:04:56 [DEBUG] Starting new HTTPS connection (1): www.gstatic.com:443
22:04:56 [DEBUG] Starting new HTTPS connection (1): www.google.com:443
22:04:56 [DEBUG] https://www.google.com:443 "GET /generate_204 HTTP/1.1" 204 0
22:04:56 [DEBUG] Starting new HTTPS connection (1): cp.cloudflare.com:443
22:04:56 [DEBUG] Starting new HTTPS connection (1): www.google.com:443
22:04:56 [DEBUG] Starting new HTTPS connection (1): cp.cloudflare.com:443
22:04:56 [DEBUG] https://www.google.com:443 "GET /generate_204 HTTP/1.1" 204 0
22:04:56 [DEBUG] Starting new HTTPS connection (1): cp.cloudflare.com:443
22:04:57 [DEBUG] Starting new HTTPS connection (1): www.google.com:443
22:04:57 [DEBUG] Starting new HTTPS connection (1): www.google.com:443
22:04:57 [DEBUG] Starting new HTTPS connection (1): cp.cloudflare.com:443
22:04:57 [DEBUG] Starting new HTTPS connection (1): www.gstatic.com:443
22:04:57 [DEBUG] Starting new HTTPS connection (1): www.google.com:443
22:04:57 [DEBUG] Starting new HTTPS connection (1): www.google.com:443
22:04:57 [DEBUG] Starting new HTTPS connection (1): cp.cloudflare.com:443
22:04:57 [DEBUG] Starting new HTTPS connection (1): www.gstatic.com:443
22:04:57 [DEBUG] Starting new HTTPS connection (1): cp.cloudflare.com:443
22:04:57 [DEBUG] Starting new HTTPS connection (1): www.gstatic.com:443
22:04:57 [DEBUG] Starting new HTTPS connection (1): www.google.com:443
22:04:57 [DEBUG] Starting new HTTPS connection (1): cp.cloudflare.com:443
22:04:57 [DEBUG] Starting new HTTPS connection (1): www.gstatic.com:443
22:04:57 [DEBUG] Starting new HTTPS connection (1): www.gstatic.com:443
22:04:58 [DEBUG] Starting new HTTPS connection (1): www.google.com:443
22:04:58 [DEBUG] Starting new HTTPS connection (1): cp.cloudflare.com:443
22:04:58 [DEBUG] Starting new HTTPS connection (1): www.gstatic.com:443
22:04:58 [DEBUG] Starting new HTTPS connection (1): www.google.com:443
22:04:58 [DEBUG] Starting new HTTPS connection (1): cp.cloudflare.com:443
22:04:58 [DEBUG] Starting new HTTPS connection (1): www.gstatic.com:443
22:04:58 [DEBUG] Starting new HTTPS connection (1): www.google.com:443
22:04:58 [DEBUG] Starting new HTTPS connection (1): cp.cloudflare.com:443
22:04:58 [DEBUG] Starting new HTTPS connection (1): www.gstatic.com:443
22:04:58 [DEBUG] Starting new HTTPS connection (1): www.google.com:443
22:04:58 [DEBUG] Starting new HTTPS connection (1): cp.cloudflare.com:443
22:04:58 [DEBUG] Starting new HTTPS connection (1): www.gstatic.com:443
22:04:58 [DEBUG] Starting new HTTPS connection (1): www.gstatic.com:443
22:04:58 [DEBUG] Starting new HTTPS connection (1): www.google.com:443
22:04:58 [DEBUG] Starting new HTTPS connection (1): cp.cloudflare.com:443
22:04:58 [DEBUG] Starting new HTTPS connection (1): www.gstatic.com:443
22:04:59 [DEBUG] Starting new HTTPS connection (1): cp.cloudflare.com:443
22:04:59 [DEBUG] Starting new HTTPS connection (1): www.google.com:443
22:04:59 [DEBUG] Starting new HTTPS connection (1): cp.cloudflare.com:443
22:04:59 [DEBUG] Starting new HTTPS connection (1): www.gstatic.com:443
22:04:59 [DEBUG] Starting new HTTPS connection (1): cp.cloudflare.com:443
22:04:59 [DEBUG] Starting new HTTPS connection (1): www.google.com:443
22:04:59 [DEBUG] Starting new HTTPS connection (1): cp.cloudflare.com:443
22:04:59 [DEBUG] Starting new HTTPS connection (1): www.gstatic.com:443
22:04:59 [DEBUG] Starting new HTTPS connection (1): www.gstatic.com:443
22:04:59 [DEBUG] Starting new HTTPS connection (1): www.google.com:443
22:04:59 [DEBUG] Starting new HTTPS connection (1): cp.cloudflare.com:443
22:04:59 [DEBUG] Starting new HTTPS connection (1): www.gstatic.com:443
22:04:59 [DEBUG] Starting new HTTPS connection (1): www.google.com:443
22:04:59 [DEBUG] Starting new HTTPS connection (1): cp.cloudflare.com:443
22:04:59 [DEBUG] Starting new HTTPS connection (1): www.gstatic.com:443
22:04:59 [DEBUG] Starting new HTTPS connection (1): www.google.com:443
22:05:00 [DEBUG] Starting new HTTPS connection (1): cp.cloudflare.com:443
22:05:00 [DEBUG] Starting new HTTPS connection (1): www.gstatic.com:443
22:05:00 [DEBUG] Starting new HTTPS connection (1): www.google.com:443
22:05:00 [DEBUG] Starting new HTTPS connection (1): cp.cloudflare.com:443
22:05:00 [DEBUG] Starting new HTTPS connection (1): www.gstatic.com:443
22:05:00 [DEBUG] Starting new HTTPS connection (1): www.google.com:443
22:05:00 [DEBUG] Starting new HTTPS connection (1): cp.cloudflare.com:443
22:05:00 [DEBUG] Starting new HTTPS connection (1): www.gstatic.com:443
22:05:00 [DEBUG] Starting new HTTPS connection (1): www.google.com:443
22:05:00 [DEBUG] Starting new HTTPS connection (1): cp.cloudflare.com:443
22:05:00 [DEBUG] Starting new HTTPS connection (1): www.gstatic.com:443
22:05:00 [DEBUG] Starting new HTTPS connection (1): www.google.com:443
22:05:00 [DEBUG] Starting new HTTPS connection (1): cp.cloudflare.com:443
22:05:00 [DEBUG] Starting new HTTPS connection (1): www.gstatic.com:443
22:05:00 [DEBUG] Starting new HTTPS connection (1): www.google.com:443
22:05:00 [DEBUG] Starting new HTTPS connection (1): cp.cloudflare.com:443
22:05:00 [DEBUG] Starting new HTTPS connection (1): www.gstatic.com:443
22:05:01 [DEBUG] Starting new HTTPS connection (1): www.google.com:443
22:05:01 [DEBUG] Starting new HTTPS connection (1): cp.cloudflare.com:443
22:05:01 [DEBUG] Starting new HTTPS connection (1): www.gstatic.com:443
22:05:01 [DEBUG] Starting new HTTPS connection (1): www.google.com:443
22:05:01 [DEBUG] Starting new HTTPS connection (1): cp.cloudflare.com:443
22:05:01 [DEBUG] Starting new HTTPS connection (1): www.gstatic.com:443
22:05:01 [DEBUG] Starting new HTTPS connection (1): www.gstatic.com:443
22:05:01 [DEBUG] Starting new HTTPS connection (1): www.google.com:443
22:05:01 [DEBUG] Starting new HTTPS connection (1): cp.cloudflare.com:443
22:05:01 [DEBUG] Starting new HTTPS connection (1): www.gstatic.com:443
22:05:01 [DEBUG] Starting new HTTPS connection (1): www.gstatic.com:443
22:05:01 [DEBUG] https://www.gstatic.com:443 "GET /generate_204 HTTP/1.1" 204 0
22:05:01 [DEBUG] Starting new HTTPS connection (1): www.google.com:443
22:05:01 [DEBUG] Starting new HTTPS connection (1): www.gstatic.com:443
22:05:01 [DEBUG] Starting new HTTPS connection (1): cp.cloudflare.com:443
22:05:01 [DEBUG] Starting new HTTPS connection (1): www.gstatic.com:443
22:05:01 [DEBUG] Starting new HTTPS connection (1): dl.google.com:443
22:05:01 [DEBUG] https://dl.google.com:443 "GET /dl/android/studio/install/3.4.1.0/android-studio-ide-183.5522156-windows.exe HTTP/1.1" 200 1017327996
22:05:01 [DEBUG] Starting new HTTPS connection (1): www.google.com:443
22:05:01 [DEBUG] Starting new HTTPS connection (1): cp.cloudflare.com:443
22:05:01 [INFO]    🎯 176.96.138.17 (Германия) - 75.3 Mbps, 92ms, UDP✅ 
22:05:01 [DEBUG] Starting new HTTPS connection (1): www.gstatic.com:443
22:05:01 [DEBUG] Starting new HTTPS connection (1): www.google.com:443
22:05:01 [DEBUG] Starting new HTTPS connection (1): cp.cloudflare.com:443
22:05:01 [DEBUG] Starting new HTTPS connection (1): www.gstatic.com:443
22:05:02 [DEBUG] Starting new HTTPS connection (1): www.google.com:443
22:05:02 [DEBUG] Starting new HTTPS connection (1): cp.cloudflare.com:443
22:05:02 [DEBUG] Starting new HTTPS connection (1): www.gstatic.com:443
22:05:02 [DEBUG] Starting new HTTPS connection (1): www.google.com:443
22:05:02 [DEBUG] Starting new HTTPS connection (1): cp.cloudflare.com:443
22:05:02 [DEBUG] Starting new HTTPS connection (1): www.gstatic.com:443
22:05:02 [DEBUG] Starting new HTTPS connection (1): www.google.com:443
22:05:02 [DEBUG] Starting new HTTPS connection (1): cp.cloudflare.com:443
22:05:02 [DEBUG] Starting new HTTPS connection (1): www.gstatic.com:443
22:05:02 [DEBUG] Starting new HTTPS connection (1): www.google.com:443
22:05:02 [DEBUG] Starting new HTTPS connection (1): cp.cloudflare.com:443
22:05:02 [DEBUG] Starting new HTTPS connection (1): www.gstatic.com:443
22:05:02 [DEBUG] Starting new HTTPS connection (1): www.google.com:443
22:05:02 [DEBUG] Starting new HTTPS connection (1): cp.cloudflare.com:443
22:05:02 [DEBUG] Starting new HTTPS connection (1): www.gstatic.com:443
22:05:02 [DEBUG] Starting new HTTPS connection (1): www.google.com:443
22:05:02 [DEBUG] Starting new HTTPS connection (1): cp.cloudflare.com:443
22:05:02 [DEBUG] Starting new HTTPS connection (1): www.gstatic.com:443
22:05:02 [DEBUG] Starting new HTTPS connection (1): www.google.com:443
22:05:02 [DEBUG] Starting new HTTPS connection (1): www.google.com:443
22:05:02 [DEBUG] Starting new HTTPS connection (1): cp.cloudflare.com:443
22:05:02 [DEBUG] Starting new HTTPS connection (1): www.gstatic.com:443
22:05:02 [DEBUG] Starting new HTTPS connection (1): www.google.com:443
22:05:02 [DEBUG] Starting new HTTPS connection (1): www.google.com:443
22:05:02 [DEBUG] Starting new HTTPS connection (1): cp.cloudflare.com:443
22:05:02 [DEBUG] Starting new HTTPS connection (1): cp.cloudflare.com:443
22:05:02 [DEBUG] Starting new HTTPS connection (1): www.gstatic.com:443
22:05:02 [DEBUG] Starting new HTTPS connection (1): www.gstatic.com:443
22:05:03 [DEBUG] Starting new HTTPS connection (1): www.google.com:443
22:05:03 [DEBUG] Starting new HTTPS connection (1): cp.cloudflare.com:443
22:05:03 [DEBUG] Starting new HTTPS connection (1): www.gstatic.com:443
22:05:03 [DEBUG] Starting new HTTPS connection (1): www.google.com:443
22:05:03 [DEBUG] Starting new HTTPS connection (1): www.google.com:443
22:05:03 [DEBUG] Starting new HTTPS connection (1): cp.cloudflare.com:443
22:05:03 [DEBUG] Starting new HTTPS connection (1): www.gstatic.com:443
22:05:03 [DEBUG] Starting new HTTPS connection (1): www.google.com:443
22:05:03 [DEBUG] Starting new HTTPS connection (1): www.google.com:443
22:05:03 [DEBUG] Starting new HTTPS connection (1): www.google.com:443
22:05:03 [DEBUG] Starting new HTTPS connection (1): www.google.com:443
22:05:03 [DEBUG] Starting new HTTPS connection (1): www.gstatic.com:443
22:05:03 [DEBUG] https://www.gstatic.com:443 "GET /generate_204 HTTP/1.1" 204 0
22:05:03 [DEBUG] Starting new HTTPS connection (1): dl.google.com:443
22:05:03 [DEBUG] https://dl.google.com:443 "GET /dl/android/studio/install/3.4.1.0/android-studio-ide-183.5522156-windows.exe HTTP/1.1" 200 1017327996
22:05:03 [INFO]    🎯 5.10.214.238 (Германия) - 84.6 Mbps, 62ms, UDP✅ 
22:05:04 [DEBUG] Starting new HTTPS connection (1): www.google.com:443
22:05:04 [DEBUG] Starting new HTTPS connection (1): cp.cloudflare.com:443
22:05:04 [DEBUG] Starting new HTTPS connection (1): www.gstatic.com:443
22:05:04 [DEBUG] Starting new HTTPS connection (1): www.google.com:443
22:05:04 [DEBUG] Starting new HTTPS connection (1): www.google.com:443
22:05:04 [DEBUG] Starting new HTTPS connection (1): cp.cloudflare.com:443
22:05:04 [DEBUG] Starting new HTTPS connection (1): www.gstatic.com:443
22:05:04 [DEBUG] Starting new HTTPS connection (1): www.google.com:443
22:05:04 [DEBUG] Starting new HTTPS connection (1): www.google.com:443
22:05:04 [DEBUG] Starting new HTTPS connection (1): cp.cloudflare.com:443
22:05:04 [DEBUG] Starting new HTTPS connection (1): www.gstatic.com:443
22:05:04 [DEBUG] Starting new HTTPS connection (1): www.google.com:443
22:05:04 [DEBUG] Starting new HTTPS connection (1): www.google.com:443
22:05:04 [DEBUG] Starting new HTTPS connection (1): cp.cloudflare.com:443
22:05:05 [DEBUG] Starting new HTTPS connection (1): www.google.com:443
22:05:05 [DEBUG] Starting new HTTPS connection (1): www.google.com:443
22:05:05 [DEBUG] Starting new HTTPS connection (1): www.google.com:443
22:05:05 [DEBUG] Starting new HTTPS connection (1): www.google.com:443
22:05:05 [DEBUG] Starting new HTTPS connection (1): cp.cloudflare.com:443
22:05:05 [DEBUG] Starting new HTTPS connection (1): cp.cloudflare.com:443
22:05:05 [DEBUG] Starting new HTTPS connection (1): www.gstatic.com:443
22:05:05 [DEBUG] Starting new HTTPS connection (1): cp.cloudflare.com:443
22:05:06 [DEBUG] Starting new HTTPS connection (1): cp.cloudflare.com:443
22:05:06 [DEBUG] Starting new HTTPS connection (1): cp.cloudflare.com:443
22:05:06 [DEBUG] Starting new HTTPS connection (1): cp.cloudflare.com:443
22:05:06 [DEBUG] Starting new HTTPS connection (1): cp.cloudflare.com:443
22:05:06 [DEBUG] Starting new HTTPS connection (1): www.gstatic.com:443
22:05:06 [DEBUG] Starting new HTTPS connection (1): cp.cloudflare.com:443
22:05:06 [DEBUG] Starting new HTTPS connection (1): cp.cloudflare.com:443
22:05:06 [DEBUG] Starting new HTTPS connection (1): www.google.com:443
22:05:07 [DEBUG] Starting new HTTPS connection (1): cp.cloudflare.com:443
22:05:07 [DEBUG] Starting new HTTPS connection (1): cp.cloudflare.com:443
22:05:07 [DEBUG] Starting new HTTPS connection (1): cp.cloudflare.com:443
22:05:07 [DEBUG] Starting new HTTPS connection (1): www.gstatic.com:443
22:05:08 [DEBUG] Starting new HTTPS connection (1): www.gstatic.com:443
22:05:08 [DEBUG] Starting new HTTPS connection (1): www.gstatic.com:443
22:05:08 [DEBUG] Starting new HTTPS connection (1): www.gstatic.com:443
22:05:08 [DEBUG] Starting new HTTPS connection (1): cp.cloudflare.com:443
22:05:08 [DEBUG] Starting new HTTPS connection (1): www.gstatic.com:443
22:05:08 [DEBUG] Starting new HTTPS connection (1): www.gstatic.com:443
22:05:09 [DEBUG] Starting new HTTPS connection (1): www.gstatic.com:443
22:05:09 [DEBUG] Starting new HTTPS connection (1): www.gstatic.com:443
22:05:09 [DEBUG] Starting new HTTPS connection (1): www.gstatic.com:443
22:05:09 [DEBUG] Starting new HTTPS connection (1): www.gstatic.com:443
22:05:09 [DEBUG] Starting new HTTPS connection (1): www.gstatic.com:443
22:05:09 [DEBUG] Starting new HTTPS connection (1): www.google.com:443
22:05:09 [DEBUG] Starting new HTTPS connection (1): cp.cloudflare.com:443
22:05:11 [DEBUG] Starting new HTTPS connection (1): www.google.com:443
22:05:11 [DEBUG] Starting new HTTPS connection (1): cp.cloudflare.com:443
22:05:11 [DEBUG] Starting new HTTPS connection (1): www.gstatic.com:443
22:05:11 [DEBUG] Starting new HTTPS connection (1): www.google.com:443
22:05:11 [DEBUG] Starting new HTTPS connection (1): www.google.com:443
22:05:11 [DEBUG] Starting new HTTPS connection (1): www.google.com:443
22:05:11 [DEBUG] Starting new HTTPS connection (1): www.google.com:443
22:05:11 [DEBUG] Starting new HTTPS connection (1): www.google.com:443
22:05:12 [DEBUG] Starting new HTTPS connection (1): cp.cloudflare.com:443
22:05:12 [DEBUG] Starting new HTTPS connection (1): www.google.com:443
22:05:12 [DEBUG] Starting new HTTPS connection (1): www.google.com:443
22:05:12 [DEBUG] Starting new HTTPS connection (1): www.google.com:443
22:05:12 [DEBUG] Starting new HTTPS connection (1): www.google.com:443
22:05:12 [DEBUG] Starting new HTTPS connection (1): www.gstatic.com:443
22:05:13 [DEBUG] Starting new HTTPS connection (1): www.google.com:443
22:05:13 [DEBUG] Starting new HTTPS connection (1): www.google.com:443
22:05:13 [DEBUG] Starting new HTTPS connection (1): cp.cloudflare.com:443
22:05:13 [DEBUG] Starting new HTTPS connection (1): www.gstatic.com:443
22:05:13 [DEBUG] Starting new HTTPS connection (1): cp.cloudflare.com:443
22:05:13 [DEBUG] Starting new HTTPS connection (1): cp.cloudflare.com:443
22:05:13 [DEBUG] Starting new HTTPS connection (1): www.gstatic.com:443
22:05:14 [DEBUG] Starting new HTTPS connection (1): cp.cloudflare.com:443
22:05:14 [DEBUG] Starting new HTTPS connection (1): cp.cloudflare.com:443
22:05:14 [DEBUG] Starting new HTTPS connection (1): www.gstatic.com:443
22:05:14 [DEBUG] Starting new HTTPS connection (1): www.google.com:443
22:05:14 [DEBUG] Starting new HTTPS connection (1): cp.cloudflare.com:443
22:05:14 [DEBUG] Starting new HTTPS connection (1): www.gstatic.com:443
22:05:15 [INFO]    🎯 104.128.134.181 (Финляндия) - 0.3 Mbps, 289ms, UDP✅ 
22:05:15 [DEBUG] Starting new HTTPS connection (1): www.gstatic.com:443
22:05:15 [DEBUG] Starting new HTTPS connection (1): www.gstatic.com:443
22:05:16 [DEBUG] Starting new HTTPS connection (1): www.gstatic.com:443
22:05:16 [DEBUG] Starting new HTTPS connection (1): www.google.com:443
22:05:16 [DEBUG] Starting new HTTPS connection (1): cp.cloudflare.com:443
22:05:16 [DEBUG] Starting new HTTPS connection (1): www.gstatic.com:443
22:05:16 [DEBUG] Starting new HTTPS connection (1): www.gstatic.com:443
22:05:16 [DEBUG] Starting new HTTPS connection (1): www.google.com:443
22:05:17 [DEBUG] Starting new HTTPS connection (1): cp.cloudflare.com:443
22:05:17 [DEBUG] Starting new HTTPS connection (1): www.google.com:443
22:05:17 [DEBUG] Starting new HTTPS connection (1): www.google.com:443
22:05:17 [DEBUG] Starting new HTTPS connection (1): cp.cloudflare.com:443
22:05:17 [DEBUG] Starting new HTTPS connection (1): cp.cloudflare.com:443
22:05:17 [DEBUG] Starting new HTTPS connection (1): cp.cloudflare.com:443
22:05:17 [DEBUG] Starting new HTTPS connection (1): cp.cloudflare.com:443
22:05:17 [DEBUG] Starting new HTTPS connection (1): www.google.com:443
22:05:18 [DEBUG] Starting new HTTPS connection (1): cp.cloudflare.com:443
22:05:18 [DEBUG] Starting new HTTPS connection (1): www.google.com:443
22:05:18 [DEBUG] Starting new HTTPS connection (1): www.google.com:443
22:05:19 [DEBUG] Starting new HTTPS connection (1): cp.cloudflare.com:443
22:05:19 [DEBUG] Starting new HTTPS connection (1): www.google.com:443
22:05:19 [DEBUG] Starting new HTTPS connection (1): cp.cloudflare.com:443
22:05:19 [DEBUG] Starting new HTTPS connection (1): cp.cloudflare.com:443
22:05:19 [DEBUG] Starting new HTTPS connection (1): www.google.com:443
22:05:19 [DEBUG] Starting new HTTPS connection (1): www.google.com:443
22:05:19 [DEBUG] Starting new HTTPS connection (1): cp.cloudflare.com:443
22:05:21 [DEBUG] Starting new HTTPS connection (1): cp.cloudflare.com:443
22:05:21 [DEBUG] Starting new HTTPS connection (1): cp.cloudflare.com:443
22:05:21 [DEBUG] Starting new HTTPS connection (1): www.gstatic.com:443
22:05:21 [DEBUG] Starting new HTTPS connection (1): cp.cloudflare.com:443
22:05:21 [DEBUG] Starting new HTTPS connection (1): www.gstatic.com:443
22:05:21 [DEBUG] Starting new HTTPS connection (1): www.gstatic.com:443
22:05:22 [DEBUG] Starting new HTTPS connection (1): www.gstatic.com:443
22:05:22 [DEBUG] Starting new HTTPS connection (1): cp.cloudflare.com:443
22:05:22 [DEBUG] Starting new HTTPS connection (1): www.gstatic.com:443
22:05:22 [DEBUG] Starting new HTTPS connection (1): cp.cloudflare.com:443
22:05:22 [DEBUG] Starting new HTTPS connection (1): www.gstatic.com:443
22:05:22 [DEBUG] Starting new HTTPS connection (1): www.gstatic.com:443
22:05:22 [DEBUG] Starting new HTTPS connection (1): www.gstatic.com:443
22:05:22 [DEBUG] Starting new HTTPS connection (1): www.gstatic.com:443
22:05:23 [DEBUG] Starting new HTTPS connection (1): www.gstatic.com:443
22:05:23 [DEBUG] Starting new HTTPS connection (1): www.gstatic.com:443
22:05:23 [DEBUG] Starting new HTTPS connection (1): www.gstatic.com:443
22:05:23 [DEBUG] Starting new HTTPS connection (1): www.gstatic.com:443
22:05:24 [DEBUG] Starting new HTTPS connection (1): www.gstatic.com:443
22:05:24 [DEBUG] Starting new HTTPS connection (1): www.gstatic.com:443
22:05:24 [DEBUG] Starting new HTTPS connection (1): www.google.com:443
22:05:24 [DEBUG] Starting new HTTPS connection (1): www.google.com:443
22:05:25 [DEBUG] Starting new HTTPS connection (1): www.google.com:443
22:05:25 [DEBUG] Starting new HTTPS connection (1): www.google.com:443
22:05:26 [DEBUG] Starting new HTTPS connection (1): www.google.com:443
22:05:26 [DEBUG] Starting new HTTPS connection (1): www.google.com:443
22:05:26 [DEBUG] https://www.google.com:443 "GET /generate_204 HTTP/1.1" 204 0
22:05:26 [DEBUG] https://www.google.com:443 "GET /generate_204 HTTP/1.1" 204 0
22:05:26 [DEBUG] Starting new HTTPS connection (1): cp.cloudflare.com:443
22:05:26 [DEBUG] Starting new HTTPS connection (1): cp.cloudflare.com:443
22:05:26 [DEBUG] Starting new HTTPS connection (1): cp.cloudflare.com:443
22:05:27 [DEBUG] Starting new HTTPS connection (1): www.google.com:443
22:05:27 [DEBUG] Starting new HTTPS connection (1): cp.cloudflare.com:443
22:05:27 [DEBUG] Starting new HTTPS connection (1): cp.cloudflare.com:443
22:05:27 [DEBUG] https://www.google.com:443 "GET /generate_204 HTTP/1.1" 204 0
22:05:27 [DEBUG] Starting new HTTPS connection (1): cp.cloudflare.com:443
22:05:27 [DEBUG] Starting new HTTPS connection (1): cp.cloudflare.com:443
22:05:27 [DEBUG] Starting new HTTPS connection (1): www.google.com:443
22:05:27 [DEBUG] Starting new HTTPS connection (1): cp.cloudflare.com:443
22:05:27 [DEBUG] Starting new HTTPS connection (1): www.gstatic.com:443
22:05:27 [DEBUG] Starting new HTTPS connection (1): www.google.com:443
22:05:28 [DEBUG] Starting new HTTPS connection (1): www.google.com:443
22:05:28 [INFO]    📊 Глубокая проверка: 965/1936 (50%) | ✅264 ❌701
22:05:28 [DEBUG] Starting new HTTPS connection (1): www.google.com:443
22:05:28 [DEBUG] Starting new HTTPS connection (1): www.google.com:443
22:05:28 [DEBUG] Starting new HTTPS connection (1): cp.cloudflare.com:443
22:05:28 [DEBUG] Starting new HTTPS connection (1): www.gstatic.com:443
22:05:28 [DEBUG] Starting new HTTPS connection (1): www.google.com:443
22:05:28 [DEBUG] Starting new HTTPS connection (1): www.google.com:443
22:05:28 [DEBUG] Starting new HTTPS connection (1): www.google.com:443
22:05:28 [DEBUG] Starting new HTTPS connection (1): cp.cloudflare.com:443
22:05:29 [DEBUG] Starting new HTTPS connection (1): www.gstatic.com:443
22:05:29 [DEBUG] Starting new HTTPS connection (1): www.gstatic.com:443
22:05:29 [DEBUG] Starting new HTTPS connection (1): www.gstatic.com:443
22:05:29 [DEBUG] Starting new HTTPS connection (1): www.gstatic.com:443
22:05:29 [DEBUG] Starting new HTTPS connection (1): www.gstatic.com:443
22:05:29 [DEBUG] Starting new HTTPS connection (1): www.google.com:443
22:05:29 [DEBUG] Starting new HTTPS connection (1): cp.cloudflare.com:443
22:05:29 [DEBUG] Starting new HTTPS connection (1): www.gstatic.com:443
22:05:29 [DEBUG] Starting new HTTPS connection (1): cp.cloudflare.com:443
22:05:30 [DEBUG] Starting new HTTPS connection (1): www.google.com:443
22:05:30 [DEBUG] Starting new HTTPS connection (1): cp.cloudflare.com:443
22:05:30 [DEBUG] Starting new HTTPS connection (1): www.gstatic.com:443
22:05:30 [DEBUG] Starting new HTTPS connection (1): www.google.com:443
22:05:30 [DEBUG] Starting new HTTPS connection (1): cp.cloudflare.com:443
22:05:30 [DEBUG] https://www.google.com:443 "GET /generate_204 HTTP/1.1" 204 0
22:05:30 [DEBUG] Starting new HTTPS connection (1): cp.cloudflare.com:443
22:05:30 [DEBUG] Starting new HTTPS connection (1): cp.cloudflare.com:443
22:05:30 [DEBUG] Starting new HTTPS connection (1): cp.cloudflare.com:443
22:05:30 [DEBUG] Starting new HTTPS connection (1): cp.cloudflare.com:443
22:05:31 [DEBUG] Starting new HTTPS connection (1): www.google.com:443
22:05:31 [DEBUG] Starting new HTTPS connection (1): cp.cloudflare.com:443
22:05:31 [DEBUG] Starting new HTTPS connection (1): www.gstatic.com:443
22:05:31 [DEBUG] Starting new HTTPS connection (1): www.google.com:443
22:05:31 [DEBUG] Starting new HTTPS connection (1): cp.cloudflare.com:443
22:05:31 [DEBUG] Starting new HTTPS connection (1): www.gstatic.com:443
22:05:31 [DEBUG] Starting new HTTPS connection (1): www.gstatic.com:443
22:05:31 [DEBUG] Starting new HTTPS connection (1): www.gstatic.com:443
22:05:31 [DEBUG] Starting new HTTPS connection (1): www.gstatic.com:443
22:05:31 [DEBUG] https://www.gstatic.com:443 "GET /generate_204 HTTP/1.1" 204 0
22:05:31 [DEBUG] https://www.gstatic.com:443 "GET /generate_204 HTTP/1.1" 204 0
22:05:31 [DEBUG] Starting new HTTPS connection (1): dl.google.com:443
22:05:31 [DEBUG] Starting new HTTPS connection (1): dl.google.com:443
22:05:32 [DEBUG] https://dl.google.com:443 "GET /dl/android/studio/install/3.4.1.0/android-studio-ide-183.5522156-windows.exe HTTP/1.1" 200 1017327996
22:05:32 [DEBUG] https://dl.google.com:443 "GET /dl/android/studio/install/3.4.1.0/android-studio-ide-183.5522156-windows.exe HTTP/1.1" 200 1017327996
22:05:32 [INFO]    🎯 57.129.63.152 (Германия) - 68.9 Mbps, 95ms, UDP✅ 
22:05:32 [DEBUG] Starting new HTTPS connection (1): www.google.com:443
22:05:32 [DEBUG] Starting new HTTPS connection (1): cp.cloudflare.com:443
22:05:32 [DEBUG] Starting new HTTPS connection (1): www.gstatic.com:443
22:05:32 [DEBUG] Starting new HTTPS connection (1): www.gstatic.com:443
22:05:32 [DEBUG] Starting new HTTPS connection (1): www.gstatic.com:443
22:05:32 [INFO]    🎯 82.117.245.9 (Германия) - 39.4 Mbps, 84ms, UDP✅ 
22:05:32 [DEBUG] https://www.gstatic.com:443 "GET /generate_204 HTTP/1.1" 204 0
22:05:32 [DEBUG] Starting new HTTPS connection (1): dl.google.com:443
22:05:32 [DEBUG] Starting new HTTPS connection (1): www.google.com:443
22:05:32 [DEBUG] Starting new HTTPS connection (1): cp.cloudflare.com:443
22:05:32 [DEBUG] Starting new HTTPS connection (1): www.gstatic.com:443
22:05:32 [DEBUG] Starting new HTTPS connection (1): www.google.com:443
22:05:32 [DEBUG] Starting new HTTPS connection (1): www.google.com:443
22:05:32 [DEBUG] https://dl.google.com:443 "GET /dl/android/studio/install/3.4.1.0/android-studio-ide-183.5522156-windows.exe HTTP/1.1" 200 1017327996
22:05:32 [INFO]    🎯 138.197.191.77 (Германия) - 80.5 Mbps, 103ms, UDP✅ 
22:05:32 [DEBUG] Starting new HTTPS connection (1): www.gstatic.com:443
22:05:32 [DEBUG] Starting new HTTPS connection (1): www.google.com:443
22:05:32 [DEBUG] Starting new HTTPS connection (1): www.google.com:443
22:05:32 [DEBUG] Starting new HTTPS connection (1): www.gstatic.com:443
22:05:33 [DEBUG] Starting new HTTPS connection (1): www.gstatic.com:443
22:05:33 [DEBUG] Starting new HTTPS connection (1): www.google.com:443
22:05:33 [DEBUG] Starting new HTTPS connection (1): www.google.com:443
22:05:33 [DEBUG] Starting new HTTPS connection (1): www.google.com:443
22:05:33 [DEBUG] Starting new HTTPS connection (1): www.google.com:443
22:05:33 [DEBUG] https://www.google.com:443 "GET /generate_204 HTTP/1.1" 204 0
22:05:33 [DEBUG] Starting new HTTPS connection (1): cp.cloudflare.com:443
22:05:33 [DEBUG] Starting new HTTPS connection (1): www.google.com:443
22:05:34 [DEBUG] Starting new HTTPS connection (1): cp.cloudflare.com:443
22:05:34 [DEBUG] Starting new HTTPS connection (1): cp.cloudflare.com:443
22:05:34 [DEBUG] Starting new HTTPS connection (1): cp.cloudflare.com:443
22:05:35 [DEBUG] Starting new HTTPS connection (1): cp.cloudflare.com:443
22:05:35 [DEBUG] Starting new HTTPS connection (1): www.google.com:443
22:05:35 [DEBUG] Starting new HTTPS connection (1): cp.cloudflare.com:443
22:05:35 [DEBUG] Starting new HTTPS connection (1): www.gstatic.com:443
22:05:35 [DEBUG] Starting new HTTPS connection (1): www.google.com:443
22:05:35 [DEBUG] Starting new HTTPS connection (1): cp.cloudflare.com:443
22:05:35 [DEBUG] Starting new HTTPS connection (1): www.gstatic.com:443
22:05:35 [DEBUG] Starting new HTTPS connection (1): cp.cloudflare.com:443
22:05:35 [DEBUG] Starting new HTTPS connection (1): cp.cloudflare.com:443
22:05:35 [DEBUG] Starting new HTTPS connection (1): cp.cloudflare.com:443
22:05:36 [DEBUG] Starting new HTTPS connection (1): cp.cloudflare.com:443
22:05:36 [DEBUG] Starting new HTTPS connection (1): www.google.com:443
22:05:36 [DEBUG] Starting new HTTPS connection (1): cp.cloudflare.com:443
22:05:36 [DEBUG] Starting new HTTPS connection (1): www.gstatic.com:443
22:05:36 [DEBUG] Starting new HTTPS connection (1): www.google.com:443
22:05:36 [DEBUG] Starting new HTTPS connection (1): cp.cloudflare.com:443
22:05:36 [DEBUG] Starting new HTTPS connection (1): www.google.com:443
22:05:36 [DEBUG] Starting new HTTPS connection (1): www.gstatic.com:443
22:05:36 [DEBUG] Starting new HTTPS connection (1): cp.cloudflare.com:443
22:05:36 [DEBUG] Starting new HTTPS connection (1): www.gstatic.com:443
22:05:36 [DEBUG] Starting new HTTPS connection (1): www.google.com:443
22:05:36 [DEBUG] Starting new HTTPS connection (1): cp.cloudflare.com:443
22:05:36 [DEBUG] Starting new HTTPS connection (1): www.gstatic.com:443
22:05:36 [DEBUG] Starting new HTTPS connection (1): www.gstatic.com:443
22:05:36 [DEBUG] Starting new HTTPS connection (1): www.gstatic.com:443
22:05:36 [DEBUG] Starting new HTTPS connection (1): www.google.com:443
22:05:36 [DEBUG] Starting new HTTPS connection (1): cp.cloudflare.com:443
22:05:36 [DEBUG] Starting new HTTPS connection (1): www.gstatic.com:443
22:05:36 [DEBUG] Starting new HTTPS connection (1): www.gstatic.com:443
22:05:37 [DEBUG] Starting new HTTPS connection (1): www.gstatic.com:443
22:05:37 [DEBUG] Starting new HTTPS connection (1): www.google.com:443
22:05:37 [DEBUG] Starting new HTTPS connection (1): www.google.com:443
22:05:37 [DEBUG] Starting new HTTPS connection (1): cp.cloudflare.com:443
22:05:37 [DEBUG] Starting new HTTPS connection (1): www.google.com:443
22:05:37 [DEBUG] Starting new HTTPS connection (1): www.gstatic.com:443
22:05:37 [DEBUG] Starting new HTTPS connection (1): cp.cloudflare.com:443
22:05:37 [DEBUG] Starting new HTTPS connection (1): www.gstatic.com:443
22:05:37 [DEBUG] Starting new HTTPS connection (1): www.google.com:443
22:05:37 [DEBUG] Starting new HTTPS connection (1): cp.cloudflare.com:443
22:05:37 [DEBUG] Starting new HTTPS connection (1): www.gstatic.com:443
22:05:37 [DEBUG] Starting new HTTPS connection (1): www.gstatic.com:443
22:05:37 [DEBUG] Starting new HTTPS connection (1): www.gstatic.com:443
22:05:38 [DEBUG] Starting new HTTPS connection (1): www.google.com:443
22:05:38 [DEBUG] Starting new HTTPS connection (1): cp.cloudflare.com:443
22:05:38 [DEBUG] Starting new HTTPS connection (1): www.gstatic.com:443
22:05:38 [DEBUG] Starting new HTTPS connection (1): www.gstatic.com:443
22:05:38 [DEBUG] Starting new HTTPS connection (1): www.gstatic.com:443
22:05:38 [DEBUG] Starting new HTTPS connection (1): www.google.com:443
22:05:38 [DEBUG] Starting new HTTPS connection (1): cp.cloudflare.com:443
22:05:38 [DEBUG] Starting new HTTPS connection (1): www.google.com:443
22:05:38 [DEBUG] Starting new HTTPS connection (1): www.gstatic.com:443
22:05:38 [DEBUG] Starting new HTTPS connection (1): www.gstatic.com:443
22:05:38 [DEBUG] Starting new HTTPS connection (1): www.google.com:443
22:05:38 [DEBUG] Starting new HTTPS connection (1): cp.cloudflare.com:443
22:05:38 [DEBUG] Starting new HTTPS connection (1): www.gstatic.com:443
22:05:38 [DEBUG] https://www.gstatic.com:443 "GET /generate_204 HTTP/1.1" 204 0
22:05:38 [DEBUG] Starting new HTTPS connection (1): www.gstatic.com:443
22:05:39 [DEBUG] Starting new HTTPS connection (1): dl.google.com:443
22:05:39 [DEBUG] https://www.gstatic.com:443 "GET /generate_204 HTTP/1.1" 204 0
22:05:39 [DEBUG] Starting new HTTPS connection (1): dl.google.com:443
22:05:39 [DEBUG] https://dl.google.com:443 "GET /dl/android/studio/install/3.4.1.0/android-studio-ide-183.5522156-windows.exe HTTP/1.1" 200 1017327996
22:05:39 [DEBUG] https://dl.google.com:443 "GET /dl/android/studio/install/3.4.1.0/android-studio-ide-183.5522156-windows.exe HTTP/1.1" 200 1017327996
22:05:39 [INFO]    🎯 164.90.168.91 (Германия) - 66.0 Mbps, 135ms, UDP✅ 
22:05:39 [DEBUG] Starting new HTTPS connection (1): www.google.com:443
22:05:39 [INFO]    🎯 5.175.141.238 (Германия) - 62.3 Mbps, 65ms, UDP✅ 
22:05:39 [DEBUG] https://www.google.com:443 "GET /generate_204 HTTP/1.1" 204 0
22:05:39 [DEBUG] Starting new HTTPS connection (1): cp.cloudflare.com:443
22:05:39 [DEBUG] https://cp.cloudflare.com:443 "GET / HTTP/1.1" 204 0
22:05:39 [DEBUG] Starting new HTTPS connection (1): www.gstatic.com:443
22:05:39 [DEBUG] https://www.gstatic.com:443 "GET /generate_204 HTTP/1.1" 204 0
22:05:39 [DEBUG] Starting new HTTPS connection (1): dl.google.com:443
22:05:39 [DEBUG] https://dl.google.com:443 "GET /dl/android/studio/install/3.4.1.0/android-studio-ide-183.5522156-windows.exe HTTP/1.1" 200 1017327996
22:05:39 [DEBUG] Starting new HTTPS connection (1): www.google.com:443
22:05:39 [DEBUG] Starting new HTTPS connection (1): www.google.com:443
22:05:39 [DEBUG] Starting new HTTPS connection (1): www.google.com:443
22:05:40 [DEBUG] Starting new HTTPS connection (1): www.google.com:443
22:05:40 [DEBUG] Starting new HTTPS connection (1): www.google.com:443
22:05:40 [DEBUG] Starting new HTTPS connection (1): cp.cloudflare.com:443
22:05:40 [DEBUG] Starting new HTTPS connection (1): www.gstatic.com:443
22:05:40 [DEBUG] Starting new HTTPS connection (1): www.google.com:443
22:05:40 [INFO]    🎯 37.120.184.180 (Германия) - 16.1 Mbps, 53ms, UDP✅ 
22:05:40 [DEBUG] Starting new HTTPS connection (1): www.google.com:443
22:05:40 [DEBUG] https://www.google.com:443 "GET /generate_204 HTTP/1.1" 204 0
22:05:40 [DEBUG] Starting new HTTPS connection (1): cp.cloudflare.com:443
22:05:40 [DEBUG] Starting new HTTPS connection (1): www.google.com:443
22:05:40 [DEBUG] https://www.google.com:443 "GET /generate_204 HTTP/1.1" 204 0
22:05:40 [DEBUG] Starting new HTTPS connection (1): cp.cloudflare.com:443
22:05:40 [DEBUG] Starting new HTTPS connection (1): cp.cloudflare.com:443
22:05:41 [DEBUG] Starting new HTTPS connection (1): www.google.com:443
22:05:41 [DEBUG] Starting new HTTPS connection (1): www.google.com:443
22:05:41 [DEBUG] Starting new HTTPS connection (1): cp.cloudflare.com:443
22:05:41 [DEBUG] Starting new HTTPS connection (1): www.gstatic.com:443
22:05:41 [DEBUG] Starting new HTTPS connection (1): www.google.com:443
22:05:41 [DEBUG] Starting new HTTPS connection (1): cp.cloudflare.com:443
22:05:41 [DEBUG] Starting new HTTPS connection (1): www.gstatic.com:443
22:05:41 [DEBUG] Starting new HTTPS connection (1): www.google.com:443
22:05:41 [DEBUG] Starting new HTTPS connection (1): cp.cloudflare.com:443
22:05:41 [DEBUG] Starting new HTTPS connection (1): www.gstatic.com:443
22:05:41 [DEBUG] Starting new HTTPS connection (1): www.google.com:443
22:05:41 [DEBUG] Starting new HTTPS connection (1): cp.cloudflare.com:443
22:05:41 [DEBUG] Starting new HTTPS connection (1): www.gstatic.com:443
22:05:41 [DEBUG] Starting new HTTPS connection (1): www.google.com:443
22:05:41 [DEBUG] Starting new HTTPS connection (1): cp.cloudflare.com:443
22:05:41 [DEBUG] Starting new HTTPS connection (1): www.gstatic.com:443
22:05:41 [DEBUG] https://cp.cloudflare.com:443 "GET / HTTP/1.1" 204 0
22:05:41 [DEBUG] Starting new HTTPS connection (1): www.gstatic.com:443
22:05:42 [DEBUG] https://www.gstatic.com:443 "GET /generate_204 HTTP/1.1" 204 0
22:05:42 [DEBUG] Starting new HTTPS connection (1): dl.google.com:443
22:05:42 [DEBUG] Starting new HTTPS connection (1): cp.cloudflare.com:443
22:05:42 [DEBUG] https://dl.google.com:443 "GET /dl/android/studio/install/3.4.1.0/android-studio-ide-183.5522156-windows.exe HTTP/1.1" 200 1017327996
22:05:42 [DEBUG] Starting new HTTPS connection (1): cp.cloudflare.com:443
22:05:42 [INFO]    🎯 5.75.199.203 (Германия) - 74.6 Mbps, 517ms, UDP✅ 
22:05:42 [DEBUG] Starting new HTTPS connection (1): cp.cloudflare.com:443
22:05:42 [DEBUG] Starting new HTTPS connection (1): www.google.com:443
22:05:42 [DEBUG] Starting new HTTPS connection (1): cp.cloudflare.com:443
22:05:42 [DEBUG] Starting new HTTPS connection (1): www.gstatic.com:443
22:05:42 [DEBUG] Starting new HTTPS connection (1): www.google.com:443
22:05:42 [DEBUG] Starting new HTTPS connection (1): cp.cloudflare.com:443
22:05:42 [DEBUG] Starting new HTTPS connection (1): www.gstatic.com:443
22:05:42 [DEBUG] Starting new HTTPS connection (1): www.google.com:443
22:05:42 [DEBUG] Starting new HTTPS connection (1): www.google.com:443
22:05:42 [DEBUG] Starting new HTTPS connection (1): cp.cloudflare.com:443
22:05:42 [DEBUG] Starting new HTTPS connection (1): www.gstatic.com:443
22:05:43 [DEBUG] Starting new HTTPS connection (1): www.google.com:443
22:05:43 [DEBUG] Starting new HTTPS connection (1): www.google.com:443
22:05:43 [DEBUG] Starting new HTTPS connection (1): www.google.com:443
22:05:43 [DEBUG] https://www.google.com:443 "GET /generate_204 HTTP/1.1" 204 0
22:05:43 [DEBUG] Starting new HTTPS connection (1): cp.cloudflare.com:443
22:05:43 [DEBUG] Starting new HTTPS connection (1): www.google.com:443
22:05:43 [DEBUG] Starting new HTTPS connection (1): cp.cloudflare.com:443
22:05:43 [DEBUG] Starting new HTTPS connection (1): www.gstatic.com:443
22:05:44 [DEBUG] https://www.google.com:443 "GET /generate_204 HTTP/1.1" 204 0
22:05:44 [DEBUG] Starting new HTTPS connection (1): cp.cloudflare.com:443
22:05:44 [DEBUG] Starting new HTTPS connection (1): www.gstatic.com:443
22:05:44 [DEBUG] Starting new HTTPS connection (1): www.gstatic.com:443
22:05:44 [DEBUG] Starting new HTTPS connection (1): cp.cloudflare.com:443
22:05:44 [DEBUG] Starting new HTTPS connection (1): cp.cloudflare.com:443
22:05:44 [DEBUG] Starting new HTTPS connection (1): cp.cloudflare.com:443
22:05:44 [DEBUG] Starting new HTTPS connection (1): www.gstatic.com:443
22:05:45 [DEBUG] Starting new HTTPS connection (1): www.google.com:443
22:05:45 [DEBUG] Starting new HTTPS connection (1): cp.cloudflare.com:443
22:05:45 [DEBUG] Starting new HTTPS connection (1): www.gstatic.com:443
22:05:45 [DEBUG] Starting new HTTPS connection (1): cp.cloudflare.com:443
22:05:45 [DEBUG] Starting new HTTPS connection (1): cp.cloudflare.com:443
22:05:45 [DEBUG] https://cp.cloudflare.com:443 "GET / HTTP/1.1" 204 0
22:05:45 [DEBUG] Starting new HTTPS connection (1): www.gstatic.com:443
22:05:45 [DEBUG] Starting new HTTPS connection (1): www.gstatic.com:443
22:05:45 [DEBUG] https://www.gstatic.com:443 "GET /generate_204 HTTP/1.1" 204 0
22:05:45 [DEBUG] Starting new HTTPS connection (1): dl.google.com:443
22:05:45 [DEBUG] Starting new HTTPS connection (1): cp.cloudflare.com:443
22:05:46 [DEBUG] https://dl.google.com:443 "GET /dl/android/studio/install/3.4.1.0/android-studio-ide-183.5522156-windows.exe HTTP/1.1" 200 1017327996
22:05:46 [DEBUG] Starting new HTTPS connection (1): www.google.com:443
22:05:46 [INFO]    🎯 78.47.146.151 (Германия) - 55.1 Mbps, 135ms, UDP✅ 
22:05:46 [DEBUG] Starting new HTTPS connection (1): cp.cloudflare.com:443
22:05:46 [DEBUG] Starting new HTTPS connection (1): www.gstatic.com:443
22:05:46 [DEBUG] Starting new HTTPS connection (1): www.google.com:443
22:05:46 [DEBUG] Starting new HTTPS connection (1): cp.cloudflare.com:443
22:05:46 [DEBUG] Starting new HTTPS connection (1): www.gstatic.com:443
22:05:46 [DEBUG] Starting new HTTPS connection (1): www.gstatic.com:443
22:05:47 [DEBUG] Starting new HTTPS connection (1): www.google.com:443
22:05:47 [DEBUG] Starting new HTTPS connection (1): www.gstatic.com:443
22:05:47 [DEBUG] Starting new HTTPS connection (1): cp.cloudflare.com:443
22:05:47 [DEBUG] Starting new HTTPS connection (1): www.gstatic.com:443
22:05:47 [DEBUG] Starting new HTTPS connection (1): www.google.com:443
22:05:47 [DEBUG] Starting new HTTPS connection (1): cp.cloudflare.com:443
22:05:47 [DEBUG] Starting new HTTPS connection (1): www.gstatic.com:443
22:05:47 [DEBUG] Starting new HTTPS connection (1): www.gstatic.com:443
22:05:47 [DEBUG] Starting new HTTPS connection (1): www.google.com:443
22:05:47 [DEBUG] Starting new HTTPS connection (1): cp.cloudflare.com:443
22:05:47 [DEBUG] Starting new HTTPS connection (1): www.gstatic.com:443
22:05:47 [DEBUG] Starting new HTTPS connection (1): www.gstatic.com:443
22:05:48 [DEBUG] https://www.gstatic.com:443 "GET /generate_204 HTTP/1.1" 204 0
22:05:48 [DEBUG] Starting new HTTPS connection (1): www.google.com:443
22:05:48 [DEBUG] Starting new HTTPS connection (1): cp.cloudflare.com:443
22:05:48 [DEBUG] Starting new HTTPS connection (1): www.gstatic.com:443
22:05:48 [DEBUG] Starting new HTTPS connection (1): www.gstatic.com:443
22:05:48 [DEBUG] Starting new HTTPS connection (1): www.google.com:443
22:05:48 [DEBUG] Starting new HTTPS connection (1): www.google.com:443
22:05:48 [DEBUG] Starting new HTTPS connection (1): cp.cloudflare.com:443
22:05:48 [DEBUG] Starting new HTTPS connection (1): www.gstatic.com:443
22:05:48 [DEBUG] Starting new HTTPS connection (1): cp.cloudflare.com:443
22:05:48 [DEBUG] Starting new HTTPS connection (1): www.gstatic.com:443
22:05:48 [DEBUG] Starting new HTTPS connection (1): www.google.com:443
22:05:48 [DEBUG] Starting new HTTPS connection (1): cp.cloudflare.com:443
22:05:48 [DEBUG] Starting new HTTPS connection (1): www.google.com:443
22:05:48 [DEBUG] Starting new HTTPS connection (1): www.gstatic.com:443
22:05:48 [DEBUG] Starting new HTTPS connection (1): cp.cloudflare.com:443
22:05:48 [DEBUG] Starting new HTTPS connection (1): www.gstatic.com:443
22:05:48 [DEBUG] Starting new HTTPS connection (1): www.google.com:443
22:05:48 [DEBUG] Starting new HTTPS connection (1): www.gstatic.com:443
22:05:48 [DEBUG] Starting new HTTPS connection (1): cp.cloudflare.com:443
22:05:48 [DEBUG] Starting new HTTPS connection (1): www.gstatic.com:443
22:05:48 [DEBUG] https://www.gstatic.com:443 "GET /generate_204 HTTP/1.1" 204 0
22:05:49 [DEBUG] Starting new HTTPS connection (1): dl.google.com:443
22:05:49 [DEBUG] https://dl.google.com:443 "GET /dl/android/studio/install/3.4.1.0/android-studio-ide-183.5522156-windows.exe HTTP/1.1" 200 1017327996
22:05:49 [INFO]    🎯 2.58.65.28 (Германия) - 67.7 Mbps, 78ms, UDP✅ 
22:05:49 [DEBUG] Starting new HTTPS connection (1): www.google.com:443
22:05:49 [DEBUG] Starting new HTTPS connection (1): cp.cloudflare.com:443
22:05:49 [DEBUG] Starting new HTTPS connection (1): www.gstatic.com:443
22:05:49 [DEBUG] Starting new HTTPS connection (1): www.google.com:443
22:05:49 [DEBUG] Starting new HTTPS connection (1): www.google.com:443
22:05:49 [DEBUG] Starting new HTTPS connection (1): cp.cloudflare.com:443
22:05:49 [DEBUG] Starting new HTTPS connection (1): cp.cloudflare.com:443
22:05:49 [DEBUG] Starting new HTTPS connection (1): www.gstatic.com:443
22:05:49 [DEBUG] Starting new HTTPS connection (1): www.gstatic.com:443
22:05:49 [DEBUG] Starting new HTTPS connection (1): dl.google.com:443
22:05:49 [DEBUG] Starting new HTTPS connection (1): www.gstatic.com:443
22:05:49 [DEBUG] Starting new HTTPS connection (1): www.google.com:443
22:05:49 [DEBUG] Starting new HTTPS connection (1): cp.cloudflare.com:443
22:05:49 [DEBUG] Starting new HTTPS connection (1): www.google.com:443
22:05:49 [DEBUG] Starting new HTTPS connection (1): www.gstatic.com:443
22:05:49 [DEBUG] Starting new HTTPS connection (1): www.gstatic.com:443
22:05:50 [DEBUG] Starting new HTTPS connection (1): www.google.com:443
22:05:50 [DEBUG] Starting new HTTPS connection (1): www.google.com:443
22:05:50 [DEBUG] Starting new HTTPS connection (1): www.google.com:443
22:05:50 [DEBUG] Starting new HTTPS connection (1): www.google.com:443
22:05:50 [DEBUG] https://www.google.com:443 "GET /generate_204 HTTP/1.1" 204 0
22:05:50 [DEBUG] Starting new HTTPS connection (1): cp.cloudflare.com:443
22:05:50 [DEBUG] Starting new HTTPS connection (1): www.google.com:443
22:05:50 [DEBUG] Starting new HTTPS connection (1): www.google.com:443
22:05:50 [DEBUG] https://www.google.com:443 "GET /generate_204 HTTP/1.1" 204 0
22:05:50 [DEBUG] Starting new HTTPS connection (1): cp.cloudflare.com:443
22:05:50 [DEBUG] https://www.google.com:443 "GET /generate_204 HTTP/1.1" 204 0
22:05:50 [DEBUG] Starting new HTTPS connection (1): cp.cloudflare.com:443
22:05:51 [DEBUG] Starting new HTTPS connection (1): www.google.com:443
22:05:51 [DEBUG] Starting new HTTPS connection (1): www.google.com:443
22:05:51 [DEBUG] Starting new HTTPS connection (1): www.google.com:443
22:05:51 [DEBUG] https://www.google.com:443 "GET /generate_204 HTTP/1.1" 204 0
22:05:51 [DEBUG] Starting new HTTPS connection (1): cp.cloudflare.com:443
22:05:51 [DEBUG] https://www.google.com:443 "GET /generate_204 HTTP/1.1" 204 0
22:05:51 [DEBUG] Starting new HTTPS connection (1): cp.cloudflare.com:443
22:05:51 [DEBUG] https://www.google.com:443 "GET /generate_204 HTTP/1.1" 204 0
22:05:51 [DEBUG] Starting new HTTPS connection (1): cp.cloudflare.com:443
22:05:51 [DEBUG] Starting new HTTPS connection (1): www.google.com:443
22:05:51 [DEBUG] Starting new HTTPS connection (1): cp.cloudflare.com:443
22:05:51 [DEBUG] Starting new HTTPS connection (1): www.gstatic.com:443
22:05:52 [DEBUG] Starting new HTTPS connection (1): cp.cloudflare.com:443
22:05:52 [DEBUG] https://cp.cloudflare.com:443 "GET / HTTP/1.1" 204 0
22:05:52 [DEBUG] Starting new HTTPS connection (1): www.gstatic.com:443
22:05:52 [DEBUG] https://www.gstatic.com:443 "GET /generate_204 HTTP/1.1" 204 0
22:05:52 [DEBUG] Starting new HTTPS connection (1): cp.cloudflare.com:443
22:05:52 [DEBUG] Starting new HTTPS connection (1): dl.google.com:443
22:05:52 [DEBUG] Starting new HTTPS connection (1): cp.cloudflare.com:443
22:05:52 [DEBUG] https://dl.google.com:443 "GET /dl/android/studio/install/3.4.1.0/android-studio-ide-183.5522156-windows.exe HTTP/1.1" 200 1017327996
22:05:52 [INFO]    🎯 194.247.187.244 (Германия) - 75.1 Mbps, 402ms, UDP✅ 
22:05:52 [DEBUG] Starting new HTTPS connection (1): cp.cloudflare.com:443
22:05:52 [DEBUG] https://cp.cloudflare.com:443 "GET / HTTP/1.1" 204 0
22:05:52 [DEBUG] Starting new HTTPS connection (1): www.gstatic.com:443
22:05:53 [DEBUG] Starting new HTTPS connection (1): www.google.com:443
22:05:53 [DEBUG] Starting new HTTPS connection (1): cp.cloudflare.com:443
22:05:53 [DEBUG] Starting new HTTPS connection (1): www.gstatic.com:443
22:05:53 [DEBUG] https://www.gstatic.com:443 "GET /generate_204 HTTP/1.1" 204 0
22:05:53 [DEBUG] Starting new HTTPS connection (1): dl.google.com:443
22:05:53 [DEBUG] https://dl.google.com:443 "GET /dl/android/studio/install/3.4.1.0/android-studio-ide-183.5522156-windows.exe HTTP/1.1" 200 1017327996
22:05:53 [INFO]    🎯 80.66.87.77 (Германия) - 51.9 Mbps, 662ms, UDP✅ 
22:05:53 [DEBUG] Starting new HTTPS connection (1): www.google.com:443
22:05:53 [DEBUG] Starting new HTTPS connection (1): www.google.com:443
22:05:54 [DEBUG] Starting new HTTPS connection (1): www.gstatic.com:443
22:05:54 [DEBUG] Starting new HTTPS connection (1): www.google.com:443
22:05:54 [DEBUG] Starting new HTTPS connection (1): www.gstatic.com:443
22:05:54 [DEBUG] Starting new HTTPS connection (1): www.google.com:443
22:05:54 [DEBUG] Starting new HTTPS connection (1): cp.cloudflare.com:443
22:05:54 [DEBUG] Starting new HTTPS connection (1): www.gstatic.com:443
22:05:54 [DEBUG] Starting new HTTPS connection (1): www.gstatic.com:443
22:05:55 [DEBUG] Starting new HTTPS connection (1): www.gstatic.com:443
22:05:55 [DEBUG] Starting new HTTPS connection (1): cp.cloudflare.com:443
22:05:55 [DEBUG] Starting new HTTPS connection (1): www.gstatic.com:443
22:05:55 [DEBUG] https://www.gstatic.com:443 "GET /generate_204 HTTP/1.1" 204 0
22:05:55 [DEBUG] Starting new HTTPS connection (1): dl.google.com:443
22:05:55 [DEBUG] Starting new HTTPS connection (1): www.gstatic.com:443
22:05:55 [DEBUG] Starting new HTTPS connection (1): www.google.com:443
22:05:55 [DEBUG] Starting new HTTPS connection (1): www.gstatic.com:443
22:05:55 [DEBUG] Starting new HTTPS connection (1): cp.cloudflare.com:443
22:05:55 [DEBUG] Starting new HTTPS connection (1): cp.cloudflare.com:443
22:05:55 [DEBUG] https://dl.google.com:443 "GET /dl/android/studio/install/3.4.1.0/android-studio-ide-183.5522156-windows.exe HTTP/1.1" 404 1449
22:05:55 [INFO]    🎯 91.98.43.14 (Германия) - 0.0 Mbps, 2233ms, UDP✅ 
22:05:55 [DEBUG] Starting new HTTPS connection (1): www.gstatic.com:443
22:05:56 [DEBUG] https://www.gstatic.com:443 "GET /generate_204 HTTP/1.1" 204 0
22:05:56 [DEBUG] https://www.gstatic.com:443 "GET /generate_204 HTTP/1.1" 204 0
22:05:56 [DEBUG] Starting new HTTPS connection (1): www.google.com:443
22:05:56 [DEBUG] Starting new HTTPS connection (1): cp.cloudflare.com:443
22:05:56 [DEBUG] Starting new HTTPS connection (1): www.gstatic.com:443
22:05:56 [DEBUG] Starting new HTTPS connection (1): dl.google.com:443
22:05:56 [DEBUG] Starting new HTTPS connection (1): dl.google.com:443
22:05:56 [DEBUG] Starting new HTTPS connection (1): www.google.com:443
22:05:56 [DEBUG] https://dl.google.com:443 "GET /dl/android/studio/install/3.4.1.0/android-studio-ide-183.5522156-windows.exe HTTP/1.1" 200 1017327996
22:05:56 [INFO]    🎯 91.107.139.23 (Германия) - 46.2 Mbps, 141ms, UDP✅ 
22:05:56 [DEBUG] Starting new HTTPS connection (1): cp.cloudflare.com:443
22:05:56 [DEBUG] https://dl.google.com:443 "GET /dl/android/studio/install/3.4.1.0/android-studio-ide-183.5522156-windows.exe HTTP/1.1" 200 1017327996
22:05:56 [DEBUG] https://dl.google.com:443 "GET /dl/android/studio/install/3.4.1.0/android-studio-ide-183.5522156-windows.exe HTTP/1.1" 200 1017327996
22:05:56 [INFO]    🎯 188.245.230.218 (Германия) - 40.6 Mbps, 115ms, UDP✅ 
22:05:56 [INFO]    🎯 37.120.186.33 (Германия) - 33.6 Mbps, 118ms, UDP✅ 
22:05:57 [DEBUG] Starting new HTTPS connection (1): www.google.com:443
22:05:57 [DEBUG] Starting new HTTPS connection (1): www.google.com:443
22:05:57 [DEBUG] Starting new HTTPS connection (1): www.google.com:443
22:05:57 [DEBUG] Starting new HTTPS connection (1): www.google.com:443
22:05:57 [DEBUG] https://www.google.com:443 "GET /generate_204 HTTP/1.1" 204 0
22:05:57 [DEBUG] Starting new HTTPS connection (1): cp.cloudflare.com:443
22:05:57 [DEBUG] Starting new HTTPS connection (1): cp.cloudflare.com:443
22:05:57 [DEBUG] Starting new HTTPS connection (1): www.gstatic.com:443
22:05:57 [DEBUG] Starting new HTTPS connection (1): www.google.com:443
22:05:57 [DEBUG] Starting new HTTPS connection (1): cp.cloudflare.com:443
22:05:57 [DEBUG] Starting new HTTPS connection (1): www.gstatic.com:443
22:05:57 [DEBUG] Starting new HTTPS connection (1): www.google.com:443
22:05:57 [DEBUG] Starting new HTTPS connection (1): www.gstatic.com:443
22:05:57 [DEBUG] Starting new HTTPS connection (1): cp.cloudflare.com:443
22:05:57 [DEBUG] Starting new HTTPS connection (1): www.google.com:443
22:05:57 [DEBUG] Starting new HTTPS connection (1): www.gstatic.com:443
22:05:57 [DEBUG] Starting new HTTPS connection (1): www.google.com:443
22:05:58 [DEBUG] Starting new HTTPS connection (1): www.gstatic.com:443
22:05:58 [DEBUG] Starting new HTTPS connection (1): cp.cloudflare.com:443
22:05:58 [DEBUG] Starting new HTTPS connection (1): www.gstatic.com:443
22:05:58 [DEBUG] Starting new HTTPS connection (1): www.google.com:443
22:05:58 [DEBUG] Starting new HTTPS connection (1): www.gstatic.com:443
22:05:58 [DEBUG] Starting new HTTPS connection (1): cp.cloudflare.com:443
22:05:58 [DEBUG] Starting new HTTPS connection (1): www.google.com:443
22:05:58 [DEBUG] Starting new HTTPS connection (1): www.google.com:443
22:05:58 [DEBUG] Starting new HTTPS connection (1): cp.cloudflare.com:443
22:05:58 [DEBUG] Starting new HTTPS connection (1): www.gstatic.com:443
22:05:58 [DEBUG] Starting new HTTPS connection (1): www.google.com:443
22:05:58 [DEBUG] Starting new HTTPS connection (1): cp.cloudflare.com:443
22:05:58 [DEBUG] Starting new HTTPS connection (1): www.gstatic.com:443
22:05:59 [DEBUG] Starting new HTTPS connection (1): www.google.com:443
22:05:59 [DEBUG] Starting new HTTPS connection (1): cp.cloudflare.com:443
22:05:59 [DEBUG] Starting new HTTPS connection (1): www.gstatic.com:443
22:05:59 [DEBUG] Starting new HTTPS connection (1): cp.cloudflare.com:443
22:05:59 [DEBUG] Starting new HTTPS connection (1): www.google.com:443
22:05:59 [DEBUG] Starting new HTTPS connection (1): cp.cloudflare.com:443
22:05:59 [DEBUG] Starting new HTTPS connection (1): www.gstatic.com:443
22:05:59 [DEBUG] Starting new HTTPS connection (1): cp.cloudflare.com:443
22:05:59 [DEBUG] Starting new HTTPS connection (1): www.google.com:443
22:05:59 [DEBUG] Starting new HTTPS connection (1): cp.cloudflare.com:443
22:05:59 [DEBUG] Starting new HTTPS connection (1): www.gstatic.com:443
22:05:59 [DEBUG] Starting new HTTPS connection (1): www.google.com:443
22:06:00 [DEBUG] Starting new HTTPS connection (1): www.gstatic.com:443
22:06:00 [DEBUG] https://www.gstatic.com:443 "GET /generate_204 HTTP/1.1" 204 0
22:06:00 [DEBUG] Starting new HTTPS connection (1): dl.google.com:443
22:06:00 [DEBUG] Starting new HTTPS connection (1): www.google.com:443
22:06:00 [DEBUG] Starting new HTTPS connection (1): cp.cloudflare.com:443
22:06:00 [DEBUG] https://dl.google.com:443 "GET /dl/android/studio/install/3.4.1.0/android-studio-ide-183.5522156-windows.exe HTTP/1.1" 200 1017327996
22:06:00 [INFO]    🎯 45.135.194.50 (Германия) - 75.8 Mbps, 141ms, UDP✅ 
22:06:00 [DEBUG] https://www.google.com:443 "GET /generate_204 HTTP/1.1" 204 0
22:06:00 [DEBUG] Starting new HTTPS connection (1): cp.cloudflare.com:443
22:06:00 [DEBUG] Starting new HTTPS connection (1): www.gstatic.com:443
22:06:00 [DEBUG] Starting new HTTPS connection (1): www.google.com:443
22:06:00 [DEBUG] Starting new HTTPS connection (1): cp.cloudflare.com:443
22:06:00 [DEBUG] Starting new HTTPS connection (1): www.gstatic.com:443
22:06:01 [DEBUG] Starting new HTTPS connection (1): www.google.com:443
22:06:01 [DEBUG] Starting new HTTPS connection (1): cp.cloudflare.com:443
22:06:01 [DEBUG] Starting new HTTPS connection (1): www.gstatic.com:443
22:06:01 [DEBUG] Starting new HTTPS connection (1): cp.cloudflare.com:443
22:06:01 [DEBUG] Starting new HTTPS connection (1): cp.cloudflare.com:443
22:06:01 [DEBUG] Starting new HTTPS connection (1): www.google.com:443
22:06:01 [DEBUG] Starting new HTTPS connection (1): www.google.com:443
22:06:01 [DEBUG] Starting new HTTPS connection (1): www.google.com:443
22:06:01 [DEBUG] Starting new HTTPS connection (1): www.google.com:443
22:06:01 [DEBUG] Starting new HTTPS connection (1): www.gstatic.com:443
22:06:01 [DEBUG] Starting new HTTPS connection (1): cp.cloudflare.com:443
22:06:01 [DEBUG] Starting new HTTPS connection (1): www.gstatic.com:443
22:06:02 [DEBUG] Starting new HTTPS connection (1): www.gstatic.com:443
22:06:02 [DEBUG] Starting new HTTPS connection (1): www.google.com:443
22:06:02 [DEBUG] Starting new HTTPS connection (1): cp.cloudflare.com:443
22:06:02 [DEBUG] Starting new HTTPS connection (1): www.google.com:443
22:06:02 [DEBUG] Starting new HTTPS connection (1): cp.cloudflare.com:443
22:06:02 [DEBUG] Starting new HTTPS connection (1): www.gstatic.com:443
22:06:02 [DEBUG] Starting new HTTPS connection (1): www.gstatic.com:443
22:06:02 [DEBUG] https://www.gstatic.com:443 "GET /generate_204 HTTP/1.1" 204 0
22:06:02 [DEBUG] Starting new HTTPS connection (1): dl.google.com:443
22:06:02 [DEBUG] https://dl.google.com:443 "GET /dl/android/studio/install/3.4.1.0/android-studio-ide-183.5522156-windows.exe HTTP/1.1" 200 1017327996
22:06:02 [DEBUG] Starting new HTTPS connection (1): www.gstatic.com:443
22:06:03 [DEBUG] Starting new HTTPS connection (1): www.google.com:443
22:06:03 [DEBUG] Starting new HTTPS connection (1): cp.cloudflare.com:443
22:06:03 [INFO]    🎯 77.239.104.238 (Германия) - 30.1 Mbps, 143ms, UDP✅ 
22:06:03 [DEBUG] Starting new HTTPS connection (1): www.gstatic.com:443
22:06:03 [DEBUG] Starting new HTTPS connection (1): www.gstatic.com:443
22:06:03 [DEBUG] Starting new HTTPS connection (1): www.google.com:443
22:06:03 [DEBUG] Starting new HTTPS connection (1): cp.cloudflare.com:443
22:06:03 [DEBUG] Starting new HTTPS connection (1): www.gstatic.com:443
22:06:03 [DEBUG] Starting new HTTPS connection (1): cp.cloudflare.com:443
22:06:04 [DEBUG] Starting new HTTPS connection (1): www.gstatic.com:443
22:06:04 [DEBUG] Starting new HTTPS connection (1): www.gstatic.com:443
22:06:04 [DEBUG] Starting new HTTPS connection (1): www.google.com:443
22:06:04 [DEBUG] Starting new HTTPS connection (1): www.google.com:443
22:06:04 [DEBUG] Starting new HTTPS connection (1): www.google.com:443
22:06:04 [DEBUG] Starting new HTTPS connection (1): cp.cloudflare.com:443
22:06:04 [DEBUG] Starting new HTTPS connection (1): www.gstatic.com:443
22:06:04 [DEBUG] https://www.google.com:443 "GET /generate_204 HTTP/1.1" 204 0
22:06:04 [DEBUG] Starting new HTTPS connection (1): cp.cloudflare.com:443
22:06:04 [DEBUG] Starting new HTTPS connection (1): cp.cloudflare.com:443
22:06:04 [DEBUG] https://cp.cloudflare.com:443 "GET / HTTP/1.1" 204 0
22:06:04 [DEBUG] Starting new HTTPS connection (1): www.gstatic.com:443
22:06:04 [DEBUG] https://www.gstatic.com:443 "GET /generate_204 HTTP/1.1" 204 0
22:06:04 [DEBUG] Starting new HTTPS connection (1): dl.google.com:443
22:06:05 [DEBUG] https://dl.google.com:443 "GET /dl/android/studio/install/3.4.1.0/android-studio-ide-183.5522156-windows.exe HTTP/1.1" 200 1017327996
22:06:05 [INFO]    🎯 144.31.0.182 (Польша) - 57.0 Mbps, 143ms, UDP✅ 
22:06:05 [DEBUG] Starting new HTTPS connection (1): www.google.com:443
22:06:05 [DEBUG] Starting new HTTPS connection (1): cp.cloudflare.com:443
22:06:05 [DEBUG] Starting new HTTPS connection (1): www.gstatic.com:443
22:06:05 [DEBUG] Starting new HTTPS connection (1): www.google.com:443
22:06:05 [DEBUG] Starting new HTTPS connection (1): www.gstatic.com:443
22:06:05 [DEBUG] https://www.gstatic.com:443 "GET /generate_204 HTTP/1.1" 204 0
22:06:05 [DEBUG] Starting new HTTPS connection (1): dl.google.com:443
22:06:05 [DEBUG] Starting new HTTPS connection (1): www.gstatic.com:443
22:06:05 [DEBUG] Starting new HTTPS connection (1): www.google.com:443
22:06:05 [DEBUG] Starting new HTTPS connection (1): cp.cloudflare.com:443
22:06:05 [DEBUG] Starting new HTTPS connection (1): www.gstatic.com:443
22:06:05 [DEBUG] Starting new HTTPS connection (1): www.google.com:443
22:06:06 [DEBUG] https://dl.google.com:443 "GET /dl/android/studio/install/3.4.1.0/android-studio-ide-183.5522156-windows.exe HTTP/1.1" 200 1017327996
22:06:06 [DEBUG] Starting new HTTPS connection (1): cp.cloudflare.com:443
22:06:06 [DEBUG] Starting new HTTPS connection (1): cp.cloudflare.com:443
22:06:06 [INFO]    🎯 213.21.241.70 (Германия) - 35.0 Mbps, 142ms, UDP✅ 
22:06:06 [DEBUG] Starting new HTTPS connection (1): www.gstatic.com:443
22:06:06 [DEBUG] Starting new HTTPS connection (1): cp.cloudflare.com:443
22:06:06 [DEBUG] Starting new HTTPS connection (1): www.google.com:443
22:06:06 [DEBUG] Starting new HTTPS connection (1): cp.cloudflare.com:443
22:06:06 [DEBUG] Starting new HTTPS connection (1): www.google.com:443
22:06:06 [DEBUG] Starting new HTTPS connection (1): www.google.com:443
22:06:06 [DEBUG] Starting new HTTPS connection (1): www.gstatic.com:443
22:06:06 [DEBUG] Starting new HTTPS connection (1): cp.cloudflare.com:443
22:06:06 [DEBUG] Starting new HTTPS connection (1): cp.cloudflare.com:443
22:06:07 [DEBUG] https://cp.cloudflare.com:443 "GET / HTTP/1.1" 204 0
22:06:07 [DEBUG] Starting new HTTPS connection (1): www.gstatic.com:443
22:06:07 [DEBUG] Starting new HTTPS connection (1): www.gstatic.com:443
22:06:07 [DEBUG] Starting new HTTPS connection (1): www.google.com:443
22:06:07 [DEBUG] Starting new HTTPS connection (1): www.google.com:443
22:06:07 [DEBUG] Starting new HTTPS connection (1): www.google.com:443
22:06:07 [DEBUG] Starting new HTTPS connection (1): cp.cloudflare.com:443
22:06:07 [DEBUG] Starting new HTTPS connection (1): www.google.com:443
22:06:07 [DEBUG] Starting new HTTPS connection (1): www.google.com:443
22:06:07 [DEBUG] https://www.google.com:443 "GET /generate_204 HTTP/1.1" 204 0
22:06:07 [DEBUG] Starting new HTTPS connection (1): cp.cloudflare.com:443
22:06:07 [DEBUG] Starting new HTTPS connection (1): www.google.com:443
22:06:07 [DEBUG] Starting new HTTPS connection (1): cp.cloudflare.com:443
22:06:07 [DEBUG] Starting new HTTPS connection (1): www.gstatic.com:443
22:06:07 [DEBUG] Starting new HTTPS connection (1): cp.cloudflare.com:443
22:06:07 [DEBUG] Starting new HTTPS connection (1): www.gstatic.com:443
22:06:08 [DEBUG] Starting new HTTPS connection (1): www.google.com:443
22:06:08 [DEBUG] Starting new HTTPS connection (1): cp.cloudflare.com:443
22:06:08 [DEBUG] Starting new HTTPS connection (1): www.gstatic.com:443
22:06:08 [DEBUG] Starting new HTTPS connection (1): cp.cloudflare.com:443
22:06:08 [DEBUG] Starting new HTTPS connection (1): www.gstatic.com:443
22:06:09 [DEBUG] Starting new HTTPS connection (1): www.google.com:443
22:06:09 [DEBUG] Starting new HTTPS connection (1): cp.cloudflare.com:443
22:06:09 [DEBUG] Starting new HTTPS connection (1): www.gstatic.com:443
22:06:09 [DEBUG] Starting new HTTPS connection (1): www.google.com:443
22:06:09 [DEBUG] https://www.google.com:443 "GET /generate_204 HTTP/1.1" 204 0
22:06:09 [DEBUG] Starting new HTTPS connection (1): cp.cloudflare.com:443
22:06:09 [DEBUG] Starting new HTTPS connection (1): cp.cloudflare.com:443
22:06:09 [DEBUG] Starting new HTTPS connection (1): www.google.com:443
22:06:09 [DEBUG] https://www.google.com:443 "GET /generate_204 HTTP/1.1" 204 0
22:06:09 [DEBUG] Starting new HTTPS connection (1): cp.cloudflare.com:443
22:06:09 [DEBUG] Starting new HTTPS connection (1): www.gstatic.com:443
22:06:09 [DEBUG] https://cp.cloudflare.com:443 "GET / HTTP/1.1" 204 0
22:06:09 [DEBUG] Starting new HTTPS connection (1): www.gstatic.com:443
22:06:09 [DEBUG] https://www.gstatic.com:443 "GET /generate_204 HTTP/1.1" 204 0
22:06:09 [DEBUG] Starting new HTTPS connection (1): dl.google.com:443
22:06:10 [DEBUG] Starting new HTTPS connection (1): cp.cloudflare.com:443
22:06:10 [DEBUG] https://dl.google.com:443 "GET /dl/android/studio/install/3.4.1.0/android-studio-ide-183.5522156-windows.exe HTTP/1.1" 200 1017327996
22:06:10 [DEBUG] Starting new HTTPS connection (1): www.google.com:443
22:06:10 [DEBUG] Starting new HTTPS connection (1): www.google.com:443
22:06:10 [DEBUG] https://www.google.com:443 "GET /generate_204 HTTP/1.1" 204 0
22:06:10 [DEBUG] Starting new HTTPS connection (1): cp.cloudflare.com:443
22:06:10 [DEBUG] https://www.google.com:443 "GET /generate_204 HTTP/1.1" 204 0
22:06:10 [DEBUG] Starting new HTTPS connection (1): cp.cloudflare.com:443
22:06:10 [DEBUG] Starting new HTTPS connection (1): www.google.com:443
22:06:10 [DEBUG] https://www.google.com:443 "GET /generate_204 HTTP/1.1" 204 0
22:06:10 [DEBUG] Starting new HTTPS connection (1): cp.cloudflare.com:443
22:06:11 [DEBUG] https://cp.cloudflare.com:443 "GET / HTTP/1.1" 204 0
22:06:11 [DEBUG] Starting new HTTPS connection (1): www.gstatic.com:443
22:06:11 [DEBUG] Starting new HTTPS connection (1): www.gstatic.com:443
22:06:11 [DEBUG] https://www.gstatic.com:443 "GET /generate_204 HTTP/1.1" 204 0
22:06:11 [DEBUG] Starting new HTTPS connection (1): dl.google.com:443
22:06:11 [DEBUG] Starting new HTTPS connection (1): www.gstatic.com:443
22:06:11 [DEBUG] Starting new HTTPS connection (1): www.gstatic.com:443
22:06:11 [DEBUG] https://dl.google.com:443 "GET /dl/android/studio/install/3.4.1.0/android-studio-ide-183.5522156-windows.exe HTTP/1.1" 200 1017327996
22:06:11 [DEBUG] Starting new HTTPS connection (1): cp.cloudflare.com:443
22:06:11 [DEBUG] Starting new HTTPS connection (1): www.google.com:443
22:06:11 [INFO]    🎯 185.236.26.58 (Германия) - 9.9 Mbps, 258ms, UDP✅ 
22:06:11 [DEBUG] https://www.google.com:443 "GET /generate_204 HTTP/1.1" 204 0
22:06:11 [DEBUG] Starting new HTTPS connection (1): cp.cloudflare.com:443
22:06:11 [DEBUG] Starting new HTTPS connection (1): www.gstatic.com:443
22:06:12 [INFO]    🎯 150.241.115.147 (Германия) - 20.1 Mbps, 153ms, UDP✅ 
22:06:12 [DEBUG] Starting new HTTPS connection (1): www.gstatic.com:443
22:06:12 [DEBUG] Starting new HTTPS connection (1): www.google.com:443
22:06:12 [DEBUG] https://cp.cloudflare.com:443 "GET / HTTP/1.1" 204 0
22:06:12 [DEBUG] Starting new HTTPS connection (1): www.gstatic.com:443
22:06:12 [DEBUG] Starting new HTTPS connection (1): www.google.com:443
22:06:12 [DEBUG] Starting new HTTPS connection (1): cp.cloudflare.com:443
22:06:12 [DEBUG] Starting new HTTPS connection (1): www.gstatic.com:443
22:06:12 [DEBUG] https://www.gstatic.com:443 "GET /generate_204 HTTP/1.1" 204 0
22:06:12 [DEBUG] Starting new HTTPS connection (1): dl.google.com:443
22:06:12 [DEBUG] Starting new HTTPS connection (1): www.gstatic.com:443
22:06:12 [DEBUG] https://dl.google.com:443 "GET /dl/android/studio/install/3.4.1.0/android-studio-ide-183.5522156-windows.exe HTTP/1.1" 200 1017327996
22:06:12 [DEBUG] https://www.gstatic.com:443 "GET /generate_204 HTTP/1.1" 204 0
22:06:12 [DEBUG] Starting new HTTPS connection (1): www.google.com:443
22:06:13 [DEBUG] Starting new HTTPS connection (1): dl.google.com:443
22:06:13 [INFO]    🎯 23.165.200.241 (Германия) - 52.1 Mbps, 739ms, UDP✅ 
22:06:13 [DEBUG] https://dl.google.com:443 "GET /dl/android/studio/install/3.4.1.0/android-studio-ide-183.5522156-windows.exe HTTP/1.1" 200 1017327996
22:06:13 [DEBUG] Starting new HTTPS connection (1): www.google.com:443
22:06:13 [DEBUG] Starting new HTTPS connection (1): cp.cloudflare.com:443
22:06:13 [DEBUG] Starting new HTTPS connection (1): www.gstatic.com:443
22:06:13 [INFO]    🎯 185.153.55.239 (Швеция) - 40.8 Mbps, 230ms, UDP✅ 
22:06:13 [DEBUG] Starting new HTTPS connection (1): www.google.com:443
22:06:13 [DEBUG] Starting new HTTPS connection (1): cp.cloudflare.com:443
22:06:13 [DEBUG] Starting new HTTPS connection (1): www.gstatic.com:443
22:06:14 [DEBUG] Starting new HTTPS connection (1): www.google.com:443
22:06:14 [DEBUG] Starting new HTTPS connection (1): cp.cloudflare.com:443
22:06:14 [DEBUG] Starting new HTTPS connection (1): www.gstatic.com:443
22:06:14 [DEBUG] https://cp.cloudflare.com:443 "GET / HTTP/1.1" 204 0
22:06:14 [DEBUG] Starting new HTTPS connection (1): www.gstatic.com:443
22:06:14 [DEBUG] https://www.gstatic.com:443 "GET /generate_204 HTTP/1.1" 204 0
22:06:14 [DEBUG] Starting new HTTPS connection (1): dl.google.com:443
22:06:14 [DEBUG] Starting new HTTPS connection (1): www.gstatic.com:443
22:06:14 [DEBUG] Starting new HTTPS connection (1): cp.cloudflare.com:443
22:06:14 [DEBUG] Starting new HTTPS connection (1): www.google.com:443
22:06:14 [DEBUG] https://dl.google.com:443 "GET /dl/android/studio/install/3.4.1.0/android-studio-ide-183.5522156-windows.exe HTTP/1.1" 200 1017327996
22:06:14 [DEBUG] Starting new HTTPS connection (1): cp.cloudflare.com:443
22:06:14 [DEBUG] Starting new HTTPS connection (1): www.gstatic.com:443
22:06:14 [DEBUG] Starting new HTTPS connection (1): www.google.com:443
22:06:14 [INFO]    🎯 94.16.117.81 (Германия) - 56.2 Mbps, 1578ms, UDP✅ 
22:06:14 [DEBUG] Starting new HTTPS connection (1): cp.cloudflare.com:443
22:06:14 [DEBUG] Starting new HTTPS connection (1): www.google.com:443
22:06:15 [DEBUG] Starting new HTTPS connection (1): www.google.com:443
22:06:15 [DEBUG] Starting new HTTPS connection (1): cp.cloudflare.com:443
22:06:15 [DEBUG] Starting new HTTPS connection (1): www.gstatic.com:443
22:06:15 [DEBUG] Starting new HTTPS connection (1): www.gstatic.com:443
22:06:15 [DEBUG] Starting new HTTPS connection (1): www.google.com:443
22:06:15 [DEBUG] Starting new HTTPS connection (1): cp.cloudflare.com:443
22:06:15 [DEBUG] Starting new HTTPS connection (1): www.gstatic.com:443
22:06:15 [DEBUG] https://www.gstatic.com:443 "GET /generate_204 HTTP/1.1" 204 0
22:06:15 [DEBUG] Starting new HTTPS connection (1): www.google.com:443
22:06:15 [DEBUG] Starting new HTTPS connection (1): cp.cloudflare.com:443
22:06:15 [DEBUG] Starting new HTTPS connection (1): www.gstatic.com:443
22:06:15 [DEBUG] Starting new HTTPS connection (1): dl.google.com:443
22:06:15 [DEBUG] https://dl.google.com:443 "GET /dl/android/studio/install/3.4.1.0/android-studio-ide-183.5522156-windows.exe HTTP/1.1" 200 1017327996
22:06:15 [DEBUG] Starting new HTTPS connection (1): www.google.com:443
22:06:15 [DEBUG] Starting new HTTPS connection (1): cp.cloudflare.com:443
22:06:15 [INFO]    🎯 194.9.6.3 (Германия) - 74.1 Mbps, 97ms, UDP✅ 
22:06:15 [DEBUG] Starting new HTTPS connection (1): www.gstatic.com:443
22:06:15 [DEBUG] Starting new HTTPS connection (1): www.google.com:443
22:06:15 [DEBUG] Starting new HTTPS connection (1): cp.cloudflare.com:443
22:06:15 [DEBUG] Starting new HTTPS connection (1): www.gstatic.com:443
22:06:15 [DEBUG] Starting new HTTPS connection (1): www.google.com:443
22:06:16 [DEBUG] Starting new HTTPS connection (1): www.gstatic.com:443
22:06:16 [DEBUG] Starting new HTTPS connection (1): www.google.com:443
22:06:16 [DEBUG] Starting new HTTPS connection (1): cp.cloudflare.com:443
22:06:16 [DEBUG] Starting new HTTPS connection (1): www.gstatic.com:443
22:06:16 [DEBUG] Starting new HTTPS connection (1): cp.cloudflare.com:443
22:06:16 [DEBUG] Starting new HTTPS connection (1): www.google.com:443
22:06:16 [DEBUG] Starting new HTTPS connection (1): cp.cloudflare.com:443
22:06:16 [DEBUG] Starting new HTTPS connection (1): www.gstatic.com:443
22:06:16 [DEBUG] Starting new HTTPS connection (1): www.google.com:443
22:06:16 [DEBUG] Starting new HTTPS connection (1): www.gstatic.com:443
22:06:17 [DEBUG] Starting new HTTPS connection (1): www.google.com:443
22:06:17 [DEBUG] Starting new HTTPS connection (1): www.google.com:443
22:06:17 [DEBUG] Starting new HTTPS connection (1): cp.cloudflare.com:443
22:06:17 [DEBUG] Starting new HTTPS connection (1): www.google.com:443
22:06:17 [DEBUG] Starting new HTTPS connection (1): cp.cloudflare.com:443
22:06:17 [DEBUG] Starting new HTTPS connection (1): www.gstatic.com:443
22:06:17 [DEBUG] Starting new HTTPS connection (1): www.google.com:443
22:06:17 [DEBUG] Starting new HTTPS connection (1): cp.cloudflare.com:443
22:06:17 [DEBUG] Starting new HTTPS connection (1): www.gstatic.com:443
22:06:17 [DEBUG] Starting new HTTPS connection (1): www.google.com:443
22:06:17 [DEBUG] Starting new HTTPS connection (1): cp.cloudflare.com:443
22:06:17 [DEBUG] Starting new HTTPS connection (1): www.gstatic.com:443
22:06:17 [DEBUG] https://cp.cloudflare.com:443 "GET / HTTP/1.1" 204 0
22:06:17 [DEBUG] Starting new HTTPS connection (1): www.gstatic.com:443
22:06:17 [DEBUG] https://www.gstatic.com:443 "GET /generate_204 HTTP/1.1" 204 0
22:06:17 [DEBUG] Starting new HTTPS connection (1): dl.google.com:443
22:06:17 [DEBUG] Starting new HTTPS connection (1): www.google.com:443
22:06:17 [DEBUG] https://dl.google.com:443 "GET /dl/android/studio/install/3.4.1.0/android-studio-ide-183.5522156-windows.exe HTTP/1.1" 200 1017327996
22:06:17 [DEBUG] Starting new HTTPS connection (1): www.google.com:443
22:06:17 [INFO]    🎯 45.131.5.238 (Нидерланды) - 90.5 Mbps, 2021ms, UDP✅ 
22:06:18 [DEBUG] Starting new HTTPS connection (1): www.google.com:443
22:06:18 [DEBUG] Starting new HTTPS connection (1): cp.cloudflare.com:443
22:06:18 [DEBUG] Starting new HTTPS connection (1): www.gstatic.com:443
22:06:18 [DEBUG] Starting new HTTPS connection (1): cp.cloudflare.com:443
22:06:18 [DEBUG] Starting new HTTPS connection (1): www.google.com:443
22:06:18 [DEBUG] Starting new HTTPS connection (1): cp.cloudflare.com:443
22:06:18 [DEBUG] Starting new HTTPS connection (1): www.gstatic.com:443
22:06:18 [DEBUG] Starting new HTTPS connection (1): www.google.com:443
22:06:18 [DEBUG] Starting new HTTPS connection (1): cp.cloudflare.com:443
22:06:18 [DEBUG] Starting new HTTPS connection (1): www.gstatic.com:443
22:06:18 [DEBUG] Starting new HTTPS connection (1): www.google.com:443
22:06:18 [DEBUG] Starting new HTTPS connection (1): cp.cloudflare.com:443
22:06:18 [DEBUG] Starting new HTTPS connection (1): www.gstatic.com:443
22:06:18 [DEBUG] Starting new HTTPS connection (1): www.gstatic.com:443
22:06:18 [DEBUG] Starting new HTTPS connection (1): cp.cloudflare.com:443
22:06:19 [DEBUG] Starting new HTTPS connection (1): cp.cloudflare.com:443
22:06:19 [DEBUG] Starting new HTTPS connection (1): www.gstatic.com:443
22:06:19 [DEBUG] Starting new HTTPS connection (1): cp.cloudflare.com:443
22:06:19 [DEBUG] Starting new HTTPS connection (1): www.google.com:443
22:06:19 [DEBUG] Starting new HTTPS connection (1): cp.cloudflare.com:443
22:06:19 [DEBUG] Starting new HTTPS connection (1): www.google.com:443
22:06:19 [DEBUG] Starting new HTTPS connection (1): www.gstatic.com:443
22:06:19 [DEBUG] Starting new HTTPS connection (1): cp.cloudflare.com:443
22:06:19 [DEBUG] Starting new HTTPS connection (1): www.gstatic.com:443
22:06:19 [DEBUG] Starting new HTTPS connection (1): www.google.com:443
22:06:19 [DEBUG] Starting new HTTPS connection (1): cp.cloudflare.com:443
22:06:19 [DEBUG] Starting new HTTPS connection (1): www.gstatic.com:443
22:06:19 [DEBUG] Starting new HTTPS connection (1): www.google.com:443
22:06:19 [DEBUG] Starting new HTTPS connection (1): cp.cloudflare.com:443
22:06:19 [DEBUG] Starting new HTTPS connection (1): www.gstatic.com:443
22:06:19 [DEBUG] Starting new HTTPS connection (1): www.google.com:443
22:06:19 [DEBUG] Starting new HTTPS connection (1): cp.cloudflare.com:443
22:06:19 [DEBUG] Starting new HTTPS connection (1): www.gstatic.com:443
22:06:19 [DEBUG] Starting new HTTPS connection (1): cp.cloudflare.com:443
22:06:19 [DEBUG] Starting new HTTPS connection (1): www.google.com:443
22:06:19 [DEBUG] Starting new HTTPS connection (1): cp.cloudflare.com:443
22:06:19 [DEBUG] Starting new HTTPS connection (1): www.gstatic.com:443
22:06:20 [DEBUG] Starting new HTTPS connection (1): cp.cloudflare.com:443
22:06:20 [DEBUG] Starting new HTTPS connection (1): www.gstatic.com:443
22:06:20 [DEBUG] Starting new HTTPS connection (1): www.google.com:443
22:06:20 [DEBUG] Starting new HTTPS connection (1): cp.cloudflare.com:443
22:06:20 [DEBUG] Starting new HTTPS connection (1): www.gstatic.com:443
22:06:20 [DEBUG] Starting new HTTPS connection (1): www.google.com:443
22:06:20 [DEBUG] Starting new HTTPS connection (1): www.google.com:443
22:06:20 [DEBUG] Starting new HTTPS connection (1): cp.cloudflare.com:443
22:06:20 [DEBUG] Starting new HTTPS connection (1): cp.cloudflare.com:443
22:06:20 [DEBUG] Starting new HTTPS connection (1): www.gstatic.com:443
22:06:20 [DEBUG] Starting new HTTPS connection (1): www.gstatic.com:443
22:06:20 [DEBUG] Starting new HTTPS connection (1): www.google.com:443
22:06:20 [DEBUG] Starting new HTTPS connection (1): cp.cloudflare.com:443
22:06:20 [DEBUG] Starting new HTTPS connection (1): www.gstatic.com:443
22:06:20 [DEBUG] Starting new HTTPS connection (1): www.gstatic.com:443
22:06:20 [DEBUG] Starting new HTTPS connection (1): www.google.com:443
22:06:20 [DEBUG] Starting new HTTPS connection (1): cp.cloudflare.com:443
22:06:20 [DEBUG] Starting new HTTPS connection (1): www.gstatic.com:443
22:06:21 [DEBUG] Starting new HTTPS connection (1): www.google.com:443
22:06:21 [DEBUG] Starting new HTTPS connection (1): cp.cloudflare.com:443
22:06:21 [DEBUG] Starting new HTTPS connection (1): www.gstatic.com:443
22:06:21 [DEBUG] Starting new HTTPS connection (1): www.gstatic.com:443
22:06:21 [DEBUG] Starting new HTTPS connection (1): www.gstatic.com:443
22:06:21 [DEBUG] Starting new HTTPS connection (1): www.google.com:443
22:06:21 [DEBUG] Starting new HTTPS connection (1): cp.cloudflare.com:443
22:06:21 [DEBUG] Starting new HTTPS connection (1): www.gstatic.com:443
22:06:21 [DEBUG] Starting new HTTPS connection (1): www.google.com:443
22:06:21 [DEBUG] Starting new HTTPS connection (1): www.google.com:443
22:06:21 [DEBUG] Starting new HTTPS connection (1): www.google.com:443
22:06:21 [DEBUG] Starting new HTTPS connection (1): cp.cloudflare.com:443
22:06:21 [DEBUG] Starting new HTTPS connection (1): www.gstatic.com:443
22:06:21 [INFO]    📊 Глубокая проверка: 1158/1936 (60%) | ✅290 ❌868
22:06:21 [DEBUG] Starting new HTTPS connection (1): www.gstatic.com:443
22:06:22 [DEBUG] Starting new HTTPS connection (1): www.google.com:443
22:06:22 [DEBUG] Starting new HTTPS connection (1): www.gstatic.com:443
22:06:22 [DEBUG] Starting new HTTPS connection (1): www.google.com:443
22:06:22 [DEBUG] Starting new HTTPS connection (1): www.google.com:443
22:06:22 [DEBUG] Starting new HTTPS connection (1): www.google.com:443
22:06:22 [DEBUG] Starting new HTTPS connection (1): www.google.com:443
22:06:22 [DEBUG] Starting new HTTPS connection (1): www.google.com:443
22:06:23 [DEBUG] Starting new HTTPS connection (1): www.google.com:443
22:06:23 [DEBUG] Starting new HTTPS connection (1): www.google.com:443
22:06:23 [DEBUG] Starting new HTTPS connection (1): cp.cloudflare.com:443
22:06:23 [DEBUG] Starting new HTTPS connection (1): cp.cloudflare.com:443
22:06:24 [DEBUG] Starting new HTTPS connection (1): www.google.com:443
22:06:24 [DEBUG] Starting new HTTPS connection (1): cp.cloudflare.com:443
22:06:24 [DEBUG] Starting new HTTPS connection (1): www.gstatic.com:443
22:06:24 [DEBUG] Starting new HTTPS connection (1): cp.cloudflare.com:443
22:06:24 [DEBUG] Starting new HTTPS connection (1): cp.cloudflare.com:443
22:06:24 [DEBUG] Starting new HTTPS connection (1): cp.cloudflare.com:443
22:06:24 [DEBUG] Starting new HTTPS connection (1): www.google.com:443
22:06:24 [DEBUG] Starting new HTTPS connection (1): cp.cloudflare.com:443
22:06:24 [DEBUG] Starting new HTTPS connection (1): www.gstatic.com:443
22:06:24 [DEBUG] Starting new HTTPS connection (1): cp.cloudflare.com:443
22:06:24 [DEBUG] Starting new HTTPS connection (1): www.google.com:443
22:06:24 [DEBUG] Starting new HTTPS connection (1): cp.cloudflare.com:443
22:06:25 [DEBUG] Starting new HTTPS connection (1): www.google.com:443
22:06:25 [DEBUG] Starting new HTTPS connection (1): www.google.com:443
22:06:25 [DEBUG] Starting new HTTPS connection (1): cp.cloudflare.com:443
22:06:25 [DEBUG] Starting new HTTPS connection (1): www.gstatic.com:443
22:06:25 [DEBUG] Starting new HTTPS connection (1): www.google.com:443
22:06:25 [DEBUG] Starting new HTTPS connection (1): www.google.com:443
22:06:25 [DEBUG] Starting new HTTPS connection (1): www.gstatic.com:443
22:06:25 [DEBUG] Starting new HTTPS connection (1): www.gstatic.com:443
22:06:26 [DEBUG] Starting new HTTPS connection (1): www.gstatic.com:443
22:06:26 [DEBUG] Starting new HTTPS connection (1): www.gstatic.com:443
22:06:26 [DEBUG] Starting new HTTPS connection (1): cp.cloudflare.com:443
22:06:26 [DEBUG] Starting new HTTPS connection (1): www.gstatic.com:443
22:06:26 [DEBUG] Starting new HTTPS connection (1): www.gstatic.com:443
22:06:26 [DEBUG] Starting new HTTPS connection (1): www.gstatic.com:443
22:06:26 [DEBUG] Starting new HTTPS connection (1): www.google.com:443
22:06:26 [DEBUG] Starting new HTTPS connection (1): cp.cloudflare.com:443
22:06:26 [DEBUG] Starting new HTTPS connection (1): www.gstatic.com:443
22:06:27 [DEBUG] Starting new HTTPS connection (1): cp.cloudflare.com:443
22:06:27 [DEBUG] Starting new HTTPS connection (1): cp.cloudflare.com:443
22:06:27 [DEBUG] Starting new HTTPS connection (1): cp.cloudflare.com:443
22:06:27 [DEBUG] Starting new HTTPS connection (1): www.google.com:443
22:06:28 [DEBUG] Starting new HTTPS connection (1): cp.cloudflare.com:443
22:06:28 [DEBUG] Starting new HTTPS connection (1): cp.cloudflare.com:443
22:06:28 [DEBUG] Starting new HTTPS connection (1): www.gstatic.com:443
22:06:29 [DEBUG] Starting new HTTPS connection (1): www.google.com:443
22:06:29 [DEBUG] Starting new HTTPS connection (1): www.google.com:443
22:06:29 [DEBUG] Starting new HTTPS connection (1): cp.cloudflare.com:443
22:06:29 [DEBUG] Starting new HTTPS connection (1): www.gstatic.com:443
22:06:29 [DEBUG] Starting new HTTPS connection (1): www.gstatic.com:443
22:06:29 [DEBUG] Starting new HTTPS connection (1): www.google.com:443
22:06:29 [DEBUG] Starting new HTTPS connection (1): www.google.com:443
22:06:29 [DEBUG] Starting new HTTPS connection (1): www.gstatic.com:443
22:06:29 [DEBUG] Starting new HTTPS connection (1): www.google.com:443
22:06:29 [DEBUG] Starting new HTTPS connection (1): www.google.com:443
22:06:29 [DEBUG] Starting new HTTPS connection (1): www.google.com:443
22:06:30 [DEBUG] Starting new HTTPS connection (1): cp.cloudflare.com:443
22:06:30 [DEBUG] Starting new HTTPS connection (1): cp.cloudflare.com:443
22:06:30 [DEBUG] Starting new HTTPS connection (1): www.google.com:443
22:06:31 [DEBUG] Starting new HTTPS connection (1): cp.cloudflare.com:443
22:06:31 [DEBUG] Starting new HTTPS connection (1): www.google.com:443
22:06:31 [DEBUG] Starting new HTTPS connection (1): cp.cloudflare.com:443
22:06:31 [DEBUG] Starting new HTTPS connection (1): cp.cloudflare.com:443
22:06:31 [DEBUG] Starting new HTTPS connection (1): cp.cloudflare.com:443
22:06:32 [DEBUG] Starting new HTTPS connection (1): www.gstatic.com:443
22:06:32 [DEBUG] Starting new HTTPS connection (1): cp.cloudflare.com:443
22:06:32 [DEBUG] Starting new HTTPS connection (1): www.google.com:443
22:06:32 [DEBUG] Starting new HTTPS connection (1): www.gstatic.com:443
22:06:32 [DEBUG] Starting new HTTPS connection (1): cp.cloudflare.com:443
22:06:32 [DEBUG] Starting new HTTPS connection (1): www.gstatic.com:443
22:06:32 [DEBUG] Starting new HTTPS connection (1): www.google.com:443
22:06:32 [DEBUG] Starting new HTTPS connection (1): cp.cloudflare.com:443
22:06:32 [DEBUG] Starting new HTTPS connection (1): www.gstatic.com:443
22:06:33 [DEBUG] Starting new HTTPS connection (1): www.gstatic.com:443
22:06:33 [DEBUG] Starting new HTTPS connection (1): www.gstatic.com:443
22:06:33 [DEBUG] Starting new HTTPS connection (1): www.gstatic.com:443
22:06:33 [DEBUG] Starting new HTTPS connection (1): cp.cloudflare.com:443
22:06:33 [DEBUG] Starting new HTTPS connection (1): www.gstatic.com:443
22:06:34 [DEBUG] Starting new HTTPS connection (1): www.gstatic.com:443
22:06:34 [DEBUG] Starting new HTTPS connection (1): www.google.com:443
22:06:34 [DEBUG] Starting new HTTPS connection (1): www.gstatic.com:443
22:06:34 [DEBUG] Starting new HTTPS connection (1): www.google.com:443
22:06:34 [DEBUG] Starting new HTTPS connection (1): cp.cloudflare.com:443
22:06:34 [DEBUG] Starting new HTTPS connection (1): www.gstatic.com:443
22:06:34 [DEBUG] Starting new HTTPS connection (1): cp.cloudflare.com:443
22:06:34 [DEBUG] Starting new HTTPS connection (1): cp.cloudflare.com:443
22:06:34 [DEBUG] Starting new HTTPS connection (1): www.gstatic.com:443
22:06:35 [DEBUG] Starting new HTTPS connection (1): www.gstatic.com:443
22:06:35 [DEBUG] Starting new HTTPS connection (1): www.google.com:443
22:06:35 [DEBUG] Starting new HTTPS connection (1): cp.cloudflare.com:443
22:06:35 [DEBUG] Starting new HTTPS connection (1): www.gstatic.com:443
22:06:35 [DEBUG] Starting new HTTPS connection (1): www.gstatic.com:443
22:06:36 [DEBUG] Starting new HTTPS connection (1): www.google.com:443
22:06:36 [DEBUG] Starting new HTTPS connection (1): cp.cloudflare.com:443
22:06:36 [DEBUG] Starting new HTTPS connection (1): cp.cloudflare.com:443
22:06:36 [DEBUG] Starting new HTTPS connection (1): www.gstatic.com:443
22:06:36 [DEBUG] Starting new HTTPS connection (1): www.google.com:443
22:06:36 [DEBUG] Starting new HTTPS connection (1): www.google.com:443
22:06:37 [DEBUG] Starting new HTTPS connection (1): www.google.com:443
22:06:37 [DEBUG] Starting new HTTPS connection (1): cp.cloudflare.com:443
22:06:37 [DEBUG] Starting new HTTPS connection (1): www.gstatic.com:443
22:06:37 [DEBUG] Starting new HTTPS connection (1): www.google.com:443
22:06:37 [DEBUG] Starting new HTTPS connection (1): cp.cloudflare.com:443
22:06:37 [DEBUG] Starting new HTTPS connection (1): www.gstatic.com:443
22:06:37 [DEBUG] Starting new HTTPS connection (1): www.google.com:443
22:06:37 [DEBUG] Starting new HTTPS connection (1): www.google.com:443
22:06:38 [DEBUG] Starting new HTTPS connection (1): www.google.com:443
22:06:38 [DEBUG] Starting new HTTPS connection (1): www.google.com:443
22:06:38 [DEBUG] Starting new HTTPS connection (1): www.google.com:443
22:06:38 [DEBUG] Starting new HTTPS connection (1): cp.cloudflare.com:443
22:06:38 [DEBUG] Starting new HTTPS connection (1): www.gstatic.com:443
22:06:38 [DEBUG] Starting new HTTPS connection (1): www.gstatic.com:443
22:06:38 [DEBUG] Starting new HTTPS connection (1): www.google.com:443
22:06:38 [DEBUG] Starting new HTTPS connection (1): cp.cloudflare.com:443
22:06:38 [DEBUG] Starting new HTTPS connection (1): www.gstatic.com:443
22:06:38 [DEBUG] Starting new HTTPS connection (1): cp.cloudflare.com:443
22:06:39 [DEBUG] Starting new HTTPS connection (1): cp.cloudflare.com:443
22:06:39 [DEBUG] Starting new HTTPS connection (1): www.google.com:443
22:06:39 [DEBUG] Starting new HTTPS connection (1): cp.cloudflare.com:443
22:06:39 [DEBUG] Starting new HTTPS connection (1): www.gstatic.com:443
22:06:39 [DEBUG] Starting new HTTPS connection (1): www.google.com:443
22:06:39 [DEBUG] Starting new HTTPS connection (1): www.google.com:443
22:06:39 [DEBUG] Starting new HTTPS connection (1): www.gstatic.com:443
22:06:39 [DEBUG] Starting new HTTPS connection (1): www.gstatic.com:443
22:06:39 [DEBUG] Starting new HTTPS connection (1): www.google.com:443
22:06:39 [DEBUG] Starting new HTTPS connection (1): www.google.com:443
22:06:40 [DEBUG] Starting new HTTPS connection (1): cp.cloudflare.com:443
22:06:40 [DEBUG] Starting new HTTPS connection (1): www.google.com:443
22:06:40 [DEBUG] Starting new HTTPS connection (1): cp.cloudflare.com:443
22:06:40 [DEBUG] Starting new HTTPS connection (1): www.gstatic.com:443
22:06:40 [DEBUG] Starting new HTTPS connection (1): cp.cloudflare.com:443
22:06:40 [DEBUG] Starting new HTTPS connection (1): www.gstatic.com:443
22:06:41 [DEBUG] Starting new HTTPS connection (1): www.gstatic.com:443
22:06:41 [DEBUG] Starting new HTTPS connection (1): cp.cloudflare.com:443
22:06:41 [DEBUG] Starting new HTTPS connection (1): www.google.com:443
22:06:41 [DEBUG] Starting new HTTPS connection (1): cp.cloudflare.com:443
22:06:41 [DEBUG] Starting new HTTPS connection (1): www.gstatic.com:443
22:06:41 [DEBUG] Starting new HTTPS connection (1): cp.cloudflare.com:443
22:06:41 [DEBUG] Starting new HTTPS connection (1): www.google.com:443
22:06:41 [DEBUG] Starting new HTTPS connection (1): cp.cloudflare.com:443
22:06:41 [DEBUG] Starting new HTTPS connection (1): www.gstatic.com:443
22:06:41 [DEBUG] Starting new HTTPS connection (1): cp.cloudflare.com:443
22:06:41 [DEBUG] Starting new HTTPS connection (1): www.google.com:443
22:06:41 [DEBUG] Starting new HTTPS connection (1): cp.cloudflare.com:443
22:06:41 [DEBUG] Starting new HTTPS connection (1): www.gstatic.com:443
22:06:41 [DEBUG] Starting new HTTPS connection (1): cp.cloudflare.com:443
22:06:42 [DEBUG] Starting new HTTPS connection (1): www.gstatic.com:443
22:06:42 [DEBUG] Starting new HTTPS connection (1): cp.cloudflare.com:443
22:06:42 [DEBUG] Starting new HTTPS connection (1): www.gstatic.com:443
22:06:42 [DEBUG] Starting new HTTPS connection (1): cp.cloudflare.com:443
22:06:42 [DEBUG] Starting new HTTPS connection (1): www.google.com:443
22:06:42 [DEBUG] Starting new HTTPS connection (1): www.google.com:443
22:06:43 [DEBUG] Starting new HTTPS connection (1): www.google.com:443
22:06:43 [DEBUG] Starting new HTTPS connection (1): www.gstatic.com:443
22:06:43 [DEBUG] Starting new HTTPS connection (1): www.gstatic.com:443
22:06:43 [DEBUG] Starting new HTTPS connection (1): www.gstatic.com:443
22:06:44 [DEBUG] Starting new HTTPS connection (1): www.gstatic.com:443
22:06:44 [DEBUG] Starting new HTTPS connection (1): www.google.com:443
22:06:44 [DEBUG] Starting new HTTPS connection (1): cp.cloudflare.com:443
22:06:44 [DEBUG] Starting new HTTPS connection (1): www.gstatic.com:443
22:06:44 [DEBUG] Starting new HTTPS connection (1): www.google.com:443
22:06:44 [DEBUG] Starting new HTTPS connection (1): cp.cloudflare.com:443
22:06:44 [DEBUG] Starting new HTTPS connection (1): www.gstatic.com:443
22:06:44 [DEBUG] Starting new HTTPS connection (1): cp.cloudflare.com:443
22:06:44 [DEBUG] Starting new HTTPS connection (1): cp.cloudflare.com:443
22:06:45 [DEBUG] Starting new HTTPS connection (1): cp.cloudflare.com:443
22:06:45 [DEBUG] Starting new HTTPS connection (1): www.google.com:443
22:06:45 [DEBUG] Starting new HTTPS connection (1): cp.cloudflare.com:443
22:06:45 [DEBUG] Starting new HTTPS connection (1): www.gstatic.com:443
22:06:45 [DEBUG] Starting new HTTPS connection (1): www.google.com:443
22:06:45 [DEBUG] Starting new HTTPS connection (1): cp.cloudflare.com:443
22:06:45 [DEBUG] Starting new HTTPS connection (1): www.gstatic.com:443
22:06:45 [DEBUG] Starting new HTTPS connection (1): www.google.com:443
22:06:45 [DEBUG] Starting new HTTPS connection (1): cp.cloudflare.com:443
22:06:45 [DEBUG] Starting new HTTPS connection (1): www.gstatic.com:443
22:06:45 [DEBUG] Starting new HTTPS connection (1): www.google.com:443
22:06:45 [DEBUG] Starting new HTTPS connection (1): cp.cloudflare.com:443
22:06:45 [DEBUG] Starting new HTTPS connection (1): www.gstatic.com:443
22:06:45 [DEBUG] Starting new HTTPS connection (1): www.google.com:443
22:06:45 [DEBUG] Starting new HTTPS connection (1): cp.cloudflare.com:443
22:06:45 [DEBUG] Starting new HTTPS connection (1): www.gstatic.com:443
22:06:45 [DEBUG] Starting new HTTPS connection (1): www.google.com:443
22:06:45 [DEBUG] Starting new HTTPS connection (1): cp.cloudflare.com:443
22:06:45 [DEBUG] Starting new HTTPS connection (1): www.gstatic.com:443
22:06:46 [DEBUG] Starting new HTTPS connection (1): www.google.com:443
22:06:46 [DEBUG] Starting new HTTPS connection (1): cp.cloudflare.com:443
22:06:46 [DEBUG] Starting new HTTPS connection (1): www.gstatic.com:443
22:06:46 [DEBUG] Starting new HTTPS connection (1): www.google.com:443
22:06:46 [DEBUG] Starting new HTTPS connection (1): cp.cloudflare.com:443
22:06:46 [DEBUG] Starting new HTTPS connection (1): www.gstatic.com:443
22:06:46 [DEBUG] Starting new HTTPS connection (1): www.gstatic.com:443
22:06:46 [DEBUG] Starting new HTTPS connection (1): www.google.com:443
22:06:46 [DEBUG] Starting new HTTPS connection (1): cp.cloudflare.com:443
22:06:46 [DEBUG] Starting new HTTPS connection (1): www.gstatic.com:443
22:06:46 [DEBUG] Starting new HTTPS connection (1): www.google.com:443
22:06:46 [DEBUG] Starting new HTTPS connection (1): cp.cloudflare.com:443
22:06:46 [DEBUG] Starting new HTTPS connection (1): www.gstatic.com:443
22:06:46 [DEBUG] Starting new HTTPS connection (1): www.gstatic.com:443
22:06:46 [DEBUG] Starting new HTTPS connection (1): www.google.com:443
22:06:46 [DEBUG] Starting new HTTPS connection (1): cp.cloudflare.com:443
22:06:47 [DEBUG] Starting new HTTPS connection (1): www.gstatic.com:443
22:06:47 [DEBUG] Starting new HTTPS connection (1): www.google.com:443
22:06:47 [DEBUG] Starting new HTTPS connection (1): cp.cloudflare.com:443
22:06:47 [DEBUG] Starting new HTTPS connection (1): www.gstatic.com:443
22:06:47 [DEBUG] Starting new HTTPS connection (1): www.google.com:443
22:06:47 [DEBUG] Starting new HTTPS connection (1): www.google.com:443
22:06:47 [DEBUG] Starting new HTTPS connection (1): cp.cloudflare.com:443
22:06:47 [DEBUG] Starting new HTTPS connection (1): cp.cloudflare.com:443
22:06:47 [DEBUG] Starting new HTTPS connection (1): www.gstatic.com:443
22:06:47 [DEBUG] Starting new HTTPS connection (1): www.gstatic.com:443
22:06:47 [DEBUG] Starting new HTTPS connection (1): www.google.com:443
22:06:47 [DEBUG] Starting new HTTPS connection (1): cp.cloudflare.com:443
22:06:47 [DEBUG] Starting new HTTPS connection (1): www.gstatic.com:443
22:06:47 [DEBUG] Starting new HTTPS connection (1): www.gstatic.com:443
22:06:47 [DEBUG] Starting new HTTPS connection (1): www.google.com:443
22:06:47 [DEBUG] Starting new HTTPS connection (1): cp.cloudflare.com:443
22:06:47 [DEBUG] Starting new HTTPS connection (1): www.gstatic.com:443
22:06:47 [DEBUG] Starting new HTTPS connection (1): www.gstatic.com:443
22:06:47 [DEBUG] Starting new HTTPS connection (1): www.gstatic.com:443
22:06:47 [DEBUG] Starting new HTTPS connection (1): www.google.com:443
22:06:47 [DEBUG] Starting new HTTPS connection (1): cp.cloudflare.com:443
22:06:47 [DEBUG] Starting new HTTPS connection (1): www.gstatic.com:443
22:06:47 [DEBUG] Starting new HTTPS connection (1): www.google.com:443
22:06:47 [DEBUG] Starting new HTTPS connection (1): cp.cloudflare.com:443
22:06:47 [DEBUG] Starting new HTTPS connection (1): www.gstatic.com:443
22:06:48 [DEBUG] Starting new HTTPS connection (1): www.google.com:443
22:06:48 [DEBUG] Starting new HTTPS connection (1): cp.cloudflare.com:443
22:06:48 [DEBUG] Starting new HTTPS connection (1): www.gstatic.com:443
22:06:48 [DEBUG] Starting new HTTPS connection (1): www.google.com:443
22:06:48 [DEBUG] Starting new HTTPS connection (1): cp.cloudflare.com:443
22:06:48 [DEBUG] Starting new HTTPS connection (1): www.gstatic.com:443
22:06:48 [DEBUG] Starting new HTTPS connection (1): www.google.com:443
22:06:48 [DEBUG] Starting new HTTPS connection (1): cp.cloudflare.com:443
22:06:48 [DEBUG] Starting new HTTPS connection (1): www.gstatic.com:443
22:06:48 [DEBUG] Starting new HTTPS connection (1): www.google.com:443
22:06:48 [DEBUG] Starting new HTTPS connection (1): cp.cloudflare.com:443
22:06:48 [DEBUG] Starting new HTTPS connection (1): www.gstatic.com:443
22:06:48 [DEBUG] Starting new HTTPS connection (1): www.google.com:443
22:06:48 [DEBUG] Starting new HTTPS connection (1): www.google.com:443
22:06:48 [DEBUG] Starting new HTTPS connection (1): cp.cloudflare.com:443
22:06:48 [DEBUG] Starting new HTTPS connection (1): cp.cloudflare.com:443
22:06:48 [DEBUG] Starting new HTTPS connection (1): www.gstatic.com:443
22:06:48 [DEBUG] Starting new HTTPS connection (1): www.gstatic.com:443
22:06:48 [DEBUG] Starting new HTTPS connection (1): www.google.com:443
22:06:48 [DEBUG] Starting new HTTPS connection (1): cp.cloudflare.com:443
22:06:48 [DEBUG] Starting new HTTPS connection (1): www.gstatic.com:443
22:06:48 [DEBUG] Starting new HTTPS connection (1): www.google.com:443
22:06:48 [DEBUG] Starting new HTTPS connection (1): cp.cloudflare.com:443
22:06:48 [DEBUG] Starting new HTTPS connection (1): www.gstatic.com:443
22:06:48 [DEBUG] Starting new HTTPS connection (1): www.google.com:443
22:06:48 [DEBUG] Starting new HTTPS connection (1): cp.cloudflare.com:443
22:06:48 [DEBUG] Starting new HTTPS connection (1): www.gstatic.com:443
22:06:49 [DEBUG] Starting new HTTPS connection (1): www.google.com:443
22:06:49 [DEBUG] Starting new HTTPS connection (1): cp.cloudflare.com:443
22:06:49 [DEBUG] Starting new HTTPS connection (1): www.gstatic.com:443
22:06:49 [DEBUG] Starting new HTTPS connection (1): www.google.com:443
22:06:49 [DEBUG] Starting new HTTPS connection (1): cp.cloudflare.com:443
22:06:49 [DEBUG] Starting new HTTPS connection (1): www.gstatic.com:443
22:06:49 [DEBUG] Starting new HTTPS connection (1): www.google.com:443
22:06:49 [DEBUG] Starting new HTTPS connection (1): cp.cloudflare.com:443
22:06:49 [DEBUG] Starting new HTTPS connection (1): www.gstatic.com:443
22:06:49 [DEBUG] Starting new HTTPS connection (1): www.google.com:443
22:06:49 [DEBUG] Starting new HTTPS connection (1): cp.cloudflare.com:443
22:06:49 [DEBUG] Starting new HTTPS connection (1): www.gstatic.com:443
22:06:49 [DEBUG] Starting new HTTPS connection (1): www.google.com:443
22:06:49 [DEBUG] Starting new HTTPS connection (1): cp.cloudflare.com:443
22:06:49 [DEBUG] Starting new HTTPS connection (1): www.gstatic.com:443
22:06:49 [DEBUG] Starting new HTTPS connection (1): www.google.com:443
22:06:49 [DEBUG] Starting new HTTPS connection (1): www.google.com:443
22:06:49 [DEBUG] Starting new HTTPS connection (1): www.google.com:443
22:06:49 [DEBUG] Starting new HTTPS connection (1): www.google.com:443
22:06:49 [DEBUG] Starting new HTTPS connection (1): www.google.com:443
22:06:50 [DEBUG] Starting new HTTPS connection (1): www.google.com:443
22:06:50 [DEBUG] Starting new HTTPS connection (1): www.google.com:443
22:06:50 [DEBUG] Starting new HTTPS connection (1): www.google.com:443
22:06:50 [DEBUG] Starting new HTTPS connection (1): cp.cloudflare.com:443
22:06:50 [DEBUG] Starting new HTTPS connection (1): www.gstatic.com:443
22:06:50 [DEBUG] Starting new HTTPS connection (1): www.google.com:443
22:06:50 [DEBUG] Starting new HTTPS connection (1): www.google.com:443
22:06:50 [DEBUG] Starting new HTTPS connection (1): www.google.com:443
22:06:50 [DEBUG] Starting new HTTPS connection (1): cp.cloudflare.com:443
22:06:50 [DEBUG] Starting new HTTPS connection (1): www.gstatic.com:443
22:06:50 [DEBUG] Starting new HTTPS connection (1): www.google.com:443
22:06:50 [DEBUG] Starting new HTTPS connection (1): cp.cloudflare.com:443
22:06:50 [DEBUG] Starting new HTTPS connection (1): www.gstatic.com:443
22:06:50 [DEBUG] Starting new HTTPS connection (1): www.google.com:443
22:06:51 [DEBUG] Starting new HTTPS connection (1): cp.cloudflare.com:443
22:06:51 [DEBUG] Starting new HTTPS connection (1): cp.cloudflare.com:443
22:06:51 [DEBUG] Starting new HTTPS connection (1): cp.cloudflare.com:443
22:06:51 [DEBUG] Starting new HTTPS connection (1): www.google.com:443
22:06:51 [DEBUG] Starting new HTTPS connection (1): cp.cloudflare.com:443
22:06:51 [DEBUG] Starting new HTTPS connection (1): www.gstatic.com:443
22:06:51 [DEBUG] Starting new HTTPS connection (1): cp.cloudflare.com:443
22:06:51 [DEBUG] Starting new HTTPS connection (1): www.google.com:443
22:06:51 [DEBUG] Starting new HTTPS connection (1): www.google.com:443
22:06:52 [DEBUG] Starting new HTTPS connection (1): cp.cloudflare.com:443
22:06:52 [DEBUG] Starting new HTTPS connection (1): cp.cloudflare.com:443
22:06:52 [DEBUG] Starting new HTTPS connection (1): cp.cloudflare.com:443
22:06:52 [DEBUG] Starting new HTTPS connection (1): cp.cloudflare.com:443
22:06:52 [DEBUG] Starting new HTTPS connection (1): cp.cloudflare.com:443
22:06:52 [DEBUG] Starting new HTTPS connection (1): www.google.com:443
22:06:52 [DEBUG] Starting new HTTPS connection (1): cp.cloudflare.com:443
22:06:52 [DEBUG] Starting new HTTPS connection (1): www.gstatic.com:443
22:06:53 [DEBUG] Starting new HTTPS connection (1): www.gstatic.com:443
22:06:53 [DEBUG] Starting new HTTPS connection (1): www.gstatic.com:443
22:06:53 [DEBUG] Starting new HTTPS connection (1): www.gstatic.com:443
22:06:53 [DEBUG] Starting new HTTPS connection (1): www.google.com:443
22:06:53 [DEBUG] Starting new HTTPS connection (1): www.google.com:443
22:06:53 [DEBUG] Starting new HTTPS connection (1): cp.cloudflare.com:443
22:06:53 [DEBUG] Starting new HTTPS connection (1): www.gstatic.com:443
22:06:53 [DEBUG] Starting new HTTPS connection (1): cp.cloudflare.com:443
22:06:54 [DEBUG] Starting new HTTPS connection (1): www.gstatic.com:443
22:06:54 [DEBUG] Starting new HTTPS connection (1): www.google.com:443
22:06:54 [DEBUG] https://www.google.com:443 "GET /generate_204 HTTP/1.1" 204 0
22:06:54 [DEBUG] Starting new HTTPS connection (1): cp.cloudflare.com:443
22:06:54 [DEBUG] Starting new HTTPS connection (1): www.gstatic.com:443
22:06:54 [DEBUG] Starting new HTTPS connection (1): www.gstatic.com:443
22:06:54 [DEBUG] Starting new HTTPS connection (1): www.gstatic.com:443
22:06:54 [DEBUG] Starting new HTTPS connection (1): www.gstatic.com:443
22:06:55 [DEBUG] Starting new HTTPS connection (1): cp.cloudflare.com:443
22:06:55 [DEBUG] https://cp.cloudflare.com:443 "GET / HTTP/1.1" 204 0
22:06:55 [DEBUG] Starting new HTTPS connection (1): www.gstatic.com:443
22:06:55 [DEBUG] https://www.gstatic.com:443 "GET /generate_204 HTTP/1.1" 204 0
22:06:55 [DEBUG] Starting new HTTPS connection (1): dl.google.com:443
22:06:55 [DEBUG] Starting new HTTPS connection (1): cp.cloudflare.com:443
22:06:55 [DEBUG] Starting new HTTPS connection (1): cp.cloudflare.com:443
22:06:55 [DEBUG] https://dl.google.com:443 "GET /dl/android/studio/install/3.4.1.0/android-studio-ide-183.5522156-windows.exe HTTP/1.1" 200 1017327996
22:06:55 [DEBUG] Starting new HTTPS connection (1): www.gstatic.com:443
22:06:55 [DEBUG] Starting new HTTPS connection (1): www.gstatic.com:443
22:06:56 [INFO]    🎯 5.10.247.238 (Нидерланды) - 42.7 Mbps, 472ms, UDP✅ 
22:06:56 [DEBUG] Starting new HTTPS connection (1): www.google.com:443
22:06:56 [DEBUG] Starting new HTTPS connection (1): cp.cloudflare.com:443
22:06:56 [DEBUG] Starting new HTTPS connection (1): www.gstatic.com:443
22:06:56 [DEBUG] Starting new HTTPS connection (1): www.google.com:443
22:06:56 [DEBUG] Starting new HTTPS connection (1): cp.cloudflare.com:443
22:06:56 [DEBUG] Starting new HTTPS connection (1): www.gstatic.com:443
22:06:56 [DEBUG] Starting new HTTPS connection (1): www.google.com:443
22:06:56 [DEBUG] Starting new HTTPS connection (1): cp.cloudflare.com:443
22:06:56 [DEBUG] Starting new HTTPS connection (1): www.gstatic.com:443
22:06:57 [DEBUG] Starting new HTTPS connection (1): www.google.com:443
22:06:57 [DEBUG] Starting new HTTPS connection (1): www.google.com:443
22:06:57 [DEBUG] Starting new HTTPS connection (1): www.google.com:443
22:06:57 [DEBUG] Starting new HTTPS connection (1): cp.cloudflare.com:443
22:06:57 [DEBUG] Starting new HTTPS connection (1): www.gstatic.com:443
22:06:57 [DEBUG] Starting new HTTPS connection (1): www.google.com:443
22:06:57 [DEBUG] Starting new HTTPS connection (1): www.gstatic.com:443
22:06:57 [DEBUG] Starting new HTTPS connection (1): www.gstatic.com:443
22:06:57 [DEBUG] Starting new HTTPS connection (1): www.google.com:443
22:06:57 [DEBUG] Starting new HTTPS connection (1): www.google.com:443
22:06:58 [DEBUG] Starting new HTTPS connection (1): www.google.com:443
22:06:58 [DEBUG] Starting new HTTPS connection (1): cp.cloudflare.com:443
22:06:58 [DEBUG] Starting new HTTPS connection (1): www.gstatic.com:443
22:06:58 [DEBUG] Starting new HTTPS connection (1): www.google.com:443
22:06:58 [DEBUG] Starting new HTTPS connection (1): www.google.com:443
22:06:58 [DEBUG] Starting new HTTPS connection (1): www.google.com:443
22:06:58 [DEBUG] Starting new HTTPS connection (1): cp.cloudflare.com:443
22:06:58 [DEBUG] Starting new HTTPS connection (1): www.gstatic.com:443
22:06:58 [DEBUG] Starting new HTTPS connection (1): cp.cloudflare.com:443
22:06:58 [DEBUG] Starting new HTTPS connection (1): www.gstatic.com:443
22:06:58 [DEBUG] Starting new HTTPS connection (1): www.google.com:443
22:06:58 [DEBUG] Starting new HTTPS connection (1): cp.cloudflare.com:443
22:06:58 [DEBUG] Starting new HTTPS connection (1): www.gstatic.com:443
22:06:59 [DEBUG] Starting new HTTPS connection (1): www.google.com:443
22:06:59 [DEBUG] Starting new HTTPS connection (1): cp.cloudflare.com:443
22:06:59 [DEBUG] Starting new HTTPS connection (1): www.google.com:443
22:06:59 [DEBUG] Starting new HTTPS connection (1): www.gstatic.com:443
22:06:59 [DEBUG] Starting new HTTPS connection (1): cp.cloudflare.com:443
22:06:59 [DEBUG] Starting new HTTPS connection (1): www.gstatic.com:443
22:06:59 [DEBUG] Starting new HTTPS connection (1): cp.cloudflare.com:443
22:06:59 [DEBUG] Starting new HTTPS connection (1): www.google.com:443
22:06:59 [DEBUG] Starting new HTTPS connection (1): www.google.com:443
22:06:59 [DEBUG] Starting new HTTPS connection (1): cp.cloudflare.com:443
22:06:59 [DEBUG] Starting new HTTPS connection (1): www.google.com:443
22:06:59 [DEBUG] https://www.google.com:443 "GET /generate_204 HTTP/1.1" 204 0
22:06:59 [DEBUG] Starting new HTTPS connection (1): cp.cloudflare.com:443
22:06:59 [DEBUG] Starting new HTTPS connection (1): cp.cloudflare.com:443
22:06:59 [DEBUG] https://cp.cloudflare.com:443 "GET / HTTP/1.1" 204 0
22:06:59 [DEBUG] Starting new HTTPS connection (1): www.gstatic.com:443
22:06:59 [DEBUG] Starting new HTTPS connection (1): www.google.com:443
22:06:59 [DEBUG] Starting new HTTPS connection (1): cp.cloudflare.com:443
22:06:59 [DEBUG] https://www.gstatic.com:443 "GET /generate_204 HTTP/1.1" 204 0
22:06:59 [DEBUG] Starting new HTTPS connection (1): www.gstatic.com:443
22:07:00 [DEBUG] Starting new HTTPS connection (1): dl.google.com:443
22:07:00 [DEBUG] https://dl.google.com:443 "GET /dl/android/studio/install/3.4.1.0/android-studio-ide-183.5522156-windows.exe HTTP/1.1" 200 1017327996
22:07:00 [DEBUG] Starting new HTTPS connection (1): www.gstatic.com:443
22:07:00 [DEBUG] Starting new HTTPS connection (1): cp.cloudflare.com:443
22:07:00 [INFO]    🎯 5.255.114.61 (Нидерланды) - 48.3 Mbps, 124ms, UDP✅ 
22:07:00 [DEBUG] Starting new HTTPS connection (1): www.google.com:443
22:07:00 [DEBUG] Starting new HTTPS connection (1): www.google.com:443
22:07:00 [DEBUG] Starting new HTTPS connection (1): cp.cloudflare.com:443
22:07:00 [DEBUG] Starting new HTTPS connection (1): cp.cloudflare.com:443
22:07:00 [DEBUG] Starting new HTTPS connection (1): www.gstatic.com:443
22:07:00 [DEBUG] Starting new HTTPS connection (1): www.gstatic.com:443
22:07:01 [DEBUG] Starting new HTTPS connection (1): www.google.com:443
22:07:01 [DEBUG] Starting new HTTPS connection (1): www.google.com:443
22:07:01 [DEBUG] Starting new HTTPS connection (1): cp.cloudflare.com:443
22:07:01 [DEBUG] Starting new HTTPS connection (1): www.gstatic.com:443
22:07:01 [DEBUG] Starting new HTTPS connection (1): www.google.com:443
22:07:01 [DEBUG] https://www.google.com:443 "GET /generate_204 HTTP/1.1" 204 0
22:07:01 [DEBUG] Starting new HTTPS connection (1): cp.cloudflare.com:443
22:07:01 [DEBUG] Starting new HTTPS connection (1): www.gstatic.com:443
22:07:01 [DEBUG] Starting new HTTPS connection (1): cp.cloudflare.com:443
22:07:01 [DEBUG] Starting new HTTPS connection (1): cp.cloudflare.com:443
22:07:01 [DEBUG] Starting new HTTPS connection (1): www.google.com:443
22:07:01 [DEBUG] Starting new HTTPS connection (1): www.gstatic.com:443
22:07:01 [DEBUG] Starting new HTTPS connection (1): cp.cloudflare.com:443
22:07:01 [DEBUG] Starting new HTTPS connection (1): www.google.com:443
22:07:01 [DEBUG] Starting new HTTPS connection (1): www.google.com:443
22:07:01 [DEBUG] Starting new HTTPS connection (1): cp.cloudflare.com:443
22:07:01 [DEBUG] Starting new HTTPS connection (1): www.gstatic.com:443
22:07:01 [DEBUG] Starting new HTTPS connection (1): www.gstatic.com:443
22:07:01 [DEBUG] https://www.google.com:443 "GET /generate_204 HTTP/1.1" 204 0
22:07:01 [DEBUG] Starting new HTTPS connection (1): cp.cloudflare.com:443
22:07:02 [DEBUG] https://www.google.com:443 "GET /generate_204 HTTP/1.1" 204 0
22:07:02 [DEBUG] Starting new HTTPS connection (1): cp.cloudflare.com:443
22:07:02 [DEBUG] Starting new HTTPS connection (1): www.gstatic.com:443
22:07:02 [DEBUG] Starting new HTTPS connection (1): www.google.com:443
22:07:02 [DEBUG] https://cp.cloudflare.com:443 "GET / HTTP/1.1" 400 308
22:07:02 [DEBUG] Starting new HTTPS connection (1): www.gstatic.com:443
22:07:02 [DEBUG] Starting new HTTPS connection (1): cp.cloudflare.com:443
22:07:03 [DEBUG] Starting new HTTPS connection (1): www.google.com:443
22:07:03 [DEBUG] https://www.gstatic.com:443 "GET /generate_204 HTTP/1.1" 204 0
22:07:03 [DEBUG] Starting new HTTPS connection (1): cp.cloudflare.com:443
22:07:03 [DEBUG] Starting new HTTPS connection (1): dl.google.com:443
22:07:03 [DEBUG] Starting new HTTPS connection (1): www.gstatic.com:443
22:07:03 [DEBUG] Starting new HTTPS connection (1): cp.cloudflare.com:443
22:07:03 [DEBUG] https://dl.google.com:443 "GET /dl/android/studio/install/3.4.1.0/android-studio-ide-183.5522156-windows.exe HTTP/1.1" 200 1017327996
22:07:03 [INFO]    🎯 109.176.207.168 (Нидерланды) - 41.4 Mbps, 161ms, UDP✅ 
22:07:03 [DEBUG] Starting new HTTPS connection (1): www.gstatic.com:443
22:07:03 [DEBUG] Starting new HTTPS connection (1): www.gstatic.com:443
22:07:04 [DEBUG] Starting new HTTPS connection (1): www.gstatic.com:443
22:07:04 [DEBUG] Starting new HTTPS connection (1): www.google.com:443
22:07:04 [DEBUG] Starting new HTTPS connection (1): cp.cloudflare.com:443
22:07:04 [DEBUG] Starting new HTTPS connection (1): www.gstatic.com:443
22:07:04 [DEBUG] Starting new HTTPS connection (1): www.google.com:443
22:07:04 [DEBUG] Starting new HTTPS connection (1): www.google.com:443
22:07:04 [DEBUG] Starting new HTTPS connection (1): cp.cloudflare.com:443
22:07:05 [DEBUG] Starting new HTTPS connection (1): www.google.com:443
22:07:05 [DEBUG] Starting new HTTPS connection (1): cp.cloudflare.com:443
22:07:05 [DEBUG] Starting new HTTPS connection (1): www.google.com:443
22:07:05 [DEBUG] https://cp.cloudflare.com:443 "GET / HTTP/1.1" 204 0
22:07:05 [DEBUG] Starting new HTTPS connection (1): www.gstatic.com:443
22:07:05 [DEBUG] Starting new HTTPS connection (1): www.gstatic.com:443
22:07:05 [DEBUG] https://cp.cloudflare.com:443 "GET / HTTP/1.1" 204 0
22:07:05 [DEBUG] Starting new HTTPS connection (1): www.gstatic.com:443
22:07:05 [DEBUG] https://www.gstatic.com:443 "GET /generate_204 HTTP/1.1" 204 0
22:07:05 [DEBUG] Starting new HTTPS connection (1): www.google.com:443
22:07:05 [DEBUG] Starting new HTTPS connection (1): dl.google.com:443
22:07:05 [DEBUG] https://cp.cloudflare.com:443 "GET / HTTP/1.1" 204 0
22:07:05 [DEBUG] Starting new HTTPS connection (1): www.gstatic.com:443
22:07:05 [DEBUG] Starting new HTTPS connection (1): www.google.com:443
22:07:05 [DEBUG] https://dl.google.com:443 "GET /dl/android/studio/install/3.4.1.0/android-studio-ide-183.5522156-windows.exe HTTP/1.1" 200 1017327996
22:07:06 [DEBUG] https://cp.cloudflare.com:443 "GET / HTTP/1.1" 204 0
22:07:06 [DEBUG] Starting new HTTPS connection (1): www.gstatic.com:443
22:07:06 [INFO]    🎯 45.149.235.119 (Нидерланды) - 51.3 Mbps, 1309ms, UDP✅ 
22:07:06 [DEBUG] https://www.gstatic.com:443 "GET /generate_204 HTTP/1.1" 204 0
22:07:06 [DEBUG] Starting new HTTPS connection (1): www.google.com:443
22:07:06 [DEBUG] https://www.google.com:443 "GET /generate_204 HTTP/1.1" 204 0
22:07:06 [DEBUG] Starting new HTTPS connection (1): cp.cloudflare.com:443
22:07:06 [DEBUG] Starting new HTTPS connection (1): www.google.com:443
22:07:06 [DEBUG] Starting new HTTPS connection (1): cp.cloudflare.com:443
22:07:07 [DEBUG] Starting new HTTPS connection (1): www.gstatic.com:443
22:07:07 [DEBUG] Starting new HTTPS connection (1): cp.cloudflare.com:443
22:07:07 [DEBUG] https://www.gstatic.com:443 "GET /generate_204 HTTP/1.1" 204 0
22:07:07 [DEBUG] Starting new HTTPS connection (1): www.google.com:443
22:07:07 [DEBUG] https://cp.cloudflare.com:443 "GET / HTTP/1.1" 204 0
22:07:07 [DEBUG] Starting new HTTPS connection (1): www.gstatic.com:443
22:07:07 [DEBUG] Starting new HTTPS connection (1): www.google.com:443
22:07:07 [DEBUG] Starting new HTTPS connection (1): dl.google.com:443
22:07:07 [DEBUG] https://www.gstatic.com:443 "GET /generate_204 HTTP/1.1" 204 0
22:07:07 [DEBUG] https://www.google.com:443 "GET /generate_204 HTTP/1.1" 204 0
22:07:07 [DEBUG] Starting new HTTPS connection (1): cp.cloudflare.com:443
22:07:07 [DEBUG] https://cp.cloudflare.com:443 "GET / HTTP/1.1" 204 0
22:07:07 [DEBUG] Starting new HTTPS connection (1): www.gstatic.com:443
22:07:07 [DEBUG] Starting new HTTPS connection (1): dl.google.com:443
22:07:07 [DEBUG] https://www.gstatic.com:443 "GET /generate_204 HTTP/1.1" 204 0
22:07:07 [DEBUG] Starting new HTTPS connection (1): dl.google.com:443
22:07:07 [DEBUG] Starting new HTTPS connection (1): cp.cloudflare.com:443
22:07:07 [DEBUG] https://dl.google.com:443 "GET /dl/android/studio/install/3.4.1.0/android-studio-ide-183.5522156-windows.exe HTTP/1.1" 200 1017327996
22:07:07 [DEBUG] Starting new HTTPS connection (1): cp.cloudflare.com:443
22:07:08 [DEBUG] https://dl.google.com:443 "GET /dl/android/studio/install/3.4.1.0/android-studio-ide-183.5522156-windows.exe HTTP/1.1" 200 1017327996
22:07:08 [DEBUG] https://dl.google.com:443 "GET /dl/android/studio/install/3.4.1.0/android-studio-ide-183.5522156-windows.exe HTTP/1.1" 200 1017327996
22:07:08 [INFO]    🎯 206.238.237.211 (Сингапур) - 58.2 Mbps, 102ms, UDP✅ 
22:07:08 [INFO]    🎯 80.211.200.113 (Чехия) - 20.1 Mbps, 331ms, UDP✅ 
22:07:08 [INFO]    🎯 8.6.112.0 (None) - 21.7 Mbps, 373ms, UDP✅ 
22:07:08 [DEBUG] Starting new HTTPS connection (1): www.google.com:443
22:07:09 [DEBUG] Starting new HTTPS connection (1): www.google.com:443
22:07:09 [DEBUG] Starting new HTTPS connection (1): cp.cloudflare.com:443
22:07:09 [DEBUG] Starting new HTTPS connection (1): dl.google.com:443
22:07:09 [DEBUG] Starting new HTTPS connection (1): www.gstatic.com:443
22:07:09 [DEBUG] Starting new HTTPS connection (1): www.gstatic.com:443
22:07:09 [DEBUG] Starting new HTTPS connection (1): www.google.com:443
22:07:09 [DEBUG] Starting new HTTPS connection (1): cp.cloudflare.com:443
22:07:09 [DEBUG] https://www.google.com:443 "GET /generate_204 HTTP/1.1" 204 0
22:07:09 [DEBUG] Starting new HTTPS connection (1): cp.cloudflare.com:443
22:07:09 [DEBUG] Starting new HTTPS connection (1): www.google.com:443
22:07:09 [DEBUG] Starting new HTTPS connection (1): www.google.com:443
22:07:09 [DEBUG] https://www.google.com:443 "GET /generate_204 HTTP/1.1" 204 0
22:07:09 [DEBUG] Starting new HTTPS connection (1): cp.cloudflare.com:443
22:07:09 [DEBUG] https://www.google.com:443 "GET /generate_204 HTTP/1.1" 204 0
22:07:09 [DEBUG] Starting new HTTPS connection (1): cp.cloudflare.com:443
22:07:09 [DEBUG] Starting new HTTPS connection (1): www.google.com:443
22:07:09 [DEBUG] https://www.google.com:443 "GET /generate_204 HTTP/1.1" 204 0
22:07:09 [DEBUG] Starting new HTTPS connection (1): cp.cloudflare.com:443
22:07:09 [DEBUG] https://www.google.com:443 "GET /generate_204 HTTP/1.1" 204 0
22:07:09 [DEBUG] Starting new HTTPS connection (1): cp.cloudflare.com:443
22:07:10 [DEBUG] Starting new HTTPS connection (1): www.gstatic.com:443
22:07:10 [DEBUG] https://cp.cloudflare.com:443 "GET / HTTP/1.1" 204 0
22:07:10 [DEBUG] Starting new HTTPS connection (1): www.gstatic.com:443
22:07:10 [DEBUG] https://www.gstatic.com:443 "GET /generate_204 HTTP/1.1" 204 0
22:07:10 [DEBUG] Starting new HTTPS connection (1): dl.google.com:443
22:07:10 [DEBUG] Starting new HTTPS connection (1): cp.cloudflare.com:443
22:07:10 [DEBUG] https://dl.google.com:443 "GET /dl/android/studio/install/3.4.1.0/android-studio-ide-183.5522156-windows.exe HTTP/1.1" 404 1449
22:07:10 [INFO]    🎯 162.159.7.198 (None) - 0.0 Mbps, 1643ms, UDP✅ 
22:07:11 [DEBUG] Starting new HTTPS connection (1): www.gstatic.com:443
22:07:11 [DEBUG] Starting new HTTPS connection (1): cp.cloudflare.com:443
22:07:11 [DEBUG] Starting new HTTPS connection (1): www.gstatic.com:443
22:07:11 [DEBUG] Starting new HTTPS connection (1): www.google.com:443
22:07:11 [DEBUG] Starting new HTTPS connection (1): www.gstatic.com:443
22:07:11 [DEBUG] https://www.google.com:443 "GET /generate_204 HTTP/1.1" 204 0
22:07:11 [DEBUG] Starting new HTTPS connection (1): cp.cloudflare.com:443
22:07:12 [DEBUG] Starting new HTTPS connection (1): www.google.com:443
22:07:12 [DEBUG] Starting new HTTPS connection (1): cp.cloudflare.com:443
22:07:12 [DEBUG] Starting new HTTPS connection (1): www.gstatic.com:443
22:07:12 [DEBUG] https://cp.cloudflare.com:443 "GET / HTTP/1.1" 204 0
22:07:12 [DEBUG] Starting new HTTPS connection (1): www.gstatic.com:443
22:07:12 [DEBUG] https://www.gstatic.com:443 "GET /generate_204 HTTP/1.1" 204 0
22:07:12 [DEBUG] Starting new HTTPS connection (1): dl.google.com:443
22:07:12 [DEBUG] Starting new HTTPS connection (1): www.google.com:443
22:07:12 [DEBUG] https://dl.google.com:443 "GET /dl/android/studio/install/3.4.1.0/android-studio-ide-183.5522156-windows.exe HTTP/1.1" 200 1017327996
22:07:12 [DEBUG] https://www.google.com:443 "GET /generate_204 HTTP/1.1" 204 0
22:07:12 [DEBUG] Starting new HTTPS connection (1): cp.cloudflare.com:443
22:07:12 [DEBUG] Starting new HTTPS connection (1): www.google.com:443
22:07:12 [INFO]    🎯 156.255.123.138 (Гонконг) - 42.5 Mbps, 1006ms, UDP✅ 
22:07:12 [DEBUG] Starting new HTTPS connection (1): www.gstatic.com:443
22:07:13 [DEBUG] Starting new HTTPS connection (1): www.gstatic.com:443
22:07:13 [DEBUG] Starting new HTTPS connection (1): www.google.com:443
22:07:13 [DEBUG] Starting new HTTPS connection (1): www.google.com:443
22:07:13 [DEBUG] https://cp.cloudflare.com:443 "GET / HTTP/1.1" 204 0
22:07:13 [DEBUG] Starting new HTTPS connection (1): www.gstatic.com:443
22:07:13 [DEBUG] https://www.gstatic.com:443 "GET /generate_204 HTTP/1.1" 204 0
22:07:13 [DEBUG] Starting new HTTPS connection (1): dl.google.com:443
22:07:13 [DEBUG] Starting new HTTPS connection (1): www.google.com:443
22:07:14 [DEBUG] https://dl.google.com:443 "GET /dl/android/studio/install/3.4.1.0/android-studio-ide-183.5522156-windows.exe HTTP/1.1" 200 1017327996
22:07:14 [INFO]    🎯 25.25.25.238 (Великобритания) - 68.8 Mbps, 827ms, UDP✅ 
22:07:14 [DEBUG] Starting new HTTPS connection (1): www.google.com:443
22:07:14 [DEBUG] Starting new HTTPS connection (1): www.google.com:443
22:07:14 [DEBUG] Starting new HTTPS connection (1): cp.cloudflare.com:443
22:07:14 [DEBUG] Starting new HTTPS connection (1): www.gstatic.com:443
22:07:14 [DEBUG] Starting new HTTPS connection (1): cp.cloudflare.com:443
22:07:14 [DEBUG] Starting new HTTPS connection (1): www.gstatic.com:443
22:07:14 [DEBUG] https://www.gstatic.com:443 "GET /generate_204 HTTP/1.1" 204 0
22:07:14 [DEBUG] Starting new HTTPS connection (1): dl.google.com:443
22:07:14 [DEBUG] Starting new HTTPS connection (1): www.gstatic.com:443
22:07:14 [DEBUG] https://www.gstatic.com:443 "GET /generate_204 HTTP/1.1" 204 0
22:07:14 [DEBUG] Starting new HTTPS connection (1): dl.google.com:443
22:07:14 [DEBUG] https://dl.google.com:443 "GET /dl/android/studio/install/3.4.1.0/android-studio-ide-183.5522156-windows.exe HTTP/1.1" 200 1017327996
22:07:15 [INFO]    🎯 25.129.199.238 (Великобритания) - 97.0 Mbps, 74ms, UDP✅ 
22:07:15 [DEBUG] https://www.google.com:443 "GET /generate_204 HTTP/1.1" 204 0
22:07:15 [DEBUG] Starting new HTTPS connection (1): cp.cloudflare.com:443
22:07:15 [DEBUG] https://dl.google.com:443 "GET /dl/android/studio/install/3.4.1.0/android-studio-ide-183.5522156-windows.exe HTTP/1.1" 200 1017327996
22:07:15 [INFO]    🎯 92.53.191.238 (SI) - 59.5 Mbps, 76ms, UDP✅ 
22:07:15 [DEBUG] Starting new HTTPS connection (1): www.google.com:443
22:07:15 [DEBUG] Starting new HTTPS connection (1): www.google.com:443
22:07:15 [DEBUG] Starting new HTTPS connection (1): cp.cloudflare.com:443
22:07:15 [DEBUG] Starting new HTTPS connection (1): cp.cloudflare.com:443
22:07:15 [DEBUG] https://cp.cloudflare.com:443 "GET / HTTP/1.1" 204 0
22:07:15 [DEBUG] Starting new HTTPS connection (1): www.gstatic.com:443
22:07:15 [DEBUG] Starting new HTTPS connection (1): www.google.com:443
22:07:16 [DEBUG] Starting new HTTPS connection (1): cp.cloudflare.com:443
22:07:16 [DEBUG] Starting new HTTPS connection (1): www.gstatic.com:443
22:07:16 [DEBUG] Starting new HTTPS connection (1): www.google.com:443
22:07:16 [DEBUG] Starting new HTTPS connection (1): www.google.com:443
22:07:16 [DEBUG] Starting new HTTPS connection (1): www.google.com:443
22:07:16 [DEBUG] Starting new HTTPS connection (1): www.google.com:443
22:07:16 [DEBUG] Starting new HTTPS connection (1): cp.cloudflare.com:443
22:07:16 [DEBUG] https://www.google.com:443 "GET /generate_204 HTTP/1.1" 204 0
22:07:16 [DEBUG] Starting new HTTPS connection (1): cp.cloudflare.com:443
22:07:16 [DEBUG] Starting new HTTPS connection (1): www.gstatic.com:443
22:07:16 [DEBUG] https://www.gstatic.com:443 "GET /generate_204 HTTP/1.1" 204 0
22:07:16 [DEBUG] Starting new HTTPS connection (1): cp.cloudflare.com:443
22:07:16 [DEBUG] Starting new HTTPS connection (1): dl.google.com:443
22:07:16 [DEBUG] Starting new HTTPS connection (1): www.gstatic.com:443
22:07:17 [DEBUG] https://cp.cloudflare.com:443 "GET / HTTP/1.1" 204 0
22:07:17 [DEBUG] Starting new HTTPS connection (1): www.gstatic.com:443
22:07:17 [DEBUG] Starting new HTTPS connection (1): www.google.com:443
22:07:17 [INFO]    🎯 212.193.4.53 (Чехия) - 0.0 Mbps, 1602ms, UDP❌ 
22:07:17 [DEBUG] https://cp.cloudflare.com:443 "GET / HTTP/1.1" 204 0
22:07:17 [DEBUG] Starting new HTTPS connection (1): www.gstatic.com:443
22:07:17 [DEBUG] https://www.gstatic.com:443 "GET /generate_204 HTTP/1.1" 204 0
22:07:17 [DEBUG] Starting new HTTPS connection (1): cp.cloudflare.com:443
22:07:17 [DEBUG] Starting new HTTPS connection (1): dl.google.com:443
22:07:17 [DEBUG] https://dl.google.com:443 "GET /dl/android/studio/install/3.4.1.0/android-studio-ide-183.5522156-windows.exe HTTP/1.1" 200 1017327996
22:07:17 [DEBUG] Starting new HTTPS connection (1): www.gstatic.com:443
22:07:17 [DEBUG] https://www.gstatic.com:443 "GET /generate_204 HTTP/1.1" 204 0
22:07:17 [DEBUG] https://dl.google.com:443 "GET /dl/android/studio/install/3.4.1.0/android-studio-ide-183.5522156-windows.exe HTTP/1.1" 200 1017327996
22:07:17 [DEBUG] Starting new HTTPS connection (1): www.gstatic.com:443
22:07:17 [DEBUG] Starting new HTTPS connection (1): dl.google.com:443
22:07:17 [INFO]    🎯 45.12.30.238 (Румыния) - 70.0 Mbps, 2615ms, UDP✅ 
22:07:17 [DEBUG] Starting new HTTPS connection (1): www.google.com:443
22:07:17 [DEBUG] https://www.gstatic.com:443 "GET /generate_204 HTTP/1.1" 204 0
22:07:17 [DEBUG] https://www.google.com:443 "GET /generate_204 HTTP/1.1" 204 0
22:07:17 [DEBUG] Starting new HTTPS connection (1): cp.cloudflare.com:443
22:07:17 [DEBUG] https://dl.google.com:443 "GET /dl/android/studio/install/3.4.1.0/android-studio-ide-183.5522156-windows.exe HTTP/1.1" 200 1017327996
22:07:17 [DEBUG] Starting new HTTPS connection (1): www.gstatic.com:443
22:07:17 [DEBUG] https://cp.cloudflare.com:443 "GET / HTTP/1.1" 204 0
22:07:17 [DEBUG] Starting new HTTPS connection (1): www.gstatic.com:443
22:07:18 [DEBUG] https://www.gstatic.com:443 "GET /generate_204 HTTP/1.1" 204 0
22:07:18 [INFO]    🎯 94.140.0.1 (AE) - 40.3 Mbps, 65ms, UDP✅ 
22:07:18 [DEBUG] Starting new HTTPS connection (1): dl.google.com:443
22:07:18 [DEBUG] Starting new HTTPS connection (1): dl.google.com:443
22:07:18 [DEBUG] Starting new HTTPS connection (1): cp.cloudflare.com:443
22:07:18 [DEBUG] https://dl.google.com:443 "GET /dl/android/studio/install/3.4.1.0/android-studio-ide-183.5522156-windows.exe HTTP/1.1" 404 1449
22:07:18 [INFO]    🎯 104.17.162.123 (None) - 0.0 Mbps, 96ms, UDP✅ 
22:07:18 [DEBUG] Starting new HTTPS connection (1): cp.cloudflare.com:443
22:07:18 [DEBUG] Starting new HTTPS connection (1): www.google.com:443
22:07:18 [INFO]    🎯 104.18.32.47 (None) - 8.8 Mbps, 863ms, UDP✅ 
22:07:18 [DEBUG] Starting new HTTPS connection (1): www.gstatic.com:443
22:07:18 [DEBUG] Starting new HTTPS connection (1): www.google.com:443
22:07:18 [DEBUG] Starting new HTTPS connection (1): cp.cloudflare.com:443
22:07:18 [DEBUG] Starting new HTTPS connection (1): www.gstatic.com:443
22:07:19 [DEBUG] Starting new HTTPS connection (1): www.google.com:443
22:07:19 [DEBUG] Starting new HTTPS connection (1): cp.cloudflare.com:443
22:07:19 [DEBUG] Starting new HTTPS connection (1): www.gstatic.com:443
22:07:19 [DEBUG] Starting new HTTPS connection (1): www.google.com:443
22:07:19 [DEBUG] Starting new HTTPS connection (1): cp.cloudflare.com:443
22:07:19 [DEBUG] Starting new HTTPS connection (1): www.gstatic.com:443
22:07:19 [DEBUG] Starting new HTTPS connection (1): www.google.com:443
22:07:19 [DEBUG] Starting new HTTPS connection (1): cp.cloudflare.com:443
22:07:19 [DEBUG] Starting new HTTPS connection (1): www.gstatic.com:443
22:07:20 [DEBUG] Starting new HTTPS connection (1): www.google.com:443
22:07:20 [DEBUG] https://dl.google.com:443 "GET /dl/android/studio/install/3.4.1.0/android-studio-ide-183.5522156-windows.exe HTTP/1.1" 200 1017327996
22:07:20 [DEBUG] Starting new HTTPS connection (1): cp.cloudflare.com:443
22:07:20 [DEBUG] Starting new HTTPS connection (1): www.google.com:443
22:07:20 [DEBUG] Starting new HTTPS connection (1): www.gstatic.com:443
22:07:20 [DEBUG] Starting new HTTPS connection (1): cp.cloudflare.com:443
22:07:20 [DEBUG] Starting new HTTPS connection (1): www.gstatic.com:443
22:07:20 [DEBUG] https://www.google.com:443 "GET /generate_204 HTTP/1.1" 204 0
22:07:20 [DEBUG] Starting new HTTPS connection (1): cp.cloudflare.com:443
22:07:20 [DEBUG] Starting new HTTPS connection (1): www.gstatic.com:443
22:07:20 [DEBUG] Starting new HTTPS connection (1): www.gstatic.com:443
22:07:20 [DEBUG] Starting new HTTPS connection (1): cp.cloudflare.com:443
22:07:20 [DEBUG] Starting new HTTPS connection (1): www.google.com:443
22:07:20 [DEBUG] Starting new HTTPS connection (1): cp.cloudflare.com:443
22:07:20 [DEBUG] Starting new HTTPS connection (1): www.gstatic.com:443
22:07:21 [DEBUG] Starting new HTTPS connection (1): www.google.com:443
22:07:21 [DEBUG] Starting new HTTPS connection (1): cp.cloudflare.com:443
22:07:21 [DEBUG] Starting new HTTPS connection (1): www.gstatic.com:443
22:07:21 [DEBUG] Starting new HTTPS connection (1): www.google.com:443
22:07:21 [DEBUG] Starting new HTTPS connection (1): cp.cloudflare.com:443
22:07:21 [DEBUG] Starting new HTTPS connection (1): www.gstatic.com:443
22:07:21 [DEBUG] Starting new HTTPS connection (1): www.google.com:443
22:07:21 [DEBUG] Starting new HTTPS connection (1): www.google.com:443
22:07:21 [DEBUG] Starting new HTTPS connection (1): www.gstatic.com:443
22:07:21 [DEBUG] Starting new HTTPS connection (1): cp.cloudflare.com:443
22:07:21 [DEBUG] Starting new HTTPS connection (1): cp.cloudflare.com:443
22:07:21 [DEBUG] Starting new HTTPS connection (1): www.google.com:443
22:07:21 [DEBUG] Starting new HTTPS connection (1): www.gstatic.com:443
22:07:21 [DEBUG] Starting new HTTPS connection (1): www.gstatic.com:443
22:07:21 [INFO]    🎯 172.67.153.156 (None) - 4.9 Mbps, 870ms, UDP✅ 
22:07:21 [DEBUG] Starting new HTTPS connection (1): cp.cloudflare.com:443
22:07:21 [DEBUG] Starting new HTTPS connection (1): www.gstatic.com:443
22:07:22 [DEBUG] Starting new HTTPS connection (1): www.google.com:443
22:07:22 [DEBUG] Starting new HTTPS connection (1): www.google.com:443
22:07:22 [DEBUG] Starting new HTTPS connection (1): cp.cloudflare.com:443
22:07:22 [DEBUG] Starting new HTTPS connection (1): cp.cloudflare.com:443
22:07:22 [DEBUG] Starting new HTTPS connection (1): www.gstatic.com:443
22:07:22 [DEBUG] Starting new HTTPS connection (1): www.gstatic.com:443
22:07:22 [DEBUG] Starting new HTTPS connection (1): www.google.com:443
22:07:22 [DEBUG] Starting new HTTPS connection (1): cp.cloudflare.com:443
22:07:22 [DEBUG] Starting new HTTPS connection (1): www.gstatic.com:443
22:07:22 [DEBUG] Starting new HTTPS connection (1): www.google.com:443
22:07:22 [DEBUG] https://cp.cloudflare.com:443 "GET / HTTP/1.1" 204 0
22:07:22 [DEBUG] Starting new HTTPS connection (1): www.gstatic.com:443
22:07:22 [DEBUG] Starting new HTTPS connection (1): www.gstatic.com:443
22:07:22 [INFO]    📊 Глубокая проверка: 1351/1936 (70%) | ✅308 ❌1043
22:07:22 [DEBUG] Starting new HTTPS connection (1): www.google.com:443
22:07:22 [DEBUG] Starting new HTTPS connection (1): www.google.com:443
22:07:22 [DEBUG] Starting new HTTPS connection (1): www.google.com:443
22:07:22 [DEBUG] Starting new HTTPS connection (1): www.google.com:443
22:07:22 [DEBUG] Starting new HTTPS connection (1): cp.cloudflare.com:443
22:07:22 [DEBUG] Starting new HTTPS connection (1): www.gstatic.com:443
22:07:22 [DEBUG] Starting new HTTPS connection (1): www.google.com:443
22:07:22 [DEBUG] Starting new HTTPS connection (1): cp.cloudflare.com:443
22:07:22 [DEBUG] Starting new HTTPS connection (1): www.gstatic.com:443
22:07:23 [DEBUG] Starting new HTTPS connection (1): www.google.com:443
22:07:23 [DEBUG] Starting new HTTPS connection (1): www.google.com:443
22:07:23 [DEBUG] Starting new HTTPS connection (1): www.google.com:443
22:07:23 [DEBUG] Starting new HTTPS connection (1): www.google.com:443
22:07:23 [DEBUG] https://www.google.com:443 "GET /generate_204 HTTP/1.1" 204 0
22:07:23 [DEBUG] Starting new HTTPS connection (1): cp.cloudflare.com:443
22:07:23 [DEBUG] Starting new HTTPS connection (1): www.google.com:443
22:07:23 [DEBUG] https://cp.cloudflare.com:443 "GET / HTTP/1.1" 204 0
22:07:23 [DEBUG] Starting new HTTPS connection (1): www.gstatic.com:443
22:07:23 [DEBUG] Starting new HTTPS connection (1): www.google.com:443
22:07:24 [DEBUG] https://www.google.com:443 "GET /generate_204 HTTP/1.1" 204 0
22:07:24 [DEBUG] Starting new HTTPS connection (1): cp.cloudflare.com:443
22:07:24 [DEBUG] Starting new HTTPS connection (1): www.google.com:443
22:07:24 [DEBUG] https://cp.cloudflare.com:443 "GET / HTTP/1.1" 204 0
22:07:24 [DEBUG] Starting new HTTPS connection (1): www.gstatic.com:443
22:07:24 [DEBUG] https://www.gstatic.com:443 "GET /generate_204 HTTP/1.1" 204 0
22:07:24 [DEBUG] Starting new HTTPS connection (1): dl.google.com:443
22:07:24 [DEBUG] Starting new HTTPS connection (1): cp.cloudflare.com:443
22:07:24 [DEBUG] https://www.google.com:443 "GET /generate_204 HTTP/1.1" 204 0
22:07:24 [DEBUG] Starting new HTTPS connection (1): cp.cloudflare.com:443
22:07:24 [DEBUG] https://www.gstatic.com:443 "GET /generate_204 HTTP/1.1" 204 0
22:07:24 [DEBUG] https://dl.google.com:443 "GET /dl/android/studio/install/3.4.1.0/android-studio-ide-183.5522156-windows.exe HTTP/1.1" 404 1449
22:07:24 [INFO]    🎯 104.21.40.34 (None) - 0.0 Mbps, 72ms, UDP✅ 
22:07:24 [DEBUG] https://www.gstatic.com:443 "GET /generate_204 HTTP/1.1" 204 0
22:07:24 [DEBUG] Starting new HTTPS connection (1): cp.cloudflare.com:443
22:07:24 [DEBUG] Starting new HTTPS connection (1): www.google.com:443
22:07:24 [DEBUG] Starting new HTTPS connection (1): cp.cloudflare.com:443
22:07:24 [DEBUG] https://cp.cloudflare.com:443 "GET / HTTP/1.1" 204 0
22:07:24 [DEBUG] Starting new HTTPS connection (1): www.gstatic.com:443
22:07:24 [DEBUG] Starting new HTTPS connection (1): cp.cloudflare.com:443
22:07:24 [DEBUG] Starting new HTTPS connection (1): cp.cloudflare.com:443
22:07:25 [DEBUG] Starting new HTTPS connection (1): dl.google.com:443
22:07:25 [DEBUG] https://www.gstatic.com:443 "GET /generate_204 HTTP/1.1" 204 0
22:07:25 [DEBUG] Starting new HTTPS connection (1): dl.google.com:443
22:07:25 [DEBUG] Starting new HTTPS connection (1): cp.cloudflare.com:443
22:07:25 [DEBUG] Starting new HTTPS connection (1): cp.cloudflare.com:443
22:07:25 [DEBUG] Starting new HTTPS connection (1): www.google.com:443
22:07:25 [DEBUG] Starting new HTTPS connection (1): cp.cloudflare.com:443
22:07:25 [DEBUG] https://dl.google.com:443 "GET /dl/android/studio/install/3.4.1.0/android-studio-ide-183.5522156-windows.exe HTTP/1.1" 200 1017327996
22:07:25 [DEBUG] Starting new HTTPS connection (1): www.google.com:443
22:07:25 [DEBUG] Starting new HTTPS connection (1): dl.google.com:443
22:07:26 [INFO]    🎯 172.64.152.23 (None) - 20.3 Mbps, 272ms, UDP✅ 
22:07:26 [DEBUG] Starting new HTTPS connection (1): cp.cloudflare.com:443
22:07:26 [DEBUG] https://dl.google.com:443 "GET /dl/android/studio/install/3.4.1.0/android-studio-ide-183.5522156-windows.exe HTTP/1.1" 200 1017327996
22:07:26 [DEBUG] Starting new HTTPS connection (1): www.gstatic.com:443
22:07:26 [DEBUG] Starting new HTTPS connection (1): www.gstatic.com:443
22:07:26 [DEBUG] Starting new HTTPS connection (1): www.gstatic.com:443
22:07:26 [DEBUG] Starting new HTTPS connection (1): www.gstatic.com:443
22:07:26 [DEBUG] Starting new HTTPS connection (1): cp.cloudflare.com:443
22:07:27 [INFO]    🎯 104.18.32.47 (None) - 10.2 Mbps, 444ms, UDP✅ 
22:07:27 [DEBUG] Starting new HTTPS connection (1): www.google.com:443
22:07:27 [DEBUG] Starting new HTTPS connection (1): www.gstatic.com:443
22:07:27 [DEBUG] Starting new HTTPS connection (1): www.gstatic.com:443
22:07:27 [DEBUG] Starting new HTTPS connection (1): www.gstatic.com:443
22:07:28 [DEBUG] Starting new HTTPS connection (1): cp.cloudflare.com:443
22:07:28 [DEBUG] Starting new HTTPS connection (1): www.gstatic.com:443
22:07:28 [DEBUG] Starting new HTTPS connection (1): www.google.com:443
22:07:28 [DEBUG] Starting new HTTPS connection (1): www.gstatic.com:443
22:07:29 [DEBUG] https://dl.google.com:443 "GET /dl/android/studio/install/3.4.1.0/android-studio-ide-183.5522156-windows.exe HTTP/1.1" 200 1017327996
22:07:29 [DEBUG] Starting new HTTPS connection (1): www.gstatic.com:443
22:07:29 [DEBUG] Starting new HTTPS connection (1): cp.cloudflare.com:443
22:07:29 [DEBUG] Starting new HTTPS connection (1): www.google.com:443
22:07:29 [DEBUG] Starting new HTTPS connection (1): www.google.com:443
22:07:30 [DEBUG] Starting new HTTPS connection (1): cp.cloudflare.com:443
22:07:30 [DEBUG] Starting new HTTPS connection (1): www.google.com:443
22:07:30 [DEBUG] Starting new HTTPS connection (1): www.google.com:443
22:07:30 [DEBUG] Starting new HTTPS connection (1): cp.cloudflare.com:443
22:07:30 [DEBUG] Starting new HTTPS connection (1): www.gstatic.com:443
22:07:30 [DEBUG] Starting new HTTPS connection (1): www.gstatic.com:443
22:07:30 [DEBUG] Starting new HTTPS connection (1): www.gstatic.com:443
22:07:30 [DEBUG] Starting new HTTPS connection (1): cp.cloudflare.com:443
22:07:30 [DEBUG] Starting new HTTPS connection (1): cp.cloudflare.com:443
22:07:30 [DEBUG] Starting new HTTPS connection (1): www.google.com:443
22:07:30 [DEBUG] Starting new HTTPS connection (1): www.google.com:443
22:07:31 [DEBUG] Starting new HTTPS connection (1): www.google.com:443
22:07:31 [DEBUG] Starting new HTTPS connection (1): www.google.com:443
22:07:31 [DEBUG] Starting new HTTPS connection (1): www.google.com:443
22:07:31 [DEBUG] Starting new HTTPS connection (1): cp.cloudflare.com:443
22:07:31 [DEBUG] Starting new HTTPS connection (1): www.gstatic.com:443
22:07:31 [DEBUG] Starting new HTTPS connection (1): www.google.com:443
22:07:31 [DEBUG] Starting new HTTPS connection (1): cp.cloudflare.com:443
22:07:31 [DEBUG] Starting new HTTPS connection (1): www.gstatic.com:443
22:07:31 [DEBUG] Starting new HTTPS connection (1): www.gstatic.com:443
22:07:31 [DEBUG] Starting new HTTPS connection (1): cp.cloudflare.com:443
22:07:32 [DEBUG] Starting new HTTPS connection (1): cp.cloudflare.com:443
22:07:32 [DEBUG] Starting new HTTPS connection (1): www.google.com:443
22:07:32 [DEBUG] Starting new HTTPS connection (1): www.google.com:443
22:07:32 [DEBUG] Starting new HTTPS connection (1): www.google.com:443
22:07:32 [DEBUG] Starting new HTTPS connection (1): www.gstatic.com:443
22:07:33 [DEBUG] Starting new HTTPS connection (1): cp.cloudflare.com:443
22:07:33 [DEBUG] Starting new HTTPS connection (1): cp.cloudflare.com:443
22:07:33 [DEBUG] Starting new HTTPS connection (1): cp.cloudflare.com:443
22:07:33 [DEBUG] Starting new HTTPS connection (1): cp.cloudflare.com:443
22:07:33 [DEBUG] Starting new HTTPS connection (1): www.google.com:443
22:07:33 [DEBUG] Starting new HTTPS connection (1): www.gstatic.com:443
22:07:34 [DEBUG] Starting new HTTPS connection (1): www.gstatic.com:443
22:07:34 [DEBUG] Starting new HTTPS connection (1): cp.cloudflare.com:443
22:07:34 [DEBUG] Starting new HTTPS connection (1): cp.cloudflare.com:443
22:07:34 [DEBUG] Starting new HTTPS connection (1): cp.cloudflare.com:443
22:07:34 [DEBUG] Starting new HTTPS connection (1): www.google.com:443
22:07:35 [DEBUG] Starting new HTTPS connection (1): www.gstatic.com:443
22:07:35 [DEBUG] Starting new HTTPS connection (1): www.gstatic.com:443
22:07:35 [DEBUG] Starting new HTTPS connection (1): www.gstatic.com:443
22:07:35 [DEBUG] Starting new HTTPS connection (1): www.gstatic.com:443
22:07:35 [DEBUG] Starting new HTTPS connection (1): www.google.com:443
22:07:35 [DEBUG] Starting new HTTPS connection (1): www.gstatic.com:443
22:07:35 [DEBUG] Starting new HTTPS connection (1): cp.cloudflare.com:443
22:07:36 [DEBUG] Starting new HTTPS connection (1): www.google.com:443
22:07:36 [DEBUG] Starting new HTTPS connection (1): cp.cloudflare.com:443
22:07:36 [DEBUG] Starting new HTTPS connection (1): www.gstatic.com:443
22:07:36 [DEBUG] Starting new HTTPS connection (1): www.gstatic.com:443
22:07:36 [DEBUG] Starting new HTTPS connection (1): www.gstatic.com:443
22:07:36 [DEBUG] Starting new HTTPS connection (1): www.gstatic.com:443
22:07:36 [DEBUG] Starting new HTTPS connection (1): cp.cloudflare.com:443
22:07:37 [DEBUG] Starting new HTTPS connection (1): www.google.com:443
22:07:37 [DEBUG] Starting new HTTPS connection (1): cp.cloudflare.com:443
22:07:37 [DEBUG] Starting new HTTPS connection (1): www.gstatic.com:443
22:07:37 [DEBUG] Starting new HTTPS connection (1): www.google.com:443
22:07:37 [DEBUG] Starting new HTTPS connection (1): www.google.com:443
22:07:37 [DEBUG] Starting new HTTPS connection (1): cp.cloudflare.com:443
22:07:37 [DEBUG] Starting new HTTPS connection (1): www.gstatic.com:443
22:07:38 [DEBUG] Starting new HTTPS connection (1): www.google.com:443
22:07:38 [DEBUG] Starting new HTTPS connection (1): www.google.com:443
22:07:38 [DEBUG] Starting new HTTPS connection (1): www.google.com:443
22:07:38 [DEBUG] Starting new HTTPS connection (1): www.google.com:443
22:07:38 [DEBUG] Starting new HTTPS connection (1): www.google.com:443
22:07:39 [DEBUG] Starting new HTTPS connection (1): www.gstatic.com:443
22:07:39 [DEBUG] Starting new HTTPS connection (1): cp.cloudflare.com:443
22:07:39 [DEBUG] Starting new HTTPS connection (1): www.google.com:443
22:07:39 [DEBUG] Starting new HTTPS connection (1): www.gstatic.com:443
22:07:39 [DEBUG] Starting new HTTPS connection (1): cp.cloudflare.com:443
22:07:40 [DEBUG] Starting new HTTPS connection (1): www.google.com:443
22:07:40 [DEBUG] Starting new HTTPS connection (1): www.google.com:443
22:07:40 [DEBUG] Starting new HTTPS connection (1): cp.cloudflare.com:443
22:07:40 [DEBUG] Starting new HTTPS connection (1): cp.cloudflare.com:443
22:07:40 [DEBUG] Starting new HTTPS connection (1): cp.cloudflare.com:443
22:07:40 [DEBUG] Starting new HTTPS connection (1): cp.cloudflare.com:443
22:07:41 [DEBUG] Starting new HTTPS connection (1): cp.cloudflare.com:443
22:07:41 [DEBUG] Starting new HTTPS connection (1): www.google.com:443
22:07:41 [DEBUG] Starting new HTTPS connection (1): www.gstatic.com:443
22:07:41 [DEBUG] Starting new HTTPS connection (1): cp.cloudflare.com:443
22:07:41 [DEBUG] Starting new HTTPS connection (1): www.google.com:443
22:07:42 [DEBUG] Starting new HTTPS connection (1): www.gstatic.com:443
22:07:42 [DEBUG] Starting new HTTPS connection (1): cp.cloudflare.com:443
22:07:42 [DEBUG] Starting new HTTPS connection (1): cp.cloudflare.com:443
22:07:42 [DEBUG] Starting new HTTPS connection (1): www.google.com:443
22:07:42 [DEBUG] Starting new HTTPS connection (1): cp.cloudflare.com:443
22:07:42 [DEBUG] Starting new HTTPS connection (1): www.gstatic.com:443
22:07:42 [DEBUG] Starting new HTTPS connection (1): www.gstatic.com:443
22:07:42 [DEBUG] Starting new HTTPS connection (1): www.gstatic.com:443
22:07:42 [DEBUG] Starting new HTTPS connection (1): www.gstatic.com:443
22:07:42 [DEBUG] Starting new HTTPS connection (1): www.gstatic.com:443
22:07:43 [DEBUG] Starting new HTTPS connection (1): www.google.com:443
22:07:43 [DEBUG] Starting new HTTPS connection (1): cp.cloudflare.com:443
22:07:43 [DEBUG] Starting new HTTPS connection (1): www.gstatic.com:443
22:07:43 [DEBUG] Starting new HTTPS connection (1): www.google.com:443
22:07:43 [DEBUG] Starting new HTTPS connection (1): www.gstatic.com:443
22:07:43 [DEBUG] Starting new HTTPS connection (1): cp.cloudflare.com:443
22:07:44 [DEBUG] Starting new HTTPS connection (1): www.gstatic.com:443
22:07:44 [DEBUG] Starting new HTTPS connection (1): www.gstatic.com:443
22:07:44 [DEBUG] Starting new HTTPS connection (1): www.google.com:443
22:07:45 [DEBUG] Starting new HTTPS connection (1): cp.cloudflare.com:443
22:07:45 [DEBUG] Starting new HTTPS connection (1): www.google.com:443
22:07:45 [DEBUG] Starting new HTTPS connection (1): www.gstatic.com:443
22:07:45 [DEBUG] Starting new HTTPS connection (1): cp.cloudflare.com:443
22:07:46 [DEBUG] Starting new HTTPS connection (1): www.google.com:443
22:07:46 [DEBUG] Starting new HTTPS connection (1): www.google.com:443
22:07:46 [DEBUG] Starting new HTTPS connection (1): www.gstatic.com:443
22:07:46 [DEBUG] Starting new HTTPS connection (1): www.google.com:443
22:07:46 [DEBUG] Starting new HTTPS connection (1): www.google.com:443
22:07:46 [DEBUG] Starting new HTTPS connection (1): www.google.com:443
22:07:47 [DEBUG] Starting new HTTPS connection (1): cp.cloudflare.com:443
22:07:47 [DEBUG] Starting new HTTPS connection (1): www.gstatic.com:443
22:07:47 [DEBUG] Starting new HTTPS connection (1): www.google.com:443
22:07:47 [DEBUG] Starting new HTTPS connection (1): cp.cloudflare.com:443
22:07:47 [DEBUG] Starting new HTTPS connection (1): www.gstatic.com:443
22:07:47 [DEBUG] Starting new HTTPS connection (1): www.google.com:443
22:07:47 [DEBUG] Starting new HTTPS connection (1): www.google.com:443
22:07:48 [DEBUG] Starting new HTTPS connection (1): cp.cloudflare.com:443
22:07:48 [DEBUG] Starting new HTTPS connection (1): cp.cloudflare.com:443
22:07:48 [DEBUG] Starting new HTTPS connection (1): cp.cloudflare.com:443
22:07:48 [DEBUG] Starting new HTTPS connection (1): cp.cloudflare.com:443
22:07:48 [DEBUG] Starting new HTTPS connection (1): cp.cloudflare.com:443
22:07:49 [DEBUG] Starting new HTTPS connection (1): www.gstatic.com:443
22:07:49 [DEBUG] Starting new HTTPS connection (1): cp.cloudflare.com:443
22:07:49 [DEBUG] Starting new HTTPS connection (1): www.gstatic.com:443
22:07:49 [DEBUG] Starting new HTTPS connection (1): www.google.com:443
22:07:49 [DEBUG] Starting new HTTPS connection (1): cp.cloudflare.com:443
22:07:49 [DEBUG] Starting new HTTPS connection (1): www.google.com:443
22:07:50 [DEBUG] Starting new HTTPS connection (1): cp.cloudflare.com:443
22:07:50 [DEBUG] Starting new HTTPS connection (1): www.gstatic.com:443
22:07:50 [DEBUG] Starting new HTTPS connection (1): www.gstatic.com:443
22:07:50 [DEBUG] Starting new HTTPS connection (1): www.gstatic.com:443
22:07:50 [DEBUG] Starting new HTTPS connection (1): www.gstatic.com:443
22:07:50 [DEBUG] Starting new HTTPS connection (1): www.google.com:443
22:07:50 [DEBUG] Starting new HTTPS connection (1): www.gstatic.com:443
22:07:50 [DEBUG] Starting new HTTPS connection (1): www.google.com:443
22:07:51 [DEBUG] Starting new HTTPS connection (1): www.gstatic.com:443
22:07:51 [DEBUG] Starting new HTTPS connection (1): cp.cloudflare.com:443
22:07:51 [DEBUG] Starting new HTTPS connection (1): www.gstatic.com:443
22:07:52 [DEBUG] Starting new HTTPS connection (1): cp.cloudflare.com:443
22:07:52 [DEBUG] Starting new HTTPS connection (1): www.gstatic.com:443
22:07:52 [DEBUG] Starting new HTTPS connection (1): www.google.com:443
22:07:52 [DEBUG] Starting new HTTPS connection (1): cp.cloudflare.com:443
22:07:52 [DEBUG] Starting new HTTPS connection (1): www.google.com:443
22:07:53 [DEBUG] Starting new HTTPS connection (1): cp.cloudflare.com:443
22:07:53 [DEBUG] Starting new HTTPS connection (1): www.google.com:443
22:07:53 [DEBUG] Starting new HTTPS connection (1): www.google.com:443
22:07:53 [DEBUG] Starting new HTTPS connection (1): cp.cloudflare.com:443
22:07:53 [DEBUG] Starting new HTTPS connection (1): www.gstatic.com:443
22:07:53 [DEBUG] Starting new HTTPS connection (1): www.google.com:443
22:07:53 [DEBUG] Starting new HTTPS connection (1): www.google.com:443
22:07:53 [DEBUG] Starting new HTTPS connection (1): www.gstatic.com:443
22:07:53 [DEBUG] Starting new HTTPS connection (1): www.google.com:443
22:07:54 [DEBUG] Starting new HTTPS connection (1): www.gstatic.com:443
22:07:54 [DEBUG] Starting new HTTPS connection (1): cp.cloudflare.com:443
22:07:54 [DEBUG] Starting new HTTPS connection (1): www.gstatic.com:443
22:07:54 [DEBUG] Starting new HTTPS connection (1): www.google.com:443
22:07:54 [DEBUG] Starting new HTTPS connection (1): www.google.com:443
22:07:54 [DEBUG] Starting new HTTPS connection (1): cp.cloudflare.com:443
22:07:55 [DEBUG] Starting new HTTPS connection (1): www.gstatic.com:443
22:07:55 [DEBUG] Starting new HTTPS connection (1): www.google.com:443
22:07:55 [DEBUG] Starting new HTTPS connection (1): www.google.com:443
22:07:55 [DEBUG] Starting new HTTPS connection (1): cp.cloudflare.com:443
22:07:55 [DEBUG] Starting new HTTPS connection (1): cp.cloudflare.com:443
22:07:55 [DEBUG] Starting new HTTPS connection (1): www.gstatic.com:443
22:07:55 [DEBUG] Starting new HTTPS connection (1): cp.cloudflare.com:443
22:07:55 [DEBUG] Starting new HTTPS connection (1): cp.cloudflare.com:443
22:07:56 [DEBUG] Starting new HTTPS connection (1): cp.cloudflare.com:443
22:07:56 [DEBUG] Starting new HTTPS connection (1): www.gstatic.com:443
22:07:56 [DEBUG] Starting new HTTPS connection (1): www.google.com:443
22:07:56 [DEBUG] Starting new HTTPS connection (1): cp.cloudflare.com:443
22:07:56 [DEBUG] Starting new HTTPS connection (1): cp.cloudflare.com:443
22:07:56 [DEBUG] Starting new HTTPS connection (1): www.google.com:443
22:07:57 [DEBUG] Starting new HTTPS connection (1): www.gstatic.com:443
22:07:57 [DEBUG] Starting new HTTPS connection (1): www.google.com:443
22:07:57 [DEBUG] Starting new HTTPS connection (1): cp.cloudflare.com:443
22:07:57 [DEBUG] Starting new HTTPS connection (1): www.gstatic.com:443
22:07:57 [DEBUG] Starting new HTTPS connection (1): cp.cloudflare.com:443
22:07:57 [DEBUG] Starting new HTTPS connection (1): www.gstatic.com:443
22:07:57 [DEBUG] Starting new HTTPS connection (1): www.gstatic.com:443
22:07:57 [DEBUG] Starting new HTTPS connection (1): www.google.com:443
22:07:57 [DEBUG] Starting new HTTPS connection (1): www.gstatic.com:443
22:07:58 [DEBUG] Starting new HTTPS connection (1): www.gstatic.com:443
22:07:58 [DEBUG] Starting new HTTPS connection (1): www.google.com:443
22:07:58 [DEBUG] Starting new HTTPS connection (1): www.google.com:443
22:07:58 [DEBUG] Starting new HTTPS connection (1): www.gstatic.com:443
22:07:58 [DEBUG] Starting new HTTPS connection (1): www.gstatic.com:443
22:07:58 [DEBUG] Starting new HTTPS connection (1): cp.cloudflare.com:443
22:07:59 [DEBUG] Starting new HTTPS connection (1): cp.cloudflare.com:443
22:07:59 [DEBUG] Starting new HTTPS connection (1): www.gstatic.com:443
22:07:59 [DEBUG] Starting new HTTPS connection (1): www.google.com:443
22:07:59 [DEBUG] Starting new HTTPS connection (1): cp.cloudflare.com:443
22:08:00 [DEBUG] Starting new HTTPS connection (1): cp.cloudflare.com:443
22:08:00 [DEBUG] Starting new HTTPS connection (1): www.google.com:443
22:08:00 [DEBUG] Starting new HTTPS connection (1): cp.cloudflare.com:443
22:08:00 [DEBUG] Starting new HTTPS connection (1): www.google.com:443
22:08:01 [DEBUG] Starting new HTTPS connection (1): www.gstatic.com:443
22:08:01 [DEBUG] Starting new HTTPS connection (1): www.google.com:443
22:08:01 [DEBUG] Starting new HTTPS connection (1): www.google.com:443
22:08:01 [DEBUG] Starting new HTTPS connection (1): www.gstatic.com:443
22:08:01 [DEBUG] Starting new HTTPS connection (1): www.google.com:443
22:08:01 [DEBUG] Starting new HTTPS connection (1): cp.cloudflare.com:443
22:08:01 [DEBUG] Starting new HTTPS connection (1): www.gstatic.com:443
22:08:01 [DEBUG] Starting new HTTPS connection (1): cp.cloudflare.com:443
22:08:01 [DEBUG] Starting new HTTPS connection (1): www.gstatic.com:443
22:08:02 [DEBUG] Starting new HTTPS connection (1): www.google.com:443
22:08:02 [DEBUG] Starting new HTTPS connection (1): cp.cloudflare.com:443
22:08:02 [DEBUG] Starting new HTTPS connection (1): www.gstatic.com:443
22:08:02 [DEBUG] Starting new HTTPS connection (1): www.google.com:443
22:08:02 [DEBUG] Starting new HTTPS connection (1): www.gstatic.com:443
22:08:02 [DEBUG] Starting new HTTPS connection (1): cp.cloudflare.com:443
22:08:02 [DEBUG] Starting new HTTPS connection (1): www.google.com:443
22:08:02 [DEBUG] Starting new HTTPS connection (1): www.gstatic.com:443
22:08:02 [DEBUG] Starting new HTTPS connection (1): www.google.com:443
22:08:02 [DEBUG] Starting new HTTPS connection (1): cp.cloudflare.com:443
22:08:02 [DEBUG] Starting new HTTPS connection (1): www.gstatic.com:443
22:08:02 [DEBUG] Starting new HTTPS connection (1): cp.cloudflare.com:443
22:08:03 [DEBUG] Starting new HTTPS connection (1): cp.cloudflare.com:443
22:08:03 [DEBUG] Starting new HTTPS connection (1): cp.cloudflare.com:443
22:08:03 [DEBUG] Starting new HTTPS connection (1): www.google.com:443
22:08:03 [DEBUG] Starting new HTTPS connection (1): www.gstatic.com:443
22:08:04 [DEBUG] Starting new HTTPS connection (1): www.google.com:443
22:08:04 [DEBUG] Starting new HTTPS connection (1): www.google.com:443
22:08:04 [DEBUG] Starting new HTTPS connection (1): cp.cloudflare.com:443
22:08:04 [DEBUG] Starting new HTTPS connection (1): www.google.com:443
22:08:04 [DEBUG] Starting new HTTPS connection (1): www.gstatic.com:443
22:08:04 [DEBUG] Starting new HTTPS connection (1): cp.cloudflare.com:443
22:08:04 [DEBUG] Starting new HTTPS connection (1): www.gstatic.com:443
22:08:05 [DEBUG] Starting new HTTPS connection (1): www.google.com:443
22:08:05 [DEBUG] Starting new HTTPS connection (1): www.gstatic.com:443
22:08:05 [DEBUG] Starting new HTTPS connection (1): www.gstatic.com:443
22:08:05 [DEBUG] Starting new HTTPS connection (1): www.google.com:443
22:08:05 [DEBUG] Starting new HTTPS connection (1): cp.cloudflare.com:443
22:08:05 [DEBUG] Starting new HTTPS connection (1): www.gstatic.com:443
22:08:06 [DEBUG] Starting new HTTPS connection (1): cp.cloudflare.com:443
22:08:06 [DEBUG] Starting new HTTPS connection (1): www.google.com:443
22:08:06 [DEBUG] Starting new HTTPS connection (1): cp.cloudflare.com:443
22:08:06 [DEBUG] Starting new HTTPS connection (1): cp.cloudflare.com:443
22:08:06 [DEBUG] Starting new HTTPS connection (1): www.gstatic.com:443
22:08:06 [DEBUG] Starting new HTTPS connection (1): www.google.com:443
22:08:06 [DEBUG] Starting new HTTPS connection (1): cp.cloudflare.com:443
22:08:07 [DEBUG] Starting new HTTPS connection (1): www.google.com:443
22:08:07 [DEBUG] Starting new HTTPS connection (1): www.gstatic.com:443
22:08:07 [DEBUG] Starting new HTTPS connection (1): cp.cloudflare.com:443
22:08:08 [DEBUG] Starting new HTTPS connection (1): www.gstatic.com:443
22:08:08 [DEBUG] Starting new HTTPS connection (1): www.google.com:443
22:08:08 [DEBUG] Starting new HTTPS connection (1): www.google.com:443
22:08:08 [DEBUG] Starting new HTTPS connection (1): www.gstatic.com:443
22:08:08 [DEBUG] Starting new HTTPS connection (1): cp.cloudflare.com:443
22:08:08 [DEBUG] Starting new HTTPS connection (1): www.google.com:443
22:08:08 [DEBUG] Starting new HTTPS connection (1): www.gstatic.com:443
22:08:08 [DEBUG] Starting new HTTPS connection (1): www.google.com:443
22:08:08 [DEBUG] Starting new HTTPS connection (1): cp.cloudflare.com:443
22:08:08 [DEBUG] Starting new HTTPS connection (1): www.gstatic.com:443
22:08:09 [DEBUG] Starting new HTTPS connection (1): cp.cloudflare.com:443
22:08:09 [DEBUG] Starting new HTTPS connection (1): www.gstatic.com:443
22:08:09 [DEBUG] Starting new HTTPS connection (1): cp.cloudflare.com:443
22:08:10 [DEBUG] Starting new HTTPS connection (1): www.google.com:443
22:08:10 [DEBUG] Starting new HTTPS connection (1): cp.cloudflare.com:443
22:08:10 [DEBUG] Starting new HTTPS connection (1): cp.cloudflare.com:443
22:08:10 [DEBUG] Starting new HTTPS connection (1): cp.cloudflare.com:443
22:08:10 [DEBUG] Starting new HTTPS connection (1): www.gstatic.com:443
22:08:11 [DEBUG] Starting new HTTPS connection (1): www.google.com:443
22:08:11 [DEBUG] Starting new HTTPS connection (1): www.gstatic.com:443
22:08:11 [DEBUG] Starting new HTTPS connection (1): www.google.com:443
22:08:11 [DEBUG] Starting new HTTPS connection (1): www.gstatic.com:443
22:08:11 [DEBUG] Starting new HTTPS connection (1): www.google.com:443
22:08:11 [DEBUG] Starting new HTTPS connection (1): www.google.com:443
22:08:12 [DEBUG] Starting new HTTPS connection (1): www.google.com:443
22:08:12 [DEBUG] Starting new HTTPS connection (1): cp.cloudflare.com:443
22:08:12 [DEBUG] Starting new HTTPS connection (1): www.gstatic.com:443
22:08:12 [DEBUG] Starting new HTTPS connection (1): www.gstatic.com:443
22:08:12 [DEBUG] https://www.google.com:443 "GET /generate_204 HTTP/1.1" 204 0
22:08:12 [DEBUG] Starting new HTTPS connection (1): cp.cloudflare.com:443
22:08:12 [DEBUG] Starting new HTTPS connection (1): www.google.com:443
22:08:12 [DEBUG] Starting new HTTPS connection (1): www.gstatic.com:443
22:08:13 [DEBUG] Starting new HTTPS connection (1): www.gstatic.com:443
22:08:13 [DEBUG] https://cp.cloudflare.com:443 "GET / HTTP/1.1" 204 0
22:08:13 [DEBUG] Starting new HTTPS connection (1): www.gstatic.com:443
22:08:13 [DEBUG] Starting new HTTPS connection (1): cp.cloudflare.com:443
22:08:14 [DEBUG] Starting new HTTPS connection (1): cp.cloudflare.com:443
22:08:14 [DEBUG] Starting new HTTPS connection (1): cp.cloudflare.com:443
22:08:14 [DEBUG] Starting new HTTPS connection (1): www.google.com:443
22:08:14 [DEBUG] Starting new HTTPS connection (1): cp.cloudflare.com:443
22:08:14 [DEBUG] https://www.gstatic.com:443 "GET /generate_204 HTTP/1.1" 204 0
22:08:14 [DEBUG] Starting new HTTPS connection (1): www.google.com:443
22:08:14 [DEBUG] Starting new HTTPS connection (1): cp.cloudflare.com:443
22:08:14 [DEBUG] Starting new HTTPS connection (1): www.gstatic.com:443
22:08:14 [DEBUG] Starting new HTTPS connection (1): www.gstatic.com:443
22:08:14 [DEBUG] Starting new HTTPS connection (1): dl.google.com:443
22:08:14 [DEBUG] Starting new HTTPS connection (1): www.google.com:443
22:08:14 [DEBUG] Starting new HTTPS connection (1): cp.cloudflare.com:443
22:08:15 [DEBUG] Starting new HTTPS connection (1): www.google.com:443
22:08:15 [DEBUG] https://dl.google.com:443 "GET /dl/android/studio/install/3.4.1.0/android-studio-ide-183.5522156-windows.exe HTTP/1.1" 200 1017327996
22:08:15 [DEBUG] Starting new HTTPS connection (1): www.google.com:443
22:08:15 [DEBUG] Starting new HTTPS connection (1): www.google.com:443
22:08:15 [DEBUG] Starting new HTTPS connection (1): www.gstatic.com:443
22:08:16 [DEBUG] Starting new HTTPS connection (1): www.google.com:443
22:08:16 [DEBUG] https://www.google.com:443 "GET /generate_204 HTTP/1.1" 204 0
22:08:16 [DEBUG] Starting new HTTPS connection (1): cp.cloudflare.com:443
22:08:16 [DEBUG] Starting new HTTPS connection (1): cp.cloudflare.com:443
22:08:16 [DEBUG] https://www.google.com:443 "GET /generate_204 HTTP/1.1" 204 0
22:08:16 [DEBUG] Starting new HTTPS connection (1): cp.cloudflare.com:443
22:08:16 [DEBUG] Starting new HTTPS connection (1): www.gstatic.com:443
22:08:16 [DEBUG] Starting new HTTPS connection (1): www.gstatic.com:443
22:08:16 [DEBUG] Starting new HTTPS connection (1): www.google.com:443
22:08:16 [DEBUG] https://cp.cloudflare.com:443 "GET / HTTP/1.1" 204 0
22:08:16 [DEBUG] Starting new HTTPS connection (1): www.gstatic.com:443
22:08:16 [DEBUG] Starting new HTTPS connection (1): cp.cloudflare.com:443
22:08:16 [DEBUG] Starting new HTTPS connection (1): www.gstatic.com:443
22:08:16 [DEBUG] https://cp.cloudflare.com:443 "GET / HTTP/1.1" 204 0
22:08:16 [DEBUG] Starting new HTTPS connection (1): www.gstatic.com:443
22:08:16 [DEBUG] https://www.gstatic.com:443 "GET /generate_204 HTTP/1.1" 204 0
22:08:16 [DEBUG] Starting new HTTPS connection (1): www.gstatic.com:443
22:08:16 [DEBUG] Starting new HTTPS connection (1): dl.google.com:443
22:08:16 [DEBUG] https://www.gstatic.com:443 "GET /generate_204 HTTP/1.1" 204 0
22:08:16 [DEBUG] Starting new HTTPS connection (1): dl.google.com:443
22:08:17 [DEBUG] Starting new HTTPS connection (1): cp.cloudflare.com:443
22:08:17 [DEBUG] Starting new HTTPS connection (1): www.gstatic.com:443
22:08:17 [DEBUG] Starting new HTTPS connection (1): cp.cloudflare.com:443
22:08:17 [DEBUG] https://dl.google.com:443 "GET /dl/android/studio/install/3.4.1.0/android-studio-ide-183.5522156-windows.exe HTTP/1.1" 404 1449
22:08:17 [INFO]    🎯 104.16.9.20 (None) - 0.0 Mbps, 235ms, UDP✅ 
22:08:17 [DEBUG] https://dl.google.com:443 "GET /dl/android/studio/install/3.4.1.0/android-studio-ide-183.5522156-windows.exe HTTP/1.1" 404 1449
22:08:17 [INFO]    🎯 172.67.249.36 (None) - 0.0 Mbps, 250ms, UDP✅ 
22:08:17 [DEBUG] Starting new HTTPS connection (1): www.google.com:443
22:08:17 [DEBUG] Starting new HTTPS connection (1): cp.cloudflare.com:443
22:08:17 [DEBUG] Starting new HTTPS connection (1): www.gstatic.com:443
22:08:17 [DEBUG] Starting new HTTPS connection (1): www.google.com:443
22:08:17 [DEBUG] Starting new HTTPS connection (1): cp.cloudflare.com:443
22:08:17 [DEBUG] Starting new HTTPS connection (1): www.gstatic.com:443
22:08:18 [DEBUG] Starting new HTTPS connection (1): www.gstatic.com:443
22:08:18 [DEBUG] Starting new HTTPS connection (1): cp.cloudflare.com:443
22:08:18 [DEBUG] Starting new HTTPS connection (1): www.google.com:443
22:08:18 [DEBUG] Starting new HTTPS connection (1): cp.cloudflare.com:443
22:08:18 [DEBUG] Starting new HTTPS connection (1): www.gstatic.com:443
22:08:18 [DEBUG] Starting new HTTPS connection (1): www.google.com:443
22:08:18 [DEBUG] Starting new HTTPS connection (1): cp.cloudflare.com:443
22:08:18 [DEBUG] Starting new HTTPS connection (1): www.gstatic.com:443
22:08:18 [DEBUG] Starting new HTTPS connection (1): www.google.com:443
22:08:18 [DEBUG] Starting new HTTPS connection (1): cp.cloudflare.com:443
22:08:18 [DEBUG] Starting new HTTPS connection (1): www.gstatic.com:443
22:08:19 [DEBUG] Starting new HTTPS connection (1): www.google.com:443
22:08:19 [DEBUG] Starting new HTTPS connection (1): cp.cloudflare.com:443
22:08:19 [DEBUG] Starting new HTTPS connection (1): www.gstatic.com:443
22:08:19 [DEBUG] Starting new HTTPS connection (1): www.google.com:443
22:08:19 [DEBUG] Starting new HTTPS connection (1): www.gstatic.com:443
22:08:19 [DEBUG] Starting new HTTPS connection (1): www.gstatic.com:443
22:08:19 [INFO]    🎯 104.26.6.35 (None) - 0.3 Mbps, 2827ms, UDP✅ 
22:08:19 [DEBUG] Starting new HTTPS connection (1): www.google.com:443
22:08:19 [DEBUG] Starting new HTTPS connection (1): cp.cloudflare.com:443
22:08:19 [DEBUG] Starting new HTTPS connection (1): www.gstatic.com:443
22:08:19 [DEBUG] Starting new HTTPS connection (1): www.google.com:443
22:08:19 [DEBUG] Starting new HTTPS connection (1): cp.cloudflare.com:443
22:08:19 [DEBUG] Starting new HTTPS connection (1): www.gstatic.com:443
22:08:19 [DEBUG] Starting new HTTPS connection (1): www.google.com:443
22:08:19 [DEBUG] Starting new HTTPS connection (1): cp.cloudflare.com:443
22:08:19 [DEBUG] Starting new HTTPS connection (1): www.gstatic.com:443
22:08:19 [DEBUG] Starting new HTTPS connection (1): www.google.com:443
22:08:19 [DEBUG] Starting new HTTPS connection (1): cp.cloudflare.com:443
22:08:19 [DEBUG] Starting new HTTPS connection (1): www.gstatic.com:443
22:08:19 [DEBUG] Starting new HTTPS connection (1): www.google.com:443
22:08:19 [DEBUG] Starting new HTTPS connection (1): cp.cloudflare.com:443
22:08:19 [DEBUG] Starting new HTTPS connection (1): www.gstatic.com:443
22:08:20 [DEBUG] Starting new HTTPS connection (1): www.google.com:443
22:08:20 [DEBUG] Starting new HTTPS connection (1): cp.cloudflare.com:443
22:08:20 [DEBUG] Starting new HTTPS connection (1): www.gstatic.com:443
22:08:20 [DEBUG] Starting new HTTPS connection (1): www.google.com:443
22:08:20 [DEBUG] Starting new HTTPS connection (1): cp.cloudflare.com:443
22:08:20 [DEBUG] Starting new HTTPS connection (1): www.gstatic.com:443
22:08:20 [DEBUG] Starting new HTTPS connection (1): www.google.com:443
22:08:20 [DEBUG] Starting new HTTPS connection (1): cp.cloudflare.com:443
22:08:20 [DEBUG] Starting new HTTPS connection (1): www.gstatic.com:443
22:08:20 [DEBUG] Starting new HTTPS connection (1): www.google.com:443
22:08:20 [DEBUG] Starting new HTTPS connection (1): cp.cloudflare.com:443
22:08:20 [DEBUG] Starting new HTTPS connection (1): www.gstatic.com:443
22:08:20 [DEBUG] Starting new HTTPS connection (1): www.gstatic.com:443
22:08:20 [DEBUG] Starting new HTTPS connection (1): www.google.com:443
22:08:21 [DEBUG] Starting new HTTPS connection (1): cp.cloudflare.com:443
22:08:21 [DEBUG] Starting new HTTPS connection (1): www.gstatic.com:443
22:08:21 [DEBUG] Starting new HTTPS connection (1): www.google.com:443
22:08:21 [DEBUG] Starting new HTTPS connection (1): www.google.com:443
22:08:21 [DEBUG] Starting new HTTPS connection (1): cp.cloudflare.com:443
22:08:21 [DEBUG] Starting new HTTPS connection (1): www.gstatic.com:443
22:08:21 [DEBUG] Starting new HTTPS connection (1): www.google.com:443
22:08:21 [DEBUG] Starting new HTTPS connection (1): cp.cloudflare.com:443
22:08:21 [DEBUG] Starting new HTTPS connection (1): www.gstatic.com:443
22:08:21 [DEBUG] Starting new HTTPS connection (1): www.google.com:443
22:08:21 [DEBUG] Starting new HTTPS connection (1): cp.cloudflare.com:443
22:08:21 [DEBUG] Starting new HTTPS connection (1): www.gstatic.com:443
22:08:21 [DEBUG] Starting new HTTPS connection (1): cp.cloudflare.com:443
22:08:21 [DEBUG] Starting new HTTPS connection (1): www.google.com:443
22:08:21 [DEBUG] Starting new HTTPS connection (1): cp.cloudflare.com:443
22:08:21 [DEBUG] Starting new HTTPS connection (1): www.gstatic.com:443
22:08:21 [DEBUG] Starting new HTTPS connection (1): www.google.com:443
22:08:21 [DEBUG] Starting new HTTPS connection (1): cp.cloudflare.com:443
22:08:21 [DEBUG] Starting new HTTPS connection (1): www.gstatic.com:443
22:08:21 [DEBUG] Starting new HTTPS connection (1): www.google.com:443
22:08:21 [DEBUG] Starting new HTTPS connection (1): cp.cloudflare.com:443
22:08:21 [DEBUG] Starting new HTTPS connection (1): www.gstatic.com:443
22:08:21 [DEBUG] Starting new HTTPS connection (1): www.google.com:443
22:08:21 [DEBUG] Starting new HTTPS connection (1): www.google.com:443
22:08:22 [DEBUG] https://www.google.com:443 "GET /generate_204 HTTP/1.1" 204 0
22:08:22 [DEBUG] Starting new HTTPS connection (1): cp.cloudflare.com:443
22:08:22 [DEBUG] https://www.google.com:443 "GET /generate_204 HTTP/1.1" 204 0
22:08:22 [DEBUG] Starting new HTTPS connection (1): www.google.com:443
22:08:22 [DEBUG] Starting new HTTPS connection (1): cp.cloudflare.com:443
22:08:22 [DEBUG] Starting new HTTPS connection (1): www.google.com:443
22:08:22 [DEBUG] Starting new HTTPS connection (1): cp.cloudflare.com:443
22:08:22 [DEBUG] https://cp.cloudflare.com:443 "GET / HTTP/1.1" 204 0
22:08:22 [DEBUG] Starting new HTTPS connection (1): www.gstatic.com:443
22:08:22 [DEBUG] Starting new HTTPS connection (1): www.google.com:443
22:08:22 [DEBUG] Starting new HTTPS connection (1): cp.cloudflare.com:443
22:08:22 [DEBUG] Starting new HTTPS connection (1): www.google.com:443
22:08:22 [DEBUG] Starting new HTTPS connection (1): www.gstatic.com:443
22:08:22 [DEBUG] https://cp.cloudflare.com:443 "GET / HTTP/1.1" 204 0
22:08:22 [DEBUG] Starting new HTTPS connection (1): www.gstatic.com:443
22:08:22 [DEBUG] Starting new HTTPS connection (1): www.gstatic.com:443
22:08:22 [DEBUG] Starting new HTTPS connection (1): www.google.com:443
22:08:22 [DEBUG] Starting new HTTPS connection (1): www.google.com:443
22:08:22 [DEBUG] https://www.google.com:443 "GET /generate_204 HTTP/1.1" 204 0
22:08:22 [DEBUG] Starting new HTTPS connection (1): cp.cloudflare.com:443
22:08:22 [DEBUG] https://www.gstatic.com:443 "GET /generate_204 HTTP/1.1" 204 0
22:08:22 [DEBUG] https://www.gstatic.com:443 "GET /generate_204 HTTP/1.1" 204 0
22:08:22 [DEBUG] https://www.google.com:443 "GET /generate_204 HTTP/1.1" 204 0
22:08:22 [DEBUG] Starting new HTTPS connection (1): cp.cloudflare.com:443
22:08:22 [DEBUG] Starting new HTTPS connection (1): www.google.com:443
22:08:22 [DEBUG] Starting new HTTPS connection (1): www.google.com:443
22:08:22 [DEBUG] https://cp.cloudflare.com:443 "GET / HTTP/1.1" 204 0
22:08:22 [DEBUG] Starting new HTTPS connection (1): www.gstatic.com:443
22:08:22 [DEBUG] Starting new HTTPS connection (1): dl.google.com:443
22:08:22 [DEBUG] Starting new HTTPS connection (1): www.google.com:443
22:08:22 [DEBUG] Starting new HTTPS connection (1): dl.google.com:443
22:08:23 [DEBUG] https://cp.cloudflare.com:443 "GET / HTTP/1.1" 204 0
22:08:23 [DEBUG] Starting new HTTPS connection (1): www.gstatic.com:443
22:08:23 [DEBUG] Starting new HTTPS connection (1): cp.cloudflare.com:443
22:08:23 [DEBUG] https://www.gstatic.com:443 "GET /generate_204 HTTP/1.1" 204 0
22:08:23 [DEBUG] https://dl.google.com:443 "GET /dl/android/studio/install/3.4.1.0/android-studio-ide-183.5522156-windows.exe HTTP/1.1" 200 1017327996
22:08:23 [DEBUG] https://www.google.com:443 "GET /generate_204 HTTP/1.1" 204 0
22:08:23 [DEBUG] Starting new HTTPS connection (1): cp.cloudflare.com:443
22:08:23 [DEBUG] https://www.google.com:443 "GET /generate_204 HTTP/1.1" 204 0
22:08:23 [DEBUG] Starting new HTTPS connection (1): cp.cloudflare.com:443
22:08:23 [DEBUG] Starting new HTTPS connection (1): dl.google.com:443
22:08:23 [DEBUG] https://www.google.com:443 "GET /generate_204 HTTP/1.1" 204 0
22:08:23 [DEBUG] Starting new HTTPS connection (1): cp.cloudflare.com:443
22:08:23 [DEBUG] https://dl.google.com:443 "GET /dl/android/studio/install/3.4.1.0/android-studio-ide-183.5522156-windows.exe HTTP/1.1" 200 1017327996
22:08:23 [DEBUG] https://www.google.com:443 "GET /generate_204 HTTP/1.1" 204 0
22:08:23 [DEBUG] Starting new HTTPS connection (1): cp.cloudflare.com:443
22:08:23 [DEBUG] https://www.gstatic.com:443 "GET /generate_204 HTTP/1.1" 204 0
22:08:23 [DEBUG] Starting new HTTPS connection (1): www.gstatic.com:443
22:08:23 [DEBUG] https://www.google.com:443 "GET /generate_204 HTTP/1.1" 204 0
22:08:23 [DEBUG] Starting new HTTPS connection (1): cp.cloudflare.com:443
22:08:23 [INFO]    🎯 5.188.141.144 (Россия) - 32.0 Mbps, 261ms, UDP✅ 🛡️Reality
22:08:23 [DEBUG] https://cp.cloudflare.com:443 "GET / HTTP/1.1" 204 0
22:08:23 [DEBUG] Starting new HTTPS connection (1): www.gstatic.com:443
22:08:23 [DEBUG] Starting new HTTPS connection (1): dl.google.com:443
22:08:23 [DEBUG] https://cp.cloudflare.com:443 "GET / HTTP/1.1" 204 0
22:08:23 [DEBUG] Starting new HTTPS connection (1): www.gstatic.com:443
22:08:23 [DEBUG] https://dl.google.com:443 "GET /dl/android/studio/install/3.4.1.0/android-studio-ide-183.5522156-windows.exe HTTP/1.1" 200 1017327996
22:08:23 [DEBUG] Starting new HTTPS connection (1): www.google.com:443
22:08:23 [DEBUG] https://cp.cloudflare.com:443 "GET / HTTP/1.1" 204 0
22:08:23 [DEBUG] Starting new HTTPS connection (1): www.gstatic.com:443
22:08:23 [DEBUG] https://cp.cloudflare.com:443 "GET / HTTP/1.1" 204 0
22:08:23 [DEBUG] Starting new HTTPS connection (1): www.gstatic.com:443
22:08:23 [DEBUG] https://cp.cloudflare.com:443 "GET / HTTP/1.1" 204 0
22:08:23 [DEBUG] Starting new HTTPS connection (1): www.gstatic.com:443
22:08:23 [DEBUG] Starting new HTTPS connection (1): www.google.com:443
22:08:23 [DEBUG] https://www.gstatic.com:443 "GET /generate_204 HTTP/1.1" 204 0
22:08:23 [DEBUG] https://www.gstatic.com:443 "GET /generate_204 HTTP/1.1" 204 0
22:08:23 [INFO]    🎯 51.250.20.84 (Россия) - 27.6 Mbps, 267ms, UDP✅ 🛡️Reality
22:08:23 [DEBUG] https://dl.google.com:443 "GET /dl/android/studio/install/3.4.1.0/android-studio-ide-183.5522156-windows.exe HTTP/1.1" 200 1017327996
22:08:24 [DEBUG] https://www.gstatic.com:443 "GET /generate_204 HTTP/1.1" 204 0
22:08:24 [DEBUG] Starting new HTTPS connection (1): dl.google.com:443
22:08:24 [DEBUG] Starting new HTTPS connection (1): dl.google.com:443
22:08:24 [DEBUG] https://www.google.com:443 "GET /generate_204 HTTP/1.1" 204 0
22:08:24 [DEBUG] Starting new HTTPS connection (1): cp.cloudflare.com:443
22:08:24 [DEBUG] Starting new HTTPS connection (1): www.google.com:443
22:08:24 [DEBUG] Starting new HTTPS connection (1): dl.google.com:443
22:08:24 [DEBUG] https://www.gstatic.com:443 "GET /generate_204 HTTP/1.1" 204 0
22:08:24 [DEBUG] https://www.gstatic.com:443 "GET /generate_204 HTTP/1.1" 204 0
22:08:24 [INFO]    🎯 51.250.12.100 (Россия) - 24.0 Mbps, 330ms, UDP✅ 🛡️Reality
22:08:24 [DEBUG] https://www.google.com:443 "GET /generate_204 HTTP/1.1" 204 0
22:08:24 [DEBUG] Starting new HTTPS connection (1): cp.cloudflare.com:443
22:08:24 [DEBUG] https://dl.google.com:443 "GET /dl/android/studio/install/3.4.1.0/android-studio-ide-183.5522156-windows.exe HTTP/1.1" 200 1017327996
22:08:24 [DEBUG] https://dl.google.com:443 "GET /dl/android/studio/install/3.4.1.0/android-studio-ide-183.5522156-windows.exe HTTP/1.1" 200 1017327996
22:08:24 [DEBUG] https://www.google.com:443 "GET /generate_204 HTTP/1.1" 204 0
22:08:24 [DEBUG] Starting new HTTPS connection (1): cp.cloudflare.com:443
22:08:24 [DEBUG] https://cp.cloudflare.com:443 "GET / HTTP/1.1" 204 0
22:08:24 [DEBUG] Starting new HTTPS connection (1): www.gstatic.com:443
22:08:24 [DEBUG] Starting new HTTPS connection (1): dl.google.com:443
22:08:24 [DEBUG] https://dl.google.com:443 "GET /dl/android/studio/install/3.4.1.0/android-studio-ide-183.5522156-windows.exe HTTP/1.1" 200 1017327996
22:08:24 [DEBUG] Starting new HTTPS connection (1): dl.google.com:443
22:08:24 [DEBUG] https://cp.cloudflare.com:443 "GET / HTTP/1.1" 204 0
22:08:24 [DEBUG] Starting new HTTPS connection (1): www.gstatic.com:443
22:08:24 [DEBUG] Starting new HTTPS connection (1): www.google.com:443
22:08:24 [INFO]    🎯 51.250.65.209 (Россия) - 26.7 Mbps, 405ms, UDP✅ 🛡️Reality
22:08:24 [DEBUG] https://cp.cloudflare.com:443 "GET / HTTP/1.1" 204 0
22:08:24 [DEBUG] Starting new HTTPS connection (1): www.gstatic.com:443
22:08:24 [INFO]    🎯 51.250.0.147 (Россия) - 30.6 Mbps, 394ms, UDP✅ 🛡️Reality
22:08:24 [DEBUG] https://www.gstatic.com:443 "GET /generate_204 HTTP/1.1" 204 0
22:08:24 [DEBUG] Starting new HTTPS connection (1): dl.google.com:443
22:08:24 [DEBUG] https://www.gstatic.com:443 "GET /generate_204 HTTP/1.1" 204 0
22:08:24 [DEBUG] https://dl.google.com:443 "GET /dl/android/studio/install/3.4.1.0/android-studio-ide-183.5522156-windows.exe HTTP/1.1" 200 1017327996
22:08:25 [DEBUG] https://www.gstatic.com:443 "GET /generate_204 HTTP/1.1" 204 0
22:08:25 [DEBUG] Starting new HTTPS connection (1): www.gstatic.com:443
22:08:25 [DEBUG] https://dl.google.com:443 "GET /dl/android/studio/install/3.4.1.0/android-studio-ide-183.5522156-windows.exe HTTP/1.1" 200 1017327996
22:08:25 [DEBUG] https://www.google.com:443 "GET /generate_204 HTTP/1.1" 204 0
22:08:25 [DEBUG] Starting new HTTPS connection (1): cp.cloudflare.com:443
22:08:25 [INFO]    🎯 51.250.83.255 (Россия) - 16.4 Mbps, 401ms, UDP✅ 🛡️Reality
22:08:25 [DEBUG] Starting new HTTPS connection (1): www.google.com:443
22:08:25 [DEBUG] Starting new HTTPS connection (1): dl.google.com:443
22:08:25 [DEBUG] Starting new HTTPS connection (1): dl.google.com:443
22:08:25 [DEBUG] https://dl.google.com:443 "GET /dl/android/studio/install/3.4.1.0/android-studio-ide-183.5522156-windows.exe HTTP/1.1" 200 1017327996
22:08:25 [DEBUG] https://cp.cloudflare.com:443 "GET / HTTP/1.1" 204 0
22:08:25 [DEBUG] Starting new HTTPS connection (1): www.gstatic.com:443
22:08:25 [INFO]    🎯 84.201.159.179 (Россия) - 18.6 Mbps, 441ms, UDP✅ 🛡️Reality
22:08:25 [DEBUG] Starting new HTTPS connection (1): www.google.com:443
22:08:25 [INFO]    🎯 84.201.165.58 (Россия) - 17.4 Mbps, 464ms, UDP✅ 🛡️Reality
22:08:25 [DEBUG] https://www.gstatic.com:443 "GET /generate_204 HTTP/1.1" 204 0
22:08:25 [DEBUG] https://dl.google.com:443 "GET /dl/android/studio/install/3.4.1.0/android-studio-ide-183.5522156-windows.exe HTTP/1.1" 200 1017327996
22:08:25 [DEBUG] https://www.google.com:443 "GET /generate_204 HTTP/1.1" 204 0
22:08:25 [DEBUG] Starting new HTTPS connection (1): cp.cloudflare.com:443
22:08:25 [DEBUG] https://dl.google.com:443 "GET /dl/android/studio/install/3.4.1.0/android-studio-ide-183.5522156-windows.exe HTTP/1.1" 200 1017327996
22:08:25 [DEBUG] Starting new HTTPS connection (1): dl.google.com:443
22:08:25 [DEBUG] https://cp.cloudflare.com:443 "GET / HTTP/1.1" 204 0
22:08:25 [DEBUG] Starting new HTTPS connection (1): www.gstatic.com:443
22:08:25 [DEBUG] https://www.google.com:443 "GET /generate_204 HTTP/1.1" 204 0
22:08:25 [DEBUG] Starting new HTTPS connection (1): cp.cloudflare.com:443
22:08:25 [INFO]    🎯 51.250.16.92 (Россия) - 27.1 Mbps, 277ms, UDP✅ 🛡️Reality
22:08:25 [DEBUG] Starting new HTTPS connection (1): www.google.com:443
22:08:25 [DEBUG] Starting new HTTPS connection (1): www.google.com:443
22:08:26 [INFO]    🎯 178.154.255.96 (Россия) - 18.7 Mbps, 417ms, UDP✅ 🛡️Reality
22:08:26 [DEBUG] https://cp.cloudflare.com:443 "GET / HTTP/1.1" 204 0
22:08:26 [DEBUG] Starting new HTTPS connection (1): www.gstatic.com:443
22:08:26 [DEBUG] https://www.gstatic.com:443 "GET /generate_204 HTTP/1.1" 204 0
22:08:26 [DEBUG] https://www.google.com:443 "GET /generate_204 HTTP/1.1" 204 0
22:08:26 [DEBUG] Starting new HTTPS connection (1): cp.cloudflare.com:443
22:08:26 [DEBUG] Starting new HTTPS connection (1): www.google.com:443
22:08:26 [DEBUG] https://www.google.com:443 "GET /generate_204 HTTP/1.1" 204 0
22:08:26 [DEBUG] Starting new HTTPS connection (1): cp.cloudflare.com:443
22:08:26 [DEBUG] Starting new HTTPS connection (1): cp.cloudflare.com:443
22:08:26 [DEBUG] Starting new HTTPS connection (1): dl.google.com:443
22:08:26 [DEBUG] https://dl.google.com:443 "GET /dl/android/studio/install/3.4.1.0/android-studio-ide-183.5522156-windows.exe HTTP/1.1" 200 1017327996
22:08:26 [DEBUG] Starting new HTTPS connection (1): www.gstatic.com:443
22:08:26 [DEBUG] https://www.gstatic.com:443 "GET /generate_204 HTTP/1.1" 204 0
22:08:26 [DEBUG] https://cp.cloudflare.com:443 "GET / HTTP/1.1" 204 0
22:08:26 [DEBUG] Starting new HTTPS connection (1): www.gstatic.com:443
22:08:26 [DEBUG] Starting new HTTPS connection (1): dl.google.com:443
22:08:26 [DEBUG] https://cp.cloudflare.com:443 "GET / HTTP/1.1" 204 0
22:08:26 [DEBUG] Starting new HTTPS connection (1): www.gstatic.com:443
22:08:26 [DEBUG] Starting new HTTPS connection (1): www.google.com:443
22:08:26 [DEBUG] Starting new HTTPS connection (1): www.google.com:443
22:08:26 [DEBUG] Starting new HTTPS connection (1): www.google.com:443
22:08:26 [DEBUG] https://www.gstatic.com:443 "GET /generate_204 HTTP/1.1" 204 0
22:08:26 [DEBUG] https://dl.google.com:443 "GET /dl/android/studio/install/3.4.1.0/android-studio-ide-183.5522156-windows.exe HTTP/1.1" 200 1017327996
22:08:26 [DEBUG] https://dl.google.com:443 "GET /dl/android/studio/install/3.4.1.0/android-studio-ide-183.5522156-windows.exe HTTP/1.1" 200 1017327996
22:08:26 [DEBUG] Starting new HTTPS connection (1): dl.google.com:443
22:08:26 [DEBUG] https://www.google.com:443 "GET /generate_204 HTTP/1.1" 204 0
22:08:26 [DEBUG] Starting new HTTPS connection (1): cp.cloudflare.com:443
22:08:26 [DEBUG] https://www.gstatic.com:443 "GET /generate_204 HTTP/1.1" 204 0
22:08:27 [DEBUG] Starting new HTTPS connection (1): www.google.com:443
22:08:27 [DEBUG] https://www.google.com:443 "GET /generate_204 HTTP/1.1" 204 0
22:08:27 [DEBUG] Starting new HTTPS connection (1): cp.cloudflare.com:443
22:08:27 [DEBUG] Starting new HTTPS connection (1): dl.google.com:443
22:08:27 [INFO]    🎯 178.154.230.75 (Россия) - 21.2 Mbps, 347ms, UDP✅ 🛡️Reality
22:08:27 [INFO]    🎯 217.16.20.134 (Россия) - 27.1 Mbps, 313ms, UDP✅ 🛡️Reality
22:08:27 [DEBUG] Starting new HTTPS connection (1): www.google.com:443
22:08:27 [DEBUG] https://dl.google.com:443 "GET /dl/android/studio/install/3.4.1.0/android-studio-ide-183.5522156-windows.exe HTTP/1.1" 200 1017327996
22:08:27 [DEBUG] https://cp.cloudflare.com:443 "GET / HTTP/1.1" 204 0
22:08:27 [DEBUG] Starting new HTTPS connection (1): www.gstatic.com:443
22:08:27 [DEBUG] https://cp.cloudflare.com:443 "GET / HTTP/1.1" 204 0
22:08:27 [DEBUG] Starting new HTTPS connection (1): www.gstatic.com:443
22:08:27 [DEBUG] Starting new HTTPS connection (1): cp.cloudflare.com:443
22:08:27 [DEBUG] Starting new HTTPS connection (1): www.gstatic.com:443
22:08:27 [DEBUG] https://dl.google.com:443 "GET /dl/android/studio/install/3.4.1.0/android-studio-ide-183.5522156-windows.exe HTTP/1.1" 200 1017327996
22:08:27 [INFO]    🎯 5.188.140.3 (Россия) - 25.7 Mbps, 272ms, UDP✅ 🛡️Reality
22:08:27 [DEBUG] https://www.gstatic.com:443 "GET /generate_204 HTTP/1.1" 204 0
22:08:27 [DEBUG] https://www.google.com:443 "GET /generate_204 HTTP/1.1" 204 0
22:08:27 [DEBUG] Starting new HTTPS connection (1): cp.cloudflare.com:443
22:08:27 [DEBUG] Starting new HTTPS connection (1): www.google.com:443
22:08:27 [DEBUG] Starting new HTTPS connection (1): dl.google.com:443
22:08:27 [DEBUG] https://www.gstatic.com:443 "GET /generate_204 HTTP/1.1" 204 0
22:08:27 [INFO]    🎯 109.120.188.14 (Россия) - 24.8 Mbps, 356ms, UDP✅ 🛡️Reality
22:08:27 [DEBUG] https://cp.cloudflare.com:443 "GET / HTTP/1.1" 204 0
22:08:27 [DEBUG] Starting new HTTPS connection (1): www.gstatic.com:443
22:08:28 [DEBUG] Starting new HTTPS connection (1): dl.google.com:443
22:08:28 [DEBUG] https://dl.google.com:443 "GET /dl/android/studio/install/3.4.1.0/android-studio-ide-183.5522156-windows.exe HTTP/1.1" 200 1017327996
22:08:28 [DEBUG] Starting new HTTPS connection (1): www.google.com:443
22:08:28 [INFO]    🎯 178.154.252.255 (Россия) - 3.2 Mbps, 357ms, UDP✅ 🛡️Reality
22:08:28 [DEBUG] https://dl.google.com:443 "GET /dl/android/studio/install/3.4.1.0/android-studio-ide-183.5522156-windows.exe HTTP/1.1" 200 1017327996
22:08:28 [DEBUG] Starting new HTTPS connection (1): www.google.com:443
22:08:28 [DEBUG] Starting new HTTPS connection (1): www.google.com:443
22:08:28 [DEBUG] https://www.gstatic.com:443 "GET /generate_204 HTTP/1.1" 204 0
22:08:28 [DEBUG] https://www.google.com:443 "GET /generate_204 HTTP/1.1" 204 0
22:08:28 [DEBUG] Starting new HTTPS connection (1): cp.cloudflare.com:443
22:08:28 [DEBUG] Starting new HTTPS connection (1): dl.google.com:443
22:08:28 [DEBUG] https://www.google.com:443 "GET /generate_204 HTTP/1.1" 204 0
22:08:28 [DEBUG] Starting new HTTPS connection (1): cp.cloudflare.com:443
22:08:28 [DEBUG] Starting new HTTPS connection (1): www.google.com:443
22:08:28 [DEBUG] Starting new HTTPS connection (1): www.google.com:443
22:08:28 [INFO]    🎯 89.208.230.52 (Россия) - 21.1 Mbps, 366ms, UDP✅ 🛡️Reality
22:08:28 [DEBUG] https://cp.cloudflare.com:443 "GET / HTTP/1.1" 204 0
22:08:28 [DEBUG] Starting new HTTPS connection (1): www.gstatic.com:443
22:08:28 [INFO]    🎯 185.130.115.55 (Россия) - 16.2 Mbps, 303ms, UDP✅ 🛡️Reality
22:08:28 [DEBUG] https://www.google.com:443 "GET /generate_204 HTTP/1.1" 204 0
22:08:28 [DEBUG] Starting new HTTPS connection (1): cp.cloudflare.com:443
22:08:29 [DEBUG] Starting new HTTPS connection (1): www.google.com:443
22:08:29 [DEBUG] https://www.google.com:443 "GET /generate_204 HTTP/1.1" 204 0
22:08:29 [DEBUG] Starting new HTTPS connection (1): cp.cloudflare.com:443
22:08:29 [DEBUG] https://www.gstatic.com:443 "GET /generate_204 HTTP/1.1" 204 0
22:08:29 [DEBUG] Starting new HTTPS connection (1): cp.cloudflare.com:443
22:08:29 [DEBUG] https://cp.cloudflare.com:443 "GET / HTTP/1.1" 204 0
22:08:29 [DEBUG] Starting new HTTPS connection (1): www.gstatic.com:443
22:08:29 [DEBUG] Starting new HTTPS connection (1): www.gstatic.com:443
22:08:29 [DEBUG] https://cp.cloudflare.com:443 "GET / HTTP/1.1" 204 0
22:08:29 [DEBUG] Starting new HTTPS connection (1): www.gstatic.com:443
22:08:29 [DEBUG] Starting new HTTPS connection (1): dl.google.com:443
22:08:29 [DEBUG] https://dl.google.com:443 "GET /dl/android/studio/install/3.4.1.0/android-studio-ide-183.5522156-windows.exe HTTP/1.1" 200 1017327996
22:08:29 [DEBUG] https://www.gstatic.com:443 "GET /generate_204 HTTP/1.1" 204 0
22:08:29 [DEBUG] https://www.gstatic.com:443 "GET /generate_204 HTTP/1.1" 204 0
22:08:29 [DEBUG] Starting new HTTPS connection (1): www.google.com:443
22:08:29 [DEBUG] https://dl.google.com:443 "GET /dl/android/studio/install/3.4.1.0/android-studio-ide-183.5522156-windows.exe HTTP/1.1" 200 1017327996
22:08:29 [DEBUG] Starting new HTTPS connection (1): dl.google.com:443
22:08:29 [DEBUG] https://www.google.com:443 "GET /generate_204 HTTP/1.1" 204 0
22:08:29 [DEBUG] Starting new HTTPS connection (1): cp.cloudflare.com:443
22:08:29 [DEBUG] https://dl.google.com:443 "GET /dl/android/studio/install/3.4.1.0/android-studio-ide-183.5522156-windows.exe HTTP/1.1" 200 1017327996
22:08:29 [DEBUG] Starting new HTTPS connection (1): dl.google.com:443
22:08:29 [DEBUG] https://www.google.com:443 "GET /generate_204 HTTP/1.1" 204 0
22:08:29 [DEBUG] Starting new HTTPS connection (1): cp.cloudflare.com:443
22:08:29 [DEBUG] https://cp.cloudflare.com:443 "GET / HTTP/1.1" 204 0
22:08:29 [DEBUG] Starting new HTTPS connection (1): www.gstatic.com:443
22:08:30 [DEBUG] Starting new HTTPS connection (1): www.google.com:443
22:08:30 [DEBUG] Starting new HTTPS connection (1): www.google.com:443
22:08:30 [DEBUG] https://cp.cloudflare.com:443 "GET / HTTP/1.1" 204 0
22:08:30 [DEBUG] Starting new HTTPS connection (1): www.gstatic.com:443
22:08:30 [DEBUG] https://dl.google.com:443 "GET /dl/android/studio/install/3.4.1.0/android-studio-ide-183.5522156-windows.exe HTTP/1.1" 200 1017327996
22:08:30 [INFO]    🎯 178.250.243.97 (Россия) - 21.2 Mbps, 309ms, UDP✅ 🛡️Reality
22:08:30 [DEBUG] https://cp.cloudflare.com:443 "GET / HTTP/1.1" 204 0
22:08:30 [DEBUG] Starting new HTTPS connection (1): www.gstatic.com:443
22:08:30 [INFO]    🎯 178.250.243.101 (Россия) - 27.9 Mbps, 362ms, UDP✅ 🛡️Reality
22:08:30 [DEBUG] Starting new HTTPS connection (1): www.google.com:443
22:08:30 [DEBUG] https://www.google.com:443 "GET /generate_204 HTTP/1.1" 204 0
22:08:30 [DEBUG] Starting new HTTPS connection (1): cp.cloudflare.com:443
22:08:30 [DEBUG] https://www.google.com:443 "GET /generate_204 HTTP/1.1" 204 0
22:08:30 [DEBUG] Starting new HTTPS connection (1): cp.cloudflare.com:443
22:08:30 [INFO]    🎯 5.188.142.230 (Россия) - 8.4 Mbps, 474ms, UDP✅ 🛡️Reality
22:08:30 [DEBUG] https://www.gstatic.com:443 "GET /generate_204 HTTP/1.1" 204 0
22:08:30 [DEBUG] https://www.gstatic.com:443 "GET /generate_204 HTTP/1.1" 204 0
22:08:30 [DEBUG] https://www.google.com:443 "GET /generate_204 HTTP/1.1" 204 0
22:08:30 [DEBUG] Starting new HTTPS connection (1): cp.cloudflare.com:443
22:08:30 [DEBUG] https://www.google.com:443 "GET /generate_204 HTTP/1.1" 204 0
22:08:30 [DEBUG] Starting new HTTPS connection (1): cp.cloudflare.com:443
22:08:31 [DEBUG] Starting new HTTPS connection (1): dl.google.com:443
22:08:31 [DEBUG] Starting new HTTPS connection (1): dl.google.com:443
22:08:31 [INFO]    🎯 178.154.223.188 (Россия) - 2.8 Mbps, 332ms, UDP✅ 🛡️Reality
22:08:31 [DEBUG] https://cp.cloudflare.com:443 "GET / HTTP/1.1" 204 0
22:08:31 [DEBUG] Starting new HTTPS connection (1): www.gstatic.com:443
22:08:31 [DEBUG] https://cp.cloudflare.com:443 "GET / HTTP/1.1" 204 0
22:08:31 [DEBUG] Starting new HTTPS connection (1): www.gstatic.com:443
22:08:31 [INFO]    🎯 84.201.178.31 (Россия) - 3.0 Mbps, 282ms, UDP✅ 🛡️Reality
22:08:31 [DEBUG] https://dl.google.com:443 "GET /dl/android/studio/install/3.4.1.0/android-studio-ide-183.5522156-windows.exe HTTP/1.1" 200 1017327996
22:08:31 [INFO]    🎯 185.40.153.226 (Россия) - 10.1 Mbps, 261ms, UDP✅ 🛡️Reality
22:08:31 [DEBUG] Starting new HTTPS connection (1): www.google.com:443
22:08:31 [DEBUG] https://cp.cloudflare.com:443 "GET / HTTP/1.1" 204 0
22:08:31 [DEBUG] Starting new HTTPS connection (1): www.gstatic.com:443
22:08:31 [DEBUG] https://dl.google.com:443 "GET /dl/android/studio/install/3.4.1.0/android-studio-ide-183.5522156-windows.exe HTTP/1.1" 200 1017327996
22:08:31 [DEBUG] https://www.gstatic.com:443 "GET /generate_204 HTTP/1.1" 204 0
22:08:31 [INFO]    🎯 46.243.233.12 (Россия) - 25.4 Mbps, 1008ms, UDP✅ 🛡️Reality
22:08:31 [DEBUG] Starting new HTTPS connection (1): www.google.com:443
22:08:31 [DEBUG] Starting new HTTPS connection (1): cp.cloudflare.com:443
22:08:31 [DEBUG] https://www.gstatic.com:443 "GET /generate_204 HTTP/1.1" 204 0
22:08:31 [DEBUG] Starting new HTTPS connection (1): www.google.com:443
22:08:31 [DEBUG] https://www.gstatic.com:443 "GET /generate_204 HTTP/1.1" 204 0
22:08:31 [DEBUG] https://www.gstatic.com:443 "GET /generate_204 HTTP/1.1" 204 0
22:08:31 [DEBUG] Starting new HTTPS connection (1): www.gstatic.com:443
22:08:32 [DEBUG] https://www.google.com:443 "GET /generate_204 HTTP/1.1" 204 0
22:08:32 [DEBUG] Starting new HTTPS connection (1): cp.cloudflare.com:443
22:08:32 [DEBUG] Starting new HTTPS connection (1): dl.google.com:443
22:08:32 [DEBUG] Starting new HTTPS connection (1): dl.google.com:443
22:08:32 [DEBUG] https://www.google.com:443 "GET /generate_204 HTTP/1.1" 204 0
22:08:32 [DEBUG] Starting new HTTPS connection (1): cp.cloudflare.com:443
22:08:32 [DEBUG] Starting new HTTPS connection (1): dl.google.com:443
22:08:32 [DEBUG] Starting new HTTPS connection (1): dl.google.com:443
22:08:32 [DEBUG] Starting new HTTPS connection (1): www.google.com:443
22:08:32 [DEBUG] Starting new HTTPS connection (1): www.google.com:443
22:08:32 [DEBUG] https://cp.cloudflare.com:443 "GET / HTTP/1.1" 204 0
22:08:32 [DEBUG] Starting new HTTPS connection (1): www.google.com:443
22:08:32 [DEBUG] Starting new HTTPS connection (1): www.gstatic.com:443
22:08:32 [DEBUG] https://dl.google.com:443 "GET /dl/android/studio/install/3.4.1.0/android-studio-ide-183.5522156-windows.exe HTTP/1.1" 200 1017327996
22:08:32 [DEBUG] https://www.google.com:443 "GET /generate_204 HTTP/1.1" 204 0
22:08:32 [DEBUG] Starting new HTTPS connection (1): cp.cloudflare.com:443
22:08:32 [DEBUG] https://dl.google.com:443 "GET /dl/android/studio/install/3.4.1.0/android-studio-ide-183.5522156-windows.exe HTTP/1.1" 200 1017327996
22:08:32 [DEBUG] Starting new HTTPS connection (1): www.google.com:443
22:08:32 [DEBUG] https://www.google.com:443 "GET /generate_204 HTTP/1.1" 204 0
22:08:32 [DEBUG] Starting new HTTPS connection (1): cp.cloudflare.com:443
22:08:32 [DEBUG] https://dl.google.com:443 "GET /dl/android/studio/install/3.4.1.0/android-studio-ide-183.5522156-windows.exe HTTP/1.1" 200 1017327996
22:08:33 [INFO]    🎯 109.120.188.206 (Россия) - 21.7 Mbps, 460ms, UDP✅ 🛡️Reality
22:08:33 [DEBUG] https://cp.cloudflare.com:443 "GET / HTTP/1.1" 204 0
22:08:33 [DEBUG] Starting new HTTPS connection (1): www.gstatic.com:443
22:08:33 [DEBUG] https://cp.cloudflare.com:443 "GET / HTTP/1.1" 204 0
22:08:33 [DEBUG] Starting new HTTPS connection (1): www.gstatic.com:443
22:08:33 [DEBUG] https://www.gstatic.com:443 "GET /generate_204 HTTP/1.1" 204 0
22:08:33 [DEBUG] Starting new HTTPS connection (1): www.google.com:443
22:08:33 [DEBUG] https://www.google.com:443 "GET /generate_204 HTTP/1.1" 204 0
22:08:33 [DEBUG] Starting new HTTPS connection (1): cp.cloudflare.com:443
22:08:33 [DEBUG] https://dl.google.com:443 "GET /dl/android/studio/install/3.4.1.0/android-studio-ide-183.5522156-windows.exe HTTP/1.1" 200 1017327996
22:08:33 [DEBUG] https://www.gstatic.com:443 "GET /generate_204 HTTP/1.1" 204 0
22:08:33 [INFO]    🎯 90.156.150.134 (Россия) - 11.7 Mbps, 546ms, UDP✅ 🛡️Reality
22:08:33 [DEBUG] https://cp.cloudflare.com:443 "GET / HTTP/1.1" 204 0
22:08:33 [DEBUG] Starting new HTTPS connection (1): www.gstatic.com:443
22:08:33 [DEBUG] Starting new HTTPS connection (1): dl.google.com:443
22:08:33 [INFO]    🎯 89.208.230.173 (Россия) - 6.6 Mbps, 381ms, UDP✅ 🛡️Reality
22:08:33 [DEBUG] https://www.gstatic.com:443 "GET /generate_204 HTTP/1.1" 204 0
22:08:33 [INFO]    🎯 178.250.243.102 (Россия) - 10.1 Mbps, 1153ms, UDP✅ 🛡️Reality
22:08:33 [DEBUG] https://www.google.com:443 "GET /generate_204 HTTP/1.1" 204 0
22:08:33 [DEBUG] Starting new HTTPS connection (1): cp.cloudflare.com:443
22:08:33 [DEBUG] Starting new HTTPS connection (1): dl.google.com:443
22:08:33 [DEBUG] Starting new HTTPS connection (1): cp.cloudflare.com:443
22:08:33 [DEBUG] https://www.gstatic.com:443 "GET /generate_204 HTTP/1.1" 204 0
22:08:33 [DEBUG] https://cp.cloudflare.com:443 "GET / HTTP/1.1" 204 0
22:08:33 [DEBUG] Starting new HTTPS connection (1): www.gstatic.com:443
22:08:33 [INFO]    🎯 84.252.136.245 (Россия) - 10.7 Mbps, 616ms, UDP✅ 🛡️Reality
22:08:33 [DEBUG] Starting new HTTPS connection (1): dl.google.com:443
22:08:34 [DEBUG] https://dl.google.com:443 "GET /dl/android/studio/install/3.4.1.0/android-studio-ide-183.5522156-windows.exe HTTP/1.1" 200 1017327996
22:08:34 [DEBUG] https://cp.cloudflare.com:443 "GET / HTTP/1.1" 204 0
22:08:34 [DEBUG] Starting new HTTPS connection (1): www.gstatic.com:443
22:08:34 [DEBUG] Starting new HTTPS connection (1): www.google.com:443
22:08:34 [DEBUG] https://www.gstatic.com:443 "GET /generate_204 HTTP/1.1" 204 0
22:08:34 [DEBUG] https://dl.google.com:443 "GET /dl/android/studio/install/3.4.1.0/android-studio-ide-183.5522156-windows.exe HTTP/1.1" 200 1017327996
22:08:34 [DEBUG] https://dl.google.com:443 "GET /dl/android/studio/install/3.4.1.0/android-studio-ide-183.5522156-windows.exe HTTP/1.1" 200 1017327996
22:08:34 [DEBUG] https://www.gstatic.com:443 "GET /generate_204 HTTP/1.1" 204 0
22:08:34 [DEBUG] Starting new HTTPS connection (1): dl.google.com:443
22:08:34 [DEBUG] https://www.google.com:443 "GET /generate_204 HTTP/1.1" 204 0
22:08:34 [DEBUG] Starting new HTTPS connection (1): cp.cloudflare.com:443
22:08:34 [DEBUG] Starting new HTTPS connection (1): www.google.com:443
22:08:34 [INFO]    🎯 51.250.117.136 (Россия) - 22.4 Mbps, 385ms, UDP✅ 🛡️Reality
22:08:34 [DEBUG] https://cp.cloudflare.com:443 "GET / HTTP/1.1" 204 0
22:08:34 [DEBUG] Starting new HTTPS connection (1): www.gstatic.com:443
22:08:34 [DEBUG] Starting new HTTPS connection (1): www.google.com:443
22:08:34 [DEBUG] Starting new HTTPS connection (1): dl.google.com:443
22:08:34 [DEBUG] Starting new HTTPS connection (1): www.google.com:443
22:08:35 [DEBUG] https://www.google.com:443 "GET /generate_204 HTTP/1.1" 204 0
22:08:35 [DEBUG] Starting new HTTPS connection (1): cp.cloudflare.com:443
22:08:35 [DEBUG] Starting new HTTPS connection (1): www.google.com:443
22:08:35 [DEBUG] https://cp.cloudflare.com:443 "GET / HTTP/1.1" 204 0
22:08:35 [DEBUG] Starting new HTTPS connection (1): www.gstatic.com:443
22:08:35 [DEBUG] https://dl.google.com:443 "GET /dl/android/studio/install/3.4.1.0/android-studio-ide-183.5522156-windows.exe HTTP/1.1" 200 1017327996
22:08:35 [DEBUG] https://www.google.com:443 "GET /generate_204 HTTP/1.1" 204 0
22:08:35 [DEBUG] Starting new HTTPS connection (1): cp.cloudflare.com:443
22:08:35 [INFO]    🎯 146.185.240.23 (Россия) - 11.9 Mbps, 679ms, UDP✅ 🛡️Reality
22:08:35 [DEBUG] https://dl.google.com:443 "GET /dl/android/studio/install/3.4.1.0/android-studio-ide-183.5522156-windows.exe HTTP/1.1" 200 1017327996
22:08:35 [INFO]    🎯 5.188.143.178 (Россия) - 21.5 Mbps, 475ms, UDP✅ 🛡️Reality
22:08:35 [DEBUG] https://www.google.com:443 "GET /generate_204 HTTP/1.1" 204 0
22:08:35 [DEBUG] Starting new HTTPS connection (1): cp.cloudflare.com:443
22:08:35 [DEBUG] https://www.google.com:443 "GET /generate_204 HTTP/1.1" 204 0
22:08:35 [DEBUG] Starting new HTTPS connection (1): cp.cloudflare.com:443
22:08:35 [DEBUG] https://www.google.com:443 "GET /generate_204 HTTP/1.1" 204 0
22:08:35 [DEBUG] Starting new HTTPS connection (1): cp.cloudflare.com:443
22:08:35 [DEBUG] https://cp.cloudflare.com:443 "GET / HTTP/1.1" 204 0
22:08:35 [DEBUG] Starting new HTTPS connection (1): www.gstatic.com:443
22:08:35 [DEBUG] https://www.gstatic.com:443 "GET /generate_204 HTTP/1.1" 204 0
22:08:35 [DEBUG] https://cp.cloudflare.com:443 "GET / HTTP/1.1" 204 0
22:08:35 [DEBUG] Starting new HTTPS connection (1): www.gstatic.com:443
22:08:35 [DEBUG] https://www.gstatic.com:443 "GET /generate_204 HTTP/1.1" 204 0
22:08:35 [DEBUG] https://cp.cloudflare.com:443 "GET / HTTP/1.1" 204 0
22:08:35 [DEBUG] Starting new HTTPS connection (1): www.gstatic.com:443
22:08:35 [DEBUG] Starting new HTTPS connection (1): www.google.com:443
22:08:36 [INFO]    🎯 158.160.105.121 (Россия) - 14.8 Mbps, 431ms, UDP✅ 🛡️Reality
22:08:36 [DEBUG] Starting new HTTPS connection (1): dl.google.com:443
22:08:36 [DEBUG] https://www.google.com:443 "GET /generate_204 HTTP/1.1" 204 0
22:08:36 [DEBUG] Starting new HTTPS connection (1): cp.cloudflare.com:443
22:08:36 [DEBUG] https://www.gstatic.com:443 "GET /generate_204 HTTP/1.1" 204 0
22:08:36 [DEBUG] https://www.gstatic.com:443 "GET /generate_204 HTTP/1.1" 204 0
22:08:36 [DEBUG] Starting new HTTPS connection (1): www.google.com:443
22:08:36 [DEBUG] https://dl.google.com:443 "GET /dl/android/studio/install/3.4.1.0/android-studio-ide-183.5522156-windows.exe HTTP/1.1" 200 1017327996
22:08:36 [DEBUG] https://www.gstatic.com:443 "GET /generate_204 HTTP/1.1" 204 0
22:08:36 [DEBUG] Starting new HTTPS connection (1): www.google.com:443
22:08:36 [DEBUG] Starting new HTTPS connection (1): dl.google.com:443
22:08:36 [DEBUG] Starting new HTTPS connection (1): dl.google.com:443
22:08:36 [DEBUG] https://cp.cloudflare.com:443 "GET / HTTP/1.1" 204 0
22:08:36 [DEBUG] Starting new HTTPS connection (1): www.gstatic.com:443
22:08:36 [DEBUG] Starting new HTTPS connection (1): dl.google.com:443
22:08:36 [DEBUG] https://www.google.com:443 "GET /generate_204 HTTP/1.1" 204 0
22:08:36 [DEBUG] Starting new HTTPS connection (1): cp.cloudflare.com:443
22:08:37 [DEBUG] https://www.google.com:443 "GET /generate_204 HTTP/1.1" 204 0
22:08:37 [DEBUG] Starting new HTTPS connection (1): cp.cloudflare.com:443
22:08:37 [INFO]    🎯 5.188.141.176 (Россия) - 4.8 Mbps, 338ms, UDP✅ 🛡️Reality
22:08:37 [DEBUG] https://dl.google.com:443 "GET /dl/android/studio/install/3.4.1.0/android-studio-ide-183.5522156-windows.exe HTTP/1.1" 200 1017327996
22:08:37 [DEBUG] https://dl.google.com:443 "GET /dl/android/studio/install/3.4.1.0/android-studio-ide-183.5522156-windows.exe HTTP/1.1" 200 1017327996
22:08:37 [DEBUG] https://dl.google.com:443 "GET /dl/android/studio/install/3.4.1.0/android-studio-ide-183.5522156-windows.exe HTTP/1.1" 200 1017327996
22:08:37 [DEBUG] https://www.gstatic.com:443 "GET /generate_204 HTTP/1.1" 204 0
22:08:37 [DEBUG] Starting new HTTPS connection (1): www.google.com:443
22:08:37 [DEBUG] https://cp.cloudflare.com:443 "GET / HTTP/1.1" 204 0
22:08:37 [DEBUG] Starting new HTTPS connection (1): www.gstatic.com:443
22:08:37 [INFO]    🎯 89.208.228.43 (Россия) - 26.4 Mbps, 651ms, UDP❌ 🛡️Reality
22:08:37 [INFO]    🎯 109.120.191.248 (Россия) - 21.7 Mbps, 449ms, UDP✅ 🛡️Reality
22:08:37 [DEBUG] https://cp.cloudflare.com:443 "GET / HTTP/1.1" 204 0
22:08:37 [DEBUG] Starting new HTTPS connection (1): dl.google.com:443
22:08:37 [DEBUG] Starting new HTTPS connection (1): www.gstatic.com:443
22:08:37 [DEBUG] https://www.google.com:443 "GET /generate_204 HTTP/1.1" 204 0
22:08:37 [DEBUG] Starting new HTTPS connection (1): cp.cloudflare.com:443
22:08:37 [DEBUG] Starting new HTTPS connection (1): dl.google.com:443
22:08:37 [INFO]    🎯 176.123.164.110 (Россия) - 14.1 Mbps, 469ms, UDP✅ 🛡️Reality
22:08:37 [DEBUG] https://www.gstatic.com:443 "GET /generate_204 HTTP/1.1" 204 0
22:08:37 [DEBUG] https://www.gstatic.com:443 "GET /generate_204 HTTP/1.1" 204 0
22:08:38 [DEBUG] https://dl.google.com:443 "GET /dl/android/studio/install/3.4.1.0/android-studio-ide-183.5522156-windows.exe HTTP/1.1" 200 1017327996
22:08:38 [DEBUG] https://cp.cloudflare.com:443 "GET / HTTP/1.1" 204 0
22:08:38 [DEBUG] Starting new HTTPS connection (1): www.gstatic.com:443
22:08:38 [DEBUG] Starting new HTTPS connection (1): dl.google.com:443
22:08:38 [DEBUG] Starting new HTTPS connection (1): www.google.com:443
22:08:38 [DEBUG] Starting new HTTPS connection (1): dl.google.com:443
22:08:38 [INFO]    🎯 109.120.188.227 (Россия) - 20.9 Mbps, 427ms, UDP✅ 🛡️Reality
22:08:38 [DEBUG] https://cp.cloudflare.com:443 "GET / HTTP/1.1" 204 0
22:08:38 [DEBUG] Starting new HTTPS connection (1): www.gstatic.com:443
22:08:38 [INFO]    🎯 95.163.182.181 (Россия) - 7.4 Mbps, 369ms, UDP✅ 🛡️Reality
22:08:38 [INFO]    📊 Глубокая проверка: 1544/1936 (80%) | ✅353 ❌1191
22:08:38 [DEBUG] https://www.gstatic.com:443 "GET /generate_204 HTTP/1.1" 204 0
22:08:38 [DEBUG] Starting new HTTPS connection (1): dl.google.com:443
22:08:38 [DEBUG] Starting new HTTPS connection (1): www.google.com:443
22:08:38 [DEBUG] Starting new HTTPS connection (1): www.google.com:443
22:08:38 [DEBUG] https://www.google.com:443 "GET /generate_204 HTTP/1.1" 204 0
22:08:38 [DEBUG] Starting new HTTPS connection (1): cp.cloudflare.com:443
22:08:38 [DEBUG] Starting new HTTPS connection (1): www.gstatic.com:443
22:08:38 [DEBUG] https://www.gstatic.com:443 "GET /generate_204 HTTP/1.1" 204 0
22:08:38 [DEBUG] https://dl.google.com:443 "GET /dl/android/studio/install/3.4.1.0/android-studio-ide-183.5522156-windows.exe HTTP/1.1" 200 1017327996
22:08:38 [DEBUG] https://dl.google.com:443 "GET /dl/android/studio/install/3.4.1.0/android-studio-ide-183.5522156-windows.exe HTTP/1.1" 200 1017327996
22:08:38 [DEBUG] Starting new HTTPS connection (1): dl.google.com:443
22:08:39 [DEBUG] https://www.google.com:443 "GET /generate_204 HTTP/1.1" 204 0
22:08:39 [DEBUG] Starting new HTTPS connection (1): cp.cloudflare.com:443
22:08:39 [DEBUG] Starting new HTTPS connection (1): dl.google.com:443
22:08:39 [DEBUG] Starting new HTTPS connection (1): www.google.com:443
22:08:39 [DEBUG] https://dl.google.com:443 "GET /dl/android/studio/install/3.4.1.0/android-studio-ide-183.5522156-windows.exe HTTP/1.1" 200 1017327996
22:08:39 [DEBUG] https://cp.cloudflare.com:443 "GET / HTTP/1.1" 204 0
22:08:39 [DEBUG] Starting new HTTPS connection (1): www.gstatic.com:443
22:08:39 [DEBUG] https://cp.cloudflare.com:443 "GET / HTTP/1.1" 204 0
22:08:39 [DEBUG] Starting new HTTPS connection (1): www.gstatic.com:443
22:08:39 [DEBUG] https://dl.google.com:443 "GET /dl/android/studio/install/3.4.1.0/android-studio-ide-183.5522156-windows.exe HTTP/1.1" 200 1017327996
22:08:39 [INFO]    🎯 79.137.175.44 (Россия) - 13.6 Mbps, 443ms, UDP✅ 🛡️Reality
22:08:39 [DEBUG] Starting new HTTPS connection (1): www.google.com:443
22:08:39 [DEBUG] https://dl.google.com:443 "GET /dl/android/studio/install/3.4.1.0/android-studio-ide-183.5522156-windows.exe HTTP/1.1" 200 1017327996
22:08:39 [DEBUG] https://www.gstatic.com:443 "GET /generate_204 HTTP/1.1" 204 0
22:08:39 [DEBUG] https://www.google.com:443 "GET /generate_204 HTTP/1.1" 204 0
22:08:39 [DEBUG] Starting new HTTPS connection (1): cp.cloudflare.com:443
22:08:39 [DEBUG] Starting new HTTPS connection (1): www.google.com:443
22:08:39 [INFO]    🎯 109.120.191.65 (Россия) - 23.1 Mbps, 448ms, UDP✅ 🛡️Reality
22:08:39 [INFO]    🎯 84.252.143.25 (Россия) - 12.4 Mbps, 504ms, UDP✅ 🛡️Reality
22:08:39 [DEBUG] https://www.gstatic.com:443 "GET /generate_204 HTTP/1.1" 204 0
22:08:39 [DEBUG] Starting new HTTPS connection (1): dl.google.com:443
22:08:39 [INFO]    🎯 158.160.223.36 (Россия) - 13.2 Mbps, 468ms, UDP❌ 🛡️Reality
22:08:39 [DEBUG] https://www.google.com:443 "GET /generate_204 HTTP/1.1" 204 0
22:08:39 [DEBUG] Starting new HTTPS connection (1): cp.cloudflare.com:443
22:08:39 [DEBUG] https://www.gstatic.com:443 "GET /generate_204 HTTP/1.1" 204 0
22:08:40 [DEBUG] Starting new HTTPS connection (1): dl.google.com:443
22:08:40 [DEBUG] https://dl.google.com:443 "GET /dl/android/studio/install/3.4.1.0/android-studio-ide-183.5522156-windows.exe HTTP/1.1" 200 1017327996
22:08:40 [DEBUG] https://cp.cloudflare.com:443 "GET / HTTP/1.1" 204 0
22:08:40 [DEBUG] Starting new HTTPS connection (1): www.gstatic.com:443
22:08:40 [DEBUG] https://cp.cloudflare.com:443 "GET / HTTP/1.1" 204 0
22:08:40 [DEBUG] Starting new HTTPS connection (1): www.gstatic.com:443
22:08:40 [INFO]    🎯 46.235.186.203 (Россия) - 31.9 Mbps, 297ms, UDP✅ 
22:08:40 [DEBUG] https://www.google.com:443 "GET /generate_204 HTTP/1.1" 204 0
22:08:40 [DEBUG] Starting new HTTPS connection (1): cp.cloudflare.com:443
22:08:40 [DEBUG] Starting new HTTPS connection (1): www.gstatic.com:443
22:08:40 [DEBUG] https://www.gstatic.com:443 "GET /generate_204 HTTP/1.1" 204 0
22:08:40 [DEBUG] https://dl.google.com:443 "GET /dl/android/studio/install/3.4.1.0/android-studio-ide-183.5522156-windows.exe HTTP/1.1" 200 1017327996
22:08:40 [DEBUG] https://www.gstatic.com:443 "GET /generate_204 HTTP/1.1" 204 0
22:08:40 [INFO]    🎯 51.250.9.25 (Россия) - 10.0 Mbps, 1375ms, UDP✅ 🛡️Reality
22:08:40 [DEBUG] Starting new HTTPS connection (1): www.google.com:443
22:08:40 [DEBUG] Starting new HTTPS connection (1): dl.google.com:443
22:08:40 [DEBUG] Starting new HTTPS connection (1): www.google.com:443
22:08:40 [DEBUG] Starting new HTTPS connection (1): www.google.com:443
22:08:40 [DEBUG] https://cp.cloudflare.com:443 "GET / HTTP/1.1" 204 0
22:08:40 [DEBUG] Starting new HTTPS connection (1): www.gstatic.com:443
22:08:41 [DEBUG] Starting new HTTPS connection (1): dl.google.com:443
22:08:41 [DEBUG] Starting new HTTPS connection (1): www.google.com:443
22:08:41 [DEBUG] https://dl.google.com:443 "GET /dl/android/studio/install/3.4.1.0/android-studio-ide-183.5522156-windows.exe HTTP/1.1" 200 1017327996
22:08:41 [DEBUG] Starting new HTTPS connection (1): www.google.com:443
22:08:41 [DEBUG] https://www.google.com:443 "GET /generate_204 HTTP/1.1" 204 0
22:08:41 [DEBUG] Starting new HTTPS connection (1): cp.cloudflare.com:443
22:08:41 [DEBUG] https://www.google.com:443 "GET /generate_204 HTTP/1.1" 204 0
22:08:41 [DEBUG] Starting new HTTPS connection (1): cp.cloudflare.com:443
22:08:41 [INFO]    🎯 212.193.153.187 (Россия) - 29.3 Mbps, 325ms, UDP✅ 
22:08:41 [INFO]    🎯 176.123.164.110 (Россия) - 12.5 Mbps, 472ms, UDP✅ 🛡️Reality
22:08:41 [DEBUG] https://www.google.com:443 "GET /generate_204 HTTP/1.1" 204 0
22:08:41 [DEBUG] Starting new HTTPS connection (1): cp.cloudflare.com:443
22:08:41 [DEBUG] https://dl.google.com:443 "GET /dl/android/studio/install/3.4.1.0/android-studio-ide-183.5522156-windows.exe HTTP/1.1" 200 1017327996
22:08:41 [DEBUG] https://www.google.com:443 "GET /generate_204 HTTP/1.1" 204 0
22:08:41 [DEBUG] Starting new HTTPS connection (1): cp.cloudflare.com:443
22:08:41 [DEBUG] Starting new HTTPS connection (1): www.google.com:443
22:08:41 [DEBUG] https://www.gstatic.com:443 "GET /generate_204 HTTP/1.1" 204 0
22:08:41 [DEBUG] https://www.google.com:443 "GET /generate_204 HTTP/1.1" 204 0
22:08:41 [DEBUG] Starting new HTTPS connection (1): cp.cloudflare.com:443
22:08:41 [DEBUG] https://cp.cloudflare.com:443 "GET / HTTP/1.1" 204 0
22:08:41 [DEBUG] Starting new HTTPS connection (1): www.gstatic.com:443
22:08:41 [DEBUG] https://cp.cloudflare.com:443 "GET / HTTP/1.1" 204 0
22:08:41 [DEBUG] Starting new HTTPS connection (1): www.gstatic.com:443
22:08:41 [DEBUG] https://cp.cloudflare.com:443 "GET / HTTP/1.1" 204 0
22:08:41 [DEBUG] Starting new HTTPS connection (1): www.gstatic.com:443
22:08:41 [DEBUG] Starting new HTTPS connection (1): dl.google.com:443
22:08:41 [DEBUG] https://cp.cloudflare.com:443 "GET / HTTP/1.1" 204 0
22:08:41 [DEBUG] Starting new HTTPS connection (1): www.gstatic.com:443
22:08:41 [DEBUG] Starting new HTTPS connection (1): www.google.com:443
22:08:42 [DEBUG] https://dl.google.com:443 "GET /dl/android/studio/install/3.4.1.0/android-studio-ide-183.5522156-windows.exe HTTP/1.1" 200 1017327996
22:08:42 [DEBUG] https://www.google.com:443 "GET /generate_204 HTTP/1.1" 204 0
22:08:42 [DEBUG] Starting new HTTPS connection (1): cp.cloudflare.com:443
22:08:42 [DEBUG] https://www.gstatic.com:443 "GET /generate_204 HTTP/1.1" 204 0
22:08:42 [DEBUG] https://www.gstatic.com:443 "GET /generate_204 HTTP/1.1" 204 0
22:08:42 [DEBUG] https://cp.cloudflare.com:443 "GET / HTTP/1.1" 204 0
22:08:42 [DEBUG] Starting new HTTPS connection (1): www.gstatic.com:443
22:08:42 [INFO]    🎯 176.123.164.110 (Россия) - 13.9 Mbps, 514ms, UDP✅ 🛡️Reality
22:08:42 [DEBUG] https://www.gstatic.com:443 "GET /generate_204 HTTP/1.1" 204 0
22:08:42 [DEBUG] https://www.gstatic.com:443 "GET /generate_204 HTTP/1.1" 204 0
22:08:42 [DEBUG] Starting new HTTPS connection (1): dl.google.com:443
22:08:42 [DEBUG] Starting new HTTPS connection (1): dl.google.com:443
22:08:42 [DEBUG] https://www.google.com:443 "GET /generate_204 HTTP/1.1" 204 0
22:08:42 [DEBUG] Starting new HTTPS connection (1): cp.cloudflare.com:443
22:08:42 [DEBUG] https://dl.google.com:443 "GET /dl/android/studio/install/3.4.1.0/android-studio-ide-183.5522156-windows.exe HTTP/1.1" 200 1017327996
22:08:42 [DEBUG] Starting new HTTPS connection (1): dl.google.com:443
22:08:42 [DEBUG] Starting new HTTPS connection (1): www.google.com:443
22:08:42 [DEBUG] https://cp.cloudflare.com:443 "GET / HTTP/1.1" 204 0
22:08:42 [DEBUG] Starting new HTTPS connection (1): www.gstatic.com:443
22:08:42 [DEBUG] https://www.gstatic.com:443 "GET /generate_204 HTTP/1.1" 204 0
22:08:42 [DEBUG] Starting new HTTPS connection (1): dl.google.com:443
22:08:42 [DEBUG] Starting new HTTPS connection (1): www.google.com:443
22:08:42 [DEBUG] https://dl.google.com:443 "GET /dl/android/studio/install/3.4.1.0/android-studio-ide-183.5522156-windows.exe HTTP/1.1" 200 1017327996
22:08:42 [DEBUG] https://cp.cloudflare.com:443 "GET / HTTP/1.1" 204 0
22:08:42 [DEBUG] Starting new HTTPS connection (1): www.gstatic.com:443
22:08:42 [DEBUG] https://dl.google.com:443 "GET /dl/android/studio/install/3.4.1.0/android-studio-ide-183.5522156-windows.exe HTTP/1.1" 200 1017327996
22:08:42 [DEBUG] Starting new HTTPS connection (1): dl.google.com:443
22:08:42 [DEBUG] https://dl.google.com:443 "GET /dl/android/studio/install/3.4.1.0/android-studio-ide-183.5522156-windows.exe HTTP/1.1" 200 1017327996
22:08:42 [DEBUG] https://www.google.com:443 "GET /generate_204 HTTP/1.1" 204 0
22:08:42 [DEBUG] Starting new HTTPS connection (1): cp.cloudflare.com:443
22:08:43 [DEBUG] https://dl.google.com:443 "GET /dl/android/studio/install/3.4.1.0/android-studio-ide-183.5522156-windows.exe HTTP/1.1" 200 1017327996
22:08:43 [DEBUG] https://www.gstatic.com:443 "GET /generate_204 HTTP/1.1" 204 0
22:08:43 [INFO]    🎯 5.188.140.115 (Россия) - 28.6 Mbps, 461ms, UDP✅ 🛡️Reality
22:08:43 [DEBUG] https://www.gstatic.com:443 "GET /generate_204 HTTP/1.1" 204 0
22:08:43 [DEBUG] https://cp.cloudflare.com:443 "GET / HTTP/1.1" 204 0
22:08:43 [DEBUG] Starting new HTTPS connection (1): www.gstatic.com:443
22:08:43 [DEBUG] https://dl.google.com:443 "GET /dl/android/studio/install/3.4.1.0/android-studio-ide-183.5522156-windows.exe HTTP/1.1" 200 1017327996
22:08:43 [INFO]    🎯 130.193.59.133 (Россия) - 16.0 Mbps, 391ms, UDP✅ 🛡️Reality
22:08:43 [DEBUG] Starting new HTTPS connection (1): www.google.com:443
22:08:43 [DEBUG] Starting new HTTPS connection (1): dl.google.com:443
22:08:43 [INFO]    🎯 37.139.34.145 (Россия) - 13.7 Mbps, 440ms, UDP✅ 🛡️Reality
22:08:43 [DEBUG] Starting new HTTPS connection (1): dl.google.com:443
22:08:43 [INFO]    🎯 130.193.59.133 (Россия) - 16.2 Mbps, 401ms, UDP✅ 🛡️Reality
22:08:43 [DEBUG] Starting new HTTPS connection (1): cp.cloudflare.com:443
22:08:43 [INFO]    🎯 109.120.191.40 (Россия) - 20.2 Mbps, 475ms, UDP✅ 🛡️Reality
22:08:43 [DEBUG] https://www.gstatic.com:443 "GET /generate_204 HTTP/1.1" 204 0
22:08:43 [DEBUG] https://www.google.com:443 "GET /generate_204 HTTP/1.1" 204 0
22:08:43 [DEBUG] Starting new HTTPS connection (1): cp.cloudflare.com:443
22:08:44 [DEBUG] Starting new HTTPS connection (1): dl.google.com:443
22:08:44 [DEBUG] https://dl.google.com:443 "GET /dl/android/studio/install/3.4.1.0/android-studio-ide-183.5522156-windows.exe HTTP/1.1" 200 1017327996
22:08:44 [DEBUG] https://dl.google.com:443 "GET /dl/android/studio/install/3.4.1.0/android-studio-ide-183.5522156-windows.exe HTTP/1.1" 200 1017327996
22:08:44 [DEBUG] https://cp.cloudflare.com:443 "GET / HTTP/1.1" 204 0
22:08:44 [DEBUG] Starting new HTTPS connection (1): www.gstatic.com:443
22:08:44 [DEBUG] https://www.gstatic.com:443 "GET /generate_204 HTTP/1.1" 204 0
22:08:44 [DEBUG] Starting new HTTPS connection (1): www.google.com:443
22:08:44 [INFO]    🎯 104.17.165.123 (None) - 0.6 Mbps, 1128ms, UDP✅ 
22:08:44 [INFO]    🎯 5.188.141.69 (Россия) - 20.3 Mbps, 458ms, UDP✅ 🛡️Reality
22:08:44 [DEBUG] https://dl.google.com:443 "GET /dl/android/studio/install/3.4.1.0/android-studio-ide-183.5522156-windows.exe HTTP/1.1" 200 1017327996
22:08:44 [DEBUG] https://www.gstatic.com:443 "GET /generate_204 HTTP/1.1" 204 0
22:08:44 [DEBUG] Starting new HTTPS connection (1): www.google.com:443
22:08:44 [DEBUG] https://www.google.com:443 "GET /generate_204 HTTP/1.1" 204 0
22:08:44 [DEBUG] Starting new HTTPS connection (1): cp.cloudflare.com:443
22:08:44 [DEBUG] Starting new HTTPS connection (1): www.google.com:443
22:08:44 [DEBUG] Starting new HTTPS connection (1): dl.google.com:443
22:08:44 [DEBUG] Starting new HTTPS connection (1): www.google.com:443
22:08:44 [INFO]    🎯 84.252.143.25 (Россия) - 12.0 Mbps, 511ms, UDP✅ 🛡️Reality
22:08:44 [DEBUG] Starting new HTTPS connection (1): www.google.com:443
22:08:45 [DEBUG] https://www.google.com:443 "GET /generate_204 HTTP/1.1" 204 0
22:08:45 [DEBUG] Starting new HTTPS connection (1): cp.cloudflare.com:443
22:08:45 [DEBUG] https://www.google.com:443 "GET /generate_204 HTTP/1.1" 204 0
22:08:45 [DEBUG] Starting new HTTPS connection (1): cp.cloudflare.com:443
22:08:45 [INFO]    🎯 90.156.217.130 (Россия) - 15.6 Mbps, 397ms, UDP✅ 🛡️Reality
22:08:45 [DEBUG] https://cp.cloudflare.com:443 "GET / HTTP/1.1" 204 0
22:08:45 [DEBUG] Starting new HTTPS connection (1): www.gstatic.com:443
22:08:45 [DEBUG] https://dl.google.com:443 "GET /dl/android/studio/install/3.4.1.0/android-studio-ide-183.5522156-windows.exe HTTP/1.1" 200 1017327996
22:08:45 [DEBUG] https://www.google.com:443 "GET /generate_204 HTTP/1.1" 204 0
22:08:45 [DEBUG] Starting new HTTPS connection (1): cp.cloudflare.com:443
22:08:45 [DEBUG] https://www.google.com:443 "GET /generate_204 HTTP/1.1" 204 0
22:08:45 [DEBUG] Starting new HTTPS connection (1): cp.cloudflare.com:443
22:08:45 [DEBUG] https://www.google.com:443 "GET /generate_204 HTTP/1.1" 204 0
22:08:45 [DEBUG] Starting new HTTPS connection (1): cp.cloudflare.com:443
22:08:45 [DEBUG] https://cp.cloudflare.com:443 "GET / HTTP/1.1" 204 0
22:08:45 [DEBUG] Starting new HTTPS connection (1): www.gstatic.com:443
22:08:45 [DEBUG] Starting new HTTPS connection (1): www.google.com:443
22:08:45 [DEBUG] Starting new HTTPS connection (1): www.google.com:443
22:08:45 [DEBUG] https://cp.cloudflare.com:443 "GET / HTTP/1.1" 204 0
22:08:45 [DEBUG] Starting new HTTPS connection (1): www.gstatic.com:443
22:08:45 [DEBUG] https://cp.cloudflare.com:443 "GET / HTTP/1.1" 204 0
22:08:45 [DEBUG] Starting new HTTPS connection (1): www.gstatic.com:443
22:08:45 [DEBUG] https://cp.cloudflare.com:443 "GET / HTTP/1.1" 204 0
22:08:45 [DEBUG] Starting new HTTPS connection (1): www.gstatic.com:443
22:08:45 [DEBUG] https://www.gstatic.com:443 "GET /generate_204 HTTP/1.1" 204 0
22:08:45 [DEBUG] https://www.gstatic.com:443 "GET /generate_204 HTTP/1.1" 204 0
22:08:45 [INFO]    🎯 37.139.33.57 (Россия) - 16.5 Mbps, 392ms, UDP✅ 🛡️Reality
22:08:45 [INFO]    🎯 95.163.182.206 (Россия) - 4.2 Mbps, 643ms, UDP✅ 🛡️Reality
22:08:45 [DEBUG] https://www.google.com:443 "GET /generate_204 HTTP/1.1" 204 0
22:08:45 [DEBUG] Starting new HTTPS connection (1): cp.cloudflare.com:443
22:08:46 [DEBUG] https://www.google.com:443 "GET /generate_204 HTTP/1.1" 204 0
22:08:46 [DEBUG] Starting new HTTPS connection (1): cp.cloudflare.com:443
22:08:46 [DEBUG] Starting new HTTPS connection (1): www.google.com:443
22:08:46 [DEBUG] Starting new HTTPS connection (1): dl.google.com:443
22:08:46 [DEBUG] https://www.gstatic.com:443 "GET /generate_204 HTTP/1.1" 204 0
22:08:46 [DEBUG] https://www.gstatic.com:443 "GET /generate_204 HTTP/1.1" 204 0
22:08:46 [DEBUG] https://www.gstatic.com:443 "GET /generate_204 HTTP/1.1" 204 0
22:08:46 [DEBUG] Starting new HTTPS connection (1): dl.google.com:443
22:08:46 [DEBUG] https://cp.cloudflare.com:443 "GET / HTTP/1.1" 204 0
22:08:46 [DEBUG] Starting new HTTPS connection (1): www.gstatic.com:443
22:08:46 [DEBUG] Starting new HTTPS connection (1): www.google.com:443
22:08:46 [DEBUG] Starting new HTTPS connection (1): dl.google.com:443
22:08:46 [DEBUG] Starting new HTTPS connection (1): dl.google.com:443
22:08:46 [DEBUG] Starting new HTTPS connection (1): cp.cloudflare.com:443
22:08:46 [DEBUG] Starting new HTTPS connection (1): dl.google.com:443
22:08:46 [DEBUG] https://www.gstatic.com:443 "GET /generate_204 HTTP/1.1" 204 0
22:08:46 [DEBUG] https://www.google.com:443 "GET /generate_204 HTTP/1.1" 204 0
22:08:46 [DEBUG] Starting new HTTPS connection (1): cp.cloudflare.com:443
22:08:46 [DEBUG] https://cp.cloudflare.com:443 "GET / HTTP/1.1" 204 0
22:08:46 [DEBUG] Starting new HTTPS connection (1): www.gstatic.com:443
22:08:46 [DEBUG] Starting new HTTPS connection (1): www.gstatic.com:443
22:08:46 [DEBUG] https://dl.google.com:443 "GET /dl/android/studio/install/3.4.1.0/android-studio-ide-183.5522156-windows.exe HTTP/1.1" 200 1017327996
22:08:46 [DEBUG] Starting new HTTPS connection (1): dl.google.com:443
22:08:46 [DEBUG] https://dl.google.com:443 "GET /dl/android/studio/install/3.4.1.0/android-studio-ide-183.5522156-windows.exe HTTP/1.1" 200 1017327996
22:08:46 [DEBUG] https://dl.google.com:443 "GET /dl/android/studio/install/3.4.1.0/android-studio-ide-183.5522156-windows.exe HTTP/1.1" 200 1017327996
22:08:46 [DEBUG] https://cp.cloudflare.com:443 "GET / HTTP/1.1" 204 0
22:08:46 [DEBUG] Starting new HTTPS connection (1): www.gstatic.com:443
22:08:46 [DEBUG] https://dl.google.com:443 "GET /dl/android/studio/install/3.4.1.0/android-studio-ide-183.5522156-windows.exe HTTP/1.1" 200 1017327996
22:08:47 [DEBUG] https://dl.google.com:443 "GET /dl/android/studio/install/3.4.1.0/android-studio-ide-183.5522156-windows.exe HTTP/1.1" 200 1017327996
22:08:47 [DEBUG] https://www.gstatic.com:443 "GET /generate_204 HTTP/1.1" 204 0
22:08:47 [DEBUG] https://dl.google.com:443 "GET /dl/android/studio/install/3.4.1.0/android-studio-ide-183.5522156-windows.exe HTTP/1.1" 200 1017327996
22:08:47 [DEBUG] Starting new HTTPS connection (1): www.google.com:443
22:08:47 [DEBUG] Starting new HTTPS connection (1): www.google.com:443
22:08:47 [DEBUG] Starting new HTTPS connection (1): dl.google.com:443
22:08:47 [INFO]    🎯 46.235.189.157 (Россия) - 32.1 Mbps, 296ms, UDP✅ 
22:08:47 [INFO]    🎯 176.109.109.58 (Россия) - 15.2 Mbps, 419ms, UDP✅ 🛡️Reality
22:08:47 [INFO]    🎯 84.201.128.76 (Россия) - 20.3 Mbps, 403ms, UDP✅ 🛡️Reality
22:08:47 [DEBUG] Starting new HTTPS connection (1): dl.google.com:443
22:08:47 [DEBUG] https://www.gstatic.com:443 "GET /generate_204 HTTP/1.1" 204 0
22:08:47 [DEBUG] https://www.google.com:443 "GET /generate_204 HTTP/1.1" 204 0
22:08:47 [DEBUG] Starting new HTTPS connection (1): cp.cloudflare.com:443
22:08:47 [INFO]    🎯 5.188.141.138 (Россия) - 11.8 Mbps, 496ms, UDP✅ 🛡️Reality
22:08:47 [INFO]    🎯 176.109.109.58 (Россия) - 15.4 Mbps, 428ms, UDP✅ 🛡️Reality
22:08:47 [INFO]    🎯 178.154.253.80 (Россия) - 15.7 Mbps, 430ms, UDP✅ 🛡️Reality
22:08:47 [DEBUG] Starting new HTTPS connection (1): dl.google.com:443
22:08:47 [DEBUG] https://cp.cloudflare.com:443 "GET / HTTP/1.1" 204 0
22:08:47 [DEBUG] https://dl.google.com:443 "GET /dl/android/studio/install/3.4.1.0/android-studio-ide-183.5522156-windows.exe HTTP/1.1" 200 1017327996
22:08:47 [DEBUG] Starting new HTTPS connection (1): www.gstatic.com:443
22:08:47 [DEBUG] https://cp.cloudflare.com:443 "GET / HTTP/1.1" 204 0
22:08:47 [DEBUG] Starting new HTTPS connection (1): www.gstatic.com:443
22:08:47 [DEBUG] Starting new HTTPS connection (1): www.google.com:443
22:08:48 [INFO]    🎯 5.188.140.55 (Россия) - 23.2 Mbps, 447ms, UDP✅ 🛡️Reality
22:08:48 [DEBUG] https://dl.google.com:443 "GET /dl/android/studio/install/3.4.1.0/android-studio-ide-183.5522156-windows.exe HTTP/1.1" 200 1017327996
22:08:48 [DEBUG] Starting new HTTPS connection (1): cp.cloudflare.com:443
22:08:48 [DEBUG] https://www.gstatic.com:443 "GET /generate_204 HTTP/1.1" 204 0
22:08:48 [DEBUG] Starting new HTTPS connection (1): www.google.com:443
22:08:48 [DEBUG] Starting new HTTPS connection (1): www.google.com:443
22:08:48 [DEBUG] Starting new HTTPS connection (1): www.google.com:443
22:08:48 [DEBUG] Starting new HTTPS connection (1): cp.cloudflare.com:443
22:08:48 [DEBUG] Starting new HTTPS connection (1): cp.cloudflare.com:443
22:08:48 [DEBUG] Starting new HTTPS connection (1): www.gstatic.com:443
22:08:48 [DEBUG] Starting new HTTPS connection (1): dl.google.com:443
22:08:48 [DEBUG] Starting new HTTPS connection (1): www.gstatic.com:443
22:08:48 [DEBUG] Starting new HTTPS connection (1): www.gstatic.com:443
22:08:48 [DEBUG] Starting new HTTPS connection (1): www.google.com:443
22:08:48 [DEBUG] Starting new HTTPS connection (1): www.google.com:443
22:08:48 [DEBUG] Starting new HTTPS connection (1): www.google.com:443
22:08:48 [INFO]    🎯 37.139.33.15 (Россия) - 15.6 Mbps, 429ms, UDP✅ 🛡️Reality
22:08:48 [DEBUG] Starting new HTTPS connection (1): www.gstatic.com:443
22:08:48 [DEBUG] https://www.google.com:443 "GET /generate_204 HTTP/1.1" 204 0
22:08:48 [DEBUG] Starting new HTTPS connection (1): cp.cloudflare.com:443
22:08:48 [DEBUG] Starting new HTTPS connection (1): cp.cloudflare.com:443
22:08:48 [DEBUG] Starting new HTTPS connection (1): cp.cloudflare.com:443
22:08:48 [DEBUG] https://www.gstatic.com:443 "GET /generate_204 HTTP/1.1" 204 0
22:08:49 [DEBUG] Starting new HTTPS connection (1): www.gstatic.com:443
22:08:49 [DEBUG] Starting new HTTPS connection (1): www.gstatic.com:443
22:08:49 [DEBUG] https://dl.google.com:443 "GET /dl/android/studio/install/3.4.1.0/android-studio-ide-183.5522156-windows.exe HTTP/1.1" 200 1017327996
22:08:49 [DEBUG] https://www.google.com:443 "GET /generate_204 HTTP/1.1" 204 0
22:08:49 [DEBUG] Starting new HTTPS connection (1): cp.cloudflare.com:443
22:08:49 [DEBUG] Starting new HTTPS connection (1): www.google.com:443
22:08:49 [DEBUG] Starting new HTTPS connection (1): cp.cloudflare.com:443
22:08:49 [DEBUG] Starting new HTTPS connection (1): www.gstatic.com:443
22:08:49 [DEBUG] https://cp.cloudflare.com:443 "GET / HTTP/1.1" 204 0
22:08:49 [DEBUG] Starting new HTTPS connection (1): www.gstatic.com:443
22:08:49 [DEBUG] Starting new HTTPS connection (1): dl.google.com:443
22:08:49 [INFO]    🎯 84.23.52.70 (Россия) - 16.0 Mbps, 412ms, UDP✅ 🛡️Reality
22:08:49 [DEBUG] https://www.google.com:443 "GET /generate_204 HTTP/1.1" 204 0
22:08:49 [DEBUG] Starting new HTTPS connection (1): cp.cloudflare.com:443
22:08:50 [DEBUG] Starting new HTTPS connection (1): www.google.com:443
22:08:50 [DEBUG] https://www.gstatic.com:443 "GET /generate_204 HTTP/1.1" 204 0
22:08:50 [INFO]    🎯 45.67.215.233 (Россия) - 0.0 Mbps, 2118ms, UDP✅ 
22:08:50 [DEBUG] Starting new HTTPS connection (1): www.google.com:443
22:08:50 [DEBUG] https://cp.cloudflare.com:443 "GET / HTTP/1.1" 204 0
22:08:50 [DEBUG] Starting new HTTPS connection (1): www.gstatic.com:443
22:08:50 [DEBUG] Starting new HTTPS connection (1): www.google.com:443
22:08:50 [DEBUG] Starting new HTTPS connection (1): dl.google.com:443
22:08:50 [DEBUG] Starting new HTTPS connection (1): www.google.com:443
22:08:50 [DEBUG] Starting new HTTPS connection (1): www.google.com:443
22:08:50 [DEBUG] Starting new HTTPS connection (1): www.google.com:443
22:08:50 [DEBUG] https://www.google.com:443 "GET /generate_204 HTTP/1.1" 204 0
22:08:50 [DEBUG] Starting new HTTPS connection (1): cp.cloudflare.com:443
22:08:50 [DEBUG] Starting new HTTPS connection (1): cp.cloudflare.com:443
22:08:50 [DEBUG] https://www.google.com:443 "GET /generate_204 HTTP/1.1" 204 0
22:08:50 [DEBUG] Starting new HTTPS connection (1): cp.cloudflare.com:443
22:08:50 [DEBUG] Starting new HTTPS connection (1): www.gstatic.com:443
22:08:50 [DEBUG] https://cp.cloudflare.com:443 "GET / HTTP/1.1" 204 0
22:08:50 [DEBUG] Starting new HTTPS connection (1): www.gstatic.com:443
22:08:50 [DEBUG] https://www.google.com:443 "GET /generate_204 HTTP/1.1" 204 0
22:08:50 [DEBUG] Starting new HTTPS connection (1): cp.cloudflare.com:443
22:08:50 [DEBUG] https://dl.google.com:443 "GET /dl/android/studio/install/3.4.1.0/android-studio-ide-183.5522156-windows.exe HTTP/1.1" 200 1017327996
22:08:50 [DEBUG] https://www.google.com:443 "GET /generate_204 HTTP/1.1" 204 0
22:08:50 [DEBUG] Starting new HTTPS connection (1): cp.cloudflare.com:443
22:08:50 [DEBUG] Starting new HTTPS connection (1): www.google.com:443
22:08:50 [DEBUG] https://www.google.com:443 "GET /generate_204 HTTP/1.1" 204 0
22:08:50 [DEBUG] Starting new HTTPS connection (1): cp.cloudflare.com:443
22:08:50 [DEBUG] Starting new HTTPS connection (1): cp.cloudflare.com:443
22:08:50 [DEBUG] Starting new HTTPS connection (1): www.google.com:443
22:08:51 [DEBUG] https://cp.cloudflare.com:443 "GET / HTTP/1.1" 204 0
22:08:51 [DEBUG] Starting new HTTPS connection (1): www.gstatic.com:443
22:08:51 [DEBUG] Starting new HTTPS connection (1): www.gstatic.com:443
22:08:51 [INFO]    🎯 178.154.224.33 (Россия) - 22.6 Mbps, 411ms, UDP✅ 🛡️Reality
22:08:51 [DEBUG] Starting new HTTPS connection (1): cp.cloudflare.com:443
22:08:51 [DEBUG] https://cp.cloudflare.com:443 "GET / HTTP/1.1" 204 0
22:08:51 [DEBUG] Starting new HTTPS connection (1): www.gstatic.com:443
22:08:51 [DEBUG] https://cp.cloudflare.com:443 "GET / HTTP/1.1" 204 0
22:08:51 [DEBUG] Starting new HTTPS connection (1): www.gstatic.com:443
22:08:51 [DEBUG] Starting new HTTPS connection (1): www.gstatic.com:443
22:08:51 [DEBUG] https://cp.cloudflare.com:443 "GET / HTTP/1.1" 204 0
22:08:51 [DEBUG] Starting new HTTPS connection (1): www.gstatic.com:443
22:08:51 [DEBUG] Starting new HTTPS connection (1): www.google.com:443
22:08:51 [DEBUG] https://www.gstatic.com:443 "GET /generate_204 HTTP/1.1" 204 0
22:08:51 [DEBUG] https://www.gstatic.com:443 "GET /generate_204 HTTP/1.1" 204 0
22:08:51 [DEBUG] https://www.gstatic.com:443 "GET /generate_204 HTTP/1.1" 204 0
22:08:51 [DEBUG] https://www.gstatic.com:443 "GET /generate_204 HTTP/1.1" 204 0
22:08:51 [DEBUG] https://www.gstatic.com:443 "GET /generate_204 HTTP/1.1" 204 0
22:08:51 [DEBUG] https://www.gstatic.com:443 "GET /generate_204 HTTP/1.1" 204 0
22:08:51 [DEBUG] Starting new HTTPS connection (1): dl.google.com:443
22:08:51 [DEBUG] Starting new HTTPS connection (1): dl.google.com:443
22:08:51 [DEBUG] Starting new HTTPS connection (1): dl.google.com:443
22:08:52 [DEBUG] Starting new HTTPS connection (1): www.google.com:443
22:08:52 [DEBUG] https://www.google.com:443 "GET /generate_204 HTTP/1.1" 204 0
22:08:52 [DEBUG] Starting new HTTPS connection (1): cp.cloudflare.com:443
22:08:52 [DEBUG] Starting new HTTPS connection (1): dl.google.com:443
22:08:52 [DEBUG] Starting new HTTPS connection (1): www.google.com:443
22:08:52 [DEBUG] https://dl.google.com:443 "GET /dl/android/studio/install/3.4.1.0/android-studio-ide-183.5522156-windows.exe HTTP/1.1" 200 1017327996
22:08:52 [DEBUG] https://dl.google.com:443 "GET /dl/android/studio/install/3.4.1.0/android-studio-ide-183.5522156-windows.exe HTTP/1.1" 200 1017327996
22:08:52 [DEBUG] Starting new HTTPS connection (1): www.google.com:443
22:08:52 [DEBUG] Starting new HTTPS connection (1): cp.cloudflare.com:443
22:08:52 [DEBUG] https://dl.google.com:443 "GET /dl/android/studio/install/3.4.1.0/android-studio-ide-183.5522156-windows.exe HTTP/1.1" 200 1017327996
22:08:52 [DEBUG] Starting new HTTPS connection (1): www.gstatic.com:443
22:08:52 [DEBUG] https://cp.cloudflare.com:443 "GET / HTTP/1.1" 204 0
22:08:52 [DEBUG] Starting new HTTPS connection (1): www.gstatic.com:443
22:08:52 [DEBUG] Starting new HTTPS connection (1): www.google.com:443
22:08:52 [DEBUG] https://www.gstatic.com:443 "GET /generate_204 HTTP/1.1" 204 0
22:08:52 [INFO]    🎯 213.176.19.149 (Россия) - 23.5 Mbps, 414ms, UDP✅ 
22:08:52 [DEBUG] Starting new HTTPS connection (1): dl.google.com:443
22:08:52 [DEBUG] https://www.google.com:443 "GET /generate_204 HTTP/1.1" 204 0
22:08:52 [DEBUG] Starting new HTTPS connection (1): cp.cloudflare.com:443
22:08:52 [INFO]    🎯 185.137.232.178 (Россия) - 19.1 Mbps, 509ms, UDP✅ 🛡️Reality
22:08:52 [DEBUG] https://dl.google.com:443 "GET /dl/android/studio/install/3.4.1.0/android-studio-ide-183.5522156-windows.exe HTTP/1.1" 200 1017327996
22:08:52 [DEBUG] https://cp.cloudflare.com:443 "GET / HTTP/1.1" 204 0
22:08:52 [DEBUG] Starting new HTTPS connection (1): www.gstatic.com:443
22:08:52 [DEBUG] https://www.google.com:443 "GET /generate_204 HTTP/1.1" 204 0
22:08:52 [DEBUG] Starting new HTTPS connection (1): cp.cloudflare.com:443
22:08:52 [DEBUG] https://dl.google.com:443 "GET /dl/android/studio/install/3.4.1.0/android-studio-ide-183.5522156-windows.exe HTTP/1.1" 200 1017327996
22:08:53 [INFO]    🎯 193.233.21.138 (Россия) - 47.4 Mbps, 766ms, UDP✅ 
22:08:53 [DEBUG] https://cp.cloudflare.com:443 "GET / HTTP/1.1" 204 0
22:08:53 [DEBUG] Starting new HTTPS connection (1): www.gstatic.com:443
22:08:53 [DEBUG] Starting new HTTPS connection (1): cp.cloudflare.com:443
22:08:53 [DEBUG] https://cp.cloudflare.com:443 "GET / HTTP/1.1" 204 0
22:08:53 [DEBUG] Starting new HTTPS connection (1): www.gstatic.com:443
22:08:53 [DEBUG] https://www.gstatic.com:443 "GET /generate_204 HTTP/1.1" 204 0
22:08:53 [DEBUG] https://cp.cloudflare.com:443 "GET / HTTP/1.1" 204 0
22:08:53 [DEBUG] Starting new HTTPS connection (1): www.gstatic.com:443
22:08:53 [INFO]    🎯 185.234.59.89 (Россия) - 12.6 Mbps, 544ms, UDP✅ 🛡️Reality
22:08:53 [DEBUG] https://www.gstatic.com:443 "GET /generate_204 HTTP/1.1" 204 0
22:08:53 [DEBUG] Starting new HTTPS connection (1): dl.google.com:443
22:08:53 [DEBUG] https://www.gstatic.com:443 "GET /generate_204 HTTP/1.1" 204 0
22:08:53 [DEBUG] https://www.gstatic.com:443 "GET /generate_204 HTTP/1.1" 204 0
22:08:53 [DEBUG] Starting new HTTPS connection (1): dl.google.com:443
22:08:53 [DEBUG] Starting new HTTPS connection (1): dl.google.com:443
22:08:53 [DEBUG] Starting new HTTPS connection (1): www.google.com:443
22:08:53 [DEBUG] Starting new HTTPS connection (1): www.google.com:443
22:08:54 [DEBUG] https://dl.google.com:443 "GET /dl/android/studio/install/3.4.1.0/android-studio-ide-183.5522156-windows.exe HTTP/1.1" 200 1017327996
22:08:54 [DEBUG] Starting new HTTPS connection (1): www.google.com:443
22:08:54 [DEBUG] https://dl.google.com:443 "GET /dl/android/studio/install/3.4.1.0/android-studio-ide-183.5522156-windows.exe HTTP/1.1" 200 1017327996
22:08:54 [DEBUG] https://www.google.com:443 "GET /generate_204 HTTP/1.1" 204 0
22:08:54 [DEBUG] Starting new HTTPS connection (1): cp.cloudflare.com:443
22:08:54 [DEBUG] Starting new HTTPS connection (1): www.google.com:443
22:08:54 [DEBUG] https://www.google.com:443 "GET /generate_204 HTTP/1.1" 204 0
22:08:54 [DEBUG] Starting new HTTPS connection (1): cp.cloudflare.com:443
22:08:54 [INFO]    🎯 185.234.59.175 (Россия) - 28.2 Mbps, 337ms, UDP✅ 🛡️Reality
22:08:54 [DEBUG] Starting new HTTPS connection (1): dl.google.com:443
22:08:54 [DEBUG] https://www.google.com:443 "GET /generate_204 HTTP/1.1" 204 0
22:08:54 [DEBUG] Starting new HTTPS connection (1): cp.cloudflare.com:443
22:08:54 [DEBUG] Starting new HTTPS connection (1): dl.google.com:443
22:08:54 [INFO]    🎯 185.234.59.176 (Россия) - 27.3 Mbps, 340ms, UDP✅ 🛡️Reality
22:08:54 [DEBUG] https://cp.cloudflare.com:443 "GET / HTTP/1.1" 204 0
22:08:54 [DEBUG] Starting new HTTPS connection (1): www.gstatic.com:443
22:08:54 [DEBUG] https://www.google.com:443 "GET /generate_204 HTTP/1.1" 204 0
22:08:54 [DEBUG] Starting new HTTPS connection (1): cp.cloudflare.com:443
22:08:54 [DEBUG] https://cp.cloudflare.com:443 "GET / HTTP/1.1" 204 0
22:08:54 [DEBUG] Starting new HTTPS connection (1): www.gstatic.com:443
22:08:54 [INFO]    🎯 217.114.15.157 (Россия) - 6.0 Mbps, 509ms, UDP✅ 🛡️Reality
22:08:54 [DEBUG] https://cp.cloudflare.com:443 "GET / HTTP/1.1" 204 0
22:08:54 [DEBUG] Starting new HTTPS connection (1): www.gstatic.com:443
22:08:54 [DEBUG] Starting new HTTPS connection (1): www.google.com:443
22:08:54 [DEBUG] Starting new HTTPS connection (1): dl.google.com:443
22:08:54 [DEBUG] https://www.gstatic.com:443 "GET /generate_204 HTTP/1.1" 204 0
22:08:54 [DEBUG] https://cp.cloudflare.com:443 "GET / HTTP/1.1" 204 0
22:08:54 [DEBUG] Starting new HTTPS connection (1): www.gstatic.com:443
22:08:54 [DEBUG] Starting new HTTPS connection (1): www.google.com:443
22:08:54 [DEBUG] https://www.gstatic.com:443 "GET /generate_204 HTTP/1.1" 204 0
22:08:55 [INFO]    🎯 213.165.60.206 (Россия) - 0.0 Mbps, 246ms, UDP✅ 🛡️Reality
22:08:55 [DEBUG] https://www.gstatic.com:443 "GET /generate_204 HTTP/1.1" 204 0
22:08:55 [DEBUG] Starting new HTTPS connection (1): dl.google.com:443
22:08:55 [DEBUG] https://www.google.com:443 "GET /generate_204 HTTP/1.1" 204 0
22:08:55 [DEBUG] Starting new HTTPS connection (1): cp.cloudflare.com:443
22:08:55 [DEBUG] Starting new HTTPS connection (1): dl.google.com:443
22:08:55 [DEBUG] https://www.gstatic.com:443 "GET /generate_204 HTTP/1.1" 204 0
22:08:55 [DEBUG] Starting new HTTPS connection (1): dl.google.com:443
22:08:55 [DEBUG] https://www.google.com:443 "GET /generate_204 HTTP/1.1" 204 0
22:08:55 [DEBUG] Starting new HTTPS connection (1): cp.cloudflare.com:443
22:08:55 [DEBUG] https://dl.google.com:443 "GET /dl/android/studio/install/3.4.1.0/android-studio-ide-183.5522156-windows.exe HTTP/1.1" 200 1017327996
22:08:55 [DEBUG] https://cp.cloudflare.com:443 "GET / HTTP/1.1" 204 0
22:08:55 [DEBUG] Starting new HTTPS connection (1): www.google.com:443
22:08:55 [DEBUG] Starting new HTTPS connection (1): www.gstatic.com:443
22:08:55 [DEBUG] Starting new HTTPS connection (1): dl.google.com:443
22:08:55 [DEBUG] https://dl.google.com:443 "GET /dl/android/studio/install/3.4.1.0/android-studio-ide-183.5522156-windows.exe HTTP/1.1" 200 1017327996
22:08:55 [INFO]    🎯 109.120.188.154 (Россия) - 0.0 Mbps, 3373ms, UDP❌ 🛡️Reality
22:08:55 [DEBUG] https://dl.google.com:443 "GET /dl/android/studio/install/3.4.1.0/android-studio-ide-183.5522156-windows.exe HTTP/1.1" 200 1017327996
22:08:55 [DEBUG] https://cp.cloudflare.com:443 "GET / HTTP/1.1" 204 0
22:08:55 [DEBUG] Starting new HTTPS connection (1): www.gstatic.com:443
22:08:55 [DEBUG] Starting new HTTPS connection (1): www.google.com:443
22:08:55 [INFO]    🎯 185.234.59.174 (Россия) - 27.7 Mbps, 332ms, UDP✅ 🛡️Reality
22:08:55 [INFO]    🎯 185.234.59.171 (Россия) - 27.1 Mbps, 346ms, UDP✅ 🛡️Reality
22:08:55 [DEBUG] https://www.gstatic.com:443 "GET /generate_204 HTTP/1.1" 204 0
22:08:55 [DEBUG] https://www.google.com:443 "GET /generate_204 HTTP/1.1" 204 0
22:08:55 [DEBUG] Starting new HTTPS connection (1): cp.cloudflare.com:443
22:08:55 [DEBUG] Starting new HTTPS connection (1): www.google.com:443
22:08:55 [DEBUG] https://dl.google.com:443 "GET /dl/android/studio/install/3.4.1.0/android-studio-ide-183.5522156-windows.exe HTTP/1.1" 200 1017327996
22:08:55 [INFO]    🎯 185.234.59.55 (Россия) - 26.9 Mbps, 346ms, UDP✅ 🛡️Reality
22:08:56 [DEBUG] https://www.gstatic.com:443 "GET /generate_204 HTTP/1.1" 204 0
22:08:56 [DEBUG] https://www.google.com:443 "GET /generate_204 HTTP/1.1" 204 0
22:08:56 [DEBUG] Starting new HTTPS connection (1): cp.cloudflare.com:443
22:08:56 [DEBUG] Starting new HTTPS connection (1): dl.google.com:443
22:08:56 [INFO]    🎯 185.234.59.58 (Россия) - 25.4 Mbps, 339ms, UDP✅ 🛡️Reality
22:08:56 [DEBUG] https://cp.cloudflare.com:443 "GET / HTTP/1.1" 204 0
22:08:56 [DEBUG] Starting new HTTPS connection (1): www.gstatic.com:443
22:08:56 [DEBUG] https://dl.google.com:443 "GET /dl/android/studio/install/3.4.1.0/android-studio-ide-183.5522156-windows.exe HTTP/1.1" 200 1017327996
22:08:56 [DEBUG] Starting new HTTPS connection (1): www.google.com:443
22:08:56 [DEBUG] Starting new HTTPS connection (1): dl.google.com:443
22:08:56 [INFO]    🎯 217.16.27.217 (Россия) - 0.9 Mbps, 3309ms, UDP✅ 🛡️Reality
22:08:56 [DEBUG] https://dl.google.com:443 "GET /dl/android/studio/install/3.4.1.0/android-studio-ide-183.5522156-windows.exe HTTP/1.1" 200 1017327996
22:08:56 [DEBUG] https://cp.cloudflare.com:443 "GET / HTTP/1.1" 204 0
22:08:56 [DEBUG] Starting new HTTPS connection (1): www.gstatic.com:443
22:08:56 [DEBUG] https://www.google.com:443 "GET /generate_204 HTTP/1.1" 204 0
22:08:56 [DEBUG] Starting new HTTPS connection (1): cp.cloudflare.com:443
22:08:56 [DEBUG] https://www.gstatic.com:443 "GET /generate_204 HTTP/1.1" 204 0
22:08:56 [DEBUG] https://dl.google.com:443 "GET /dl/android/studio/install/3.4.1.0/android-studio-ide-183.5522156-windows.exe HTTP/1.1" 200 1017327996
22:08:56 [INFO]    🎯 185.234.59.59 (Россия) - 27.4 Mbps, 349ms, UDP✅ 🛡️Reality
22:08:56 [DEBUG] Starting new HTTPS connection (1): www.google.com:443
22:08:56 [DEBUG] https://www.gstatic.com:443 "GET /generate_204 HTTP/1.1" 204 0
22:08:56 [DEBUG] Starting new HTTPS connection (1): dl.google.com:443
22:08:56 [INFO]    🎯 185.234.59.51 (Россия) - 27.8 Mbps, 372ms, UDP✅ 🛡️Reality
22:08:56 [DEBUG] Starting new HTTPS connection (1): www.google.com:443
22:08:56 [DEBUG] https://cp.cloudflare.com:443 "GET / HTTP/1.1" 204 0
22:08:56 [DEBUG] Starting new HTTPS connection (1): www.gstatic.com:443
22:08:56 [DEBUG] Starting new HTTPS connection (1): www.google.com:443
22:08:57 [DEBUG] Starting new HTTPS connection (1): dl.google.com:443
22:08:57 [DEBUG] Starting new HTTPS connection (1): www.google.com:443
22:08:57 [DEBUG] https://www.google.com:443 "GET /generate_204 HTTP/1.1" 204 0
22:08:57 [DEBUG] Starting new HTTPS connection (1): cp.cloudflare.com:443
22:08:57 [DEBUG] Starting new HTTPS connection (1): cp.cloudflare.com:443
22:08:57 [DEBUG] https://dl.google.com:443 "GET /dl/android/studio/install/3.4.1.0/android-studio-ide-183.5522156-windows.exe HTTP/1.1" 200 1017327996
22:08:57 [DEBUG] https://www.google.com:443 "GET /generate_204 HTTP/1.1" 204 0
22:08:57 [DEBUG] Starting new HTTPS connection (1): cp.cloudflare.com:443
22:08:57 [DEBUG] https://www.gstatic.com:443 "GET /generate_204 HTTP/1.1" 204 0
22:08:57 [DEBUG] Starting new HTTPS connection (1): www.gstatic.com:443
22:08:57 [DEBUG] https://cp.cloudflare.com:443 "GET / HTTP/1.1" 204 0
22:08:57 [DEBUG] Starting new HTTPS connection (1): www.gstatic.com:443
22:08:57 [DEBUG] Starting new HTTPS connection (1): www.google.com:443
22:08:57 [DEBUG] Starting new HTTPS connection (1): dl.google.com:443
22:08:57 [DEBUG] https://www.google.com:443 "GET /generate_204 HTTP/1.1" 204 0
22:08:57 [DEBUG] Starting new HTTPS connection (1): cp.cloudflare.com:443
22:08:57 [DEBUG] https://dl.google.com:443 "GET /dl/android/studio/install/3.4.1.0/android-studio-ide-183.5522156-windows.exe HTTP/1.1" 200 1017327996
22:08:57 [INFO]    🎯 194.55.235.208 (Россия) - 23.8 Mbps, 373ms, UDP✅ 🛡️Reality
22:08:57 [DEBUG] https://www.gstatic.com:443 "GET /generate_204 HTTP/1.1" 204 0
22:08:57 [DEBUG] Starting new HTTPS connection (1): www.google.com:443
22:08:57 [INFO]    🎯 213.165.60.36 (Россия) - 5.2 Mbps, 804ms, UDP✅ 🛡️Reality
22:08:57 [DEBUG] Starting new HTTPS connection (1): dl.google.com:443
22:08:57 [DEBUG] https://cp.cloudflare.com:443 "GET / HTTP/1.1" 204 0
22:08:57 [DEBUG] Starting new HTTPS connection (1): www.gstatic.com:443
22:08:57 [INFO]    🎯 91.142.72.101 (Россия) - 23.4 Mbps, 371ms, UDP✅ 🛡️Reality
22:08:57 [DEBUG] https://dl.google.com:443 "GET /dl/android/studio/install/3.4.1.0/android-studio-ide-183.5522156-windows.exe HTTP/1.1" 200 1017327996
22:08:57 [DEBUG] https://www.google.com:443 "GET /generate_204 HTTP/1.1" 204 0
22:08:57 [DEBUG] Starting new HTTPS connection (1): cp.cloudflare.com:443
22:08:57 [DEBUG] https://cp.cloudflare.com:443 "GET / HTTP/1.1" 204 0
22:08:57 [DEBUG] Starting new HTTPS connection (1): www.gstatic.com:443
22:08:57 [DEBUG] Starting new HTTPS connection (1): www.google.com:443
22:08:58 [DEBUG] https://dl.google.com:443 "GET /dl/android/studio/install/3.4.1.0/android-studio-ide-183.5522156-windows.exe HTTP/1.1" 200 1017327996
22:08:58 [DEBUG] Starting new HTTPS connection (1): www.google.com:443
22:08:58 [DEBUG] https://cp.cloudflare.com:443 "GET / HTTP/1.1" 204 0
22:08:58 [DEBUG] Starting new HTTPS connection (1): www.gstatic.com:443
22:08:58 [DEBUG] https://www.gstatic.com:443 "GET /generate_204 HTTP/1.1" 204 0
22:08:58 [INFO]    🎯 212.113.123.230 (Россия) - 23.1 Mbps, 340ms, UDP✅ 🛡️Reality
22:08:58 [DEBUG] https://dl.google.com:443 "GET /dl/android/studio/install/3.4.1.0/android-studio-ide-183.5522156-windows.exe HTTP/1.1" 200 1017327996
22:08:58 [DEBUG] https://www.gstatic.com:443 "GET /generate_204 HTTP/1.1" 204 0
22:08:58 [INFO]    🎯 89.208.228.167 (Россия) - 29.1 Mbps, 224ms, UDP✅ 🛡️Reality
22:08:58 [DEBUG] https://www.google.com:443 "GET /generate_204 HTTP/1.1" 204 0
22:08:58 [DEBUG] Starting new HTTPS connection (1): cp.cloudflare.com:443
22:08:58 [DEBUG] https://www.gstatic.com:443 "GET /generate_204 HTTP/1.1" 204 0
22:08:58 [DEBUG] Starting new HTTPS connection (1): dl.google.com:443
22:08:58 [DEBUG] https://www.google.com:443 "GET /generate_204 HTTP/1.1" 204 0
22:08:58 [DEBUG] Starting new HTTPS connection (1): cp.cloudflare.com:443
22:08:58 [INFO]    🎯 217.16.26.158 (Россия) - 4.3 Mbps, 978ms, UDP❌ 🛡️Reality
22:08:58 [DEBUG] Starting new HTTPS connection (1): dl.google.com:443
22:08:58 [DEBUG] Starting new HTTPS connection (1): dl.google.com:443
22:08:58 [DEBUG] Starting new HTTPS connection (1): www.google.com:443
22:08:58 [DEBUG] https://cp.cloudflare.com:443 "GET / HTTP/1.1" 204 0
22:08:58 [DEBUG] Starting new HTTPS connection (1): www.gstatic.com:443
22:08:58 [DEBUG] Starting new HTTPS connection (1): www.google.com:443
22:08:58 [DEBUG] https://dl.google.com:443 "GET /dl/android/studio/install/3.4.1.0/android-studio-ide-183.5522156-windows.exe HTTP/1.1" 200 1017327996
22:08:58 [DEBUG] https://dl.google.com:443 "GET /dl/android/studio/install/3.4.1.0/android-studio-ide-183.5522156-windows.exe HTTP/1.1" 200 1017327996
22:08:58 [DEBUG] https://dl.google.com:443 "GET /dl/android/studio/install/3.4.1.0/android-studio-ide-183.5522156-windows.exe HTTP/1.1" 200 1017327996
22:08:58 [DEBUG] Starting new HTTPS connection (1): www.google.com:443
22:08:58 [DEBUG] https://cp.cloudflare.com:443 "GET / HTTP/1.1" 204 0
22:08:58 [DEBUG] Starting new HTTPS connection (1): www.gstatic.com:443
22:08:58 [DEBUG] https://www.google.com:443 "GET /generate_204 HTTP/1.1" 204 0
22:08:58 [DEBUG] Starting new HTTPS connection (1): cp.cloudflare.com:443
22:08:59 [DEBUG] https://www.gstatic.com:443 "GET /generate_204 HTTP/1.1" 204 0
22:08:59 [DEBUG] Starting new HTTPS connection (1): www.google.com:443
22:08:59 [DEBUG] https://www.google.com:443 "GET /generate_204 HTTP/1.1" 204 0
22:08:59 [DEBUG] Starting new HTTPS connection (1): cp.cloudflare.com:443
22:08:59 [INFO]    🎯 109.120.191.231 (Россия) - 30.5 Mbps, 255ms, UDP✅ 🛡️Reality
22:08:59 [INFO]    🎯 155.212.164.103 (Россия) - 24.7 Mbps, 367ms, UDP✅ 🛡️Reality
22:08:59 [INFO]    🎯 109.172.101.234 (Россия) - 21.0 Mbps, 457ms, UDP✅ 🛡️Reality
22:08:59 [DEBUG] Starting new HTTPS connection (1): dl.google.com:443
22:08:59 [DEBUG] https://www.gstatic.com:443 "GET /generate_204 HTTP/1.1" 204 0
22:08:59 [DEBUG] https://cp.cloudflare.com:443 "GET / HTTP/1.1" 204 0
22:08:59 [DEBUG] Starting new HTTPS connection (1): www.gstatic.com:443
22:08:59 [DEBUG] Starting new HTTPS connection (1): www.google.com:443
22:08:59 [DEBUG] https://www.google.com:443 "GET /generate_204 HTTP/1.1" 204 0
22:08:59 [DEBUG] Starting new HTTPS connection (1): cp.cloudflare.com:443
22:08:59 [DEBUG] https://dl.google.com:443 "GET /dl/android/studio/install/3.4.1.0/android-studio-ide-183.5522156-windows.exe HTTP/1.1" 200 1017327996
22:08:59 [DEBUG] Starting new HTTPS connection (1): www.google.com:443
22:08:59 [DEBUG] Starting new HTTPS connection (1): dl.google.com:443
22:08:59 [DEBUG] https://cp.cloudflare.com:443 "GET / HTTP/1.1" 204 0
22:08:59 [DEBUG] Starting new HTTPS connection (1): www.gstatic.com:443
22:08:59 [DEBUG] Starting new HTTPS connection (1): www.google.com:443
22:08:59 [DEBUG] https://www.gstatic.com:443 "GET /generate_204 HTTP/1.1" 204 0
22:08:59 [INFO]    🎯 109.120.191.63 (Россия) - 32.8 Mbps, 305ms, UDP✅ 🛡️Reality
22:08:59 [DEBUG] https://www.google.com:443 "GET /generate_204 HTTP/1.1" 204 0
22:08:59 [DEBUG] Starting new HTTPS connection (1): cp.cloudflare.com:443
22:08:59 [DEBUG] https://cp.cloudflare.com:443 "GET / HTTP/1.1" 204 0
22:08:59 [DEBUG] Starting new HTTPS connection (1): www.gstatic.com:443
22:08:59 [DEBUG] https://www.google.com:443 "GET /generate_204 HTTP/1.1" 204 0
22:08:59 [DEBUG] Starting new HTTPS connection (1): cp.cloudflare.com:443
22:08:59 [DEBUG] Starting new HTTPS connection (1): dl.google.com:443
22:08:59 [DEBUG] https://dl.google.com:443 "GET /dl/android/studio/install/3.4.1.0/android-studio-ide-183.5522156-windows.exe HTTP/1.1" 200 1017327996
22:09:00 [DEBUG] https://www.gstatic.com:443 "GET /generate_204 HTTP/1.1" 204 0
22:09:00 [DEBUG] https://www.google.com:443 "GET /generate_204 HTTP/1.1" 204 0
22:09:00 [DEBUG] Starting new HTTPS connection (1): cp.cloudflare.com:443
22:09:00 [DEBUG] https://cp.cloudflare.com:443 "GET / HTTP/1.1" 204 0
22:09:00 [DEBUG] Starting new HTTPS connection (1): www.gstatic.com:443
22:09:00 [DEBUG] Starting new HTTPS connection (1): dl.google.com:443
22:09:00 [DEBUG] https://www.gstatic.com:443 "GET /generate_204 HTTP/1.1" 204 0
22:09:00 [DEBUG] Starting new HTTPS connection (1): www.google.com:443
22:09:00 [DEBUG] https://dl.google.com:443 "GET /dl/android/studio/install/3.4.1.0/android-studio-ide-183.5522156-windows.exe HTTP/1.1" 200 1017327996
22:09:00 [DEBUG] https://cp.cloudflare.com:443 "GET / HTTP/1.1" 204 0
22:09:00 [DEBUG] Starting new HTTPS connection (1): www.gstatic.com:443
22:09:00 [DEBUG] Starting new HTTPS connection (1): www.google.com:443
22:09:00 [DEBUG] https://dl.google.com:443 "GET /dl/android/studio/install/3.4.1.0/android-studio-ide-183.5522156-windows.exe HTTP/1.1" 200 1017327996
22:09:00 [DEBUG] Starting new HTTPS connection (1): www.google.com:443
22:09:00 [DEBUG] https://cp.cloudflare.com:443 "GET / HTTP/1.1" 204 0
22:09:00 [DEBUG] Starting new HTTPS connection (1): www.gstatic.com:443
22:09:00 [INFO]    🎯 146.185.242.0 (Россия) - 27.5 Mbps, 352ms, UDP✅ 🛡️Reality
22:09:00 [DEBUG] Starting new HTTPS connection (1): dl.google.com:443
22:09:00 [DEBUG] https://www.gstatic.com:443 "GET /generate_204 HTTP/1.1" 204 0
22:09:00 [DEBUG] https://dl.google.com:443 "GET /dl/android/studio/install/3.4.1.0/android-studio-ide-183.5522156-windows.exe HTTP/1.1" 200 1017327996
22:09:00 [INFO]    🎯 95.163.208.110 (Россия) - 15.4 Mbps, 485ms, UDP✅ 🛡️Reality
22:09:00 [DEBUG] https://www.google.com:443 "GET /generate_204 HTTP/1.1" 204 0
22:09:00 [DEBUG] Starting new HTTPS connection (1): cp.cloudflare.com:443
22:09:00 [DEBUG] https://www.gstatic.com:443 "GET /generate_204 HTTP/1.1" 204 0
22:09:00 [DEBUG] https://www.google.com:443 "GET /generate_204 HTTP/1.1" 204 0
22:09:00 [DEBUG] Starting new HTTPS connection (1): cp.cloudflare.com:443
22:09:00 [DEBUG] https://www.google.com:443 "GET /generate_204 HTTP/1.1" 204 0
22:09:00 [DEBUG] Starting new HTTPS connection (1): cp.cloudflare.com:443
22:09:00 [DEBUG] Starting new HTTPS connection (1): cp.cloudflare.com:443
22:09:00 [INFO]    🎯 146.185.241.237 (Россия) - 26.7 Mbps, 426ms, UDP✅ 🛡️Reality
22:09:00 [DEBUG] Starting new HTTPS connection (1): dl.google.com:443
22:09:00 [DEBUG] Starting new HTTPS connection (1): www.google.com:443
22:09:00 [DEBUG] https://www.gstatic.com:443 "GET /generate_204 HTTP/1.1" 204 0
22:09:00 [DEBUG] https://www.google.com:443 "GET /generate_204 HTTP/1.1" 204 0
22:09:00 [DEBUG] Starting new HTTPS connection (1): cp.cloudflare.com:443
22:09:01 [DEBUG] Starting new HTTPS connection (1): dl.google.com:443
22:09:01 [DEBUG] https://dl.google.com:443 "GET /dl/android/studio/install/3.4.1.0/android-studio-ide-183.5522156-windows.exe HTTP/1.1" 200 1017327996
22:09:01 [DEBUG] https://cp.cloudflare.com:443 "GET / HTTP/1.1" 204 0
22:09:01 [DEBUG] Starting new HTTPS connection (1): www.gstatic.com:443
22:09:01 [DEBUG] https://cp.cloudflare.com:443 "GET / HTTP/1.1" 204 0
22:09:01 [DEBUG] Starting new HTTPS connection (1): www.gstatic.com:443
22:09:01 [DEBUG] Starting new HTTPS connection (1): dl.google.com:443
22:09:01 [DEBUG] https://cp.cloudflare.com:443 "GET / HTTP/1.1" 204 0
22:09:01 [DEBUG] Starting new HTTPS connection (1): www.gstatic.com:443
22:09:01 [DEBUG] https://dl.google.com:443 "GET /dl/android/studio/install/3.4.1.0/android-studio-ide-183.5522156-windows.exe HTTP/1.1" 200 1017327996
22:09:01 [DEBUG] https://www.google.com:443 "GET /generate_204 HTTP/1.1" 204 0
22:09:01 [DEBUG] Starting new HTTPS connection (1): cp.cloudflare.com:443
22:09:01 [DEBUG] https://dl.google.com:443 "GET /dl/android/studio/install/3.4.1.0/android-studio-ide-183.5522156-windows.exe HTTP/1.1" 200 1017327996
22:09:01 [DEBUG] https://www.gstatic.com:443 "GET /generate_204 HTTP/1.1" 204 0
22:09:01 [DEBUG] https://www.gstatic.com:443 "GET /generate_204 HTTP/1.1" 204 0
22:09:01 [INFO]    🎯 212.233.73.212 (Россия) - 16.2 Mbps, 423ms, UDP✅ 🛡️Reality
22:09:01 [DEBUG] https://www.gstatic.com:443 "GET /generate_204 HTTP/1.1" 204 0
22:09:01 [DEBUG] https://dl.google.com:443 "GET /dl/android/studio/install/3.4.1.0/android-studio-ide-183.5522156-windows.exe HTTP/1.1" 200 1017327996
22:09:01 [DEBUG] Starting new HTTPS connection (1): www.google.com:443
22:09:01 [DEBUG] Starting new HTTPS connection (1): dl.google.com:443
22:09:01 [DEBUG] https://cp.cloudflare.com:443 "GET / HTTP/1.1" 204 0
22:09:01 [DEBUG] Starting new HTTPS connection (1): www.gstatic.com:443
22:09:01 [DEBUG] Starting new HTTPS connection (1): dl.google.com:443
22:09:01 [DEBUG] Starting new HTTPS connection (1): www.google.com:443
22:09:01 [INFO]    🎯 212.233.73.212 (Россия) - 16.1 Mbps, 413ms, UDP✅ 🛡️Reality
22:09:02 [DEBUG] Starting new HTTPS connection (1): dl.google.com:443
22:09:02 [DEBUG] https://cp.cloudflare.com:443 "GET / HTTP/1.1" 204 0
22:09:02 [DEBUG] Starting new HTTPS connection (1): www.gstatic.com:443
22:09:02 [DEBUG] Starting new HTTPS connection (1): www.google.com:443
22:09:02 [DEBUG] https://www.google.com:443 "GET /generate_204 HTTP/1.1" 204 0
22:09:02 [DEBUG] Starting new HTTPS connection (1): cp.cloudflare.com:443
22:09:02 [INFO]    🎯 84.23.52.70 (Россия) - 14.8 Mbps, 416ms, UDP✅ 🛡️Reality
22:09:02 [DEBUG] https://dl.google.com:443 "GET /dl/android/studio/install/3.4.1.0/android-studio-ide-183.5522156-windows.exe HTTP/1.1" 200 1017327996
22:09:02 [DEBUG] https://www.gstatic.com:443 "GET /generate_204 HTTP/1.1" 204 0
22:09:02 [DEBUG] https://www.google.com:443 "GET /generate_204 HTTP/1.1" 204 0
22:09:02 [DEBUG] Starting new HTTPS connection (1): cp.cloudflare.com:443
22:09:02 [DEBUG] https://dl.google.com:443 "GET /dl/android/studio/install/3.4.1.0/android-studio-ide-183.5522156-windows.exe HTTP/1.1" 200 1017327996
22:09:02 [DEBUG] https://www.google.com:443 "GET /generate_204 HTTP/1.1" 204 0
22:09:02 [DEBUG] Starting new HTTPS connection (1): cp.cloudflare.com:443
22:09:02 [INFO]    🎯 89.169.128.105 (Россия) - 14.7 Mbps, 430ms, UDP✅ 🛡️Reality
22:09:02 [DEBUG] https://www.google.com:443 "GET /generate_204 HTTP/1.1" 204 0
22:09:02 [DEBUG] Starting new HTTPS connection (1): cp.cloudflare.com:443
22:09:02 [DEBUG] https://dl.google.com:443 "GET /dl/android/studio/install/3.4.1.0/android-studio-ide-183.5522156-windows.exe HTTP/1.1" 200 1017327996
22:09:02 [DEBUG] https://cp.cloudflare.com:443 "GET / HTTP/1.1" 204 0
22:09:02 [DEBUG] Starting new HTTPS connection (1): www.gstatic.com:443
22:09:02 [DEBUG] Starting new HTTPS connection (1): dl.google.com:443
22:09:02 [DEBUG] https://cp.cloudflare.com:443 "GET / HTTP/1.1" 204 0
22:09:02 [DEBUG] Starting new HTTPS connection (1): www.gstatic.com:443
22:09:02 [DEBUG] Starting new HTTPS connection (1): www.google.com:443
22:09:02 [DEBUG] https://cp.cloudflare.com:443 "GET / HTTP/1.1" 204 0
22:09:02 [DEBUG] Starting new HTTPS connection (1): www.gstatic.com:443
22:09:02 [INFO]    🎯 37.139.33.57 (Россия) - 16.1 Mbps, 388ms, UDP✅ 🛡️Reality
22:09:02 [INFO]    🎯 37.139.33.15 (Россия) - 16.4 Mbps, 417ms, UDP✅ 🛡️Reality
22:09:02 [DEBUG] https://www.gstatic.com:443 "GET /generate_204 HTTP/1.1" 204 0
22:09:03 [DEBUG] https://dl.google.com:443 "GET /dl/android/studio/install/3.4.1.0/android-studio-ide-183.5522156-windows.exe HTTP/1.1" 200 1017327996
22:09:03 [DEBUG] https://www.gstatic.com:443 "GET /generate_204 HTTP/1.1" 204 0
22:09:03 [INFO]    🎯 178.154.253.80 (Россия) - 15.8 Mbps, 432ms, UDP✅ 🛡️Reality
22:09:03 [DEBUG] Starting new HTTPS connection (1): www.google.com:443
22:09:03 [DEBUG] https://www.gstatic.com:443 "GET /generate_204 HTTP/1.1" 204 0
22:09:03 [DEBUG] Starting new HTTPS connection (1): cp.cloudflare.com:443
22:09:03 [DEBUG] https://www.google.com:443 "GET /generate_204 HTTP/1.1" 204 0
22:09:03 [DEBUG] Starting new HTTPS connection (1): cp.cloudflare.com:443
22:09:03 [DEBUG] Starting new HTTPS connection (1): dl.google.com:443
22:09:03 [DEBUG] Starting new HTTPS connection (1): www.google.com:443
22:09:03 [DEBUG] Starting new HTTPS connection (1): www.gstatic.com:443
22:09:03 [DEBUG] Starting new HTTPS connection (1): dl.google.com:443
22:09:03 [DEBUG] Starting new HTTPS connection (1): www.google.com:443
22:09:03 [INFO]    🎯 89.169.128.105 (Россия) - 15.2 Mbps, 433ms, UDP✅ 🛡️Reality
22:09:03 [DEBUG] https://www.google.com:443 "GET /generate_204 HTTP/1.1" 204 0
22:09:03 [DEBUG] Starting new HTTPS connection (1): cp.cloudflare.com:443
22:09:03 [DEBUG] https://cp.cloudflare.com:443 "GET / HTTP/1.1" 204 0
22:09:03 [DEBUG] Starting new HTTPS connection (1): www.gstatic.com:443
22:09:03 [DEBUG] https://dl.google.com:443 "GET /dl/android/studio/install/3.4.1.0/android-studio-ide-183.5522156-windows.exe HTTP/1.1" 200 1017327996
22:09:03 [DEBUG] https://dl.google.com:443 "GET /dl/android/studio/install/3.4.1.0/android-studio-ide-183.5522156-windows.exe HTTP/1.1" 200 1017327996
22:09:04 [DEBUG] Starting new HTTPS connection (1): www.google.com:443
22:09:04 [DEBUG] Starting new HTTPS connection (1): www.google.com:443
22:09:04 [DEBUG] https://cp.cloudflare.com:443 "GET / HTTP/1.1" 204 0
22:09:04 [DEBUG] Starting new HTTPS connection (1): www.gstatic.com:443
22:09:04 [DEBUG] https://www.gstatic.com:443 "GET /generate_204 HTTP/1.1" 204 0
22:09:04 [DEBUG] Starting new HTTPS connection (1): www.google.com:443
22:09:04 [DEBUG] https://www.google.com:443 "GET /generate_204 HTTP/1.1" 204 0
22:09:04 [DEBUG] Starting new HTTPS connection (1): cp.cloudflare.com:443
22:09:04 [DEBUG] https://www.gstatic.com:443 "GET /generate_204 HTTP/1.1" 204 0
22:09:04 [INFO]    🎯 37.139.33.57 (Россия) - 15.7 Mbps, 391ms, UDP✅ 🛡️Reality
22:09:04 [DEBUG] https://www.google.com:443 "GET /generate_204 HTTP/1.1" 204 0
22:09:04 [DEBUG] Starting new HTTPS connection (1): cp.cloudflare.com:443
22:09:04 [DEBUG] Starting new HTTPS connection (1): dl.google.com:443
22:09:04 [INFO]    🎯 90.156.217.130 (Россия) - 16.1 Mbps, 388ms, UDP✅ 🛡️Reality
22:09:04 [DEBUG] https://www.google.com:443 "GET /generate_204 HTTP/1.1" 204 0
22:09:04 [DEBUG] Starting new HTTPS connection (1): cp.cloudflare.com:443
22:09:04 [DEBUG] Starting new HTTPS connection (1): dl.google.com:443
22:09:04 [DEBUG] https://www.google.com:443 "GET /generate_204 HTTP/1.1" 204 0
22:09:04 [DEBUG] Starting new HTTPS connection (1): cp.cloudflare.com:443
22:09:04 [DEBUG] https://cp.cloudflare.com:443 "GET / HTTP/1.1" 204 0
22:09:04 [DEBUG] Starting new HTTPS connection (1): www.gstatic.com:443
22:09:04 [DEBUG] Starting new HTTPS connection (1): www.google.com:443
22:09:04 [DEBUG] Starting new HTTPS connection (1): www.google.com:443
22:09:05 [DEBUG] https://dl.google.com:443 "GET /dl/android/studio/install/3.4.1.0/android-studio-ide-183.5522156-windows.exe HTTP/1.1" 200 1017327996
22:09:05 [DEBUG] https://cp.cloudflare.com:443 "GET / HTTP/1.1" 204 0
22:09:05 [DEBUG] Starting new HTTPS connection (1): www.gstatic.com:443
22:09:05 [DEBUG] https://dl.google.com:443 "GET /dl/android/studio/install/3.4.1.0/android-studio-ide-183.5522156-windows.exe HTTP/1.1" 200 1017327996
22:09:05 [DEBUG] https://www.gstatic.com:443 "GET /generate_204 HTTP/1.1" 204 0
22:09:05 [DEBUG] https://cp.cloudflare.com:443 "GET / HTTP/1.1" 204 0
22:09:05 [DEBUG] Starting new HTTPS connection (1): www.gstatic.com:443
22:09:05 [DEBUG] https://www.google.com:443 "GET /generate_204 HTTP/1.1" 204 0
22:09:05 [DEBUG] Starting new HTTPS connection (1): cp.cloudflare.com:443
22:09:05 [DEBUG] Starting new HTTPS connection (1): dl.google.com:443
22:09:05 [DEBUG] https://www.google.com:443 "GET /generate_204 HTTP/1.1" 204 0
22:09:05 [DEBUG] Starting new HTTPS connection (1): cp.cloudflare.com:443
22:09:05 [DEBUG] https://cp.cloudflare.com:443 "GET / HTTP/1.1" 204 0
22:09:05 [DEBUG] Starting new HTTPS connection (1): www.gstatic.com:443
22:09:05 [INFO]    🎯 146.185.240.2 (Россия) - 26.4 Mbps, 353ms, UDP✅ 🛡️Reality
22:09:05 [DEBUG] https://www.gstatic.com:443 "GET /generate_204 HTTP/1.1" 204 0
22:09:05 [DEBUG] https://www.gstatic.com:443 "GET /generate_204 HTTP/1.1" 204 0
22:09:05 [DEBUG] https://dl.google.com:443 "GET /dl/android/studio/install/3.4.1.0/android-studio-ide-183.5522156-windows.exe HTTP/1.1" 200 1017327996
22:09:05 [DEBUG] Starting new HTTPS connection (1): dl.google.com:443
22:09:05 [DEBUG] https://cp.cloudflare.com:443 "GET / HTTP/1.1" 204 0
22:09:05 [DEBUG] Starting new HTTPS connection (1): www.gstatic.com:443
22:09:05 [DEBUG] https://cp.cloudflare.com:443 "GET / HTTP/1.1" 204 0
22:09:05 [DEBUG] Starting new HTTPS connection (1): www.gstatic.com:443
22:09:05 [INFO]    🎯 176.109.109.58 (Россия) - 15.1 Mbps, 447ms, UDP✅ 🛡️Reality
22:09:05 [DEBUG] Starting new HTTPS connection (1): www.google.com:443
22:09:05 [DEBUG] Starting new HTTPS connection (1): dl.google.com:443
22:09:05 [INFO]    🎯 212.193.157.118 (Россия) - 32.4 Mbps, 327ms, UDP✅ 
22:09:05 [DEBUG] Starting new HTTPS connection (1): www.google.com:443
22:09:05 [DEBUG] Starting new HTTPS connection (1): www.gstatic.com:443
22:09:05 [DEBUG] Starting new HTTPS connection (1): dl.google.com:443
22:09:05 [DEBUG] https://www.google.com:443 "GET /generate_204 HTTP/1.1" 204 0
22:09:05 [DEBUG] Starting new HTTPS connection (1): cp.cloudflare.com:443
22:09:05 [DEBUG] https://www.gstatic.com:443 "GET /generate_204 HTTP/1.1" 204 0
22:09:05 [DEBUG] https://dl.google.com:443 "GET /dl/android/studio/install/3.4.1.0/android-studio-ide-183.5522156-windows.exe HTTP/1.1" 200 1017327996
22:09:06 [DEBUG] https://www.gstatic.com:443 "GET /generate_204 HTTP/1.1" 204 0
22:09:06 [DEBUG] https://www.gstatic.com:443 "GET /generate_204 HTTP/1.1" 204 0
22:09:06 [DEBUG] https://dl.google.com:443 "GET /dl/android/studio/install/3.4.1.0/android-studio-ide-183.5522156-windows.exe HTTP/1.1" 200 1017327996
22:09:06 [DEBUG] https://cp.cloudflare.com:443 "GET / HTTP/1.1" 204 0
22:09:06 [DEBUG] Starting new HTTPS connection (1): www.gstatic.com:443
22:09:06 [DEBUG] https://www.gstatic.com:443 "GET /generate_204 HTTP/1.1" 204 0
22:09:06 [INFO]    🎯 109.120.190.203 (Россия) - 25.0 Mbps, 360ms, UDP✅ 🛡️Reality
22:09:06 [DEBUG] Starting new HTTPS connection (1): dl.google.com:443
22:09:06 [DEBUG] Starting new HTTPS connection (1): dl.google.com:443
22:09:06 [DEBUG] https://dl.google.com:443 "GET /dl/android/studio/install/3.4.1.0/android-studio-ide-183.5522156-windows.exe HTTP/1.1" 200 1017327996
22:09:06 [INFO]    🎯 46.243.232.142 (Россия) - 26.5 Mbps, 474ms, UDP✅ 🛡️Reality
22:09:06 [DEBUG] https://www.gstatic.com:443 "GET /generate_204 HTTP/1.1" 204 0
22:09:06 [DEBUG] Starting new HTTPS connection (1): www.google.com:443
22:09:06 [DEBUG] Starting new HTTPS connection (1): dl.google.com:443
22:09:06 [DEBUG] https://www.google.com:443 "GET /generate_204 HTTP/1.1" 204 0
22:09:06 [DEBUG] Starting new HTTPS connection (1): cp.cloudflare.com:443
22:09:06 [DEBUG] https://dl.google.com:443 "GET /dl/android/studio/install/3.4.1.0/android-studio-ide-183.5522156-windows.exe HTTP/1.1" 200 1017327996
22:09:06 [DEBUG] https://dl.google.com:443 "GET /dl/android/studio/install/3.4.1.0/android-studio-ide-183.5522156-windows.exe HTTP/1.1" 200 1017327996
22:09:06 [DEBUG] Starting new HTTPS connection (1): www.google.com:443
22:09:06 [DEBUG] https://dl.google.com:443 "GET /dl/android/studio/install/3.4.1.0/android-studio-ide-183.5522156-windows.exe HTTP/1.1" 200 1017327996
22:09:06 [INFO]    🎯 185.40.153.243 (Россия) - 1.4 Mbps, 1543ms, UDP❌ 🛡️Reality
22:09:06 [INFO]    🎯 90.156.217.130 (Россия) - 16.5 Mbps, 376ms, UDP❌ 🛡️Reality
22:09:06 [DEBUG] Starting new HTTPS connection (1): www.google.com:443
22:09:07 [INFO]    🎯 51.250.16.92 (Россия) - 24.3 Mbps, 370ms, UDP✅ 🛡️Reality
22:09:07 [DEBUG] https://www.google.com:443 "GET /generate_204 HTTP/1.1" 204 0
22:09:07 [DEBUG] Starting new HTTPS connection (1): cp.cloudflare.com:443
22:09:07 [DEBUG] https://cp.cloudflare.com:443 "GET / HTTP/1.1" 204 0
22:09:07 [DEBUG] Starting new HTTPS connection (1): www.gstatic.com:443
22:09:07 [INFO]    🎯 51.250.26.81 (Россия) - 29.7 Mbps, 262ms, UDP✅ 🛡️Reality
22:09:07 [DEBUG] Starting new HTTPS connection (1): dl.google.com:443
22:09:07 [DEBUG] https://www.google.com:443 "GET /generate_204 HTTP/1.1" 204 0
22:09:07 [DEBUG] Starting new HTTPS connection (1): cp.cloudflare.com:443
22:09:07 [DEBUG] https://cp.cloudflare.com:443 "GET / HTTP/1.1" 204 0
22:09:07 [DEBUG] Starting new HTTPS connection (1): www.gstatic.com:443
22:09:07 [INFO]    🎯 158.160.105.121 (Россия) - 15.8 Mbps, 415ms, UDP✅ 🛡️Reality
22:09:07 [DEBUG] https://www.google.com:443 "GET /generate_204 HTTP/1.1" 204 0
22:09:07 [DEBUG] Starting new HTTPS connection (1): cp.cloudflare.com:443
22:09:07 [DEBUG] https://cp.cloudflare.com:443 "GET / HTTP/1.1" 204 0
22:09:07 [DEBUG] Starting new HTTPS connection (1): www.gstatic.com:443
22:09:07 [DEBUG] Starting new HTTPS connection (1): www.google.com:443
22:09:07 [DEBUG] Starting new HTTPS connection (1): www.google.com:443
22:09:07 [DEBUG] Starting new HTTPS connection (1): www.google.com:443
22:09:07 [DEBUG] https://www.gstatic.com:443 "GET /generate_204 HTTP/1.1" 204 0
22:09:07 [DEBUG] https://www.google.com:443 "GET /generate_204 HTTP/1.1" 204 0
22:09:07 [DEBUG] Starting new HTTPS connection (1): cp.cloudflare.com:443
22:09:07 [DEBUG] https://cp.cloudflare.com:443 "GET / HTTP/1.1" 204 0
22:09:07 [DEBUG] Starting new HTTPS connection (1): www.gstatic.com:443
22:09:07 [DEBUG] https://www.google.com:443 "GET /generate_204 HTTP/1.1" 204 0
22:09:07 [DEBUG] Starting new HTTPS connection (1): cp.cloudflare.com:443
22:09:07 [DEBUG] https://www.gstatic.com:443 "GET /generate_204 HTTP/1.1" 204 0
22:09:07 [DEBUG] https://cp.cloudflare.com:443 "GET / HTTP/1.1" 204 0
22:09:07 [DEBUG] Starting new HTTPS connection (1): www.gstatic.com:443
22:09:07 [DEBUG] https://www.gstatic.com:443 "GET /generate_204 HTTP/1.1" 204 0
22:09:08 [DEBUG] https://cp.cloudflare.com:443 "GET / HTTP/1.1" 204 0
22:09:08 [DEBUG] Starting new HTTPS connection (1): www.gstatic.com:443
22:09:08 [DEBUG] Starting new HTTPS connection (1): dl.google.com:443
22:09:08 [DEBUG] https://cp.cloudflare.com:443 "GET / HTTP/1.1" 204 0
22:09:08 [DEBUG] Starting new HTTPS connection (1): www.gstatic.com:443
22:09:08 [DEBUG] Starting new HTTPS connection (1): www.google.com:443
22:09:08 [DEBUG] Starting new HTTPS connection (1): www.google.com:443
22:09:08 [DEBUG] Starting new HTTPS connection (1): www.google.com:443
22:09:08 [DEBUG] https://www.gstatic.com:443 "GET /generate_204 HTTP/1.1" 204 0
22:09:08 [DEBUG] Starting new HTTPS connection (1): dl.google.com:443
22:09:08 [DEBUG] Starting new HTTPS connection (1): www.google.com:443
22:09:08 [DEBUG] https://www.gstatic.com:443 "GET /generate_204 HTTP/1.1" 204 0
22:09:08 [DEBUG] https://www.gstatic.com:443 "GET /generate_204 HTTP/1.1" 204 0
22:09:08 [DEBUG] https://www.google.com:443 "GET /generate_204 HTTP/1.1" 204 0
22:09:08 [DEBUG] Starting new HTTPS connection (1): cp.cloudflare.com:443
22:09:08 [DEBUG] Starting new HTTPS connection (1): www.google.com:443
22:09:08 [DEBUG] Starting new HTTPS connection (1): dl.google.com:443
22:09:08 [DEBUG] Starting new HTTPS connection (1): dl.google.com:443
22:09:08 [DEBUG] https://www.google.com:443 "GET /generate_204 HTTP/1.1" 204 0
22:09:08 [DEBUG] Starting new HTTPS connection (1): cp.cloudflare.com:443
22:09:08 [DEBUG] https://www.google.com:443 "GET /generate_204 HTTP/1.1" 204 0
22:09:08 [DEBUG] Starting new HTTPS connection (1): cp.cloudflare.com:443
22:09:08 [DEBUG] https://dl.google.com:443 "GET /dl/android/studio/install/3.4.1.0/android-studio-ide-183.5522156-windows.exe HTTP/1.1" 200 1017327996
22:09:08 [DEBUG] https://cp.cloudflare.com:443 "GET / HTTP/1.1" 204 0
22:09:08 [DEBUG] Starting new HTTPS connection (1): www.gstatic.com:443
22:09:08 [DEBUG] https://www.gstatic.com:443 "GET /generate_204 HTTP/1.1" 204 0
22:09:08 [DEBUG] https://www.google.com:443 "GET /generate_204 HTTP/1.1" 204 0
22:09:08 [DEBUG] Starting new HTTPS connection (1): cp.cloudflare.com:443
22:09:08 [DEBUG] https://www.google.com:443 "GET /generate_204 HTTP/1.1" 204 0
22:09:08 [DEBUG] Starting new HTTPS connection (1): cp.cloudflare.com:443
22:09:08 [DEBUG] Starting new HTTPS connection (1): dl.google.com:443
22:09:08 [DEBUG] https://dl.google.com:443 "GET /dl/android/studio/install/3.4.1.0/android-studio-ide-183.5522156-windows.exe HTTP/1.1" 200 1017327996
22:09:08 [INFO]    🎯 95.163.208.90 (Россия) - 10.4 Mbps, 1640ms, UDP✅ 🛡️Reality
22:09:08 [DEBUG] https://www.gstatic.com:443 "GET /generate_204 HTTP/1.1" 204 0
22:09:09 [DEBUG] https://www.google.com:443 "GET /generate_204 HTTP/1.1" 204 0
22:09:09 [DEBUG] Starting new HTTPS connection (1): cp.cloudflare.com:443
22:09:09 [DEBUG] Starting new HTTPS connection (1): dl.google.com:443
22:09:09 [DEBUG] https://cp.cloudflare.com:443 "GET / HTTP/1.1" 204 0
22:09:09 [DEBUG] Starting new HTTPS connection (1): www.gstatic.com:443
22:09:09 [DEBUG] https://cp.cloudflare.com:443 "GET / HTTP/1.1" 204 0
22:09:09 [DEBUG] Starting new HTTPS connection (1): www.gstatic.com:443
22:09:09 [DEBUG] Starting new HTTPS connection (1): dl.google.com:443
22:09:09 [INFO]    🎯 217.16.16.52 (Россия) - 30.7 Mbps, 333ms, UDP✅ 🛡️Reality
22:09:09 [DEBUG] https://cp.cloudflare.com:443 "GET / HTTP/1.1" 204 0
22:09:09 [DEBUG] Starting new HTTPS connection (1): www.gstatic.com:443
22:09:09 [DEBUG] https://dl.google.com:443 "GET /dl/android/studio/install/3.4.1.0/android-studio-ide-183.5522156-windows.exe HTTP/1.1" 200 1017327996
22:09:09 [DEBUG] https://cp.cloudflare.com:443 "GET / HTTP/1.1" 204 0
22:09:09 [DEBUG] Starting new HTTPS connection (1): www.gstatic.com:443
22:09:09 [DEBUG] https://cp.cloudflare.com:443 "GET / HTTP/1.1" 204 0
22:09:09 [DEBUG] Starting new HTTPS connection (1): www.gstatic.com:443
22:09:09 [DEBUG] https://dl.google.com:443 "GET /dl/android/studio/install/3.4.1.0/android-studio-ide-183.5522156-windows.exe HTTP/1.1" 200 1017327996
22:09:09 [DEBUG] https://www.gstatic.com:443 "GET /generate_204 HTTP/1.1" 204 0
22:09:09 [DEBUG] https://www.gstatic.com:443 "GET /generate_204 HTTP/1.1" 204 0
22:09:09 [DEBUG] https://www.gstatic.com:443 "GET /generate_204 HTTP/1.1" 204 0
22:09:09 [DEBUG] https://dl.google.com:443 "GET /dl/android/studio/install/3.4.1.0/android-studio-ide-183.5522156-windows.exe HTTP/1.1" 200 1017327996
22:09:09 [INFO]    🎯 109.120.188.166 (Россия) - 19.8 Mbps, 763ms, UDP❌ 🛡️Reality
22:09:09 [INFO]    🎯 185.86.144.32 (Россия) - 20.9 Mbps, 283ms, UDP✅ 🛡️Reality
22:09:09 [DEBUG] Starting new HTTPS connection (1): dl.google.com:443
22:09:09 [DEBUG] Starting new HTTPS connection (1): dl.google.com:443
22:09:09 [DEBUG] https://www.gstatic.com:443 "GET /generate_204 HTTP/1.1" 204 0
22:09:10 [DEBUG] Starting new HTTPS connection (1): dl.google.com:443
22:09:10 [DEBUG] Starting new HTTPS connection (1): www.google.com:443
22:09:10 [DEBUG] Starting new HTTPS connection (1): dl.google.com:443
22:09:10 [DEBUG] https://dl.google.com:443 "GET /dl/android/studio/install/3.4.1.0/android-studio-ide-183.5522156-windows.exe HTTP/1.1" 200 1017327996
22:09:10 [DEBUG] Starting new HTTPS connection (1): www.google.com:443
22:09:10 [DEBUG] https://dl.google.com:443 "GET /dl/android/studio/install/3.4.1.0/android-studio-ide-183.5522156-windows.exe HTTP/1.1" 200 1017327996
22:09:10 [DEBUG] https://dl.google.com:443 "GET /dl/android/studio/install/3.4.1.0/android-studio-ide-183.5522156-windows.exe HTTP/1.1" 200 1017327996
22:09:10 [DEBUG] https://www.google.com:443 "GET /generate_204 HTTP/1.1" 204 0
22:09:10 [DEBUG] Starting new HTTPS connection (1): cp.cloudflare.com:443
22:09:10 [DEBUG] https://dl.google.com:443 "GET /dl/android/studio/install/3.4.1.0/android-studio-ide-183.5522156-windows.exe HTTP/1.1" 200 1017327996
22:09:10 [DEBUG] https://www.gstatic.com:443 "GET /generate_204 HTTP/1.1" 204 0
22:09:10 [DEBUG] https://dl.google.com:443 "GET /dl/android/studio/install/3.4.1.0/android-studio-ide-183.5522156-windows.exe HTTP/1.1" 200 1017327996
22:09:10 [DEBUG] Starting new HTTPS connection (1): dl.google.com:443
22:09:11 [DEBUG] Starting new HTTPS connection (1): www.google.com:443
22:09:11 [DEBUG] Starting new HTTPS connection (1): www.google.com:443
22:09:11 [DEBUG] Starting new HTTPS connection (1): dl.google.com:443
22:09:11 [DEBUG] https://cp.cloudflare.com:443 "GET / HTTP/1.1" 204 0
22:09:11 [DEBUG] Starting new HTTPS connection (1): www.gstatic.com:443
22:09:11 [INFO]    🎯 37.139.34.145 (Россия) - 13.2 Mbps, 461ms, UDP✅ 🛡️Reality
22:09:11 [INFO]    🎯 79.137.175.44 (Россия) - 12.9 Mbps, 439ms, UDP✅ 🛡️Reality
22:09:11 [DEBUG] Starting new HTTPS connection (1): dl.google.com:443
22:09:11 [INFO]    🎯 185.40.153.234 (Россия) - 8.0 Mbps, 630ms, UDP✅ 🛡️Reality
22:09:11 [DEBUG] https://dl.google.com:443 "GET /dl/android/studio/install/3.4.1.0/android-studio-ide-183.5522156-windows.exe HTTP/1.1" 200 1017327996
22:09:11 [INFO]    🎯 212.233.76.67 (Россия) - 5.7 Mbps, 701ms, UDP✅ 🛡️Reality
22:09:11 [DEBUG] https://dl.google.com:443 "GET /dl/android/studio/install/3.4.1.0/android-studio-ide-183.5522156-windows.exe HTTP/1.1" 200 1017327996
22:09:11 [INFO]    🎯 87.239.106.153 (Россия) - 12.8 Mbps, 445ms, UDP✅ 🛡️Reality
22:09:11 [INFO]    🎯 87.239.106.153 (Россия) - 13.3 Mbps, 450ms, UDP✅ 🛡️Reality
22:09:11 [DEBUG] https://www.gstatic.com:443 "GET /generate_204 HTTP/1.1" 204 0
22:09:11 [DEBUG] https://www.google.com:443 "GET /generate_204 HTTP/1.1" 204 0
22:09:11 [DEBUG] Starting new HTTPS connection (1): cp.cloudflare.com:443
22:09:11 [DEBUG] https://www.google.com:443 "GET /generate_204 HTTP/1.1" 204 0
22:09:11 [DEBUG] Starting new HTTPS connection (1): cp.cloudflare.com:443
22:09:11 [DEBUG] https://dl.google.com:443 "GET /dl/android/studio/install/3.4.1.0/android-studio-ide-183.5522156-windows.exe HTTP/1.1" 200 1017327996
22:09:11 [INFO]    🎯 158.160.221.132 (Россия) - 16.0 Mbps, 450ms, UDP❌ 🛡️Reality
22:09:11 [DEBUG] Starting new HTTPS connection (1): dl.google.com:443
22:09:12 [DEBUG] https://cp.cloudflare.com:443 "GET / HTTP/1.1" 204 0
22:09:12 [DEBUG] Starting new HTTPS connection (1): www.gstatic.com:443
22:09:12 [DEBUG] https://cp.cloudflare.com:443 "GET / HTTP/1.1" 204 0
22:09:12 [DEBUG] Starting new HTTPS connection (1): www.gstatic.com:443
22:09:12 [DEBUG] Starting new HTTPS connection (1): www.google.com:443
22:09:12 [DEBUG] Starting new HTTPS connection (1): www.google.com:443
22:09:12 [DEBUG] https://dl.google.com:443 "GET /dl/android/studio/install/3.4.1.0/android-studio-ide-183.5522156-windows.exe HTTP/1.1" 200 1017327996
22:09:12 [INFO]    🎯 158.160.221.132 (Россия) - 13.6 Mbps, 415ms, UDP❌ 🛡️Reality
22:09:12 [DEBUG] Starting new HTTPS connection (1): www.google.com:443
22:09:12 [DEBUG] https://dl.google.com:443 "GET /dl/android/studio/install/3.4.1.0/android-studio-ide-183.5522156-windows.exe HTTP/1.1" 200 1017327996
22:09:12 [DEBUG] Starting new HTTPS connection (1): www.google.com:443
22:09:12 [DEBUG] Starting new HTTPS connection (1): www.google.com:443
22:09:12 [DEBUG] Starting new HTTPS connection (1): www.google.com:443
22:09:12 [DEBUG] https://www.gstatic.com:443 "GET /generate_204 HTTP/1.1" 204 0
22:09:12 [DEBUG] https://www.gstatic.com:443 "GET /generate_204 HTTP/1.1" 204 0
22:09:12 [DEBUG] https://www.google.com:443 "GET /generate_204 HTTP/1.1" 204 0
22:09:12 [DEBUG] Starting new HTTPS connection (1): cp.cloudflare.com:443
22:09:12 [DEBUG] https://www.google.com:443 "GET /generate_204 HTTP/1.1" 204 0
22:09:12 [DEBUG] Starting new HTTPS connection (1): cp.cloudflare.com:443
22:09:13 [INFO]    🎯 178.250.243.98 (Россия) - 8.6 Mbps, 1053ms, UDP✅ 🛡️Reality
22:09:13 [DEBUG] https://www.google.com:443 "GET /generate_204 HTTP/1.1" 204 0
22:09:13 [DEBUG] Starting new HTTPS connection (1): cp.cloudflare.com:443
22:09:13 [DEBUG] Starting new HTTPS connection (1): dl.google.com:443
22:09:13 [DEBUG] Starting new HTTPS connection (1): www.google.com:443
22:09:13 [DEBUG] https://www.google.com:443 "GET /generate_204 HTTP/1.1" 204 0
22:09:13 [DEBUG] Starting new HTTPS connection (1): cp.cloudflare.com:443
22:09:13 [DEBUG] Starting new HTTPS connection (1): dl.google.com:443
22:09:13 [INFO]    🎯 158.160.223.36 (Россия) - 13.6 Mbps, 491ms, UDP✅ 🛡️Reality
22:09:13 [DEBUG] https://www.google.com:443 "GET /generate_204 HTTP/1.1" 204 0
22:09:13 [DEBUG] Starting new HTTPS connection (1): cp.cloudflare.com:443
22:09:13 [DEBUG] https://dl.google.com:443 "GET /dl/android/studio/install/3.4.1.0/android-studio-ide-183.5522156-windows.exe HTTP/1.1" 200 1017327996
22:09:13 [DEBUG] https://cp.cloudflare.com:443 "GET / HTTP/1.1" 204 0
22:09:13 [DEBUG] Starting new HTTPS connection (1): www.gstatic.com:443
22:09:13 [DEBUG] https://cp.cloudflare.com:443 "GET / HTTP/1.1" 204 0
22:09:13 [DEBUG] Starting new HTTPS connection (1): www.gstatic.com:443
22:09:13 [DEBUG] Starting new HTTPS connection (1): www.google.com:443
22:09:13 [DEBUG] https://cp.cloudflare.com:443 "GET / HTTP/1.1" 204 0
22:09:13 [DEBUG] Starting new HTTPS connection (1): www.gstatic.com:443
22:09:13 [INFO]    🎯 37.139.42.234 (Россия) - 3.0 Mbps, 3467ms, UDP✅ 🛡️Reality
22:09:13 [DEBUG] https://dl.google.com:443 "GET /dl/android/studio/install/3.4.1.0/android-studio-ide-183.5522156-windows.exe HTTP/1.1" 200 1017327996
22:09:13 [DEBUG] https://dl.google.com:443 "GET /dl/android/studio/install/3.4.1.0/android-studio-ide-183.5522156-windows.exe HTTP/1.1" 200 1017327996
22:09:13 [DEBUG] https://cp.cloudflare.com:443 "GET / HTTP/1.1" 204 0
22:09:13 [DEBUG] Starting new HTTPS connection (1): www.gstatic.com:443
22:09:13 [DEBUG] Starting new HTTPS connection (1): cp.cloudflare.com:443
22:09:13 [DEBUG] https://www.gstatic.com:443 "GET /generate_204 HTTP/1.1" 204 0
22:09:14 [DEBUG] https://www.gstatic.com:443 "GET /generate_204 HTTP/1.1" 204 0
22:09:14 [DEBUG] Starting new HTTPS connection (1): www.gstatic.com:443
22:09:14 [DEBUG] Starting new HTTPS connection (1): www.google.com:443
22:09:14 [DEBUG] Starting new HTTPS connection (1): dl.google.com:443
22:09:14 [DEBUG] https://www.gstatic.com:443 "GET /generate_204 HTTP/1.1" 204 0
22:09:14 [DEBUG] Starting new HTTPS connection (1): www.google.com:443
22:09:14 [DEBUG] Starting new HTTPS connection (1): dl.google.com:443
22:09:14 [DEBUG] https://www.gstatic.com:443 "GET /generate_204 HTTP/1.1" 204 0
22:09:14 [DEBUG] Starting new HTTPS connection (1): cp.cloudflare.com:443
22:09:14 [DEBUG] Starting new HTTPS connection (1): cp.cloudflare.com:443
22:09:14 [INFO]    🎯 146.185.240.23 (Россия) - 12.1 Mbps, 599ms, UDP✅ 🛡️Reality
22:09:14 [INFO]    🎯 89.169.162.214 (Россия) - 10.9 Mbps, 584ms, UDP✅ 🛡️Reality
22:09:14 [DEBUG] https://www.google.com:443 "GET /generate_204 HTTP/1.1" 204 0
22:09:14 [DEBUG] Starting new HTTPS connection (1): cp.cloudflare.com:443
22:09:14 [DEBUG] Starting new HTTPS connection (1): dl.google.com:443
22:09:14 [DEBUG] Starting new HTTPS connection (1): www.gstatic.com:443
22:09:14 [DEBUG] Starting new HTTPS connection (1): www.google.com:443
22:09:14 [DEBUG] https://dl.google.com:443 "GET /dl/android/studio/install/3.4.1.0/android-studio-ide-183.5522156-windows.exe HTTP/1.1" 200 1017327996
22:09:14 [DEBUG] Starting new HTTPS connection (1): dl.google.com:443
22:09:15 [DEBUG] https://cp.cloudflare.com:443 "GET / HTTP/1.1" 204 0
22:09:15 [DEBUG] Starting new HTTPS connection (1): www.gstatic.com:443
22:09:15 [DEBUG] Starting new HTTPS connection (1): cp.cloudflare.com:443
22:09:15 [DEBUG] https://dl.google.com:443 "GET /dl/android/studio/install/3.4.1.0/android-studio-ide-183.5522156-windows.exe HTTP/1.1" 200 1017327996
22:09:15 [DEBUG] Starting new HTTPS connection (1): www.gstatic.com:443
22:09:15 [DEBUG] https://cp.cloudflare.com:443 "GET / HTTP/1.1" 204 0
22:09:15 [DEBUG] Starting new HTTPS connection (1): www.gstatic.com:443
22:09:15 [DEBUG] Starting new HTTPS connection (1): cp.cloudflare.com:443
22:09:15 [DEBUG] https://www.gstatic.com:443 "GET /generate_204 HTTP/1.1" 204 0
22:09:15 [DEBUG] Starting new HTTPS connection (1): cp.cloudflare.com:443
22:09:15 [DEBUG] https://dl.google.com:443 "GET /dl/android/studio/install/3.4.1.0/android-studio-ide-183.5522156-windows.exe HTTP/1.1" 200 1017327996
22:09:15 [DEBUG] https://www.gstatic.com:443 "GET /generate_204 HTTP/1.1" 204 0
22:09:15 [DEBUG] https://dl.google.com:443 "GET /dl/android/studio/install/3.4.1.0/android-studio-ide-183.5522156-windows.exe HTTP/1.1" 200 1017327996
22:09:15 [DEBUG] Starting new HTTPS connection (1): www.google.com:443
22:09:15 [INFO]    🎯 90.156.150.134 (Россия) - 12.0 Mbps, 535ms, UDP✅ 🛡️Reality
22:09:15 [DEBUG] Starting new HTTPS connection (1): dl.google.com:443
22:09:15 [DEBUG] Starting new HTTPS connection (1): www.google.com:443
22:09:15 [DEBUG] Starting new HTTPS connection (1): www.google.com:443
22:09:15 [INFO]    🎯 89.169.162.214 (Россия) - 11.7 Mbps, 564ms, UDP✅ 🛡️Reality
22:09:15 [DEBUG] Starting new HTTPS connection (1): cp.cloudflare.com:443
22:09:16 [DEBUG] https://www.google.com:443 "GET /generate_204 HTTP/1.1" 204 0
22:09:16 [DEBUG] Starting new HTTPS connection (1): cp.cloudflare.com:443
22:09:16 [DEBUG] Starting new HTTPS connection (1): dl.google.com:443
22:09:16 [DEBUG] Starting new HTTPS connection (1): www.gstatic.com:443
22:09:16 [DEBUG] https://dl.google.com:443 "GET /dl/android/studio/install/3.4.1.0/android-studio-ide-183.5522156-windows.exe HTTP/1.1" 200 1017327996
22:09:16 [DEBUG] Starting new HTTPS connection (1): www.google.com:443
22:09:16 [DEBUG] https://cp.cloudflare.com:443 "GET / HTTP/1.1" 204 0
22:09:16 [DEBUG] Starting new HTTPS connection (1): www.gstatic.com:443
22:09:16 [DEBUG] Starting new HTTPS connection (1): www.google.com:443
22:09:16 [INFO]    🎯 84.252.136.245 (Россия) - 10.1 Mbps, 622ms, UDP✅ 🛡️Reality
22:09:16 [DEBUG] Starting new HTTPS connection (1): www.gstatic.com:443
22:09:16 [DEBUG] https://www.gstatic.com:443 "GET /generate_204 HTTP/1.1" 204 0
22:09:16 [DEBUG] Starting new HTTPS connection (1): cp.cloudflare.com:443
22:09:16 [INFO]    🎯 80.92.205.51 (Россия) - 17.8 Mbps, 358ms, UDP✅ 🛡️Reality
22:09:16 [DEBUG] https://dl.google.com:443 "GET /dl/android/studio/install/3.4.1.0/android-studio-ide-183.5522156-windows.exe HTTP/1.1" 200 1017327996
22:09:16 [DEBUG] https://www.google.com:443 "GET /generate_204 HTTP/1.1" 204 0
22:09:16 [DEBUG] Starting new HTTPS connection (1): cp.cloudflare.com:443
22:09:16 [INFO]    🎯 87.239.110.251 (Россия) - 9.1 Mbps, 643ms, UDP✅ 🛡️Reality
22:09:16 [DEBUG] Starting new HTTPS connection (1): dl.google.com:443
22:09:16 [DEBUG] Starting new HTTPS connection (1): www.google.com:443
22:09:16 [DEBUG] Starting new HTTPS connection (1): cp.cloudflare.com:443
22:09:16 [DEBUG] Starting new HTTPS connection (1): www.gstatic.com:443
22:09:17 [DEBUG] Starting new HTTPS connection (1): www.google.com:443
22:09:17 [DEBUG] Starting new HTTPS connection (1): cp.cloudflare.com:443
22:09:17 [DEBUG] Starting new HTTPS connection (1): www.gstatic.com:443
22:09:17 [DEBUG] https://dl.google.com:443 "GET /dl/android/studio/install/3.4.1.0/android-studio-ide-183.5522156-windows.exe HTTP/1.1" 200 1017327996
22:09:17 [DEBUG] https://cp.cloudflare.com:443 "GET / HTTP/1.1" 204 0
22:09:17 [DEBUG] Starting new HTTPS connection (1): www.gstatic.com:443
22:09:17 [DEBUG] Starting new HTTPS connection (1): www.gstatic.com:443
22:09:17 [DEBUG] Starting new HTTPS connection (1): www.google.com:443
22:09:17 [DEBUG] Starting new HTTPS connection (1): cp.cloudflare.com:443
22:09:17 [DEBUG] Starting new HTTPS connection (1): www.gstatic.com:443
22:09:17 [INFO]    🎯 37.139.42.234 (Россия) - 26.8 Mbps, 325ms, UDP✅ 🛡️Reality
22:09:17 [DEBUG] Starting new HTTPS connection (1): www.google.com:443
22:09:17 [DEBUG] Starting new HTTPS connection (1): cp.cloudflare.com:443
22:09:17 [DEBUG] Starting new HTTPS connection (1): www.gstatic.com:443
22:09:17 [DEBUG] https://www.gstatic.com:443 "GET /generate_204 HTTP/1.1" 204 0
22:09:17 [DEBUG] Starting new HTTPS connection (1): www.gstatic.com:443
22:09:17 [DEBUG] Starting new HTTPS connection (1): www.google.com:443
22:09:17 [DEBUG] Starting new HTTPS connection (1): cp.cloudflare.com:443
22:09:17 [DEBUG] Starting new HTTPS connection (1): www.gstatic.com:443
22:09:18 [DEBUG] Starting new HTTPS connection (1): www.google.com:443
22:09:18 [DEBUG] Starting new HTTPS connection (1): cp.cloudflare.com:443
22:09:18 [DEBUG] Starting new HTTPS connection (1): www.gstatic.com:443
22:09:18 [DEBUG] Starting new HTTPS connection (1): www.google.com:443
22:09:18 [DEBUG] Starting new HTTPS connection (1): cp.cloudflare.com:443
22:09:18 [DEBUG] Starting new HTTPS connection (1): www.gstatic.com:443
22:09:18 [DEBUG] Starting new HTTPS connection (1): www.google.com:443
22:09:18 [DEBUG] Starting new HTTPS connection (1): cp.cloudflare.com:443
22:09:18 [DEBUG] Starting new HTTPS connection (1): www.gstatic.com:443
22:09:18 [DEBUG] Starting new HTTPS connection (1): www.google.com:443
22:09:18 [DEBUG] Starting new HTTPS connection (1): cp.cloudflare.com:443
22:09:18 [DEBUG] Starting new HTTPS connection (1): www.gstatic.com:443
22:09:18 [DEBUG] Starting new HTTPS connection (1): www.google.com:443
22:09:18 [DEBUG] Starting new HTTPS connection (1): www.google.com:443
22:09:18 [DEBUG] Starting new HTTPS connection (1): cp.cloudflare.com:443
22:09:18 [DEBUG] Starting new HTTPS connection (1): www.gstatic.com:443
22:09:19 [DEBUG] Starting new HTTPS connection (1): www.google.com:443
22:09:19 [DEBUG] Starting new HTTPS connection (1): www.google.com:443
22:09:19 [DEBUG] Starting new HTTPS connection (1): www.google.com:443
22:09:19 [DEBUG] Starting new HTTPS connection (1): www.google.com:443
22:09:19 [DEBUG] Starting new HTTPS connection (1): www.google.com:443
22:09:19 [DEBUG] Starting new HTTPS connection (1): www.google.com:443
22:09:19 [DEBUG] Starting new HTTPS connection (1): cp.cloudflare.com:443
22:09:19 [DEBUG] Starting new HTTPS connection (1): www.gstatic.com:443
22:09:19 [DEBUG] Starting new HTTPS connection (1): www.google.com:443
22:09:19 [DEBUG] Starting new HTTPS connection (1): cp.cloudflare.com:443
22:09:19 [DEBUG] Starting new HTTPS connection (1): www.gstatic.com:443
22:09:20 [DEBUG] Starting new HTTPS connection (1): www.google.com:443
22:09:20 [DEBUG] Starting new HTTPS connection (1): cp.cloudflare.com:443
22:09:20 [DEBUG] Starting new HTTPS connection (1): www.gstatic.com:443
22:09:20 [DEBUG] Starting new HTTPS connection (1): www.gstatic.com:443
22:09:20 [INFO]    🎯 87.239.110.251 (Россия) - 3.7 Mbps, 957ms, UDP✅ 🛡️Reality
22:09:20 [DEBUG] Starting new HTTPS connection (1): dl.google.com:443
22:09:20 [DEBUG] Starting new HTTPS connection (1): cp.cloudflare.com:443
22:09:20 [DEBUG] https://www.google.com:443 "GET /generate_204 HTTP/1.1" 204 0
22:09:20 [DEBUG] Starting new HTTPS connection (1): cp.cloudflare.com:443
22:09:21 [DEBUG] Starting new HTTPS connection (1): www.google.com:443
22:09:21 [DEBUG] Starting new HTTPS connection (1): cp.cloudflare.com:443
22:09:21 [DEBUG] Starting new HTTPS connection (1): www.gstatic.com:443
22:09:21 [DEBUG] Starting new HTTPS connection (1): www.google.com:443
22:09:21 [DEBUG] Starting new HTTPS connection (1): cp.cloudflare.com:443
22:09:21 [DEBUG] Starting new HTTPS connection (1): cp.cloudflare.com:443
22:09:21 [DEBUG] Starting new HTTPS connection (1): www.gstatic.com:443
22:09:21 [DEBUG] https://dl.google.com:443 "GET /dl/android/studio/install/3.4.1.0/android-studio-ide-183.5522156-windows.exe HTTP/1.1" 200 1017327996
22:09:21 [DEBUG] Starting new HTTPS connection (1): cp.cloudflare.com:443
22:09:21 [DEBUG] Starting new HTTPS connection (1): www.google.com:443
22:09:21 [DEBUG] Starting new HTTPS connection (1): cp.cloudflare.com:443
22:09:21 [DEBUG] Starting new HTTPS connection (1): www.gstatic.com:443
22:09:21 [DEBUG] Starting new HTTPS connection (1): cp.cloudflare.com:443
22:09:21 [DEBUG] Starting new HTTPS connection (1): www.google.com:443
22:09:21 [DEBUG] Starting new HTTPS connection (1): cp.cloudflare.com:443
22:09:21 [DEBUG] Starting new HTTPS connection (1): www.gstatic.com:443
22:09:21 [DEBUG] Starting new HTTPS connection (1): cp.cloudflare.com:443
22:09:21 [INFO]    🎯 185.247.185.6 (Россия) - 21.0 Mbps, 500ms, UDP❌ 🛡️Reality
22:09:21 [DEBUG] Starting new HTTPS connection (1): cp.cloudflare.com:443
22:09:21 [DEBUG] Starting new HTTPS connection (1): www.google.com:443
22:09:21 [DEBUG] Starting new HTTPS connection (1): cp.cloudflare.com:443
22:09:21 [DEBUG] Starting new HTTPS connection (1): www.gstatic.com:443
22:09:22 [DEBUG] Starting new HTTPS connection (1): www.google.com:443
22:09:22 [DEBUG] Starting new HTTPS connection (1): cp.cloudflare.com:443
22:09:22 [DEBUG] Starting new HTTPS connection (1): www.gstatic.com:443
22:09:22 [DEBUG] Starting new HTTPS connection (1): www.google.com:443
22:09:22 [DEBUG] Starting new HTTPS connection (1): cp.cloudflare.com:443
22:09:22 [DEBUG] Starting new HTTPS connection (1): www.gstatic.com:443
22:09:22 [DEBUG] Starting new HTTPS connection (1): www.google.com:443
22:09:22 [DEBUG] Starting new HTTPS connection (1): cp.cloudflare.com:443
22:09:22 [DEBUG] Starting new HTTPS connection (1): www.gstatic.com:443
22:09:22 [DEBUG] Starting new HTTPS connection (1): www.google.com:443
22:09:22 [DEBUG] Starting new HTTPS connection (1): cp.cloudflare.com:443
22:09:22 [DEBUG] Starting new HTTPS connection (1): www.gstatic.com:443
22:09:22 [DEBUG] Starting new HTTPS connection (1): www.google.com:443
22:09:22 [DEBUG] Starting new HTTPS connection (1): cp.cloudflare.com:443
22:09:22 [DEBUG] Starting new HTTPS connection (1): www.gstatic.com:443
22:09:22 [DEBUG] Starting new HTTPS connection (1): www.gstatic.com:443
22:09:23 [DEBUG] Starting new HTTPS connection (1): www.google.com:443
22:09:23 [DEBUG] Starting new HTTPS connection (1): www.gstatic.com:443
22:09:23 [DEBUG] Starting new HTTPS connection (1): www.gstatic.com:443
22:09:23 [DEBUG] Starting new HTTPS connection (1): www.google.com:443
22:09:23 [DEBUG] Starting new HTTPS connection (1): www.gstatic.com:443
22:09:23 [DEBUG] Starting new HTTPS connection (1): www.gstatic.com:443
22:09:23 [DEBUG] Starting new HTTPS connection (1): www.google.com:443
22:09:23 [DEBUG] Starting new HTTPS connection (1): cp.cloudflare.com:443
22:09:23 [DEBUG] Starting new HTTPS connection (1): www.gstatic.com:443
22:09:23 [DEBUG] Starting new HTTPS connection (1): www.google.com:443
22:09:23 [DEBUG] Starting new HTTPS connection (1): www.gstatic.com:443
22:09:23 [DEBUG] Starting new HTTPS connection (1): www.google.com:443
22:09:24 [DEBUG] Starting new HTTPS connection (1): www.google.com:443
22:09:25 [DEBUG] Starting new HTTPS connection (1): www.google.com:443
22:09:25 [DEBUG] https://cp.cloudflare.com:443 "GET / HTTP/1.1" 204 0
22:09:25 [DEBUG] Starting new HTTPS connection (1): www.gstatic.com:443
22:09:25 [DEBUG] Starting new HTTPS connection (1): cp.cloudflare.com:443
22:09:25 [DEBUG] Starting new HTTPS connection (1): cp.cloudflare.com:443
22:09:26 [DEBUG] Starting new HTTPS connection (1): cp.cloudflare.com:443
22:09:26 [DEBUG] Starting new HTTPS connection (1): www.google.com:443
22:09:26 [DEBUG] Starting new HTTPS connection (1): www.google.com:443
22:09:26 [DEBUG] Starting new HTTPS connection (1): www.google.com:443
22:09:26 [DEBUG] Starting new HTTPS connection (1): www.google.com:443
22:09:26 [DEBUG] Starting new HTTPS connection (1): www.google.com:443
22:09:26 [DEBUG] Starting new HTTPS connection (1): cp.cloudflare.com:443
22:09:26 [DEBUG] Starting new HTTPS connection (1): cp.cloudflare.com:443
22:09:26 [DEBUG] Starting new HTTPS connection (1): www.gstatic.com:443
22:09:26 [DEBUG] Starting new HTTPS connection (1): www.google.com:443
22:09:26 [DEBUG] Starting new HTTPS connection (1): cp.cloudflare.com:443
22:09:26 [DEBUG] Starting new HTTPS connection (1): www.gstatic.com:443
22:09:27 [DEBUG] Starting new HTTPS connection (1): www.gstatic.com:443
22:09:27 [DEBUG] Starting new HTTPS connection (1): cp.cloudflare.com:443
22:09:27 [DEBUG] Starting new HTTPS connection (1): www.google.com:443
22:09:27 [DEBUG] Starting new HTTPS connection (1): www.gstatic.com:443
22:09:28 [DEBUG] Starting new HTTPS connection (1): www.google.com:443
22:09:28 [DEBUG] Starting new HTTPS connection (1): cp.cloudflare.com:443
22:09:28 [DEBUG] Starting new HTTPS connection (1): www.gstatic.com:443
22:09:28 [DEBUG] Starting new HTTPS connection (1): cp.cloudflare.com:443
22:09:28 [DEBUG] Starting new HTTPS connection (1): www.google.com:443
22:09:28 [DEBUG] Starting new HTTPS connection (1): cp.cloudflare.com:443
22:09:28 [DEBUG] Starting new HTTPS connection (1): www.gstatic.com:443
22:09:28 [DEBUG] Starting new HTTPS connection (1): www.gstatic.com:443
22:09:28 [DEBUG] Starting new HTTPS connection (1): cp.cloudflare.com:443
22:09:28 [DEBUG] Starting new HTTPS connection (1): cp.cloudflare.com:443
22:09:28 [DEBUG] Starting new HTTPS connection (1): cp.cloudflare.com:443
22:09:29 [DEBUG] Starting new HTTPS connection (1): www.google.com:443
22:09:29 [DEBUG] Starting new HTTPS connection (1): cp.cloudflare.com:443
22:09:29 [DEBUG] Starting new HTTPS connection (1): www.gstatic.com:443
22:09:29 [DEBUG] Starting new HTTPS connection (1): www.google.com:443
22:09:29 [DEBUG] Starting new HTTPS connection (1): cp.cloudflare.com:443
22:09:29 [DEBUG] Starting new HTTPS connection (1): www.gstatic.com:443
22:09:29 [DEBUG] Starting new HTTPS connection (1): www.gstatic.com:443
22:09:30 [DEBUG] Starting new HTTPS connection (1): cp.cloudflare.com:443
22:09:30 [DEBUG] Starting new HTTPS connection (1): www.gstatic.com:443
22:09:30 [DEBUG] Starting new HTTPS connection (1): www.gstatic.com:443
22:09:30 [DEBUG] Starting new HTTPS connection (1): www.google.com:443
22:09:30 [DEBUG] Starting new HTTPS connection (1): cp.cloudflare.com:443
22:09:30 [DEBUG] Starting new HTTPS connection (1): www.gstatic.com:443
22:09:30 [DEBUG] Starting new HTTPS connection (1): www.gstatic.com:443
22:09:30 [DEBUG] Starting new HTTPS connection (1): www.google.com:443
22:09:30 [DEBUG] Starting new HTTPS connection (1): cp.cloudflare.com:443
22:09:30 [DEBUG] Starting new HTTPS connection (1): www.gstatic.com:443
22:09:30 [DEBUG] Starting new HTTPS connection (1): www.gstatic.com:443
22:09:31 [DEBUG] Starting new HTTPS connection (1): www.google.com:443
22:09:31 [DEBUG] Starting new HTTPS connection (1): cp.cloudflare.com:443
22:09:31 [DEBUG] Starting new HTTPS connection (1): www.gstatic.com:443
22:09:31 [DEBUG] Starting new HTTPS connection (1): cp.cloudflare.com:443
22:09:31 [DEBUG] Starting new HTTPS connection (1): www.google.com:443
22:09:31 [DEBUG] Starting new HTTPS connection (1): cp.cloudflare.com:443
22:09:31 [DEBUG] Starting new HTTPS connection (1): www.gstatic.com:443
22:09:31 [DEBUG] Starting new HTTPS connection (1): www.google.com:443
22:09:31 [DEBUG] Starting new HTTPS connection (1): cp.cloudflare.com:443
22:09:31 [DEBUG] Starting new HTTPS connection (1): www.gstatic.com:443
22:09:31 [DEBUG] Starting new HTTPS connection (1): www.google.com:443
22:09:31 [DEBUG] Starting new HTTPS connection (1): cp.cloudflare.com:443
22:09:31 [DEBUG] Starting new HTTPS connection (1): www.gstatic.com:443
22:09:32 [DEBUG] Starting new HTTPS connection (1): www.google.com:443
22:09:32 [DEBUG] Starting new HTTPS connection (1): cp.cloudflare.com:443
22:09:32 [DEBUG] Starting new HTTPS connection (1): www.gstatic.com:443
22:09:32 [DEBUG] Starting new HTTPS connection (1): www.google.com:443
22:09:32 [DEBUG] Starting new HTTPS connection (1): cp.cloudflare.com:443
22:09:32 [DEBUG] Starting new HTTPS connection (1): www.gstatic.com:443
22:09:32 [DEBUG] Starting new HTTPS connection (1): www.google.com:443
22:09:32 [DEBUG] Starting new HTTPS connection (1): cp.cloudflare.com:443
22:09:32 [DEBUG] Starting new HTTPS connection (1): www.gstatic.com:443
22:09:32 [DEBUG] Starting new HTTPS connection (1): www.google.com:443
22:09:32 [DEBUG] Starting new HTTPS connection (1): cp.cloudflare.com:443
22:09:32 [DEBUG] Starting new HTTPS connection (1): www.gstatic.com:443
22:09:33 [DEBUG] Starting new HTTPS connection (1): www.google.com:443
22:09:33 [DEBUG] Starting new HTTPS connection (1): cp.cloudflare.com:443
22:09:33 [DEBUG] Starting new HTTPS connection (1): www.gstatic.com:443
22:09:33 [DEBUG] Starting new HTTPS connection (1): www.gstatic.com:443
22:09:33 [DEBUG] Starting new HTTPS connection (1): dl.google.com:443
22:09:33 [DEBUG] Starting new HTTPS connection (1): www.google.com:443
22:09:33 [DEBUG] Starting new HTTPS connection (1): cp.cloudflare.com:443
22:09:33 [DEBUG] Starting new HTTPS connection (1): www.gstatic.com:443
22:09:33 [DEBUG] Starting new HTTPS connection (1): www.gstatic.com:443
22:09:33 [DEBUG] Starting new HTTPS connection (1): www.google.com:443
22:09:33 [DEBUG] Starting new HTTPS connection (1): cp.cloudflare.com:443
22:09:33 [DEBUG] Starting new HTTPS connection (1): www.gstatic.com:443
22:09:33 [DEBUG] Starting new HTTPS connection (1): www.google.com:443
22:09:33 [DEBUG] Starting new HTTPS connection (1): cp.cloudflare.com:443
22:09:33 [DEBUG] Starting new HTTPS connection (1): www.gstatic.com:443
22:09:33 [DEBUG] Starting new HTTPS connection (1): www.google.com:443
22:09:33 [DEBUG] Starting new HTTPS connection (1): cp.cloudflare.com:443
22:09:33 [DEBUG] Starting new HTTPS connection (1): www.gstatic.com:443
22:09:33 [DEBUG] Starting new HTTPS connection (1): www.google.com:443
22:09:33 [DEBUG] Starting new HTTPS connection (1): cp.cloudflare.com:443
22:09:33 [DEBUG] Starting new HTTPS connection (1): www.gstatic.com:443
22:09:33 [DEBUG] Starting new HTTPS connection (1): www.google.com:443
22:09:33 [DEBUG] Starting new HTTPS connection (1): cp.cloudflare.com:443
22:09:33 [DEBUG] Starting new HTTPS connection (1): www.gstatic.com:443
22:09:34 [DEBUG] Starting new HTTPS connection (1): www.google.com:443
22:09:34 [DEBUG] Starting new HTTPS connection (1): cp.cloudflare.com:443
22:09:34 [DEBUG] Starting new HTTPS connection (1): www.gstatic.com:443
22:09:34 [INFO]    📊 Глубокая проверка: 1737/1936 (90%) | ✅458 ❌1279
22:09:34 [DEBUG] Starting new HTTPS connection (1): www.google.com:443
22:09:34 [DEBUG] Starting new HTTPS connection (1): cp.cloudflare.com:443
22:09:34 [DEBUG] Starting new HTTPS connection (1): www.gstatic.com:443
22:09:34 [DEBUG] Starting new HTTPS connection (1): www.google.com:443
22:09:34 [DEBUG] Starting new HTTPS connection (1): cp.cloudflare.com:443
22:09:34 [DEBUG] Starting new HTTPS connection (1): www.gstatic.com:443
22:09:34 [DEBUG] Starting new HTTPS connection (1): www.google.com:443
22:09:34 [DEBUG] Starting new HTTPS connection (1): cp.cloudflare.com:443
22:09:34 [DEBUG] Starting new HTTPS connection (1): www.gstatic.com:443
22:09:34 [DEBUG] Starting new HTTPS connection (1): www.google.com:443
22:09:34 [DEBUG] Starting new HTTPS connection (1): cp.cloudflare.com:443
22:09:34 [DEBUG] Starting new HTTPS connection (1): www.gstatic.com:443
22:09:34 [DEBUG] Starting new HTTPS connection (1): www.gstatic.com:443
22:09:34 [DEBUG] Starting new HTTPS connection (1): www.google.com:443
22:09:34 [DEBUG] Starting new HTTPS connection (1): www.google.com:443
22:09:34 [DEBUG] Starting new HTTPS connection (1): cp.cloudflare.com:443
22:09:34 [DEBUG] Starting new HTTPS connection (1): www.gstatic.com:443
22:09:35 [DEBUG] Starting new HTTPS connection (1): www.google.com:443
22:09:35 [DEBUG] Starting new HTTPS connection (1): cp.cloudflare.com:443
22:09:35 [DEBUG] Starting new HTTPS connection (1): www.gstatic.com:443
22:09:35 [DEBUG] Starting new HTTPS connection (1): www.google.com:443
22:09:35 [DEBUG] Starting new HTTPS connection (1): cp.cloudflare.com:443
22:09:35 [DEBUG] Starting new HTTPS connection (1): www.gstatic.com:443
22:09:35 [DEBUG] Starting new HTTPS connection (1): www.google.com:443
22:09:35 [DEBUG] Starting new HTTPS connection (1): cp.cloudflare.com:443
22:09:35 [DEBUG] Starting new HTTPS connection (1): www.gstatic.com:443
22:09:35 [DEBUG] Starting new HTTPS connection (1): www.google.com:443
22:09:35 [DEBUG] Starting new HTTPS connection (1): cp.cloudflare.com:443
22:09:35 [DEBUG] Starting new HTTPS connection (1): www.gstatic.com:443
22:09:35 [DEBUG] Starting new HTTPS connection (1): www.google.com:443
22:09:35 [DEBUG] Starting new HTTPS connection (1): cp.cloudflare.com:443
22:09:35 [DEBUG] Starting new HTTPS connection (1): www.gstatic.com:443
22:09:35 [DEBUG] Starting new HTTPS connection (1): www.google.com:443
22:09:35 [DEBUG] Starting new HTTPS connection (1): cp.cloudflare.com:443
22:09:35 [DEBUG] Starting new HTTPS connection (1): www.gstatic.com:443
22:09:35 [DEBUG] Starting new HTTPS connection (1): www.google.com:443
22:09:35 [DEBUG] Starting new HTTPS connection (1): cp.cloudflare.com:443
22:09:35 [DEBUG] Starting new HTTPS connection (1): www.gstatic.com:443
22:09:36 [DEBUG] Starting new HTTPS connection (1): www.google.com:443
22:09:36 [DEBUG] Starting new HTTPS connection (1): cp.cloudflare.com:443
22:09:36 [DEBUG] Starting new HTTPS connection (1): www.gstatic.com:443
22:09:36 [DEBUG] Starting new HTTPS connection (1): www.google.com:443
22:09:36 [DEBUG] Starting new HTTPS connection (1): cp.cloudflare.com:443
22:09:36 [DEBUG] Starting new HTTPS connection (1): www.gstatic.com:443
22:09:36 [DEBUG] Starting new HTTPS connection (1): www.google.com:443
22:09:36 [DEBUG] Starting new HTTPS connection (1): www.google.com:443
22:09:36 [DEBUG] Starting new HTTPS connection (1): cp.cloudflare.com:443
22:09:36 [DEBUG] Starting new HTTPS connection (1): www.google.com:443
22:09:36 [DEBUG] Starting new HTTPS connection (1): cp.cloudflare.com:443
22:09:36 [DEBUG] Starting new HTTPS connection (1): www.gstatic.com:443
22:09:36 [DEBUG] Starting new HTTPS connection (1): www.google.com:443
22:09:36 [DEBUG] Starting new HTTPS connection (1): cp.cloudflare.com:443
22:09:36 [DEBUG] Starting new HTTPS connection (1): www.gstatic.com:443
22:09:36 [DEBUG] Starting new HTTPS connection (1): www.google.com:443
22:09:36 [DEBUG] Starting new HTTPS connection (1): www.gstatic.com:443
22:09:36 [DEBUG] Starting new HTTPS connection (1): cp.cloudflare.com:443
22:09:36 [DEBUG] Starting new HTTPS connection (1): www.gstatic.com:443
22:09:36 [DEBUG] https://www.google.com:443 "GET /generate_204 HTTP/1.1" 204 0
22:09:36 [DEBUG] Starting new HTTPS connection (1): cp.cloudflare.com:443
22:09:36 [DEBUG] Starting new HTTPS connection (1): cp.cloudflare.com:443
22:09:36 [DEBUG] Starting new HTTPS connection (1): www.google.com:443
22:09:37 [DEBUG] https://cp.cloudflare.com:443 "GET / HTTP/1.1" 204 0
22:09:37 [DEBUG] Starting new HTTPS connection (1): www.gstatic.com:443
22:09:37 [DEBUG] Starting new HTTPS connection (1): www.google.com:443
22:09:37 [DEBUG] Starting new HTTPS connection (1): www.google.com:443
22:09:37 [DEBUG] https://www.gstatic.com:443 "GET /generate_204 HTTP/1.1" 204 0
22:09:37 [DEBUG] Starting new HTTPS connection (1): cp.cloudflare.com:443
22:09:37 [DEBUG] Starting new HTTPS connection (1): dl.google.com:443
22:09:37 [DEBUG] Starting new HTTPS connection (1): www.google.com:443
22:09:37 [DEBUG] Starting new HTTPS connection (1): cp.cloudflare.com:443
22:09:37 [DEBUG] Starting new HTTPS connection (1): www.gstatic.com:443
22:09:37 [DEBUG] Starting new HTTPS connection (1): www.gstatic.com:443
22:09:37 [DEBUG] https://dl.google.com:443 "GET /dl/android/studio/install/3.4.1.0/android-studio-ide-183.5522156-windows.exe HTTP/1.1" 200 1017327996
22:09:37 [DEBUG] Starting new HTTPS connection (1): www.google.com:443
22:09:37 [DEBUG] Starting new HTTPS connection (1): www.google.com:443
22:09:38 [DEBUG] Starting new HTTPS connection (1): www.google.com:443
22:09:38 [DEBUG] Starting new HTTPS connection (1): cp.cloudflare.com:443
22:09:38 [INFO]    🎯 45.139.26.213 (Россия) - 32.6 Mbps, 268ms, UDP✅ 🛡️Reality
22:09:38 [DEBUG] Starting new HTTPS connection (1): www.google.com:443
22:09:38 [DEBUG] Starting new HTTPS connection (1): cp.cloudflare.com:443
22:09:38 [DEBUG] Starting new HTTPS connection (1): www.gstatic.com:443
22:09:38 [DEBUG] Starting new HTTPS connection (1): www.google.com:443
22:09:38 [DEBUG] Starting new HTTPS connection (1): www.gstatic.com:443
22:09:38 [DEBUG] Starting new HTTPS connection (1): www.google.com:443
22:09:39 [DEBUG] Starting new HTTPS connection (1): www.gstatic.com:443
22:09:39 [DEBUG] Starting new HTTPS connection (1): www.google.com:443
22:09:39 [DEBUG] Starting new HTTPS connection (1): cp.cloudflare.com:443
22:09:39 [DEBUG] Starting new HTTPS connection (1): cp.cloudflare.com:443
22:09:39 [DEBUG] Starting new HTTPS connection (1): www.google.com:443
22:09:39 [DEBUG] Starting new HTTPS connection (1): www.google.com:443
22:09:39 [DEBUG] Starting new HTTPS connection (1): www.google.com:443
22:09:39 [DEBUG] Starting new HTTPS connection (1): www.gstatic.com:443
22:09:39 [DEBUG] Starting new HTTPS connection (1): cp.cloudflare.com:443
22:09:39 [DEBUG] Starting new HTTPS connection (1): www.gstatic.com:443
22:09:39 [DEBUG] Starting new HTTPS connection (1): cp.cloudflare.com:443
22:09:39 [DEBUG] Starting new HTTPS connection (1): www.google.com:443
22:09:39 [DEBUG] Starting new HTTPS connection (1): www.google.com:443
22:09:39 [DEBUG] Starting new HTTPS connection (1): cp.cloudflare.com:443
22:09:39 [DEBUG] Starting new HTTPS connection (1): www.gstatic.com:443
22:09:39 [DEBUG] Starting new HTTPS connection (1): cp.cloudflare.com:443
22:09:40 [DEBUG] Starting new HTTPS connection (1): www.gstatic.com:443
22:09:40 [DEBUG] Starting new HTTPS connection (1): cp.cloudflare.com:443
22:09:40 [DEBUG] Starting new HTTPS connection (1): www.google.com:443
22:09:40 [DEBUG] Starting new HTTPS connection (1): www.google.com:443
22:09:40 [DEBUG] Starting new HTTPS connection (1): cp.cloudflare.com:443
22:09:40 [DEBUG] Starting new HTTPS connection (1): cp.cloudflare.com:443
22:09:41 [DEBUG] Starting new HTTPS connection (1): cp.cloudflare.com:443
22:09:41 [DEBUG] Starting new HTTPS connection (1): www.gstatic.com:443
22:09:41 [DEBUG] Starting new HTTPS connection (1): www.gstatic.com:443
22:09:41 [DEBUG] Starting new HTTPS connection (1): www.google.com:443
22:09:41 [INFO]    🎯 178.250.246.80 (Россия) - 0.0 Mbps, 4368ms, UDP❌ 🛡️Reality
22:09:41 [DEBUG] Starting new HTTPS connection (1): www.gstatic.com:443
22:09:41 [DEBUG] Starting new HTTPS connection (1): cp.cloudflare.com:443
22:09:41 [DEBUG] Starting new HTTPS connection (1): www.google.com:443
22:09:41 [DEBUG] Starting new HTTPS connection (1): cp.cloudflare.com:443
22:09:42 [DEBUG] Starting new HTTPS connection (1): www.gstatic.com:443
22:09:42 [DEBUG] Starting new HTTPS connection (1): www.google.com:443
22:09:42 [DEBUG] Starting new HTTPS connection (1): www.google.com:443
22:09:42 [DEBUG] Starting new HTTPS connection (1): www.google.com:443
22:09:42 [DEBUG] Starting new HTTPS connection (1): www.google.com:443
22:09:42 [DEBUG] Starting new HTTPS connection (1): www.gstatic.com:443
22:09:42 [DEBUG] Starting new HTTPS connection (1): cp.cloudflare.com:443
22:09:42 [DEBUG] Starting new HTTPS connection (1): www.gstatic.com:443
22:09:43 [DEBUG] Starting new HTTPS connection (1): www.gstatic.com:443
22:09:43 [DEBUG] Starting new HTTPS connection (1): cp.cloudflare.com:443
22:09:43 [DEBUG] Starting new HTTPS connection (1): cp.cloudflare.com:443
22:09:43 [DEBUG] Starting new HTTPS connection (1): cp.cloudflare.com:443
22:09:43 [DEBUG] Starting new HTTPS connection (1): www.gstatic.com:443
22:09:43 [DEBUG] Starting new HTTPS connection (1): cp.cloudflare.com:443
22:09:44 [DEBUG] Starting new HTTPS connection (1): www.google.com:443
22:09:44 [DEBUG] Starting new HTTPS connection (1): www.gstatic.com:443
22:09:44 [DEBUG] Starting new HTTPS connection (1): cp.cloudflare.com:443
22:09:44 [DEBUG] Starting new HTTPS connection (1): cp.cloudflare.com:443
22:09:44 [DEBUG] Starting new HTTPS connection (1): cp.cloudflare.com:443
22:09:44 [DEBUG] Starting new HTTPS connection (1): www.google.com:443
22:09:45 [DEBUG] Starting new HTTPS connection (1): www.gstatic.com:443
22:09:45 [DEBUG] Starting new HTTPS connection (1): www.google.com:443
22:09:45 [DEBUG] Starting new HTTPS connection (1): www.google.com:443
22:09:45 [DEBUG] Starting new HTTPS connection (1): cp.cloudflare.com:443
22:09:46 [DEBUG] Starting new HTTPS connection (1): www.gstatic.com:443
22:09:46 [DEBUG] Starting new HTTPS connection (1): cp.cloudflare.com:443
22:09:46 [DEBUG] Starting new HTTPS connection (1): www.gstatic.com:443
22:09:46 [DEBUG] Starting new HTTPS connection (1): www.google.com:443
22:09:46 [DEBUG] Starting new HTTPS connection (1): cp.cloudflare.com:443
22:09:46 [DEBUG] Starting new HTTPS connection (1): www.gstatic.com:443
22:09:46 [DEBUG] Starting new HTTPS connection (1): www.gstatic.com:443
22:09:46 [DEBUG] Starting new HTTPS connection (1): www.gstatic.com:443
22:09:46 [DEBUG] Starting new HTTPS connection (1): www.gstatic.com:443
22:09:46 [DEBUG] Starting new HTTPS connection (1): cp.cloudflare.com:443
22:09:46 [DEBUG] Starting new HTTPS connection (1): www.google.com:443
22:09:46 [DEBUG] Starting new HTTPS connection (1): cp.cloudflare.com:443
22:09:47 [DEBUG] Starting new HTTPS connection (1): www.gstatic.com:443
22:09:47 [DEBUG] Starting new HTTPS connection (1): www.google.com:443
22:09:47 [DEBUG] Starting new HTTPS connection (1): www.google.com:443
22:09:48 [DEBUG] Starting new HTTPS connection (1): www.gstatic.com:443
22:09:48 [DEBUG] Starting new HTTPS connection (1): www.google.com:443
22:09:48 [DEBUG] Starting new HTTPS connection (1): cp.cloudflare.com:443
22:09:48 [DEBUG] Starting new HTTPS connection (1): www.gstatic.com:443
22:09:48 [DEBUG] Starting new HTTPS connection (1): www.gstatic.com:443
22:09:48 [DEBUG] Starting new HTTPS connection (1): cp.cloudflare.com:443
22:09:48 [DEBUG] Starting new HTTPS connection (1): www.gstatic.com:443
22:09:48 [DEBUG] Starting new HTTPS connection (1): www.google.com:443
22:09:48 [DEBUG] Starting new HTTPS connection (1): www.gstatic.com:443
22:09:48 [DEBUG] Starting new HTTPS connection (1): www.gstatic.com:443
22:09:48 [DEBUG] Starting new HTTPS connection (1): cp.cloudflare.com:443
22:09:49 [DEBUG] Starting new HTTPS connection (1): www.gstatic.com:443
22:09:49 [DEBUG] Starting new HTTPS connection (1): www.google.com:443
22:09:49 [DEBUG] Starting new HTTPS connection (1): www.google.com:443
22:09:49 [DEBUG] Starting new HTTPS connection (1): www.google.com:443
22:09:49 [DEBUG] Starting new HTTPS connection (1): cp.cloudflare.com:443
22:09:49 [DEBUG] Starting new HTTPS connection (1): cp.cloudflare.com:443
22:09:49 [DEBUG] Starting new HTTPS connection (1): www.google.com:443
22:09:49 [DEBUG] Starting new HTTPS connection (1): www.google.com:443
22:09:49 [DEBUG] Starting new HTTPS connection (1): www.gstatic.com:443
22:09:49 [DEBUG] Starting new HTTPS connection (1): www.google.com:443
22:09:49 [DEBUG] Starting new HTTPS connection (1): cp.cloudflare.com:443
22:09:49 [DEBUG] Starting new HTTPS connection (1): www.gstatic.com:443
22:09:49 [DEBUG] Starting new HTTPS connection (1): cp.cloudflare.com:443
22:09:49 [INFO]    🎯 95.163.210.176 (Россия) - 0.4 Mbps, 334ms, UDP✅ 🛡️Reality
22:09:50 [DEBUG] Starting new HTTPS connection (1): www.gstatic.com:443
22:09:50 [DEBUG] Starting new HTTPS connection (1): cp.cloudflare.com:443
22:09:50 [DEBUG] Starting new HTTPS connection (1): www.google.com:443
22:09:50 [DEBUG] Starting new HTTPS connection (1): cp.cloudflare.com:443
22:09:50 [DEBUG] Starting new HTTPS connection (1): www.gstatic.com:443
22:09:51 [DEBUG] Starting new HTTPS connection (1): www.google.com:443
22:09:51 [DEBUG] Starting new HTTPS connection (1): www.google.com:443
22:09:51 [DEBUG] Starting new HTTPS connection (1): www.google.com:443
22:09:51 [DEBUG] Starting new HTTPS connection (1): cp.cloudflare.com:443
22:09:51 [DEBUG] Starting new HTTPS connection (1): cp.cloudflare.com:443
22:09:51 [DEBUG] Starting new HTTPS connection (1): www.gstatic.com:443
22:09:51 [DEBUG] Starting new HTTPS connection (1): www.google.com:443
22:09:51 [DEBUG] Starting new HTTPS connection (1): cp.cloudflare.com:443
22:09:51 [DEBUG] Starting new HTTPS connection (1): www.gstatic.com:443
22:09:51 [DEBUG] Starting new HTTPS connection (1): www.gstatic.com:443
22:09:51 [DEBUG] Starting new HTTPS connection (1): www.google.com:443
22:09:51 [DEBUG] Starting new HTTPS connection (1): www.google.com:443
22:09:51 [DEBUG] Starting new HTTPS connection (1): cp.cloudflare.com:443
22:09:51 [DEBUG] Starting new HTTPS connection (1): www.gstatic.com:443
22:09:51 [DEBUG] Starting new HTTPS connection (1): cp.cloudflare.com:443
22:09:51 [DEBUG] Starting new HTTPS connection (1): www.google.com:443
22:09:51 [DEBUG] Starting new HTTPS connection (1): cp.cloudflare.com:443
22:09:51 [DEBUG] Starting new HTTPS connection (1): www.gstatic.com:443
22:09:51 [DEBUG] Starting new HTTPS connection (1): cp.cloudflare.com:443
22:09:51 [DEBUG] Starting new HTTPS connection (1): www.google.com:443
22:09:51 [DEBUG] Starting new HTTPS connection (1): cp.cloudflare.com:443
22:09:51 [DEBUG] Starting new HTTPS connection (1): www.gstatic.com:443
22:09:51 [DEBUG] Starting new HTTPS connection (1): www.gstatic.com:443
22:09:52 [DEBUG] Starting new HTTPS connection (1): www.gstatic.com:443
22:09:52 [DEBUG] Starting new HTTPS connection (1): www.gstatic.com:443
22:09:52 [DEBUG] Starting new HTTPS connection (1): www.google.com:443
22:09:52 [DEBUG] Starting new HTTPS connection (1): cp.cloudflare.com:443
22:09:52 [DEBUG] Starting new HTTPS connection (1): cp.cloudflare.com:443
22:09:52 [DEBUG] Starting new HTTPS connection (1): www.gstatic.com:443
22:09:52 [DEBUG] Starting new HTTPS connection (1): www.google.com:443
22:09:52 [DEBUG] Starting new HTTPS connection (1): www.google.com:443
22:09:52 [DEBUG] Starting new HTTPS connection (1): www.google.com:443
22:09:52 [DEBUG] Starting new HTTPS connection (1): cp.cloudflare.com:443
22:09:52 [DEBUG] Starting new HTTPS connection (1): www.gstatic.com:443
22:09:52 [DEBUG] Starting new HTTPS connection (1): cp.cloudflare.com:443
22:09:53 [DEBUG] Starting new HTTPS connection (1): www.gstatic.com:443
22:09:53 [DEBUG] Starting new HTTPS connection (1): www.google.com:443
22:09:53 [DEBUG] Starting new HTTPS connection (1): cp.cloudflare.com:443
22:09:53 [DEBUG] Starting new HTTPS connection (1): cp.cloudflare.com:443
22:09:53 [DEBUG] Starting new HTTPS connection (1): www.google.com:443
22:09:53 [DEBUG] Starting new HTTPS connection (1): www.gstatic.com:443
22:09:53 [DEBUG] Starting new HTTPS connection (1): cp.cloudflare.com:443
22:09:53 [DEBUG] Starting new HTTPS connection (1): www.gstatic.com:443
22:09:53 [DEBUG] Starting new HTTPS connection (1): www.google.com:443
22:09:54 [DEBUG] Starting new HTTPS connection (1): www.gstatic.com:443
22:09:54 [DEBUG] Starting new HTTPS connection (1): www.google.com:443
22:09:54 [DEBUG] Starting new HTTPS connection (1): cp.cloudflare.com:443
22:09:54 [DEBUG] Starting new HTTPS connection (1): www.gstatic.com:443
22:09:54 [DEBUG] Starting new HTTPS connection (1): cp.cloudflare.com:443
22:09:54 [DEBUG] Starting new HTTPS connection (1): www.google.com:443
22:09:54 [DEBUG] Starting new HTTPS connection (1): cp.cloudflare.com:443
22:09:54 [DEBUG] Starting new HTTPS connection (1): www.google.com:443
22:09:54 [DEBUG] Starting new HTTPS connection (1): cp.cloudflare.com:443
22:09:54 [DEBUG] Starting new HTTPS connection (1): www.gstatic.com:443
22:09:54 [DEBUG] Starting new HTTPS connection (1): www.google.com:443
22:09:54 [DEBUG] Starting new HTTPS connection (1): www.gstatic.com:443
22:09:54 [DEBUG] Starting new HTTPS connection (1): www.google.com:443
22:09:54 [DEBUG] Starting new HTTPS connection (1): www.gstatic.com:443
22:09:54 [DEBUG] Starting new HTTPS connection (1): cp.cloudflare.com:443
22:09:54 [DEBUG] Starting new HTTPS connection (1): cp.cloudflare.com:443
22:09:54 [DEBUG] Starting new HTTPS connection (1): www.google.com:443
22:09:55 [DEBUG] Starting new HTTPS connection (1): cp.cloudflare.com:443
22:09:55 [DEBUG] Starting new HTTPS connection (1): www.google.com:443
22:09:55 [DEBUG] Starting new HTTPS connection (1): www.gstatic.com:443
22:09:55 [DEBUG] Starting new HTTPS connection (1): www.google.com:443
22:09:55 [DEBUG] Starting new HTTPS connection (1): www.gstatic.com:443
22:09:55 [DEBUG] Starting new HTTPS connection (1): www.google.com:443
22:09:55 [DEBUG] Starting new HTTPS connection (1): www.google.com:443
22:09:55 [DEBUG] Starting new HTTPS connection (1): www.gstatic.com:443
22:09:55 [DEBUG] Starting new HTTPS connection (1): www.google.com:443
22:09:55 [DEBUG] Starting new HTTPS connection (1): cp.cloudflare.com:443
22:09:55 [DEBUG] Starting new HTTPS connection (1): www.google.com:443
22:09:55 [DEBUG] Starting new HTTPS connection (1): www.gstatic.com:443
22:09:55 [DEBUG] Starting new HTTPS connection (1): cp.cloudflare.com:443
22:09:55 [DEBUG] Starting new HTTPS connection (1): www.gstatic.com:443
22:09:56 [DEBUG] Starting new HTTPS connection (1): cp.cloudflare.com:443
22:09:56 [DEBUG] Starting new HTTPS connection (1): www.google.com:443
22:09:56 [DEBUG] Starting new HTTPS connection (1): cp.cloudflare.com:443
22:09:56 [DEBUG] Starting new HTTPS connection (1): cp.cloudflare.com:443
22:09:56 [DEBUG] Starting new HTTPS connection (1): www.gstatic.com:443
22:09:56 [DEBUG] Starting new HTTPS connection (1): www.google.com:443
22:09:56 [DEBUG] Starting new HTTPS connection (1): cp.cloudflare.com:443
22:09:56 [DEBUG] Starting new HTTPS connection (1): www.gstatic.com:443
22:09:56 [DEBUG] Starting new HTTPS connection (1): www.gstatic.com:443
22:09:57 [DEBUG] Starting new HTTPS connection (1): www.google.com:443
22:09:57 [DEBUG] Starting new HTTPS connection (1): www.google.com:443
22:09:57 [DEBUG] Starting new HTTPS connection (1): cp.cloudflare.com:443
22:09:57 [DEBUG] Starting new HTTPS connection (1): cp.cloudflare.com:443
22:09:57 [DEBUG] Starting new HTTPS connection (1): www.google.com:443
22:09:57 [DEBUG] Starting new HTTPS connection (1): cp.cloudflare.com:443
22:09:57 [DEBUG] Starting new HTTPS connection (1): www.gstatic.com:443
22:09:57 [DEBUG] Starting new HTTPS connection (1): cp.cloudflare.com:443
22:09:57 [DEBUG] Starting new HTTPS connection (1): cp.cloudflare.com:443
22:09:57 [DEBUG] Starting new HTTPS connection (1): www.google.com:443
22:09:57 [DEBUG] Starting new HTTPS connection (1): www.google.com:443
22:09:58 [DEBUG] Starting new HTTPS connection (1): cp.cloudflare.com:443
22:09:58 [DEBUG] Starting new HTTPS connection (1): www.gstatic.com:443
22:09:58 [DEBUG] Starting new HTTPS connection (1): cp.cloudflare.com:443
22:09:58 [DEBUG] Starting new HTTPS connection (1): www.gstatic.com:443
22:09:58 [DEBUG] Starting new HTTPS connection (1): www.gstatic.com:443
22:09:58 [DEBUG] Starting new HTTPS connection (1): www.google.com:443
22:09:58 [DEBUG] Starting new HTTPS connection (1): cp.cloudflare.com:443
22:09:58 [DEBUG] Starting new HTTPS connection (1): www.gstatic.com:443
22:09:58 [DEBUG] Starting new HTTPS connection (1): www.gstatic.com:443
22:09:58 [DEBUG] Starting new HTTPS connection (1): www.google.com:443
22:09:59 [DEBUG] Starting new HTTPS connection (1): cp.cloudflare.com:443
22:09:59 [DEBUG] Starting new HTTPS connection (1): cp.cloudflare.com:443
22:09:59 [DEBUG] Starting new HTTPS connection (1): www.gstatic.com:443
22:09:59 [DEBUG] Starting new HTTPS connection (1): www.gstatic.com:443
22:09:59 [DEBUG] Starting new HTTPS connection (1): www.google.com:443
22:09:59 [DEBUG] Starting new HTTPS connection (1): www.gstatic.com:443
22:09:59 [DEBUG] Starting new HTTPS connection (1): www.gstatic.com:443
22:09:59 [DEBUG] Starting new HTTPS connection (1): www.gstatic.com:443
22:09:59 [DEBUG] Starting new HTTPS connection (1): www.google.com:443
22:09:59 [DEBUG] Starting new HTTPS connection (1): www.google.com:443
22:09:59 [DEBUG] Starting new HTTPS connection (1): www.google.com:443
22:10:00 [DEBUG] Starting new HTTPS connection (1): www.google.com:443
22:10:00 [DEBUG] Starting new HTTPS connection (1): cp.cloudflare.com:443
22:10:01 [DEBUG] Starting new HTTPS connection (1): www.gstatic.com:443
22:10:01 [DEBUG] Starting new HTTPS connection (1): www.gstatic.com:443
22:10:01 [DEBUG] Starting new HTTPS connection (1): cp.cloudflare.com:443
22:10:01 [DEBUG] Starting new HTTPS connection (1): www.google.com:443
22:10:01 [DEBUG] Starting new HTTPS connection (1): cp.cloudflare.com:443
22:10:01 [DEBUG] Starting new HTTPS connection (1): www.gstatic.com:443
22:10:01 [DEBUG] Starting new HTTPS connection (1): cp.cloudflare.com:443
22:10:01 [DEBUG] Starting new HTTPS connection (1): cp.cloudflare.com:443
22:10:02 [DEBUG] Starting new HTTPS connection (1): cp.cloudflare.com:443
22:10:02 [DEBUG] Starting new HTTPS connection (1): www.google.com:443
22:10:02 [DEBUG] Starting new HTTPS connection (1): cp.cloudflare.com:443
22:10:02 [DEBUG] Starting new HTTPS connection (1): www.google.com:443
22:10:02 [DEBUG] Starting new HTTPS connection (1): www.google.com:443
22:10:02 [DEBUG] Starting new HTTPS connection (1): cp.cloudflare.com:443
22:10:02 [DEBUG] Starting new HTTPS connection (1): cp.cloudflare.com:443
22:10:02 [DEBUG] Starting new HTTPS connection (1): www.gstatic.com:443
22:10:02 [DEBUG] Starting new HTTPS connection (1): www.gstatic.com:443
22:10:02 [DEBUG] Starting new HTTPS connection (1): www.google.com:443
22:10:02 [DEBUG] Starting new HTTPS connection (1): www.google.com:443
22:10:02 [DEBUG] Starting new HTTPS connection (1): cp.cloudflare.com:443
22:10:02 [DEBUG] Starting new HTTPS connection (1): www.gstatic.com:443
22:10:02 [DEBUG] Starting new HTTPS connection (1): www.google.com:443
22:10:03 [DEBUG] Starting new HTTPS connection (1): cp.cloudflare.com:443
22:10:03 [DEBUG] Starting new HTTPS connection (1): www.gstatic.com:443
22:10:03 [DEBUG] Starting new HTTPS connection (1): www.gstatic.com:443
22:10:03 [DEBUG] Starting new HTTPS connection (1): www.gstatic.com:443
22:10:03 [DEBUG] Starting new HTTPS connection (1): www.google.com:443
22:10:03 [DEBUG] Starting new HTTPS connection (1): www.gstatic.com:443
22:10:03 [DEBUG] Starting new HTTPS connection (1): www.google.com:443
22:10:03 [DEBUG] Starting new HTTPS connection (1): www.gstatic.com:443
22:10:04 [DEBUG] Starting new HTTPS connection (1): www.gstatic.com:443
22:10:04 [DEBUG] Starting new HTTPS connection (1): cp.cloudflare.com:443
22:10:04 [DEBUG] Starting new HTTPS connection (1): www.gstatic.com:443
22:10:04 [DEBUG] Starting new HTTPS connection (1): www.google.com:443
22:10:04 [DEBUG] Starting new HTTPS connection (1): cp.cloudflare.com:443
22:10:04 [DEBUG] Starting new HTTPS connection (1): www.gstatic.com:443
22:10:04 [DEBUG] Starting new HTTPS connection (1): www.google.com:443
22:10:04 [DEBUG] Starting new HTTPS connection (1): www.google.com:443
22:10:04 [DEBUG] Starting new HTTPS connection (1): www.google.com:443
22:10:04 [DEBUG] Starting new HTTPS connection (1): cp.cloudflare.com:443
22:10:04 [DEBUG] Starting new HTTPS connection (1): www.gstatic.com:443
22:10:05 [DEBUG] Starting new HTTPS connection (1): cp.cloudflare.com:443
22:10:05 [DEBUG] Starting new HTTPS connection (1): www.google.com:443
22:10:05 [DEBUG] Starting new HTTPS connection (1): cp.cloudflare.com:443
22:10:05 [DEBUG] Starting new HTTPS connection (1): www.google.com:443
22:10:05 [DEBUG] Starting new HTTPS connection (1): www.gstatic.com:443
22:10:05 [DEBUG] Starting new HTTPS connection (1): cp.cloudflare.com:443
22:10:05 [DEBUG] Starting new HTTPS connection (1): www.gstatic.com:443
22:10:06 [DEBUG] Starting new HTTPS connection (1): www.google.com:443
22:10:06 [DEBUG] Starting new HTTPS connection (1): cp.cloudflare.com:443
22:10:06 [DEBUG] Starting new HTTPS connection (1): www.gstatic.com:443
22:10:06 [DEBUG] Starting new HTTPS connection (1): www.gstatic.com:443
22:10:06 [DEBUG] Starting new HTTPS connection (1): www.google.com:443
22:10:06 [DEBUG] Starting new HTTPS connection (1): cp.cloudflare.com:443
22:10:06 [DEBUG] Starting new HTTPS connection (1): www.google.com:443
22:10:06 [DEBUG] Starting new HTTPS connection (1): cp.cloudflare.com:443
22:10:06 [DEBUG] Starting new HTTPS connection (1): www.gstatic.com:443
22:10:07 [DEBUG] Starting new HTTPS connection (1): www.google.com:443
22:10:07 [DEBUG] Starting new HTTPS connection (1): www.google.com:443
22:10:07 [DEBUG] Starting new HTTPS connection (1): www.google.com:443
22:10:07 [DEBUG] Starting new HTTPS connection (1): www.google.com:443
22:10:07 [DEBUG] Starting new HTTPS connection (1): cp.cloudflare.com:443
22:10:07 [DEBUG] Starting new HTTPS connection (1): www.google.com:443
22:10:07 [DEBUG] Starting new HTTPS connection (1): cp.cloudflare.com:443
22:10:07 [DEBUG] Starting new HTTPS connection (1): www.gstatic.com:443
22:10:07 [DEBUG] Starting new HTTPS connection (1): www.google.com:443
22:10:07 [DEBUG] Starting new HTTPS connection (1): www.gstatic.com:443
22:10:07 [DEBUG] Starting new HTTPS connection (1): www.google.com:443
22:10:07 [DEBUG] Starting new HTTPS connection (1): cp.cloudflare.com:443
22:10:07 [DEBUG] Starting new HTTPS connection (1): cp.cloudflare.com:443
22:10:07 [DEBUG] Starting new HTTPS connection (1): cp.cloudflare.com:443
22:10:07 [DEBUG] Starting new HTTPS connection (1): www.gstatic.com:443
22:10:07 [DEBUG] Starting new HTTPS connection (1): www.gstatic.com:443
22:10:07 [DEBUG] Starting new HTTPS connection (1): www.gstatic.com:443
22:10:07 [DEBUG] Starting new HTTPS connection (1): cp.cloudflare.com:443
22:10:08 [DEBUG] Starting new HTTPS connection (1): www.google.com:443
22:10:08 [DEBUG] Starting new HTTPS connection (1): cp.cloudflare.com:443
22:10:08 [DEBUG] Starting new HTTPS connection (1): www.gstatic.com:443
22:10:08 [DEBUG] Starting new HTTPS connection (1): cp.cloudflare.com:443
22:10:08 [DEBUG] Starting new HTTPS connection (1): www.google.com:443
22:10:08 [DEBUG] Starting new HTTPS connection (1): www.google.com:443
22:10:08 [DEBUG] Starting new HTTPS connection (1): www.gstatic.com:443
22:10:08 [DEBUG] Starting new HTTPS connection (1): cp.cloudflare.com:443
22:10:08 [DEBUG] Starting new HTTPS connection (1): www.google.com:443
22:10:08 [DEBUG] Starting new HTTPS connection (1): cp.cloudflare.com:443
22:10:08 [DEBUG] Starting new HTTPS connection (1): cp.cloudflare.com:443
22:10:08 [DEBUG] Starting new HTTPS connection (1): www.gstatic.com:443
22:10:09 [DEBUG] Starting new HTTPS connection (1): www.google.com:443
22:10:09 [DEBUG] Starting new HTTPS connection (1): cp.cloudflare.com:443
22:10:09 [DEBUG] Starting new HTTPS connection (1): cp.cloudflare.com:443
22:10:09 [DEBUG] Starting new HTTPS connection (1): www.gstatic.com:443
22:10:09 [DEBUG] Starting new HTTPS connection (1): www.google.com:443
22:10:09 [DEBUG] Starting new HTTPS connection (1): www.google.com:443
22:10:09 [DEBUG] Starting new HTTPS connection (1): www.google.com:443
22:10:09 [DEBUG] Starting new HTTPS connection (1): cp.cloudflare.com:443
22:10:09 [DEBUG] Starting new HTTPS connection (1): www.gstatic.com:443
22:10:09 [DEBUG] Starting new HTTPS connection (1): cp.cloudflare.com:443
22:10:09 [DEBUG] Starting new HTTPS connection (1): www.gstatic.com:443
22:10:10 [DEBUG] Starting new HTTPS connection (1): www.gstatic.com:443
22:10:10 [DEBUG] Starting new HTTPS connection (1): www.google.com:443
22:10:10 [DEBUG] Starting new HTTPS connection (1): cp.cloudflare.com:443
22:10:10 [DEBUG] Starting new HTTPS connection (1): www.google.com:443
22:10:10 [DEBUG] Starting new HTTPS connection (1): www.gstatic.com:443
22:10:10 [DEBUG] Starting new HTTPS connection (1): www.gstatic.com:443
22:10:10 [DEBUG] Starting new HTTPS connection (1): cp.cloudflare.com:443
22:10:10 [DEBUG] Starting new HTTPS connection (1): www.gstatic.com:443
22:10:10 [DEBUG] Starting new HTTPS connection (1): www.google.com:443
22:10:11 [DEBUG] Starting new HTTPS connection (1): www.google.com:443
22:10:11 [DEBUG] Starting new HTTPS connection (1): cp.cloudflare.com:443
22:10:11 [DEBUG] Starting new HTTPS connection (1): www.gstatic.com:443
22:10:11 [DEBUG] Starting new HTTPS connection (1): www.gstatic.com:443
22:10:11 [DEBUG] Starting new HTTPS connection (1): www.google.com:443
22:10:11 [DEBUG] Starting new HTTPS connection (1): cp.cloudflare.com:443
22:10:11 [DEBUG] Starting new HTTPS connection (1): www.gstatic.com:443
22:10:11 [DEBUG] Starting new HTTPS connection (1): www.google.com:443
22:10:12 [DEBUG] Starting new HTTPS connection (1): cp.cloudflare.com:443
22:10:12 [DEBUG] Starting new HTTPS connection (1): cp.cloudflare.com:443
22:10:12 [DEBUG] Starting new HTTPS connection (1): www.gstatic.com:443
22:10:12 [DEBUG] Starting new HTTPS connection (1): www.google.com:443
22:10:12 [DEBUG] Starting new HTTPS connection (1): www.google.com:443
22:10:12 [DEBUG] Starting new HTTPS connection (1): cp.cloudflare.com:443
22:10:12 [DEBUG] Starting new HTTPS connection (1): cp.cloudflare.com:443
22:10:12 [DEBUG] Starting new HTTPS connection (1): www.gstatic.com:443
22:10:12 [DEBUG] Starting new HTTPS connection (1): www.google.com:443
22:10:12 [DEBUG] Starting new HTTPS connection (1): www.gstatic.com:443
22:10:12 [DEBUG] Starting new HTTPS connection (1): cp.cloudflare.com:443
22:10:12 [DEBUG] Starting new HTTPS connection (1): www.gstatic.com:443
22:10:12 [DEBUG] Starting new HTTPS connection (1): www.gstatic.com:443
22:10:13 [DEBUG] Starting new HTTPS connection (1): cp.cloudflare.com:443
22:10:13 [DEBUG] Starting new HTTPS connection (1): www.google.com:443
22:10:13 [DEBUG] Starting new HTTPS connection (1): cp.cloudflare.com:443
22:10:13 [DEBUG] Starting new HTTPS connection (1): www.google.com:443
22:10:13 [DEBUG] Starting new HTTPS connection (1): www.gstatic.com:443
22:10:13 [DEBUG] Starting new HTTPS connection (1): cp.cloudflare.com:443
22:10:13 [DEBUG] Starting new HTTPS connection (1): cp.cloudflare.com:443
22:10:13 [DEBUG] Starting new HTTPS connection (1): www.google.com:443
22:10:13 [DEBUG] Starting new HTTPS connection (1): www.gstatic.com:443
22:10:13 [DEBUG] Starting new HTTPS connection (1): cp.cloudflare.com:443
22:10:13 [DEBUG] Starting new HTTPS connection (1): www.gstatic.com:443
22:10:13 [DEBUG] Starting new HTTPS connection (1): www.gstatic.com:443
22:10:13 [DEBUG] Starting new HTTPS connection (1): www.google.com:443
22:10:14 [DEBUG] Starting new HTTPS connection (1): www.gstatic.com:443
22:10:14 [DEBUG] Starting new HTTPS connection (1): cp.cloudflare.com:443
22:10:14 [DEBUG] Starting new HTTPS connection (1): www.google.com:443
22:10:14 [DEBUG] Starting new HTTPS connection (1): cp.cloudflare.com:443
22:10:14 [DEBUG] Starting new HTTPS connection (1): www.google.com:443
22:10:14 [DEBUG] Starting new HTTPS connection (1): www.gstatic.com:443
22:10:14 [DEBUG] Starting new HTTPS connection (1): cp.cloudflare.com:443
22:10:14 [DEBUG] Starting new HTTPS connection (1): www.gstatic.com:443
22:10:14 [DEBUG] Starting new HTTPS connection (1): cp.cloudflare.com:443
22:10:14 [DEBUG] Starting new HTTPS connection (1): www.google.com:443
22:10:14 [DEBUG] Starting new HTTPS connection (1): cp.cloudflare.com:443
22:10:14 [DEBUG] Starting new HTTPS connection (1): www.gstatic.com:443
22:10:14 [DEBUG] Starting new HTTPS connection (1): www.google.com:443
22:10:15 [DEBUG] Starting new HTTPS connection (1): cp.cloudflare.com:443
22:10:15 [DEBUG] Starting new HTTPS connection (1): www.gstatic.com:443
22:10:15 [DEBUG] Starting new HTTPS connection (1): www.gstatic.com:443
22:10:15 [DEBUG] Starting new HTTPS connection (1): www.google.com:443
22:10:15 [DEBUG] Starting new HTTPS connection (1): cp.cloudflare.com:443
22:10:15 [DEBUG] Starting new HTTPS connection (1): www.google.com:443
22:10:15 [DEBUG] Starting new HTTPS connection (1): www.gstatic.com:443
22:10:15 [DEBUG] Starting new HTTPS connection (1): cp.cloudflare.com:443
22:10:15 [DEBUG] Starting new HTTPS connection (1): www.google.com:443
22:10:15 [DEBUG] Starting new HTTPS connection (1): www.google.com:443
22:10:15 [DEBUG] Starting new HTTPS connection (1): www.gstatic.com:443
22:10:16 [DEBUG] Starting new HTTPS connection (1): cp.cloudflare.com:443
22:10:16 [DEBUG] Starting new HTTPS connection (1): www.gstatic.com:443
22:10:16 [DEBUG] Starting new HTTPS connection (1): www.google.com:443
22:10:16 [DEBUG] Starting new HTTPS connection (1): cp.cloudflare.com:443
22:10:16 [DEBUG] Starting new HTTPS connection (1): www.google.com:443
22:10:16 [DEBUG] Starting new HTTPS connection (1): www.gstatic.com:443
22:10:16 [DEBUG] Starting new HTTPS connection (1): cp.cloudflare.com:443
22:10:16 [DEBUG] Starting new HTTPS connection (1): www.gstatic.com:443
22:10:16 [DEBUG] Starting new HTTPS connection (1): www.google.com:443
22:10:16 [DEBUG] Starting new HTTPS connection (1): cp.cloudflare.com:443
22:10:17 [DEBUG] Starting new HTTPS connection (1): www.gstatic.com:443
22:10:17 [DEBUG] Starting new HTTPS connection (1): www.google.com:443
22:10:17 [DEBUG] Starting new HTTPS connection (1): www.gstatic.com:443
22:10:17 [DEBUG] Starting new HTTPS connection (1): cp.cloudflare.com:443
22:10:17 [DEBUG] Starting new HTTPS connection (1): www.gstatic.com:443
22:10:17 [DEBUG] Starting new HTTPS connection (1): www.google.com:443
22:10:17 [DEBUG] Starting new HTTPS connection (1): cp.cloudflare.com:443
22:10:17 [DEBUG] Starting new HTTPS connection (1): www.gstatic.com:443
22:10:17 [DEBUG] Starting new HTTPS connection (1): www.google.com:443
22:10:17 [DEBUG] Starting new HTTPS connection (1): www.google.com:443
22:10:18 [DEBUG] Starting new HTTPS connection (1): cp.cloudflare.com:443
22:10:18 [DEBUG] Starting new HTTPS connection (1): cp.cloudflare.com:443
22:10:18 [DEBUG] Starting new HTTPS connection (1): www.gstatic.com:443
22:10:18 [DEBUG] Starting new HTTPS connection (1): www.gstatic.com:443
22:10:18 [DEBUG] Starting new HTTPS connection (1): www.google.com:443
22:10:18 [DEBUG] Starting new HTTPS connection (1): www.google.com:443
22:10:18 [DEBUG] Starting new HTTPS connection (1): cp.cloudflare.com:443
22:10:18 [DEBUG] Starting new HTTPS connection (1): www.gstatic.com:443
22:10:18 [DEBUG] Starting new HTTPS connection (1): www.gstatic.com:443
22:10:18 [DEBUG] Starting new HTTPS connection (1): www.google.com:443
22:10:19 [DEBUG] Starting new HTTPS connection (1): www.gstatic.com:443
22:10:19 [DEBUG] Starting new HTTPS connection (1): www.google.com:443
22:10:19 [DEBUG] Starting new HTTPS connection (1): www.google.com:443
22:10:19 [DEBUG] Starting new HTTPS connection (1): cp.cloudflare.com:443
22:10:19 [DEBUG] Starting new HTTPS connection (1): cp.cloudflare.com:443
22:10:19 [DEBUG] Starting new HTTPS connection (1): www.gstatic.com:443
22:10:19 [DEBUG] Starting new HTTPS connection (1): cp.cloudflare.com:443
22:10:19 [DEBUG] Starting new HTTPS connection (1): www.gstatic.com:443
22:10:19 [DEBUG] Starting new HTTPS connection (1): www.google.com:443
22:10:19 [DEBUG] Starting new HTTPS connection (1): www.google.com:443
22:10:19 [DEBUG] https://www.google.com:443 "GET /generate_204 HTTP/1.1" 204 0
22:10:19 [DEBUG] Starting new HTTPS connection (1): cp.cloudflare.com:443
22:10:19 [DEBUG] Starting new HTTPS connection (1): www.gstatic.com:443
22:10:20 [DEBUG] Starting new HTTPS connection (1): www.google.com:443
22:10:20 [DEBUG] Starting new HTTPS connection (1): www.google.com:443
22:10:20 [DEBUG] Starting new HTTPS connection (1): www.google.com:443
22:10:20 [DEBUG] https://www.google.com:443 "GET /generate_204 HTTP/1.1" 204 0
22:10:20 [DEBUG] Starting new HTTPS connection (1): cp.cloudflare.com:443
22:10:20 [DEBUG] Starting new HTTPS connection (1): www.google.com:443
22:10:20 [DEBUG] Starting new HTTPS connection (1): cp.cloudflare.com:443
22:10:20 [DEBUG] https://cp.cloudflare.com:443 "GET / HTTP/1.1" 204 0
22:10:20 [DEBUG] Starting new HTTPS connection (1): www.gstatic.com:443
22:10:21 [DEBUG] Starting new HTTPS connection (1): www.google.com:443
22:10:21 [DEBUG] Starting new HTTPS connection (1): cp.cloudflare.com:443
22:10:21 [DEBUG] Starting new HTTPS connection (1): cp.cloudflare.com:443
22:10:21 [DEBUG] Starting new HTTPS connection (1): www.gstatic.com:443
22:10:21 [DEBUG] Starting new HTTPS connection (1): www.gstatic.com:443
22:10:22 [DEBUG] Starting new HTTPS connection (1): cp.cloudflare.com:443
22:10:22 [DEBUG] Starting new HTTPS connection (1): www.google.com:443
22:10:22 [DEBUG] Starting new HTTPS connection (1): cp.cloudflare.com:443
22:10:22 [DEBUG] Starting new HTTPS connection (1): www.gstatic.com:443
22:10:23 [DEBUG] Starting new HTTPS connection (1): www.gstatic.com:443
22:10:23 [DEBUG] Starting new HTTPS connection (1): www.google.com:443
22:10:23 [DEBUG] Starting new HTTPS connection (1): www.gstatic.com:443
22:10:24 [DEBUG] Starting new HTTPS connection (1): www.gstatic.com:443
22:10:24 [DEBUG] Starting new HTTPS connection (1): cp.cloudflare.com:443
22:10:24 [DEBUG] Starting new HTTPS connection (1): www.gstatic.com:443
22:10:24 [DEBUG] https://www.gstatic.com:443 "GET /generate_204 HTTP/1.1" 204 0
22:10:24 [DEBUG] Starting new HTTPS connection (1): dl.google.com:443
22:10:24 [DEBUG] Starting new HTTPS connection (1): www.google.com:443
22:10:25 [DEBUG] https://dl.google.com:443 "GET /dl/android/studio/install/3.4.1.0/android-studio-ide-183.5522156-windows.exe HTTP/1.1" 200 1017327996
22:10:25 [DEBUG] Starting new HTTPS connection (1): cp.cloudflare.com:443
22:10:25 [DEBUG] Starting new HTTPS connection (1): www.google.com:443
22:10:25 [INFO]    🎯 194.4.49.85 (Россия) - 38.5 Mbps, 138ms, UDP✅ 
22:10:25 [DEBUG] Starting new HTTPS connection (1): cp.cloudflare.com:443
22:10:25 [DEBUG] Starting new HTTPS connection (1): www.gstatic.com:443
22:10:25 [DEBUG] Starting new HTTPS connection (1): www.google.com:443
22:10:25 [DEBUG] Starting new HTTPS connection (1): cp.cloudflare.com:443
22:10:25 [DEBUG] Starting new HTTPS connection (1): www.google.com:443
22:10:25 [DEBUG] Starting new HTTPS connection (1): cp.cloudflare.com:443
22:10:25 [DEBUG] Starting new HTTPS connection (1): www.gstatic.com:443
22:10:26 [DEBUG] Starting new HTTPS connection (1): www.google.com:443
22:10:26 [DEBUG] Starting new HTTPS connection (1): dl.google.com:443
22:10:26 [DEBUG] Starting new HTTPS connection (1): www.google.com:443
22:10:26 [DEBUG] Starting new HTTPS connection (1): cp.cloudflare.com:443
22:10:26 [DEBUG] Starting new HTTPS connection (1): www.gstatic.com:443
22:10:26 [DEBUG] Starting new HTTPS connection (1): www.google.com:443
22:10:26 [DEBUG] Starting new HTTPS connection (1): www.google.com:443
22:10:26 [DEBUG] https://dl.google.com:443 "GET /dl/android/studio/install/3.4.1.0/android-studio-ide-183.5522156-windows.exe HTTP/1.1" 200 1017327996
22:10:27 [DEBUG] Starting new HTTPS connection (1): www.google.com:443
22:10:27 [DEBUG] Starting new HTTPS connection (1): cp.cloudflare.com:443
22:10:27 [INFO]    🎯 37.139.42.234 (Россия) - 23.9 Mbps, 2630ms, UDP✅ 🛡️Reality
22:10:27 [DEBUG] Starting new HTTPS connection (1): www.google.com:443
22:10:27 [DEBUG] Starting new HTTPS connection (1): cp.cloudflare.com:443
22:10:27 [DEBUG] Starting new HTTPS connection (1): www.google.com:443
22:10:27 [DEBUG] https://www.google.com:443 "GET /generate_204 HTTP/1.1" 204 0
22:10:27 [DEBUG] Starting new HTTPS connection (1): cp.cloudflare.com:443
22:10:27 [DEBUG] Starting new HTTPS connection (1): cp.cloudflare.com:443
22:10:27 [DEBUG] Starting new HTTPS connection (1): www.google.com:443
22:10:27 [DEBUG] https://cp.cloudflare.com:443 "GET / HTTP/1.1" 204 0
22:10:27 [DEBUG] Starting new HTTPS connection (1): www.gstatic.com:443
22:10:28 [DEBUG] Starting new HTTPS connection (1): cp.cloudflare.com:443
22:10:28 [DEBUG] Starting new HTTPS connection (1): www.gstatic.com:443
22:10:28 [DEBUG] https://www.gstatic.com:443 "GET /generate_204 HTTP/1.1" 204 0
22:10:28 [DEBUG] Starting new HTTPS connection (1): cp.cloudflare.com:443
22:10:28 [DEBUG] Starting new HTTPS connection (1): www.google.com:443
22:10:28 [DEBUG] Starting new HTTPS connection (1): cp.cloudflare.com:443
22:10:28 [DEBUG] Starting new HTTPS connection (1): dl.google.com:443
22:10:28 [DEBUG] Starting new HTTPS connection (1): cp.cloudflare.com:443
22:10:28 [DEBUG] Starting new HTTPS connection (1): www.gstatic.com:443
22:10:28 [DEBUG] Starting new HTTPS connection (1): cp.cloudflare.com:443
22:10:29 [DEBUG] Starting new HTTPS connection (1): cp.cloudflare.com:443
22:10:29 [DEBUG] Starting new HTTPS connection (1): www.gstatic.com:443
22:10:29 [DEBUG] https://dl.google.com:443 "GET /dl/android/studio/install/3.4.1.0/android-studio-ide-183.5522156-windows.exe HTTP/1.1" 200 1017327996
22:10:29 [DEBUG] Starting new HTTPS connection (1): www.gstatic.com:443
22:10:29 [DEBUG] Starting new HTTPS connection (1): cp.cloudflare.com:443
22:10:29 [DEBUG] Starting new HTTPS connection (1): www.gstatic.com:443
22:10:30 [INFO]    🎯 80.92.205.66 (Россия) - 11.5 Mbps, 352ms, UDP✅ 🛡️Reality
22:10:30 [DEBUG] Starting new HTTPS connection (1): cp.cloudflare.com:443
22:10:30 [DEBUG] Starting new HTTPS connection (1): www.gstatic.com:443
22:10:30 [DEBUG] Starting new HTTPS connection (1): www.gstatic.com:443
22:10:30 [DEBUG] Starting new HTTPS connection (1): www.gstatic.com:443
22:10:31 [DEBUG] Starting new HTTPS connection (1): www.gstatic.com:443
22:10:31 [DEBUG] Starting new HTTPS connection (1): www.gstatic.com:443
22:10:32 [DEBUG] Starting new HTTPS connection (1): www.gstatic.com:443
22:10:32 [DEBUG] Starting new HTTPS connection (1): www.gstatic.com:443
22:10:32 [DEBUG] Starting new HTTPS connection (1): www.gstatic.com:443
22:10:33 [DEBUG] Starting new HTTPS connection (1): www.gstatic.com:443
22:10:34 [INFO]    📊 Глубокая проверка: 1930/1936 (100%) | ✅464 ❌1466
22:10:38 [INFO] 
✅ Проверку прошли: 464 (Reality: 395)
22:10:38 [INFO] 
════════════════════════════════════════
22:10:38 [INFO] 🏆 ЭТАП 4: ФИНАЛЬНЫЙ ОТБОР
22:10:38 [INFO] ════════════════════════════════════════
22:10:38 [INFO] 
📊 Статистика после проверки:
22:10:38 [INFO]    🌍 Глобальных: 315
22:10:38 [INFO]    🛡️ Reality: 254 (с доверенным SNI: 254)
22:10:38 [INFO]    📡 Обычных: 61
22:10:38 [INFO]    🇷🇺 Российских: 149
22:10:38 [INFO]    1️⃣ ОСНОВНОЙ: osn.takovpn.ru (XX) - 101.0 Mbps | Reality: True | SNI: google.com
22:10:38 [INFO]    2️⃣ ЗАПАСНОЙ: 144.31.100.120 (Нидерланды) - 98.3 Mbps | Reality: True
22:10:38 [INFO]    3️⃣ РЕЗЕРВНЫЙ: 185.21.14.199 (Нидерланды) - streak: 39, 27.2 Mbps
22:10:38 [INFO]    4️⃣ WHITELIST: 193.233.21.138 (Россия) - 47.4 Mbps
22:10:38 [INFO] 🏆 THE CHOSEN FOUR:
22:10:38 [INFO] 💾 Подписка сохранена: FL1PVPN
22:10:38 [INFO] 💾 JSON сохранён: stats.json
22:10:38 [DEBUG] 💾 История сохранена: 9172 записей
22:10:38 [INFO] ✅ ГОТОВО за 805.1 секунд
22:10:38 [INFO] 📊 Найдено 37059 → Уникальных 18008 → Reality 2017 → Финал 4
