06:55:03 [INFO] 🚀 FL1P VPN V123 - RUSSIA-PROOF EDITION
06:55:03 [INFO]    ⏰ 2026-02-07 09:55:03 MSK
06:55:03 [INFO]    🛡️ Приоритет: ТОЛЬКО Reality серверы
06:55:03 [INFO]    🎮 GAME: Reality + Tier 1-2 + пинг <150ms
06:55:03 [INFO]    ⚡ UNIVERSAL: Reality приоритет
06:55:03 [INFO] 📂 История: 6255 записей
06:55:03 [INFO] 🌍 GeoIP OK
06:55:03 [INFO] 
══════════════════════════════════════════════════
06:55:03 [INFO] 📥 ЭТАП 1: СБОР
06:55:03 [INFO] ══════════════════════════════════════════════════
06:55:03 [INFO] 📥 Сбор конфигов...
06:55:03 [DEBUG] Starting new HTTPS connection (1): raw.githubusercontent.com:443
06:55:03 [DEBUG] Starting new HTTPS connection (1): raw.githubusercontent.com:443
06:55:03 [DEBUG] Starting new HTTPS connection (1): raw.githubusercontent.com:443
06:55:03 [DEBUG] Starting new HTTPS connection (1): raw.githubusercontent.com:443
06:55:03 [DEBUG] Starting new HTTPS connection (1): raw.githubusercontent.com:443
06:55:03 [DEBUG] Starting new HTTPS connection (1): raw.githubusercontent.com:443
06:55:03 [DEBUG] Starting new HTTPS connection (1): raw.githubusercontent.com:443
06:55:03 [DEBUG] Starting new HTTPS connection (1): raw.githubusercontent.com:443
06:55:03 [DEBUG] Starting new HTTPS connection (1): raw.githubusercontent.com:443
06:55:03 [DEBUG] Starting new HTTPS connection (1): raw.githubusercontent.com:443
06:55:03 [DEBUG] Starting new HTTPS connection (1): raw.githubusercontent.com:443
06:55:03 [DEBUG] Starting new HTTPS connection (1): raw.githubusercontent.com:443
06:55:03 [DEBUG] Starting new HTTPS connection (1): raw.githubusercontent.com:443
06:55:03 [DEBUG] Starting new HTTPS connection (1): raw.githubusercontent.com:443
06:55:03 [DEBUG] Starting new HTTPS connection (1): raw.githubusercontent.com:443
06:55:04 [DEBUG] https://raw.githubusercontent.com:443 "GET /Yebekhe/TelegramV2rayCollector/main/sub/normal/reality HTTP/1.1" 404 14
06:55:04 [DEBUG] https://raw.githubusercontent.com:443 "GET /soroushmirzaei/telegram-configs-collector/main/protocols/reality HTTP/1.1" 404 14
06:55:04 [DEBUG] Starting new HTTPS connection (1): raw.githubusercontent.com:443
06:55:04 [DEBUG] Starting new HTTPS connection (1): raw.githubusercontent.com:443
06:55:04 [DEBUG] https://raw.githubusercontent.com:443 "GET /mahdibland/V2RayAggregator/master/Eternity HTTP/1.1" 200 13397
06:55:04 [DEBUG] https://raw.githubusercontent.com:443 "GET /barry-far/V2ray-Configs/main/Splitted-By-Protocol/vless.txt HTTP/1.1" 404 14
06:55:04 [DEBUG] https://raw.githubusercontent.com:443 "GET /Epodonios/v2ray-configs/main/Splitted-By-Protocol/vless.txt HTTP/1.1" 200 297132
06:55:04 [DEBUG] https://raw.githubusercontent.com:443 "GET /yebekhe/TVC/main/subscriptions/xray/reality HTTP/1.1" 404 14
06:55:04 [DEBUG] Starting new HTTPS connection (1): raw.githubusercontent.com:443
06:55:04 [DEBUG] https://raw.githubusercontent.com:443 "GET /mfuu/v2ray/master/v2ray HTTP/1.1" 200 13219
06:55:04 [DEBUG] Starting new HTTPS connection (1): raw.githubusercontent.com:443
06:55:04 [DEBUG] https://raw.githubusercontent.com:443 "GET /lagzian/SS-Collector/main/realitiy_api.txt HTTP/1.1" 404 14
06:55:04 [DEBUG] Starting new HTTPS connection (1): raw.githubusercontent.com:443
06:55:04 [DEBUG] https://raw.githubusercontent.com:443 "GET /Pawdroid/Free-servers/main/sub HTTP/1.1" 200 3395
06:55:04 [DEBUG] https://raw.githubusercontent.com:443 "GET /Epodonios/v2ray-configs/main/Splitted-By-Protocol/reality.txt HTTP/1.1" 404 14
06:55:04 [DEBUG] https://raw.githubusercontent.com:443 "GET /MrMohebi/xray-proxy-grabber-telegram/master/collected-proxies/row-url/all.txt HTTP/1.1" 200 21240
06:55:04 [DEBUG] https://raw.githubusercontent.com:443 "GET /peasoft/NoMoreWalls/master/list.txt HTTP/1.1" 200 11265
06:55:04 [DEBUG] Starting new HTTPS connection (1): t.me:443
06:55:04 [DEBUG] Starting new HTTPS connection (1): t.me:443
06:55:04 [DEBUG] Starting new HTTPS connection (1): t.me:443
06:55:04 [DEBUG] https://raw.githubusercontent.com:443 "GET /NiREvil/vless/main/sub/vless HTTP/1.1" 404 14
06:55:04 [DEBUG] https://raw.githubusercontent.com:443 "GET /mahdibland/V2RayAggregator/master/sub/splitted/reality.txt HTTP/1.1" 404 14
06:55:04 [DEBUG] https://raw.githubusercontent.com:443 "GET /yebekhe/TVC/main/subscriptions/xray/vless HTTP/1.1" 404 14
06:55:04 [DEBUG] Starting new HTTPS connection (1): t.me:443
06:55:04 [DEBUG] Starting new HTTPS connection (1): t.me:443
06:55:04 [DEBUG] Starting new HTTPS connection (1): t.me:443
06:55:04 [DEBUG] Starting new HTTPS connection (1): t.me:443
06:55:04 [DEBUG]    🚫 Заблокированный SNI: www.microsoft.com
06:55:04 [DEBUG] Starting new HTTPS connection (1): t.me:443
06:55:04 [DEBUG] Starting new HTTPS connection (1): t.me:443
06:55:04 [DEBUG] https://raw.githubusercontent.com:443 "GET /igareck/vpn-configs-for-russia/main/Vless-Reality-White-Lists-Rus-Mobile.txt HTTP/1.1" 200 6489
06:55:04 [DEBUG] https://raw.githubusercontent.com:443 "GET /igareck/vpn-configs-for-russia/refs/heads/main/Vless-Reality-White-Lists-Rus-Mobile-2.txt HTTP/1.1" 200 6255
06:55:05 [DEBUG] https://t.me:443 "GET /s/reality_daily HTTP/1.1" 302 20
06:55:05 [DEBUG] https://raw.githubusercontent.com:443 "GET /igareck/vpn-configs-for-russia/refs/heads/main/WHITE-CIDR-RU-all.txt HTTP/1.1" 200 31142
06:55:05 [DEBUG] https://t.me:443 "GET /s/RealityVpnChannel HTTP/1.1" 302 20
06:55:05 [DEBUG] Starting new HTTPS connection (1): t.me:443
06:55:05 [DEBUG] Starting new HTTPS connection (1): t.me:443
06:55:05 [DEBUG] https://t.me:443 "GET /RealityVpnChannel HTTP/1.1" 200 3661
06:55:05 [DEBUG] https://t.me:443 "GET /reality_daily HTTP/1.1" 200 3658
06:55:05 [DEBUG] Starting new HTTPS connection (1): t.me:443
06:55:05 [DEBUG] Starting new HTTPS connection (1): api.github.com:443
06:55:05 [DEBUG]    🚫 Заблокированный SNI: www.aparat.com
06:55:05 [DEBUG] https://t.me:443 "GET /s/FarahVPN HTTP/1.1" 200 9650
06:55:05 [DEBUG] https://t.me:443 "GET /s/PrivateVPNs HTTP/1.1" 200 10387
06:55:05 [DEBUG] https://t.me:443 "GET /s/v2ray_configs_pool HTTP/1.1" 200 9952
06:55:05 [DEBUG] Starting new HTTPS connection (1): api.github.com:443
06:55:05 [DEBUG] https://t.me:443 "GET /s/VlessConfig HTTP/1.1" 200 10165
06:55:05 [DEBUG] https://raw.githubusercontent.com:443 "GET /igareck/vpn-configs-for-russia/main/configs/vless.txt HTTP/1.1" 404 14
06:55:05 [DEBUG] Starting new HTTPS connection (1): api.github.com:443
06:55:05 [DEBUG] https://t.me:443 "GET /s/iSegaro HTTP/1.1" 200 18614
06:55:05 [DEBUG] https://t.me:443 "GET /s/DirectVPN HTTP/1.1" 200 10084
06:55:05 [DEBUG] https://t.me:443 "GET /s/v2rayng_vpn HTTP/1.1" 200 15536
06:55:05 [DEBUG] https://raw.githubusercontent.com:443 "GET /AvenCores/goida-vpn-configs/main/configs/vless.txt HTTP/1.1" 404 14
06:55:05 [DEBUG]    🚫 Заблокированный SNI: us.asbndx.com
06:55:05 [DEBUG]    🚫 Заблокированный SNI: de-two.asbndx.com
06:55:05 [DEBUG]    🚫 Заблокированный SNI: www.microsoft.com
06:55:05 [DEBUG]    🚫 Заблокированный SNI: eset.com
06:55:05 [DEBUG]    🚫 Заблокированный SNI: learn.microsoft.com
06:55:05 [DEBUG]    🚫 Заблокированный SNI: aparat.com
06:55:05 [DEBUG]    🚫 Заблокированный SNI: tr.eu-ffast.com
06:55:05 [DEBUG]    🚫 Заблокированный SNI: www.microsoft.com
06:55:05 [DEBUG]    🚫 Заблокированный SNI: www.pinterest.com
06:55:05 [DEBUG] https://t.me:443 "GET /s/ConfigsHUB HTTP/1.1" 200 10310
06:55:05 [DEBUG] https://t.me:443 "GET /s/freev2rayssr HTTP/1.1" 200 22277
06:55:05 [DEBUG] https://api.github.com:443 "GET /repos/barry-far/V2ray-Configs/issues?state=all&per_page=10 HTTP/1.1" 403 136
06:55:05 [DEBUG] https://api.github.com:443 "GET /repos/yebekhe/TelegramV2rayCollector/issues?state=all&per_page=10 HTTP/1.1" 404 125
06:55:05 [DEBUG] https://t.me:443 "GET /s/v2ray_alpha HTTP/1.1" 200 18991
06:55:05 [DEBUG] https://api.github.com:443 "GET /repos/mahdibland/V2RayAggregator/issues?state=all&per_page=10 HTTP/1.1" 200 1949
06:55:05 [INFO] 
📊 Собрано: 2936 глобальных
06:55:05 [INFO]    🛡️ Reality: 360 (хороших: 353)
06:55:05 [INFO]    🇷🇺 Whitelist: 1449
06:55:05 [INFO] 🔍 Уникальных: 1683 (268 Reality), 132 WL
06:55:05 [INFO] 
══════════════════════════════════════════════════
06:55:05 [INFO] ⚡ ЭТАП 2: TCP
06:55:05 [INFO] ══════════════════════════════════════════════════
06:55:06 [INFO]    📊 Global: 168/1683 (10%) | ✅125 ❌43
06:55:06 [INFO]    📊 Global: 336/1683 (20%) | ✅231 ❌105
06:55:07 [INFO]    📊 Global: 504/1683 (30%) | ✅307 ❌197
06:55:07 [INFO]    📊 Global: 672/1683 (40%) | ✅428 ❌244
06:55:08 [INFO]    📊 Global: 840/1683 (50%) | ✅540 ❌300
06:55:08 [INFO]    📊 Global: 1008/1683 (60%) | ✅656 ❌352
06:55:08 [INFO]    📊 Global: 1176/1683 (70%) | ✅763 ❌413
06:55:09 [INFO]    📊 Global: 1344/1683 (80%) | ✅869 ❌475
06:55:09 [INFO]    📊 Global: 1512/1683 (90%) | ✅997 ❌515
06:55:10 [INFO]    📊 Global: 1680/1683 (100%) | ✅1074 ❌606
06:55:12 [INFO]    📊 Whitelist: 13/132 (10%) | ✅0 ❌13
06:55:12 [INFO]    📊 Whitelist: 26/132 (20%) | ✅0 ❌26
06:55:12 [INFO]    📊 Whitelist: 39/132 (30%) | ✅7 ❌32
06:55:12 [INFO]    📊 Whitelist: 52/132 (39%) | ✅15 ❌37
06:55:12 [INFO]    📊 Whitelist: 65/132 (49%) | ✅22 ❌43
06:55:12 [INFO]    📊 Whitelist: 78/132 (59%) | ✅34 ❌44
06:55:12 [INFO]    📊 Whitelist: 91/132 (69%) | ✅47 ❌44
06:55:12 [INFO]    📊 Whitelist: 104/132 (79%) | ✅60 ❌44
06:55:12 [INFO]    📊 Whitelist: 117/132 (89%) | ✅73 ❌44
06:55:13 [INFO]    📊 Whitelist: 130/132 (98%) | ✅75 ❌55
06:55:13 [INFO] 
✅ Живых: 1074 (151 Reality), 75 WL
06:55:13 [INFO] 
📊 Топ стран:
06:55:13 [INFO]    🇽🇽 XX (XX): 774 [T5]
06:55:13 [INFO]    🇩🇪 DE (Германия): 56 [T3]
06:55:13 [INFO]    🇳🇱 NL (Нидерланды): 54 [T3]
06:55:13 [INFO]    🇫🇷 FR (Франция): 35 [T4]
06:55:13 [INFO]    🇬🇧 GB (Британия): 23 [T4]
06:55:13 [INFO]    🇫🇮 FI (Финляндия): 14 [T1]
06:55:13 [INFO]    🇲🇩 MD (Молдова): 10 [T5]
06:55:13 [INFO]    🇸🇪 SE (Швеция): 10 [T2]
06:55:13 [INFO] 
══════════════════════════════════════════════════
06:55:13 [INFO] 🧪 ЭТАП 3: ГЛУБОКАЯ ПРОВЕРКА
06:55:13 [INFO] ══════════════════════════════════════════════════
06:55:13 [INFO]    К проверке: 400 (151 Reality), 75 WL
06:55:14 [DEBUG] Starting new HTTPS connection (1): www.google.com:443
06:55:14 [DEBUG] Starting new HTTPS connection (1): www.google.com:443
06:55:14 [DEBUG] Starting new HTTPS connection (1): www.google.com:443
06:55:14 [DEBUG] Starting new HTTPS connection (1): www.google.com:443
06:55:14 [DEBUG] Starting new HTTPS connection (1): www.google.com:443
06:55:14 [DEBUG] Starting new HTTPS connection (1): www.google.com:443
06:55:14 [DEBUG] Starting new HTTPS connection (1): www.google.com:443
06:55:14 [DEBUG] Starting new HTTPS connection (1): www.google.com:443
06:55:14 [DEBUG] Starting new HTTPS connection (1): www.google.com:443
06:55:14 [DEBUG] Starting new HTTPS connection (1): www.google.com:443
06:55:14 [DEBUG] Starting new HTTPS connection (1): cp.cloudflare.com:443
06:55:14 [DEBUG] Starting new HTTPS connection (1): www.gstatic.com:443
06:55:14 [DEBUG] Starting new HTTPS connection (1): cp.cloudflare.com:443
06:55:14 [DEBUG] Starting new HTTPS connection (1): www.gstatic.com:443
06:55:15 [DEBUG] https://www.google.com:443 "GET /generate_204 HTTP/1.1" 204 0
06:55:15 [DEBUG] Starting new HTTPS connection (1): cp.cloudflare.com:443
06:55:15 [DEBUG] https://www.google.com:443 "GET /generate_204 HTTP/1.1" 204 0
06:55:15 [DEBUG] Starting new HTTPS connection (1): cp.cloudflare.com:443
06:55:15 [DEBUG] https://www.google.com:443 "GET /generate_204 HTTP/1.1" 204 0
06:55:15 [DEBUG] Starting new HTTPS connection (1): cp.cloudflare.com:443
06:55:15 [DEBUG] https://cp.cloudflare.com:443 "GET / HTTP/1.1" 204 0
06:55:15 [DEBUG] Starting new HTTPS connection (1): www.gstatic.com:443
06:55:15 [DEBUG] https://cp.cloudflare.com:443 "GET / HTTP/1.1" 204 0
06:55:15 [DEBUG] Starting new HTTPS connection (1): www.gstatic.com:443
06:55:15 [DEBUG] https://www.gstatic.com:443 "GET /generate_204 HTTP/1.1" 204 0
06:55:15 [DEBUG] https://www.google.com:443 "GET /generate_204 HTTP/1.1" 204 0
06:55:15 [DEBUG] Starting new HTTPS connection (1): cp.cloudflare.com:443
06:55:15 [DEBUG] https://cp.cloudflare.com:443 "GET / HTTP/1.1" 204 0
06:55:15 [DEBUG] Starting new HTTPS connection (1): www.gstatic.com:443
06:55:15 [DEBUG] Starting new HTTPS connection (1): dl.google.com:443
06:55:15 [DEBUG] https://www.google.com:443 "GET /generate_204 HTTP/1.1" 204 0
06:55:15 [DEBUG] Starting new HTTPS connection (1): cp.cloudflare.com:443
06:55:15 [DEBUG] https://www.gstatic.com:443 "GET /generate_204 HTTP/1.1" 204 0
06:55:15 [DEBUG] https://cp.cloudflare.com:443 "GET / HTTP/1.1" 204 0
06:55:15 [DEBUG] Starting new HTTPS connection (1): www.gstatic.com:443
06:55:15 [DEBUG] https://dl.google.com:443 "GET /dl/android/studio/install/3.4.1.0/android-studio-ide-183.5522156-windows.exe HTTP/1.1" 200 1017327996
06:55:15 [DEBUG] Starting new HTTPS connection (1): dl.google.com:443
06:55:15 [DEBUG] https://www.gstatic.com:443 "GET /generate_204 HTTP/1.1" 204 0
06:55:15 [INFO]    🎯 144.31.2.86 (Польша) - 39.9Mbps, 144ms UDP✅ Reality [google.com]
06:55:15 [DEBUG] https://dl.google.com:443 "GET /dl/android/studio/install/3.4.1.0/android-studio-ide-183.5522156-windows.exe HTTP/1.1" 200 1017327996
06:55:15 [DEBUG] https://cp.cloudflare.com:443 "GET / HTTP/1.1" 204 0
06:55:15 [DEBUG] Starting new HTTPS connection (1): www.gstatic.com:443
06:55:15 [DEBUG] https://www.gstatic.com:443 "GET /generate_204 HTTP/1.1" 204 0
06:55:15 [DEBUG] Starting new HTTPS connection (1): dl.google.com:443
06:55:15 [DEBUG] Starting new HTTPS connection (1): dl.google.com:443
06:55:16 [INFO]    🎯 144.31.2.154 (Польша) - 31.1Mbps, 199ms UDP✅ Reality [hls-svod.itunes.appl]
06:55:16 [DEBUG] https://dl.google.com:443 "GET /dl/android/studio/install/3.4.1.0/android-studio-ide-183.5522156-windows.exe HTTP/1.1" 404 1449
06:55:16 [INFO]    🎯 46.62.128.207 (Финляндия) - 0.0Mbps, 272ms UDP✅ Reality [www.cloudflare.com]
06:55:16 [DEBUG] Starting new HTTPS connection (1): www.google.com:443
06:55:16 [DEBUG] https://dl.google.com:443 "GET /dl/android/studio/install/3.4.1.0/android-studio-ide-183.5522156-windows.exe HTTP/1.1" 200 1017327996
06:55:16 [DEBUG] Starting new HTTPS connection (1): www.google.com:443
06:55:16 [DEBUG] Starting new HTTPS connection (1): cp.cloudflare.com:443
06:55:16 [DEBUG] Starting new HTTPS connection (1): www.gstatic.com:443
06:55:16 [DEBUG] https://www.gstatic.com:443 "GET /generate_204 HTTP/1.1" 204 0
06:55:16 [DEBUG] https://www.google.com:443 "GET /generate_204 HTTP/1.1" 204 0
06:55:16 [DEBUG] Starting new HTTPS connection (1): cp.cloudflare.com:443
06:55:16 [DEBUG] https://cp.cloudflare.com:443 "GET / HTTP/1.1" 204 0
06:55:16 [DEBUG] Starting new HTTPS connection (1): www.gstatic.com:443
06:55:16 [DEBUG] Starting new HTTPS connection (1): dl.google.com:443
06:55:16 [DEBUG] Starting new HTTPS connection (1): www.google.com:443
06:55:16 [DEBUG] Starting new HTTPS connection (1): cp.cloudflare.com:443
06:55:17 [DEBUG] Starting new HTTPS connection (1): www.gstatic.com:443
06:55:17 [DEBUG] https://www.gstatic.com:443 "GET /generate_204 HTTP/1.1" 204 0
06:55:17 [DEBUG] Starting new HTTPS connection (1): www.google.com:443
06:55:17 [DEBUG] Starting new HTTPS connection (1): www.google.com:443
06:55:17 [DEBUG] https://dl.google.com:443 "GET /dl/android/studio/install/3.4.1.0/android-studio-ide-183.5522156-windows.exe HTTP/1.1" 404 1449
06:55:17 [INFO]    🎯 2.56.125.209 (Польша) - 0.0Mbps, 469ms UDP✅ Reality [yahoo.com]
06:55:17 [DEBUG] Starting new HTTPS connection (1): cp.cloudflare.com:443
06:55:17 [DEBUG] Starting new HTTPS connection (1): dl.google.com:443
06:55:17 [DEBUG] https://www.google.com:443 "GET /generate_204 HTTP/1.1" 204 0
06:55:17 [DEBUG] Starting new HTTPS connection (1): cp.cloudflare.com:443
06:55:17 [DEBUG] Starting new HTTPS connection (1): www.google.com:443
06:55:17 [DEBUG] https://cp.cloudflare.com:443 "GET / HTTP/1.1" 204 0
06:55:17 [DEBUG] Starting new HTTPS connection (1): www.gstatic.com:443
06:55:17 [DEBUG] https://www.google.com:443 "GET /generate_204 HTTP/1.1" 204 0
06:55:17 [DEBUG] Starting new HTTPS connection (1): cp.cloudflare.com:443
06:55:17 [DEBUG] https://www.gstatic.com:443 "GET /generate_204 HTTP/1.1" 204 0
06:55:17 [DEBUG] https://dl.google.com:443 "GET /dl/android/studio/install/3.4.1.0/android-studio-ide-183.5522156-windows.exe HTTP/1.1" 200 1017327996
06:55:17 [DEBUG] https://cp.cloudflare.com:443 "GET / HTTP/1.1" 204 0
06:55:17 [DEBUG] Starting new HTTPS connection (1): www.gstatic.com:443
06:55:17 [DEBUG] Starting new HTTPS connection (1): dl.google.com:443
06:55:17 [INFO]    🎯 188.253.26.39 (Нидерланды) - 32.2Mbps, 291ms UDP✅ Reality [yahoo.com]
06:55:17 [DEBUG] https://www.gstatic.com:443 "GET /generate_204 HTTP/1.1" 204 0
06:55:18 [DEBUG] Starting new HTTPS connection (1): dl.google.com:443
06:55:18 [DEBUG] https://dl.google.com:443 "GET /dl/android/studio/install/3.4.1.0/android-studio-ide-183.5522156-windows.exe HTTP/1.1" 404 1449
06:55:18 [INFO]    🎯 188.34.193.153 (Германия) - 0.0Mbps, 144ms UDP✅ Reality [www.cloudflare.com]
06:55:18 [DEBUG] https://dl.google.com:443 "GET /dl/android/studio/install/3.4.1.0/android-studio-ide-183.5522156-windows.exe HTTP/1.1" 200 1017327996
06:55:18 [DEBUG] Starting new HTTPS connection (1): www.google.com:443
06:55:18 [INFO]    🎯 91.84.109.124 (Нидерланды) - 37.9Mbps, 145ms UDP✅ Reality [apple.com]
06:55:18 [DEBUG] https://www.google.com:443 "GET /generate_204 HTTP/1.1" 204 0
06:55:18 [DEBUG] Starting new HTTPS connection (1): cp.cloudflare.com:443
06:55:18 [DEBUG] Starting new HTTPS connection (1): www.google.com:443
06:55:18 [DEBUG] https://cp.cloudflare.com:443 "GET / HTTP/1.1" 204 0
06:55:18 [DEBUG] Starting new HTTPS connection (1): www.gstatic.com:443
06:55:18 [DEBUG] https://www.gstatic.com:443 "GET /generate_204 HTTP/1.1" 204 0
06:55:18 [DEBUG] Starting new HTTPS connection (1): dl.google.com:443
06:55:18 [DEBUG] https://dl.google.com:443 "GET /dl/android/studio/install/3.4.1.0/android-studio-ide-183.5522156-windows.exe HTTP/1.1" 200 1017327996
06:55:19 [DEBUG] Starting new HTTPS connection (1): www.google.com:443
06:55:19 [DEBUG] https://www.google.com:443 "GET /generate_204 HTTP/1.1" 204 0
06:55:19 [DEBUG] Starting new HTTPS connection (1): cp.cloudflare.com:443
06:55:19 [INFO]    🎯 91.84.113.47 (Нидерланды) - 38.0Mbps, 163ms UDP✅ Reality [apple.com]
06:55:19 [DEBUG] Starting new HTTPS connection (1): www.google.com:443
06:55:19 [DEBUG] Starting new HTTPS connection (1): cp.cloudflare.com:443
06:55:19 [DEBUG] https://cp.cloudflare.com:443 "GET / HTTP/1.1" 204 0
06:55:19 [DEBUG] Starting new HTTPS connection (1): www.gstatic.com:443
06:55:19 [DEBUG] https://www.gstatic.com:443 "GET /generate_204 HTTP/1.1" 204 0
06:55:19 [DEBUG] Starting new HTTPS connection (1): www.google.com:443
06:55:19 [DEBUG] Starting new HTTPS connection (1): www.gstatic.com:443
06:55:19 [DEBUG] Starting new HTTPS connection (1): dl.google.com:443
06:55:19 [DEBUG] https://dl.google.com:443 "GET /dl/android/studio/install/3.4.1.0/android-studio-ide-183.5522156-windows.exe HTTP/1.1" 200 1017327996
06:55:19 [DEBUG] Starting new HTTPS connection (1): cp.cloudflare.com:443
06:55:19 [DEBUG] Starting new HTTPS connection (1): cp.cloudflare.com:443
06:55:20 [INFO]    🎯 91.84.109.130 (Нидерланды) - 36.4Mbps, 178ms UDP✅ Reality [apple.com]
06:55:20 [DEBUG] Starting new HTTPS connection (1): www.google.com:443
06:55:21 [DEBUG] Starting new HTTPS connection (1): www.google.com:443
06:55:21 [DEBUG] Starting new HTTPS connection (1): www.gstatic.com:443
06:55:21 [DEBUG] https://www.google.com:443 "GET /generate_204 HTTP/1.1" 204 0
06:55:21 [DEBUG] Starting new HTTPS connection (1): cp.cloudflare.com:443
06:55:22 [DEBUG] https://cp.cloudflare.com:443 "GET / HTTP/1.1" 204 0
06:55:22 [DEBUG] Starting new HTTPS connection (1): www.gstatic.com:443
06:55:22 [DEBUG] https://www.google.com:443 "GET /generate_204 HTTP/1.1" 204 0
06:55:22 [DEBUG] Starting new HTTPS connection (1): cp.cloudflare.com:443
06:55:22 [DEBUG] https://www.gstatic.com:443 "GET /generate_204 HTTP/1.1" 204 0
06:55:22 [DEBUG] Starting new HTTPS connection (1): dl.google.com:443
06:55:22 [DEBUG] https://cp.cloudflare.com:443 "GET / HTTP/1.1" 204 0
06:55:22 [DEBUG] Starting new HTTPS connection (1): www.gstatic.com:443
06:55:23 [DEBUG] https://dl.google.com:443 "GET /dl/android/studio/install/3.4.1.0/android-studio-ide-183.5522156-windows.exe HTTP/1.1" 404 1449
06:55:23 [INFO]    🎯 5.182.38.91 (Венгрия) - 0.0Mbps, 411ms UDP✅ Reality [yahoo.com]
06:55:23 [DEBUG] Starting new HTTPS connection (1): www.google.com:443
06:55:23 [DEBUG] Starting new HTTPS connection (1): cp.cloudflare.com:443
06:55:23 [INFO]    🎯 38.244.137.198 (Финляндия) - 1.6Mbps, 325ms UDP✅ Reality [google.com]
06:55:24 [DEBUG] https://cp.cloudflare.com:443 "GET / HTTP/1.1" 204 0
06:55:24 [DEBUG] Starting new HTTPS connection (1): www.gstatic.com:443
06:55:24 [DEBUG] Starting new HTTPS connection (1): cp.cloudflare.com:443
06:55:24 [DEBUG] Starting new HTTPS connection (1): www.google.com:443
06:55:24 [DEBUG] Starting new HTTPS connection (1): cp.cloudflare.com:443
06:55:24 [DEBUG] Starting new HTTPS connection (1): www.google.com:443
06:55:24 [DEBUG] Starting new HTTPS connection (1): www.gstatic.com:443
06:55:24 [DEBUG] https://www.gstatic.com:443 "GET /generate_204 HTTP/1.1" 204 0
06:55:24 [DEBUG] https://www.google.com:443 "GET /generate_204 HTTP/1.1" 204 0
06:55:24 [DEBUG] Starting new HTTPS connection (1): cp.cloudflare.com:443
06:55:25 [DEBUG] Starting new HTTPS connection (1): www.google.com:443
06:55:25 [DEBUG] https://cp.cloudflare.com:443 "GET / HTTP/1.1" 204 0
06:55:25 [DEBUG] Starting new HTTPS connection (1): www.gstatic.com:443
06:55:25 [DEBUG] Starting new HTTPS connection (1): cp.cloudflare.com:443
06:55:25 [DEBUG] Starting new HTTPS connection (1): dl.google.com:443
06:55:26 [DEBUG] https://www.gstatic.com:443 "GET /generate_204 HTTP/1.1" 204 0
06:55:26 [DEBUG] https://www.gstatic.com:443 "GET /generate_204 HTTP/1.1" 204 0
06:55:26 [DEBUG] Starting new HTTPS connection (1): dl.google.com:443
06:55:27 [DEBUG] Starting new HTTPS connection (1): cp.cloudflare.com:443
06:55:27 [DEBUG] https://dl.google.com:443 "GET /dl/android/studio/install/3.4.1.0/android-studio-ide-183.5522156-windows.exe HTTP/1.1" 404 1449
06:55:27 [INFO]    🎯 45.12.143.191 (Турция) - 0.0Mbps, 542ms UDP✅ Reality [yahoo.com]
06:55:27 [DEBUG] https://dl.google.com:443 "GET /dl/android/studio/install/3.4.1.0/android-studio-ide-183.5522156-windows.exe HTTP/1.1" 200 1017327996
06:55:27 [DEBUG] Starting new HTTPS connection (1): dl.google.com:443
06:55:27 [DEBUG] Starting new HTTPS connection (1): www.gstatic.com:443
06:55:28 [DEBUG] Starting new HTTPS connection (1): www.google.com:443
06:55:28 [DEBUG] Starting new HTTPS connection (1): www.gstatic.com:443
06:55:29 [DEBUG] Starting new HTTPS connection (1): www.gstatic.com:443
06:55:29 [DEBUG] Starting new HTTPS connection (1): www.gstatic.com:443
06:55:29 [DEBUG] Starting new HTTPS connection (1): www.gstatic.com:443
06:55:29 [DEBUG] https://dl.google.com:443 "GET /dl/android/studio/install/3.4.1.0/android-studio-ide-183.5522156-windows.exe HTTP/1.1" 404 1449
06:55:29 [INFO]    🎯 140.238.100.35 (Британия) - 0.0Mbps, 1935ms UDP✅ Reality [yahoo.com]
06:55:30 [DEBUG] Starting new HTTPS connection (1): cp.cloudflare.com:443
06:55:30 [DEBUG] Starting new HTTPS connection (1): www.google.com:443
06:55:31 [DEBUG] Starting new HTTPS connection (1): www.google.com:443
06:55:31 [DEBUG] Starting new HTTPS connection (1): cp.cloudflare.com:443
06:55:31 [DEBUG] Starting new HTTPS connection (1): cp.cloudflare.com:443
06:55:31 [DEBUG] Starting new HTTPS connection (1): www.gstatic.com:443
06:55:31 [DEBUG] Starting new HTTPS connection (1): www.gstatic.com:443
06:55:31 [DEBUG] Starting new HTTPS connection (1): www.google.com:443
06:55:31 [INFO]    🎯 64.188.104.168 (Германия) - 2.1Mbps, 2495ms UDP✅ Reality [yahoo.com]
06:55:32 [DEBUG] Starting new HTTPS connection (1): cp.cloudflare.com:443
06:55:32 [DEBUG] Starting new HTTPS connection (1): www.google.com:443
06:55:32 [DEBUG] Starting new HTTPS connection (1): cp.cloudflare.com:443
06:55:32 [DEBUG] Starting new HTTPS connection (1): www.google.com:443
06:55:32 [DEBUG] Starting new HTTPS connection (1): cp.cloudflare.com:443
06:55:32 [DEBUG] Starting new HTTPS connection (1): www.gstatic.com:443
06:55:33 [DEBUG] Starting new HTTPS connection (1): www.gstatic.com:443
06:55:33 [DEBUG] Starting new HTTPS connection (1): www.google.com:443
06:55:33 [DEBUG] Starting new HTTPS connection (1): cp.cloudflare.com:443
06:55:33 [DEBUG] Starting new HTTPS connection (1): www.google.com:443
06:55:33 [DEBUG] Starting new HTTPS connection (1): www.gstatic.com:443
06:55:34 [DEBUG] Starting new HTTPS connection (1): www.google.com:443
06:55:34 [DEBUG] Starting new HTTPS connection (1): cp.cloudflare.com:443
06:55:34 [DEBUG] Starting new HTTPS connection (1): www.google.com:443
06:55:34 [DEBUG] Starting new HTTPS connection (1): www.google.com:443
06:55:34 [DEBUG] Starting new HTTPS connection (1): www.google.com:443
06:55:34 [DEBUG] Starting new HTTPS connection (1): www.gstatic.com:443
06:55:35 [DEBUG] Starting new HTTPS connection (1): www.gstatic.com:443
06:55:35 [DEBUG] Starting new HTTPS connection (1): cp.cloudflare.com:443
06:55:35 [DEBUG] Starting new HTTPS connection (1): www.google.com:443
06:55:35 [DEBUG] Starting new HTTPS connection (1): cp.cloudflare.com:443
06:55:35 [DEBUG] Starting new HTTPS connection (1): www.gstatic.com:443
06:55:35 [DEBUG] Starting new HTTPS connection (1): www.gstatic.com:443
06:55:35 [DEBUG] Starting new HTTPS connection (1): www.google.com:443
06:55:35 [DEBUG] Starting new HTTPS connection (1): www.gstatic.com:443
06:55:36 [DEBUG] Starting new HTTPS connection (1): cp.cloudflare.com:443
06:55:36 [DEBUG] Starting new HTTPS connection (1): www.gstatic.com:443
06:55:36 [DEBUG] Starting new HTTPS connection (1): www.google.com:443
06:55:36 [DEBUG] Starting new HTTPS connection (1): cp.cloudflare.com:443
06:55:36 [DEBUG] https://cp.cloudflare.com:443 "GET / HTTP/1.1" 204 0
06:55:36 [DEBUG] Starting new HTTPS connection (1): www.gstatic.com:443
06:55:36 [DEBUG] Starting new HTTPS connection (1): cp.cloudflare.com:443
06:55:36 [DEBUG] Starting new HTTPS connection (1): www.google.com:443
06:55:37 [DEBUG] Starting new HTTPS connection (1): cp.cloudflare.com:443
06:55:37 [DEBUG] Starting new HTTPS connection (1): cp.cloudflare.com:443
06:55:37 [DEBUG] https://www.gstatic.com:443 "GET /generate_204 HTTP/1.1" 204 0
06:55:37 [DEBUG] Starting new HTTPS connection (1): www.gstatic.com:443
06:55:37 [DEBUG] Starting new HTTPS connection (1): www.gstatic.com:443
06:55:37 [DEBUG] Starting new HTTPS connection (1): cp.cloudflare.com:443
06:55:37 [DEBUG] Starting new HTTPS connection (1): dl.google.com:443
06:55:37 [DEBUG] Starting new HTTPS connection (1): www.google.com:443
06:55:37 [DEBUG] Starting new HTTPS connection (1): www.google.com:443
06:55:37 [DEBUG] https://dl.google.com:443 "GET /dl/android/studio/install/3.4.1.0/android-studio-ide-183.5522156-windows.exe HTTP/1.1" 404 1449
06:55:37 [INFO]    🎯 94.232.247.168 (Молдова) - 0.0Mbps, 320ms UDP✅ Reality [yahoo.com]
06:55:37 [DEBUG] Starting new HTTPS connection (1): cp.cloudflare.com:443
06:55:37 [DEBUG] Starting new HTTPS connection (1): www.gstatic.com:443
06:55:38 [DEBUG] Starting new HTTPS connection (1): cp.cloudflare.com:443
06:55:38 [DEBUG] Starting new HTTPS connection (1): www.google.com:443
06:55:38 [DEBUG] Starting new HTTPS connection (1): cp.cloudflare.com:443
06:55:38 [DEBUG] Starting new HTTPS connection (1): www.google.com:443
06:55:38 [DEBUG] Starting new HTTPS connection (1): www.google.com:443
06:55:38 [DEBUG] Starting new HTTPS connection (1): www.google.com:443
06:55:38 [DEBUG] Starting new HTTPS connection (1): cp.cloudflare.com:443
06:55:39 [DEBUG] Starting new HTTPS connection (1): www.gstatic.com:443
06:55:39 [INFO]    📊 Global: 40/400 (10%) | ✅15 ❌25
06:55:39 [DEBUG] Starting new HTTPS connection (1): www.gstatic.com:443
06:55:39 [DEBUG] Starting new HTTPS connection (1): www.gstatic.com:443
06:55:39 [DEBUG] https://www.google.com:443 "GET /generate_204 HTTP/1.1" 204 0
06:55:39 [DEBUG] Starting new HTTPS connection (1): cp.cloudflare.com:443
06:55:40 [DEBUG] Starting new HTTPS connection (1): www.google.com:443
06:55:40 [DEBUG] Starting new HTTPS connection (1): cp.cloudflare.com:443
06:55:40 [DEBUG] Starting new HTTPS connection (1): www.gstatic.com:443
06:55:40 [DEBUG] https://cp.cloudflare.com:443 "GET / HTTP/1.1" 204 0
06:55:40 [DEBUG] Starting new HTTPS connection (1): www.gstatic.com:443
06:55:41 [DEBUG] Starting new HTTPS connection (1): www.google.com:443
06:55:41 [DEBUG] Starting new HTTPS connection (1): cp.cloudflare.com:443
06:55:41 [DEBUG] Starting new HTTPS connection (1): www.gstatic.com:443
06:55:41 [DEBUG] https://www.gstatic.com:443 "GET /generate_204 HTTP/1.1" 204 0
06:55:41 [DEBUG] Starting new HTTPS connection (1): www.google.com:443
06:55:42 [DEBUG] Starting new HTTPS connection (1): www.google.com:443
06:55:42 [DEBUG] Starting new HTTPS connection (1): cp.cloudflare.com:443
06:55:42 [DEBUG] Starting new HTTPS connection (1): dl.google.com:443
06:55:42 [DEBUG] Starting new HTTPS connection (1): www.google.com:443
06:55:43 [DEBUG] https://www.google.com:443 "GET /generate_204 HTTP/1.1" 204 0
06:55:43 [DEBUG] Starting new HTTPS connection (1): cp.cloudflare.com:443
06:55:43 [DEBUG] Starting new HTTPS connection (1): www.google.com:443
06:55:43 [DEBUG] Starting new HTTPS connection (1): www.gstatic.com:443
06:55:43 [DEBUG] Starting new HTTPS connection (1): www.gstatic.com:443
06:55:43 [DEBUG] https://www.google.com:443 "GET /generate_204 HTTP/1.1" 204 0
06:55:43 [DEBUG] Starting new HTTPS connection (1): cp.cloudflare.com:443
06:55:43 [DEBUG] Starting new HTTPS connection (1): cp.cloudflare.com:443
06:55:43 [DEBUG] Starting new HTTPS connection (1): www.google.com:443
06:55:43 [DEBUG] https://dl.google.com:443 "GET /dl/android/studio/install/3.4.1.0/android-studio-ide-183.5522156-windows.exe HTTP/1.1" 404 1449
06:55:43 [INFO]    🎯 83.222.23.81 (KZ) - 0.0Mbps, 985ms UDP✅ Reality [yahoo.com]
06:55:43 [DEBUG] Starting new HTTPS connection (1): cp.cloudflare.com:443
06:55:44 [DEBUG] Starting new HTTPS connection (1): www.gstatic.com:443
06:55:45 [DEBUG] Starting new HTTPS connection (1): www.google.com:443
06:55:45 [DEBUG] Starting new HTTPS connection (1): www.google.com:443
06:55:45 [DEBUG] Starting new HTTPS connection (1): www.gstatic.com:443
06:55:45 [DEBUG] Starting new HTTPS connection (1): cp.cloudflare.com:443
06:55:46 [DEBUG] Starting new HTTPS connection (1): cp.cloudflare.com:443
06:55:46 [DEBUG] Starting new HTTPS connection (1): www.gstatic.com:443
06:55:47 [DEBUG] Starting new HTTPS connection (1): www.gstatic.com:443
06:55:47 [DEBUG] Starting new HTTPS connection (1): cp.cloudflare.com:443
06:55:48 [DEBUG] Starting new HTTPS connection (1): www.gstatic.com:443
06:55:48 [DEBUG] Starting new HTTPS connection (1): www.gstatic.com:443
06:55:48 [DEBUG] Starting new HTTPS connection (1): cp.cloudflare.com:443
06:55:48 [DEBUG] Starting new HTTPS connection (1): www.google.com:443
06:55:48 [DEBUG] Starting new HTTPS connection (1): www.google.com:443
06:55:48 [DEBUG] Starting new HTTPS connection (1): www.gstatic.com:443
06:55:49 [DEBUG] https://www.gstatic.com:443 "GET /generate_204 HTTP/1.1" 204 0
06:55:49 [DEBUG] Starting new HTTPS connection (1): www.google.com:443
06:55:49 [DEBUG] Starting new HTTPS connection (1): www.google.com:443
06:55:49 [DEBUG] https://www.gstatic.com:443 "GET /generate_204 HTTP/1.1" 204 0
06:55:49 [DEBUG] https://www.google.com:443 "GET /generate_204 HTTP/1.1" 204 0
06:55:49 [DEBUG] Starting new HTTPS connection (1): cp.cloudflare.com:443
06:55:49 [DEBUG] Starting new HTTPS connection (1): cp.cloudflare.com:443
06:55:50 [DEBUG] https://cp.cloudflare.com:443 "GET / HTTP/1.1" 204 0
06:55:50 [DEBUG] Starting new HTTPS connection (1): www.gstatic.com:443
06:55:50 [DEBUG] Starting new HTTPS connection (1): www.gstatic.com:443
06:55:50 [DEBUG] https://www.gstatic.com:443 "GET /generate_204 HTTP/1.1" 204 0
06:55:50 [DEBUG] Starting new HTTPS connection (1): www.google.com:443
06:55:50 [DEBUG] Starting new HTTPS connection (1): www.google.com:443
06:55:50 [DEBUG] Starting new HTTPS connection (1): dl.google.com:443
06:55:50 [DEBUG] Starting new HTTPS connection (1): cp.cloudflare.com:443
06:55:50 [DEBUG] Starting new HTTPS connection (1): www.gstatic.com:443
06:55:50 [DEBUG] https://dl.google.com:443 "GET /dl/android/studio/install/3.4.1.0/android-studio-ide-183.5522156-windows.exe HTTP/1.1" 200 1017327996
06:55:50 [DEBUG] https://www.google.com:443 "GET /generate_204 HTTP/1.1" 204 0
06:55:50 [DEBUG] Starting new HTTPS connection (1): cp.cloudflare.com:443
06:55:50 [DEBUG] Starting new HTTPS connection (1): www.gstatic.com:443
06:55:51 [DEBUG] Starting new HTTPS connection (1): www.google.com:443
06:55:51 [DEBUG] Starting new HTTPS connection (1): www.google.com:443
06:55:51 [DEBUG] https://cp.cloudflare.com:443 "GET / HTTP/1.1" 204 0
06:55:51 [DEBUG] Starting new HTTPS connection (1): www.gstatic.com:443
06:55:51 [DEBUG] Starting new HTTPS connection (1): cp.cloudflare.com:443
06:55:51 [DEBUG] Starting new HTTPS connection (1): cp.cloudflare.com:443
06:55:51 [DEBUG] Starting new HTTPS connection (1): www.gstatic.com:443
06:55:52 [DEBUG] Starting new HTTPS connection (1): www.gstatic.com:443
06:55:52 [DEBUG] Starting new HTTPS connection (1): dl.google.com:443
06:55:52 [DEBUG] Starting new HTTPS connection (1): www.gstatic.com:443
06:55:53 [DEBUG] Starting new HTTPS connection (1): www.google.com:443
06:55:53 [DEBUG] Starting new HTTPS connection (1): www.google.com:443
06:55:53 [DEBUG] Starting new HTTPS connection (1): cp.cloudflare.com:443
06:55:53 [DEBUG] https://www.google.com:443 "GET /generate_204 HTTP/1.1" 204 0
06:55:53 [DEBUG] Starting new HTTPS connection (1): cp.cloudflare.com:443
06:55:53 [DEBUG] Starting new HTTPS connection (1): www.gstatic.com:443
06:55:53 [DEBUG] https://cp.cloudflare.com:443 "GET / HTTP/1.1" 204 0
06:55:53 [DEBUG] Starting new HTTPS connection (1): www.gstatic.com:443
06:55:53 [DEBUG] https://www.gstatic.com:443 "GET /generate_204 HTTP/1.1" 204 0
06:55:53 [DEBUG] Starting new HTTPS connection (1): dl.google.com:443
06:55:53 [DEBUG] https://dl.google.com:443 "GET /dl/android/studio/install/3.4.1.0/android-studio-ide-183.5522156-windows.exe HTTP/1.1" 404 1449
06:55:53 [INFO]    🎯 57.129.49.1 (Германия) - 0.0Mbps, 44ms UDP✅ Reality [fuck.rkn]
06:55:53 [DEBUG] https://www.gstatic.com:443 "GET /generate_204 HTTP/1.1" 204 0
06:55:53 [DEBUG] Starting new HTTPS connection (1): www.google.com:443
06:55:53 [DEBUG] https://www.google.com:443 "GET /generate_204 HTTP/1.1" 204 0
06:55:53 [DEBUG] Starting new HTTPS connection (1): cp.cloudflare.com:443
06:55:53 [DEBUG] https://cp.cloudflare.com:443 "GET / HTTP/1.1" 204 0
06:55:53 [DEBUG] Starting new HTTPS connection (1): www.gstatic.com:443
06:55:54 [DEBUG] https://www.gstatic.com:443 "GET /generate_204 HTTP/1.1" 204 0
06:55:54 [DEBUG] Starting new HTTPS connection (1): dl.google.com:443
06:55:54 [DEBUG] https://dl.google.com:443 "GET /dl/android/studio/install/3.4.1.0/android-studio-ide-183.5522156-windows.exe HTTP/1.1" 200 1017327996
06:55:54 [DEBUG] https://dl.google.com:443 "GET /dl/android/studio/install/3.4.1.0/android-studio-ide-183.5522156-windows.exe HTTP/1.1" 200 1017327996
06:55:54 [INFO]    🎯 89.169.55.246 (Германия) - 76.5Mbps, 35ms UDP✅ Reality [krakenlabs.ru]
06:55:54 [DEBUG] Starting new HTTPS connection (1): www.google.com:443
06:55:54 [DEBUG] Starting new HTTPS connection (1): cp.cloudflare.com:443
06:55:54 [DEBUG] Starting new HTTPS connection (1): www.gstatic.com:443
06:55:54 [DEBUG] Starting new HTTPS connection (1): cp.cloudflare.com:443
06:55:54 [DEBUG] Starting new HTTPS connection (1): dl.google.com:443
06:55:54 [DEBUG] Starting new HTTPS connection (1): www.google.com:443
06:55:54 [DEBUG] https://www.google.com:443 "GET /generate_204 HTTP/1.1" 204 0
06:55:54 [DEBUG] Starting new HTTPS connection (1): cp.cloudflare.com:443
06:55:54 [DEBUG] https://cp.cloudflare.com:443 "GET / HTTP/1.1" 204 0
06:55:54 [DEBUG] Starting new HTTPS connection (1): www.gstatic.com:443
06:55:54 [INFO]    🎯 109.248.170.119 (KZ) - 6.2Mbps, 1382ms UDP❌ Reality [yahoo.com]
06:55:54 [DEBUG] https://www.gstatic.com:443 "GET /generate_204 HTTP/1.1" 204 0
06:55:54 [DEBUG] Starting new HTTPS connection (1): www.google.com:443
06:55:54 [DEBUG] Starting new HTTPS connection (1): dl.google.com:443
06:55:54 [DEBUG] https://www.google.com:443 "GET /generate_204 HTTP/1.1" 204 0
06:55:54 [DEBUG] Starting new HTTPS connection (1): cp.cloudflare.com:443
06:55:54 [DEBUG] https://cp.cloudflare.com:443 "GET / HTTP/1.1" 204 0
06:55:54 [DEBUG] Starting new HTTPS connection (1): www.gstatic.com:443
06:55:54 [DEBUG] https://www.gstatic.com:443 "GET /generate_204 HTTP/1.1" 204 0
06:55:54 [DEBUG] Starting new HTTPS connection (1): dl.google.com:443
06:55:55 [DEBUG] https://dl.google.com:443 "GET /dl/android/studio/install/3.4.1.0/android-studio-ide-183.5522156-windows.exe HTTP/1.1" 200 1017327996
06:55:55 [DEBUG] https://dl.google.com:443 "GET /dl/android/studio/install/3.4.1.0/android-studio-ide-183.5522156-windows.exe HTTP/1.1" 200 1017327996
06:55:55 [INFO]    🎯 57.129.53.181 (Германия) - 53.7Mbps, 40ms UDP✅ Reality [fuck.rkn]
06:55:55 [INFO]    🎯 57.129.53.182 (Германия) - 35.0Mbps, 41ms UDP✅ Reality [fuck.rkn]
06:55:55 [DEBUG] https://www.google.com:443 "GET /generate_204 HTTP/1.1" 204 0
06:55:55 [DEBUG] Starting new HTTPS connection (1): cp.cloudflare.com:443
06:55:55 [DEBUG] Starting new HTTPS connection (1): www.google.com:443
06:55:55 [DEBUG] Starting new HTTPS connection (1): www.google.com:443
06:55:56 [DEBUG] Starting new HTTPS connection (1): www.google.com:443
06:55:56 [INFO]    🎯 185.21.14.122 (Нидерланды) - 2.2Mbps, 449ms UDP✅ Reality [apple.com]
06:55:56 [DEBUG] Starting new HTTPS connection (1): www.google.com:443
06:55:56 [DEBUG] Starting new HTTPS connection (1): www.google.com:443
06:55:56 [DEBUG] Starting new HTTPS connection (1): cp.cloudflare.com:443
06:55:56 [DEBUG] Starting new HTTPS connection (1): cp.cloudflare.com:443
06:55:56 [DEBUG] Starting new HTTPS connection (1): www.gstatic.com:443
06:55:56 [DEBUG] Starting new HTTPS connection (1): www.gstatic.com:443
06:55:57 [DEBUG] Starting new HTTPS connection (1): www.google.com:443
06:55:57 [DEBUG] https://www.google.com:443 "GET /generate_204 HTTP/1.1" 204 0
06:55:57 [DEBUG] Starting new HTTPS connection (1): cp.cloudflare.com:443
06:55:57 [DEBUG] Starting new HTTPS connection (1): cp.cloudflare.com:443
06:55:57 [DEBUG] https://cp.cloudflare.com:443 "GET / HTTP/1.1" 204 0
06:55:57 [DEBUG] Starting new HTTPS connection (1): www.gstatic.com:443
06:55:57 [DEBUG] Starting new HTTPS connection (1): cp.cloudflare.com:443
06:55:57 [DEBUG] Starting new HTTPS connection (1): www.google.com:443
06:55:57 [DEBUG] Starting new HTTPS connection (1): www.google.com:443
06:55:57 [DEBUG] https://www.gstatic.com:443 "GET /generate_204 HTTP/1.1" 204 0
06:55:57 [DEBUG] https://www.google.com:443 "GET /generate_204 HTTP/1.1" 204 0
06:55:57 [DEBUG] https://www.google.com:443 "GET /generate_204 HTTP/1.1" 204 0
06:55:57 [DEBUG] Starting new HTTPS connection (1): cp.cloudflare.com:443
06:55:57 [DEBUG] Starting new HTTPS connection (1): cp.cloudflare.com:443
06:55:57 [DEBUG] Starting new HTTPS connection (1): dl.google.com:443
06:55:57 [DEBUG] https://cp.cloudflare.com:443 "GET / HTTP/1.1" 204 0
06:55:57 [DEBUG] Starting new HTTPS connection (1): www.gstatic.com:443
06:55:57 [DEBUG] https://cp.cloudflare.com:443 "GET / HTTP/1.1" 204 0
06:55:57 [DEBUG] Starting new HTTPS connection (1): www.gstatic.com:443
06:55:58 [DEBUG] https://www.gstatic.com:443 "GET /generate_204 HTTP/1.1" 204 0
06:55:58 [DEBUG] https://www.gstatic.com:443 "GET /generate_204 HTTP/1.1" 204 0
06:55:58 [DEBUG] https://dl.google.com:443 "GET /dl/android/studio/install/3.4.1.0/android-studio-ide-183.5522156-windows.exe HTTP/1.1" 200 1017327996
06:55:58 [DEBUG] Starting new HTTPS connection (1): dl.google.com:443
06:55:58 [DEBUG] Starting new HTTPS connection (1): dl.google.com:443
06:55:58 [DEBUG] Starting new HTTPS connection (1): cp.cloudflare.com:443
06:55:58 [INFO]    🎯 51.158.206.93 (Нидерланды) - 35.9Mbps, 141ms UDP✅ Reality [fuck.rkn]
06:55:58 [DEBUG] https://dl.google.com:443 "GET /dl/android/studio/install/3.4.1.0/android-studio-ide-183.5522156-windows.exe HTTP/1.1" 200 1017327996
06:55:58 [DEBUG] https://dl.google.com:443 "GET /dl/android/studio/install/3.4.1.0/android-studio-ide-183.5522156-windows.exe HTTP/1.1" 200 1017327996
06:55:58 [INFO]    🎯 51.158.206.98 (Нидерланды) - 33.6Mbps, 84ms UDP✅ Reality [fuck.rkn]
06:55:58 [INFO]    🎯 51.158.206.103 (Нидерланды) - 28.2Mbps, 84ms UDP✅ Reality [fuck.rkn]
06:55:59 [DEBUG] Starting new HTTPS connection (1): www.google.com:443
06:55:59 [DEBUG] https://www.google.com:443 "GET /generate_204 HTTP/1.1" 204 0
06:55:59 [DEBUG] Starting new HTTPS connection (1): cp.cloudflare.com:443
06:55:59 [DEBUG] https://cp.cloudflare.com:443 "GET / HTTP/1.1" 204 0
06:55:59 [DEBUG] Starting new HTTPS connection (1): www.gstatic.com:443
06:55:59 [DEBUG] https://www.gstatic.com:443 "GET /generate_204 HTTP/1.1" 204 0
06:55:59 [DEBUG] Starting new HTTPS connection (1): www.google.com:443
06:55:59 [DEBUG] Starting new HTTPS connection (1): dl.google.com:443
06:55:59 [DEBUG] Starting new HTTPS connection (1): www.gstatic.com:443
06:55:59 [DEBUG] Starting new HTTPS connection (1): www.gstatic.com:443
06:55:59 [DEBUG] https://dl.google.com:443 "GET /dl/android/studio/install/3.4.1.0/android-studio-ide-183.5522156-windows.exe HTTP/1.1" 200 1017327996
06:55:59 [DEBUG] Starting new HTTPS connection (1): www.google.com:443
06:55:59 [DEBUG] Starting new HTTPS connection (1): www.gstatic.com:443
06:55:59 [DEBUG] Starting new HTTPS connection (1): www.google.com:443
06:55:59 [INFO]    🎯 51.158.206.80 (Нидерланды) - 52.7Mbps, 88ms UDP✅ Reality [fuck.rkn]
06:56:00 [DEBUG] Starting new HTTPS connection (1): www.gstatic.com:443
06:56:00 [DEBUG] Starting new HTTPS connection (1): www.gstatic.com:443
06:56:00 [DEBUG] Starting new HTTPS connection (1): www.google.com:443
06:56:01 [DEBUG] https://www.google.com:443 "GET /generate_204 HTTP/1.1" 204 0
06:56:01 [DEBUG] Starting new HTTPS connection (1): cp.cloudflare.com:443
06:56:01 [DEBUG] https://dl.google.com:443 "GET /dl/android/studio/install/3.4.1.0/android-studio-ide-183.5522156-windows.exe HTTP/1.1" 404 1449
06:56:01 [INFO]    🎯 38.60.212.251 (JP) - 0.0Mbps, 1675ms UDP✅ Reality [mensura.cdn-apple.co]
06:56:01 [DEBUG] https://www.gstatic.com:443 "GET /generate_204 HTTP/1.1" 204 0
06:56:01 [DEBUG] https://cp.cloudflare.com:443 "GET / HTTP/1.1" 204 0
06:56:01 [DEBUG] Starting new HTTPS connection (1): www.gstatic.com:443
06:56:01 [DEBUG] Starting new HTTPS connection (1): cp.cloudflare.com:443
06:56:01 [DEBUG] https://www.gstatic.com:443 "GET /generate_204 HTTP/1.1" 204 0
06:56:01 [DEBUG] Starting new HTTPS connection (1): cp.cloudflare.com:443
06:56:01 [DEBUG] Starting new HTTPS connection (1): dl.google.com:443
06:56:02 [DEBUG] https://www.google.com:443 "GET /generate_204 HTTP/1.1" 204 0
06:56:02 [DEBUG] Starting new HTTPS connection (1): cp.cloudflare.com:443
06:56:02 [DEBUG] https://dl.google.com:443 "GET /dl/android/studio/install/3.4.1.0/android-studio-ide-183.5522156-windows.exe HTTP/1.1" 200 1017327996
06:56:02 [DEBUG] Starting new HTTPS connection (1): www.google.com:443
06:56:02 [INFO]    🎯 138.124.79.9 (Нидерланды) - 23.7Mbps, 261ms UDP✅ Reality [sun6-21.userapi.com]
06:56:02 [INFO]    📊 Global: 80/400 (20%) | ✅28 ❌52
06:56:02 [DEBUG] Starting new HTTPS connection (1): www.google.com:443
06:56:02 [DEBUG] Starting new HTTPS connection (1): www.google.com:443
06:56:03 [DEBUG] https://www.google.com:443 "GET /generate_204 HTTP/1.1" 204 0
06:56:03 [DEBUG] Starting new HTTPS connection (1): cp.cloudflare.com:443
06:56:03 [DEBUG] https://cp.cloudflare.com:443 "GET / HTTP/1.1" 204 0
06:56:03 [DEBUG] Starting new HTTPS connection (1): www.gstatic.com:443
06:56:03 [DEBUG] https://www.gstatic.com:443 "GET /generate_204 HTTP/1.1" 204 0
06:56:03 [DEBUG] Starting new HTTPS connection (1): dl.google.com:443
06:56:03 [DEBUG] Starting new HTTPS connection (1): www.google.com:443
06:56:03 [DEBUG] https://dl.google.com:443 "GET /dl/android/studio/install/3.4.1.0/android-studio-ide-183.5522156-windows.exe HTTP/1.1" 200 1017327996
06:56:03 [DEBUG] https://www.google.com:443 "GET /generate_204 HTTP/1.1" 204 0
06:56:03 [DEBUG] Starting new HTTPS connection (1): cp.cloudflare.com:443
06:56:03 [DEBUG] https://cp.cloudflare.com:443 "GET / HTTP/1.1" 204 0
06:56:03 [DEBUG] Starting new HTTPS connection (1): www.gstatic.com:443
06:56:03 [INFO]    🎯 195.26.224.102 (Нидерланды) - 39.1Mbps, 119ms UDP✅ Reality [vk.com]
06:56:03 [DEBUG] Starting new HTTPS connection (1): www.google.com:443
06:56:03 [DEBUG] https://www.gstatic.com:443 "GET /generate_204 HTTP/1.1" 204 0
06:56:03 [DEBUG] Starting new HTTPS connection (1): dl.google.com:443
06:56:03 [DEBUG] Starting new HTTPS connection (1): www.gstatic.com:443
06:56:03 [DEBUG] Starting new HTTPS connection (1): cp.cloudflare.com:443
06:56:03 [DEBUG] Starting new HTTPS connection (1): www.gstatic.com:443
06:56:03 [DEBUG] https://dl.google.com:443 "GET /dl/android/studio/install/3.4.1.0/android-studio-ide-183.5522156-windows.exe HTTP/1.1" 200 1017327996
06:56:03 [DEBUG] Starting new HTTPS connection (1): www.gstatic.com:443
06:56:04 [INFO]    🎯 195.26.224.112 (Нидерланды) - 34.7Mbps, 134ms UDP✅ Reality [vk.com]
06:56:04 [DEBUG] Starting new HTTPS connection (1): dl.google.com:443
06:56:04 [DEBUG] Starting new HTTPS connection (1): www.google.com:443
06:56:05 [DEBUG] Starting new HTTPS connection (1): cp.cloudflare.com:443
06:56:05 [DEBUG] Starting new HTTPS connection (1): www.google.com:443
06:56:05 [DEBUG] Starting new HTTPS connection (1): www.gstatic.com:443
06:56:05 [DEBUG] Starting new HTTPS connection (1): www.google.com:443
06:56:05 [DEBUG] https://www.google.com:443 "GET /generate_204 HTTP/1.1" 204 0
06:56:05 [DEBUG] Starting new HTTPS connection (1): cp.cloudflare.com:443
06:56:05 [DEBUG] https://cp.cloudflare.com:443 "GET / HTTP/1.1" 204 0
06:56:05 [DEBUG] Starting new HTTPS connection (1): www.gstatic.com:443
06:56:05 [DEBUG] https://www.gstatic.com:443 "GET /generate_204 HTTP/1.1" 204 0
06:56:05 [DEBUG] Starting new HTTPS connection (1): www.google.com:443
06:56:05 [DEBUG] https://www.google.com:443 "GET /generate_204 HTTP/1.1" 204 0
06:56:05 [DEBUG] Starting new HTTPS connection (1): cp.cloudflare.com:443
06:56:05 [DEBUG] Starting new HTTPS connection (1): dl.google.com:443
06:56:05 [DEBUG] https://cp.cloudflare.com:443 "GET / HTTP/1.1" 204 0
06:56:05 [DEBUG] Starting new HTTPS connection (1): www.gstatic.com:443
06:56:05 [DEBUG] https://www.gstatic.com:443 "GET /generate_204 HTTP/1.1" 204 0
06:56:05 [DEBUG] https://dl.google.com:443 "GET /dl/android/studio/install/3.4.1.0/android-studio-ide-183.5522156-windows.exe HTTP/1.1" 404 1449
06:56:05 [INFO]    🎯 65.108.108.151 (Финляндия) - 0.0Mbps, 2995ms UDP❌ Reality [fit.jojack.ru]
06:56:05 [DEBUG] Starting new HTTPS connection (1): dl.google.com:443
06:56:06 [DEBUG] https://dl.google.com:443 "GET /dl/android/studio/install/3.4.1.0/android-studio-ide-183.5522156-windows.exe HTTP/1.1" 200 1017327996
06:56:06 [DEBUG] https://www.google.com:443 "GET /generate_204 HTTP/1.1" 204 0
06:56:06 [DEBUG] Starting new HTTPS connection (1): cp.cloudflare.com:443
06:56:06 [DEBUG] https://dl.google.com:443 "GET /dl/android/studio/install/3.4.1.0/android-studio-ide-183.5522156-windows.exe HTTP/1.1" 200 1017327996
06:56:06 [INFO]    🎯 de4.socialup.live (XX) - 32.5Mbps, 170ms UDP✅ Reality [web.max.ru]
06:56:06 [INFO]    🎯 185.177.238.57 (AL) - 49.9Mbps, 74ms UDP✅ Reality [al.cdn.stun.su]
06:56:06 [DEBUG] https://cp.cloudflare.com:443 "GET / HTTP/1.1" 204 0
06:56:06 [DEBUG] Starting new HTTPS connection (1): www.gstatic.com:443
06:56:06 [DEBUG] Starting new HTTPS connection (1): www.google.com:443
06:56:07 [DEBUG] Starting new HTTPS connection (1): www.google.com:443
06:56:07 [DEBUG] Starting new HTTPS connection (1): www.google.com:443
06:56:07 [DEBUG] Starting new HTTPS connection (1): www.gstatic.com:443
06:56:07 [DEBUG] Starting new HTTPS connection (1): www.google.com:443
06:56:07 [DEBUG] Starting new HTTPS connection (1): cp.cloudflare.com:443
06:56:07 [DEBUG] Starting new HTTPS connection (1): www.google.com:443
06:56:07 [DEBUG] Starting new HTTPS connection (1): www.gstatic.com:443
06:56:07 [DEBUG] Starting new HTTPS connection (1): www.google.com:443
06:56:07 [DEBUG] Starting new HTTPS connection (1): cp.cloudflare.com:443
06:56:07 [DEBUG] Starting new HTTPS connection (1): cp.cloudflare.com:443
06:56:07 [DEBUG] Starting new HTTPS connection (1): www.gstatic.com:443
06:56:08 [DEBUG] Starting new HTTPS connection (1): www.google.com:443
06:56:08 [DEBUG] Starting new HTTPS connection (1): cp.cloudflare.com:443
06:56:08 [DEBUG] Starting new HTTPS connection (1): www.gstatic.com:443
06:56:08 [DEBUG] Starting new HTTPS connection (1): cp.cloudflare.com:443
06:56:09 [DEBUG] Starting new HTTPS connection (1): www.google.com:443
06:56:09 [DEBUG] Starting new HTTPS connection (1): cp.cloudflare.com:443
06:56:09 [DEBUG] Starting new HTTPS connection (1): cp.cloudflare.com:443
06:56:09 [DEBUG] Starting new HTTPS connection (1): cp.cloudflare.com:443
06:56:09 [DEBUG] Starting new HTTPS connection (1): www.gstatic.com:443
06:56:09 [DEBUG] https://www.gstatic.com:443 "GET /generate_204 HTTP/1.1" 204 0
06:56:09 [DEBUG] Starting new HTTPS connection (1): dl.google.com:443
06:56:09 [DEBUG] https://dl.google.com:443 "GET /dl/android/studio/install/3.4.1.0/android-studio-ide-183.5522156-windows.exe HTTP/1.1" 200 1017327996
06:56:10 [INFO]    🎯 37.218.247.35 (Нидерланды) - 59.1Mbps, 2548ms UDP✅ Reality [sun6-21.userapi.com]
06:56:10 [DEBUG] Starting new HTTPS connection (1): www.google.com:443
06:56:10 [DEBUG] https://www.google.com:443 "GET /generate_204 HTTP/1.1" 204 0
06:56:10 [DEBUG] Starting new HTTPS connection (1): cp.cloudflare.com:443
06:56:10 [DEBUG] https://cp.cloudflare.com:443 "GET / HTTP/1.1" 204 0
06:56:10 [DEBUG] Starting new HTTPS connection (1): www.gstatic.com:443
06:56:10 [DEBUG] https://www.gstatic.com:443 "GET /generate_204 HTTP/1.1" 204 0
06:56:10 [DEBUG] Starting new HTTPS connection (1): dl.google.com:443
06:56:10 [DEBUG] https://www.google.com:443 "GET /generate_204 HTTP/1.1" 204 0
06:56:10 [DEBUG] Starting new HTTPS connection (1): cp.cloudflare.com:443
06:56:10 [DEBUG] https://dl.google.com:443 "GET /dl/android/studio/install/3.4.1.0/android-studio-ide-183.5522156-windows.exe HTTP/1.1" 200 1017327996
06:56:10 [INFO]    🎯 nl.mobilezahra.lat (XX) - 77.6Mbps, 58ms UDP✅ Reality [excoino.com]
06:56:11 [DEBUG] Starting new HTTPS connection (1): www.google.com:443
06:56:11 [DEBUG] Starting new HTTPS connection (1): www.gstatic.com:443
06:56:11 [DEBUG] Starting new HTTPS connection (1): cp.cloudflare.com:443
06:56:11 [DEBUG] Starting new HTTPS connection (1): www.google.com:443
06:56:11 [DEBUG] Starting new HTTPS connection (1): www.gstatic.com:443
06:56:11 [DEBUG] Starting new HTTPS connection (1): cp.cloudflare.com:443
06:56:11 [DEBUG] Starting new HTTPS connection (1): www.gstatic.com:443
06:56:11 [DEBUG] Starting new HTTPS connection (1): dl.google.com:443
06:56:11 [DEBUG] Starting new HTTPS connection (1): www.gstatic.com:443
06:56:11 [DEBUG] Starting new HTTPS connection (1): www.gstatic.com:443
06:56:11 [DEBUG] Starting new HTTPS connection (1): www.google.com:443
06:56:11 [DEBUG] Starting new HTTPS connection (1): cp.cloudflare.com:443
06:56:11 [DEBUG] Starting new HTTPS connection (1): www.gstatic.com:443
06:56:12 [DEBUG] Starting new HTTPS connection (1): cp.cloudflare.com:443
06:56:12 [DEBUG] https://dl.google.com:443 "GET /dl/android/studio/install/3.4.1.0/android-studio-ide-183.5522156-windows.exe HTTP/1.1" 200 1017327996
06:56:12 [DEBUG] Starting new HTTPS connection (1): www.google.com:443
06:56:12 [DEBUG] Starting new HTTPS connection (1): www.gstatic.com:443
06:56:12 [DEBUG] Starting new HTTPS connection (1): www.google.com:443
06:56:13 [DEBUG] Starting new HTTPS connection (1): www.google.com:443
06:56:14 [DEBUG] Starting new HTTPS connection (1): www.google.com:443
06:56:14 [DEBUG] Starting new HTTPS connection (1): www.google.com:443
06:56:14 [DEBUG] Starting new HTTPS connection (1): www.google.com:443
06:56:15 [DEBUG] Starting new HTTPS connection (1): cp.cloudflare.com:443
06:56:15 [DEBUG] Starting new HTTPS connection (1): cp.cloudflare.com:443
06:56:15 [DEBUG] Starting new HTTPS connection (1): www.gstatic.com:443
06:56:15 [DEBUG] Starting new HTTPS connection (1): cp.cloudflare.com:443
06:56:15 [DEBUG] Starting new HTTPS connection (1): www.gstatic.com:443
06:56:15 [DEBUG] Starting new HTTPS connection (1): cp.cloudflare.com:443
06:56:15 [DEBUG] https://www.google.com:443 "GET /generate_204 HTTP/1.1" 204 0
06:56:15 [DEBUG] Starting new HTTPS connection (1): cp.cloudflare.com:443
06:56:15 [DEBUG] Starting new HTTPS connection (1): www.gstatic.com:443
06:56:16 [DEBUG] https://www.google.com:443 "GET /generate_204 HTTP/1.1" 204 0
06:56:16 [DEBUG] Starting new HTTPS connection (1): cp.cloudflare.com:443
06:56:16 [DEBUG] https://www.gstatic.com:443 "GET /generate_204 HTTP/1.1" 204 0
06:56:16 [DEBUG] Starting new HTTPS connection (1): www.google.com:443
06:56:16 [DEBUG] Starting new HTTPS connection (1): dl.google.com:443
06:56:16 [DEBUG] Starting new HTTPS connection (1): www.google.com:443
06:56:16 [DEBUG] https://www.google.com:443 "GET /generate_204 HTTP/1.1" 204 0
06:56:16 [DEBUG] Starting new HTTPS connection (1): cp.cloudflare.com:443
06:56:17 [DEBUG] https://cp.cloudflare.com:443 "GET / HTTP/1.1" 204 0
06:56:17 [DEBUG] Starting new HTTPS connection (1): www.gstatic.com:443
06:56:17 [DEBUG] Starting new HTTPS connection (1): www.gstatic.com:443
06:56:17 [DEBUG] https://cp.cloudflare.com:443 "GET / HTTP/1.1" 204 0
06:56:17 [DEBUG] Starting new HTTPS connection (1): www.gstatic.com:443
06:56:17 [DEBUG] https://www.gstatic.com:443 "GET /generate_204 HTTP/1.1" 204 0
06:56:17 [DEBUG] Starting new HTTPS connection (1): www.gstatic.com:443
06:56:17 [DEBUG] Starting new HTTPS connection (1): dl.google.com:443
06:56:17 [DEBUG] Starting new HTTPS connection (1): www.gstatic.com:443
06:56:18 [DEBUG] https://dl.google.com:443 "GET /dl/android/studio/install/3.4.1.0/android-studio-ide-183.5522156-windows.exe HTTP/1.1" 200 1017327996
06:56:18 [DEBUG] https://www.google.com:443 "GET /generate_204 HTTP/1.1" 204 0
06:56:18 [DEBUG] Starting new HTTPS connection (1): cp.cloudflare.com:443
06:56:18 [INFO]    🎯 panelsaf.netvip1.ru (XX) - 16.7Mbps, 350ms UDP✅ Reality [refersion.com]
06:56:18 [DEBUG] Starting new HTTPS connection (1): www.google.com:443
06:56:19 [DEBUG] https://www.gstatic.com:443 "GET /generate_204 HTTP/1.1" 204 0
06:56:19 [DEBUG] Starting new HTTPS connection (1): www.google.com:443
06:56:20 [DEBUG] https://www.google.com:443 "GET /generate_204 HTTP/1.1" 204 0
06:56:20 [DEBUG] Starting new HTTPS connection (1): cp.cloudflare.com:443
06:56:20 [DEBUG] Starting new HTTPS connection (1): www.gstatic.com:443
06:56:20 [DEBUG] https://www.google.com:443 "GET /generate_204 HTTP/1.1" 204 0
06:56:20 [DEBUG] Starting new HTTPS connection (1): cp.cloudflare.com:443
06:56:20 [DEBUG] https://cp.cloudflare.com:443 "GET / HTTP/1.1" 204 0
06:56:20 [DEBUG] Starting new HTTPS connection (1): www.gstatic.com:443
06:56:20 [DEBUG] https://cp.cloudflare.com:443 "GET / HTTP/1.1" 204 0
06:56:20 [DEBUG] Starting new HTTPS connection (1): www.gstatic.com:443
06:56:21 [DEBUG] https://www.gstatic.com:443 "GET /generate_204 HTTP/1.1" 204 0
06:56:21 [DEBUG] https://www.gstatic.com:443 "GET /generate_204 HTTP/1.1" 204 0
06:56:21 [DEBUG] Starting new HTTPS connection (1): www.google.com:443
06:56:21 [DEBUG] Starting new HTTPS connection (1): dl.google.com:443
06:56:21 [DEBUG] Starting new HTTPS connection (1): dl.google.com:443
06:56:21 [DEBUG] Starting new HTTPS connection (1): dl.google.com:443
06:56:21 [DEBUG] https://www.google.com:443 "GET /generate_204 HTTP/1.1" 204 0
06:56:21 [DEBUG] Starting new HTTPS connection (1): cp.cloudflare.com:443
06:56:21 [DEBUG] Starting new HTTPS connection (1): www.google.com:443
06:56:22 [DEBUG] https://cp.cloudflare.com:443 "GET / HTTP/1.1" 204 0
06:56:22 [DEBUG] Starting new HTTPS connection (1): www.gstatic.com:443
06:56:22 [DEBUG] https://www.google.com:443 "GET /generate_204 HTTP/1.1" 204 0
06:56:22 [DEBUG] Starting new HTTPS connection (1): cp.cloudflare.com:443
06:56:22 [DEBUG] https://dl.google.com:443 "GET /dl/android/studio/install/3.4.1.0/android-studio-ide-183.5522156-windows.exe HTTP/1.1" 200 1017327996
06:56:22 [DEBUG] https://dl.google.com:443 "GET /dl/android/studio/install/3.4.1.0/android-studio-ide-183.5522156-windows.exe HTTP/1.1" 200 1017327996
06:56:22 [DEBUG] https://www.gstatic.com:443 "GET /generate_204 HTTP/1.1" 204 0
06:56:22 [DEBUG] https://cp.cloudflare.com:443 "GET / HTTP/1.1" 204 0
06:56:22 [DEBUG] Starting new HTTPS connection (1): www.gstatic.com:443
06:56:22 [INFO]    🎯 78.159.131.76 (AL) - 0.0Mbps, 2999ms UDP✅ Reality [al.cdn.stun.su]
06:56:22 [DEBUG] Starting new HTTPS connection (1): dl.google.com:443
06:56:22 [DEBUG] https://www.gstatic.com:443 "GET /generate_204 HTTP/1.1" 204 0
06:56:23 [DEBUG] Starting new HTTPS connection (1): dl.google.com:443
06:56:23 [INFO]    🎯 94.131.101.203 (Молдова) - 7.7Mbps, 500ms UDP✅ Reality [tradingview.com]
06:56:23 [DEBUG] https://dl.google.com:443 "GET /dl/android/studio/install/3.4.1.0/android-studio-ide-183.5522156-windows.exe HTTP/1.1" 200 1017327996
06:56:23 [DEBUG] https://dl.google.com:443 "GET /dl/android/studio/install/3.4.1.0/android-studio-ide-183.5522156-windows.exe HTTP/1.1" 200 1017327996
06:56:23 [DEBUG] Starting new HTTPS connection (1): www.gstatic.com:443
06:56:23 [DEBUG] Starting new HTTPS connection (1): www.google.com:443
06:56:23 [INFO]    🎯 ilta-wzxrxkdhbjpnprhkkpplsjwawhssvollvxzdhqshiqckwdgrdm.orbnet.xyz (XX) - 6.7Mbps, 775ms UDP✅ Reality [i2pd.website]
06:56:23 [DEBUG] https://dl.google.com:443 "GET /dl/android/studio/install/3.4.1.0/android-studio-ide-183.5522156-windows.exe HTTP/1.1" 200 1017327996
06:56:23 [DEBUG] Starting new HTTPS connection (1): www.google.com:443
06:56:23 [INFO]    🎯 45.83.140.34 (CY) - 11.7Mbps, 355ms UDP✅ Reality [tradingview.com]
06:56:24 [INFO]    🎯 103.113.70.30 (Молдова) - 12.4Mbps, 352ms UDP✅ Reality [tradingview.com]
06:56:24 [DEBUG] Starting new HTTPS connection (1): cp.cloudflare.com:443
06:56:24 [DEBUG] Starting new HTTPS connection (1): www.google.com:443
06:56:24 [DEBUG] Starting new HTTPS connection (1): www.google.com:443
06:56:24 [DEBUG] Starting new HTTPS connection (1): cp.cloudflare.com:443
06:56:24 [DEBUG] Starting new HTTPS connection (1): www.gstatic.com:443
06:56:25 [DEBUG] Starting new HTTPS connection (1): www.gstatic.com:443
06:56:25 [DEBUG] Starting new HTTPS connection (1): www.google.com:443
06:56:25 [DEBUG] Starting new HTTPS connection (1): www.google.com:443
06:56:26 [DEBUG] Starting new HTTPS connection (1): cp.cloudflare.com:443
06:56:26 [DEBUG] Starting new HTTPS connection (1): www.google.com:443
06:56:26 [DEBUG] Starting new HTTPS connection (1): www.google.com:443
06:56:26 [DEBUG] Starting new HTTPS connection (1): www.google.com:443
06:56:27 [INFO]    🎯 152.53.51.29 (Австрия) - 0.8Mbps, 2038ms UDP✅ Reality [one-piece.com]
06:56:28 [DEBUG] Starting new HTTPS connection (1): www.gstatic.com:443
06:56:28 [DEBUG] https://www.google.com:443 "GET /generate_204 HTTP/1.1" 204 0
06:56:28 [DEBUG] Starting new HTTPS connection (1): cp.cloudflare.com:443
06:56:28 [DEBUG] Starting new HTTPS connection (1): cp.cloudflare.com:443
06:56:28 [DEBUG] Starting new HTTPS connection (1): www.google.com:443
06:56:29 [DEBUG] https://www.google.com:443 "GET /generate_204 HTTP/1.1" 204 0
06:56:29 [DEBUG] Starting new HTTPS connection (1): cp.cloudflare.com:443
06:56:29 [DEBUG] Starting new HTTPS connection (1): www.google.com:443
06:56:29 [INFO]    📊 Global: 120/400 (30%) | ✅42 ❌78
06:56:29 [DEBUG] Starting new HTTPS connection (1): cp.cloudflare.com:443
06:56:29 [DEBUG] https://www.google.com:443 "GET /generate_204 HTTP/1.1" 204 0
06:56:29 [DEBUG] Starting new HTTPS connection (1): cp.cloudflare.com:443
06:56:29 [DEBUG] https://cp.cloudflare.com:443 "GET / HTTP/1.1" 204 0
06:56:29 [DEBUG] Starting new HTTPS connection (1): www.gstatic.com:443
06:56:30 [DEBUG] https://www.gstatic.com:443 "GET /generate_204 HTTP/1.1" 204 0
06:56:30 [DEBUG] https://cp.cloudflare.com:443 "GET / HTTP/1.1" 204 0
06:56:30 [DEBUG] Starting new HTTPS connection (1): www.gstatic.com:443
06:56:30 [DEBUG] Starting new HTTPS connection (1): dl.google.com:443
06:56:30 [DEBUG] https://cp.cloudflare.com:443 "GET / HTTP/1.1" 204 0
06:56:30 [DEBUG] Starting new HTTPS connection (1): www.gstatic.com:443
06:56:30 [DEBUG] Starting new HTTPS connection (1): cp.cloudflare.com:443
06:56:30 [DEBUG] https://dl.google.com:443 "GET /dl/android/studio/install/3.4.1.0/android-studio-ide-183.5522156-windows.exe HTTP/1.1" 200 1017327996
06:56:30 [DEBUG] Starting new HTTPS connection (1): cp.cloudflare.com:443
06:56:30 [DEBUG] https://www.gstatic.com:443 "GET /generate_204 HTTP/1.1" 204 0
06:56:30 [DEBUG] Starting new HTTPS connection (1): www.google.com:443
06:56:31 [DEBUG] https://cp.cloudflare.com:443 "GET / HTTP/1.1" 204 0
06:56:31 [DEBUG] Starting new HTTPS connection (1): www.gstatic.com:443
06:56:31 [DEBUG] Starting new HTTPS connection (1): dl.google.com:443
06:56:32 [DEBUG] https://dl.google.com:443 "GET /dl/android/studio/install/3.4.1.0/android-studio-ide-183.5522156-windows.exe HTTP/1.1" 200 1017327996
06:56:32 [INFO]    🎯 217.154.254.198 (Германия) - 4.8Mbps, 140ms UDP✅ Reality [azure.com]
06:56:32 [DEBUG] https://www.gstatic.com:443 "GET /generate_204 HTTP/1.1" 204 0
06:56:33 [DEBUG] Starting new HTTPS connection (1): www.gstatic.com:443
06:56:33 [DEBUG] Starting new HTTPS connection (1): cp.cloudflare.com:443
06:56:33 [DEBUG] Starting new HTTPS connection (1): dl.google.com:443
06:56:33 [DEBUG] Starting new HTTPS connection (1): www.gstatic.com:443
06:56:33 [DEBUG] Starting new HTTPS connection (1): www.google.com:443
06:56:34 [INFO]    🎯 92.60.78.221 (SI) - 1.0Mbps, 1759ms UDP✅ Reality [www.tradingview.com]
06:56:34 [INFO]    🎯 212.111.84.82 (KZ) - 5.1Mbps, 457ms UDP✅ Reality [m.vk.ru]
06:56:35 [DEBUG] Starting new HTTPS connection (1): www.gstatic.com:443
06:56:35 [DEBUG] Starting new HTTPS connection (1): www.google.com:443
06:56:35 [DEBUG] https://dl.google.com:443 "GET /dl/android/studio/install/3.4.1.0/android-studio-ide-183.5522156-windows.exe HTTP/1.1" 200 1017327996
06:56:35 [DEBUG] Starting new HTTPS connection (1): www.google.com:443
06:56:35 [DEBUG] Starting new HTTPS connection (1): cp.cloudflare.com:443
06:56:35 [DEBUG] https://www.gstatic.com:443 "GET /generate_204 HTTP/1.1" 204 0
06:56:37 [DEBUG] Starting new HTTPS connection (1): dl.google.com:443
06:56:38 [DEBUG] Starting new HTTPS connection (1): www.gstatic.com:443
06:56:38 [DEBUG] Starting new HTTPS connection (1): www.google.com:443
06:56:38 [DEBUG] Starting new HTTPS connection (1): cp.cloudflare.com:443
06:56:39 [DEBUG] Starting new HTTPS connection (1): www.google.com:443
06:56:39 [DEBUG] https://www.google.com:443 "GET /generate_204 HTTP/1.1" 204 0
06:56:39 [DEBUG] Starting new HTTPS connection (1): cp.cloudflare.com:443
06:56:39 [DEBUG] https://www.google.com:443 "GET /generate_204 HTTP/1.1" 204 0
06:56:39 [DEBUG] Starting new HTTPS connection (1): cp.cloudflare.com:443
06:56:40 [DEBUG] Starting new HTTPS connection (1): cp.cloudflare.com:443
06:56:40 [DEBUG] Starting new HTTPS connection (1): cp.cloudflare.com:443
06:56:40 [DEBUG] Starting new HTTPS connection (1): www.gstatic.com:443
06:56:41 [DEBUG] https://cp.cloudflare.com:443 "GET / HTTP/1.1" 204 0
06:56:41 [DEBUG] Starting new HTTPS connection (1): www.gstatic.com:443
06:56:41 [DEBUG] https://cp.cloudflare.com:443 "GET / HTTP/1.1" 204 0
06:56:41 [DEBUG] Starting new HTTPS connection (1): www.gstatic.com:443
06:56:41 [DEBUG] Starting new HTTPS connection (1): www.google.com:443
06:56:41 [DEBUG] Starting new HTTPS connection (1): cp.cloudflare.com:443
06:56:41 [DEBUG] Starting new HTTPS connection (1): www.gstatic.com:443
06:56:41 [DEBUG] https://www.gstatic.com:443 "GET /generate_204 HTTP/1.1" 204 0
06:56:42 [DEBUG] Starting new HTTPS connection (1): dl.google.com:443
06:56:42 [DEBUG] https://dl.google.com:443 "GET /dl/android/studio/install/3.4.1.0/android-studio-ide-183.5522156-windows.exe HTTP/1.1" 200 1017327996
06:56:42 [INFO]    🎯 nld14.freednet.org (XX) - 70.3Mbps, 757ms UDP✅ Reality [www.cybo.com]
06:56:42 [DEBUG] https://www.gstatic.com:443 "GET /generate_204 HTTP/1.1" 204 0
06:56:42 [DEBUG] Starting new HTTPS connection (1): www.google.com:443
06:56:43 [DEBUG] Starting new HTTPS connection (1): www.gstatic.com:443
06:56:43 [DEBUG] https://www.google.com:443 "GET /generate_204 HTTP/1.1" 204 0
06:56:43 [DEBUG] Starting new HTTPS connection (1): cp.cloudflare.com:443
06:56:43 [DEBUG] https://cp.cloudflare.com:443 "GET / HTTP/1.1" 204 0
06:56:43 [DEBUG] Starting new HTTPS connection (1): www.gstatic.com:443
06:56:43 [DEBUG] Starting new HTTPS connection (1): dl.google.com:443
06:56:43 [DEBUG] https://www.gstatic.com:443 "GET /generate_204 HTTP/1.1" 204 0
06:56:43 [DEBUG] Starting new HTTPS connection (1): www.google.com:443
06:56:43 [DEBUG] Starting new HTTPS connection (1): www.gstatic.com:443
06:56:44 [DEBUG] Starting new HTTPS connection (1): dl.google.com:443
06:56:44 [DEBUG] https://www.google.com:443 "GET /generate_204 HTTP/1.1" 204 0
06:56:44 [DEBUG] Starting new HTTPS connection (1): cp.cloudflare.com:443
06:56:44 [DEBUG] https://dl.google.com:443 "GET /dl/android/studio/install/3.4.1.0/android-studio-ide-183.5522156-windows.exe HTTP/1.1" 200 1017327996
06:56:44 [DEBUG] https://cp.cloudflare.com:443 "GET / HTTP/1.1" 204 0
06:56:44 [DEBUG] Starting new HTTPS connection (1): www.gstatic.com:443
06:56:44 [DEBUG] https://dl.google.com:443 "GET /dl/android/studio/install/3.4.1.0/android-studio-ide-183.5522156-windows.exe HTTP/1.1" 200 1017327996
06:56:44 [DEBUG] https://dl.google.com:443 "GET /dl/android/studio/install/3.4.1.0/android-studio-ide-183.5522156-windows.exe HTTP/1.1" 200 1017327996
06:56:44 [DEBUG] Starting new HTTPS connection (1): www.google.com:443
06:56:44 [INFO]    🎯 dublin.pryanik.net.ru (XX) - 23.7Mbps, 281ms UDP✅ Reality [sun6-21.userapi.com]
06:56:44 [DEBUG] https://www.gstatic.com:443 "GET /generate_204 HTTP/1.1" 204 0
06:56:44 [DEBUG] Starting new HTTPS connection (1): dl.google.com:443
06:56:45 [DEBUG] https://www.google.com:443 "GET /generate_204 HTTP/1.1" 204 0
06:56:45 [DEBUG] Starting new HTTPS connection (1): cp.cloudflare.com:443
06:56:45 [DEBUG] https://dl.google.com:443 "GET /dl/android/studio/install/3.4.1.0/android-studio-ide-183.5522156-windows.exe HTTP/1.1" 200 1017327996
06:56:45 [DEBUG] Starting new HTTPS connection (1): www.gstatic.com:443
06:56:45 [INFO]    🎯 just-server.ru (XX) - 21.4Mbps, 252ms UDP✅ Reality [sun6-21.userapi.com]
06:56:45 [DEBUG] https://cp.cloudflare.com:443 "GET / HTTP/1.1" 204 0
06:56:45 [DEBUG] Starting new HTTPS connection (1): www.gstatic.com:443
06:56:45 [DEBUG] Starting new HTTPS connection (1): www.google.com:443
06:56:46 [DEBUG] https://www.google.com:443 "GET /generate_204 HTTP/1.1" 204 0
06:56:46 [DEBUG] Starting new HTTPS connection (1): cp.cloudflare.com:443
06:56:46 [DEBUG] https://www.gstatic.com:443 "GET /generate_204 HTTP/1.1" 204 0
06:56:46 [DEBUG] https://cp.cloudflare.com:443 "GET / HTTP/1.1" 204 0
06:56:46 [DEBUG] Starting new HTTPS connection (1): www.gstatic.com:443
06:56:46 [DEBUG] https://www.gstatic.com:443 "GET /generate_204 HTTP/1.1" 204 0
06:56:46 [DEBUG] Starting new HTTPS connection (1): dl.google.com:443
06:56:46 [DEBUG] Starting new HTTPS connection (1): dl.google.com:443
06:56:46 [DEBUG] Starting new HTTPS connection (1): www.google.com:443
06:56:46 [DEBUG] https://dl.google.com:443 "GET /dl/android/studio/install/3.4.1.0/android-studio-ide-183.5522156-windows.exe HTTP/1.1" 404 1449
06:56:46 [INFO]    🎯 fr.locations-service.com (XX) - 0.0Mbps, 89ms UDP✅ Reality [refersion.com]
06:56:46 [DEBUG] Starting new HTTPS connection (1): www.google.com:443
06:56:46 [DEBUG] https://dl.google.com:443 "GET /dl/android/studio/install/3.4.1.0/android-studio-ide-183.5522156-windows.exe HTTP/1.1" 200 1017327996
06:56:47 [DEBUG] Starting new HTTPS connection (1): www.google.com:443
06:56:47 [DEBUG] Starting new HTTPS connection (1): cp.cloudflare.com:443
06:56:47 [INFO]    🎯 fin.pryanik.net.ru (XX) - 10.1Mbps, 454ms UDP✅ Reality [sun6-21.userapi.com]
06:56:47 [DEBUG] Starting new HTTPS connection (1): www.gstatic.com:443
06:56:47 [DEBUG] Starting new HTTPS connection (1): www.google.com:443
06:56:47 [INFO]    🎯 77.83.245.220 (Турция) - 3.1Mbps, 2444ms UDP✅ Reality [mailru.ookcdn.ru]
06:56:47 [DEBUG] https://www.google.com:443 "GET /generate_204 HTTP/1.1" 204 0
06:56:47 [DEBUG] Starting new HTTPS connection (1): cp.cloudflare.com:443
06:56:47 [DEBUG] Starting new HTTPS connection (1): cp.cloudflare.com:443
06:56:48 [DEBUG] Starting new HTTPS connection (1): www.gstatic.com:443
06:56:48 [DEBUG] Starting new HTTPS connection (1): www.google.com:443
06:56:48 [DEBUG] https://cp.cloudflare.com:443 "GET / HTTP/1.1" 204 0
06:56:48 [DEBUG] Starting new HTTPS connection (1): www.gstatic.com:443
06:56:48 [DEBUG] Starting new HTTPS connection (1): www.google.com:443
06:56:49 [DEBUG] Starting new HTTPS connection (1): www.google.com:443
06:56:49 [DEBUG] Starting new HTTPS connection (1): cp.cloudflare.com:443
06:56:49 [DEBUG] Starting new HTTPS connection (1): cp.cloudflare.com:443
06:56:49 [DEBUG] https://www.gstatic.com:443 "GET /generate_204 HTTP/1.1" 204 0
06:56:49 [DEBUG] Starting new HTTPS connection (1): cp.cloudflare.com:443
06:56:49 [DEBUG] Starting new HTTPS connection (1): www.gstatic.com:443
06:56:49 [DEBUG] Starting new HTTPS connection (1): www.gstatic.com:443
06:56:49 [DEBUG] Starting new HTTPS connection (1): dl.google.com:443
06:56:50 [DEBUG] Starting new HTTPS connection (1): www.google.com:443
06:56:50 [DEBUG] Starting new HTTPS connection (1): www.gstatic.com:443
06:56:50 [DEBUG] Starting new HTTPS connection (1): www.google.com:443
06:56:50 [DEBUG] Starting new HTTPS connection (1): cp.cloudflare.com:443
06:56:50 [DEBUG] Starting new HTTPS connection (1): cp.cloudflare.com:443
06:56:50 [DEBUG] https://dl.google.com:443 "GET /dl/android/studio/install/3.4.1.0/android-studio-ide-183.5522156-windows.exe HTTP/1.1" 200 1017327996
06:56:51 [DEBUG] Starting new HTTPS connection (1): www.gstatic.com:443
06:56:51 [DEBUG] Starting new HTTPS connection (1): www.google.com:443
06:56:51 [DEBUG] Starting new HTTPS connection (1): www.google.com:443
06:56:51 [DEBUG] Starting new HTTPS connection (1): www.google.com:443
06:56:51 [INFO]    🎯 srv4.outlinekeys.com (XX) - 7.0Mbps, 1068ms UDP✅ Reality [sun1-90.userapi.com]
06:56:51 [DEBUG] https://www.google.com:443 "GET /generate_204 HTTP/1.1" 204 0
06:56:51 [DEBUG] Starting new HTTPS connection (1): cp.cloudflare.com:443
06:56:52 [DEBUG] https://cp.cloudflare.com:443 "GET / HTTP/1.1" 204 0
06:56:52 [DEBUG] Starting new HTTPS connection (1): www.gstatic.com:443
06:56:52 [DEBUG] Starting new HTTPS connection (1): www.google.com:443
06:56:52 [DEBUG] https://www.gstatic.com:443 "GET /generate_204 HTTP/1.1" 204 0
06:56:52 [DEBUG] Starting new HTTPS connection (1): cp.cloudflare.com:443
06:56:52 [DEBUG] Starting new HTTPS connection (1): dl.google.com:443
06:56:52 [DEBUG] https://dl.google.com:443 "GET /dl/android/studio/install/3.4.1.0/android-studio-ide-183.5522156-windows.exe HTTP/1.1" 200 1017327996
06:56:53 [DEBUG] Starting new HTTPS connection (1): www.google.com:443
06:56:53 [DEBUG] Starting new HTTPS connection (1): www.google.com:443
06:56:53 [DEBUG] https://www.google.com:443 "GET /generate_204 HTTP/1.1" 204 0
06:56:53 [DEBUG] Starting new HTTPS connection (1): cp.cloudflare.com:443
06:56:53 [INFO]    🎯 94.103.1.230 (Нидерланды) - 24.8Mbps, 254ms UDP✅ Reality [sun6-21.userapi.com]
06:56:53 [DEBUG] https://cp.cloudflare.com:443 "GET / HTTP/1.1" 204 0
06:56:53 [DEBUG] Starting new HTTPS connection (1): www.gstatic.com:443
06:56:53 [DEBUG] https://www.gstatic.com:443 "GET /generate_204 HTTP/1.1" 204 0
06:56:53 [DEBUG] Starting new HTTPS connection (1): dl.google.com:443
06:56:53 [DEBUG] https://dl.google.com:443 "GET /dl/android/studio/install/3.4.1.0/android-studio-ide-183.5522156-windows.exe HTTP/1.1" 200 1017327996
06:56:53 [INFO]    🎯 65.109.179.221 (Финляндия) - 50.5Mbps, 101ms UDP✅  []
06:56:53 [DEBUG] Starting new HTTPS connection (1): cp.cloudflare.com:443
06:56:53 [DEBUG] Starting new HTTPS connection (1): www.gstatic.com:443
06:56:54 [DEBUG] Starting new HTTPS connection (1): cp.cloudflare.com:443
06:56:54 [DEBUG] Starting new HTTPS connection (1): cp.cloudflare.com:443
06:56:54 [DEBUG] Starting new HTTPS connection (1): www.google.com:443
06:56:54 [DEBUG] Starting new HTTPS connection (1): cp.cloudflare.com:443
06:56:54 [DEBUG] Starting new HTTPS connection (1): www.gstatic.com:443
06:56:54 [DEBUG] Starting new HTTPS connection (1): www.google.com:443
06:56:55 [DEBUG] Starting new HTTPS connection (1): cp.cloudflare.com:443
06:56:55 [DEBUG] Starting new HTTPS connection (1): www.google.com:443
06:56:55 [DEBUG] Starting new HTTPS connection (1): www.gstatic.com:443
06:56:55 [DEBUG] Starting new HTTPS connection (1): cp.cloudflare.com:443
06:56:55 [DEBUG] Starting new HTTPS connection (1): www.gstatic.com:443
06:56:56 [DEBUG] Starting new HTTPS connection (1): www.gstatic.com:443
06:56:57 [DEBUG] Starting new HTTPS connection (1): www.google.com:443
06:56:57 [DEBUG] Starting new HTTPS connection (1): www.gstatic.com:443
06:56:57 [DEBUG] Starting new HTTPS connection (1): cp.cloudflare.com:443
06:56:57 [DEBUG] Starting new HTTPS connection (1): www.gstatic.com:443
06:56:57 [DEBUG] Starting new HTTPS connection (1): www.gstatic.com:443
06:56:57 [DEBUG] Starting new HTTPS connection (1): www.gstatic.com:443
06:56:58 [DEBUG] Starting new HTTPS connection (1): www.google.com:443
06:56:59 [DEBUG] Starting new HTTPS connection (1): www.google.com:443
06:56:59 [DEBUG] Starting new HTTPS connection (1): cp.cloudflare.com:443
06:56:59 [DEBUG] Starting new HTTPS connection (1): www.gstatic.com:443
06:56:59 [DEBUG] Starting new HTTPS connection (1): www.google.com:443
06:56:59 [DEBUG] Starting new HTTPS connection (1): cp.cloudflare.com:443
06:56:59 [DEBUG] Starting new HTTPS connection (1): cp.cloudflare.com:443
06:57:00 [DEBUG] Starting new HTTPS connection (1): www.google.com:443
06:57:00 [DEBUG] Starting new HTTPS connection (1): www.google.com:443
06:57:00 [DEBUG] Starting new HTTPS connection (1): www.gstatic.com:443
06:57:00 [DEBUG] Starting new HTTPS connection (1): www.google.com:443
06:57:00 [DEBUG] Starting new HTTPS connection (1): cp.cloudflare.com:443
06:57:01 [DEBUG] Starting new HTTPS connection (1): www.google.com:443
06:57:01 [DEBUG] Starting new HTTPS connection (1): www.google.com:443
06:57:02 [DEBUG] Starting new HTTPS connection (1): cp.cloudflare.com:443
06:57:02 [DEBUG] Starting new HTTPS connection (1): cp.cloudflare.com:443
06:57:03 [DEBUG] Starting new HTTPS connection (1): www.gstatic.com:443
06:57:03 [DEBUG] Starting new HTTPS connection (1): www.google.com:443
06:57:03 [DEBUG] Starting new HTTPS connection (1): cp.cloudflare.com:443
06:57:04 [DEBUG] Starting new HTTPS connection (1): www.gstatic.com:443
06:57:04 [DEBUG] Starting new HTTPS connection (1): www.gstatic.com:443
06:57:05 [DEBUG] Starting new HTTPS connection (1): www.gstatic.com:443
06:57:05 [DEBUG] Starting new HTTPS connection (1): cp.cloudflare.com:443
06:57:05 [DEBUG] Starting new HTTPS connection (1): cp.cloudflare.com:443
06:57:05 [DEBUG] Starting new HTTPS connection (1): www.gstatic.com:443
06:57:06 [DEBUG] Starting new HTTPS connection (1): cp.cloudflare.com:443
06:57:06 [DEBUG] Starting new HTTPS connection (1): www.google.com:443
06:57:06 [DEBUG] Starting new HTTPS connection (1): cp.cloudflare.com:443
06:57:06 [DEBUG] Starting new HTTPS connection (1): www.gstatic.com:443
06:57:06 [INFO]    📊 Global: 160/400 (40%) | ✅54 ❌106
06:57:07 [DEBUG] Starting new HTTPS connection (1): www.google.com:443
06:57:07 [DEBUG] Starting new HTTPS connection (1): www.gstatic.com:443
06:57:08 [DEBUG] Starting new HTTPS connection (1): www.google.com:443
06:57:08 [DEBUG] Starting new HTTPS connection (1): www.google.com:443
06:57:08 [DEBUG] Starting new HTTPS connection (1): cp.cloudflare.com:443
06:57:08 [DEBUG] Starting new HTTPS connection (1): www.gstatic.com:443
06:57:09 [DEBUG] Starting new HTTPS connection (1): www.google.com:443
06:57:09 [DEBUG] Starting new HTTPS connection (1): cp.cloudflare.com:443
06:57:09 [DEBUG] Starting new HTTPS connection (1): www.gstatic.com:443
06:57:09 [DEBUG] Starting new HTTPS connection (1): cp.cloudflare.com:443
06:57:09 [DEBUG] Starting new HTTPS connection (1): www.google.com:443
06:57:09 [DEBUG] Starting new HTTPS connection (1): cp.cloudflare.com:443
06:57:10 [DEBUG] Starting new HTTPS connection (1): www.gstatic.com:443
06:57:10 [DEBUG] Starting new HTTPS connection (1): www.google.com:443
06:57:10 [DEBUG] Starting new HTTPS connection (1): cp.cloudflare.com:443
06:57:10 [DEBUG] Starting new HTTPS connection (1): www.gstatic.com:443
06:57:10 [DEBUG] Starting new HTTPS connection (1): www.gstatic.com:443
06:57:10 [DEBUG] Starting new HTTPS connection (1): cp.cloudflare.com:443
06:57:11 [DEBUG] Starting new HTTPS connection (1): www.google.com:443
06:57:11 [DEBUG] Starting new HTTPS connection (1): cp.cloudflare.com:443
06:57:11 [DEBUG] Starting new HTTPS connection (1): www.google.com:443
06:57:11 [DEBUG] Starting new HTTPS connection (1): www.google.com:443
06:57:11 [DEBUG] Starting new HTTPS connection (1): www.gstatic.com:443
06:57:11 [DEBUG] https://www.google.com:443 "GET /generate_204 HTTP/1.1" 204 0
06:57:11 [DEBUG] Starting new HTTPS connection (1): cp.cloudflare.com:443
06:57:11 [DEBUG] https://cp.cloudflare.com:443 "GET / HTTP/1.1" 204 0
06:57:11 [DEBUG] Starting new HTTPS connection (1): www.gstatic.com:443
06:57:11 [DEBUG] https://www.gstatic.com:443 "GET /generate_204 HTTP/1.1" 204 0
06:57:11 [DEBUG] Starting new HTTPS connection (1): dl.google.com:443
06:57:11 [DEBUG] Starting new HTTPS connection (1): www.gstatic.com:443
06:57:11 [DEBUG] Starting new HTTPS connection (1): www.google.com:443
06:57:11 [DEBUG] https://www.google.com:443 "GET /generate_204 HTTP/1.1" 204 0
06:57:11 [DEBUG] Starting new HTTPS connection (1): cp.cloudflare.com:443
06:57:11 [DEBUG] Starting new HTTPS connection (1): www.gstatic.com:443
06:57:12 [DEBUG] https://dl.google.com:443 "GET /dl/android/studio/install/3.4.1.0/android-studio-ide-183.5522156-windows.exe HTTP/1.1" 404 1449
06:57:12 [INFO]    🎯 185.18.250.252 (Швейцария) - 0.0Mbps, 89ms UDP✅  []
06:57:12 [DEBUG] https://cp.cloudflare.com:443 "GET / HTTP/1.1" 204 0
06:57:12 [DEBUG] Starting new HTTPS connection (1): www.gstatic.com:443
06:57:12 [DEBUG] https://www.gstatic.com:443 "GET /generate_204 HTTP/1.1" 204 0
06:57:12 [DEBUG] Starting new HTTPS connection (1): www.google.com:443
06:57:12 [DEBUG] Starting new HTTPS connection (1): dl.google.com:443
06:57:12 [DEBUG] Starting new HTTPS connection (1): www.gstatic.com:443
06:57:12 [DEBUG] https://dl.google.com:443 "GET /dl/android/studio/install/3.4.1.0/android-studio-ide-183.5522156-windows.exe HTTP/1.1" 200 1017327996
06:57:12 [INFO]    🎯 192.248.186.10 (Германия) - 54.1Mbps, 302ms UDP✅  []
06:57:13 [DEBUG] Starting new HTTPS connection (1): www.google.com:443
06:57:13 [DEBUG] Starting new HTTPS connection (1): cp.cloudflare.com:443
06:57:13 [DEBUG] Starting new HTTPS connection (1): www.gstatic.com:443
06:57:13 [DEBUG] https://www.google.com:443 "GET /generate_204 HTTP/1.1" 204 0
06:57:13 [DEBUG] Starting new HTTPS connection (1): cp.cloudflare.com:443
06:57:13 [DEBUG] https://cp.cloudflare.com:443 "GET / HTTP/1.1" 204 0
06:57:13 [DEBUG] Starting new HTTPS connection (1): www.gstatic.com:443
06:57:13 [DEBUG] https://www.gstatic.com:443 "GET /generate_204 HTTP/1.1" 204 0
06:57:13 [DEBUG] Starting new HTTPS connection (1): dl.google.com:443
06:57:13 [DEBUG] Starting new HTTPS connection (1): www.google.com:443
06:57:14 [DEBUG] https://dl.google.com:443 "GET /dl/android/studio/install/3.4.1.0/android-studio-ide-183.5522156-windows.exe HTTP/1.1" 200 1017327996
06:57:14 [DEBUG] Starting new HTTPS connection (1): www.google.com:443
06:57:14 [DEBUG] Starting new HTTPS connection (1): cp.cloudflare.com:443
06:57:14 [DEBUG] Starting new HTTPS connection (1): www.gstatic.com:443
06:57:14 [DEBUG] https://www.google.com:443 "GET /generate_204 HTTP/1.1" 204 0
06:57:14 [DEBUG] Starting new HTTPS connection (1): cp.cloudflare.com:443
06:57:15 [DEBUG] Starting new HTTPS connection (1): www.google.com:443
06:57:15 [DEBUG] Starting new HTTPS connection (1): cp.cloudflare.com:443
06:57:15 [DEBUG] Starting new HTTPS connection (1): www.gstatic.com:443
06:57:15 [DEBUG] https://cp.cloudflare.com:443 "GET / HTTP/1.1" 204 0
06:57:15 [DEBUG] Starting new HTTPS connection (1): www.gstatic.com:443
06:57:15 [DEBUG] https://www.google.com:443 "GET /generate_204 HTTP/1.1" 204 0
06:57:15 [DEBUG] Starting new HTTPS connection (1): cp.cloudflare.com:443
06:57:15 [DEBUG] Starting new HTTPS connection (1): www.google.com:443
06:57:15 [DEBUG] Starting new HTTPS connection (1): www.google.com:443
06:57:16 [DEBUG] Starting new HTTPS connection (1): www.google.com:443
06:57:16 [DEBUG] https://www.gstatic.com:443 "GET /generate_204 HTTP/1.1" 204 0
06:57:16 [DEBUG] Starting new HTTPS connection (1): www.google.com:443
06:57:16 [DEBUG] Starting new HTTPS connection (1): dl.google.com:443
06:57:17 [DEBUG] https://dl.google.com:443 "GET /dl/android/studio/install/3.4.1.0/android-studio-ide-183.5522156-windows.exe HTTP/1.1" 404 1449
06:57:17 [INFO]    🎯 45.131.209.130 (Нидерланды) - 0.0Mbps, 822ms UDP✅  []
06:57:17 [DEBUG] Starting new HTTPS connection (1): www.google.com:443
06:57:17 [DEBUG] Starting new HTTPS connection (1): cp.cloudflare.com:443
06:57:17 [DEBUG] Starting new HTTPS connection (1): www.gstatic.com:443
06:57:17 [DEBUG] Starting new HTTPS connection (1): cp.cloudflare.com:443
06:57:17 [DEBUG] Starting new HTTPS connection (1): cp.cloudflare.com:443
06:57:18 [DEBUG] Starting new HTTPS connection (1): cp.cloudflare.com:443
06:57:18 [DEBUG] Starting new HTTPS connection (1): cp.cloudflare.com:443
06:57:18 [DEBUG] Starting new HTTPS connection (1): www.google.com:443
06:57:18 [DEBUG] Starting new HTTPS connection (1): cp.cloudflare.com:443
06:57:18 [DEBUG] Starting new HTTPS connection (1): www.gstatic.com:443
06:57:18 [DEBUG] Starting new HTTPS connection (1): www.google.com:443
06:57:19 [DEBUG] Starting new HTTPS connection (1): cp.cloudflare.com:443
06:57:19 [DEBUG] Starting new HTTPS connection (1): www.gstatic.com:443
06:57:19 [DEBUG] Starting new HTTPS connection (1): www.gstatic.com:443
06:57:19 [DEBUG] Starting new HTTPS connection (1): www.gstatic.com:443
06:57:20 [DEBUG] Starting new HTTPS connection (1): www.google.com:443
06:57:20 [DEBUG] Starting new HTTPS connection (1): www.google.com:443
06:57:20 [DEBUG] Starting new HTTPS connection (1): cp.cloudflare.com:443
06:57:20 [DEBUG] Starting new HTTPS connection (1): www.gstatic.com:443
06:57:20 [DEBUG] Starting new HTTPS connection (1): www.gstatic.com:443
06:57:20 [DEBUG] Starting new HTTPS connection (1): www.gstatic.com:443
06:57:20 [DEBUG] Starting new HTTPS connection (1): www.gstatic.com:443
06:57:21 [DEBUG] Starting new HTTPS connection (1): www.google.com:443
06:57:21 [DEBUG] Starting new HTTPS connection (1): cp.cloudflare.com:443
06:57:21 [DEBUG] Starting new HTTPS connection (1): www.gstatic.com:443
06:57:22 [DEBUG] Starting new HTTPS connection (1): www.google.com:443
06:57:23 [DEBUG] Starting new HTTPS connection (1): www.google.com:443
06:57:23 [DEBUG] Starting new HTTPS connection (1): cp.cloudflare.com:443
06:57:23 [DEBUG] Starting new HTTPS connection (1): www.gstatic.com:443
06:57:23 [DEBUG] Starting new HTTPS connection (1): www.google.com:443
06:57:23 [DEBUG] Starting new HTTPS connection (1): www.google.com:443
06:57:23 [DEBUG] Starting new HTTPS connection (1): cp.cloudflare.com:443
06:57:23 [DEBUG] Starting new HTTPS connection (1): www.gstatic.com:443
06:57:23 [DEBUG] Starting new HTTPS connection (1): www.google.com:443
06:57:24 [DEBUG] Starting new HTTPS connection (1): www.google.com:443
06:57:24 [DEBUG] https://www.google.com:443 "GET /generate_204 HTTP/1.1" 204 0
06:57:24 [DEBUG] Starting new HTTPS connection (1): cp.cloudflare.com:443
06:57:24 [DEBUG] Starting new HTTPS connection (1): cp.cloudflare.com:443
06:57:24 [DEBUG] https://www.google.com:443 "GET /generate_204 HTTP/1.1" 204 0
06:57:24 [DEBUG] Starting new HTTPS connection (1): cp.cloudflare.com:443
06:57:24 [DEBUG] https://cp.cloudflare.com:443 "GET / HTTP/1.1" 204 0
06:57:24 [DEBUG] Starting new HTTPS connection (1): www.gstatic.com:443
06:57:24 [DEBUG] Starting new HTTPS connection (1): www.google.com:443
06:57:25 [DEBUG] Starting new HTTPS connection (1): cp.cloudflare.com:443
06:57:25 [DEBUG] Starting new HTTPS connection (1): cp.cloudflare.com:443
06:57:25 [DEBUG] https://www.gstatic.com:443 "GET /generate_204 HTTP/1.1" 204 0
06:57:25 [DEBUG] https://www.google.com:443 "GET /generate_204 HTTP/1.1" 204 0
06:57:25 [DEBUG] Starting new HTTPS connection (1): cp.cloudflare.com:443
06:57:25 [DEBUG] https://cp.cloudflare.com:443 "GET / HTTP/1.1" 204 0
06:57:25 [DEBUG] Starting new HTTPS connection (1): www.gstatic.com:443
06:57:25 [DEBUG] https://cp.cloudflare.com:443 "GET / HTTP/1.1" 204 0
06:57:25 [DEBUG] Starting new HTTPS connection (1): www.gstatic.com:443
06:57:26 [DEBUG] Starting new HTTPS connection (1): dl.google.com:443
06:57:26 [DEBUG] https://www.gstatic.com:443 "GET /generate_204 HTTP/1.1" 204 0
06:57:26 [DEBUG] https://www.gstatic.com:443 "GET /generate_204 HTTP/1.1" 204 0
06:57:26 [DEBUG] Starting new HTTPS connection (1): dl.google.com:443
06:57:26 [DEBUG] Starting new HTTPS connection (1): dl.google.com:443
06:57:26 [DEBUG] https://www.gstatic.com:443 "GET /generate_204 HTTP/1.1" 204 0
06:57:26 [DEBUG] Starting new HTTPS connection (1): www.gstatic.com:443
06:57:26 [DEBUG] https://dl.google.com:443 "GET /dl/android/studio/install/3.4.1.0/android-studio-ide-183.5522156-windows.exe HTTP/1.1" 200 1017327996
06:57:27 [DEBUG] https://dl.google.com:443 "GET /dl/android/studio/install/3.4.1.0/android-studio-ide-183.5522156-windows.exe HTTP/1.1" 200 1017327996
06:57:27 [DEBUG] https://dl.google.com:443 "GET /dl/android/studio/install/3.4.1.0/android-studio-ide-183.5522156-windows.exe HTTP/1.1" 200 1017327996
06:57:27 [INFO]    🎯 85.9.207.253 (Германия) - 1.0Mbps, 458ms UDP✅  []
06:57:27 [DEBUG] Starting new HTTPS connection (1): www.gstatic.com:443
06:57:28 [DEBUG] Starting new HTTPS connection (1): www.google.com:443
06:57:28 [DEBUG] https://www.google.com:443 "GET /generate_204 HTTP/1.1" 204 0
06:57:28 [DEBUG] Starting new HTTPS connection (1): cp.cloudflare.com:443
06:57:29 [DEBUG] https://cp.cloudflare.com:443 "GET / HTTP/1.1" 204 0
06:57:29 [DEBUG] Starting new HTTPS connection (1): www.gstatic.com:443
06:57:29 [DEBUG] Starting new HTTPS connection (1): dl.google.com:443
06:57:29 [INFO]    🎯 159.69.162.184 (Германия) - 4.2Mbps, 492ms UDP✅  []
06:57:30 [DEBUG] Starting new HTTPS connection (1): www.gstatic.com:443
06:57:30 [DEBUG] https://www.gstatic.com:443 "GET /generate_204 HTTP/1.1" 204 0
06:57:30 [DEBUG] Starting new HTTPS connection (1): www.google.com:443
06:57:30 [DEBUG] Starting new HTTPS connection (1): dl.google.com:443
06:57:30 [DEBUG] Starting new HTTPS connection (1): www.google.com:443
06:57:30 [DEBUG] Starting new HTTPS connection (1): cp.cloudflare.com:443
06:57:30 [DEBUG] Starting new HTTPS connection (1): www.gstatic.com:443
06:57:30 [DEBUG] https://dl.google.com:443 "GET /dl/android/studio/install/3.4.1.0/android-studio-ide-183.5522156-windows.exe HTTP/1.1" 200 1017327996
06:57:30 [INFO]    🎯 159.69.162.184 (Германия) - 2.6Mbps, 485ms UDP✅  []
06:57:31 [DEBUG] Starting new HTTPS connection (1): www.google.com:443
06:57:31 [DEBUG] Starting new HTTPS connection (1): www.google.com:443
06:57:32 [DEBUG] Starting new HTTPS connection (1): www.google.com:443
06:57:32 [DEBUG] Starting new HTTPS connection (1): cp.cloudflare.com:443
06:57:32 [INFO]    🎯 159.69.162.184 (Германия) - 6.1Mbps, 531ms UDP✅  []
06:57:32 [INFO]    🎯 159.69.162.184 (Германия) - 2.0Mbps, 563ms UDP✅  []
06:57:33 [DEBUG] Starting new HTTPS connection (1): cp.cloudflare.com:443
06:57:33 [DEBUG] Starting new HTTPS connection (1): www.google.com:443
06:57:33 [DEBUG] Starting new HTTPS connection (1): www.google.com:443
06:57:33 [DEBUG] Starting new HTTPS connection (1): cp.cloudflare.com:443
06:57:33 [DEBUG] Starting new HTTPS connection (1): www.gstatic.com:443
06:57:33 [INFO]    📊 Global: 200/400 (50%) | ✅62 ❌138
06:57:34 [DEBUG] Starting new HTTPS connection (1): cp.cloudflare.com:443
06:57:34 [DEBUG] Starting new HTTPS connection (1): cp.cloudflare.com:443
06:57:34 [DEBUG] Starting new HTTPS connection (1): www.gstatic.com:443
06:57:35 [DEBUG] Starting new HTTPS connection (1): www.google.com:443
06:57:35 [DEBUG] Starting new HTTPS connection (1): www.gstatic.com:443
06:57:35 [DEBUG] Starting new HTTPS connection (1): cp.cloudflare.com:443
06:57:35 [DEBUG] Starting new HTTPS connection (1): www.gstatic.com:443
06:57:35 [INFO]    🎯 185.18.250.179 (Швейцария) - 0.0Mbps, 5271ms UDP✅  []
06:57:35 [DEBUG] Starting new HTTPS connection (1): cp.cloudflare.com:443
06:57:36 [DEBUG] Starting new HTTPS connection (1): www.gstatic.com:443
06:57:36 [DEBUG] Starting new HTTPS connection (1): www.google.com:443
06:57:36 [DEBUG] Starting new HTTPS connection (1): www.gstatic.com:443
06:57:36 [DEBUG] Starting new HTTPS connection (1): www.google.com:443
06:57:37 [DEBUG] Starting new HTTPS connection (1): www.google.com:443
06:57:37 [DEBUG] Starting new HTTPS connection (1): cp.cloudflare.com:443
06:57:37 [DEBUG] Starting new HTTPS connection (1): www.gstatic.com:443
06:57:37 [DEBUG] Starting new HTTPS connection (1): www.google.com:443
06:57:37 [DEBUG] Starting new HTTPS connection (1): cp.cloudflare.com:443
06:57:37 [DEBUG] Starting new HTTPS connection (1): www.gstatic.com:443
06:57:38 [DEBUG] Starting new HTTPS connection (1): www.gstatic.com:443
06:57:38 [DEBUG] Starting new HTTPS connection (1): cp.cloudflare.com:443
06:57:38 [DEBUG] Starting new HTTPS connection (1): www.google.com:443
06:57:38 [DEBUG] Starting new HTTPS connection (1): cp.cloudflare.com:443
06:57:38 [DEBUG] Starting new HTTPS connection (1): www.google.com:443
06:57:38 [DEBUG] Starting new HTTPS connection (1): www.gstatic.com:443
06:57:38 [DEBUG] Starting new HTTPS connection (1): cp.cloudflare.com:443
06:57:38 [DEBUG] Starting new HTTPS connection (1): www.gstatic.com:443
06:57:39 [DEBUG] Starting new HTTPS connection (1): www.google.com:443
06:57:39 [DEBUG] Starting new HTTPS connection (1): cp.cloudflare.com:443
06:57:39 [DEBUG] Starting new HTTPS connection (1): www.gstatic.com:443
06:57:39 [DEBUG] Starting new HTTPS connection (1): www.google.com:443
06:57:39 [DEBUG] Starting new HTTPS connection (1): cp.cloudflare.com:443
06:57:39 [DEBUG] Starting new HTTPS connection (1): www.gstatic.com:443
06:57:39 [DEBUG] Starting new HTTPS connection (1): www.google.com:443
06:57:39 [DEBUG] Starting new HTTPS connection (1): cp.cloudflare.com:443
06:57:39 [DEBUG] Starting new HTTPS connection (1): www.gstatic.com:443
06:57:39 [DEBUG] Starting new HTTPS connection (1): www.google.com:443
06:57:39 [DEBUG] Starting new HTTPS connection (1): www.google.com:443
06:57:40 [DEBUG] Starting new HTTPS connection (1): www.google.com:443
06:57:40 [DEBUG] Starting new HTTPS connection (1): www.gstatic.com:443
06:57:40 [DEBUG] Starting new HTTPS connection (1): www.google.com:443
06:57:40 [DEBUG] Starting new HTTPS connection (1): www.google.com:443
06:57:41 [DEBUG] Starting new HTTPS connection (1): cp.cloudflare.com:443
06:57:41 [DEBUG] Starting new HTTPS connection (1): www.gstatic.com:443
06:57:41 [DEBUG] Starting new HTTPS connection (1): cp.cloudflare.com:443
06:57:41 [DEBUG] Starting new HTTPS connection (1): www.google.com:443
06:57:41 [DEBUG] Starting new HTTPS connection (1): cp.cloudflare.com:443
06:57:41 [DEBUG] Starting new HTTPS connection (1): cp.cloudflare.com:443
06:57:42 [DEBUG] Starting new HTTPS connection (1): www.google.com:443
06:57:42 [DEBUG] Starting new HTTPS connection (1): cp.cloudflare.com:443
06:57:43 [DEBUG] Starting new HTTPS connection (1): www.gstatic.com:443
06:57:43 [DEBUG] Starting new HTTPS connection (1): cp.cloudflare.com:443
06:57:43 [DEBUG] Starting new HTTPS connection (1): www.google.com:443
06:57:43 [DEBUG] Starting new HTTPS connection (1): www.gstatic.com:443
06:57:44 [DEBUG] Starting new HTTPS connection (1): cp.cloudflare.com:443
06:57:44 [DEBUG] Starting new HTTPS connection (1): www.gstatic.com:443
06:57:44 [DEBUG] Starting new HTTPS connection (1): cp.cloudflare.com:443
06:57:44 [DEBUG] Starting new HTTPS connection (1): www.gstatic.com:443
06:57:45 [DEBUG] Starting new HTTPS connection (1): www.gstatic.com:443
06:57:46 [DEBUG] Starting new HTTPS connection (1): cp.cloudflare.com:443
06:57:46 [DEBUG] Starting new HTTPS connection (1): www.gstatic.com:443
06:57:46 [DEBUG] Starting new HTTPS connection (1): www.gstatic.com:443
06:57:46 [DEBUG] Starting new HTTPS connection (1): www.google.com:443
06:57:47 [DEBUG] Starting new HTTPS connection (1): www.google.com:443
06:57:47 [DEBUG] Starting new HTTPS connection (1): www.google.com:443
06:57:47 [DEBUG] Starting new HTTPS connection (1): cp.cloudflare.com:443
06:57:47 [DEBUG] https://www.google.com:443 "GET /generate_204 HTTP/1.1" 204 0
06:57:47 [DEBUG] Starting new HTTPS connection (1): cp.cloudflare.com:443
06:57:47 [DEBUG] Starting new HTTPS connection (1): www.gstatic.com:443
06:57:47 [DEBUG] https://cp.cloudflare.com:443 "GET / HTTP/1.1" 204 0
06:57:47 [DEBUG] Starting new HTTPS connection (1): www.gstatic.com:443
06:57:47 [DEBUG] https://www.gstatic.com:443 "GET /generate_204 HTTP/1.1" 204 0
06:57:47 [DEBUG] Starting new HTTPS connection (1): dl.google.com:443
06:57:47 [DEBUG] https://dl.google.com:443 "GET /dl/android/studio/install/3.4.1.0/android-studio-ide-183.5522156-windows.exe HTTP/1.1" 200 1017327996
06:57:48 [DEBUG] Starting new HTTPS connection (1): www.gstatic.com:443
06:57:48 [DEBUG] Starting new HTTPS connection (1): www.google.com:443
06:57:48 [DEBUG] Starting new HTTPS connection (1): www.google.com:443
06:57:48 [DEBUG] Starting new HTTPS connection (1): cp.cloudflare.com:443
06:57:48 [DEBUG] Starting new HTTPS connection (1): www.gstatic.com:443
06:57:48 [DEBUG] Starting new HTTPS connection (1): www.google.com:443
06:57:49 [DEBUG] Starting new HTTPS connection (1): www.google.com:443
06:57:49 [DEBUG] Starting new HTTPS connection (1): cp.cloudflare.com:443
06:57:49 [DEBUG] Starting new HTTPS connection (1): www.gstatic.com:443
06:57:49 [DEBUG] Starting new HTTPS connection (1): www.google.com:443
06:57:49 [DEBUG] Starting new HTTPS connection (1): cp.cloudflare.com:443
06:57:49 [DEBUG] Starting new HTTPS connection (1): www.gstatic.com:443
06:57:50 [DEBUG] Starting new HTTPS connection (1): www.google.com:443
06:57:50 [DEBUG] Starting new HTTPS connection (1): cp.cloudflare.com:443
06:57:50 [DEBUG] Starting new HTTPS connection (1): www.gstatic.com:443
06:57:50 [DEBUG] Starting new HTTPS connection (1): cp.cloudflare.com:443
06:57:50 [DEBUG] Starting new HTTPS connection (1): www.google.com:443
06:57:50 [DEBUG] Starting new HTTPS connection (1): cp.cloudflare.com:443
06:57:50 [DEBUG] Starting new HTTPS connection (1): www.gstatic.com:443
06:57:51 [DEBUG] Starting new HTTPS connection (1): www.google.com:443
06:57:51 [INFO]    🎯 5.255.114.61 (Нидерланды) - 3.8Mbps, 157ms UDP✅  []
06:57:51 [DEBUG] Starting new HTTPS connection (1): cp.cloudflare.com:443
06:57:51 [DEBUG] Starting new HTTPS connection (1): www.gstatic.com:443
06:57:51 [DEBUG] Starting new HTTPS connection (1): www.google.com:443
06:57:51 [DEBUG] Starting new HTTPS connection (1): www.google.com:443
06:57:51 [DEBUG] Starting new HTTPS connection (1): cp.cloudflare.com:443
06:57:52 [DEBUG] Starting new HTTPS connection (1): www.google.com:443
06:57:52 [DEBUG] Starting new HTTPS connection (1): www.google.com:443
06:57:52 [DEBUG] Starting new HTTPS connection (1): www.google.com:443
06:57:52 [DEBUG] Starting new HTTPS connection (1): www.gstatic.com:443
06:57:53 [DEBUG] Starting new HTTPS connection (1): cp.cloudflare.com:443
06:57:53 [DEBUG] Starting new HTTPS connection (1): cp.cloudflare.com:443
06:57:53 [DEBUG] Starting new HTTPS connection (1): cp.cloudflare.com:443
06:57:54 [DEBUG] Starting new HTTPS connection (1): cp.cloudflare.com:443
06:57:55 [DEBUG] Starting new HTTPS connection (1): www.gstatic.com:443
06:57:55 [DEBUG] Starting new HTTPS connection (1): www.gstatic.com:443
06:57:56 [DEBUG] Starting new HTTPS connection (1): www.google.com:443
06:57:56 [DEBUG] Starting new HTTPS connection (1): www.gstatic.com:443
06:57:57 [DEBUG] Starting new HTTPS connection (1): cp.cloudflare.com:443
06:57:57 [DEBUG] Starting new HTTPS connection (1): www.gstatic.com:443
06:57:57 [DEBUG] Starting new HTTPS connection (1): cp.cloudflare.com:443
06:57:58 [DEBUG] Starting new HTTPS connection (1): cp.cloudflare.com:443
06:57:58 [DEBUG] Starting new HTTPS connection (1): www.gstatic.com:443
06:57:58 [DEBUG] Starting new HTTPS connection (1): www.google.com:443
06:57:59 [DEBUG] Starting new HTTPS connection (1): www.google.com:443
06:57:59 [DEBUG] Starting new HTTPS connection (1): www.gstatic.com:443
06:58:00 [DEBUG] Starting new HTTPS connection (1): www.gstatic.com:443
06:58:00 [DEBUG] Starting new HTTPS connection (1): www.google.com:443
06:58:01 [DEBUG] Starting new HTTPS connection (1): cp.cloudflare.com:443
06:58:01 [DEBUG] Starting new HTTPS connection (1): cp.cloudflare.com:443
06:58:02 [DEBUG] Starting new HTTPS connection (1): www.google.com:443
06:58:02 [DEBUG] Starting new HTTPS connection (1): www.gstatic.com:443
06:58:03 [DEBUG] Starting new HTTPS connection (1): www.google.com:443
06:58:03 [INFO]    📊 Global: 240/400 (60%) | ✅64 ❌176
06:58:03 [DEBUG] Starting new HTTPS connection (1): cp.cloudflare.com:443
06:58:03 [DEBUG] Starting new HTTPS connection (1): www.gstatic.com:443
06:58:03 [DEBUG] Starting new HTTPS connection (1): www.gstatic.com:443
06:58:04 [DEBUG] Starting new HTTPS connection (1): www.google.com:443
06:58:05 [DEBUG] Starting new HTTPS connection (1): www.google.com:443
06:58:05 [DEBUG] Starting new HTTPS connection (1): cp.cloudflare.com:443
06:58:05 [DEBUG] https://www.google.com:443 "GET /generate_204 HTTP/1.1" 204 0
06:58:05 [DEBUG] Starting new HTTPS connection (1): cp.cloudflare.com:443
06:58:05 [DEBUG] https://cp.cloudflare.com:443 "GET / HTTP/1.1" 204 0
06:58:05 [DEBUG] Starting new HTTPS connection (1): www.gstatic.com:443
06:58:05 [DEBUG] Starting new HTTPS connection (1): www.gstatic.com:443
06:58:05 [DEBUG] https://www.gstatic.com:443 "GET /generate_204 HTTP/1.1" 204 0
06:58:05 [DEBUG] Starting new HTTPS connection (1): dl.google.com:443
06:58:06 [DEBUG] https://dl.google.com:443 "GET /dl/android/studio/install/3.4.1.0/android-studio-ide-183.5522156-windows.exe HTTP/1.1" 404 1449
06:58:06 [INFO]    🎯 45.148.31.0 (Дания) - 0.0Mbps, 178ms UDP✅  []
06:58:06 [DEBUG] Starting new HTTPS connection (1): cp.cloudflare.com:443
06:58:07 [DEBUG] Starting new HTTPS connection (1): www.google.com:443
06:58:07 [DEBUG] Starting new HTTPS connection (1): www.google.com:443
06:58:07 [DEBUG] Starting new HTTPS connection (1): cp.cloudflare.com:443
06:58:07 [DEBUG] Starting new HTTPS connection (1): www.gstatic.com:443
06:58:07 [DEBUG] Starting new HTTPS connection (1): www.gstatic.com:443
06:58:07 [DEBUG] Starting new HTTPS connection (1): www.google.com:443
06:58:07 [DEBUG] Starting new HTTPS connection (1): cp.cloudflare.com:443
06:58:08 [DEBUG] Starting new HTTPS connection (1): www.google.com:443
06:58:08 [DEBUG] Starting new HTTPS connection (1): cp.cloudflare.com:443
06:58:08 [DEBUG] Starting new HTTPS connection (1): www.gstatic.com:443
06:58:08 [DEBUG] Starting new HTTPS connection (1): www.gstatic.com:443
06:58:08 [DEBUG] Starting new HTTPS connection (1): www.google.com:443
06:58:08 [DEBUG] Starting new HTTPS connection (1): cp.cloudflare.com:443
06:58:08 [DEBUG] Starting new HTTPS connection (1): www.gstatic.com:443
06:58:09 [DEBUG] Starting new HTTPS connection (1): www.google.com:443
06:58:09 [DEBUG] Starting new HTTPS connection (1): cp.cloudflare.com:443
06:58:09 [DEBUG] Starting new HTTPS connection (1): www.google.com:443
06:58:10 [DEBUG] Starting new HTTPS connection (1): www.google.com:443
06:58:10 [DEBUG] Starting new HTTPS connection (1): cp.cloudflare.com:443
06:58:10 [DEBUG] Starting new HTTPS connection (1): www.google.com:443
06:58:11 [DEBUG] Starting new HTTPS connection (1): cp.cloudflare.com:443
06:58:11 [DEBUG] Starting new HTTPS connection (1): cp.cloudflare.com:443
06:58:11 [DEBUG] Starting new HTTPS connection (1): www.gstatic.com:443
06:58:11 [DEBUG] Starting new HTTPS connection (1): www.google.com:443
06:58:12 [DEBUG] Starting new HTTPS connection (1): cp.cloudflare.com:443
06:58:12 [DEBUG] Starting new HTTPS connection (1): www.gstatic.com:443
06:58:12 [DEBUG] Starting new HTTPS connection (1): cp.cloudflare.com:443
06:58:13 [DEBUG] Starting new HTTPS connection (1): www.gstatic.com:443
06:58:13 [DEBUG] Starting new HTTPS connection (1): www.gstatic.com:443
06:58:14 [DEBUG] Starting new HTTPS connection (1): cp.cloudflare.com:443
06:58:14 [DEBUG] Starting new HTTPS connection (1): www.gstatic.com:443
06:58:14 [DEBUG] Starting new HTTPS connection (1): www.gstatic.com:443
06:58:14 [DEBUG] Starting new HTTPS connection (1): www.gstatic.com:443
06:58:15 [DEBUG] Starting new HTTPS connection (1): www.google.com:443
06:58:15 [DEBUG] https://www.google.com:443 "GET /generate_204 HTTP/1.1" 204 0
06:58:15 [DEBUG] Starting new HTTPS connection (1): cp.cloudflare.com:443
06:58:15 [DEBUG] https://cp.cloudflare.com:443 "GET / HTTP/1.1" 204 0
06:58:15 [DEBUG] Starting new HTTPS connection (1): www.gstatic.com:443
06:58:15 [DEBUG] https://www.gstatic.com:443 "GET /generate_204 HTTP/1.1" 204 0
06:58:15 [DEBUG] Starting new HTTPS connection (1): dl.google.com:443
06:58:15 [DEBUG] https://dl.google.com:443 "GET /dl/android/studio/install/3.4.1.0/android-studio-ide-183.5522156-windows.exe HTTP/1.1" 404 1449
06:58:15 [INFO]    🎯 162.19.228.119 (Франция) - 0.0Mbps, 135ms UDP✅  []
06:58:16 [DEBUG] Starting new HTTPS connection (1): www.gstatic.com:443
06:58:16 [DEBUG] Starting new HTTPS connection (1): www.google.com:443
06:58:16 [DEBUG] Starting new HTTPS connection (1): cp.cloudflare.com:443
06:58:16 [DEBUG] Starting new HTTPS connection (1): www.gstatic.com:443
06:58:16 [DEBUG] Starting new HTTPS connection (1): www.google.com:443
06:58:16 [DEBUG] Starting new HTTPS connection (1): www.google.com:443
06:58:17 [DEBUG] Starting new HTTPS connection (1): www.google.com:443
06:58:17 [DEBUG] Starting new HTTPS connection (1): www.google.com:443
06:58:17 [DEBUG] Starting new HTTPS connection (1): cp.cloudflare.com:443
06:58:17 [DEBUG] Starting new HTTPS connection (1): www.gstatic.com:443
06:58:17 [DEBUG] Starting new HTTPS connection (1): www.google.com:443
06:58:17 [DEBUG] Starting new HTTPS connection (1): cp.cloudflare.com:443
06:58:18 [DEBUG] Starting new HTTPS connection (1): www.gstatic.com:443
06:58:18 [INFO]    🎯 47.254.207.127 (MY) - 0.0Mbps, 3099ms UDP✅ Reality [cdn.userway.org]
06:58:18 [DEBUG] Starting new HTTPS connection (1): www.google.com:443
06:58:18 [DEBUG] Starting new HTTPS connection (1): cp.cloudflare.com:443
06:58:18 [DEBUG] Starting new HTTPS connection (1): www.gstatic.com:443
06:58:18 [DEBUG] Starting new HTTPS connection (1): cp.cloudflare.com:443
06:58:18 [DEBUG] Starting new HTTPS connection (1): www.google.com:443
06:58:18 [DEBUG] Starting new HTTPS connection (1): cp.cloudflare.com:443
06:58:18 [DEBUG] Starting new HTTPS connection (1): www.gstatic.com:443
06:58:19 [DEBUG] Starting new HTTPS connection (1): cp.cloudflare.com:443
06:58:19 [DEBUG] Starting new HTTPS connection (1): www.google.com:443
06:58:19 [DEBUG] Starting new HTTPS connection (1): www.google.com:443
06:58:19 [DEBUG] Starting new HTTPS connection (1): cp.cloudflare.com:443
06:58:19 [DEBUG] Starting new HTTPS connection (1): www.gstatic.com:443
06:58:19 [DEBUG] Starting new HTTPS connection (1): cp.cloudflare.com:443
06:58:19 [DEBUG] Starting new HTTPS connection (1): www.google.com:443
06:58:20 [DEBUG] Starting new HTTPS connection (1): www.google.com:443
06:58:20 [DEBUG] Starting new HTTPS connection (1): cp.cloudflare.com:443
06:58:20 [DEBUG] Starting new HTTPS connection (1): www.google.com:443
06:58:20 [DEBUG] Starting new HTTPS connection (1): www.gstatic.com:443
06:58:20 [DEBUG] Starting new HTTPS connection (1): www.google.com:443
06:58:20 [DEBUG] Starting new HTTPS connection (1): www.google.com:443
06:58:20 [DEBUG] https://www.google.com:443 "GET /generate_204 HTTP/1.1" 204 0
06:58:20 [DEBUG] Starting new HTTPS connection (1): cp.cloudflare.com:443
06:58:20 [DEBUG] Starting new HTTPS connection (1): www.gstatic.com:443
06:58:21 [DEBUG] Starting new HTTPS connection (1): www.gstatic.com:443
06:58:21 [DEBUG] Starting new HTTPS connection (1): cp.cloudflare.com:443
06:58:21 [DEBUG] Starting new HTTPS connection (1): www.google.com:443
06:58:21 [DEBUG] Starting new HTTPS connection (1): www.gstatic.com:443
06:58:22 [DEBUG] https://www.google.com:443 "GET /generate_204 HTTP/1.1" 204 0
06:58:22 [DEBUG] Starting new HTTPS connection (1): cp.cloudflare.com:443
06:58:22 [DEBUG] Starting new HTTPS connection (1): cp.cloudflare.com:443
06:58:22 [INFO]    🎯 47.245.38.111 (JP) - 0.0Mbps, 2079ms UDP✅ Reality [www.autodesk.com]
06:58:22 [DEBUG] https://cp.cloudflare.com:443 "GET / HTTP/1.1" 204 0
06:58:22 [DEBUG] Starting new HTTPS connection (1): www.gstatic.com:443
06:58:23 [DEBUG] https://cp.cloudflare.com:443 "GET / HTTP/1.1" 204 0
06:58:23 [DEBUG] Starting new HTTPS connection (1): www.gstatic.com:443
06:58:23 [DEBUG] https://www.gstatic.com:443 "GET /generate_204 HTTP/1.1" 204 0
06:58:23 [DEBUG] Starting new HTTPS connection (1): dl.google.com:443
06:58:23 [DEBUG] https://www.gstatic.com:443 "GET /generate_204 HTTP/1.1" 204 0
06:58:23 [DEBUG] https://www.google.com:443 "GET /generate_204 HTTP/1.1" 204 0
06:58:23 [DEBUG] Starting new HTTPS connection (1): cp.cloudflare.com:443
06:58:23 [DEBUG] Starting new HTTPS connection (1): dl.google.com:443
06:58:23 [DEBUG] https://cp.cloudflare.com:443 "GET / HTTP/1.1" 204 0
06:58:23 [DEBUG] Starting new HTTPS connection (1): www.gstatic.com:443
06:58:23 [DEBUG] Starting new HTTPS connection (1): www.gstatic.com:443
06:58:23 [DEBUG] https://dl.google.com:443 "GET /dl/android/studio/install/3.4.1.0/android-studio-ide-183.5522156-windows.exe HTTP/1.1" 200 1017327996
06:58:23 [DEBUG] https://www.gstatic.com:443 "GET /generate_204 HTTP/1.1" 204 0
06:58:23 [INFO]    🎯 94.23.120.129 (Франция) - 46.5Mbps, 951ms UDP✅  []
06:58:23 [DEBUG] Starting new HTTPS connection (1): www.google.com:443
06:58:23 [DEBUG] Starting new HTTPS connection (1): cp.cloudflare.com:443
06:58:23 [DEBUG] Starting new HTTPS connection (1): www.gstatic.com:443
06:58:24 [DEBUG] Starting new HTTPS connection (1): www.google.com:443
06:58:24 [DEBUG] Starting new HTTPS connection (1): cp.cloudflare.com:443
06:58:24 [DEBUG] Starting new HTTPS connection (1): www.gstatic.com:443
06:58:24 [DEBUG] https://dl.google.com:443 "GET /dl/android/studio/install/3.4.1.0/android-studio-ide-183.5522156-windows.exe HTTP/1.1" 404 1449
06:58:24 [INFO]    🎯 46.226.167.138 (Франция) - 0.0Mbps, 547ms UDP✅  []
06:58:24 [DEBUG] Starting new HTTPS connection (1): www.google.com:443
06:58:24 [DEBUG] Starting new HTTPS connection (1): cp.cloudflare.com:443
06:58:24 [DEBUG] Starting new HTTPS connection (1): www.gstatic.com:443
06:58:24 [DEBUG] Starting new HTTPS connection (1): www.gstatic.com:443
06:58:24 [DEBUG] Starting new HTTPS connection (1): www.google.com:443
06:58:24 [DEBUG] Starting new HTTPS connection (1): www.google.com:443
06:58:24 [DEBUG] Starting new HTTPS connection (1): cp.cloudflare.com:443
06:58:24 [DEBUG] Starting new HTTPS connection (1): cp.cloudflare.com:443
06:58:24 [DEBUG] Starting new HTTPS connection (1): www.gstatic.com:443
06:58:24 [DEBUG] Starting new HTTPS connection (1): www.gstatic.com:443
06:58:24 [DEBUG] Starting new HTTPS connection (1): www.google.com:443
06:58:25 [DEBUG] Starting new HTTPS connection (1): cp.cloudflare.com:443
06:58:25 [DEBUG] Starting new HTTPS connection (1): www.gstatic.com:443
06:58:25 [INFO]    📊 Global: 280/400 (70%) | ✅70 ❌210
06:58:25 [DEBUG] Starting new HTTPS connection (1): www.google.com:443
06:58:25 [DEBUG] Starting new HTTPS connection (1): cp.cloudflare.com:443
06:58:25 [DEBUG] Starting new HTTPS connection (1): www.gstatic.com:443
06:58:25 [DEBUG] Starting new HTTPS connection (1): www.google.com:443
06:58:25 [DEBUG] Starting new HTTPS connection (1): cp.cloudflare.com:443
06:58:25 [DEBUG] Starting new HTTPS connection (1): www.gstatic.com:443
06:58:25 [DEBUG] Starting new HTTPS connection (1): cp.cloudflare.com:443
06:58:25 [DEBUG] Starting new HTTPS connection (1): www.google.com:443
06:58:25 [DEBUG] Starting new HTTPS connection (1): cp.cloudflare.com:443
06:58:25 [DEBUG] Starting new HTTPS connection (1): www.gstatic.com:443
06:58:26 [DEBUG] Starting new HTTPS connection (1): www.google.com:443
06:58:26 [DEBUG] Starting new HTTPS connection (1): www.google.com:443
06:58:26 [DEBUG] Starting new HTTPS connection (1): cp.cloudflare.com:443
06:58:26 [DEBUG] Starting new HTTPS connection (1): cp.cloudflare.com:443
06:58:26 [DEBUG] Starting new HTTPS connection (1): www.gstatic.com:443
06:58:26 [DEBUG] Starting new HTTPS connection (1): www.gstatic.com:443
06:58:26 [DEBUG] Starting new HTTPS connection (1): www.google.com:443
06:58:26 [DEBUG] Starting new HTTPS connection (1): dl.google.com:443
06:58:26 [DEBUG] https://dl.google.com:443 "GET /dl/android/studio/install/3.4.1.0/android-studio-ide-183.5522156-windows.exe HTTP/1.1" 404 1449
06:58:26 [INFO]    🎯 162.19.10.94 (Франция) - 0.0Mbps, 1336ms UDP❌  []
06:58:26 [DEBUG] Starting new HTTPS connection (1): www.google.com:443
06:58:26 [DEBUG] Starting new HTTPS connection (1): cp.cloudflare.com:443
06:58:26 [DEBUG] Starting new HTTPS connection (1): www.gstatic.com:443
06:58:26 [DEBUG] Starting new HTTPS connection (1): www.google.com:443
06:58:26 [DEBUG] Starting new HTTPS connection (1): cp.cloudflare.com:443
06:58:26 [DEBUG] Starting new HTTPS connection (1): www.google.com:443
06:58:26 [DEBUG] Starting new HTTPS connection (1): www.gstatic.com:443
06:58:26 [DEBUG] Starting new HTTPS connection (1): cp.cloudflare.com:443
06:58:26 [DEBUG] Starting new HTTPS connection (1): www.google.com:443
06:58:26 [DEBUG] Starting new HTTPS connection (1): www.gstatic.com:443
06:58:26 [DEBUG] Starting new HTTPS connection (1): cp.cloudflare.com:443
06:58:26 [DEBUG] Starting new HTTPS connection (1): www.gstatic.com:443
06:58:27 [DEBUG] Starting new HTTPS connection (1): www.google.com:443
06:58:27 [DEBUG] Starting new HTTPS connection (1): www.google.com:443
06:58:27 [DEBUG] Starting new HTTPS connection (1): cp.cloudflare.com:443
06:58:27 [DEBUG] Starting new HTTPS connection (1): cp.cloudflare.com:443
06:58:27 [DEBUG] Starting new HTTPS connection (1): www.gstatic.com:443
06:58:27 [DEBUG] Starting new HTTPS connection (1): www.gstatic.com:443
06:58:27 [DEBUG] Starting new HTTPS connection (1): www.google.com:443
06:58:27 [DEBUG] Starting new HTTPS connection (1): cp.cloudflare.com:443
06:58:27 [DEBUG] Starting new HTTPS connection (1): www.gstatic.com:443
06:58:27 [DEBUG] Starting new HTTPS connection (1): www.google.com:443
06:58:27 [DEBUG] Starting new HTTPS connection (1): cp.cloudflare.com:443
06:58:28 [DEBUG] Starting new HTTPS connection (1): www.gstatic.com:443
06:58:28 [DEBUG] Starting new HTTPS connection (1): www.google.com:443
06:58:28 [DEBUG] Starting new HTTPS connection (1): cp.cloudflare.com:443
06:58:28 [DEBUG] Starting new HTTPS connection (1): www.google.com:443
06:58:28 [DEBUG] Starting new HTTPS connection (1): www.gstatic.com:443
06:58:28 [DEBUG] Starting new HTTPS connection (1): www.google.com:443
06:58:28 [DEBUG] Starting new HTTPS connection (1): www.google.com:443
06:58:28 [DEBUG] Starting new HTTPS connection (1): cp.cloudflare.com:443
06:58:28 [DEBUG] Starting new HTTPS connection (1): www.gstatic.com:443
06:58:28 [DEBUG] https://www.google.com:443 "GET /generate_204 HTTP/1.1" 204 0
06:58:28 [DEBUG] Starting new HTTPS connection (1): cp.cloudflare.com:443
06:58:28 [DEBUG] Starting new HTTPS connection (1): www.google.com:443
06:58:28 [DEBUG] Starting new HTTPS connection (1): www.google.com:443
06:58:28 [DEBUG] Starting new HTTPS connection (1): cp.cloudflare.com:443
06:58:28 [DEBUG] Starting new HTTPS connection (1): cp.cloudflare.com:443
06:58:28 [DEBUG] Starting new HTTPS connection (1): www.gstatic.com:443
06:58:28 [DEBUG] Starting new HTTPS connection (1): www.gstatic.com:443
06:58:29 [DEBUG] Starting new HTTPS connection (1): www.google.com:443
06:58:29 [DEBUG] Starting new HTTPS connection (1): www.google.com:443
06:58:29 [DEBUG] Starting new HTTPS connection (1): cp.cloudflare.com:443
06:58:29 [DEBUG] Starting new HTTPS connection (1): www.gstatic.com:443
06:58:29 [DEBUG] Starting new HTTPS connection (1): www.google.com:443
06:58:29 [DEBUG] Starting new HTTPS connection (1): cp.cloudflare.com:443
06:58:29 [DEBUG] Starting new HTTPS connection (1): www.gstatic.com:443
06:58:29 [DEBUG] Starting new HTTPS connection (1): www.google.com:443
06:58:29 [DEBUG] Starting new HTTPS connection (1): cp.cloudflare.com:443
06:58:29 [DEBUG] Starting new HTTPS connection (1): www.gstatic.com:443
06:58:29 [DEBUG] https://cp.cloudflare.com:443 "GET / HTTP/1.1" 204 0
06:58:29 [DEBUG] Starting new HTTPS connection (1): www.gstatic.com:443
06:58:29 [DEBUG] https://www.gstatic.com:443 "GET /generate_204 HTTP/1.1" 204 0
06:58:29 [DEBUG] Starting new HTTPS connection (1): dl.google.com:443
06:58:30 [DEBUG] Starting new HTTPS connection (1): www.google.com:443
06:58:30 [DEBUG] https://dl.google.com:443 "GET /dl/android/studio/install/3.4.1.0/android-studio-ide-183.5522156-windows.exe HTTP/1.1" 200 1017327996
06:58:30 [DEBUG] Starting new HTTPS connection (1): www.google.com:443
06:58:30 [INFO]    🎯 57.129.137.54 (Британия) - 44.0Mbps, 540ms UDP✅  []
06:58:30 [DEBUG] Starting new HTTPS connection (1): cp.cloudflare.com:443
06:58:30 [DEBUG] Starting new HTTPS connection (1): www.google.com:443
06:58:30 [DEBUG] Starting new HTTPS connection (1): www.gstatic.com:443
06:58:30 [DEBUG] Starting new HTTPS connection (1): www.google.com:443
06:58:30 [DEBUG] Starting new HTTPS connection (1): www.google.com:443
06:58:30 [DEBUG] https://www.google.com:443 "GET /generate_204 HTTP/1.1" 204 0
06:58:30 [DEBUG] Starting new HTTPS connection (1): cp.cloudflare.com:443
06:58:30 [DEBUG] https://cp.cloudflare.com:443 "GET / HTTP/1.1" 204 0
06:58:30 [DEBUG] Starting new HTTPS connection (1): www.gstatic.com:443
06:58:31 [DEBUG] https://www.gstatic.com:443 "GET /generate_204 HTTP/1.1" 204 0
06:58:31 [DEBUG] Starting new HTTPS connection (1): dl.google.com:443
06:58:31 [DEBUG] https://dl.google.com:443 "GET /dl/android/studio/install/3.4.1.0/android-studio-ide-183.5522156-windows.exe HTTP/1.1" 404 1449
06:58:31 [INFO]    🎯 188.114.98.0 (XX) - 0.0Mbps, 79ms UDP✅  []
06:58:31 [DEBUG] Starting new HTTPS connection (1): cp.cloudflare.com:443
06:58:31 [DEBUG] Starting new HTTPS connection (1): www.google.com:443
06:58:32 [DEBUG] Starting new HTTPS connection (1): www.google.com:443
06:58:32 [DEBUG] Starting new HTTPS connection (1): www.gstatic.com:443
06:58:32 [DEBUG] Starting new HTTPS connection (1): cp.cloudflare.com:443
06:58:33 [DEBUG] Starting new HTTPS connection (1): cp.cloudflare.com:443
06:58:34 [DEBUG] Starting new HTTPS connection (1): cp.cloudflare.com:443
06:58:34 [DEBUG] Starting new HTTPS connection (1): cp.cloudflare.com:443
06:58:34 [DEBUG] Starting new HTTPS connection (1): cp.cloudflare.com:443
06:58:34 [DEBUG] Starting new HTTPS connection (1): www.gstatic.com:443
06:58:34 [DEBUG] Starting new HTTPS connection (1): www.gstatic.com:443
06:58:35 [DEBUG] Starting new HTTPS connection (1): cp.cloudflare.com:443
06:58:35 [DEBUG] Starting new HTTPS connection (1): www.gstatic.com:443
06:58:35 [DEBUG] Starting new HTTPS connection (1): cp.cloudflare.com:443
06:58:35 [DEBUG] Starting new HTTPS connection (1): www.google.com:443
06:58:36 [DEBUG] Starting new HTTPS connection (1): www.gstatic.com:443
06:58:36 [DEBUG] Starting new HTTPS connection (1): www.google.com:443
06:58:37 [DEBUG] Starting new HTTPS connection (1): www.gstatic.com:443
06:58:37 [DEBUG] Starting new HTTPS connection (1): cp.cloudflare.com:443
06:58:38 [DEBUG] Starting new HTTPS connection (1): www.google.com:443
06:58:38 [DEBUG] Starting new HTTPS connection (1): www.google.com:443
06:58:38 [DEBUG] Starting new HTTPS connection (1): cp.cloudflare.com:443
06:58:39 [DEBUG] Starting new HTTPS connection (1): www.gstatic.com:443
06:58:39 [DEBUG] Starting new HTTPS connection (1): www.gstatic.com:443
06:58:39 [DEBUG] Starting new HTTPS connection (1): www.google.com:443
06:58:39 [DEBUG] Starting new HTTPS connection (1): www.gstatic.com:443
06:58:40 [DEBUG] Starting new HTTPS connection (1): cp.cloudflare.com:443
06:58:40 [DEBUG] Starting new HTTPS connection (1): www.gstatic.com:443
06:58:40 [DEBUG] Starting new HTTPS connection (1): cp.cloudflare.com:443
06:58:40 [DEBUG] Starting new HTTPS connection (1): www.gstatic.com:443
06:58:41 [DEBUG] Starting new HTTPS connection (1): www.google.com:443
06:58:41 [DEBUG] Starting new HTTPS connection (1): cp.cloudflare.com:443
06:58:41 [DEBUG] Starting new HTTPS connection (1): www.gstatic.com:443
06:58:41 [DEBUG] Starting new HTTPS connection (1): www.google.com:443
06:58:41 [DEBUG] Starting new HTTPS connection (1): cp.cloudflare.com:443
06:58:42 [DEBUG] Starting new HTTPS connection (1): www.gstatic.com:443
06:58:42 [DEBUG] Starting new HTTPS connection (1): www.google.com:443
06:58:42 [DEBUG] Starting new HTTPS connection (1): cp.cloudflare.com:443
06:58:42 [DEBUG] Starting new HTTPS connection (1): www.gstatic.com:443
06:58:42 [DEBUG] Starting new HTTPS connection (1): www.google.com:443
06:58:42 [DEBUG] Starting new HTTPS connection (1): www.gstatic.com:443
06:58:43 [DEBUG] Starting new HTTPS connection (1): www.google.com:443
06:58:43 [DEBUG] Starting new HTTPS connection (1): www.google.com:443
06:58:43 [DEBUG] Starting new HTTPS connection (1): www.gstatic.com:443
06:58:44 [DEBUG] Starting new HTTPS connection (1): www.google.com:443
06:58:44 [DEBUG] Starting new HTTPS connection (1): cp.cloudflare.com:443
06:58:44 [INFO]    📊 Global: 320/400 (80%) | ✅73 ❌247
06:58:45 [DEBUG] Starting new HTTPS connection (1): www.google.com:443
06:58:45 [DEBUG] Starting new HTTPS connection (1): www.google.com:443
06:58:45 [DEBUG] Starting new HTTPS connection (1): cp.cloudflare.com:443
06:58:45 [DEBUG] Starting new HTTPS connection (1): cp.cloudflare.com:443
06:58:46 [DEBUG] Starting new HTTPS connection (1): www.google.com:443
06:58:46 [DEBUG] Starting new HTTPS connection (1): cp.cloudflare.com:443
06:58:46 [DEBUG] Starting new HTTPS connection (1): cp.cloudflare.com:443
06:58:46 [DEBUG] Starting new HTTPS connection (1): www.gstatic.com:443
06:58:46 [DEBUG] Starting new HTTPS connection (1): www.google.com:443
06:58:47 [DEBUG] Starting new HTTPS connection (1): www.google.com:443
06:58:47 [DEBUG] Starting new HTTPS connection (1): cp.cloudflare.com:443
06:58:47 [DEBUG] Starting new HTTPS connection (1): cp.cloudflare.com:443
06:58:47 [DEBUG] Starting new HTTPS connection (1): www.gstatic.com:443
06:58:47 [DEBUG] Starting new HTTPS connection (1): www.gstatic.com:443
06:58:48 [DEBUG] Starting new HTTPS connection (1): www.gstatic.com:443
06:58:48 [DEBUG] Starting new HTTPS connection (1): cp.cloudflare.com:443
06:58:49 [DEBUG] Starting new HTTPS connection (1): cp.cloudflare.com:443
06:58:49 [DEBUG] Starting new HTTPS connection (1): www.gstatic.com:443
06:58:49 [DEBUG] Starting new HTTPS connection (1): www.gstatic.com:443
06:58:49 [DEBUG] Starting new HTTPS connection (1): www.google.com:443
06:58:50 [DEBUG] Starting new HTTPS connection (1): www.gstatic.com:443
06:58:51 [DEBUG] Starting new HTTPS connection (1): www.google.com:443
06:58:51 [DEBUG] Starting new HTTPS connection (1): cp.cloudflare.com:443
06:58:51 [DEBUG] Starting new HTTPS connection (1): www.gstatic.com:443
06:58:51 [DEBUG] Starting new HTTPS connection (1): www.gstatic.com:443
06:58:51 [DEBUG] Starting new HTTPS connection (1): www.google.com:443
06:58:51 [DEBUG] Starting new HTTPS connection (1): cp.cloudflare.com:443
06:58:51 [DEBUG] Starting new HTTPS connection (1): www.gstatic.com:443
06:58:51 [DEBUG] Starting new HTTPS connection (1): www.google.com:443
06:58:52 [DEBUG] Starting new HTTPS connection (1): cp.cloudflare.com:443
06:58:52 [DEBUG] Starting new HTTPS connection (1): www.google.com:443
06:58:52 [DEBUG] Starting new HTTPS connection (1): www.google.com:443
06:58:52 [DEBUG] Starting new HTTPS connection (1): www.google.com:443
06:58:53 [DEBUG] Starting new HTTPS connection (1): cp.cloudflare.com:443
06:58:54 [DEBUG] Starting new HTTPS connection (1): www.google.com:443
06:58:54 [DEBUG] Starting new HTTPS connection (1): cp.cloudflare.com:443
06:58:54 [DEBUG] Starting new HTTPS connection (1): www.gstatic.com:443
06:58:54 [DEBUG] Starting new HTTPS connection (1): www.gstatic.com:443
06:58:54 [DEBUG] Starting new HTTPS connection (1): cp.cloudflare.com:443
06:58:54 [DEBUG] Starting new HTTPS connection (1): www.google.com:443
06:58:54 [DEBUG] Starting new HTTPS connection (1): cp.cloudflare.com:443
06:58:54 [DEBUG] Starting new HTTPS connection (1): www.gstatic.com:443
06:58:54 [DEBUG] Starting new HTTPS connection (1): cp.cloudflare.com:443
06:58:54 [DEBUG] Starting new HTTPS connection (1): cp.cloudflare.com:443
06:58:55 [DEBUG] https://www.google.com:443 "GET /generate_204 HTTP/1.1" 204 0
06:58:55 [DEBUG] Starting new HTTPS connection (1): cp.cloudflare.com:443
06:58:55 [DEBUG] Starting new HTTPS connection (1): www.gstatic.com:443
06:58:55 [DEBUG] Starting new HTTPS connection (1): www.google.com:443
06:58:55 [DEBUG] Starting new HTTPS connection (1): cp.cloudflare.com:443
06:58:55 [DEBUG] Starting new HTTPS connection (1): www.gstatic.com:443
06:58:55 [DEBUG] Starting new HTTPS connection (1): www.google.com:443
06:58:56 [DEBUG] Starting new HTTPS connection (1): www.gstatic.com:443
06:58:56 [DEBUG] https://cp.cloudflare.com:443 "GET / HTTP/1.1" 204 0
06:58:56 [DEBUG] Starting new HTTPS connection (1): www.gstatic.com:443
06:58:56 [DEBUG] Starting new HTTPS connection (1): www.google.com:443
06:58:56 [DEBUG] Starting new HTTPS connection (1): cp.cloudflare.com:443
06:58:56 [DEBUG] Starting new HTTPS connection (1): www.gstatic.com:443
06:58:56 [DEBUG] Starting new HTTPS connection (1): www.gstatic.com:443
06:58:56 [DEBUG] Starting new HTTPS connection (1): www.gstatic.com:443
06:58:56 [DEBUG] Starting new HTTPS connection (1): www.gstatic.com:443
06:58:57 [DEBUG] Starting new HTTPS connection (1): www.google.com:443
06:58:57 [DEBUG] Starting new HTTPS connection (1): cp.cloudflare.com:443
06:58:57 [DEBUG] Starting new HTTPS connection (1): www.gstatic.com:443
06:58:57 [DEBUG] Starting new HTTPS connection (1): www.google.com:443
06:58:57 [DEBUG] Starting new HTTPS connection (1): www.google.com:443
06:58:58 [DEBUG] Starting new HTTPS connection (1): cp.cloudflare.com:443
06:58:58 [DEBUG] Starting new HTTPS connection (1): www.google.com:443
06:58:58 [DEBUG] Starting new HTTPS connection (1): www.google.com:443
06:58:58 [DEBUG] https://www.gstatic.com:443 "GET /generate_204 HTTP/1.1" 204 0
06:58:58 [DEBUG] Starting new HTTPS connection (1): dl.google.com:443
06:58:58 [DEBUG] https://dl.google.com:443 "GET /dl/android/studio/install/3.4.1.0/android-studio-ide-183.5522156-windows.exe HTTP/1.1" 404 1449
06:58:58 [INFO]    🎯 104.20.1.252 (XX) - 0.0Mbps, 2298ms UDP✅  []
06:58:59 [DEBUG] Starting new HTTPS connection (1): cp.cloudflare.com:443
06:58:59 [DEBUG] Starting new HTTPS connection (1): www.google.com:443
06:58:59 [DEBUG] Starting new HTTPS connection (1): cp.cloudflare.com:443
06:59:00 [DEBUG] Starting new HTTPS connection (1): www.google.com:443
06:59:00 [DEBUG] Starting new HTTPS connection (1): www.google.com:443
06:59:00 [DEBUG] Starting new HTTPS connection (1): www.gstatic.com:443
06:59:00 [DEBUG] Starting new HTTPS connection (1): www.google.com:443
06:59:00 [DEBUG] https://www.google.com:443 "GET /generate_204 HTTP/1.1" 204 0
06:59:00 [DEBUG] Starting new HTTPS connection (1): cp.cloudflare.com:443
06:59:00 [DEBUG] https://cp.cloudflare.com:443 "GET / HTTP/1.1" 204 0
06:59:00 [DEBUG] Starting new HTTPS connection (1): www.gstatic.com:443
06:59:00 [DEBUG] https://www.gstatic.com:443 "GET /generate_204 HTTP/1.1" 204 0
06:59:00 [DEBUG] Starting new HTTPS connection (1): dl.google.com:443
06:59:00 [DEBUG] https://dl.google.com:443 "GET /dl/android/studio/install/3.4.1.0/android-studio-ide-183.5522156-windows.exe HTTP/1.1" 404 1449
06:59:00 [INFO]    🎯 104.21.40.34 (XX) - 0.0Mbps, 62ms UDP✅  []
06:59:00 [DEBUG] Starting new HTTPS connection (1): cp.cloudflare.com:443
06:59:00 [DEBUG] Starting new HTTPS connection (1): cp.cloudflare.com:443
06:59:01 [DEBUG] Starting new HTTPS connection (1): www.google.com:443
06:59:01 [DEBUG] https://www.google.com:443 "GET /generate_204 HTTP/1.1" 204 0
06:59:01 [DEBUG] Starting new HTTPS connection (1): cp.cloudflare.com:443
06:59:01 [DEBUG] Starting new HTTPS connection (1): www.gstatic.com:443
06:59:01 [DEBUG] Starting new HTTPS connection (1): cp.cloudflare.com:443
06:59:02 [DEBUG] Starting new HTTPS connection (1): www.gstatic.com:443
06:59:02 [DEBUG] Starting new HTTPS connection (1): cp.cloudflare.com:443
06:59:02 [DEBUG] Starting new HTTPS connection (1): cp.cloudflare.com:443
06:59:02 [DEBUG] Starting new HTTPS connection (1): www.google.com:443
06:59:02 [DEBUG] https://cp.cloudflare.com:443 "GET / HTTP/1.1" 204 0
06:59:02 [DEBUG] Starting new HTTPS connection (1): www.gstatic.com:443
06:59:02 [DEBUG] Starting new HTTPS connection (1): www.gstatic.com:443
06:59:02 [DEBUG] https://www.google.com:443 "GET /generate_204 HTTP/1.1" 204 0
06:59:02 [DEBUG] Starting new HTTPS connection (1): cp.cloudflare.com:443
06:59:02 [DEBUG] Starting new HTTPS connection (1): www.gstatic.com:443
06:59:02 [DEBUG] https://www.gstatic.com:443 "GET /generate_204 HTTP/1.1" 204 0
06:59:02 [DEBUG] Starting new HTTPS connection (1): dl.google.com:443
06:59:02 [DEBUG] https://dl.google.com:443 "GET /dl/android/studio/install/3.4.1.0/android-studio-ide-183.5522156-windows.exe HTTP/1.1" 200 1017327996
06:59:02 [DEBUG] https://cp.cloudflare.com:443 "GET / HTTP/1.1" 204 0
06:59:02 [DEBUG] Starting new HTTPS connection (1): www.gstatic.com:443
06:59:03 [INFO]    🎯 104.17.73.206 (XX) - 29.7Mbps, 318ms UDP✅  []
06:59:03 [DEBUG] https://www.gstatic.com:443 "GET /generate_204 HTTP/1.1" 204 0
06:59:03 [DEBUG] Starting new HTTPS connection (1): dl.google.com:443
06:59:03 [DEBUG] Starting new HTTPS connection (1): www.google.com:443
06:59:03 [DEBUG] https://www.google.com:443 "GET /generate_204 HTTP/1.1" 204 0
06:59:03 [DEBUG] Starting new HTTPS connection (1): cp.cloudflare.com:443
06:59:03 [DEBUG] https://cp.cloudflare.com:443 "GET / HTTP/1.1" 204 0
06:59:03 [DEBUG] Starting new HTTPS connection (1): www.gstatic.com:443
06:59:03 [DEBUG] https://www.gstatic.com:443 "GET /generate_204 HTTP/1.1" 204 0
06:59:04 [DEBUG] Starting new HTTPS connection (1): dl.google.com:443
06:59:04 [DEBUG] Starting new HTTPS connection (1): www.gstatic.com:443
06:59:04 [DEBUG] https://dl.google.com:443 "GET /dl/android/studio/install/3.4.1.0/android-studio-ide-183.5522156-windows.exe HTTP/1.1" 404 1449
06:59:04 [INFO]    🎯 172.67.249.36 (XX) - 0.0Mbps, 371ms UDP✅  []
06:59:04 [DEBUG] Starting new HTTPS connection (1): www.gstatic.com:443
06:59:04 [DEBUG] Starting new HTTPS connection (1): www.gstatic.com:443
06:59:04 [DEBUG] Starting new HTTPS connection (1): www.google.com:443
06:59:05 [DEBUG] Starting new HTTPS connection (1): www.google.com:443
06:59:05 [DEBUG] Starting new HTTPS connection (1): www.google.com:443
06:59:05 [DEBUG] Starting new HTTPS connection (1): www.google.com:443
06:59:05 [DEBUG] Starting new HTTPS connection (1): www.google.com:443
06:59:05 [DEBUG] Starting new HTTPS connection (1): www.google.com:443
06:59:06 [DEBUG] https://www.google.com:443 "GET /generate_204 HTTP/1.1" 204 0
06:59:06 [DEBUG] Starting new HTTPS connection (1): cp.cloudflare.com:443
06:59:06 [DEBUG] Starting new HTTPS connection (1): cp.cloudflare.com:443
06:59:07 [DEBUG] Starting new HTTPS connection (1): www.google.com:443
06:59:07 [DEBUG] Starting new HTTPS connection (1): www.google.com:443
06:59:07 [DEBUG] Starting new HTTPS connection (1): cp.cloudflare.com:443
06:59:07 [DEBUG] Starting new HTTPS connection (1): www.google.com:443
06:59:07 [DEBUG] Starting new HTTPS connection (1): cp.cloudflare.com:443
06:59:07 [DEBUG] Starting new HTTPS connection (1): www.gstatic.com:443
06:59:07 [DEBUG] Starting new HTTPS connection (1): www.gstatic.com:443
06:59:07 [DEBUG] Starting new HTTPS connection (1): cp.cloudflare.com:443
06:59:07 [DEBUG] https://cp.cloudflare.com:443 "GET / HTTP/1.1" 204 0
06:59:07 [DEBUG] Starting new HTTPS connection (1): www.gstatic.com:443
06:59:08 [DEBUG] Starting new HTTPS connection (1): cp.cloudflare.com:443
06:59:08 [DEBUG] Starting new HTTPS connection (1): cp.cloudflare.com:443
06:59:08 [DEBUG] https://www.gstatic.com:443 "GET /generate_204 HTTP/1.1" 204 0
06:59:08 [DEBUG] Starting new HTTPS connection (1): dl.google.com:443
06:59:08 [DEBUG] Starting new HTTPS connection (1): www.google.com:443
06:59:08 [DEBUG] Starting new HTTPS connection (1): www.google.com:443
06:59:08 [DEBUG] Starting new HTTPS connection (1): www.gstatic.com:443
06:59:09 [DEBUG] https://dl.google.com:443 "GET /dl/android/studio/install/3.4.1.0/android-studio-ide-183.5522156-windows.exe HTTP/1.1" 200 1017327996
06:59:09 [DEBUG] Starting new HTTPS connection (1): cp.cloudflare.com:443
06:59:09 [DEBUG] Starting new HTTPS connection (1): www.gstatic.com:443
06:59:10 [DEBUG] Starting new HTTPS connection (1): www.gstatic.com:443
06:59:10 [DEBUG] Starting new HTTPS connection (1): cp.cloudflare.com:443
06:59:10 [DEBUG] Starting new HTTPS connection (1): www.gstatic.com:443
06:59:10 [INFO]    🎯 104.21.3.219 (XX) - 6.5Mbps, 982ms UDP✅  []
06:59:10 [DEBUG] Starting new HTTPS connection (1): cp.cloudflare.com:443
06:59:10 [DEBUG] Starting new HTTPS connection (1): cp.cloudflare.com:443
06:59:11 [DEBUG] https://dl.google.com:443 "GET /dl/android/studio/install/3.4.1.0/android-studio-ide-183.5522156-windows.exe HTTP/1.1" 404 1449
06:59:11 [INFO]    🎯 104.21.227.134 (XX) - 0.0Mbps, 116ms UDP✅  []
06:59:11 [INFO]    📊 Global: 360/400 (90%) | ✅79 ❌281
06:59:11 [DEBUG] Starting new HTTPS connection (1): www.gstatic.com:443
06:59:11 [DEBUG] Starting new HTTPS connection (1): www.google.com:443
06:59:11 [DEBUG] Starting new HTTPS connection (1): cp.cloudflare.com:443
06:59:11 [DEBUG] Starting new HTTPS connection (1): www.gstatic.com:443
06:59:12 [DEBUG] Starting new HTTPS connection (1): www.google.com:443
06:59:12 [DEBUG] Starting new HTTPS connection (1): cp.cloudflare.com:443
06:59:12 [DEBUG] Starting new HTTPS connection (1): www.gstatic.com:443
06:59:12 [DEBUG] Starting new HTTPS connection (1): www.google.com:443
06:59:12 [DEBUG] Starting new HTTPS connection (1): cp.cloudflare.com:443
06:59:12 [DEBUG] Starting new HTTPS connection (1): www.gstatic.com:443
06:59:12 [DEBUG] Starting new HTTPS connection (1): www.gstatic.com:443
06:59:12 [DEBUG] Starting new HTTPS connection (1): www.google.com:443
06:59:12 [DEBUG] Starting new HTTPS connection (1): cp.cloudflare.com:443
06:59:12 [DEBUG] Starting new HTTPS connection (1): www.gstatic.com:443
06:59:12 [DEBUG] Starting new HTTPS connection (1): www.google.com:443
06:59:12 [DEBUG] Starting new HTTPS connection (1): www.gstatic.com:443
06:59:13 [DEBUG] Starting new HTTPS connection (1): www.google.com:443
06:59:13 [DEBUG] Starting new HTTPS connection (1): www.google.com:443
06:59:13 [DEBUG] Starting new HTTPS connection (1): cp.cloudflare.com:443
06:59:13 [DEBUG] Starting new HTTPS connection (1): www.gstatic.com:443
06:59:13 [DEBUG] Starting new HTTPS connection (1): www.google.com:443
06:59:13 [DEBUG] Starting new HTTPS connection (1): www.google.com:443
06:59:14 [DEBUG] Starting new HTTPS connection (1): cp.cloudflare.com:443
06:59:14 [DEBUG] Starting new HTTPS connection (1): www.gstatic.com:443
06:59:14 [DEBUG] Starting new HTTPS connection (1): www.google.com:443
06:59:14 [DEBUG] Starting new HTTPS connection (1): www.google.com:443
06:59:14 [DEBUG] Starting new HTTPS connection (1): www.google.com:443
06:59:14 [DEBUG] Starting new HTTPS connection (1): cp.cloudflare.com:443
06:59:14 [DEBUG] Starting new HTTPS connection (1): www.gstatic.com:443
06:59:15 [DEBUG] Starting new HTTPS connection (1): cp.cloudflare.com:443
06:59:15 [DEBUG] Starting new HTTPS connection (1): www.gstatic.com:443
06:59:15 [DEBUG] Starting new HTTPS connection (1): www.google.com:443
06:59:15 [DEBUG] Starting new HTTPS connection (1): cp.cloudflare.com:443
06:59:15 [DEBUG] Starting new HTTPS connection (1): www.gstatic.com:443
06:59:15 [DEBUG] Starting new HTTPS connection (1): cp.cloudflare.com:443
06:59:15 [DEBUG] Starting new HTTPS connection (1): cp.cloudflare.com:443
06:59:15 [DEBUG] Starting new HTTPS connection (1): www.google.com:443
06:59:16 [DEBUG] Starting new HTTPS connection (1): www.google.com:443
06:59:16 [DEBUG] Starting new HTTPS connection (1): cp.cloudflare.com:443
06:59:16 [DEBUG] Starting new HTTPS connection (1): www.google.com:443
06:59:16 [DEBUG] Starting new HTTPS connection (1): www.google.com:443
06:59:16 [DEBUG] Starting new HTTPS connection (1): cp.cloudflare.com:443
06:59:17 [DEBUG] Starting new HTTPS connection (1): www.gstatic.com:443
06:59:17 [DEBUG] Starting new HTTPS connection (1): www.gstatic.com:443
06:59:17 [DEBUG] Starting new HTTPS connection (1): www.gstatic.com:443
06:59:18 [DEBUG] Starting new HTTPS connection (1): cp.cloudflare.com:443
06:59:18 [DEBUG] Starting new HTTPS connection (1): cp.cloudflare.com:443
06:59:18 [DEBUG] Starting new HTTPS connection (1): www.gstatic.com:443
06:59:18 [DEBUG] Starting new HTTPS connection (1): cp.cloudflare.com:443
06:59:18 [DEBUG] Starting new HTTPS connection (1): cp.cloudflare.com:443
06:59:19 [DEBUG] Starting new HTTPS connection (1): www.gstatic.com:443
06:59:20 [DEBUG] Starting new HTTPS connection (1): www.gstatic.com:443
06:59:20 [DEBUG] Starting new HTTPS connection (1): www.gstatic.com:443
06:59:20 [DEBUG] Starting new HTTPS connection (1): www.gstatic.com:443
06:59:20 [DEBUG] Starting new HTTPS connection (1): www.gstatic.com:443
06:59:21 [DEBUG] Starting new HTTPS connection (1): www.google.com:443
06:59:21 [DEBUG] Starting new HTTPS connection (1): www.google.com:443
06:59:21 [DEBUG] Starting new HTTPS connection (1): www.google.com:443
06:59:21 [DEBUG] Starting new HTTPS connection (1): www.google.com:443
06:59:21 [DEBUG] Starting new HTTPS connection (1): www.google.com:443
06:59:22 [DEBUG] Starting new HTTPS connection (1): www.google.com:443
06:59:22 [DEBUG] Starting new HTTPS connection (1): cp.cloudflare.com:443
06:59:22 [DEBUG] Starting new HTTPS connection (1): www.gstatic.com:443
06:59:23 [DEBUG] Starting new HTTPS connection (1): cp.cloudflare.com:443
06:59:23 [DEBUG] Starting new HTTPS connection (1): cp.cloudflare.com:443
06:59:23 [DEBUG] Starting new HTTPS connection (1): www.google.com:443
06:59:23 [DEBUG] Starting new HTTPS connection (1): cp.cloudflare.com:443
06:59:23 [DEBUG] Starting new HTTPS connection (1): cp.cloudflare.com:443
06:59:23 [DEBUG] Starting new HTTPS connection (1): www.google.com:443
06:59:23 [DEBUG] Starting new HTTPS connection (1): cp.cloudflare.com:443
06:59:23 [DEBUG] Starting new HTTPS connection (1): www.gstatic.com:443
06:59:24 [DEBUG] Starting new HTTPS connection (1): cp.cloudflare.com:443
06:59:24 [DEBUG] Starting new HTTPS connection (1): www.google.com:443
06:59:24 [DEBUG] Starting new HTTPS connection (1): cp.cloudflare.com:443
06:59:24 [DEBUG] Starting new HTTPS connection (1): www.gstatic.com:443
06:59:24 [DEBUG] Starting new HTTPS connection (1): www.google.com:443
06:59:24 [DEBUG] Starting new HTTPS connection (1): www.google.com:443
06:59:24 [DEBUG] Starting new HTTPS connection (1): www.google.com:443
06:59:25 [DEBUG] Starting new HTTPS connection (1): www.google.com:443
06:59:25 [DEBUG] Starting new HTTPS connection (1): www.gstatic.com:443
06:59:25 [DEBUG] Starting new HTTPS connection (1): www.gstatic.com:443
06:59:25 [DEBUG] Starting new HTTPS connection (1): cp.cloudflare.com:443
06:59:25 [DEBUG] Starting new HTTPS connection (1): www.gstatic.com:443
06:59:25 [DEBUG] Starting new HTTPS connection (1): www.gstatic.com:443
06:59:26 [DEBUG] Starting new HTTPS connection (1): www.gstatic.com:443
06:59:26 [DEBUG] Starting new HTTPS connection (1): cp.cloudflare.com:443
06:59:26 [DEBUG] Starting new HTTPS connection (1): cp.cloudflare.com:443
06:59:26 [DEBUG] Starting new HTTPS connection (1): cp.cloudflare.com:443
06:59:27 [DEBUG] Starting new HTTPS connection (1): cp.cloudflare.com:443
06:59:27 [DEBUG] Starting new HTTPS connection (1): www.gstatic.com:443
06:59:28 [DEBUG] Starting new HTTPS connection (1): www.gstatic.com:443
06:59:28 [DEBUG] Starting new HTTPS connection (1): www.gstatic.com:443
06:59:28 [DEBUG] Starting new HTTPS connection (1): www.google.com:443
06:59:28 [DEBUG] Starting new HTTPS connection (1): www.google.com:443
06:59:28 [DEBUG] Starting new HTTPS connection (1): www.gstatic.com:443
06:59:29 [DEBUG] Starting new HTTPS connection (1): www.google.com:443
06:59:29 [DEBUG] Starting new HTTPS connection (1): www.gstatic.com:443
06:59:30 [DEBUG] Starting new HTTPS connection (1): cp.cloudflare.com:443
06:59:30 [DEBUG] Starting new HTTPS connection (1): cp.cloudflare.com:443
06:59:31 [DEBUG] Starting new HTTPS connection (1): cp.cloudflare.com:443
06:59:32 [DEBUG] Starting new HTTPS connection (1): www.gstatic.com:443
06:59:32 [DEBUG] Starting new HTTPS connection (1): www.gstatic.com:443
06:59:33 [DEBUG] Starting new HTTPS connection (1): www.gstatic.com:443
06:59:35 [INFO]    📊 Global: 400/400 (100%) | ✅79 ❌321
06:59:36 [DEBUG] Starting new HTTPS connection (1): www.google.com:443
06:59:36 [DEBUG] Starting new HTTPS connection (1): www.google.com:443
06:59:36 [DEBUG] Starting new HTTPS connection (1): www.google.com:443
06:59:36 [DEBUG] Starting new HTTPS connection (1): www.google.com:443
06:59:36 [DEBUG] Starting new HTTPS connection (1): www.google.com:443
06:59:36 [DEBUG] Starting new HTTPS connection (1): www.google.com:443
06:59:36 [DEBUG] Starting new HTTPS connection (1): www.google.com:443
06:59:36 [DEBUG] Starting new HTTPS connection (1): www.google.com:443
06:59:36 [DEBUG] Starting new HTTPS connection (1): www.google.com:443
06:59:36 [DEBUG] Starting new HTTPS connection (1): www.google.com:443
06:59:36 [DEBUG] https://www.google.com:443 "GET /generate_204 HTTP/1.1" 204 0
06:59:36 [DEBUG] Starting new HTTPS connection (1): cp.cloudflare.com:443
06:59:36 [DEBUG] https://www.google.com:443 "GET /generate_204 HTTP/1.1" 204 0
06:59:36 [DEBUG] Starting new HTTPS connection (1): cp.cloudflare.com:443
06:59:36 [DEBUG] Starting new HTTPS connection (1): cp.cloudflare.com:443
06:59:37 [DEBUG] https://www.google.com:443 "GET /generate_204 HTTP/1.1" 204 0
06:59:37 [DEBUG] Starting new HTTPS connection (1): cp.cloudflare.com:443
06:59:37 [DEBUG] https://cp.cloudflare.com:443 "GET / HTTP/1.1" 204 0
06:59:37 [DEBUG] Starting new HTTPS connection (1): www.gstatic.com:443
06:59:37 [DEBUG] Starting new HTTPS connection (1): www.gstatic.com:443
06:59:37 [DEBUG] https://cp.cloudflare.com:443 "GET / HTTP/1.1" 204 0
06:59:37 [DEBUG] Starting new HTTPS connection (1): www.gstatic.com:443
06:59:37 [DEBUG] https://www.google.com:443 "GET /generate_204 HTTP/1.1" 204 0
06:59:37 [DEBUG] Starting new HTTPS connection (1): cp.cloudflare.com:443
06:59:37 [DEBUG] https://www.gstatic.com:443 "GET /generate_204 HTTP/1.1" 204 0
06:59:37 [DEBUG] https://www.google.com:443 "GET /generate_204 HTTP/1.1" 204 0
06:59:37 [DEBUG] Starting new HTTPS connection (1): cp.cloudflare.com:443
06:59:37 [DEBUG] https://cp.cloudflare.com:443 "GET / HTTP/1.1" 204 0
06:59:37 [DEBUG] Starting new HTTPS connection (1): www.gstatic.com:443
06:59:37 [DEBUG] https://www.gstatic.com:443 "GET /generate_204 HTTP/1.1" 204 0
06:59:37 [DEBUG] Starting new HTTPS connection (1): dl.google.com:443
06:59:37 [DEBUG] https://www.google.com:443 "GET /generate_204 HTTP/1.1" 204 0
06:59:37 [DEBUG] Starting new HTTPS connection (1): cp.cloudflare.com:443
06:59:37 [DEBUG] Starting new HTTPS connection (1): dl.google.com:443
06:59:38 [DEBUG] https://dl.google.com:443 "GET /dl/android/studio/install/3.4.1.0/android-studio-ide-183.5522156-windows.exe HTTP/1.1" 200 1017327996
06:59:38 [DEBUG] https://dl.google.com:443 "GET /dl/android/studio/install/3.4.1.0/android-studio-ide-183.5522156-windows.exe HTTP/1.1" 200 1017327996
06:59:38 [DEBUG] https://www.gstatic.com:443 "GET /generate_204 HTTP/1.1" 204 0
06:59:38 [DEBUG] https://cp.cloudflare.com:443 "GET / HTTP/1.1" 204 0
06:59:38 [DEBUG] Starting new HTTPS connection (1): www.gstatic.com:443
06:59:38 [DEBUG] Starting new HTTPS connection (1): dl.google.com:443
06:59:38 [DEBUG] Starting new HTTPS connection (1): www.google.com:443
06:59:38 [DEBUG] https://cp.cloudflare.com:443 "GET / HTTP/1.1" 204 0
06:59:38 [DEBUG] Starting new HTTPS connection (1): www.gstatic.com:443
06:59:39 [INFO]    🎯 178.154.224.33 (Россия) - 11.0Mbps, 427ms UDP✅ Reality [ads.x5.ru]
06:59:39 [DEBUG] https://dl.google.com:443 "GET /dl/android/studio/install/3.4.1.0/android-studio-ide-183.5522156-windows.exe HTTP/1.1" 200 1017327996
06:59:39 [DEBUG] https://www.gstatic.com:443 "GET /generate_204 HTTP/1.1" 204 0
06:59:39 [DEBUG] Starting new HTTPS connection (1): dl.google.com:443
06:59:39 [DEBUG] https://cp.cloudflare.com:443 "GET / HTTP/1.1" 204 0
06:59:39 [DEBUG] Starting new HTTPS connection (1): www.gstatic.com:443
06:59:40 [DEBUG] https://www.gstatic.com:443 "GET /generate_204 HTTP/1.1" 204 0
06:59:40 [DEBUG] Starting new HTTPS connection (1): www.google.com:443
06:59:40 [DEBUG] https://www.google.com:443 "GET /generate_204 HTTP/1.1" 204 0
06:59:40 [DEBUG] Starting new HTTPS connection (1): cp.cloudflare.com:443
06:59:40 [DEBUG] https://www.google.com:443 "GET /generate_204 HTTP/1.1" 204 0
06:59:40 [DEBUG] Starting new HTTPS connection (1): cp.cloudflare.com:443
06:59:40 [DEBUG] https://dl.google.com:443 "GET /dl/android/studio/install/3.4.1.0/android-studio-ide-183.5522156-windows.exe HTTP/1.1" 200 1017327996
06:59:40 [DEBUG] https://cp.cloudflare.com:443 "GET / HTTP/1.1" 204 0
06:59:40 [DEBUG] Starting new HTTPS connection (1): www.gstatic.com:443
06:59:41 [DEBUG] https://www.gstatic.com:443 "GET /generate_204 HTTP/1.1" 204 0
06:59:41 [DEBUG] Starting new HTTPS connection (1): cp.cloudflare.com:443
06:59:41 [DEBUG] Starting new HTTPS connection (1): cp.cloudflare.com:443
06:59:41 [DEBUG] Starting new HTTPS connection (1): cp.cloudflare.com:443
06:59:41 [DEBUG] Starting new HTTPS connection (1): dl.google.com:443
06:59:41 [DEBUG] https://dl.google.com:443 "GET /dl/android/studio/install/3.4.1.0/android-studio-ide-183.5522156-windows.exe HTTP/1.1" 200 1017327996
06:59:41 [INFO]    🎯 178.154.252.255 (Россия) - 3.1Mbps, 374ms UDP✅ Reality [eh.vk.com]
06:59:41 [DEBUG] Starting new HTTPS connection (1): dl.google.com:443
06:59:42 [DEBUG] https://cp.cloudflare.com:443 "GET / HTTP/1.1" 204 0
06:59:42 [DEBUG] Starting new HTTPS connection (1): www.gstatic.com:443
06:59:42 [INFO]    🎯 51.250.12.100 (Россия) - 17.7Mbps, 343ms UDP✅ Reality [api-maps.yandex.ru]
06:59:42 [DEBUG] https://www.gstatic.com:443 "GET /generate_204 HTTP/1.1" 204 0
06:59:42 [DEBUG] https://www.gstatic.com:443 "GET /generate_204 HTTP/1.1" 204 0
06:59:43 [DEBUG] Starting new HTTPS connection (1): www.google.com:443
06:59:43 [INFO]    🎯 5.188.141.138 (Россия) - 3.8Mbps, 943ms UDP✅ Reality [ads.x5.ru]
06:59:43 [DEBUG] https://dl.google.com:443 "GET /dl/android/studio/install/3.4.1.0/android-studio-ide-183.5522156-windows.exe HTTP/1.1" 200 1017327996
06:59:43 [DEBUG] Starting new HTTPS connection (1): www.google.com:443
06:59:43 [INFO]    🎯 5.188.140.115 (Россия) - 7.6Mbps, 1310ms UDP✅ Reality [ads.x5.ru]
06:59:44 [DEBUG] Starting new HTTPS connection (1): www.google.com:443
06:59:44 [DEBUG] Starting new HTTPS connection (1): www.google.com:443
06:59:44 [DEBUG] https://cp.cloudflare.com:443 "GET / HTTP/1.1" 204 0
06:59:44 [DEBUG] Starting new HTTPS connection (1): www.gstatic.com:443
06:59:45 [DEBUG] Starting new HTTPS connection (1): dl.google.com:443
06:59:45 [DEBUG] https://www.google.com:443 "GET /generate_204 HTTP/1.1" 204 0
06:59:45 [DEBUG] Starting new HTTPS connection (1): cp.cloudflare.com:443
06:59:45 [DEBUG] https://www.google.com:443 "GET /generate_204 HTTP/1.1" 204 0
06:59:45 [DEBUG] Starting new HTTPS connection (1): cp.cloudflare.com:443
06:59:45 [DEBUG] https://cp.cloudflare.com:443 "GET / HTTP/1.1" 204 0
06:59:45 [DEBUG] Starting new HTTPS connection (1): www.gstatic.com:443
06:59:45 [DEBUG] Starting new HTTPS connection (1): dl.google.com:443
06:59:46 [DEBUG] https://cp.cloudflare.com:443 "GET / HTTP/1.1" 204 0
06:59:46 [DEBUG] Starting new HTTPS connection (1): www.gstatic.com:443
06:59:46 [DEBUG] https://cp.cloudflare.com:443 "GET / HTTP/1.1" 204 0
06:59:46 [DEBUG] Starting new HTTPS connection (1): www.gstatic.com:443
06:59:46 [DEBUG] Starting new HTTPS connection (1): www.gstatic.com:443
06:59:46 [DEBUG] https://www.gstatic.com:443 "GET /generate_204 HTTP/1.1" 204 0
06:59:46 [DEBUG] Starting new HTTPS connection (1): dl.google.com:443
06:59:46 [DEBUG] https://dl.google.com:443 "GET /dl/android/studio/install/3.4.1.0/android-studio-ide-183.5522156-windows.exe HTTP/1.1" 200 1017327996
06:59:47 [DEBUG] https://www.gstatic.com:443 "GET /generate_204 HTTP/1.1" 204 0
06:59:47 [DEBUG] Starting new HTTPS connection (1): dl.google.com:443
06:59:47 [DEBUG] https://www.google.com:443 "GET /generate_204 HTTP/1.1" 204 0
06:59:47 [DEBUG] Starting new HTTPS connection (1): cp.cloudflare.com:443
06:59:47 [DEBUG] https://dl.google.com:443 "GET /dl/android/studio/install/3.4.1.0/android-studio-ide-183.5522156-windows.exe HTTP/1.1" 200 1017327996
06:59:47 [INFO]    🎯 212.233.96.101 (Россия) - 5.1Mbps, 513ms UDP❌ Reality [ads.x5.ru]
06:59:47 [INFO]    📊 Whitelist: 7/75 (9%) | ✅6 ❌1
06:59:48 [DEBUG] https://cp.cloudflare.com:443 "GET / HTTP/1.1" 204 0
06:59:48 [DEBUG] Starting new HTTPS connection (1): www.gstatic.com:443
06:59:48 [DEBUG] https://dl.google.com:443 "GET /dl/android/studio/install/3.4.1.0/android-studio-ide-183.5522156-windows.exe HTTP/1.1" 200 1017327996
06:59:48 [DEBUG] https://www.gstatic.com:443 "GET /generate_204 HTTP/1.1" 204 0
06:59:48 [DEBUG] Starting new HTTPS connection (1): cp.cloudflare.com:443
06:59:48 [DEBUG] https://www.gstatic.com:443 "GET /generate_204 HTTP/1.1" 204 0
06:59:48 [INFO]    🎯 84.23.53.221 (Россия) - 11.9Mbps, 903ms UDP✅ Reality [api-maps.yandex.ru]
06:59:48 [DEBUG] https://www.gstatic.com:443 "GET /generate_204 HTTP/1.1" 204 0
06:59:49 [DEBUG] https://dl.google.com:443 "GET /dl/android/studio/install/3.4.1.0/android-studio-ide-183.5522156-windows.exe HTTP/1.1" 200 1017327996
06:59:49 [DEBUG] Starting new HTTPS connection (1): www.google.com:443
06:59:49 [DEBUG] Starting new HTTPS connection (1): dl.google.com:443
06:59:49 [INFO]    🎯 109.120.190.203 (Россия) - 3.5Mbps, 2174ms UDP❌ Reality [ads.x5.ru]
06:59:49 [DEBUG] https://www.google.com:443 "GET /generate_204 HTTP/1.1" 204 0
06:59:49 [DEBUG] Starting new HTTPS connection (1): cp.cloudflare.com:443
06:59:49 [DEBUG] Starting new HTTPS connection (1): www.google.com:443
06:59:49 [DEBUG] https://cp.cloudflare.com:443 "GET / HTTP/1.1" 204 0
06:59:49 [DEBUG] Starting new HTTPS connection (1): www.gstatic.com:443
06:59:50 [DEBUG] https://www.google.com:443 "GET /generate_204 HTTP/1.1" 204 0
06:59:50 [DEBUG] Starting new HTTPS connection (1): cp.cloudflare.com:443
06:59:50 [DEBUG] https://www.gstatic.com:443 "GET /generate_204 HTTP/1.1" 204 0
06:59:50 [DEBUG] https://cp.cloudflare.com:443 "GET / HTTP/1.1" 204 0
06:59:50 [DEBUG] Starting new HTTPS connection (1): www.gstatic.com:443
06:59:50 [DEBUG] Starting new HTTPS connection (1): dl.google.com:443
06:59:50 [DEBUG] Starting new HTTPS connection (1): www.google.com:443
06:59:50 [DEBUG] https://www.gstatic.com:443 "GET /generate_204 HTTP/1.1" 204 0
06:59:50 [DEBUG] https://dl.google.com:443 "GET /dl/android/studio/install/3.4.1.0/android-studio-ide-183.5522156-windows.exe HTTP/1.1" 200 1017327996
06:59:50 [DEBUG] https://www.google.com:443 "GET /generate_204 HTTP/1.1" 204 0
06:59:50 [DEBUG] Starting new HTTPS connection (1): cp.cloudflare.com:443
06:59:50 [INFO]    🎯 217.16.27.216 (Россия) - 2.9Mbps, 529ms UDP✅  []
06:59:51 [INFO]    🎯 212.233.96.101 (Россия) - 18.9Mbps, 371ms UDP✅ Reality [yandex.ru]
06:59:51 [DEBUG] Starting new HTTPS connection (1): dl.google.com:443
06:59:51 [DEBUG] Starting new HTTPS connection (1): dl.google.com:443
06:59:52 [DEBUG] https://cp.cloudflare.com:443 "GET / HTTP/1.1" 204 0
06:59:52 [DEBUG] Starting new HTTPS connection (1): www.gstatic.com:443
06:59:52 [DEBUG] Starting new HTTPS connection (1): www.google.com:443
06:59:52 [DEBUG] Starting new HTTPS connection (1): www.google.com:443
06:59:52 [DEBUG] https://cp.cloudflare.com:443 "GET / HTTP/1.1" 204 0
06:59:52 [DEBUG] Starting new HTTPS connection (1): www.gstatic.com:443
06:59:52 [DEBUG] Starting new HTTPS connection (1): www.google.com:443
06:59:52 [DEBUG] https://www.google.com:443 "GET /generate_204 HTTP/1.1" 204 0
06:59:52 [DEBUG] Starting new HTTPS connection (1): cp.cloudflare.com:443
06:59:52 [DEBUG] https://cp.cloudflare.com:443 "GET / HTTP/1.1" 204 0
06:59:52 [DEBUG] Starting new HTTPS connection (1): www.gstatic.com:443
06:59:53 [DEBUG] https://dl.google.com:443 "GET /dl/android/studio/install/3.4.1.0/android-studio-ide-183.5522156-windows.exe HTTP/1.1" 200 1017327996
06:59:53 [DEBUG] https://www.gstatic.com:443 "GET /generate_204 HTTP/1.1" 204 0
06:59:53 [DEBUG] https://dl.google.com:443 "GET /dl/android/studio/install/3.4.1.0/android-studio-ide-183.5522156-windows.exe HTTP/1.1" 200 1017327996
06:59:53 [DEBUG] Starting new HTTPS connection (1): dl.google.com:443
06:59:53 [DEBUG] https://dl.google.com:443 "GET /dl/android/studio/install/3.4.1.0/android-studio-ide-183.5522156-windows.exe HTTP/1.1" 200 1017327996
06:59:53 [DEBUG] Starting new HTTPS connection (1): dl.google.com:443
06:59:53 [DEBUG] https://www.google.com:443 "GET /generate_204 HTTP/1.1" 204 0
06:59:53 [DEBUG] Starting new HTTPS connection (1): cp.cloudflare.com:443
06:59:53 [DEBUG] https://www.gstatic.com:443 "GET /generate_204 HTTP/1.1" 204 0
06:59:53 [INFO]    🎯 5.188.140.55 (Россия) - 4.8Mbps, 3558ms UDP✅ Reality [ads.x5.ru]
06:59:54 [INFO]    🎯 212.233.96.101 (Россия) - 4.8Mbps, 1759ms UDP❌ Reality [max.ru]
06:59:54 [INFO]    📊 Whitelist: 14/75 (19%) | ✅12 ❌2
06:59:54 [DEBUG] https://dl.google.com:443 "GET /dl/android/studio/install/3.4.1.0/android-studio-ide-183.5522156-windows.exe HTTP/1.1" 200 1017327996
06:59:54 [DEBUG] https://dl.google.com:443 "GET /dl/android/studio/install/3.4.1.0/android-studio-ide-183.5522156-windows.exe HTTP/1.1" 200 1017327996
06:59:54 [INFO]    🎯 109.120.188.166 (Россия) - 20.8Mbps, 338ms UDP❌ Reality [ads.x5.ru]
06:59:55 [INFO]    🎯 84.23.53.221 (Россия) - 8.9Mbps, 460ms UDP✅ Reality [api-maps.yandex.ru]
06:59:55 [DEBUG] Starting new HTTPS connection (1): www.google.com:443
06:59:55 [DEBUG] https://www.gstatic.com:443 "GET /generate_204 HTTP/1.1" 204 0
06:59:55 [DEBUG] Starting new HTTPS connection (1): www.google.com:443
06:59:55 [DEBUG] https://cp.cloudflare.com:443 "GET / HTTP/1.1" 204 0
06:59:55 [DEBUG] Starting new HTTPS connection (1): www.gstatic.com:443
06:59:55 [DEBUG] https://www.google.com:443 "GET /generate_204 HTTP/1.1" 204 0
06:59:55 [DEBUG] Starting new HTTPS connection (1): cp.cloudflare.com:443
06:59:55 [DEBUG] Starting new HTTPS connection (1): www.google.com:443
06:59:55 [DEBUG] Starting new HTTPS connection (1): cp.cloudflare.com:443
06:59:55 [DEBUG] https://cp.cloudflare.com:443 "GET / HTTP/1.1" 204 0
06:59:55 [DEBUG] Starting new HTTPS connection (1): www.gstatic.com:443
06:59:55 [DEBUG] https://www.google.com:443 "GET /generate_204 HTTP/1.1" 204 0
06:59:55 [DEBUG] Starting new HTTPS connection (1): cp.cloudflare.com:443
06:59:56 [DEBUG] Starting new HTTPS connection (1): dl.google.com:443
06:59:56 [DEBUG] https://www.gstatic.com:443 "GET /generate_204 HTTP/1.1" 204 0
06:59:56 [DEBUG] Starting new HTTPS connection (1): www.google.com:443
06:59:56 [DEBUG] https://cp.cloudflare.com:443 "GET / HTTP/1.1" 204 0
06:59:56 [DEBUG] Starting new HTTPS connection (1): www.gstatic.com:443
06:59:56 [DEBUG] Starting new HTTPS connection (1): dl.google.com:443
06:59:56 [DEBUG] Starting new HTTPS connection (1): cp.cloudflare.com:443
06:59:56 [DEBUG] https://dl.google.com:443 "GET /dl/android/studio/install/3.4.1.0/android-studio-ide-183.5522156-windows.exe HTTP/1.1" 200 1017327996
06:59:56 [DEBUG] https://www.gstatic.com:443 "GET /generate_204 HTTP/1.1" 204 0
06:59:57 [DEBUG] https://dl.google.com:443 "GET /dl/android/studio/install/3.4.1.0/android-studio-ide-183.5522156-windows.exe HTTP/1.1" 200 1017327996
06:59:57 [DEBUG] Starting new HTTPS connection (1): www.gstatic.com:443
06:59:57 [INFO]    🎯 178.250.243.98 (Россия) - 9.6Mbps, 1078ms UDP✅ Reality [eh.vk.com]
06:59:57 [DEBUG] Starting new HTTPS connection (1): cp.cloudflare.com:443
06:59:57 [DEBUG] Starting new HTTPS connection (1): dl.google.com:443
06:59:58 [INFO]    🎯 84.201.128.76 (Россия) - 1.4Mbps, 3323ms UDP✅ Reality [smartcaptcha.yandexc]
06:59:58 [DEBUG] Starting new HTTPS connection (1): www.google.com:443
06:59:58 [DEBUG] Starting new HTTPS connection (1): www.google.com:443
06:59:58 [DEBUG] https://www.google.com:443 "GET /generate_204 HTTP/1.1" 204 0
06:59:58 [DEBUG] Starting new HTTPS connection (1): cp.cloudflare.com:443
06:59:59 [DEBUG] https://cp.cloudflare.com:443 "GET / HTTP/1.1" 204 0
06:59:59 [DEBUG] Starting new HTTPS connection (1): www.gstatic.com:443
06:59:59 [DEBUG] Starting new HTTPS connection (1): www.google.com:443
06:59:59 [DEBUG] Starting new HTTPS connection (1): www.gstatic.com:443
06:59:59 [DEBUG] Starting new HTTPS connection (1): cp.cloudflare.com:443
06:59:59 [DEBUG] https://www.google.com:443 "GET /generate_204 HTTP/1.1" 204 0
06:59:59 [DEBUG] Starting new HTTPS connection (1): cp.cloudflare.com:443
06:59:59 [DEBUG] Starting new HTTPS connection (1): dl.google.com:443
07:00:00 [DEBUG] Starting new HTTPS connection (1): www.gstatic.com:443
07:00:00 [DEBUG] https://cp.cloudflare.com:443 "GET / HTTP/1.1" 204 0
07:00:00 [DEBUG] Starting new HTTPS connection (1): www.gstatic.com:443
07:00:00 [DEBUG] https://dl.google.com:443 "GET /dl/android/studio/install/3.4.1.0/android-studio-ide-183.5522156-windows.exe HTTP/1.1" 200 1017327996
07:00:00 [INFO]    📊 Whitelist: 21/75 (28%) | ✅16 ❌5
07:00:00 [DEBUG] https://www.gstatic.com:443 "GET /generate_204 HTTP/1.1" 204 0
07:00:00 [DEBUG] https://www.gstatic.com:443 "GET /generate_204 HTTP/1.1" 204 0
07:00:00 [DEBUG] Starting new HTTPS connection (1): dl.google.com:443
07:00:01 [INFO]    🎯 158.160.221.132 (Россия) - 12.7Mbps, 468ms UDP❌ Reality [yandex.ru]
07:00:01 [DEBUG] Starting new HTTPS connection (1): www.google.com:443
07:00:01 [DEBUG] https://dl.google.com:443 "GET /dl/android/studio/install/3.4.1.0/android-studio-ide-183.5522156-windows.exe HTTP/1.1" 200 1017327996
07:00:01 [DEBUG] https://www.google.com:443 "GET /generate_204 HTTP/1.1" 204 0
07:00:01 [DEBUG] Starting new HTTPS connection (1): cp.cloudflare.com:443
07:00:01 [DEBUG] Starting new HTTPS connection (1): www.google.com:443
07:00:02 [DEBUG] https://dl.google.com:443 "GET /dl/android/studio/install/3.4.1.0/android-studio-ide-183.5522156-windows.exe HTTP/1.1" 200 1017327996
07:00:02 [DEBUG] https://cp.cloudflare.com:443 "GET / HTTP/1.1" 204 0
07:00:02 [DEBUG] Starting new HTTPS connection (1): www.gstatic.com:443
07:00:02 [DEBUG] https://www.google.com:443 "GET /generate_204 HTTP/1.1" 204 0
07:00:02 [DEBUG] Starting new HTTPS connection (1): cp.cloudflare.com:443
07:00:02 [DEBUG] Starting new HTTPS connection (1): www.google.com:443
07:00:02 [INFO]    🎯 5.188.141.69 (Россия) - 2.9Mbps, 3398ms UDP✅ Reality [ads.x5.ru]
07:00:02 [DEBUG] https://www.gstatic.com:443 "GET /generate_204 HTTP/1.1" 204 0
07:00:02 [DEBUG] Starting new HTTPS connection (1): www.gstatic.com:443
07:00:02 [DEBUG] https://www.google.com:443 "GET /generate_204 HTTP/1.1" 204 0
07:00:02 [DEBUG] Starting new HTTPS connection (1): cp.cloudflare.com:443
07:00:02 [DEBUG] Starting new HTTPS connection (1): dl.google.com:443
07:00:03 [DEBUG] https://cp.cloudflare.com:443 "GET / HTTP/1.1" 204 0
07:00:03 [DEBUG] Starting new HTTPS connection (1): www.gstatic.com:443
07:00:03 [DEBUG] Starting new HTTPS connection (1): dl.google.com:443
07:00:03 [DEBUG] https://dl.google.com:443 "GET /dl/android/studio/install/3.4.1.0/android-studio-ide-183.5522156-windows.exe HTTP/1.1" 200 1017327996
07:00:03 [DEBUG] https://www.gstatic.com:443 "GET /generate_204 HTTP/1.1" 204 0
07:00:03 [DEBUG] https://cp.cloudflare.com:443 "GET / HTTP/1.1" 204 0
07:00:03 [DEBUG] Starting new HTTPS connection (1): www.gstatic.com:443
07:00:03 [DEBUG] Starting new HTTPS connection (1): www.google.com:443
07:00:03 [DEBUG] Starting new HTTPS connection (1): dl.google.com:443
07:00:03 [DEBUG] Starting new HTTPS connection (1): dl.google.com:443
07:00:03 [INFO]    🎯 37.139.33.15 (Россия) - 11.0Mbps, 410ms UDP✅ Reality [m.vk.ru]
07:00:03 [DEBUG] https://www.google.com:443 "GET /generate_204 HTTP/1.1" 204 0
07:00:03 [DEBUG] Starting new HTTPS connection (1): cp.cloudflare.com:443
07:00:04 [DEBUG] https://dl.google.com:443 "GET /dl/android/studio/install/3.4.1.0/android-studio-ide-183.5522156-windows.exe HTTP/1.1" 200 1017327996
07:00:04 [DEBUG] https://dl.google.com:443 "GET /dl/android/studio/install/3.4.1.0/android-studio-ide-183.5522156-windows.exe HTTP/1.1" 200 1017327996
07:00:04 [DEBUG] https://cp.cloudflare.com:443 "GET / HTTP/1.1" 204 0
07:00:04 [DEBUG] Starting new HTTPS connection (1): www.gstatic.com:443
07:00:04 [INFO]    🎯 37.139.33.15 (Россия) - 12.3Mbps, 408ms UDP✅ Reality [m.vk.ru]
07:00:04 [DEBUG] https://www.gstatic.com:443 "GET /generate_204 HTTP/1.1" 204 0
07:00:04 [DEBUG] https://www.gstatic.com:443 "GET /generate_204 HTTP/1.1" 204 0
07:00:05 [DEBUG] Starting new HTTPS connection (1): dl.google.com:443
07:00:05 [DEBUG] Starting new HTTPS connection (1): www.google.com:443
07:00:05 [DEBUG] https://dl.google.com:443 "GET /dl/android/studio/install/3.4.1.0/android-studio-ide-183.5522156-windows.exe HTTP/1.1" 200 1017327996
07:00:05 [DEBUG] https://www.google.com:443 "GET /generate_204 HTTP/1.1" 204 0
07:00:05 [DEBUG] Starting new HTTPS connection (1): cp.cloudflare.com:443
07:00:05 [DEBUG] Starting new HTTPS connection (1): www.google.com:443
07:00:06 [INFO]    🎯 212.233.73.212 (Россия) - 12.3Mbps, 409ms UDP✅ Reality [m.vk.ru]
07:00:06 [DEBUG] https://cp.cloudflare.com:443 "GET / HTTP/1.1" 204 0
07:00:06 [DEBUG] Starting new HTTPS connection (1): www.gstatic.com:443
07:00:06 [DEBUG] Starting new HTTPS connection (1): dl.google.com:443
07:00:06 [DEBUG] https://www.gstatic.com:443 "GET /generate_204 HTTP/1.1" 204 0
07:00:06 [DEBUG] https://dl.google.com:443 "GET /dl/android/studio/install/3.4.1.0/android-studio-ide-183.5522156-windows.exe HTTP/1.1" 200 1017327996
07:00:06 [DEBUG] Starting new HTTPS connection (1): dl.google.com:443
07:00:07 [DEBUG] Starting new HTTPS connection (1): www.google.com:443
07:00:07 [DEBUG] https://dl.google.com:443 "GET /dl/android/studio/install/3.4.1.0/android-studio-ide-183.5522156-windows.exe HTTP/1.1" 200 1017327996
07:00:07 [DEBUG] https://www.google.com:443 "GET /generate_204 HTTP/1.1" 204 0
07:00:07 [DEBUG] Starting new HTTPS connection (1): cp.cloudflare.com:443
07:00:07 [DEBUG] https://www.google.com:443 "GET /generate_204 HTTP/1.1" 204 0
07:00:07 [DEBUG] Starting new HTTPS connection (1): cp.cloudflare.com:443
07:00:07 [INFO]    🎯 84.23.52.70 (Россия) - 8.4Mbps, 1089ms UDP✅ Reality [m.vk.ru]
07:00:07 [INFO]    📊 Whitelist: 28/75 (37%) | ✅22 ❌6
07:00:07 [DEBUG] https://dl.google.com:443 "GET /dl/android/studio/install/3.4.1.0/android-studio-ide-183.5522156-windows.exe HTTP/1.1" 200 1017327996
07:00:08 [DEBUG] https://cp.cloudflare.com:443 "GET / HTTP/1.1" 204 0
07:00:08 [DEBUG] Starting new HTTPS connection (1): www.gstatic.com:443
07:00:08 [INFO]    🎯 46.243.232.142 (Россия) - 2.4Mbps, 1472ms UDP✅ Reality [sun6-22.userapi.com]
07:00:08 [DEBUG] https://www.gstatic.com:443 "GET /generate_204 HTTP/1.1" 204 0
07:00:08 [DEBUG] Starting new HTTPS connection (1): www.google.com:443
07:00:08 [DEBUG] Starting new HTTPS connection (1): dl.google.com:443
07:00:09 [DEBUG] Starting new HTTPS connection (1): www.google.com:443
07:00:09 [DEBUG] https://dl.google.com:443 "GET /dl/android/studio/install/3.4.1.0/android-studio-ide-183.5522156-windows.exe HTTP/1.1" 200 1017327996
07:00:09 [DEBUG] https://www.google.com:443 "GET /generate_204 HTTP/1.1" 204 0
07:00:09 [DEBUG] Starting new HTTPS connection (1): cp.cloudflare.com:443
07:00:09 [DEBUG] https://www.google.com:443 "GET /generate_204 HTTP/1.1" 204 0
07:00:09 [DEBUG] Starting new HTTPS connection (1): cp.cloudflare.com:443
07:00:09 [DEBUG] Starting new HTTPS connection (1): www.google.com:443
07:00:09 [DEBUG] https://cp.cloudflare.com:443 "GET / HTTP/1.1" 204 0
07:00:09 [DEBUG] Starting new HTTPS connection (1): www.gstatic.com:443
07:00:09 [DEBUG] https://cp.cloudflare.com:443 "GET / HTTP/1.1" 204 0
07:00:09 [DEBUG] Starting new HTTPS connection (1): www.gstatic.com:443
07:00:10 [INFO]    🎯 89.169.128.105 (Россия) - 11.9Mbps, 431ms UDP✅ Reality [yandex.ru]
07:00:10 [DEBUG] https://www.google.com:443 "GET /generate_204 HTTP/1.1" 204 0
07:00:10 [DEBUG] Starting new HTTPS connection (1): cp.cloudflare.com:443
07:00:10 [DEBUG] https://www.gstatic.com:443 "GET /generate_204 HTTP/1.1" 204 0
07:00:10 [DEBUG] https://www.gstatic.com:443 "GET /generate_204 HTTP/1.1" 204 0
07:00:10 [DEBUG] Starting new HTTPS connection (1): dl.google.com:443
07:00:10 [DEBUG] Starting new HTTPS connection (1): dl.google.com:443
07:00:10 [DEBUG] https://cp.cloudflare.com:443 "GET / HTTP/1.1" 204 0
07:00:10 [DEBUG] Starting new HTTPS connection (1): www.gstatic.com:443
07:00:11 [DEBUG] https://dl.google.com:443 "GET /dl/android/studio/install/3.4.1.0/android-studio-ide-183.5522156-windows.exe HTTP/1.1" 200 1017327996
07:00:11 [DEBUG] https://dl.google.com:443 "GET /dl/android/studio/install/3.4.1.0/android-studio-ide-183.5522156-windows.exe HTTP/1.1" 200 1017327996
07:00:11 [DEBUG] https://www.gstatic.com:443 "GET /generate_204 HTTP/1.1" 204 0
07:00:11 [DEBUG] Starting new HTTPS connection (1): www.google.com:443
07:00:11 [DEBUG] Starting new HTTPS connection (1): dl.google.com:443
07:00:11 [INFO]    🎯 158.160.105.121 (Россия) - 12.7Mbps, 420ms UDP✅ Reality [yandex.ru]
07:00:11 [DEBUG] https://www.google.com:443 "GET /generate_204 HTTP/1.1" 204 0
07:00:11 [DEBUG] Starting new HTTPS connection (1): cp.cloudflare.com:443
07:00:12 [DEBUG] https://dl.google.com:443 "GET /dl/android/studio/install/3.4.1.0/android-studio-ide-183.5522156-windows.exe HTTP/1.1" 200 1017327996
07:00:12 [DEBUG] Starting new HTTPS connection (1): www.gstatic.com:443
07:00:12 [INFO]    🎯 176.123.164.110 (Россия) - 10.0Mbps, 482ms UDP✅ Reality [m.vk.com]
07:00:12 [DEBUG] Starting new HTTPS connection (1): www.google.com:443
07:00:13 [DEBUG] https://www.google.com:443 "GET /generate_204 HTTP/1.1" 204 0
07:00:13 [DEBUG] Starting new HTTPS connection (1): cp.cloudflare.com:443
07:00:13 [INFO]    🎯 90.156.217.130 (Россия) - 0.8Mbps, 392ms UDP✅ Reality [m.vk.ru]
07:00:13 [DEBUG] https://cp.cloudflare.com:443 "GET / HTTP/1.1" 204 0
07:00:13 [DEBUG] Starting new HTTPS connection (1): www.gstatic.com:443
07:00:14 [DEBUG] Starting new HTTPS connection (1): www.google.com:443
07:00:14 [DEBUG] https://www.google.com:443 "GET /generate_204 HTTP/1.1" 204 0
07:00:14 [DEBUG] Starting new HTTPS connection (1): cp.cloudflare.com:443
07:00:14 [INFO]    🎯 51.250.83.255 (Россия) - 0.4Mbps, 648ms UDP✅ Reality [api-maps.yandex.ru]
07:00:14 [DEBUG] https://cp.cloudflare.com:443 "GET / HTTP/1.1" 204 0
07:00:14 [DEBUG] Starting new HTTPS connection (1): www.gstatic.com:443
07:00:14 [DEBUG] https://www.gstatic.com:443 "GET /generate_204 HTTP/1.1" 204 0
07:00:14 [DEBUG] Starting new HTTPS connection (1): www.google.com:443
07:00:14 [DEBUG] https://www.gstatic.com:443 "GET /generate_204 HTTP/1.1" 204 0
07:00:14 [DEBUG] Starting new HTTPS connection (1): dl.google.com:443
07:00:14 [DEBUG] Starting new HTTPS connection (1): dl.google.com:443
07:00:15 [DEBUG] https://dl.google.com:443 "GET /dl/android/studio/install/3.4.1.0/android-studio-ide-183.5522156-windows.exe HTTP/1.1" 200 1017327996
07:00:15 [DEBUG] https://www.google.com:443 "GET /generate_204 HTTP/1.1" 204 0
07:00:15 [DEBUG] Starting new HTTPS connection (1): cp.cloudflare.com:443
07:00:15 [DEBUG] https://cp.cloudflare.com:443 "GET / HTTP/1.1" 204 0
07:00:15 [DEBUG] Starting new HTTPS connection (1): www.gstatic.com:443
07:00:15 [INFO]    🎯 217.16.26.158 (Россия) - 18.7Mbps, 233ms UDP✅ Reality [ads.x5.ru]
07:00:15 [INFO]    📊 Whitelist: 35/75 (47%) | ✅29 ❌6
07:00:15 [DEBUG] https://cp.cloudflare.com:443 "GET / HTTP/1.1" 204 0
07:00:15 [DEBUG] Starting new HTTPS connection (1): www.gstatic.com:443
07:00:15 [DEBUG] Starting new HTTPS connection (1): www.google.com:443
07:00:15 [DEBUG] https://dl.google.com:443 "GET /dl/android/studio/install/3.4.1.0/android-studio-ide-183.5522156-windows.exe HTTP/1.1" 200 1017327996
07:00:16 [DEBUG] https://www.gstatic.com:443 "GET /generate_204 HTTP/1.1" 204 0
07:00:16 [DEBUG] https://www.google.com:443 "GET /generate_204 HTTP/1.1" 204 0
07:00:16 [DEBUG] Starting new HTTPS connection (1): cp.cloudflare.com:443
07:00:16 [DEBUG] Starting new HTTPS connection (1): dl.google.com:443
07:00:16 [DEBUG] https://cp.cloudflare.com:443 "GET / HTTP/1.1" 204 0
07:00:16 [DEBUG] Starting new HTTPS connection (1): www.gstatic.com:443
07:00:16 [DEBUG] Starting new HTTPS connection (1): www.google.com:443
07:00:17 [DEBUG] https://www.gstatic.com:443 "GET /generate_204 HTTP/1.1" 204 0
07:00:17 [DEBUG] https://www.google.com:443 "GET /generate_204 HTTP/1.1" 204 0
07:00:17 [DEBUG] Starting new HTTPS connection (1): cp.cloudflare.com:443
07:00:17 [DEBUG] https://dl.google.com:443 "GET /dl/android/studio/install/3.4.1.0/android-studio-ide-183.5522156-windows.exe HTTP/1.1" 200 1017327996
07:00:17 [DEBUG] Starting new HTTPS connection (1): dl.google.com:443
07:00:17 [DEBUG] https://cp.cloudflare.com:443 "GET / HTTP/1.1" 204 0
07:00:17 [DEBUG] Starting new HTTPS connection (1): www.gstatic.com:443
07:00:17 [INFO]    🎯 79.137.175.44 (Россия) - 9.2Mbps, 489ms UDP✅ Reality [m.vk.ru]
07:00:18 [DEBUG] https://www.gstatic.com:443 "GET /generate_204 HTTP/1.1" 204 0
07:00:18 [DEBUG] https://dl.google.com:443 "GET /dl/android/studio/install/3.4.1.0/android-studio-ide-183.5522156-windows.exe HTTP/1.1" 200 1017327996
07:00:18 [DEBUG] https://www.gstatic.com:443 "GET /generate_204 HTTP/1.1" 204 0
07:00:18 [DEBUG] Starting new HTTPS connection (1): dl.google.com:443
07:00:18 [INFO]    🎯 79.137.175.44 (Россия) - 9.5Mbps, 456ms UDP✅ Reality [m.vk.ru]
07:00:18 [DEBUG] Starting new HTTPS connection (1): dl.google.com:443
07:00:18 [DEBUG] Starting new HTTPS connection (1): www.google.com:443
07:00:19 [DEBUG] Starting new HTTPS connection (1): www.google.com:443
07:00:19 [DEBUG] https://dl.google.com:443 "GET /dl/android/studio/install/3.4.1.0/android-studio-ide-183.5522156-windows.exe HTTP/1.1" 200 1017327996
07:00:19 [DEBUG] https://dl.google.com:443 "GET /dl/android/studio/install/3.4.1.0/android-studio-ide-183.5522156-windows.exe HTTP/1.1" 200 1017327996
07:00:19 [DEBUG] https://www.google.com:443 "GET /generate_204 HTTP/1.1" 204 0
07:00:19 [DEBUG] Starting new HTTPS connection (1): cp.cloudflare.com:443
07:00:19 [DEBUG] https://cp.cloudflare.com:443 "GET / HTTP/1.1" 204 0
07:00:19 [DEBUG] Starting new HTTPS connection (1): www.gstatic.com:443
07:00:19 [INFO]    🎯 158.160.223.36 (Россия) - 9.0Mbps, 463ms UDP✅ Reality [yandex.ru]
07:00:19 [DEBUG] Starting new HTTPS connection (1): www.google.com:443
07:00:20 [DEBUG] https://www.gstatic.com:443 "GET /generate_204 HTTP/1.1" 204 0
07:00:20 [DEBUG] https://www.google.com:443 "GET /generate_204 HTTP/1.1" 204 0
07:00:20 [DEBUG] Starting new HTTPS connection (1): cp.cloudflare.com:443
07:00:20 [DEBUG] https://www.google.com:443 "GET /generate_204 HTTP/1.1" 204 0
07:00:20 [DEBUG] Starting new HTTPS connection (1): cp.cloudflare.com:443
07:00:20 [DEBUG] Starting new HTTPS connection (1): dl.google.com:443
07:00:20 [DEBUG] https://cp.cloudflare.com:443 "GET / HTTP/1.1" 204 0
07:00:20 [DEBUG] Starting new HTTPS connection (1): www.gstatic.com:443
07:00:21 [DEBUG] Starting new HTTPS connection (1): www.google.com:443
07:00:21 [DEBUG] https://dl.google.com:443 "GET /dl/android/studio/install/3.4.1.0/android-studio-ide-183.5522156-windows.exe HTTP/1.1" 200 1017327996
07:00:21 [DEBUG] https://www.gstatic.com:443 "GET /generate_204 HTTP/1.1" 204 0
07:00:21 [DEBUG] https://cp.cloudflare.com:443 "GET / HTTP/1.1" 204 0
07:00:21 [DEBUG] Starting new HTTPS connection (1): www.gstatic.com:443
07:00:21 [DEBUG] https://www.google.com:443 "GET /generate_204 HTTP/1.1" 204 0
07:00:21 [DEBUG] Starting new HTTPS connection (1): cp.cloudflare.com:443
07:00:21 [DEBUG] Starting new HTTPS connection (1): dl.google.com:443
07:00:21 [INFO]    🎯 158.160.223.36 (Россия) - 9.8Mbps, 468ms UDP✅ Reality [yandex.ru]
07:00:22 [DEBUG] https://www.gstatic.com:443 "GET /generate_204 HTTP/1.1" 204 0
07:00:22 [DEBUG] https://cp.cloudflare.com:443 "GET / HTTP/1.1" 204 0
07:00:22 [DEBUG] Starting new HTTPS connection (1): www.gstatic.com:443
07:00:22 [DEBUG] https://dl.google.com:443 "GET /dl/android/studio/install/3.4.1.0/android-studio-ide-183.5522156-windows.exe HTTP/1.1" 200 1017327996
07:00:22 [DEBUG] https://www.gstatic.com:443 "GET /generate_204 HTTP/1.1" 204 0
07:00:23 [DEBUG] Starting new HTTPS connection (1): www.google.com:443
07:00:23 [INFO]    🎯 90.156.150.134 (Россия) - 9.3Mbps, 542ms UDP✅ Reality [m.vk.ru]
07:00:23 [DEBUG] Starting new HTTPS connection (1): dl.google.com:443
07:00:23 [INFO]    🎯 176.109.109.58 (Россия) - 0.8Mbps, 491ms UDP✅ Reality [tradingview.com]
07:00:23 [INFO]    📊 Whitelist: 42/75 (56%) | ✅35 ❌7
07:00:24 [DEBUG] https://dl.google.com:443 "GET /dl/android/studio/install/3.4.1.0/android-studio-ide-183.5522156-windows.exe HTTP/1.1" 200 1017327996
07:00:24 [DEBUG] https://www.google.com:443 "GET /generate_204 HTTP/1.1" 204 0
07:00:24 [DEBUG] Starting new HTTPS connection (1): cp.cloudflare.com:443
07:00:24 [DEBUG] Starting new HTTPS connection (1): www.google.com:443
07:00:24 [DEBUG] https://cp.cloudflare.com:443 "GET / HTTP/1.1" 204 0
07:00:24 [DEBUG] Starting new HTTPS connection (1): www.gstatic.com:443
07:00:24 [INFO]    🎯 84.252.136.245 (Россия) - 8.9Mbps, 627ms UDP✅ Reality [yandex.ru]
07:00:24 [DEBUG] Starting new HTTPS connection (1): www.google.com:443
07:00:24 [INFO]    🎯 51.250.65.209 (Россия) - 0.5Mbps, 645ms UDP✅ Reality [ads.x5.ru]
07:00:25 [DEBUG] https://www.google.com:443 "GET /generate_204 HTTP/1.1" 204 0
07:00:25 [DEBUG] Starting new HTTPS connection (1): cp.cloudflare.com:443
07:00:25 [DEBUG] https://www.gstatic.com:443 "GET /generate_204 HTTP/1.1" 204 0
07:00:25 [DEBUG] Starting new HTTPS connection (1): dl.google.com:443
07:00:25 [DEBUG] Starting new HTTPS connection (1): dl.google.com:443
07:00:25 [INFO]    🎯 90.156.217.130 (Россия) - 0.6Mbps, 395ms UDP❌ Reality [m.vk.ru]
07:00:25 [DEBUG] https://www.google.com:443 "GET /generate_204 HTTP/1.1" 204 0
07:00:25 [DEBUG] Starting new HTTPS connection (1): cp.cloudflare.com:443
07:00:25 [DEBUG] https://cp.cloudflare.com:443 "GET / HTTP/1.1" 204 0
07:00:25 [DEBUG] Starting new HTTPS connection (1): www.gstatic.com:443
07:00:25 [DEBUG] https://dl.google.com:443 "GET /dl/android/studio/install/3.4.1.0/android-studio-ide-183.5522156-windows.exe HTTP/1.1" 200 1017327996
07:00:25 [DEBUG] https://cp.cloudflare.com:443 "GET / HTTP/1.1" 204 0
07:00:25 [DEBUG] Starting new HTTPS connection (1): www.gstatic.com:443
07:00:25 [DEBUG] Starting new HTTPS connection (1): www.google.com:443
07:00:26 [DEBUG] Starting new HTTPS connection (1): www.google.com:443
07:00:26 [DEBUG] https://www.gstatic.com:443 "GET /generate_204 HTTP/1.1" 204 0
07:00:26 [DEBUG] https://www.google.com:443 "GET /generate_204 HTTP/1.1" 204 0
07:00:26 [DEBUG] Starting new HTTPS connection (1): cp.cloudflare.com:443
07:00:26 [DEBUG] https://www.gstatic.com:443 "GET /generate_204 HTTP/1.1" 204 0
07:00:26 [DEBUG] Starting new HTTPS connection (1): www.google.com:443
07:00:26 [DEBUG] Starting new HTTPS connection (1): dl.google.com:443
07:00:26 [DEBUG] https://www.google.com:443 "GET /generate_204 HTTP/1.1" 204 0
07:00:26 [DEBUG] Starting new HTTPS connection (1): cp.cloudflare.com:443
07:00:26 [DEBUG] https://cp.cloudflare.com:443 "GET / HTTP/1.1" 204 0
07:00:26 [DEBUG] Starting new HTTPS connection (1): www.gstatic.com:443
07:00:26 [DEBUG] Starting new HTTPS connection (1): dl.google.com:443
07:00:26 [DEBUG] https://cp.cloudflare.com:443 "GET / HTTP/1.1" 204 0
07:00:26 [DEBUG] Starting new HTTPS connection (1): www.gstatic.com:443
07:00:27 [DEBUG] https://www.google.com:443 "GET /generate_204 HTTP/1.1" 204 0
07:00:27 [DEBUG] Starting new HTTPS connection (1): cp.cloudflare.com:443
07:00:27 [DEBUG] https://dl.google.com:443 "GET /dl/android/studio/install/3.4.1.0/android-studio-ide-183.5522156-windows.exe HTTP/1.1" 200 1017327996
07:00:27 [DEBUG] https://www.gstatic.com:443 "GET /generate_204 HTTP/1.1" 204 0
07:00:27 [INFO]    🎯 217.16.26.35 (Россия) - 5.8Mbps, 626ms UDP✅  []
07:00:27 [DEBUG] https://dl.google.com:443 "GET /dl/android/studio/install/3.4.1.0/android-studio-ide-183.5522156-windows.exe HTTP/1.1" 200 1017327996
07:00:27 [DEBUG] https://www.gstatic.com:443 "GET /generate_204 HTTP/1.1" 204 0
07:00:27 [DEBUG] Starting new HTTPS connection (1): dl.google.com:443
07:00:27 [DEBUG] Starting new HTTPS connection (1): dl.google.com:443
07:00:27 [DEBUG] https://cp.cloudflare.com:443 "GET / HTTP/1.1" 204 0
07:00:27 [DEBUG] Starting new HTTPS connection (1): www.gstatic.com:443
07:00:27 [DEBUG] https://dl.google.com:443 "GET /dl/android/studio/install/3.4.1.0/android-studio-ide-183.5522156-windows.exe HTTP/1.1" 200 1017327996
07:00:27 [INFO]    🎯 89.169.162.214 (Россия) - 8.8Mbps, 545ms UDP✅ Reality [yandex.ru]
07:00:28 [INFO]    🎯 176.109.109.58 (Россия) - 0.7Mbps, 488ms UDP✅ Reality [tradingview.com]
07:00:28 [INFO]    🎯 90.156.150.134 (Россия) - 9.6Mbps, 549ms UDP✅ Reality [m.vk.ru]
07:00:28 [INFO]    📊 Whitelist: 49/75 (65%) | ✅42 ❌7
07:00:28 [DEBUG] https://dl.google.com:443 "GET /dl/android/studio/install/3.4.1.0/android-studio-ide-183.5522156-windows.exe HTTP/1.1" 200 1017327996
07:00:28 [DEBUG] https://www.gstatic.com:443 "GET /generate_204 HTTP/1.1" 204 0
07:00:28 [DEBUG] Starting new HTTPS connection (1): www.google.com:443
07:00:28 [DEBUG] Starting new HTTPS connection (1): dl.google.com:443
07:00:29 [DEBUG] https://www.google.com:443 "GET /generate_204 HTTP/1.1" 204 0
07:00:29 [DEBUG] Starting new HTTPS connection (1): cp.cloudflare.com:443
07:00:29 [INFO]    🎯 37.139.33.52 (Россия) - 8.7Mbps, 520ms UDP✅ Reality [m.vk.com]
07:00:29 [DEBUG] Starting new HTTPS connection (1): www.google.com:443
07:00:29 [DEBUG] Starting new HTTPS connection (1): www.google.com:443
07:00:29 [DEBUG] Starting new HTTPS connection (1): www.google.com:443
07:00:29 [DEBUG] https://cp.cloudflare.com:443 "GET / HTTP/1.1" 204 0
07:00:29 [DEBUG] Starting new HTTPS connection (1): www.gstatic.com:443
07:00:29 [DEBUG] https://dl.google.com:443 "GET /dl/android/studio/install/3.4.1.0/android-studio-ide-183.5522156-windows.exe HTTP/1.1" 200 1017327996
07:00:29 [DEBUG] https://dl.google.com:443 "GET /dl/android/studio/install/3.4.1.0/android-studio-ide-183.5522156-windows.exe HTTP/1.1" 200 1017327996
07:00:29 [DEBUG] https://www.gstatic.com:443 "GET /generate_204 HTTP/1.1" 204 0
07:00:30 [DEBUG] https://www.google.com:443 "GET /generate_204 HTTP/1.1" 204 0
07:00:30 [DEBUG] Starting new HTTPS connection (1): cp.cloudflare.com:443
07:00:30 [DEBUG] Starting new HTTPS connection (1): dl.google.com:443
07:00:30 [DEBUG] https://www.google.com:443 "GET /generate_204 HTTP/1.1" 204 0
07:00:30 [DEBUG] Starting new HTTPS connection (1): cp.cloudflare.com:443
07:00:30 [INFO]    🎯 84.252.136.245 (Россия) - 9.0Mbps, 626ms UDP✅ Reality [yandex.ru]
07:00:30 [DEBUG] Starting new HTTPS connection (1): www.google.com:443
07:00:30 [DEBUG] https://cp.cloudflare.com:443 "GET / HTTP/1.1" 204 0
07:00:30 [DEBUG] Starting new HTTPS connection (1): www.gstatic.com:443
07:00:30 [DEBUG] https://cp.cloudflare.com:443 "GET / HTTP/1.1" 204 0
07:00:30 [DEBUG] Starting new HTTPS connection (1): www.gstatic.com:443
07:00:30 [DEBUG] https://www.google.com:443 "GET /generate_204 HTTP/1.1" 204 0
07:00:30 [DEBUG] Starting new HTTPS connection (1): cp.cloudflare.com:443
07:00:30 [DEBUG] https://dl.google.com:443 "GET /dl/android/studio/install/3.4.1.0/android-studio-ide-183.5522156-windows.exe HTTP/1.1" 200 1017327996
07:00:30 [DEBUG] https://www.gstatic.com:443 "GET /generate_204 HTTP/1.1" 204 0
07:00:30 [DEBUG] https://cp.cloudflare.com:443 "GET / HTTP/1.1" 204 0
07:00:30 [DEBUG] Starting new HTTPS connection (1): www.gstatic.com:443
07:00:30 [DEBUG] https://www.gstatic.com:443 "GET /generate_204 HTTP/1.1" 204 0
07:00:30 [DEBUG] Starting new HTTPS connection (1): dl.google.com:443
07:00:31 [DEBUG] https://www.gstatic.com:443 "GET /generate_204 HTTP/1.1" 204 0
07:00:31 [DEBUG] Starting new HTTPS connection (1): dl.google.com:443
07:00:31 [INFO]    🎯 212.233.73.212 (Россия) - 12.0Mbps, 414ms UDP✅ Reality [m.vk.ru]
07:00:31 [DEBUG] Starting new HTTPS connection (1): dl.google.com:443
07:00:31 [DEBUG] https://dl.google.com:443 "GET /dl/android/studio/install/3.4.1.0/android-studio-ide-183.5522156-windows.exe HTTP/1.1" 200 1017327996
07:00:31 [DEBUG] Starting new HTTPS connection (1): www.google.com:443
07:00:31 [DEBUG] https://dl.google.com:443 "GET /dl/android/studio/install/3.4.1.0/android-studio-ide-183.5522156-windows.exe HTTP/1.1" 200 1017327996
07:00:31 [DEBUG] https://dl.google.com:443 "GET /dl/android/studio/install/3.4.1.0/android-studio-ide-183.5522156-windows.exe HTTP/1.1" 200 1017327996
07:00:31 [INFO]    🎯 51.250.16.92 (Россия) - 21.8Mbps, 467ms UDP✅ Reality [ads.x5.ru]
07:00:31 [INFO]    🎯 51.250.32.69 (Россия) - 24.8Mbps, 244ms UDP✅ Reality [www.yandex.ru]
07:00:31 [INFO]    🎯 51.250.16.92 (Россия) - 19.3Mbps, 559ms UDP✅ Reality [sun6-21.userapi.com]
07:00:32 [DEBUG] Starting new HTTPS connection (1): www.google.com:443
07:00:32 [DEBUG] Starting new HTTPS connection (1): www.google.com:443
07:00:32 [DEBUG] https://www.google.com:443 "GET /generate_204 HTTP/1.1" 204 0
07:00:32 [DEBUG] Starting new HTTPS connection (1): cp.cloudflare.com:443
07:00:32 [DEBUG] Starting new HTTPS connection (1): www.google.com:443
07:00:33 [DEBUG] Starting new HTTPS connection (1): www.google.com:443
07:00:33 [DEBUG] https://cp.cloudflare.com:443 "GET / HTTP/1.1" 204 0
07:00:33 [DEBUG] Starting new HTTPS connection (1): www.gstatic.com:443
07:00:33 [DEBUG] https://www.google.com:443 "GET /generate_204 HTTP/1.1" 204 0
07:00:33 [DEBUG] Starting new HTTPS connection (1): cp.cloudflare.com:443
07:00:33 [DEBUG] https://www.google.com:443 "GET /generate_204 HTTP/1.1" 204 0
07:00:33 [DEBUG] Starting new HTTPS connection (1): cp.cloudflare.com:443
07:00:33 [DEBUG] https://www.google.com:443 "GET /generate_204 HTTP/1.1" 204 0
07:00:33 [DEBUG] Starting new HTTPS connection (1): cp.cloudflare.com:443
07:00:33 [DEBUG] https://cp.cloudflare.com:443 "GET / HTTP/1.1" 204 0
07:00:33 [DEBUG] Starting new HTTPS connection (1): www.gstatic.com:443
07:00:33 [DEBUG] https://www.gstatic.com:443 "GET /generate_204 HTTP/1.1" 204 0
07:00:33 [DEBUG] https://www.google.com:443 "GET /generate_204 HTTP/1.1" 204 0
07:00:33 [DEBUG] Starting new HTTPS connection (1): cp.cloudflare.com:443
07:00:33 [DEBUG] https://cp.cloudflare.com:443 "GET / HTTP/1.1" 204 0
07:00:33 [DEBUG] Starting new HTTPS connection (1): www.gstatic.com:443
07:00:33 [DEBUG] https://cp.cloudflare.com:443 "GET / HTTP/1.1" 204 0
07:00:33 [DEBUG] Starting new HTTPS connection (1): www.gstatic.com:443
07:00:34 [DEBUG] https://www.gstatic.com:443 "GET /generate_204 HTTP/1.1" 204 0
07:00:34 [DEBUG] https://www.gstatic.com:443 "GET /generate_204 HTTP/1.1" 204 0
07:00:34 [DEBUG] https://www.gstatic.com:443 "GET /generate_204 HTTP/1.1" 204 0
07:00:34 [DEBUG] Starting new HTTPS connection (1): dl.google.com:443
07:00:35 [DEBUG] https://dl.google.com:443 "GET /dl/android/studio/install/3.4.1.0/android-studio-ide-183.5522156-windows.exe HTTP/1.1" 200 1017327996
07:00:35 [DEBUG] https://cp.cloudflare.com:443 "GET / HTTP/1.1" 204 0
07:00:35 [DEBUG] Starting new HTTPS connection (1): www.gstatic.com:443
07:00:35 [INFO]    🎯 37.139.33.57 (Россия) - 0.6Mbps, 1126ms UDP✅ Reality [m.vk.ru]
07:00:35 [INFO]    📊 Whitelist: 56/75 (75%) | ✅49 ❌7
07:00:36 [INFO]    🎯 176.123.164.110 (Россия) - 10.6Mbps, 505ms UDP✅ Reality [m.vk.com]
07:00:36 [DEBUG] https://www.google.com:443 "GET /generate_204 HTTP/1.1" 204 0
07:00:36 [DEBUG] Starting new HTTPS connection (1): cp.cloudflare.com:443
07:00:36 [DEBUG] Starting new HTTPS connection (1): dl.google.com:443
07:00:36 [DEBUG] https://cp.cloudflare.com:443 "GET / HTTP/1.1" 204 0
07:00:36 [DEBUG] Starting new HTTPS connection (1): www.gstatic.com:443
07:00:36 [DEBUG] Starting new HTTPS connection (1): dl.google.com:443
07:00:36 [DEBUG] https://dl.google.com:443 "GET /dl/android/studio/install/3.4.1.0/android-studio-ide-183.5522156-windows.exe HTTP/1.1" 200 1017327996
07:00:36 [DEBUG] Starting new HTTPS connection (1): www.google.com:443
07:00:37 [DEBUG] https://www.gstatic.com:443 "GET /generate_204 HTTP/1.1" 204 0
07:00:37 [DEBUG] https://dl.google.com:443 "GET /dl/android/studio/install/3.4.1.0/android-studio-ide-183.5522156-windows.exe HTTP/1.1" 200 1017327996
07:00:37 [DEBUG] Starting new HTTPS connection (1): www.google.com:443
07:00:37 [DEBUG] Starting new HTTPS connection (1): dl.google.com:443
07:00:37 [DEBUG] https://www.google.com:443 "GET /generate_204 HTTP/1.1" 204 0
07:00:37 [DEBUG] Starting new HTTPS connection (1): cp.cloudflare.com:443
07:00:37 [DEBUG] https://www.gstatic.com:443 "GET /generate_204 HTTP/1.1" 204 0
07:00:37 [DEBUG] https://www.google.com:443 "GET /generate_204 HTTP/1.1" 204 0
07:00:37 [DEBUG] Starting new HTTPS connection (1): cp.cloudflare.com:443
07:00:37 [DEBUG] https://dl.google.com:443 "GET /dl/android/studio/install/3.4.1.0/android-studio-ide-183.5522156-windows.exe HTTP/1.1" 200 1017327996
07:00:37 [DEBUG] https://cp.cloudflare.com:443 "GET / HTTP/1.1" 204 0
07:00:37 [DEBUG] Starting new HTTPS connection (1): www.gstatic.com:443
07:00:38 [DEBUG] https://cp.cloudflare.com:443 "GET / HTTP/1.1" 204 0
07:00:38 [DEBUG] Starting new HTTPS connection (1): www.gstatic.com:443
07:00:38 [DEBUG] https://www.gstatic.com:443 "GET /generate_204 HTTP/1.1" 204 0
07:00:38 [INFO]    🎯 158.160.221.132 (Россия) - 12.6Mbps, 426ms UDP❌ Reality [yandex.ru]
07:00:38 [DEBUG] Starting new HTTPS connection (1): dl.google.com:443
07:00:38 [DEBUG] https://www.gstatic.com:443 "GET /generate_204 HTTP/1.1" 204 0
07:00:38 [DEBUG] Starting new HTTPS connection (1): dl.google.com:443
07:00:39 [DEBUG] https://dl.google.com:443 "GET /dl/android/studio/install/3.4.1.0/android-studio-ide-183.5522156-windows.exe HTTP/1.1" 200 1017327996
07:00:39 [DEBUG] Starting new HTTPS connection (1): www.google.com:443
07:00:39 [INFO]    🎯 158.160.105.121 (Россия) - 12.5Mbps, 451ms UDP✅ Reality [yandex.ru]
07:00:39 [DEBUG] https://dl.google.com:443 "GET /dl/android/studio/install/3.4.1.0/android-studio-ide-183.5522156-windows.exe HTTP/1.1" 200 1017327996
07:00:39 [INFO]    🎯 195.209.67.124 (Россия) - 0.9Mbps, 1049ms UDP❌  []
07:00:40 [DEBUG] https://www.google.com:443 "GET /generate_204 HTTP/1.1" 204 0
07:00:40 [DEBUG] Starting new HTTPS connection (1): cp.cloudflare.com:443
07:00:40 [DEBUG] Starting new HTTPS connection (1): dl.google.com:443
07:00:40 [INFO]    🎯 87.239.106.153 (Россия) - 9.3Mbps, 456ms UDP✅ Reality [m.vk.ru]
07:00:40 [DEBUG] https://cp.cloudflare.com:443 "GET / HTTP/1.1" 204 0
07:00:40 [DEBUG] Starting new HTTPS connection (1): www.gstatic.com:443
07:00:40 [DEBUG] Starting new HTTPS connection (1): dl.google.com:443
07:00:40 [DEBUG] Starting new HTTPS connection (1): www.google.com:443
07:00:41 [DEBUG] Starting new HTTPS connection (1): www.google.com:443
07:00:41 [DEBUG] https://www.gstatic.com:443 "GET /generate_204 HTTP/1.1" 204 0
07:00:41 [DEBUG] https://www.google.com:443 "GET /generate_204 HTTP/1.1" 204 0
07:00:41 [DEBUG] Starting new HTTPS connection (1): cp.cloudflare.com:443
07:00:41 [INFO]    🎯 90.156.217.130 (Россия) - 0.9Mbps, 394ms UDP✅ Reality [m.vk.ru]
07:00:41 [DEBUG] Starting new HTTPS connection (1): www.google.com:443
07:00:41 [DEBUG] Starting new HTTPS connection (1): dl.google.com:443
07:00:41 [DEBUG] https://www.google.com:443 "GET /generate_204 HTTP/1.1" 204 0
07:00:41 [DEBUG] Starting new HTTPS connection (1): cp.cloudflare.com:443
07:00:41 [DEBUG] https://cp.cloudflare.com:443 "GET / HTTP/1.1" 204 0
07:00:41 [DEBUG] Starting new HTTPS connection (1): www.gstatic.com:443
07:00:42 [DEBUG] https://www.google.com:443 "GET /generate_204 HTTP/1.1" 204 0
07:00:42 [DEBUG] Starting new HTTPS connection (1): cp.cloudflare.com:443
07:00:42 [DEBUG] https://cp.cloudflare.com:443 "GET / HTTP/1.1" 204 0
07:00:42 [DEBUG] Starting new HTTPS connection (1): www.gstatic.com:443
07:00:42 [DEBUG] https://dl.google.com:443 "GET /dl/android/studio/install/3.4.1.0/android-studio-ide-183.5522156-windows.exe HTTP/1.1" 200 1017327996
07:00:42 [DEBUG] https://www.gstatic.com:443 "GET /generate_204 HTTP/1.1" 204 0
07:00:42 [DEBUG] Starting new HTTPS connection (1): www.google.com:443
07:00:42 [DEBUG] https://dl.google.com:443 "GET /dl/android/studio/install/3.4.1.0/android-studio-ide-183.5522156-windows.exe HTTP/1.1" 200 1017327996
07:00:42 [DEBUG] https://cp.cloudflare.com:443 "GET / HTTP/1.1" 204 0
07:00:42 [DEBUG] Starting new HTTPS connection (1): www.gstatic.com:443
07:00:42 [DEBUG] https://www.gstatic.com:443 "GET /generate_204 HTTP/1.1" 204 0
07:00:42 [DEBUG] Starting new HTTPS connection (1): dl.google.com:443
07:00:43 [INFO]    🎯 146.185.240.23 (Россия) - 8.8Mbps, 559ms UDP✅ Reality [m.vk.ru]
07:00:43 [INFO]    📊 Whitelist: 63/75 (84%) | ✅56 ❌7
07:00:43 [DEBUG] https://www.gstatic.com:443 "GET /generate_204 HTTP/1.1" 204 0
07:00:43 [INFO]    🎯 217.16.27.216 (Россия) - 3.9Mbps, 1897ms UDP❌ Reality [web.max.ru]
07:00:43 [DEBUG] https://dl.google.com:443 "GET /dl/android/studio/install/3.4.1.0/android-studio-ide-183.5522156-windows.exe HTTP/1.1" 200 1017327996
07:00:43 [DEBUG] Starting new HTTPS connection (1): dl.google.com:443
07:00:43 [DEBUG] https://www.google.com:443 "GET /generate_204 HTTP/1.1" 204 0
07:00:43 [DEBUG] Starting new HTTPS connection (1): cp.cloudflare.com:443
07:00:44 [INFO]    🎯 146.185.240.23 (Россия) - 9.7Mbps, 553ms UDP✅ Reality [m.vk.ru]
07:00:44 [DEBUG] Starting new HTTPS connection (1): www.google.com:443
07:00:44 [DEBUG] https://dl.google.com:443 "GET /dl/android/studio/install/3.4.1.0/android-studio-ide-183.5522156-windows.exe HTTP/1.1" 200 1017327996
07:00:44 [DEBUG] Starting new HTTPS connection (1): www.google.com:443
07:00:44 [DEBUG] https://cp.cloudflare.com:443 "GET / HTTP/1.1" 204 0
07:00:44 [DEBUG] Starting new HTTPS connection (1): www.gstatic.com:443
07:00:45 [INFO]    🎯 89.169.162.214 (Россия) - 9.0Mbps, 562ms UDP✅ Reality [yandex.ru]
07:00:45 [DEBUG] https://www.gstatic.com:443 "GET /generate_204 HTTP/1.1" 204 0
07:00:45 [DEBUG] Starting new HTTPS connection (1): www.google.com:443
07:00:45 [DEBUG] Starting new HTTPS connection (1): dl.google.com:443
07:00:45 [DEBUG] https://www.google.com:443 "GET /generate_204 HTTP/1.1" 204 0
07:00:45 [DEBUG] Starting new HTTPS connection (1): cp.cloudflare.com:443
07:00:45 [DEBUG] Starting new HTTPS connection (1): dl.google.com:443
07:00:46 [DEBUG] https://dl.google.com:443 "GET /dl/android/studio/install/3.4.1.0/android-studio-ide-183.5522156-windows.exe HTTP/1.1" 200 1017327996
07:00:46 [DEBUG] https://cp.cloudflare.com:443 "GET / HTTP/1.1" 204 0
07:00:46 [DEBUG] Starting new HTTPS connection (1): www.gstatic.com:443
07:00:46 [DEBUG] https://dl.google.com:443 "GET /dl/android/studio/install/3.4.1.0/android-studio-ide-183.5522156-windows.exe HTTP/1.1" 200 1017327996
07:00:46 [DEBUG] https://dl.google.com:443 "GET /dl/android/studio/install/3.4.1.0/android-studio-ide-183.5522156-windows.exe HTTP/1.1" 200 1017327996
07:00:46 [INFO]    🎯 37.139.33.57 (Россия) - 0.5Mbps, 1865ms UDP✅ Reality [m.vk.ru]
07:00:47 [INFO]    🎯 84.252.143.25 (Россия) - 8.8Mbps, 524ms UDP❌ Reality [yandex.ru]
07:00:47 [DEBUG] https://www.gstatic.com:443 "GET /generate_204 HTTP/1.1" 204 0
07:00:47 [INFO]    🎯 212.233.76.67 (Россия) - 1.9Mbps, 2811ms UDP❌ Reality [google.com]
07:00:48 [DEBUG] https://www.google.com:443 "GET /generate_204 HTTP/1.1" 204 0
07:00:48 [DEBUG] Starting new HTTPS connection (1): cp.cloudflare.com:443
07:00:48 [DEBUG] Starting new HTTPS connection (1): dl.google.com:443
07:00:49 [DEBUG] https://dl.google.com:443 "GET /dl/android/studio/install/3.4.1.0/android-studio-ide-183.5522156-windows.exe HTTP/1.1" 200 1017327996
07:00:49 [DEBUG] https://www.google.com:443 "GET /generate_204 HTTP/1.1" 204 0
07:00:49 [DEBUG] Starting new HTTPS connection (1): cp.cloudflare.com:443
07:00:51 [INFO]    🎯 37.139.34.145 (Россия) - 2.3Mbps, 878ms UDP✅ Reality [m.vk.ru]
07:00:51 [INFO]    📊 Whitelist: 70/75 (93%) | ✅63 ❌7
07:00:51 [DEBUG] https://cp.cloudflare.com:443 "GET / HTTP/1.1" 204 0
07:00:51 [DEBUG] Starting new HTTPS connection (1): www.gstatic.com:443
07:00:51 [DEBUG] https://cp.cloudflare.com:443 "GET / HTTP/1.1" 204 0
07:00:51 [DEBUG] Starting new HTTPS connection (1): www.gstatic.com:443
07:00:51 [INFO]    🎯 176.109.109.58 (Россия) - 0.8Mbps, 429ms UDP❌ Reality [m.vk.ru]
07:00:53 [DEBUG] https://www.gstatic.com:443 "GET /generate_204 HTTP/1.1" 204 0
07:00:53 [DEBUG] https://www.gstatic.com:443 "GET /generate_204 HTTP/1.1" 204 0
07:00:54 [DEBUG] Starting new HTTPS connection (1): dl.google.com:443
07:00:54 [DEBUG] Starting new HTTPS connection (1): dl.google.com:443
07:00:55 [DEBUG] https://dl.google.com:443 "GET /dl/android/studio/install/3.4.1.0/android-studio-ide-183.5522156-windows.exe HTTP/1.1" 200 1017327996
07:00:57 [DEBUG] https://dl.google.com:443 "GET /dl/android/studio/install/3.4.1.0/android-studio-ide-183.5522156-windows.exe HTTP/1.1" 200 1017327996
07:00:59 [INFO]    🎯 89.208.230.173 (Россия) - 2.5Mbps, 3126ms UDP✅ Reality [ads.x5.ru]
07:01:00 [INFO]    🎯 37.139.33.57 (Россия) - 0.5Mbps, 461ms UDP✅ Reality [m.vk.ru]
07:01:09 [INFO]    🎯 87.239.110.251 (Россия) - 0.6Mbps, 980ms UDP✅ Reality [m.vk.ru]
07:03:08 [INFO]    🎯 217.16.27.217 (Россия) - 0.1Mbps, 2747ms UDP✅ Reality [ozon.ru]
07:03:08 [INFO] 
✅ Прошли: 79 (55 Reality), 68 WL
07:03:08 [INFO] 
══════════════════════════════════════════════════
07:03:08 [INFO] 🏆 ЭТАП 4: ФИНАЛЬНЫЙ ОТБОР
07:03:08 [INFO] ══════════════════════════════════════════════════
07:03:08 [INFO] 
📊 Пулы после фильтрации:
07:03:08 [INFO]    🎮 GAME (Reality, <150ms): 12
07:03:08 [INFO]    ⚡ UNIVERSAL: 23
07:03:08 [INFO]    🔄 WARP (Reality score≥50): 33
07:03:08 [INFO]    ⚪ WHITELIST: 68
07:03:08 [INFO] 
🎮 Выбор GAME серверов (Reality only!)...
07:03:08 [INFO]    GAME-1: 144.31.2.86 (Польша) - 144ms, 39.9Mbps, Reality✅
07:03:08 [INFO]    GAME-2: 89.169.55.246 (Германия) - 35ms, 76.5Mbps, Reality✅
07:03:08 [INFO] 
⚡ Выбор UNIVERSAL серверов (приоритет Reality)...
07:03:08 [INFO]    UNIVERSAL-1: 91.84.113.47 (Нидерланды) - 38.0Mbps Reality✅
07:03:08 [INFO]    UNIVERSAL-2: 91.84.109.124 (Нидерланды) - 37.9Mbps Reality✅
07:03:08 [INFO]    UNIVERSAL-3: 91.84.109.130 (Нидерланды) - 36.4Mbps Reality✅
07:03:08 [INFO] 
🔄 Выбор WARP серверов (Reality с высоким score)...
07:03:08 [INFO]    WARP-1: 188.253.26.39 (Нидерланды) - score=100
07:03:08 [INFO]    WARP-2: 144.31.2.154 (Польша) - score=100
07:03:08 [INFO] 
⚪ Выбор WHITELIST серверов...
07:03:08 [INFO]    WHITELIST-1: 51.250.32.69 - 24.8Mbps
07:03:08 [INFO]    WHITELIST-2: 51.250.16.92 - 21.8Mbps
07:03:08 [INFO] 
✅ Итого: 9 серверов
07:03:08 [INFO] 📦 Резерв: 30 серверов
07:03:08 [INFO] 🛡️ Reality в финале: 9/9
07:03:08 [INFO] 🏆 THE FINAL 9 (Russia-Proof):
07:03:08 [INFO] 💾 Подписка: FL1PVPN (9 серверов)
07:03:08 [INFO] ✅ ГОТОВО за 485.6 сек
07:03:08 [INFO] 🛡️ Reality в финале: 9/9
