09:00:36 [INFO] 🚀 FL1P VPN V123 - RUSSIA-PROOF EDITION
09:00:36 [INFO]    ⏰ 2026-02-07 12:00:36 MSK
09:00:36 [INFO]    🛡️ Приоритет: ТОЛЬКО Reality серверы
09:00:36 [INFO]    🎮 GAME: Reality + Tier 1-2 + пинг <150ms
09:00:36 [INFO]    ⚡ UNIVERSAL: Reality приоритет
09:00:36 [INFO] 📂 История: 6238 записей
09:00:36 [INFO] 🌍 GeoIP OK
09:00:36 [INFO] 
══════════════════════════════════════════════════
09:00:36 [INFO] 📥 ЭТАП 1: СБОР
09:00:36 [INFO] ══════════════════════════════════════════════════
09:00:36 [INFO] 📥 Сбор конфигов...
09:00:36 [DEBUG] Starting new HTTPS connection (1): raw.githubusercontent.com:443
09:00:36 [DEBUG] Starting new HTTPS connection (1): raw.githubusercontent.com:443
09:00:36 [DEBUG] Starting new HTTPS connection (1): raw.githubusercontent.com:443
09:00:36 [DEBUG] Starting new HTTPS connection (1): raw.githubusercontent.com:443
09:00:36 [DEBUG] Starting new HTTPS connection (1): raw.githubusercontent.com:443
09:00:36 [DEBUG] Starting new HTTPS connection (1): raw.githubusercontent.com:443
09:00:36 [DEBUG] Starting new HTTPS connection (1): raw.githubusercontent.com:443
09:00:36 [DEBUG] Starting new HTTPS connection (1): raw.githubusercontent.com:443
09:00:36 [DEBUG] Starting new HTTPS connection (1): raw.githubusercontent.com:443
09:00:36 [DEBUG] Starting new HTTPS connection (1): raw.githubusercontent.com:443
09:00:36 [DEBUG] Starting new HTTPS connection (1): raw.githubusercontent.com:443
09:00:36 [DEBUG] Starting new HTTPS connection (1): raw.githubusercontent.com:443
09:00:36 [DEBUG] Starting new HTTPS connection (1): raw.githubusercontent.com:443
09:00:36 [DEBUG] Starting new HTTPS connection (1): raw.githubusercontent.com:443
09:00:36 [DEBUG] Starting new HTTPS connection (1): raw.githubusercontent.com:443
09:00:36 [DEBUG] https://raw.githubusercontent.com:443 "GET /mahdibland/V2RayAggregator/master/Eternity HTTP/1.1" 200 13397
09:00:36 [DEBUG] https://raw.githubusercontent.com:443 "GET /Epodonios/v2ray-configs/main/Splitted-By-Protocol/vless.txt HTTP/1.1" 200 298955
09:00:36 [DEBUG] https://raw.githubusercontent.com:443 "GET /barry-far/V2ray-Configs/main/Splitted-By-Protocol/vless.txt HTTP/1.1" 404 14
09:00:36 [DEBUG] Starting new HTTPS connection (1): raw.githubusercontent.com:443
09:00:36 [DEBUG] https://raw.githubusercontent.com:443 "GET /mfuu/v2ray/master/v2ray HTTP/1.1" 200 13219
09:00:36 [DEBUG] Starting new HTTPS connection (1): raw.githubusercontent.com:443
09:00:36 [DEBUG] https://raw.githubusercontent.com:443 "GET /Pawdroid/Free-servers/main/sub HTTP/1.1" 200 3783
09:00:36 [DEBUG] https://raw.githubusercontent.com:443 "GET /MrMohebi/xray-proxy-grabber-telegram/master/collected-proxies/row-url/all.txt HTTP/1.1" 200 9492
09:00:36 [DEBUG] https://raw.githubusercontent.com:443 "GET /peasoft/NoMoreWalls/master/list.txt HTTP/1.1" 200 11265
09:00:37 [DEBUG] Starting new HTTPS connection (1): raw.githubusercontent.com:443
09:00:37 [DEBUG]    🚫 Заблокированный SNI: www.microsoft.com
09:00:37 [DEBUG] Starting new HTTPS connection (1): raw.githubusercontent.com:443
09:00:37 [DEBUG] https://raw.githubusercontent.com:443 "GET /soroushmirzaei/telegram-configs-collector/main/protocols/reality HTTP/1.1" 404 14
09:00:37 [DEBUG] Starting new HTTPS connection (1): raw.githubusercontent.com:443
09:00:37 [DEBUG] https://raw.githubusercontent.com:443 "GET /lagzian/SS-Collector/main/realitiy_api.txt HTTP/1.1" 404 14
09:00:37 [DEBUG] https://raw.githubusercontent.com:443 "GET /Yebekhe/TelegramV2rayCollector/main/sub/normal/reality HTTP/1.1" 404 14
09:00:37 [DEBUG] Starting new HTTPS connection (1): t.me:443
09:00:37 [DEBUG] https://raw.githubusercontent.com:443 "GET /yebekhe/TVC/main/subscriptions/xray/reality HTTP/1.1" 404 14
09:00:37 [DEBUG] Starting new HTTPS connection (1): t.me:443
09:00:37 [DEBUG] https://raw.githubusercontent.com:443 "GET /yebekhe/TVC/main/subscriptions/xray/vless HTTP/1.1" 404 14
09:00:37 [DEBUG] https://raw.githubusercontent.com:443 "GET /NiREvil/vless/main/sub/vless HTTP/1.1" 404 14
09:00:37 [DEBUG] https://raw.githubusercontent.com:443 "GET /mahdibland/V2RayAggregator/master/sub/splitted/reality.txt HTTP/1.1" 404 14
09:00:37 [DEBUG] Starting new HTTPS connection (1): t.me:443
09:00:37 [DEBUG] Starting new HTTPS connection (1): t.me:443
09:00:37 [DEBUG] https://raw.githubusercontent.com:443 "GET /Epodonios/v2ray-configs/main/Splitted-By-Protocol/reality.txt HTTP/1.1" 404 14
09:00:37 [DEBUG] Starting new HTTPS connection (1): t.me:443
09:00:37 [DEBUG] Starting new HTTPS connection (1): t.me:443
09:00:37 [DEBUG] Starting new HTTPS connection (1): t.me:443
09:00:37 [DEBUG] Starting new HTTPS connection (1): t.me:443
09:00:37 [DEBUG] Starting new HTTPS connection (1): t.me:443
09:00:37 [DEBUG] https://raw.githubusercontent.com:443 "GET /igareck/vpn-configs-for-russia/refs/heads/main/Vless-Reality-White-Lists-Rus-Mobile-2.txt HTTP/1.1" 200 6358
09:00:37 [DEBUG] https://t.me:443 "GET /s/RealityVpnChannel HTTP/1.1" 302 20
09:00:37 [DEBUG] https://raw.githubusercontent.com:443 "GET /igareck/vpn-configs-for-russia/refs/heads/main/WHITE-CIDR-RU-all.txt HTTP/1.1" 200 32023
09:00:37 [DEBUG] https://t.me:443 "GET /s/reality_daily HTTP/1.1" 302 20
09:00:37 [DEBUG] https://t.me:443 "GET /RealityVpnChannel HTTP/1.1" 200 3660
09:00:37 [DEBUG] Starting new HTTPS connection (1): t.me:443
09:00:37 [DEBUG] https://t.me:443 "GET /reality_daily HTTP/1.1" 200 3658
09:00:37 [DEBUG] Starting new HTTPS connection (1): t.me:443
09:00:37 [DEBUG] https://t.me:443 "GET /s/FarahVPN HTTP/1.1" 200 9900
09:00:37 [DEBUG] Starting new HTTPS connection (1): t.me:443
09:00:37 [DEBUG]    🚫 Заблокированный SNI: www.aparat.com
09:00:37 [DEBUG] https://t.me:443 "GET /s/PrivateVPNs HTTP/1.1" 200 11618
09:00:37 [DEBUG] https://t.me:443 "GET /s/v2ray_configs_pool HTTP/1.1" 200 11035
09:00:37 [DEBUG] Starting new HTTPS connection (1): api.github.com:443
09:00:37 [DEBUG] https://t.me:443 "GET /s/VlessConfig HTTP/1.1" 200 11381
09:00:37 [DEBUG] https://t.me:443 "GET /s/DirectVPN HTTP/1.1" 200 11337
09:00:38 [DEBUG] Starting new HTTPS connection (1): api.github.com:443
09:00:38 [DEBUG] https://raw.githubusercontent.com:443 "GET /igareck/vpn-configs-for-russia/main/configs/vless.txt HTTP/1.1" 404 14
09:00:38 [DEBUG] https://raw.githubusercontent.com:443 "GET /igareck/vpn-configs-for-russia/main/Vless-Reality-White-Lists-Rus-Mobile.txt HTTP/1.1" 200 6533
09:00:38 [DEBUG] https://raw.githubusercontent.com:443 "GET /AvenCores/goida-vpn-configs/main/configs/vless.txt HTTP/1.1" 404 14
09:00:38 [DEBUG] Starting new HTTPS connection (1): api.github.com:443
09:00:38 [DEBUG] https://t.me:443 "GET /s/v2rayng_vpn HTTP/1.1" 200 15531
09:00:38 [DEBUG] https://t.me:443 "GET /s/iSegaro HTTP/1.1" 200 18612
09:00:38 [DEBUG]    🚫 Заблокированный SNI: us.asbndx.com
09:00:38 [DEBUG]    🚫 Заблокированный SNI: de-two.asbndx.com
09:00:38 [DEBUG]    🚫 Заблокированный SNI: www.microsoft.com
09:00:38 [DEBUG]    🚫 Заблокированный SNI: eset.com
09:00:38 [DEBUG]    🚫 Заблокированный SNI: learn.microsoft.com
09:00:38 [DEBUG]    🚫 Заблокированный SNI: aparat.com
09:00:38 [DEBUG]    🚫 Заблокированный SNI: tr.eu-ffast.com
09:00:38 [DEBUG]    🚫 Заблокированный SNI: www.microsoft.com
09:00:38 [DEBUG]    🚫 Заблокированный SNI: www.pinterest.com
09:00:38 [DEBUG] https://t.me:443 "GET /s/ConfigsHUB HTTP/1.1" 200 10304
09:00:38 [DEBUG] https://api.github.com:443 "GET /repos/barry-far/V2ray-Configs/issues?state=all&per_page=10 HTTP/1.1" 403 136
09:00:38 [DEBUG] https://api.github.com:443 "GET /repos/yebekhe/TelegramV2rayCollector/issues?state=all&per_page=10 HTTP/1.1" 404 125
09:00:38 [DEBUG] https://t.me:443 "GET /s/freev2rayssr HTTP/1.1" 200 22275
09:00:38 [DEBUG] https://t.me:443 "GET /s/v2ray_alpha HTTP/1.1" 200 18988
09:00:38 [DEBUG] https://api.github.com:443 "GET /repos/mahdibland/V2RayAggregator/issues?state=all&per_page=10 HTTP/1.1" 200 1949
09:00:38 [INFO] 
📊 Собрано: 2831 глобальных
09:00:38 [INFO]    🛡️ Reality: 343 (хороших: 336)
09:00:38 [INFO]    🇷🇺 Whitelist: 1452
09:00:38 [INFO] 🔍 Уникальных: 1657 (267 Reality), 126 WL
09:00:38 [INFO] 
══════════════════════════════════════════════════
09:00:38 [INFO] ⚡ ЭТАП 2: TCP
09:00:38 [INFO] ══════════════════════════════════════════════════
09:00:39 [INFO]    📊 Global: 165/1657 (10%) | ✅118 ❌47
09:00:39 [INFO]    📊 Global: 330/1657 (20%) | ✅208 ❌122
09:00:40 [INFO]    📊 Global: 495/1657 (30%) | ✅299 ❌196
09:00:40 [INFO]    📊 Global: 660/1657 (40%) | ✅410 ❌250
09:00:40 [INFO]    📊 Global: 825/1657 (50%) | ✅527 ❌298
09:00:41 [INFO]    📊 Global: 990/1657 (60%) | ✅634 ❌356
09:00:41 [INFO]    📊 Global: 1155/1657 (70%) | ✅743 ❌412
09:00:42 [INFO]    📊 Global: 1320/1657 (80%) | ✅845 ❌475
09:00:42 [INFO]    📊 Global: 1485/1657 (90%) | ✅968 ❌517
09:00:43 [INFO]    📊 Global: 1650/1657 (100%) | ✅1049 ❌601
09:00:47 [INFO]    📊 Whitelist: 12/126 (10%) | ✅0 ❌12
09:00:47 [INFO]    📊 Whitelist: 24/126 (19%) | ✅0 ❌24
09:00:47 [INFO]    📊 Whitelist: 36/126 (29%) | ✅7 ❌29
09:00:47 [INFO]    📊 Whitelist: 48/126 (38%) | ✅19 ❌29
09:00:47 [INFO]    📊 Whitelist: 60/126 (48%) | ✅27 ❌33
09:00:47 [INFO]    📊 Whitelist: 72/126 (57%) | ✅34 ❌38
09:00:47 [INFO]    📊 Whitelist: 84/126 (67%) | ✅46 ❌38
09:00:47 [INFO]    📊 Whitelist: 96/126 (76%) | ✅58 ❌38
09:00:47 [INFO]    📊 Whitelist: 108/126 (86%) | ✅70 ❌38
09:00:48 [INFO]    📊 Whitelist: 120/126 (95%) | ✅79 ❌41
09:00:48 [INFO] 
✅ Живых: 1049 (147 Reality), 79 WL
09:00:48 [INFO] 
📊 Топ стран:
09:00:48 [INFO]    🇽🇽 XX (XX): 758 [T5]
09:00:48 [INFO]    🇩🇪 DE (Германия): 57 [T3]
09:00:48 [INFO]    🇳🇱 NL (Нидерланды): 54 [T3]
09:00:48 [INFO]    🇫🇷 FR (Франция): 35 [T4]
09:00:48 [INFO]    🇬🇧 GB (Британия): 23 [T4]
09:00:48 [INFO]    🇫🇮 FI (Финляндия): 14 [T1]
09:00:48 [INFO]    🇲🇩 MD (Молдова): 10 [T5]
09:00:48 [INFO]    🇸🇪 SE (Швеция): 10 [T2]
09:00:48 [INFO] 
══════════════════════════════════════════════════
09:00:48 [INFO] 🧪 ЭТАП 3: ГЛУБОКАЯ ПРОВЕРКА
09:00:48 [INFO] ══════════════════════════════════════════════════
09:00:48 [INFO]    К проверке: 400 (147 Reality), 79 WL
09:00:49 [DEBUG] Starting new HTTPS connection (1): www.google.com:443
09:00:49 [DEBUG] Starting new HTTPS connection (1): www.google.com:443
09:00:49 [DEBUG] Starting new HTTPS connection (1): www.google.com:443
09:00:49 [DEBUG] Starting new HTTPS connection (1): www.google.com:443
09:00:49 [DEBUG] Starting new HTTPS connection (1): www.google.com:443
09:00:49 [DEBUG] Starting new HTTPS connection (1): www.google.com:443
09:00:49 [DEBUG] Starting new HTTPS connection (1): www.google.com:443
09:00:49 [DEBUG] Starting new HTTPS connection (1): www.google.com:443
09:00:49 [DEBUG] Starting new HTTPS connection (1): www.google.com:443
09:00:49 [DEBUG] Starting new HTTPS connection (1): www.google.com:443
09:00:49 [DEBUG] Starting new HTTPS connection (1): cp.cloudflare.com:443
09:00:49 [DEBUG] Starting new HTTPS connection (1): cp.cloudflare.com:443
09:00:49 [DEBUG] Starting new HTTPS connection (1): www.gstatic.com:443
09:00:49 [DEBUG] Starting new HTTPS connection (1): www.gstatic.com:443
09:00:49 [DEBUG] https://www.google.com:443 "GET /generate_204 HTTP/1.1" 204 0
09:00:49 [DEBUG] Starting new HTTPS connection (1): cp.cloudflare.com:443
09:00:49 [DEBUG] https://www.google.com:443 "GET /generate_204 HTTP/1.1" 204 0
09:00:49 [DEBUG] Starting new HTTPS connection (1): cp.cloudflare.com:443
09:00:49 [DEBUG] https://www.google.com:443 "GET /generate_204 HTTP/1.1" 204 0
09:00:49 [DEBUG] Starting new HTTPS connection (1): cp.cloudflare.com:443
09:00:50 [DEBUG] https://cp.cloudflare.com:443 "GET / HTTP/1.1" 204 0
09:00:50 [DEBUG] Starting new HTTPS connection (1): www.gstatic.com:443
09:00:50 [DEBUG] https://cp.cloudflare.com:443 "GET / HTTP/1.1" 204 0
09:00:50 [DEBUG] Starting new HTTPS connection (1): www.gstatic.com:443
09:00:50 [DEBUG] https://www.gstatic.com:443 "GET /generate_204 HTTP/1.1" 204 0
09:00:50 [DEBUG] https://cp.cloudflare.com:443 "GET / HTTP/1.1" 204 0
09:00:50 [DEBUG] Starting new HTTPS connection (1): www.gstatic.com:443
09:00:50 [DEBUG] Starting new HTTPS connection (1): dl.google.com:443
09:00:50 [DEBUG] https://www.google.com:443 "GET /generate_204 HTTP/1.1" 204 0
09:00:50 [DEBUG] Starting new HTTPS connection (1): cp.cloudflare.com:443
09:00:50 [DEBUG] https://www.gstatic.com:443 "GET /generate_204 HTTP/1.1" 204 0
09:00:50 [DEBUG] Starting new HTTPS connection (1): dl.google.com:443
09:00:50 [DEBUG] https://dl.google.com:443 "GET /dl/android/studio/install/3.4.1.0/android-studio-ide-183.5522156-windows.exe HTTP/1.1" 200 1017327996
09:00:50 [DEBUG] https://www.gstatic.com:443 "GET /generate_204 HTTP/1.1" 204 0
09:00:50 [DEBUG] https://dl.google.com:443 "GET /dl/android/studio/install/3.4.1.0/android-studio-ide-183.5522156-windows.exe HTTP/1.1" 200 1017327996
09:00:50 [INFO]    🎯 144.31.2.86 (Польша) - 39.4Mbps, 154ms UDP✅ Reality [google.com]
09:00:50 [DEBUG] Starting new HTTPS connection (1): dl.google.com:443
09:00:50 [DEBUG] https://cp.cloudflare.com:443 "GET / HTTP/1.1" 204 0
09:00:50 [DEBUG] Starting new HTTPS connection (1): www.gstatic.com:443
09:00:50 [DEBUG] https://www.google.com:443 "GET /generate_204 HTTP/1.1" 204 0
09:00:50 [DEBUG] Starting new HTTPS connection (1): cp.cloudflare.com:443
09:00:50 [INFO]    🎯 144.31.2.154 (Польша) - 34.5Mbps, 187ms UDP✅ Reality [hls-svod.itunes.appl]
09:00:50 [DEBUG] https://dl.google.com:443 "GET /dl/android/studio/install/3.4.1.0/android-studio-ide-183.5522156-windows.exe HTTP/1.1" 404 1449
09:00:50 [INFO]    🎯 46.62.128.207 (Финляндия) - 0.0Mbps, 272ms UDP✅ Reality [www.cloudflare.com]
09:00:51 [DEBUG] Starting new HTTPS connection (1): www.google.com:443
09:00:51 [DEBUG] Starting new HTTPS connection (1): www.google.com:443
09:00:51 [DEBUG] Starting new HTTPS connection (1): cp.cloudflare.com:443
09:00:51 [DEBUG] Starting new HTTPS connection (1): www.gstatic.com:443
09:00:51 [DEBUG] https://www.gstatic.com:443 "GET /generate_204 HTTP/1.1" 204 0
09:00:51 [DEBUG] Starting new HTTPS connection (1): dl.google.com:443
09:00:51 [DEBUG] Starting new HTTPS connection (1): www.google.com:443
09:00:51 [DEBUG] Starting new HTTPS connection (1): www.google.com:443
09:00:51 [DEBUG] https://dl.google.com:443 "GET /dl/android/studio/install/3.4.1.0/android-studio-ide-183.5522156-windows.exe HTTP/1.1" 404 1449
09:00:51 [INFO]    🎯 2.56.125.209 (Польша) - 0.0Mbps, 491ms UDP✅ Reality [yahoo.com]
09:00:52 [DEBUG] Starting new HTTPS connection (1): cp.cloudflare.com:443
09:00:52 [DEBUG] Starting new HTTPS connection (1): www.gstatic.com:443
09:00:52 [DEBUG] Starting new HTTPS connection (1): cp.cloudflare.com:443
09:00:52 [DEBUG] Starting new HTTPS connection (1): www.google.com:443
09:00:52 [DEBUG] https://www.google.com:443 "GET /generate_204 HTTP/1.1" 204 0
09:00:52 [DEBUG] Starting new HTTPS connection (1): cp.cloudflare.com:443
09:00:52 [DEBUG] Starting new HTTPS connection (1): cp.cloudflare.com:443
09:00:52 [DEBUG] https://www.google.com:443 "GET /generate_204 HTTP/1.1" 204 0
09:00:52 [DEBUG] Starting new HTTPS connection (1): cp.cloudflare.com:443
09:00:52 [DEBUG] Starting new HTTPS connection (1): www.google.com:443
09:00:52 [DEBUG] https://cp.cloudflare.com:443 "GET / HTTP/1.1" 204 0
09:00:52 [DEBUG] Starting new HTTPS connection (1): www.gstatic.com:443
09:00:52 [DEBUG] https://cp.cloudflare.com:443 "GET / HTTP/1.1" 204 0
09:00:52 [DEBUG] Starting new HTTPS connection (1): www.gstatic.com:443
09:00:52 [DEBUG] https://www.gstatic.com:443 "GET /generate_204 HTTP/1.1" 204 0
09:00:52 [DEBUG] https://www.google.com:443 "GET /generate_204 HTTP/1.1" 204 0
09:00:52 [DEBUG] Starting new HTTPS connection (1): cp.cloudflare.com:443
09:00:52 [DEBUG] Starting new HTTPS connection (1): dl.google.com:443
09:00:52 [DEBUG] https://cp.cloudflare.com:443 "GET / HTTP/1.1" 204 0
09:00:52 [DEBUG] Starting new HTTPS connection (1): www.gstatic.com:443
09:00:52 [DEBUG] https://dl.google.com:443 "GET /dl/android/studio/install/3.4.1.0/android-studio-ide-183.5522156-windows.exe HTTP/1.1" 200 1017327996
09:00:52 [DEBUG] https://cp.cloudflare.com:443 "GET / HTTP/1.1" 204 0
09:00:52 [DEBUG] Starting new HTTPS connection (1): www.gstatic.com:443
09:00:52 [DEBUG] https://www.gstatic.com:443 "GET /generate_204 HTTP/1.1" 204 0
09:00:53 [INFO]    🎯 91.84.109.124 (Нидерланды) - 36.0Mbps, 154ms UDP✅ Reality [apple.com]
09:00:53 [DEBUG] https://www.gstatic.com:443 "GET /generate_204 HTTP/1.1" 204 0
09:00:53 [DEBUG] Starting new HTTPS connection (1): dl.google.com:443
09:00:53 [DEBUG] Starting new HTTPS connection (1): cp.cloudflare.com:443
09:00:53 [DEBUG] Starting new HTTPS connection (1): www.google.com:443
09:00:53 [DEBUG] Starting new HTTPS connection (1): dl.google.com:443
09:00:53 [DEBUG] Starting new HTTPS connection (1): www.google.com:443
09:00:53 [DEBUG] https://www.google.com:443 "GET /generate_204 HTTP/1.1" 204 0
09:00:53 [DEBUG] Starting new HTTPS connection (1): cp.cloudflare.com:443
09:00:53 [DEBUG] https://dl.google.com:443 "GET /dl/android/studio/install/3.4.1.0/android-studio-ide-183.5522156-windows.exe HTTP/1.1" 200 1017327996
09:00:53 [DEBUG] https://www.gstatic.com:443 "GET /generate_204 HTTP/1.1" 204 0
09:00:53 [DEBUG] https://cp.cloudflare.com:443 "GET / HTTP/1.1" 204 0
09:00:53 [DEBUG] Starting new HTTPS connection (1): www.gstatic.com:443
09:00:53 [DEBUG] Starting new HTTPS connection (1): dl.google.com:443
09:00:53 [DEBUG] https://www.gstatic.com:443 "GET /generate_204 HTTP/1.1" 204 0
09:00:53 [DEBUG] https://dl.google.com:443 "GET /dl/android/studio/install/3.4.1.0/android-studio-ide-183.5522156-windows.exe HTTP/1.1" 200 1017327996
09:00:53 [DEBUG] Starting new HTTPS connection (1): dl.google.com:443
09:00:53 [DEBUG] https://dl.google.com:443 "GET /dl/android/studio/install/3.4.1.0/android-studio-ide-183.5522156-windows.exe HTTP/1.1" 200 1017327996
09:00:54 [DEBUG] https://dl.google.com:443 "GET /dl/android/studio/install/3.4.1.0/android-studio-ide-183.5522156-windows.exe HTTP/1.1" 200 1017327996
09:00:54 [INFO]    🎯 91.84.113.47 (Нидерланды) - 31.2Mbps, 156ms UDP✅ Reality [apple.com]
09:00:54 [DEBUG] Starting new HTTPS connection (1): www.google.com:443
09:00:54 [DEBUG] Starting new HTTPS connection (1): www.gstatic.com:443
09:00:54 [DEBUG] Starting new HTTPS connection (1): www.gstatic.com:443
09:00:54 [DEBUG] https://www.google.com:443 "GET /generate_204 HTTP/1.1" 204 0
09:00:54 [DEBUG] Starting new HTTPS connection (1): cp.cloudflare.com:443
09:00:55 [DEBUG] Starting new HTTPS connection (1): www.gstatic.com:443
09:00:55 [DEBUG] Starting new HTTPS connection (1): www.google.com:443
09:00:57 [DEBUG] https://cp.cloudflare.com:443 "GET / HTTP/1.1" 204 0
09:00:57 [DEBUG] Starting new HTTPS connection (1): www.gstatic.com:443
09:00:57 [DEBUG] Starting new HTTPS connection (1): www.google.com:443
09:00:57 [INFO]    🎯 188.253.26.39 (Нидерланды) - 2.8Mbps, 377ms UDP✅ Reality [yahoo.com]
09:00:58 [DEBUG] Starting new HTTPS connection (1): www.google.com:443
09:00:58 [DEBUG] Starting new HTTPS connection (1): cp.cloudflare.com:443
09:00:58 [DEBUG] Starting new HTTPS connection (1): www.google.com:443
09:00:59 [DEBUG] Starting new HTTPS connection (1): www.google.com:443
09:00:59 [DEBUG] Starting new HTTPS connection (1): cp.cloudflare.com:443
09:00:59 [DEBUG] https://www.google.com:443 "GET /generate_204 HTTP/1.1" 204 0
09:00:59 [DEBUG] Starting new HTTPS connection (1): cp.cloudflare.com:443
09:00:59 [DEBUG] https://cp.cloudflare.com:443 "GET / HTTP/1.1" 204 0
09:00:59 [DEBUG] Starting new HTTPS connection (1): www.gstatic.com:443
09:01:00 [DEBUG] Starting new HTTPS connection (1): cp.cloudflare.com:443
09:01:00 [DEBUG] https://www.gstatic.com:443 "GET /generate_204 HTTP/1.1" 204 0
09:01:00 [DEBUG] https://www.gstatic.com:443 "GET /generate_204 HTTP/1.1" 204 0
09:01:00 [INFO]    🎯 38.244.137.198 (Финляндия) - 1.8Mbps, 1240ms UDP✅ Reality [google.com]
09:01:01 [DEBUG] Starting new HTTPS connection (1): cp.cloudflare.com:443
09:01:02 [DEBUG] Starting new HTTPS connection (1): www.google.com:443
09:01:02 [DEBUG] https://www.google.com:443 "GET /generate_204 HTTP/1.1" 204 0
09:01:02 [DEBUG] Starting new HTTPS connection (1): cp.cloudflare.com:443
09:01:02 [DEBUG] Starting new HTTPS connection (1): dl.google.com:443
09:01:03 [DEBUG] Starting new HTTPS connection (1): cp.cloudflare.com:443
09:01:03 [DEBUG] https://cp.cloudflare.com:443 "GET / HTTP/1.1" 204 0
09:01:03 [DEBUG] Starting new HTTPS connection (1): www.gstatic.com:443
09:01:03 [DEBUG] https://www.google.com:443 "GET /generate_204 HTTP/1.1" 204 0
09:01:03 [DEBUG] Starting new HTTPS connection (1): cp.cloudflare.com:443
09:01:03 [DEBUG] Starting new HTTPS connection (1): www.gstatic.com:443
09:01:03 [DEBUG] Starting new HTTPS connection (1): www.gstatic.com:443
09:01:03 [DEBUG] Starting new HTTPS connection (1): dl.google.com:443
09:01:03 [DEBUG] https://www.gstatic.com:443 "GET /generate_204 HTTP/1.1" 204 0
09:01:04 [DEBUG] Starting new HTTPS connection (1): dl.google.com:443
09:01:04 [DEBUG] Starting new HTTPS connection (1): www.gstatic.com:443
09:01:04 [DEBUG] https://dl.google.com:443 "GET /dl/android/studio/install/3.4.1.0/android-studio-ide-183.5522156-windows.exe HTTP/1.1" 404 1449
09:01:04 [INFO]    🎯 5.182.38.91 (Венгрия) - 0.0Mbps, 732ms UDP❌ Reality [yahoo.com]
09:01:04 [DEBUG] https://dl.google.com:443 "GET /dl/android/studio/install/3.4.1.0/android-studio-ide-183.5522156-windows.exe HTTP/1.1" 404 1449
09:01:04 [INFO]    🎯 45.12.143.191 (Турция) - 0.0Mbps, 557ms UDP✅ Reality [yahoo.com]
09:01:05 [DEBUG] https://cp.cloudflare.com:443 "GET / HTTP/1.1" 204 0
09:01:05 [DEBUG] Starting new HTTPS connection (1): www.gstatic.com:443
09:01:05 [DEBUG] Starting new HTTPS connection (1): www.gstatic.com:443
09:01:05 [DEBUG] Starting new HTTPS connection (1): www.google.com:443
09:01:06 [DEBUG] Starting new HTTPS connection (1): www.google.com:443
09:01:07 [DEBUG] Starting new HTTPS connection (1): www.google.com:443
09:01:08 [DEBUG] https://dl.google.com:443 "GET /dl/android/studio/install/3.4.1.0/android-studio-ide-183.5522156-windows.exe HTTP/1.1" 200 1017327996
09:01:08 [DEBUG] Starting new HTTPS connection (1): cp.cloudflare.com:443
09:01:08 [DEBUG] https://cp.cloudflare.com:443 "GET / HTTP/1.1" 204 0
09:01:08 [DEBUG] Starting new HTTPS connection (1): www.gstatic.com:443
09:01:09 [DEBUG] Starting new HTTPS connection (1): cp.cloudflare.com:443
09:01:09 [DEBUG] Starting new HTTPS connection (1): www.google.com:443
09:01:09 [DEBUG] Starting new HTTPS connection (1): cp.cloudflare.com:443
09:01:09 [DEBUG] Starting new HTTPS connection (1): www.gstatic.com:443
09:01:10 [DEBUG] Starting new HTTPS connection (1): www.google.com:443
09:01:10 [DEBUG] Starting new HTTPS connection (1): www.gstatic.com:443
09:01:10 [DEBUG] Starting new HTTPS connection (1): www.google.com:443
09:01:11 [DEBUG] Starting new HTTPS connection (1): cp.cloudflare.com:443
09:01:11 [DEBUG] Starting new HTTPS connection (1): www.google.com:443
09:01:11 [DEBUG] Starting new HTTPS connection (1): www.gstatic.com:443
09:01:11 [DEBUG] Starting new HTTPS connection (1): cp.cloudflare.com:443
09:01:11 [DEBUG] Starting new HTTPS connection (1): www.gstatic.com:443
09:01:11 [DEBUG] Starting new HTTPS connection (1): www.google.com:443
09:01:11 [DEBUG] Starting new HTTPS connection (1): cp.cloudflare.com:443
09:01:12 [DEBUG] Starting new HTTPS connection (1): www.gstatic.com:443
09:01:12 [DEBUG] Starting new HTTPS connection (1): cp.cloudflare.com:443
09:01:12 [DEBUG] https://www.gstatic.com:443 "GET /generate_204 HTTP/1.1" 204 0
09:01:12 [DEBUG] Starting new HTTPS connection (1): www.gstatic.com:443
09:01:12 [DEBUG] Starting new HTTPS connection (1): www.google.com:443
09:01:12 [DEBUG] Starting new HTTPS connection (1): cp.cloudflare.com:443
09:01:12 [DEBUG] Starting new HTTPS connection (1): www.google.com:443
09:01:13 [DEBUG] Starting new HTTPS connection (1): cp.cloudflare.com:443
09:01:13 [DEBUG] Starting new HTTPS connection (1): www.gstatic.com:443
09:01:13 [DEBUG] Starting new HTTPS connection (1): www.gstatic.com:443
09:01:13 [DEBUG] Starting new HTTPS connection (1): www.google.com:443
09:01:14 [DEBUG] Starting new HTTPS connection (1): www.google.com:443
09:01:14 [DEBUG] Starting new HTTPS connection (1): cp.cloudflare.com:443
09:01:14 [DEBUG] Starting new HTTPS connection (1): www.google.com:443
09:01:14 [DEBUG] Starting new HTTPS connection (1): www.gstatic.com:443
09:01:14 [DEBUG] Starting new HTTPS connection (1): www.google.com:443
09:01:15 [DEBUG] Starting new HTTPS connection (1): cp.cloudflare.com:443
09:01:15 [DEBUG] Starting new HTTPS connection (1): www.gstatic.com:443
09:01:15 [DEBUG] Starting new HTTPS connection (1): cp.cloudflare.com:443
09:01:15 [DEBUG] Starting new HTTPS connection (1): cp.cloudflare.com:443
09:01:15 [DEBUG] Starting new HTTPS connection (1): dl.google.com:443
09:01:15 [DEBUG] Starting new HTTPS connection (1): www.gstatic.com:443
09:01:15 [DEBUG] Starting new HTTPS connection (1): www.google.com:443
09:01:16 [DEBUG] Starting new HTTPS connection (1): cp.cloudflare.com:443
09:01:16 [DEBUG] Starting new HTTPS connection (1): www.google.com:443
09:01:16 [DEBUG] Starting new HTTPS connection (1): www.gstatic.com:443
09:01:16 [DEBUG] https://www.google.com:443 "GET /generate_204 HTTP/1.1" 204 0
09:01:16 [DEBUG] Starting new HTTPS connection (1): cp.cloudflare.com:443
09:01:16 [DEBUG] https://cp.cloudflare.com:443 "GET / HTTP/1.1" 204 0
09:01:16 [DEBUG] Starting new HTTPS connection (1): www.gstatic.com:443
09:01:16 [DEBUG] Starting new HTTPS connection (1): www.google.com:443
09:01:17 [DEBUG] Starting new HTTPS connection (1): www.gstatic.com:443
09:01:17 [DEBUG] Starting new HTTPS connection (1): www.google.com:443
09:01:17 [DEBUG] Starting new HTTPS connection (1): www.google.com:443
09:01:18 [DEBUG] Starting new HTTPS connection (1): cp.cloudflare.com:443
09:01:18 [DEBUG] Starting new HTTPS connection (1): cp.cloudflare.com:443
09:01:18 [DEBUG] Starting new HTTPS connection (1): cp.cloudflare.com:443
09:01:18 [DEBUG] Starting new HTTPS connection (1): www.gstatic.com:443
09:01:19 [DEBUG] https://www.gstatic.com:443 "GET /generate_204 HTTP/1.1" 204 0
09:01:20 [DEBUG] Starting new HTTPS connection (1): dl.google.com:443
09:01:20 [DEBUG] Starting new HTTPS connection (1): www.google.com:443
09:01:20 [DEBUG] https://dl.google.com:443 "GET /dl/android/studio/install/3.4.1.0/android-studio-ide-183.5522156-windows.exe HTTP/1.1" 404 1449
09:01:20 [INFO]    🎯 188.34.193.153 (Германия) - 0.0Mbps, 4944ms UDP❌ Reality [www.cloudflare.com]
09:01:20 [DEBUG] Starting new HTTPS connection (1): cp.cloudflare.com:443
09:01:20 [DEBUG] Starting new HTTPS connection (1): cp.cloudflare.com:443
09:01:20 [DEBUG] Starting new HTTPS connection (1): www.gstatic.com:443
09:01:20 [DEBUG] Starting new HTTPS connection (1): www.gstatic.com:443
09:01:20 [INFO]    🎯 64.188.104.168 (Германия) - 0.7Mbps, 3633ms UDP✅ Reality [yahoo.com]
09:01:21 [DEBUG] Starting new HTTPS connection (1): www.google.com:443
09:01:21 [DEBUG] Starting new HTTPS connection (1): cp.cloudflare.com:443
09:01:21 [DEBUG] Starting new HTTPS connection (1): www.gstatic.com:443
09:01:21 [DEBUG] Starting new HTTPS connection (1): www.google.com:443
09:01:22 [DEBUG] Starting new HTTPS connection (1): www.google.com:443
09:01:22 [DEBUG] Starting new HTTPS connection (1): cp.cloudflare.com:443
09:01:22 [INFO]    📊 Global: 40/400 (10%) | ✅12 ❌28
09:01:22 [DEBUG] Starting new HTTPS connection (1): www.gstatic.com:443
09:01:23 [DEBUG] Starting new HTTPS connection (1): www.gstatic.com:443
09:01:23 [DEBUG] Starting new HTTPS connection (1): www.google.com:443
09:01:23 [DEBUG] Starting new HTTPS connection (1): www.gstatic.com:443
09:01:23 [DEBUG] Starting new HTTPS connection (1): www.google.com:443
09:01:23 [DEBUG] Starting new HTTPS connection (1): www.gstatic.com:443
09:01:23 [DEBUG] Starting new HTTPS connection (1): cp.cloudflare.com:443
09:01:23 [DEBUG] Starting new HTTPS connection (1): www.google.com:443
09:01:23 [DEBUG] Starting new HTTPS connection (1): www.gstatic.com:443
09:01:24 [DEBUG] Starting new HTTPS connection (1): cp.cloudflare.com:443
09:01:24 [DEBUG] Starting new HTTPS connection (1): www.google.com:443
09:01:25 [DEBUG] Starting new HTTPS connection (1): www.google.com:443
09:01:26 [INFO]    🎯 ten5.astralweb.tech (XX) - 0.0Mbps, 1188ms UDP✅ Reality [apple.com]
09:01:26 [DEBUG] https://www.google.com:443 "GET /generate_204 HTTP/1.1" 204 0
09:01:26 [DEBUG] Starting new HTTPS connection (1): cp.cloudflare.com:443
09:01:26 [DEBUG] https://www.google.com:443 "GET /generate_204 HTTP/1.1" 204 0
09:01:26 [DEBUG] Starting new HTTPS connection (1): cp.cloudflare.com:443
09:01:26 [DEBUG] Starting new HTTPS connection (1): cp.cloudflare.com:443
09:01:26 [DEBUG] Starting new HTTPS connection (1): www.gstatic.com:443
09:01:26 [DEBUG] Starting new HTTPS connection (1): www.google.com:443
09:01:26 [DEBUG] Starting new HTTPS connection (1): www.google.com:443
09:01:27 [DEBUG] Starting new HTTPS connection (1): cp.cloudflare.com:443
09:01:27 [DEBUG] https://cp.cloudflare.com:443 "GET / HTTP/1.1" 204 0
09:01:27 [DEBUG] Starting new HTTPS connection (1): www.gstatic.com:443
09:01:27 [DEBUG] Starting new HTTPS connection (1): www.google.com:443
09:01:27 [DEBUG] Starting new HTTPS connection (1): www.gstatic.com:443
09:01:28 [DEBUG] https://www.google.com:443 "GET /generate_204 HTTP/1.1" 204 0
09:01:28 [DEBUG] Starting new HTTPS connection (1): cp.cloudflare.com:443
09:01:28 [DEBUG] https://www.gstatic.com:443 "GET /generate_204 HTTP/1.1" 204 0
09:01:28 [DEBUG] Starting new HTTPS connection (1): cp.cloudflare.com:443
09:01:29 [DEBUG] https://cp.cloudflare.com:443 "GET / HTTP/1.1" 204 0
09:01:29 [DEBUG] Starting new HTTPS connection (1): www.gstatic.com:443
09:01:29 [DEBUG] Starting new HTTPS connection (1): dl.google.com:443
09:01:29 [DEBUG] Starting new HTTPS connection (1): www.google.com:443
09:01:29 [DEBUG] Starting new HTTPS connection (1): www.google.com:443
09:01:29 [DEBUG] Starting new HTTPS connection (1): www.gstatic.com:443
09:01:30 [DEBUG] https://www.gstatic.com:443 "GET /generate_204 HTTP/1.1" 204 0
09:01:30 [DEBUG] Starting new HTTPS connection (1): www.google.com:443
09:01:30 [DEBUG] https://dl.google.com:443 "GET /dl/android/studio/install/3.4.1.0/android-studio-ide-183.5522156-windows.exe HTTP/1.1" 404 1449
09:01:30 [INFO]    🎯 83.222.23.81 (KZ) - 0.0Mbps, 1066ms UDP✅ Reality [yahoo.com]
09:01:30 [DEBUG] Starting new HTTPS connection (1): cp.cloudflare.com:443
09:01:30 [DEBUG] https://www.google.com:443 "GET /generate_204 HTTP/1.1" 204 0
09:01:30 [DEBUG] Starting new HTTPS connection (1): cp.cloudflare.com:443
09:01:30 [DEBUG] https://cp.cloudflare.com:443 "GET / HTTP/1.1" 204 0
09:01:30 [DEBUG] Starting new HTTPS connection (1): www.gstatic.com:443
09:01:30 [DEBUG] https://www.gstatic.com:443 "GET /generate_204 HTTP/1.1" 204 0
09:01:30 [DEBUG] Starting new HTTPS connection (1): dl.google.com:443
09:01:30 [DEBUG] Starting new HTTPS connection (1): dl.google.com:443
09:01:31 [DEBUG] Starting new HTTPS connection (1): www.gstatic.com:443
09:01:31 [DEBUG] https://dl.google.com:443 "GET /dl/android/studio/install/3.4.1.0/android-studio-ide-183.5522156-windows.exe HTTP/1.1" 200 1017327996
09:01:31 [DEBUG] Starting new HTTPS connection (1): www.google.com:443
09:01:31 [DEBUG] Starting new HTTPS connection (1): www.gstatic.com:443
09:01:31 [DEBUG] https://dl.google.com:443 "GET /dl/android/studio/install/3.4.1.0/android-studio-ide-183.5522156-windows.exe HTTP/1.1" 200 1017327996
09:01:31 [DEBUG] Starting new HTTPS connection (1): cp.cloudflare.com:443
09:01:32 [INFO]    🎯 jp-gy2.xem.lat (XX) - 5.6Mbps, 896ms UDP✅ Reality [swdist.apple.com]
09:01:33 [DEBUG] Starting new HTTPS connection (1): www.google.com:443
09:01:33 [INFO]    🎯 91.84.109.130 (Нидерланды) - 0.3Mbps, 226ms UDP✅ Reality [apple.com]
09:01:33 [DEBUG] https://www.google.com:443 "GET /generate_204 HTTP/1.1" 204 0
09:01:33 [DEBUG] Starting new HTTPS connection (1): cp.cloudflare.com:443
09:01:33 [DEBUG] Starting new HTTPS connection (1): www.gstatic.com:443
09:01:34 [DEBUG] Starting new HTTPS connection (1): www.google.com:443
09:01:34 [DEBUG] Starting new HTTPS connection (1): cp.cloudflare.com:443
09:01:34 [DEBUG] Starting new HTTPS connection (1): www.gstatic.com:443
09:01:34 [DEBUG] Starting new HTTPS connection (1): www.google.com:443
09:01:34 [DEBUG] Starting new HTTPS connection (1): www.google.com:443
09:01:34 [DEBUG] Starting new HTTPS connection (1): cp.cloudflare.com:443
09:01:34 [DEBUG] Starting new HTTPS connection (1): www.gstatic.com:443
09:01:34 [DEBUG] Starting new HTTPS connection (1): cp.cloudflare.com:443
09:01:35 [DEBUG] Starting new HTTPS connection (1): www.gstatic.com:443
09:01:35 [DEBUG] Starting new HTTPS connection (1): www.google.com:443
09:01:35 [DEBUG] Starting new HTTPS connection (1): cp.cloudflare.com:443
09:01:35 [DEBUG] Starting new HTTPS connection (1): www.gstatic.com:443
09:01:36 [DEBUG] Starting new HTTPS connection (1): www.google.com:443
09:01:36 [DEBUG] https://www.google.com:443 "GET /generate_204 HTTP/1.1" 204 0
09:01:36 [DEBUG] Starting new HTTPS connection (1): cp.cloudflare.com:443
09:01:36 [DEBUG] Starting new HTTPS connection (1): cp.cloudflare.com:443
09:01:36 [DEBUG] https://cp.cloudflare.com:443 "GET / HTTP/1.1" 204 0
09:01:36 [DEBUG] Starting new HTTPS connection (1): www.gstatic.com:443
09:01:36 [DEBUG] Starting new HTTPS connection (1): www.google.com:443
09:01:36 [DEBUG] https://www.gstatic.com:443 "GET /generate_204 HTTP/1.1" 204 0
09:01:36 [DEBUG] Starting new HTTPS connection (1): www.gstatic.com:443
09:01:36 [DEBUG] Starting new HTTPS connection (1): dl.google.com:443
09:01:37 [DEBUG] Starting new HTTPS connection (1): www.google.com:443
09:01:37 [DEBUG] https://www.google.com:443 "GET /generate_204 HTTP/1.1" 204 0
09:01:37 [DEBUG] Starting new HTTPS connection (1): cp.cloudflare.com:443
09:01:37 [DEBUG] https://cp.cloudflare.com:443 "GET / HTTP/1.1" 204 0
09:01:37 [DEBUG] Starting new HTTPS connection (1): www.gstatic.com:443
09:01:37 [DEBUG] https://www.gstatic.com:443 "GET /generate_204 HTTP/1.1" 204 0
09:01:37 [DEBUG] https://cp.cloudflare.com:443 "GET / HTTP/1.1" 204 0
09:01:37 [DEBUG] Starting new HTTPS connection (1): www.gstatic.com:443
09:01:37 [DEBUG] Starting new HTTPS connection (1): dl.google.com:443
09:01:37 [DEBUG] https://dl.google.com:443 "GET /dl/android/studio/install/3.4.1.0/android-studio-ide-183.5522156-windows.exe HTTP/1.1" 404 1449
09:01:37 [INFO]    🎯 57.129.49.1 (Германия) - 0.0Mbps, 52ms UDP✅ Reality [fuck.rkn]
09:01:37 [DEBUG] Starting new HTTPS connection (1): www.google.com:443
09:01:37 [DEBUG] https://www.google.com:443 "GET /generate_204 HTTP/1.1" 204 0
09:01:37 [DEBUG] Starting new HTTPS connection (1): cp.cloudflare.com:443
09:01:37 [DEBUG] https://dl.google.com:443 "GET /dl/android/studio/install/3.4.1.0/android-studio-ide-183.5522156-windows.exe HTTP/1.1" 404 1449
09:01:37 [INFO]    🎯 65.108.108.151 (Финляндия) - 0.0Mbps, 198ms UDP✅ Reality [fit.jojack.ru]
09:01:37 [DEBUG] https://cp.cloudflare.com:443 "GET / HTTP/1.1" 204 0
09:01:37 [DEBUG] Starting new HTTPS connection (1): www.gstatic.com:443
09:01:37 [DEBUG] https://www.gstatic.com:443 "GET /generate_204 HTTP/1.1" 204 0
09:01:37 [DEBUG] Starting new HTTPS connection (1): dl.google.com:443
09:01:37 [DEBUG] https://dl.google.com:443 "GET /dl/android/studio/install/3.4.1.0/android-studio-ide-183.5522156-windows.exe HTTP/1.1" 200 1017327996
09:01:37 [INFO]    🎯 89.169.55.246 (Германия) - 64.4Mbps, 60ms UDP✅ Reality [krakenlabs.ru]
09:01:38 [DEBUG] Starting new HTTPS connection (1): cp.cloudflare.com:443
09:01:38 [DEBUG] Starting new HTTPS connection (1): www.google.com:443
09:01:38 [DEBUG] Starting new HTTPS connection (1): www.google.com:443
09:01:39 [DEBUG] Starting new HTTPS connection (1): www.google.com:443
09:01:39 [DEBUG] Starting new HTTPS connection (1): cp.cloudflare.com:443
09:01:39 [DEBUG] Starting new HTTPS connection (1): www.gstatic.com:443
09:01:40 [DEBUG] Starting new HTTPS connection (1): www.google.com:443
09:01:40 [DEBUG] Starting new HTTPS connection (1): www.google.com:443
09:01:40 [DEBUG] https://www.google.com:443 "GET /generate_204 HTTP/1.1" 204 0
09:01:40 [DEBUG] Starting new HTTPS connection (1): cp.cloudflare.com:443
09:01:40 [DEBUG] Starting new HTTPS connection (1): cp.cloudflare.com:443
09:01:40 [DEBUG] Starting new HTTPS connection (1): www.gstatic.com:443
09:01:40 [DEBUG] Starting new HTTPS connection (1): cp.cloudflare.com:443
09:01:41 [DEBUG] Starting new HTTPS connection (1): www.gstatic.com:443
09:01:41 [DEBUG] Starting new HTTPS connection (1): cp.cloudflare.com:443
09:01:41 [DEBUG] Starting new HTTPS connection (1): www.google.com:443
09:01:42 [DEBUG] Starting new HTTPS connection (1): cp.cloudflare.com:443
09:01:42 [DEBUG] https://cp.cloudflare.com:443 "GET / HTTP/1.1" 204 0
09:01:42 [DEBUG] Starting new HTTPS connection (1): www.gstatic.com:443
09:01:42 [DEBUG] https://www.gstatic.com:443 "GET /generate_204 HTTP/1.1" 204 0
09:01:42 [DEBUG] Starting new HTTPS connection (1): dl.google.com:443
09:01:42 [DEBUG] https://dl.google.com:443 "GET /dl/android/studio/install/3.4.1.0/android-studio-ide-183.5522156-windows.exe HTTP/1.1" 200 1017327996
09:01:42 [DEBUG] Starting new HTTPS connection (1): www.google.com:443
09:01:42 [DEBUG] Starting new HTTPS connection (1): www.gstatic.com:443
09:01:42 [DEBUG] Starting new HTTPS connection (1): cp.cloudflare.com:443
09:01:42 [INFO]    🎯 57.129.53.181 (Германия) - 47.6Mbps, 1329ms UDP✅ Reality [fuck.rkn]
09:01:42 [DEBUG] Starting new HTTPS connection (1): www.gstatic.com:443
09:01:43 [DEBUG] Starting new HTTPS connection (1): www.gstatic.com:443
09:01:44 [DEBUG] Starting new HTTPS connection (1): www.gstatic.com:443
09:01:44 [DEBUG] Starting new HTTPS connection (1): www.google.com:443
09:01:44 [DEBUG] Starting new HTTPS connection (1): www.google.com:443
09:01:44 [DEBUG] https://www.google.com:443 "GET /generate_204 HTTP/1.1" 204 0
09:01:44 [DEBUG] Starting new HTTPS connection (1): cp.cloudflare.com:443
09:01:44 [DEBUG] Starting new HTTPS connection (1): www.gstatic.com:443
09:01:44 [DEBUG] https://cp.cloudflare.com:443 "GET / HTTP/1.1" 204 0
09:01:44 [DEBUG] Starting new HTTPS connection (1): www.gstatic.com:443
09:01:44 [DEBUG] https://www.gstatic.com:443 "GET /generate_204 HTTP/1.1" 204 0
09:01:44 [DEBUG] Starting new HTTPS connection (1): dl.google.com:443
09:01:44 [DEBUG] https://dl.google.com:443 "GET /dl/android/studio/install/3.4.1.0/android-studio-ide-183.5522156-windows.exe HTTP/1.1" 200 1017327996
09:01:44 [INFO]    🎯 51.158.206.103 (Нидерланды) - 69.5Mbps, 76ms UDP✅ Reality [fuck.rkn]
09:01:44 [DEBUG] Starting new HTTPS connection (1): dl.google.com:443
09:01:44 [DEBUG] https://www.google.com:443 "GET /generate_204 HTTP/1.1" 204 0
09:01:44 [DEBUG] Starting new HTTPS connection (1): cp.cloudflare.com:443
09:01:45 [DEBUG] https://cp.cloudflare.com:443 "GET / HTTP/1.1" 204 0
09:01:45 [DEBUG] Starting new HTTPS connection (1): www.gstatic.com:443
09:01:45 [DEBUG] https://www.gstatic.com:443 "GET /generate_204 HTTP/1.1" 204 0
09:01:45 [DEBUG] Starting new HTTPS connection (1): dl.google.com:443
09:01:45 [DEBUG] Starting new HTTPS connection (1): www.google.com:443
09:01:45 [DEBUG] https://www.google.com:443 "GET /generate_204 HTTP/1.1" 204 0
09:01:45 [DEBUG] Starting new HTTPS connection (1): cp.cloudflare.com:443
09:01:45 [DEBUG] https://cp.cloudflare.com:443 "GET / HTTP/1.1" 204 0
09:01:45 [DEBUG] Starting new HTTPS connection (1): www.gstatic.com:443
09:01:45 [DEBUG] Starting new HTTPS connection (1): www.google.com:443
09:01:45 [DEBUG] https://www.google.com:443 "GET /generate_204 HTTP/1.1" 204 0
09:01:45 [DEBUG] Starting new HTTPS connection (1): cp.cloudflare.com:443
09:01:45 [DEBUG] https://cp.cloudflare.com:443 "GET / HTTP/1.1" 204 0
09:01:45 [DEBUG] Starting new HTTPS connection (1): www.gstatic.com:443
09:01:45 [DEBUG] https://www.gstatic.com:443 "GET /generate_204 HTTP/1.1" 204 0
09:01:45 [DEBUG] Starting new HTTPS connection (1): cp.cloudflare.com:443
09:01:46 [DEBUG] Starting new HTTPS connection (1): dl.google.com:443
09:01:46 [DEBUG] https://dl.google.com:443 "GET /dl/android/studio/install/3.4.1.0/android-studio-ide-183.5522156-windows.exe HTTP/1.1" 200 1017327996
09:01:46 [DEBUG] https://www.gstatic.com:443 "GET /generate_204 HTTP/1.1" 204 0
09:01:46 [DEBUG] Starting new HTTPS connection (1): www.google.com:443
09:01:46 [INFO]    🎯 57.129.53.182 (Германия) - 53.6Mbps, 33ms UDP✅ Reality [fuck.rkn]
09:01:46 [DEBUG] Starting new HTTPS connection (1): dl.google.com:443
09:01:46 [DEBUG] https://dl.google.com:443 "GET /dl/android/studio/install/3.4.1.0/android-studio-ide-183.5522156-windows.exe HTTP/1.1" 200 1017327996
09:01:47 [DEBUG] https://dl.google.com:443 "GET /dl/android/studio/install/3.4.1.0/android-studio-ide-183.5522156-windows.exe HTTP/1.1" 200 1017327996
09:01:47 [DEBUG] Starting new HTTPS connection (1): www.google.com:443
09:01:47 [INFO]    🎯 51.158.206.98 (Нидерланды) - 7.2Mbps, 365ms UDP✅ Reality [fuck.rkn]
09:01:47 [DEBUG] Starting new HTTPS connection (1): www.google.com:443
09:01:47 [INFO]    🎯 51.158.206.93 (Нидерланды) - 12.7Mbps, 167ms UDP✅ Reality [fuck.rkn]
09:01:47 [DEBUG] https://www.google.com:443 "GET /generate_204 HTTP/1.1" 204 0
09:01:47 [DEBUG] Starting new HTTPS connection (1): cp.cloudflare.com:443
09:01:47 [DEBUG] Starting new HTTPS connection (1): www.google.com:443
09:01:47 [INFO]    🎯 185.21.14.122 (Нидерланды) - 0.8Mbps, 196ms UDP✅ Reality [apple.com]
09:01:47 [DEBUG] https://cp.cloudflare.com:443 "GET / HTTP/1.1" 204 0
09:01:47 [DEBUG] Starting new HTTPS connection (1): www.gstatic.com:443
09:01:47 [DEBUG] https://www.google.com:443 "GET /generate_204 HTTP/1.1" 204 0
09:01:47 [DEBUG] Starting new HTTPS connection (1): cp.cloudflare.com:443
09:01:47 [DEBUG] https://www.gstatic.com:443 "GET /generate_204 HTTP/1.1" 204 0
09:01:48 [DEBUG] Starting new HTTPS connection (1): www.gstatic.com:443
09:01:48 [DEBUG] https://dl.google.com:443 "GET /dl/android/studio/install/3.4.1.0/android-studio-ide-183.5522156-windows.exe HTTP/1.1" 404 1449
09:01:48 [INFO]    🎯 38.60.212.251 (JP) - 0.0Mbps, 3822ms UDP✅ Reality [mensura.cdn-apple.co]
09:01:48 [DEBUG] Starting new HTTPS connection (1): dl.google.com:443
09:01:48 [DEBUG] https://cp.cloudflare.com:443 "GET / HTTP/1.1" 204 0
09:01:48 [DEBUG] Starting new HTTPS connection (1): www.gstatic.com:443
09:01:48 [DEBUG] Starting new HTTPS connection (1): cp.cloudflare.com:443
09:01:48 [DEBUG] https://www.gstatic.com:443 "GET /generate_204 HTTP/1.1" 204 0
09:01:48 [DEBUG] Starting new HTTPS connection (1): dl.google.com:443
09:01:48 [DEBUG] Starting new HTTPS connection (1): www.google.com:443
09:01:48 [DEBUG] Starting new HTTPS connection (1): www.google.com:443
09:01:48 [DEBUG] https://dl.google.com:443 "GET /dl/android/studio/install/3.4.1.0/android-studio-ide-183.5522156-windows.exe HTTP/1.1" 200 1017327996
09:01:48 [DEBUG] https://dl.google.com:443 "GET /dl/android/studio/install/3.4.1.0/android-studio-ide-183.5522156-windows.exe HTTP/1.1" 200 1017327996
09:01:48 [DEBUG] Starting new HTTPS connection (1): www.google.com:443
09:01:49 [DEBUG] Starting new HTTPS connection (1): www.google.com:443
09:01:49 [DEBUG] Starting new HTTPS connection (1): www.google.com:443
09:01:49 [DEBUG] https://www.google.com:443 "GET /generate_204 HTTP/1.1" 204 0
09:01:49 [DEBUG] Starting new HTTPS connection (1): cp.cloudflare.com:443
09:01:49 [INFO]    🎯 144.31.198.228 (Германия) - 9.2Mbps, 154ms UDP✅ Reality [canva.com]
09:01:49 [INFO]    📊 Global: 80/400 (20%) | ✅27 ❌53
09:01:49 [DEBUG] https://www.google.com:443 "GET /generate_204 HTTP/1.1" 204 0
09:01:49 [DEBUG] Starting new HTTPS connection (1): cp.cloudflare.com:443
09:01:49 [DEBUG] Starting new HTTPS connection (1): cp.cloudflare.com:443
09:01:49 [DEBUG] https://cp.cloudflare.com:443 "GET / HTTP/1.1" 204 0
09:01:49 [DEBUG] Starting new HTTPS connection (1): www.gstatic.com:443
09:01:49 [DEBUG] https://www.google.com:443 "GET /generate_204 HTTP/1.1" 204 0
09:01:49 [DEBUG] Starting new HTTPS connection (1): cp.cloudflare.com:443
09:01:49 [INFO]    🎯 138.124.79.9 (Нидерланды) - 12.2Mbps, 267ms UDP✅ Reality [sun6-21.userapi.com]
09:01:49 [DEBUG] https://www.gstatic.com:443 "GET /generate_204 HTTP/1.1" 204 0
09:01:49 [DEBUG] Starting new HTTPS connection (1): dl.google.com:443
09:01:49 [DEBUG] https://cp.cloudflare.com:443 "GET / HTTP/1.1" 204 0
09:01:49 [DEBUG] Starting new HTTPS connection (1): www.gstatic.com:443
09:01:49 [DEBUG] https://cp.cloudflare.com:443 "GET / HTTP/1.1" 204 0
09:01:49 [DEBUG] Starting new HTTPS connection (1): www.gstatic.com:443
09:01:49 [DEBUG] https://www.gstatic.com:443 "GET /generate_204 HTTP/1.1" 204 0
09:01:49 [DEBUG] Starting new HTTPS connection (1): dl.google.com:443
09:01:49 [DEBUG] https://dl.google.com:443 "GET /dl/android/studio/install/3.4.1.0/android-studio-ide-183.5522156-windows.exe HTTP/1.1" 200 1017327996
09:01:50 [DEBUG] https://dl.google.com:443 "GET /dl/android/studio/install/3.4.1.0/android-studio-ide-183.5522156-windows.exe HTTP/1.1" 200 1017327996
09:01:50 [INFO]    🎯 195.26.224.102 (Нидерланды) - 34.2Mbps, 126ms UDP✅ Reality [vk.com]
09:01:50 [INFO]    🎯 195.26.224.112 (Нидерланды) - 30.5Mbps, 156ms UDP✅ Reality [vk.com]
09:01:50 [DEBUG] https://www.gstatic.com:443 "GET /generate_204 HTTP/1.1" 204 0
09:01:50 [DEBUG] Starting new HTTPS connection (1): www.google.com:443
09:01:50 [DEBUG] Starting new HTTPS connection (1): cp.cloudflare.com:443
09:01:50 [DEBUG] Starting new HTTPS connection (1): www.google.com:443
09:01:50 [DEBUG] Starting new HTTPS connection (1): www.gstatic.com:443
09:01:51 [DEBUG] Starting new HTTPS connection (1): dl.google.com:443
09:01:51 [DEBUG] Starting new HTTPS connection (1): cp.cloudflare.com:443
09:01:51 [DEBUG] Starting new HTTPS connection (1): www.google.com:443
09:01:51 [DEBUG] https://dl.google.com:443 "GET /dl/android/studio/install/3.4.1.0/android-studio-ide-183.5522156-windows.exe HTTP/1.1" 200 1017327996
09:01:51 [DEBUG] Starting new HTTPS connection (1): www.gstatic.com:443
09:01:51 [DEBUG] Starting new HTTPS connection (1): www.google.com:443
09:01:51 [DEBUG] https://www.google.com:443 "GET /generate_204 HTTP/1.1" 204 0
09:01:51 [DEBUG] Starting new HTTPS connection (1): cp.cloudflare.com:443
09:01:51 [INFO]    🎯 51.158.206.80 (Нидерланды) - 32.5Mbps, 513ms UDP✅ Reality [fuck.rkn]
09:01:51 [DEBUG] Starting new HTTPS connection (1): www.google.com:443
09:01:51 [DEBUG] https://www.google.com:443 "GET /generate_204 HTTP/1.1" 204 0
09:01:51 [DEBUG] Starting new HTTPS connection (1): cp.cloudflare.com:443
09:01:51 [DEBUG] https://cp.cloudflare.com:443 "GET / HTTP/1.1" 204 0
09:01:51 [DEBUG] Starting new HTTPS connection (1): www.gstatic.com:443
09:01:51 [DEBUG] https://www.gstatic.com:443 "GET /generate_204 HTTP/1.1" 204 0
09:01:51 [DEBUG] Starting new HTTPS connection (1): dl.google.com:443
09:01:52 [DEBUG] https://dl.google.com:443 "GET /dl/android/studio/install/3.4.1.0/android-studio-ide-183.5522156-windows.exe HTTP/1.1" 200 1017327996
09:01:52 [DEBUG] Starting new HTTPS connection (1): www.google.com:443
09:01:52 [INFO]    🎯 de4.socialup.live (XX) - 42.7Mbps, 173ms UDP✅ Reality [web.max.ru]
09:01:52 [DEBUG] Starting new HTTPS connection (1): www.google.com:443
09:01:52 [DEBUG] Starting new HTTPS connection (1): www.google.com:443
09:01:52 [DEBUG] Starting new HTTPS connection (1): www.gstatic.com:443
09:01:52 [DEBUG] https://www.google.com:443 "GET /generate_204 HTTP/1.1" 204 0
09:01:52 [DEBUG] Starting new HTTPS connection (1): cp.cloudflare.com:443
09:01:52 [DEBUG] Starting new HTTPS connection (1): cp.cloudflare.com:443
09:01:53 [DEBUG] Starting new HTTPS connection (1): www.gstatic.com:443
09:01:53 [DEBUG] Starting new HTTPS connection (1): www.gstatic.com:443
09:01:53 [DEBUG] Starting new HTTPS connection (1): www.google.com:443
09:01:53 [DEBUG] Starting new HTTPS connection (1): cp.cloudflare.com:443
09:01:53 [DEBUG] Starting new HTTPS connection (1): cp.cloudflare.com:443
09:01:54 [DEBUG] Starting new HTTPS connection (1): cp.cloudflare.com:443
09:01:54 [DEBUG] Starting new HTTPS connection (1): cp.cloudflare.com:443
09:01:54 [DEBUG] Starting new HTTPS connection (1): www.google.com:443
09:01:54 [DEBUG] Starting new HTTPS connection (1): cp.cloudflare.com:443
09:01:54 [DEBUG] Starting new HTTPS connection (1): www.gstatic.com:443
09:01:55 [DEBUG] Starting new HTTPS connection (1): www.gstatic.com:443
09:01:55 [DEBUG] Starting new HTTPS connection (1): cp.cloudflare.com:443
09:01:56 [DEBUG] Starting new HTTPS connection (1): www.google.com:443
09:01:56 [DEBUG] Starting new HTTPS connection (1): cp.cloudflare.com:443
09:01:56 [DEBUG] Starting new HTTPS connection (1): www.gstatic.com:443
09:01:56 [DEBUG] Starting new HTTPS connection (1): www.gstatic.com:443
09:01:56 [DEBUG] Starting new HTTPS connection (1): www.gstatic.com:443
09:01:56 [DEBUG] https://www.gstatic.com:443 "GET /generate_204 HTTP/1.1" 204 0
09:01:56 [DEBUG] Starting new HTTPS connection (1): dl.google.com:443
09:01:56 [DEBUG] https://dl.google.com:443 "GET /dl/android/studio/install/3.4.1.0/android-studio-ide-183.5522156-windows.exe HTTP/1.1" 200 1017327996
09:01:56 [INFO]    🎯 185.177.238.57 (AL) - 69.3Mbps, 70ms UDP✅ Reality [al.cdn.stun.su]
09:01:56 [DEBUG] Starting new HTTPS connection (1): www.gstatic.com:443
09:01:57 [DEBUG] Starting new HTTPS connection (1): www.gstatic.com:443
09:01:57 [DEBUG] Starting new HTTPS connection (1): www.gstatic.com:443
09:01:58 [DEBUG] Starting new HTTPS connection (1): www.google.com:443
09:01:58 [DEBUG] Starting new HTTPS connection (1): www.google.com:443
09:01:58 [DEBUG] Starting new HTTPS connection (1): www.google.com:443
09:01:58 [DEBUG] Starting new HTTPS connection (1): cp.cloudflare.com:443
09:01:58 [DEBUG] Starting new HTTPS connection (1): cp.cloudflare.com:443
09:01:58 [DEBUG] Starting new HTTPS connection (1): www.gstatic.com:443
09:01:58 [DEBUG] Starting new HTTPS connection (1): www.gstatic.com:443
09:01:58 [DEBUG] Starting new HTTPS connection (1): www.gstatic.com:443
09:01:58 [DEBUG] Starting new HTTPS connection (1): www.google.com:443
09:01:59 [DEBUG] Starting new HTTPS connection (1): www.google.com:443
09:01:59 [DEBUG] Starting new HTTPS connection (1): www.google.com:443
09:01:59 [DEBUG] Starting new HTTPS connection (1): www.google.com:443
09:01:59 [DEBUG] Starting new HTTPS connection (1): www.google.com:443
09:02:00 [DEBUG] Starting new HTTPS connection (1): www.google.com:443
09:02:01 [DEBUG] Starting new HTTPS connection (1): www.google.com:443
09:02:01 [DEBUG] Starting new HTTPS connection (1): cp.cloudflare.com:443
09:02:02 [DEBUG] https://www.google.com:443 "GET /generate_204 HTTP/1.1" 204 0
09:02:02 [DEBUG] Starting new HTTPS connection (1): cp.cloudflare.com:443
09:02:03 [DEBUG] Starting new HTTPS connection (1): cp.cloudflare.com:443
09:02:03 [DEBUG] Starting new HTTPS connection (1): cp.cloudflare.com:443
09:02:03 [DEBUG] Starting new HTTPS connection (1): cp.cloudflare.com:443
09:02:04 [DEBUG] https://cp.cloudflare.com:443 "GET / HTTP/1.1" 204 0
09:02:04 [DEBUG] Starting new HTTPS connection (1): www.gstatic.com:443
09:02:04 [DEBUG] Starting new HTTPS connection (1): www.gstatic.com:443
09:02:04 [DEBUG] Starting new HTTPS connection (1): www.google.com:443
09:02:04 [DEBUG] Starting new HTTPS connection (1): www.gstatic.com:443
09:02:04 [DEBUG] Starting new HTTPS connection (1): cp.cloudflare.com:443
09:02:04 [DEBUG] Starting new HTTPS connection (1): www.google.com:443
09:02:04 [DEBUG] Starting new HTTPS connection (1): cp.cloudflare.com:443
09:02:05 [DEBUG] Starting new HTTPS connection (1): cp.cloudflare.com:443
09:02:05 [DEBUG] Starting new HTTPS connection (1): www.google.com:443
09:02:05 [DEBUG] https://www.gstatic.com:443 "GET /generate_204 HTTP/1.1" 204 0
09:02:05 [DEBUG] Starting new HTTPS connection (1): cp.cloudflare.com:443
09:02:05 [DEBUG] Starting new HTTPS connection (1): www.gstatic.com:443
09:02:06 [DEBUG] Starting new HTTPS connection (1): dl.google.com:443
09:02:06 [DEBUG] Starting new HTTPS connection (1): www.gstatic.com:443
09:02:06 [DEBUG] https://www.google.com:443 "GET /generate_204 HTTP/1.1" 204 0
09:02:06 [DEBUG] Starting new HTTPS connection (1): cp.cloudflare.com:443
09:02:07 [DEBUG] Starting new HTTPS connection (1): www.google.com:443
09:02:07 [DEBUG] https://dl.google.com:443 "GET /dl/android/studio/install/3.4.1.0/android-studio-ide-183.5522156-windows.exe HTTP/1.1" 200 1017327996
09:02:08 [DEBUG] Starting new HTTPS connection (1): www.google.com:443
09:02:08 [DEBUG] https://cp.cloudflare.com:443 "GET / HTTP/1.1" 204 0
09:02:08 [DEBUG] Starting new HTTPS connection (1): www.gstatic.com:443
09:02:08 [DEBUG] https://www.google.com:443 "GET /generate_204 HTTP/1.1" 204 0
09:02:08 [DEBUG] Starting new HTTPS connection (1): cp.cloudflare.com:443
09:02:08 [DEBUG] Starting new HTTPS connection (1): www.gstatic.com:443
09:02:08 [DEBUG] https://www.google.com:443 "GET /generate_204 HTTP/1.1" 204 0
09:02:08 [DEBUG] Starting new HTTPS connection (1): cp.cloudflare.com:443
09:02:08 [DEBUG] https://cp.cloudflare.com:443 "GET / HTTP/1.1" 204 0
09:02:08 [DEBUG] Starting new HTTPS connection (1): www.gstatic.com:443
09:02:08 [DEBUG] https://www.gstatic.com:443 "GET /generate_204 HTTP/1.1" 204 0
09:02:09 [DEBUG] https://www.gstatic.com:443 "GET /generate_204 HTTP/1.1" 204 0
09:02:09 [DEBUG] Starting new HTTPS connection (1): dl.google.com:443
09:02:09 [DEBUG] Starting new HTTPS connection (1): dl.google.com:443
09:02:09 [DEBUG] Starting new HTTPS connection (1): www.gstatic.com:443
09:02:09 [DEBUG] https://dl.google.com:443 "GET /dl/android/studio/install/3.4.1.0/android-studio-ide-183.5522156-windows.exe HTTP/1.1" 200 1017327996
09:02:09 [DEBUG] Starting new HTTPS connection (1): www.gstatic.com:443
09:02:10 [DEBUG] https://dl.google.com:443 "GET /dl/android/studio/install/3.4.1.0/android-studio-ide-183.5522156-windows.exe HTTP/1.1" 200 1017327996
09:02:10 [DEBUG] Starting new HTTPS connection (1): www.google.com:443
09:02:10 [DEBUG] Starting new HTTPS connection (1): www.gstatic.com:443
09:02:10 [INFO]    🎯 panelsaf.netvip1.ru (XX) - 3.1Mbps, 2442ms UDP✅ Reality [refersion.com]
09:02:10 [INFO]    🎯 103.113.70.30 (Молдова) - 12.3Mbps, 353ms UDP✅ Reality [tradingview.com]
09:02:10 [DEBUG] https://www.google.com:443 "GET /generate_204 HTTP/1.1" 204 0
09:02:10 [DEBUG] Starting new HTTPS connection (1): cp.cloudflare.com:443
09:02:11 [DEBUG] https://cp.cloudflare.com:443 "GET / HTTP/1.1" 204 0
09:02:11 [DEBUG] Starting new HTTPS connection (1): www.gstatic.com:443
09:02:11 [INFO]    🎯 ilta-wzxrxkdhbjpnprhkkpplsjwawhssvollvxzdhqshiqckwdgrdm.orbnet.xyz (XX) - 5.8Mbps, 1320ms UDP✅ Reality [i2pd.website]
09:02:11 [DEBUG] https://www.gstatic.com:443 "GET /generate_204 HTTP/1.1" 204 0
09:02:11 [DEBUG] Starting new HTTPS connection (1): www.google.com:443
09:02:11 [DEBUG] Starting new HTTPS connection (1): www.google.com:443
09:02:11 [DEBUG] Starting new HTTPS connection (1): dl.google.com:443
09:02:11 [DEBUG] https://www.google.com:443 "GET /generate_204 HTTP/1.1" 204 0
09:02:11 [DEBUG] Starting new HTTPS connection (1): cp.cloudflare.com:443
09:02:12 [DEBUG] Starting new HTTPS connection (1): cp.cloudflare.com:443
09:02:12 [DEBUG] Starting new HTTPS connection (1): cp.cloudflare.com:443
09:02:12 [DEBUG] https://cp.cloudflare.com:443 "GET / HTTP/1.1" 204 0
09:02:12 [DEBUG] Starting new HTTPS connection (1): www.gstatic.com:443
09:02:12 [DEBUG] https://dl.google.com:443 "GET /dl/android/studio/install/3.4.1.0/android-studio-ide-183.5522156-windows.exe HTTP/1.1" 200 1017327996
09:02:12 [DEBUG] Starting new HTTPS connection (1): www.google.com:443
09:02:12 [DEBUG] https://www.gstatic.com:443 "GET /generate_204 HTTP/1.1" 204 0
09:02:12 [DEBUG] Starting new HTTPS connection (1): www.gstatic.com:443
09:02:12 [DEBUG] Starting new HTTPS connection (1): dl.google.com:443
09:02:12 [DEBUG] https://www.gstatic.com:443 "GET /generate_204 HTTP/1.1" 204 0
09:02:13 [DEBUG] Starting new HTTPS connection (1): www.google.com:443
09:02:13 [DEBUG] https://dl.google.com:443 "GET /dl/android/studio/install/3.4.1.0/android-studio-ide-183.5522156-windows.exe HTTP/1.1" 200 1017327996
09:02:13 [DEBUG] Starting new HTTPS connection (1): cp.cloudflare.com:443
09:02:13 [INFO]    🎯 94.131.101.203 (Молдова) - 7.6Mbps, 487ms UDP✅ Reality [tradingview.com]
09:02:13 [DEBUG] Starting new HTTPS connection (1): www.gstatic.com:443
09:02:13 [DEBUG] Starting new HTTPS connection (1): www.gstatic.com:443
09:02:13 [INFO]    🎯 45.83.140.34 (CY) - 12.4Mbps, 351ms UDP✅ Reality [tradingview.com]
09:02:14 [DEBUG] Starting new HTTPS connection (1): www.google.com:443
09:02:14 [DEBUG] Starting new HTTPS connection (1): cp.cloudflare.com:443
09:02:14 [DEBUG] Starting new HTTPS connection (1): www.google.com:443
09:02:14 [DEBUG] Starting new HTTPS connection (1): www.google.com:443
09:02:14 [DEBUG] Starting new HTTPS connection (1): www.google.com:443
09:02:15 [DEBUG] Starting new HTTPS connection (1): www.google.com:443
09:02:15 [DEBUG] Starting new HTTPS connection (1): cp.cloudflare.com:443
09:02:15 [DEBUG] Starting new HTTPS connection (1): www.gstatic.com:443
09:02:15 [DEBUG] Starting new HTTPS connection (1): www.google.com:443
09:02:16 [DEBUG] Starting new HTTPS connection (1): www.google.com:443
09:02:17 [DEBUG] Starting new HTTPS connection (1): www.gstatic.com:443
09:02:17 [DEBUG] Starting new HTTPS connection (1): www.google.com:443
09:02:17 [DEBUG] https://www.google.com:443 "GET /generate_204 HTTP/1.1" 204 0
09:02:17 [DEBUG] Starting new HTTPS connection (1): cp.cloudflare.com:443
09:02:17 [DEBUG] https://cp.cloudflare.com:443 "GET / HTTP/1.1" 204 0
09:02:17 [DEBUG] Starting new HTTPS connection (1): www.gstatic.com:443
09:02:17 [DEBUG] Starting new HTTPS connection (1): cp.cloudflare.com:443
09:02:17 [DEBUG] https://www.gstatic.com:443 "GET /generate_204 HTTP/1.1" 204 0
09:02:17 [DEBUG] Starting new HTTPS connection (1): dl.google.com:443
09:02:17 [DEBUG] https://dl.google.com:443 "GET /dl/android/studio/install/3.4.1.0/android-studio-ide-183.5522156-windows.exe HTTP/1.1" 200 1017327996
09:02:18 [INFO]    🎯 217.154.254.198 (Германия) - 24.2Mbps, 142ms UDP✅ Reality [azure.com]
09:02:18 [INFO]    📊 Global: 120/400 (30%) | ✅39 ❌81
09:02:18 [DEBUG] Starting new HTTPS connection (1): cp.cloudflare.com:443
09:02:18 [DEBUG] Starting new HTTPS connection (1): cp.cloudflare.com:443
09:02:19 [DEBUG] Starting new HTTPS connection (1): www.google.com:443
09:02:19 [DEBUG] Starting new HTTPS connection (1): cp.cloudflare.com:443
09:02:19 [DEBUG] Starting new HTTPS connection (1): www.google.com:443
09:02:20 [DEBUG] Starting new HTTPS connection (1): www.gstatic.com:443
09:02:20 [DEBUG] Starting new HTTPS connection (1): cp.cloudflare.com:443
09:02:21 [DEBUG] https://www.google.com:443 "GET /generate_204 HTTP/1.1" 204 0
09:02:21 [DEBUG] Starting new HTTPS connection (1): cp.cloudflare.com:443
09:02:21 [DEBUG] Starting new HTTPS connection (1): www.google.com:443
09:02:22 [DEBUG] Starting new HTTPS connection (1): www.gstatic.com:443
09:02:22 [DEBUG] Starting new HTTPS connection (1): www.gstatic.com:443
09:02:22 [DEBUG] Starting new HTTPS connection (1): www.gstatic.com:443
09:02:23 [DEBUG] https://cp.cloudflare.com:443 "GET / HTTP/1.1" 204 0
09:02:23 [DEBUG] Starting new HTTPS connection (1): www.gstatic.com:443
09:02:23 [DEBUG] Starting new HTTPS connection (1): www.google.com:443
09:02:24 [DEBUG] https://www.google.com:443 "GET /generate_204 HTTP/1.1" 204 0
09:02:24 [DEBUG] Starting new HTTPS connection (1): cp.cloudflare.com:443
09:02:24 [DEBUG] Starting new HTTPS connection (1): cp.cloudflare.com:443
09:02:24 [DEBUG] Starting new HTTPS connection (1): cp.cloudflare.com:443
09:02:25 [DEBUG] https://cp.cloudflare.com:443 "GET / HTTP/1.1" 204 0
09:02:25 [DEBUG] Starting new HTTPS connection (1): www.gstatic.com:443
09:02:25 [DEBUG] Starting new HTTPS connection (1): cp.cloudflare.com:443
09:02:25 [DEBUG] Starting new HTTPS connection (1): www.gstatic.com:443
09:02:25 [DEBUG] https://www.gstatic.com:443 "GET /generate_204 HTTP/1.1" 204 0
09:02:26 [DEBUG] Starting new HTTPS connection (1): www.gstatic.com:443
09:02:26 [DEBUG] Starting new HTTPS connection (1): dl.google.com:443
09:02:27 [DEBUG] Starting new HTTPS connection (1): www.google.com:443
09:02:27 [DEBUG] Starting new HTTPS connection (1): cp.cloudflare.com:443
09:02:27 [DEBUG] Starting new HTTPS connection (1): www.gstatic.com:443
09:02:27 [DEBUG] https://dl.google.com:443 "GET /dl/android/studio/install/3.4.1.0/android-studio-ide-183.5522156-windows.exe HTTP/1.1" 200 1017327996
09:02:27 [DEBUG] Starting new HTTPS connection (1): www.gstatic.com:443
09:02:27 [DEBUG] Starting new HTTPS connection (1): www.google.com:443
09:02:28 [DEBUG] https://www.google.com:443 "GET /generate_204 HTTP/1.1" 204 0
09:02:28 [DEBUG] Starting new HTTPS connection (1): cp.cloudflare.com:443
09:02:28 [DEBUG] https://cp.cloudflare.com:443 "GET / HTTP/1.1" 204 0
09:02:28 [DEBUG] Starting new HTTPS connection (1): www.gstatic.com:443
09:02:28 [DEBUG] Starting new HTTPS connection (1): www.google.com:443
09:02:28 [DEBUG] https://www.gstatic.com:443 "GET /generate_204 HTTP/1.1" 204 0
09:02:28 [DEBUG] Starting new HTTPS connection (1): dl.google.com:443
09:02:28 [DEBUG] Starting new HTTPS connection (1): www.google.com:443
09:02:29 [DEBUG] https://www.google.com:443 "GET /generate_204 HTTP/1.1" 204 0
09:02:29 [DEBUG] Starting new HTTPS connection (1): cp.cloudflare.com:443
09:02:29 [DEBUG] https://dl.google.com:443 "GET /dl/android/studio/install/3.4.1.0/android-studio-ide-183.5522156-windows.exe HTTP/1.1" 200 1017327996
09:02:29 [DEBUG] https://cp.cloudflare.com:443 "GET / HTTP/1.1" 204 0
09:02:29 [DEBUG] Starting new HTTPS connection (1): www.gstatic.com:443
09:02:29 [INFO]    🎯 dublin.pryanik.net.ru (XX) - 20.5Mbps, 285ms UDP✅ Reality [sun6-21.userapi.com]
09:02:29 [DEBUG] Starting new HTTPS connection (1): www.google.com:443
09:02:29 [DEBUG] Starting new HTTPS connection (1): www.gstatic.com:443
09:02:29 [DEBUG] https://www.gstatic.com:443 "GET /generate_204 HTTP/1.1" 204 0
09:02:29 [DEBUG] Starting new HTTPS connection (1): www.gstatic.com:443
09:02:29 [DEBUG] Starting new HTTPS connection (1): dl.google.com:443
09:02:29 [DEBUG] https://www.google.com:443 "GET /generate_204 HTTP/1.1" 204 0
09:02:29 [DEBUG] Starting new HTTPS connection (1): cp.cloudflare.com:443
09:02:30 [DEBUG] https://dl.google.com:443 "GET /dl/android/studio/install/3.4.1.0/android-studio-ide-183.5522156-windows.exe HTTP/1.1" 200 1017327996
09:02:30 [INFO]    🎯 fin.pryanik.net.ru (XX) - 18.8Mbps, 356ms UDP✅ Reality [sun6-21.userapi.com]
09:02:30 [DEBUG] Starting new HTTPS connection (1): www.google.com:443
09:02:30 [DEBUG] https://cp.cloudflare.com:443 "GET / HTTP/1.1" 204 0
09:02:30 [DEBUG] Starting new HTTPS connection (1): www.gstatic.com:443
09:02:30 [DEBUG] https://www.google.com:443 "GET /generate_204 HTTP/1.1" 204 0
09:02:30 [DEBUG] Starting new HTTPS connection (1): cp.cloudflare.com:443
09:02:31 [DEBUG] Starting new HTTPS connection (1): www.google.com:443
09:02:31 [DEBUG] Starting new HTTPS connection (1): cp.cloudflare.com:443
09:02:31 [DEBUG] https://cp.cloudflare.com:443 "GET / HTTP/1.1" 204 0
09:02:31 [DEBUG] Starting new HTTPS connection (1): www.gstatic.com:443
09:02:31 [DEBUG] https://www.gstatic.com:443 "GET /generate_204 HTTP/1.1" 204 0
09:02:31 [DEBUG] Starting new HTTPS connection (1): www.google.com:443
09:02:31 [DEBUG] Starting new HTTPS connection (1): dl.google.com:443
09:02:32 [DEBUG] https://www.gstatic.com:443 "GET /generate_204 HTTP/1.1" 204 0
09:02:32 [DEBUG] Starting new HTTPS connection (1): www.google.com:443
09:02:32 [DEBUG] https://dl.google.com:443 "GET /dl/android/studio/install/3.4.1.0/android-studio-ide-183.5522156-windows.exe HTTP/1.1" 200 1017327996
09:02:32 [DEBUG] Starting new HTTPS connection (1): www.google.com:443
09:02:32 [DEBUG] Starting new HTTPS connection (1): dl.google.com:443
09:02:32 [INFO]    🎯 frankfurt.just-server.ru (XX) - 24.8Mbps, 355ms UDP✅ Reality [sun6-21.userapi.com]
09:02:32 [DEBUG] Starting new HTTPS connection (1): cp.cloudflare.com:443
09:02:32 [INFO]    🎯 77.83.245.220 (Турция) - 2.1Mbps, 1319ms UDP✅ Reality [mailru.ookcdn.ru]
09:02:32 [DEBUG] Starting new HTTPS connection (1): cp.cloudflare.com:443
09:02:33 [DEBUG] Starting new HTTPS connection (1): www.gstatic.com:443
09:02:33 [DEBUG] Starting new HTTPS connection (1): www.gstatic.com:443
09:02:33 [DEBUG] Starting new HTTPS connection (1): www.gstatic.com:443
09:02:33 [DEBUG] https://www.google.com:443 "GET /generate_204 HTTP/1.1" 204 0
09:02:33 [DEBUG] Starting new HTTPS connection (1): cp.cloudflare.com:443
09:02:33 [DEBUG] https://dl.google.com:443 "GET /dl/android/studio/install/3.4.1.0/android-studio-ide-183.5522156-windows.exe HTTP/1.1" 200 1017327996
09:02:33 [DEBUG] Starting new HTTPS connection (1): www.google.com:443
09:02:33 [DEBUG] Starting new HTTPS connection (1): www.google.com:443
09:02:33 [DEBUG] https://cp.cloudflare.com:443 "GET / HTTP/1.1" 204 0
09:02:33 [DEBUG] Starting new HTTPS connection (1): www.gstatic.com:443
09:02:34 [DEBUG] https://www.gstatic.com:443 "GET /generate_204 HTTP/1.1" 204 0
09:02:34 [DEBUG] Starting new HTTPS connection (1): dl.google.com:443
09:02:34 [DEBUG] Starting new HTTPS connection (1): cp.cloudflare.com:443
09:02:34 [DEBUG] https://dl.google.com:443 "GET /dl/android/studio/install/3.4.1.0/android-studio-ide-183.5522156-windows.exe HTTP/1.1" 200 1017327996
09:02:34 [DEBUG] Starting new HTTPS connection (1): www.google.com:443
09:02:34 [INFO]    🎯 srv4.outlinekeys.com (XX) - 5.3Mbps, 869ms UDP✅ Reality [sun1-90.userapi.com]
09:02:35 [DEBUG] Starting new HTTPS connection (1): www.gstatic.com:443
09:02:35 [INFO]    🎯 just-server.ru (XX) - 17.9Mbps, 1026ms UDP✅ Reality [sun6-21.userapi.com]
09:02:35 [DEBUG] Starting new HTTPS connection (1): www.google.com:443
09:02:35 [DEBUG] Starting new HTTPS connection (1): cp.cloudflare.com:443
09:02:35 [DEBUG] https://www.google.com:443 "GET /generate_204 HTTP/1.1" 204 0
09:02:35 [DEBUG] Starting new HTTPS connection (1): cp.cloudflare.com:443
09:02:35 [DEBUG] Starting new HTTPS connection (1): www.google.com:443
09:02:35 [DEBUG] https://cp.cloudflare.com:443 "GET / HTTP/1.1" 204 0
09:02:35 [DEBUG] Starting new HTTPS connection (1): www.gstatic.com:443
09:02:35 [DEBUG] Starting new HTTPS connection (1): www.gstatic.com:443
09:02:35 [DEBUG] https://www.google.com:443 "GET /generate_204 HTTP/1.1" 204 0
09:02:35 [DEBUG] Starting new HTTPS connection (1): cp.cloudflare.com:443
09:02:35 [DEBUG] Starting new HTTPS connection (1): www.google.com:443
09:02:35 [DEBUG] https://www.gstatic.com:443 "GET /generate_204 HTTP/1.1" 204 0
09:02:36 [DEBUG] Starting new HTTPS connection (1): www.google.com:443
09:02:36 [DEBUG] https://cp.cloudflare.com:443 "GET / HTTP/1.1" 204 0
09:02:36 [DEBUG] Starting new HTTPS connection (1): www.gstatic.com:443
09:02:36 [DEBUG] Starting new HTTPS connection (1): www.google.com:443
09:02:36 [DEBUG] https://www.google.com:443 "GET /generate_204 HTTP/1.1" 204 0
09:02:36 [DEBUG] Starting new HTTPS connection (1): cp.cloudflare.com:443
09:02:36 [DEBUG] https://www.gstatic.com:443 "GET /generate_204 HTTP/1.1" 204 0
09:02:36 [DEBUG] https://cp.cloudflare.com:443 "GET / HTTP/1.1" 204 0
09:02:36 [DEBUG] Starting new HTTPS connection (1): www.gstatic.com:443
09:02:36 [DEBUG] https://www.gstatic.com:443 "GET /generate_204 HTTP/1.1" 204 0
09:02:36 [DEBUG] Starting new HTTPS connection (1): www.google.com:443
09:02:36 [DEBUG] Starting new HTTPS connection (1): dl.google.com:443
09:02:36 [DEBUG] Starting new HTTPS connection (1): cp.cloudflare.com:443
09:02:36 [DEBUG] Starting new HTTPS connection (1): www.gstatic.com:443
09:02:36 [DEBUG] Starting new HTTPS connection (1): dl.google.com:443
09:02:36 [DEBUG] https://dl.google.com:443 "GET /dl/android/studio/install/3.4.1.0/android-studio-ide-183.5522156-windows.exe HTTP/1.1" 200 1017327996
09:02:36 [DEBUG] Starting new HTTPS connection (1): www.google.com:443
09:02:36 [INFO]    🎯 65.109.179.221 (Финляндия) - 47.1Mbps, 102ms UDP✅  []
09:02:36 [DEBUG] https://dl.google.com:443 "GET /dl/android/studio/install/3.4.1.0/android-studio-ide-183.5522156-windows.exe HTTP/1.1" 200 1017327996
09:02:37 [INFO]    🎯 94.103.1.230 (Нидерланды) - 29.4Mbps, 257ms UDP✅ Reality [sun6-21.userapi.com]
09:02:37 [DEBUG] Starting new HTTPS connection (1): dl.google.com:443
09:02:37 [DEBUG] Starting new HTTPS connection (1): www.google.com:443
09:02:37 [DEBUG] https://dl.google.com:443 "GET /dl/android/studio/install/3.4.1.0/android-studio-ide-183.5522156-windows.exe HTTP/1.1" 200 1017327996
09:02:37 [DEBUG] Starting new HTTPS connection (1): cp.cloudflare.com:443
09:02:37 [DEBUG] Starting new HTTPS connection (1): www.gstatic.com:443
09:02:37 [INFO]    🎯 netherland.boot-lee.ru (XX) - 40.8Mbps, 730ms UDP✅ Reality [yandex.ru]
09:02:37 [DEBUG] Starting new HTTPS connection (1): cp.cloudflare.com:443
09:02:37 [DEBUG] Starting new HTTPS connection (1): www.google.com:443
09:02:38 [DEBUG] Starting new HTTPS connection (1): cp.cloudflare.com:443
09:02:38 [DEBUG] Starting new HTTPS connection (1): www.google.com:443
09:02:38 [DEBUG] Starting new HTTPS connection (1): cp.cloudflare.com:443
09:02:38 [DEBUG] Starting new HTTPS connection (1): cp.cloudflare.com:443
09:02:38 [DEBUG] Starting new HTTPS connection (1): www.google.com:443
09:02:38 [DEBUG] Starting new HTTPS connection (1): cp.cloudflare.com:443
09:02:38 [DEBUG] Starting new HTTPS connection (1): www.gstatic.com:443
09:02:38 [DEBUG] Starting new HTTPS connection (1): www.google.com:443
09:02:38 [DEBUG] Starting new HTTPS connection (1): www.google.com:443
09:02:38 [DEBUG] Starting new HTTPS connection (1): cp.cloudflare.com:443
09:02:38 [DEBUG] Starting new HTTPS connection (1): www.gstatic.com:443
09:02:39 [DEBUG] Starting new HTTPS connection (1): cp.cloudflare.com:443
09:02:39 [DEBUG] Starting new HTTPS connection (1): www.gstatic.com:443
09:02:39 [DEBUG] Starting new HTTPS connection (1): www.google.com:443
09:02:40 [DEBUG] Starting new HTTPS connection (1): www.gstatic.com:443
09:02:40 [DEBUG] Starting new HTTPS connection (1): www.gstatic.com:443
09:02:40 [DEBUG] Starting new HTTPS connection (1): www.google.com:443
09:02:40 [DEBUG] Starting new HTTPS connection (1): www.gstatic.com:443
09:02:40 [DEBUG] Starting new HTTPS connection (1): cp.cloudflare.com:443
09:02:40 [DEBUG] Starting new HTTPS connection (1): cp.cloudflare.com:443
09:02:41 [DEBUG] Starting new HTTPS connection (1): www.google.com:443
09:02:41 [DEBUG] Starting new HTTPS connection (1): cp.cloudflare.com:443
09:02:42 [DEBUG] Starting new HTTPS connection (1): cp.cloudflare.com:443
09:02:42 [DEBUG] Starting new HTTPS connection (1): www.gstatic.com:443
09:02:42 [DEBUG] Starting new HTTPS connection (1): www.gstatic.com:443
09:02:43 [DEBUG] Starting new HTTPS connection (1): cp.cloudflare.com:443
09:02:43 [DEBUG] Starting new HTTPS connection (1): www.gstatic.com:443
09:02:43 [DEBUG] Starting new HTTPS connection (1): www.google.com:443
09:02:43 [DEBUG] Starting new HTTPS connection (1): www.google.com:443
09:02:43 [DEBUG] Starting new HTTPS connection (1): cp.cloudflare.com:443
09:02:43 [DEBUG] Starting new HTTPS connection (1): www.gstatic.com:443
09:02:43 [DEBUG] Starting new HTTPS connection (1): www.google.com:443
09:02:43 [DEBUG] Starting new HTTPS connection (1): cp.cloudflare.com:443
09:02:43 [DEBUG] Starting new HTTPS connection (1): www.gstatic.com:443
09:02:44 [DEBUG] Starting new HTTPS connection (1): www.gstatic.com:443
09:02:44 [DEBUG] Starting new HTTPS connection (1): www.google.com:443
09:02:44 [DEBUG] Starting new HTTPS connection (1): cp.cloudflare.com:443
09:02:44 [DEBUG] Starting new HTTPS connection (1): www.gstatic.com:443
09:02:44 [DEBUG] Starting new HTTPS connection (1): www.google.com:443
09:02:44 [DEBUG] Starting new HTTPS connection (1): www.google.com:443
09:02:44 [DEBUG] Starting new HTTPS connection (1): cp.cloudflare.com:443
09:02:44 [DEBUG] Starting new HTTPS connection (1): www.gstatic.com:443
09:02:45 [INFO]    📊 Global: 160/400 (40%) | ✅48 ❌112
09:02:45 [DEBUG] Starting new HTTPS connection (1): cp.cloudflare.com:443
09:02:45 [DEBUG] Starting new HTTPS connection (1): www.gstatic.com:443
09:02:45 [DEBUG] Starting new HTTPS connection (1): cp.cloudflare.com:443
09:02:45 [DEBUG] Starting new HTTPS connection (1): www.google.com:443
09:02:46 [DEBUG] Starting new HTTPS connection (1): www.google.com:443
09:02:46 [DEBUG] Starting new HTTPS connection (1): cp.cloudflare.com:443
09:02:46 [DEBUG] Starting new HTTPS connection (1): www.gstatic.com:443
09:02:46 [DEBUG] Starting new HTTPS connection (1): www.google.com:443
09:02:46 [DEBUG] Starting new HTTPS connection (1): www.google.com:443
09:02:46 [DEBUG] Starting new HTTPS connection (1): cp.cloudflare.com:443
09:02:46 [DEBUG] Starting new HTTPS connection (1): www.gstatic.com:443
09:02:46 [DEBUG] https://www.google.com:443 "GET /generate_204 HTTP/1.1" 204 0
09:02:46 [DEBUG] Starting new HTTPS connection (1): cp.cloudflare.com:443
09:02:46 [DEBUG] Starting new HTTPS connection (1): www.gstatic.com:443
09:02:46 [DEBUG] Starting new HTTPS connection (1): cp.cloudflare.com:443
09:02:46 [DEBUG] https://cp.cloudflare.com:443 "GET / HTTP/1.1" 204 0
09:02:46 [DEBUG] Starting new HTTPS connection (1): www.gstatic.com:443
09:02:46 [DEBUG] https://www.gstatic.com:443 "GET /generate_204 HTTP/1.1" 204 0
09:02:47 [DEBUG] Starting new HTTPS connection (1): dl.google.com:443
09:02:47 [DEBUG] https://dl.google.com:443 "GET /dl/android/studio/install/3.4.1.0/android-studio-ide-183.5522156-windows.exe HTTP/1.1" 200 1017327996
09:02:47 [DEBUG] Starting new HTTPS connection (1): www.google.com:443
09:02:47 [DEBUG] Starting new HTTPS connection (1): cp.cloudflare.com:443
09:02:47 [DEBUG] Starting new HTTPS connection (1): www.gstatic.com:443
09:02:47 [DEBUG] Starting new HTTPS connection (1): www.gstatic.com:443
09:02:47 [DEBUG] Starting new HTTPS connection (1): www.google.com:443
09:02:47 [DEBUG] Starting new HTTPS connection (1): cp.cloudflare.com:443
09:02:47 [DEBUG] Starting new HTTPS connection (1): www.gstatic.com:443
09:02:47 [DEBUG] Starting new HTTPS connection (1): cp.cloudflare.com:443
09:02:48 [DEBUG] Starting new HTTPS connection (1): www.google.com:443
09:02:48 [DEBUG] https://www.google.com:443 "GET /generate_204 HTTP/1.1" 204 0
09:02:48 [DEBUG] Starting new HTTPS connection (1): cp.cloudflare.com:443
09:02:48 [DEBUG] https://cp.cloudflare.com:443 "GET / HTTP/1.1" 204 0
09:02:48 [DEBUG] Starting new HTTPS connection (1): www.gstatic.com:443
09:02:48 [DEBUG] https://www.gstatic.com:443 "GET /generate_204 HTTP/1.1" 204 0
09:02:48 [DEBUG] Starting new HTTPS connection (1): dl.google.com:443
09:02:48 [INFO]    🎯 192.248.186.10 (Германия) - 9.4Mbps, 229ms UDP✅  []
09:02:48 [DEBUG] Starting new HTTPS connection (1): www.google.com:443
09:02:48 [DEBUG] Starting new HTTPS connection (1): cp.cloudflare.com:443
09:02:48 [DEBUG] Starting new HTTPS connection (1): www.gstatic.com:443
09:02:48 [DEBUG] https://dl.google.com:443 "GET /dl/android/studio/install/3.4.1.0/android-studio-ide-183.5522156-windows.exe HTTP/1.1" 404 1449
09:02:48 [INFO]    🎯 185.18.250.252 (Швейцария) - 0.0Mbps, 77ms UDP✅  []
09:02:48 [DEBUG] Starting new HTTPS connection (1): www.google.com:443
09:02:48 [DEBUG] Starting new HTTPS connection (1): www.gstatic.com:443
09:02:48 [DEBUG] Starting new HTTPS connection (1): www.google.com:443
09:02:49 [DEBUG] Starting new HTTPS connection (1): www.google.com:443
09:02:49 [DEBUG] Starting new HTTPS connection (1): www.google.com:443
09:02:49 [DEBUG] Starting new HTTPS connection (1): www.google.com:443
09:02:49 [DEBUG] https://www.google.com:443 "GET /generate_204 HTTP/1.1" 204 0
09:02:49 [DEBUG] Starting new HTTPS connection (1): cp.cloudflare.com:443
09:02:49 [DEBUG] https://cp.cloudflare.com:443 "GET / HTTP/1.1" 204 0
09:02:49 [DEBUG] Starting new HTTPS connection (1): www.gstatic.com:443
09:02:49 [DEBUG] https://www.gstatic.com:443 "GET /generate_204 HTTP/1.1" 204 0
09:02:49 [DEBUG] Starting new HTTPS connection (1): dl.google.com:443
09:02:49 [DEBUG] https://dl.google.com:443 "GET /dl/android/studio/install/3.4.1.0/android-studio-ide-183.5522156-windows.exe HTTP/1.1" 200 1017327996
09:02:49 [DEBUG] Starting new HTTPS connection (1): www.gstatic.com:443
09:02:49 [INFO]    🎯 172.104.249.116 (Германия) - 77.0Mbps, 26ms UDP✅  []
09:02:50 [DEBUG] Starting new HTTPS connection (1): www.gstatic.com:443
09:02:50 [DEBUG] Starting new HTTPS connection (1): cp.cloudflare.com:443
09:02:50 [DEBUG] Starting new HTTPS connection (1): www.google.com:443
09:02:50 [DEBUG] Starting new HTTPS connection (1): cp.cloudflare.com:443
09:02:51 [DEBUG] Starting new HTTPS connection (1): www.google.com:443
09:02:51 [DEBUG] Starting new HTTPS connection (1): cp.cloudflare.com:443
09:02:51 [DEBUG] Starting new HTTPS connection (1): www.gstatic.com:443
09:02:51 [DEBUG] Starting new HTTPS connection (1): cp.cloudflare.com:443
09:02:52 [DEBUG] Starting new HTTPS connection (1): www.google.com:443
09:02:52 [DEBUG] Starting new HTTPS connection (1): cp.cloudflare.com:443
09:02:52 [DEBUG] Starting new HTTPS connection (1): www.google.com:443
09:02:52 [DEBUG] Starting new HTTPS connection (1): cp.cloudflare.com:443
09:02:52 [DEBUG] Starting new HTTPS connection (1): www.gstatic.com:443
09:02:52 [DEBUG] Starting new HTTPS connection (1): cp.cloudflare.com:443
09:02:52 [DEBUG] Starting new HTTPS connection (1): www.gstatic.com:443
09:02:52 [DEBUG] Starting new HTTPS connection (1): www.gstatic.com:443
09:02:53 [DEBUG] Starting new HTTPS connection (1): www.google.com:443
09:02:53 [DEBUG] https://www.google.com:443 "GET /generate_204 HTTP/1.1" 204 0
09:02:53 [DEBUG] Starting new HTTPS connection (1): cp.cloudflare.com:443
09:02:53 [DEBUG] Starting new HTTPS connection (1): cp.cloudflare.com:443
09:02:53 [DEBUG] Starting new HTTPS connection (1): www.gstatic.com:443
09:02:53 [DEBUG] Starting new HTTPS connection (1): www.google.com:443
09:02:53 [DEBUG] Starting new HTTPS connection (1): cp.cloudflare.com:443
09:02:53 [DEBUG] Starting new HTTPS connection (1): www.gstatic.com:443
09:02:53 [DEBUG] Starting new HTTPS connection (1): www.google.com:443
09:02:53 [DEBUG] https://cp.cloudflare.com:443 "GET / HTTP/1.1" 204 0
09:02:53 [DEBUG] Starting new HTTPS connection (1): www.gstatic.com:443
09:02:53 [DEBUG] Starting new HTTPS connection (1): www.gstatic.com:443
09:02:54 [DEBUG] Starting new HTTPS connection (1): www.gstatic.com:443
09:02:54 [DEBUG] Starting new HTTPS connection (1): www.google.com:443
09:02:54 [DEBUG] Starting new HTTPS connection (1): cp.cloudflare.com:443
09:02:54 [DEBUG] Starting new HTTPS connection (1): www.gstatic.com:443
09:02:54 [DEBUG] Starting new HTTPS connection (1): www.google.com:443
09:02:54 [DEBUG] Starting new HTTPS connection (1): www.gstatic.com:443
09:02:55 [DEBUG] Starting new HTTPS connection (1): www.google.com:443
09:02:55 [DEBUG] Starting new HTTPS connection (1): cp.cloudflare.com:443
09:02:55 [DEBUG] Starting new HTTPS connection (1): www.gstatic.com:443
09:02:55 [DEBUG] https://www.gstatic.com:443 "GET /generate_204 HTTP/1.1" 204 0
09:02:55 [DEBUG] Starting new HTTPS connection (1): www.google.com:443
09:02:56 [DEBUG] Starting new HTTPS connection (1): dl.google.com:443
09:02:56 [DEBUG] Starting new HTTPS connection (1): www.google.com:443
09:02:56 [DEBUG] Starting new HTTPS connection (1): www.google.com:443
09:02:56 [DEBUG] Starting new HTTPS connection (1): cp.cloudflare.com:443
09:02:56 [DEBUG] Starting new HTTPS connection (1): cp.cloudflare.com:443
09:02:56 [DEBUG] https://www.google.com:443 "GET /generate_204 HTTP/1.1" 204 0
09:02:56 [DEBUG] Starting new HTTPS connection (1): cp.cloudflare.com:443
09:02:56 [DEBUG] Starting new HTTPS connection (1): www.google.com:443
09:02:56 [DEBUG] https://dl.google.com:443 "GET /dl/android/studio/install/3.4.1.0/android-studio-ide-183.5522156-windows.exe HTTP/1.1" 404 1449
09:02:56 [INFO]    🎯 45.131.209.130 (Нидерланды) - 0.0Mbps, 1213ms UDP✅  []
09:02:56 [DEBUG] Starting new HTTPS connection (1): www.google.com:443
09:02:57 [DEBUG] https://cp.cloudflare.com:443 "GET / HTTP/1.1" 204 0
09:02:57 [DEBUG] Starting new HTTPS connection (1): www.gstatic.com:443
09:02:57 [DEBUG] https://www.google.com:443 "GET /generate_204 HTTP/1.1" 204 0
09:02:57 [DEBUG] Starting new HTTPS connection (1): cp.cloudflare.com:443
09:02:57 [DEBUG] Starting new HTTPS connection (1): www.google.com:443
09:02:57 [DEBUG] https://www.google.com:443 "GET /generate_204 HTTP/1.1" 204 0
09:02:57 [DEBUG] Starting new HTTPS connection (1): cp.cloudflare.com:443
09:02:57 [DEBUG] https://www.gstatic.com:443 "GET /generate_204 HTTP/1.1" 204 0
09:02:57 [DEBUG] https://cp.cloudflare.com:443 "GET / HTTP/1.1" 204 0
09:02:57 [DEBUG] Starting new HTTPS connection (1): www.gstatic.com:443
09:02:57 [DEBUG] https://cp.cloudflare.com:443 "GET / HTTP/1.1" 204 0
09:02:57 [DEBUG] Starting new HTTPS connection (1): www.gstatic.com:443
09:02:57 [DEBUG] Starting new HTTPS connection (1): www.google.com:443
09:02:57 [DEBUG] Starting new HTTPS connection (1): dl.google.com:443
09:02:57 [DEBUG] Starting new HTTPS connection (1): cp.cloudflare.com:443
09:02:58 [DEBUG] https://www.google.com:443 "GET /generate_204 HTTP/1.1" 204 0
09:02:58 [DEBUG] Starting new HTTPS connection (1): cp.cloudflare.com:443
09:02:58 [DEBUG] Starting new HTTPS connection (1): www.google.com:443
09:02:58 [DEBUG] Starting new HTTPS connection (1): cp.cloudflare.com:443
09:02:58 [DEBUG] https://www.gstatic.com:443 "GET /generate_204 HTTP/1.1" 204 0
09:02:58 [DEBUG] Starting new HTTPS connection (1): www.gstatic.com:443
09:02:58 [DEBUG] https://www.gstatic.com:443 "GET /generate_204 HTTP/1.1" 204 0
09:02:58 [DEBUG] Starting new HTTPS connection (1): cp.cloudflare.com:443
09:02:58 [DEBUG] https://dl.google.com:443 "GET /dl/android/studio/install/3.4.1.0/android-studio-ide-183.5522156-windows.exe HTTP/1.1" 200 1017327996
09:02:58 [DEBUG] Starting new HTTPS connection (1): www.gstatic.com:443
09:02:58 [DEBUG] https://cp.cloudflare.com:443 "GET / HTTP/1.1" 204 0
09:02:58 [DEBUG] Starting new HTTPS connection (1): www.gstatic.com:443
09:02:58 [DEBUG] Starting new HTTPS connection (1): dl.google.com:443
09:02:58 [DEBUG] Starting new HTTPS connection (1): dl.google.com:443
09:02:58 [DEBUG] https://dl.google.com:443 "GET /dl/android/studio/install/3.4.1.0/android-studio-ide-183.5522156-windows.exe HTTP/1.1" 200 1017327996
09:02:58 [DEBUG] https://www.gstatic.com:443 "GET /generate_204 HTTP/1.1" 204 0
09:02:59 [DEBUG] https://dl.google.com:443 "GET /dl/android/studio/install/3.4.1.0/android-studio-ide-183.5522156-windows.exe HTTP/1.1" 200 1017327996
09:02:59 [DEBUG] Starting new HTTPS connection (1): dl.google.com:443
09:02:59 [DEBUG] Starting new HTTPS connection (1): www.google.com:443
09:02:59 [DEBUG] https://dl.google.com:443 "GET /dl/android/studio/install/3.4.1.0/android-studio-ide-183.5522156-windows.exe HTTP/1.1" 200 1017327996
09:03:00 [DEBUG] Starting new HTTPS connection (1): www.gstatic.com:443
09:03:00 [INFO]    🎯 159.69.162.184 (Германия) - 6.1Mbps, 500ms UDP✅  []
09:03:00 [DEBUG] Starting new HTTPS connection (1): cp.cloudflare.com:443
09:03:00 [DEBUG] Starting new HTTPS connection (1): www.gstatic.com:443
09:03:00 [INFO]    🎯 159.69.162.184 (Германия) - 6.0Mbps, 477ms UDP✅  []
09:03:00 [INFO]    🎯 159.69.162.184 (Германия) - 6.0Mbps, 494ms UDP✅  []
09:03:01 [DEBUG] Starting new HTTPS connection (1): www.google.com:443
09:03:01 [DEBUG] Starting new HTTPS connection (1): www.gstatic.com:443
09:03:01 [INFO]    🎯 159.69.162.184 (Германия) - 6.0Mbps, 506ms UDP✅  []
09:03:01 [DEBUG] Starting new HTTPS connection (1): cp.cloudflare.com:443
09:03:01 [DEBUG] Starting new HTTPS connection (1): www.google.com:443
09:03:01 [DEBUG] Starting new HTTPS connection (1): www.google.com:443
09:03:02 [DEBUG] Starting new HTTPS connection (1): www.google.com:443
09:03:02 [DEBUG] Starting new HTTPS connection (1): cp.cloudflare.com:443
09:03:02 [DEBUG] Starting new HTTPS connection (1): www.gstatic.com:443
09:03:02 [DEBUG] Starting new HTTPS connection (1): www.gstatic.com:443
09:03:02 [DEBUG] Starting new HTTPS connection (1): www.google.com:443
09:03:02 [DEBUG] Starting new HTTPS connection (1): cp.cloudflare.com:443
09:03:02 [DEBUG] Starting new HTTPS connection (1): www.gstatic.com:443
09:03:03 [DEBUG] Starting new HTTPS connection (1): www.google.com:443
09:03:03 [DEBUG] Starting new HTTPS connection (1): www.google.com:443
09:03:03 [DEBUG] Starting new HTTPS connection (1): cp.cloudflare.com:443
09:03:03 [DEBUG] Starting new HTTPS connection (1): cp.cloudflare.com:443
09:03:03 [DEBUG] Starting new HTTPS connection (1): www.gstatic.com:443
09:03:03 [DEBUG] Starting new HTTPS connection (1): www.gstatic.com:443
09:03:03 [DEBUG] Starting new HTTPS connection (1): www.google.com:443
09:03:03 [DEBUG] Starting new HTTPS connection (1): cp.cloudflare.com:443
09:03:03 [DEBUG] Starting new HTTPS connection (1): www.google.com:443
09:03:04 [DEBUG] Starting new HTTPS connection (1): cp.cloudflare.com:443
09:03:04 [INFO]    📊 Global: 200/400 (50%) | ✅56 ❌144
09:03:04 [DEBUG] Starting new HTTPS connection (1): www.google.com:443
09:03:05 [DEBUG] Starting new HTTPS connection (1): www.gstatic.com:443
09:03:05 [DEBUG] Starting new HTTPS connection (1): cp.cloudflare.com:443
09:03:05 [DEBUG] Starting new HTTPS connection (1): www.google.com:443
09:03:05 [DEBUG] Starting new HTTPS connection (1): cp.cloudflare.com:443
09:03:05 [DEBUG] Starting new HTTPS connection (1): www.gstatic.com:443
09:03:05 [DEBUG] Starting new HTTPS connection (1): cp.cloudflare.com:443
09:03:06 [DEBUG] Starting new HTTPS connection (1): cp.cloudflare.com:443
09:03:06 [DEBUG] Starting new HTTPS connection (1): www.gstatic.com:443
09:03:07 [DEBUG] Starting new HTTPS connection (1): www.google.com:443
09:03:07 [DEBUG] Starting new HTTPS connection (1): www.google.com:443
09:03:07 [DEBUG] Starting new HTTPS connection (1): cp.cloudflare.com:443
09:03:07 [DEBUG] Starting new HTTPS connection (1): cp.cloudflare.com:443
09:03:07 [DEBUG] Starting new HTTPS connection (1): www.gstatic.com:443
09:03:07 [DEBUG] Starting new HTTPS connection (1): www.gstatic.com:443
09:03:07 [DEBUG] Starting new HTTPS connection (1): www.google.com:443
09:03:07 [DEBUG] Starting new HTTPS connection (1): www.gstatic.com:443
09:03:08 [DEBUG] Starting new HTTPS connection (1): www.gstatic.com:443
09:03:08 [DEBUG] Starting new HTTPS connection (1): www.gstatic.com:443
09:03:08 [DEBUG] Starting new HTTPS connection (1): www.google.com:443
09:03:08 [DEBUG] Starting new HTTPS connection (1): www.google.com:443
09:03:08 [DEBUG] Starting new HTTPS connection (1): www.google.com:443
09:03:08 [DEBUG] Starting new HTTPS connection (1): www.gstatic.com:443
09:03:09 [DEBUG] Starting new HTTPS connection (1): www.google.com:443
09:03:09 [DEBUG] Starting new HTTPS connection (1): cp.cloudflare.com:443
09:03:09 [DEBUG] Starting new HTTPS connection (1): cp.cloudflare.com:443
09:03:10 [DEBUG] Starting new HTTPS connection (1): cp.cloudflare.com:443
09:03:10 [DEBUG] Starting new HTTPS connection (1): cp.cloudflare.com:443
09:03:10 [DEBUG] Starting new HTTPS connection (1): www.google.com:443
09:03:11 [DEBUG] https://www.google.com:443 "GET /generate_204 HTTP/1.1" 204 0
09:03:11 [DEBUG] Starting new HTTPS connection (1): cp.cloudflare.com:443
09:03:11 [DEBUG] Starting new HTTPS connection (1): www.google.com:443
09:03:11 [DEBUG] Starting new HTTPS connection (1): cp.cloudflare.com:443
09:03:11 [DEBUG] Starting new HTTPS connection (1): www.gstatic.com:443
09:03:11 [DEBUG] Starting new HTTPS connection (1): www.google.com:443
09:03:11 [DEBUG] Starting new HTTPS connection (1): cp.cloudflare.com:443
09:03:11 [DEBUG] https://cp.cloudflare.com:443 "GET / HTTP/1.1" 204 0
09:03:11 [DEBUG] Starting new HTTPS connection (1): www.gstatic.com:443
09:03:11 [DEBUG] Starting new HTTPS connection (1): www.gstatic.com:443
09:03:11 [DEBUG] Starting new HTTPS connection (1): www.gstatic.com:443
09:03:11 [DEBUG] Starting new HTTPS connection (1): cp.cloudflare.com:443
09:03:11 [DEBUG] https://www.gstatic.com:443 "GET /generate_204 HTTP/1.1" 204 0
09:03:12 [DEBUG] Starting new HTTPS connection (1): dl.google.com:443
09:03:12 [DEBUG] Starting new HTTPS connection (1): www.google.com:443
09:03:12 [DEBUG] Starting new HTTPS connection (1): cp.cloudflare.com:443
09:03:12 [DEBUG] Starting new HTTPS connection (1): www.gstatic.com:443
09:03:12 [DEBUG] https://dl.google.com:443 "GET /dl/android/studio/install/3.4.1.0/android-studio-ide-183.5522156-windows.exe HTTP/1.1" 200 1017327996
09:03:12 [DEBUG] Starting new HTTPS connection (1): www.google.com:443
09:03:12 [DEBUG] Starting new HTTPS connection (1): cp.cloudflare.com:443
09:03:12 [DEBUG] Starting new HTTPS connection (1): www.gstatic.com:443
09:03:12 [DEBUG] Starting new HTTPS connection (1): www.google.com:443
09:03:12 [DEBUG] Starting new HTTPS connection (1): cp.cloudflare.com:443
09:03:12 [DEBUG] Starting new HTTPS connection (1): www.gstatic.com:443
09:03:13 [DEBUG] Starting new HTTPS connection (1): www.gstatic.com:443
09:03:13 [DEBUG] Starting new HTTPS connection (1): cp.cloudflare.com:443
09:03:13 [DEBUG] Starting new HTTPS connection (1): www.google.com:443
09:03:13 [DEBUG] Starting new HTTPS connection (1): cp.cloudflare.com:443
09:03:13 [DEBUG] Starting new HTTPS connection (1): www.gstatic.com:443
09:03:13 [DEBUG] Starting new HTTPS connection (1): www.google.com:443
09:03:13 [DEBUG] Starting new HTTPS connection (1): cp.cloudflare.com:443
09:03:14 [DEBUG] Starting new HTTPS connection (1): www.gstatic.com:443
09:03:14 [DEBUG] Starting new HTTPS connection (1): www.google.com:443
09:03:14 [DEBUG] Starting new HTTPS connection (1): www.gstatic.com:443
09:03:14 [DEBUG] Starting new HTTPS connection (1): www.google.com:443
09:03:14 [DEBUG] Starting new HTTPS connection (1): cp.cloudflare.com:443
09:03:14 [DEBUG] Starting new HTTPS connection (1): www.gstatic.com:443
09:03:15 [DEBUG] Starting new HTTPS connection (1): www.google.com:443
09:03:15 [DEBUG] Starting new HTTPS connection (1): www.google.com:443
09:03:15 [DEBUG] Starting new HTTPS connection (1): cp.cloudflare.com:443
09:03:15 [DEBUG] Starting new HTTPS connection (1): www.gstatic.com:443
09:03:15 [DEBUG] Starting new HTTPS connection (1): www.gstatic.com:443
09:03:16 [DEBUG] Starting new HTTPS connection (1): www.google.com:443
09:03:16 [DEBUG] Starting new HTTPS connection (1): cp.cloudflare.com:443
09:03:16 [DEBUG] Starting new HTTPS connection (1): cp.cloudflare.com:443
09:03:16 [DEBUG] Starting new HTTPS connection (1): www.gstatic.com:443
09:03:16 [DEBUG] Starting new HTTPS connection (1): www.google.com:443
09:03:16 [DEBUG] Starting new HTTPS connection (1): cp.cloudflare.com:443
09:03:16 [DEBUG] Starting new HTTPS connection (1): www.gstatic.com:443
09:03:16 [DEBUG] Starting new HTTPS connection (1): www.gstatic.com:443
09:03:17 [DEBUG] Starting new HTTPS connection (1): www.google.com:443
09:03:17 [DEBUG] Starting new HTTPS connection (1): cp.cloudflare.com:443
09:03:17 [DEBUG] Starting new HTTPS connection (1): www.gstatic.com:443
09:03:17 [DEBUG] Starting new HTTPS connection (1): www.google.com:443
09:03:17 [DEBUG] Starting new HTTPS connection (1): www.google.com:443
09:03:18 [DEBUG] Starting new HTTPS connection (1): www.gstatic.com:443
09:03:18 [DEBUG] Starting new HTTPS connection (1): www.google.com:443
09:03:20 [DEBUG] Starting new HTTPS connection (1): cp.cloudflare.com:443
09:03:20 [DEBUG] Starting new HTTPS connection (1): cp.cloudflare.com:443
09:03:20 [DEBUG] Starting new HTTPS connection (1): cp.cloudflare.com:443
09:03:20 [INFO]    🎯 5.255.114.61 (Нидерланды) - 1.6Mbps, 339ms UDP✅  []
09:03:20 [DEBUG] Starting new HTTPS connection (1): www.google.com:443
09:03:20 [DEBUG] Starting new HTTPS connection (1): www.google.com:443
09:03:21 [DEBUG] Starting new HTTPS connection (1): www.gstatic.com:443
09:03:21 [DEBUG] Starting new HTTPS connection (1): www.google.com:443
09:03:21 [DEBUG] Starting new HTTPS connection (1): www.google.com:443
09:03:21 [DEBUG] Starting new HTTPS connection (1): cp.cloudflare.com:443
09:03:22 [DEBUG] https://www.google.com:443 "GET /generate_204 HTTP/1.1" 204 0
09:03:22 [DEBUG] Starting new HTTPS connection (1): cp.cloudflare.com:443
09:03:22 [DEBUG] https://cp.cloudflare.com:443 "GET / HTTP/1.1" 204 0
09:03:22 [DEBUG] Starting new HTTPS connection (1): www.gstatic.com:443
09:03:22 [DEBUG] Starting new HTTPS connection (1): www.gstatic.com:443
09:03:22 [DEBUG] Starting new HTTPS connection (1): www.gstatic.com:443
09:03:22 [DEBUG] https://www.gstatic.com:443 "GET /generate_204 HTTP/1.1" 204 0
09:03:22 [DEBUG] Starting new HTTPS connection (1): cp.cloudflare.com:443
09:03:23 [DEBUG] Starting new HTTPS connection (1): dl.google.com:443
09:03:23 [DEBUG] Starting new HTTPS connection (1): cp.cloudflare.com:443
09:03:23 [DEBUG] https://dl.google.com:443 "GET /dl/android/studio/install/3.4.1.0/android-studio-ide-183.5522156-windows.exe HTTP/1.1" 404 1449
09:03:23 [INFO]    🎯 45.148.31.0 (Дания) - 0.0Mbps, 322ms UDP✅  []
09:03:23 [DEBUG] Starting new HTTPS connection (1): cp.cloudflare.com:443
09:03:24 [DEBUG] Starting new HTTPS connection (1): www.google.com:443
09:03:24 [DEBUG] Starting new HTTPS connection (1): www.google.com:443
09:03:24 [DEBUG] Starting new HTTPS connection (1): www.gstatic.com:443
09:03:25 [DEBUG] Starting new HTTPS connection (1): www.gstatic.com:443
09:03:26 [DEBUG] Starting new HTTPS connection (1): www.google.com:443
09:03:26 [DEBUG] Starting new HTTPS connection (1): www.gstatic.com:443
09:03:26 [DEBUG] Starting new HTTPS connection (1): www.google.com:443
09:03:26 [DEBUG] Starting new HTTPS connection (1): www.google.com:443
09:03:26 [DEBUG] Starting new HTTPS connection (1): www.gstatic.com:443
09:03:27 [DEBUG] Starting new HTTPS connection (1): cp.cloudflare.com:443
09:03:27 [DEBUG] Starting new HTTPS connection (1): cp.cloudflare.com:443
09:03:28 [DEBUG] Starting new HTTPS connection (1): www.gstatic.com:443
09:03:28 [DEBUG] Starting new HTTPS connection (1): www.google.com:443
09:03:28 [DEBUG] Starting new HTTPS connection (1): cp.cloudflare.com:443
09:03:28 [DEBUG] Starting new HTTPS connection (1): cp.cloudflare.com:443
09:03:28 [DEBUG] Starting new HTTPS connection (1): www.gstatic.com:443
09:03:28 [DEBUG] Starting new HTTPS connection (1): cp.cloudflare.com:443
09:03:29 [DEBUG] Starting new HTTPS connection (1): cp.cloudflare.com:443
09:03:29 [DEBUG] Starting new HTTPS connection (1): www.gstatic.com:443
09:03:29 [DEBUG] Starting new HTTPS connection (1): www.google.com:443
09:03:29 [DEBUG] Starting new HTTPS connection (1): www.google.com:443
09:03:30 [DEBUG] Starting new HTTPS connection (1): www.gstatic.com:443
09:03:30 [DEBUG] Starting new HTTPS connection (1): www.gstatic.com:443
09:03:30 [DEBUG] Starting new HTTPS connection (1): www.gstatic.com:443
09:03:31 [DEBUG] Starting new HTTPS connection (1): www.google.com:443
09:03:31 [DEBUG] Starting new HTTPS connection (1): cp.cloudflare.com:443
09:03:31 [DEBUG] Starting new HTTPS connection (1): www.gstatic.com:443
09:03:31 [INFO]    📊 Global: 240/400 (60%) | ✅58 ❌182
09:03:31 [DEBUG] Starting new HTTPS connection (1): www.google.com:443
09:03:31 [DEBUG] Starting new HTTPS connection (1): cp.cloudflare.com:443
09:03:31 [DEBUG] Starting new HTTPS connection (1): www.gstatic.com:443
09:03:32 [DEBUG] Starting new HTTPS connection (1): www.google.com:443
09:03:32 [DEBUG] Starting new HTTPS connection (1): cp.cloudflare.com:443
09:03:32 [DEBUG] Starting new HTTPS connection (1): www.gstatic.com:443
09:03:32 [DEBUG] Starting new HTTPS connection (1): www.google.com:443
09:03:32 [DEBUG] Starting new HTTPS connection (1): cp.cloudflare.com:443
09:03:32 [DEBUG] Starting new HTTPS connection (1): www.gstatic.com:443
09:03:33 [DEBUG] Starting new HTTPS connection (1): www.google.com:443
09:03:33 [DEBUG] Starting new HTTPS connection (1): www.google.com:443
09:03:33 [DEBUG] Starting new HTTPS connection (1): www.google.com:443
09:03:33 [DEBUG] Starting new HTTPS connection (1): www.gstatic.com:443
09:03:33 [DEBUG] Starting new HTTPS connection (1): www.google.com:443
09:03:33 [DEBUG] Starting new HTTPS connection (1): cp.cloudflare.com:443
09:03:33 [DEBUG] Starting new HTTPS connection (1): www.gstatic.com:443
09:03:33 [DEBUG] https://www.google.com:443 "GET /generate_204 HTTP/1.1" 204 0
09:03:33 [DEBUG] Starting new HTTPS connection (1): cp.cloudflare.com:443
09:03:33 [DEBUG] Starting new HTTPS connection (1): cp.cloudflare.com:443
09:03:33 [DEBUG] Starting new HTTPS connection (1): www.google.com:443
09:03:33 [DEBUG] https://cp.cloudflare.com:443 "GET / HTTP/1.1" 204 0
09:03:33 [DEBUG] Starting new HTTPS connection (1): www.gstatic.com:443
09:03:33 [DEBUG] Starting new HTTPS connection (1): www.google.com:443
09:03:33 [DEBUG] https://www.gstatic.com:443 "GET /generate_204 HTTP/1.1" 204 0
09:03:34 [DEBUG] Starting new HTTPS connection (1): dl.google.com:443
09:03:34 [DEBUG] https://dl.google.com:443 "GET /dl/android/studio/install/3.4.1.0/android-studio-ide-183.5522156-windows.exe HTTP/1.1" 404 1449
09:03:34 [INFO]    🎯 162.19.228.119 (Франция) - 0.0Mbps, 67ms UDP✅  []
09:03:34 [DEBUG] Starting new HTTPS connection (1): cp.cloudflare.com:443
09:03:35 [DEBUG] Starting new HTTPS connection (1): www.google.com:443
09:03:35 [DEBUG] Starting new HTTPS connection (1): cp.cloudflare.com:443
09:03:35 [DEBUG] Starting new HTTPS connection (1): www.google.com:443
09:03:35 [DEBUG] Starting new HTTPS connection (1): cp.cloudflare.com:443
09:03:35 [DEBUG] Starting new HTTPS connection (1): www.google.com:443
09:03:35 [DEBUG] Starting new HTTPS connection (1): cp.cloudflare.com:443
09:03:35 [DEBUG] Starting new HTTPS connection (1): www.gstatic.com:443
09:03:35 [DEBUG] Starting new HTTPS connection (1): cp.cloudflare.com:443
09:03:35 [DEBUG] Starting new HTTPS connection (1): cp.cloudflare.com:443
09:03:36 [DEBUG] Starting new HTTPS connection (1): www.gstatic.com:443
09:03:37 [DEBUG] Starting new HTTPS connection (1): www.google.com:443
09:03:37 [DEBUG] Starting new HTTPS connection (1): cp.cloudflare.com:443
09:03:37 [DEBUG] Starting new HTTPS connection (1): www.gstatic.com:443
09:03:37 [DEBUG] Starting new HTTPS connection (1): www.google.com:443
09:03:37 [DEBUG] Starting new HTTPS connection (1): cp.cloudflare.com:443
09:03:37 [DEBUG] Starting new HTTPS connection (1): www.gstatic.com:443
09:03:37 [DEBUG] Starting new HTTPS connection (1): www.gstatic.com:443
09:03:37 [DEBUG] Starting new HTTPS connection (1): cp.cloudflare.com:443
09:03:37 [DEBUG] Starting new HTTPS connection (1): www.gstatic.com:443
09:03:37 [DEBUG] Starting new HTTPS connection (1): www.gstatic.com:443
09:03:38 [DEBUG] Starting new HTTPS connection (1): www.gstatic.com:443
09:03:38 [DEBUG] Starting new HTTPS connection (1): www.google.com:443
09:03:38 [DEBUG] Starting new HTTPS connection (1): cp.cloudflare.com:443
09:03:38 [DEBUG] Starting new HTTPS connection (1): www.gstatic.com:443
09:03:38 [DEBUG] Starting new HTTPS connection (1): www.google.com:443
09:03:39 [DEBUG] Starting new HTTPS connection (1): www.google.com:443
09:03:39 [DEBUG] Starting new HTTPS connection (1): www.gstatic.com:443
09:03:39 [DEBUG] Starting new HTTPS connection (1): www.google.com:443
09:03:39 [DEBUG] Starting new HTTPS connection (1): cp.cloudflare.com:443
09:03:39 [DEBUG] Starting new HTTPS connection (1): www.gstatic.com:443
09:03:39 [DEBUG] Starting new HTTPS connection (1): www.gstatic.com:443
09:03:40 [DEBUG] Starting new HTTPS connection (1): cp.cloudflare.com:443
09:03:40 [DEBUG] Starting new HTTPS connection (1): www.google.com:443
09:03:40 [DEBUG] Starting new HTTPS connection (1): cp.cloudflare.com:443
09:03:40 [DEBUG] https://www.google.com:443 "GET /generate_204 HTTP/1.1" 204 0
09:03:40 [DEBUG] Starting new HTTPS connection (1): cp.cloudflare.com:443
09:03:40 [DEBUG] Starting new HTTPS connection (1): www.google.com:443
09:03:41 [DEBUG] Starting new HTTPS connection (1): www.google.com:443
09:03:41 [DEBUG] Starting new HTTPS connection (1): www.google.com:443
09:03:41 [DEBUG] https://cp.cloudflare.com:443 "GET / HTTP/1.1" 204 0
09:03:41 [DEBUG] Starting new HTTPS connection (1): www.gstatic.com:443
09:03:41 [DEBUG] Starting new HTTPS connection (1): cp.cloudflare.com:443
09:03:41 [DEBUG] Starting new HTTPS connection (1): www.gstatic.com:443
09:03:41 [DEBUG] Starting new HTTPS connection (1): www.google.com:443
09:03:41 [DEBUG] Starting new HTTPS connection (1): cp.cloudflare.com:443
09:03:41 [DEBUG] Starting new HTTPS connection (1): www.gstatic.com:443
09:03:41 [DEBUG] https://www.gstatic.com:443 "GET /generate_204 HTTP/1.1" 204 0
09:03:41 [DEBUG] Starting new HTTPS connection (1): dl.google.com:443
09:03:41 [DEBUG] Starting new HTTPS connection (1): cp.cloudflare.com:443
09:03:41 [DEBUG] https://dl.google.com:443 "GET /dl/android/studio/install/3.4.1.0/android-studio-ide-183.5522156-windows.exe HTTP/1.1" 200 1017327996
09:03:41 [INFO]    🎯 94.23.120.129 (Франция) - 31.7Mbps, 316ms UDP✅  []
09:03:42 [DEBUG] Starting new HTTPS connection (1): www.gstatic.com:443
09:03:42 [DEBUG] Starting new HTTPS connection (1): www.google.com:443
09:03:42 [DEBUG] Starting new HTTPS connection (1): cp.cloudflare.com:443
09:03:42 [DEBUG] Starting new HTTPS connection (1): www.gstatic.com:443
09:03:42 [DEBUG] Starting new HTTPS connection (1): www.google.com:443
09:03:42 [DEBUG] https://www.google.com:443 "GET /generate_204 HTTP/1.1" 204 0
09:03:42 [DEBUG] Starting new HTTPS connection (1): cp.cloudflare.com:443
09:03:43 [DEBUG] Starting new HTTPS connection (1): www.google.com:443
09:03:43 [DEBUG] Starting new HTTPS connection (1): cp.cloudflare.com:443
09:03:43 [DEBUG] Starting new HTTPS connection (1): www.gstatic.com:443
09:03:43 [DEBUG] Starting new HTTPS connection (1): www.google.com:443
09:03:43 [DEBUG] Starting new HTTPS connection (1): cp.cloudflare.com:443
09:03:43 [DEBUG] Starting new HTTPS connection (1): www.gstatic.com:443
09:03:43 [DEBUG] Starting new HTTPS connection (1): cp.cloudflare.com:443
09:03:43 [DEBUG] https://cp.cloudflare.com:443 "GET / HTTP/1.1" 204 0
09:03:43 [DEBUG] Starting new HTTPS connection (1): www.gstatic.com:443
09:03:43 [DEBUG] Starting new HTTPS connection (1): www.gstatic.com:443
09:03:43 [DEBUG] Starting new HTTPS connection (1): www.google.com:443
09:03:43 [DEBUG] Starting new HTTPS connection (1): cp.cloudflare.com:443
09:03:43 [DEBUG] Starting new HTTPS connection (1): www.gstatic.com:443
09:03:44 [DEBUG] Starting new HTTPS connection (1): www.google.com:443
09:03:44 [DEBUG] Starting new HTTPS connection (1): www.google.com:443
09:03:44 [DEBUG] Starting new HTTPS connection (1): cp.cloudflare.com:443
09:03:44 [DEBUG] Starting new HTTPS connection (1): www.gstatic.com:443
09:03:44 [DEBUG] https://www.gstatic.com:443 "GET /generate_204 HTTP/1.1" 204 0
09:03:44 [DEBUG] Starting new HTTPS connection (1): dl.google.com:443
09:03:45 [DEBUG] Starting new HTTPS connection (1): www.gstatic.com:443
09:03:45 [DEBUG] Starting new HTTPS connection (1): www.google.com:443
09:03:45 [DEBUG] Starting new HTTPS connection (1): cp.cloudflare.com:443
09:03:45 [DEBUG] Starting new HTTPS connection (1): www.gstatic.com:443
09:03:45 [DEBUG] https://dl.google.com:443 "GET /dl/android/studio/install/3.4.1.0/android-studio-ide-183.5522156-windows.exe HTTP/1.1" 404 1449
09:03:45 [INFO]    🎯 46.226.167.138 (Франция) - 0.0Mbps, 657ms UDP✅  []
09:03:45 [DEBUG] Starting new HTTPS connection (1): www.gstatic.com:443
09:03:45 [DEBUG] Starting new HTTPS connection (1): www.google.com:443
09:03:45 [DEBUG] Starting new HTTPS connection (1): cp.cloudflare.com:443
09:03:45 [DEBUG] Starting new HTTPS connection (1): www.google.com:443
09:03:45 [DEBUG] Starting new HTTPS connection (1): www.gstatic.com:443
09:03:45 [DEBUG] Starting new HTTPS connection (1): cp.cloudflare.com:443
09:03:45 [DEBUG] Starting new HTTPS connection (1): www.gstatic.com:443
09:03:45 [DEBUG] Starting new HTTPS connection (1): www.google.com:443
09:03:45 [DEBUG] Starting new HTTPS connection (1): cp.cloudflare.com:443
09:03:45 [DEBUG] Starting new HTTPS connection (1): www.gstatic.com:443
09:03:46 [DEBUG] Starting new HTTPS connection (1): cp.cloudflare.com:443
09:03:46 [DEBUG] Starting new HTTPS connection (1): www.google.com:443
09:03:46 [DEBUG] Starting new HTTPS connection (1): cp.cloudflare.com:443
09:03:46 [DEBUG] Starting new HTTPS connection (1): www.gstatic.com:443
09:03:46 [DEBUG] Starting new HTTPS connection (1): www.google.com:443
09:03:46 [DEBUG] Starting new HTTPS connection (1): cp.cloudflare.com:443
09:03:46 [DEBUG] Starting new HTTPS connection (1): www.google.com:443
09:03:47 [DEBUG] Starting new HTTPS connection (1): www.google.com:443
09:03:47 [DEBUG] Starting new HTTPS connection (1): cp.cloudflare.com:443
09:03:47 [DEBUG] Starting new HTTPS connection (1): cp.cloudflare.com:443
09:03:47 [DEBUG] Starting new HTTPS connection (1): www.gstatic.com:443
09:03:47 [DEBUG] Starting new HTTPS connection (1): www.google.com:443
09:03:47 [DEBUG] Starting new HTTPS connection (1): www.gstatic.com:443
09:03:47 [INFO]    📊 Global: 280/400 (70%) | ✅61 ❌219
09:03:47 [DEBUG] Starting new HTTPS connection (1): cp.cloudflare.com:443
09:03:47 [DEBUG] Starting new HTTPS connection (1): www.gstatic.com:443
09:03:47 [DEBUG] Starting new HTTPS connection (1): www.google.com:443
09:03:47 [DEBUG] Starting new HTTPS connection (1): cp.cloudflare.com:443
09:03:47 [DEBUG] Starting new HTTPS connection (1): www.gstatic.com:443
09:03:47 [DEBUG] Starting new HTTPS connection (1): www.google.com:443
09:03:47 [DEBUG] Starting new HTTPS connection (1): cp.cloudflare.com:443
09:03:47 [DEBUG] Starting new HTTPS connection (1): www.gstatic.com:443
09:03:48 [DEBUG] Starting new HTTPS connection (1): www.google.com:443
09:03:48 [DEBUG] Starting new HTTPS connection (1): www.google.com:443
09:03:48 [DEBUG] Starting new HTTPS connection (1): cp.cloudflare.com:443
09:03:48 [DEBUG] Starting new HTTPS connection (1): cp.cloudflare.com:443
09:03:48 [DEBUG] Starting new HTTPS connection (1): www.google.com:443
09:03:48 [DEBUG] Starting new HTTPS connection (1): www.gstatic.com:443
09:03:48 [DEBUG] Starting new HTTPS connection (1): www.gstatic.com:443
09:03:48 [DEBUG] Starting new HTTPS connection (1): cp.cloudflare.com:443
09:03:48 [DEBUG] Starting new HTTPS connection (1): www.gstatic.com:443
09:03:48 [DEBUG] Starting new HTTPS connection (1): www.google.com:443
09:03:48 [DEBUG] Starting new HTTPS connection (1): cp.cloudflare.com:443
09:03:48 [DEBUG] Starting new HTTPS connection (1): www.gstatic.com:443
09:03:48 [DEBUG] Starting new HTTPS connection (1): www.gstatic.com:443
09:03:49 [DEBUG] Starting new HTTPS connection (1): www.google.com:443
09:03:49 [DEBUG] https://www.google.com:443 "GET /generate_204 HTTP/1.1" 204 0
09:03:49 [DEBUG] Starting new HTTPS connection (1): cp.cloudflare.com:443
09:03:49 [DEBUG] Starting new HTTPS connection (1): www.google.com:443
09:03:49 [DEBUG] Starting new HTTPS connection (1): www.google.com:443
09:03:49 [DEBUG] Starting new HTTPS connection (1): cp.cloudflare.com:443
09:03:49 [DEBUG] Starting new HTTPS connection (1): cp.cloudflare.com:443
09:03:49 [DEBUG] Starting new HTTPS connection (1): www.gstatic.com:443
09:03:49 [DEBUG] Starting new HTTPS connection (1): www.google.com:443
09:03:49 [DEBUG] Starting new HTTPS connection (1): www.gstatic.com:443
09:03:49 [DEBUG] Starting new HTTPS connection (1): cp.cloudflare.com:443
09:03:49 [DEBUG] Starting new HTTPS connection (1): www.google.com:443
09:03:49 [DEBUG] Starting new HTTPS connection (1): www.gstatic.com:443
09:03:49 [DEBUG] Starting new HTTPS connection (1): www.google.com:443
09:03:49 [DEBUG] Starting new HTTPS connection (1): cp.cloudflare.com:443
09:03:49 [DEBUG] Starting new HTTPS connection (1): www.gstatic.com:443
09:03:49 [DEBUG] Starting new HTTPS connection (1): cp.cloudflare.com:443
09:03:50 [DEBUG] https://cp.cloudflare.com:443 "GET / HTTP/1.1" 204 0
09:03:50 [DEBUG] Starting new HTTPS connection (1): www.gstatic.com:443
09:03:50 [DEBUG] Starting new HTTPS connection (1): www.google.com:443
09:03:50 [DEBUG] Starting new HTTPS connection (1): www.google.com:443
09:03:50 [DEBUG] Starting new HTTPS connection (1): cp.cloudflare.com:443
09:03:50 [DEBUG] Starting new HTTPS connection (1): www.gstatic.com:443
09:03:50 [DEBUG] Starting new HTTPS connection (1): www.google.com:443
09:03:51 [DEBUG] Starting new HTTPS connection (1): www.gstatic.com:443
09:03:51 [DEBUG] https://www.gstatic.com:443 "GET /generate_204 HTTP/1.1" 204 0
09:03:51 [DEBUG] Starting new HTTPS connection (1): www.google.com:443
09:03:51 [DEBUG] Starting new HTTPS connection (1): dl.google.com:443
09:03:51 [DEBUG] Starting new HTTPS connection (1): www.google.com:443
09:03:51 [DEBUG] https://dl.google.com:443 "GET /dl/android/studio/install/3.4.1.0/android-studio-ide-183.5522156-windows.exe HTTP/1.1" 200 1017327996
09:03:51 [INFO]    🎯 57.129.137.54 (Британия) - 42.0Mbps, 675ms UDP✅  []
09:03:52 [DEBUG] Starting new HTTPS connection (1): www.google.com:443
09:03:52 [DEBUG] https://www.gstatic.com:443 "GET /generate_204 HTTP/1.1" 204 0
09:03:52 [DEBUG] Starting new HTTPS connection (1): www.google.com:443
09:03:52 [DEBUG] Starting new HTTPS connection (1): www.gstatic.com:443
09:03:52 [DEBUG] https://www.google.com:443 "GET /generate_204 HTTP/1.1" 204 0
09:03:52 [DEBUG] Starting new HTTPS connection (1): cp.cloudflare.com:443
09:03:52 [DEBUG] https://cp.cloudflare.com:443 "GET / HTTP/1.1" 204 0
09:03:52 [DEBUG] Starting new HTTPS connection (1): www.gstatic.com:443
09:03:52 [DEBUG] https://www.gstatic.com:443 "GET /generate_204 HTTP/1.1" 204 0
09:03:52 [DEBUG] Starting new HTTPS connection (1): dl.google.com:443
09:03:52 [DEBUG] https://dl.google.com:443 "GET /dl/android/studio/install/3.4.1.0/android-studio-ide-183.5522156-windows.exe HTTP/1.1" 404 1449
09:03:52 [INFO]    🎯 188.114.98.0 (XX) - 0.0Mbps, 86ms UDP✅  []
09:03:52 [DEBUG] Starting new HTTPS connection (1): www.google.com:443
09:03:53 [DEBUG] Starting new HTTPS connection (1): cp.cloudflare.com:443
09:03:53 [DEBUG] Starting new HTTPS connection (1): www.google.com:443
09:03:53 [DEBUG] Starting new HTTPS connection (1): cp.cloudflare.com:443
09:03:53 [DEBUG] Starting new HTTPS connection (1): www.google.com:443
09:03:54 [DEBUG] Starting new HTTPS connection (1): cp.cloudflare.com:443
09:03:54 [DEBUG] Starting new HTTPS connection (1): cp.cloudflare.com:443
09:03:54 [DEBUG] Starting new HTTPS connection (1): cp.cloudflare.com:443
09:03:54 [DEBUG] Starting new HTTPS connection (1): cp.cloudflare.com:443
09:03:55 [DEBUG] Starting new HTTPS connection (1): www.gstatic.com:443
09:03:55 [DEBUG] Starting new HTTPS connection (1): cp.cloudflare.com:443
09:03:55 [DEBUG] Starting new HTTPS connection (1): cp.cloudflare.com:443
09:03:56 [DEBUG] Starting new HTTPS connection (1): cp.cloudflare.com:443
09:03:56 [DEBUG] Starting new HTTPS connection (1): www.google.com:443
09:03:56 [DEBUG] Starting new HTTPS connection (1): cp.cloudflare.com:443
09:03:56 [DEBUG] Starting new HTTPS connection (1): www.gstatic.com:443
09:03:56 [DEBUG] Starting new HTTPS connection (1): www.gstatic.com:443
09:03:56 [DEBUG] Starting new HTTPS connection (1): www.gstatic.com:443
09:03:57 [DEBUG] Starting new HTTPS connection (1): www.gstatic.com:443
09:03:57 [DEBUG] Starting new HTTPS connection (1): www.gstatic.com:443
09:03:57 [DEBUG] Starting new HTTPS connection (1): www.gstatic.com:443
09:03:58 [DEBUG] Starting new HTTPS connection (1): www.google.com:443
09:03:58 [DEBUG] Starting new HTTPS connection (1): cp.cloudflare.com:443
09:03:58 [DEBUG] Starting new HTTPS connection (1): www.gstatic.com:443
09:03:58 [DEBUG] Starting new HTTPS connection (1): www.gstatic.com:443
09:03:58 [DEBUG] Starting new HTTPS connection (1): www.google.com:443
09:03:59 [DEBUG] Starting new HTTPS connection (1): www.google.com:443
09:03:59 [DEBUG] Starting new HTTPS connection (1): cp.cloudflare.com:443
09:03:59 [DEBUG] Starting new HTTPS connection (1): www.gstatic.com:443
09:03:59 [DEBUG] Starting new HTTPS connection (1): www.gstatic.com:443
09:04:00 [DEBUG] Starting new HTTPS connection (1): www.google.com:443
09:04:00 [DEBUG] Starting new HTTPS connection (1): cp.cloudflare.com:443
09:04:00 [DEBUG] Starting new HTTPS connection (1): www.gstatic.com:443
09:04:00 [DEBUG] Starting new HTTPS connection (1): www.google.com:443
09:04:00 [DEBUG] Starting new HTTPS connection (1): cp.cloudflare.com:443
09:04:00 [DEBUG] Starting new HTTPS connection (1): www.gstatic.com:443
09:04:00 [DEBUG] Starting new HTTPS connection (1): www.google.com:443
09:04:00 [DEBUG] Starting new HTTPS connection (1): cp.cloudflare.com:443
09:04:01 [DEBUG] Starting new HTTPS connection (1): www.google.com:443
09:04:01 [DEBUG] https://www.google.com:443 "GET /generate_204 HTTP/1.1" 204 0
09:04:01 [DEBUG] Starting new HTTPS connection (1): cp.cloudflare.com:443
09:04:01 [DEBUG] Starting new HTTPS connection (1): www.google.com:443
09:04:01 [DEBUG] https://cp.cloudflare.com:443 "GET / HTTP/1.1" 204 0
09:04:01 [DEBUG] Starting new HTTPS connection (1): www.gstatic.com:443
09:04:01 [DEBUG] https://www.google.com:443 "GET /generate_204 HTTP/1.1" 204 0
09:04:01 [DEBUG] Starting new HTTPS connection (1): cp.cloudflare.com:443
09:04:01 [DEBUG] Starting new HTTPS connection (1): www.gstatic.com:443
09:04:01 [DEBUG] Starting new HTTPS connection (1): www.google.com:443
09:04:01 [DEBUG] https://www.gstatic.com:443 "GET /generate_204 HTTP/1.1" 204 0
09:04:01 [DEBUG] Starting new HTTPS connection (1): dl.google.com:443
09:04:01 [DEBUG] https://cp.cloudflare.com:443 "GET / HTTP/1.1" 204 0
09:04:01 [DEBUG] Starting new HTTPS connection (1): www.gstatic.com:443
09:04:01 [DEBUG] Starting new HTTPS connection (1): cp.cloudflare.com:443
09:04:01 [DEBUG] Starting new HTTPS connection (1): www.gstatic.com:443
09:04:01 [DEBUG] https://www.gstatic.com:443 "GET /generate_204 HTTP/1.1" 204 0
09:04:01 [DEBUG] Starting new HTTPS connection (1): dl.google.com:443
09:04:01 [DEBUG] Starting new HTTPS connection (1): www.google.com:443
09:04:02 [DEBUG] Starting new HTTPS connection (1): www.google.com:443
09:04:02 [DEBUG] https://dl.google.com:443 "GET /dl/android/studio/install/3.4.1.0/android-studio-ide-183.5522156-windows.exe HTTP/1.1" 200 1017327996
09:04:02 [DEBUG] Starting new HTTPS connection (1): www.google.com:443
09:04:02 [INFO]    🎯 104.18.32.47 (XX) - 12.3Mbps, 246ms UDP✅  []
09:04:03 [DEBUG] Starting new HTTPS connection (1): www.gstatic.com:443
09:04:03 [DEBUG] Starting new HTTPS connection (1): cp.cloudflare.com:443
09:04:04 [DEBUG] Starting new HTTPS connection (1): www.google.com:443
09:04:04 [DEBUG] Starting new HTTPS connection (1): cp.cloudflare.com:443
09:04:04 [DEBUG] Starting new HTTPS connection (1): www.google.com:443
09:04:04 [DEBUG] Starting new HTTPS connection (1): www.google.com:443
09:04:04 [DEBUG] Starting new HTTPS connection (1): cp.cloudflare.com:443
09:04:05 [DEBUG] Starting new HTTPS connection (1): www.gstatic.com:443
09:04:05 [DEBUG] Starting new HTTPS connection (1): www.google.com:443
09:04:06 [DEBUG] Starting new HTTPS connection (1): cp.cloudflare.com:443
09:04:06 [DEBUG] Starting new HTTPS connection (1): cp.cloudflare.com:443
09:04:06 [DEBUG] Starting new HTTPS connection (1): www.gstatic.com:443
09:04:06 [DEBUG] https://cp.cloudflare.com:443 "GET / HTTP/1.1" 204 0
09:04:06 [DEBUG] Starting new HTTPS connection (1): www.gstatic.com:443
09:04:06 [DEBUG] Starting new HTTPS connection (1): www.google.com:443
09:04:06 [DEBUG] Starting new HTTPS connection (1): cp.cloudflare.com:443
09:04:06 [DEBUG] Starting new HTTPS connection (1): cp.cloudflare.com:443
09:04:06 [DEBUG] Starting new HTTPS connection (1): www.gstatic.com:443
09:04:07 [INFO]    🎯 104.21.227.134 (XX) - 0.0Mbps, 115ms UDP✅  []
09:04:08 [DEBUG] Starting new HTTPS connection (1): cp.cloudflare.com:443
09:04:08 [DEBUG] Starting new HTTPS connection (1): www.gstatic.com:443
09:04:08 [INFO]    📊 Global: 320/400 (80%) | ✅65 ❌255
09:04:08 [DEBUG] Starting new HTTPS connection (1): cp.cloudflare.com:443
09:04:08 [DEBUG] Starting new HTTPS connection (1): www.gstatic.com:443
09:04:08 [DEBUG] Starting new HTTPS connection (1): www.google.com:443
09:04:08 [DEBUG] Starting new HTTPS connection (1): www.gstatic.com:443
09:04:09 [DEBUG] Starting new HTTPS connection (1): www.google.com:443
09:04:09 [DEBUG] https://www.google.com:443 "GET /generate_204 HTTP/1.1" 204 0
09:04:09 [DEBUG] Starting new HTTPS connection (1): cp.cloudflare.com:443
09:04:09 [DEBUG] https://cp.cloudflare.com:443 "GET / HTTP/1.1" 204 0
09:04:09 [DEBUG] Starting new HTTPS connection (1): www.gstatic.com:443
09:04:09 [DEBUG] https://www.gstatic.com:443 "GET /generate_204 HTTP/1.1" 204 0
09:04:09 [DEBUG] Starting new HTTPS connection (1): dl.google.com:443
09:04:09 [DEBUG] Starting new HTTPS connection (1): www.google.com:443
09:04:09 [DEBUG] https://dl.google.com:443 "GET /dl/android/studio/install/3.4.1.0/android-studio-ide-183.5522156-windows.exe HTTP/1.1" 404 1449
09:04:09 [INFO]    🎯 104.21.40.34 (XX) - 0.0Mbps, 95ms UDP✅  []
09:04:09 [DEBUG] https://www.google.com:443 "GET /generate_204 HTTP/1.1" 204 0
09:04:09 [DEBUG] Starting new HTTPS connection (1): cp.cloudflare.com:443
09:04:09 [DEBUG] https://cp.cloudflare.com:443 "GET / HTTP/1.1" 204 0
09:04:09 [DEBUG] Starting new HTTPS connection (1): www.gstatic.com:443
09:04:09 [DEBUG] https://www.gstatic.com:443 "GET /generate_204 HTTP/1.1" 204 0
09:04:09 [DEBUG] Starting new HTTPS connection (1): dl.google.com:443
09:04:10 [DEBUG] https://dl.google.com:443 "GET /dl/android/studio/install/3.4.1.0/android-studio-ide-183.5522156-windows.exe HTTP/1.1" 200 1017327996
09:04:10 [DEBUG] Starting new HTTPS connection (1): www.gstatic.com:443
09:04:10 [DEBUG] Starting new HTTPS connection (1): www.google.com:443
09:04:10 [INFO]    🎯 8.6.112.0 (XX) - 40.8Mbps, 92ms UDP✅  []
09:04:10 [DEBUG] Starting new HTTPS connection (1): www.gstatic.com:443
09:04:10 [DEBUG] Starting new HTTPS connection (1): cp.cloudflare.com:443
09:04:10 [DEBUG] Starting new HTTPS connection (1): www.google.com:443
09:04:11 [DEBUG] Starting new HTTPS connection (1): www.google.com:443
09:04:11 [DEBUG] Starting new HTTPS connection (1): www.google.com:443
09:04:11 [DEBUG] Starting new HTTPS connection (1): www.google.com:443
09:04:12 [DEBUG] Starting new HTTPS connection (1): www.google.com:443
09:04:12 [DEBUG] Starting new HTTPS connection (1): cp.cloudflare.com:443
09:04:12 [DEBUG] Starting new HTTPS connection (1): www.gstatic.com:443
09:04:12 [DEBUG] https://www.google.com:443 "GET /generate_204 HTTP/1.1" 204 0
09:04:12 [DEBUG] Starting new HTTPS connection (1): cp.cloudflare.com:443
09:04:12 [DEBUG] Starting new HTTPS connection (1): cp.cloudflare.com:443
09:04:12 [DEBUG] Starting new HTTPS connection (1): www.google.com:443
09:04:12 [DEBUG] Starting new HTTPS connection (1): www.gstatic.com:443
09:04:12 [DEBUG] Starting new HTTPS connection (1): cp.cloudflare.com:443
09:04:13 [DEBUG] Starting new HTTPS connection (1): www.google.com:443
09:04:13 [DEBUG] Starting new HTTPS connection (1): www.google.com:443
09:04:13 [DEBUG] Starting new HTTPS connection (1): cp.cloudflare.com:443
09:04:13 [DEBUG] Starting new HTTPS connection (1): www.gstatic.com:443
09:04:13 [DEBUG] Starting new HTTPS connection (1): cp.cloudflare.com:443
09:04:13 [DEBUG] Starting new HTTPS connection (1): www.google.com:443
09:04:14 [DEBUG] https://cp.cloudflare.com:443 "GET / HTTP/1.1" 204 0
09:04:14 [DEBUG] Starting new HTTPS connection (1): www.gstatic.com:443
09:04:14 [DEBUG] Starting new HTTPS connection (1): cp.cloudflare.com:443
09:04:14 [DEBUG] Starting new HTTPS connection (1): www.gstatic.com:443
09:04:14 [DEBUG] Starting new HTTPS connection (1): www.google.com:443
09:04:14 [DEBUG] Starting new HTTPS connection (1): cp.cloudflare.com:443
09:04:15 [DEBUG] https://www.gstatic.com:443 "GET /generate_204 HTTP/1.1" 204 0
09:04:15 [DEBUG] Starting new HTTPS connection (1): www.gstatic.com:443
09:04:15 [DEBUG] Starting new HTTPS connection (1): dl.google.com:443
09:04:15 [DEBUG] Starting new HTTPS connection (1): cp.cloudflare.com:443
09:04:15 [DEBUG] Starting new HTTPS connection (1): www.gstatic.com:443
09:04:15 [DEBUG] https://dl.google.com:443 "GET /dl/android/studio/install/3.4.1.0/android-studio-ide-183.5522156-windows.exe HTTP/1.1" 404 1449
09:04:15 [INFO]    🎯 104.21.3.219 (XX) - 0.0Mbps, 1244ms UDP✅  []
09:04:16 [DEBUG] Starting new HTTPS connection (1): www.google.com:443
09:04:16 [DEBUG] Starting new HTTPS connection (1): www.gstatic.com:443
09:04:16 [DEBUG] Starting new HTTPS connection (1): cp.cloudflare.com:443
09:04:16 [DEBUG] Starting new HTTPS connection (1): www.gstatic.com:443
09:04:16 [DEBUG] Starting new HTTPS connection (1): cp.cloudflare.com:443
09:04:17 [DEBUG] Starting new HTTPS connection (1): www.google.com:443
09:04:17 [DEBUG] Starting new HTTPS connection (1): cp.cloudflare.com:443
09:04:17 [DEBUG] Starting new HTTPS connection (1): www.gstatic.com:443
09:04:17 [DEBUG] Starting new HTTPS connection (1): www.gstatic.com:443
09:04:17 [DEBUG] Starting new HTTPS connection (1): www.google.com:443
09:04:18 [DEBUG] Starting new HTTPS connection (1): cp.cloudflare.com:443
09:04:18 [DEBUG] Starting new HTTPS connection (1): www.google.com:443
09:04:18 [DEBUG] Starting new HTTPS connection (1): www.gstatic.com:443
09:04:18 [DEBUG] Starting new HTTPS connection (1): www.google.com:443
09:04:19 [DEBUG] Starting new HTTPS connection (1): www.gstatic.com:443
09:04:19 [DEBUG] Starting new HTTPS connection (1): www.google.com:443
09:04:19 [DEBUG] Starting new HTTPS connection (1): www.google.com:443
09:04:19 [DEBUG] Starting new HTTPS connection (1): www.google.com:443
09:04:20 [DEBUG] Starting new HTTPS connection (1): cp.cloudflare.com:443
09:04:20 [DEBUG] Starting new HTTPS connection (1): cp.cloudflare.com:443
09:04:20 [DEBUG] Starting new HTTPS connection (1): www.gstatic.com:443
09:04:20 [DEBUG] Starting new HTTPS connection (1): cp.cloudflare.com:443
09:04:20 [DEBUG] Starting new HTTPS connection (1): cp.cloudflare.com:443
09:04:20 [DEBUG] Starting new HTTPS connection (1): www.gstatic.com:443
09:04:20 [DEBUG] Starting new HTTPS connection (1): www.google.com:443
09:04:21 [DEBUG] Starting new HTTPS connection (1): cp.cloudflare.com:443
09:04:21 [DEBUG] Starting new HTTPS connection (1): www.google.com:443
09:04:21 [DEBUG] Starting new HTTPS connection (1): cp.cloudflare.com:443
09:04:21 [DEBUG] Starting new HTTPS connection (1): www.gstatic.com:443
09:04:21 [DEBUG] Starting new HTTPS connection (1): cp.cloudflare.com:443
09:04:21 [DEBUG] Starting new HTTPS connection (1): www.google.com:443
09:04:22 [DEBUG] Starting new HTTPS connection (1): www.gstatic.com:443
09:04:22 [DEBUG] Starting new HTTPS connection (1): www.google.com:443
09:04:22 [DEBUG] Starting new HTTPS connection (1): www.google.com:443
09:04:22 [DEBUG] Starting new HTTPS connection (1): www.gstatic.com:443
09:04:22 [DEBUG] Starting new HTTPS connection (1): cp.cloudflare.com:443
09:04:23 [DEBUG] Starting new HTTPS connection (1): www.gstatic.com:443
09:04:23 [DEBUG] Starting new HTTPS connection (1): www.gstatic.com:443
09:04:23 [DEBUG] Starting new HTTPS connection (1): www.google.com:443
09:04:24 [DEBUG] Starting new HTTPS connection (1): www.gstatic.com:443
09:04:24 [DEBUG] Starting new HTTPS connection (1): cp.cloudflare.com:443
09:04:24 [DEBUG] Starting new HTTPS connection (1): cp.cloudflare.com:443
09:04:24 [DEBUG] Starting new HTTPS connection (1): cp.cloudflare.com:443
09:04:24 [DEBUG] Starting new HTTPS connection (1): www.gstatic.com:443
09:04:25 [DEBUG] Starting new HTTPS connection (1): www.google.com:443
09:04:25 [DEBUG] Starting new HTTPS connection (1): www.google.com:443
09:04:26 [DEBUG] Starting new HTTPS connection (1): cp.cloudflare.com:443
09:04:26 [DEBUG] Starting new HTTPS connection (1): www.google.com:443
09:04:26 [DEBUG] Starting new HTTPS connection (1): www.gstatic.com:443
09:04:26 [DEBUG] Starting new HTTPS connection (1): www.google.com:443
09:04:26 [DEBUG] Starting new HTTPS connection (1): www.gstatic.com:443
09:04:27 [DEBUG] Starting new HTTPS connection (1): www.gstatic.com:443
09:04:27 [DEBUG] Starting new HTTPS connection (1): www.google.com:443
09:04:27 [DEBUG] Starting new HTTPS connection (1): cp.cloudflare.com:443
09:04:27 [DEBUG] Starting new HTTPS connection (1): cp.cloudflare.com:443
09:04:28 [DEBUG] Starting new HTTPS connection (1): www.google.com:443
09:04:28 [DEBUG] Starting new HTTPS connection (1): cp.cloudflare.com:443
09:04:28 [DEBUG] Starting new HTTPS connection (1): www.gstatic.com:443
09:04:28 [DEBUG] Starting new HTTPS connection (1): www.gstatic.com:443
09:04:28 [DEBUG] Starting new HTTPS connection (1): cp.cloudflare.com:443
09:04:29 [DEBUG] Starting new HTTPS connection (1): cp.cloudflare.com:443
09:04:29 [DEBUG] Starting new HTTPS connection (1): www.google.com:443
09:04:29 [DEBUG] Starting new HTTPS connection (1): cp.cloudflare.com:443
09:04:29 [DEBUG] Starting new HTTPS connection (1): www.gstatic.com:443
09:04:29 [DEBUG] Starting new HTTPS connection (1): cp.cloudflare.com:443
09:04:29 [DEBUG] Starting new HTTPS connection (1): www.gstatic.com:443
09:04:30 [DEBUG] Starting new HTTPS connection (1): www.gstatic.com:443
09:04:30 [DEBUG] Starting new HTTPS connection (1): www.google.com:443
09:04:30 [DEBUG] Starting new HTTPS connection (1): cp.cloudflare.com:443
09:04:30 [DEBUG] Starting new HTTPS connection (1): www.gstatic.com:443
09:04:30 [DEBUG] Starting new HTTPS connection (1): www.google.com:443
09:04:30 [DEBUG] Starting new HTTPS connection (1): cp.cloudflare.com:443
09:04:30 [DEBUG] Starting new HTTPS connection (1): www.gstatic.com:443
09:04:30 [DEBUG] Starting new HTTPS connection (1): www.google.com:443
09:04:30 [DEBUG] Starting new HTTPS connection (1): cp.cloudflare.com:443
09:04:30 [DEBUG] Starting new HTTPS connection (1): www.gstatic.com:443
09:04:30 [INFO]    📊 Global: 360/400 (90%) | ✅68 ❌292
09:04:30 [DEBUG] Starting new HTTPS connection (1): www.google.com:443
09:04:30 [DEBUG] Starting new HTTPS connection (1): cp.cloudflare.com:443
09:04:30 [DEBUG] Starting new HTTPS connection (1): www.gstatic.com:443
09:04:30 [DEBUG] Starting new HTTPS connection (1): www.gstatic.com:443
09:04:31 [DEBUG] Starting new HTTPS connection (1): www.google.com:443
09:04:31 [DEBUG] Starting new HTTPS connection (1): www.google.com:443
09:04:31 [DEBUG] Starting new HTTPS connection (1): www.gstatic.com:443
09:04:31 [DEBUG] Starting new HTTPS connection (1): www.google.com:443
09:04:31 [DEBUG] Starting new HTTPS connection (1): www.gstatic.com:443
09:04:31 [DEBUG] Starting new HTTPS connection (1): www.google.com:443
09:04:31 [DEBUG] Starting new HTTPS connection (1): www.google.com:443
09:04:33 [DEBUG] Starting new HTTPS connection (1): www.google.com:443
09:04:33 [DEBUG] Starting new HTTPS connection (1): cp.cloudflare.com:443
09:04:33 [DEBUG] Starting new HTTPS connection (1): www.google.com:443
09:04:33 [DEBUG] Starting new HTTPS connection (1): cp.cloudflare.com:443
09:04:33 [DEBUG] Starting new HTTPS connection (1): cp.cloudflare.com:443
09:04:33 [DEBUG] Starting new HTTPS connection (1): cp.cloudflare.com:443
09:04:33 [DEBUG] Starting new HTTPS connection (1): cp.cloudflare.com:443
09:04:34 [DEBUG] Starting new HTTPS connection (1): www.google.com:443
09:04:34 [DEBUG] Starting new HTTPS connection (1): www.google.com:443
09:04:34 [DEBUG] Starting new HTTPS connection (1): cp.cloudflare.com:443
09:04:34 [DEBUG] Starting new HTTPS connection (1): www.gstatic.com:443
09:04:34 [DEBUG] Starting new HTTPS connection (1): www.google.com:443
09:04:35 [DEBUG] Starting new HTTPS connection (1): cp.cloudflare.com:443
09:04:35 [DEBUG] Starting new HTTPS connection (1): www.gstatic.com:443
09:04:35 [DEBUG] Starting new HTTPS connection (1): cp.cloudflare.com:443
09:04:35 [DEBUG] Starting new HTTPS connection (1): cp.cloudflare.com:443
09:04:35 [DEBUG] Starting new HTTPS connection (1): www.gstatic.com:443
09:04:35 [DEBUG] Starting new HTTPS connection (1): www.gstatic.com:443
09:04:35 [DEBUG] Starting new HTTPS connection (1): www.gstatic.com:443
09:04:35 [DEBUG] Starting new HTTPS connection (1): www.gstatic.com:443
09:04:36 [DEBUG] Starting new HTTPS connection (1): www.google.com:443
09:04:36 [DEBUG] Starting new HTTPS connection (1): www.gstatic.com:443
09:04:36 [DEBUG] Starting new HTTPS connection (1): cp.cloudflare.com:443
09:04:36 [DEBUG] Starting new HTTPS connection (1): www.google.com:443
09:04:36 [DEBUG] Starting new HTTPS connection (1): cp.cloudflare.com:443
09:04:37 [DEBUG] Starting new HTTPS connection (1): www.gstatic.com:443
09:04:37 [DEBUG] Starting new HTTPS connection (1): www.gstatic.com:443
09:04:38 [DEBUG] Starting new HTTPS connection (1): www.gstatic.com:443
09:04:39 [DEBUG] Starting new HTTPS connection (1): www.google.com:443
09:04:39 [DEBUG] Starting new HTTPS connection (1): cp.cloudflare.com:443
09:04:39 [DEBUG] Starting new HTTPS connection (1): www.google.com:443
09:04:39 [DEBUG] Starting new HTTPS connection (1): www.gstatic.com:443
09:04:39 [DEBUG] Starting new HTTPS connection (1): www.google.com:443
09:04:39 [DEBUG] Starting new HTTPS connection (1): www.google.com:443
09:04:39 [DEBUG] Starting new HTTPS connection (1): www.google.com:443
09:04:40 [DEBUG] Starting new HTTPS connection (1): www.google.com:443
09:04:40 [DEBUG] Starting new HTTPS connection (1): www.google.com:443
09:04:40 [DEBUG] Starting new HTTPS connection (1): cp.cloudflare.com:443
09:04:40 [DEBUG] Starting new HTTPS connection (1): www.gstatic.com:443
09:04:40 [DEBUG] Starting new HTTPS connection (1): www.google.com:443
09:04:40 [DEBUG] https://www.google.com:443 "GET /generate_204 HTTP/1.1" 204 0
09:04:40 [DEBUG] Starting new HTTPS connection (1): cp.cloudflare.com:443
09:04:41 [DEBUG] Starting new HTTPS connection (1): cp.cloudflare.com:443
09:04:41 [DEBUG] Starting new HTTPS connection (1): www.gstatic.com:443
09:04:41 [DEBUG] Starting new HTTPS connection (1): cp.cloudflare.com:443
09:04:41 [DEBUG] Starting new HTTPS connection (1): cp.cloudflare.com:443
09:04:41 [DEBUG] Starting new HTTPS connection (1): cp.cloudflare.com:443
09:04:41 [DEBUG] Starting new HTTPS connection (1): www.google.com:443
09:04:41 [DEBUG] Starting new HTTPS connection (1): cp.cloudflare.com:443
09:04:41 [DEBUG] Starting new HTTPS connection (1): www.gstatic.com:443
09:04:41 [DEBUG] Starting new HTTPS connection (1): www.gstatic.com:443
09:04:41 [DEBUG] Starting new HTTPS connection (1): www.google.com:443
09:04:41 [DEBUG] Starting new HTTPS connection (1): cp.cloudflare.com:443
09:04:42 [DEBUG] Starting new HTTPS connection (1): www.gstatic.com:443
09:04:42 [DEBUG] Starting new HTTPS connection (1): cp.cloudflare.com:443
09:04:42 [DEBUG] Starting new HTTPS connection (1): cp.cloudflare.com:443
09:04:42 [DEBUG] https://cp.cloudflare.com:443 "GET / HTTP/1.1" 204 0
09:04:42 [DEBUG] Starting new HTTPS connection (1): www.gstatic.com:443
09:04:42 [DEBUG] https://www.gstatic.com:443 "GET /generate_204 HTTP/1.1" 204 0
09:04:42 [DEBUG] Starting new HTTPS connection (1): dl.google.com:443
09:04:42 [DEBUG] Starting new HTTPS connection (1): www.google.com:443
09:04:42 [DEBUG] Starting new HTTPS connection (1): cp.cloudflare.com:443
09:04:42 [DEBUG] https://dl.google.com:443 "GET /dl/android/studio/install/3.4.1.0/android-studio-ide-183.5522156-windows.exe HTTP/1.1" 404 1449
09:04:42 [INFO]    🎯 104.21.224.5 (XX) - 0.0Mbps, 662ms UDP✅  []
09:04:43 [DEBUG] Starting new HTTPS connection (1): www.gstatic.com:443
09:04:43 [DEBUG] Starting new HTTPS connection (1): www.google.com:443
09:04:43 [DEBUG] Starting new HTTPS connection (1): cp.cloudflare.com:443
09:04:43 [DEBUG] Starting new HTTPS connection (1): www.gstatic.com:443
09:04:43 [DEBUG] Starting new HTTPS connection (1): www.google.com:443
09:04:43 [DEBUG] Starting new HTTPS connection (1): www.gstatic.com:443
09:04:43 [DEBUG] Starting new HTTPS connection (1): www.gstatic.com:443
09:04:43 [DEBUG] Starting new HTTPS connection (1): www.gstatic.com:443
09:04:44 [DEBUG] Starting new HTTPS connection (1): www.google.com:443
09:04:44 [DEBUG] Starting new HTTPS connection (1): www.google.com:443
09:04:44 [DEBUG] Starting new HTTPS connection (1): www.google.com:443
09:04:44 [DEBUG] Starting new HTTPS connection (1): www.gstatic.com:443
09:04:44 [DEBUG] Starting new HTTPS connection (1): www.gstatic.com:443
09:04:45 [DEBUG] Starting new HTTPS connection (1): cp.cloudflare.com:443
09:04:46 [DEBUG] Starting new HTTPS connection (1): cp.cloudflare.com:443
09:04:46 [DEBUG] Starting new HTTPS connection (1): cp.cloudflare.com:443
09:04:46 [DEBUG] Starting new HTTPS connection (1): cp.cloudflare.com:443
09:04:46 [DEBUG] Starting new HTTPS connection (1): www.google.com:443
09:04:47 [DEBUG] Starting new HTTPS connection (1): www.google.com:443
09:04:47 [DEBUG] Starting new HTTPS connection (1): www.google.com:443
09:04:47 [DEBUG] Starting new HTTPS connection (1): cp.cloudflare.com:443
09:04:47 [DEBUG] Starting new HTTPS connection (1): www.gstatic.com:443
09:04:47 [DEBUG] Starting new HTTPS connection (1): www.google.com:443
09:04:47 [DEBUG] Starting new HTTPS connection (1): cp.cloudflare.com:443
09:04:47 [DEBUG] Starting new HTTPS connection (1): www.gstatic.com:443
09:04:47 [DEBUG] Starting new HTTPS connection (1): www.google.com:443
09:04:48 [DEBUG] Starting new HTTPS connection (1): www.gstatic.com:443
09:04:48 [DEBUG] Starting new HTTPS connection (1): www.google.com:443
09:04:48 [DEBUG] Starting new HTTPS connection (1): www.gstatic.com:443
09:04:48 [DEBUG] Starting new HTTPS connection (1): www.gstatic.com:443
09:04:49 [DEBUG] Starting new HTTPS connection (1): www.gstatic.com:443
09:04:49 [DEBUG] Starting new HTTPS connection (1): cp.cloudflare.com:443
09:04:49 [DEBUG] Starting new HTTPS connection (1): cp.cloudflare.com:443
09:04:49 [DEBUG] Starting new HTTPS connection (1): cp.cloudflare.com:443
09:04:50 [DEBUG] Starting new HTTPS connection (1): cp.cloudflare.com:443
09:04:51 [DEBUG] Starting new HTTPS connection (1): www.gstatic.com:443
09:04:51 [DEBUG] Starting new HTTPS connection (1): www.gstatic.com:443
09:04:52 [DEBUG] Starting new HTTPS connection (1): www.gstatic.com:443
09:04:53 [DEBUG] Starting new HTTPS connection (1): www.gstatic.com:443
09:04:55 [INFO]    📊 Global: 400/400 (100%) | ✅69 ❌331
09:04:56 [DEBUG] Starting new HTTPS connection (1): www.google.com:443
09:04:56 [DEBUG] Starting new HTTPS connection (1): www.google.com:443
09:04:56 [DEBUG] Starting new HTTPS connection (1): www.google.com:443
09:04:57 [DEBUG] Starting new HTTPS connection (1): www.google.com:443
09:04:57 [DEBUG] Starting new HTTPS connection (1): www.google.com:443
09:04:57 [DEBUG] Starting new HTTPS connection (1): www.google.com:443
09:04:57 [DEBUG] Starting new HTTPS connection (1): www.google.com:443
09:04:57 [DEBUG] Starting new HTTPS connection (1): www.google.com:443
09:04:57 [DEBUG] Starting new HTTPS connection (1): www.google.com:443
09:04:57 [DEBUG] Starting new HTTPS connection (1): www.google.com:443
09:04:57 [DEBUG] https://www.google.com:443 "GET /generate_204 HTTP/1.1" 204 0
09:04:57 [DEBUG] Starting new HTTPS connection (1): cp.cloudflare.com:443
09:04:57 [DEBUG] https://www.google.com:443 "GET /generate_204 HTTP/1.1" 204 0
09:04:57 [DEBUG] https://www.google.com:443 "GET /generate_204 HTTP/1.1" 204 0
09:04:57 [DEBUG] Starting new HTTPS connection (1): cp.cloudflare.com:443
09:04:57 [DEBUG] Starting new HTTPS connection (1): cp.cloudflare.com:443
09:04:57 [DEBUG] https://www.google.com:443 "GET /generate_204 HTTP/1.1" 204 0
09:04:57 [DEBUG] Starting new HTTPS connection (1): cp.cloudflare.com:443
09:04:57 [DEBUG] https://www.google.com:443 "GET /generate_204 HTTP/1.1" 204 0
09:04:57 [DEBUG] Starting new HTTPS connection (1): cp.cloudflare.com:443
09:04:57 [DEBUG] https://www.google.com:443 "GET /generate_204 HTTP/1.1" 204 0
09:04:57 [DEBUG] Starting new HTTPS connection (1): cp.cloudflare.com:443
09:04:57 [DEBUG] https://cp.cloudflare.com:443 "GET / HTTP/1.1" 204 0
09:04:57 [DEBUG] Starting new HTTPS connection (1): www.gstatic.com:443
09:04:57 [DEBUG] https://www.google.com:443 "GET /generate_204 HTTP/1.1" 204 0
09:04:57 [DEBUG] Starting new HTTPS connection (1): cp.cloudflare.com:443
09:04:57 [DEBUG] https://www.google.com:443 "GET /generate_204 HTTP/1.1" 204 0
09:04:57 [DEBUG] Starting new HTTPS connection (1): cp.cloudflare.com:443
09:04:57 [DEBUG] https://cp.cloudflare.com:443 "GET / HTTP/1.1" 204 0
09:04:57 [DEBUG] Starting new HTTPS connection (1): www.gstatic.com:443
09:04:57 [DEBUG] https://cp.cloudflare.com:443 "GET / HTTP/1.1" 204 0
09:04:57 [DEBUG] Starting new HTTPS connection (1): www.gstatic.com:443
09:04:57 [DEBUG] https://www.gstatic.com:443 "GET /generate_204 HTTP/1.1" 204 0
09:04:57 [DEBUG] https://cp.cloudflare.com:443 "GET / HTTP/1.1" 204 0
09:04:57 [DEBUG] Starting new HTTPS connection (1): www.gstatic.com:443
09:04:57 [DEBUG] https://cp.cloudflare.com:443 "GET / HTTP/1.1" 204 0
09:04:57 [DEBUG] Starting new HTTPS connection (1): www.gstatic.com:443
09:04:57 [DEBUG] Starting new HTTPS connection (1): dl.google.com:443
09:04:57 [DEBUG] https://www.gstatic.com:443 "GET /generate_204 HTTP/1.1" 204 0
09:04:57 [DEBUG] https://cp.cloudflare.com:443 "GET / HTTP/1.1" 204 0
09:04:57 [DEBUG] https://cp.cloudflare.com:443 "GET / HTTP/1.1" 204 0
09:04:57 [DEBUG] Starting new HTTPS connection (1): www.gstatic.com:443
09:04:58 [DEBUG] Starting new HTTPS connection (1): www.gstatic.com:443
09:04:58 [DEBUG] https://dl.google.com:443 "GET /dl/android/studio/install/3.4.1.0/android-studio-ide-183.5522156-windows.exe HTTP/1.1" 200 1017327996
09:04:58 [DEBUG] Starting new HTTPS connection (1): dl.google.com:443
09:04:58 [DEBUG] https://www.gstatic.com:443 "GET /generate_204 HTTP/1.1" 204 0
09:04:58 [DEBUG] https://cp.cloudflare.com:443 "GET / HTTP/1.1" 204 0
09:04:58 [DEBUG] Starting new HTTPS connection (1): www.gstatic.com:443
09:04:58 [DEBUG] https://www.gstatic.com:443 "GET /generate_204 HTTP/1.1" 204 0
09:04:58 [DEBUG] https://www.gstatic.com:443 "GET /generate_204 HTTP/1.1" 204 0
09:04:58 [DEBUG] https://www.gstatic.com:443 "GET /generate_204 HTTP/1.1" 204 0
09:04:58 [DEBUG] https://www.gstatic.com:443 "GET /generate_204 HTTP/1.1" 204 0
09:04:58 [DEBUG] Starting new HTTPS connection (1): dl.google.com:443
09:04:58 [DEBUG] Starting new HTTPS connection (1): dl.google.com:443
09:04:58 [DEBUG] Starting new HTTPS connection (1): dl.google.com:443
09:04:58 [DEBUG] Starting new HTTPS connection (1): dl.google.com:443
09:04:58 [DEBUG] https://www.gstatic.com:443 "GET /generate_204 HTTP/1.1" 204 0
09:04:58 [DEBUG] Starting new HTTPS connection (1): dl.google.com:443
09:04:58 [INFO]    🎯 217.16.26.158 (Россия) - 15.7Mbps, 233ms UDP✅ Reality [ads.x5.ru]
09:04:58 [DEBUG] https://dl.google.com:443 "GET /dl/android/studio/install/3.4.1.0/android-studio-ide-183.5522156-windows.exe HTTP/1.1" 200 1017327996
09:04:58 [DEBUG] Starting new HTTPS connection (1): dl.google.com:443
09:04:58 [DEBUG] https://dl.google.com:443 "GET /dl/android/studio/install/3.4.1.0/android-studio-ide-183.5522156-windows.exe HTTP/1.1" 200 1017327996
09:04:58 [DEBUG] https://dl.google.com:443 "GET /dl/android/studio/install/3.4.1.0/android-studio-ide-183.5522156-windows.exe HTTP/1.1" 200 1017327996
09:04:58 [DEBUG] https://dl.google.com:443 "GET /dl/android/studio/install/3.4.1.0/android-studio-ide-183.5522156-windows.exe HTTP/1.1" 200 1017327996
09:04:59 [DEBUG] https://dl.google.com:443 "GET /dl/android/studio/install/3.4.1.0/android-studio-ide-183.5522156-windows.exe HTTP/1.1" 200 1017327996
09:04:59 [INFO]    🎯 51.250.83.255 (Россия) - 17.9Mbps, 427ms UDP✅ Reality [ads.x5.ru]
09:04:59 [DEBUG] https://dl.google.com:443 "GET /dl/android/studio/install/3.4.1.0/android-studio-ide-183.5522156-windows.exe HTTP/1.1" 200 1017327996
09:04:59 [INFO]    🎯 212.233.96.101 (Россия) - 13.7Mbps, 353ms UDP✅ Reality [yandex.ru]
09:04:59 [DEBUG] https://dl.google.com:443 "GET /dl/android/studio/install/3.4.1.0/android-studio-ide-183.5522156-windows.exe HTTP/1.1" 200 1017327996
09:04:59 [INFO]    🎯 178.154.224.33 (Россия) - 18.1Mbps, 512ms UDP✅ Reality [ads.x5.ru]
09:04:59 [INFO]    🎯 51.250.12.100 (Россия) - 8.8Mbps, 372ms UDP✅ Reality [api-maps.yandex.ru]
09:04:59 [DEBUG] Starting new HTTPS connection (1): www.google.com:443
09:05:00 [DEBUG] https://www.google.com:443 "GET /generate_204 HTTP/1.1" 204 0
09:05:00 [DEBUG] Starting new HTTPS connection (1): cp.cloudflare.com:443
09:05:00 [DEBUG] Starting new HTTPS connection (1): www.google.com:443
09:05:00 [DEBUG] Starting new HTTPS connection (1): www.google.com:443
09:05:00 [DEBUG] https://www.google.com:443 "GET /generate_204 HTTP/1.1" 204 0
09:05:00 [DEBUG] Starting new HTTPS connection (1): cp.cloudflare.com:443
09:05:00 [DEBUG] Starting new HTTPS connection (1): www.google.com:443
09:05:01 [DEBUG] https://cp.cloudflare.com:443 "GET / HTTP/1.1" 204 0
09:05:01 [DEBUG] Starting new HTTPS connection (1): www.gstatic.com:443
09:05:01 [DEBUG] Starting new HTTPS connection (1): www.google.com:443
09:05:01 [DEBUG] https://www.google.com:443 "GET /generate_204 HTTP/1.1" 204 0
09:05:01 [DEBUG] Starting new HTTPS connection (1): cp.cloudflare.com:443
09:05:01 [DEBUG] https://www.gstatic.com:443 "GET /generate_204 HTTP/1.1" 204 0
09:05:01 [DEBUG] Starting new HTTPS connection (1): dl.google.com:443
09:05:01 [DEBUG] https://cp.cloudflare.com:443 "GET / HTTP/1.1" 204 0
09:05:01 [DEBUG] Starting new HTTPS connection (1): www.gstatic.com:443
09:05:01 [DEBUG] https://dl.google.com:443 "GET /dl/android/studio/install/3.4.1.0/android-studio-ide-183.5522156-windows.exe HTTP/1.1" 200 1017327996
09:05:01 [DEBUG] https://www.google.com:443 "GET /generate_204 HTTP/1.1" 204 0
09:05:01 [DEBUG] Starting new HTTPS connection (1): cp.cloudflare.com:443
09:05:01 [DEBUG] https://www.google.com:443 "GET /generate_204 HTTP/1.1" 204 0
09:05:01 [DEBUG] Starting new HTTPS connection (1): cp.cloudflare.com:443
09:05:01 [DEBUG] https://www.gstatic.com:443 "GET /generate_204 HTTP/1.1" 204 0
09:05:02 [DEBUG] Starting new HTTPS connection (1): cp.cloudflare.com:443
09:05:02 [INFO]    🎯 51.250.32.69 (Россия) - 20.6Mbps, 287ms UDP✅ Reality [www.yandex.ru]
09:05:02 [DEBUG] Starting new HTTPS connection (1): dl.google.com:443
09:05:02 [DEBUG] https://dl.google.com:443 "GET /dl/android/studio/install/3.4.1.0/android-studio-ide-183.5522156-windows.exe HTTP/1.1" 200 1017327996
09:05:02 [INFO]    🎯 51.250.117.136 (Россия) - 18.5Mbps, 457ms UDP✅ Reality [nl36.tcpdoor.net]
09:05:02 [INFO]    📊 Whitelist: 7/79 (9%) | ✅7 ❌0
09:05:02 [INFO]    🎯 178.154.252.255 (Россия) - 2.8Mbps, 372ms UDP✅ Reality [eh.vk.com]
09:05:03 [DEBUG] https://cp.cloudflare.com:443 "GET / HTTP/1.1" 204 0
09:05:03 [DEBUG] Starting new HTTPS connection (1): www.gstatic.com:443
09:05:03 [DEBUG] Starting new HTTPS connection (1): www.google.com:443
09:05:03 [INFO]    🎯 84.201.178.31 (Россия) - 2.5Mbps, 315ms UDP✅ Reality [01.img.avito.st]
09:05:03 [DEBUG] https://www.gstatic.com:443 "GET /generate_204 HTTP/1.1" 204 0
09:05:04 [DEBUG] Starting new HTTPS connection (1): www.google.com:443
09:05:04 [DEBUG] Starting new HTTPS connection (1): dl.google.com:443
09:05:04 [DEBUG] Starting new HTTPS connection (1): www.google.com:443
09:05:04 [DEBUG] https://www.google.com:443 "GET /generate_204 HTTP/1.1" 204 0
09:05:04 [DEBUG] Starting new HTTPS connection (1): cp.cloudflare.com:443
09:05:04 [DEBUG] Starting new HTTPS connection (1): www.google.com:443
09:05:04 [DEBUG] https://dl.google.com:443 "GET /dl/android/studio/install/3.4.1.0/android-studio-ide-183.5522156-windows.exe HTTP/1.1" 200 1017327996
09:05:04 [DEBUG] https://www.google.com:443 "GET /generate_204 HTTP/1.1" 204 0
09:05:04 [DEBUG] Starting new HTTPS connection (1): cp.cloudflare.com:443
09:05:04 [DEBUG] https://cp.cloudflare.com:443 "GET / HTTP/1.1" 204 0
09:05:04 [DEBUG] Starting new HTTPS connection (1): www.gstatic.com:443
09:05:05 [INFO]    🎯 178.250.243.101 (Россия) - 12.7Mbps, 993ms UDP✅ Reality [eh.vk.com]
09:05:05 [DEBUG] Starting new HTTPS connection (1): www.gstatic.com:443
09:05:05 [DEBUG] https://www.gstatic.com:443 "GET /generate_204 HTTP/1.1" 204 0
09:05:05 [DEBUG] https://www.google.com:443 "GET /generate_204 HTTP/1.1" 204 0
09:05:05 [DEBUG] Starting new HTTPS connection (1): cp.cloudflare.com:443
09:05:05 [DEBUG] Starting new HTTPS connection (1): dl.google.com:443
09:05:05 [DEBUG] https://cp.cloudflare.com:443 "GET / HTTP/1.1" 204 0
09:05:05 [DEBUG] Starting new HTTPS connection (1): www.gstatic.com:443
09:05:05 [DEBUG] Starting new HTTPS connection (1): cp.cloudflare.com:443
09:05:06 [DEBUG] https://www.gstatic.com:443 "GET /generate_204 HTTP/1.1" 204 0
09:05:06 [DEBUG] https://cp.cloudflare.com:443 "GET / HTTP/1.1" 204 0
09:05:06 [DEBUG] Starting new HTTPS connection (1): www.gstatic.com:443
09:05:06 [DEBUG] Starting new HTTPS connection (1): www.google.com:443
09:05:06 [DEBUG] https://www.google.com:443 "GET /generate_204 HTTP/1.1" 204 0
09:05:06 [DEBUG] Starting new HTTPS connection (1): cp.cloudflare.com:443
09:05:06 [DEBUG] https://cp.cloudflare.com:443 "GET / HTTP/1.1" 204 0
09:05:06 [DEBUG] Starting new HTTPS connection (1): www.gstatic.com:443
09:05:06 [DEBUG] https://dl.google.com:443 "GET /dl/android/studio/install/3.4.1.0/android-studio-ide-183.5522156-windows.exe HTTP/1.1" 200 1017327996
09:05:06 [DEBUG] https://www.google.com:443 "GET /generate_204 HTTP/1.1" 204 0
09:05:06 [DEBUG] Starting new HTTPS connection (1): cp.cloudflare.com:443
09:05:07 [INFO]    🎯 178.250.243.102 (Россия) - 7.9Mbps, 389ms UDP✅ Reality [eh.vk.com]
09:05:07 [DEBUG] Starting new HTTPS connection (1): www.gstatic.com:443
09:05:07 [DEBUG] https://www.gstatic.com:443 "GET /generate_204 HTTP/1.1" 204 0
09:05:07 [DEBUG] https://cp.cloudflare.com:443 "GET / HTTP/1.1" 204 0
09:05:07 [DEBUG] Starting new HTTPS connection (1): www.gstatic.com:443
09:05:07 [DEBUG] Starting new HTTPS connection (1): dl.google.com:443
09:05:07 [DEBUG] https://www.gstatic.com:443 "GET /generate_204 HTTP/1.1" 204 0
09:05:07 [DEBUG] https://www.gstatic.com:443 "GET /generate_204 HTTP/1.1" 204 0
09:05:07 [DEBUG] https://www.gstatic.com:443 "GET /generate_204 HTTP/1.1" 204 0
09:05:08 [DEBUG] https://dl.google.com:443 "GET /dl/android/studio/install/3.4.1.0/android-studio-ide-183.5522156-windows.exe HTTP/1.1" 200 1017327996
09:05:08 [DEBUG] Starting new HTTPS connection (1): dl.google.com:443
09:05:08 [DEBUG] Starting new HTTPS connection (1): www.google.com:443
09:05:08 [DEBUG] Starting new HTTPS connection (1): dl.google.com:443
09:05:08 [DEBUG] https://cp.cloudflare.com:443 "GET / HTTP/1.1" 204 0
09:05:08 [DEBUG] Starting new HTTPS connection (1): www.gstatic.com:443
09:05:09 [INFO]    🎯 178.250.243.98 (Россия) - 7.2Mbps, 536ms UDP✅ Reality [eh.vk.com]
09:05:09 [DEBUG] Starting new HTTPS connection (1): dl.google.com:443
09:05:09 [DEBUG] https://www.google.com:443 "GET /generate_204 HTTP/1.1" 204 0
09:05:09 [DEBUG] Starting new HTTPS connection (1): cp.cloudflare.com:443
09:05:09 [DEBUG] https://www.gstatic.com:443 "GET /generate_204 HTTP/1.1" 204 0
09:05:09 [DEBUG] https://dl.google.com:443 "GET /dl/android/studio/install/3.4.1.0/android-studio-ide-183.5522156-windows.exe HTTP/1.1" 200 1017327996
09:05:09 [DEBUG] Starting new HTTPS connection (1): dl.google.com:443
09:05:10 [DEBUG] Starting new HTTPS connection (1): www.google.com:443
09:05:10 [DEBUG] Starting new HTTPS connection (1): dl.google.com:443
09:05:10 [DEBUG] https://dl.google.com:443 "GET /dl/android/studio/install/3.4.1.0/android-studio-ide-183.5522156-windows.exe HTTP/1.1" 200 1017327996
09:05:10 [DEBUG] https://www.google.com:443 "GET /generate_204 HTTP/1.1" 204 0
09:05:10 [DEBUG] Starting new HTTPS connection (1): cp.cloudflare.com:443
09:05:10 [DEBUG] Starting new HTTPS connection (1): www.gstatic.com:443
09:05:10 [DEBUG] https://dl.google.com:443 "GET /dl/android/studio/install/3.4.1.0/android-studio-ide-183.5522156-windows.exe HTTP/1.1" 200 1017327996
09:05:11 [DEBUG] https://dl.google.com:443 "GET /dl/android/studio/install/3.4.1.0/android-studio-ide-183.5522156-windows.exe HTTP/1.1" 200 1017327996
09:05:11 [DEBUG] https://cp.cloudflare.com:443 "GET / HTTP/1.1" 204 0
09:05:11 [DEBUG] Starting new HTTPS connection (1): www.gstatic.com:443
09:05:11 [DEBUG] https://www.gstatic.com:443 "GET /generate_204 HTTP/1.1" 204 0
09:05:11 [DEBUG] Starting new HTTPS connection (1): dl.google.com:443
09:05:11 [INFO]    🎯 185.86.144.32 (Россия) - 6.2Mbps, 2107ms UDP✅ Reality [www.vk.com]
09:05:11 [INFO]    🎯 178.250.243.97 (Россия) - 3.8Mbps, 950ms UDP✅ Reality [eh.vk.com]
09:05:11 [INFO]    📊 Whitelist: 14/79 (18%) | ✅14 ❌0
09:05:12 [DEBUG] https://dl.google.com:443 "GET /dl/android/studio/install/3.4.1.0/android-studio-ide-183.5522156-windows.exe HTTP/1.1" 200 1017327996
09:05:12 [DEBUG] https://dl.google.com:443 "GET /dl/android/studio/install/3.4.1.0/android-studio-ide-183.5522156-windows.exe HTTP/1.1" 200 1017327996
09:05:12 [INFO]    🎯 90.156.217.130 (Россия) - 12.6Mbps, 378ms UDP✅ Reality [m.vk.ru]
09:05:13 [DEBUG] Starting new HTTPS connection (1): www.google.com:443
09:05:13 [DEBUG] Starting new HTTPS connection (1): www.google.com:443
09:05:13 [DEBUG] Starting new HTTPS connection (1): www.google.com:443
09:05:14 [DEBUG] Starting new HTTPS connection (1): www.google.com:443
09:05:14 [DEBUG] https://www.gstatic.com:443 "GET /generate_204 HTTP/1.1" 204 0
09:05:14 [DEBUG] Starting new HTTPS connection (1): www.gstatic.com:443
09:05:14 [DEBUG] https://www.google.com:443 "GET /generate_204 HTTP/1.1" 204 0
09:05:14 [DEBUG] Starting new HTTPS connection (1): cp.cloudflare.com:443
09:05:14 [INFO]    🎯 5.188.141.138 (Россия) - 2.3Mbps, 2941ms UDP✅ Reality [ads.x5.ru]
09:05:14 [DEBUG] https://cp.cloudflare.com:443 "GET / HTTP/1.1" 204 0
09:05:14 [DEBUG] Starting new HTTPS connection (1): www.gstatic.com:443
09:05:15 [DEBUG] Starting new HTTPS connection (1): www.google.com:443
09:05:15 [DEBUG] https://www.gstatic.com:443 "GET /generate_204 HTTP/1.1" 204 0
09:05:15 [DEBUG] https://www.google.com:443 "GET /generate_204 HTTP/1.1" 204 0
09:05:15 [DEBUG] Starting new HTTPS connection (1): cp.cloudflare.com:443
09:05:15 [DEBUG] https://www.google.com:443 "GET /generate_204 HTTP/1.1" 204 0
09:05:15 [DEBUG] Starting new HTTPS connection (1): cp.cloudflare.com:443
09:05:16 [DEBUG] Starting new HTTPS connection (1): www.google.com:443
09:05:16 [DEBUG] https://cp.cloudflare.com:443 "GET / HTTP/1.1" 204 0
09:05:16 [DEBUG] Starting new HTTPS connection (1): www.gstatic.com:443
09:05:16 [DEBUG] https://www.google.com:443 "GET /generate_204 HTTP/1.1" 204 0
09:05:16 [DEBUG] Starting new HTTPS connection (1): cp.cloudflare.com:443
09:05:17 [DEBUG] https://www.google.com:443 "GET /generate_204 HTTP/1.1" 204 0
09:05:17 [DEBUG] Starting new HTTPS connection (1): cp.cloudflare.com:443
09:05:17 [DEBUG] https://cp.cloudflare.com:443 "GET / HTTP/1.1" 204 0
09:05:17 [DEBUG] Starting new HTTPS connection (1): www.gstatic.com:443
09:05:18 [DEBUG] Starting new HTTPS connection (1): cp.cloudflare.com:443
09:05:18 [DEBUG] Starting new HTTPS connection (1): dl.google.com:443
09:05:18 [DEBUG] https://dl.google.com:443 "GET /dl/android/studio/install/3.4.1.0/android-studio-ide-183.5522156-windows.exe HTTP/1.1" 200 1017327996
09:05:19 [INFO]    🎯 37.139.33.15 (Россия) - 12.8Mbps, 412ms UDP❌ Reality [m.vk.ru]
09:05:20 [DEBUG] Starting new HTTPS connection (1): www.google.com:443
09:05:20 [DEBUG] Starting new HTTPS connection (1): www.google.com:443
09:05:20 [DEBUG] Starting new HTTPS connection (1): www.gstatic.com:443
09:05:20 [DEBUG] https://www.google.com:443 "GET /generate_204 HTTP/1.1" 204 0
09:05:20 [DEBUG] Starting new HTTPS connection (1): cp.cloudflare.com:443
09:05:21 [DEBUG] https://cp.cloudflare.com:443 "GET / HTTP/1.1" 204 0
09:05:21 [DEBUG] Starting new HTTPS connection (1): www.gstatic.com:443
09:05:21 [DEBUG] Starting new HTTPS connection (1): www.gstatic.com:443
09:05:21 [DEBUG] https://www.gstatic.com:443 "GET /generate_204 HTTP/1.1" 204 0
09:05:21 [INFO]    🎯 217.16.27.216 (Россия) - 0.9Mbps, 2623ms UDP✅  []
09:05:21 [INFO]    📊 Whitelist: 21/79 (27%) | ✅18 ❌3
09:05:21 [INFO]    🎯 51.250.65.209 (Россия) - 0.6Mbps, 445ms UDP✅ Reality [ads.x5.ru]
09:05:22 [DEBUG] Starting new HTTPS connection (1): www.google.com:443
09:05:22 [DEBUG] Starting new HTTPS connection (1): dl.google.com:443
09:05:23 [DEBUG] Starting new HTTPS connection (1): www.gstatic.com:443
09:05:23 [DEBUG] Starting new HTTPS connection (1): www.google.com:443
09:05:23 [DEBUG] https://www.gstatic.com:443 "GET /generate_204 HTTP/1.1" 204 0
09:05:23 [DEBUG] https://www.google.com:443 "GET /generate_204 HTTP/1.1" 204 0
09:05:23 [DEBUG] Starting new HTTPS connection (1): cp.cloudflare.com:443
09:05:23 [DEBUG] https://www.google.com:443 "GET /generate_204 HTTP/1.1" 204 0
09:05:23 [DEBUG] Starting new HTTPS connection (1): cp.cloudflare.com:443
09:05:23 [DEBUG] https://dl.google.com:443 "GET /dl/android/studio/install/3.4.1.0/android-studio-ide-183.5522156-windows.exe HTTP/1.1" 200 1017327996
09:05:23 [DEBUG] https://cp.cloudflare.com:443 "GET / HTTP/1.1" 204 0
09:05:23 [DEBUG] Starting new HTTPS connection (1): www.gstatic.com:443
09:05:23 [DEBUG] https://cp.cloudflare.com:443 "GET / HTTP/1.1" 204 0
09:05:23 [DEBUG] Starting new HTTPS connection (1): www.gstatic.com:443
09:05:24 [DEBUG] Starting new HTTPS connection (1): dl.google.com:443
09:05:24 [DEBUG] https://www.gstatic.com:443 "GET /generate_204 HTTP/1.1" 204 0
09:05:24 [DEBUG] https://www.gstatic.com:443 "GET /generate_204 HTTP/1.1" 204 0
09:05:24 [DEBUG] Starting new HTTPS connection (1): dl.google.com:443
09:05:24 [INFO]    🎯 217.16.27.216 (Россия) - 8.7Mbps, 2327ms UDP✅ Reality [web.max.ru]
09:05:24 [DEBUG] Starting new HTTPS connection (1): dl.google.com:443
09:05:25 [DEBUG] https://dl.google.com:443 "GET /dl/android/studio/install/3.4.1.0/android-studio-ide-183.5522156-windows.exe HTTP/1.1" 200 1017327996
09:05:25 [DEBUG] https://www.google.com:443 "GET /generate_204 HTTP/1.1" 204 0
09:05:25 [DEBUG] Starting new HTTPS connection (1): cp.cloudflare.com:443
09:05:25 [DEBUG] Starting new HTTPS connection (1): www.google.com:443
09:05:25 [INFO]    🎯 158.160.221.132 (Россия) - 12.3Mbps, 406ms UDP❌ Reality [yandex.ru]
09:05:26 [DEBUG] https://www.google.com:443 "GET /generate_204 HTTP/1.1" 204 0
09:05:26 [DEBUG] Starting new HTTPS connection (1): cp.cloudflare.com:443
09:05:26 [DEBUG] https://cp.cloudflare.com:443 "GET / HTTP/1.1" 204 0
09:05:26 [DEBUG] Starting new HTTPS connection (1): www.gstatic.com:443
09:05:26 [DEBUG] https://cp.cloudflare.com:443 "GET / HTTP/1.1" 204 0
09:05:26 [DEBUG] Starting new HTTPS connection (1): www.gstatic.com:443
09:05:26 [DEBUG] https://dl.google.com:443 "GET /dl/android/studio/install/3.4.1.0/android-studio-ide-183.5522156-windows.exe HTTP/1.1" 200 1017327996
09:05:26 [DEBUG] https://www.gstatic.com:443 "GET /generate_204 HTTP/1.1" 204 0
09:05:26 [DEBUG] https://www.gstatic.com:443 "GET /generate_204 HTTP/1.1" 204 0
09:05:26 [DEBUG] Starting new HTTPS connection (1): www.google.com:443
09:05:27 [DEBUG] https://www.gstatic.com:443 "GET /generate_204 HTTP/1.1" 204 0
09:05:27 [DEBUG] Starting new HTTPS connection (1): dl.google.com:443
09:05:27 [DEBUG] Starting new HTTPS connection (1): dl.google.com:443
09:05:27 [DEBUG] Starting new HTTPS connection (1): dl.google.com:443
09:05:27 [DEBUG] https://www.google.com:443 "GET /generate_204 HTTP/1.1" 204 0
09:05:27 [DEBUG] Starting new HTTPS connection (1): cp.cloudflare.com:443
09:05:27 [DEBUG] Starting new HTTPS connection (1): www.google.com:443
09:05:27 [DEBUG] https://dl.google.com:443 "GET /dl/android/studio/install/3.4.1.0/android-studio-ide-183.5522156-windows.exe HTTP/1.1" 200 1017327996
09:05:27 [DEBUG] https://dl.google.com:443 "GET /dl/android/studio/install/3.4.1.0/android-studio-ide-183.5522156-windows.exe HTTP/1.1" 200 1017327996
09:05:27 [DEBUG] https://cp.cloudflare.com:443 "GET / HTTP/1.1" 204 0
09:05:27 [DEBUG] https://dl.google.com:443 "GET /dl/android/studio/install/3.4.1.0/android-studio-ide-183.5522156-windows.exe HTTP/1.1" 200 1017327996
09:05:27 [DEBUG] Starting new HTTPS connection (1): www.gstatic.com:443
09:05:27 [DEBUG] Starting new HTTPS connection (1): www.google.com:443
09:05:28 [DEBUG] https://www.gstatic.com:443 "GET /generate_204 HTTP/1.1" 204 0
09:05:28 [INFO]    🎯 212.233.73.212 (Россия) - 12.3Mbps, 411ms UDP❌ Reality [m.vk.ru]
09:05:28 [INFO]    🎯 212.233.73.212 (Россия) - 11.7Mbps, 417ms UDP✅ Reality [m.vk.ru]
09:05:28 [INFO]    📊 Whitelist: 28/79 (35%) | ✅23 ❌5
09:05:28 [INFO]    🎯 37.139.33.15 (Россия) - 12.2Mbps, 412ms UDP❌ Reality [m.vk.ru]
09:05:28 [DEBUG] Starting new HTTPS connection (1): dl.google.com:443
09:05:28 [DEBUG] https://www.google.com:443 "GET /generate_204 HTTP/1.1" 204 0
09:05:28 [DEBUG] Starting new HTTPS connection (1): cp.cloudflare.com:443
09:05:29 [DEBUG] https://dl.google.com:443 "GET /dl/android/studio/install/3.4.1.0/android-studio-ide-183.5522156-windows.exe HTTP/1.1" 200 1017327996
09:05:29 [DEBUG] https://cp.cloudflare.com:443 "GET / HTTP/1.1" 204 0
09:05:29 [DEBUG] Starting new HTTPS connection (1): www.gstatic.com:443
09:05:29 [DEBUG] Starting new HTTPS connection (1): www.google.com:443
09:05:29 [DEBUG] Starting new HTTPS connection (1): www.google.com:443
09:05:29 [DEBUG] Starting new HTTPS connection (1): www.google.com:443
09:05:29 [INFO]    🎯 89.169.128.105 (Россия) - 11.9Mbps, 434ms UDP✅ Reality [yandex.ru]
09:05:29 [DEBUG] https://www.google.com:443 "GET /generate_204 HTTP/1.1" 204 0
09:05:29 [DEBUG] Starting new HTTPS connection (1): cp.cloudflare.com:443
09:05:29 [DEBUG] https://www.gstatic.com:443 "GET /generate_204 HTTP/1.1" 204 0
09:05:30 [DEBUG] Starting new HTTPS connection (1): dl.google.com:443
09:05:30 [DEBUG] Starting new HTTPS connection (1): dl.google.com:443
09:05:30 [DEBUG] https://www.google.com:443 "GET /generate_204 HTTP/1.1" 204 0
09:05:30 [DEBUG] Starting new HTTPS connection (1): cp.cloudflare.com:443
09:05:30 [DEBUG] https://cp.cloudflare.com:443 "GET / HTTP/1.1" 204 0
09:05:30 [DEBUG] Starting new HTTPS connection (1): www.gstatic.com:443
09:05:30 [INFO]    🎯 185.130.115.55 (Россия) - 0.0Mbps, 2523ms UDP✅ Reality [web.max.ru]
09:05:30 [DEBUG] https://dl.google.com:443 "GET /dl/android/studio/install/3.4.1.0/android-studio-ide-183.5522156-windows.exe HTTP/1.1" 200 1017327996
09:05:30 [DEBUG] https://dl.google.com:443 "GET /dl/android/studio/install/3.4.1.0/android-studio-ide-183.5522156-windows.exe HTTP/1.1" 200 1017327996
09:05:30 [DEBUG] https://www.gstatic.com:443 "GET /generate_204 HTTP/1.1" 204 0
09:05:30 [DEBUG] Starting new HTTPS connection (1): www.google.com:443
09:05:31 [DEBUG] https://www.google.com:443 "GET /generate_204 HTTP/1.1" 204 0
09:05:31 [DEBUG] Starting new HTTPS connection (1): cp.cloudflare.com:443
09:05:31 [DEBUG] Starting new HTTPS connection (1): www.google.com:443
09:05:31 [DEBUG] https://cp.cloudflare.com:443 "GET / HTTP/1.1" 204 0
09:05:31 [DEBUG] Starting new HTTPS connection (1): www.gstatic.com:443
09:05:31 [DEBUG] https://cp.cloudflare.com:443 "GET / HTTP/1.1" 204 0
09:05:31 [DEBUG] Starting new HTTPS connection (1): www.gstatic.com:443
09:05:32 [DEBUG] https://www.gstatic.com:443 "GET /generate_204 HTTP/1.1" 204 0
09:05:32 [DEBUG] https://www.gstatic.com:443 "GET /generate_204 HTTP/1.1" 204 0
09:05:32 [INFO]    🎯 217.16.26.35 (Россия) - 5.4Mbps, 659ms UDP✅  []
09:05:32 [DEBUG] Starting new HTTPS connection (1): dl.google.com:443
09:05:32 [DEBUG] Starting new HTTPS connection (1): cp.cloudflare.com:443
09:05:32 [DEBUG] https://www.google.com:443 "GET /generate_204 HTTP/1.1" 204 0
09:05:32 [DEBUG] Starting new HTTPS connection (1): cp.cloudflare.com:443
09:05:33 [DEBUG] https://cp.cloudflare.com:443 "GET / HTTP/1.1" 204 0
09:05:33 [DEBUG] Starting new HTTPS connection (1): www.gstatic.com:443
09:05:33 [DEBUG] https://dl.google.com:443 "GET /dl/android/studio/install/3.4.1.0/android-studio-ide-183.5522156-windows.exe HTTP/1.1" 200 1017327996
09:05:33 [DEBUG] Starting new HTTPS connection (1): www.google.com:443
09:05:33 [DEBUG] Starting new HTTPS connection (1): dl.google.com:443
09:05:33 [DEBUG] https://www.gstatic.com:443 "GET /generate_204 HTTP/1.1" 204 0
09:05:34 [DEBUG] https://dl.google.com:443 "GET /dl/android/studio/install/3.4.1.0/android-studio-ide-183.5522156-windows.exe HTTP/1.1" 200 1017327996
09:05:34 [DEBUG] https://cp.cloudflare.com:443 "GET / HTTP/1.1" 204 0
09:05:34 [DEBUG] Starting new HTTPS connection (1): www.gstatic.com:443
09:05:34 [DEBUG] https://www.google.com:443 "GET /generate_204 HTTP/1.1" 204 0
09:05:34 [DEBUG] Starting new HTTPS connection (1): cp.cloudflare.com:443
09:05:34 [DEBUG] Starting new HTTPS connection (1): cp.cloudflare.com:443
09:05:34 [DEBUG] https://cp.cloudflare.com:443 "GET / HTTP/1.1" 204 0
09:05:34 [DEBUG] Starting new HTTPS connection (1): www.gstatic.com:443
09:05:35 [DEBUG] https://www.gstatic.com:443 "GET /generate_204 HTTP/1.1" 204 0
09:05:35 [DEBUG] Starting new HTTPS connection (1): dl.google.com:443
09:05:35 [DEBUG] Starting new HTTPS connection (1): dl.google.com:443
09:05:36 [DEBUG] https://dl.google.com:443 "GET /dl/android/studio/install/3.4.1.0/android-studio-ide-183.5522156-windows.exe HTTP/1.1" 200 1017327996
09:05:36 [DEBUG] https://dl.google.com:443 "GET /dl/android/studio/install/3.4.1.0/android-studio-ide-183.5522156-windows.exe HTTP/1.1" 200 1017327996
09:05:36 [DEBUG] https://www.gstatic.com:443 "GET /generate_204 HTTP/1.1" 204 0
09:05:36 [DEBUG] https://cp.cloudflare.com:443 "GET / HTTP/1.1" 204 0
09:05:36 [DEBUG] Starting new HTTPS connection (1): www.gstatic.com:443
09:05:36 [INFO]    🎯 176.123.164.110 (Россия) - 10.8Mbps, 505ms UDP✅ Reality [m.vk.com]
09:05:36 [DEBUG] Starting new HTTPS connection (1): dl.google.com:443
09:05:36 [DEBUG] https://www.gstatic.com:443 "GET /generate_204 HTTP/1.1" 204 0
09:05:37 [INFO]    🎯 158.160.221.132 (Россия) - 8.1Mbps, 942ms UDP❌ Reality [yandex.ru]
09:05:37 [DEBUG] Starting new HTTPS connection (1): www.google.com:443
09:05:38 [DEBUG] Starting new HTTPS connection (1): www.google.com:443
09:05:38 [DEBUG] https://www.google.com:443 "GET /generate_204 HTTP/1.1" 204 0
09:05:38 [DEBUG] Starting new HTTPS connection (1): cp.cloudflare.com:443
09:05:38 [DEBUG] https://dl.google.com:443 "GET /dl/android/studio/install/3.4.1.0/android-studio-ide-183.5522156-windows.exe HTTP/1.1" 200 1017327996
09:05:38 [DEBUG] https://cp.cloudflare.com:443 "GET / HTTP/1.1" 204 0
09:05:38 [DEBUG] Starting new HTTPS connection (1): www.gstatic.com:443
09:05:38 [DEBUG] https://www.google.com:443 "GET /generate_204 HTTP/1.1" 204 0
09:05:38 [DEBUG] Starting new HTTPS connection (1): cp.cloudflare.com:443
09:05:39 [DEBUG] https://www.gstatic.com:443 "GET /generate_204 HTTP/1.1" 204 0
09:05:39 [DEBUG] Starting new HTTPS connection (1): dl.google.com:443
09:05:39 [DEBUG] https://cp.cloudflare.com:443 "GET / HTTP/1.1" 204 0
09:05:39 [DEBUG] Starting new HTTPS connection (1): www.gstatic.com:443
09:05:39 [DEBUG] Starting new HTTPS connection (1): dl.google.com:443
09:05:39 [INFO]    🎯 87.239.106.153 (Россия) - 4.2Mbps, 729ms UDP❌ Reality [m.vk.ru]
09:05:39 [INFO]    📊 Whitelist: 35/79 (44%) | ✅30 ❌5
09:05:39 [DEBUG] Starting new HTTPS connection (1): dl.google.com:443
09:05:39 [DEBUG] https://dl.google.com:443 "GET /dl/android/studio/install/3.4.1.0/android-studio-ide-183.5522156-windows.exe HTTP/1.1" 200 1017327996
09:05:40 [DEBUG] https://www.gstatic.com:443 "GET /generate_204 HTTP/1.1" 204 0
09:05:40 [DEBUG] https://dl.google.com:443 "GET /dl/android/studio/install/3.4.1.0/android-studio-ide-183.5522156-windows.exe HTTP/1.1" 200 1017327996
09:05:40 [DEBUG] Starting new HTTPS connection (1): dl.google.com:443
09:05:41 [INFO]    🎯 176.123.164.110 (Россия) - 10.0Mbps, 485ms UDP✅ Reality [m.vk.com]
09:05:41 [DEBUG] Starting new HTTPS connection (1): www.google.com:443
09:05:41 [INFO]    🎯 90.156.217.130 (Россия) - 0.4Mbps, 395ms UDP❌ Reality [m.vk.ru]
09:05:41 [DEBUG] https://dl.google.com:443 "GET /dl/android/studio/install/3.4.1.0/android-studio-ide-183.5522156-windows.exe HTTP/1.1" 200 1017327996
09:05:42 [DEBUG] Starting new HTTPS connection (1): www.google.com:443
09:05:42 [DEBUG] https://www.google.com:443 "GET /generate_204 HTTP/1.1" 204 0
09:05:42 [DEBUG] Starting new HTTPS connection (1): cp.cloudflare.com:443
09:05:42 [DEBUG] Starting new HTTPS connection (1): www.google.com:443
09:05:43 [DEBUG] https://www.google.com:443 "GET /generate_204 HTTP/1.1" 204 0
09:05:43 [DEBUG] Starting new HTTPS connection (1): cp.cloudflare.com:443
09:05:43 [DEBUG] https://cp.cloudflare.com:443 "GET / HTTP/1.1" 204 0
09:05:43 [DEBUG] Starting new HTTPS connection (1): www.gstatic.com:443
09:05:43 [DEBUG] https://cp.cloudflare.com:443 "GET / HTTP/1.1" 204 0
09:05:43 [DEBUG] Starting new HTTPS connection (1): www.gstatic.com:443
09:05:43 [INFO]    🎯 146.185.240.23 (Россия) - 3.8Mbps, 626ms UDP✅ Reality [m.vk.ru]
09:05:44 [DEBUG] https://dl.google.com:443 "GET /dl/android/studio/install/3.4.1.0/android-studio-ide-183.5522156-windows.exe HTTP/1.1" 200 1017327996
09:05:44 [DEBUG] https://www.gstatic.com:443 "GET /generate_204 HTTP/1.1" 204 0
09:05:44 [DEBUG] https://www.gstatic.com:443 "GET /generate_204 HTTP/1.1" 204 0
09:05:44 [DEBUG] Starting new HTTPS connection (1): dl.google.com:443
09:05:45 [DEBUG] Starting new HTTPS connection (1): dl.google.com:443
09:05:45 [DEBUG] Starting new HTTPS connection (1): www.google.com:443
09:05:45 [DEBUG] https://dl.google.com:443 "GET /dl/android/studio/install/3.4.1.0/android-studio-ide-183.5522156-windows.exe HTTP/1.1" 200 1017327996
09:05:46 [INFO]    🎯 176.109.109.58 (Россия) - 0.8Mbps, 2167ms UDP❌ Reality [m.vk.ru]
09:05:46 [DEBUG] Starting new HTTPS connection (1): cp.cloudflare.com:443
09:05:46 [INFO]    🎯 146.185.240.23 (Россия) - 8.1Mbps, 601ms UDP✅ Reality [m.vk.ru]
09:05:46 [DEBUG] https://dl.google.com:443 "GET /dl/android/studio/install/3.4.1.0/android-studio-ide-183.5522156-windows.exe HTTP/1.1" 200 1017327996
09:05:46 [INFO]    🎯 158.160.223.36 (Россия) - 0.9Mbps, 484ms UDP✅ Reality [yandex.ru]
09:05:47 [DEBUG] Starting new HTTPS connection (1): www.google.com:443
09:05:47 [DEBUG] https://www.google.com:443 "GET /generate_204 HTTP/1.1" 204 0
09:05:47 [DEBUG] Starting new HTTPS connection (1): cp.cloudflare.com:443
09:05:47 [DEBUG] Starting new HTTPS connection (1): www.google.com:443
09:05:47 [DEBUG] https://cp.cloudflare.com:443 "GET / HTTP/1.1" 204 0
09:05:47 [DEBUG] Starting new HTTPS connection (1): www.gstatic.com:443
09:05:48 [DEBUG] Starting new HTTPS connection (1): www.google.com:443
09:05:48 [DEBUG] https://www.google.com:443 "GET /generate_204 HTTP/1.1" 204 0
09:05:48 [DEBUG] Starting new HTTPS connection (1): cp.cloudflare.com:443
09:05:48 [DEBUG] https://www.gstatic.com:443 "GET /generate_204 HTTP/1.1" 204 0
09:05:48 [INFO]    🎯 90.156.217.130 (Россия) - 0.5Mbps, 397ms UDP❌ Reality [m.vk.ru]
09:05:48 [INFO]    📊 Whitelist: 42/79 (53%) | ✅37 ❌5
09:05:48 [DEBUG] Starting new HTTPS connection (1): dl.google.com:443
09:05:48 [DEBUG] https://cp.cloudflare.com:443 "GET / HTTP/1.1" 204 0
09:05:48 [DEBUG] Starting new HTTPS connection (1): www.gstatic.com:443
09:05:49 [DEBUG] https://dl.google.com:443 "GET /dl/android/studio/install/3.4.1.0/android-studio-ide-183.5522156-windows.exe HTTP/1.1" 200 1017327996
09:05:49 [INFO]    🎯 176.109.109.58 (Россия) - 0.8Mbps, 412ms UDP❌ Reality [tradingview.com]
09:05:49 [DEBUG] https://www.gstatic.com:443 "GET /generate_204 HTTP/1.1" 204 0
09:05:49 [DEBUG] https://cp.cloudflare.com:443 "GET / HTTP/1.1" 204 0
09:05:49 [DEBUG] Starting new HTTPS connection (1): www.gstatic.com:443
09:05:49 [DEBUG] Starting new HTTPS connection (1): www.google.com:443
09:05:49 [DEBUG] Starting new HTTPS connection (1): dl.google.com:443
09:05:49 [INFO]    🎯 37.139.33.52 (Россия) - 8.9Mbps, 363ms UDP✅ Reality [m.vk.com]
09:05:50 [DEBUG] Starting new HTTPS connection (1): cp.cloudflare.com:443
09:05:50 [DEBUG] Starting new HTTPS connection (1): www.google.com:443
09:05:50 [DEBUG] https://dl.google.com:443 "GET /dl/android/studio/install/3.4.1.0/android-studio-ide-183.5522156-windows.exe HTTP/1.1" 200 1017327996
09:05:51 [INFO]    🎯 90.156.150.134 (Россия) - 9.7Mbps, 551ms UDP✅ Reality [m.vk.ru]
09:05:51 [DEBUG] Starting new HTTPS connection (1): www.google.com:443
09:05:51 [DEBUG] https://www.google.com:443 "GET /generate_204 HTTP/1.1" 204 0
09:05:51 [DEBUG] Starting new HTTPS connection (1): cp.cloudflare.com:443
09:05:52 [DEBUG] https://cp.cloudflare.com:443 "GET / HTTP/1.1" 204 0
09:05:52 [DEBUG] Starting new HTTPS connection (1): www.gstatic.com:443
09:05:52 [DEBUG] Starting new HTTPS connection (1): www.google.com:443
09:05:52 [DEBUG] https://www.google.com:443 "GET /generate_204 HTTP/1.1" 204 0
09:05:52 [DEBUG] Starting new HTTPS connection (1): cp.cloudflare.com:443
09:05:52 [DEBUG] https://www.gstatic.com:443 "GET /generate_204 HTTP/1.1" 204 0
09:05:53 [DEBUG] Starting new HTTPS connection (1): cp.cloudflare.com:443
09:05:53 [DEBUG] Starting new HTTPS connection (1): dl.google.com:443
09:05:53 [DEBUG] https://cp.cloudflare.com:443 "GET / HTTP/1.1" 204 0
09:05:53 [DEBUG] Starting new HTTPS connection (1): www.gstatic.com:443
09:05:53 [DEBUG] https://www.gstatic.com:443 "GET /generate_204 HTTP/1.1" 204 0
09:05:53 [DEBUG] https://cp.cloudflare.com:443 "GET / HTTP/1.1" 204 0
09:05:53 [DEBUG] Starting new HTTPS connection (1): www.gstatic.com:443
09:05:53 [DEBUG] https://www.gstatic.com:443 "GET /generate_204 HTTP/1.1" 204 0
09:05:53 [DEBUG] Starting new HTTPS connection (1): dl.google.com:443
09:05:53 [DEBUG] https://dl.google.com:443 "GET /dl/android/studio/install/3.4.1.0/android-studio-ide-183.5522156-windows.exe HTTP/1.1" 200 1017327996
09:05:54 [DEBUG] https://www.google.com:443 "GET /generate_204 HTTP/1.1" 204 0
09:05:54 [DEBUG] Starting new HTTPS connection (1): cp.cloudflare.com:443
09:05:54 [DEBUG] https://dl.google.com:443 "GET /dl/android/studio/install/3.4.1.0/android-studio-ide-183.5522156-windows.exe HTTP/1.1" 200 1017327996
09:05:54 [DEBUG] https://www.gstatic.com:443 "GET /generate_204 HTTP/1.1" 204 0
09:05:54 [INFO]    🎯 51.250.16.92 (Россия) - 17.6Mbps, 419ms UDP✅ Reality [sun6-21.userapi.com]
09:05:54 [INFO]    🎯 84.252.143.25 (Россия) - 8.4Mbps, 524ms UDP✅ Reality [yandex.ru]
09:05:54 [DEBUG] Starting new HTTPS connection (1): cp.cloudflare.com:443
09:05:54 [DEBUG] Starting new HTTPS connection (1): dl.google.com:443
09:05:55 [DEBUG] Starting new HTTPS connection (1): www.google.com:443
09:05:55 [DEBUG] Starting new HTTPS connection (1): www.google.com:443
09:05:56 [DEBUG] https://www.google.com:443 "GET /generate_204 HTTP/1.1" 204 0
09:05:56 [DEBUG] Starting new HTTPS connection (1): cp.cloudflare.com:443
09:05:56 [DEBUG] Starting new HTTPS connection (1): dl.google.com:443
09:05:56 [DEBUG] https://cp.cloudflare.com:443 "GET / HTTP/1.1" 204 0
09:05:56 [DEBUG] Starting new HTTPS connection (1): www.gstatic.com:443
09:05:56 [DEBUG] https://cp.cloudflare.com:443 "GET / HTTP/1.1" 204 0
09:05:56 [DEBUG] Starting new HTTPS connection (1): www.gstatic.com:443
09:05:56 [DEBUG] https://www.gstatic.com:443 "GET /generate_204 HTTP/1.1" 204 0
09:05:56 [DEBUG] https://cp.cloudflare.com:443 "GET / HTTP/1.1" 204 0
09:05:56 [DEBUG] Starting new HTTPS connection (1): www.gstatic.com:443
09:05:56 [DEBUG] Starting new HTTPS connection (1): dl.google.com:443
09:05:57 [DEBUG] https://www.gstatic.com:443 "GET /generate_204 HTTP/1.1" 204 0
09:05:57 [DEBUG] https://dl.google.com:443 "GET /dl/android/studio/install/3.4.1.0/android-studio-ide-183.5522156-windows.exe HTTP/1.1" 200 1017327996
09:05:57 [INFO]    🎯 51.250.16.92 (Россия) - 21.3Mbps, 320ms UDP✅ Reality [ads.x5.ru]
09:05:58 [DEBUG] Starting new HTTPS connection (1): dl.google.com:443
09:05:58 [DEBUG] https://cp.cloudflare.com:443 "GET / HTTP/1.1" 204 0
09:05:58 [DEBUG] Starting new HTTPS connection (1): www.gstatic.com:443
09:05:58 [INFO]    🎯 158.160.223.36 (Россия) - 0.9Mbps, 766ms UDP✅ Reality [yandex.ru]
09:05:58 [INFO]    📊 Whitelist: 49/79 (62%) | ✅44 ❌5
09:05:58 [DEBUG] Starting new HTTPS connection (1): www.google.com:443
09:05:58 [DEBUG] https://www.gstatic.com:443 "GET /generate_204 HTTP/1.1" 204 0
09:05:59 [DEBUG] https://www.google.com:443 "GET /generate_204 HTTP/1.1" 204 0
09:05:59 [DEBUG] Starting new HTTPS connection (1): cp.cloudflare.com:443
09:05:59 [DEBUG] Starting new HTTPS connection (1): dl.google.com:443
09:05:59 [DEBUG] https://www.gstatic.com:443 "GET /generate_204 HTTP/1.1" 204 0
09:05:59 [DEBUG] Starting new HTTPS connection (1): www.google.com:443
09:06:00 [DEBUG] https://www.google.com:443 "GET /generate_204 HTTP/1.1" 204 0
09:06:00 [DEBUG] Starting new HTTPS connection (1): cp.cloudflare.com:443
09:06:00 [INFO]    🎯 212.233.76.67 (Россия) - 0.0Mbps, 2089ms UDP✅ Reality [google.com]
09:06:00 [DEBUG] https://www.google.com:443 "GET /generate_204 HTTP/1.1" 204 0
09:06:00 [DEBUG] Starting new HTTPS connection (1): cp.cloudflare.com:443
09:06:01 [DEBUG] https://cp.cloudflare.com:443 "GET / HTTP/1.1" 204 0
09:06:01 [DEBUG] Starting new HTTPS connection (1): www.gstatic.com:443
09:06:01 [DEBUG] https://cp.cloudflare.com:443 "GET / HTTP/1.1" 204 0
09:06:01 [DEBUG] Starting new HTTPS connection (1): www.gstatic.com:443
09:06:01 [DEBUG] https://www.gstatic.com:443 "GET /generate_204 HTTP/1.1" 204 0
09:06:01 [DEBUG] https://dl.google.com:443 "GET /dl/android/studio/install/3.4.1.0/android-studio-ide-183.5522156-windows.exe HTTP/1.1" 200 1017327996
09:06:01 [DEBUG] https://www.gstatic.com:443 "GET /generate_204 HTTP/1.1" 204 0
09:06:01 [DEBUG] https://dl.google.com:443 "GET /dl/android/studio/install/3.4.1.0/android-studio-ide-183.5522156-windows.exe HTTP/1.1" 200 1017327996
09:06:01 [DEBUG] Starting new HTTPS connection (1): www.google.com:443
09:06:02 [DEBUG] Starting new HTTPS connection (1): dl.google.com:443
09:06:02 [DEBUG] https://dl.google.com:443 "GET /dl/android/studio/install/3.4.1.0/android-studio-ide-183.5522156-windows.exe HTTP/1.1" 200 1017327996
09:06:02 [INFO]    🎯 212.233.76.209 (Россия) - 2.0Mbps, 3525ms UDP❌ Reality [api-maps.yandex.ru]
09:06:02 [INFO]    🎯 109.120.191.92 (Россия) - 19.6Mbps, 989ms UDP✅ Reality [ads.x5.ru]
09:06:02 [DEBUG] Starting new HTTPS connection (1): dl.google.com:443
09:06:02 [DEBUG] https://dl.google.com:443 "GET /dl/android/studio/install/3.4.1.0/android-studio-ide-183.5522156-windows.exe HTTP/1.1" 200 1017327996
09:06:03 [DEBUG] https://www.google.com:443 "GET /generate_204 HTTP/1.1" 204 0
09:06:03 [DEBUG] Starting new HTTPS connection (1): cp.cloudflare.com:443
09:06:03 [INFO]    🎯 178.154.230.75 (Россия) - 2.4Mbps, 2264ms UDP✅ Reality [max.ru]
09:06:03 [DEBUG] https://cp.cloudflare.com:443 "GET / HTTP/1.1" 204 0
09:06:03 [DEBUG] Starting new HTTPS connection (1): www.gstatic.com:443
09:06:03 [DEBUG] Starting new HTTPS connection (1): www.google.com:443
09:06:03 [DEBUG] Starting new HTTPS connection (1): www.google.com:443
09:06:04 [DEBUG] Starting new HTTPS connection (1): www.gstatic.com:443
09:06:04 [DEBUG] https://www.google.com:443 "GET /generate_204 HTTP/1.1" 204 0
09:06:04 [DEBUG] Starting new HTTPS connection (1): cp.cloudflare.com:443
09:06:04 [DEBUG] Starting new HTTPS connection (1): www.google.com:443
09:06:04 [DEBUG] Starting new HTTPS connection (1): dl.google.com:443
09:06:04 [DEBUG] https://cp.cloudflare.com:443 "GET / HTTP/1.1" 204 0
09:06:04 [DEBUG] Starting new HTTPS connection (1): www.gstatic.com:443
09:06:05 [DEBUG] https://www.gstatic.com:443 "GET /generate_204 HTTP/1.1" 204 0
09:06:05 [DEBUG] https://www.gstatic.com:443 "GET /generate_204 HTTP/1.1" 204 0
09:06:05 [DEBUG] https://dl.google.com:443 "GET /dl/android/studio/install/3.4.1.0/android-studio-ide-183.5522156-windows.exe HTTP/1.1" 200 1017327996
09:06:05 [DEBUG] Starting new HTTPS connection (1): dl.google.com:443
09:06:06 [DEBUG] https://www.google.com:443 "GET /generate_204 HTTP/1.1" 204 0
09:06:06 [DEBUG] Starting new HTTPS connection (1): cp.cloudflare.com:443
09:06:06 [DEBUG] https://www.gstatic.com:443 "GET /generate_204 HTTP/1.1" 204 0
09:06:06 [DEBUG] https://dl.google.com:443 "GET /dl/android/studio/install/3.4.1.0/android-studio-ide-183.5522156-windows.exe HTTP/1.1" 200 1017327996
09:06:06 [DEBUG] https://www.google.com:443 "GET /generate_204 HTTP/1.1" 204 0
09:06:06 [DEBUG] Starting new HTTPS connection (1): cp.cloudflare.com:443
09:06:06 [INFO]    🎯 5.188.140.55 (Россия) - 3.1Mbps, 3366ms UDP❌ Reality [ads.x5.ru]
09:06:07 [DEBUG] https://dl.google.com:443 "GET /dl/android/studio/install/3.4.1.0/android-studio-ide-183.5522156-windows.exe HTTP/1.1" 200 1017327996
09:06:07 [INFO]    🎯 79.137.175.44 (Россия) - 8.7Mbps, 518ms UDP✅ Reality [m.vk.ru]
09:06:07 [INFO]    🎯 212.233.96.101 (Россия) - 4.9Mbps, 614ms UDP❌ Reality [ads.x5.ru]
09:06:07 [INFO]    📊 Whitelist: 56/79 (71%) | ✅51 ❌5
09:06:07 [DEBUG] Starting new HTTPS connection (1): dl.google.com:443
09:06:08 [DEBUG] Starting new HTTPS connection (1): www.google.com:443
09:06:08 [DEBUG] Starting new HTTPS connection (1): dl.google.com:443
09:06:08 [DEBUG] https://cp.cloudflare.com:443 "GET / HTTP/1.1" 204 0
09:06:08 [DEBUG] Starting new HTTPS connection (1): www.gstatic.com:443
09:06:08 [DEBUG] Starting new HTTPS connection (1): www.google.com:443
09:06:08 [DEBUG] Starting new HTTPS connection (1): www.google.com:443
09:06:09 [DEBUG] https://dl.google.com:443 "GET /dl/android/studio/install/3.4.1.0/android-studio-ide-183.5522156-windows.exe HTTP/1.1" 200 1017327996
09:06:09 [DEBUG] https://www.google.com:443 "GET /generate_204 HTTP/1.1" 204 0
09:06:09 [DEBUG] Starting new HTTPS connection (1): cp.cloudflare.com:443
09:06:09 [DEBUG] https://www.google.com:443 "GET /generate_204 HTTP/1.1" 204 0
09:06:09 [DEBUG] Starting new HTTPS connection (1): cp.cloudflare.com:443
09:06:09 [DEBUG] https://dl.google.com:443 "GET /dl/android/studio/install/3.4.1.0/android-studio-ide-183.5522156-windows.exe HTTP/1.1" 200 1017327996
09:06:09 [DEBUG] https://www.google.com:443 "GET /generate_204 HTTP/1.1" 204 0
09:06:09 [DEBUG] Starting new HTTPS connection (1): cp.cloudflare.com:443
09:06:09 [INFO]    🎯 5.188.140.115 (Россия) - 6.5Mbps, 2712ms UDP✅ Reality [ads.x5.ru]
09:06:10 [DEBUG] https://cp.cloudflare.com:443 "GET / HTTP/1.1" 204 0
09:06:10 [DEBUG] Starting new HTTPS connection (1): www.gstatic.com:443
09:06:10 [INFO]    🎯 195.209.67.124 (Россия) - 7.0Mbps, 1079ms UDP❌  []
09:06:10 [DEBUG] https://cp.cloudflare.com:443 "GET / HTTP/1.1" 204 0
09:06:10 [DEBUG] Starting new HTTPS connection (1): www.gstatic.com:443
09:06:10 [DEBUG] https://cp.cloudflare.com:443 "GET / HTTP/1.1" 204 0
09:06:10 [DEBUG] Starting new HTTPS connection (1): www.gstatic.com:443
09:06:10 [DEBUG] https://www.gstatic.com:443 "GET /generate_204 HTTP/1.1" 204 0
09:06:10 [DEBUG] https://www.gstatic.com:443 "GET /generate_204 HTTP/1.1" 204 0
09:06:10 [DEBUG] https://www.gstatic.com:443 "GET /generate_204 HTTP/1.1" 204 0
09:06:10 [DEBUG] Starting new HTTPS connection (1): dl.google.com:443
09:06:11 [DEBUG] Starting new HTTPS connection (1): www.google.com:443
09:06:11 [DEBUG] Starting new HTTPS connection (1): www.google.com:443
09:06:11 [DEBUG] Starting new HTTPS connection (1): dl.google.com:443
09:06:11 [DEBUG] Starting new HTTPS connection (1): cp.cloudflare.com:443
09:06:11 [DEBUG] Starting new HTTPS connection (1): www.gstatic.com:443
09:06:11 [DEBUG] https://dl.google.com:443 "GET /dl/android/studio/install/3.4.1.0/android-studio-ide-183.5522156-windows.exe HTTP/1.1" 200 1017327996
09:06:11 [DEBUG] https://cp.cloudflare.com:443 "GET / HTTP/1.1" 204 0
09:06:11 [DEBUG] Starting new HTTPS connection (1): www.gstatic.com:443
09:06:11 [DEBUG] https://dl.google.com:443 "GET /dl/android/studio/install/3.4.1.0/android-studio-ide-183.5522156-windows.exe HTTP/1.1" 200 1017327996
09:06:12 [INFO]    🎯 79.137.175.44 (Россия) - 1.0Mbps, 2158ms UDP✅ Reality [m.vk.ru]
09:06:12 [DEBUG] https://www.gstatic.com:443 "GET /generate_204 HTTP/1.1" 204 0
09:06:12 [DEBUG] https://www.gstatic.com:443 "GET /generate_204 HTTP/1.1" 204 0
09:06:12 [DEBUG] Starting new HTTPS connection (1): www.google.com:443
09:06:12 [DEBUG] Starting new HTTPS connection (1): dl.google.com:443
09:06:13 [INFO]    🎯 158.160.105.121 (Россия) - 6.0Mbps, 654ms UDP✅ Reality [yandex.ru]
09:06:13 [DEBUG] Starting new HTTPS connection (1): www.google.com:443
09:06:13 [DEBUG] https://dl.google.com:443 "GET /dl/android/studio/install/3.4.1.0/android-studio-ide-183.5522156-windows.exe HTTP/1.1" 200 1017327996
09:06:13 [DEBUG] Starting new HTTPS connection (1): dl.google.com:443
09:06:13 [DEBUG] https://www.google.com:443 "GET /generate_204 HTTP/1.1" 204 0
09:06:13 [DEBUG] Starting new HTTPS connection (1): cp.cloudflare.com:443
09:06:14 [DEBUG] Starting new HTTPS connection (1): www.google.com:443
09:06:14 [DEBUG] https://cp.cloudflare.com:443 "GET / HTTP/1.1" 204 0
09:06:14 [DEBUG] Starting new HTTPS connection (1): www.gstatic.com:443
09:06:14 [DEBUG] https://www.google.com:443 "GET /generate_204 HTTP/1.1" 204 0
09:06:14 [DEBUG] Starting new HTTPS connection (1): cp.cloudflare.com:443
09:06:15 [DEBUG] https://www.gstatic.com:443 "GET /generate_204 HTTP/1.1" 204 0
09:06:15 [DEBUG] https://cp.cloudflare.com:443 "GET / HTTP/1.1" 204 0
09:06:15 [DEBUG] Starting new HTTPS connection (1): www.gstatic.com:443
09:06:15 [DEBUG] Starting new HTTPS connection (1): dl.google.com:443
09:06:15 [INFO]    🎯 158.160.105.121 (Россия) - 3.0Mbps, 827ms UDP✅ Reality [yandex.ru]
09:06:15 [DEBUG] https://www.google.com:443 "GET /generate_204 HTTP/1.1" 204 0
09:06:15 [DEBUG] Starting new HTTPS connection (1): cp.cloudflare.com:443
09:06:15 [DEBUG] https://dl.google.com:443 "GET /dl/android/studio/install/3.4.1.0/android-studio-ide-183.5522156-windows.exe HTTP/1.1" 200 1017327996
09:06:16 [DEBUG] https://www.gstatic.com:443 "GET /generate_204 HTTP/1.1" 204 0
09:06:16 [INFO]    🎯 109.120.188.227 (Россия) - 5.2Mbps, 2267ms UDP❌ Reality [ads.x5.ru]
09:06:16 [INFO]    📊 Whitelist: 63/79 (80%) | ✅57 ❌6
09:06:16 [DEBUG] Starting new HTTPS connection (1): dl.google.com:443
09:06:16 [DEBUG] Starting new HTTPS connection (1): www.google.com:443
09:06:17 [DEBUG] Starting new HTTPS connection (1): www.google.com:443
09:06:17 [DEBUG] https://dl.google.com:443 "GET /dl/android/studio/install/3.4.1.0/android-studio-ide-183.5522156-windows.exe HTTP/1.1" 200 1017327996
09:06:17 [DEBUG] https://www.google.com:443 "GET /generate_204 HTTP/1.1" 204 0
09:06:17 [DEBUG] Starting new HTTPS connection (1): cp.cloudflare.com:443
09:06:17 [DEBUG] https://www.google.com:443 "GET /generate_204 HTTP/1.1" 204 0
09:06:17 [DEBUG] Starting new HTTPS connection (1): cp.cloudflare.com:443
09:06:18 [DEBUG] Starting new HTTPS connection (1): dl.google.com:443
09:06:18 [DEBUG] https://dl.google.com:443 "GET /dl/android/studio/install/3.4.1.0/android-studio-ide-183.5522156-windows.exe HTTP/1.1" 200 1017327996
09:06:18 [DEBUG] https://cp.cloudflare.com:443 "GET / HTTP/1.1" 204 0
09:06:18 [DEBUG] Starting new HTTPS connection (1): www.gstatic.com:443
09:06:18 [INFO]    🎯 84.252.136.245 (Россия) - 7.7Mbps, 632ms UDP✅ Reality [yandex.ru]
09:06:18 [INFO]    🎯 212.233.96.101 (Россия) - 4.6Mbps, 2671ms UDP❌ Reality [max.ru]
09:06:18 [DEBUG] https://dl.google.com:443 "GET /dl/android/studio/install/3.4.1.0/android-studio-ide-183.5522156-windows.exe HTTP/1.1" 200 1017327996
09:06:18 [DEBUG] https://www.gstatic.com:443 "GET /generate_204 HTTP/1.1" 204 0
09:06:19 [DEBUG] Starting new HTTPS connection (1): dl.google.com:443
09:06:19 [INFO]    🎯 90.156.150.134 (Россия) - 9.4Mbps, 549ms UDP❌ Reality [m.vk.ru]
09:06:19 [DEBUG] Starting new HTTPS connection (1): www.google.com:443
09:06:19 [DEBUG] Starting new HTTPS connection (1): www.google.com:443
09:06:20 [DEBUG] https://www.google.com:443 "GET /generate_204 HTTP/1.1" 204 0
09:06:20 [DEBUG] Starting new HTTPS connection (1): cp.cloudflare.com:443
09:06:20 [DEBUG] https://www.google.com:443 "GET /generate_204 HTTP/1.1" 204 0
09:06:20 [DEBUG] Starting new HTTPS connection (1): cp.cloudflare.com:443
09:06:20 [DEBUG] https://dl.google.com:443 "GET /dl/android/studio/install/3.4.1.0/android-studio-ide-183.5522156-windows.exe HTTP/1.1" 200 1017327996
09:06:20 [DEBUG] https://cp.cloudflare.com:443 "GET / HTTP/1.1" 204 0
09:06:20 [DEBUG] Starting new HTTPS connection (1): www.gstatic.com:443
09:06:20 [DEBUG] Starting new HTTPS connection (1): www.google.com:443
09:06:20 [DEBUG] https://cp.cloudflare.com:443 "GET / HTTP/1.1" 204 0
09:06:20 [DEBUG] Starting new HTTPS connection (1): www.gstatic.com:443
09:06:20 [DEBUG] Starting new HTTPS connection (1): www.gstatic.com:443
09:06:20 [INFO]    🎯 84.252.136.245 (Россия) - 7.0Mbps, 628ms UDP✅ Reality [yandex.ru]
09:06:21 [DEBUG] https://www.gstatic.com:443 "GET /generate_204 HTTP/1.1" 204 0
09:06:21 [DEBUG] https://www.gstatic.com:443 "GET /generate_204 HTTP/1.1" 204 0
09:06:21 [DEBUG] Starting new HTTPS connection (1): dl.google.com:443
09:06:22 [DEBUG] Starting new HTTPS connection (1): www.google.com:443
09:06:22 [DEBUG] https://dl.google.com:443 "GET /dl/android/studio/install/3.4.1.0/android-studio-ide-183.5522156-windows.exe HTTP/1.1" 200 1017327996
09:06:22 [DEBUG] Starting new HTTPS connection (1): cp.cloudflare.com:443
09:06:22 [DEBUG] Starting new HTTPS connection (1): www.gstatic.com:443
09:06:22 [DEBUG] https://cp.cloudflare.com:443 "GET / HTTP/1.1" 204 0
09:06:22 [DEBUG] Starting new HTTPS connection (1): www.gstatic.com:443
09:06:23 [INFO]    🎯 89.169.162.214 (Россия) - 8.9Mbps, 567ms UDP✅ Reality [yandex.ru]
09:06:23 [DEBUG] https://www.gstatic.com:443 "GET /generate_204 HTTP/1.1" 204 0
09:06:23 [DEBUG] https://www.google.com:443 "GET /generate_204 HTTP/1.1" 204 0
09:06:23 [DEBUG] Starting new HTTPS connection (1): cp.cloudflare.com:443
09:06:23 [INFO]    🎯 37.139.33.57 (Россия) - 0.3Mbps, 1218ms UDP❌ Reality [m.vk.ru]
09:06:23 [DEBUG] https://www.google.com:443 "GET /generate_204 HTTP/1.1" 204 0
09:06:23 [DEBUG] Starting new HTTPS connection (1): cp.cloudflare.com:443
09:06:23 [DEBUG] Starting new HTTPS connection (1): dl.google.com:443
09:06:24 [DEBUG] https://www.gstatic.com:443 "GET /generate_204 HTTP/1.1" 204 0
09:06:24 [DEBUG] Starting new HTTPS connection (1): dl.google.com:443
09:06:24 [DEBUG] Starting new HTTPS connection (1): www.google.com:443
09:06:24 [DEBUG] https://dl.google.com:443 "GET /dl/android/studio/install/3.4.1.0/android-studio-ide-183.5522156-windows.exe HTTP/1.1" 200 1017327996
09:06:24 [DEBUG] Starting new HTTPS connection (1): www.google.com:443
09:06:25 [DEBUG] https://www.google.com:443 "GET /generate_204 HTTP/1.1" 204 0
09:06:25 [DEBUG] Starting new HTTPS connection (1): cp.cloudflare.com:443
09:06:25 [INFO]    🎯 89.169.162.214 (Россия) - 9.5Mbps, 564ms UDP❌ Reality [yandex.ru]
09:06:25 [INFO]    📊 Whitelist: 70/79 (89%) | ✅64 ❌6
09:06:25 [DEBUG] https://cp.cloudflare.com:443 "GET / HTTP/1.1" 204 0
09:06:25 [DEBUG] Starting new HTTPS connection (1): www.gstatic.com:443
09:06:26 [DEBUG] https://cp.cloudflare.com:443 "GET / HTTP/1.1" 204 0
09:06:26 [DEBUG] Starting new HTTPS connection (1): www.gstatic.com:443
09:06:26 [DEBUG] https://cp.cloudflare.com:443 "GET / HTTP/1.1" 204 0
09:06:26 [DEBUG] Starting new HTTPS connection (1): www.gstatic.com:443
09:06:26 [DEBUG] https://www.gstatic.com:443 "GET /generate_204 HTTP/1.1" 204 0
09:06:27 [DEBUG] Starting new HTTPS connection (1): dl.google.com:443
09:06:27 [DEBUG] https://www.gstatic.com:443 "GET /generate_204 HTTP/1.1" 204 0
09:06:27 [DEBUG] Starting new HTTPS connection (1): dl.google.com:443
09:06:27 [DEBUG] https://www.gstatic.com:443 "GET /generate_204 HTTP/1.1" 204 0
09:06:27 [DEBUG] https://www.google.com:443 "GET /generate_204 HTTP/1.1" 204 0
09:06:27 [DEBUG] Starting new HTTPS connection (1): cp.cloudflare.com:443
09:06:27 [DEBUG] Starting new HTTPS connection (1): dl.google.com:443
09:06:28 [DEBUG] https://www.gstatic.com:443 "GET /generate_204 HTTP/1.1" 204 0
09:06:29 [DEBUG] https://dl.google.com:443 "GET /dl/android/studio/install/3.4.1.0/android-studio-ide-183.5522156-windows.exe HTTP/1.1" 200 1017327996
09:06:29 [DEBUG] Starting new HTTPS connection (1): dl.google.com:443
09:06:29 [DEBUG] https://dl.google.com:443 "GET /dl/android/studio/install/3.4.1.0/android-studio-ide-183.5522156-windows.exe HTTP/1.1" 200 1017327996
09:06:29 [DEBUG] https://cp.cloudflare.com:443 "GET / HTTP/1.1" 204 0
09:06:29 [DEBUG] Starting new HTTPS connection (1): www.gstatic.com:443
09:06:29 [INFO]    🎯 37.139.33.57 (Россия) - 0.0Mbps, 528ms UDP✅ Reality [m.vk.ru]
09:06:30 [DEBUG] Starting new HTTPS connection (1): dl.google.com:443
09:06:30 [DEBUG] https://dl.google.com:443 "GET /dl/android/studio/install/3.4.1.0/android-studio-ide-183.5522156-windows.exe HTTP/1.1" 200 1017327996
09:06:30 [DEBUG] https://dl.google.com:443 "GET /dl/android/studio/install/3.4.1.0/android-studio-ide-183.5522156-windows.exe HTTP/1.1" 200 1017327996
09:06:31 [INFO]    🎯 109.120.188.14 (Россия) - 3.4Mbps, 4028ms UDP❌ Reality [ads.x5.ru]
09:06:31 [INFO]    🎯 87.239.110.251 (Россия) - 3.2Mbps, 1524ms UDP✅ Reality [m.vk.ru]
09:06:32 [INFO]    🎯 84.201.128.76 (Россия) - 4.7Mbps, 2577ms UDP✅ Reality [smartcaptcha.yandexc]
09:06:32 [DEBUG] https://www.gstatic.com:443 "GET /generate_204 HTTP/1.1" 204 0
09:06:33 [DEBUG] https://dl.google.com:443 "GET /dl/android/studio/install/3.4.1.0/android-studio-ide-183.5522156-windows.exe HTTP/1.1" 200 1017327996
09:06:33 [INFO]    🎯 46.243.232.142 (Россия) - 3.9Mbps, 4912ms UDP❌ Reality [sun6-22.userapi.com]
09:06:35 [DEBUG] Starting new HTTPS connection (1): dl.google.com:443
09:06:36 [INFO]    🎯 37.139.33.57 (Россия) - 0.2Mbps, 1909ms UDP❌ Reality [m.vk.ru]
09:06:41 [DEBUG] https://dl.google.com:443 "GET /dl/android/studio/install/3.4.1.0/android-studio-ide-183.5522156-windows.exe HTTP/1.1" 200 1017327996
09:06:47 [INFO]    🎯 37.139.34.145 (Россия) - 0.4Mbps, 1398ms UDP✅ Reality [m.vk.ru]
09:06:47 [INFO]    📊 Whitelist: 77/79 (97%) | ✅71 ❌6
09:07:01 [INFO]    🎯 87.239.110.251 (Россия) - 0.4Mbps, 939ms UDP✅ Reality [m.vk.ru]
09:09:59 [INFO]    🎯 217.16.27.217 (Россия) - 0.1Mbps, 2593ms UDP❌ Reality [ozon.ru]
09:09:59 [INFO] 
✅ Прошли: 69 (47 Reality), 73 WL
09:09:59 [INFO] 
══════════════════════════════════════════════════
09:09:59 [INFO] 🏆 ЭТАП 4: ФИНАЛЬНЫЙ ОТБОР
09:09:59 [INFO] ══════════════════════════════════════════════════
09:09:59 [INFO] 
📊 Пулы после фильтрации:
09:09:59 [INFO]    🎮 GAME (Reality, <150ms): 5
09:09:59 [INFO]    ⚡ UNIVERSAL: 22
09:09:59 [INFO]    🔄 WARP (Reality score≥50): 30
09:09:59 [INFO]    ⚪ WHITELIST: 73
09:09:59 [INFO] 
🎮 Выбор GAME серверов (Reality only!)...
09:09:59 [INFO]    GAME-1: 57.129.53.182 (Германия) - 33ms, 53.6Mbps, Reality✅
09:09:59 [INFO]    GAME-2: 89.169.55.246 (Германия) - 60ms, 64.4Mbps, Reality✅
09:09:59 [INFO] 
⚡ Выбор UNIVERSAL серверов (приоритет Reality)...
09:09:59 [INFO]    UNIVERSAL-1: 144.31.2.86 (Польша) - 39.4Mbps Reality✅
09:09:59 [INFO]    UNIVERSAL-2: 91.84.109.124 (Нидерланды) - 36.0Mbps Reality✅
09:09:59 [INFO]    UNIVERSAL-3: 144.31.2.154 (Польша) - 34.5Mbps Reality✅
09:09:59 [INFO] 
🔄 Выбор WARP серверов (Reality с высоким score)...
09:09:59 [INFO]    WARP-1: 91.84.113.47 (Нидерланды) - score=100
09:09:59 [INFO]    WARP-2: jp-gy2.xem.lat (XX) - score=100
09:09:59 [INFO] 
⚪ Выбор WHITELIST серверов...
09:09:59 [INFO]    WHITELIST-1: 51.250.16.92 - 21.3Mbps
09:09:59 [INFO]    WHITELIST-2: 51.250.32.69 - 20.6Mbps
09:09:59 [INFO] 
✅ Итого: 9 серверов
09:09:59 [INFO] 📦 Резерв: 30 серверов
09:09:59 [INFO] 🛡️ Reality в финале: 9/9
09:09:59 [INFO] 🏆 THE FINAL 9 (Russia-Proof):
09:09:59 [INFO] 💾 Подписка: FL1PVPN (9 серверов)
09:09:59 [INFO] ✅ ГОТОВО за 563.6 сек
09:09:59 [INFO] 🛡️ Reality в финале: 9/9
